Potential V vs RHE, Current mA cm-2
0.013299999999999867,-0.001002181484824392
0.012299999999999978,-0.002383788540272587
0.011299999999999866,-0.0035141428688647506
0.010299999999999976,-0.0041564217990034775
0.009299999999999864,-0.004924610034830193
0.008299999999999974,-0.005650356931660956
0.007299999999999862,-0.005510300512974318
0.006299999999999972,-0.0063619567154930695
0.00529999999999986,-0.006683096180562433
0.0042999999999999705,-0.0066406548415664825
0.0032999999999998586,-0.007199465805013172
0.0022999999999999687,-0.007227760031010472
0.0012999999999998568,-0.0075616318977786215
0.00029999999999996696,-0.007882771362847985
-0.000700000000000145,-0.008175616601920047
-0.0017000000000000348,-0.008441582326294673
-0.0027000000000001467,-0.008484023665290623
-0.0037000000000000366,-0.008803748419060124
-0.0047000000000001485,-0.009041419917437449
-0.005700000000000038,-0.009222502963820173
-0.00670000000000015,-0.009488468688194801
-0.00770000000000004,-0.009683698847576177
-0.008700000000000152,-0.009600230880884138
-0.009700000000000042,-0.009948249860650939
-0.010700000000000154,-0.010311830664716254
-0.011700000000000044,-0.010311830664716254
-0.012700000000000156,-0.010563649276092229
-0.013700000000000045,-0.010590528790789665
-0.014700000000000157,-0.010925815368857679
-0.015700000000000047,-0.011080018900542965
-0.01670000000000016,-0.01133042280061908
-0.01770000000000005,-0.01133042280061908
-0.01870000000000016,-0.01133042280061908
-0.01970000000000005,-0.011637415152689791
-0.020700000000000163,-0.012167931890139181
-0.021700000000000053,-0.01177747157137643
-0.022700000000000164,-0.012000995956755106
-0.023700000000000054,-0.012377309162519206
-0.024700000000000166,-0.012419750501515156
-0.025700000000000056,-0.012767769481281955
-0.026700000000000168,-0.01274088996658452
-0.027700000000000058,-0.012781916594280606
-0.02870000000000017,-0.012950267238964546
-0.02970000000000006,-0.01325725959103526
-0.03070000000000017,-0.013354874670725946
-0.03170000000000006,-0.013759482102487347
-0.03270000000000017,-0.01355010483010732
-0.03370000000000006,-0.013800508730183434
-0.034700000000000175,-0.013857097182178034
-0.035700000000000065,-0.014175407224647668
-0.03670000000000018,-0.01424614278964092
-0.03770000000000007,-0.014684703292599082
-0.03870000000000018,-0.014387613919627423
-0.03970000000000007,-0.014458349484620674
-0.04070000000000018,-0.014882762874580187
-0.04170000000000007,-0.014840321535584235
-0.04270000000000018,-0.014925204213576137
-0.04370000000000007,-0.01503838111756534
-0.044700000000000184,-0.015321323377538347
-0.045700000000000074,-0.015533530072518101
-0.046700000000000186,-0.015335470490536997
-0.047700000000000076,-0.015604265637511355
-0.04870000000000019,-0.01578817810649381
-0.04970000000000008,-0.01608526747946547
-0.05070000000000019,-0.01618429727045602
-0.05170000000000008,-0.016368209739438477
-0.05270000000000019,-0.01611356170546277
-0.05370000000000008,-0.016354062626439823
-0.05470000000000019,-0.01619844438345467
-0.05570000000000008,-0.01673603467740338
-0.056700000000000195,-0.017047271163373692
-0.057700000000000085,-0.016778476016399334
-0.058700000000000196,-0.016962388485381792
-0.059700000000000086,-0.01699068271137909
-0.0607000000000002,-0.017146300954364244
-0.06170000000000009,-0.0174150961013386
-0.0627000000000002,-0.01748583166633185
-0.06370000000000009,-0.01776877392630486
-0.0647000000000002,-0.017797068152302163
-0.06570000000000009,-0.018278069994256275
-0.0667000000000002,-0.017952686395287316
-0.0677000000000001,-0.018405394011244126
-0.0687000000000002,-0.01847612957623738
-0.0697000000000001,-0.018433688237241428
-0.07070000000000021,-0.018886395853198238
-0.0717000000000001,-0.018575159367227933
-0.07270000000000021,-0.018843954514202284
-0.0737000000000001,-0.019098602548177995
-0.07470000000000021,-0.019310809243157753
-0.0757000000000001,-0.0193249563561564
-0.07670000000000021,-0.019438133260145606
-0.0777000000000001,-0.01959375150313076
-0.07870000000000021,-0.019933282215098366
-0.0797000000000001,-0.019749369746115915
-0.08070000000000022,-0.02000401778009162
-0.0817000000000001,-0.020371842718056525
-0.08270000000000022,-0.02008890045808352
-0.08370000000000011,-0.02052746096104168
-0.08470000000000022,-0.02041428405705248
-0.08570000000000011,-0.020725520543022787
-0.08670000000000022,-0.020810403221014687
-0.08770000000000011,-0.021050904141991744
-0.08870000000000022,-0.021065051254990398
-0.08970000000000011,-0.02124896372397285
-0.09070000000000022,-0.021135786819983647
-0.09170000000000011,-0.021093345480987697
-0.09270000000000023,-0.021404581966958002
-0.09370000000000012,-0.02158849443594046
-0.09470000000000023,-0.021744112678925617
-0.09570000000000012,-0.022140231842887825
-0.09670000000000023,-0.022126084729889174
-0.09770000000000012,-0.022154378955886473
-0.09870000000000023,-0.022366585650866227
-0.09970000000000012,-0.022522203893851383
-0.10070000000000023,-0.022833440379821688
-0.10170000000000012,-0.022592939458844635
-0.10270000000000024,-0.022989058622806844
-0.10370000000000013,-0.023116382639794698
-0.10470000000000024,-0.023215412430785252
-0.10570000000000013,-0.02338517778676906
-0.10670000000000024,-0.023611531594747465
-0.10770000000000013,-0.02355494314275286
-0.10870000000000024,-0.023668120046742062
-0.10970000000000013,-0.02359738448174881
-0.11070000000000024,-0.023965209419713723
-0.11170000000000013,-0.02429059301868268
-0.11270000000000002,-0.02424815167968673
-0.11370000000000013,-0.02447450548766513
-0.11470000000000002,-0.02465841795664759
-0.11570000000000014,-0.024842330425630044
-0.11670000000000003,-0.024771594860636792
-0.11770000000000014,-0.025181861137597652
-0.11870000000000003,-0.02515356691160035
-0.11970000000000014,-0.025280890928588207
-0.12070000000000003,-0.025422362058574708
-0.12170000000000014,-0.02562042164055581
-0.12270000000000003,-0.02543650917157336
-0.12370000000000014,-0.02573359854454502
-0.12470000000000003,-0.025889216787530173
-0.12570000000000014,-0.02649754264647214
-0.12670000000000003,-0.02627118883849373
-0.12770000000000015,-0.02628533595149238
-0.12870000000000004,-0.02659657243746269
-0.12970000000000015,-0.026539983985468085
-0.13070000000000004,-0.026907808923433
-0.13170000000000015,-0.026893661810434347
-0.13270000000000004,-0.026808779132442447
-0.13370000000000015,-0.027219045409403307
-0.13470000000000004,-0.027473693443379014
-0.13570000000000015,-0.027544429008372267
-0.13670000000000004,-0.027530281895373616
-0.13770000000000016,-0.027813224155346622
-0.13870000000000005,-0.027601017460366868
-0.13970000000000016,-0.027898106833338522
-0.14070000000000005,-0.02815275486731423
-0.14170000000000016,-0.02850643269228049
-0.14270000000000005,-0.028463991353284535
-0.14370000000000016,-0.02860546248327104
-0.14470000000000005,-0.028534726918277787
-0.14570000000000016,-0.0289591403082373
-0.14670000000000005,-0.02888840474324405
-0.14770000000000016,-0.029157199890218404
-0.14870000000000005,-0.029751378636161722
-0.14970000000000017,-0.029298671020204912
-0.15070000000000006,-0.02968064307116847
-0.15170000000000017,-0.029765525749160374
-0.15270000000000006,-0.029921143992145526
-0.15370000000000017,-0.030373851608102336
-0.15470000000000006,-0.030232380478115835
-0.15570000000000017,-0.030571911190083446
-0.15670000000000006,-0.030359704495103685
-0.15770000000000017,-0.030713382320069947
-0.15870000000000006,-0.030897294789052406
-0.15970000000000018,-0.0308690005630551
-0.16070000000000007,-0.031095354371033508
-0.16170000000000018,-0.03129341395301461
-0.16270000000000007,-0.03157635621298762
-0.16370000000000018,-0.03174612156897143
-0.16470000000000007,-0.03198662248994848
-0.16570000000000018,-0.03219882918492823
-0.16670000000000007,-0.032085652280939035
-0.16770000000000018,-0.032014916715945786
-0.16870000000000007,-0.0326656839138837
-0.16970000000000018,-0.03229785897591879
-0.17070000000000007,-0.03243933010590529
-0.17170000000000019,-0.03258080123589179
-0.17270000000000008,-0.03239688876690934
-0.1737000000000002,-0.033090097303843206
-0.17470000000000008,-0.033104244416841865
-0.1757000000000002,-0.032976920399854
-0.17670000000000008,-0.03342962801581082
-0.1777000000000002,-0.03367012893678788
-0.17870000000000008,-0.03378330584077707
-0.1797000000000002,-0.03403795387475279
-0.18070000000000008,-0.03425016056973254
-0.1817000000000002,-0.03393892408376223
-0.18270000000000008,-0.034009659648755484
-0.1837000000000002,-0.03509898734965156
-0.1847000000000001,-0.0348301922026772
-0.1857000000000002,-0.0350565460106556
-0.1867000000000001,-0.035297046931632665
-0.1877000000000002,-0.03514142868864751
-0.1887000000000001,-0.03549510651361377
-0.1897000000000002,-0.035679018982596226
-0.1907000000000001,-0.03524045847963807
-0.1917000000000001,-0.03614587371155169
-0.19269999999999998,-0.03642881597152469
-0.1937000000000001,-0.03617416793754899
-0.19469999999999998,-0.03644296308452335
-0.1957000000000001,-0.03675419957049365
-0.19669999999999999,-0.03695225915247476
-0.1977000000000001,-0.03638637463252875
-0.1987,-0.03709373028246127
-0.1997000000000001,-0.03664102266650445
-0.2007,-0.036839082248485554
-0.2017000000000001,-0.03713617162145721
-0.2027,-0.03765961480240728
-0.2037000000000001,-0.038635765599314156
-0.2047,-0.0383103820003452
-0.2057000000000001,-0.03839526467833709
-0.2067,-0.038494294469327645
-0.2077000000000001,-0.03901773765027772
-0.2087,-0.03894700208528446
-0.2097000000000001,-0.039046031876275006
-0.2107,-0.039074326102272315
-0.2117000000000001,-0.038522588695324954
-0.2127,-0.03948459237923317
-0.2137000000000001,-0.03988071154319539
-0.2147,-0.039527033718229125
-0.2157000000000001,-0.039682651961214274
-0.2167,-0.03992315288219133
-0.21770000000000012,-0.04129542284306042
-0.2187,-0.040545625854131954
-0.21970000000000012,-0.04057392008012925
-0.2207,-0.040899303679098206
-0.22170000000000012,-0.041465188199044226
-0.2227,-0.041550070877036126
-0.22370000000000012,-0.04196033715399699
-0.2247,-0.04129542284306042
-0.22570000000000012,-0.041578365103033435
-0.2267,-0.04196033715399699
-0.22770000000000012,-0.042016925605991594
-0.22870000000000001,-0.0423847505439565
-0.22970000000000013,-0.04379946184382154
-0.23070000000000002,-0.04370043205283098
-0.23170000000000013,-0.042639398577932204
-0.23270000000000002,-0.043912638747810734
-0.23370000000000013,-0.04290819372490656
-0.23470000000000002,-0.04330431288886877
-0.23570000000000013,-0.044775612640728414
-0.23670000000000002,-0.04381360895682019
-0.2376999999999999,-0.04454925883275
-0.23870000000000002,-0.04508684912669872
-0.2396999999999999,-0.044492670380755404
-0.24070000000000003,-0.04480390686672571
-0.24169999999999991,-0.045242467369683875
-0.24270000000000003,-0.045115143352696015
-0.24369999999999992,-0.04594982301961639
-0.24470000000000003,-0.04586494034162449
-0.24569999999999992,-0.04597811724561369
-0.24670000000000003,-0.04592152879361909
-0.24769999999999992,-0.04582249900262853
-0.24870000000000003,-0.046529854652561056
-0.24969999999999992,-0.04706744494650977
-0.25070000000000003,-0.04719476896349762
-0.2516999999999999,-0.047251357415492225
-0.25270000000000004,-0.047520152562466576
-0.2536999999999999,-0.047265504528490876
-0.25470000000000004,-0.04746356411047198
-0.2556999999999999,-0.04787383038743284
-0.25670000000000004,-0.04784553616143554
-0.25769999999999993,-0.04794456595242609
-0.25870000000000004,-0.04877924561934646
-0.25969999999999993,-0.049203659009305976
-0.26070000000000004,-0.04941586570428573
-0.26169999999999993,-0.049274394574299225
-0.26270000000000004,-0.04961392528626684
-0.26369999999999993,-0.049840279094245245
-0.26470000000000005,-0.05057592897017506
-0.26569999999999994,-0.049571483947270886
-0.26670000000000005,-0.049911014659238494
-0.26769999999999994,-0.05023639825820745
-0.26870000000000005,-0.050590076083173716
-0.26969999999999994,-0.051410608637095435
-0.27070000000000005,-0.0521038171740293
-0.27169999999999994,-0.051481344202088684
-0.27270000000000005,-0.053334616004911885
-0.27369999999999994,-0.05281117282396182
-0.27470000000000006,-0.05200478738303874
-0.27569999999999995,-0.052782878597964523
-0.27670000000000006,-0.05299508529294428
-0.27769999999999995,-0.05291020261495238
-0.27870000000000006,-0.05286776127595642
-0.27969999999999995,-0.05375902939487139
-0.28070000000000006,-0.05429661968882011
-0.28169999999999995,-0.05382976495986465
-0.28270000000000006,-0.053858059185861944
-0.28369999999999995,-0.05469273885278232
-0.28470000000000006,-0.05472103307877962
-0.28569999999999995,-0.05531521182472293
-0.28670000000000007,-0.05532935893772159
-0.28769999999999996,-0.05545668295470944
-0.28870000000000007,-0.05605086170065276
-0.28969999999999996,-0.056248921282633854
-0.29070000000000007,-0.056022567474655456
-0.29169999999999996,-0.056446980864614964
-0.29270000000000007,-0.05708360094955423
-0.29369999999999996,-0.057394837435524544
-0.2947000000000001,-0.05862563626640712
-0.29569999999999996,-0.05766363258249889
-0.2967000000000001,-0.05793242772947325
-0.29769999999999996,-0.05828610555443951
-0.2987000000000001,-0.058215369989446264
-0.29969999999999997,-0.058851990074385525
-0.3007000000000001,-0.05902175543036933
-0.30169999999999997,-0.05886613718738417
-0.3027000000000001,-0.05961593417631265
-0.30369999999999997,-0.060252554261251916
-0.3047000000000001,-0.060252554261251916
-0.30569999999999997,-0.060422319617235716
-0.3067000000000001,-0.06049305518222897
-0.3077,-0.06098820413718173
-0.3087000000000001,-0.061907766482094014
-0.3097,-0.06161067710912234
-0.3107000000000001,-0.061907766482094014
-0.3117,-0.06360542004193205
-0.3127000000000001,-0.06257268079303058
-0.3137,-0.06240291543704677
-0.3147000000000001,-0.06268585769701977
-0.3157,-0.0629970941829901
-0.3167000000000001,-0.06394495075389965
-0.3177,-0.06438351125685782
-0.3187000000000001,-0.06444009970885242
-0.3197,-0.06463815929083352
-0.3207000000000001,-0.06496354288980248
-0.3217,-0.06588310523471475
-0.3227000000000001,-0.06634995996367023
-0.3237,-0.06626507728567832
-0.3247000000000001,-0.06714219829159464
-0.3257,-0.06718463963059058
-0.3267000000000001,-0.06715634540459328
-0.3277,-0.06762320013354876
-0.3287000000000001,-0.06801931929751097
-0.3297,-0.06818908465349477
-0.3307000000000001,-0.06852861536546237
-0.3317,-0.06946232482337329
-0.3327000000000001,-0.06961794306635845
-0.3337,-0.06981600264833956
-0.3347000000000001,-0.07016968047330582
-0.3357,-0.07041018139428289
-0.3367000000000001,-0.07084874189724104
-0.3377,-0.07209368784112226
-0.3387000000000001,-0.07233418876209932
-0.3397,-0.07273030792606154
-0.3407000000000001,-0.07306983863802914
-0.3417,-0.0735083991409873
-0.3427000000000001,-0.07413087211292792
-0.3437,-0.07461187395488203
-0.3447000000000001,-0.07454113838988878
-0.3457,-0.07417331345192386
-0.3467000000000001,-0.07500799311884425
-0.3477,-0.07526264115281994
-0.3487000000000001,-0.0752767882658186
-0.3497,-0.07618220349773222
-0.3507000000000001,-0.0767622351306769
-0.3517,-0.07742714944161345
-0.3527000000000001,-0.07768179747558916
-0.3537,-0.07854477136850684
-0.3547000000000001,-0.07867209538549469
-0.3557,-0.07899747898446366
-0.35670000000000013,-0.07960580484340561
-0.3577,-0.08024242492834488
-0.35870000000000013,-0.08048292584932194
-0.3597,-0.08107710459526525
-0.36070000000000013,-0.08144492953323015
-0.3617,-0.08188349003618833
-0.3626999999999999,-0.08230790342614784
-0.3637,-0.08304355330207766
-0.3646999999999999,-0.08336893690104662
-0.3657,-0.08416117522897103
-0.3666999999999999,-0.08484023665290626
-0.3677,-0.08544856251184822
-0.3686999999999999,-0.08568906343282526
-0.36970000000000003,-0.08655203732574294
-0.3706999999999999,-0.08669350845572944
-0.37170000000000003,-0.0870188920546984
-0.3726999999999999,-0.08731598142767007
-0.37370000000000003,-0.08724524586267682
-0.3746999999999999,-0.08816480820758908
-0.37570000000000003,-0.08902778210050676
-0.3766999999999999,-0.08929657724748112
-0.37770000000000004,-0.08986246176742714
-0.3786999999999999,-0.09014540402740015
-0.37970000000000004,-0.0903576107223799
-0.3806999999999999,-0.09110740771130836
-0.38170000000000004,-0.09204111716921928
-0.38269999999999993,-0.09273432570615316
-0.38370000000000004,-0.09317288620911131
-0.38469999999999993,-0.09349826980808028
-0.38570000000000004,-0.09402171298903034
-0.38669999999999993,-0.0945451561699804
-0.38770000000000004,-0.09478565709095746
-0.38869999999999993,-0.09547886562789133
-0.38970000000000005,-0.09566277809687378
-0.39069999999999994,-0.09573351366186703
-0.39170000000000005,-0.0960871914868333
-0.39269999999999994,-0.09686528270175906
-0.39370000000000005,-0.09727554897871993
-0.39469999999999994,-0.09803949308064704
-0.39570000000000005,-0.0986761131655863
-0.39669999999999994,-0.09927029191152963
-0.39770000000000005,-0.09945420438051207
-0.39869999999999994,-0.10011911869144864
-0.39970000000000006,-0.10137821174832852
-0.40069999999999995,-0.10174603668629344
-0.40170000000000006,-0.10211386162425835
-0.40269999999999995,-0.10311830664716252
-0.40370000000000006,-0.10524037359696008
-0.40469999999999995,-0.10454716506002622
-0.40570000000000006,-0.10463204773801811
-0.40669999999999995,-0.10538184472694657
-0.40770000000000006,-0.1061457888288737
-0.40869999999999995,-0.10747561745074685
-0.40970000000000006,-0.10859323937764022
-0.41069999999999995,-0.10896106431560514
-0.41170000000000007,-0.1101918631464877
-0.41269999999999996,-0.11129533796038243
-0.41370000000000007,-0.1117621926893379
-0.41469999999999996,-0.11225734164429065
-0.41570000000000007,-0.1131627568762043
-0.41669999999999996,-0.11439355570708687
-0.41770000000000007,-0.1150726171310221
-0.41869999999999996,-0.11614779771891949
-0.4197000000000001,-0.11705321295083315
-0.42069999999999996,-0.11776056860076566
-0.4217000000000001,-0.11822742332972111
-0.42269999999999996,-0.11846792425069817
-0.4237000000000001,-0.11954310483859559
-0.42469999999999997,-0.12092952191246334
-0.4257000000000001,-0.121509553545408
-0.42669999999999997,-0.12275449948928924
-0.4277000000000001,-0.12334867823523256
-0.42869999999999997,-0.12448044727512457
-0.4297000000000001,-0.12463606551810973
-0.43069999999999997,-0.1272674285358587
-0.4317000000000001,-0.1280030784117885
-0.4327,-0.12854066870573724
-0.4337000000000001,-0.12913484745168055
-0.4347,-0.12987049732761038
-0.4357000000000001,-0.13101641348050105
-0.4367,-0.13240283055436877
-0.4377000000000001,-0.13335068712527834
-0.4387,-0.13419951390519738
-0.4397000000000001,-0.13548690118807455
-0.4407,-0.1369864951659315
-0.4417000000000001,-0.13784946905884918
-0.4427,-0.13899538521173985
-0.4437000000000001,-0.13985835910465752
-0.4447,-0.1399432417826494
-0.4457000000000001,-0.1407496272235725
-0.4467,-0.1426028990263957
-0.4477000000000001,-0.14302731241635522
-0.4487,-0.1435931969363012
-0.4497000000000001,-0.14458349484620675
-0.4507,-0.14571526388609876
-0.4517000000000001,-0.14712997518596382
-0.4527,-0.14812027309586934
-0.4537000000000001,-0.14939351326574787
-0.4547,-0.1503838111756534
-0.4557000000000001,-0.15236440699546444
-0.4567,-0.15278882038542396
-0.4577000000000001,-0.154203531685289
-0.4587,-0.155335300725181
-0.4597000000000001,-0.15675001202504607
-0.4607,-0.15689148315503257
-0.4617000000000001,-0.15759883880496509
-0.4627,-0.15943796349478964
-0.4637000000000001,-0.16056973253468165
-0.4647,-0.16141855931460067
-0.4657000000000001,-0.16325768400442522
-0.4667,-0.16424798191433077
-0.4677000000000001,-0.16467239530429026
-0.4687,-0.1655212220842093
-0.4697000000000001,-0.1669359333840743
-0.4707,-0.16835064468393937
-0.4717000000000001,-0.16990682711379093
-0.4727,-0.17259477858353447
-0.4737000000000001,-0.173019191973494
-0.4747,-0.17358507649344
-0.4757000000000001,-0.173868018753413
-0.4767,-0.17514125892329155
-0.4777000000000001,-0.17655597022315658
-0.4787,-0.17782921039303512
-0.4797000000000001,-0.1782536237829946
-0.4807,-0.17980980621284617
-0.48170000000000013,-0.1808001041227517
-0.4827,-0.18263922881257624
-0.48370000000000013,-0.18391246898245475
-0.4847,-0.18532718028231981
-0.48570000000000013,-0.18702483384215784
-0.4867,-0.18843954514202288
-0.4876999999999999,-0.19013719870186094
-0.4887,-0.19268367904161798
-0.4896999999999999,-0.193532505821537
-0.4907,-0.19579604390132105
-0.4916999999999999,-0.1976351685911456
-0.4927,-0.20018164893090268
-0.4936999999999999,-0.20131341797079472
-0.49470000000000003,-0.20272812927065975
-0.4956999999999999,-0.2038598983105518
-0.49670000000000003,-0.20555755187038985
-0.4976999999999999,-0.2079625610801604
-0.49870000000000003,-0.20838697447011992
-0.4996999999999999,-0.21036757028993097
-0.5007,-0.21121639706985
-0.5016999999999999,-0.21333846401964754
-0.5027,-0.2153190598394586
-0.5036999999999999,-0.21758259791924262
-0.5047,-0.2202705493889862
-0.5056999999999999,-0.22225114520879727
-0.5067,-0.2242317410286083
-0.5076999999999999,-0.22465615441856782
-0.5087,-0.22776851927827088
-0.5096999999999999,-0.23158823978790652
-0.5107,-0.23413472012766354
-0.5116999999999999,-0.23328589334774452
-0.5127,-0.23484207577759608
-0.5136999999999999,-0.23738855611735316
-0.5147,-0.24035944984706975
-0.5156999999999999,-0.2429059301868268
-0.5167,-0.24545241052658387
-0.5176999999999999,-0.2477159486063679
-0.5187,-0.24983801555616547
-0.5196999999999999,-0.25394067832577405
-0.5207,-0.2562042164055581
-0.5216999999999999,-0.25959952352523424
-0.5227,-0.2620045327350048
-0.5236999999999999,-0.26582425324464043
-0.5247,-0.2689366181043435
-0.5257,-0.27204898296404656
-0.5267000000000001,-0.27501987669376315
-0.5277,-0.2777078281635067
-0.5287000000000001,-0.2799713662432907
-0.5297,-0.2842155001428859
-0.5307000000000001,-0.28761080726256194
-0.5317,-0.2914305277721975
-0.5327000000000001,-0.2956746616717927
-0.5337,-0.29949438218142826
-0.5347000000000001,-0.3033141026910639
-0.5357,-0.30784117885063195
-0.5367000000000001,-0.3119438416202406
-0.5377,-0.31576356212987616
-0.5387000000000001,-0.3194418115095253
-0.5397,-0.32411035879907985
-0.5407000000000001,-0.32849596382866153
-0.5417,-0.33259862659827016
-0.5427000000000001,-0.33726717388782473
-0.5437,-0.34122836552744684
-0.5447000000000001,-0.3458969128170015
-0.5457,-0.3511313446265021
-0.5467000000000001,-0.35551694965608377
-0.5477,-0.36075138146558433
-0.5487000000000001,-0.3675419957049365
-0.5497,-0.3757473212441537
-0.5507000000000001,-0.3818305798335734
-0.5517,-0.38763089616302
-0.5527000000000001,-0.39343121249246665
-0.5537,-0.3985241731719808
-0.5547000000000001,-0.4031927204615355
-0.5557,-0.40955892131092814
-0.5567000000000001,-0.4162080644202938
-0.5577,-0.42271573639967297
-0.5587000000000001,-0.42978929289899814
-0.5597,-0.4378531473082289
-0.5607000000000001,-0.4459170017174596
-0.5617,-0.4536979138667173
-0.5627000000000001,-0.4600641147161099
-0.5637,-0.46954268042520564
-0.5647000000000001,-0.4787383038743284
-0.5657,-0.4868021582835591
-0.5667000000000001,-0.4957148394727089
-0.5677,-0.503071338232007
-0.5687000000000001,-0.5122669616811297
-0.5697,-0.5221699407801851
-0.5707000000000001,-0.5322143910092269
-0.5717,-0.5429661968882011
-0.5727000000000001,-0.5558400697169729
-0.5737,-0.5687139425457448
-0.5747000000000001,-0.5811634019845571
-0.5757,-0.5929055057734368
-0.5767000000000001,-0.6050720229522761
-0.5777,-0.618228838041021
-0.5787000000000001,-0.6303953552198603
-0.5797,-0.6428448146586726
-0.5807000000000001,-0.6561431008774039
-0.5817,-0.6714219829159465
-0.5827000000000001,-0.6867008649544888
-0.5837,-0.7022626892530042
-0.5847000000000001,-0.717683042421533
-0.5857,-0.7342351646299541
-0.5867000000000001,-0.7280104349105478
-0.5857,-0.7186733403314387
-0.5847000000000001,-0.7107509570521945
-0.5837,-0.7014138624730852
-0.5827000000000001,-0.6933500080638545
-0.5817,-0.6835885000947858
-0.5807000000000001,-0.6751002322955955
-0.5797,-0.6678852046662839
-0.5787000000000001,-0.659255465737107
-0.5777,-0.6496354288980248
-0.5767000000000001,-0.6402983343189155
-0.5757,-0.6311027108697929
-0.5747000000000001,-0.6221900296806432
-0.5737,-0.6128529351015338
-0.5727000000000001,-0.6053549652122492
-0.5717,-0.5958763995031535
-0.5707000000000001,-0.5861148915340847
-0.5697,-0.577485152604908
-0.5687000000000001,-0.5680065868958123
-0.5677,-0.5596597902266085
-0.5667000000000001,-0.5518788780773508
-0.5657,-0.5433906102781606
-0.5647000000000001,-0.5349023424789704
-0.5637,-0.5269799591997262
-0.5627000000000001,-0.5197649315704145
-0.5617,-0.5118425482911703
-0.5607000000000001,-0.504486049531872
-0.5597,-0.4968466085126009
-0.5587000000000001,-0.48878275410337013
-0.5577,-0.4815677264740585
-0.5567000000000001,-0.47435269884474673
-0.5557,-0.46699620008544857
-0.5547000000000001,-0.4583664611562719
-0.5537,-0.4521417314368657
-0.5527000000000001,-0.4469072996273651
-0.5517,-0.4412484544279049
-0.5507000000000001,-0.4371457916582963
-0.5497,-0.4296478217690116
-0.5487000000000001,-0.423564563179592
-0.5477,-0.41054921922083365
-0.5467000000000001,-0.404183018371441
-0.5457,-0.3988071154319538
-0.5447000000000001,-0.3937141547524397
-0.5437,-0.3884797229429391
-0.5427000000000001,-0.38168910870358685
-0.5417,-0.37489849446423473
-0.5407000000000001,-0.36909817813478807
-0.5397,-0.3625905061554089
-0.5387000000000001,-0.3580634299958408
-0.5377,-0.35183870027643466
-0.5367000000000001,-0.3461798550769745
-0.5357,-0.34066248100750085
-0.5347000000000001,-0.3354280491980002
-0.5337,-0.3311839152984051
-0.5327000000000001,-0.3259494834889044
-0.5317,-0.3208565228093903
-0.5307000000000001,-0.31802710020966024
-0.5297,-0.31406590857003813
-0.5287000000000001,-0.3093973612804835
-0.5277,-0.30487028512091535
-0.5267000000000001,-0.30034320896134725
-0.5257,-0.2959576039317657
-0.5247,-0.29044022986229207
-0.5236999999999999,-0.28605462483271044
-0.5227,-0.2813860775431558
-0.5216999999999999,-0.27530281895373615
-0.5207,-0.2706342716641816
-0.5196999999999999,-0.2686536758443705
-0.5187,-0.2652583687246944
-0.5176999999999999,-0.2608727636951128
-0.5167,-0.25535538962563914
-0.5156999999999999,-0.2521015536359495
-0.5147,-0.24799889086634092
-0.5136999999999999,-0.24474505487665132
-0.5127,-0.2420571034069078
-0.5116999999999999,-0.23795444063729917
-0.5107,-0.23314442221775805
-0.5096999999999999,-0.22989058622806843
-0.5087,-0.22550498119848683
-0.5076999999999999,-0.22210967407881074
-0.5067,-0.2195631937390537
-0.5056999999999999,-0.21687524226931013
-0.5047,-0.21347993514963404
-0.5036999999999999,-0.2119237527197825
-0.5027,-0.2076796188201874
-0.5016999999999999,-0.20527460961041682
-0.5007,-0.20173783136075424
-0.4996999999999999,-0.19919135102099716
-0.49870000000000003,-0.19607898616129407
-0.4976999999999999,-0.19381544808151
-0.49670000000000003,-0.19126896774175295
-0.4956999999999999,-0.18843954514202288
-0.49470000000000003,-0.1857515936722793
-0.4936999999999999,-0.18306364220253574
-0.4927,-0.18094157525273818
-0.4916999999999999,-0.17782921039303512
-0.4907,-0.17542420118326454
-0.4896999999999999,-0.17217036519357498
-0.4887,-0.1693409425938449
-0.4876999999999999,-0.16637004886412832
-0.4867,-0.16354062626439822
-0.48570000000000013,-0.16113561705462764
-0.4847,-0.15929649236480314
-0.48370000000000013,-0.15731589654499206
-0.4827,-0.15604265637511353
-0.48170000000000013,-0.15335470490536995
-0.4807,-0.1513741090855589
-0.4797000000000001,-0.14868615761581536
-0.4787,-0.14712997518596382
-0.4777000000000001,-0.14529085049613927
-0.4767,-0.14316878354634172
-0.4757000000000001,-0.14175407224647668
-0.4747,-0.13947638705369397
-0.4737000000000001,-0.13779288060685457
-0.4727,-0.13562837231806107
-0.4717000000000001,-0.13405804277521088
-0.4707,-0.1315398566614511
-0.4697000000000001,-0.12961584929363465
-0.4687,-0.1280879610897804
-0.4677000000000001,-0.1260790710439721
-0.4667,-0.12477753664809622
-0.4657000000000001,-0.12361747338220691
-0.4647,-0.12090122768646602
-0.4637000000000001,-0.11988263555056322
-0.4627,-0.11862354249368333
-0.4617000000000001,-0.11645903420488982
-0.4607,-0.11505847001802343
-0.4597000000000001,-0.11340325779718134
-0.4587,-0.11132363218637975
-0.4577000000000001,-0.11077189477943236
-0.4567,-0.10843762113465506
-0.4557000000000001,-0.10770197125872524
-0.4547,-0.10538184472694657
-0.4537000000000001,-0.10453301794702756
-0.4527,-0.10333051334214227
-0.4517000000000001,-0.10225533275424485
-0.4507,-0.10113771082735147
-0.4497000000000001,-0.09989276488347024
-0.4487,-0.09832243534062005
-0.4477000000000001,-0.09689357692775637
-0.4467,-0.09547886562789133
-0.4457000000000001,-0.09451686194398311
-0.4447,-0.09262114880216396
-0.4437000000000001,-0.09187135181323548
-0.4427,-0.08974928486343793
-0.4417000000000001,-0.0886741042755405
-0.4407,-0.08771210059163227
-0.4397000000000001,-0.08666521422973215
-0.4387,-0.08556173941583743
-0.4377000000000001,-0.08465632418392378
-0.4367,-0.08349626091803447
-0.4357000000000001,-0.08290208217209115
-0.4347,-0.08239278610413973
-0.4337000000000001,-0.08160054777621531
-0.4327,-0.0793228625834326
-0.4317000000000001,-0.07874283095048794
-0.43069999999999997,-0.07796473973556219
-0.4297000000000001,-0.07711591295564316
-0.42869999999999997,-0.07599829102874978
-0.4277000000000001,-0.07499384600584559
-0.42669999999999997,-0.07380548851395898
-0.4257000000000001,-0.07263127813507098
-0.42469999999999997,-0.07175415712915466
-0.4237000000000001,-0.07080630055824509
-0.42269999999999996,-0.06949061904937061
-0.4217000000000001,-0.06878326339943809
-0.42069999999999996,-0.06753831745555686
-0.4197000000000001,-0.06670363778863649
-0.41869999999999996,-0.06557186874874445
-0.41770000000000007,-0.06411471610988345
-0.41669999999999996,-0.06380347962391315
-0.41570000000000007,-0.0631102710869793
-0.41469999999999996,-0.06237462121104946
-0.41370000000000007,-0.06094576279818578
-0.41269999999999996,-0.05984228798429105
-0.41170000000000007,-0.05920566789935178
-0.41069999999999995,-0.05912078522135989
-0.40970000000000006,-0.058922725639378774
-0.40869999999999995,-0.05677236446358393
-0.40770000000000006,-0.05588109634466895
-0.40669999999999995,-0.05531521182472293
-0.40570000000000006,-0.05428247257582146
-0.40469999999999995,-0.05398538320284981
-0.40370000000000006,-0.05319314487492538
-0.40269999999999995,-0.05235846520800501
-0.40170000000000006,-0.051665256671071136
-0.40069999999999995,-0.05125499039411028
-0.39970000000000006,-0.0502222511452088
-0.39869999999999994,-0.05023639825820745
-0.39770000000000005,-0.049189511896307325
-0.39669999999999994,-0.048199213986401805
-0.39570000000000005,-0.04776065348344364
-0.39469999999999994,-0.04722306318949493
-0.39370000000000005,-0.04624691239258805
-0.39269999999999994,-0.045511262516658234
-0.39170000000000005,-0.04515758469169197
-0.39069999999999994,-0.04425216945977835
-0.38970000000000005,-0.04351651958384853
-0.38869999999999993,-0.04304966485489307
-0.38770000000000004,-0.0423564563179592
-0.38669999999999993,-0.041578365103033435
-0.38570000000000004,-0.04133786418205637
-0.38469999999999993,-0.04060221430612655
-0.38370000000000004,-0.0403051249331549
-0.38269999999999993,-0.039442151040237225
-0.38170000000000004,-0.038763089616302
-0.3806999999999999,-0.0383669704523398
-0.37970000000000004,-0.03816891087035869
-0.3786999999999999,-0.03790011572338433
-0.37770000000000004,-0.03733423120343832
-0.3766999999999999,-0.03655613998851255
-0.37570000000000003,-0.03637222751953009
-0.3746999999999999,-0.035947814129570585
-0.37370000000000003,-0.03514142868864751
-0.3726999999999999,-0.03539607672262322
-0.37170000000000003,-0.035650724756598924
-0.3706999999999999,-0.03451895571670689
-0.36970000000000003,-0.033655981823789226
-0.3686999999999999,-0.032976920399854
-0.3677,-0.03236859454091204
-0.3666999999999999,-0.03224127052392419
-0.3657,-0.03139244374400516
-0.3646999999999999,-0.03099632458004295
-0.3637,-0.031010471693041605
-0.3626999999999999,-0.030260674704113137
-0.3617,-0.029977732444140127
-0.36070000000000013,-0.029510877715184666
-0.3597,-0.02912890566422111
-0.35870000000000013,-0.028817669178250797
-0.3577,-0.028676198048264292
-0.35670000000000013,-0.02740295787838576
-0.3557,-0.026709749341451892
-0.3547000000000001,-0.02656827821146539
-0.3537,-0.02614386482150588
-0.3527000000000001,-0.025889216787530173
-0.3517,-0.025266743815589552
-0.3507000000000001,-0.025139419798601705
-0.3497,-0.02420571034069078
-0.3487000000000001,-0.02347006046476096
-0.3477,-0.023144676865792004
-0.3467000000000001,-0.022847587492820343
-0.3457,-0.02270611636283384
-0.3447000000000001,-0.022069496277894573
-0.3437,-0.022111937616890523
-0.3427000000000001,-0.021149933932982302
-0.3417,-0.02119237527197825
-0.3407000000000001,-0.020286960040064625
-0.3397,-0.019904987989101064
-0.3387000000000001,-0.019027866983184743
-0.3377,-0.018843954514202284
-0.3367000000000001,-0.01897127853119014
-0.3357,-0.018702483384215783
-0.3347000000000001,-0.01820733442926302
-0.3337,-0.01849027668923603
-0.3327000000000001,-0.017599008570321057
-0.3317,-0.017599008570321057
-0.3307000000000001,-0.016863358694391237
-0.3297,-0.016693593338407434
-0.3287000000000001,-0.016368209739438477
-0.3277,-0.01583061944548976
-0.3267000000000001,-0.015519382959519455
-0.3257,-0.015137410908555892
-0.3247000000000001,-0.01461396772760583
-0.3237,-0.014231995676642267
-0.3227000000000001,-0.01405232734155941
-0.3217,-0.013814655843182085
-0.3207000000000001,-0.013814655843182085
-0.3197,-0.013271406704033909
-0.3187000000000001,-0.012614980660896532
-0.3177,-0.012224520342133782
-0.3167000000000001,-0.012070316810448494
-0.3157,-0.012056169697449843
-0.3147000000000001,-0.011694003604684393
-0.3137,-0.011484626332304368
-0.3127000000000001,-0.011009283335549715
-0.3117,-0.01095410959485498
-0.3107000000000001,-0.01095410959485498
-0.3097,-0.01053535505009493
-0.3087000000000001,-0.010311830664716254
-0.3077,-0.009907223232954851
-0.3067000000000001,-0.009390853608504115
-0.30569999999999997,-0.009683698847576177
-0.3047000000000001,-0.009376706495505465
-0.30369999999999997,-0.009013125691440148
-0.3027000000000001,-0.008594371146680099
-0.30169999999999997,-0.008832042645057424
-0.3007000000000001,-0.008343967246603986
-0.29969999999999997,-0.008315673020606686
-0.2987000000000001,-0.00820391082791735
-0.29769999999999996,-0.007548899496079835
-0.2967000000000001,-0.007282933771705209
-0.29569999999999996,-0.006821737887949208
-0.2947000000000001,-0.006711390406559735
-0.29369999999999996,-0.006571333987873095
-0.29270000000000007,-0.006083258589419657
-0.29169999999999996,-0.006319515376497119
-0.29070000000000007,-0.0058314399780436815
-0.28969999999999996,-0.005538594738971618
-0.28870000000000007,-0.005538594738971618
-0.28769999999999996,-0.005148134420208869
-0.28670000000000007,-0.004826994955139506
-0.28569999999999995,-0.004672791423454216
-0.28470000000000006,-0.004826994955139506
-0.28369999999999995,-0.004449267038075541
-0.28270000000000006,-0.00407295383231144
-0.28169999999999995,-0.0041564217990034775
-0.28070000000000006,-0.0038777236729300654
-0.27969999999999995,-0.003821135220935464
-0.27870000000000006,-0.003375501161477977
-0.27769999999999995,-0.0031788562907967373
-0.27670000000000006,-0.0031930034037953876
-0.27569999999999995,-0.002900158164723325
-0.27470000000000006,-0.003054361696408614
-0.27369999999999994,-0.0025096978459605746
-0.27270000000000005,-0.002286173460581899
-0.27169999999999994,-0.002048501962204573
-0.27070000000000005,-0.002105090414199175
-0.26969999999999994,-0.0015745736767497859
-0.26870000000000005,-0.0015604265637511356
-0.26769999999999994,-0.0016863358694391237
-0.26670000000000005,-0.0011696833027284124
-0.26569999999999994,-0.000988175842955728
-0.26470000000000005,-0.0009603060303483867
-0.26369999999999993,-0.0006811834908850152
-0.26270000000000004,-0.00027629311686364164
-0.26169999999999993,-0.0005136816729809948
-0.26070000000000004,-0.0003321742132083106
-0.25969999999999993,0.0001841954112424278
-0.25870000000000004,0.00010048694362941355
-0.25769999999999993,0.0004075783254911171
-0.25670000000000004,0.0005191990470504685
-0.2556999999999999,0.0005191990470504685
-0.25470000000000004,0.0010076988588938655
-0.2536999999999999,0.0009658234044178605
-0.25270000000000004,0.0011752006767978861
-0.2516999999999999,0.0013286968528332425
-0.25070000000000003,0.0013567081365705703
-0.24969999999999992,0.0014543232162612578
-0.24870000000000003,0.0016354062626439826
-0.24769999999999992,0.0017613155683319707
-0.24670000000000003,0.0019565457277133454
-0.24569999999999992,0.002110749259398635
-0.24470000000000003,0.0021659230000933708
-0.24369999999999992,0.002375300272473396
-0.24270000000000003,0.0025295038041586856
-0.24169999999999991,0.002808201930232098
-0.24070000000000003,0.0031010471693041605
-0.2396999999999999,0.003226956474992149
-0.23870000000000002,0.0035622430530601627
-0.2376999999999999,0.0034915074880669107
-0.23670000000000002,0.0035622430530601627
-0.23570000000000013,0.003924409145825611
-0.23470000000000002,0.003966850484821563
-0.23370000000000013,0.003924409145825611
-0.23270000000000002,0.0041903748702002384
-0.23170000000000013,0.00406446556451225
-0.23070000000000002,0.004566688075964338
-0.22970000000000013,0.0044266316572777
-0.22870000000000001,0.004650156042656376
-0.22770000000000012,0.00502788395972034
-0.2267,0.0049571483947270885
-0.22570000000000012,0.005068910587416427
-0.2247,0.0053900500524857895
-0.22370000000000012,0.0054324913914817405
-0.2227,0.005627721550863115
-0.22170000000000012,0.005697042404556503
-0.2207,0.005767777969549754
-0.21970000000000012,0.006046476095623166
-0.2187,0.006004034756627216
-0.21770000000000012,0.005906419676936528
-0.2167,0.006270000481001843
-0.2157000000000001,0.006548698607075255
-0.2147,0.006646313686765943
-0.2137000000000001,0.006841543846147317
-0.2127,0.006898132298141919
-0.2117000000000001,0.006855690959145968
-0.2107,0.007246151277908719
-0.2097000000000001,0.0072744455039060185
-0.2087,0.0069533060388366555
-0.2077000000000001,0.007469675663287393
-0.2067,0.007553143629979431
-0.2057000000000001,0.007819109354354058
-0.2047,0.0077497885006606705
-0.2037000000000001,0.007888430208047444
-0.2027,0.00806951325443017
-0.2017000000000001,0.008083660367428821
-0.2007,0.008475535397491435
-0.1997000000000001,0.00851656202518752
-0.1987,0.008418946945496834
-0.1977000000000001,0.008823554377258232
-0.19669999999999999,0.008740086410566197
-0.1957000000000001,0.009032931649638259
-0.19469999999999998,0.008656618443874161
-0.1937000000000001,0.009242308922018284
-0.19269999999999998,0.009479980420395611
-0.1917000000000001,0.009130546729328946
-0.1907000000000001,0.009563448387087647
-0.1897000000000002,0.009898734965155663
-0.1887000000000001,0.009912882078154312
-0.1877000000000002,0.009953908705850398
-0.1867000000000001,0.010191580204227724
-0.1857000000000002,0.010108112237535688
-0.1847000000000001,0.010234021543223676
-0.1837000000000002,0.010429251702605051
-0.18270000000000008,0.010470278330301137
-0.1817000000000002,0.01094562132705579
-0.18070000000000008,0.010541013895294387
-0.1797000000000002,0.01093147421405714
-0.17870000000000008,0.011057383519745126
-0.1777000000000002,0.011266760792125153
-0.17670000000000008,0.011490285177503827
-0.1757000000000002,0.011378522984814489
-0.17470000000000008,0.011517164692201263
-0.1737000000000002,0.011433696725509227
-0.17270000000000008,0.011797277529574539
-0.17170000000000019,0.011699662449883852
-0.17070000000000007,0.011559606031197215
-0.16970000000000018,0.012061828542649302
-0.16870000000000007,0.012075975655647952
-0.16770000000000018,0.012313647154025277
-0.16670000000000007,0.012159443622339991
-0.16570000000000018,0.012466435974410705
-0.16470000000000007,0.012899337632169404
-0.16370000000000018,0.012787575439480068
-0.16270000000000007,0.012899337632169404
-0.16170000000000018,0.013178035758242817
-0.16070000000000007,0.01326291843623472
-0.15970000000000018,0.013360533515925407
-0.15870000000000006,0.01368167298099477
-0.15770000000000017,0.013876903140376146
-0.15670000000000006,0.013722699608690856
-0.15570000000000017,0.014002812446064133
-0.15470000000000006,0.01407213329975752
-0.15370000000000017,0.014141454153450906
-0.15270000000000006,0.01424614278964092
-0.15170000000000017,0.014571526388609878
-0.15070000000000006,0.014514937936615275
-0.14970000000000017,0.014755438857592333
-0.14870000000000005,0.014826174422585584
-0.14770000000000016,0.015151558021554544
-0.14670000000000005,0.015024234004566688
-0.14570000000000016,0.0153637647165343
-0.14470000000000005,0.01546279450752485
-0.14370000000000016,0.015476941620523503
-0.14270000000000005,0.015590118524512706
-0.14170000000000016,0.01597209057547626
-0.14070000000000005,0.015873060784485714
-0.13970000000000016,0.016014531914472215
-0.13870000000000005,0.01625503283544927
-0.13770000000000016,0.016368209739438477
-0.13670000000000004,0.01656626932141958
-0.13570000000000015,0.01666529911241013
-0.13470000000000004,0.01693409425938449
-0.13370000000000015,0.01691994714638584
-0.13270000000000004,0.01706141827637234
-0.13170000000000015,0.017231183632356147
-0.13070000000000004,0.01728777208435075
-0.12970000000000015,0.017570714344323755
-0.12870000000000004,0.017471684553333203
-0.12770000000000015,0.017570714344323755
-0.12670000000000003,0.017867803717295416
-0.12570000000000014,0.018051716186277867
-0.12470000000000003,0.018094157525273817
-0.12370000000000014,0.018221481542261674
-0.12270000000000003,0.018362952672248176
-0.12170000000000014,0.018391246898245478
-0.12070000000000003,0.018631747819222534
-0.11970000000000014,0.018688336271217135
-0.11870000000000003,0.018843954514202284
-0.11770000000000014,0.0191834852261699
-0.11670000000000003,0.019197632339168547
-0.11570000000000014,0.019211779452167198
-0.11470000000000002,0.019141043887173945
-0.11370000000000013,0.01965033995512536
-0.11270000000000002,0.019777663972113214
-0.11170000000000013,0.019763516859114563
-0.11070000000000024,0.02004645911908757
-0.10970000000000013,0.020187930249074077
-0.10870000000000024,0.020230371588070024
-0.10770000000000013,0.02055575518703898
-0.10670000000000024,0.020612343639033585
-0.10570000000000013,0.020697226317025485
-0.10470000000000024,0.02075381476902009
-0.10370000000000013,0.020994315689997142
-0.10270000000000024,0.021362140627962056
-0.10170000000000012,0.020937727238002544
-0.10070000000000023,0.021687524226931015
-0.09970000000000012,0.021489464644949906
-0.09870000000000023,0.021715818452928314
-0.09770000000000012,0.022097790503891875
-0.09670000000000023,0.022012907825899968
-0.09570000000000012,0.022111937616890523
-0.09470000000000023,0.022295850085872978
-0.09370000000000012,0.022635380797840585
-0.09270000000000023,0.022918323057813595
-0.09170000000000011,0.02277685192782709
-0.09070000000000022,0.023144676865792004
-0.08970000000000011,0.0232012653177866
-0.08870000000000022,0.023512501803756906
-0.08770000000000011,0.023342736447773106
-0.08670000000000022,0.023866179628723165
-0.08570000000000011,0.02389447385472047
-0.08470000000000022,0.023993503645711022
-0.08370000000000011,0.024149121888696175
-0.08270000000000022,0.02433303435767863
-0.0817000000000001,0.02433303435767863
-0.08070000000000022,0.02468671218264489
-0.0797000000000001,0.024814036199632745
-0.07870000000000021,0.025040390007611147
-0.0777000000000001,0.025238449589592253
-0.07670000000000021,0.025167714024599004
-0.0757000000000001,0.025210155363594954
-0.07470000000000021,0.02573359854454502
-0.0737000000000001,0.025677010092550415
-0.07270000000000021,0.025860922561532867
-0.0717000000000001,0.02614386482150588
-0.07070000000000021,0.026087276369511275
-0.0697000000000001,0.026356071516485634
-0.0687000000000002,0.02662486666345999
-0.0677000000000001,0.026766337793446494
-0.0667000000000002,0.026907808923433
-0.06570000000000009,0.027176604070407354
-0.0647000000000002,0.027204898296404656
-0.06370000000000009,0.02727563386139791
-0.0627000000000002,0.027770782816350672
-0.06170000000000009,0.027898106833338522
-0.0607000000000002,0.027997136624329073
-0.059700000000000086,0.028308373110299385
-0.058700000000000196,0.028350814449295336
-0.057700000000000085,0.028845963404248096
-0.056700000000000195,0.028662050935265648
-0.05570000000000008,0.028831816291249444
-0.05470000000000019,0.029100611438223806
-0.05370000000000008,0.02921378834221301
-0.05270000000000019,0.02946843637618871
-0.05170000000000008,0.029638201732172516
-0.05070000000000019,0.029892849766148224
-0.04970000000000008,0.029567466167179264
-0.04870000000000019,0.030232380478115835
-0.047700000000000076,0.030232380478115835
-0.046700000000000186,0.030246527591114486
-0.045700000000000074,0.030670940981073994
-0.044700000000000184,0.030982177467044306
-0.04370000000000007,0.031123648597030807
-0.04270000000000018,0.03120853127502271
-0.04170000000000007,0.03159050332598627
-0.04070000000000018,0.03174612156897143
-0.03970000000000007,0.031788562907967374
-0.03870000000000018,0.03202906382894443
-0.03770000000000007,0.03228371186292014
-0.03670000000000018,0.03258080123589179
-0.035700000000000065,0.0326090954618891
-0.034700000000000175,0.03296277328685536
-0.03370000000000006,0.03323156843382971
-0.03270000000000017,0.03333059822482026
-0.03170000000000006,0.033174979981835113
-0.03070000000000017,0.03318912709483376
-0.02970000000000006,0.03367012893678788
-0.02870000000000017,0.03388233563176763
-0.027700000000000058,0.033910629857764926
-0.026700000000000168,0.034476514377710946
-0.025700000000000056,0.03440577881271769
-0.024700000000000166,0.03478775086368125
-0.023700000000000054,0.03498581044566235
-0.022700000000000164,0.035466812287616466
-0.021700000000000053,0.03539607672262322
-0.020700000000000163,0.03572146032159217
-0.01970000000000005,0.036032696807562485
-0.01870000000000016,0.035961961242569236
-0.01770000000000005,0.03638637463252875
-0.01670000000000016,0.036598581327508505
-0.015700000000000047,0.03664102266650445
-0.014700000000000157,0.036853229361484205
-0.013700000000000045,0.03733423120343832
-0.012700000000000156,0.037419113881430224
-0.011700000000000044,0.037221054299449115
-0.010700000000000154,0.037970851288377586
-0.009700000000000042,0.03798499840137624
-0.008700000000000152,0.038239646435351944
-0.00770000000000004,0.03883382518129525
-0.00670000000000015,0.03922994434525747
-0.005700000000000038,0.039074326102272315
-0.0047000000000001485,0.03903188476327636
-0.0037000000000000366,0.03935726836224532
-0.0027000000000001467,0.03956947505722508
-0.0017000000000000348,0.039795828865203484
-0.000700000000000145,0.04029097782015625
0.00029999999999996696,0.04002218267318189
0.0012999999999998568,0.040375860498148154
0.0022999999999999687,0.0405597729671306
0.0032999999999998586,0.04084271522710361
0.0042999999999999705,0.04125298150406447
0.00529999999999986,0.041366158408053674
0.006299999999999972,0.04184716025000779
0.007299999999999862,0.041818866024010484
0.008299999999999974,0.042738428368922755
0.009299999999999864,0.0423847505439565
0.010299999999999976,0.043205283097878217
0.011299999999999866,0.042823311046914656
0.012299999999999978,0.04296478217690116
0.013299999999999867,0.0384518531303317
0.012299999999999978,0.03467457395969205
0.011299999999999866,0.031972475376949826
0.010299999999999976,0.029963585331141473
0.009299999999999864,0.027926401059335824
0.008299999999999974,0.026370218629484285
0.007299999999999862,0.025252596702590904
0.006299999999999972,0.023710561385738016
0.00529999999999986,0.022366585650866227
0.0042999999999999705,0.021319699288966102
0.0032999999999998586,0.020767961882018737
0.0022999999999999687,0.0191551910001726
0.0012999999999998568,0.018886395853198238
0.00029999999999996696,0.017273624971352097
-0.000700000000000145,0.016637004886412832
-0.0017000000000000348,0.01546279450752485
-0.0027000000000001467,0.014529085049613928
-0.0037000000000000366,0.013625084529000167
-0.0047000000000001485,0.01309456779155078
-0.005700000000000038,0.012075975655647952
-0.00670000000000015,0.01135022875881719
-0.00770000000000004,0.011280907905123802
-0.008700000000000152,0.010219874430225024
-0.009700000000000042,0.009535154161090348
-0.010700000000000154,0.008837701490256884
-0.011700000000000044,0.008181275447119508
-0.012700000000000156,0.007804962241355407
-0.013700000000000045,0.007121656683520595
-0.014700000000000157,0.006576992833072556
-0.015700000000000047,0.006172385401311155
-0.01670000000000016,0.005767777969549754
-0.01770000000000005,0.005068910587416427
-0.01870000000000016,0.004818506687340315
-0.01970000000000005,0.0041903748702002384
-0.020700000000000163,0.00365985813275085
-0.021700000000000053,0.003045873428609424
-0.022700000000000164,0.0027105868505414104
-0.023700000000000054,0.0023611531594747463
-0.024700000000000166,0.0020272812927065974
-0.025700000000000056,0.001580232521949246
-0.026700000000000168,0.001217076131273891
-0.027700000000000058,0.0007285763194304939
-0.02870000000000017,0.0004075783254911171
-0.02970000000000006,7.257468968307638e-05
-0.03070000000000017,-0.00047180621850498967
-0.03170000000000006,-0.0009322947466110592
-0.03270000000000017,-0.0009603060303483867
-0.03370000000000006,-0.0013790605751084377
-0.034700000000000175,-0.0016438945304431726
-0.035700000000000065,-0.002133384640196475
-0.03670000000000018,-0.002383788540272587
-0.03770000000000007,-0.0025096978459605746
-0.03870000000000018,-0.0031661238890979522
-0.03970000000000007,-0.003123682550102001
-0.04070000000000018,-0.0034731162411686654
-0.04170000000000007,-0.003904603187627501
-0.04270000000000018,-0.0041564217990034775
-0.04370000000000007,-0.004603470569760829
-0.044700000000000184,-0.0045893234567621795
-0.045700000000000074,-0.00499393088852358
-0.046700000000000186,-0.005133987307210219
-0.047700000000000076,-0.005231602386900905
-0.04870000000000019,-0.005776266237348945
-0.04970000000000008,-0.006012523024426406
-0.05070000000000019,-0.006069111476421007
-0.05170000000000008,-0.006612360615569182
-0.05270000000000019,-0.006933500080638544
-0.05370000000000008,-0.006947647193637195
-0.05470000000000019,-0.007157024466017221
-0.05570000000000008,-0.007240492432709258
-0.056700000000000195,-0.007729982542462561
-0.057700000000000085,-0.007632367462771873
-0.058700000000000196,-0.008189763714918696
-0.059700000000000086,-0.008175616601920047
-0.0607000000000002,-0.008372261472601287
-0.06170000000000009,-0.008776868904362687
-0.0627000000000002,-0.009083861256433401
-0.06370000000000009,-0.009279091415814776
-0.0647000000000002,-0.009236650076818825
-0.06570000000000009,-0.0094318802362002
-0.0667000000000002,-0.009738872588270914
-0.0677000000000001,-0.009823755266262814
-0.0687000000000002,-0.010185921359028263
-0.0697000000000001,-0.009935517458952152
-0.07070000000000021,-0.010618823016786965
-0.0717000000000001,-0.010618823016786965
-0.07270000000000021,-0.011037577561547015
-0.0737000000000001,-0.010730585209476303
-0.07470000000000021,-0.011092751302241754
-0.0757000000000001,-0.011302128574621777
-0.07670000000000021,-0.011428037880309766
-0.0777000000000001,-0.011553947185997754
-0.07870000000000021,-0.011903380877064417
-0.0797000000000001,-0.011917527990063069
-0.08070000000000022,-0.012167931890139181
-0.0817000000000001,-0.012531512694204494
-0.08270000000000022,-0.012600833547897882
-0.08370000000000011,-0.012600833547897882
-0.08470000000000022,-0.012907825899968596
-0.08570000000000011,-0.013145497398345923
-0.08670000000000022,-0.013214818252039308
-0.08770000000000011,-0.013312433331729994
-0.08870000000000022,-0.013480783976413935
-0.08970000000000011,-0.013284139105732696
-0.09070000000000022,-0.01369016124879396
-0.09170000000000011,-0.013828802956180733
-0.09270000000000023,-0.013997153600864672
-0.09370000000000012,-0.014529085049613928
-0.09470000000000023,-0.014331025467632824
-0.09570000000000012,-0.014727144631595034
-0.09670000000000023,-0.014755438857592333
-0.09770000000000012,-0.014727144631595034
-0.09870000000000023,-0.01509496956955994
-0.09970000000000012,-0.015179852247551842
-0.10070000000000023,-0.015165705134553195
-0.10170000000000012,-0.015675001202504608
-0.10270000000000024,-0.015745736767497857
-0.10370000000000013,-0.01591550212348166
-0.10470000000000024,-0.016000384801473564
-0.10570000000000013,-0.01611356170546277
-0.10670000000000024,-0.016495533756426328
-0.10770000000000013,-0.016679446225408782
-0.10870000000000024,-0.01656626932141958
-0.10970000000000013,-0.01660871066041553
-0.11070000000000024,-0.01703312405037504
-0.11170000000000013,-0.016537975095422278
-0.11270000000000002,-0.017188742293360197
-0.11370000000000013,-0.017443390327335904
-0.11470000000000002,-0.0174150961013386
-0.11570000000000014,-0.017188742293360197
-0.11670000000000003,-0.017641449909317007
-0.11770000000000014,-0.017839509491298113
-0.11870000000000003,-0.017952686395287316
-0.11970000000000014,-0.017839509491298113
-0.12070000000000003,-0.018235628655260322
-0.12170000000000014,-0.018249775768258973
-0.12270000000000003,-0.01853271802823198
-0.12370000000000014,-0.018546865141230634
-0.12470000000000003,-0.018787366062207687
-0.12570000000000014,-0.018801513175206338
-0.12670000000000003,-0.019070308322180696
-0.12770000000000015,-0.019042014096183394
-0.12870000000000004,-0.0192683679041618
-0.12970000000000015,-0.01928251501716045
-0.13070000000000004,-0.019466427486142905
-0.13170000000000015,-0.019749369746115915
-0.13270000000000004,-0.019805958198110513
-0.13370000000000015,-0.019890840876102416
-0.13470000000000004,-0.01965033995512536
-0.13570000000000015,-0.02007475334508487
-0.13670000000000004,-0.02042843117005113
-0.13770000000000016,-0.020315254266061927
-0.13870000000000005,-0.02041428405705248
-0.13970000000000016,-0.02048501962204573
-0.14070000000000005,-0.020584049413036282
-0.14170000000000016,-0.02085284456001064
-0.14270000000000005,-0.020951874351001196
-0.14370000000000016,-0.02085284456001064
-0.14470000000000005,-0.021277257949970152
-0.14570000000000016,-0.021517758870947205
-0.14670000000000005,-0.02153190598394586
-0.14770000000000016,-0.02157434732294181
-0.14870000000000005,-0.021772406904922915
-0.14970000000000017,-0.021913878034909417
-0.15070000000000006,-0.021828995356917517
-0.15170000000000017,-0.022140231842887825
-0.15270000000000006,-0.02197046648690402
-0.15370000000000017,-0.02272026347583249
-0.15470000000000006,-0.022550498119848682
-0.15570000000000017,-0.022691969249835187
-0.15670000000000006,-0.023017352848804146
-0.15770000000000017,-0.022621233684841938
-0.15870000000000006,-0.02313052975279335
-0.15970000000000018,-0.0230032057358055
-0.16070000000000007,-0.023031499961802798
-0.16170000000000018,-0.02341347201276636
-0.16270000000000007,-0.023314442221775804
-0.16370000000000018,-0.023682267159740714
-0.16470000000000007,-0.02356909025575151
-0.16570000000000018,-0.02365397293374341
-0.16670000000000007,-0.02395106230671507
-0.16770000000000018,-0.024191563227692125
-0.16870000000000007,-0.024460358374666487
-0.16970000000000018,-0.024516946826661085
-0.17070000000000007,-0.024304740131681327
-0.17170000000000019,-0.024432064148669184
-0.17270000000000008,-0.02474330063463949
-0.1737000000000002,-0.024913065990623297
-0.17470000000000008,-0.02482818331263139
-0.1757000000000002,-0.0251111255726044
-0.17670000000000008,-0.024969654442617898
-0.1777000000000002,-0.025196008250596303
-0.17870000000000008,-0.02539406783257741
-0.1797000000000002,-0.025677010092550415
-0.18070000000000008,-0.02591751101352747
-0.1817000000000002,-0.02573359854454502
-0.18270000000000008,-0.026044835030515325
-0.1837000000000002,-0.026384365742482933
-0.1847000000000001,-0.026087276369511275
-0.1857000000000002,-0.02620045327350048
-0.1867000000000001,-0.026511689759470786
-0.1877000000000002,-0.02645510130747619
-0.1887000000000001,-0.02668145511545459
-0.1897000000000002,-0.026766337793446494
-0.1907000000000001,-0.026808779132442447
-0.1917000000000001,-0.027190751183406005
-0.19269999999999998,-0.027148309844410055
-0.1937000000000001,-0.027261486748399254
-0.19469999999999998,-0.02738881076538711
-0.1957000000000001,-0.02774248859035337
-0.19669999999999999,-0.02764345879936281
-0.1977000000000001,-0.027898106833338522
-0.1987,-0.027869812607341227
-0.1997000000000001,-0.02819519620631018
-0.2007,-0.028223490432307482
-0.2017000000000001,-0.028364961562293983
-0.2027,-0.028435697127287232
-0.2037000000000001,-0.028591315370272388
-0.2047,-0.028775227839254847
-0.2057000000000001,-0.028718639387260245
-0.2067,-0.029015728760231903
-0.2077000000000001,-0.02894499319523865
-0.2087,-0.029242082568210308
-0.2097000000000001,-0.02935525947219951
-0.2107,-0.029284523907206258
-0.2117000000000001,-0.029624054619173872
-0.2127,-0.029779672862159025
-0.2137000000000001,-0.029779672862159025
-0.2147,-0.030218233365117184
-0.2157000000000001,-0.030529469851087492
-0.2167,-0.030571911190083446
-0.21770000000000012,-0.03051532273808884
-0.2187,-0.0308690005630551
-0.21970000000000012,-0.030953883241047007
-0.2207,-0.031137795710029458
-0.22170000000000012,-0.031137795710029458
-0.2227,-0.03144903219599977
-0.22370000000000012,-0.031802710020966025
-0.2247,-0.03163294466498222
-0.22570000000000012,-0.03168953311697682
-0.2267,-0.03194418115095252
-0.22770000000000012,-0.03202906382894443
-0.22870000000000001,-0.03221297629792688
-0.22970000000000013,-0.03224127052392419
-0.23070000000000002,-0.032326153201916084
-0.23170000000000013,-0.03249591855789989
-0.23270000000000002,-0.03251006567089854
-0.23370000000000013,-0.03258080123589179
-0.23470000000000002,-0.0328637434958648
-0.23570000000000013,-0.03287789060886345
-0.23670000000000002,-0.033005214625851306
-0.2376999999999999,-0.033146685755837804
-0.23870000000000002,-0.03357109914579732
-0.2396999999999999,-0.033274009772825665
-0.24070000000000003,-0.03331645111182161
-0.24169999999999991,-0.03378330584077707
-0.24270000000000003,-0.03375501161477978
-0.24369999999999992,-0.03403795387475279
-0.24470000000000003,-0.03412283655274468
-0.24569999999999992,-0.03413698366574334
-0.24670000000000003,-0.03443407303871499
-0.24769999999999992,-0.034377484586720394
-0.24870000000000003,-0.034391631699719045
-0.24969999999999992,-0.0348301922026772
-0.25070000000000003,-0.0346604268466934
-0.2516999999999999,-0.03501410467165966
-0.25270000000000004,-0.035127281575648865
-0.2536999999999999,-0.03507069312365426
-0.25470000000000004,-0.035466812287616466
-0.2556999999999999,-0.03570731320859352
-0.25670000000000004,-0.035947814129570585
-0.25769999999999993,-0.03604684392056113
-0.25870000000000004,-0.03617416793754899
-0.25969999999999993,-0.036032696807562485
-0.26070000000000004,-0.03672590534449635
-0.26169999999999993,-0.03632978618053414
-0.26270000000000004,-0.0369098178134788
-0.26369999999999993,-0.03717861296045316
-0.26470000000000005,-0.03724934852544641
-0.26569999999999994,-0.036881523587481514
-0.26670000000000005,-0.037291789864442364
-0.26769999999999994,-0.03754643789841807
-0.26870000000000005,-0.037603026350412676
-0.26969999999999994,-0.03781523304539243
-0.27070000000000005,-0.037970851288377586
-0.27169999999999994,-0.03828208777434789
-0.27270000000000005,-0.038055733966369486
-0.27369999999999994,-0.03860747137331685
-0.27470000000000006,-0.0385933242603182
-0.27569999999999995,-0.03911676744126827
-0.27670000000000006,-0.039074326102272315
-0.27769999999999995,-0.039060178989273664
-0.27870000000000006,-0.039442151040237225
-0.27969999999999995,-0.039795828865203484
-0.28070000000000006,-0.039696799074212925
-0.28169999999999995,-0.03955532794422643
-0.28270000000000006,-0.04002218267318189
-0.28369999999999995,-0.04009291823817514
-0.28470000000000006,-0.040347566272150845
-0.28569999999999995,-0.0405597729671306
-0.28670000000000007,-0.04070124409711711
-0.28769999999999996,-0.040885156566099555
-0.28870000000000007,-0.04121054016506852
-0.28969999999999996,-0.04125298150406447
-0.29070000000000007,-0.04173398334601858
-0.29169999999999996,-0.04184716025000779
-0.29270000000000007,-0.04197448426699564
-0.29369999999999996,-0.04214424962297945
-0.2947000000000001,-0.0424696332219484
-0.29569999999999996,-0.04272428125592411
-0.2967000000000001,-0.042936487950903865
-0.29769999999999996,-0.04334675422786472
-0.2987000000000001,-0.043389195566860675
-0.29969999999999997,-0.04362969648783773
-0.3007000000000001,-0.0441531396687878
-0.30169999999999997,-0.04423802234677969
-0.3027000000000001,-0.044492670380755404
-0.30369999999999997,-0.04471902418873381
-0.3047000000000001,-0.04480390686672571
-0.30569999999999997,-0.045115143352696015
-0.3067000000000001,-0.04518587891768927
-0.3077,-0.04536979138667173
-0.3087000000000001,-0.04573761632463663
-0.3097,-0.04590738168062044
-0.3107000000000001,-0.046444971974569156
-0.3117,-0.0462610595055867
-0.3127000000000001,-0.04660059021755431
-0.3137,-0.04655814887855836
-0.3147000000000001,-0.04675620846053946
-0.3157,-0.04702500360751381
-0.3167000000000001,-0.04766162369245308
-0.3177,-0.047251357415492225
-0.3187000000000001,-0.0481426255344072
-0.3197,-0.04801530151741934
-0.3207000000000001,-0.0483972735683829
-0.3217,-0.04894901097533026
-0.3227000000000001,-0.04893486386233162
-0.3237,-0.05003833867622635
-0.3247000000000001,-0.049854426207243896
-0.3257,-0.0501939569192115
-0.3267000000000001,-0.050052485789225
-0.3277,-0.05100034236013457
-0.3287000000000001,-0.05220284696501985
-0.3297,-0.05179258068805899
-0.3307000000000001,-0.05233017098200771
-0.3317,-0.052697995919972616
-0.3327000000000001,-0.052613113241980716
-0.3337,-0.05281117282396182
-0.3347000000000001,-0.05313655642293078
-0.3357,-0.053348763117910536
-0.3367000000000001,-0.053405351569905134
-0.3377,-0.05394294186385385
-0.3387000000000001,-0.05477762153077422
-0.3397,-0.05431076680181876
-0.3407000000000001,-0.05470688596578097
-0.3417,-0.05449467927080121
-0.3427000000000001,-0.055442535841710786
-0.3437,-0.0560367145876541
-0.3447000000000001,-0.0558952434576676
-0.3457,-0.056560157768604166
-0.3467000000000001,-0.05701286538456098
-0.3477,-0.056828952915578525
-0.3487000000000001,-0.05762119124350294
-0.3497,-0.058399282458428715
-0.3507000000000001,-0.05837098823243141
-0.3517,-0.05889443141338147
-0.3527000000000001,-0.05912078522135989
-0.3537,-0.05951690438532209
-0.3547000000000001,-0.06008278890526811
-0.3557,-0.06035158405224247
-0.35670000000000013,-0.06098820413718173
-0.3577,-0.0613135877361507
-0.35870000000000013,-0.06253023945403462
-0.3597,-0.06262926924502517
-0.36070000000000013,-0.06268585769701977
-0.3617,-0.06318100665197254
-0.3626999999999999,-0.06354883158993745
-0.3637,-0.06418545167487671
-0.3646999999999999,-0.06460986506483622
-0.3657,-0.06493524866380519
-0.3666999999999999,-0.06630751862467427
-0.3677,-0.06668949067563783
-0.3686999999999999,-0.06736855209957304
-0.36970000000000003,-0.06759490590755145
-0.3706999999999999,-0.0676373472465474
-0.37170000000000003,-0.06806176063650692
-0.3726999999999999,-0.06936329503238275
-0.37370000000000003,-0.07014138624730852
-0.3746999999999999,-0.07021212181230177
-0.37570000000000003,-0.07104680147922215
-0.3766999999999999,-0.07192392248513847
-0.37770000000000004,-0.07234833587509798
-0.3786999999999999,-0.07216442340611552
-0.37970000000000004,-0.07319716265501701
-0.3806999999999999,-0.07425819612991578
-0.38170000000000004,-0.07483822776286045
-0.38269999999999993,-0.0754748478477997
-0.38370000000000004,-0.07628123328872279
-0.38469999999999993,-0.07630952751472009
-0.38570000000000004,-0.0769037062606634
-0.38669999999999993,-0.0771866485206364
-0.38770000000000004,-0.07813450509154597
-0.38869999999999993,-0.07964824618240157
-0.38970000000000005,-0.08000192400736782
-0.39069999999999994,-0.07987459999037998
-0.39170000000000005,-0.08080830944829089
-0.39269999999999994,-0.08053951430131655
-0.39370000000000005,-0.08191178426218561
-0.39469999999999994,-0.08229375631314918
-0.39570000000000005,-0.0830577004150763
-0.39669999999999994,-0.08396311564698994
-0.39770000000000005,-0.08489682510490085
-0.39869999999999994,-0.08567491631982663
-0.39970000000000006,-0.08605688837079019
-0.40069999999999995,-0.08697645071570247
-0.40170000000000006,-0.08796674862560798
-0.40269999999999995,-0.08782527749562147
-0.40370000000000006,-0.08933901858647707
-0.40469999999999995,-0.08989075599342443
-0.40570000000000006,-0.08982002042843118
-0.40669999999999995,-0.0909517894683232
-0.40770000000000006,-0.09099423080731917
-0.40869999999999995,-0.0925221190111734
-0.40970000000000006,-0.09314459198311402
-0.41069999999999995,-0.09342753424308703
-0.41170000000000007,-0.0940641543280263
-0.41269999999999996,-0.09453100905698175
-0.41370000000000007,-0.09569107232287108
-0.41469999999999996,-0.09604475014783734
-0.41570000000000007,-0.09713407784873342
-0.41669999999999996,-0.09801119885464975
-0.41770000000000007,-0.09785558061166459
-0.41869999999999996,-0.09894490831256067
-0.4197000000000001,-0.10002008890045809
-0.42069999999999996,-0.10079818011538387
-0.4217000000000001,-0.10139235886132718
-0.42269999999999996,-0.10191580204227724
-0.4237000000000001,-0.10286365861318682
-0.42469999999999997,-0.1039812805400802
-0.4257000000000001,-0.10495743133698707
-0.42669999999999997,-0.105608198534925
-0.4277000000000001,-0.10716438096477654
-0.42869999999999997,-0.10821126732667666
-0.4297000000000001,-0.10833859134366451
-0.43069999999999997,-0.10975330264352953
-0.4317000000000001,-0.11135192641237703
-0.4327,-0.11217245896629877
-0.4337000000000001,-0.11256857813026097
-0.4347,-0.11341740491017999
-0.4357000000000001,-0.11469064508005854
-0.4367,-0.1159214439109411
-0.4377000000000001,-0.11665709378687093
-0.4387,-0.11818498199072516
-0.4397000000000001,-0.11886404341466038
-0.4407,-0.12036363739251733
-0.4417000000000001,-0.12058999120049572
-0.4427,-0.12160858333639855
-0.4437000000000001,-0.12303744174926225
-0.4447,-0.12416921078915429
-0.4457000000000001,-0.12507462602106792
-0.4467,-0.12855481581873587
-0.4477000000000001,-0.1273523112138506
-0.4487,-0.12839919757575072
-0.4497000000000001,-0.1296865848586279
-0.4507,-0.1306627356555348
-0.4517000000000001,-0.13196427005141062
-0.4527,-0.133081891978304
-0.4537000000000001,-0.1333931284642743
-0.4547,-0.13425610235719201
-0.4557000000000001,-0.13609522704701651
-0.4567,-0.13786361617184784
-0.4577000000000001,-0.1382172939968141
-0.4587,-0.13999983023464402
-0.4597000000000001,-0.14082036278856577
-0.4607,-0.1424614278964092
-0.4617000000000001,-0.1434517258063147
-0.4627,-0.14430055258623375
-0.4637000000000001,-0.14543232162612577
-0.4647,-0.14628114840604478
-0.4657000000000001,-0.14783733083589634
-0.4667,-0.1501008689156804
-0.4677000000000001,-0.1510911668255859
-0.4687,-0.15208146473549145
-0.4697000000000001,-0.15377911829532948
-0.4707,-0.15476941620523502
-0.4717000000000001,-0.15632559863508652
-0.4727,-0.15703295428501907
-0.4737000000000001,-0.15957943462477614
-0.4747,-0.16000384801473563
-0.4757000000000001,-0.16085267479465465
-0.4767,-0.16396503965435774
-0.4777000000000001,-0.16481386643427676
-0.4787,-0.16651151999411481
-0.4797000000000001,-0.16820917355395287
-0.4807,-0.17047271163373692
-0.48170000000000013,-0.17202889406358848
-0.4827,-0.17245330745354798
-0.48370000000000013,-0.173868018753413
-0.4847,-0.17613155683319706
-0.48570000000000013,-0.17910245056291366
-0.4867,-0.18150745977268423
-0.4876999999999999,-0.18306364220253574
-0.4887,-0.1847612957623738
-0.4896999999999999,-0.18660042045219835
-0.4907,-0.18773218949209036
-0.4916999999999999,-0.18971278531190142
-0.4927,-0.19056161209182043
-0.4936999999999999,-0.19282515017160448
-0.49470000000000003,-0.19508868825138856
-0.4956999999999999,-0.19777663972113213
-0.49670000000000003,-0.19947429328097016
-0.4976999999999999,-0.20159636023076774
-0.49870000000000003,-0.20470872509047083
-0.4996999999999999,-0.20513313848043033
-0.5007,-0.2073966765602144
-0.5016999999999999,-0.2086699167300929
-0.5027,-0.21149933932982298
-0.5036999999999999,-0.21333846401964754
-0.5047,-0.21503611757948557
-0.5056999999999999,-0.21843142469916169
-0.5067,-0.22140231842887825
-0.5076999999999999,-0.22338291424868928
-0.5087,-0.22635380797840585
-0.5096999999999999,-0.22918323057813594
-0.5107,-0.23187118204787951
-0.5116999999999999,-0.23512501803756908
-0.5127,-0.23809591176728565
-0.5136999999999999,-0.24021797871708325
-0.5147,-0.24276445905684027
-0.5156999999999999,-0.24573535278655687
-0.5167,-0.24785741973635445
-0.5176999999999999,-0.251111255726044
-0.5187,-0.25394067832577405
-0.5196999999999999,-0.25790186996539616
-0.5207,-0.2608727636951128
-0.5216999999999999,-0.26299483064491036
-0.5227,-0.2665316088945729
-0.5236999999999999,-0.27049280053419505
-0.5247,-0.2736051653938981
-0.5257,-0.2774248859035337
-0.5267000000000001,-0.2811031352831828
-0.5277,-0.2840740290128994
-0.5287000000000001,-0.288459634042481
-0.5297,-0.2927037679420761
-0.5307000000000001,-0.2960990750617522
-0.5317,-0.29977732444140126
-0.5327000000000001,-0.30260674704113133
-0.5337,-0.3064264675507669
-0.5347000000000001,-0.3091144190205105
-0.5357,-0.3127926684001596
-0.5367000000000001,-0.3173197445597277
-0.5377,-0.32269564749921487
-0.5387000000000001,-0.32693978139880997
-0.5397,-0.3320327420783241
-0.5407000000000001,-0.3378330584077708
-0.5417,-0.3423601345673389
-0.5427000000000001,-0.3480189797667991
-0.5437,-0.35297046931632664
-0.5447000000000001,-0.3582049011258273
-0.5457,-0.36287344841538194
-0.5467000000000001,-0.3688152358748151
-0.5477,-0.37390819655432916
-0.5487000000000001,-0.38013292627373535
-0.5497,-0.38607471373316854
-0.5507000000000001,-0.39229944345257467
-0.5517,-0.3986656443019673
-0.5527000000000001,-0.40559772967130603
-0.5537,-0.4126712861706312
-0.5547000000000001,-0.4193204292799969
-0.5557,-0.4276672259492006
-0.5567000000000001,-0.4354481380984583
-0.5577,-0.44308757911772945
-0.5587000000000001,-0.4514343757869332
-0.5597,-0.45765910550633937
-0.5607000000000001,-0.46317647957581304
-0.5617,-0.4733624009348413
-0.5627000000000001,-0.48199213986401795
-0.5637,-0.49033893653322164
-0.5647000000000001,-0.5006663290222364
-0.5657,-0.5101448947313323
-0.5667000000000001,-0.5191990470504685
-0.5677,-0.5300923240594293
-0.5687000000000001,-0.5411270721983766
-0.5697,-0.5511715224274183
-0.5707000000000001,-0.562913626216298
-0.5717,-0.5742313166152184
-0.5727000000000001,-0.5858319492741116
-0.5737,-0.5981399375829375
-0.5747000000000001,-0.6104479258917633
-0.5757,-0.6234632698505217
-0.5767000000000001,-0.6363371426792934
-0.5777,-0.6506257268079303
-0.5787000000000001,-0.6646313686765942
-0.5797,-0.6793443661951906
-0.5807000000000001,-0.6958964884036116
-0.5817,-0.711458312702127
-0.5827000000000001,-0.7246151277908718
-0.5837,-0.7422990190391847
-0.5847000000000001,-0.7606902659374303
-0.5857,-0.7787985705757027
-0.5867000000000001,-0.7739885521561616
-0.5857,-0.7608317370674167
-0.5847000000000001,-0.7507872868383749
-0.5837,-0.7396110675694412
-0.5827000000000001,-0.7288592616904669
-0.5817,-0.7178245135515195
-0.5807000000000001,-0.7073556499325184
-0.5797,-0.6968867863135171
-0.5787000000000001,-0.6874082206044214
-0.5777,-0.678071126025312
-0.5767000000000001,-0.6660460799764593
-0.5757,-0.6548698607075254
-0.5747000000000001,-0.6448254104784837
-0.5737,-0.6333662489495769
-0.5727000000000001,-0.6254438656703327
-0.5717,-0.614833530921345
-0.5707000000000001,-0.6036573116524112
-0.5697,-0.5929055057734368
-0.5687000000000001,-0.5848416513642062
-0.5677,-0.5762119124350294
-0.5667000000000001,-0.5657430488160282
-0.5657,-0.5568303676268785
-0.5647000000000001,-0.5462200328778907
-0.5637,-0.5371658805587545
-0.5627000000000001,-0.5281117282396182
-0.5617,-0.5197649315704145
-0.5607000000000001,-0.5097204813413726
-0.5597,-0.4984027909424524
-0.5587000000000001,-0.4892071674933296
-0.5577,-0.480577428564153
-0.5567000000000001,-0.47322092980485475
-0.5557,-0.46812796912534066
-0.5547000000000001,-0.46119588375600196
-0.5537,-0.4521417314368657
-0.5527000000000001,-0.443794934767662
-0.5517,-0.43615549374839085
-0.5507000000000001,-0.4276672259492006
-0.5497,-0.4201692560599159
-0.5487000000000001,-0.41422746860048276
-0.5477,-0.406446556451225
-0.5467000000000001,-0.39993888447184583
-0.5457,-0.39244091458256114
-0.5447000000000001,-0.38607471373316854
-0.5437,-0.3802743974037219
-0.5427000000000001,-0.37433260994428874
-0.5417,-0.3686737647448286
-0.5407000000000001,-0.3617416793754899
-0.5397,-0.34363337473721745
-0.5387000000000001,-0.329203319478594
-0.5377,-0.32382741653910685
-0.5367000000000001,-0.3176026868197007
-0.5357,-0.31236825501020005
-0.5347000000000001,-0.308124121110605
-0.5337,-0.30260674704113133
-0.5327000000000001,-0.29807967088156323
-0.5317,-0.2924208256821031
-0.5307000000000001,-0.28775227839254847
-0.5297,-0.2823763754530613
-0.5287000000000001,-0.2781322415534663
-0.5277,-0.2734636942639116
-0.5267000000000001,-0.26907808923433
-0.5257,-0.26426807081478887
-0.5247,-0.26058982143513976
-0.5236999999999999,-0.25535538962563914
-0.5227,-0.251111255726044
-0.5216999999999999,-0.24644270843648935
-0.5207,-0.2426229879268538
-0.5196999999999999,-0.2388032674172182
-0.5187,-0.23512501803756908
-0.5176999999999999,-0.23059794187800098
-0.5167,-0.22649527910839237
-0.5156999999999999,-0.22210967407881074
-0.5147,-0.2189973092191077
-0.5136999999999999,-0.2156020020994316
-0.5127,-0.2119237527197825
-0.5116999999999999,-0.2086699167300929
-0.5107,-0.20569902300037635
-0.5096999999999999,-0.20187930249074074
-0.5087,-0.19904987989101067
-0.5076999999999999,-0.1965033995512536
-0.5067,-0.1919763233916855
-0.5056999999999999,-0.1890054296619689
-0.5047,-0.1860345359322523
-0.5036999999999999,-0.18278069994256274
-0.5027,-0.18037569073279217
-0.5016999999999999,-0.1769803836131161
-0.5007,-0.1728777208435075
-0.4996999999999999,-0.17075565389370992
-0.49870000000000003,-0.17018976937376393
-0.4976999999999999,-0.16495533756426325
-0.49670000000000003,-0.16325768400442522
-0.4956999999999999,-0.16113561705462764
-0.49470000000000003,-0.15717442541500556
-0.4936999999999999,-0.1551938295951945
-0.4927,-0.1513741090855589
-0.4916999999999999,-0.14769585970590982
-0.4907,-0.14613967727605828
-0.4896999999999999,-0.1437346680662877
-0.4887,-0.14128721751752119
-0.4876999999999999,-0.13954712261868724
-0.4867,-0.13715626052191532
-0.48570000000000013,-0.1355576367530678
-0.4847,-0.1329404208483175
-0.48370000000000013,-0.13158229800044707
-0.4827,-0.12938949548565626
-0.48170000000000013,-0.1277484303778128
-0.4807,-0.125272685603049
-0.4797000000000001,-0.12288182350627709
-0.4787,-0.12118416994643905
-0.4777000000000001,-0.11967042885558345
-0.4767,-0.11808595219973461
-0.4757000000000001,-0.11641659286589387
-0.4747,-0.11494529311403422
-0.4737000000000001,-0.11336081645818537
-0.4727,-0.11191781093232304
-0.4717000000000001,-0.10996550933850929
-0.4707,-0.10828200289166989
-0.4697000000000001,-0.10651361376683861
-0.4687,-0.10491498999799112
-0.4677000000000001,-0.10364174982811258
-0.4667,-0.1020148318332678
-0.4657000000000001,-0.10055767919440682
-0.4647,-0.09908637944254717
-0.4637000000000001,-0.09744531433470371
-0.4627,-0.09629939818181305
-0.4617000000000001,-0.09523836470691427
-0.4607,-0.09315873909611266
-0.4597000000000001,-0.0922674709771977
-0.4587,-0.0907254356603448
-0.4577000000000001,-0.08908437055250136
-0.4567,-0.08745745255765658
-0.4557000000000001,-0.08663692000373484
-0.4547,-0.08529294426886307
-0.4537000000000001,-0.08407629255097913
-0.4527,-0.08343967246603987
-0.4517000000000001,-0.08151566509822342
-0.4507,-0.08052536718831789
-0.4497000000000001,-0.0793228625834326
-0.4487,-0.07836085889952438
-0.4477000000000001,-0.0770734716166472
-0.4467,-0.07625293906272547
-0.4457000000000001,-0.07572949588177541
-0.4447,-0.07422990190391847
-0.4437000000000001,-0.07292836750804264
-0.4427,-0.07284348483005075
-0.4417000000000001,-0.0712307139482046
-0.4407,-0.06998576800432338
-0.4397000000000001,-0.06919352967639894
-0.4387,-0.06807590774950557
-0.4377000000000001,-0.06705731561360274
-0.4367,-0.06616604749468777
-0.4357000000000001,-0.0653313678277674
-0.4347,-0.06475133619482273
-0.4337000000000001,-0.06337906623395365
-0.4327,-0.062190708742067016
-0.4317000000000001,-0.061752148239108844
-0.43069999999999997,-0.060507202295227616
-0.4297000000000001,-0.05970081685430455
-0.42869999999999997,-0.05895101986537608
-0.4277000000000001,-0.05678651157658257
-0.42669999999999997,-0.05879540162239092
-0.4257000000000001,-0.05704115961055828
-0.42469999999999997,-0.05374488228187274
-0.4237000000000001,-0.05353267558689299
-0.42269999999999996,-0.052613113241980716
-0.4217000000000001,-0.05382976495986465
-0.42069999999999996,-0.05162281533207519
-0.4197000000000001,-0.05091545968214267
-0.41869999999999996,-0.049288541687297883
-0.41770000000000007,-0.04909048210531677
-0.41669999999999996,-0.048170919760404496
-0.41570000000000007,-0.047520152562466576
-0.41469999999999996,-0.046586443104555654
-0.41370000000000007,-0.045313202934677124
-0.41269999999999996,-0.045313202934677124
-0.41170000000000007,-0.04460584728474461
-0.41069999999999995,-0.043912638747810734
-0.40970000000000006,-0.04398337431280399
-0.40869999999999995,-0.043389195566860675
-0.40770000000000006,-0.04149348242504153
-0.40669999999999995,-0.0405597729671306
-0.40570000000000006,-0.04078612677510901
-0.40469999999999995,-0.039696799074212925
-0.40370000000000006,-0.03891870785928716
-0.40269999999999995,-0.03883382518129525
-0.40170000000000006,-0.03809817530536544
-0.40069999999999995,-0.03724934852544641
-0.39970000000000006,-0.036499551536517946
-0.39869999999999994,-0.036230756389543595
-0.39770000000000005,-0.03549510651361377
-0.39669999999999994,-0.03508484023665291
-0.39570000000000005,-0.0344906614907096
-0.39469999999999994,-0.03399551253575683
-0.39370000000000005,-0.03333059822482026
-0.39269999999999994,-0.03304765596484726
-0.39170000000000005,-0.03204321094194308
-0.39069999999999994,-0.03170368022997547
-0.38970000000000005,-0.031222678388021355
-0.38869999999999993,-0.030741676546067253
-0.38770000000000004,-0.03040214583409964
-0.38669999999999993,-0.029624054619173872
-0.38570000000000004,-0.029383553698196813
-0.38469999999999993,-0.029341112359200863
-0.38370000000000004,-0.028251784658304784
-0.38269999999999993,-0.028053725076323675
-0.38170000000000004,-0.02703513294042085
-0.3806999999999999,-0.026440954194477534
-0.37970000000000004,-0.026186306160501827
-0.3786999999999999,-0.025507244736566608
-0.37770000000000004,-0.024460358374666487
-0.3766999999999999,-0.02506868423360845
-0.37570000000000003,-0.024545241052658383
-0.3746999999999999,-0.024064239210704275
-0.37370000000000003,-0.02365397293374341
-0.3726999999999999,-0.022946617283810897
-0.37170000000000003,-0.023045647074801445
-0.3706999999999999,-0.023073941300798748
-0.36970000000000003,-0.021928025147908068
-0.3686999999999999,-0.02157434732294181
-0.3677,-0.02122066949797555
-0.3666999999999999,-0.020272812927065977
-0.3657,-0.020371842718056525
-0.3646999999999999,-0.019834252424107815
-0.3637,-0.019112749661176646
-0.3626999999999999,-0.019013719870186095
-0.3617,-0.018787366062207687
-0.36070000000000013,-0.018433688237241428
-0.3597,-0.017910245056291362
-0.35870000000000013,-0.017938539282288665
-0.3577,-0.017188742293360197
-0.35670000000000013,-0.01638235685243712
-0.3557,-0.016212591496453318
-0.3547000000000001,-0.01618429727045602
-0.3537,-0.01588720789748436
-0.3527000000000001,-0.015519382959519455
-0.3517,-0.015208146473549147
-0.3507000000000001,-0.014684703292599082
-0.3497,-0.014401761032626074
-0.3487000000000001,-0.014121648195252797
-0.3477,-0.01424614278964092
-0.3467000000000001,-0.013661867022796658
-0.3457,-0.013619425683800706
-0.3447000000000001,-0.013326580444728646
-0.3437,-0.012991293866660631
-0.3427000000000001,-0.012545659807203145
-0.3417,-0.012391456275517855
-0.3407000000000001,-0.012460777129211243
-0.3397,-0.011749177345379131
-0.3387000000000001,-0.011665709378687092
-0.3377,-0.011511505847001804
-0.3367000000000001,-0.01079990606316969
-0.3357,-0.010744732322474953
-0.3347000000000001,-0.010478766598100325
-0.3337,-0.009935517458952152
-0.3327000000000001,-0.010116600505334878
-0.3317,-0.009405000721502764
-0.3307000000000001,-0.009348412269508161
-0.3297,-0.009181476336124088
-0.3287000000000001,-0.00869340093767065
-0.3277,-0.008679253824672
-0.3267000000000001,-0.008315673020606686
-0.3257,-0.008287378794609385
-0.3247000000000001,-0.007980386442538673
-0.3237,-0.0075064581570838855
-0.3227000000000001,-0.00729708088470386
-0.3217,-0.0069617943066358455
-0.3207000000000001,-0.006794858373251771
-0.3197,-0.006528892648877144
-0.3187000000000001,-0.006278488748801033
-0.3177,-0.005900760831737068
-0.3167000000000001,-0.005636209818662306
-0.3157,-0.005467859173978367
-0.3147000000000001,-0.00556688896496892
-0.3137,-0.004784553616143553
-0.3127000000000001,-0.004729379875448818
-0.3117,-0.004351651958384852
-0.3107000000000001,-0.0046444971974569154
-0.3097,-0.004142274686004827
-0.3087000000000001,-0.003918750300626152
-0.3077,-0.003904603187627501
-0.3067000000000001,-0.003444822015171364
-0.30569999999999997,-0.0034023806761754134
-0.3047000000000001,-0.00308124121110605
-0.30369999999999997,-0.002983626131415362
-0.3027000000000001,-0.003040214583409964
-0.30169999999999997,-0.0024955507329619243
-0.3007000000000001,-0.0023144676865792004
-0.29969999999999997,-0.0022720263475832485
-0.2987000000000001,-0.001546279450752485
-0.29769999999999996,-0.001853271802823198
-0.2967000000000001,-0.0014486643710617977
-0.29569999999999996,-0.001392924745847115
-0.2947000000000001,-0.0013790605751084377
-0.29369999999999996,-0.00135104929137111
-0.29270000000000007,-0.0006811834908850152
-0.29169999999999996,-0.0007369231160996976
-0.29070000000000007,-0.0007369231160996976
-0.28969999999999996,-0.0004299307640289847
-0.28870000000000007,-1.1166316289834733e-05
-0.28769999999999996,-0.00029029875873230553
-0.28670000000000007,0.0001841954112424278
-0.28569999999999995,0.00044945377996712213
-0.28470000000000006,0.0007007065068231526
-0.28369999999999995,0.0005750801433951374
-0.28270000000000006,0.000910083779203178
-0.28169999999999995,0.0010217045007625295
-0.28070000000000006,0.0008820724954658504
-0.27969999999999995,0.001580232521949246
-0.27870000000000006,0.0015236440699546447
-0.27769999999999995,0.001621259149645332
-0.27670000000000006,0.0019565457277133454
-0.27569999999999995,0.001775462681330621
-0.27470000000000006,0.001970692840711996
-0.27369999999999994,0.0021800701130920215
-0.27270000000000005,0.0024177416114693475
-0.27169999999999994,0.002472915352164084
-0.27070000000000005,0.002779907704234797
-0.26969999999999994,0.0031434885083001115
-0.26870000000000005,0.0030034320896134728
-0.26769999999999994,0.003115194282302811
-0.26670000000000005,0.0031434885083001115
-0.26569999999999994,0.0035622430530601627
-0.26470000000000005,0.0037999145514374883
-0.26369999999999993,0.003812646953136274
-0.26270000000000004,0.003840941179133575
-0.26169999999999993,0.003995144710818863
-0.26070000000000004,0.004119639305206987
-0.25969999999999993,0.004259695723893626
-0.25870000000000004,0.004636008929657725
-0.25769999999999993,0.004594982301961639
-0.25670000000000004,0.004594982301961639
-0.2556999999999999,0.005153793265408328
-0.25470000000000004,0.004818506687340315
-0.2536999999999999,0.005166525667107114
-0.25270000000000004,0.005139646152409678
-0.2516999999999999,0.005530106471172428
-0.25070000000000003,0.005473518019177827
-0.24969999999999992,0.005627721550863115
-0.24870000000000003,0.005767777969549754
-0.24769999999999992,0.005753630856551104
-0.24670000000000003,0.0061440911753138545
-0.24569999999999992,0.005948861015932479
-0.24470000000000003,0.006241706255004542
-0.24369999999999992,0.006339321334695229
-0.24270000000000003,0.006381762673691181
-0.24169999999999991,0.006702902138760544
-0.24070000000000003,0.006841543846147317
-0.2396999999999999,0.007162683311216681
-0.23870000000000002,0.0070650682315259936
-0.2376999999999999,0.00713438908521938
-0.23670000000000002,0.007246151277908719
-0.23570000000000013,0.00733103395590062
-0.23470000000000002,0.007469675663287393
-0.23370000000000013,0.007553143629979431
-0.23270000000000002,0.007819109354354058
-0.23170000000000013,0.007652173420969983
-0.23070000000000002,0.007776668015358107
-0.22970000000000013,0.008028486626734083
-0.22870000000000001,0.007945018660042047
-0.22770000000000012,0.008573150477182122
-0.2267,0.008390652719499533
-0.22570000000000012,0.008168543045420721
-0.2247,0.008404799832498182
-0.22370000000000012,0.008628324217876859
-0.2227,0.008796674862560798
-0.22170000000000012,0.008851848603255533
-0.2207,0.008894289942251485
-0.21970000000000012,0.009172988068324898
-0.2187,0.00910366721463151
-0.21770000000000012,0.009242308922018284
-0.2167,0.009563448387087647
-0.2157000000000001,0.00943753908139966
-0.2147,0.00984214651316106
-0.2137000000000001,0.009898734965155663
-0.2127,0.009912882078154312
-0.2117000000000001,0.010163285978230423
-0.2107,0.010219874430225024
-0.2097000000000001,0.010177433091229074
-0.2087,0.010275048170919761
-0.2077000000000001,0.010331636622914362
-0.2067,0.010512719669297088
-0.2057000000000001,0.010596187635989124
-0.2047,0.010833859134366451
-0.2037000000000001,0.010764538280673063
-0.2027,0.010903179988059836
-0.2017000000000001,0.011071530632743777
-0.2007,0.011154998599435815
-0.1997000000000001,0.011252613679126503
-0.1987,0.011280907905123802
-0.1977000000000001,0.011545458918198566
-0.19669999999999999,0.011405402499511925
-0.1957000000000001,0.011921772123962664
-0.19469999999999998,0.011824157044271977
-0.1937000000000001,0.011978360575957265
-0.19269999999999998,0.012061828542649302
-0.1917000000000001,0.012118416994643905
-0.1907000000000001,0.01214529650934134
-0.1897000000000002,0.012578198167100041
-0.1887000000000001,0.012494730200408003
-0.1877000000000002,0.012578198167100041
-0.1867000000000001,0.012661666133792078
-0.1857000000000002,0.012858311004473318
-0.1847000000000001,0.012996952711860093
-0.1837000000000002,0.012899337632169404
-0.18270000000000008,0.01313700913054673
-0.1817000000000002,0.013275650837933504
-0.18070000000000008,0.013165303356544032
-0.1797000000000002,0.01324877132323607
-0.17870000000000008,0.013472295708614744
-0.1777000000000002,0.013765140947686808
-0.17670000000000008,0.013862756027377495
-0.1757000000000002,0.013820314688381543
-0.17470000000000008,0.014127307040452258
-0.1737000000000002,0.014316878354634173
-0.17270000000000008,0.014113159927453607
-0.17170000000000019,0.014401761032626074
-0.17070000000000007,0.014288584128636872
-0.16970000000000018,0.014599820614607179
-0.16870000000000007,0.014755438857592333
-0.16770000000000018,0.014514937936615275
-0.16670000000000007,0.01503838111756534
-0.16570000000000018,0.014939351326574786
-0.16470000000000007,0.015278882038542396
-0.16370000000000018,0.015264734925543746
-0.16270000000000007,0.015547677185516754
-0.16170000000000018,0.015392058942531598
-0.16070000000000007,0.015533530072518101
-0.15970000000000018,0.015703295428501907
-0.15870000000000006,0.015901355010483013
-0.15770000000000017,0.015957943462477614
-0.15670000000000006,0.016127708818461418
-0.15570000000000017,0.016354062626439823
-0.15470000000000006,0.01618429727045602
-0.15370000000000017,0.016368209739438477
-0.15270000000000006,0.01638235685243712
-0.15170000000000017,0.01660871066041553
-0.15070000000000006,0.016891652920388536
-0.14970000000000017,0.016750181790402035
-0.14870000000000005,0.017132153841365592
-0.14770000000000016,0.017018976937376393
-0.14670000000000005,0.017217036519357496
-0.14570000000000016,0.017457537440334552
-0.14470000000000005,0.0173302134233467
-0.14370000000000016,0.01769803836131161
-0.14270000000000005,0.01781121526530081
-0.14170000000000016,0.01769803836131161
-0.14070000000000005,0.01776877392630486
-0.13970000000000016,0.018292217107254923
-0.13870000000000005,0.01812245175127112
-0.13770000000000016,0.018419541124242777
-0.13670000000000004,0.01849027668923603
-0.13570000000000015,0.01853271802823198
-0.13470000000000004,0.01858930648022658
-0.13370000000000015,0.018773218949209036
-0.13270000000000004,0.018886395853198238
-0.13170000000000015,0.018744924723211737
-0.13070000000000004,0.0194098390341483
-0.12970000000000015,0.019565457277133456
-0.12870000000000004,0.019537163051136158
-0.12770000000000015,0.019622045729128058
-0.12670000000000003,0.019820105311109164
-0.12570000000000014,0.019721075520118612
-0.12470000000000003,0.02020207736207272
-0.12370000000000014,0.02020207736207272
-0.12270000000000003,0.020400136944053827
-0.12170000000000014,0.02032940137906058
-0.12070000000000003,0.02055575518703898
-0.11970000000000014,0.02073966765602144
-0.11870000000000003,0.02052746096104168
-0.11770000000000014,0.020824550334013342
-0.11670000000000003,0.020980168576998495
-0.11570000000000014,0.02124896372397285
-0.11470000000000002,0.021135786819983647
-0.11370000000000013,0.021461170418952607
-0.11270000000000002,0.021517758870947205
-0.11170000000000013,0.021701671339929663
-0.11070000000000024,0.02194217226090672
-0.10970000000000013,0.021843142469916164
-0.10870000000000024,0.022126084729889174
-0.10770000000000013,0.022592939458844635
-0.10670000000000024,0.02273441058883114
-0.10570000000000013,0.022508056780852735
-0.10470000000000024,0.02279099904082574
-0.10370000000000013,0.022890028831816296
-0.10270000000000024,0.023017352848804146
-0.10170000000000012,0.023356883560771757
-0.10070000000000023,0.023399324899767704
-0.09970000000000012,0.02359738448174881
-0.09870000000000023,0.023753002724733966
-0.09770000000000012,0.023696414272739365
-0.09670000000000023,0.023710561385738016
-0.09570000000000012,0.024106680549700225
-0.09470000000000023,0.024191563227692125
-0.09370000000000012,0.024446211261667832
-0.09270000000000023,0.02461597661765164
-0.09170000000000011,0.024644270843648942
-0.09070000000000022,0.02461597661765164
-0.08970000000000011,0.0249413602166206
-0.08870000000000022,0.02515356691160035
-0.08770000000000011,0.025238449589592253
-0.08670000000000022,0.02553553896256391
-0.08570000000000011,0.02577603988354097
-0.08470000000000022,0.02587506967453152
-0.08370000000000011,0.026115570595508578
-0.08270000000000022,0.026115570595508578
-0.0817000000000001,0.02645510130747619
-0.08070000000000022,0.02658242532446404
-0.0797000000000001,0.026851220471438397
-0.07870000000000021,0.026879514697435696
-0.0777000000000001,0.027120015618412752
-0.07670000000000021,0.027204898296404656
-0.0757000000000001,0.027162456957408702
-0.07470000000000021,0.027487840556377662
-0.0737000000000001,0.02775663570335202
-0.07270000000000021,0.027799077042347967
-0.0717000000000001,0.027799077042347967
-0.07070000000000021,0.028308373110299385
-0.0697000000000001,0.02860546248327104
-0.0687000000000002,0.02849228557928184
-0.0677000000000001,0.028761080726256192
-0.0667000000000002,0.028732786500258897
-0.06570000000000009,0.029058170099227856
-0.0647000000000002,0.029298671020204912
-0.06370000000000009,0.029383553698196813
-0.0627000000000002,0.02982211420115497
-0.06170000000000009,0.03010505646112798
-0.0607000000000002,0.03006261512213203
-0.059700000000000086,0.03047288139909289
-0.058700000000000196,0.030769970772064545
-0.057700000000000085,0.030812412111060502
-0.056700000000000195,0.030953883241047007
-0.05570000000000008,0.031123648597030807
-0.05470000000000019,0.031166089936026757
-0.05370000000000008,0.031194384162024056
-0.05270000000000019,0.031731974455972776
-0.05170000000000008,0.031802710020966025
-0.05070000000000019,0.031802710020966025
-0.04970000000000008,0.032057358054941726
-0.04870000000000019,0.03224127052392419
-0.047700000000000076,0.03256665412289315
-0.046700000000000186,0.03282130215686885
-0.045700000000000074,0.03296277328685536
-0.044700000000000184,0.033274009772825665
-0.04370000000000007,0.03337303956381622
-0.04270000000000018,0.033726717388782475
-0.04170000000000007,0.033896482744766275
-0.04070000000000018,0.034108689439746036
-0.03970000000000007,0.03432089613472579
-0.03870000000000018,0.03444822015171364
-0.03770000000000007,0.0346887210726907
-0.03670000000000018,0.03478775086368125
-0.035700000000000065,0.03501410467165966
-0.034700000000000175,0.035509253626612426
-0.03370000000000006,0.03533948827062862
-0.03270000000000017,0.03579219588658543
-0.03170000000000006,0.035961961242569236
-0.03070000000000017,0.036160020824550346
-0.02970000000000006,0.03666931689250175
-0.02870000000000017,0.03669761111849905
-0.027700000000000058,0.0369098178134788
-0.026700000000000168,0.03717861296045316
-0.025700000000000056,0.03707958316946261
-0.024700000000000166,0.03736252542943562
-0.023700000000000054,0.03757473212441537
-0.022700000000000164,0.03839526467833709
-0.021700000000000053,0.03819720509635599
-0.020700000000000163,0.03872064827730605
-0.01970000000000005,0.03893285497228581
-0.01870000000000016,0.03874894250330335
-0.01770000000000005,0.03937141547524397
-0.01670000000000016,0.039611916396221025
-0.015700000000000047,0.04009291823817514
-0.014700000000000157,0.04031927204615354
-0.013700000000000045,0.04012121246417244
-0.012700000000000156,0.04040415472414544
-0.011700000000000044,0.04070124409711711
-0.010700000000000154,0.04132371706905772
-0.009700000000000042,0.04156421799003478
-0.008700000000000152,0.041917895815001036
-0.00770000000000004,0.04254036878694165
-0.00670000000000015,0.04276672259492006
-0.005700000000000038,0.042950635063902516
-0.0047000000000001485,0.04300722351589712
-0.0037000000000000366,0.04357310803584313
-0.0027000000000001467,0.04355896092284448
-0.0017000000000000348,0.043771167617824236
-0.000700000000000145,0.04454925883275
0.00029999999999996696,0.0443511992507689
0.0012999999999998568,0.044662435736739205
0.0022999999999999687,0.04512929046569467
0.0032999999999998586,0.04520002603068792
0.0042999999999999705,0.04548296829066093
0.00529999999999986,0.04575176343763528
0.006299999999999972,0.04609129414960289
0.007299999999999862,0.046416677748571854
0.008299999999999974,0.04665717866954891
0.009299999999999864,0.04674206134754081
0.010299999999999976,0.04708159205950842
0.011299999999999866,0.04739282854547873
0.012299999999999978,0.04757674101446118
0.013299999999999867,0.043092106193889014
0.012299999999999978,0.03829623488734655
0.011299999999999866,0.03541022383562187
0.010299999999999976,0.033174979981835113
0.009299999999999864,0.03133585529201056
0.008299999999999974,0.029383553698196813
0.007299999999999862,0.027586870347368214
0.006299999999999972,0.02627118883849373
0.00529999999999986,0.024516946826661085
0.0042999999999999705,0.02313052975279335
0.0032999999999998586,0.022196820294882423
0.0022999999999999687,0.02048501962204573
0.0012999999999998568,0.019820105311109164
0.00029999999999996696,0.018702483384215783
-0.000700000000000145,0.017896097943292714
-0.0017000000000000348,0.01683506446839394
-0.0027000000000001467,0.01597209057547626
-0.0037000000000000366,0.014868615761581536
-0.0047000000000001485,0.014002812446064133
-0.005700000000000038,0.013053541163854694
-0.00670000000000015,0.012285352928027979
-0.00770000000000004,0.01176898330357724
-0.008700000000000152,0.011196025227131898
-0.009700000000000042,0.01045754592860235
-0.010700000000000154,0.009758678546469023
-0.011700000000000044,0.008894289942251485
-0.012700000000000156,0.008390652719499533
-0.013700000000000045,0.007916724434044745
-0.014700000000000157,0.007233418876209932
-0.015700000000000047,0.006660460799764593
-0.01670000000000016,0.0061992649160085905
-0.01770000000000005,0.005487665132176478
-0.01870000000000016,0.005306582085793753
-0.01970000000000005,0.004930268880029653
-0.020700000000000163,0.00403617133851495
-0.021700000000000053,0.00365985813275085
-0.022700000000000164,0.0032411035879907992
-0.023700000000000054,0.002877522783925485
-0.024700000000000166,0.002347006046476096
-0.025700000000000056,0.0019282515017160448
-0.026700000000000168,0.0015377911829532948
-0.027700000000000058,0.0016354062626439826
-0.02870000000000017,0.0010217045007625295
-0.02970000000000006,0.00033783305840777076
-0.03070000000000017,0.0003516972291464481
-0.03170000000000006,-8.09497805782774e-05
-0.03270000000000017,-0.0004578005766363259
-0.03370000000000006,-0.0007649343998370254
-0.034700000000000175,-0.001462811484060448
-0.035700000000000065,-0.001392924745847115
-0.03670000000000018,-0.0018957131418191493
-0.03770000000000007,-0.0023286147995778507
-0.03870000000000018,-0.0024814036199632744
-0.03970000000000007,-0.0027601017460366865
-0.04070000000000018,-0.0030260674704113135
-0.04170000000000007,-0.003151976776099302
-0.04270000000000018,-0.003304765596484726
-0.04370000000000007,-0.0038777236729300654
-0.044700000000000184,-0.0040446596063141394
-0.045700000000000074,-0.004184716025000778
-0.046700000000000186,-0.0045893234567621795
-0.047700000000000076,-0.0047987007291422044
-0.04870000000000019,-0.004924610034830193
-0.04970000000000008,-0.00556688896496892
-0.05070000000000019,-0.005747972011351644
-0.05170000000000008,-0.005803145752046381
-0.05270000000000019,-0.0062077531838077805
-0.05370000000000008,-0.006417130456187806
-0.05470000000000019,-0.006571333987873095
-0.05570000000000008,-0.007004235645631797
-0.056700000000000195,-0.006990088532633146
-0.057700000000000085,-0.007115997838321134
-0.058700000000000196,-0.007352254625398595
-0.059700000000000086,-0.0075616318977786215
-0.0607000000000002,-0.007548899496079835
-0.06170000000000009,-0.00812044286122531
-0.0627000000000002,-0.00814873708722261
-0.06370000000000009,-0.008553344518984013
-0.0647000000000002,-0.008636812485676049
-0.06570000000000009,-0.008748574678365387
-0.0667000000000002,-0.009124887884129487
-0.0677000000000001,-0.009139034997128138
-0.0687000000000002,-0.009153182110126787
-0.0697000000000001,-0.009641257508580225
-0.07070000000000021,-0.009726140186572127
-0.0717000000000001,-0.010060012053340275
-0.07270000000000021,-0.01001898542564419
-0.0737000000000001,-0.010171774246029613
-0.07470000000000021,-0.01039529863140829
-0.0757000000000001,-0.01079990606316969
-0.07670000000000021,-0.010911668255859028
-0.0777000000000001,-0.01098240382085228
-0.07870000000000021,-0.010968256707853629
-0.0797000000000001,-0.01137286413961503
-0.08070000000000022,-0.011484626332304368
-0.0817000000000001,-0.011582241411995054
-0.08270000000000022,-0.01162326803969114
-0.08370000000000011,-0.011944407504760505
-0.08470000000000022,-0.011986848843756457
-0.08570000000000011,-0.011958554617759154
-0.08670000000000022,-0.012600833547897882
-0.08770000000000011,-0.012433897614513807
-0.08870000000000022,-0.012558392208901932
-0.08970000000000011,-0.013019588092657932
-0.09070000000000022,-0.013005440979659283
-0.09170000000000011,-0.013145497398345923
-0.09270000000000023,-0.013243112478036608
-0.09370000000000012,-0.013395901298422032
-0.09470000000000023,-0.013661867022796658
-0.09570000000000012,-0.013731187876490048
-0.09670000000000023,-0.01394056514887007
-0.09770000000000012,-0.01406647445455806
-0.09870000000000023,-0.01410891579355401
-0.09970000000000012,-0.014415908145624722
-0.10070000000000023,-0.014373466806628774
-0.10170000000000012,-0.01465640906660178
-0.10270000000000024,-0.014896909987578835
-0.10370000000000013,-0.014783733083589632
-0.10470000000000024,-0.015151558021554544
-0.10570000000000013,-0.01501008689156804
-0.10670000000000024,-0.015646706976507305
-0.10770000000000013,-0.015533530072518101
-0.10870000000000024,-0.015335470490536997
-0.10970000000000013,-0.01568914831550326
-0.11070000000000024,-0.01546279450752485
-0.11170000000000013,-0.01573158965449921
-0.11270000000000002,-0.016170150157457368
-0.11370000000000013,-0.01625503283544927
-0.11470000000000002,-0.01646723953042903
-0.11570000000000014,-0.016693593338407434
-0.11670000000000003,-0.016820917355395284
-0.11770000000000014,-0.016891652920388536
-0.11870000000000003,-0.016721887564404736
-0.11970000000000014,-0.01728777208435075
-0.12070000000000003,-0.01731606631034805
-0.12170000000000014,-0.017231183632356147
-0.12270000000000003,-0.017457537440334552
-0.12370000000000014,-0.017839509491298113
-0.12470000000000003,-0.01781121526530081
-0.12570000000000014,-0.017924392169290013
-0.12670000000000003,-0.01813659886426977
-0.12770000000000015,-0.01812245175127112
-0.12870000000000004,-0.018362952672248176
-0.12970000000000015,-0.018433688237241428
-0.13070000000000004,-0.018391246898245478
-0.13170000000000015,-0.018815660288204986
-0.13270000000000004,-0.018801513175206338
-0.13370000000000015,-0.018744924723211737
-0.13470000000000004,-0.0191551910001726
-0.13570000000000015,-0.019367397695152354
-0.13670000000000004,-0.019395691921149656
-0.13770000000000016,-0.019565457277133456
-0.13870000000000005,-0.019523015938137503
-0.13970000000000016,-0.019805958198110513
-0.14070000000000005,-0.02008890045808352
-0.14170000000000016,-0.02000401778009162
-0.14270000000000005,-0.02000401778009162
-0.14370000000000016,-0.019933282215098366
-0.14470000000000005,-0.020371842718056525
-0.14570000000000016,-0.020598196526034934
-0.14670000000000005,-0.020654784978029535
-0.14770000000000016,-0.020569902300037635
-0.14870000000000005,-0.02086699167300929
-0.14970000000000017,-0.020951874351001196
-0.15070000000000006,-0.020980168576998495
-0.15170000000000017,-0.021107492593986348
-0.15270000000000006,-0.0212631108369715
-0.15370000000000017,-0.021164081045980946
-0.15470000000000006,-0.02158849443594046
-0.15570000000000017,-0.021645082887935062
-0.15670000000000006,-0.021729965565926962
-0.15770000000000017,-0.02208364339089322
-0.15870000000000006,-0.022295850085872978
-0.15970000000000018,-0.022168526068885124
-0.16070000000000007,-0.02232414431187028
-0.16170000000000018,-0.022338291424868928
-0.16270000000000007,-0.022281702972874327
-0.16370000000000018,-0.022508056780852735
-0.16470000000000007,-0.0230597941878001
-0.16570000000000018,-0.02276270481482844
-0.16670000000000007,-0.02276270481482844
-0.16770000000000018,-0.0232012653177866
-0.16870000000000007,-0.02313052975279335
-0.16970000000000018,-0.023144676865792004
-0.17070000000000007,-0.023611531594747465
-0.17170000000000019,-0.023625678707746112
-0.17270000000000008,-0.023356883560771757
-0.1737000000000002,-0.023724708498736664
-0.17470000000000008,-0.023753002724733966
-0.1757000000000002,-0.02389447385472047
-0.17670000000000008,-0.024375475696674583
-0.1777000000000002,-0.02424815167968673
-0.17870000000000008,-0.024021797871708325
-0.1797000000000002,-0.024545241052658383
-0.18070000000000008,-0.024417917035670533
-0.1817000000000002,-0.024870624651627343
-0.18270000000000008,-0.02474330063463949
-0.1837000000000002,-0.0249979486686152
-0.1847000000000001,-0.024842330425630044
-0.1857000000000002,-0.02512527268560305
-0.1867000000000001,-0.02539406783257741
-0.1877000000000002,-0.02512527268560305
-0.1887000000000001,-0.02547895051056931
-0.1897000000000002,-0.02554968607556256
-0.1907000000000001,-0.025818481222536924
-0.1917000000000001,-0.025974099465522073
-0.19269999999999998,-0.025832628335535568
-0.1937000000000001,-0.026087276369511275
-0.19469999999999998,-0.026440954194477534
-0.1957000000000001,-0.026398512855481584
-0.19669999999999999,-0.02652583687246944
-0.1977000000000001,-0.026695602228453245
-0.1987,-0.026766337793446494
-0.1997000000000001,-0.026837073358439746
-0.2007,-0.026766337793446494
-0.2017000000000001,-0.027176604070407354
-0.2027,-0.02709172139241545
-0.2037000000000001,-0.027219045409403307
-0.2047,-0.027445399217381712
-0.2057000000000001,-0.02762931168636417
-0.2067,-0.027770782816350672
-0.2077000000000001,-0.027572723234369562
-0.2087,-0.02774248859035337
-0.2097000000000001,-0.027855665494342572
-0.2107,-0.027714194364356067
-0.2117000000000001,-0.02829422599730073
-0.2127,-0.028322520223298033
-0.2137000000000001,-0.02847813846628319
-0.2147,-0.02860546248327104
-0.2157000000000001,-0.029044022986229205
-0.2167,-0.02888840474324405
-0.21770000000000012,-0.029058170099227856
-0.2187,-0.0290723172122265
-0.21970000000000012,-0.029114758551222454
-0.2207,-0.029100611438223806
-0.22170000000000012,-0.02927037679420761
-0.2227,-0.029284523907206258
-0.22370000000000012,-0.029256229681208955
-0.2247,-0.029510877715184666
-0.22570000000000012,-0.02979381997515767
-0.2267,-0.03006261512213203
-0.22770000000000012,-0.030048468009133376
-0.22870000000000001,-0.030487028512091542
-0.22970000000000013,-0.030458734286094236
-0.23070000000000002,-0.030232380478115835
-0.23170000000000013,-0.030543616964086147
-0.23270000000000002,-0.030741676546067253
-0.23370000000000013,-0.03079826499806185
-0.23470000000000002,-0.030769970772064545
-0.23570000000000013,-0.030713382320069947
-0.23670000000000002,-0.031137795710029458
-0.2376999999999999,-0.031194384162024056
-0.23870000000000002,-0.03146317930899842
-0.2396999999999999,-0.03120853127502271
-0.24070000000000003,-0.03157635621298762
-0.24169999999999991,-0.03168953311697682
-0.24270000000000003,-0.03161879755198357
-0.24369999999999992,-0.03185929847296063
-0.24470000000000003,-0.03202906382894443
-0.24569999999999992,-0.03177441579496872
-0.24670000000000003,-0.03231200608891744
-0.24769999999999992,-0.032340300314914736
-0.24870000000000003,-0.03195832826395118
-0.24969999999999992,-0.03229785897591879
-0.25070000000000003,-0.03258080123589179
-0.2516999999999999,-0.03259494834889044
-0.25270000000000004,-0.032807155043870204
-0.2536999999999999,-0.03287789060886345
-0.25470000000000004,-0.03294862617385671
-0.2556999999999999,-0.03301936173884996
-0.25670000000000004,-0.033274009772825665
-0.25769999999999993,-0.033274009772825665
-0.25870000000000004,-0.033344745337818914
-0.25969999999999993,-0.03350036358080407
-0.26070000000000004,-0.03375501161477978
-0.26169999999999993,-0.03340133378981351
-0.26270000000000004,-0.03398136542275818
-0.26369999999999993,-0.03395307119676088
-0.26470000000000005,-0.03405210098775143
-0.26569999999999994,-0.03415113077874199
-0.26670000000000005,-0.03443407303871499
-0.26769999999999994,-0.0345755441687015
-0.26870000000000005,-0.034561397055702846
-0.26969999999999994,-0.034929221993667756
-0.27070000000000005,-0.035198017140642114
-0.27169999999999994,-0.03481604508967855
-0.27270000000000005,-0.03522631136663941
-0.27369999999999994,-0.035282899818634014
-0.27470000000000006,-0.03541022383562187
-0.27569999999999995,-0.035820490112582724
-0.27670000000000006,-0.03608928525955708
-0.27769999999999995,-0.03608928525955708
-0.27870000000000006,-0.036230756389543595
-0.27969999999999995,-0.036400521745527395
-0.28070000000000006,-0.03631563906753549
-0.28169999999999995,-0.036839082248485554
-0.28270000000000006,-0.03679664090948961
-0.28369999999999995,-0.036839082248485554
-0.28470000000000006,-0.037235201412447766
-0.28569999999999995,-0.03695225915247476
-0.28670000000000007,-0.03737667254243427
-0.28769999999999996,-0.03724934852544641
-0.28870000000000007,-0.03753229078541943
-0.28969999999999996,-0.03768790902840457
-0.29070000000000007,-0.03790011572338433
-0.29169999999999996,-0.03808402819236679
-0.29270000000000007,-0.038423558904334396
-0.29369999999999996,-0.0383669704523398
-0.2947000000000001,-0.038706501164307405
-0.29569999999999996,-0.038961149198283106
-0.2967000000000001,-0.03898944342428041
-0.29769999999999996,-0.03898944342428041
-0.2987000000000001,-0.03939970970124127
-0.29969999999999997,-0.03930067991025072
-0.3007000000000001,-0.039626063509219676
-0.30169999999999997,-0.039824123091200786
-0.3027000000000001,-0.03999388844718459
-0.30369999999999997,-0.04010706535117379
-0.3047000000000001,-0.040531478741133296
-0.30569999999999997,-0.0405597729671306
-0.3067000000000001,-0.04082856811410496
-0.3077,-0.04082856811410496
-0.3087000000000001,-0.04111151037407796
-0.3097,-0.04128127573006177
-0.3107000000000001,-0.04121054016506852
-0.3117,-0.041748130459017235
-0.3127000000000001,-0.04171983623301993
-0.3137,-0.042186690961975394
-0.3147000000000001,-0.04269598702992681
-0.3157,-0.04239889765695515
-0.3167000000000001,-0.04299307640289847
-0.3177,-0.04327601866287147
-0.3187000000000001,-0.04360140226184043
-0.3197,-0.04368628493983233
-0.3207000000000001,-0.0442097281207824
-0.3217,-0.04416728678178644
-0.3227000000000001,-0.0444077877027635
-0.3237,-0.04481805397972436
-0.3247000000000001,-0.04490293665771626
-0.3257,-0.045115143352696015
-0.3267000000000001,-0.04544052695166498
-0.3277,-0.04573761632463663
-0.3287000000000001,-0.04621861816659075
-0.3297,-0.0463742364095759
-0.3307000000000001,-0.04674206134754081
-0.3317,-0.04679864979953541
-0.3327000000000001,-0.046982562268517866
-0.3337,-0.04718062185049897
-0.3347000000000001,-0.04756259390146254
-0.3357,-0.048086037082412596
-0.3367000000000001,-0.04835483222938696
-0.3377,-0.048609480263362655
-0.3387000000000001,-0.04858118603736536
-0.3397,-0.04924610034830192
-0.3407000000000001,-0.04951489549527628
-0.3417,-0.04976954352925199
-0.3427000000000001,-0.05033542804919801
-0.3437,-0.05051934051818046
-0.3447000000000001,-0.05098619524713593
-0.3457,-0.05135402018510083
-0.3467000000000001,-0.05200478738303874
-0.3477,-0.05203308160903605
-0.3487000000000001,-0.05252823056398881
-0.3497,-0.05292434972795102
-0.3507000000000001,-0.05319314487492538
-0.3517,-0.0538439120728633
-0.3527000000000001,-0.0541551485588336
-0.3537,-0.05445223793180526
-0.3547000000000001,-0.05511715224274182
-0.3557,-0.055074710903745876
-0.35670000000000013,-0.05548497718070674
-0.3577,-0.0560650088136514
-0.35870000000000013,-0.056093303039648705
-0.3597,-0.05695627693256638
-0.36070000000000013,-0.05716848362754613
-0.3617,-0.05776266237348945
-0.3626999999999999,-0.057946574842471905
-0.3637,-0.058526606475416576
-0.3646999999999999,-0.059050049656366635
-0.3657,-0.05936128614233694
-0.3666999999999999,-0.06029499560024786
-0.3677,-0.06035158405224247
-0.3686999999999999,-0.060775997442201975
-0.36970000000000003,-0.06172385401311155
-0.3706999999999999,-0.0617097069001129
-0.37170000000000003,-0.06241706255004542
-0.3726999999999999,-0.06254438656703327
-0.37370000000000003,-0.06292635861799684
-0.3746999999999999,-0.06397324497989695
-0.37570000000000003,-0.06397324497989695
-0.3766999999999999,-0.06459571795183758
-0.37770000000000004,-0.06524648514977549
-0.3786999999999999,-0.06574163410472825
-0.37970000000000004,-0.06618019460768641
-0.3806999999999999,-0.06702902138760544
-0.38170000000000004,-0.0676090530205501
-0.38269999999999993,-0.06799102507151367
-0.38370000000000004,-0.06875496917344079
-0.38469999999999993,-0.0691793825634003
-0.38570000000000004,-0.06987259110033416
-0.38669999999999993,-0.07067897654125724
-0.38770000000000004,-0.07135803796519245
-0.38869999999999993,-0.07148536198218029
-0.38970000000000005,-0.07217857051911417
-0.39069999999999994,-0.07321130976801564
-0.39170000000000005,-0.07413087211292792
-0.39269999999999994,-0.07444210859889823
-0.39370000000000005,-0.07461187395488203
-0.39469999999999994,-0.075503142073797
-0.39570000000000005,-0.07567290742978082
-0.39669999999999994,-0.07645099864470659
-0.39770000000000005,-0.07748373789360806
-0.39869999999999994,-0.07783741571857432
-0.39970000000000006,-0.07853062425550819
-0.40069999999999995,-0.07899747898446366
-0.40170000000000006,-0.07998777689436919
-0.40269999999999995,-0.08032730760633679
-0.40370000000000006,-0.0811478401602585
-0.40469999999999995,-0.08195422560118158
-0.40570000000000006,-0.08271816970310869
-0.40669999999999995,-0.08359529070902501
-0.40770000000000006,-0.08435923481095214
-0.40869999999999995,-0.0849109722178995
-0.40970000000000006,-0.08563247498083068
-0.41069999999999995,-0.08649544887374834
-0.41170000000000007,-0.08704718628069572
-0.41269999999999996,-0.08783942460862013
-0.41370000000000007,-0.08868825138853914
-0.41469999999999996,-0.08926828302148382
-0.41570000000000007,-0.09000393289741364
-0.41669999999999996,-0.09082446545133536
-0.41770000000000007,-0.09177232202224493
-0.41869999999999996,-0.09257870746316801
-0.4197000000000001,-0.09355485826007487
-0.42069999999999996,-0.09485639265595071
-0.4217000000000001,-0.09529495315890889
-0.42269999999999996,-0.09612963282582924
-0.4237000000000001,-0.09713407784873342
-0.42469999999999997,-0.09812437575863896
-0.4257000000000001,-0.09907223232954852
-0.42669999999999997,-0.10017570714344325
-0.4277000000000001,-0.10101038681036362
-0.42869999999999997,-0.1017601837992921
-0.4297000000000001,-0.10248168656222324
-0.43069999999999997,-0.10345783735913014
-0.4317000000000001,-0.10436325259104375
-0.4327,-0.10514134380596953
-0.4337000000000001,-0.10632970129785616
-0.4347,-0.10746147033774818
-0.4357000000000001,-0.10811223753568612
-0.4367,-0.10937133059256597
-0.4377000000000001,-0.109937215112512
-0.4387,-0.11096995436141348
-0.4397000000000001,-0.1122149003052947
-0.4407,-0.11269590214724882
-0.4417000000000001,-0.11385596541313814
-0.4427,-0.11505847001802343
-0.4437000000000001,-0.11606291504092761
-0.4447,-0.11696833027284123
-0.4457000000000001,-0.11860939538068467
-0.4467,-0.11955725195159424
-0.4477000000000001,-0.12023631337552945
-0.4487,-0.12199055538736212
-0.4497000000000001,-0.12268376392429597
-0.4507,-0.1238438271901853
-0.4517000000000001,-0.12493315489108141
-0.4527,-0.1256688047670112
-0.4537000000000001,-0.12702692761488163
-0.4547,-0.12797478418579122
-0.4557000000000001,-0.1289792292086954
-0.4567,-0.13063444142953748
-0.4577000000000001,-0.131907681599416
-0.4587,-0.13251600745835798
-0.4597000000000001,-0.13444001482617443
-0.4607,-0.1357274021090516
-0.4617000000000001,-0.13742505566888966
-0.4627,-0.1385285304827844
-0.4637000000000001,-0.1394622399406953
-0.4647,-0.1407213329975752
-0.4657000000000001,-0.14189554337646318
-0.4667,-0.14302731241635522
-0.4677000000000001,-0.14500790823616627
-0.4687,-0.1458567350160853
-0.4697000000000001,-0.14727144631595032
-0.4707,-0.14826174422585583
-0.4717000000000001,-0.15052528230563988
-0.4727,-0.15179852247551845
-0.4737000000000001,-0.15377911829532948
-0.4747,-0.1551938295951945
-0.4757000000000001,-0.15689148315503257
-0.4767,-0.15788178106493808
-0.4777000000000001,-0.15943796349478964
-0.4787,-0.16113561705462764
-0.4797000000000001,-0.1624088572245062
-0.4807,-0.16438945304431726
-0.48170000000000013,-0.16651151999411481
-0.4827,-0.16764328903400685
-0.48370000000000013,-0.17004829824377743
-0.4847,-0.17118006728366944
-0.48570000000000013,-0.1731606631034805
-0.4867,-0.17528273005327805
-0.4876999999999999,-0.1768389124831296
-0.4887,-0.1783950949129811
-0.4896999999999999,-0.1808001041227517
-0.4907,-0.18164893090267073
-0.4916999999999999,-0.18419541124242778
-0.4927,-0.18660042045219835
-0.4936999999999999,-0.18858101627200938
-0.49470000000000003,-0.19070308322180693
-0.4956999999999999,-0.1919763233916855
-0.49670000000000003,-0.19381544808151
-0.4976999999999999,-0.19551310164134805
-0.49870000000000003,-0.19848399537106462
-0.4996999999999999,-0.20046459119087567
-0.5007,-0.20244518701068673
-0.5016999999999999,-0.20513313848043033
-0.5027,-0.20725520543022788
-0.5036999999999999,-0.20937727238002546
-0.5047,-0.212065223849769
-0.5056999999999999,-0.21390434853959353
-0.5067,-0.21630935774936413
-0.5076999999999999,-0.2195631937390537
-0.5087,-0.22239261633878374
-0.5096999999999999,-0.22493909667854084
-0.5107,-0.2279099904082574
-0.5116999999999999,-0.23031499961802795
-0.5127,-0.23385177786769054
-0.5136999999999999,-0.23710561385738013
-0.5147,-0.2393691519371642
-0.5156999999999999,-0.24333034357678635
-0.5167,-0.2460182950465299
-0.5176999999999999,-0.24941360216620592
-0.5187,-0.2526674381558955
-0.5196999999999999,-0.25493097623567956
-0.5207,-0.25790186996539616
-0.5216999999999999,-0.2620045327350048
-0.5227,-0.2661071955046134
-0.5236999999999999,-0.2689366181043435
-0.5247,-0.2727563386139791
-0.5257,-0.2774248859035337
-0.5267000000000001,-0.28025430850326377
-0.5277,-0.2840740290128994
-0.5287000000000001,-0.2880352206525215
-0.5297,-0.2924208256821031
-0.5307000000000001,-0.29680643071168467
-0.5317,-0.3018993913911988
-0.5327000000000001,-0.3061435252907939
-0.5337,-0.310104716930416
-0.5347000000000001,-0.31519767760993017
-0.5357,-0.31986622489948474
-0.5367000000000001,-0.3246762433190259
-0.5377,-0.3293447906085805
-0.5387000000000001,-0.3344377512880947
-0.5397,-0.33981365422758186
-0.5407000000000001,-0.3450480860370824
-0.5417,-0.3508484023665291
-0.5427000000000001,-0.3565072475659892
-0.5437,-0.36273197728539536
-0.5447000000000001,-0.3685322936148421
-0.5457,-0.37461555220426174
-0.5467000000000001,-0.3806988107936814
-0.5477,-0.387065011643074
-0.5487000000000001,-0.39343121249246665
-0.5497,-0.40036329786180536
-0.5507000000000001,-0.4072953832311441
-0.5517,-0.41451041086045576
-0.5527000000000001,-0.42271573639967297
-0.5537,-0.42865752385910616
-0.5547000000000001,-0.43601402261840433
-0.5557,-0.44549258832750005
-0.5567000000000001,-0.4528490870867982
-0.5577,-0.46119588375600196
-0.5587000000000001,-0.46968415155519216
-0.5597,-0.47944565952426094
-0.5607000000000001,-0.48892422523335666
-0.5617,-0.49896867546239837
-0.5627000000000001,-0.5088716545614537
-0.5637,-0.5189161047904954
-0.5647000000000001,-0.5302337951894158
-0.5657,-0.5416929567183226
-0.5667000000000001,-0.5513129935574048
-0.5677,-0.5631965684762711
-0.5687000000000001,-0.5747972011351644
-0.5697,-0.5875296028339497
-0.5707000000000001,-0.6006864179226945
-0.5717,-0.6131358773615069
-0.5727000000000001,-0.6255853368003192
-0.5737,-0.639873920928956
-0.5747000000000001,-0.6537380916676334
-0.5757,-0.6678852046662839
-0.5767000000000001,-0.6831640867048262
-0.5777,-0.6985844398733552
-0.5787000000000001,-0.713721850781911
-0.5797,-0.7291422039504398
-0.5807000000000001,-0.7454113838988878
-0.5817,-0.7635196885371602
-0.5827000000000001,-0.7810621086554868
-0.5837,-0.7993118844237457
-0.5847000000000001,-0.8186934292318968
-0.5857,-0.8394896853399128
-0.5867000000000001,-0.8365187916101962
-0.5857,-0.8210984384416673
-0.5847000000000001,-0.808931921262828
-0.5837,-0.7966239329540021
-0.5827000000000001,-0.7843159446451763
-0.5817,-0.771017658426445
-0.5807000000000001,-0.7588511412476057
-0.5797,-0.7471090374587258
-0.5787000000000001,-0.7348010491499001
-0.5777,-0.7232004164910067
-0.5767000000000001,-0.7118827260920865
-0.5757,-0.6994332666532742
-0.5747000000000001,-0.6874082206044214
-0.5737,-0.6748172900356225
-0.5727000000000001,-0.6629337151167561
-0.5717,-0.6511916113278763
-0.5707000000000001,-0.6400153920589425
-0.5697,-0.6282732882700627
-0.5687000000000001,-0.6180873669110345
-0.5677,-0.6063452631221548
-0.5667000000000001,-0.595169043853221
-0.5657,-0.582861055544395
-0.5647000000000001,-0.5722507207954074
-0.5637,-0.561781857176406
-0.5627000000000001,-0.5525862337272834
-0.5617,-0.5419758989782956
-0.5607000000000001,-0.5317899776192673
-0.5597,-0.5218869985202121
-0.5587000000000001,-0.5122669616811297
-0.5577,-0.50335428049198
-0.5567000000000001,-0.49401718591287075
-0.5557,-0.4845386202037751
-0.5547000000000001,-0.47548446788463883
-0.5537,-0.4664303155655025
-0.5527000000000001,-0.4583664611562719
-0.5517,-0.44959525109710863
-0.5507000000000001,-0.442097281207824
-0.5497,-0.43375048453862025
-0.5487000000000001,-0.42625251464933556
-0.5477,-0.41847160250007787
-0.5467000000000001,-0.4111151037407797
-0.5457,-0.4037586049814815
-0.5447000000000001,-0.39583622170223726
-0.5437,-0.3884797229429391
-0.5427000000000001,-0.38168910870358685
-0.5417,-0.3750399655942212
-0.5407000000000001,-0.3686737647448286
-0.5397,-0.36188315050547637
-0.5387000000000001,-0.35495106513613767
-0.5377,-0.34886780654671806
-0.5367000000000001,-0.3432089613472579
-0.5357,-0.33684276049786527
-0.5347000000000001,-0.3309009730384321
-0.5337,-0.32425182992906637
-0.5327000000000001,-0.31802710020966024
-0.5317,-0.3122267838802136
-0.5307000000000001,-0.3071338232006995
-0.5297,-0.3018993913911988
-0.5287000000000001,-0.29652348845171167
-0.5277,-0.2915719989021841
-0.5267000000000001,-0.28676198048264295
-0.5257,-0.2811031352831828
-0.5247,-0.27615164573365514
-0.5236999999999999,-0.27120015618412757
-0.5227,-0.26723896454450546
-0.5216999999999999,-0.2620045327350048
-0.5207,-0.25691157205549064
-0.5196999999999999,-0.2523844958959225
-0.5187,-0.2482818331263139
-0.5176999999999999,-0.24389622809673234
-0.5167,-0.2399350364571102
-0.5156999999999999,-0.23526648916755558
-0.5147,-0.23144676865792
-0.5136999999999999,-0.22748557701829786
-0.5127,-0.22366585650866228
-0.5116999999999999,-0.2199876071290132
-0.5107,-0.2161678866193776
-0.5096999999999999,-0.21277257949970152
-0.5087,-0.2082455033401334
-0.5076999999999999,-0.20527460961041682
-0.5067,-0.20187930249074074
-0.5056999999999999,-0.19820105311109162
-0.5047,-0.19452280373144254
-0.5036999999999999,-0.19098602548177993
-0.5027,-0.18801513175206336
-0.5016999999999999,-0.1847612957623738
-0.5007,-0.18150745977268423
-0.4996999999999999,-0.17881950830294063
-0.49870000000000003,-0.17556567231325104
-0.4976999999999999,-0.1728777208435075
-0.49670000000000003,-0.1697653559838044
-0.4956999999999999,-0.16721887564404736
-0.49470000000000003,-0.16467239530429026
-0.4936999999999999,-0.1617015015745737
-0.4927,-0.1587306078448571
-0.4916999999999999,-0.15618412750510002
-0.4907,-0.15392058942531597
-0.4896999999999999,-0.1512326379555724
-0.4887,-0.14783733083589634
-0.4876999999999999,-0.14557379275611226
-0.4867,-0.1433102546763282
-0.48570000000000013,-0.1404383907376022
-0.4847,-0.138302176674806
-0.48370000000000013,-0.13598205014302733
-0.4827,-0.13390242453222573
-0.48170000000000013,-0.13210574118139712
-0.4807,-0.12941778971165355
-0.4797000000000001,-0.12781916594280607
-0.4787,-0.12569709899300852
-0.4777000000000001,-0.12337697246122986
-0.4767,-0.12141052375441745
-0.4757000000000001,-0.11954310483859559
-0.4747,-0.11759080324478184
-0.4737000000000001,-0.11576582566795594
-0.4727,-0.1136154644921611
-0.4717000000000001,-0.11160657444635275
-0.4707,-0.10985233243452008
-0.4697000000000001,-0.10818297310067936
-0.4687,-0.10638628974985076
-0.4677000000000001,-0.10441984104303836
-0.4667,-0.10287780572618546
-0.4657000000000001,-0.10127918195733798
-0.4647,-0.0997654408664824
-0.4637000000000001,-0.0984497593576079
-0.4627,-0.09653989910279011
-0.4617000000000001,-0.09488468688194801
-0.4607,-0.09361144671206949
-0.4597000000000001,-0.09222502963820174
-0.4587,-0.09056981741735964
-0.4577000000000001,-0.08899948787450947
-0.4567,-0.0872735400886741
-0.4557000000000001,-0.08584468167581043
-0.4547,-0.0848260895399076
-0.4537000000000001,-0.08319917154506282
-0.4527,-0.08192593137518428
-0.4517000000000001,-0.08070927965730033
-0.4507,-0.07937945103542722
-0.4497000000000001,-0.07810621086554868
-0.4487,-0.07667735245268498
-0.4477000000000001,-0.07570120165577811
-0.4467,-0.07430063746891173
-0.4457000000000001,-0.07284348483005075
-0.4447,-0.07188148114614251
-0.4437000000000001,-0.07090533034923564
-0.4427,-0.06985844398733551
-0.4417000000000001,-0.06852861536546237
-0.4407,-0.06714219829159464
-0.4397000000000001,-0.06589725234771342
-0.4387,-0.06480792464681732
-0.4377000000000001,-0.06380347962391315
-0.4367,-0.06251609234103597
-0.4357000000000001,-0.06166726556111695
-0.4347,-0.06127114639715474
-0.4337000000000001,-0.05972911108030186
-0.4327,-0.05880954873538958
-0.4317000000000001,-0.05798901618146785
-0.43069999999999997,-0.056744070237586625
-0.4297000000000001,-0.05578206655367839
-0.42869999999999997,-0.054791768643772866
-0.4277000000000001,-0.0539287947508552
-0.42669999999999997,-0.05310826219693348
-0.4257000000000001,-0.0520472287220347
-0.42469999999999997,-0.051113519264123775
-0.4237000000000001,-0.05060422319617236
-0.42269999999999996,-0.04965636662526278
-0.4217000000000001,-0.04848215624637481
-0.42069999999999996,-0.04767577080545173
-0.4197000000000001,-0.0464591190875678
-0.41869999999999996,-0.046147882601597495
-0.41770000000000007,-0.04538393849967037
-0.41669999999999996,-0.0443229050247716
-0.41570000000000007,-0.043742873391826934
-0.41469999999999996,-0.04306381196789172
-0.41370000000000007,-0.042016925605991594
-0.41269999999999996,-0.04166324778102533
-0.41170000000000007,-0.04070124409711711
-0.41069999999999995,-0.03988071154319539
-0.40970000000000006,-0.03930067991025072
-0.40869999999999995,-0.03855088292132225
-0.40770000000000006,-0.03806988107936814
-0.40669999999999995,-0.037235201412447766
-0.40570000000000006,-0.0366551697795031
-0.40469999999999995,-0.03597610835556788
-0.40370000000000006,-0.03467457395969205
-0.40269999999999995,-0.0346887210726907
-0.40170000000000006,-0.033910629857764926
-0.40069999999999995,-0.03337303956381622
-0.39970000000000006,-0.0329203319478594
-0.39869999999999994,-0.03198662248994848
-0.39770000000000005,-0.031151942823028106
-0.39669999999999994,-0.0307275294330686
-0.39570000000000005,-0.030133350687125283
-0.39469999999999994,-0.02972308441016442
-0.39370000000000005,-0.029553319054180613
-0.39269999999999994,-0.02849228557928184
-0.39170000000000005,-0.02796884239833177
-0.39069999999999994,-0.02741710499138441
-0.38970000000000005,-0.027134162731411407
-0.38869999999999993,-0.02628533595149238
-0.38770000000000004,-0.026016540804518026
-0.38669999999999993,-0.02509697845960575
-0.38570000000000004,-0.024729153521640842
-0.38469999999999993,-0.02434718147067728
-0.38370000000000004,-0.023795444063729916
-0.38269999999999993,-0.023356883560771757
-0.38170000000000004,-0.023031499961802798
-0.3806999999999999,-0.022621233684841938
-0.37970000000000004,-0.022225114520879725
-0.3786999999999999,-0.021786554017921567
-0.37770000000000004,-0.02119237527197825
-0.3766999999999999,-0.020951874351001196
-0.37570000000000003,-0.02052746096104168
-0.3746999999999999,-0.019961576441095665
-0.37370000000000003,-0.019537163051136158
-0.3726999999999999,-0.0191551910001726
-0.37170000000000003,-0.018645894932221182
-0.3706999999999999,-0.01856101225422928
-0.36970000000000003,-0.017881950830294063
-0.3686999999999999,-0.017429243214337253
-0.3677,-0.017089712502369642
-0.3666999999999999,-0.016410651078434424
-0.3657,-0.015986237688474913
-0.3646999999999999,-0.016170150157457368
-0.3637,-0.015377911829532949
-0.3626999999999999,-0.014925204213576137
-0.3617,-0.014797880196588285
-0.36070000000000013,-0.01427443701563822
-0.3597,-0.013997153600864672
-0.35870000000000013,-0.013800508730183434
-0.3577,-0.013591131457803407
-0.35670000000000013,-0.01310305605934997
-0.3557,-0.012781916594280606
-0.3547000000000001,-0.012572539321900581
-0.3537,-0.012070316810448494
-0.3527000000000001,-0.01219622611613648
-0.3517,-0.011456332106307067
-0.3507000000000001,-0.011470479219305718
-0.3497,-0.01095410959485498
-0.3487000000000001,-0.01079990606316969
-0.3477,-0.010325977777714903
-0.3467000000000001,-0.01000483831264554
-0.3457,-0.009893076119956202
-0.3447000000000001,-0.009516762914192102
-0.3437,-0.008972099063744063
-0.3427000000000001,-0.008957951950745412
-0.3417,-0.0086509595986747
-0.3407000000000001,-0.008287378794609385
-0.3397,-0.008329820133605335
-0.3387000000000001,-0.00807800152222936
-0.3377,-0.007575779010777272
-0.3367000000000001,-0.007311227997702509
-0.3357,-0.007073556499325183
-0.3347000000000001,-0.006892473452942458
-0.3337,-0.006487866021181058
-0.3327000000000001,-0.006236047409805081
-0.3317,-0.005817292865045031
-0.3307000000000001,-0.005664504044659607
-0.3297,-0.005300923240594293
-0.3287000000000001,-0.0050773988552156165
-0.3277,-0.005315070353592943
-0.3267000000000001,-0.004603470569760829
-0.3257,-0.004505855490070141
-0.3247000000000001,-0.004449267038075541
-0.3237,-0.004239889765695516
-0.3227000000000001,-0.003765961480240728
-0.3217,-0.0036966406265473407
-0.3207000000000001,-0.0031788562907967373
-0.3197,-0.003304765596484726
-0.3187000000000001,-0.0027742488590353368
-0.3177,-0.0025790186996539617
-0.3167000000000001,-0.0023144676865792004
-0.3157,-0.0023144676865792004
-0.3147000000000001,-0.0023003205735805496
-0.3137,-0.002062649075203223
-0.3127000000000001,-0.0018957131418191493
-0.3117,-0.001546279450752485
-0.3107000000000001,-0.0012115587572044174
-0.3097,-0.0010579211100390745
-0.3087000000000001,-0.0008904192921350541
-0.3077,-0.000988175842955728
-0.3067000000000001,-0.0008206740250517079
-0.30569999999999997,-0.000499676031112331
-0.3047000000000001,-0.0001367884355839504
-0.30369999999999997,-0.0003181685713396468
-0.3027000000000001,0.00024007650758709669
-0.30169999999999997,0.0006169555978711424
-0.3007000000000001,0.00032382741653910686
-0.29969999999999997,0.0006588310523471476
-0.2987000000000001,0.0007425819612991578
-0.29769999999999996,0.0007285763194304939
-0.2967000000000001,0.0010495743133698708
-0.29569999999999996,0.0013286968528332425
-0.2947000000000001,0.0013705723073092475
-0.29369999999999996,0.001663700488641283
-0.29270000000000007,0.00173302134233467
-0.29169999999999996,0.00191551910001726
-0.29070000000000007,0.001998987066709297
-0.28969999999999996,0.0024587682391654336
-0.28870000000000007,0.002263538079784059
-0.28769999999999996,0.0023059794187800095
-0.28670000000000007,0.0025153566911600353
-0.28569999999999995,0.0026964397375427596
-0.28470000000000006,0.002934111235920086
-0.28369999999999995,0.0029751378636161717
-0.28270000000000006,0.0031717827342974125
-0.28169999999999995,0.003533948827062861
-0.28070000000000006,0.0031845151359961976
-0.27969999999999995,0.0036174167937548986
-0.27870000000000006,0.0037433260994428866
-0.27769999999999995,0.003812646953136274
-0.27670000000000006,0.00420452198319889
-0.27569999999999995,0.004357310803584313
-0.27470000000000006,0.004316284175888227
-0.27369999999999994,0.0044690729962736505
-0.27270000000000005,0.004761918235345714
-0.27169999999999994,0.004525661448268253
-0.27070000000000005,0.004944415993028303
-0.26969999999999994,0.0051113519264123775
-0.26870000000000005,0.005068910587416427
-0.26769999999999994,0.005139646152409678
-0.26670000000000005,0.005515959358173779
-0.26569999999999994,0.005251408345099016
-0.26470000000000005,0.005613574437864466
-0.26369999999999993,0.005879540162239092
-0.26270000000000004,0.005530106471172428
-0.26169999999999993,0.005837098823243141
-0.26070000000000004,0.006018181869625865
-0.25969999999999993,0.006158238288312504
-0.25870000000000004,0.006186532514309805
-0.25769999999999993,0.006284147594000493
-0.25670000000000004,0.006520404381077954
-0.2556999999999999,0.006729781653457979
-0.25470000000000004,0.006688755025761894
-0.2536999999999999,0.006772222992453929
-0.25270000000000004,0.006912279411140569
-0.2516999999999999,0.007093362457523294
-0.25070000000000003,0.0073168868429019695
-0.24969999999999992,0.007372060583596706
-0.24870000000000003,0.007357913470598055
-0.24769999999999992,0.007652173420969983
-0.24670000000000003,0.0077497885006606705
-0.24569999999999992,0.007693200048666069
-0.24470000000000003,0.007930871547043396
-0.24369999999999992,0.008000192400736782
-0.24270000000000003,0.008000192400736782
-0.24169999999999991,0.008168543045420721
-0.24070000000000003,0.008307184752807496
-0.2396999999999999,0.008461388284492785
-0.23870000000000002,0.00860002999187956
-0.2376999999999999,0.008628324217876859
-0.23670000000000002,0.008754233523564848
-0.23570000000000013,0.008894289942251485
-0.23470000000000002,0.008823554377258232
-0.23370000000000013,0.009075372988634211
-0.23270000000000002,0.009242308922018284
-0.23170000000000013,0.00908952010163286
-0.23070000000000002,0.00943753908139966
-0.22970000000000013,0.009605889726083599
-0.22870000000000001,0.009479980420395611
-0.22770000000000012,0.009786972772466325
-0.2267,0.009731799031771586
-0.22570000000000012,0.009717651918772937
-0.2247,0.009829414111462275
-0.22370000000000012,0.010163285978230423
-0.2227,0.009953908705850398
-0.22170000000000012,0.010303342396917062
-0.2207,0.010345783735913012
-0.21970000000000012,0.010317489509915713
-0.2187,0.010498572556298437
-0.21770000000000012,0.010596187635989124
-0.2167,0.010903179988059836
-0.2157000000000001,0.01097391555305309
-0.2147,0.011140851486437163
-0.2137000000000001,0.011098410147441212
-0.2127,0.011280907905123802
-0.2117000000000001,0.011224319453129203
-0.2107,0.011476138064505176
-0.2097000000000001,0.011866598383267929
-0.2087,0.01161477977189195
-0.2077000000000001,0.011713809562882503
-0.2067,0.011824157044271977
-0.2057000000000001,0.011964213462958615
-0.2047,0.011935919236961313
-0.2037000000000001,0.012354673781721365
-0.2027,0.012382968007718667
-0.2017000000000001,0.012313647154025277
-0.2007,0.012411262233715966
-0.1997000000000001,0.012480583087409354
-0.1987,0.012844163891474669
-0.1977000000000001,0.012537171539403955
-0.19669999999999999,0.012871043406172103
-0.1957000000000001,0.012844163891474669
-0.19469999999999998,0.012968658485862792
-0.1937000000000001,0.013178035758242817
-0.19269999999999998,0.01312286201754808
-0.1917000000000001,0.01313700913054673
-0.1907000000000001,0.013444001482617443
-0.1897000000000002,0.01351332233631083
-0.1887000000000001,0.013708552495692205
-0.1877000000000002,0.013555763675306783
-0.1867000000000001,0.013806167575382894
-0.1857000000000002,0.01368167298099477
-0.1847000000000001,0.013876903140376146
-0.1837000000000002,0.013862756027377495
-0.18270000000000008,0.013862756027377495
-0.1817000000000002,0.014113159927453607
-0.18070000000000008,0.014288584128636872
-0.1797000000000002,0.014684703292599082
-0.17870000000000008,0.01430273124163552
-0.1777000000000002,0.014741291744593682
-0.17670000000000008,0.015066675343562642
-0.1757000000000002,0.014599820614607179
-0.17470000000000008,0.014896909987578835
-0.1737000000000002,0.01503838111756534
-0.17270000000000008,0.015222293586547794
-0.17170000000000019,0.015236440699546445
-0.17070000000000007,0.01503838111756534
-0.16970000000000018,0.015278882038542396
-0.16870000000000007,0.015660854089505957
-0.16770000000000018,0.015406206055530251
-0.16670000000000007,0.01597209057547626
-0.16570000000000018,0.01588720789748436
-0.16470000000000007,0.01591550212348166
-0.16370000000000018,0.016056973253468165
-0.16270000000000007,0.016028679027470863
-0.16170000000000018,0.01624088572245062
-0.16070000000000007,0.01618429727045602
-0.15970000000000018,0.016226738609451972
-0.15870000000000006,0.01656626932141958
-0.15770000000000017,0.016778476016399334
-0.15670000000000006,0.016721887564404736
-0.15570000000000017,0.016778476016399334
-0.15470000000000006,0.017160448067362895
-0.15370000000000017,0.017132153841365592
-0.15270000000000006,0.017400948988339954
-0.15170000000000017,0.017174595180361543
-0.15070000000000006,0.0175282730053278
-0.14970000000000017,0.017570714344323755
-0.14870000000000005,0.017797068152302163
-0.14770000000000016,0.01781121526530081
-0.14670000000000005,0.017966833508285963
-0.14570000000000016,0.018094157525273817
-0.14470000000000005,0.018320511333252226
-0.14370000000000016,0.018292217107254923
-0.14270000000000005,0.018348805559249524
-0.14170000000000016,0.018447835350240076
-0.14070000000000005,0.018617600706223883
-0.13970000000000016,0.018787366062207687
-0.13870000000000005,0.018801513175206338
-0.13770000000000016,0.019027866983184743
-0.13670000000000004,0.019381544808151
-0.13570000000000015,0.019042014096183394
-0.13470000000000004,0.019423986147146955
-0.13370000000000015,0.019579604390132108
-0.13270000000000004,0.019466427486142905
-0.13170000000000015,0.019763516859114563
-0.13070000000000004,0.019721075520118612
-0.12970000000000015,0.019904987989101064
-0.12870000000000004,0.02008890045808352
-0.12770000000000015,0.020216224475071376
-0.12670000000000003,0.02032940137906058
-0.12570000000000014,0.020400136944053827
-0.12470000000000003,0.02078210899501739
-0.12370000000000014,0.020824550334013342
-0.12270000000000003,0.020895285899006594
-0.12170000000000014,0.021107492593986348
-0.12070000000000003,0.021079198367989046
-0.11970000000000014,0.021135786819983647
-0.11870000000000003,0.021376287740960703
-0.11770000000000014,0.021432876192955305
-0.11670000000000003,0.021701671339929663
-0.11570000000000014,0.021786554017921567
-0.11470000000000002,0.021800701130920214
-0.11370000000000013,0.022126084729889174
-0.11270000000000002,0.022225114520879725
-0.11170000000000013,0.022253408746877028
-0.11070000000000024,0.022493909667854084
-0.10970000000000013,0.02267782213683654
-0.10870000000000024,0.02273441058883114
-0.10770000000000013,0.022904175944814944
-0.10670000000000024,0.0230032057358055
-0.10570000000000013,0.02313052975279335
-0.10470000000000024,0.023427619125765006
-0.10370000000000013,0.023328589334774455
-0.10270000000000024,0.023668120046742062
-0.10170000000000012,0.02359738448174881
-0.10070000000000023,0.02388032674172182
-0.09970000000000012,0.024078386323702922
-0.09870000000000023,0.024191563227692125
-0.09770000000000012,0.02453109393965974
-0.09670000000000023,0.02461597661765164
-0.09570000000000012,0.024729153521640842
-0.09470000000000023,0.024927213103621948
-0.09370000000000012,0.0250828313466071
-0.09270000000000023,0.0250262428946125
-0.09170000000000011,0.0249979486686152
-0.09070000000000022,0.025592127414558512
-0.08970000000000011,0.02590336390052882
-0.08870000000000022,0.025592127414558512
-0.08770000000000011,0.02612971770850723
-0.08670000000000022,0.026115570595508578
-0.08570000000000011,0.026356071516485634
-0.08470000000000022,0.02665316088945729
-0.08370000000000011,0.02649754264647214
-0.08270000000000022,0.02668145511545459
-0.0817000000000001,0.027049280053419503
-0.08070000000000022,0.027120015618412752
-0.0797000000000001,0.02723319252240196
-0.07870000000000021,0.027247339635400606
-0.0777000000000001,0.02764345879936281
-0.07670000000000021,0.02788395972033987
-0.0757000000000001,0.02815275486731423
-0.07470000000000021,0.028364961562293983
-0.0737000000000001,0.028336667336296688
-0.07270000000000021,0.028690345161262943
-0.0717000000000001,0.028973287421235953
-0.07070000000000021,0.029044022986229205
-0.0697000000000001,0.02912890566422111
-0.0687000000000002,0.02922793545521166
-0.0677000000000001,0.029652348845171168
-0.0667000000000002,0.02972308441016442
-0.06570000000000009,0.029765525749160374
-0.0647000000000002,0.03006261512213203
-0.06370000000000009,0.030246527591114486
-0.0627000000000002,0.030317263156107735
-0.06170000000000009,0.030982177467044306
-0.0607000000000002,0.030741676546067253
-0.059700000000000086,0.031194384162024056
-0.058700000000000196,0.031081207258034853
-0.057700000000000085,0.03147732642199706
-0.056700000000000195,0.03176026868197007
-0.05570000000000008,0.03174612156897143
-0.05470000000000019,0.03202906382894443
-0.05370000000000008,0.03211394650693633
-0.05270000000000019,0.03239688876690934
-0.05170000000000008,0.032722272365878304
-0.05070000000000019,0.032708125252879645
-0.04970000000000008,0.033005214625851306
-0.04870000000000019,0.03344377512880947
-0.047700000000000076,0.03355695203279867
-0.046700000000000186,0.033967218309759524
-0.045700000000000074,0.033797452953775724
-0.044700000000000184,0.03403795387475279
-0.04370000000000007,0.034349190360723085
-0.04270000000000018,0.034547249942704195
-0.04170000000000007,0.03508484023665291
-0.04070000000000018,0.03507069312365426
-0.03970000000000007,0.03532534115762996
-0.03870000000000018,0.03549510651361377
-0.03770000000000007,0.03563657764360027
-0.03670000000000018,0.036032696807562485
-0.035700000000000065,0.03652784576251525
-0.034700000000000175,0.036301491954536844
-0.03370000000000006,0.0366268755535058
-0.03270000000000017,0.0369098178134788
-0.03170000000000006,0.03727764275144372
-0.03070000000000017,0.03724934852544641
-0.02970000000000006,0.03754643789841807
-0.02870000000000017,0.03775864459339783
-0.027700000000000058,0.03826794066134924
-0.026700000000000168,0.038508441582326296
-0.025700000000000056,0.03843770601733305
-0.024700000000000166,0.03857917714731955
-0.023700000000000054,0.039159208780264215
-0.022700000000000164,0.03937141547524397
-0.021700000000000053,0.03951288660523048
-0.020700000000000163,0.03966850484821563
-0.01970000000000005,0.04016365380316839
-0.01870000000000016,0.040418301837144094
-0.01770000000000005,0.04078612677510901
-0.01670000000000016,0.040955892131092804
-0.015700000000000047,0.04112565748707661
-0.014700000000000157,0.04105492192208336
-0.013700000000000045,0.041451041086045574
-0.012700000000000156,0.04194619004099834
-0.011700000000000044,0.041917895815001036
-0.010700000000000154,0.04242719188295245
-0.009700000000000042,0.042837458159913314
-0.008700000000000152,0.04300722351589712
-0.00770000000000004,0.04343163690585663
-0.00670000000000015,0.04351651958384853
-0.005700000000000038,0.04354481380984583
-0.0047000000000001485,0.04428046368577565
-0.0037000000000000366,0.0443794934767662
-0.0027000000000001467,0.04474731841473111
-0.0017000000000000348,0.045044407787702766
-0.000700000000000145,0.04541223272566768
0.00029999999999996696,0.04573761632463663
0.0012999999999998568,0.04585079322862584
0.0022999999999999687,0.0464874133135651
0.0032999999999998586,0.04679864979953541
0.0042999999999999705,0.04691182670352462
0.00529999999999986,0.04737868143248008
0.006299999999999972,0.04747771122347064
0.007299999999999862,0.04824165532539775
0.008299999999999974,0.048227508212399094
0.009299999999999864,0.0484538620203775
0.010299999999999976,0.04897730520132757
0.011299999999999866,0.049175364783308674
0.012299999999999978,0.04907633499231812
