Potential V vs RHE, Current mA cm-2
0.013299999999999867,-0.01856101225422928
0.012299999999999978,-0.021814848243918866
0.011299999999999866,-0.024106680549700225
0.010299999999999976,-0.02543650917157336
0.009299999999999864,-0.027219045409403307
0.008299999999999974,-0.02847813846628319
0.007299999999999862,-0.02953917194118197
0.006299999999999972,-0.03136414951800787
0.00529999999999986,-0.032071505167940384
0.0042999999999999705,-0.03325986265982701
0.0032999999999998586,-0.03412283655274468
0.0022999999999999687,-0.03514142868864751
0.0012999999999998568,-0.036216609276544943
0.00029999999999996696,-0.03679664090948961
-0.000700000000000145,-0.038041586853370835
-0.0017000000000000348,-0.038522588695324954
-0.0027000000000001467,-0.03927238568425342
-0.0037000000000000366,-0.04005047689917919
-0.0047000000000001485,-0.04057392008012925
-0.005700000000000038,-0.04130956995605907
-0.00670000000000015,-0.04167739489402397
-0.00770000000000004,-0.042823311046914656
-0.008700000000000152,-0.043205283097878217
-0.009700000000000042,-0.04392678586080939
-0.010700000000000154,-0.04464828862374056
-0.011700000000000044,-0.04497367222270952
-0.012700000000000156,-0.04555370385565418
-0.013700000000000045,-0.04613373548859885
-0.014700000000000157,-0.04610544126260154
-0.015700000000000047,-0.04720891607649628
-0.01670000000000016,-0.04746356411047198
-0.01770000000000005,-0.048001154404420696
-0.01870000000000016,-0.04842556779438021
-0.01970000000000005,-0.048892422523335664
-0.020700000000000163,-0.04914707055731138
-0.021700000000000053,-0.04951489549527628
-0.022700000000000164,-0.050208104032210155
-0.023700000000000054,-0.0502505453712061
-0.024700000000000166,-0.05078813566515482
-0.025700000000000056,-0.051184254829117024
-0.026700000000000168,-0.05145304997609138
-0.027700000000000058,-0.0519057575920482
-0.02870000000000017,-0.052231141191017155
-0.02970000000000006,-0.05247164211199421
-0.03070000000000017,-0.05266970169397532
-0.03170000000000006,-0.05324973332691998
-0.03270000000000017,-0.053518528473894336
-0.03370000000000006,-0.053787323620868695
-0.034700000000000175,-0.054141001445834946
-0.035700000000000065,-0.054395649479810654
-0.03670000000000018,-0.054749327304776926
-0.03770000000000007,-0.055088858016744534
-0.03870000000000018,-0.05538594738971618
-0.03970000000000007,-0.05558400697169729
-0.04070000000000018,-0.055569859858698646
-0.04170000000000007,-0.056093303039648705
-0.04270000000000018,-0.0563196568476271
-0.04370000000000007,-0.056560157768604166
-0.044700000000000184,-0.05691383559357043
-0.045700000000000074,-0.05711189517555153
-0.046700000000000186,-0.057182630740544776
-0.047700000000000076,-0.05743727877452049
-0.04870000000000019,-0.05776266237348945
-0.04970000000000008,-0.058003163294466496
-0.05070000000000019,-0.0580597517464611
-0.05170000000000008,-0.05847001802342197
-0.05270000000000019,-0.05880954873538958
-0.05370000000000008,-0.05880954873538958
-0.05470000000000019,-0.059106638108361226
-0.05570000000000008,-0.059375433255335584
-0.056700000000000195,-0.059771552419297796
-0.057700000000000085,-0.0596300812893113
-0.058700000000000196,-0.06016767158326001
-0.059700000000000086,-0.06011108313126542
-0.0607000000000002,-0.06035158405224247
-0.06170000000000009,-0.06074770321620467
-0.0627000000000002,-0.06091746857218847
-0.06370000000000009,-0.06115796949316554
-0.0647000000000002,-0.06135602907514664
-0.06570000000000009,-0.06127114639715474
-0.0667000000000002,-0.06166726556111695
-0.0677000000000001,-0.061808736691103455
-0.0687000000000002,-0.06202094338608321
-0.0697000000000001,-0.062134120290072405
-0.07070000000000021,-0.062247297194061614
-0.0717000000000001,-0.06258682790602922
-0.07270000000000021,-0.06240291543704677
-0.0737000000000001,-0.06277074037501168
-0.07470000000000021,-0.06323759510396713
-0.0757000000000001,-0.06323759510396713
-0.07670000000000021,-0.06329418355596174
-0.0777000000000001,-0.0635629787029361
-0.07870000000000021,-0.06350639025094149
-0.0797000000000001,-0.06393080364090101
-0.08070000000000022,-0.06383177384991046
-0.0817000000000001,-0.06418545167487671
-0.08270000000000022,-0.06434106991786188
-0.08370000000000011,-0.06442595259585376
-0.08470000000000022,-0.06453912949984296
-0.08570000000000011,-0.06475133619482273
-0.08670000000000022,-0.06492110155080652
-0.08770000000000011,-0.06520404381077954
-0.08870000000000022,-0.06524648514977549
-0.08970000000000011,-0.06551528029674986
-0.09070000000000022,-0.06547283895775391
-0.09170000000000011,-0.06578407544372422
-0.09270000000000023,-0.06552942740974849
-0.09370000000000012,-0.06586895812171611
-0.09470000000000023,-0.06599628213870397
-0.09570000000000012,-0.06591139946071205
-0.09670000000000023,-0.06649143109365672
-0.09770000000000012,-0.06633581285067157
-0.09870000000000023,-0.06640654841566482
-0.09970000000000012,-0.06685925603162164
-0.10070000000000023,-0.06676022624063108
-0.10170000000000012,-0.06700072716160814
-0.10270000000000024,-0.06673193201463377
-0.10370000000000013,-0.06712805117859601
-0.10470000000000024,-0.0673544049865744
-0.10570000000000013,-0.06748172900356225
-0.10670000000000024,-0.06787784816752446
-0.10770000000000013,-0.06769393569854201
-0.10870000000000024,-0.06780711260253121
-0.10970000000000013,-0.06796273084551636
-0.11070000000000024,-0.06816079042749747
-0.11170000000000013,-0.06833055578348128
-0.11270000000000002,-0.06842958557447182
-0.11370000000000013,-0.06878326339943809
-0.11470000000000002,-0.06868423360844754
-0.11570000000000014,-0.06899547009441785
-0.11670000000000003,-0.06912279411140569
-0.11770000000000014,-0.06888229319042864
-0.11870000000000003,-0.06916523545040164
-0.11970000000000014,-0.06919352967639894
-0.12070000000000003,-0.0693774421453814
-0.12170000000000014,-0.06953306038836657
-0.12270000000000003,-0.0696320901793571
-0.12370000000000014,-0.06944817771037465
-0.12470000000000003,-0.0701130920213112
-0.12570000000000014,-0.06988673821333281
-0.12670000000000003,-0.07007065068231526
-0.12770000000000015,-0.0698018555353409
-0.12870000000000004,-0.07026871026429637
-0.12970000000000015,-0.07009894490831257
-0.13070000000000004,-0.07038188716828557
-0.13170000000000015,-0.07065068231525992
-0.13270000000000004,-0.07072141788025317
-0.13370000000000015,-0.07101850725322485
-0.13470000000000004,-0.07096191880123023
-0.13570000000000015,-0.07131559662619649
-0.13670000000000004,-0.07106094859222079
-0.13770000000000016,-0.07178245135515196
-0.13870000000000005,-0.07145706775618299
-0.13970000000000016,-0.07149950909517895
-0.14070000000000005,-0.07148536198218029
-0.14170000000000016,-0.0717117157901587
-0.14270000000000005,-0.07175415712915466
-0.14370000000000016,-0.07189562825914117
-0.14470000000000005,-0.07212198206711957
-0.14570000000000016,-0.07192392248513847
-0.14670000000000005,-0.07257468968307638
-0.14770000000000016,-0.07265957236106828
-0.14870000000000005,-0.07285763194304938
-0.14970000000000017,-0.07254639545707908
-0.15070000000000006,-0.07278689637805613
-0.15170000000000017,-0.07287177905604804
-0.15270000000000006,-0.07282933771705208
-0.15370000000000017,-0.07318301554201835
-0.15470000000000006,-0.0733103395590062
-0.15570000000000017,-0.0733386337850035
-0.15670000000000006,-0.07359328181897921
-0.15770000000000017,-0.07355084047998325
-0.15870000000000006,-0.0736215760449765
-0.15970000000000018,-0.07360742893197786
-0.16070000000000007,-0.07386207696595355
-0.16170000000000018,-0.07394695964394547
-0.16270000000000007,-0.07389037119195085
-0.16370000000000018,-0.07435722592090632
-0.16470000000000007,-0.07683297069567015
-0.16570000000000018,-0.07606902659374302
-0.16670000000000007,-0.0751070229098348
-0.16770000000000018,-0.07554558341279295
-0.16870000000000007,-0.07496555177984829
-0.16970000000000018,-0.07512117002283344
-0.17070000000000007,-0.0749089633278537
-0.17170000000000019,-0.07523434692682264
-0.17270000000000008,-0.07548899496079836
-0.1737000000000002,-0.07543240650880376
-0.17470000000000008,-0.07596999680275247
-0.1757000000000002,-0.07582852567276598
-0.17670000000000008,-0.07717250140763775
-0.1777000000000002,-0.07667735245268498
-0.17870000000000008,-0.07616805638473358
-0.1797000000000002,-0.07645099864470659
-0.18070000000000008,-0.07625293906272547
-0.1817000000000002,-0.07667735245268498
-0.18270000000000008,-0.07671979379168092
-0.1837000000000002,-0.07704517739064991
-0.1847000000000001,-0.07727153119862831
-0.1857000000000002,-0.07738470810261751
-0.1867000000000001,-0.07780912149257702
-0.1877000000000002,-0.07782326860557567
-0.1887000000000001,-0.07773838592758377
-0.1897000000000002,-0.07840330023852032
-0.1907000000000001,-0.07813450509154597
-0.1917000000000001,-0.0787852722894839
-0.19269999999999998,-0.07911065588845285
-0.1937000000000001,-0.0788984491934731
-0.19469999999999998,-0.07928042124443666
-0.1957000000000001,-0.078983331871465
-0.19669999999999999,-0.07970483463439616
-0.1977000000000001,-0.07961995195640426
-0.1987,-0.07978971731238807
-0.1997000000000001,-0.08027071915434218
-0.2007,-0.08012924802435568
-0.2017000000000001,-0.08062439697930844
-0.2027,-0.08090733923928145
-0.2037000000000001,-0.08080830944829089
-0.2047,-0.08116198727325716
-0.2057000000000001,-0.08157225355021802
-0.2067,-0.08154395932422072
-0.2077000000000001,-0.08171372468020452
-0.2087,-0.08235034476514379
-0.2097000000000001,-0.08403385121198319
-0.2107,-0.08399140987298723
-0.2117000000000001,-0.08346796669203715
-0.2127,-0.08417532234196969
-0.2137000000000001,-0.08373676183901152
-0.2147,-0.08366602627401826
-0.2157000000000001,-0.08426020501996159
-0.2167,-0.08454314727993459
-0.21770000000000012,-0.08455729439293323
-0.2187,-0.0847412068619157
-0.21970000000000012,-0.08489682510490085
-0.2207,-0.08525050292986712
-0.22170000000000012,-0.08534953272085766
-0.2227,-0.08570321054582393
-0.22370000000000012,-0.08588712301480637
-0.2247,-0.08619835950077669
-0.22570000000000012,-0.08704718628069572
-0.2267,-0.08707548050669302
-0.22770000000000012,-0.0867642440207227
-0.22870000000000001,-0.08774039481762959
-0.22970000000000013,-0.08747159967065522
-0.23070000000000002,-0.08796674862560798
-0.23170000000000013,-0.08929657724748112
-0.23270000000000002,-0.08878728117952969
-0.23370000000000013,-0.08932487147347841
-0.23470000000000002,-0.08949463682946222
-0.23570000000000013,-0.08923998879548652
-0.23670000000000002,-0.08966440218544602
-0.2376999999999999,-0.09003222712341094
-0.23870000000000002,-0.09040005206137584
-0.2396999999999999,-0.09061225875635559
-0.24070000000000003,-0.09141864419727867
-0.24169999999999991,-0.09141864419727867
-0.24270000000000003,-0.09191379315223143
-0.24369999999999992,-0.09222502963820174
-0.24470000000000003,-0.09242308922018284
-0.24569999999999992,-0.09270603148015585
-0.24670000000000003,-0.09332850445209646
-0.24769999999999992,-0.09365388805106543
-0.24870000000000003,-0.09436124370099794
-0.24969999999999992,-0.09471492152596421
-0.25070000000000003,-0.09816681709763489
-0.2516999999999999,-0.09506859935093047
-0.25270000000000004,-0.09581839633985893
-0.2536999999999999,-0.0962286626168198
-0.25470000000000004,-0.09765752102968349
-0.2556999999999999,-0.09661063466778336
-0.25670000000000004,-0.09707748939673881
-0.25769999999999993,-0.09767166814268213
-0.25870000000000004,-0.09784143349866595
-0.25969999999999993,-0.09850634780960252
-0.26070000000000004,-0.09966641107549183
-0.26169999999999993,-0.10072744455039061
-0.26270000000000004,-0.10157627133030964
-0.26369999999999993,-0.10133577040933257
-0.26470000000000005,-0.10120844639234472
-0.26569999999999994,-0.10134991752233123
-0.26670000000000005,-0.1020714202852624
-0.26769999999999994,-0.10259486346621245
-0.26870000000000005,-0.10350027869812609
-0.26969999999999994,-0.104151045896064
-0.27070000000000005,-0.10548087451793714
-0.27169999999999994,-0.10573552255191283
-0.27270000000000005,-0.10673996757481702
-0.27369999999999994,-0.10683899736580757
-0.27470000000000006,-0.10733414632076034
-0.27569999999999995,-0.10760294146773468
-0.27670000000000006,-0.10961183151354303
-0.27769999999999995,-0.11006453912949986
-0.27870000000000006,-0.11044651118046342
-0.27969999999999995,-0.11205928206230956
-0.28070000000000006,-0.11276663771224207
-0.28169999999999995,-0.11254028390426365
-0.28270000000000006,-0.11292225595522724
-0.28369999999999995,-0.113700347170153
-0.28470000000000006,-0.11518579403501128
-0.28569999999999995,-0.11589314968494381
-0.28670000000000007,-0.1171522427418237
-0.28769999999999996,-0.1176615388097751
-0.28870000000000007,-0.11834060023371032
-0.28969999999999996,-0.12067487387848763
-0.29070000000000007,-0.1218773784833729
-0.29169999999999996,-0.12231593898633109
-0.29270000000000007,-0.12249985145531352
-0.29369999999999996,-0.12373065028619613
-0.2947000000000001,-0.12483412510009084
-0.29569999999999996,-0.12571124610600715
-0.2967000000000001,-0.12753622368283307
-0.29769999999999996,-0.12810210820277906
-0.2987000000000001,-0.12984220310161304
-0.29969999999999997,-0.1303656462825631
-0.3007000000000001,-0.1313983855314646
-0.30169999999999997,-0.1328838323963229
-0.3027000000000001,-0.13429854369618793
-0.30369999999999997,-0.1351898118151029
-0.3047000000000001,-0.13663281734096522
-0.30569999999999997,-0.13797679307583702
-0.3067000000000001,-0.13966029952267642
-0.3077,-0.14060815609358598
-0.3087000000000001,-0.1423199567664227
-0.3097,-0.14401761032626076
-0.3107000000000001,-0.14599820614607179
-0.3117,-0.14698850405597733
-0.3127000000000001,-0.14826174422585583
-0.3137,-0.1499593977856939
-0.3147000000000001,-0.15151558021554543
-0.3157,-0.15392058942531597
-0.3167000000000001,-0.15575971411514053
-0.3177,-0.1583061944548976
-0.3187000000000001,-0.16042826140469515
-0.3197,-0.1617015015745737
-0.3207000000000001,-0.16396503965435774
-0.3217,-0.1658041643441823
-0.3227000000000001,-0.16820917355395287
-0.3237,-0.16990682711379093
-0.3247000000000001,-0.17245330745354798
-0.3257,-0.17471684553333205
-0.3267000000000001,-0.17641449909317006
-0.3277,-0.1772633258730891
-0.3287000000000001,-0.17952686395287318
-0.3297,-0.18164893090267073
-0.3307000000000001,-0.1844783535024008
-0.3317,-0.18716630497214437
-0.3327000000000001,-0.18971278531190142
-0.3337,-0.19183485226169897
-0.3347000000000001,-0.19480574599141554
-0.3357,-0.1973522263311726
-0.3367000000000001,-0.20018164893090268
-0.3377,-0.20329401379060577
-0.3387000000000001,-0.20640637865030886
-0.3397,-0.20923580125003893
-0.3407000000000001,-0.21248963723972852
-0.3417,-0.2156020020994316
-0.3427000000000001,-0.21885583808912115
-0.3437,-0.22210967407881074
-0.3447000000000001,-0.22649527910839237
-0.3457,-0.22960764396809544
-0.3467000000000001,-0.23314442221775805
-0.3477,-0.23724708498736666
-0.3487000000000001,-0.24035944984706975
-0.3497,-0.24446211261667833
-0.3507000000000001,-0.2485647753862869
-0.3517,-0.251960082505963
-0.3527000000000001,-0.2567701009255041
-0.3537,-0.26044835030515323
-0.3547000000000001,-0.26455101307476186
-0.3557,-0.2697854448842625
-0.35670000000000013,-0.2738881076538711
-0.3577,-0.2781322415534663
-0.35870000000000013,-0.28223490432307485
-0.3597,-0.28732786500258894
-0.36070000000000013,-0.2917134700321706
-0.3617,-0.2966649595816982
-0.3626999999999999,-0.3021823336511718
-0.3637,-0.30727529433068596
-0.3646999999999999,-0.31236825501020005
-0.3657,-0.31802710020966024
-0.3666999999999999,-0.3239688876690934
-0.3677,-0.32976920399854004
-0.3686999999999999,-0.3354280491980002
-0.36970000000000003,-0.34094542326747385
-0.3706999999999999,-0.34717015298688
-0.37170000000000003,-0.35311194044631317
-0.3726999999999999,-0.35905372790574636
-0.37370000000000003,-0.3652784576251525
-0.3746999999999999,-0.3724934852544642
-0.37570000000000003,-0.3790011572338433
-0.3766999999999999,-0.38664059825311453
-0.37770000000000004,-0.3941385681423992
-0.3786999999999999,-0.4010706535117379
-0.37970000000000004,-0.40913450792096867
-0.3806999999999999,-0.4163495355502803
-0.38170000000000004,-0.424130447699538
-0.38269999999999993,-0.4316284175888227
-0.38370000000000004,-0.4401166853880129
-0.38469999999999993,-0.44973672222709515
-0.38570000000000004,-0.4572346921163799
-0.38669999999999993,-0.46544001765559706
-0.38770000000000004,-0.47378681432480074
-0.38869999999999993,-0.4829824377739235
-0.38970000000000005,-0.49161217670310015
-0.39069999999999994,-0.5009492712822095
-0.39170000000000005,-0.5107107792512783
-0.39269999999999994,-0.5200478738303875
-0.39370000000000005,-0.5307996797093618
-0.39469999999999994,-0.5407026588084171
-0.39570000000000005,-0.5503226956474992
-0.39669999999999994,-0.5616403860464196
-0.39770000000000005,-0.5723921919253939
-0.39869999999999994,-0.582861055544395
-0.39970000000000006,-0.5937543325533559
-0.40069999999999995,-0.6046476095623167
-0.40170000000000006,-0.6163897133511964
-0.40269999999999995,-0.6282732882700627
-0.40370000000000006,-0.6405812765788885
-0.40469999999999995,-0.653313678277674
-0.40570000000000006,-0.6673193201463378
-0.40669999999999995,-0.6809005486250422
-0.40770000000000006,-0.695472075013652
-0.40869999999999995,-0.7107509570521945
-0.40970000000000006,-0.7251810123108178
-0.41069999999999995,-0.7393281253094681
-0.41170000000000007,-0.754465536218024
-0.41269999999999996,-0.7693200048666069
-0.41370000000000007,-0.7838915312552168
-0.41469999999999996,-0.8000192400736782
-0.41570000000000007,-0.8165713622820991
-0.41669999999999996,-0.8331234844905201
-0.41770000000000007,-0.8492511933089816
-0.41869999999999996,-0.8660862577773755
-0.4197000000000001,-0.8833457356357289
-0.42069999999999996,-0.9010296268840418
-0.4217000000000001,-0.9197038160422604
-0.42269999999999996,-0.9383780052004788
-0.4237000000000001,-0.9577595500086299
-0.42469999999999997,-0.9768581525568079
-0.4257000000000001,-0.9966641107549185
-0.42669999999999997,-1.01562124217311
-0.4277000000000001,-1.036983382801072
-0.42869999999999997,-1.0573552255191285
-0.4297000000000001,-1.078292952757131
-0.43069999999999997,-1.1006453912949985
-0.4317000000000001,-1.1241295988727582
-0.4327,-1.1481796909704638
-0.4337000000000001,-1.1719468408081963
-0.4347,-1.1947236927360234
-0.4357000000000001,-1.2169346601439046
-0.4367,-1.2429653480614211
-0.4377000000000001,-1.267015440159127
-0.4387,-1.2916314167767784
-0.4397000000000001,-1.319925642774079
-0.4407,-1.3463807440815554
-0.4417000000000001,-1.3745334989488698
-0.4427,-1.4002812446064135
-0.4437000000000001,-1.4288584128636872
-0.4447,-1.4557379275611226
-0.4457000000000001,-1.4826174422585585
-0.4467,-1.512326379555724
-0.4477000000000001,-1.54203531685289
-0.4487,-1.5717442541500557
-0.4497000000000001,-1.6028679027470865
-0.4507,-1.6325768400442524
-0.4517000000000001,-1.6651151999411482
-0.4527,-1.696238848538179
-0.4537000000000001,-1.7287772084350748
-0.4547,-1.7627302796318356
-0.4557000000000001,-1.7952686395287314
-0.4567,-1.8306364220253575
-0.4577000000000001,-1.8631747819222533
-0.4587,-1.897127853119014
-0.4597000000000001,-1.9310809243157752
-0.4607,-1.9650339955125358
-0.4617000000000001,-1.9989870667092968
-0.4627,-2.0343548492059225
-0.4637000000000001,-2.071137343002414
-0.4647,-2.1065051254990395
-0.4657000000000001,-2.1432876192955304
-0.4667,-2.1800701130920217
-0.4677000000000001,-2.216852606888512
-0.4687,-2.2564645232847336
-0.4697000000000001,-2.2946617283810897
-0.4707,-2.3342736447773107
-0.4717000000000001,-2.3724708498736664
-0.4727,-2.412082766269888
-0.4737000000000001,-2.4531093939659736
-0.4747,-2.4913065990623298
-0.4757000000000001,-2.5309185154585507
-0.4767,-2.5705304318547717
-0.4777000000000001,-2.6143864821505876
-0.4787,-2.656827821146539
-0.4797000000000001,-2.70209858274222
-0.4807,-2.7487840556377665
-0.48170000000000013,-2.7968842398331777
-0.4827,-2.846399135328454
-0.48370000000000013,-2.89025518562427
-0.4847,-2.935525947219951
-0.48570000000000013,-2.9793819975157674
-0.4867,-3.0274821817111786
-0.4876999999999999,-3.074167654606725
-0.4887,-3.123682550102001
-0.4896999999999999,-3.1731974455972773
-0.4907,-3.217053495893093
-0.4916999999999999,-3.2594948348890447
-0.4927,-3.3047655964847262
-0.4936999999999999,-3.352865780680137
-0.49470000000000003,-3.3981365422758185
-0.4956999999999999,-3.4490661490709593
-0.49670000000000003,-3.4971663332663705
-0.4976999999999999,-3.539607672262322
-0.49870000000000003,-3.579219588658543
-0.4996999999999999,-3.6202462163546287
-0.5007,-3.666931689250175
-0.5016999999999999,-3.7037141830466664
-0.5027,-3.748984944642347
-0.5036999999999999,-3.788596861038568
-0.5047,-3.8282087774347895
-0.5056999999999999,-3.8649912712312804
-0.5067,-3.8975296311281755
-0.5076999999999999,-3.927238568425342
-0.5087,-3.965435773521698
-0.5096999999999999,-4.002218267318188
-0.5107,-4.034756627215084
-0.5116999999999999,-4.065880275812115
-0.5127,-4.098418635709011
-0.5136999999999999,-4.136615840805367
-0.5147,-4.173398334601859
-0.5156999999999999,-4.20735140579862
-0.5167,-4.2483780334947046
-0.5176999999999999,-4.285160527291196
-0.5187,-4.323357732387552
-0.5196999999999999,-4.3657990713835035
-0.5207,-4.40399627647986
-0.5216999999999999,-4.42946107987743
-0.5227,-4.473317130173245
-0.5236999999999999,-4.514343757869332
-0.5247,-4.566688075964338
-0.5257,-4.6091294149602895
-0.5267000000000001,-4.652985465256107
-0.5277,-4.698256226851787
-0.5287000000000001,-4.742112277147603
-0.5297,-4.784553616143554
-0.5307000000000001,-4.836897934238561
-0.5317,-4.893486386233161
-0.5327000000000001,-4.948660126927899
-0.5337,-4.996760311123309
-0.5347000000000001,-5.060422319617237
-0.5357,-5.111351926412377
-0.5367000000000001,-5.177843357506034
-0.5377,-5.242920077299826
-0.5387000000000001,-5.312240930993213
-0.5397,-5.382976495986464
-0.5407000000000001,-5.450882638379986
-0.5417,-5.517374069473643
-0.5427000000000001,-5.585280211867165
-0.5437,-5.663089333359742
-0.5447000000000001,-5.742313166152184
-0.5457,-5.82578113284422
-0.5467000000000001,-5.909249099536258
-0.5477,-5.989887643628566
-0.5487000000000001,-6.062037919921682
-0.5497,-6.1511647318131795
-0.5507000000000001,-6.241706255004542
-0.5517,-6.320930087796984
-0.5527000000000001,-6.397324497989696
-0.5537,-6.470889485582678
-0.5547000000000001,-6.55860158617431
-0.5557,-6.634995996367022
-0.5567000000000001,-6.719878674358924
-0.5577,-6.807590774950556
-0.5587000000000001,-6.893888164242324
-0.5597,-6.988673821333281
-0.5607000000000001,-7.074971210625048
-0.5617,-7.158439177317086
-0.5627000000000001,-7.232004164910067
-0.5637,-7.32537511070116
-0.5647000000000001,-7.427234324291442
-0.5657,-7.51353171358321
-0.5667000000000001,-7.604073236774572
-0.5677,-7.671979379168095
-0.5687000000000001,-7.742714944161346
-0.5697,-7.837500601252304
-0.5707000000000001,-7.93228625834326
-0.5717,-8.031316049333814
-0.5727000000000001,-8.136004685523828
-0.5737,-8.230790342614783
-0.5747000000000001,-8.318502443206416
-0.5757,-8.406214543798049
-0.5767000000000001,-8.519391447787251
-0.5777,-8.61134768227848
-0.5787000000000001,-8.725939297567548
-0.5797,-8.826383799857965
-0.5807000000000001,-8.914095900449595
-0.5817,-9.007466846240689
-0.5827000000000001,-9.102252503331647
-0.5837,-9.225332386419904
-0.5847000000000001,-9.317288620911132
-0.5857,-9.40075658760317
-0.5867000000000001,-9.385194763304654
-0.5857,-9.322947466110591
-0.5847000000000001,-9.27484728191518
-0.5837,-9.216844118620713
-0.5827000000000001,-9.148937976227192
-0.5817,-9.082446545133534
-0.5807000000000001,-9.028687515738664
-0.5797,-8.966440218544603
-0.5787000000000001,-8.909851766550002
-0.5777,-8.860336871054725
-0.5767000000000001,-8.799504285160529
-0.5757,-8.734427565366737
-0.5747000000000001,-8.666521422973215
-0.5737,-8.601444703179425
-0.5727000000000001,-8.52787971558644
-0.5717,-8.46280299579265
-0.5707000000000001,-8.399140987298722
-0.5697,-8.338308401404527
-0.5687000000000001,-8.253425723412624
-0.5677,-8.171372468020452
-0.5667000000000001,-8.099222191727335
-0.5657,-8.045463162332464
-0.5647000000000001,-7.981801153838537
-0.5637,-7.92379799054407
-0.5627000000000001,-7.841744735151897
-0.5617,-7.771009170158646
-0.5607000000000001,-7.720079563363504
-0.5597,-7.655002843569713
-0.5587000000000001,-7.591340835075788
-0.5577,-7.51919055878267
-0.5567000000000001,-7.451284416389148
-0.5557,-7.390451830494952
-0.5547000000000001,-7.321130976801564
-0.5537,-7.253224834408043
-0.5527000000000001,-7.188148114614252
-0.5517,-7.131559662619649
-0.5507000000000001,-7.045262273327882
-0.5497,-6.9646237292355755
-0.5487000000000001,-6.900961720741648
-0.5477,-6.828811444448532
-0.5467000000000001,-6.759490590755146
-0.5457,-6.692999159661489
-0.5447000000000001,-6.625093017267967
-0.5437,-6.565675142673635
-0.5427000000000001,-6.494939577680383
-0.5417,-6.421374590087401
-0.5407000000000001,-6.34498017989469
-0.5397,-6.279903460100898
-0.5387000000000001,-6.214826740307106
-0.5377,-6.15399415441291
-0.5367000000000001,-6.093161568518712
-0.5357,-6.039402539123842
-0.5347000000000001,-5.97432581933005
-0.5337,-5.9078343882363935
-0.5327000000000001,-5.844172379742466
-0.5317,-5.78051037124854
-0.5307000000000001,-5.719677785354343
-0.5297,-5.664504044659607
-0.5287000000000001,-5.5994273248658155
-0.5277,-5.532935893772159
-0.5267000000000001,-5.473518019177827
-0.5257,-5.41268543328363
-0.5247,-5.358926403888759
-0.5236999999999999,-5.300923240594293
-0.5227,-5.252823056398881
-0.5216999999999999,-5.190575759204819
-0.5207,-5.142475575009408
-0.5196999999999999,-5.084472411714942
-0.5187,-5.034957516219666
-0.5176999999999999,-4.978369064225063
-0.5167,-4.9175364783308675
-0.5156999999999999,-4.863777448935997
-0.5147,-4.80577428564153
-0.5136999999999999,-4.759088812745984
-0.5127,-4.706744494650977
-0.5116999999999999,-4.6572295991557
-0.5107,-4.603470569760829
-0.5096999999999999,-4.5497115403659585
-0.5087,-4.495952510971087
-0.5076999999999999,-4.449267038075541
-0.5067,-4.395508008680669
-0.5056999999999999,-4.337504845386203
-0.5047,-4.280916393391601
-0.5036999999999999,-4.222913230097134
-0.5027,-4.177642468501453
-0.5016999999999999,-4.1295422843060425
-0.5007,-4.085686234010226
-0.4996999999999999,-4.033341915915219
-0.49870000000000003,-3.982412309120079
-0.4976999999999999,-3.9371415475243974
-0.49670000000000003,-3.8904560746288515
-0.4956999999999999,-3.8466000243330347
-0.49470000000000003,-3.8027439740372184
-0.4936999999999999,-3.7574732124415373
-0.4927,-3.7122024508458558
-0.4916999999999999,-3.6711758231497704
-0.4907,-3.6244903502542236
-0.4896999999999999,-3.5778048773586777
-0.4887,-3.5311194044631313
-0.4876999999999999,-3.4872633541673155
-0.4867,-3.4419925925716344
-0.48570000000000013,-3.3938924083762227
-0.4847,-3.3500363580804073
-0.48370000000000013,-3.3061803077845906
-0.4827,-3.2594948348890447
-0.48170000000000013,-3.217053495893093
-0.4807,-3.171782734297412
-0.4797000000000001,-3.126511972701731
-0.4787,-3.0854853450056448
-0.4777000000000001,-3.047288139909289
-0.4767,-3.003432089613473
-0.4757000000000001,-2.9624054619173865
-0.4747,-2.9213788342213007
-0.4737000000000001,-2.8789374952253497
-0.4727,-2.8393255788291283
-0.4717000000000001,-2.8011283737327726
-0.4707,-2.764345879936282
-0.4697000000000001,-2.7247339635400607
-0.4687,-2.6837073358439745
-0.4677000000000001,-2.6455101307476188
-0.4667,-2.6073129256512626
-0.4657000000000001,-2.5719451431546365
-0.4647,-2.5351626493581456
-0.4637000000000001,-2.49979486686152
-0.4627,-2.463012373065029
-0.4617000000000001,-2.426229879268538
-0.4607,-2.3908620967719116
-0.4597000000000001,-2.358323736875016
-0.4587,-2.3257853769781205
-0.4577000000000001,-2.2890028831816296
-0.4567,-2.2522203893851382
-0.4557000000000001,-2.2239261633878376
-0.4547,-2.1857289582914814
-0.4537000000000001,-2.156020020994316
-0.4527,-2.122066949797555
-0.4517000000000001,-2.0866991673009294
-0.4507,-2.0555755187038987
-0.4497000000000001,-2.0244518701068674
-0.4487,-1.993328221509837
-0.4477000000000001,-1.9622045729128061
-0.4467,-1.933910346915505
-0.4457000000000001,-1.9056161209182045
-0.4447,-1.8730777610213083
-0.4437000000000001,-1.8433688237241426
-0.4427,-1.8164893090267071
-0.4417000000000001,-1.7867803717295414
-0.4407,-1.7599008570321055
-0.4397000000000001,-1.7330213423346699
-0.4387,-1.7075565389370995
-0.4377000000000001,-1.6778476016399335
-0.4367,-1.6509680869424979
-0.4357000000000001,-1.6255032835449272
-0.4347,-1.6000384801473564
-0.4337000000000001,-1.5759883880496508
-0.4327,-1.5491088733522151
-0.4317000000000001,-1.5236440699546445
-0.43069999999999997,-1.4967645552572086
-0.4297000000000001,-1.472714463159503
-0.42869999999999997,-1.4486643710617975
-0.4277000000000001,-1.4246142789640919
-0.42669999999999997,-1.3999983023464404
-0.4257000000000001,-1.3775043926785862
-0.42469999999999997,-1.3540201851008267
-0.4237000000000001,-1.3323751022128916
-0.42269999999999996,-1.3090323657651184
-0.4217000000000001,-1.2854066870573722
-0.42069999999999996,-1.2640445464294103
-0.4197000000000001,-1.2431068191914076
-0.41869999999999996,-1.2223105630833917
-0.41770000000000007,-1.199109297765605
-0.41669999999999996,-1.179161868437508
-0.41570000000000007,-1.1587900257194514
-0.41469999999999996,-1.1377108273514627
-0.41370000000000007,-1.1163486867235004
-0.41269999999999996,-1.0964012573954034
-0.41170000000000007,-1.078292952757131
-0.41069999999999995,-1.0574966966491148
-0.40970000000000006,-1.038398094100937
-0.40869999999999995,-1.0198653760727048
-0.40770000000000006,-1.0006253023945404
-0.40669999999999995,-0.9832243534062003
-0.40570000000000006,-0.9652575198979146
-0.40469999999999995,-0.947149215259642
-0.40370000000000006,-0.9307385641812077
-0.40269999999999995,-0.9131961440628811
-0.40170000000000006,-0.8957951950745412
-0.40069999999999995,-0.8774039481762959
-0.39970000000000006,-0.8619835950077669
-0.39869999999999994,-0.8452900016693595
-0.39770000000000005,-0.8293037639808845
-0.39669999999999994,-0.8136004685523825
-0.39570000000000005,-0.7971898174739481
-0.39469999999999994,-0.7806376952655272
-0.39370000000000005,-0.7649343998370254
-0.39269999999999994,-0.7509287579683614
-0.39170000000000005,-0.7359328181897921
-0.39069999999999994,-0.7205124650212632
-0.38970000000000005,-0.7074971210625048
-0.38869999999999993,-0.69434030597376
-0.38770000000000004,-0.6811834908850152
-0.38669999999999993,-0.6684510891862299
-0.38570000000000004,-0.6540210339276065
-0.38469999999999993,-0.640722747708875
-0.38370000000000004,-0.6272829903601572
-0.38269999999999993,-0.6145505886613719
-0.38170000000000004,-0.6026670137425056
-0.3806999999999999,-0.5899346120437202
-0.37970000000000004,-0.5770607392149485
-0.3786999999999999,-0.5646112797761362
-0.37770000000000004,-0.5535765316371889
-0.3766999999999999,-0.5409856010683901
-0.37570000000000003,-0.5303752663194023
-0.3746999999999999,-0.5189161047904954
-0.37370000000000003,-0.5074569432615886
-0.3726999999999999,-0.49670513738261435
-0.37170000000000003,-0.4858118603736536
-0.3706999999999999,-0.4757674101446118
-0.36970000000000003,-0.4657229599155701
-0.3686999999999999,-0.45511262516658224
-0.3677,-0.44535111719751347
-0.3666999999999999,-0.4348822535785123
-0.3657,-0.4242719188295245
-0.3646999999999999,-0.41380305521052324
-0.3637,-0.40361713385149495
-0.3626999999999999,-0.3949873949223182
-0.3617,-0.384518531303317
-0.36070000000000013,-0.3754643789841807
-0.3597,-0.36810788022488256
-0.35870000000000013,-0.36046843920561134
-0.3577,-0.3519801714064211
-0.35670000000000013,-0.3430674902172714
-0.3557,-0.3341548090281217
-0.3547000000000001,-0.3260909546188909
-0.3537,-0.3177441579496872
-0.3527000000000001,-0.30982177467044303
-0.3517,-0.30175792026121234
-0.3507000000000001,-0.2938355369819681
-0.3497,-0.2866205093526564
-0.3487000000000001,-0.27912253946337173
-0.3477,-0.27148309844410057
-0.3467000000000001,-0.2646924842047484
-0.3457,-0.2577603988354097
-0.3447000000000001,-0.25026242894612494
-0.3437,-0.2443206414866918
-0.3427000000000001,-0.23724708498736666
-0.3417,-0.22989058622806843
-0.3407000000000001,-0.2235243853786758
-0.3397,-0.2167337711393236
-0.3387000000000001,-0.21079198367989047
-0.3377,-0.20470872509047083
-0.3367000000000001,-0.19805958198110513
-0.3357,-0.19254220791163149
-0.3347000000000001,-0.18645894932221183
-0.3337,-0.18179040203265723
-0.3327000000000001,-0.17641449909317006
-0.3317,-0.17047271163373692
-0.3307000000000001,-0.16495533756426325
-0.3297,-0.1584476655848841
-0.3287000000000001,-0.15179852247551845
-0.3277,-0.1467055617960043
-0.3267000000000001,-0.14189554337646318
-0.3257,-0.13738261432989374
-0.3247000000000001,-0.1330253035263094
-0.3237,-0.12879531673971292
-0.3227000000000001,-0.12404188677216642
-0.3217,-0.11866598383267928
-0.3207000000000001,-0.11310616842420969
-0.3197,-0.10880544607261997
-0.3187000000000001,-0.10433495836504646
-0.3177,-0.09959567551049858
-0.3167000000000001,-0.09560618964487919
-0.3157,-0.09089520101632861
-0.3147000000000001,-0.08737256987966466
-0.3137,-0.08276061104210465
-0.3127000000000001,-0.07813450509154597
-0.3117,-0.07445625571189689
-0.3107000000000001,-0.07069312365425588
-0.3097,-0.06666119644964053
-0.3087000000000001,-0.06274244614901436
-0.3077,-0.05793242772947325
-0.3067000000000001,-0.05421173701082821
-0.30569999999999997,-0.04989686754623984
-0.3047000000000001,-0.04621861816659075
-0.30369999999999997,-0.04372872627882829
-0.3027000000000001,-0.04005047689917919
-0.30169999999999997,-0.036202462163546285
-0.3007000000000001,-0.03258080123589179
-0.29969999999999997,-0.028407402901289937
-0.2987000000000001,-0.02590336390052882
-0.29769999999999996,-0.02235243853786758
-0.2967000000000001,-0.019042014096183394
-0.29569999999999996,-0.015632559863508654
-0.2947000000000001,-0.011679856491685743
-0.29369999999999996,-0.008162884200221262
-0.29270000000000007,-0.004896315808832892
-0.29169999999999996,-0.0017273624971352096
-0.29070000000000007,0.00022607086571843288
-0.28969999999999996,0.002962405461917387
-0.28870000000000007,0.006241706255004542
-0.28769999999999996,0.009339924001708973
-0.28670000000000007,0.012801722552478717
-0.28569999999999995,0.016000384801473564
-0.28470000000000006,0.01851857091523333
-0.28369999999999995,0.020654784978029535
-0.28270000000000006,0.022281702972874327
-0.28169999999999995,0.024601829504652988
-0.28070000000000006,0.02762931168636417
-0.27969999999999995,0.030642646755076695
-0.27870000000000006,0.034306749021727145
-0.27769999999999995,0.037320084090439666
-0.27670000000000006,0.039909005769192686
-0.27569999999999995,0.04262525146493356
-0.27470000000000006,0.044676582849737856
-0.27369999999999994,0.046954268042520564
-0.27270000000000005,0.04975539641625334
-0.27169999999999994,0.05208967006103065
-0.27070000000000005,0.05525862337272834
-0.26969999999999994,0.05757874990450699
-0.26870000000000005,0.05967252262830725
-0.26769999999999994,0.06216241451606971
-0.26670000000000005,0.06523233803677685
-0.26569999999999994,0.06717049251759194
-0.26470000000000005,0.0699716208913247
-0.26369999999999993,0.07230589453610202
-0.26270000000000004,0.07524849403982131
-0.26169999999999993,0.07768179747558916
-0.26070000000000004,0.08038389605833138
-0.25969999999999993,0.0829445235110871
-0.25870000000000004,0.08464217707092515
-0.25769999999999993,0.08655203732574294
-0.25670000000000004,0.08873069272753512
-0.2556999999999999,0.09099423080731917
-0.25470000000000004,0.09390853608504113
-0.2536999999999999,0.09652575198979144
-0.25270000000000004,0.09929858613752693
-0.2516999999999999,0.10205727317226375
-0.25070000000000003,0.10405201610507345
-0.24969999999999992,0.10673996757481702
-0.24870000000000003,0.10872056339462807
-0.24769999999999992,0.11099824858741078
-0.24670000000000003,0.11297884440722182
-0.24569999999999992,0.11491699888803693
-0.24470000000000003,0.11777471571376431
-0.24369999999999992,0.12017972492353488
-0.24270000000000003,0.12213202651734863
-0.24169999999999991,0.12466435974410703
-0.24070000000000003,0.1271259574058722
-0.2396999999999999,0.12893678786969942
-0.23870000000000002,0.13107300193249566
-0.2376999999999999,0.13360533515925405
-0.23670000000000002,0.1353171358320908
-0.23570000000000013,0.13753823257287887
-0.23470000000000002,0.13958956395768318
-0.23370000000000013,0.1413721001955131
-0.23270000000000002,0.1433102546763282
-0.23170000000000013,0.14500790823616627
-0.23070000000000002,0.14684703292599083
-0.22970000000000013,0.14882762874580185
-0.22870000000000001,0.1509496956955994
-0.22770000000000012,0.15335470490536995
-0.2267,0.15575971411514053
-0.22570000000000012,0.15774030993495158
-0.2247,0.16028679027470866
-0.22370000000000012,0.1619844438345467
-0.2227,0.16382356852437122
-0.22170000000000012,0.1655212220842093
-0.2207,0.16750181790402036
-0.21970000000000012,0.17018976937376393
-0.2187,0.17188742293360199
-0.21770000000000012,0.17457537440334553
-0.2167,0.1766974413531431
-0.2157000000000001,0.1805171618627787
-0.2147,0.18221481542261672
-0.2137000000000001,0.18405394011244128
-0.2127,0.1861760070622388
-0.2117000000000001,0.18843954514202288
-0.2107,0.18971278531190142
-0.2097000000000001,0.19282515017160448
-0.2087,0.19494721712140206
-0.2077000000000001,0.19692781294121312
-0.2067,0.19919135102099716
-0.2057000000000001,0.20131341797079472
-0.2047,0.20315254266061927
-0.2037000000000001,0.20513313848043033
-0.2027,0.2078210899501739
-0.2017000000000001,0.21065051254990397
-0.2007,0.21362140627962053
-0.1997000000000001,0.21630935774936413
-0.1987,0.21843142469916169
-0.1977000000000001,0.22140231842887825
-0.19669999999999999,0.22338291424868928
-0.1957000000000001,0.22621233684841938
-0.19469999999999998,0.22833440379821693
-0.1937000000000001,0.23059794187800098
-0.19269999999999998,0.23342736447773108
-0.1917000000000001,0.23554943142752863
-0.1907000000000001,0.23767149837732615
-0.1897000000000002,0.24064239210704275
-0.1887000000000001,0.24276445905684027
-0.1877000000000002,0.24573535278655687
-0.1867000000000001,0.24757447747638137
-0.1857000000000002,0.250828313466071
-0.1847000000000001,0.25337479380582806
-0.1837000000000002,0.2554968607556256
-0.18270000000000008,0.2580433410953827
-0.1817000000000002,0.26058982143513976
-0.18070000000000008,0.2628533595149239
-0.1797000000000002,0.2653998398546809
-0.17870000000000008,0.26808779132442445
-0.1777000000000002,0.27049280053419505
-0.17670000000000008,0.2733222231339251
-0.1757000000000002,0.27572723234369567
-0.17470000000000008,0.2781322415534663
-0.1737000000000002,0.28025430850326377
-0.17270000000000008,0.28308373110299384
-0.17170000000000019,0.2857716825727374
-0.17070000000000007,0.28775227839254847
-0.16970000000000018,0.29029875873230554
-0.16870000000000007,0.2921378834221301
-0.16770000000000018,0.29454289263190064
-0.16670000000000007,0.29779672862159023
-0.16570000000000018,0.2999187955713878
-0.16470000000000007,0.3028896893011043
-0.16370000000000018,0.30600205416080745
-0.16270000000000007,0.30699235207071296
-0.16170000000000018,0.3099632458004295
-0.16070000000000007,0.31265119727017304
-0.15970000000000018,0.3144903219599976
-0.15870000000000006,0.3171782734297412
-0.15770000000000017,0.31958328263951175
-0.15670000000000006,0.3218468207192958
-0.15570000000000017,0.3246762433190259
-0.15470000000000006,0.3260909546188909
-0.15370000000000017,0.328920377218621
-0.15270000000000006,0.3318912709483376
-0.15170000000000017,0.3347206935480677
-0.15070000000000006,0.33740864501781126
-0.14970000000000017,0.33995512535756833
-0.14870000000000005,0.3416527789174064
-0.14770000000000016,0.34490661490709595
-0.14670000000000005,0.3461798550769745
-0.14570000000000016,0.3498581044566236
-0.14470000000000005,0.3528289981863401
-0.14370000000000016,0.3548095940061512
-0.14270000000000005,0.3570731320859353
-0.14170000000000016,0.3600440258156518
-0.14070000000000005,0.36273197728539536
-0.13970000000000016,0.365702871015112
-0.13870000000000005,0.3685322936148421
-0.13770000000000016,0.37192760073451814
-0.13670000000000004,0.37419113881430216
-0.13570000000000015,0.37659614802407276
-0.13470000000000004,0.38013292627373535
-0.13370000000000015,0.3829623488734654
-0.13270000000000004,0.38508441582326297
-0.13170000000000015,0.38805530955297957
-0.13070000000000004,0.39088473215270964
-0.12970000000000015,0.3942800392723857
-0.12870000000000004,0.39739240413208876
-0.12770000000000015,0.4010706535117379
-0.12670000000000003,0.40333419159152195
-0.12570000000000014,0.4072953832311441
-0.12470000000000003,0.41026627696086065
-0.12370000000000014,0.41352011295055024
-0.12270000000000003,0.4166324778102533
-0.12170000000000014,0.42002778492992937
-0.12070000000000003,0.42200838074974045
-0.11970000000000014,0.42582810125937604
-0.11870000000000003,0.42978929289899814
-0.11770000000000014,0.4327601866287147
-0.11670000000000003,0.4362969648783774
-0.11570000000000014,0.4392678586080939
-0.11470000000000002,0.44322905024771597
-0.11370000000000013,0.44676582849737856
-0.11270000000000002,0.45030260674704115
-0.11170000000000013,0.45313202934677127
-0.11070000000000024,0.4558199808165148
-0.10970000000000013,0.45907381680620446
-0.10870000000000024,0.46119588375600196
-0.10770000000000013,0.46444971974569155
-0.10670000000000024,0.4677035557353811
-0.10570000000000013,0.47053297833511115
-0.10470000000000024,0.4744941699747333
-0.10370000000000013,0.4770406503144904
-0.10270000000000024,0.480577428564153
-0.10170000000000012,0.48397273568382904
-0.10070000000000023,0.4868021582835591
-0.09970000000000012,0.4911877633131407
-0.09870000000000023,0.49316835913295176
-0.09770000000000012,0.4962807239926549
-0.09670000000000023,0.4992516177223714
-0.09570000000000012,0.5019395691921149
-0.09470000000000023,0.505334876311791
-0.09370000000000012,0.5088716545614537
-0.09270000000000023,0.5114181349012108
-0.09170000000000011,0.5150963842808599
-0.09070000000000022,0.5180672780105765
-0.08970000000000011,0.52075522948032
-0.08870000000000022,0.5231602386900907
-0.08770000000000011,0.5257067190298478
-0.08670000000000022,0.5293849684094968
-0.08570000000000011,0.5317899776192673
-0.08470000000000022,0.5350438136089569
-0.08370000000000011,0.5380147073386735
-0.08270000000000022,0.540136774288471
-0.0817000000000001,0.5429661968882011
-0.08070000000000022,0.5452297349679852
-0.0797000000000001,0.5477762153077422
-0.07870000000000021,0.5500397533875263
-0.0777000000000001,0.5530106471172429
-0.07670000000000021,0.5562644831069326
-0.0757000000000001,0.558952434576676
-0.07470000000000021,0.5613574437864466
-0.0737000000000001,0.5637624529962171
-0.07270000000000021,0.5661674622059877
-0.0717000000000001,0.5687139425457448
-0.07070000000000021,0.5712604228855018
-0.0697000000000001,0.5736654320952724
-0.0687000000000002,0.5759289701750565
-0.0677000000000001,0.5790413350347595
-0.0667000000000002,0.5808804597245841
-0.06570000000000009,0.5832854689343547
-0.0647000000000002,0.5866807760540307
-0.06370000000000009,0.5888028430038282
-0.0627000000000002,0.5913493233435854
-0.06170000000000009,0.5950275727232345
-0.0607000000000002,0.597432581933005
-0.059700000000000086,0.599696120012789
-0.058700000000000196,0.601959658092573
-0.057700000000000085,0.6046476095623167
-0.056700000000000195,0.6071940899020738
-0.05570000000000008,0.6094576279818578
-0.05470000000000019,0.6122870505815878
-0.05370000000000008,0.614833530921345
-0.05270000000000019,0.6178044246510616
-0.05170000000000008,0.6211997317707375
-0.05070000000000019,0.6223315008106296
-0.04970000000000008,0.6247365100204001
-0.04870000000000019,0.6279903460100897
-0.047700000000000076,0.6295465284399413
-0.046700000000000186,0.6320930087796983
-0.045700000000000074,0.6352053736394014
-0.044700000000000184,0.6390250941490371
-0.04370000000000007,0.6417130456187806
-0.04270000000000018,0.6429862857886591
-0.04170000000000007,0.6456742372584027
-0.04070000000000018,0.6486451309881194
-0.03970000000000007,0.6504842556779438
-0.03870000000000018,0.6531722071476874
-0.03770000000000007,0.6554357452274714
-0.03670000000000018,0.6579822255672285
-0.035700000000000065,0.6616604749468776
-0.034700000000000175,0.6630751862467427
-0.03370000000000006,0.6651972531965403
-0.03270000000000017,0.6683096180562434
-0.03170000000000006,0.6709975695259869
-0.03070000000000017,0.6739684632557035
-0.02970000000000006,0.6758075879455281
-0.02870000000000017,0.6775052415053661
-0.027700000000000058,0.6806176063650692
-0.026700000000000168,0.6827396733148667
-0.025700000000000056,0.6858520381745697
-0.024700000000000166,0.6878326339943809
-0.023700000000000054,0.6902376432041514
-0.022700000000000164,0.6930670658038814
-0.021700000000000053,0.6963209017935711
-0.020700000000000163,0.6991503243933012
-0.01970000000000005,0.7012723913430987
-0.01870000000000016,0.7033944582928963
-0.01770000000000005,0.7046676984627748
-0.01670000000000016,0.7086288901023969
-0.015700000000000047,0.7099021302722753
-0.014700000000000157,0.713155966261965
-0.013700000000000045,0.7155609754717356
-0.012700000000000156,0.717683042421533
-0.011700000000000044,0.7206539361512496
-0.010700000000000154,0.7233418876209933
-0.009700000000000042,0.7263127813507099
-0.008700000000000152,0.7295666173403995
-0.00770000000000004,0.7306983863802915
-0.00670000000000015,0.733952222369981
-0.005700000000000038,0.7362157604497651
-0.0047000000000001485,0.7390451830494952
-0.0037000000000000366,0.7404598943493601
-0.0027000000000001467,0.7431478458191038
-0.0017000000000000348,0.7456943261588609
-0.000700000000000145,0.7478163931086583
0.00029999999999996696,0.7507872868383749
0.0012999999999998568,0.753899651698078
0.0022999999999999687,0.7558802475178891
0.0032999999999998586,0.7594170257675517
0.0042999999999999705,0.7623879194972683
0.00529999999999986,0.7643685153170794
0.006299999999999972,0.7659246977469308
0.007299999999999862,0.769037062606634
0.008299999999999974,0.7721494274663371
0.009299999999999864,0.7745544366761076
0.010299999999999976,0.7769594458858782
0.011299999999999866,0.7796473973556217
0.012299999999999978,0.7827597622153247
0.013299999999999867,0.7066482942825859
0.012299999999999978,0.6265756347102247
0.011299999999999866,0.5849831224941927
0.010299999999999976,0.5523032914673103
0.009299999999999864,0.5230187675601041
0.008299999999999974,0.49599778173268183
0.007299999999999862,0.4703915072051247
0.006299999999999972,0.4463414151074191
0.00529999999999986,0.42441338995951106
0.0042999999999999705,0.4027683070715759
0.0032999999999998586,0.3835282333934114
0.0022999999999999687,0.3642881597152469
0.0012999999999998568,0.345755441687015
0.00029999999999996696,0.32948626173856704
-0.000700000000000145,0.31236825501020005
-0.0017000000000000348,0.2963820173217252
-0.0027000000000001467,0.2816690198031288
-0.0037000000000000366,0.2666730800245595
-0.0047000000000001485,0.25295038041586854
-0.005700000000000038,0.24050092097705625
-0.00670000000000015,0.22776851927827088
-0.00770000000000004,0.2161678866193776
-0.008700000000000152,0.20456725396048434
-0.009700000000000042,0.192966621301591
-0.010700000000000154,0.18207334429263022
-0.011700000000000044,0.17174595180361546
-0.012700000000000156,0.1619844438345467
-0.013700000000000045,0.15264734925543746
-0.014700000000000157,0.1435931969363012
-0.015700000000000047,0.1349917522331218
-0.01670000000000016,0.12620639506095993
-0.01770000000000005,0.11749177345379128
-0.01870000000000016,0.11065871787544318
-0.01970000000000005,0.10236850965823405
-0.020700000000000163,0.09523836470691427
-0.021700000000000053,0.0883911620155675
-0.022700000000000164,0.08119028149925445
-0.023700000000000054,0.07445625571189689
-0.024700000000000166,0.06789199528052312
-0.025700000000000056,0.0613135877361507
-0.026700000000000168,0.05555571274569999
-0.027700000000000058,0.04934513013929248
-0.02870000000000017,0.043870197408814794
-0.02970000000000006,0.03835282333934115
-0.03070000000000017,0.03265153680088505
-0.03170000000000006,0.02762931168636417
-0.03270000000000017,0.02235243853786758
-0.03370000000000006,0.017231183632356147
-0.034700000000000175,0.01273240169878533
-0.035700000000000065,0.008042633739732736
-0.03670000000000018,0.0033245715546828362
-0.03770000000000007,-0.0011696833027284124
-0.03870000000000018,-0.00556688896496892
-0.03970000000000007,-0.009614377993882789
-0.04070000000000018,-0.01369016124879396
-0.04170000000000007,-0.017924392169290013
-0.04270000000000018,-0.02161678866193776
-0.04370000000000007,-0.025309185154585506
-0.044700000000000184,-0.02931281813320356
-0.045700000000000074,-0.03293447906085806
-0.046700000000000186,-0.0365136986495166
-0.047700000000000076,-0.039795828865203484
-0.04870000000000019,-0.04314869464588362
-0.04970000000000008,-0.04650156042656376
-0.05070000000000019,-0.04943001281728438
-0.05170000000000008,-0.05275458437196722
-0.05270000000000019,-0.05607915592665005
-0.05370000000000008,-0.05861148915340847
-0.05470000000000019,-0.06196435493408861
-0.05570000000000008,-0.06472304196882543
-0.056700000000000195,-0.06769393569854201
-0.057700000000000085,-0.07056579963726803
-0.058700000000000196,-0.07275860215205883
-0.059700000000000086,-0.07555973052579161
-0.0607000000000002,-0.07799303396155947
-0.06170000000000009,-0.081006369030272
-0.0627000000000002,-0.08351040803103311
-0.06370000000000009,-0.08540612117285226
-0.0647000000000002,-0.08800918996460394
-0.06570000000000009,-0.09052737607836371
-0.0667000000000002,-0.09279091415814776
-0.0677000000000001,-0.09506859935093047
-0.0687000000000002,-0.09736043165671183
-0.0697000000000001,-0.09935517458952153
-0.07070000000000021,-0.10170359534729749
-0.0717000000000001,-0.10355686715012069
-0.07270000000000021,-0.10562234564792364
-0.0737000000000001,-0.10797076640569962
-0.07470000000000021,-0.1097674497565282
-0.0757000000000001,-0.11190366381932441
-0.07670000000000021,-0.11391255386513276
-0.0777000000000001,-0.11568094298996405
-0.07870000000000021,-0.11777471571376431
-0.0797000000000001,-0.11941578082160774
-0.08070000000000022,-0.12179249580538101
-0.0817000000000001,-0.1234760022522204
-0.08270000000000022,-0.12466435974410703
-0.08370000000000011,-0.12658836711192348
-0.08470000000000022,-0.1287245811747197
-0.08570000000000011,-0.13015343958758338
-0.08670000000000022,-0.13202085850340523
-0.08770000000000011,-0.13415707256620144
-0.08870000000000022,-0.13537372428408537
-0.08970000000000011,-0.13725529031290584
-0.09070000000000022,-0.13857097182178035
-0.09170000000000011,-0.1402686253816184
-0.09270000000000023,-0.1420370145064497
-0.09370000000000012,-0.1435931969363012
-0.09470000000000023,-0.14571526388609876
-0.09570000000000012,-0.1467055617960043
-0.09670000000000023,-0.14868615761581536
-0.09770000000000012,-0.15052528230563988
-0.09870000000000023,-0.15179852247551845
-0.09970000000000012,-0.15377911829532948
-0.10070000000000023,-0.15561824298515403
-0.10170000000000012,-0.15660854089505957
-0.10270000000000024,-0.1585891367148706
-0.10370000000000013,-0.15986237688474914
-0.10470000000000024,-0.1617015015745737
-0.10570000000000013,-0.16311621287443873
-0.10670000000000024,-0.16438945304431726
-0.10770000000000013,-0.16608710660415532
-0.10870000000000024,-0.16736034677403386
-0.10970000000000013,-0.16919947146385841
-0.11070000000000024,-0.17103859615368294
-0.11170000000000013,-0.17217036519357498
-0.11270000000000002,-0.173868018753413
-0.11370000000000013,-0.17542420118326454
-0.11470000000000002,-0.1768389124831296
-0.11570000000000014,-0.17853656604296764
-0.11670000000000003,-0.17980980621284617
-0.11770000000000014,-0.1808001041227517
-0.11870000000000003,-0.18263922881257624
-0.11970000000000014,-0.18377099785246825
-0.12070000000000003,-0.1856101225422928
-0.12170000000000014,-0.18730777610213087
-0.12270000000000003,-0.18872248740199588
-0.12370000000000014,-0.1899957275718744
-0.12470000000000003,-0.19155191000172597
-0.12570000000000014,-0.1933910346915505
-0.12670000000000003,-0.19480574599141554
-0.12770000000000015,-0.19636192842126707
-0.12870000000000004,-0.19791811085111863
-0.12970000000000015,-0.19947429328097016
-0.13070000000000004,-0.20131341797079472
-0.13170000000000015,-0.20258665814067325
-0.13270000000000004,-0.20428431170051128
-0.13370000000000015,-0.20513313848043033
-0.13470000000000004,-0.20725520543022788
-0.13570000000000015,-0.2089528589900659
-0.13670000000000004,-0.21036757028993097
-0.13770000000000016,-0.2119237527197825
-0.13870000000000005,-0.21333846401964754
-0.13970000000000016,-0.21503611757948557
-0.14070000000000005,-0.2167337711393236
-0.14170000000000016,-0.2181484824391887
-0.14270000000000005,-0.22012907825899972
-0.14370000000000016,-0.22126084729889173
-0.14470000000000005,-0.22309997198871628
-0.14570000000000016,-0.2250805678085273
-0.14670000000000005,-0.22635380797840585
-0.14770000000000016,-0.22805146153824393
-0.14870000000000005,-0.22989058622806843
-0.14970000000000017,-0.23116382639794697
-0.15070000000000006,-0.23328589334774452
-0.15170000000000017,-0.23441766238763656
-0.15270000000000006,-0.2356909025575151
-0.15370000000000017,-0.23767149837732615
-0.15470000000000006,-0.23908620967719119
-0.15570000000000017,-0.24092533436701574
-0.15670000000000006,-0.2420571034069078
-0.15770000000000017,-0.24347181470677282
-0.15870000000000006,-0.24630123730650288
-0.15970000000000018,-0.2471500640864219
-0.16070000000000007,-0.24898918877624646
-0.16170000000000018,-0.250828313466071
-0.16270000000000007,-0.2521015536359495
-0.16370000000000018,-0.25394067832577405
-0.16470000000000007,-0.2564871586655311
-0.16570000000000018,-0.2574774565754367
-0.16670000000000007,-0.25931658126526125
-0.16770000000000018,-0.26058982143513976
-0.16870000000000007,-0.2625704172549508
-0.16970000000000018,-0.26440954194477534
-0.17070000000000007,-0.2661071955046134
-0.17170000000000019,-0.268229262454411
-0.17270000000000008,-0.2692195603643165
-0.1737000000000002,-0.27134162731411404
-0.17470000000000008,-0.27303928087395213
-0.1757000000000002,-0.27431252104383064
-0.17670000000000008,-0.2764345879936282
-0.1777000000000002,-0.27841518381343927
-0.17870000000000008,-0.27982989511330425
-0.1797000000000002,-0.2815275486731423
-0.18070000000000008,-0.28364961562293983
-0.1817000000000002,-0.28534726918277786
-0.18270000000000008,-0.2871863938726024
-0.1837000000000002,-0.288742576302454
-0.1847000000000001,-0.29072317212226506
-0.1857000000000002,-0.29256229681208956
-0.1867000000000001,-0.29369406585198166
-0.1877000000000002,-0.2959576039317657
-0.1887000000000001,-0.29793819975157676
-0.1897000000000002,-0.29949438218142826
-0.1907000000000001,-0.30175792026121234
-0.1917000000000001,-0.3033141026910639
-0.19269999999999998,-0.3041629294709829
-0.1937000000000001,-0.30656793868075344
-0.19469999999999998,-0.30826559224059147
-0.1957000000000001,-0.3099632458004295
-0.19669999999999999,-0.31236825501020005
-0.1977000000000001,-0.31350002405009214
-0.1987,-0.31604650438984916
-0.1997000000000001,-0.3174612156897142
-0.2007,-0.3191588692495523
-0.2017000000000001,-0.3214224073293363
-0.2027,-0.3234030031491474
-0.2037000000000001,-0.3253835989689584
-0.2047,-0.326656839138837
-0.2057000000000001,-0.32849596382866153
-0.2067,-0.33047655964847256
-0.2077000000000001,-0.3318912709483376
-0.2087,-0.3340133378981352
-0.2097000000000001,-0.33585246258795975
-0.2107,-0.33726717388782473
-0.2117000000000001,-0.3396721830975953
-0.2127,-0.34108689439746037
-0.2137000000000001,-0.3423601345673389
-0.2147,-0.3450480860370824
-0.2157000000000001,-0.347736037506826
-0.2167,-0.34915074880669106
-0.21770000000000012,-0.3507069312365426
-0.2187,-0.35240458479638065
-0.21970000000000012,-0.3545266517461782
-0.2207,-0.35636577643600276
-0.22170000000000012,-0.3580634299958408
-0.2227,-0.36075138146558433
-0.22370000000000012,-0.36301491954536846
-0.2247,-0.36485404423519296
-0.22570000000000012,-0.3675419957049365
-0.2267,-0.3685322936148421
-0.22770000000000012,-0.37065436056463963
-0.22870000000000001,-0.3732008409043967
-0.22970000000000013,-0.37489849446423473
-0.23070000000000002,-0.3773035036740053
-0.23170000000000013,-0.3790011572338433
-0.23270000000000002,-0.3809817530536544
-0.23370000000000013,-0.38310382000345194
-0.23470000000000002,-0.383952646783371
-0.23570000000000013,-0.387065011643074
-0.23670000000000002,-0.38890413633289855
-0.2376999999999999,-0.39116767441268263
-0.23870000000000002,-0.39357268362245323
-0.2396999999999999,-0.3952703371822912
-0.24070000000000003,-0.3979582886520348
-0.24169999999999991,-0.40064624012177835
-0.24270000000000003,-0.4023438936816164
-0.24369999999999992,-0.404183018371441
-0.24470000000000003,-0.40630508532123855
-0.24569999999999992,-0.4088515656609956
-0.24670000000000003,-0.4113980460007527
-0.24769999999999992,-0.4130956995605908
-0.24870000000000003,-0.4153592376403748
-0.24969999999999992,-0.41804718911011834
-0.25070000000000003,-0.4201692560599159
-0.2516999999999999,-0.4221498518797269
-0.25270000000000004,-0.4245548610894975
-0.2536999999999999,-0.4268183991692816
-0.25470000000000004,-0.43021370628895766
-0.2556999999999999,-0.4320528309787822
-0.25670000000000004,-0.4348822535785123
-0.25769999999999993,-0.4371457916582963
-0.25870000000000004,-0.4392678586080939
-0.25969999999999993,-0.44153139668787794
-0.26070000000000004,-0.44407787702763507
-0.26169999999999993,-0.4464828862374056
-0.26270000000000004,-0.44888789544717617
-0.26369999999999993,-0.4515758469169197
-0.26470000000000005,-0.45454674064663625
-0.26569999999999994,-0.4578005766363259
-0.26670000000000005,-0.4606299992360559
-0.26769999999999994,-0.4630350084458265
-0.26870000000000005,-0.4657229599155701
-0.26969999999999994,-0.46742061347540814
-0.27070000000000005,-0.4706744494650977
-0.27169999999999994,-0.4730794586748682
-0.27270000000000005,-0.47661623692453087
-0.27369999999999994,-0.47972860178423393
-0.27470000000000006,-0.48199213986401795
-0.27569999999999995,-0.4852459758537076
-0.27670000000000006,-0.48807539845343767
-0.27769999999999995,-0.4901974654032352
-0.27870000000000006,-0.4935927725229112
-0.27969999999999995,-0.4964221951226413
-0.28070000000000006,-0.4992516177223714
-0.28169999999999995,-0.5023639825820745
-0.28270000000000006,-0.5054763474417775
-0.28369999999999995,-0.5088716545614537
-0.28470000000000006,-0.5118425482911703
-0.28569999999999995,-0.5152378554108463
-0.28670000000000007,-0.518774633660509
-0.28769999999999996,-0.5217455273902256
-0.28870000000000007,-0.5247164211199421
-0.28969999999999996,-0.5281117282396182
-0.29070000000000007,-0.5317899776192673
-0.29169999999999996,-0.5349023424789704
-0.29270000000000007,-0.5388635341185926
-0.29369999999999996,-0.5432491391481741
-0.2947000000000001,-0.5466444462678502
-0.29569999999999996,-0.5497568111275533
-0.2967000000000001,-0.553293589377216
-0.29769999999999996,-0.556971838756865
-0.2987000000000001,-0.559801261356595
-0.29969999999999997,-0.5633380396062576
-0.3007000000000001,-0.5664504044659607
-0.30169999999999997,-0.5698457115856368
-0.3027000000000001,-0.5742313166152184
-0.30369999999999997,-0.578051037124854
-0.3047000000000001,-0.5817292865045031
-0.30569999999999997,-0.5862563626640712
-0.3067000000000001,-0.5895101986537608
-0.3077,-0.5937543325533559
-0.3087000000000001,-0.5970081685430455
-0.3097,-0.600827889052681
-0.3107000000000001,-0.6047890806923032
-0.3117,-0.6087502723319252
-0.3127000000000001,-0.6129944062315204
-0.3137,-0.6172385401311155
-0.3147000000000001,-0.6214826740307106
-0.3157,-0.6262926924502518
-0.3167000000000001,-0.6303953552198603
-0.3177,-0.6339321334695229
-0.3187000000000001,-0.6384592096290911
-0.3197,-0.6421374590087401
-0.3207000000000001,-0.6473718908182408
-0.3217,-0.6517574958478223
-0.3227000000000001,-0.6564260431373771
-0.3237,-0.6603872347769991
-0.3247000000000001,-0.6637825418966752
-0.3257,-0.6684510891862299
-0.3267000000000001,-0.671846396305906
-0.3277,-0.6770808281154066
-0.3287000000000001,-0.6818908465349477
-0.3297,-0.6872667494744349
-0.3307000000000001,-0.6910864699840705
-0.3317,-0.6953306038836656
-0.3327000000000001,-0.6992917955232877
-0.3337,-0.7042432850728153
-0.3347000000000001,-0.7094777168823159
-0.3357,-0.7124486106120325
-0.3367000000000001,-0.717683042421533
-0.3377,-0.7216442340611552
-0.3387000000000001,-0.7265957236106829
-0.3397,-0.731122799770251
-0.3407000000000001,-0.735649875929819
-0.3417,-0.7403184232193737
-0.3427000000000001,-0.7442796148589957
-0.3437,-0.74937257553851
-0.3447000000000001,-0.7543240650880375
-0.3457,-0.7588511412476057
-0.3467000000000001,-0.7640855730571063
-0.3477,-0.7681882358267149
-0.3487000000000001,-0.774130023286148
-0.3497,-0.7793644550956487
-0.3507000000000001,-0.7841744735151899
-0.3517,-0.7885600785447714
-0.3527000000000001,-0.794077452614245
-0.3537,-0.7990289421637727
-0.3547000000000001,-0.8042633739732733
-0.3557,-0.8102051614327065
-0.35670000000000013,-0.8155810643721937
-0.3577,-0.8209569673116808
-0.35870000000000013,-0.825766985731222
-0.3597,-0.8307184752807496
-0.36070000000000013,-0.8362358493502232
-0.3617,-0.8435923481095214
-0.3626999999999999,-0.8488267799190221
-0.3637,-0.8544856251184821
-0.3646999999999999,-0.8615591816178074
-0.3657,-0.868491266987146
-0.3666999999999999,-0.8745745255765657
-0.3677,-0.8809407264259583
-0.3686999999999999,-0.887306927275351
-0.36970000000000003,-0.8942390126446896
-0.3706999999999999,-0.9013125691440148
-0.37170000000000003,-0.90838612564334
-0.3726999999999999,-0.9161670377925977
-0.37370000000000003,-0.9236650076818825
-0.3746999999999999,-0.9314459198311402
-0.37570000000000003,-0.9393683031103843
-0.3766999999999999,-0.9481395131695476
-0.37770000000000004,-0.9554960119288457
-0.3786999999999999,-0.9622866261681979
-0.37970000000000004,-0.9724725475272262
-0.3806999999999999,-0.9823755266262814
-0.38170000000000004,-0.9921370345953502
-0.38269999999999993,-1.001898542564419
-0.38370000000000004,-1.0093965124537037
-0.38469999999999993,-1.019299491552759
-0.38570000000000004,-1.0300512974317333
-0.38669999999999993,-1.0391054497508694
-0.38770000000000004,-1.0491498999799111
-0.38869999999999993,-1.059760234728899
-0.38970000000000005,-1.0700876272179138
-0.39069999999999994,-1.0828200289166992
-0.39170000000000005,-1.0941377193156194
-0.39269999999999994,-1.1047480540646073
-0.39370000000000005,-1.1157828022035543
-0.39469999999999994,-1.1280907905123805
-0.39570000000000005,-1.1413890767311115
-0.39669999999999994,-1.154121478429897
-0.39770000000000005,-1.1669953512586688
-0.39869999999999994,-1.1817083487772653
-0.39970000000000006,-1.195148106125983
-0.40069999999999995,-1.2081634500847414
-0.40170000000000006,-1.2216032074334593
-0.40269999999999995,-1.2356088493021231
-0.40370000000000006,-1.24989743343076
-0.40469999999999995,-1.2650348443393156
-0.40570000000000006,-1.280030784117885
-0.40669999999999995,-1.2972902619762388
-0.40770000000000006,-1.311720317234862
-0.40869999999999995,-1.3281309683132965
-0.40970000000000006,-1.3438342637417984
-0.41069999999999995,-1.3584057901304083
-0.41170000000000007,-1.3748164412088428
-0.41269999999999996,-1.3908026788973176
-0.41370000000000007,-1.406364503195833
-0.41469999999999996,-1.423199567664227
-0.41570000000000007,-1.4401761032626073
-0.41669999999999996,-1.4571526388609877
-0.41770000000000007,-1.4755438857592333
-0.41869999999999996,-1.4925204213576138
-0.4197000000000001,-1.5080822456561291
-0.42069999999999996,-1.5264734925543744
-0.4217000000000001,-1.54486473945262
-0.42269999999999996,-1.5604265637511354
-0.4237000000000001,-1.5759883880496508
-0.42469999999999997,-1.5929649236480312
-0.4257000000000001,-1.614185593146007
-0.42669999999999997,-1.6297474174445223
-0.4277000000000001,-1.6481386643427678
-0.42869999999999997,-1.6637004886412832
-0.4297000000000001,-1.6792623129397986
-0.43069999999999997,-1.696238848538179
-0.4317000000000001,-1.7160448067362895
-0.4327,-1.7301919197349398
-0.4337000000000001,-1.7471684553333202
-0.4347,-1.7627302796318356
-0.4357000000000001,-1.781121526530081
-0.4367,-1.8009274847281918
-0.4377000000000001,-1.8193187316264372
-0.4387,-1.8405394011244125
-0.4397000000000001,-1.8546865141230628
-0.4407,-1.8744924723211736
-0.4417000000000001,-1.894298430519284
-0.4427,-1.9141043887173947
-0.4437000000000001,-1.9324956356156402
-0.4447,-1.9480574599141556
-0.4457000000000001,-1.9692781294121309
-0.4467,-1.993328221509837
-0.4477000000000001,-2.014548891007812
-0.4487,-2.0343548492059225
-0.4497000000000001,-2.054160807404033
-0.4507,-2.076796188201874
-0.4517000000000001,-2.1008462802995793
-0.4527,-2.122066949797555
-0.4537000000000001,-2.1461170418952604
-0.4547,-2.1659230000933714
-0.4557000000000001,-2.1885583808912115
-0.4567,-2.2126084729889177
-0.4577000000000001,-2.238073276386488
-0.4587,-2.2592939458844636
-0.4597000000000001,-2.284758749282034
-0.4607,-2.307394130079875
-0.4617000000000001,-2.33144422217758
-0.4627,-2.3569090255751513
-0.4637000000000001,-2.379544406372992
-0.4647,-2.4050092097705624
-0.4657000000000001,-2.433303435767863
-0.4667,-2.457353527865569
-0.4677000000000001,-2.4842330425630044
-0.4687,-2.50828313466071
-0.4697000000000001,-2.5351626493581456
-0.4707,-2.5620421640555815
-0.4717000000000001,-2.586092256153287
-0.4727,-2.6115570595508575
-0.4737000000000001,-2.6384365742482934
-0.4747,-2.666730800245594
-0.4757000000000001,-2.69361031494303
-0.4767,-2.7233192522401954
-0.4777000000000001,-2.744539921738171
-0.4787,-2.7714194364356066
-0.4797000000000001,-2.7997136624329078
-0.4807,-2.8265931771303436
-0.48170000000000013,-2.856302114427509
-0.4827,-2.8845963404248094
-0.48370000000000013,-2.91571998902184
-0.4847,-2.9440142150191413
-0.48570000000000013,-2.972308441016442
-0.4867,-3.006261512213203
-0.4876999999999999,-3.0402145834099636
-0.4887,-3.0713382320069944
-0.4896999999999999,-3.1052913032037557
-0.4907,-3.1335855292010564
-0.4916999999999999,-3.1632944664982214
-0.4927,-3.1944181150952526
-0.4936999999999999,-3.225541763692284
-0.49470000000000003,-3.2566654122893146
-0.4956999999999999,-3.28637434958648
-0.49670000000000003,-3.313253864283916
-0.4976999999999999,-3.3429628015810815
-0.49870000000000003,-3.3755011614779775
-0.4996999999999999,-3.4066248100750083
-0.5007,-3.430674902172714
-0.5016999999999999,-3.45472499427042
-0.5027,-3.4816045089678553
-0.5036999999999999,-3.512728157564886
-0.5047,-3.541022383562187
-0.5056999999999999,-3.566487186959758
-0.5067,-3.5961961242569234
-0.5076999999999999,-3.630149195453684
-0.5087,-3.6655169779503103
-0.5096999999999999,-3.698055337847206
-0.5107,-3.734837831643697
-0.5116999999999999,-3.7673761915405932
-0.5127,-3.8055733966369485
-0.5136999999999999,-3.84235589043344
-0.5147,-3.8777236729300655
-0.5156999999999999,-3.914506166726557
-0.5167,-3.9512886605230477
-0.5176999999999999,-3.992315288219133
-0.5187,-4.024853648116029
-0.5196999999999999,-4.05597729671306
-0.5207,-4.091345079209686
-0.5216999999999999,-4.1238834391065815
-0.5227,-4.166324778102533
-0.5236999999999999,-4.205936694498754
-0.5247,-4.237060343095785
-0.5257,-4.272428125592412
-0.5267000000000001,-4.3063811967891725
-0.5277,-4.347407824485257
-0.5287000000000001,-4.382775606981883
-0.5297,-4.415313966878779
-0.5307000000000001,-4.450681749375406
-0.5317,-4.494537799671222
-0.5327000000000001,-4.535564427367307
-0.5337,-4.580835188962989
-0.5347000000000001,-4.630350084458265
-0.5357,-4.671376712154351
-0.5367000000000001,-4.710988628550572
-0.5377,-4.750600544946793
-0.5387000000000001,-4.785968327443419
-0.5397,-4.826994955139505
-0.5407000000000001,-4.866606871535726
-0.5417,-4.913292344431272
-0.5427000000000001,-4.961392528626684
-0.5437,-5.002419156322769
-0.5447000000000001,-5.047689917918451
-0.5457,-5.102863658613187
-0.5467000000000001,-5.156622688008059
-0.5477,-5.197649315704145
-0.5487000000000001,-5.2386759434002315
-0.5497,-5.285361416295777
-0.5507000000000001,-5.329217466591594
-0.5517,-5.358926403888759
-0.5527000000000001,-5.394294186385385
-0.5537,-5.449467927080121
-0.5547000000000001,-5.513129935574048
-0.5557,-5.576791944067974
-0.5567000000000001,-5.639039241262036
-0.5577,-5.684310002857718
-0.5587000000000001,-5.7309954757532635
-0.5597,-5.769192680849619
-0.5607000000000001,-5.824366421544356
-0.5617,-5.8752960283394975
-0.5627000000000001,-5.921981501235043
-0.5637,-5.9601787063314
-0.5647000000000001,-6.009693601826676
-0.5657,-6.064867342521412
-0.5667000000000001,-6.120041083216149
-0.5677,-6.169555978711425
-0.5687000000000001,-6.2233150081062965
-0.5697,-6.262926924502518
-0.5707000000000001,-6.3081976860981985
-0.5717,-6.377518539791585
-0.5727000000000001,-6.441180548285512
-0.5737,-6.496354288980249
-0.5747000000000001,-6.55294274097485
-0.5757,-6.605287059069856
-0.5767000000000001,-6.6689490675637835
-0.5777,-6.718463963059059
-0.5787000000000001,-6.786370105452581
-0.5797,-6.848617402646643
-0.5807000000000001,-6.875496917344078
-0.5817,-6.906620565941108
-0.5827000000000001,-6.961794306635846
-0.5837,-7.026871026429637
-0.5847000000000001,-7.090533034923564
-0.5857,-7.15136562081776
-0.5867000000000001,-7.093362457523294
-0.5857,-6.997162089132471
-0.5847000000000001,-6.915108833740299
-0.5837,-6.845787980046913
-0.5827000000000001,-6.776467126353525
-0.5817,-6.691584448361623
-0.5807000000000001,-6.615190038168912
-0.5797,-6.55577216357458
-0.5787000000000001,-6.497769000280114
-0.5777,-6.427033435286861
-0.5767000000000001,-6.3534684476938805
-0.5757,-6.2756593262013025
-0.5747000000000001,-6.186532514309805
-0.5737,-6.1044792589176335
-0.5727000000000001,-6.028084848724921
-0.5717,-5.967252262830725
-0.5707000000000001,-5.905004965636663
-0.5697,-5.839928245842872
-0.5687000000000001,-5.7833397938482705
-0.5677,-5.712604228855018
-0.5667000000000001,-5.647527509061226
-0.5657,-5.581036077967569
-0.5647000000000001,-5.507471090374587
-0.5637,-5.452297349679851
-0.5627000000000001,-5.388635341185925
-0.5617,-5.319314487492538
-0.5607000000000001,-5.261311324198071
-0.5597,-5.2061375835033346
-0.5587000000000001,-5.148134420208869
-0.5577,-5.097204813413727
-0.5567000000000001,-5.047689917918451
-0.5557,-4.99393088852358
-0.5547000000000001,-4.928854168729788
-0.5537,-4.863777448935997
-0.5527000000000001,-4.801530151741935
-0.5517,-4.761918235345714
-0.5507000000000001,-4.708159205950842
-0.5497,-4.66005902175543
-0.5487000000000001,-4.6218618166590755
-0.5477,-4.570932209863933
-0.5467000000000001,-4.520002603068792
-0.5457,-4.471902418873381
-0.5447000000000001,-4.433705213777024
-0.5437,-4.394093297380804
-0.5427000000000001,-4.350237247084988
-0.5417,-4.297892928989982
-0.5407000000000001,-4.24696332219484
-0.5397,-4.1889601589003735
-0.5387000000000001,-4.150762953804017
-0.5377,-4.099833347008876
-0.5367000000000001,-4.05314787411333
-0.5357,-4.006462401217783
-0.5347000000000001,-3.965435773521698
-0.5337,-3.922994434525747
-0.5327000000000001,-3.86782069383101
-0.5317,-3.825379354835059
-0.5307000000000001,-3.782938015839108
-0.5297,-3.7362525429435625
-0.5287000000000001,-3.693811203947611
-0.5277,-3.64288159715247
-0.5267000000000001,-3.594781412957058
-0.5257,-3.548095940061512
-0.5247,-3.4999957558661006
-0.5236999999999999,-3.4561397055702843
-0.5227,-3.412283655274469
-0.5216999999999999,-3.3726717388782474
-0.5207,-3.335889245081757
-0.5196999999999999,-3.2934479060858055
-0.5187,-3.246762433190259
-0.5176999999999999,-3.204321094194308
-0.5167,-3.167538600397817
-0.5156999999999999,-3.1279266840015962
-0.5147,-3.08690005630551
-0.5136999999999999,-3.054361696408614
-0.5127,-3.0204086252118536
-0.5116999999999999,-2.9822114201154974
-0.5107,-2.941184792419411
-0.5096999999999999,-2.90157287602319
-0.5087,-2.863375670926834
-0.5076999999999999,-2.823763754530613
-0.5067,-2.788395972033987
-0.5056999999999999,-2.7530281895373614
-0.5047,-2.7148309844410052
-0.5036999999999999,-2.6808779132442444
-0.5027,-2.6497542646472136
-0.5016999999999999,-2.618630616050183
-0.5007,-2.586092256153287
-0.4996999999999999,-2.549309762356796
-0.49870000000000003,-2.518186113759765
-0.4976999999999999,-2.4870624651627344
-0.49670000000000003,-2.4545241052658384
-0.4956999999999999,-2.427644590568403
-0.49470000000000003,-2.3951062306715074
-0.4936999999999999,-2.3696414272739363
-0.4927,-2.3356883560771755
-0.4916999999999999,-2.3003205735805494
-0.4907,-2.2706116362833835
-0.4896999999999999,-2.2409026989862184
-0.4887,-2.2097790503891876
-0.4876999999999999,-2.1828995356917518
-0.4867,-2.151775887094721
-0.48570000000000013,-2.122066949797555
-0.4847,-2.0909433012005243
-0.48370000000000013,-2.0640637865030884
-0.4827,-2.0371842718056525
-0.48170000000000013,-2.007475334508487
-0.4807,-1.9777663972113213
-0.4797000000000001,-1.9523015938137507
-0.4787,-1.92117794521672
-0.4777000000000001,-1.891469007919554
-0.4767,-1.8645894932221183
-0.4757000000000001,-1.8405394011244125
-0.4747,-1.8108304638272468
-0.4737000000000001,-1.7825362378299463
-0.4727,-1.7570714344323757
-0.4717000000000001,-1.7330213423346699
-0.4707,-1.7089712502369643
-0.4697000000000001,-1.6820917355395286
-0.4687,-1.655212220842093
-0.4677000000000001,-1.6297474174445223
-0.4667,-1.6056973253468165
-0.4657000000000001,-1.584476655848841
-0.4647,-1.5618412750510005
-0.4637000000000001,-1.540620605553025
-0.4627,-1.5179852247551844
-0.4617000000000001,-1.4967645552572086
-0.4607,-1.4755438857592333
-0.4597000000000001,-1.4543232162612578
-0.4587,-1.431687835463417
-0.4577000000000001,-1.4099012814454956
-0.4567,-1.3888220830775064
-0.4557000000000001,-1.3663281734096524
-0.4547,-1.3425610235719199
-0.4537000000000001,-1.3214818252039309
-0.4527,-1.3035149916956446
-0.4517000000000001,-1.2841334468874939
-0.4507,-1.2633371907794777
-0.4497000000000001,-1.2432482903213944
-0.4487,-1.2227349764733513
-0.4477000000000001,-1.2040607873151328
-0.4467,-1.1855280692869008
-0.4457000000000001,-1.16572211108879
-0.4447,-1.1476138064505177
-0.4437000000000001,-1.1276663771224207
-0.4427,-1.1089921879642022
-0.4417000000000001,-1.0921571234958085
-0.4407,-1.071785280777752
-0.4397000000000001,-1.0535355050094928
-0.4387,-1.0374077961910315
-0.4377000000000001,-1.020148318332678
-0.4367,-1.0026058982143515
-0.4357000000000001,-0.985063478096025
-0.4347,-0.9686528270175907
-0.4337000000000001,-0.9513933491592371
-0.4327,-0.9341338713008838
-0.4317000000000001,-0.9177232202224491
-0.43069999999999997,-0.9017369825339743
-0.4297000000000001,-0.8858922159754858
-0.42869999999999997,-0.8717451029768355
-0.4277000000000001,-0.8549100385084417
-0.42669999999999997,-0.8406214543798047
-0.4257000000000001,-0.824352274431357
-0.42469999999999997,-0.81006369030272
-0.4237000000000001,-0.7954921639141102
-0.42269999999999996,-0.7806376952655272
-0.4217000000000001,-0.7674808801767823
-0.42069999999999996,-0.7517775847482805
-0.4197000000000001,-0.7389037119195087
-0.41869999999999996,-0.7261713102207233
-0.41770000000000007,-0.7130144951319785
-0.41669999999999996,-0.6984429687433686
-0.41570000000000007,-0.6854276247846103
-0.41469999999999996,-0.6719878674358926
-0.41370000000000007,-0.6589725234771341
-0.41269999999999996,-0.6448254104784837
-0.41170000000000007,-0.6315271242597523
-0.41069999999999995,-0.621341202900724
-0.40970000000000006,-0.6098820413718172
-0.40869999999999995,-0.5961593417631265
-0.40770000000000006,-0.5844172379742467
-0.40669999999999995,-0.5718263074054479
-0.40570000000000006,-0.5596597902266085
-0.40469999999999995,-0.5489079843476343
-0.40370000000000006,-0.5374488228187275
-0.40269999999999995,-0.5265555458097667
-0.40170000000000006,-0.5160866821907654
-0.40069999999999995,-0.504203107271899
-0.39970000000000006,-0.4933098302629383
-0.39869999999999994,-0.48213361099400454
-0.39770000000000005,-0.4706744494650977
-0.39669999999999994,-0.4606299992360559
-0.39570000000000005,-0.4500196644870682
-0.39469999999999994,-0.4399752142580264
-0.39370000000000005,-0.42978929289899814
-0.39269999999999994,-0.42073514057986194
-0.39170000000000005,-0.41083216148080665
-0.39069999999999994,-0.40064624012177835
-0.38970000000000005,-0.3910262032826961
-0.38869999999999993,-0.38168910870358685
-0.38770000000000004,-0.37136171621457215
-0.38669999999999993,-0.36301491954536846
-0.38570000000000004,-0.3545266517461782
-0.38469999999999993,-0.345755441687015
-0.38370000000000004,-0.33726717388782473
-0.38269999999999993,-0.32821302156868853
-0.38170000000000004,-0.31958328263951175
-0.3806999999999999,-0.31095354371033507
-0.37970000000000004,-0.30204086252118534
-0.3786999999999999,-0.2938355369819681
-0.37770000000000004,-0.28506432692280487
-0.3766999999999999,-0.2771419436435607
-0.37570000000000003,-0.2706342716641816
-0.3746999999999999,-0.26299483064491036
-0.37370000000000003,-0.25535538962563914
-0.3726999999999999,-0.24814036199632744
-0.37170000000000003,-0.24007650758709673
-0.3706999999999999,-0.23342736447773108
-0.36970000000000003,-0.22550498119848683
-0.3686999999999999,-0.21843142469916169
-0.3677,-0.2119237527197825
-0.3666999999999999,-0.20485019622045733
-0.3657,-0.19848399537106462
-0.3646999999999999,-0.1919763233916855
-0.3637,-0.18532718028231981
-0.3626999999999999,-0.17938539282288665
-0.3617,-0.172736249713521
-0.36070000000000013,-0.16651151999411481
-0.3597,-0.16071120366466815
-0.35870000000000013,-0.154203531685289
-0.3577,-0.14854468648582883
-0.35670000000000013,-0.1426028990263957
-0.3557,-0.13709967206992069
-0.3547000000000001,-0.13152570954845244
-0.3537,-0.12582442300999636
-0.3527000000000001,-0.12005240090654701
-0.3517,-0.11403987788212061
-0.3507000000000001,-0.10829615000466856
-0.3497,-0.10287780572618546
-0.3487000000000001,-0.09716237207473072
-0.3477,-0.09205526428221794
-0.3467000000000001,-0.08738671699266332
-0.3457,-0.08276061104210465
-0.3447000000000001,-0.07683297069567015
-0.3437,-0.07250395411808314
-0.3427000000000001,-0.06769393569854201
-0.3417,-0.06260097501902787
-0.3407000000000001,-0.05827195844144086
-0.3397,-0.053150703535929426
-0.3387000000000001,-0.04868021582835592
-0.3377,-0.0443511992507689
-0.3367000000000001,-0.039088473215270966
-0.3357,-0.03488678065467181
-0.3347000000000001,-0.030175792026121234
-0.3337,-0.02573359854454502
-0.3327000000000001,-0.021701671339929663
-0.3317,-0.017754626813306213
-0.3307000000000001,-0.013787776328484647
-0.3297,-0.010381151518409638
-0.3287000000000001,-0.006278488748801033
-0.3277,-0.0028449844240285888
-0.3267000000000001,5.862563626640712e-05
-0.3257,0.0034787750863681252
-0.3247000000000001,0.00580880459724584
-0.3237,0.009242308922018284
-0.3227000000000001,0.013303945063930806
-0.3217,0.01765559702231566
-0.3207000000000001,0.022027054938898623
-0.3197,0.026440954194477534
-0.3187000000000001,0.030133350687125283
-0.3177,0.033627687597791917
-0.3167000000000001,0.036782493796490956
-0.3157,0.04006462401217784
-0.3147000000000001,0.04261110435193491
-0.3137,0.046317647957581295
-0.3127000000000001,0.049741249303254687
-0.3117,0.05324973332691998
-0.3107000000000001,0.05639039241262036
-0.3097,0.05951690438532209
-0.3087000000000001,0.06260097501902787
-0.3077,0.06579822255672285
-0.3067000000000001,0.06913694122440435
-0.30569999999999997,0.07217857051911417
-0.3047000000000001,0.07558802475178891
-0.30369999999999997,0.07819109354354058
-0.3027000000000001,0.08079416233529225
-0.30169999999999997,0.08335478978804794
-0.3007000000000001,0.08568906343282526
-0.29969999999999997,0.08877313406653106
-0.2987000000000001,0.09147523264927326
-0.29769999999999996,0.09479980420395612
-0.2967000000000001,0.09794046328965648
-0.29569999999999996,0.10092550413237171
-0.2947000000000001,0.1038115151840964
-0.29369999999999996,0.10700876272179137
-0.29270000000000007,0.10975330264352953
-0.29169999999999996,0.11272419637324613
-0.29070000000000007,0.11498773445303019
-0.28969999999999996,0.11785959839175622
-0.28870000000000007,0.12101440459045523
-0.28769999999999996,0.12358917915620962
-0.28670000000000007,0.1263620133039451
-0.28569999999999995,0.12837090334975343
-0.28470000000000006,0.1315964451134457
-0.28369999999999995,0.13429854369618793
-0.28270000000000006,0.13657622888897064
-0.28169999999999995,0.13906612077673314
-0.28070000000000006,0.14127307040452258
-0.27969999999999995,0.1428858412863687
-0.27870000000000006,0.14557379275611226
-0.27769999999999995,0.14826174422585583
-0.27670000000000006,0.15052528230563988
-0.27569999999999995,0.15307176264539696
-0.27470000000000006,0.15547677185516753
-0.27369999999999994,0.15774030993495158
-0.27270000000000005,0.15957943462477614
-0.27169999999999994,0.16141855931460067
-0.27070000000000005,0.16354062626439822
-0.26969999999999994,0.1655212220842093
-0.26870000000000005,0.16835064468393937
-0.26769999999999994,0.17174595180361546
-0.26670000000000005,0.17415096101338604
-0.26569999999999994,0.17641449909317006
-0.26470000000000005,0.17910245056291366
-0.26369999999999993,0.18009274847281917
-0.26270000000000004,0.18221481542261672
-0.26169999999999993,0.1847612957623738
-0.26070000000000004,0.18716630497214437
-0.25969999999999993,0.18971278531190142
-0.25870000000000004,0.19183485226169897
-0.25769999999999993,0.193532505821537
-0.25670000000000004,0.1965033995512536
-0.2556999999999999,0.19805958198110513
-0.25470000000000004,0.20060606232086217
-0.2536999999999999,0.20315254266061927
-0.25270000000000004,0.20485019622045733
-0.2516999999999999,0.20725520543022788
-0.25070000000000003,0.2086699167300929
-0.24969999999999992,0.21050904141991747
-0.24870000000000003,0.21277257949970152
-0.24769999999999992,0.2151775887094721
-0.24670000000000003,0.21744112678925615
-0.24569999999999992,0.2199876071290132
-0.24470000000000003,0.22253408746877026
-0.24369999999999992,0.22536351006850036
-0.24270000000000003,0.22720263475832486
-0.24169999999999991,0.23017352848804143
-0.24070000000000003,0.23272000882779853
-0.2396999999999999,0.2345591335176231
-0.23870000000000002,0.23583237368750162
-0.2376999999999999,0.23837885402725867
-0.23670000000000002,0.24064239210704275
-0.23570000000000013,0.24333034357678635
-0.23470000000000002,0.24615976617651636
-0.23370000000000013,0.24927213103621945
-0.23270000000000002,0.2521015536359495
-0.23170000000000013,0.2535162649358146
-0.23070000000000002,0.2557798030155986
-0.22970000000000013,0.2583262833553557
-0.22870000000000001,0.2607312925651262
-0.22770000000000012,0.2634192440348699
-0.2267,0.26554131098466743
-0.22570000000000012,0.26780484906445146
-0.2247,0.27077574279416805
-0.22370000000000012,0.2733222231339251
-0.2227,0.27586870347368214
-0.22170000000000012,0.27855665494342574
-0.2207,0.28025430850326377
-0.21970000000000012,0.2839325578829129
-0.2187,0.28605462483271044
-0.21770000000000012,0.2886011051724675
-0.2167,0.29100611438223806
-0.2157000000000001,0.29482583489187364
-0.2147,0.29708937297165766
-0.2137000000000001,0.2999187955713878
-0.2127,0.30175792026121234
-0.2117000000000001,0.3038799872110099
-0.2107,0.30529469851087493
-0.2097000000000001,0.3071338232006995
-0.2087,0.310387659190389
-0.2077000000000001,0.3136414951800786
-0.2067,0.3176026868197007
-0.2057000000000001,0.32128093619934983
-0.2047,0.32297858975918786
-0.2037000000000001,0.3256665412289314
-0.2027,0.3279300793087155
-0.2017000000000001,0.3299106751285265
-0.2007,0.33373039563816215
-0.1997000000000001,0.3362768759779193
-0.1987,0.3379745295377573
-0.1977000000000001,0.3419357211773794
-0.19669999999999999,0.34462367264712296
-0.1957000000000001,0.3473116241168665
-0.19469999999999998,0.3494336910666641
-0.1937000000000001,0.35240458479638065
-0.19269999999999998,0.3542437094862052
-0.1917000000000001,0.35763901660588127
-0.1907000000000001,0.36018549694563834
-0.1897000000000002,0.36287344841538194
-0.1887000000000001,0.36541992875513896
-0.1877000000000002,0.3678249379649095
-0.1867000000000001,0.3695225915247476
-0.1857000000000002,0.3709373028246126
-0.1847000000000001,0.3732008409043967
-0.1837000000000002,0.37588879237414025
-0.18270000000000008,0.37885968610385684
-0.1817000000000002,0.3812646953136274
-0.18070000000000008,0.383952646783371
-0.1797000000000002,0.3872064827730605
-0.17870000000000008,0.38918707859287155
-0.1777000000000002,0.3903188476327636
-0.17670000000000008,0.39286532797252066
-0.1757000000000002,0.3942800392723857
-0.17470000000000008,0.3965435773521698
-0.1737000000000002,0.3990900576919268
-0.17270000000000008,0.4016365380316839
-0.17170000000000019,0.40361713385149495
-0.17070000000000007,0.406163614191252
-0.16970000000000018,0.4077197966211036
-0.16870000000000007,0.41012480583087413
-0.16770000000000018,0.4113980460007527
-0.16670000000000007,0.41422746860048276
-0.16570000000000018,0.4164910066802668
-0.16470000000000007,0.4190374870200239
-0.16370000000000018,0.42087661170984847
-0.16270000000000007,0.42200838074974045
-0.16170000000000018,0.4239889765695515
-0.16070000000000007,0.42611104351934903
-0.15970000000000018,0.42780869707918706
-0.15870000000000006,0.43007223515897114
-0.15770000000000017,0.4329016577587012
-0.15670000000000006,0.43516519583848523
-0.15570000000000017,0.4375702050482558
-0.15470000000000006,0.43884344521813434
-0.15370000000000017,0.4408240410379454
-0.15270000000000006,0.443511992507689
-0.15170000000000017,0.44535111719751347
-0.15070000000000006,0.4478975975372706
-0.14970000000000017,0.4500196644870682
-0.14870000000000005,0.4514343757869332
-0.14770000000000016,0.45454674064663625
-0.14670000000000005,0.4558199808165148
-0.14570000000000016,0.4578005766363259
-0.14470000000000005,0.4604885281060694
-0.14370000000000016,0.462610595055867
-0.14270000000000005,0.464308248615705
-0.14170000000000016,0.4667132578254756
-0.14070000000000005,0.4691182670352462
-0.13970000000000016,0.47166474737500325
-0.13870000000000005,0.4740697565847738
-0.13770000000000016,0.4757674101446118
-0.13670000000000004,0.4778894770944094
-0.13570000000000015,0.48001154404420693
-0.13470000000000004,0.48241655325397753
-0.13370000000000015,0.48567038924366707
-0.13270000000000004,0.48765098506347815
-0.13170000000000015,0.49033893653322164
-0.13070000000000004,0.4923195323530327
-0.12970000000000015,0.49514895495276273
-0.12870000000000004,0.4984027909424524
-0.12770000000000015,0.4993930888523579
-0.12670000000000003,0.5026469248420475
-0.12570000000000014,0.5057592897017505
-0.12470000000000003,0.5081642989115212
-0.12370000000000014,0.5095790102113862
-0.12270000000000003,0.5126913750710893
-0.12170000000000014,0.5159452110607788
-0.12070000000000003,0.519057575920482
-0.11970000000000014,0.5216040562602391
-0.11870000000000003,0.5247164211199421
-0.11770000000000014,0.5285361416295777
-0.11670000000000003,0.5310826219693349
-0.11570000000000014,0.5353267558689299
-0.11470000000000002,0.5377317650787005
-0.11370000000000013,0.5421173701082821
-0.11270000000000002,0.5450882638379987
-0.11170000000000013,0.5482006286977017
-0.11070000000000024,0.5520203492073373
-0.10970000000000013,0.5561230119769459
-0.10870000000000024,0.5593768479666354
-0.10770000000000013,0.5627721550863116
-0.10670000000000024,0.5656015776860417
-0.10570000000000013,0.5695627693256637
-0.10470000000000024,0.5735239609652859
-0.10370000000000013,0.576919268084962
-0.10270000000000024,0.5804560463346246
-0.10170000000000012,0.5851245936241791
-0.10070000000000023,0.5893687275237742
-0.09970000000000012,0.5926225635134639
-0.09870000000000023,0.5961593417631265
-0.09770000000000012,0.599130235492843
-0.09670000000000023,0.6045061384323301
-0.09570000000000012,0.6079014455520062
-0.09470000000000023,0.6118626371916284
-0.09370000000000012,0.6166726556111695
-0.09270000000000023,0.620209433860832
-0.09170000000000011,0.6237462121104946
-0.09070000000000022,0.6270000481001843
-0.08970000000000011,0.6303953552198603
-0.08870000000000022,0.6352053736394014
-0.08770000000000011,0.6388836230190506
-0.08670000000000022,0.6432692280486321
-0.08570000000000011,0.6475133619482272
-0.08470000000000022,0.6517574958478223
-0.08370000000000011,0.6561431008774039
-0.08270000000000022,0.6582651678272016
-0.0817000000000001,0.6618019460768642
-0.08070000000000022,0.6637825418966752
-0.0797000000000001,0.6676022624063108
-0.07870000000000021,0.672129338565879
-0.0777000000000001,0.675524645685555
-0.07670000000000021,0.6782125971552986
-0.0757000000000001,0.6817493754049612
-0.07470000000000021,0.6858520381745697
-0.0737000000000001,0.6886814607742999
-0.07270000000000021,0.6905205854641244
-0.0717000000000001,0.6925011812839355
-0.07070000000000021,0.6961794306635846
-0.0697000000000001,0.6994332666532742
-0.0687000000000002,0.7019797469930312
-0.0677000000000001,0.7046676984627748
-0.0667000000000002,0.7065068231525994
-0.06570000000000009,0.7082044767124374
-0.0647000000000002,0.7117412549621
-0.06370000000000009,0.714004793041884
-0.0627000000000002,0.715985388861695
-0.06170000000000009,0.7186733403314387
-0.0607000000000002,0.7212198206711957
-0.059700000000000086,0.7232004164910067
-0.058700000000000196,0.7247565989208583
-0.057700000000000085,0.7268786658706559
-0.056700000000000195,0.7297080884703859
-0.05570000000000008,0.7312642709002375
-0.05470000000000019,0.7332448667200485
-0.05370000000000008,0.7352254625398595
-0.05270000000000019,0.7374890006196436
-0.05170000000000008,0.7387622407895221
-0.05070000000000019,0.7401769520893872
-0.04970000000000008,0.7424404901691712
-0.04870000000000019,0.7442796148589957
-0.047700000000000076,0.7449869705089284
-0.046700000000000186,0.7482408064986178
-0.045700000000000074,0.7517775847482805
-0.044700000000000184,0.7534752383081186
-0.04370000000000007,0.7557387763879025
-0.04270000000000018,0.7570120165577812
-0.04170000000000007,0.7588511412476057
-0.04070000000000018,0.7598414391575111
-0.03970000000000007,0.7605487948074438
-0.03870000000000018,0.7629538040172142
-0.03770000000000007,0.7652173420969983
-0.03670000000000018,0.7662076400069039
-0.035700000000000065,0.7683297069567014
-0.034700000000000175,0.7700273605165394
-0.03370000000000006,0.7728567831162695
-0.03270000000000017,0.774695907806094
-0.03170000000000006,0.7773838592758376
-0.03070000000000017,0.7790815128356756
-0.02970000000000006,0.7816279931754327
-0.02870000000000017,0.7823353488253653
-0.027700000000000058,0.7837500601252303
-0.026700000000000168,0.7858721270750278
-0.025700000000000056,0.7888430208047444
-0.024700000000000166,0.7908236166245554
-0.023700000000000054,0.791530972274488
-0.022700000000000164,0.7947848082641775
-0.021700000000000053,0.7959165773040696
-0.020700000000000163,0.7986045287738132
-0.01970000000000005,0.8011510091135702
-0.01870000000000016,0.8014339513735432
-0.01770000000000005,0.8032730760633678
-0.01670000000000016,0.8061024986630978
-0.015700000000000047,0.807517209962963
-0.014700000000000157,0.8106295748226661
-0.013700000000000045,0.8116198727325715
-0.012700000000000156,0.8126101706424771
-0.011700000000000044,0.8162884200221262
-0.010700000000000154,0.8189763714918699
-0.009700000000000042,0.8216643229616133
-0.008700000000000152,0.8229375631314919
-0.00770000000000004,0.8230790342614784
-0.00670000000000015,0.826332870251168
-0.005700000000000038,0.829162292850898
-0.0047000000000001485,0.8311428886707091
-0.0037000000000000366,0.8329820133605336
-0.0027000000000001467,0.8346796669203717
-0.0017000000000000348,0.8353870225703042
-0.000700000000000145,0.8380749740400478
0.00029999999999996696,0.8401970409898453
0.0012999999999998568,0.8434508769795349
0.0022999999999999687,0.845148530539373
0.0032999999999998586,0.847129126359184
0.0042999999999999705,0.850807375738833
0.00529999999999986,0.8520806159087115
0.006299999999999972,0.8550515096384281
0.007299999999999862,0.8578809322381583
0.008299999999999974,0.8608518259678749
0.009299999999999864,0.8626909506576994
0.010299999999999976,0.8672180268172675
0.011299999999999866,0.869905978287011
0.012299999999999978,0.871320689586876
0.013299999999999867,0.7882771362847985
0.012299999999999978,0.6930670658038814
0.011299999999999866,0.6429862857886591
0.010299999999999976,0.6049305518222896
0.009299999999999864,0.5708360094955423
0.008299999999999974,0.5407026588084171
0.007299999999999862,0.5121254905511432
0.006299999999999972,0.4868021582835591
0.00529999999999986,0.462610595055867
0.0042999999999999705,0.43898491634812087
0.0032999999999998586,0.41748130459017235
0.0022999999999999687,0.39725093300210224
0.0012999999999998568,0.3770205614140323
0.00029999999999996696,0.3583463722558138
-0.000700000000000145,0.34023806761754133
-0.0017000000000000348,0.32255417636922834
-0.0027000000000001467,0.30727529433068596
-0.0037000000000000366,0.29058170099227854
-0.0047000000000001485,0.27530281895373615
-0.005700000000000038,0.26129717708507233
-0.00670000000000015,0.24729153521640837
-0.00770000000000004,0.23399324899767707
-0.008700000000000152,0.22126084729889173
-0.009700000000000042,0.2089528589900659
-0.010700000000000154,0.1970692840711996
-0.011700000000000044,0.1858930648022658
-0.012700000000000156,0.17542420118326454
-0.013700000000000045,0.16481386643427676
-0.014700000000000157,0.1543450028152755
-0.015700000000000047,0.14599820614607179
-0.01670000000000016,0.13609522704701651
-0.01770000000000005,0.127295722761856
-0.01870000000000016,0.118920631866655
-0.01970000000000005,0.10988062666051741
-0.020700000000000163,0.10198653760727049
-0.021700000000000053,0.09407830144102494
-0.022700000000000164,0.08615591816178074
-0.023700000000000054,0.07864380115949739
-0.024700000000000166,0.07172586290315736
-0.025700000000000056,0.06477963042082002
-0.026700000000000168,0.05773436814749215
-0.027700000000000058,0.05125499039411028
-0.02870000000000017,0.045327350047675775
-0.02970000000000006,0.03925823857125477
-0.03070000000000017,0.03282130215686885
-0.03170000000000006,0.02806787218932233
-0.03270000000000017,0.021772406904922915
-0.03370000000000006,0.01646723953042903
-0.034700000000000175,0.011419549612510575
-0.035700000000000065,0.006074770321620467
-0.03670000000000018,0.0012449459438812322
-0.03770000000000007,-0.002942599503719276
-0.03870000000000018,-0.008189763714918696
-0.03970000000000007,-0.012391456275517855
-0.04070000000000018,-0.01690580003338719
-0.04170000000000007,-0.021475317531951258
-0.04270000000000018,-0.02591751101352747
-0.04370000000000007,-0.029751378636161722
-0.044700000000000184,-0.03403795387475279
-0.045700000000000074,-0.03753229078541943
-0.046700000000000186,-0.04147933531204288
-0.047700000000000076,-0.04463414151074191
-0.04870000000000019,-0.04886412829733837
-0.04970000000000008,-0.05275458437196722
-0.05070000000000019,-0.0558103607796757
-0.05170000000000008,-0.05955934572431805
-0.05270000000000019,-0.06250194522803733
-0.05370000000000008,-0.06548698607075255
-0.05470000000000019,-0.06895302875542189
-0.05570000000000008,-0.07169756867716005
-0.056700000000000195,-0.07485237487585908
-0.057700000000000085,-0.07803547530055543
-0.058700000000000196,-0.08039804317133004
-0.059700000000000086,-0.08375090895201018
-0.0607000000000002,-0.08624080083977263
-0.06170000000000009,-0.08933901858647707
-0.0627000000000002,-0.09239479499418554
-0.06370000000000009,-0.0942622139100074
-0.0647000000000002,-0.096907724040755
-0.06570000000000009,-0.09959567551049858
-0.0667000000000002,-0.10130747618333527
-0.0677000000000001,-0.10408031033107075
-0.0687000000000002,-0.10651361376683861
-0.0697000000000001,-0.10857909226464157
-0.07070000000000021,-0.111677310011346
-0.0717000000000001,-0.11371449428315164
-0.07270000000000021,-0.11551117763398025
-0.0737000000000001,-0.11842548291170223
-0.07470000000000021,-0.12043437295751057
-0.0757000000000001,-0.12197640827436346
-0.07670000000000021,-0.12456532995311646
-0.0777000000000001,-0.1262629835129545
-0.07870000000000021,-0.12880946385271158
-0.0797000000000001,-0.13035149916956448
-0.08070000000000022,-0.13264333147534585
-0.0817000000000001,-0.13483613399013666
-0.08270000000000022,-0.1363923164199882
-0.08370000000000011,-0.13885391408175335
-0.08470000000000022,-0.14065059743258196
-0.08570000000000011,-0.1423199567664227
-0.08670000000000022,-0.14458349484620675
-0.08770000000000011,-0.14613967727605828
-0.08870000000000022,-0.14797880196588284
-0.08970000000000011,-0.1501008689156804
-0.09070000000000022,-0.1510911668255859
-0.09170000000000011,-0.15321323377538346
-0.09270000000000023,-0.15476941620523502
-0.09370000000000012,-0.15689148315503257
-0.09470000000000023,-0.15901355010483012
-0.09570000000000012,-0.16014531914472213
-0.09670000000000023,-0.1617015015745737
-0.09770000000000012,-0.16368209739438472
-0.09870000000000023,-0.16523827982423628
-0.09970000000000012,-0.16736034677403386
-0.10070000000000023,-0.16905800033387192
-0.10170000000000012,-0.17047271163373692
-0.10270000000000024,-0.17245330745354798
-0.10370000000000013,-0.17400948988339954
-0.10470000000000024,-0.17542420118326454
-0.10570000000000013,-0.1772633258730891
-0.10670000000000024,-0.17867803717295414
-0.10770000000000013,-0.1805171618627787
-0.10870000000000024,-0.18221481542261672
-0.10970000000000013,-0.18391246898245475
-0.11070000000000024,-0.1856101225422928
-0.11170000000000013,-0.18660042045219835
-0.11270000000000002,-0.18872248740199588
-0.11370000000000013,-0.19056161209182043
-0.11470000000000002,-0.19169338113171247
-0.11570000000000014,-0.1936739769515235
-0.11670000000000003,-0.19551310164134805
-0.11770000000000014,-0.1966448706812401
-0.11870000000000003,-0.19904987989101067
-0.11970000000000014,-0.20046459119087567
-0.12070000000000003,-0.20202077362072723
-0.12170000000000014,-0.2040013694405383
-0.12270000000000003,-0.20499166735044383
-0.12370000000000014,-0.20683079204026839
-0.12470000000000003,-0.2088113878600794
-0.12570000000000014,-0.21036757028993097
-0.12670000000000003,-0.21263110836971502
-0.12770000000000015,-0.21305552175967452
-0.12870000000000004,-0.2156020020994316
-0.12970000000000015,-0.21744112678925615
-0.13070000000000004,-0.21857289582914816
-0.13170000000000015,-0.2202705493889862
-0.13270000000000004,-0.22253408746877026
-0.13370000000000015,-0.22380732763864883
-0.13470000000000004,-0.22550498119848683
-0.13570000000000015,-0.22691969249835187
-0.13670000000000004,-0.22890028831816295
-0.13770000000000016,-0.2310223552679605
-0.13870000000000005,-0.23243706656782553
-0.13970000000000016,-0.2345591335176231
-0.14070000000000005,-0.2359738448174881
-0.14170000000000016,-0.23753002724733965
-0.14270000000000005,-0.2392276808071777
-0.14370000000000016,-0.24092533436701574
-0.14470000000000005,-0.24248151679686727
-0.14570000000000016,-0.24474505487665132
-0.14670000000000005,-0.24573535278655687
-0.14770000000000016,-0.24799889086634092
-0.14870000000000005,-0.24983801555616547
-0.14970000000000017,-0.25167714024599
-0.15070000000000006,-0.2537992071957876
-0.15170000000000017,-0.2552139184956526
-0.15270000000000006,-0.25733598544545017
-0.15370000000000017,-0.25903363900528825
-0.15470000000000006,-0.26058982143513976
-0.15570000000000017,-0.2625704172549508
-0.15670000000000006,-0.26440954194477534
-0.15770000000000017,-0.2665316088945729
-0.15870000000000006,-0.2686536758443705
-0.15970000000000018,-0.27035132940420853
-0.16070000000000007,-0.27204898296404656
-0.16170000000000018,-0.2738881076538711
-0.16270000000000007,-0.27572723234369567
-0.16370000000000018,-0.27855665494342574
-0.16470000000000007,-0.2808201930232098
-0.16570000000000018,-0.2819519620631018
-0.16670000000000007,-0.2843569712728724
-0.16770000000000018,-0.2856302114427509
-0.16870000000000007,-0.28775227839254847
-0.16970000000000018,-0.28973287421235955
-0.17070000000000007,-0.29128905664221105
-0.17170000000000019,-0.2932696524620221
-0.17270000000000008,-0.2949673060218601
-0.1737000000000002,-0.29708937297165766
-0.17470000000000008,-0.29977732444140126
-0.1757000000000002,-0.3006261512213203
-0.17670000000000008,-0.3033141026910639
-0.1777000000000002,-0.3050117562509019
-0.17870000000000008,-0.3064264675507669
-0.1797000000000002,-0.30897294789052404
-0.18070000000000008,-0.3108120725803486
-0.1817000000000002,-0.31265119727017304
-0.18270000000000008,-0.3149147353499572
-0.1837000000000002,-0.31675386003978173
-0.1847000000000001,-0.31901739811956575
-0.1857000000000002,-0.32099799393937684
-0.1867000000000001,-0.32269564749921487
-0.1877000000000002,-0.3256665412289314
-0.1887000000000001,-0.32708125252879644
-0.1897000000000002,-0.3290618483486075
-0.1907000000000001,-0.3316083286883646
-0.1917000000000001,-0.33316451111821616
-0.19269999999999998,-0.3347206935480677
-0.1937000000000001,-0.33684276049786527
-0.19469999999999998,-0.3388233563176763
-0.1957000000000001,-0.3416527789174064
-0.19669999999999999,-0.34363337473721745
-0.1977000000000001,-0.34518955716706895
-0.1987,-0.347453095246853
-0.1997000000000001,-0.3498581044566236
-0.2007,-0.3511313446265021
-0.2017000000000001,-0.3533948827062862
-0.2027,-0.35579989191605677
-0.2037000000000001,-0.35792195886585426
-0.2047,-0.3594781412957058
-0.2057000000000001,-0.3616002082455034
-0.2067,-0.3640052174552739
-0.2077000000000001,-0.365702871015112
-0.2087,-0.3685322936148421
-0.2097000000000001,-0.37079583169462615
-0.2107,-0.37291789864442365
-0.2117000000000001,-0.37433260994428874
-0.2127,-0.3764546768940863
-0.2137000000000001,-0.37885968610385684
-0.2147,-0.38112322418364086
-0.2157000000000001,-0.384518531303317
-0.2167,-0.38607471373316854
-0.21770000000000012,-0.38791383842299304
-0.2187,-0.3901773765027771
-0.21970000000000012,-0.39215797232258814
-0.2207,-0.39385562588242623
-0.22170000000000012,-0.39611916396221025
-0.2227,-0.3986656443019673
-0.22370000000000012,-0.40022182673181883
-0.2247,-0.4031927204615355
-0.22570000000000012,-0.40559772967130603
-0.2267,-0.40701244097117106
-0.22770000000000012,-0.40927597905095514
-0.22870000000000001,-0.4115395171307392
-0.22970000000000013,-0.41295422843060425
-0.23070000000000002,-0.41550070877036127
-0.23170000000000013,-0.41833013137009134
-0.23270000000000002,-0.4205936694498755
-0.23370000000000013,-0.4228572075296595
-0.23470000000000002,-0.42554515899940304
-0.23570000000000013,-0.4276672259492006
-0.23670000000000002,-0.4296478217690116
-0.2376999999999999,-0.43176988871880917
-0.23870000000000002,-0.43459931131853924
-0.2396999999999999,-0.4362969648783774
-0.24070000000000003,-0.4392678586080939
-0.24169999999999991,-0.44167286781786447
-0.24270000000000003,-0.44393640589764854
-0.24369999999999992,-0.4464828862374056
-0.24470000000000003,-0.44888789544717617
-0.24569999999999992,-0.4511514335269602
-0.24670000000000003,-0.4535564427367308
-0.24769999999999992,-0.45553703855654176
-0.24870000000000003,-0.45765910550633937
-0.24969999999999992,-0.46034705697608286
-0.25070000000000003,-0.4621861816659074
-0.2516999999999999,-0.4655814887855836
-0.25270000000000004,-0.4677035557353811
-0.2536999999999999,-0.4699670938151651
-0.25470000000000004,-0.4727965164148953
-0.2556999999999999,-0.4750600544946793
-0.25670000000000004,-0.4778894770944094
-0.25769999999999993,-0.48086037082412597
-0.25870000000000004,-0.48284096664393705
-0.25969999999999993,-0.48552891811368054
-0.26070000000000004,-0.48835834071341067
-0.26169999999999993,-0.49033893653322164
-0.26270000000000004,-0.4921780612230462
-0.26369999999999993,-0.49458307043281674
-0.26470000000000005,-0.4971295507725738
-0.26569999999999994,-0.4995345599823444
-0.26670000000000005,-0.5034957516219666
-0.26769999999999994,-0.505617818571764
-0.26870000000000005,-0.5078813566515481
-0.26969999999999994,-0.5107107792512783
-0.27070000000000005,-0.5131157884610488
-0.27169999999999994,-0.5152378554108463
-0.27270000000000005,-0.5186331625305225
-0.27369999999999994,-0.5211796428702795
-0.27470000000000006,-0.5235846520800501
-0.27569999999999995,-0.5266970169397532
-0.27670000000000006,-0.5299508529294428
-0.27769999999999995,-0.5324973332691998
-0.27870000000000006,-0.5356096981289029
-0.27969999999999995,-0.5377317650787005
-0.28070000000000006,-0.5407026588084171
-0.28169999999999995,-0.5439564947981066
-0.28270000000000006,-0.5455126772279582
-0.28369999999999995,-0.5487665132176478
-0.28470000000000006,-0.5507471090374588
-0.28569999999999995,-0.553859473897162
-0.28670000000000007,-0.556405954236919
-0.28769999999999996,-0.5588109634466895
-0.28870000000000007,-0.562347741696352
-0.28969999999999996,-0.5660259910760012
-0.29070000000000007,-0.5675821735058527
-0.29169999999999996,-0.5714018940154882
-0.29270000000000007,-0.5743727877452048
-0.29369999999999996,-0.577485152604908
-0.2947000000000001,-0.5800316329446651
-0.29569999999999996,-0.5832854689343547
-0.2967000000000001,-0.5861148915340847
-0.29769999999999996,-0.5889443141338148
-0.2987000000000001,-0.5920566789935179
-0.29969999999999997,-0.595169043853221
-0.3007000000000001,-0.598281408712924
-0.30169999999999997,-0.6018181869625866
-0.3027000000000001,-0.6047890806923032
-0.30369999999999997,-0.6070526187720873
-0.3047000000000001,-0.6104479258917633
-0.30569999999999997,-0.6132773484914934
-0.3067000000000001,-0.6156823577012639
-0.3077,-0.6197850204708726
-0.3087000000000001,-0.6224729719406161
-0.3097,-0.6255853368003192
-0.3107000000000001,-0.6281318171400763
-0.3117,-0.6316685953897389
-0.3127000000000001,-0.6349224313794284
-0.3137,-0.6386006807590775
-0.3147000000000001,-0.6415715744887941
-0.3157,-0.6444009970885242
-0.3167000000000001,-0.6473718908182408
-0.3177,-0.6518989669778088
-0.3187000000000001,-0.6545869184475525
-0.3197,-0.6582651678272016
-0.3207000000000001,-0.6613775326869047
-0.3217,-0.6651972531965403
-0.3227000000000001,-0.6667534356263918
-0.3237,-0.6697243293561084
-0.3247000000000001,-0.6736855209957305
-0.3257,-0.6765149435954606
-0.3267000000000001,-0.6797687795851503
-0.3277,-0.6823152599249072
-0.3287000000000001,-0.6858520381745697
-0.3297,-0.6891058741642594
-0.3307000000000001,-0.691227941114057
-0.3317,-0.695472075013652
-0.3327000000000001,-0.6987259110033417
-0.3337,-0.7019797469930312
-0.3347000000000001,-0.7059409386326533
-0.3357,-0.7090533034923564
-0.3367000000000001,-0.7117412549621
-0.3377,-0.7144292064318436
-0.3387000000000001,-0.7172586290315736
-0.3397,-0.7209368784112227
-0.3407000000000001,-0.7239077721409393
-0.3417,-0.7270201370006424
-0.3427000000000001,-0.7306983863802915
-0.3437,-0.7343766357599406
-0.3447000000000001,-0.7369231160996975
-0.3457,-0.7398940098294141
-0.3467000000000001,-0.7432893169490903
-0.3477,-0.7471090374587258
-0.3487000000000001,-0.7497969889284695
-0.3497,-0.7526264115281995
-0.3507000000000001,-0.7564461320378352
-0.3517,-0.7595584968975382
-0.3527000000000001,-0.7635196885371602
-0.3537,-0.7676223513067688
-0.3547000000000001,-0.7700273605165394
-0.3557,-0.773564138766202
-0.35670000000000013,-0.7779497437957836
-0.3577,-0.7814865220454462
-0.35870000000000013,-0.7853062425550819
-0.3597,-0.7884186074147849
-0.36070000000000013,-0.7919553856644476
-0.3617,-0.7954921639141102
-0.3626999999999999,-0.8007265957236107
-0.3637,-0.8036974894533273
-0.3646999999999999,-0.8070927965730035
-0.3657,-0.8116198727325715
-0.3666999999999999,-0.8157225355021802
-0.3677,-0.8196837271418023
-0.3686999999999999,-0.8247766878213164
-0.36970000000000003,-0.829445235110871
-0.3706999999999999,-0.8332649556205066
-0.37170000000000003,-0.8363773204802097
-0.3726999999999999,-0.8414702811597239
-0.37370000000000003,-0.8455729439293325
-0.3746999999999999,-0.850241491218887
-0.37570000000000003,-0.8564662209382933
-0.3766999999999999,-0.8621250661377534
-0.37770000000000004,-0.867076555687281
-0.3786999999999999,-0.871320689586876
-0.37970000000000004,-0.8761307080064172
-0.3806999999999999,-0.8810821975559447
-0.38170000000000004,-0.8851848603255535
-0.38269999999999993,-0.8905607632650405
-0.38370000000000004,-0.8956537239445548
-0.38469999999999993,-0.9008881557540553
-0.38570000000000004,-0.907537298863421
-0.38669999999999993,-0.9143279131027732
-0.38770000000000004,-0.9214014696020982
-0.38869999999999993,-0.9280506127114639
-0.38970000000000005,-0.9321532754810725
-0.39069999999999994,-0.9388024185904382
-0.39170000000000005,-0.9448856771798579
-0.39269999999999994,-0.9511104068992642
-0.39370000000000005,-0.9588913190485219
-0.39469999999999994,-0.9661063466778336
-0.39570000000000005,-0.9733213743071454
-0.39669999999999994,-0.980536401936457
-0.39770000000000005,-0.9890246697356472
-0.39869999999999994,-0.9989276488347025
-0.39970000000000006,-1.006142676464014
-0.40069999999999995,-1.0143480020032312
-0.40170000000000006,-1.0228362698024216
-0.40269999999999995,-1.0299098263017468
-0.40370000000000006,-1.0379736807109774
-0.40469999999999995,-1.0457545928602352
-0.40570000000000006,-1.0557990430892767
-0.40669999999999995,-1.0647117242784265
-0.40770000000000006,-1.0741902899875224
-0.40869999999999995,-1.0848006247365103
-0.40970000000000006,-1.0958353728754573
-0.41069999999999995,-1.1043236406746475
-0.41170000000000007,-1.114792504293649
-0.41269999999999996,-1.1241295988727582
-0.41370000000000007,-1.1327593378019347
-0.41469999999999996,-1.1450673261107607
-0.41570000000000007,-1.1568094298996403
-0.41669999999999996,-1.1694003604684393
-0.41770000000000007,-1.1821327621672248
-0.41869999999999996,-1.1944407504760506
-0.4197000000000001,-1.206324325394917
-0.42069999999999996,-1.2175005446638505
-0.4217000000000001,-1.22966706184269
-0.42269999999999996,-1.243389761451381
-0.4237000000000001,-1.255273336370247
-0.42469999999999997,-1.268147209199019
-0.4257000000000001,-1.2787575439480066
-0.42669999999999997,-1.292055830166738
-0.4277000000000001,-1.3043638184755637
-0.42869999999999997,-1.3203500561640389
-0.4297000000000001,-1.333365400122797
-0.43069999999999997,-1.3455319173016365
-0.4317000000000001,-1.3589716746503544
-0.4327,-1.372694374259045
-0.4337000000000001,-1.386982958387682
-0.4347,-1.4007056579963728
-0.4357000000000001,-1.4161260111649017
-0.4367,-1.4302731241635522
-0.4377000000000001,-1.4444202371622026
-0.4387,-1.459982061460718
-0.4397000000000001,-1.4783733083589634
-0.4407,-1.4925204213576138
-0.4417000000000001,-1.5080822456561291
-0.4427,-1.5236440699546445
-0.4437000000000001,-1.53920589425316
-0.4447,-1.5533530072518102
-0.4457000000000001,-1.5689148315503256
-0.4467,-1.585891367148706
-0.4477000000000001,-1.6014531914472214
-0.4487,-1.6156003044458718
-0.4497000000000001,-1.6311621287443874
-0.4507,-1.6481386643427678
-0.4517000000000001,-1.6637004886412832
-0.4527,-1.6792623129397986
-0.4537000000000001,-1.6990682711379093
-0.4547,-1.7160448067362895
-0.4557000000000001,-1.7330213423346699
-0.4567,-1.7499978779330503
-0.4577000000000001,-1.766974413531431
-0.4587,-1.7853656604296764
-0.4597000000000001,-1.8023421960280568
-0.4607,-1.8193187316264372
-0.4617000000000001,-1.8362952672248178
-0.4627,-1.857515936722793
-0.4637000000000001,-1.8759071836210386
-0.4647,-1.895713141819149
-0.4657000000000001,-1.9183485226169896
-0.4667,-1.9324956356156402
-0.4677000000000001,-1.9537163051136157
-0.4687,-1.9735222633117262
-0.4697000000000001,-1.9904987989101068
-0.4707,-2.008890045808352
-0.4717000000000001,-2.0301107153063276
-0.4727,-2.051331384804303
-0.4737000000000001,-2.071137343002414
-0.4747,-2.0937727238002544
-0.4757000000000001,-2.11782281589796
-0.4767,-2.136214062796206
-0.4777000000000001,-2.1574347322941807
-0.4787,-2.177240690492291
-0.4797000000000001,-2.1984613599902674
-0.4807,-2.2196820294882422
-0.48170000000000013,-2.2409026989862184
-0.4827,-2.263538079784059
-0.48370000000000013,-2.286173460581899
-0.4847,-2.310223552679605
-0.48570000000000013,-2.3328589334774454
-0.4867,-2.354079602975421
-0.4876999999999999,-2.379544406372992
-0.4887,-2.4050092097705624
-0.4896999999999999,-2.4318887244679983
-0.4907,-2.4559388165657037
-0.4916999999999999,-2.4785741973635442
-0.4927,-2.5012095781613843
-0.4936999999999999,-2.5252596702590906
-0.49470000000000003,-2.546480339757066
-0.4956999999999999,-2.5705304318547717
-0.49670000000000003,-2.597409946552207
-0.4976999999999999,-2.6228747499497778
-0.49870000000000003,-2.6497542646472136
-0.4996999999999999,-2.6794632019443796
-0.5007,-2.706342716641815
-0.5016999999999999,-2.7289780974396556
-0.5027,-2.7586870347368215
-0.5036999999999999,-2.785566549434257
-0.5047,-2.8082019302320975
-0.5056999999999999,-2.833666733629668
-0.5067,-2.866205093526564
-0.5076999999999999,-2.90157287602319
-0.5087,-2.9284523907206257
-0.5096999999999999,-2.9624054619173865
-0.5107,-2.990699687914687
-0.5116999999999999,-3.0147497800123935
-0.5127,-3.047288139909289
-0.5136999999999999,-3.082655922405915
-0.5147,-3.113779571002946
-0.5156999999999999,-3.1477326421997063
-0.5167,-3.1774415794968722
-0.5176999999999999,-3.200076960294713
-0.5187,-3.232615320191609
-0.5196999999999999,-3.267983102688235
-0.5207,-3.2976920399854004
-0.5216999999999999,-3.3373039563816214
-0.5227,-3.3698423162785174
-0.5236999999999999,-3.3995512535756833
-0.5247,-3.4292601908728493
-0.5257,-3.4603838394698796
-0.5267000000000001,-3.4872633541673155
-0.5277,-3.5183870027643462
-0.5287000000000001,-3.548095940061512
-0.5297,-3.573560743459083
-0.5307000000000001,-3.6075138146558436
-0.5317,-3.6343933293532795
-0.5327000000000001,-3.661272844050715
-0.5337,-3.693811203947611
-0.5347000000000001,-3.7263495638445066
-0.5357,-3.7588879237414026
-0.5367000000000001,-3.785767438438838
-0.5377,-3.818305798335734
-0.5387000000000001,-3.852258869532495
-0.5397,-3.8805530955297955
-0.5407000000000001,-3.9116767441268263
-0.5417,-3.9413856814239923
-0.5427000000000001,-3.979582886520348
-0.5437,-4.013535957717109
-0.5447000000000001,-4.0588067193127895
-0.5457,-4.105492192208336
-0.5467000000000001,-4.143689397304692
-0.5477,-4.180471891101184
-0.5487000000000001,-4.22149851879727
-0.5497,-4.2681839916928155
-0.5507000000000001,-4.303551774189442
-0.5517,-4.353066669684718
-0.5527000000000001,-4.398337431280399
-0.5537,-4.4379493476766205
-0.5547000000000001,-4.4775612640728415
-0.5557,-4.525661448268252
-0.5567000000000001,-4.5765910550633935
-0.5577,-4.62044710535921
-0.5587000000000001,-4.664303155655026
-0.5597,-4.705329783351112
-0.5607000000000001,-4.749185833646928
-0.5617,-4.790212461343015
-0.5627000000000001,-4.8312390890391
-0.5637,-4.875095139334916
-0.5647000000000001,-4.926024746130058
-0.5657,-4.975539641625334
-0.5667000000000001,-5.00807800152223
-0.5677,-5.050519340518181
-0.5687000000000001,-5.101448947313322
-0.5697,-5.145304997609139
-0.5707000000000001,-5.189161047904955
-0.5717,-5.228772964301175
-0.5727000000000001,-5.285361416295777
-0.5737,-5.329217466591594
-0.5747000000000001,-5.377317650787004
-0.5757,-5.431076680181876
-0.5767000000000001,-5.480591575677152
-0.5777,-5.534350605072024
-0.5787000000000001,-5.582450789267434
-0.5797,-5.623477416963521
-0.5807000000000001,-5.661674622059877
-0.5817,-5.708360094955423
-0.5827000000000001,-5.764948546950024
-0.5837,-5.834269400643411
-0.5847000000000001,-5.878125450939227
-0.5857,-5.909249099536258
-0.5867000000000001,-5.865393049240442
-0.5857,-5.7833397938482705
-0.5847000000000001,-5.715433651454749
-0.5837,-5.664504044659607
-0.5827000000000001,-5.60367145876541
-0.5817,-5.544253584171079
-0.5807000000000001,-5.479176864377286
-0.5797,-5.41268543328363
-0.5787000000000001,-5.356096981289029
-0.5777,-5.2980938179945625
-0.5767000000000001,-5.252823056398881
-0.5757,-5.216040562602391
-0.5747000000000001,-5.1608668219076534
-0.5737,-5.108522503812647
-0.5727000000000001,-5.063251742216966
-0.5717,-5.012322135421825
-0.5707000000000001,-4.967051373826144
-0.5697,-4.913292344431272
-0.5687000000000001,-4.855289181136806
-0.5677,-4.797286017842339
-0.5667000000000001,-4.752015256246658
-0.5657,-4.703915072051247
-0.5647000000000001,-4.6572295991557
-0.5637,-4.6091294149602895
-0.5627000000000001,-4.553955674265553
-0.5617,-4.5044407787702765
-0.5607000000000001,-4.445022904175945
-0.5597,-4.408240410379454
-0.5587000000000001,-4.362969648783774
-0.5577,-4.316284175888227
-0.5567000000000001,-4.271013414292546
-0.5557,-4.229986786596459
-0.5547000000000001,-4.187545447600509
-0.5537,-4.145104108604558
-0.5527000000000001,-4.095589213109282
-0.5517,-4.05597729671306
-0.5507000000000001,-4.014950669016974
-0.5497,-3.975338752620753
-0.5487000000000001,-3.932897413624801
-0.5477,-3.8918707859287163
-0.5467000000000001,-3.8480147356329
-0.5457,-3.7970851288377587
-0.5447000000000001,-3.747570233342482
-0.5437,-3.700884760446936
-0.5427000000000001,-3.6541992875513896
-0.5417,-3.6131726598553033
-0.5407000000000001,-3.569316609559488
-0.5397,-3.5212164253640763
-0.5387000000000001,-3.4844339315675854
-0.5377,-3.4462367264712297
-0.5367000000000001,-3.4066248100750083
-0.5357,-3.3655981823789225
-0.5347000000000001,-3.3330598224820265
-0.5337,-3.2948626173856703
-0.5327000000000001,-3.2566654122893146
-0.5317,-3.2198829184928233
-0.5307000000000001,-3.1859298472960624
-0.5297,-3.1406590857003813
-0.5287000000000001,-3.1024618806040256
-0.5277,-3.0642646755076695
-0.5267000000000001,-3.031726315610774
-0.5257,-2.989284976614823
-0.5247,-2.9525024828183315
-0.5236999999999999,-2.91571998902184
-0.5227,-2.8789374952253497
-0.5216999999999999,-2.8478138466283185
-0.5207,-2.8152754867314234
-0.5196999999999999,-2.7898106833338523
-0.5187,-2.7572723234369563
-0.5176999999999999,-2.7247339635400607
-0.5167,-2.69361031494303
-0.5156999999999999,-2.662486666345999
-0.5147,-2.627118883849373
-0.5136999999999999,-2.591751101352747
-0.5127,-2.554968607556256
-0.5116999999999999,-2.5252596702590906
-0.5107,-2.4913065990623298
-0.5096999999999999,-2.464427084364894
-0.5087,-2.4347181470677284
-0.5076999999999999,-2.407838632370292
-0.5067,-2.383788540272587
-0.5056999999999999,-2.352664891675556
-0.5047,-2.321541243078525
-0.5036999999999999,-2.2904175944814944
-0.5027,-2.2592939458844636
-0.5016999999999999,-2.228170297287433
-0.5007,-2.199876071290132
-0.4996999999999999,-2.1729965565926963
-0.49870000000000003,-2.1404581966958003
-0.4976999999999999,-2.1149933932982297
-0.49670000000000003,-2.083869744701199
-0.4956999999999999,-2.0555755187038987
-0.49470000000000003,-2.0286960040064623
-0.4936999999999999,-2.001816489309027
-0.4927,-1.9763516859114565
-0.4916999999999999,-1.9480574599141556
-0.4907,-1.922592656516585
-0.4896999999999999,-1.897127853119014
-0.4887,-1.8759071836210386
-0.4876999999999999,-1.850442380223468
-0.4867,-1.8263922881257622
-0.48570000000000013,-1.8037569073279218
-0.4847,-1.776877392630486
-0.48370000000000013,-1.7514125892329155
-0.4827,-1.7287772084350748
-0.48170000000000013,-1.7061418276372344
-0.4807,-1.6835064468393939
-0.4797000000000001,-1.6622857773414181
-0.4787,-1.6339915513441174
-0.4777000000000001,-1.6099414592464116
-0.4767,-1.5915502123481662
-0.4757000000000001,-1.5689148315503256
-0.4747,-1.5491088733522151
-0.4737000000000001,-1.5236440699546445
-0.4727,-1.502423400456669
-0.4717000000000001,-1.4812027309586933
-0.4707,-1.4571526388609877
-0.4697000000000001,-1.4373466806628774
-0.4687,-1.4189554337646317
-0.4677000000000001,-1.3933491592370746
-0.4667,-1.3734017299089776
-0.4657000000000001,-1.3514737047610696
-0.4647,-1.3315262754329726
-0.4637000000000001,-1.3141253264446326
-0.4627,-1.2978561464961846
-0.4617000000000001,-1.2773428326481417
-0.4607,-1.2573954033200445
-0.4597000000000001,-1.2363162049520557
-0.4587,-1.2172176024038774
-0.4577000000000001,-1.1972701730757807
-0.4567,-1.1790203973075215
-0.4557000000000001,-1.1621853328391276
-0.4547,-1.1419549612510576
-0.4537000000000001,-1.1228563587028795
-0.4527,-1.1043236406746475
-0.4517000000000001,-1.0869226916863075
-0.4507,-1.0723511652976978
-0.4497000000000001,-1.0536769761394795
-0.4487,-1.036134556021153
-0.4477000000000001,-1.019299491552759
-0.4467,-1.0041620806442029
-0.4457000000000001,-0.9874684873057956
-0.4447,-0.9721896052672533
-0.4437000000000001,-0.9557789541888188
-0.4427,-0.9405000721502763
-0.4417000000000001,-0.926070016891653
-0.4407,-0.9107911348531107
-0.4397000000000001,-0.8957951950745412
-0.4387,-0.8796674862560799
-0.4377000000000001,-0.863681248567605
-0.4367,-0.847129126359184
-0.4357000000000001,-0.8314258309306821
-0.4347,-0.8178446024519777
-0.4337000000000001,-0.8035560183233408
-0.4327,-0.7891259630647174
-0.4317000000000001,-0.774412965546121
-0.43069999999999997,-0.7598414391575111
-0.4297000000000001,-0.7462602106788069
-0.42869999999999997,-0.7318301554201835
-0.4277000000000001,-0.7198051093713307
-0.42669999999999997,-0.7073556499325184
-0.4257000000000001,-0.6936329503238275
-0.42469999999999997,-0.6813249620150017
-0.4237000000000001,-0.6692999159661489
-0.42269999999999996,-0.6551528029674984
-0.4217000000000001,-0.6422789301387266
-0.42069999999999996,-0.6285562305300357
-0.4197000000000001,-0.6166726556111695
-0.41869999999999996,-0.6059208497321952
-0.41770000000000007,-0.5940372748133289
-0.41669999999999996,-0.5827195844144085
-0.41570000000000007,-0.5716848362754614
-0.41469999999999996,-0.5600842036165681
-0.41370000000000007,-0.5490494554776209
-0.41269999999999996,-0.5377317650787005
-0.41170000000000007,-0.5264140746797802
-0.41069999999999995,-0.5158037399307923
-0.40970000000000006,-0.505617818571764
-0.40869999999999995,-0.49472454156280327
-0.40770000000000006,-0.4858118603736536
-0.40669999999999995,-0.47435269884474673
-0.40570000000000006,-0.46374236409575903
-0.40469999999999995,-0.45454674064663625
-0.40370000000000006,-0.44450229041759454
-0.40269999999999995,-0.4362969648783774
-0.40170000000000006,-0.42596957238936256
-0.40069999999999995,-0.4157836510303343
-0.39970000000000006,-0.406163614191252
-0.39869999999999994,-0.39739240413208876
-0.39770000000000005,-0.3887626652029121
-0.39669999999999994,-0.3795670417537893
-0.39570000000000005,-0.3715031873445586
-0.39469999999999994,-0.3623075638954359
-0.39370000000000005,-0.35311194044631317
-0.39269999999999994,-0.34419925925716344
-0.39170000000000005,-0.33571099145797323
-0.39069999999999994,-0.32708125252879644
-0.38970000000000005,-0.3185929847296063
-0.38869999999999993,-0.310387659190389
-0.38770000000000004,-0.3018993913911988
-0.38669999999999993,-0.2955331905418062
-0.38570000000000004,-0.2866205093526564
-0.38469999999999993,-0.27827371268345275
-0.38370000000000004,-0.27176604070407356
-0.38269999999999993,-0.26440954194477534
-0.38170000000000004,-0.25733598544545017
-0.3806999999999999,-0.25012095781613847
-0.37970000000000004,-0.24248151679686727
-0.3786999999999999,-0.23498354690758255
-0.37770000000000004,-0.2279099904082574
-0.3766999999999999,-0.2204120205189727
-0.37570000000000003,-0.21376287740960703
-0.3746999999999999,-0.20697226317025488
-0.37370000000000003,-0.20018164893090268
-0.3726999999999999,-0.19395691921149652
-0.37170000000000003,-0.18773218949209036
-0.3706999999999999,-0.18136598864269768
-0.36970000000000003,-0.17358507649344
-0.3686999999999999,-0.16651151999411481
-0.3677,-0.16113561705462764
-0.3666999999999999,-0.15476941620523502
-0.3657,-0.14854468648582883
-0.3646999999999999,-0.1428858412863687
-0.3637,-0.13719870186091124
-0.3626999999999999,-0.13110129615849295
-0.3617,-0.12521609715105442
-0.36070000000000013,-0.11941578082160774
-0.3597,-0.11459161528906797
-0.35870000000000013,-0.10826785577867125
-0.3577,-0.10365589694111124
-0.35670000000000013,-0.09792631617665784
-0.3557,-0.09270603148015585
-0.3547000000000001,-0.08775454193062822
-0.3537,-0.08295867062408575
-0.3527000000000001,-0.07742714944161345
-0.3517,-0.07282933771705208
-0.3507000000000001,-0.0678637010545258
-0.3497,-0.06308197686098199
-0.3487000000000001,-0.05759289701750564
-0.3477,-0.05299508529294428
-0.3467000000000001,-0.04838312645538425
-0.3457,-0.043856050295816136
-0.3447000000000001,-0.039046031876275006
-0.3437,-0.0349716633326637
-0.3427000000000001,-0.030260674704113137
-0.3417,-0.026087276369511275
-0.3407000000000001,-0.021517758870947205
-0.3397,-0.01687750580738989
-0.3387000000000001,-0.012405603388516507
-0.3377,-0.008232205053914648
-0.3367000000000001,-0.0036259050615540887
-0.3357,-0.0006112967526716824
-0.3347000000000001,0.0044266316572777
-0.3337,0.008587297590180771
-0.3327000000000001,0.012746548811783982
-0.3317,0.017132153841365592
-0.3307000000000001,0.020767961882018737
-0.3297,0.024729153521640842
-0.3287000000000001,0.028336667336296688
-0.3277,0.03163294466498222
-0.3267000000000001,0.03481604508967855
-0.3257,0.038508441582326296
-0.3247000000000001,0.04254036878694165
-0.3237,0.04621861816659075
-0.3227000000000001,0.049118776331314076
-0.3217,0.05233017098200771
-0.3207000000000001,0.056843100028577176
-0.3197,0.06023840714825326
-0.3187000000000001,0.06455327661284163
-0.3177,0.06816079042749747
-0.3167000000000001,0.07104680147922215
-0.3157,0.07471090374587258
-0.3147000000000001,0.07703103027765125
-0.3137,0.08021413070234758
-0.3127000000000001,0.08358114359602638
-0.3117,0.08666521422973215
-0.3107000000000001,0.09068299432134884
-0.3097,0.09371047650306003
-0.3087000000000001,0.0966813702327766
-0.3077,0.09982202931847699
-0.3067000000000001,0.10290609995218276
-0.30569999999999997,0.10649946665383996
-0.3047000000000001,0.10893277008960783
-0.30369999999999997,0.1120168407233136
-0.3027000000000001,0.11469064508005854
-0.30169999999999997,0.11800106952174272
-0.3007000000000001,0.12109928726844714
-0.29969999999999997,0.12463606551810973
-0.2987000000000001,0.12714010451887087
-0.29769999999999996,0.13018173381358067
-0.2967000000000001,0.13286968528332424
-0.29569999999999996,0.1353312829450894
-0.2947000000000001,0.13793435173684107
-0.29369999999999996,0.1409759810315509
-0.29270000000000007,0.1435931969363012
-0.29169999999999996,0.1465640906660178
-0.29070000000000007,0.14854468648582883
-0.28969999999999996,0.15052528230563988
-0.28870000000000007,0.15307176264539696
-0.28769999999999996,0.15491088733522151
-0.28670000000000007,0.15774030993495158
-0.28569999999999995,0.16127708818461417
-0.28470000000000006,0.16467239530429026
-0.28369999999999995,0.16778476016399335
-0.28270000000000006,0.17004829824377743
-0.28169999999999995,0.17217036519357498
-0.28070000000000006,0.17443390327335903
-0.27969999999999995,0.1768389124831296
-0.27870000000000006,0.17924392169290015
-0.27769999999999995,0.18193187316264373
-0.27670000000000006,0.18419541124242778
-0.27569999999999995,0.18688336271217135
-0.27470000000000006,0.18886395853198237
-0.27369999999999994,0.19126896774175295
-0.27270000000000005,0.193532505821537
-0.27169999999999994,0.19565457277133455
-0.27070000000000005,0.1976351685911456
-0.26969999999999994,0.2007475334508487
-0.26870000000000005,0.20286960040064628
-0.26769999999999994,0.20584049413036284
-0.26670000000000005,0.20923580125003893
-0.26569999999999994,0.21121639706985
-0.26470000000000005,0.21376287740960703
-0.26369999999999993,0.2151775887094721
-0.26270000000000004,0.21715818452928315
-0.26169999999999993,0.21942172260906717
-0.26070000000000004,0.22182673181883775
-0.25969999999999993,0.22522203893851384
-0.25870000000000004,0.22776851927827088
-0.25769999999999993,0.23059794187800098
-0.25670000000000004,0.23286147995778506
-0.2556999999999999,0.23413472012766354
-0.25470000000000004,0.23668120046742064
-0.2536999999999999,0.2389447385472047
-0.25270000000000004,0.24120827662698877
-0.2516999999999999,0.24417917035670533
-0.25070000000000003,0.24658417956647588
-0.24969999999999992,0.2485647753862869
-0.24870000000000003,0.25096978459605745
-0.24769999999999992,0.2535162649358146
-0.24670000000000003,0.2557798030155986
-0.24569999999999992,0.2580433410953827
-0.24470000000000003,0.25988246578520724
-0.24369999999999992,0.2628533595149239
-0.24270000000000003,0.2651168975947079
-0.24169999999999991,0.26766337793446493
-0.24070000000000003,0.2706342716641816
-0.2396999999999999,0.2728978097439656
-0.23870000000000002,0.2754442900837227
-0.2376999999999999,0.2765760591236147
-0.23670000000000002,0.27855665494342574
-0.23570000000000013,0.2806787218932233
-0.23470000000000002,0.28280078884302084
-0.23370000000000013,0.2844984424028589
-0.23270000000000002,0.28761080726256194
-0.23170000000000013,0.289874345342346
-0.23070000000000002,0.29397700811195465
-0.22970000000000013,0.2973723152316307
-0.22870000000000001,0.29906996879146874
-0.22770000000000012,0.3011920357412663
-0.2267,0.30232380478115833
-0.22570000000000012,0.30529469851087493
-0.2247,0.308124121110605
-0.22370000000000012,0.310670601450362
-0.2227,0.3127926684001596
-0.22170000000000012,0.31548061986990317
-0.2207,0.3178856290796737
-0.21970000000000012,0.32014916715945774
-0.2187,0.3221297629792688
-0.21770000000000012,0.3251006567089854
-0.2167,0.32736419478876944
-0.2157000000000001,0.3309009730384321
-0.2147,0.33288156885824316
-0.2137000000000001,0.3355695203279867
-0.2127,0.33740864501781126
-0.2117000000000001,0.3408039521374874
-0.2107,0.3422186634373524
-0.2097000000000001,0.34434073038714996
-0.2087,0.34759456637683955
-0.2077000000000001,0.3494336910666641
-0.2067,0.3535363538362727
-0.2057000000000001,0.35622430530601623
-0.2047,0.35792195886585426
-0.2037000000000001,0.3611757948555439
-0.2027,0.36301491954536846
-0.2017000000000001,0.365702871015112
-0.2007,0.3688152358748151
-0.1997000000000001,0.3712202450845856
-0.1987,0.37419113881430216
-0.1977000000000001,0.3764546768940863
-0.19669999999999999,0.3792840994938163
-0.1957000000000001,0.3818305798335734
-0.19469999999999998,0.384518531303317
-0.1937000000000001,0.3874894250330335
-0.19269999999999998,0.3907432610227231
-0.1917000000000001,0.39286532797252066
-0.1907000000000001,0.3948459237923317
-0.1897000000000002,0.3975338752620753
-0.1887000000000001,0.40008035560183236
-0.1877000000000002,0.40262683594158943
-0.1867000000000001,0.40531478741133303
-0.1857000000000002,0.4074368543611306
-0.1847000000000001,0.41012480583087413
-0.1837000000000002,0.4128127573006177
-0.18270000000000008,0.41550070877036127
-0.1817000000000002,0.41818866024010487
-0.18070000000000008,0.4204521983198889
-0.1797000000000002,0.423281620919619
-0.17870000000000008,0.4248378033494705
-0.1777000000000002,0.42823311046914664
-0.17670000000000008,0.4312040041988632
-0.1757000000000002,0.43176988871880917
-0.17470000000000008,0.4343163690585663
-0.1737000000000002,0.43672137826833685
-0.17270000000000008,0.43983374312803997
-0.17170000000000019,0.44167286781786447
-0.17070000000000007,0.44266316572777
-0.16970000000000018,0.44450229041759454
-0.16870000000000007,0.4469072996273651
-0.16770000000000018,0.4490293665771626
-0.16670000000000007,0.4511514335269602
-0.16570000000000018,0.45398085612669026
-0.16470000000000007,0.4563858653364608
-0.16370000000000018,0.4583664611562719
-0.16270000000000007,0.45879087454623135
-0.16170000000000018,0.4606299992360559
-0.16070000000000007,0.4630350084458265
-0.15970000000000018,0.4650156042656376
-0.15870000000000006,0.46699620008544857
-0.15770000000000017,0.4686938536452867
-0.15670000000000006,0.4703915072051247
-0.15570000000000017,0.4727965164148953
-0.15470000000000006,0.47421122771476026
-0.15370000000000017,0.4773235925744634
-0.15270000000000006,0.47887977500431494
-0.15170000000000017,0.4798700729142204
-0.15070000000000006,0.48199213986401795
-0.14970000000000017,0.48368979342385604
-0.14870000000000005,0.4848215624637481
-0.14770000000000016,0.4872265716735187
-0.14670000000000005,0.48892422523335666
-0.14570000000000016,0.49033893653322164
-0.14470000000000005,0.4917536478330867
-0.14370000000000016,0.49302688800296524
-0.14270000000000005,0.4948660126927898
-0.14170000000000016,0.4968466085126009
-0.14070000000000005,0.49755396416253334
-0.13970000000000016,0.49882720433241184
-0.13870000000000005,0.5003833867622635
-0.13770000000000016,0.5023639825820745
-0.13670000000000004,0.5034957516219666
-0.13570000000000015,0.5054763474417775
-0.13470000000000004,0.5073154721316021
-0.13370000000000015,0.5092960679514131
-0.13270000000000004,0.5104278369913052
-0.13170000000000015,0.5117010771611837
-0.13070000000000004,0.5117010771611837
-0.12970000000000015,0.5126913750710893
-0.12870000000000004,0.5143890286309274
-0.12770000000000015,0.5152378554108463
-0.12670000000000003,0.5166525667107114
-0.12570000000000014,0.519623460440428
-0.12470000000000003,0.5200478738303875
-0.12370000000000014,0.5214625851302525
-0.12270000000000003,0.5217455273902256
-0.12170000000000014,0.5242920077299826
-0.12070000000000003,0.5265555458097667
-0.11970000000000014,0.5278287859796452
-0.11870000000000003,0.5299508529294428
-0.11770000000000014,0.5312240930993213
-0.11670000000000003,0.5324973332691998
-0.11570000000000014,0.5344779290890109
-0.11470000000000002,0.536458524908822
-0.11370000000000013,0.5388635341185926
-0.11270000000000002,0.5397123608985115
-0.11170000000000013,0.5414100144583496
-0.11070000000000024,0.5433906102781606
-0.10970000000000013,0.5449467927080122
-0.10870000000000024,0.5462200328778907
-0.10770000000000013,0.5476347441777557
-0.10670000000000024,0.5490494554776209
-0.10570000000000013,0.5515959358173778
-0.10470000000000024,0.5535765316371889
-0.10370000000000013,0.5555571274569999
-0.10270000000000024,0.5581036077967569
-0.10170000000000012,0.5600842036165681
-0.10070000000000023,0.561781857176406
-0.09970000000000012,0.5647527509061226
-0.09870000000000023,0.5664504044659607
-0.09770000000000012,0.5684310002857718
-0.09670000000000023,0.5711189517555153
-0.09570000000000012,0.5736654320952724
-0.09470000000000023,0.5764948546950025
-0.09370000000000012,0.5796072195547056
-0.09270000000000023,0.5815878153745165
-0.09170000000000011,0.5842757668442602
-0.09070000000000022,0.5872466605739768
-0.08970000000000011,0.5899346120437202
-0.08870000000000022,0.5921981501235044
-0.08770000000000011,0.5937543325533559
-0.08670000000000022,0.596866697413059
-0.08570000000000011,0.600262004532735
-0.08470000000000022,0.6029499560024787
-0.08370000000000011,0.6057793786022087
-0.08270000000000022,0.6087502723319252
-0.0817000000000001,0.6121455794516013
-0.08070000000000022,0.6144091175313855
-0.0797000000000001,0.6172385401311155
-0.07870000000000021,0.6195020782108995
-0.0777000000000001,0.6214826740307106
-0.07670000000000021,0.6247365100204001
-0.0757000000000001,0.6275659326201303
-0.07470000000000021,0.6299709418299009
-0.0737000000000001,0.63364919120955
-0.07270000000000021,0.63647861380928
-0.0717000000000001,0.6391665652790235
-0.07070000000000021,0.6415715744887941
-0.0697000000000001,0.6445424682185106
-0.0687000000000002,0.6462401217783488
-0.0677000000000001,0.6493524866380518
-0.0667000000000002,0.6510501401978899
-0.06570000000000009,0.6534551494076605
-0.0647000000000002,0.6562845720073905
-0.06370000000000009,0.6591139946071205
-0.0627000000000002,0.6625093017267967
-0.06170000000000009,0.6651972531965403
-0.0607000000000002,0.6670363778863648
-0.059700000000000086,0.6683096180562434
-0.058700000000000196,0.6694413870961354
-0.057700000000000085,0.673544049865744
-0.056700000000000195,0.6753831745555685
-0.05570000000000008,0.6773637703753796
-0.05470000000000019,0.6801931929751097
-0.05370000000000008,0.6813249620150017
-0.05270000000000019,0.6840129134847454
-0.05170000000000008,0.6857105670445833
-0.05070000000000019,0.6872667494744349
-0.04970000000000008,0.6902376432041514
-0.04870000000000019,0.6936329503238275
-0.047700000000000076,0.6951891327536791
-0.046700000000000186,0.6970282574435036
-0.045700000000000074,0.6992917955232877
-0.044700000000000184,0.7019797469930312
-0.04370000000000007,0.7041018139428288
-0.04270000000000018,0.7046676984627748
-0.04170000000000007,0.7065068231525994
-0.04070000000000018,0.7083459478424239
-0.03970000000000007,0.7100436014022619
-0.03870000000000018,0.712590081742019
-0.03770000000000007,0.7145706775618301
-0.03670000000000018,0.7175415712915466
-0.035700000000000065,0.7198051093713307
-0.034700000000000175,0.7202295227612902
-0.03370000000000006,0.7224930608410742
-0.03270000000000017,0.7248980700508447
-0.03170000000000006,0.7275860215205884
-0.03070000000000017,0.7290007328204534
-0.02970000000000006,0.7306983863802915
-0.02870000000000017,0.7323960399401295
-0.027700000000000058,0.7348010491499001
-0.026700000000000168,0.7357913470598055
-0.025700000000000056,0.7367816449697111
-0.024700000000000166,0.7407428366093332
-0.023700000000000054,0.7411672499992927
-0.022700000000000164,0.7434307880790767
-0.021700000000000053,0.7452699127689013
-0.020700000000000163,0.7472505085887123
-0.01970000000000005,0.7503628734484155
-0.01870000000000016,0.7526264115281995
-0.01770000000000005,0.7546070073480106
-0.01670000000000016,0.756163189777862
-0.015700000000000047,0.7589926123775922
-0.014700000000000157,0.7601243814174842
-0.013700000000000045,0.7621049772372952
-0.012700000000000156,0.7638026307971333
-0.011700000000000044,0.7676223513067688
-0.010700000000000154,0.7697444182565665
-0.009700000000000042,0.7717250140763775
-0.008700000000000152,0.7725738408562965
-0.00770000000000004,0.7737056098961885
-0.00670000000000015,0.7776668015358106
-0.005700000000000038,0.7796473973556217
-0.0047000000000001485,0.7807791663955137
-0.0037000000000000366,0.7838915312552168
-0.0027000000000001467,0.7838915312552168
-0.0017000000000000348,0.7868624249849333
-0.000700000000000145,0.790116260974623
0.00029999999999996696,0.7933700969643125
0.0012999999999998568,0.7961995195640427
0.0022999999999999687,0.7984630576438266
0.0032999999999998586,0.8007265957236107
0.0042999999999999705,0.8028486626734083
0.00529999999999986,0.8048292584932193
0.006299999999999972,0.8085075078728684
0.007299999999999862,0.8124686995124906
0.008299999999999974,0.8143078242023152
0.009299999999999864,0.8164298911521127
0.010299999999999976,0.8188349003618833
0.011299999999999866,0.8203910827917348
0.012299999999999978,0.8225131497415324
