Potential V vs RHE, Current mA cm-2
0.013299999999999867,-0.07786570994457162
0.012299999999999978,-0.12191981982236885
0.011299999999999866,-0.13824558822281138
0.010299999999999976,-0.14812027309586934
0.009299999999999864,-0.15660854089505957
0.008299999999999974,-0.16453092417430376
0.007299999999999862,-0.1696238848538179
0.006299999999999972,-0.17499978779330505
0.00529999999999986,-0.17797068152302162
0.0042999999999999705,-0.18235628655260325
0.0032999999999998586,-0.1851857091523333
0.0022999999999999687,-0.18858101627200938
0.0012999999999998568,-0.19183485226169897
0.00029999999999996696,-0.193249563561564
-0.000700000000000145,-0.19636192842126707
-0.0017000000000000348,-0.19848399537106462
-0.0027000000000001467,-0.19848399537106462
-0.0037000000000000366,-0.20159636023076774
-0.0047000000000001485,-0.20470872509047083
-0.005700000000000038,-0.2041428405705248
-0.00670000000000015,-0.20555755187038985
-0.00770000000000004,-0.20725520543022788
-0.008700000000000152,-0.2079625610801604
-0.009700000000000042,-0.2116408104598095
-0.010700000000000154,-0.21234816610974203
-0.011700000000000044,-0.21149933932982298
-0.012700000000000156,-0.21447023305953958
-0.013700000000000045,-0.21362140627962053
-0.014700000000000157,-0.21489464644949907
-0.015700000000000047,-0.21729965565926962
-0.01670000000000016,-0.2164508288793506
-0.01770000000000005,-0.21701671339929662
-0.01870000000000016,-0.21857289582914816
-0.01970000000000005,-0.21913878034909418
-0.020700000000000163,-0.22055349164895924
-0.021700000000000053,-0.22055349164895924
-0.022700000000000164,-0.22111937616890526
-0.023700000000000054,-0.2229585008587298
-0.024700000000000166,-0.2235243853786758
-0.025700000000000056,-0.22437321215859482
-0.026700000000000168,-0.22465615441856782
-0.027700000000000058,-0.22479762554855431
-0.02870000000000017,-0.2273441058883114
-0.02970000000000006,-0.22493909667854084
-0.03070000000000017,-0.2284758749282034
-0.03170000000000006,-0.22748557701829786
-0.03270000000000017,-0.2281929326682304
-0.03370000000000006,-0.22946617283810894
-0.034700000000000175,-0.22946617283810894
-0.035700000000000065,-0.23045647074801448
-0.03670000000000018,-0.23201265317786599
-0.03770000000000007,-0.23116382639794697
-0.03870000000000018,-0.23342736447773108
-0.03970000000000007,-0.23342736447773108
-0.04070000000000018,-0.23413472012766354
-0.04170000000000007,-0.23583237368750162
-0.04270000000000018,-0.23512501803756908
-0.04370000000000007,-0.23498354690758255
-0.044700000000000184,-0.23781296950731265
-0.045700000000000074,-0.23795444063729917
-0.046700000000000186,-0.23837885402725867
-0.047700000000000076,-0.2388032674172182
-0.04870000000000019,-0.2397935653271237
-0.04970000000000008,-0.24092533436701574
-0.05070000000000019,-0.24035944984706975
-0.05170000000000008,-0.24177416114693479
-0.05270000000000019,-0.2443206414866918
-0.05370000000000008,-0.2429059301868268
-0.05470000000000019,-0.24488652600663782
-0.05570000000000008,-0.24502799713662435
-0.056700000000000195,-0.24644270843648935
-0.057700000000000085,-0.24644270843648935
-0.058700000000000196,-0.24799889086634092
-0.059700000000000086,-0.2474330063463949
-0.0607000000000002,-0.24913065990623293
-0.06170000000000009,-0.25040390007611146
-0.0627000000000002,-0.2515356691160035
-0.06370000000000009,-0.251960082505963
-0.0647000000000002,-0.252243024765936
-0.06570000000000009,-0.2532333226758416
-0.0667000000000002,-0.2535162649358146
-0.0677000000000001,-0.25436509171573357
-0.0687000000000002,-0.25761892770542316
-0.0697000000000001,-0.2560627452755716
-0.07070000000000021,-0.2574774565754367
-0.0717000000000001,-0.2574774565754367
-0.07270000000000021,-0.2591751101352747
-0.0737000000000001,-0.2618630616050183
-0.07470000000000021,-0.2614386482150588
-0.0757000000000001,-0.2625704172549508
-0.07670000000000021,-0.2627118883849373
-0.0777000000000001,-0.26356071516485635
-0.07870000000000021,-0.2652583687246944
-0.0797000000000001,-0.2665316088945729
-0.08070000000000022,-0.26709749341451894
-0.0817000000000001,-0.26837073358439745
-0.08270000000000022,-0.26808779132442445
-0.08370000000000011,-0.2706342716641816
-0.08470000000000022,-0.27105868505414105
-0.08570000000000011,-0.27190751183406003
-0.08670000000000022,-0.2728978097439656
-0.08770000000000011,-0.27431252104383064
-0.08870000000000022,-0.27530281895373615
-0.08970000000000011,-0.2777078281635067
-0.09070000000000022,-0.2765760591236147
-0.09170000000000011,-0.2777078281635067
-0.09270000000000023,-0.2808201930232098
-0.09370000000000012,-0.2813860775431558
-0.09470000000000023,-0.28336667336296684
-0.09570000000000012,-0.2839325578829129
-0.09670000000000023,-0.2843569712728724
-0.09770000000000012,-0.28676198048264295
-0.09870000000000023,-0.28605462483271044
-0.09970000000000012,-0.2883181629124945
-0.10070000000000023,-0.29199641229214357
-0.10170000000000012,-0.2894499319523865
-0.10270000000000024,-0.29256229681208956
-0.10370000000000013,-0.2941184792419411
-0.10470000000000024,-0.2949673060218601
-0.10570000000000013,-0.29822114201154976
-0.10670000000000024,-0.2966649595816982
-0.10770000000000013,-0.2996358533114148
-0.10870000000000024,-0.3013335068712528
-0.10970000000000013,-0.3013335068712528
-0.11070000000000024,-0.30430440060096936
-0.11170000000000013,-0.30487028512091535
-0.11270000000000002,-0.30600205416080745
-0.11370000000000013,-0.3096803035404565
-0.11470000000000002,-0.3096803035404565
-0.11570000000000014,-0.310387659190389
-0.11670000000000003,-0.31378296631006514
-0.11770000000000014,-0.3144903219599976
-0.11870000000000003,-0.3177441579496872
-0.11970000000000014,-0.3174612156897142
-0.12070000000000003,-0.3191588692495523
-0.12170000000000014,-0.3214224073293363
-0.12270000000000003,-0.3234030031491474
-0.12370000000000014,-0.3246762433190259
-0.12470000000000003,-0.3279300793087155
-0.12570000000000014,-0.32778860817872896
-0.12670000000000003,-0.33019361738849956
-0.12770000000000015,-0.33288156885824316
-0.12870000000000004,-0.3347206935480677
-0.12970000000000015,-0.33655981823789227
-0.13070000000000004,-0.3393892408376223
-0.13170000000000015,-0.34023806761754133
-0.13270000000000004,-0.34377484586720397
-0.13370000000000015,-0.34434073038714996
-0.13470000000000004,-0.34717015298688
-0.13570000000000015,-0.35014104671659657
-0.13670000000000004,-0.35183870027643466
-0.13770000000000016,-0.3548095940061512
-0.13870000000000005,-0.3565072475659892
-0.13970000000000016,-0.35905372790574636
-0.14070000000000005,-0.3623075638954359
-0.14170000000000016,-0.36188315050547637
-0.14270000000000005,-0.366551697795031
-0.14370000000000016,-0.36909817813478807
-0.14470000000000005,-0.37065436056463963
-0.14570000000000016,-0.37518143672420773
-0.14670000000000005,-0.37588879237414025
-0.14770000000000016,-0.38013292627373535
-0.14870000000000005,-0.38310382000345194
-0.14970000000000017,-0.3855088292132225
-0.15070000000000006,-0.38805530955297957
-0.15170000000000017,-0.39187503006261515
-0.15270000000000006,-0.3944215104023722
-0.15370000000000017,-0.3985241731719808
-0.15470000000000006,-0.40092918238175135
-0.15570000000000017,-0.40503184515136
-0.15670000000000006,-0.4082856811410496
-0.15770000000000017,-0.4109736326107932
-0.15870000000000006,-0.4149348242504153
-0.15970000000000018,-0.41804718911011834
-0.16070000000000007,-0.4221498518797269
-0.16170000000000018,-0.42625251464933556
-0.16270000000000007,-0.42894046611907916
-0.16370000000000018,-0.43516519583848523
-0.16470000000000007,-0.43898491634812087
-0.16570000000000018,-0.4408240410379454
-0.16670000000000007,-0.4456340594574866
-0.16770000000000018,-0.4501611356170546
-0.16870000000000007,-0.4541223272566768
-0.16970000000000018,-0.4600641147161099
-0.17070000000000007,-0.4641667774857185
-0.17170000000000019,-0.46699620008544857
-0.17270000000000008,-0.47293798754488175
-0.1737000000000002,-0.4776065348344364
-0.17470000000000008,-0.4826994955139505
-0.1757000000000002,-0.4872265716735187
-0.17670000000000008,-0.49260247461300577
-0.1777000000000002,-0.4992516177223714
-0.17870000000000008,-0.50335428049198
-0.1797000000000002,-0.5092960679514131
-0.18070000000000008,-0.5160866821907654
-0.1817000000000002,-0.5194819893104415
-0.18270000000000008,-0.5255652478998613
-0.1837000000000002,-0.5327802755291728
-0.1847000000000001,-0.538439120728633
-0.1857000000000002,-0.5462200328778907
-0.1867000000000001,-0.5506056379074723
-0.1877000000000002,-0.556971838756865
-0.1887000000000001,-0.5653186354260686
-0.1897000000000002,-0.5709774806255288
-0.1907000000000001,-0.579748690684692
-0.1917000000000001,-0.5859734204040982
-0.19269999999999998,-0.5934713902933829
-0.1937000000000001,-0.6011108313126541
-0.19469999999999998,-0.6087502723319252
-0.1957000000000001,-0.6169555978711424
-0.19669999999999999,-0.6236047409805081
-0.1977000000000001,-0.6320930087796983
-0.1987,-0.6410056899688481
-0.1997000000000001,-0.6496354288980248
-0.2007,-0.6582651678272016
-0.2017000000000001,-0.6667534356263918
-0.2027,-0.6751002322955955
-0.2037000000000001,-0.6868423360844753
-0.2047,-0.6961794306635846
-0.2057000000000001,-0.7043847562028018
-0.2067,-0.714004793041884
-0.2077000000000001,-0.7247565989208583
-0.2087,-0.7366401738397246
-0.2097000000000001,-0.7468260951987529
-0.2107,-0.7564461320378352
-0.2117000000000001,-0.767905293566742
-0.2127,-0.7806376952655272
-0.2137000000000001,-0.7905406743645824
-0.2147,-0.8056780852731383
-0.2157000000000001,-0.8188349003618833
-0.2167,-0.82746463929106
-0.21770000000000012,-0.8414702811597239
-0.2187,-0.8530709138186172
-0.21970000000000012,-0.868491266987146
-0.2207,-0.8819310243358639
-0.22170000000000012,-0.8946634260346491
-0.2227,-0.9092349524232591
-0.22370000000000012,-0.924089421071842
-0.2247,-0.9376706495505462
-0.22570000000000012,-0.9537983583690077
-0.2267,-0.9685113558876042
-0.22770000000000012,-0.9849220069660385
-0.22870000000000001,-1.0010497157844997
-0.22970000000000013,-1.018167722512867
-0.23070000000000002,-1.0340124890713553
-0.23170000000000013,-1.0524037359696008
-0.23270000000000002,-1.0679655602681162
-0.23370000000000013,-1.0890447586361052
-0.23470000000000002,-1.1054554097145397
-0.23570000000000013,-1.1242710700027445
-0.23670000000000002,-1.1442184993308417
-0.2376999999999999,-1.163175630749033
-0.23870000000000002,-1.1841133579870358
-0.2396999999999999,-1.204202258445119
-0.24070000000000003,-1.2245741011631757
-0.24169999999999991,-1.245936241791138
-0.24270000000000003,-1.268147209199019
-0.24369999999999992,-1.289509349826981
-0.24470000000000003,-1.313700913054673
-0.24569999999999992,-1.3352045248126216
-0.24670000000000003,-1.3599619725602599
-0.24769999999999992,-1.3825973533581004
-0.24870000000000003,-1.408628041275617
-0.24969999999999992,-1.433102546763282
-0.25070000000000003,-1.459982061460718
-0.2516999999999999,-1.4854468648582886
-0.25270000000000004,-1.512326379555724
-0.2536999999999999,-1.5377911829532949
-0.25470000000000004,-1.5675001202504606
-0.2556999999999999,-1.5929649236480312
-0.25670000000000004,-1.6212591496453321
-0.25769999999999993,-1.6509680869424979
-0.25870000000000004,-1.6820917355395286
-0.25969999999999993,-1.7118006728366943
-0.26070000000000004,-1.7429243214337253
-0.26169999999999993,-1.772633258730891
-0.26270000000000004,-1.8080010412275167
-0.26369999999999993,-1.8391246898245475
-0.26470000000000005,-1.8730777610213083
-0.26569999999999994,-1.9056161209182045
-0.26670000000000005,-1.9409839034148304
-0.26769999999999994,-1.9749369746115912
-0.26870000000000005,-2.013134179707947
-0.26969999999999994,-2.048501962204573
-0.27070000000000005,-2.085284456001064
-0.27169999999999994,-2.12348166109742
-0.27270000000000005,-2.161678866193776
-0.27369999999999994,-2.201290782589997
-0.27470000000000006,-2.2394879876863527
-0.27569999999999995,-2.2819293266823037
-0.27670000000000006,-2.3229559543783904
-0.27769999999999995,-2.3639825820744766
-0.27870000000000006,-2.4050092097705624
-0.27969999999999995,-2.4502799713662435
-0.28070000000000006,-2.4927213103621946
-0.28169999999999995,-2.5351626493581456
-0.28270000000000006,-2.5804334109538267
-0.28369999999999995,-2.6257041725495083
-0.28470000000000006,-2.6738043567449195
-0.28569999999999995,-2.719075118340601
-0.28670000000000007,-2.768590013835877
-0.28769999999999996,-2.8166901980312877
-0.28870000000000007,-2.863375670926834
-0.28969999999999996,-2.91571998902184
-0.29070000000000007,-2.965234884517117
-0.29169999999999996,-3.0175792026121235
-0.29270000000000007,-3.0670940981073995
-0.29369999999999996,-3.120853127502271
-0.2947000000000001,-3.1760268681970074
-0.29569999999999996,-3.228371186292014
-0.2967000000000001,-3.2821302156868852
-0.29769999999999996,-3.3373039563816214
-0.2987000000000001,-3.3910629857764927
-0.29969999999999997,-3.4490661490709593
-0.3007000000000001,-3.509898734965156
-0.30169999999999997,-3.5636577643600273
-0.3027000000000001,-3.623075638954359
-0.30369999999999997,-3.6824935135486903
-0.3047000000000001,-3.7419113881430217
-0.30569999999999997,-3.8027439740372184
-0.3067000000000001,-3.8649912712312804
-0.3077,-3.9258238571254775
-0.3087000000000001,-3.9894858656194034
-0.3097,-4.05314787411333
-0.3107000000000001,-4.113980460007527
-0.3117,-4.180471891101184
-0.3127000000000001,-4.2483780334947046
-0.3137,-4.316284175888227
-0.3147000000000001,-4.384190318281749
-0.3157,-4.450681749375406
-0.3167000000000001,-4.518587891768927
-0.3177,-4.5893234567621795
-0.3187000000000001,-4.652985465256107
-0.3197,-4.729379875448817
-0.3207000000000001,-4.798700729142205
-0.3217,-4.876509850634781
-0.3227000000000001,-4.945830704328168
-0.3237,-5.02505453712061
-0.3247000000000001,-5.0943753908139975
-0.3257,-5.173599223606439
-0.3267000000000001,-5.248578922499286
-0.3277,-5.324973332691998
-0.3287000000000001,-5.4027824541845755
-0.3297,-5.477762153077422
-0.3307000000000001,-5.555571274569999
-0.3317,-5.644698086461496
-0.3327000000000001,-5.726751341853668
-0.3337,-5.805975174646111
-0.3347000000000001,-5.890857852638012
-0.3357,-5.97432581933005
-0.3367000000000001,-6.053549652122491
-0.3377,-6.142676464013989
-0.3387000000000001,-6.228973853305757
-0.3397,-6.31385653129766
-0.3407000000000001,-6.405812765788886
-0.3417,-6.492110155080653
-0.3427000000000001,-6.581236966972151
-0.3437,-6.673193201463377
-0.3447000000000001,-6.75807587945528
-0.3457,-6.855690959145968
-0.3467000000000001,-6.950476616236925
-0.3477,-7.048091695927613
-0.3487000000000001,-7.140047930418839
-0.3497,-7.2390777214093935
-0.3507000000000001,-7.32820453330089
-0.3517,-7.425819612991578
-0.3527000000000001,-7.523434692682265
-0.3537,-7.628123328872277
-0.3547000000000001,-7.727153119862831
-0.3557,-7.831841756052842
-0.35670000000000013,-7.926627413143801
-0.3577,-8.036974894533273
-0.35870000000000013,-8.141663530723285
-0.3597,-8.23786389911411
-0.36070000000000013,-8.35669964830277
-0.3617,-8.452900016693595
-0.3626999999999999,-8.55334451898401
-0.3637,-8.67642440207227
-0.3646999999999999,-8.783942460862013
-0.3657,-8.901363498750811
-0.3666999999999999,-9.01595511403988
-0.3677,-9.136205574528407
-0.3686999999999999,-9.243723633318151
-0.36970000000000003,-9.351241692107893
-0.3706999999999999,-9.464418596097095
-0.37170000000000003,-9.58042492268603
-0.3726999999999999,-9.703504805774287
-0.37370000000000003,-9.819511132363221
-0.3746999999999999,-9.939761592851747
-0.37570000000000003,-10.060012053340275
-0.3766999999999999,-10.180262513828804
-0.37770000000000004,-10.303342396917062
-0.3786999999999999,-10.427836991305185
-0.37970000000000004,-10.552331585693308
-0.3806999999999999,-10.681070313981028
-0.38170000000000004,-10.814053176168342
-0.38269999999999993,-10.942791904456058
-0.38370000000000004,-11.072945344043642
-0.38469999999999993,-11.203098783631226
-0.38570000000000004,-11.334666934518673
-0.38669999999999993,-11.469064508005852
-0.38770000000000004,-11.60629150409276
-0.38869999999999993,-11.742103788879804
-0.38970000000000005,-11.882160207566443
-0.39069999999999994,-12.025046048852811
-0.39170000000000005,-12.162273044939722
-0.39269999999999994,-12.302329463626359
-0.39370000000000005,-12.445215304912727
-0.39469999999999994,-12.586686434899232
-0.39570000000000005,-12.73240169878533
-0.39669999999999994,-12.879531673971293
-0.39770000000000005,-13.028076360457122
-0.39869999999999994,-13.175206335643086
-0.39970000000000006,-13.296871507431481
-0.40069999999999995,-13.446830905217174
-0.40170000000000006,-13.602449148202329
-0.40269999999999995,-13.758067391187481
-0.40370000000000006,-13.910856211572908
-0.40469999999999995,-14.070718588457655
-0.40570000000000006,-14.231995676642269
-0.40669999999999995,-14.387613919627421
-0.40770000000000006,-14.557379275611227
-0.40869999999999995,-14.71299751859638
-0.40970000000000006,-14.882762874580186
-0.41069999999999995,-15.05252823056399
-0.41170000000000007,-15.222293586547794
-0.41269999999999996,-15.3920589425316
-0.41370000000000007,-15.561824298515406
-0.41469999999999996,-15.731589654499205
-0.41570000000000007,-15.901355010483012
-0.41669999999999996,-16.085267479465468
-0.41770000000000007,-16.269179948447924
-0.41869999999999996,-16.438945304431726
-0.4197000000000001,-16.622857773414182
-0.42069999999999996,-16.806770242396635
-0.4217000000000001,-16.99068271137909
-0.42269999999999996,-17.188742293360193
-0.4237000000000001,-17.37265476234265
-0.42469999999999997,-17.556567231325104
-0.4257000000000001,-17.75462681330621
-0.42669999999999997,-17.952686395287316
-0.4277000000000001,-18.15074597726842
-0.42869999999999997,-18.334658446250877
-0.4297000000000001,-18.53271802823198
-0.43069999999999997,-18.744924723211735
-0.4317000000000001,-18.94298430519284
-0.4327,-19.141043887173947
-0.4337000000000001,-19.353250582153702
-0.4347,-19.565457277133458
-0.4357000000000001,-19.77766397211321
-0.4367,-19.97572355409432
-0.4377000000000001,-20.202077362072725
-0.4387,-20.44257828304978
-0.4397000000000001,-20.640637865030882
-0.4407,-20.86699167300929
-0.4417000000000001,-21.065051254990397
-0.4427,-21.248963723972853
-0.4437000000000001,-21.47531753195126
-0.4447,-21.701671339929664
-0.4457000000000001,-21.94217226090672
-0.4467,-22.182673181883775
-0.4477000000000001,-22.40902698986218
-0.4487,-22.649527910839236
-0.4497000000000001,-22.904175944814945
-0.4507,-23.144676865792
-0.4517000000000001,-23.385177786769056
-0.4527,-23.62567870774611
-0.4537000000000001,-23.88032674172182
-0.4547,-24.134974775697525
-0.4557000000000001,-24.389622809673234
-0.4567,-24.65841795664759
-0.4577000000000001,-24.927213103621945
-0.4587,-25.196008250596304
-0.4597000000000001,-25.46480339757066
-0.4607,-25.73359854454502
-0.4617000000000001,-26.002393691519377
-0.4627,-26.28533595149238
-0.4637000000000001,-26.568278211465387
-0.4647,-26.86536758443705
-0.4657000000000001,-27.162456957408708
-0.4667,-27.445399217381713
-0.4677000000000001,-27.742488590353368
-0.4687,-28.039577963325023
-0.4697000000000001,-28.350814449295335
-0.4707,-28.647903822266994
-0.4717000000000001,-28.93084608224
-0.4727,-29.242082568210304
-0.4737000000000001,-29.55331905418062
-0.4747,-29.864555540150924
-0.4757000000000001,-30.189939139119886
-0.4767,-30.529469851087494
-0.4777000000000001,-30.854853450056453
-0.4787,-31.19438416202406
-0.4797000000000001,-31.519767760993016
-0.4807,-31.873445585959274
-0.48170000000000013,-32.22712341092554
-0.4827,-32.58080123589179
-0.48370000000000013,-32.93447906085806
-0.4847,-33.288156885824314
-0.48570000000000013,-33.55695203279867
-0.4867,-33.93892408376223
-0.4876999999999999,-34.33504324772444
-0.4887,-34.702868185689354
-0.4896999999999999,-35.08484023665291
-0.4907,-35.48095940061512
-0.4916999999999999,-35.89122567757598
-0.4927,-36.244903502542236
-0.4936999999999999,-36.4288159715247
-0.49470000000000003,-36.768346683492304
-0.4956999999999999,-37.178612960453165
-0.49670000000000003,-37.54643789841808
-0.4976999999999999,-37.95670417537893
-0.49870000000000003,-38.39526467833709
-0.4996999999999999,-38.84797229429391
-0.5007,-39.244091458256115
-0.5016999999999999,-39.640210622218326
-0.5027,-40.07877112517649
-0.5036999999999999,-40.57392008012925
-0.5047,-41.02662769608606
-0.5056999999999999,-41.46518819904423
-0.5067,-41.87545447600508
-0.5076999999999999,-42.31401497896325
-0.5087,-42.738428368922754
-0.5096999999999999,-43.16284175888227
-0.5107,-43.61554937483908
-0.5116999999999999,-44.011668538801295
-0.5127,-44.478523267756756
-0.5136999999999999,-44.97367222270952
-0.5147,-45.42637983866633
-0.5156999999999999,-45.949823019616396
-0.5167,-46.4025306355732
-0.5176999999999999,-46.982562268517874
-0.5187,-47.449416997473335
-0.5196999999999999,-47.81724193543825
-0.5207,-48.2558024383964
-0.5216999999999999,-48.79339273234511
-0.5227,-49.35927725229113
-0.5236999999999999,-49.88272043324119
-0.5247,-50.29298671020206
-0.5257,-50.83057700415076
-0.5267000000000001,-51.55207976708194
-0.5277,-52.0189344960374
-0.5287000000000001,-52.57067190298476
-0.5297,-53.051673744938874
-0.5307000000000001,-53.63170537788354
-0.5317,-54.08441299384035
-0.5327000000000001,-54.69273885278232
-0.5337,-55.24447625972968
-0.5347000000000001,-55.96597902266086
-0.5357,-56.65918755959472
-0.5367000000000001,-57.22507207954074
-0.5377,-57.8051037124854
-0.5387000000000001,-58.38513534543006
-0.5397,-58.99346120437203
-0.5407000000000001,-59.53105149832074
-0.5417,-59.842287984291055
-0.5427000000000001,-60.60623208621817
-0.5437,-61.14382238016689
-0.5447000000000001,-61.80873669110345
-0.5457,-62.27559142005891
-0.5467000000000001,-62.572680793030564
-0.5477,-63.03953552198603
-0.5487000000000001,-63.46394891194555
-0.5497,-64.0439805448902
-0.5507000000000001,-64.56742372584027
-0.5517,-65.11916113278764
-0.5527000000000001,-65.8123696697215
-0.5537,-66.34995996367022
-0.5547000000000001,-66.76022624063107
-0.5557,-67.36855209957304
-0.5567000000000001,-67.84955394152715
-0.5577,-68.23152599249072
-0.5587000000000001,-68.55690959145967
-0.5597,-69.151088337403
-0.5607000000000001,-69.70282574435035
-0.5617,-70.33944582928963
-0.5627000000000001,-70.82044767124374
-0.5637,-71.49950909517896
-0.5647000000000001,-72.26345319710607
-0.5657,-72.95666173403994
-0.5667000000000001,-73.38107512399945
-0.5677,-74.0176952089387
-0.5687000000000001,-74.7109037458726
-0.5697,-75.30508249181591
-0.5707000000000001,-75.94170257675518
-0.5717,-76.43685153170793
-0.5727000000000001,-76.9320004866607
-0.5737,-77.68179747558916
-0.5747000000000001,-78.33256467352709
-0.5757,-78.9550376454677
-0.5767000000000001,-79.59165773040696
-0.5777,-79.90289421637728
-0.5787000000000001,-80.38389605833139
-0.5797,-80.9497805782774
-0.5807000000000001,-81.24686995124905
-0.5817,-81.68543045420722
-0.5827000000000001,-81.92593137518428
-0.5837,-82.33619765214513
-0.5847000000000001,-83.18502443206415
-0.5857,-83.83579163000208
-0.5867000000000001,-83.93482142099262
-0.5857,-83.15673020606685
-0.5847000000000001,-82.32205053914649
-0.5837,-81.38834108123557
-0.5827000000000001,-80.56780852731384
-0.5817,-79.67654040839886
-0.5807000000000001,-78.7569780634866
-0.5797,-78.21938776953787
-0.5787000000000001,-77.46959078060941
-0.5777,-76.57832266169444
-0.5767000000000001,-75.92755546375653
-0.5757,-75.00799311884425
-0.5747000000000001,-74.18746056492253
-0.5737,-73.62157604497652
-0.5727000000000001,-72.8293377170521
-0.5717,-72.13612918011822
-0.5707000000000001,-71.44292064318435
-0.5697,-70.35359294228827
-0.5687000000000001,-69.6037959533598
-0.5677,-68.68423360844753
-0.5667000000000001,-67.99102507151366
-0.5657,-67.02902138760544
-0.5647000000000001,-66.09531192969452
-0.5637,-64.70889485582677
-0.5627000000000001,-63.973244979896954
-0.5617,-63.03953552198603
-0.5607000000000001,-62.27559142005891
-0.5597,-61.55408865712774
-0.5587000000000001,-60.67696765121143
-0.5577,-59.85643509728971
-0.5567000000000001,-59.21981501235043
-0.5557,-58.54075358841522
-0.5547000000000001,-58.13048731145436
-0.5537,-57.6070441305043
-0.5527000000000001,-56.91383559357042
-0.5517,-56.37624529962171
-0.5507000000000001,-55.711330988685134
-0.5497,-54.961533999756675
-0.5487000000000001,-54.2966196888201
-0.5477,-53.532675586892985
-0.5467000000000001,-52.938496840949675
-0.5457,-52.35846520800501
-0.5447000000000001,-51.83502202705494
-0.5437,-51.21254905511432
-0.5427000000000001,-50.51934051818046
-0.5417,-49.74124930325469
-0.5407000000000001,-49.090482105316774
-0.5397,-48.55289181136806
-0.5387000000000001,-47.972860178423396
-0.5377,-47.49185833646928
-0.5367000000000001,-46.89767959052597
-0.5357,-46.3176479575813
-0.5347000000000001,-45.93567590661774
-0.5337,-45.497115403659585
-0.5327000000000001,-45.17173180469062
-0.5317,-44.76146552772976
-0.5307000000000001,-44.3229050247716
-0.5297,-43.81360895682018
-0.5287000000000001,-43.37504845386202
-0.5277,-42.4413389959511
-0.5267000000000001,-41.98863137999429
-0.5257,-41.42274686004827
-0.5247,-40.8993036790982
-0.5236999999999999,-40.33341915915219
-0.5227,-40.03632978618054
-0.5216999999999999,-39.47044526623452
-0.5207,-39.08847321527096
-0.5196999999999999,-38.18305798335734
-0.5187,-37.801085932393775
-0.5176999999999999,-37.235201412447765
-0.5167,-36.5985813275085
-0.5156999999999999,-36.230756389543586
-0.5147,-35.707313208593526
-0.5136999999999999,-35.198017140642115
-0.5127,-34.787750863681254
-0.5116999999999999,-34.36333747372174
-0.5107,-33.76915872777842
-0.5096999999999999,-33.330598224820264
-0.5087,-33.06180307784591
-0.5076999999999999,-32.58080123589179
-0.5067,-32.269564749921486
-0.5056999999999999,-32.09979939393769
-0.5047,-31.56220909998897
-0.5036999999999999,-31.27926684001596
-0.5027,-30.99632458004295
-0.5016999999999999,-30.7841178850632
-0.5007,-30.444587173095588
-0.4996999999999999,-30.06261512213203
-0.49870000000000003,-29.76552574916037
-0.4976999999999999,-29.39770081119546
-0.49670000000000003,-29.157199890218404
-0.4956999999999999,-28.88840474324405
-0.49470000000000003,-28.52057980527914
-0.4936999999999999,-28.336667336296685
-0.4927,-27.869812607341224
-0.4916999999999999,-27.516134782374962
-0.4907,-27.275633861397907
-0.4896999999999999,-27.035132940420848
-0.4887,-26.59657243746269
-0.4876999999999999,-26.370218629484285
-0.4867,-26.11557059550858
-0.48570000000000013,-25.86092256153287
-0.4847,-25.677010092550415
-0.48370000000000013,-25.40821494557606
-0.4827,-25.09697845960575
-0.48170000000000013,-24.799889086634096
-0.4807,-24.57353527865569
-0.4797000000000001,-24.40376992267188
-0.4787,-24.149121888696175
-0.4777000000000001,-23.894473854720466
-0.4767,-23.653972933743415
-0.4757000000000001,-23.427619125765005
-0.4747,-22.87588171881764
-0.4737000000000001,-22.607086571843286
-0.4727,-22.309997198871628
-0.4717000000000001,-22.126084729889175
-0.4707,-21.857289582914817
-0.4697000000000001,-21.645082887935057
-0.4687,-21.51775887094721
-0.4677000000000001,-21.1782281589796
-0.4667,-20.923580125003895
-0.4657000000000001,-20.78210899501739
-0.4647,-20.555755187038983
-0.4637000000000001,-20.329401379060574
-0.4627,-20.159636023076775
-0.4617000000000001,-19.961576441095666
-0.4607,-19.73522263311726
-0.4597000000000001,-19.353250582153702
-0.4587,-19.112749661176647
-0.4577000000000001,-18.80151317520634
-0.4567,-18.561012254229283
-0.4557000000000001,-18.306364220253574
-0.4547,-18.09415752527382
-0.4537000000000001,-17.910245056291366
-0.4527,-17.75462681330621
-0.4517000000000001,-17.556567231325104
-0.4507,-17.358507649344002
-0.4497000000000001,-17.20288940635885
-0.4487,-17.047271163373694
-0.4477000000000001,-16.94824137238314
-0.4467,-16.792623129397985
-0.4457000000000001,-16.693593338407435
-0.4447,-16.56626932141958
-0.4437000000000001,-16.325768400442524
-0.4427,-16.21259149645332
-0.4417000000000001,-16.04282614046952
-0.4407,-15.943796349478962
-0.4397000000000001,-15.717442541500558
-0.4387,-15.604265637511356
-0.4377000000000001,-15.406206055530248
-0.4367,-15.278882038542395
-0.4357000000000001,-15.10911668255859
-0.4347,-15.01008689156804
-0.4337000000000001,-14.868615761581536
-0.4327,-14.741291744593681
-0.4317000000000001,-14.599820614607177
-0.43069999999999997,-14.387613919627421
-0.4297000000000001,-14.175407224647667
-0.42869999999999997,-14.059400898058735
-0.4277000000000001,-13.936321014970476
-0.42669999999999997,-13.82172939968141
-0.4257000000000001,-13.753823257287888
-0.42469999999999997,-13.468051574715151
-0.4237000000000001,-13.292627373531884
-0.42269999999999996,-13.15964451134457
-0.4217000000000001,-13.023832226557529
-0.42069999999999996,-12.892264075670079
-0.4197000000000001,-12.800307841178851
-0.41869999999999996,-12.640445464294103
-0.41770000000000007,-12.524439137705171
-0.41669999999999996,-12.399944543317048
-0.41570000000000007,-12.279694082828517
-0.41469999999999996,-12.15378477714053
-0.41370000000000007,-12.051925563550247
-0.41269999999999996,-11.957139906459291
-0.41170000000000007,-11.829815889471439
-0.41069999999999995,-11.677027069086012
-0.40970000000000006,-11.603462081493031
-0.40869999999999995,-11.445014415908147
-0.40770000000000006,-11.321934532819888
-0.40669999999999995,-11.22149003052947
-0.40570000000000006,-11.113971971739728
-0.40469999999999995,-11.002209779050391
-0.40370000000000006,-10.893277008960782
-0.40269999999999995,-10.784344238871176
-0.40170000000000006,-10.678240891381297
-0.40069999999999995,-10.583455234290339
-0.39970000000000006,-10.478766598100327
-0.39869999999999994,-10.38398094100937
-0.39770000000000005,-10.23543625452354
-0.39669999999999994,-10.143480020032312
-0.39570000000000005,-10.071329743739195
-0.39469999999999994,-9.822340554962949
-0.39370000000000005,-9.728969609171857
-0.39269999999999994,-9.628525106881439
-0.39170000000000005,-9.535154161090349
-0.39069999999999994,-9.417733123201549
-0.38970000000000005,-9.264944302816126
-0.38869999999999993,-9.167329223125439
-0.38770000000000004,-9.06688472083502
-0.38669999999999993,-8.967854929844465
-0.38570000000000004,-8.912681189149732
-0.38469999999999993,-8.806577841659854
-0.38370000000000004,-8.717451029768355
-0.38269999999999993,-8.63964190827578
-0.38170000000000004,-8.539197405985362
-0.3806999999999999,-8.450070594093864
-0.37970000000000004,-8.348211380503582
-0.3786999999999999,-8.250596300812894
-0.37770000000000004,-8.24352274431357
-0.3766999999999999,-8.08648979002855
-0.37570000000000003,-7.993118844237457
-0.3746999999999999,-7.912480300145149
-0.37370000000000003,-7.8431594464517636
-0.3726999999999999,-7.771009170158646
-0.37170000000000003,-7.677638224367555
-0.3706999999999999,-7.622464483672818
-0.36970000000000003,-7.5418259395805105
-0.3686999999999999,-7.434307880790768
-0.3677,-7.3508399140987315
-0.3666999999999999,-7.28293377170521
-0.3657,-7.19663638241344
-0.3646999999999999,-7.1216566835205946
-0.3637,-7.038188716828557
-0.3626999999999999,-6.974526708334631
-0.3617,-6.898132298141919
-0.36070000000000013,-6.834470289647991
-0.3597,-6.75524645685555
-0.35870000000000013,-6.684510891862298
-0.3577,-6.618019460768641
-0.35670000000000013,-6.5840663895718805
-0.3557,-6.472304196882543
-0.3547000000000001,-6.427033435286861
-0.3537,-6.332247778195904
-0.3527000000000001,-6.260097501902788
-0.3517,-6.192191359509266
-0.3507000000000001,-6.227559142005892
-0.3497,-6.026670137425056
-0.3487000000000001,-5.953105149832074
-0.3477,-5.896516697837473
-0.3467000000000001,-5.828610555443951
-0.3457,-5.757874990450699
-0.3447000000000001,-5.692798270656908
-0.3437,-5.639039241262036
-0.3427000000000001,-5.572547810168379
-0.3417,-5.513129935574048
-0.3407000000000001,-5.466444462678503
-0.3397,-5.40419716548444
-0.3387000000000001,-5.339120445690648
-0.3377,-5.313655642293078
-0.3367000000000001,-5.220284696501986
-0.3357,-5.150963842808599
-0.3347000000000001,-5.095790102113861
-0.3337,-5.034957516219666
-0.3327000000000001,-4.976954352925199
-0.3317,-4.918951189630732
-0.3307000000000001,-4.85387446983694
-0.3297,-4.839727356838291
-0.3287000000000001,-4.760503524045848
-0.3277,-4.727965164148953
-0.3267000000000001,-4.651570753956241
-0.3257,-4.590738168062044
-0.3247000000000001,-4.535564427367307
-0.3237,-4.478975975372705
-0.3227000000000001,-4.422387523378105
-0.3217,-4.433705213777024
-0.3207000000000001,-4.384190318281749
-0.3197,-4.314869464588361
-0.3187000000000001,-4.2526221673943
-0.3177,-4.190374870200238
-0.3167000000000001,-4.133786418205637
-0.3157,-4.095589213109282
-0.3147000000000001,-4.04183018371441
-0.3137,-3.9809975978202137
-0.3127000000000001,-3.927238568425342
-0.3117,-3.8904560746288515
-0.3107000000000001,-3.838111756533844
-0.3097,-3.7744497480399173
-0.3087000000000001,-3.7320084090439667
-0.3077,-3.669761111849905
-0.3067000000000001,-3.627319772853954
-0.30569999999999997,-3.586293145157868
-0.3047000000000001,-3.5311194044631313
-0.30369999999999997,-3.4900927767670455
-0.3027000000000001,-3.4419925925716344
-0.30169999999999997,-3.3938924083762227
-0.3007000000000001,-3.362768759779192
-0.29969999999999997,-3.316083286883646
-0.2987000000000001,-3.2693978139880997
-0.29769999999999996,-3.2227123410925533
-0.2967000000000001,-3.1831004246963324
-0.29569999999999996,-3.1420737970002466
-0.2947000000000001,-3.0968030354045655
-0.29369999999999996,-3.0642646755076695
-0.29270000000000007,-3.010505646112798
-0.29169999999999996,-2.9666495958169823
-0.29070000000000007,-2.922793545521166
-0.28969999999999996,-2.8817669178250793
-0.28870000000000007,-2.8393255788291283
-0.28769999999999996,-2.8053725076323675
-0.28670000000000007,-2.7742488590353367
-0.28569999999999995,-2.730392808739521
-0.28470000000000006,-2.6865367584437045
-0.28369999999999995,-2.661071955046134
-0.28270000000000006,-2.618630616050183
-0.28169999999999995,-2.5733598544545018
-0.28070000000000006,-2.5280890928588207
-0.27969999999999995,-2.485647753862869
-0.27870000000000006,-2.4488652600663787
-0.27769999999999995,-2.412082766269888
-0.27670000000000006,-2.3753002724733965
-0.27569999999999995,-2.3371030673770408
-0.27470000000000006,-2.3003205735805494
-0.27369999999999994,-2.2663675023837886
-0.27270000000000005,-2.229585008587298
-0.27169999999999994,-2.1956319373905373
-0.27070000000000005,-2.1574347322941807
-0.26969999999999994,-2.124896372397285
-0.26870000000000005,-2.0994315689997145
-0.26769999999999994,-2.0668932091028185
-0.26670000000000005,-2.0244518701068674
-0.26569999999999994,-1.9947429328097017
-0.26470000000000005,-1.9579604390132106
-0.26369999999999993,-1.92400736781645
-0.26270000000000004,-1.892883719219419
-0.26169999999999993,-1.8603453593225232
-0.26070000000000004,-1.8278069994256272
-0.25969999999999993,-1.8009274847281918
-0.25870000000000004,-1.768389124831296
-0.25769999999999993,-1.7372654762342652
-0.25670000000000004,-1.7118006728366943
-0.2556999999999999,-1.6792623129397986
-0.25470000000000004,-1.6467239530429028
-0.2536999999999999,-1.626917994844792
-0.25270000000000004,-1.5929649236480312
-0.2516999999999999,-1.5632559863508655
-0.25070000000000003,-1.5590118524512704
-0.24969999999999992,-1.54203531685289
-0.24870000000000003,-1.498179266557074
-0.24769999999999992,-1.4684703292599082
-0.24670000000000003,-1.4359319693630124
-0.24569999999999992,-1.4084865701456306
-0.24470000000000003,-1.3862756027377494
-0.24369999999999992,-1.3646305198498143
-0.24270000000000003,-1.3427024947019062
-0.24169999999999991,-1.3370436495024463
-0.24070000000000003,-1.2964414351963194
-0.2396999999999999,-1.2517365581205846
-0.23870000000000002,-1.2228764476033378
-0.2376999999999999,-1.1974116442057672
-0.23670000000000002,-1.1699662449883854
-0.23570000000000013,-1.138701125261368
-0.23470000000000002,-1.1180463402833383
-0.23370000000000013,-1.0890447586361052
-0.23270000000000002,-1.0713608673877921
-0.23170000000000013,-1.0587699368189936
-0.23070000000000002,-1.0253827501421786
-0.22970000000000013,-1.0011911869144865
-0.22870000000000001,-0.9887417274756741
-0.22770000000000012,-0.9566277809687379
-0.2267,-0.9359729959907083
-0.22570000000000012,-0.9137620285828272
-0.2247,-0.8926828302148382
-0.22370000000000012,-0.8686327381171326
-0.2227,-0.8520806159087115
-0.22170000000000012,-0.828030523811006
-0.2207,-0.8072342677029899
-0.21970000000000012,-0.7879941940248254
-0.2187,-0.771017658426445
-0.21770000000000012,-0.7512117002283345
-0.2167,-0.7355084047998326
-0.2157000000000001,-0.7183903980714657
-0.2147,-0.7251810123108178
-0.2137000000000001,-0.6792028950652041
-0.2127,-0.6588310523471476
-0.2117000000000001,-0.6394495075389965
-0.2107,-0.6231803275905486
-0.2097000000000001,-0.6118626371916284
-0.2087,-0.5912078522135988
-0.2077000000000001,-0.5725336630553803
-0.2067,-0.5548497718070674
-0.2057000000000001,-0.53815617846866
-0.2047,-0.521321114000266
-0.2037000000000001,-0.5063251742216967
-0.2027,-0.49147070557311373
-0.2017000000000001,-0.4812847842140855
-0.2007,-0.4606299992360559
-0.1997000000000001,-0.4457755305874731
-0.1987,-0.4299307640289846
-0.1977000000000001,-0.41451041086045576
-0.19669999999999999,-0.40008035560183236
-0.1957000000000001,-0.384235589043344
-0.19469999999999998,-0.37164465847454514
-0.1937000000000001,-0.35792195886585426
-0.19269999999999998,-0.34448220151713643
-0.1917000000000001,-0.3340133378981352
-0.1907000000000001,-0.31930034037953875
-0.1897000000000002,-0.30571911190083445
-0.1887000000000001,-0.29256229681208956
-0.1877000000000002,-0.27926401059335826
-0.1867000000000001,-0.26808779132442445
-0.1857000000000002,-0.25563833188561214
-0.1847000000000001,-0.24276445905684027
-0.1837000000000002,-0.2310223552679605
-0.18270000000000008,-0.21942172260906717
-0.1817000000000002,-0.2078210899501739
-0.18070000000000008,-0.2044257828304978
-0.1797000000000002,-0.1860345359322523
-0.17870000000000008,-0.17584861457322407
-0.1777000000000002,-0.16438945304431726
-0.17670000000000008,-0.15236440699546444
-0.1757000000000002,-0.1437346680662877
-0.17470000000000008,-0.13224721231138362
-0.1737000000000002,-0.1212549055114323
-0.17270000000000008,-0.1122149003052947
-0.17170000000000019,-0.10256656924021516
-0.17070000000000007,-0.09206941139521659
-0.16970000000000018,-0.08345381957903851
-0.16870000000000007,-0.07360742893197786
-0.16770000000000018,-0.06468060062982947
-0.16670000000000007,-0.05555571274569999
-0.16570000000000018,-0.0461195883756002
-0.16470000000000007,-0.036131726598553036
-0.16370000000000018,-0.027770782816350672
-0.16270000000000007,-0.018773218949209036
-0.16170000000000018,-0.01137286413961503
-0.16070000000000007,-0.0024955507329619243
-0.15970000000000018,0.005180672780105764
-0.15870000000000006,0.012996952711860093
-0.15770000000000017,0.020966021463999843
-0.15670000000000006,0.028845963404248096
-0.15570000000000017,0.035579989191605675
-0.15470000000000006,0.042936487950903865
-0.15370000000000017,0.05108522503812647
-0.15270000000000006,0.05903590254336798
-0.15170000000000017,0.06492110155080652
-0.15070000000000006,0.07174001001615601
-0.14970000000000017,0.07940774526142451
-0.14870000000000005,0.0848543837659049
-0.14770000000000016,0.0925221190111734
-0.14670000000000005,0.09860537760059306
-0.14570000000000016,0.10529696204895468
-0.14470000000000005,0.11149339754236354
-0.14370000000000016,0.11631756307490332
-0.14270000000000005,0.12265546969829867
-0.14170000000000016,0.12900752343469268
-0.14070000000000005,0.13483613399013666
-0.13970000000000016,0.1406930387715779
-0.13870000000000005,0.14599820614607179
-0.13770000000000016,0.1513741090855589
-0.13670000000000004,0.15717442541500556
-0.13570000000000015,0.1617015015745737
-0.13470000000000004,0.16792623129397988
-0.13370000000000015,0.17231183632356148
-0.13270000000000004,0.1768389124831296
-0.13170000000000015,0.18292217107254924
-0.13070000000000004,0.18716630497214437
-0.12970000000000015,0.1922592656516585
-0.12870000000000004,0.19692781294121312
-0.12770000000000015,0.20060606232086217
-0.12670000000000003,0.2065478497802954
-0.12570000000000014,0.21050904141991747
-0.12470000000000003,0.2153190598394586
-0.12370000000000014,0.21913878034909418
-0.12270000000000003,0.2228170297287433
-0.12170000000000014,0.22649527910839237
-0.12070000000000003,0.23144676865792
-0.11970000000000014,0.23427619125765006
-0.11870000000000003,0.23809591176728565
-0.11770000000000014,0.2426229879268538
-0.11670000000000003,0.24587682391654336
-0.11570000000000014,0.24913065990623293
-0.11470000000000002,0.252525967025909
-0.11370000000000013,0.25662862979551765
-0.11270000000000002,0.2608727636951128
-0.11170000000000013,0.26356071516485635
-0.11070000000000024,0.2661071955046134
-0.10970000000000013,0.270209858274222
-0.10870000000000024,0.2751613478237496
-0.10770000000000013,0.2770004725135742
-0.10670000000000024,0.2781322415534663
-0.10570000000000013,0.2811031352831828
-0.10470000000000024,0.28534726918277786
-0.10370000000000013,0.287893749522535
-0.10270000000000024,0.29058170099227854
-0.10170000000000012,0.29397700811195465
-0.10070000000000023,0.2962405461917387
-0.09970000000000012,0.2993529110514418
-0.09870000000000023,0.3016164491312258
-0.09770000000000012,0.3047288139909289
-0.09670000000000023,0.3071338232006995
-0.09570000000000012,0.30897294789052404
-0.09470000000000023,0.3116608993602676
-0.09370000000000012,0.3146317930899841
-0.09270000000000023,0.31675386003978173
-0.09170000000000011,0.31930034037953875
-0.09070000000000022,0.32071505167940384
-0.08970000000000011,0.32326153201916086
-0.08870000000000022,0.32580801235891793
-0.08770000000000011,0.326656839138837
-0.08670000000000022,0.329203319478594
-0.08570000000000011,0.33217421320831064
-0.08470000000000022,0.3338718667681486
-0.08370000000000011,0.33585246258795975
-0.08270000000000022,0.33641834710790575
-0.0817000000000001,0.3382574717977303
-0.08070000000000022,0.34094542326747385
-0.0797000000000001,0.3426430768273119
-0.07870000000000021,0.34405778812717697
-0.0777000000000001,0.3458969128170015
-0.07670000000000021,0.34717015298688
-0.0757000000000001,0.3494336910666641
-0.07470000000000021,0.35155575801646166
-0.0737000000000001,0.3522631136663941
-0.07270000000000021,0.35551694965608377
-0.0717000000000001,0.3552340073961107
-0.07070000000000021,0.35693166095594875
-0.0697000000000001,0.3580634299958408
-0.0687000000000002,0.35990255468566534
-0.0677000000000001,0.3617416793754899
-0.0667000000000002,0.36216609276544937
-0.06570000000000009,0.36442963084523344
-0.0647000000000002,0.36740052457495004
-0.06370000000000009,0.36740052457495004
-0.0627000000000002,0.3698055337847206
-0.06170000000000009,0.37136171621457215
-0.0607000000000002,0.3712202450845856
-0.059700000000000086,0.3734837831643697
-0.058700000000000196,0.37419113881430216
-0.057700000000000085,0.37560585011416725
-0.056700000000000195,0.3773035036740053
-0.05570000000000008,0.37815233045392427
-0.05470000000000019,0.3790011572338433
-0.05370000000000008,0.38055733966369487
-0.05270000000000019,0.3812646953136274
-0.05170000000000008,0.3829623488734654
-0.05070000000000019,0.38338676226342494
-0.04970000000000008,0.38494294469327645
-0.04870000000000019,0.38664059825311453
-0.047700000000000076,0.386782069383101
-0.046700000000000186,0.3884797229429391
-0.045700000000000074,0.38947002085284455
-0.044700000000000184,0.39060178989273664
-0.04370000000000007,0.39187503006261515
-0.04270000000000018,0.39244091458256114
-0.04170000000000007,0.3937141547524397
-0.04070000000000018,0.3948459237923317
-0.03970000000000007,0.3962606350921968
-0.03870000000000018,0.39696799074212924
-0.03770000000000007,0.3985241731719808
-0.03670000000000018,0.39937299995189984
-0.035700000000000065,0.40064624012177835
-0.034700000000000175,0.4014950669016974
-0.03370000000000006,0.4031927204615355
-0.03270000000000017,0.4054562585413195
-0.03170000000000006,0.40573920080129255
-0.03070000000000017,0.4072953832311441
-0.02970000000000006,0.41366158408053677
-0.02870000000000017,0.42073514057986194
-0.027700000000000058,0.4242719188295245
-0.026700000000000168,0.4173398334601858
-0.025700000000000056,0.41677394894023984
-0.024700000000000166,0.41847160250007787
-0.023700000000000054,0.41833013137009134
-0.022700000000000164,0.4188960158900374
-0.021700000000000053,0.42271573639967297
-0.020700000000000163,0.4225742652696865
-0.01970000000000005,0.423281620919619
-0.01870000000000016,0.42299867865964597
-0.01770000000000005,0.42526221673943004
-0.01670000000000016,0.4263939857793221
-0.015700000000000047,0.4269598702992681
-0.014700000000000157,0.4276672259492006
-0.013700000000000045,0.42978929289899814
-0.012700000000000156,0.43007223515897114
-0.011700000000000044,0.4320528309787822
-0.010700000000000154,0.43375048453862025
-0.009700000000000042,0.4344578401885528
-0.008700000000000152,0.43672137826833685
-0.00770000000000004,0.43742873391826936
-0.00670000000000015,0.43884344521813434
-0.005700000000000038,0.44153139668787794
-0.0047000000000001485,0.4422387523378105
-0.0037000000000000366,0.44393640589764854
-0.0027000000000001467,0.4542637983866633
-0.0017000000000000348,0.44676582849737856
-0.000700000000000145,0.4490293665771626
0.00029999999999996696,0.4514343757869332
0.0012999999999998568,0.4521417314368657
0.0022999999999999687,0.4544052695166497
0.0032999999999998586,0.45553703855654176
0.0042999999999999705,0.4569517498564068
0.00529999999999986,0.4579420477663123
0.006299999999999972,0.46034705697608286
0.007299999999999862,0.4627520661858534
0.008299999999999974,0.464308248615705
0.009299999999999864,0.4798700729142204
0.010299999999999976,0.47548446788463883
0.011299999999999866,0.47463564110471984
0.012299999999999978,0.47590888127459835
0.013299999999999867,0.3832452911334384
0.012299999999999978,0.32269564749921487
0.011299999999999866,0.29227935455211657
0.010299999999999976,0.2686536758443705
0.009299999999999864,0.24884771764625993
0.008299999999999974,0.2310223552679605
0.007299999999999862,0.2167337711393236
0.006299999999999972,0.20145488910078121
0.00529999999999986,0.19565457277133455
0.0042999999999999705,0.1774047970030756
0.0032999999999998586,0.16537975095422278
0.0022999999999999687,0.1551938295951945
0.0012999999999998568,0.1458567350160853
0.00029999999999996696,0.13697234805293285
-0.000700000000000145,0.12805966686378314
-0.0017000000000000348,0.1201372835845389
-0.0027000000000001467,0.11329008089319213
-0.0037000000000000366,0.1064287310888467
-0.0047000000000001485,0.09803949308064704
-0.005700000000000038,0.09175817490924627
-0.00670000000000015,0.0847977953139103
-0.00770000000000004,0.0787286838374893
-0.008700000000000152,0.07253224834408044
-0.009700000000000042,0.06650557820665538
-0.010700000000000154,0.060337436939243816
-0.011700000000000044,0.05551327140670404
-0.012700000000000156,0.05085887123014807
-0.013700000000000045,0.04586494034162449
-0.014700000000000157,0.04094174501809417
-0.015700000000000047,0.03606099103355979
-0.01670000000000016,0.03159050332598627
-0.01770000000000005,0.02662486666345999
-0.01870000000000016,0.02354079602975421
-0.01970000000000005,0.01882980740120364
-0.020700000000000163,0.014359319693630123
-0.021700000000000053,0.011657221110887902
-0.022700000000000164,0.007497969889284694
-0.023700000000000054,0.004022024225516299
-0.024700000000000166,4.4662435736739205e-05
-0.025700000000000056,-0.0024955507329619243
-0.026700000000000168,-0.0066406548415664825
-0.027700000000000058,-0.009669551734577526
-0.02870000000000017,-0.013172376913043356
-0.02970000000000006,-0.015236440699546445
-0.03070000000000017,-0.01928251501716045
-0.03170000000000006,-0.02235243853786758
-0.03270000000000017,-0.02512527268560305
-0.03370000000000006,-0.028393255788291286
-0.034700000000000175,-0.03044458717309559
-0.035700000000000065,-0.03341548090281216
-0.03670000000000018,-0.03705128894346531
-0.03770000000000007,-0.03901773765027772
-0.03870000000000018,-0.04126712861706312
-0.03970000000000007,-0.043912638747810734
-0.04070000000000018,-0.045963970132615044
-0.04170000000000007,-0.049472454156280335
-0.04270000000000018,-0.051665256671071136
-0.04370000000000007,-0.05320729198792403
-0.044700000000000184,-0.05622062705663656
-0.045700000000000074,-0.057394837435524544
-0.046700000000000186,-0.06021011292225596
-0.047700000000000076,-0.06279903460100898
-0.04870000000000019,-0.06514745535878494
-0.04970000000000008,-0.0673826992125717
-0.05070000000000019,-0.06886814607742998
-0.05170000000000008,-0.07121656683520594
-0.05270000000000019,-0.07316886842901969
-0.05370000000000008,-0.07466846240687663
-0.05470000000000019,-0.0769320004866607
-0.05570000000000008,-0.07942189237442315
-0.056700000000000195,-0.0804121902843287
-0.057700000000000085,-0.08298696485008306
-0.058700000000000196,-0.08472705974891705
-0.059700000000000086,-0.08645300753475238
-0.0607000000000002,-0.0885609273715513
-0.06170000000000009,-0.09157426244026382
-0.0627000000000002,-0.0928050612711464
-0.06370000000000009,-0.09430465524900335
-0.0647000000000002,-0.0962286626168198
-0.06570000000000009,-0.09878929006957551
-0.0667000000000002,-0.09987861777047159
-0.0677000000000001,-0.10209971451125968
-0.0687000000000002,-0.10425007568705455
-0.0697000000000001,-0.10531110916195333
-0.07070000000000021,-0.10746147033774818
-0.0717000000000001,-0.10964012573954035
-0.07270000000000021,-0.11132363218637975
-0.0737000000000001,-0.11317690398920292
-0.07470000000000021,-0.11476138064505177
-0.0757000000000001,-0.11701077161183718
-0.07670000000000021,-0.11859524826768601
-0.0777000000000001,-0.12005240090654701
-0.07870000000000021,-0.1223017918733324
-0.0797000000000001,-0.12395700409417452
-0.08070000000000022,-0.1252443913770517
-0.0817000000000001,-0.12783331305580473
-0.08270000000000022,-0.12904996477368866
-0.08370000000000011,-0.13124276728847944
-0.08470000000000022,-0.13309603909130266
-0.08570000000000011,-0.13444001482617443
-0.08670000000000022,-0.13691575960093824
-0.08770000000000011,-0.13874073717776414
-0.08870000000000022,-0.14012715425163189
-0.08970000000000011,-0.1428858412863687
-0.09070000000000022,-0.1435931969363012
-0.09170000000000011,-0.14557379275611226
-0.09270000000000023,-0.1512326379555724
-0.09370000000000012,-0.14896909987578838
-0.09470000000000023,-0.15179852247551845
-0.09570000000000012,-0.15392058942531597
-0.09670000000000023,-0.155052358465208
-0.09770000000000012,-0.15788178106493808
-0.09870000000000023,-0.1617015015745737
-0.09970000000000012,-0.16071120366466815
-0.10070000000000023,-0.16396503965435774
-0.10170000000000012,-0.16467239530429026
-0.10270000000000024,-0.16750181790402036
-0.10370000000000013,-0.16849211581392587
-0.10470000000000024,-0.17259477858353447
-0.10570000000000013,-0.1734436053634535
-0.10670000000000024,-0.17556567231325104
-0.10770000000000013,-0.1771218547431026
-0.10870000000000024,-0.17938539282288665
-0.10970000000000013,-0.1806586329927652
-0.11070000000000024,-0.18391246898245475
-0.11170000000000013,-0.18660042045219835
-0.11270000000000002,-0.18914690079195542
-0.11370000000000013,-0.19112749661176645
-0.11470000000000002,-0.19268367904161798
-0.11570000000000014,-0.19480574599141554
-0.11670000000000003,-0.1976351685911456
-0.11770000000000014,-0.19919135102099716
-0.11870000000000003,-0.20244518701068673
-0.11970000000000014,-0.2041428405705248
-0.12070000000000003,-0.2065478497802954
-0.12170000000000014,-0.21121639706985
-0.12270000000000003,-0.21149933932982298
-0.12370000000000014,-0.21347993514963404
-0.12470000000000003,-0.21630935774936413
-0.12570000000000014,-0.2204120205189727
-0.12670000000000003,-0.22267555859875673
-0.12770000000000015,-0.22437321215859482
-0.12870000000000004,-0.22649527910839237
-0.12970000000000015,-0.23059794187800098
-0.13070000000000004,-0.23413472012766354
-0.13170000000000015,-0.23583237368750162
-0.13270000000000004,-0.2392276808071777
-0.13370000000000015,-0.24134974775697526
-0.13470000000000004,-0.24474505487665132
-0.13570000000000015,-0.24700859295643537
-0.13670000000000004,-0.24969654442617895
-0.13770000000000016,-0.25365773606580105
-0.13870000000000005,-0.2580433410953827
-0.13970000000000016,-0.25931658126526125
-0.14070000000000005,-0.2627118883849373
-0.14170000000000016,-0.26554131098466743
-0.14270000000000005,-0.2689366181043435
-0.14370000000000016,-0.2726148674839926
-0.14470000000000005,-0.27586870347368214
-0.14570000000000016,-0.2799713662432907
-0.14670000000000005,-0.28280078884302084
-0.14770000000000016,-0.28605462483271044
-0.14870000000000005,-0.29044022986229207
-0.14970000000000017,-0.29355259472199513
-0.15070000000000006,-0.29751378636161724
-0.15170000000000017,-0.3018993913911988
-0.15270000000000006,-0.3055776407708479
-0.15370000000000017,-0.3091144190205105
-0.15470000000000006,-0.31293413953014615
-0.15570000000000017,-0.3171782734297412
-0.15670000000000006,-0.32128093619934983
-0.15770000000000017,-0.3253835989689584
-0.15870000000000006,-0.3293447906085805
-0.15970000000000018,-0.3338718667681486
-0.16070000000000007,-0.33811600066774383
-0.16170000000000018,-0.34377484586720397
-0.16270000000000007,-0.34787750863681255
-0.16370000000000018,-0.3525460559263671
-0.16470000000000007,-0.3577804877358678
-0.16570000000000018,-0.3625905061554089
-0.16670000000000007,-0.36711758231497704
-0.16770000000000018,-0.3802743974037219
-0.16870000000000007,-0.3780108593239378
-0.16970000000000018,-0.3825379354835059
-0.17070000000000007,-0.386782069383101
-0.17170000000000019,-0.39215797232258814
-0.17270000000000008,-0.3989485865619403
-0.1737000000000002,-0.40290977820156243
-0.17470000000000008,-0.40955892131092814
-0.1757000000000002,-0.41436893973046923
-0.17670000000000008,-0.42115955396982147
-0.1777000000000002,-0.4263939857793221
-0.17870000000000008,-0.43247724436874174
-0.1797000000000002,-0.43870197408814793
-0.18070000000000008,-0.4464828862374056
-0.1817000000000002,-0.45030260674704115
-0.18270000000000008,-0.46077147036604243
-0.1837000000000002,-0.46374236409575903
-0.1847000000000001,-0.46954268042520564
-0.1857000000000002,-0.48029448630418
-0.1867000000000001,-0.4852459758537076
-0.1877000000000002,-0.4913292344431272
-0.1887000000000001,-0.4985442620724389
-0.1897000000000002,-0.5054763474417775
-0.1907000000000001,-0.5129743173310622
-0.1917000000000001,-0.5203308160903605
-0.19269999999999998,-0.5268384880697398
-0.1937000000000001,-0.5354682269989164
-0.19469999999999998,-0.5414100144583496
-0.1957000000000001,-0.5513129935574048
-0.19669999999999999,-0.5588109634466895
-0.1977000000000001,-0.5660259910760012
-0.1987,-0.5733824898352994
-0.1997000000000001,-0.5808804597245841
-0.2007,-0.5913493233435854
-0.2017000000000001,-0.5995546488828025
-0.2027,-0.6071940899020738
-0.2037000000000001,-0.619926491600859
-0.2047,-0.6295465284399413
-0.2057000000000001,-0.6366200849392665
-0.2067,-0.6463815929083352
-0.2077000000000001,-0.6571333987873096
-0.2087,-0.6667534356263918
-0.2097000000000001,-0.6758075879455281
-0.2107,-0.6845787980046913
-0.2117000000000001,-0.6970282574435036
-0.2127,-0.7074971210625048
-0.2137000000000001,-0.7174001001615601
-0.2147,-0.7295666173403995
-0.2157000000000001,-0.7403184232193737
-0.2167,-0.7502214023184289
-0.21770000000000012,-0.7613976215873628
-0.2187,-0.77243236972631
-0.21970000000000012,-0.7847403580351359
-0.2207,-0.7969068752139751
-0.22170000000000012,-0.8076586810929495
-0.2227,-0.8210984384416673
-0.22370000000000012,-0.8336893690104662
-0.2247,-0.8455729439293325
-0.22570000000000012,-0.8592956435380232
-0.2267,-0.8730183431467142
-0.22770000000000012,-0.8839116201556749
-0.22870000000000001,-0.8987660888042578
-0.22970000000000013,-0.9124887884129486
-0.23070000000000002,-0.9246553055917879
-0.23170000000000013,-0.9378121206805329
-0.23270000000000002,-0.9495542244694126
-0.23370000000000013,-0.9668137023277661
-0.23470000000000002,-0.9809608153264163
-0.23570000000000013,-0.9935517458952152
-0.23670000000000002,-1.0088306279337578
-0.2376999999999999,-1.0262315769220975
-0.23870000000000002,-1.0456131217302487
-0.2396999999999999,-1.0587699368189936
-0.24070000000000003,-1.0741902899875224
-0.24169999999999991,-1.0917327101058487
-0.24270000000000003,-1.1099824858741079
-0.24369999999999992,-1.1232807720928393
-0.24470000000000003,-1.1408231922111656
-0.24569999999999992,-1.158082670069519
-0.24670000000000003,-1.1787374550475485
-0.24769999999999992,-1.1954310483859558
-0.24870000000000003,-1.212549055114323
-0.24969999999999992,-1.2298085329726764
-0.25070000000000003,-1.2483412510009082
-0.2516999999999999,-1.2658836711192347
-0.25270000000000004,-1.2813040242877636
-0.2536999999999999,-1.3052126452554829
-0.25470000000000004,-1.3237453632837148
-0.2556999999999999,-1.344258677131758
-0.25670000000000004,-1.3643475775898415
-0.25769999999999993,-1.3842950069179385
-0.25870000000000004,-1.405232734155941
-0.25969999999999993,-1.426028990263957
-0.26070000000000004,-1.4472496597619326
-0.26169999999999993,-1.4684703292599082
-0.26270000000000004,-1.4882762874580184
-0.26369999999999993,-1.512326379555724
-0.26470000000000005,-1.5321323377538347
-0.26569999999999994,-1.5547677185516753
-0.26670000000000005,-1.580232521949246
-0.26769999999999994,-1.6028679027470865
-0.26870000000000005,-1.6240885722450622
-0.26969999999999994,-1.6453092417430377
-0.27070000000000005,-1.6693593338407433
-0.27169999999999994,-1.694824137238314
-0.27270000000000005,-1.7202889406358846
-0.27369999999999994,-1.7443390327335901
-0.27470000000000006,-1.769803836131161
-0.27569999999999995,-1.7938539282288664
-0.27670000000000006,-1.8179040203265722
-0.27769999999999995,-1.8447835350240078
-0.27870000000000006,-1.8702483384215782
-0.27969999999999995,-1.897127853119014
-0.28070000000000006,-1.92400736781645
-0.28169999999999995,-1.9523015938137507
-0.28270000000000006,-1.9777663972113213
-0.28369999999999995,-2.004645911908757
-0.28470000000000006,-2.0315254266061924
-0.28569999999999995,-2.0612343639033583
-0.28670000000000007,-2.0909433012005243
-0.28769999999999996,-2.11782281589796
-0.28870000000000007,-2.1475317531951257
-0.28969999999999996,-2.177240690492291
-0.29070000000000007,-2.206949627789457
-0.29169999999999996,-2.2366585650866226
-0.29270000000000007,-2.2677822136836534
-0.29369999999999996,-2.298905862280684
-0.2947000000000001,-2.32861479957785
-0.29569999999999996,-2.359738448174881
-0.2967000000000001,-2.3908620967719116
-0.29769999999999996,-2.4219857453689424
-0.2987000000000001,-2.4531093939659736
-0.29969999999999997,-2.4842330425630044
-0.3007000000000001,-2.5167714024599
-0.30169999999999997,-2.550724473656661
-0.3027000000000001,-2.5804334109538267
-0.30369999999999997,-2.6143864821505876
-0.3047000000000001,-2.6511689759470785
-0.30569999999999997,-2.6837073358439745
-0.3067000000000001,-2.7162456957408705
-0.3077,-2.7473693443379013
-0.3087000000000001,-2.7813224155346625
-0.3097,-2.8166901980312877
-0.3107000000000001,-2.852057980527914
-0.3117,-2.88742576302454
-0.3127000000000001,-2.922793545521166
-0.3137,-2.956746616717927
-0.3147000000000001,-2.994943821814283
-0.3157,-3.028896893011044
-0.3167000000000001,-3.0685088094072643
-0.3177,-3.1024618806040256
-0.3187000000000001,-3.1420737970002466
-0.3197,-3.1802710020966023
-0.3207000000000001,-3.2184682071929585
-0.3217,-3.2552507009894494
-0.3227000000000001,-3.2906184834860754
-0.3237,-3.3302303998822964
-0.3247000000000001,-3.3698423162785174
-0.3257,-3.4094542326747383
-0.3267000000000001,-3.447651437771094
-0.3277,-3.4872633541673155
-0.3287000000000001,-3.525460559263671
-0.3297,-3.5636577643600273
-0.3307000000000001,-3.6046843920561136
-0.3317,-3.6457110197521994
-0.3327000000000001,-3.683908224848555
-0.3337,-3.730593697744102
-0.3347000000000001,-3.7716203254401877
-0.3357,-3.8098175305365434
-0.3367000000000001,-3.852258869532495
-0.3377,-3.8932854972285815
-0.3387000000000001,-3.935726836224532
-0.3397,-3.9767534639206183
-0.3407000000000001,-4.024853648116029
-0.3417,-4.065880275812115
-0.3427000000000001,-4.111151037407797
-0.3437,-4.150762953804017
-0.3447000000000001,-4.1960337153996985
-0.3457,-4.24413389959511
-0.3467000000000001,-4.287989949890926
-0.3477,-4.3332607114866075
-0.3487000000000001,-4.379946184382153
-0.3497,-4.425216945977835
-0.3507000000000001,-4.471902418873381
-0.3517,-4.518587891768927
-0.3527000000000001,-4.565273364664473
-0.3537,-4.61478826015975
-0.3547000000000001,-4.66005902175543
-0.3557,-4.705329783351112
-0.35670000000000013,-4.752015256246658
-0.3577,-4.795871306542475
-0.35870000000000013,-4.846800913337615
-0.3597,-4.893486386233161
-0.36070000000000013,-4.943001281728439
-0.3617,-4.996760311123309
-0.3626999999999999,-5.039201650119261
-0.3637,-5.0943753908139975
-0.3646999999999999,-5.145304997609139
-0.3657,-5.191990470504685
-0.3666999999999999,-5.242920077299826
-0.3677,-5.295264395394832
-0.3686999999999999,-5.347608713489839
-0.36970000000000003,-5.40419716548444
-0.3706999999999999,-5.452297349679851
-0.37170000000000003,-5.506056379074723
-0.3726999999999999,-5.556985985869864
-0.37370000000000003,-5.610745015264735
-0.3746999999999999,-5.665918755959472
-0.37570000000000003,-5.721092496654209
-0.3766999999999999,-5.772022103449349
-0.37770000000000004,-5.83143997804368
-0.3786999999999999,-5.879540162239093
-0.37970000000000004,-5.937543325533559
-0.3806999999999999,-5.99696120012789
-0.38170000000000004,-6.047890806923031
-0.38269999999999993,-6.1044792589176335
-0.38370000000000004,-6.158238288312504
-0.38469999999999993,-6.214826740307106
-0.38570000000000004,-6.274244614901438
-0.38669999999999993,-6.333662489495769
-0.38770000000000004,-6.388836230190505
-0.38869999999999993,-6.451083527384568
-0.38970000000000005,-6.506257268079304
-0.39069999999999994,-6.568504565273366
-0.39170000000000005,-6.618019460768641
-0.39269999999999994,-6.681681469262568
-0.39370000000000005,-6.74675818905636
-0.39469999999999994,-6.803346641050961
-0.39570000000000005,-6.862764515645292
-0.39669999999999994,-6.927841235439085
-0.39770000000000005,-6.98584439873355
-0.39869999999999994,-7.050921118527342
-0.39970000000000006,-7.1145831270212705
-0.40069999999999995,-7.171171579015871
-0.40170000000000006,-7.241907144009123
-0.40269999999999995,-7.305569152503049
-0.40370000000000006,-7.366401738397246
-0.40469999999999995,-7.427234324291442
-0.40570000000000006,-7.4937257553851
-0.40669999999999995,-7.558802475178892
-0.40770000000000006,-7.625293906272548
-0.40869999999999995,-7.677638224367555
-0.40970000000000006,-7.752617923260401
-0.41069999999999995,-7.821938776953789
-0.41170000000000007,-7.88701549674758
-0.41269999999999996,-7.9549216391411015
-0.41370000000000007,-8.027071915434218
-0.41469999999999996,-8.087904501328415
-0.41570000000000007,-8.155810643721937
-0.41669999999999996,-8.226546208715188
-0.41770000000000007,-8.29162292850898
-0.41869999999999996,-8.379335029100613
-0.4197000000000001,-8.448655882793998
-0.42069999999999996,-8.51656202518752
-0.4217000000000001,-8.584468167581042
-0.42269999999999996,-8.652374309974565
-0.4237000000000001,-8.725939297567548
-0.42469999999999997,-8.802333707760258
-0.4257000000000001,-8.882972251852566
-0.42669999999999997,-8.945219549046627
-0.4277000000000001,-9.017369825339744
-0.42869999999999997,-9.09234952423259
-0.4297000000000001,-9.167329223125439
-0.43069999999999997,-9.24938247851761
-0.4317000000000001,-9.334265156509511
-0.4327,-9.450271483098444
-0.4337000000000001,-9.522421759391563
-0.4347,-9.576180788786434
-0.4357000000000001,-9.625695684281709
-0.4367,-9.706334228374017
-0.4377000000000001,-9.775655082067402
-0.4387,-9.8647818939589
-0.4397000000000001,-9.932688036352424
-0.4407,-10.017570714344325
-0.4417000000000001,-10.096794547136765
-0.4427,-10.166115400830154
-0.4437000000000001,-10.248168656222326
-0.4447,-10.323148355115173
-0.4457000000000001,-10.403786899207478
-0.4467,-10.495743133698706
-0.4477000000000001,-10.587699368189934
-0.4487,-10.66833791228224
-0.4497000000000001,-10.747561745074684
-0.4507,-10.839517979565912
-0.4517000000000001,-10.921571234958083
-0.4527,-11.014942180749173
-0.4537000000000001,-11.102654281340808
-0.4547,-11.17904869153352
-0.4557000000000001,-11.273834348624478
-0.4567,-11.358717026616379
-0.4577000000000001,-11.464820374106257
-0.4587,-11.55819131989735
-0.4597000000000001,-11.665709378687092
-0.4607,-11.705321295083316
-0.4617000000000001,-11.715224274182368
-0.4627,-11.83406002337103
-0.4637000000000001,-11.933089814361585
-0.4647,-12.034949027951868
-0.4657000000000001,-12.13963766414188
-0.4667,-12.245741011631758
-0.4677000000000001,-12.337697246122985
-0.4687,-12.433897614513807
-0.4697000000000001,-12.53292740550436
-0.4707,-12.63903075299424
-0.4717000000000001,-12.752207656983442
-0.4727,-12.848408025374262
-0.4737000000000001,-12.957340795463871
-0.4747,-13.064858854253613
-0.4757000000000001,-13.237453632837148
-0.4767,-13.217647674639037
-0.4777000000000001,-13.306774486530536
-0.4787,-13.435513214818254
-0.4797000000000001,-13.565666654405838
-0.4807,-13.667525867996119
-0.48170000000000013,-13.773629215485999
-0.4827,-13.881147274275738
-0.48370000000000013,-13.981591776566157
-0.4847,-14.104671659654418
-0.48570000000000013,-14.217848563643619
-0.4867,-14.345172580631472
-0.4876999999999999,-14.444202371622024
-0.4887,-14.57152638860988
-0.4896999999999999,-14.684703292599082
-0.4907,-14.797880196588284
-0.4916999999999999,-14.925204213576137
-0.4927,-15.05252823056399
-0.4936999999999999,-15.179852247551842
-0.49470000000000003,-15.293029151541045
-0.4956999999999999,-15.43450028152755
-0.49670000000000003,-15.462794507524851
-0.4976999999999999,-15.575971411514052
-0.49870000000000003,-15.717442541500558
-0.4996999999999999,-15.858913671487063
-0.5007,-15.972090575476265
-0.5016999999999999,-16.056973253468165
-0.5027,-16.22673860945197
-0.5036999999999999,-16.368209739438473
-0.5047,-16.50968086942498
-0.5056999999999999,-16.651151999411482
-0.5067,-16.792623129397985
-0.5076999999999999,-16.94824137238314
-0.5087,-17.07556538937099
-0.5096999999999999,-17.2453307453548
-0.5107,-17.4150961013386
-0.5116999999999999,-17.556567231325104
-0.5127,-17.74047970030756
-0.5136999999999999,-17.881950830294063
-0.5147,-18.09415752527382
-0.5156999999999999,-18.19318731626437
-0.5167,-18.348805559249524
-0.5176999999999999,-18.53271802823198
-0.5187,-18.716630497214435
-0.5196999999999999,-18.858101627200938
-0.5207,-19.027866983184744
-0.5216999999999999,-19.25422079116315
-0.5227,-19.4381332601456
-0.5236999999999999,-19.622045729128057
-0.5247,-19.820105311109163
-0.5257,-20.01816489309027
-0.5267000000000001,-20.159636023076775
-0.5277,-20.329401379060574
-0.5287000000000001,-20.499166735044383
-0.5297,-20.711373430024135
-0.5307000000000001,-20.923580125003895
-0.5317,-21.121639706984997
-0.5327000000000001,-21.30555217596745
-0.5337,-21.47531753195126
-0.5347000000000001,-21.71581845292831
-0.5357,-21.95631937390537
-0.5367000000000001,-22.168526068885125
-0.5377,-22.309997198871628
-0.5387000000000001,-22.536351006850033
-0.5397,-22.734410588831135
-0.5407000000000001,-22.960764396809545
-0.5417,-23.215412430785253
-0.5427000000000001,-23.427619125765005
-0.5437,-23.653972933743415
-0.5447000000000001,-23.97935653271237
-0.5457,-24.21985745368943
-0.5467000000000001,-24.474505487665134
-0.5477,-24.74330063463949
-0.5487000000000001,-24.983801555616548
-0.5497,-25.238449589592253
-0.5507000000000001,-25.49309762356796
-0.5517,-25.719451431546364
-0.5527000000000001,-26.030687917516673
-0.5537,-26.356071516485635
-0.5547000000000001,-26.63901377645864
-0.5557,-26.921956036431645
-0.5567000000000001,-27.204898296404657
-0.5577,-27.417104991384413
-0.5587000000000001,-27.685900138358768
-0.5597,-28.02543085032638
-0.5607000000000001,-28.336667336296685
-0.5617,-28.619609596269694
-0.5627000000000001,-28.97328742123595
-0.5637,-29.369406585198163
-0.5647000000000001,-29.62405461917387
-0.5657,-29.96358533114148
-0.5667000000000001,-30.288968930110435
-0.5677,-30.614352529079397
-0.5687000000000001,-30.968030354045652
-0.5697,-31.36414951800786
-0.5707000000000001,-31.675386003978172
-0.5717,-32.07150516794038
-0.5727000000000001,-32.4676243319026
-0.5737,-32.821302156868846
-0.5747000000000001,-33.25986265982701
-0.5757,-33.670128936787876
-0.5767000000000001,-34.08039521374873
-0.5777,-34.39163169971904
-0.5787000000000001,-34.7453095246853
-0.5797,-35.183870027643465
-0.5807000000000001,-35.62243053060162
-0.5817,-36.00440258156518
-0.5827000000000001,-36.44296308452335
-0.5837,-36.9381120394761
-0.5847000000000001,-37.40496676843157
-0.5857,-37.758644593397825
-0.5867000000000001,-37.716203254401876
-0.5857,-37.376672542434264
-0.5847000000000001,-37.164465847454515
-0.5837,-36.92396492647745
-0.5827000000000001,-36.5985813275085
-0.5817,-36.30149195453684
-0.5807000000000001,-35.94781412957058
-0.5797,-35.57998919160567
-0.5787000000000001,-35.297046931632664
-0.5777,-35.014104671659666
-0.5767000000000001,-34.6604268466934
-0.5757,-34.4057788127177
-0.5747000000000001,-34.16527789174064
-0.5737,-33.86818851876898
-0.5727000000000001,-33.51451069380272
-0.5717,-33.231568433829715
-0.5707000000000001,-32.99106751285265
-0.5697,-32.65153680088505
-0.5687000000000001,-32.39688876690934
-0.5677,-32.22712341092554
-0.5667000000000001,-31.930034037953877
-0.5657,-31.590503325986273
-0.5647000000000001,-31.27926684001596
-0.5637,-31.010471693041605
-0.5627000000000001,-30.699235207071297
-0.5617,-30.444587173095588
-0.5607000000000001,-30.13335068712528
-0.5597,-29.539171941181966
-0.5587000000000001,-29.199641229214354
-0.5577,-28.959140308237306
-0.5567000000000001,-28.690345161262943
-0.5557,-28.407402901289935
-0.5547000000000001,-28.09616641531963
-0.5537,-27.813224155346617
-0.5527000000000001,-27.601017460366865
-0.5517,-27.34636942639116
-0.5507000000000001,-27.091721392415455
-0.5497,-26.794632019443796
-0.5487000000000001,-26.539983985468087
-0.5477,-26.22874749949778
-0.5467000000000001,-25.959952352523427
-0.5457,-25.719451431546364
-0.5447000000000001,-25.40821494557606
-0.5437,-25.04039000761115
-0.5427000000000001,-24.771594860636792
-0.5417,-24.531093939659737
-0.5407000000000001,-24.23400456668808
-0.5397,-23.97935653271237
-0.5387000000000001,-23.781296950731264
-0.5377,-23.371030673770406
-0.5367000000000001,-23.187118204787954
-0.5357,-22.960764396809545
-0.5347000000000001,-22.734410588831135
-0.5337,-22.508056780852733
-0.5327000000000001,-22.36658565086623
-0.5317,-22.111937616890522
-0.5307000000000001,-21.843142469916167
-0.5297,-21.602641548939108
-0.5287000000000001,-21.390434853959356
-0.5277,-21.16408104598095
-0.5267000000000001,-20.966021463999844
-0.5257,-20.73966765602144
-0.5247,-20.569902300037633
-0.5236999999999999,-20.315254266061928
-0.5227,-20.14548891007812
-0.5216999999999999,-19.947429328097016
-0.5207,-19.749369746115914
-0.5196999999999999,-19.593751503130758
-0.5187,-19.381544808151002
-0.5176999999999999,-19.1834852261699
-0.5167,-19.01371987018609
-0.5156999999999999,-18.843954514202288
-0.5147,-18.688336271217132
-0.5136999999999999,-18.49027668923603
-0.5127,-18.334658446250877
-0.5116999999999999,-18.17904020326572
-0.5107,-18.009274847281915
-0.5096999999999999,-17.839509491298113
-0.5087,-17.683891248312957
-0.5076999999999999,-17.528273005327804
-0.5067,-17.386801875341302
-0.5056999999999999,-17.20288940635885
-0.5047,-17.061418276372343
-0.5036999999999999,-16.962388485381787
-0.5027,-16.778476016399335
-0.5016999999999999,-16.60871066041553
-0.5007,-16.46723953042903
-0.4996999999999999,-16.368209739438473
-0.49870000000000003,-16.184297270456018
-0.4976999999999999,-16.04282614046952
-0.49670000000000003,-15.88720789748436
-0.4956999999999999,-15.77403099349516
-0.49470000000000003,-15.632559863508657
-0.4936999999999999,-15.462794507524851
-0.4927,-15.321323377538347
-0.4916999999999999,-15.165705134553193
-0.4907,-15.06667534356264
-0.4896999999999999,-14.953498439573437
-0.4887,-14.812027309586934
-0.4876999999999999,-14.71299751859638
-0.4867,-14.61396772760583
-0.48570000000000013,-14.472496597619326
-0.4847,-14.288584128636872
-0.48370000000000013,-14.131551174351852
-0.4827,-14.011300713863324
-0.48170000000000013,-13.899538521173987
-0.4807,-13.767970370286537
-0.4797000000000001,-13.653378754997467
-0.4787,-13.463807440815554
-0.4777000000000001,-13.312433331729995
-0.4767,-13.187938737341872
-0.4757000000000001,-13.036564628256313
-0.4747,-12.930461280766435
-0.4737000000000001,-12.796063707279258
-0.4727,-12.71259574058722
-0.4717000000000001,-12.613565949596667
-0.4707,-12.48765664390868
-0.4697000000000001,-12.357503204321095
-0.4687,-12.244326300331892
-0.4677000000000001,-12.112758149444444
-0.4667,-11.99392240025578
-0.4657000000000001,-11.907625010964015
-0.4647,-11.81142464257319
-0.4637000000000001,-11.715224274182368
-0.4627,-11.599217947593436
-0.4617000000000001,-11.493114600103558
-0.4607,-11.39267009781314
-0.4597000000000001,-11.309202131121104
-0.4587,-11.21017234013055
-0.4577000000000001,-11.104068992640675
-0.4567,-11.014942180749173
-0.4557000000000001,-10.935718347956733
-0.4547,-10.877715184662266
-0.4537000000000001,-10.77444125977212
-0.4527,-10.700876272179137
-0.4517000000000001,-10.62023772808683
-0.4507,-10.473107752900868
-0.4497000000000001,-10.388225074908965
-0.4487,-10.301927685617198
-0.4477000000000001,-10.191580204227723
-0.4467,-10.089720990637442
-0.4457000000000001,-9.997764756146214
-0.4447,-9.904393810355122
-0.4437000000000001,-9.822340554962949
-0.4427,-9.743116722170507
-0.4417000000000001,-9.64550164247982
-0.4407,-9.564863098387514
-0.4397000000000001,-9.487053976894938
-0.4387,-9.392268319803978
-0.4377000000000001,-9.293238528813426
-0.4367,-9.197038160422604
-0.4357000000000001,-9.133376151928676
-0.4347,-9.05273760783637
-0.4337000000000001,-8.933901858647706
-0.4327,-8.84760446935594
-0.4317000000000001,-8.757062946164577
-0.43069999999999997,-8.67642440207227
-0.4297000000000001,-8.609932970978614
-0.42869999999999997,-8.547685673784551
-0.4277000000000001,-8.469876552291973
-0.42669999999999997,-8.392067430799397
-0.4257000000000001,-8.324161288405875
-0.42469999999999997,-8.24352274431357
-0.4237000000000001,-8.178446024519777
-0.42269999999999996,-8.107710459526524
-0.4217000000000001,-8.04121902843287
-0.42069999999999996,-7.9690687521397505
-0.4197000000000001,-7.903992032345959
-0.41869999999999996,-7.8445741577516275
-0.41770000000000007,-7.773838592758376
-0.41669999999999996,-7.700273605165394
-0.41570000000000007,-7.635196885371603
-0.41469999999999996,-7.57294958817754
-0.41370000000000007,-7.49655517798483
-0.41269999999999996,-7.430063746891172
-0.41170000000000007,-7.36781644969711
-0.41069999999999995,-7.306983863802915
-0.40970000000000006,-7.246151277908718
-0.40869999999999995,-7.175415712915465
-0.40770000000000006,-7.118827260920864
-0.40669999999999995,-7.060824097626399
-0.40570000000000006,-6.992917955232877
-0.40469999999999995,-6.936329503238276
-0.40370000000000006,-6.869838072144618
-0.40269999999999995,-6.799102507151367
-0.40170000000000006,-6.680266757962703
-0.40069999999999995,-6.6095311929694525
-0.39970000000000006,-6.548698607075254
-0.39869999999999994,-6.496354288980249
-0.39770000000000005,-6.429862857886591
-0.39669999999999994,-6.3647861380928
-0.39570000000000005,-6.309612397398063
-0.39469999999999994,-6.253023945403462
-0.39370000000000005,-6.175214823910885
-0.39269999999999994,-6.128529351015339
-0.39170000000000005,-6.087502723319252
-0.39069999999999994,-6.015352447026135
-0.38970000000000005,-5.955934572431804
-0.38869999999999993,-5.902175543036933
-0.38770000000000004,-5.854075358841522
-0.38669999999999993,-5.8102193085457055
-0.38570000000000004,-5.742313166152184
-0.38469999999999993,-5.687139425457448
-0.38370000000000004,-5.637624529962172
-0.38269999999999993,-5.57820665536784
-0.38170000000000004,-5.537180027671754
-0.3806999999999999,-5.480591575677152
-0.37970000000000004,-5.4225884123826855
-0.3786999999999999,-5.373073516887409
-0.37770000000000004,-5.322143910092268
-0.3766999999999999,-5.274043725896856
-0.37570000000000003,-5.223114119101715
-0.3746999999999999,-5.180672780105764
-0.37370000000000003,-5.131157884610488
-0.3726999999999999,-5.073154721316022
-0.37170000000000003,-5.026469248420476
-0.3706999999999999,-4.975539641625334
-0.36970000000000003,-4.927439457429923
-0.3686999999999999,-4.880753984534377
-0.3677,-4.835483222938696
-0.3666999999999999,-4.788797750043149
-0.3657,-4.753429967546523
-0.3646999999999999,-4.706744494650977
-0.3637,-4.655814887855835
-0.3626999999999999,-4.613373548859885
-0.3617,-4.572346921163798
-0.36070000000000013,-4.527076159568118
-0.3597,-4.481805397972437
-0.35870000000000013,-4.459170017174596
-0.3577,-4.375702050482558
-0.35670000000000013,-4.330431288886877
-0.3557,-4.313454753288497
-0.3547000000000001,-4.245548610894974
-0.3537,-4.190374870200238
-0.3527000000000001,-4.149348242504152
-0.3517,-4.106906903508202
-0.3507000000000001,-4.063050853212385
-0.3497,-4.019194802916569
-0.3487000000000001,-3.9767534639206183
-0.3477,-3.9498739492231825
-0.3467000000000001,-3.9046031876275014
-0.3457,-3.8607471373316855
-0.3447000000000001,-3.8296234887346547
-0.3437,-3.784352727138973
-0.3427000000000001,-3.7404966768431565
-0.3417,-3.7065436056463965
-0.3407000000000001,-3.67966409094896
-0.3397,-3.6343933293532795
-0.3387000000000001,-3.591951990357328
-0.3377,-3.542437094862052
-0.3367000000000001,-3.507069312365426
-0.3357,-3.4632132620696097
-0.3347000000000001,-3.3938924083762227
-0.3337,-3.3542804919800018
-0.3327000000000001,-3.314668575583781
-0.3317,-3.27788608178729
-0.3307000000000001,-3.2411035879907995
-0.3297,-3.204321094194308
-0.3287000000000001,-3.168953311697682
-0.3277,-3.135000240500921
-0.3267000000000001,-3.0982177467044303
-0.3257,-3.0628499642078046
-0.3247000000000001,-3.028896893011044
-0.3237,-2.994943821814283
-0.3227000000000001,-2.9581613280177916
-0.3217,-2.924208256821031
-0.3207000000000001,-2.88742576302454
-0.3197,-2.854887403127644
-0.3187000000000001,-2.8322520223298033
-0.3177,-2.7968842398331777
-0.3167000000000001,-2.767175302536012
-0.3157,-2.734636942639116
-0.3147000000000001,-2.70209858274222
-0.3137,-2.6681455115454593
-0.3127000000000001,-2.634192440348698
-0.3117,-2.6030687917516673
-0.3107000000000001,-2.5719451431546365
-0.3097,-2.5408214945576058
-0.3087000000000001,-2.5111125572604402
-0.3077,-2.4799889086634095
-0.3067000000000001,-2.4488652600663787
-0.30569999999999997,-2.4191563227692128
-0.3047000000000001,-2.388032674172182
-0.30369999999999997,-2.359738448174881
-0.3027000000000001,-2.330029510877715
-0.30169999999999997,-2.2974911509808194
-0.3007000000000001,-2.2706116362833835
-0.29969999999999997,-2.2394879876863527
-0.2987000000000001,-2.2097790503891876
-0.29769999999999996,-2.1857289582914814
-0.2967000000000001,-2.1602641548939108
-0.29569999999999996,-2.1475317531951257
-0.2947000000000001,-2.1079198367989047
-0.29369999999999996,-2.079625610801604
-0.29270000000000007,-2.048501962204573
-0.29169999999999996,-2.0216224475071374
-0.29070000000000007,-1.9961576441095665
-0.28969999999999996,-1.967863418112266
-0.28870000000000007,-1.9409839034148304
-0.28769999999999996,-1.9141043887173947
-0.28670000000000007,-1.8858101627200938
-0.28569999999999995,-1.8589306480226582
-0.28470000000000006,-1.8263922881257622
-0.28369999999999995,-1.8023421960280568
-0.28270000000000006,-1.7839509491298113
-0.28169999999999995,-1.7570714344323757
-0.28070000000000006,-1.7316066310348048
-0.27969999999999995,-1.7061418276372344
-0.27870000000000006,-1.6806770242396636
-0.27769999999999995,-1.656626932141958
-0.27670000000000006,-1.6311621287443874
-0.27569999999999995,-1.6085267479465466
-0.27470000000000006,-1.587306078448571
-0.27369999999999994,-1.5646706976507305
-0.27270000000000005,-1.5675001202504606
-0.27169999999999994,-1.502423400456669
-0.27070000000000005,-1.4698850405597732
-0.26969999999999994,-1.4486643710617975
-0.26870000000000005,-1.4288584128636872
-0.26769999999999994,-1.40608156093586
-0.26670000000000005,-1.383304709008033
-0.26569999999999994,-1.3659037600196928
-0.26470000000000005,-1.3439757348717851
-0.26369999999999993,-1.322896536503796
-0.26270000000000004,-1.3004026268359417
-0.26169999999999993,-1.2756451790883037
-0.26070000000000004,-1.2542830384603414
-0.25969999999999993,-1.2317891287924876
-0.25870000000000004,-1.2126905262443095
-0.25769999999999993,-1.1913283856163475
-0.25670000000000004,-1.1713809562882502
-0.2556999999999999,-1.1500188156602882
-0.25470000000000004,-1.1218660607929742
-0.2536999999999999,-1.0907424121959435
-0.25270000000000004,-1.0730585209476302
-0.2516999999999999,-1.052969620489547
-0.25070000000000003,-1.0443398815603702
-0.24969999999999992,-1.0184506647728397
-0.24870000000000003,-0.9997764756146215
-0.24769999999999992,-0.9820925843663083
-0.24670000000000003,-0.9593157324384813
-0.24569999999999992,-0.9407830144102494
-0.24470000000000003,-0.9297482662713021
-0.24369999999999992,-0.9062640586935425
-0.24270000000000003,-0.8897119364851216
-0.24169999999999991,-0.8717451029768355
-0.24070000000000003,-0.8724524586267681
-0.2396999999999999,-0.8372261472601288
-0.23870000000000002,-0.8216643229616133
-0.2376999999999999,-0.8065269120530575
-0.23670000000000002,-0.788984491934731
-0.23570000000000013,-0.7705932450364854
-0.23470000000000002,-0.7565876031678217
-0.23370000000000013,-0.7428649035591307
-0.23270000000000002,-0.7263127813507099
-0.23170000000000013,-0.7118827260920865
-0.23070000000000002,-0.6966038440535441
-0.22970000000000013,-0.6888229319042865
-0.22870000000000001,-0.6684510891862299
-0.22770000000000012,-0.6513330824578628
-0.2267,-0.6380347962391315
-0.22570000000000012,-0.6224729719406161
-0.2247,-0.6081843878119793
-0.22370000000000012,-0.5937543325533559
-0.2227,-0.5814463442445301
-0.22170000000000012,-0.5672992312458797
-0.2207,-0.5542838872871214
-0.21970000000000012,-0.539005005248579
-0.2187,-0.5293849684094968
-0.21770000000000012,-0.5163696244507384
-0.2167,-0.502505453712061
-0.2157000000000001,-0.48793392732345114
-0.2147,-0.4760503524045848
-0.2137000000000001,-0.462610595055867
-0.2127,-0.4507270201370007
-0.2117000000000001,-0.4385605029581614
-0.2107,-0.42780869707918706
-0.2097000000000001,-0.4164910066802668
-0.2087,-0.40531478741133303
-0.2077000000000001,-0.3949873949223182
-0.2067,-0.3832452911334384
-0.2057000000000001,-0.37164465847454514
-0.2047,-0.36075138146558433
-0.2037000000000001,-0.3492922199366776
-0.2027,-0.3388233563176763
-0.2017000000000001,-0.328354492698675
-0.2007,-0.3173197445597277
-0.1997000000000001,-0.3079826499806185
-0.1987,-0.2972308441016442
-0.1977000000000001,-0.28775227839254847
-0.19669999999999999,-0.27784929929349317
-0.1957000000000001,-0.267946320194438
-0.19469999999999998,-0.2588921678753017
-0.1937000000000001,-0.24969654442617895
-0.19269999999999998,-0.24021797871708325
-0.1917000000000001,-0.23243706656782553
-0.1907000000000001,-0.2235243853786758
-0.1897000000000002,-0.21404581966958006
-0.1887000000000001,-0.20470872509047083
-0.1877000000000002,-0.19607898616129407
-0.1867000000000001,-0.18744924723211737
-0.1857000000000002,-0.17910245056291366
-0.1847000000000001,-0.17160448067362896
-0.1837000000000002,-0.1628332706144657
-0.18270000000000008,-0.1551938295951945
-0.1817000000000002,-0.14698850405597733
-0.18070000000000008,-0.13957541684468452
-0.1797000000000002,-0.13149741532245518
-0.17870000000000008,-0.12429653480614214
-0.1777000000000002,-0.1173785965498021
-0.17670000000000008,-0.10952694883555114
-0.1757000000000002,-0.10276462882219627
-0.17470000000000008,-0.09560618964487919
-0.1737000000000002,-0.08822139665958369
-0.17270000000000008,-0.08242108033013704
-0.17170000000000019,-0.07492311044085233
-0.17070000000000007,-0.06875496917344079
-0.16970000000000018,-0.06250194522803733
-0.16870000000000007,-0.05610745015264735
-0.16770000000000018,-0.04964221951226414
-0.16670000000000007,-0.04365799071383503
-0.16570000000000018,-0.03774449748039918
-0.16470000000000007,-0.030501175625090193
-0.16370000000000018,-0.025295038041586858
-0.16270000000000007,-0.01973522263311726
-0.16170000000000018,-0.014316878354634173
-0.16070000000000007,-0.008232205053914648
-0.15970000000000018,-0.0027742488590353368
-0.15870000000000006,0.0024318887244679983
-0.15770000000000017,0.007735641387662021
-0.15670000000000006,0.012801722552478717
-0.15570000000000017,0.018263922881257624
-0.15470000000000006,0.022890028831816296
-0.15370000000000017,0.028053725076323675
-0.15270000000000006,0.033005214625851306
-0.15170000000000017,0.03712202450845856
-0.15070000000000006,0.042299867865964604
-0.14970000000000017,0.04739282854547873
-0.14870000000000005,0.05125499039411028
-0.14770000000000016,0.05518788780773508
-0.14670000000000005,0.05978569953229645
-0.14570000000000016,0.0638176267369118
-0.14470000000000005,0.06862764515645292
-0.14370000000000016,0.07258883679607502
-0.14270000000000005,0.07619635061073088
-0.14170000000000016,0.08075172099629631
-0.14070000000000005,0.08430264635895754
-0.13970000000000016,0.08861751582354589
-0.13870000000000005,0.09161670377925978
-0.13770000000000016,0.09518177625491966
-0.13670000000000004,0.09919955634653636
-0.13570000000000015,0.10231192120623946
-0.13470000000000004,0.10601846481188584
-0.13370000000000015,0.10901765276759973
-0.13270000000000004,0.11252613679126502
-0.13170000000000015,0.1155253247469789
-0.13070000000000004,0.11901966165764555
-0.12970000000000015,0.12200470250036077
-0.12870000000000004,0.12535756828104092
-0.12770000000000015,0.12767769481281957
-0.12670000000000003,0.13067688276853343
-0.12570000000000014,0.13412877834020412
-0.12470000000000003,0.13656208177597198
-0.12370000000000014,0.13985835910465752
-0.12270000000000003,0.14161260111649018
-0.12170000000000014,0.14415908145624726
-0.12070000000000003,0.14727144631595032
-0.11970000000000014,0.14896909987578838
-0.11870000000000003,0.15193999360550495
-0.11770000000000014,0.15335470490536995
-0.11670000000000003,0.15590118524512703
-0.11570000000000014,0.15943796349478964
-0.11470000000000002,0.16028679027470866
-0.11370000000000013,0.1629747417444522
-0.11270000000000002,0.1655212220842093
-0.11170000000000013,0.16707740451406086
-0.11070000000000024,0.1694824137238314
-0.10970000000000013,0.17174595180361546
-0.10870000000000024,0.17415096101338604
-0.10770000000000013,0.17768773926304862
-0.10670000000000024,0.17768773926304862
-0.10570000000000013,0.17952686395287318
-0.10470000000000024,0.18150745977268423
-0.10370000000000013,0.18292217107254924
-0.10270000000000024,0.1844783535024008
-0.10170000000000012,0.1861760070622388
-0.10070000000000023,0.18815660288204988
-0.09970000000000012,0.19112749661176645
-0.09870000000000023,0.19169338113171247
-0.09770000000000012,0.19282515017160448
-0.09670000000000023,0.19523015938137506
-0.09570000000000012,0.1974936974611591
-0.09470000000000023,0.19834252424107812
-0.09370000000000012,0.19989870667092968
-0.09270000000000023,0.20131341797079472
-0.09170000000000011,0.20286960040064628
-0.09070000000000022,0.20485019622045733
-0.08970000000000011,0.20513313848043033
-0.08870000000000022,0.2066893209102819
-0.08770000000000011,0.2075381476902009
-0.08670000000000022,0.20852844560010642
-0.08570000000000011,0.20951874351001196
-0.08470000000000022,0.21135786819983648
-0.08370000000000011,0.21347993514963404
-0.08270000000000022,0.21390434853959353
-0.0817000000000001,0.21461170418952608
-0.08070000000000022,0.2164508288793506
-0.0797000000000001,0.21744112678925615
-0.07870000000000021,0.21786554017921567
-0.0777000000000001,0.2199876071290132
-0.07670000000000021,0.2199876071290132
-0.0757000000000001,0.22210967407881074
-0.07470000000000021,0.2229585008587298
-0.0737000000000001,0.2235243853786758
-0.07270000000000021,0.22550498119848683
-0.0717000000000001,0.2267782213683654
-0.07070000000000021,0.22691969249835187
-0.0697000000000001,0.22805146153824393
-0.0687000000000002,0.22904175944814942
-0.0677000000000001,0.23003205735805496
-0.0667000000000002,0.23059794187800098
-0.06570000000000009,0.231729710917893
-0.0647000000000002,0.23286147995778506
-0.06370000000000009,0.23314442221775805
-0.0627000000000002,0.23441766238763656
-0.06170000000000009,0.23554943142752863
-0.0607000000000002,0.2359738448174881
-0.059700000000000086,0.23710561385738013
-0.058700000000000196,0.23738855611735316
-0.057700000000000085,0.2386617962872317
-0.056700000000000195,0.24092533436701574
-0.05570000000000008,0.24149121888696176
-0.05470000000000019,0.24248151679686727
-0.05370000000000008,0.24318887244679982
-0.05270000000000019,0.24318887244679982
-0.05170000000000008,0.24389622809673234
-0.05070000000000019,0.24516946826661082
-0.04970000000000008,0.24700859295643537
-0.04870000000000019,0.2477159486063679
-0.047700000000000076,0.24799889086634092
-0.046700000000000186,0.24941360216620592
-0.045700000000000074,0.25012095781613847
-0.044700000000000184,0.25139419798601703
-0.04370000000000007,0.252525967025909
-0.04270000000000018,0.25295038041586854
-0.04170000000000007,0.2537992071957876
-0.04070000000000018,0.2547895051056931
-0.03970000000000007,0.25493097623567956
-0.03870000000000018,0.2560627452755716
-0.03770000000000007,0.2574774565754367
-0.03670000000000018,0.25959952352523424
-0.035700000000000065,0.2610142348250993
-0.034700000000000175,0.2611557059550858
-0.03370000000000006,0.2618630616050183
-0.03270000000000017,0.2627118883849373
-0.03170000000000006,0.2637021862948429
-0.03070000000000017,0.2651168975947079
-0.02970000000000006,0.2659657243746269
-0.02870000000000017,0.26723896454450546
-0.027700000000000058,0.268795146974357
-0.026700000000000168,0.270209858274222
-0.025700000000000056,0.2706342716641816
-0.024700000000000166,0.27219045409403303
-0.023700000000000054,0.2777078281635067
-0.022700000000000164,0.27601017460366867
-0.021700000000000053,0.27586870347368214
-0.020700000000000163,0.2768590013835877
-0.01970000000000005,0.27841518381343927
-0.01870000000000016,0.27883959720339874
-0.01770000000000005,0.2801128373732773
-0.01670000000000016,0.28336667336296684
-0.015700000000000047,0.28350814449295336
-0.014700000000000157,0.28506432692280487
-0.013700000000000045,0.28619609596269696
-0.012700000000000156,0.28647903822266996
-0.011700000000000044,0.287893749522535
-0.010700000000000154,0.2894499319523865
-0.009700000000000042,0.29256229681208956
-0.008700000000000152,0.2932696524620221
-0.00770000000000004,0.29425995037192765
-0.00670000000000015,0.2962405461917387
-0.005700000000000038,0.2976552574916037
-0.0047000000000001485,0.3007676223513068
-0.0037000000000000366,0.3021823336511718
-0.0027000000000001467,0.30175792026121234
-0.0017000000000000348,0.3033141026910639
-0.000700000000000145,0.30571911190083445
0.00029999999999996696,0.30685088094072643
0.0012999999999998568,0.3091144190205105
0.0022999999999999687,0.3110950148403216
0.0032999999999998586,0.3119438416202406
0.0042999999999999705,0.3144903219599976
0.00529999999999986,0.31604650438984916
0.006299999999999972,0.3168953311697682
0.007299999999999862,0.3204321094194308
0.008299999999999974,0.3253835989689584
0.009299999999999864,0.32326153201916086
0.010299999999999976,0.3249591855789989
0.011299999999999866,0.32580801235891793
0.012299999999999978,0.32821302156868853
0.013299999999999867,0.2622874749949778
0.012299999999999978,0.2154605309694451
0.011299999999999866,0.1922592656516585
0.010299999999999976,0.17584861457322407
0.009299999999999864,0.16141855931460067
0.008299999999999974,0.1496764555257209
0.007299999999999862,0.13885391408175335
0.006299999999999972,0.12702692761488163
0.00529999999999986,0.11790203973075215
0.0042999999999999705,0.10941377193156195
0.0032999999999998586,0.1005010907424122
0.0022999999999999687,0.09332850445209646
0.0012999999999998568,0.08683497958571595
0.00029999999999996696,0.08310014175407225
-0.000700000000000145,0.07386207696595355
-0.0017000000000000348,0.06687340314462027
-0.0027000000000001467,0.06216241451606971
-0.0037000000000000366,0.056362098186623064
-0.0047000000000001485,0.05105693081212918
-0.005700000000000038,0.0465440017655597
-0.00670000000000015,0.04193204292799969
-0.00770000000000004,0.03702299471746801
-0.008700000000000152,0.033090097303843206
-0.009700000000000042,0.02880352206525215
-0.010700000000000154,0.02423400456668808
-0.011700000000000044,0.020357695605057877
-0.012700000000000156,0.016127708818461418
-0.013700000000000045,0.01352746944930948
-0.014700000000000157,0.0095775955000863
-0.015700000000000047,0.006381762673691181
-0.01670000000000016,0.002891669896924135
-0.01770000000000005,-0.000555557127457
-0.01870000000000016,-0.002900158164723325
-0.01970000000000005,-0.006124285217115744
-0.020700000000000163,-0.009516762914192102
-0.021700000000000053,-0.012629127773895183
-0.022700000000000164,-0.015024234004566688
-0.023700000000000054,-0.017231183632356147
-0.024700000000000166,-0.019112749661176646
-0.025700000000000056,-0.02226755585987568
-0.026700000000000168,-0.02429059301868268
-0.027700000000000058,-0.027049280053419503
-0.02870000000000017,-0.02922793545521166
-0.02970000000000006,-0.03082655922405915
-0.03070000000000017,-0.03337303956381622
-0.03170000000000006,-0.03549510651361377
-0.03270000000000017,-0.037518143672420776
-0.03370000000000006,-0.03976753463920618
-0.034700000000000175,-0.04119639305206987
-0.035700000000000065,-0.04337504845386203
-0.03670000000000018,-0.04541223272566768
-0.03770000000000007,-0.046713767121543515
-0.03870000000000018,-0.04894901097533026
-0.03970000000000007,-0.050363722275195304
-0.04070000000000018,-0.05227358253001311
-0.04170000000000007,-0.05411270721983765
-0.04270000000000018,-0.055541565632701344
-0.04370000000000007,-0.05678651157658257
-0.044700000000000184,-0.058554900701413864
-0.045700000000000074,-0.06019596580925731
-0.046700000000000186,-0.061879472256096704
-0.047700000000000076,-0.06357712581593475
-0.04870000000000019,-0.06472304196882543
-0.04970000000000008,-0.06664704933664188
-0.05070000000000019,-0.06725537519558383
-0.05170000000000008,-0.06889644030342729
-0.05270000000000019,-0.07118827260920865
-0.05370000000000008,-0.07155609754717356
-0.05470000000000019,-0.07295666173403995
-0.05570000000000008,-0.07456943261588608
-0.056700000000000195,-0.07589926123775922
-0.057700000000000085,-0.07806376952655272
-0.058700000000000196,-0.07824768199553518
-0.059700000000000086,-0.08005851245936244
-0.0607000000000002,-0.08177031313219911
-0.06170000000000009,-0.08276061104210465
-0.0627000000000002,-0.08399140987298723
-0.06370000000000009,-0.08525050292986712
-0.0647000000000002,-0.08642471330875509
-0.06570000000000009,-0.08788186594761609
-0.0667000000000002,-0.08873069272753512
-0.0677000000000001,-0.0908103183383367
-0.0687000000000002,-0.09178646913524359
-0.0697000000000001,-0.09286164972314101
-0.07070000000000021,-0.09455930328297905
-0.0717000000000001,-0.09583254345285759
-0.07270000000000021,-0.096907724040755
-0.0737000000000001,-0.098081934419643
-0.07470000000000021,-0.09883173140857146
-0.0757000000000001,-0.100387913838423
-0.07670000000000021,-0.10214215585025564
-0.0777000000000001,-0.10313245376016117
-0.07870000000000021,-0.10430666413904917
-0.0797000000000001,-0.10548087451793714
-0.08070000000000022,-0.10647117242784265
-0.0817000000000001,-0.10867812205563213
-0.08270000000000022,-0.11040406984146747
-0.08370000000000011,-0.11132363218637975
-0.08470000000000022,-0.1120734291753082
-0.08570000000000011,-0.11283737327723532
-0.08670000000000022,-0.1142379374641017
-0.08770000000000011,-0.11600632658893299
-0.08870000000000022,-0.11669953512586688
-0.08970000000000011,-0.11828401178171571
-0.09070000000000022,-0.11935919236961315
-0.09170000000000011,-0.12023631337552945
-0.09270000000000023,-0.12233008609932973
-0.09370000000000012,-0.12323550133124336
-0.09470000000000023,-0.12503218468207195
-0.09570000000000012,-0.1259800412529815
-0.09670000000000023,-0.1277767246038101
-0.09770000000000012,-0.12902167054769134
-0.09870000000000023,-0.12998367423159957
-0.09970000000000012,-0.13200671139040657
-0.10070000000000023,-0.13306774486530534
-0.10170000000000012,-0.13412877834020412
-0.10270000000000024,-0.13632158085499493
-0.10370000000000013,-0.13748164412088426
-0.10470000000000024,-0.138302176674806
-0.10570000000000013,-0.14084865701456303
-0.10670000000000024,-0.14147112998650369
-0.10770000000000013,-0.14387613919627423
-0.10870000000000024,-0.14486643710617977
-0.10970000000000013,-0.14613967727605828
-0.11070000000000024,-0.14854468648582883
-0.11170000000000013,-0.1498179266557074
-0.11270000000000002,-0.15165705134553195
-0.11370000000000013,-0.15363764716534298
-0.11470000000000002,-0.1540620605553025
-0.11570000000000014,-0.15632559863508652
-0.11670000000000003,-0.1587306078448571
-0.11770000000000014,-0.15972090575476264
-0.11870000000000003,-0.1619844438345467
-0.11970000000000014,-0.16368209739438472
-0.12070000000000003,-0.16523827982423628
-0.12170000000000014,-0.16764328903400685
-0.12270000000000003,-0.16905800033387192
-0.12370000000000014,-0.17146300954364244
-0.12470000000000003,-0.17415096101338604
-0.12570000000000014,-0.17528273005327805
-0.12670000000000003,-0.1774047970030756
-0.12770000000000015,-0.17938539282288665
-0.12870000000000004,-0.18108304638272468
-0.12970000000000015,-0.18391246898245475
-0.13070000000000004,-0.1857515936722793
-0.13170000000000015,-0.18787366062207686
-0.13270000000000004,-0.19042014096183393
-0.13370000000000015,-0.1919763233916855
-0.13470000000000004,-0.19452280373144254
-0.13570000000000015,-0.1970692840711996
-0.13670000000000004,-0.19919135102099716
-0.13770000000000016,-0.20187930249074074
-0.13870000000000005,-0.2044257828304978
-0.13970000000000016,-0.2066893209102819
-0.14070000000000005,-0.21008462802995795
-0.14170000000000016,-0.21220669497975553
-0.14270000000000005,-0.2151775887094721
-0.14370000000000016,-0.21800701130920216
-0.14470000000000005,-0.22012907825899972
-0.14570000000000016,-0.2235243853786758
-0.14670000000000005,-0.22635380797840585
-0.14770000000000016,-0.22918323057813594
-0.14870000000000005,-0.23243706656782553
-0.14970000000000017,-0.23526648916755558
-0.15070000000000006,-0.2386617962872317
-0.15170000000000017,-0.24446211261667833
-0.15270000000000006,-0.24545241052658387
-0.15370000000000017,-0.24898918877624646
-0.15470000000000006,-0.252243024765936
-0.15570000000000017,-0.25535538962563914
-0.15670000000000006,-0.26058982143513976
-0.15770000000000017,-0.2627118883849373
-0.15870000000000006,-0.2665316088945729
-0.15970000000000018,-0.269361031494303
-0.16070000000000007,-0.2733222231339251
-0.16170000000000018,-0.2772834147735472
-0.16270000000000007,-0.2811031352831828
-0.16370000000000018,-0.2852057980527914
-0.16470000000000007,-0.28959140308237297
-0.16570000000000018,-0.2927037679420761
-0.16670000000000007,-0.2969479018416712
-0.16770000000000018,-0.3011920357412663
-0.16870000000000007,-0.30600205416080745
-0.16970000000000018,-0.3099632458004295
-0.17070000000000007,-0.3139244374400516
-0.17170000000000019,-0.3185929847296063
-0.17270000000000008,-0.3236859454091204
-0.1737000000000002,-0.32736419478876944
-0.17470000000000008,-0.3320327420783241
-0.1757000000000002,-0.33698423162785174
-0.17670000000000008,-0.3419357211773794
-0.1777000000000002,-0.3470286818568935
-0.17870000000000008,-0.35141428688647514
-0.1797000000000002,-0.35664871869597575
-0.18070000000000008,-0.3623075638954359
-0.1817000000000002,-0.3685322936148421
-0.18270000000000008,-0.37362525429435617
-0.1837000000000002,-0.37885968610385684
-0.1847000000000001,-0.383952646783371
-0.1857000000000002,-0.3907432610227231
-0.1867000000000001,-0.39611916396221025
-0.1877000000000002,-0.40290977820156243
-0.1887000000000001,-0.40899303679098215
-0.1897000000000002,-0.4149348242504153
-0.1907000000000001,-0.42115955396982147
-0.1917000000000001,-0.4265354569093086
-0.19269999999999998,-0.43375048453862025
-0.1937000000000001,-0.44153139668787794
-0.19469999999999998,-0.4484634820572166
-0.1957000000000001,-0.4606299992360559
-0.19669999999999999,-0.4650156042656376
-0.1977000000000001,-0.4691182670352462
-0.1987,-0.47633329466455787
-0.1997000000000001,-0.48312390890391005
-0.2007,-0.4896315808832892
-0.2017000000000001,-0.4968466085126009
-0.2027,-0.504203107271899
-0.2037000000000001,-0.5108522503812647
-0.2047,-0.518774633660509
-0.2057000000000001,-0.5264140746797802
-0.2067,-0.5346194002189975
-0.2077000000000001,-0.5419758989782956
-0.2087,-0.5503226956474992
-0.2097000000000001,-0.5609330303964871
-0.2107,-0.5667333467259337
-0.2117000000000001,-0.5762119124350294
-0.2127,-0.5842757668442602
-0.2137000000000001,-0.5916322656035584
-0.2147,-0.6025255426125191
-0.2157000000000001,-0.6112967526716824
-0.2167,-0.6203509049908186
-0.21770000000000012,-0.6295465284399413
-0.2187,-0.6383177384991046
-0.21970000000000012,-0.6480792464681732
-0.2207,-0.657557812177269
-0.22170000000000012,-0.6673193201463378
-0.2227,-0.6777881837653391
-0.22370000000000012,-0.6871252783444484
-0.2247,-0.6971697285734901
-0.22570000000000012,-0.7082044767124374
-0.2267,-0.7185318692014522
-0.22770000000000012,-0.730556915250305
-0.22870000000000001,-0.7604073236774572
-0.22970000000000013,-0.7527678826581861
-0.23070000000000002,-0.7623879194972683
-0.23170000000000013,-0.774695907806094
-0.23270000000000002,-0.7906821454945689
-0.23370000000000013,-0.7966239329540021
-0.23470000000000002,-0.8082245656128955
-0.23570000000000013,-0.8220887363515729
-0.23670000000000002,-0.8331234844905201
-0.2376999999999999,-0.8455729439293325
-0.23870000000000002,-0.8580224033681447
-0.2396999999999999,-0.8704718628069571
-0.24070000000000003,-0.8832042645057423
-0.24169999999999991,-0.8963610795944873
-0.24270000000000003,-0.9099423080731914
-0.24369999999999992,-0.925221190111734
-0.24470000000000003,-0.9358315248607216
-0.24569999999999992,-0.9492712822094397
-0.24670000000000003,-0.9628525106881439
-0.24769999999999992,-0.9768581525568079
-0.24870000000000003,-0.9915711500754043
-0.24969999999999992,-1.0071329743739197
-0.25070000000000003,-1.0218459718925161
-0.2516999999999999,-1.0362760271511395
-0.25270000000000004,-1.0499987267598303
-0.2536999999999999,-1.06457025314844
-0.25470000000000004,-1.0798491351869823
-0.2556999999999999,-1.0952694883555114
-0.25670000000000004,-1.1112557260439861
-0.25769999999999993,-1.1269590214724883
-0.25870000000000004,-1.1422379035110306
-0.25969999999999993,-1.1586485545894651
-0.26070000000000004,-1.1736444943680344
-0.26169999999999993,-1.1907625010964016
-0.26270000000000004,-1.2068902099148628
-0.26369999999999993,-1.2241496877732163
-0.26470000000000005,-1.2405603388516506
-0.26569999999999994,-1.2590930568798826
-0.26670000000000005,-1.2750792945683578
-0.26769999999999994,-1.293470541466603
-0.26870000000000005,-1.3141253264446326
-0.26969999999999994,-1.3286968528332426
-0.27070000000000005,-1.346805157471515
-0.27169999999999994,-1.3660452311496794
-0.27270000000000005,-1.3851438336978574
-0.27369999999999994,-1.4083450990156439
-0.27470000000000006,-1.4302731241635522
-0.27569999999999995,-1.4458349484620676
-0.27670000000000006,-1.4642261953603128
-0.27769999999999995,-1.4826174422585585
-0.27870000000000006,-1.502423400456669
-0.27969999999999995,-1.5208146473549145
-0.28070000000000006,-1.53920589425316
-0.28169999999999995,-1.5575971411514054
-0.28270000000000006,-1.5774030993495158
-0.28369999999999995,-1.6000384801473564
-0.28470000000000006,-1.6184297270456018
-0.28569999999999995,-1.6396503965435776
-0.28670000000000007,-1.6594563547416883
-0.28769999999999996,-1.6806770242396636
-0.28870000000000007,-1.701897693737639
-0.28969999999999996,-1.7231183632356148
-0.29070000000000007,-1.7400948988339953
-0.29169999999999996,-1.7627302796318356
-0.29270000000000007,-1.7881950830294064
-0.29369999999999996,-1.8094157525273817
-0.2947000000000001,-1.8306364220253575
-0.29569999999999996,-1.8546865141230628
-0.2967000000000001,-1.8773218949209036
-0.29769999999999996,-1.8985425644188794
-0.2987000000000001,-1.9183485226169896
-0.29969999999999997,-1.9409839034148304
-0.3007000000000001,-1.963619284212671
-0.30169999999999997,-1.9876693763103765
-0.3027000000000001,-2.011719468408082
-0.30369999999999997,-2.038598983105518
-0.3047000000000001,-2.0598196526034935
-0.30569999999999997,-2.081040322101469
-0.3067000000000001,-2.1065051254990395
-0.3077,-2.133384640196476
-0.3087000000000001,-2.1546053096944506
-0.3097,-2.178655401792157
-0.3107000000000001,-2.204120205189727
-0.3117,-2.228170297287433
-0.3127000000000001,-2.2564645232847336
-0.3137,-2.284758749282034
-0.3147000000000001,-2.30880884137974
-0.3157,-2.3356883560771755
-0.3167000000000001,-2.361153159474746
-0.3177,-2.386617962872317
-0.3187000000000001,-2.414912188869618
-0.3197,-2.4417917035670533
-0.3207000000000001,-2.4700859295643536
-0.3217,-2.515356691160035
-0.3227000000000001,-2.543650917157336
-0.3237,-2.5563833188561214
-0.3247000000000001,-2.581848122253692
-0.3257,-2.6087276369511274
-0.3267000000000001,-2.639851285548158
-0.3277,-2.666730800245594
-0.3287000000000001,-2.6907808923433
-0.3297,-2.7162456957408705
-0.3307000000000001,-2.745954633038036
-0.3317,-2.7770782816350668
-0.3327000000000001,-2.8053725076323675
-0.3337,-2.833666733629668
-0.3347000000000001,-2.8619609596269693
-0.3357,-2.8944993195238653
-0.3367000000000001,-2.925622968120896
-0.3377,-2.9539171941181968
-0.3387000000000001,-2.9822114201154974
-0.3397,-3.0119203574126634
-0.3407000000000001,-3.0402145834099636
-0.3417,-3.069923520707129
-0.3427000000000001,-3.1024618806040256
-0.3437,-3.135000240500921
-0.3447000000000001,-3.164709177798087
-0.3457,-3.1944181150952526
-0.3467000000000001,-3.225541763692284
-0.3477,-3.253835989689584
-0.3487000000000001,-3.28637434958648
-0.3497,-3.321742132083106
-0.3507000000000001,-3.352865780680137
-0.3517,-3.382574717977303
-0.3527000000000001,-3.4193572117737934
-0.3537,-3.450480860370824
-0.3547000000000001,-3.4830192202677206
-0.3557,-3.519801714064211
-0.35670000000000013,-3.550925362661242
-0.3577,-3.580634299958408
-0.35870000000000013,-3.6244903502542236
-0.3597,-3.661272844050715
-0.36070000000000013,-3.690981781347881
-0.3617,-3.7263495638445066
-0.3626999999999999,-3.7588879237414026
-0.3637,-3.7970851288377587
-0.3646999999999999,-3.8267940661349247
-0.3657,-3.8593324260318203
-0.3666999999999999,-3.8904560746288515
-0.3677,-3.9215797232258818
-0.3686999999999999,-3.956947505722508
-0.36970000000000003,-3.9937299995189983
-0.3706999999999999,-4.027683070715759
-0.37170000000000003,-4.067294987111981
-0.3726999999999999,-4.098418635709011
-0.37370000000000003,-4.132371706905772
-0.3746999999999999,-4.1691542007022635
-0.37570000000000003,-4.213010250998079
-0.3766999999999999,-4.245548610894974
-0.37770000000000004,-4.283745815991331
-0.3786999999999999,-4.321943021087687
-0.37970000000000004,-4.353066669684718
-0.3806999999999999,-4.395508008680669
-0.38170000000000004,-4.430875791177296
-0.38269999999999993,-4.469072996273651
-0.38370000000000004,-4.5044407787702765
-0.38469999999999993,-4.546882117766228
-0.38570000000000004,-4.585079322862584
-0.38669999999999993,-4.6289353731583995
-0.38770000000000004,-4.672791423454216
-0.38869999999999993,-4.703915072051247
-0.38970000000000005,-4.743526988447469
-0.39069999999999994,-4.778894770944094
-0.39170000000000005,-4.819921398640179
-0.39269999999999994,-4.868021582835592
-0.39370000000000005,-4.899145231432622
-0.39469999999999994,-4.945830704328168
-0.39570000000000005,-4.9896867546239845
-0.39669999999999994,-5.027883959720341
-0.39770000000000005,-5.068910587416426
-0.39869999999999994,-5.109937215112512
-0.39970000000000006,-5.156622688008059
-0.40069999999999995,-5.197649315704145
-0.40170000000000006,-5.240090654700095
-0.40269999999999995,-5.286776127595641
-0.40370000000000006,-5.313655642293078
-0.40469999999999995,-5.3575116925888935
-0.40570000000000006,-5.407026588084171
-0.40669999999999995,-5.446638504480391
-0.40770000000000006,-5.490494554776207
-0.40869999999999995,-5.537180027671754
-0.40970000000000006,-5.57820665536784
-0.41069999999999995,-5.62064799436379
-0.41170000000000007,-5.663089333359742
-0.41269999999999996,-5.712604228855018
-0.41370000000000007,-5.759289701750564
-0.41469999999999996,-5.8102193085457055
-0.41570000000000007,-5.852660647541658
-0.41669999999999996,-5.899346120437204
-0.41770000000000007,-5.940372748133289
-0.41869999999999996,-5.98564350972897
-0.4197000000000001,-6.042231961723571
-0.42069999999999996,-6.086088012019388
-0.4217000000000001,-6.128529351015339
-0.42269999999999996,-6.172385401311155
-0.4237000000000001,-6.2233150081062965
-0.42469999999999997,-6.265756347102247
-0.4257000000000001,-6.318100665197254
-0.42669999999999997,-6.366200849392665
-0.4277000000000001,-6.4199598787875365
-0.42869999999999997,-6.469474774282813
-0.4297000000000001,-6.517574958478224
-0.43069999999999997,-6.571333987873095
-0.4317000000000001,-6.620848883368372
-0.4327,-6.677437335362973
-0.4337000000000001,-6.725537519558384
-0.4347,-6.777881837653391
-0.4357000000000001,-6.827396733148667
-0.4367,-6.882570473843404
-0.4377000000000001,-6.936329503238276
-0.4387,-6.9915032439330105
-0.4397000000000001,-7.043847562028017
-0.4407,-7.101850725322484
-0.4417000000000001,-7.14853619821803
-0.4427,-7.188148114614252
-0.4437000000000001,-7.248980700508447
-0.4447,-7.308398575102779
-0.4457000000000001,-7.366401738397246
-0.4467,-7.421575479091982
-0.4477000000000001,-7.471090374587258
-0.4487,-7.52767882658186
-0.4497000000000001,-7.5814378559767315
-0.4507,-7.6408557305710625
-0.4517000000000001,-7.700273605165394
-0.4527,-7.759691479759726
-0.4537000000000001,-7.834671178652573
-0.4547,-7.88701549674758
-0.4557000000000001,-7.9549216391411015
-0.4567,-8.001607112036647
-0.4577000000000001,-8.069513254430168
-0.4587,-8.12327228382504
-0.4597000000000001,-8.178446024519777
-0.4607,-8.242108033013702
-0.4617000000000001,-8.301525907608035
-0.4627,-8.375090895201017
-0.4637000000000001,-8.423191079396428
-0.4647,-8.486853087890356
-0.4657000000000001,-8.543441539884956
-0.4667,-8.609932970978614
-0.4677000000000001,-8.675009690772406
-0.4687,-8.778283615662552
-0.4697000000000001,-8.826383799857965
-0.4707,-8.897119364851218
-0.4717000000000001,-8.952293105545952
-0.4727,-9.013125691440148
-0.4737000000000001,-9.083861256433401
-0.4747,-9.160255666626112
-0.4757000000000001,-9.23523536551896
-0.4767,-9.310215064411805
-0.4777000000000001,-9.38378005200479
-0.4787,-9.45734503959777
-0.4797000000000001,-9.526665893291156
-0.4807,-9.590327901785084
-0.48170000000000013,-9.678040002376715
-0.4827,-9.748775567369968
-0.48370000000000013,-9.82799940016241
-0.4847,-9.91571150075404
-0.48570000000000013,-9.99917946744608
-0.4867,-10.081232722838251
-0.4876999999999999,-10.151968287831503
-0.4887,-10.239680388423137
-0.4896999999999999,-10.317489509915713
-0.4907,-10.386810363609099
-0.4916999999999999,-10.470278330301136
-0.4927,-10.557990430892769
-0.4936999999999999,-10.662679067082781
-0.49470000000000003,-10.724926364276843
-0.4956999999999999,-10.832444423066585
-0.49670000000000003,-10.901765276759972
-0.4976999999999999,-10.986647954751875
-0.49870000000000003,-11.058798231044992
-0.4996999999999999,-11.139436775137298
-0.5007,-11.19036638193244
-0.5016999999999999,-11.32759337801935
-0.5027,-11.409646633411523
-0.5036999999999999,-11.51292055830167
-0.5047,-11.616194483191816
-0.5056999999999999,-11.708150717683043
-0.5067,-11.793033395674946
-0.5076999999999999,-11.899136743164824
-0.5087,-11.989678266356185
-0.5096999999999999,-12.081634500847414
-0.5107,-12.18490842573756
-0.5116999999999999,-12.269791103729462
-0.5127,-12.36174733822069
-0.5136999999999999,-12.46785068571057
-0.5147,-12.56405105410139
-0.5156999999999999,-12.668739690291403
-0.5167,-12.74371938918425
-0.5176999999999999,-12.813040242877635
-0.5187,-12.883775807870888
-0.5196999999999999,-12.977146753661982
-0.5207,-13.08325010115186
-0.5216999999999999,-13.173791624343222
-0.5227,-13.288383239632289
-0.5236999999999999,-13.411463122720548
-0.5247,-13.4821986877138
-0.5257,-13.601034436902461
-0.5267000000000001,-13.742505566888967
-0.5277,-13.905197366373446
-0.5287000000000001,-14.022618404262245
-0.5297,-14.074962722357249
-0.5307000000000001,-14.203701450644967
-0.5317,-14.331025467632822
-0.5327000000000001,-14.444202371622024
-0.5337,-14.585673501608527
-0.5347000000000001,-14.783733083589633
-0.5357,-14.826174422585586
-0.5367000000000001,-14.967645552572087
-0.5377,-15.094969569559943
-0.5387000000000001,-15.222293586547794
-0.5397,-15.37791182953295
-0.5407000000000001,-15.505235846520803
-0.5417,-15.632559863508657
-0.5427000000000001,-15.77403099349516
-0.5437,-15.929649236480316
-0.5447000000000001,-16.099414592464115
-0.5457,-16.24088572245062
-0.5467000000000001,-16.382356852437127
-0.5477,-16.580416434418233
-0.5487000000000001,-16.750181790402035
-0.5497,-16.90580003338719
-0.5507000000000001,-17.047271163373694
-0.5517,-17.217036519357496
-0.5527000000000001,-17.358507649344002
-0.5537,-17.584861457322408
-0.5547000000000001,-17.782921039303513
-0.5557,-17.924392169290012
-0.5567000000000001,-18.08001041227517
-0.5577,-18.23562865526032
-0.5587000000000001,-18.433688237241427
-0.5597,-18.518570915233333
-0.5607000000000001,-18.744924723211735
-0.5617,-18.843954514202288
-0.5627000000000001,-18.999572757187444
-0.5637,-19.339103469155052
-0.5647000000000001,-19.565457277133458
-0.5657,-19.77766397211321
-0.5667000000000001,-19.904987989101066
-0.5677,-20.10304757108217
-0.5687000000000001,-20.301107153063278
-0.5697,-20.51331384804303
-0.5707000000000001,-20.69722631702549
-0.5717,-20.85284456001064
-0.5727000000000001,-21.079198367989047
-0.5737,-21.319699288966106
-0.5747000000000001,-21.574347322941808
-0.5757,-21.772406904922917
-0.5767000000000001,-21.99876071290132
-0.5777,-22.210967407881075
-0.5787000000000001,-22.649527910839236
-0.5797,-22.890028831816295
-0.5807000000000001,-23.059794187800097
-0.5817,-23.314442221775803
-0.5827000000000001,-23.66812004674206
-0.5837,-23.908620967719123
-0.5847000000000001,-24.304740131681328
-0.5857,-24.40376992267188
-0.5867000000000001,-24.262298792685378
-0.5857,-24.16326900169483
-0.5847000000000001,-23.92276808071777
-0.5837,-23.83788540272587
-0.5827000000000001,-23.809591176728567
-0.5817,-23.55494314275286
-0.5807000000000001,-23.257853769781203
-0.5797,-23.045647074801447
-0.5787000000000001,-22.66367502383789
-0.5777,-22.592939458844636
-0.5767000000000001,-22.324144311870278
-0.5757,-22.281702972874328
-0.5747000000000001,-22.225114520879725
-0.5737,-21.871436695913467
-0.5727000000000001,-21.843142469916167
-0.5717,-21.574347322941808
-0.5707000000000001,-21.22066949797555
-0.5697,-20.994315689997144
-0.5687000000000001,-20.79625610801604
-0.5677,-20.668932091028186
-0.5667000000000001,-20.44257828304978
-0.5657,-20.187930249074075
-0.5647000000000001,-20.00401778009162
-0.5637,-19.805958198110513
-0.5627000000000001,-19.636192842126707
-0.5617,-19.452280373144255
-0.5607000000000001,-19.22592656516585
-0.5597,-19.027866983184744
-0.5587000000000001,-18.858101627200938
-0.5577,-18.674189158218486
-0.5567000000000001,-18.49027668923603
-0.5557,-18.249775768258974
-0.5547000000000001,-18.10830463827247
-0.5537,-17.938539282288666
-0.5527000000000001,-17.655597022315657
-0.5517,-17.528273005327804
-0.5507000000000001,-17.4150961013386
-0.5497,-17.231183632356142
-0.5487000000000001,-16.90580003338719
-0.5477,-16.736034677403385
-0.5467000000000001,-16.693593338407435
-0.5457,-16.50968086942498
-0.5447000000000001,-16.269179948447924
-0.5437,-16.141855931460068
-0.5427000000000001,-16.000384801473565
-0.5417,-15.88720789748436
-0.5407000000000001,-15.78817810649381
-0.5397,-15.646706976507305
-0.5387000000000001,-15.4769416205235
-0.5377,-15.349617603535648
-0.5367000000000001,-15.179852247551842
-0.5357,-15.01008689156804
-0.5347000000000001,-14.882762874580186
-0.5337,-14.797880196588284
-0.5327000000000001,-14.65640906660178
-0.5317,-14.486643710617974
-0.5307000000000001,-14.26028990263957
-0.5297,-14.135795308251447
-0.5287000000000001,-14.288584128636872
-0.5277,-14.101842237054685
-0.5267000000000001,-14.06930387715779
-0.5257,-13.922173901971824
-0.5247,-13.783532194585053
-0.5236999999999999,-13.646305198498144
-0.5227,-13.4821986877138
-0.5216999999999999,-13.254430168435528
-0.5207,-13.139838553146461
-0.5196999999999999,-13.042223473455774
-0.5187,-12.92621714686684
-0.5176999999999999,-12.827187355876287
-0.5167,-12.794648995979392
-0.5156999999999999,-12.706936895387761
-0.5147,-12.578198167100041
-0.5136999999999999,-12.36174733822069
-0.5127,-12.155199488440394
-0.5116999999999999,-12.081634500847414
-0.5107,-11.941578082160774
-0.5096999999999999,-11.884989630166173
-0.5087,-11.754836190578589
-0.5076999999999999,-11.740689077579939
-0.5067,-11.620438617091411
-0.5056999999999999,-11.542629495598835
-0.5047,-11.38135240741422
-0.5036999999999999,-11.314860976320563
-0.5027,-11.303543285921643
-0.5016999999999999,-11.116801394339458
-0.5007,-11.020601025948634
-0.4996999999999999,-10.930059502757274
-0.49870000000000003,-10.838103268266046
-0.4976999999999999,-10.747561745074684
-0.49670000000000003,-10.652776087983725
-0.4956999999999999,-10.563649276092228
-0.49470000000000003,-10.48018130940019
-0.4936999999999999,-10.368419116710854
-0.4927,-10.286365861318682
-0.4916999999999999,-10.154797710431232
-0.4907,-10.034547249942705
-0.4896999999999999,-9.952493994550533
-0.4887,-9.944005726751344
-0.4876999999999999,-9.82799940016241
-0.4867,-9.765752102968348
-0.48570000000000013,-9.680869424976446
-0.4847,-9.573351366186703
-0.48370000000000013,-9.505445223793181
-0.4827,-9.440368503999391
-0.48170000000000013,-9.436124370099794
-0.4807,-9.290409106213696
-0.4797000000000001,-9.198452871722468
-0.4787,-9.137620285828271
-0.4777000000000001,-9.059811164335693
-0.4767,-8.994734444541903
-0.4757000000000001,-8.931072436047977
-0.4747,-8.820724954658504
-0.4737000000000001,-8.537782694685495
-0.4727,-8.434508769795347
-0.4717000000000001,-8.379335029100613
-0.4707,-8.311428886707091
-0.4697000000000001,-8.235034476514379
-0.4687,-8.162884200221262
-0.4677000000000001,-8.212399095716538
-0.4667,-8.09497805782774
-0.4657000000000001,-8.027071915434218
-0.4647,-7.995948266837187
-0.4637000000000001,-7.90682145494569
-0.4627,-7.838915312552168
-0.4617000000000001,-7.7837415718574325
-0.4607,-7.694614759965935
-0.4597000000000001,-7.642270441870928
-0.4587,-7.5814378559767315
-0.4577000000000001,-7.4937257553851
-0.4567,-7.4427961485899585
-0.4557000000000001,-7.372060583596706
-0.4547,-7.340936934999675
-0.4537000000000001,-7.2659572361068285
-0.4527,-7.178245135515196
-0.4517000000000001,-7.103265436622349
-0.4507,-7.053750541127073
-0.4497000000000001,-6.973111997034766
-0.4487,-6.902376432041514
-0.4477000000000001,-6.886814607742999
-0.4467,-6.804761352350826
-0.4457000000000001,-6.790614239352177
-0.4447,-6.729781653457979
-0.4437000000000001,-6.634995996367022
-0.4427,-6.588310523471475
-0.4417000000000001,-6.5246485149775495
-0.4407,-6.470889485582678
-0.4397000000000001,-6.417130456187806
-0.4387,-6.3647861380928
-0.4377000000000001,-6.318100665197254
-0.4367,-6.260097501902788
-0.4357000000000001,-6.209167895107646
-0.4347,-6.149750020513314
-0.4337000000000001,-6.093161568518712
-0.4327,-6.060623208621817
-0.4317000000000001,-6.011108313126541
-0.43069999999999997,-5.968666974130589
-0.4297000000000001,-5.896516697837473
-0.42869999999999997,-5.837098823243141
-0.4277000000000001,-5.791828061647459
-0.42669999999999997,-5.766363258249889
-0.4257000000000001,-5.699871827156233
-0.42469999999999997,-5.704115961055828
-0.4237000000000001,-5.643283375161632
-0.42269999999999996,-5.562644831069325
-0.4217000000000001,-5.504641667774858
-0.42069999999999996,-5.470688596578097
-0.4197000000000001,-5.409856010683901
-0.41869999999999996,-5.37873236208687
-0.41770000000000007,-5.327802755291728
-0.41669999999999996,-5.286776127595641
-0.41570000000000007,-5.23301709820077
-0.41469999999999996,-5.183502202705494
-0.41370000000000007,-5.139646152409678
-0.41269999999999996,-5.095790102113861
-0.41170000000000007,-5.051934051818047
-0.41069999999999995,-5.006663290222365
-0.40970000000000006,-4.968466085126009
-0.40869999999999995,-4.935927725229114
-0.40770000000000006,-4.893486386233161
-0.40669999999999995,-4.855289181136806
-0.40570000000000006,-4.811433130840991
-0.40469999999999995,-4.767577080545174
-0.40370000000000006,-4.7138180511503025
-0.40269999999999995,-4.679864979953542
-0.40170000000000006,-4.645911908756781
-0.40069999999999995,-4.6162029714596144
-0.39970000000000006,-4.573761632463664
-0.39869999999999994,-4.534149716067443
-0.39770000000000005,-4.495952510971087
-0.39669999999999994,-4.443608192876081
-0.39570000000000005,-4.398337431280399
-0.39469999999999994,-4.3657990713835035
-0.39370000000000005,-4.324772443687417
-0.39269999999999994,-4.280916393391601
-0.39170000000000005,-4.2483780334947046
-0.39069999999999994,-4.234230920496055
-0.38970000000000005,-4.1833013137009125
-0.38869999999999993,-4.128127573006177
-0.38770000000000004,-4.091345079209686
-0.38669999999999993,-4.054562585413195
-0.38570000000000004,-3.9979741334185936
-0.38469999999999993,-3.973924041320888
-0.38370000000000004,-3.944215104023722
-0.38269999999999993,-3.903188476327636
-0.38170000000000004,-3.8635765599314156
-0.3806999999999999,-3.849429446932765
-0.37970000000000004,-3.822549932235329
-0.3786999999999999,-3.782938015839108
-0.37770000000000004,-3.744740810742752
-0.3766999999999999,-3.7065436056463965
-0.37570000000000003,-3.6683464005500404
-0.3746999999999999,-3.6513698649516595
-0.37370000000000003,-3.6188315050547635
-0.3726999999999999,-3.5848784338580026
-0.37170000000000003,-3.557998919160567
-0.3706999999999999,-3.522631136663941
-0.36970000000000003,-3.4886780654671803
-0.3686999999999999,-3.4561397055702843
-0.3677,-3.4292601908728493
-0.3666999999999999,-3.3995512535756833
-0.3657,-3.362768759779192
-0.3646999999999999,-3.328815688582431
-0.3637,-3.2991067512852656
-0.3626999999999999,-3.27222723658783
-0.3617,-3.2481771444901244
-0.36070000000000013,-3.211394650693633
-0.3597,-3.1802710020966023
-0.35870000000000013,-3.1463179308998415
-0.3577,-3.1180237049025408
-0.35670000000000013,-3.0883147676053753
-0.3557,-3.0586058303082093
-0.3547000000000001,-3.0274821817111786
-0.3537,-2.999187955713878
-0.3527000000000001,-2.9694790184167124
-0.3517,-2.942599503719276
-0.3507000000000001,-2.9100611438223805
-0.3497,-2.8803522065252145
-0.3487000000000001,-2.854887403127644
-0.3477,-2.8294225997300737
-0.3467000000000001,-2.8039577963325026
-0.3457,-2.7799077042347973
-0.3447000000000001,-2.7473693443379013
-0.3437,-2.7148309844410052
-0.3427000000000001,-2.689366181043435
-0.3417,-2.661071955046134
-0.3407000000000001,-2.6440954194477535
-0.3397,-2.6129717708507227
-0.3387000000000001,-2.600239369151937
-0.3377,-2.5733598544545018
-0.3367000000000001,-2.536577360658011
-0.3357,-2.50828313466071
-0.3347000000000001,-2.4799889086634095
-0.3337,-2.4531093939659736
-0.3327000000000001,-2.430474013168133
-0.3317,-2.4106680549700226
-0.3307000000000001,-2.3908620967719116
-0.3297,-2.3455913351762305
-0.3287000000000001,-2.32861479957785
-0.3277,-2.3017352848804147
-0.3267000000000001,-2.279099904082574
-0.3257,-2.2522203893851382
-0.3247000000000001,-2.1885583808912115
-0.3237,-2.1645082887935065
-0.3227000000000001,-2.148946464494991
-0.3217,-2.12914050629688
-0.3207000000000001,-2.1079198367989047
-0.3197,-2.0753814769020087
-0.3187000000000001,-2.054160807404033
-0.3177,-2.0414284057052483
-0.3167000000000001,-2.013134179707947
-0.3157,-1.9961576441095665
-0.3147000000000001,-1.9763516859114565
-0.3137,-1.9508868825138854
-0.3127000000000001,-1.92400736781645
-0.3117,-1.9013719870186092
-0.3107000000000001,-1.8787366062207687
-0.3097,-1.857515936722793
-0.3087000000000001,-1.822148154226167
-0.3077,-1.7980980621284617
-0.3067000000000001,-1.776877392630486
-0.30569999999999997,-1.7542420118326456
-0.3047000000000001,-1.7542420118326456
-0.30369999999999997,-1.7316066310348048
-0.3027000000000001,-1.7033124050375041
-0.30169999999999997,-1.6792623129397986
-0.3007000000000001,-1.653797509542228
-0.29969999999999997,-1.6339915513441174
-0.2987000000000001,-1.6170150157457368
-0.29769999999999996,-1.5957943462477613
-0.2967000000000001,-1.5774030993495158
-0.29569999999999996,-1.5590118524512704
-0.2947000000000001,-1.5363764716534298
-0.29369999999999996,-1.512326379555724
-0.29270000000000007,-1.4967645552572086
-0.29169999999999996,-1.4741291744593683
-0.29070000000000007,-1.4571526388609877
-0.28969999999999996,-1.4472496597619326
-0.28870000000000007,-1.4246142789640919
-0.28769999999999996,-1.4059400898058736
-0.28670000000000007,-1.378353219458505
-0.28569999999999995,-1.361376683860125
-0.28470000000000006,-1.3361948227225273
-0.28369999999999995,-1.3204915272940252
-0.28270000000000006,-1.3053541163854694
-0.28169999999999995,-1.292055830166738
-0.28070000000000006,-1.2753622368283306
-0.27969999999999995,-1.2610736526996937
-0.27870000000000006,-1.2343356091322446
-0.27769999999999995,-1.2175005446638505
-0.27670000000000006,-1.1986848843756457
-0.27569999999999995,-1.1899136743164824
-0.27470000000000006,-1.1679856491685743
-0.27369999999999994,-1.1463405662806392
-0.27270000000000005,-1.1213001762730281
-0.27169999999999994,-1.110972783784013
-0.27070000000000005,-1.093996248185633
-0.26969999999999994,-1.075746472417374
-0.26870000000000005,-1.0682485025280892
-0.26769999999999994,-1.0454716506002621
-0.26670000000000005,-1.0266559903120571
-0.26569999999999994,-1.0108112237535687
-0.26470000000000005,-0.9977958797948104
-0.26369999999999993,-0.9842146513161061
-0.26270000000000004,-0.9648331065079551
-0.26169999999999993,-0.9563448387087647
-0.26070000000000004,-0.9270603148015586
-0.25969999999999993,-0.9147523264927326
-0.25870000000000004,-0.9078202411233941
-0.25769999999999993,-0.8843360335456344
-0.25670000000000004,-0.8727354008867412
-0.2556999999999999,-0.8608518259678749
-0.25470000000000004,-0.8406214543798047
-0.2536999999999999,-0.828596408330952
-0.25270000000000004,-0.810912517082639
-0.2516999999999999,-0.7974727597339211
-0.25070000000000003,-0.7845988869051493
-0.24969999999999992,-0.7714420718164045
-0.24870000000000003,-0.7584267278576461
-0.24769999999999992,-0.7584267278576461
-0.24670000000000003,-0.7441381437290092
-0.24569999999999992,-0.7292836750804264
-0.24470000000000003,-0.7118827260920865
-0.24369999999999992,-0.6893888164242324
-0.24270000000000003,-0.6765149435954606
-0.24169999999999991,-0.6670363778863648
-0.24070000000000003,-0.6531722071476874
-0.2396999999999999,-0.6384592096290911
-0.23870000000000002,-0.6288391727900088
-0.2376999999999999,-0.6165311844811829
-0.23670000000000002,-0.6022426003525461
-0.23570000000000013,-0.5938958036833424
-0.23470000000000002,-0.5807389885945976
-0.23370000000000013,-0.5672992312458797
-0.23270000000000002,-0.5622062705663656
-0.23170000000000013,-0.55838655005673
-0.23070000000000002,-0.5446638504480392
-0.22970000000000013,-0.5296679106694698
-0.22870000000000001,-0.519623460440428
-0.22770000000000012,-0.505051934051818
-0.2267,-0.4886412829733836
-0.22570000000000012,-0.4832653800338965
-0.2247,-0.47124033398504367
-0.22370000000000012,-0.46091294149602896
-0.2227,-0.4552540962965688
-0.22170000000000012,-0.44535111719751347
-0.2207,-0.4307795908089037
-0.21970000000000012,-0.41691542007022636
-0.2187,-0.40687096984118454
-0.21770000000000012,-0.39725093300210224
-0.2167,-0.3913091455426691
-0.2157000000000001,-0.38140616644361386
-0.2147,-0.3792840994938163
-0.2137000000000001,-0.3637222751953009
-0.2127,-0.35608283417602976
-0.2117000000000001,-0.3453310282970554
-0.2107,-0.33698423162785174
-0.2097000000000001,-0.32425182992906637
-0.2087,-0.31350002405009214
-0.2077000000000001,-0.30727529433068596
-0.2067,-0.2976552574916037
-0.2057000000000001,-0.2894499319523865
-0.2047,-0.2805372507632368
-0.2037000000000001,-0.2724733963540061
-0.2027,-0.2639851285548159
-0.2017000000000001,-0.2564871586655311
-0.2007,-0.24884771764625993
-0.1997000000000001,-0.24134974775697526
-0.1987,-0.23286147995778506
-0.1977000000000001,-0.2270611636283384
-0.19669999999999999,-0.21687524226931013
-0.1957000000000001,-0.21121639706985
-0.19469999999999998,-0.21022609915994445
-0.1937000000000001,-0.20244518701068673
-0.19269999999999998,-0.19126896774175295
-0.1917000000000001,-0.18362952672248176
-0.1907000000000001,-0.17584861457322407
-0.1897000000000002,-0.16877505807389886
-0.1887000000000001,-0.16127708818461417
-0.1877000000000002,-0.1543450028152755
-0.1867000000000001,-0.1498179266557074
-0.1857000000000002,-0.1427443701563822
-0.1847000000000001,-0.13475125131214474
-0.1837000000000002,-0.1290924061126846
-0.18270000000000008,-0.12197640827436346
-0.1817000000000002,-0.11630341596190466
-0.18070000000000008,-0.11000795067750524
-0.1797000000000002,-0.10565063987392094
-0.17870000000000008,-0.09877514295657686
-0.1777000000000002,-0.09402171298903034
-0.17670000000000008,-0.08807992552959719
-0.1757000000000002,-0.08287378794609385
-0.17470000000000008,-0.07635196885371603
-0.1737000000000002,-0.07060824097626398
-0.17270000000000008,-0.0675524645685555
-0.17170000000000019,-0.07329619244600755
-0.17070000000000007,-0.058073898859459745
-0.16970000000000018,-0.0519057575920482
-0.16870000000000007,-0.04592152879361909
-0.16770000000000018,-0.04102662769608607
-0.16670000000000007,-0.03614587371155169
-0.16570000000000018,-0.039795828865203484
-0.16470000000000007,-0.026936103149430297
-0.16370000000000018,-0.021135786819983647
-0.16270000000000007,-0.01785365660429676
-0.16170000000000018,-0.01367601413579531
-0.16070000000000007,-0.008162884200221262
-0.15970000000000018,-0.004087100945310091
-0.15870000000000006,0.0006448254104784837
-0.15770000000000017,-0.00027629311686364164
-0.15670000000000006,0.007260298390907369
-0.15570000000000017,0.012340526668722714
-0.15470000000000006,0.015675001202504608
-0.15370000000000017,0.018787366062207687
-0.15270000000000006,0.021546053096944507
-0.15170000000000017,0.025931658126526123
-0.15070000000000006,0.029977732444140127
-0.14970000000000017,0.03480189797667991
-0.14870000000000005,0.03785767438438838
-0.14770000000000016,0.041366158408053674
-0.14670000000000005,0.0424696332219484
-0.14570000000000016,0.046996709381516524
-0.14470000000000005,0.05043445784018856
-0.14370000000000016,0.05380147073386734
-0.14270000000000005,0.05677236446358393
-0.14170000000000016,0.0601393773572627
-0.14070000000000005,0.06394495075389965
-0.13970000000000016,0.06656216665864997
-0.13870000000000005,0.0696603844053544
-0.13770000000000016,0.07254639545707908
-0.13670000000000004,0.07553143629979431
-0.13570000000000015,0.07639441019271198
-0.13470000000000004,0.08036974894533275
-0.13370000000000015,0.08290208217209115
-0.13270000000000004,0.08540612117285226
-0.13170000000000015,0.08816480820758908
-0.13070000000000004,0.09054152319136234
-0.12970000000000015,0.09284750261014235
-0.12870000000000004,0.09588913190485218
-0.12770000000000015,0.09769996236867944
-0.12670000000000003,0.10026058982143515
-0.12570000000000014,0.10292024706518142
-0.12470000000000003,0.10507060824097628
-0.12370000000000014,0.10723511652976979
-0.12270000000000003,0.10883374029861728
-0.12170000000000014,0.11075774766643375
-0.12070000000000003,0.11297884440722182
-0.11970000000000014,0.11422379035110306
-0.11870000000000003,0.11648732843088712
-0.11770000000000014,0.11907625010964012
-0.11670000000000003,0.12022216626253084
-0.11570000000000014,0.12306573597525952
-0.11470000000000002,0.12520195003805573
-0.11370000000000013,0.12764940058682225
-0.11270000000000002,0.12914899456467918
-0.11170000000000013,0.13138423841846594
-0.11070000000000024,0.13315262754329726
-0.10970000000000013,0.1347088099731488
-0.10870000000000024,0.13537372428408537
-0.10770000000000013,0.1369582009399342
-0.10670000000000024,0.13770799792886268
-0.10570000000000013,0.13913685634172637
-0.10470000000000024,0.1406930387715779
-0.10370000000000013,0.14161260111649018
-0.10270000000000024,0.14387613919627423
-0.10170000000000012,0.14458349484620675
-0.10070000000000023,0.14628114840604478
-0.09970000000000012,0.14741291744593682
-0.09870000000000023,0.14826174422585583
-0.09770000000000012,0.14911057100577488
-0.09670000000000023,0.15151558021554543
-0.09570000000000012,0.15222293586547794
-0.09470000000000023,0.15321323377538346
-0.09370000000000012,0.1540620605553025
-0.09270000000000023,0.155052358465208
-0.09170000000000011,0.15675001202504607
-0.09070000000000022,0.15802325219492458
-0.08970000000000011,0.1585891367148706
-0.08870000000000022,0.15986237688474914
-0.08770000000000011,0.16085267479465465
-0.08670000000000022,0.1622673860945197
-0.08570000000000011,0.1628332706144657
-0.08470000000000022,0.16396503965435774
-0.08370000000000011,0.1655212220842093
-0.08270000000000022,0.16495533756426325
-0.0817000000000001,0.1659456354741688
-0.08070000000000022,0.16835064468393937
-0.0797000000000001,0.17174595180361546
-0.07870000000000021,0.17245330745354798
-0.0777000000000001,0.1731606631034805
-0.07670000000000021,0.172736249713521
-0.0757000000000001,0.1737265476234265
-0.07470000000000021,0.17400948988339954
-0.0737000000000001,0.17471684553333205
-0.07270000000000021,0.17584861457322407
-0.0717000000000001,0.17570714344323757
-0.07070000000000021,0.1766974413531431
-0.0697000000000001,0.17754626813306212
-0.0687000000000002,0.17811215265300812
-0.0677000000000001,0.17910245056291366
-0.0667000000000002,0.17924392169290015
-0.06570000000000009,0.18009274847281917
-0.0647000000000002,0.1806586329927652
-0.06370000000000009,0.18164893090267073
-0.0627000000000002,0.18249775768258975
-0.06170000000000009,0.18391246898245475
-0.0607000000000002,0.1846198246323873
-0.059700000000000086,0.1854686514123063
-0.058700000000000196,0.1857515936722793
-0.057700000000000085,0.1858930648022658
-0.056700000000000195,0.193532505821537
-0.05570000000000008,0.18914690079195542
-0.05470000000000019,0.18928837192194192
-0.05370000000000008,0.18942984305192842
-0.05270000000000019,0.1899957275718744
-0.05170000000000008,0.1922592656516585
-0.05070000000000019,0.19254220791163149
-0.04970000000000008,0.1931080924315775
-0.04870000000000019,0.19452280373144254
-0.047700000000000076,0.19438133260145604
-0.046700000000000186,0.19494721712140206
-0.045700000000000074,0.19593751503130757
-0.044700000000000184,0.19678634181122662
-0.04370000000000007,0.1970692840711996
-0.04270000000000018,0.20032312006088918
-0.04170000000000007,0.19890840876102414
-0.04070000000000018,0.19961576441095666
-0.03970000000000007,0.20032312006088918
-0.03870000000000018,0.20202077362072723
-0.03770000000000007,0.20555755187038985
-0.03670000000000018,0.2088113878600794
-0.035700000000000065,0.2066893209102819
-0.034700000000000175,0.20612343639033584
-0.03370000000000006,0.2088113878600794
-0.03270000000000017,0.2086699167300929
-0.03170000000000006,0.2079625610801604
-0.03070000000000017,0.21008462802995795
-0.02970000000000006,0.21107492593986346
-0.02870000000000017,0.21149933932982298
-0.027700000000000058,0.21291405062968802
-0.026700000000000168,0.21277257949970152
-0.025700000000000056,0.21376287740960703
-0.024700000000000166,0.21305552175967452
-0.023700000000000054,0.21390434853959353
-0.022700000000000164,0.21503611757948557
-0.021700000000000053,0.21715818452928315
-0.020700000000000163,0.21828995356917516
-0.01970000000000005,0.21857289582914816
-0.01870000000000016,0.22253408746877026
-0.01770000000000005,0.22493909667854084
-0.01670000000000016,0.2229585008587298
-0.015700000000000047,0.2239487987686353
-0.014700000000000157,0.22522203893851384
-0.013700000000000045,0.22635380797840585
-0.012700000000000156,0.22720263475832486
-0.011700000000000044,0.2284758749282034
-0.010700000000000154,0.23003205735805496
-0.009700000000000042,0.231729710917893
-0.008700000000000152,0.23272000882779853
-0.00770000000000004,0.23385177786769054
-0.00670000000000015,0.2356909025575151
-0.005700000000000038,0.23625678707746112
-0.0047000000000001485,0.23781296950731265
-0.0037000000000000366,0.2396520941971372
-0.0027000000000001467,0.24035944984706975
-0.0017000000000000348,0.24120827662698877
-0.000700000000000145,0.24318887244679982
0.00029999999999996696,0.24403769922671883
0.0012999999999998568,0.2460182950465299
0.0022999999999999687,0.24700859295643537
0.0032999999999998586,0.24955507329619245
0.0042999999999999705,0.250828313466071
0.00529999999999986,0.251960082505963
0.006299999999999972,0.252808909285882
0.007299999999999862,0.25592127414558513
0.008299999999999974,0.2587506967453152
0.009299999999999864,0.2584677544853422
0.010299999999999976,0.2689366181043435
0.011299999999999866,0.269643973754276
0.012299999999999978,0.2689366181043435
