Potential V vs RHE, Current mA cm-2
0.013299999999999867,-0.22960764396809544
0.012299999999999978,-0.4377116761782423
0.011299999999999866,-0.4948660126927898
0.010299999999999976,-0.5211796428702795
0.009299999999999864,-0.5399953031584845
0.008299999999999974,-0.5500397533875263
0.007299999999999862,-0.5599427324865814
0.006299999999999972,-0.5715433651454748
0.00529999999999986,-0.577485152604908
0.0042999999999999705,-0.5832854689343547
0.0032999999999998586,-0.5924810923834773
0.0022999999999999687,-0.5971496396730319
0.0012999999999998568,-0.6053549652122492
0.00029999999999996696,-0.6057793786022087
-0.000700000000000145,-0.6094576279818578
-0.0017000000000000348,-0.6169555978711424
-0.0027000000000001467,-0.6185117803009941
-0.0037000000000000366,-0.6244535677604272
-0.0047000000000001485,-0.6282732882700627
-0.005700000000000038,-0.6286977016600223
-0.00670000000000015,-0.6335077200795635
-0.00770000000000004,-0.635912729289334
-0.008700000000000152,-0.638176267369118
-0.009700000000000042,-0.6436936414385916
-0.010700000000000154,-0.6466645351683082
-0.011700000000000044,-0.6472304196882542
-0.012700000000000156,-0.6500598422879843
-0.013700000000000045,-0.6524648514977549
-0.014700000000000157,-0.65670898539735
-0.015700000000000047,-0.657557812177269
-0.01670000000000016,-0.657840754437242
-0.01770000000000005,-0.6633581285067156
-0.01870000000000016,-0.6613775326869047
-0.01970000000000005,-0.6676022624063108
-0.020700000000000163,-0.6687340314462029
-0.021700000000000053,-0.6684510891862299
-0.022700000000000164,-0.672978165345798
-0.023700000000000054,-0.6748172900356225
-0.024700000000000166,-0.6772222992453931
-0.025700000000000056,-0.6786370105452582
-0.026700000000000168,-0.6786370105452582
-0.027700000000000058,-0.6828811444448531
-0.02870000000000017,-0.6857105670445833
-0.02970000000000006,-0.6876911628643944
-0.03070000000000017,-0.6913694122440435
-0.03170000000000006,-0.6905205854641244
-0.03270000000000017,-0.6941988348437735
-0.03370000000000006,-0.6978770842234225
-0.034700000000000175,-0.6973111997034765
-0.035700000000000065,-0.7008479779531391
-0.03670000000000018,-0.7011309202131122
-0.03770000000000007,-0.7028285737729503
-0.03870000000000018,-0.7055165252426938
-0.03970000000000007,-0.7082044767124374
-0.04070000000000018,-0.7080630055824508
-0.04170000000000007,-0.7135803796519244
-0.04270000000000018,-0.7145706775618301
-0.04370000000000007,-0.7169756867716006
-0.044700000000000184,-0.7205124650212632
-0.045700000000000074,-0.7186733403314387
-0.046700000000000186,-0.7227760031010473
-0.047700000000000076,-0.7230589453610202
-0.04870000000000019,-0.7263127813507099
-0.04970000000000008,-0.7298495596003725
-0.05070000000000019,-0.7308398575102779
-0.05170000000000008,-0.73197162655017
-0.05270000000000019,-0.7384792985295492
-0.05370000000000008,-0.7367816449697111
-0.05470000000000019,-0.7408843077393197
-0.05570000000000008,-0.7414501922592658
-0.056700000000000195,-0.7435722592090632
-0.057700000000000085,-0.7483822776286043
-0.058700000000000196,-0.7469675663287394
-0.059700000000000086,-0.7520605270082534
-0.0607000000000002,-0.7571534876877677
-0.06170000000000009,-0.7613976215873628
-0.0627000000000002,-0.7616805638473357
-0.06370000000000009,-0.7601243814174842
-0.0647000000000002,-0.7629538040172142
-0.06570000000000009,-0.7670564667868228
-0.0667000000000002,-0.7639441019271197
-0.0677000000000001,-0.7701688316465259
-0.0687000000000002,-0.772998254246256
-0.0697000000000001,-0.7717250140763775
-0.07070000000000021,-0.7773838592758376
-0.0717000000000001,-0.7776668015358106
-0.07270000000000021,-0.7790815128356756
-0.0737000000000001,-0.7854477136850683
-0.07470000000000021,-0.7845988869051493
-0.0757000000000001,-0.7871453672449065
-0.07670000000000021,-0.7881356651548119
-0.0777000000000001,-0.791248030014515
-0.07870000000000021,-0.7953506927841236
-0.0797000000000001,-0.7947848082641775
-0.08070000000000022,-0.7973312886039347
-0.0817000000000001,-0.8021413070234757
-0.08270000000000022,-0.8029901338033948
-0.08370000000000011,-0.806385440923071
-0.08470000000000022,-0.808931921262828
-0.08570000000000011,-0.8097807480427469
-0.08670000000000022,-0.8144492953323017
-0.08770000000000011,-0.8154395932422072
-0.08870000000000022,-0.8161469488921397
-0.08970000000000011,-0.8199666694017753
-0.09070000000000022,-0.8185519581019103
-0.09170000000000011,-0.8246352166913299
-0.09270000000000023,-0.826332870251168
-0.09370000000000012,-0.8290208217209115
-0.09470000000000023,-0.8329820133605336
-0.09570000000000012,-0.8334064267504931
-0.09670000000000023,-0.8351040803103312
-0.09770000000000012,-0.8390652719499533
-0.09870000000000023,-0.8397726275998858
-0.09970000000000012,-0.8440167614994809
-0.10070000000000023,-0.84769501087913
-0.10170000000000012,-0.847129126359184
-0.10270000000000024,-0.8499585489589141
-0.10370000000000013,-0.8519391447787251
-0.10470000000000024,-0.8570321054582393
-0.10570000000000013,-0.8600029991879558
-0.10670000000000024,-0.8585882878880908
-0.10770000000000013,-0.8609932970978613
-0.10870000000000024,-0.8669350845572944
-0.10970000000000013,-0.865661844387416
-0.11070000000000024,-0.8718865741068222
-0.11170000000000013,-0.8721695163667951
-0.11270000000000002,-0.8744330544465793
-0.11370000000000013,-0.8799504285160528
-0.11470000000000002,-0.8805163130359989
-0.11570000000000014,-0.8826383799857964
-0.11670000000000003,-0.8864581004954319
-0.11770000000000014,-0.8885801674452296
-0.11870000000000003,-0.8926828302148382
-0.11970000000000014,-0.8950878394246087
-0.12070000000000003,-0.8963610795944873
-0.12170000000000014,-0.9011710980140284
-0.12270000000000003,-0.9001808001041228
-0.12370000000000014,-0.9061225875635559
-0.12470000000000003,-0.9093764235532455
-0.12570000000000014,-0.9093764235532455
-0.12670000000000003,-0.9147523264927326
-0.12770000000000015,-0.9175817490924627
-0.12870000000000004,-0.9197038160422604
-0.12970000000000015,-0.924089421071842
-0.13070000000000004,-0.926070016891653
-0.13170000000000015,-0.9264944302816125
-0.13270000000000004,-0.9344168135608568
-0.13370000000000015,-0.9330021022609917
-0.13470000000000004,-0.9385194763304654
-0.13570000000000015,-0.9416318411901684
-0.13670000000000004,-0.9450271483098445
-0.13770000000000016,-0.949129811079453
-0.13870000000000005,-0.9501201089893586
-0.13970000000000016,-0.9560618964487917
-0.14070000000000005,-0.9586083767885488
-0.14170000000000016,-0.9618622127782385
-0.14270000000000005,-0.9669551734577525
-0.14370000000000016,-0.9656819332878741
-0.14470000000000005,-0.9744531433470374
-0.14570000000000016,-0.9775655082067403
-0.14670000000000005,-0.9795461040265513
-0.14770000000000016,-0.98364876679616
-0.14870000000000005,-0.9886002563456876
-0.14970000000000017,-0.9887417274756741
-0.15070000000000006,-0.9936932170252017
-0.15170000000000017,-0.9968055818849048
-0.15270000000000006,-1.0040206095142166
-0.15370000000000017,-1.008972099063744
-0.15470000000000006,-1.0119429927934607
-0.15570000000000017,-1.0130747618333529
-0.15670000000000006,-1.0208556739826105
-0.15770000000000017,-1.0217045007625294
-0.15870000000000006,-1.0277877593519493
-0.15970000000000018,-1.0333051334214227
-0.16070000000000007,-1.0341539602013416
-0.16170000000000018,-1.0413689878306533
-0.16270000000000007,-1.0430666413904914
-0.16370000000000018,-1.0549502163093578
-0.16470000000000007,-1.0618823016786967
-0.16570000000000018,-1.0613164171587506
-0.16670000000000007,-1.064287310888467
-0.16770000000000018,-1.0713608673877921
-0.16870000000000007,-1.0741902899875224
-0.16970000000000018,-1.0812638464868474
-0.17070000000000007,-1.0842347402165642
-0.17170000000000019,-1.0893277008960784
-0.17270000000000008,-1.099089208865147
-0.1737000000000002,-1.102767458244796
-0.17470000000000008,-1.1105483703940537
-0.1757000000000002,-1.1135192641237703
-0.17670000000000008,-1.1188951670632574
-0.1777000000000002,-1.123563714352812
-0.17870000000000008,-1.1316275687620427
-0.1797000000000002,-1.138135240741422
-0.18070000000000008,-1.1473308641905449
-0.1817000000000002,-1.1517164692201263
-0.18270000000000008,-1.160629150409276
-0.1837000000000002,-1.164590342048898
-0.1847000000000001,-1.1712394851582637
-0.1857000000000002,-1.1798692240874404
-0.1867000000000001,-1.1817083487772653
-0.1877000000000002,-1.1893477897965363
-0.1887000000000001,-1.1996751822855511
-0.1897000000000002,-1.208587863474701
-0.1907000000000001,-1.2223105630833917
-0.1917000000000001,-1.2274035237629057
-0.19269999999999998,-1.2317891287924876
-0.1937000000000001,-1.2422579924114887
-0.19469999999999998,-1.248199779870922
-0.1957000000000001,-1.257536874450031
-0.19669999999999999,-1.2680057380690324
-0.1977000000000001,-1.271825458578668
-0.1987,-1.2835675623675478
-0.1997000000000001,-1.2953096661564274
-0.2007,-1.3057785297754287
-0.2017000000000001,-1.3165303356544031
-0.2027,-1.3240283055436879
-0.2037000000000001,-1.3343556980327025
-0.2047,-1.347371041991461
-0.2057000000000001,-1.3538787139708401
-0.2067,-1.3674599424495446
-0.2077000000000001,-1.3790605751084377
-0.2087,-1.3923588613271691
-0.2097000000000001,-1.404949791895968
-0.2107,-1.4137210019551312
-0.2117000000000001,-1.426028990263957
-0.2127,-1.4415908145624723
-0.2137000000000001,-1.4514937936615278
-0.2147,-1.4698850405597732
-0.2157000000000001,-1.4882762874580184
-0.2167,-1.4967645552572086
-0.21770000000000012,-1.5094969569559942
-0.2187,-1.5222293586547795
-0.21970000000000012,-1.540620605553025
-0.2207,-1.5561824298515403
-0.22170000000000012,-1.5675001202504606
-0.2227,-1.585891367148706
-0.22370000000000012,-1.6000384801473564
-0.2247,-1.6198444383454669
-0.22570000000000012,-1.6368209739438475
-0.2267,-1.655212220842093
-0.22770000000000012,-1.6736034677403384
-0.22870000000000001,-1.6919947146385839
-0.22970000000000013,-1.7089712502369643
-0.23070000000000002,-1.7316066310348048
-0.23170000000000013,-1.7485831666331852
-0.23270000000000002,-1.772633258730891
-0.23370000000000013,-1.7924392169290013
-0.23470000000000002,-1.813659886426977
-0.23570000000000013,-1.8362952672248178
-0.23670000000000002,-1.8603453593225232
-0.2376999999999999,-1.8815660288204987
-0.23870000000000002,-1.9098602548177994
-0.2396999999999999,-1.9296662130159101
-0.24070000000000003,-1.9565457277133458
-0.24169999999999991,-1.9862546650105113
-0.24270000000000003,-2.0103047571082175
-0.24369999999999992,-2.040013694405383
-0.24470000000000003,-2.0697226317025486
-0.24569999999999992,-2.0937727238002544
-0.24670000000000003,-2.127725794997015
-0.24769999999999992,-2.1574347322941807
-0.24870000000000003,-2.1871436695913467
-0.24969999999999992,-2.2210967407881075
-0.25070000000000003,-2.2522203893851382
-0.2516999999999999,-2.2875881718817643
-0.25270000000000004,-2.3243706656782552
-0.2536999999999999,-2.358323736875016
-0.25470000000000004,-2.3979356532712375
-0.2556999999999999,-2.430474013168133
-0.25670000000000004,-2.4715006408642193
-0.25769999999999993,-2.5111125572604402
-0.25870000000000004,-2.549309762356796
-0.25969999999999993,-2.5931658126526123
-0.26070000000000004,-2.6356071516485633
-0.26169999999999993,-2.6766337793446495
-0.26270000000000004,-2.7275633861397908
-0.26369999999999993,-2.770004725135742
-0.26470000000000005,-2.8166901980312877
-0.26569999999999994,-2.866205093526564
-0.26670000000000005,-2.9185494116215707
-0.26769999999999994,-2.9694790184167124
-0.26870000000000005,-3.021823336511718
-0.26969999999999994,-3.0755823659065897
-0.27070000000000005,-3.1335855292010564
-0.27169999999999994,-3.1901739811956578
-0.27270000000000005,-3.2453477218903943
-0.27369999999999994,-3.307595019084456
-0.27470000000000006,-3.3641834710790572
-0.27569999999999995,-3.427845479572984
-0.27670000000000006,-3.4957516219665052
-0.27769999999999995,-3.555169496560837
-0.27870000000000006,-3.627319772853954
-0.27969999999999995,-3.690981781347881
-0.28070000000000006,-3.7631320576409975
-0.28169999999999995,-3.838111756533844
-0.28270000000000006,-3.9074326102272314
-0.28369999999999995,-3.9852417317198086
-0.28470000000000006,-4.0644655645122505
-0.28569999999999995,-4.140859974704963
-0.28670000000000007,-4.224327941396999
-0.28769999999999996,-4.304966485489307
-0.28870000000000007,-4.389849163481209
-0.28969999999999996,-4.480390686672571
-0.29070000000000007,-4.565273364664473
-0.29169999999999996,-4.66005902175543
-0.29270000000000007,-4.753429967546523
-0.29369999999999996,-4.846800913337615
-0.2947000000000001,-4.947245415628033
-0.29569999999999996,-5.043445784018855
-0.2967000000000001,-5.1467197089090035
-0.29769999999999996,-5.249993633799152
-0.2987000000000001,-5.356096981289029
-0.29969999999999997,-5.463615040078771
-0.3007000000000001,-5.57537723276811
-0.30169999999999997,-5.687139425457448
-0.3027000000000001,-5.801731040746516
-0.30369999999999997,-5.919152078635313
-0.3047000000000001,-6.040817250423707
-0.30569999999999997,-6.161067710912235
-0.3067000000000001,-6.281318171400763
-0.3077,-6.408642188388616
-0.3087000000000001,-6.543039761875795
-0.3097,-6.670363778863648
-0.3107000000000001,-6.806176063650692
-0.3117,-6.940573637137869
-0.3127000000000001,-7.083459478424238
-0.3137,-7.226345319710607
-0.3147000000000001,-7.372060583596706
-0.3157,-7.520605270082535
-0.3167000000000001,-7.669149956568364
-0.3177,-7.821938776953789
-0.3187000000000001,-7.981801153838537
-0.3197,-8.138834108123556
-0.3207000000000001,-8.301525907608035
-0.3217,-8.46846184099211
-0.3227000000000001,-8.631153640476589
-0.3237,-8.802333707760258
-0.3247000000000001,-8.972099063744063
-0.3257,-9.150352687527057
-0.3267000000000001,-9.32577688871032
-0.3277,-9.501201089893586
-0.3287000000000001,-9.692187115375367
-0.3297,-9.886002563456877
-0.3307000000000001,-10.071329743739195
-0.3317,-10.260901057921112
-0.3327000000000001,-10.458960639902216
-0.3337,-10.659849644483053
-0.3347000000000001,-10.863568071663616
-0.3357,-11.063042364944588
-0.3367000000000001,-11.276663771224207
-0.3377,-11.490285177503829
-0.3387000000000001,-11.696833027284123
-0.3397,-11.916113278763204
-0.3407000000000001,-12.13680824154215
-0.3417,-12.35891791562096
-0.3427000000000001,-12.598004125298152
-0.3437,-12.827187355876287
-0.3447000000000001,-13.054955875154558
-0.3457,-13.289797950932153
-0.3467000000000001,-13.521810604110021
-0.3477,-13.775043926785862
-0.3487000000000001,-14.02403311556211
-0.3497,-14.274437015638219
-0.3507000000000001,-14.529085049613924
-0.3517,-14.783733083589633
-0.3527000000000001,-15.05252823056399
-0.3537,-15.307176264539699
-0.3547000000000001,-15.575971411514052
-0.3557,-15.858913671487063
-0.35670000000000013,-16.141855931460068
-0.3577,-16.396503965435777
-0.35870000000000013,-16.693593338407435
-0.3597,-16.97653559838044
-0.36070000000000013,-17.2736249713521
-0.3617,-17.556567231325104
-0.3626999999999999,-17.853656604296763
-0.3637,-18.15074597726842
-0.3646999999999999,-18.461982463238726
-0.3657,-18.77321894920904
-0.3666999999999999,-19.084455435179343
-0.3677,-19.395691921149652
-0.3686999999999999,-19.721075520118614
-0.36970000000000003,-20.046459119087572
-0.3706999999999999,-20.371842718056527
-0.37170000000000003,-20.69722631702549
-0.3726999999999999,-21.036757028993097
-0.37370000000000003,-21.376287740960702
-0.3746999999999999,-21.71581845292831
-0.37570000000000003,-22.055349164895922
-0.3766999999999999,-22.40902698986218
-0.37770000000000004,-22.76270481482844
-0.3786999999999999,-23.1163826397947
-0.37970000000000004,-23.48420757775961
-0.3806999999999999,-23.852032515724517
-0.38170000000000004,-24.21985745368943
-0.38269999999999993,-24.601829504652986
-0.38370000000000004,-24.969654442617898
-0.38469999999999993,-25.351626493581456
-0.38570000000000004,-25.73359854454502
-0.38669999999999993,-26.11557059550858
-0.38770000000000004,-26.511689759470787
-0.38869999999999993,-26.907808923433
-0.38970000000000005,-27.31807520039386
-0.39069999999999994,-27.728341477354718
-0.39170000000000005,-28.13860775431558
-0.39269999999999994,-28.548874031276437
-0.39370000000000005,-28.97328742123595
-0.39469999999999994,-29.39770081119546
-0.39570000000000005,-29.822114201154974
-0.39669999999999994,-30.260674704113132
-0.39770000000000005,-30.699235207071297
-0.39869999999999994,-31.137795710029454
-0.39970000000000006,-31.590503325986273
-0.40069999999999995,-32.02906382894443
-0.40170000000000006,-32.48177144490124
-0.40269999999999995,-32.93447906085806
-0.40370000000000006,-33.40133378981351
-0.40469999999999995,-33.88233563176763
-0.40570000000000006,-34.36333747372174
-0.40669999999999995,-34.84433931567585
-0.40770000000000006,-35.32534115762997
-0.40869999999999995,-35.82049011258273
-0.40970000000000006,-36.315639067535486
-0.41069999999999995,-36.78249379649095
-0.41170000000000007,-37.291789864442364
-0.41269999999999996,-37.801085932393775
-0.41370000000000007,-38.28208777434789
-0.41469999999999996,-38.81967806829661
-0.41570000000000007,-39.34312124924667
-0.41669999999999996,-39.86656443019674
-0.41770000000000007,-40.40415472414545
-0.41869999999999996,-40.92759790509552
-0.4197000000000001,-41.42274686004827
-0.42069999999999996,-41.94619004099834
-0.4217000000000001,-42.483780334947056
-0.42269999999999996,-43.02137062889577
-0.4237000000000001,-43.58725514884178
-0.42469999999999997,-44.153139668787794
-0.4257000000000001,-44.704877075735155
-0.42669999999999997,-45.27076159568118
-0.4277000000000001,-45.89323456762179
-0.42869999999999997,-46.558148878558356
-0.4297000000000001,-47.10988628550572
-0.43069999999999997,-47.605035240458484
-0.4317000000000001,-48.100184195411245
-0.4327,-48.70851005435321
-0.4337000000000001,-49.43001281728438
-0.4347,-50.024191563227696
-0.4357000000000001,-50.50519340518181
-0.4367,-51.05693081212917
-0.4377000000000001,-51.509638428085985
-0.4387,-52.16040562602391
-0.4397000000000001,-52.76873148496586
-0.4407,-53.16485064892808
-0.4417000000000001,-53.447792908901086
-0.4427,-53.999530315848446
-0.4437000000000001,-54.70688596578097
-0.4447,-55.24447625972968
-0.4457000000000001,-55.7254781016838
-0.4467,-56.03671458765411
-0.4477000000000001,-56.43283375161632
-0.4487,-56.89968848057178
-0.4497000000000001,-57.19677785354343
-0.4507,-57.50801433951374
-0.4517000000000001,-57.73436814749215
-0.4527,-57.84754505148135
-0.4537000000000001,-58.00316329446651
-0.4547,-58.583194927411164
-0.4557000000000001,-59.13493233435853
-0.4567,-59.10663810836124
-0.4577000000000001,-58.583194927411164
-0.4587,-58.66807760540307
-0.4597000000000001,-58.92272563937878
-0.4607,-59.27640346434504
-0.4617000000000001,-59.67252262830725
-0.4627,-59.9696120012789
-0.4637000000000001,-60.35158405224246
-0.4647,-60.49305518222897
-0.4657000000000001,-60.63452631221547
-0.4667,-60.86088012019388
-0.4677000000000001,-60.832585894196576
-0.4687,-61.25699928415608
-0.4697000000000001,-61.794589578104805
-0.4707,-61.97850204708726
-0.4717000000000001,-61.794589578104805
-0.4727,-61.95020782108996
-0.4737000000000001,-62.34632698505217
-0.4747,-62.855623053003576
-0.4757000000000001,-63.26588932996445
-0.4767,-63.16685953897389
-0.4777000000000001,-64.0722747708875
-0.4787,-64.28448146586726
-0.4797000000000001,-64.29862857886593
-0.4807,-64.9352486638052
-0.48170000000000013,-65.45869184475525
-0.4827,-65.5860158617431
-0.48370000000000013,-65.7557812177269
-0.4847,-65.8972523477134
-0.48570000000000013,-66.30751862467427
-0.4867,-66.32166573767293
-0.48570000000000013,-65.54357452274715
-0.4847,-64.83621887281464
-0.48370000000000013,-62.92635861799682
-0.4827,-62.14826740307106
-0.48170000000000013,-61.6531184481183
-0.4807,-60.56379074722222
-0.4797000000000001,-59.983759114277554
-0.4787,-59.53105149832074
-0.4777000000000001,-59.050049656366625
-0.4767,-57.819250825484055
-0.4757000000000001,-57.05530672355693
-0.4747,-56.57430488160282
-0.4737000000000001,-56.333803960625765
-0.4727,-55.612301197694585
-0.4717000000000001,-54.72103307877962
-0.4707,-54.2117370108282
-0.4697000000000001,-53.518528473894335
-0.4687,-52.72629014596991
-0.4677000000000001,-52.132111400026595
-0.4667,-51.36816729809948
-0.4657000000000001,-51.028636586131874
-0.4647,-50.2788395972034
-0.4637000000000001,-49.925161772237146
-0.4627,-48.991452314326224
-0.4617000000000001,-48.79339273234511
-0.4607,-48.36897934238561
-0.4597000000000001,-47.902124613430146
-0.4587,-46.72791423454216
-0.4577000000000001,-46.3176479575813
-0.4567,-45.51126251665823
-0.4557000000000001,-45.242467369683865
-0.4547,-44.74731841473111
-0.4537000000000001,-44.2946107987743
-0.4527,-43.544813809845834
-0.4517000000000001,-42.93648795090387
-0.4507,-42.540368786941656
-0.4497000000000001,-41.81886602401048
-0.4487,-41.30956995605907
-0.4477000000000001,-40.91345079209687
-0.4467,-40.68709698411846
-0.4457000000000001,-40.05047689917919
-0.4447,-39.640210622218326
-0.4437000000000001,-39.272385684253415
-0.4427,-38.607471373316855
-0.4417000000000001,-37.87182149738703
-0.4407,-37.48984944642347
-0.4397000000000001,-37.41911388143023
-0.4387,-36.99470049147071
-0.4377000000000001,-36.54199287551389
-0.4367,-36.13172659855304
-0.4357000000000001,-35.806342999584075
-0.4347,-35.32534115762997
-0.4337000000000001,-35.07069312365426
-0.4327,-35.12728157564886
-0.4317000000000001,-33.95307119676088
-0.43069999999999997,-33.45792224180811
-0.4297000000000001,-33.00521462585131
-0.42869999999999997,-32.65153680088505
-0.4277000000000001,-32.32615320191609
-0.42669999999999997,-31.972475376949827
-0.4257000000000001,-31.46317930899841
-0.42469999999999997,-31.19438416202406
-0.4237000000000001,-31.010471693041605
-0.42269999999999996,-30.642646755076694
-0.4217000000000001,-30.402145834099635
-0.42069999999999996,-30.13335068712528
-0.4197000000000001,-29.708937297165768
-0.41869999999999996,-29.242082568210304
-0.41770000000000007,-28.9025518562427
-0.41669999999999996,-28.56302114427509
-0.41570000000000007,-28.22349043230748
-0.41469999999999996,-27.954695285333123
-0.41370000000000007,-27.530281895373616
-0.41269999999999996,-27.233192522401957
-0.41170000000000007,-26.921956036431645
-0.41069999999999995,-26.511689759470787
-0.40970000000000006,-26.11557059550858
-0.40869999999999995,-25.81848122253692
-0.40770000000000006,-25.549686075562565
-0.40669999999999995,-25.295038041586857
-0.40570000000000006,-24.983801555616548
-0.40469999999999995,-24.57353527865569
-0.40370000000000006,-24.34718147067728
-0.40269999999999995,-24.106680549700226
-0.40170000000000006,-23.61153159474746
-0.40069999999999995,-23.300295108777156
-0.39970000000000006,-23.017352848804148
-0.39869999999999994,-22.748557701829792
-0.39770000000000005,-22.479762554855434
-0.39669999999999994,-22.39487987686353
-0.39570000000000005,-22.083643390893226
-0.39469999999999994,-21.786554017921564
-0.39370000000000005,-21.51775887094721
-0.39269999999999994,-21.19237527197825
-0.39170000000000005,-20.89528589900659
-0.39069999999999994,-20.85284456001064
-0.38970000000000005,-20.21622447507137
-0.38869999999999993,-19.947429328097016
-0.38770000000000004,-19.65033995512536
-0.38669999999999993,-19.452280373144255
-0.38570000000000004,-19.3249563561564
-0.38469999999999993,-19.084455435179343
-0.38370000000000004,-18.80151317520634
-0.38269999999999993,-18.57515936722793
-0.38170000000000004,-18.433688237241427
-0.3806999999999999,-18.249775768258974
-0.37970000000000004,-18.009274847281915
-0.3786999999999999,-17.76877392630486
-0.37770000000000004,-17.599008570321057
-0.3766999999999999,-17.386801875341302
-0.37570000000000003,-17.174595180361546
-0.3746999999999999,-16.97653559838044
-0.37370000000000003,-16.679446225408782
-0.3726999999999999,-16.410651078434423
-0.37170000000000003,-16.24088572245062
-0.3706999999999999,-16.02867902747086
-0.36970000000000003,-15.87306078448571
-0.3686999999999999,-15.660854089505953
-0.3677,-15.406206055530248
-0.3666999999999999,-15.06667534356264
-0.3657,-14.896909987578834
-0.3646999999999999,-14.61396772760583
-0.3637,-14.472496597619326
-0.3626999999999999,-14.373466806628771
-0.3617,-14.24614278964092
-0.36070000000000013,-14.015544847762918
-0.3597,-13.831632378780464
-0.35870000000000013,-13.591131457803407
-0.3577,-13.442586771317579
-0.35670000000000013,-13.254430168435528
-0.3557,-13.090323657651185
-0.3547000000000001,-12.930461280766435
-0.3537,-12.763525347382362
-0.3527000000000001,-12.56405105410139
-0.3517,-12.329208978323795
-0.3507000000000001,-12.163687756239584
-0.3497,-12.013728358453893
-0.3487000000000001,-11.842548291170223
-0.3477,-11.679856491685744
-0.3467000000000001,-11.494529311403422
-0.3457,-11.351643470117054
-0.3447000000000001,-11.177633980233654
-0.3437,-11.013527469449311
-0.3427000000000001,-10.849420958664966
-0.3417,-10.64004368628494
-0.3407000000000001,-10.495743133698706
-0.3397,-10.347198447212879
-0.3387000000000001,-10.195824338127318
-0.3377,-10.122259350534337
-0.3367000000000001,-9.883173140857146
-0.3357,-9.733213743071452
-0.3347000000000001,-9.600230880884139
-0.3337,-9.424806679700875
-0.3327000000000001,-9.27767670451491
-0.3317,-9.12913201802908
-0.3307000000000001,-9.028687515738664
-0.3297,-8.926828302148381
-0.3287000000000001,-8.863166293654455
-0.3277,-8.578809322381582
-0.3267000000000001,-8.421776368096562
-0.3257,-8.28596408330952
-0.3247000000000001,-8.165713622820993
-0.3237,-8.028486626734082
-0.3227000000000001,-7.90682145494569
-0.3217,-7.768179747558916
-0.3207000000000001,-7.6592469774693095
-0.3197,-7.53333767178132
-0.3187000000000001,-7.404598943493602
-0.3177,-7.277274926505749
-0.3167000000000001,-7.274445503906019
-0.3157,-7.024041603829907
-0.3147000000000001,-6.8853998964431335
-0.3137,-6.756661168155415
-0.3127000000000001,-6.660460799764593
-0.3117,-6.54162505057593
-0.3107000000000001,-6.4397658369856465
-0.3097,-6.312441819997794
-0.3087000000000001,-6.213412029007241
-0.3077,-6.15682357701264
-0.3067000000000001,-5.941787459433154
-0.30569999999999997,-5.82578113284422
-0.3047000000000001,-5.705530672355693
-0.30369999999999997,-5.602256747465545
-0.3027000000000001,-5.496153399975667
-0.30169999999999997,-5.40136774288471
-0.3007000000000001,-5.306582085793753
-0.29969999999999997,-5.22735825300131
-0.2987000000000001,-5.114181349012108
-0.29769999999999996,-5.012322135421825
-0.2967000000000001,-4.910462921831542
-0.29569999999999996,-4.810018419541125
-0.2947000000000001,-4.7208916076496275
-0.29369999999999996,-4.630350084458265
-0.29270000000000007,-4.545467406466363
-0.29169999999999996,-4.457755305874731
-0.29070000000000007,-4.355896092284448
-0.28969999999999996,-4.24979274479457
-0.28870000000000007,-4.164910066802668
-0.28769999999999996,-4.082856811410497
-0.28670000000000007,-3.995144710818863
-0.28569999999999995,-3.9258238571254775
-0.28470000000000006,-3.838111756533844
-0.28369999999999995,-3.7532290785419424
-0.28270000000000006,-3.67966409094896
-0.28169999999999995,-3.606099103355979
-0.28070000000000006,-3.5183870027643462
-0.27969999999999995,-3.4434073038714996
-0.27870000000000006,-3.3641834710790572
-0.27769999999999995,-3.2892037721862106
-0.27670000000000006,-3.214224073293363
-0.27569999999999995,-3.1392443744005165
-0.27470000000000006,-3.0642646755076695
-0.27369999999999994,-2.9836261314153627
-0.27270000000000005,-2.91289056642211
-0.27169999999999994,-2.844984424028589
-0.27070000000000005,-2.7742488590353367
-0.26969999999999994,-2.7176604070407357
-0.26870000000000005,-2.655413109846674
-0.26769999999999994,-2.5804334109538267
-0.26670000000000005,-2.50828313466071
-0.26569999999999994,-2.4432064148669186
-0.26470000000000005,-2.3781296950731265
-0.26369999999999993,-2.3201265317786604
-0.26270000000000004,-2.260708657184329
-0.26169999999999993,-2.197046648690402
-0.26070000000000004,-2.1390434853959355
-0.25969999999999993,-2.083869744701199
-0.25870000000000004,-2.0272812927065975
-0.25769999999999993,-2.0272812927065975
-0.25670000000000004,-1.9381544808151003
-0.2556999999999999,-1.8759071836210386
-0.25470000000000004,-1.823562865526032
-0.2536999999999999,-1.772633258730891
-0.25270000000000004,-1.7188742293360195
-0.2516999999999999,-1.6665299112410132
-0.25070000000000003,-1.6184297270456018
-0.24969999999999992,-1.5759883880496508
-0.24870000000000003,-1.510911668255859
-0.24769999999999992,-1.462811484060448
-0.24670000000000003,-1.4189554337646317
-0.24569999999999992,-1.3743920278188833
-0.24470000000000003,-1.332516573342878
-0.24369999999999992,-1.284416389147467
-0.24270000000000003,-1.2465021263110838
-0.24169999999999991,-1.209153747994647
-0.24070000000000003,-1.1729371387181018
-0.2396999999999999,-1.1374278850914896
-0.23870000000000002,-1.102767458244796
-0.2376999999999999,-1.0519793225796414
-0.23670000000000002,-1.0024644270843648
-0.23570000000000013,-0.965398991027901
-0.23470000000000002,-0.9284750261014234
-0.23370000000000013,-0.894380483774676
-0.23270000000000002,-0.8584468167581043
-0.23170000000000013,-0.8261913991211816
-0.23070000000000002,-0.791813914534461
-0.22970000000000013,-0.7587096701176191
-0.22870000000000001,-0.7253224834408043
-0.22770000000000012,-0.690944998854084
-0.2267,-0.659255465737107
-0.22570000000000012,-0.6265756347102247
-0.2247,-0.595169043853221
-0.22370000000000012,-0.5670162889859067
-0.2227,-0.537590293948714
-0.22170000000000012,-0.5073154721316021
-0.2207,-0.480577428564153
-0.21970000000000012,-0.4527076159568117
-0.2187,-0.42950635063902515
-0.21770000000000012,-0.40361713385149495
-0.2167,-0.37433260994428874
-0.2157000000000001,-0.34787750863681255
-0.2147,-0.3221297629792688
-0.2137000000000001,-0.2960990750617522
-0.2127,-0.27601017460366867
-0.2117000000000001,-0.24983801555616547
-0.2107,-0.2250805678085273
-0.2097000000000001,-0.20315254266061927
-0.2087,-0.18122451751271118
-0.2077000000000001,-0.15929649236480314
-0.2067,-0.1365337875499747
-0.2057000000000001,-0.11245540122627176
-0.2047,-0.09400756587603168
-0.2037000000000001,-0.0736498702709738
-0.2027,-0.05486250420876612
-0.2017000000000001,-0.034193572117737936
-0.2007,-0.014981792665570736
-0.1997000000000001,0.0026412659968480237
-0.1987,0.02122066949797555
-0.1977000000000001,0.040347566272150845
-0.19669999999999999,0.05613574437864466
-0.1957000000000001,0.06477963042082002
-0.19469999999999998,0.09038590494837719
-0.1937000000000001,0.10753220590274143
-0.19269999999999998,0.1245936241791138
-0.1917000000000001,0.13865585449977225
-0.1907000000000001,0.15448647394526202
-0.1897000000000002,0.17202889406358848
-0.1887000000000001,0.18631747819222533
-0.1877000000000002,0.2008890045808352
-0.1867000000000001,0.21333846401964754
-0.1857000000000002,0.2273441058883114
-0.1847000000000001,0.2392276808071777
-0.1837000000000002,0.25295038041586854
-0.18270000000000008,0.2661071955046134
-0.1817000000000002,0.2805372507632368
-0.18070000000000008,0.29128905664221105
-0.1797000000000002,0.30543616964086145
-0.17870000000000008,0.3178856290796737
-0.1777000000000002,0.32849596382866153
-0.17670000000000008,0.34363337473721745
-0.1757000000000002,0.35212164253640765
-0.17470000000000008,0.3640052174552739
-0.1737000000000002,0.3754643789841807
-0.17270000000000008,0.38480147356329
-0.17170000000000019,0.39668504848215624
-0.17070000000000007,0.4051733162813465
-0.16970000000000018,0.41422746860048276
-0.16870000000000007,0.42837458159913316
-0.16770000000000018,0.4334675422786472
-0.16670000000000007,0.44520964606752705
-0.16570000000000018,0.45511262516658224
-0.16470000000000007,0.4655814887855836
-0.16370000000000018,0.4720891607649627
-0.16270000000000007,0.4804359574341665
-0.16170000000000018,0.4875095139334916
-0.16070000000000007,0.49769543529251986
-0.15970000000000018,0.503637222751953
-0.15870000000000006,0.5165110955807248
-0.15770000000000017,0.5255652478998613
-0.15670000000000006,0.5315070353592943
-0.15570000000000017,0.539853832028498
-0.15470000000000006,0.5418344278483092
-0.15370000000000017,0.5493323977375938
-0.15270000000000006,0.5590939057066625
-0.15170000000000017,0.5657430488160282
-0.15070000000000006,0.5732410187053129
-0.14970000000000017,0.5808804597245841
-0.14870000000000005,0.5879540162239093
-0.14770000000000016,0.5946031593332749
-0.14670000000000005,0.599696120012789
-0.14570000000000016,0.6052134940822627
-0.14470000000000005,0.6132773484914934
-0.14370000000000016,0.6189361936909535
-0.14270000000000005,0.6241706255004541
-0.14170000000000016,0.6315271242597523
-0.14070000000000005,0.6366200849392665
-0.13970000000000016,0.6449668816084703
-0.13870000000000005,0.6448254104784837
-0.13770000000000016,0.6494939577680383
-0.13670000000000004,0.7074971210625048
-0.13570000000000015,0.6700072716160814
-0.13470000000000004,0.6636410707666887
-0.13370000000000015,0.674958761165609
-0.13270000000000004,0.6820323176649342
-0.13170000000000015,0.6889644030342729
-0.13070000000000004,0.6874082206044214
-0.12970000000000015,0.69151088337403
-0.12870000000000004,0.6991503243933012
-0.12770000000000015,0.7083459478424239
-0.12670000000000003,0.7089118323623699
-0.12570000000000014,0.7154195043417491
-0.12470000000000003,0.7188148114614252
-0.12370000000000014,0.7230589453610202
-0.12270000000000003,0.7414501922592658
-0.12170000000000014,0.7250395411808312
-0.12070000000000003,0.7306983863802915
-0.11970000000000014,0.7285763194304938
-0.11870000000000003,0.732537511070116
-0.11770000000000014,0.7367816449697111
-0.11670000000000003,0.75220199813824
-0.11570000000000014,0.7472505085887123
-0.11470000000000002,0.7497969889284695
-0.11370000000000013,0.755597305257916
-0.11270000000000002,0.7630952751472008
-0.11170000000000013,0.7605487948074438
-0.11070000000000024,0.7697444182565665
-0.10970000000000013,0.7664905822668768
-0.10870000000000024,0.7681882358267149
-0.10770000000000013,0.7720079563363506
-0.10670000000000024,0.7796473973556217
-0.10570000000000013,0.7790815128356756
-0.10470000000000024,0.7851647714250953
-0.10370000000000013,0.7843159446451763
-0.10270000000000024,0.7894089053246904
-0.10170000000000012,0.7930871547043395
-0.10070000000000023,0.794643337134191
-0.09970000000000012,0.7967654040839887
-0.09870000000000023,0.8025657204134353
-0.09770000000000012,0.8017168936335162
-0.09670000000000023,0.8068098543130304
-0.09570000000000012,0.8143078242023152
-0.09470000000000023,0.8107710459526526
-0.09370000000000012,0.8145907664622882
-0.09270000000000023,0.8160054777621532
-0.09170000000000011,0.8191178426218563
-0.09070000000000022,0.8218057940915999
-0.08970000000000011,0.8249181589513029
-0.08870000000000022,0.826898754771114
-0.08770000000000011,0.829162292850898
-0.08670000000000022,0.8314258309306821
-0.08570000000000011,0.8351040803103312
-0.08470000000000022,0.8396311564698993
-0.08370000000000011,0.8455729439293325
-0.08270000000000022,0.8441582326294674
-0.0817000000000001,0.847412068619157
-0.08070000000000022,0.8493926644389681
-0.0797000000000001,0.8529294426886307
-0.07870000000000021,0.8454314727993459
-0.0777000000000001,0.846563241839238
-0.07670000000000021,0.8495341355689546
-0.0757000000000001,0.8540612117285227
-0.07470000000000021,0.8560418075483337
-0.0737000000000001,0.8652374309974565
-0.07270000000000021,0.8774039481762959
-0.0717000000000001,0.8693400937670651
-0.07070000000000021,0.868491266987146
-0.0697000000000001,0.8711792184568896
-0.0687000000000002,0.8730183431467142
-0.0677000000000001,0.8789601306061473
-0.0667000000000002,0.8820724954658503
-0.06570000000000009,0.8857507448454994
-0.0647000000000002,0.886741042755405
-0.06370000000000009,0.8860336871054725
-0.0627000000000002,0.8919754745649057
-0.06170000000000009,0.9028687515738664
-0.0607000000000002,0.9051322896536503
-0.059700000000000086,0.9023028670539204
-0.058700000000000196,0.9010296268840418
-0.057700000000000085,0.9020199247939473
-0.056700000000000195,0.906971414343475
-0.05570000000000008,0.9079617122533805
-0.05470000000000019,0.9137620285828272
-0.05370000000000008,0.9655404621578876
-0.05270000000000019,0.9274847281915181
-0.05170000000000008,0.9250797189817473
-0.05070000000000019,0.927201785931545
-0.04970000000000008,0.9262114880216394
-0.04870000000000019,0.9291823817513559
-0.047700000000000076,0.9307385641812077
-0.046700000000000186,0.9324362177410456
-0.045700000000000074,0.9369632939006136
-0.044700000000000184,0.9378121206805329
-0.04370000000000007,0.9423391968401009
-0.04270000000000018,0.941490370060182
-0.04170000000000007,0.9455930328297906
-0.04070000000000018,0.9499786378593722
-0.03970000000000007,0.9539398294989943
-0.03870000000000018,0.9550715985388862
-0.03770000000000007,0.9593157324384813
-0.03670000000000018,0.9655404621578876
-0.035700000000000065,0.9655404621578876
-0.034700000000000175,0.966530760067793
-0.03370000000000006,0.9704919517074152
-0.03270000000000017,0.9744531433470374
-0.03170000000000006,0.9760093257768889
-0.03070000000000017,0.978838748376619
-0.02970000000000006,0.9847805358360522
-0.02870000000000017,0.9867611316558631
-0.027700000000000058,0.9968055818849048
-0.026700000000000168,1.0017570714344324
-0.025700000000000056,0.9965226396249317
-0.024700000000000166,1.0116600505334876
-0.023700000000000054,1.018167722512867
-0.022700000000000164,1.0228362698024216
-0.021700000000000053,1.025241279012192
-0.020700000000000163,1.0277877593519493
-0.01970000000000005,1.0317489509915712
-0.01870000000000016,1.0352857292412339
-0.01770000000000005,1.0354272003712204
-0.01670000000000016,1.041227516700667
-0.015700000000000047,1.0432081125204782
-0.014700000000000157,1.0478766598100326
-0.013700000000000045,1.0531110916195334
-0.012700000000000156,1.0574966966491148
-0.011700000000000044,1.060043176988872
-0.010700000000000154,1.065702022188332
-0.009700000000000042,1.070370569477887
-0.008700000000000152,1.076878241457266
-0.00770000000000004,1.0806979619669015
-0.00670000000000015,1.0995136222551065
-0.005700000000000038,1.104182169544661
-0.0047000000000001485,1.0948450749655518
-0.0037000000000000366,1.1344569913617728
-0.0027000000000001467,1.117621926893379
-0.0017000000000000348,1.1282322616423668
-0.000700000000000145,1.1275249059924342
0.00029999999999996696,1.1299299152022049
0.0012999999999998568,1.137852298481449
0.0022999999999999687,1.1436526148108959
0.0032999999999998586,1.1481796909704638
0.0042999999999999705,1.1542629495598833
0.00529999999999986,1.1582241411995053
0.006299999999999972,1.1628926884890602
0.007299999999999862,1.1716638985482233
0.008299999999999974,1.178030099397616
0.009299999999999864,1.1834060023371034
0.010299999999999976,1.1924601546562394
0.011299999999999866,1.1954310483859558
0.012299999999999978,1.205192556355025
0.013299999999999867,0.9431880236200199
0.012299999999999978,0.7905406743645824
0.011299999999999866,0.7185318692014522
0.010299999999999976,0.6654801954565133
0.009299999999999864,0.614267646401399
0.008299999999999974,0.5736654320952724
0.007299999999999862,0.5351852847389434
0.006299999999999972,0.4999589733723039
0.00529999999999986,0.4699670938151651
0.0042999999999999705,0.4384190318281749
0.0032999999999998586,0.40955892131092814
0.0022999999999999687,0.38607471373316854
0.0012999999999998568,0.3611757948555439
0.00029999999999996696,0.33740864501781126
-0.000700000000000145,0.3177441579496872
-0.0017000000000000348,0.2952502482818331
-0.0027000000000001467,0.27586870347368214
-0.0037000000000000366,0.2564871586655311
-0.0047000000000001485,0.2368226715974071
-0.005700000000000038,0.22154378955886472
-0.00670000000000015,0.20428431170051128
-0.00770000000000004,0.19183485226169897
-0.008700000000000152,0.1737265476234265
-0.009700000000000042,0.1583061944548976
-0.010700000000000154,0.1428858412863687
-0.011700000000000044,0.13107300193249566
-0.012700000000000156,0.11778886282676294
-0.013700000000000045,0.10630140707185885
-0.014700000000000157,0.09424806679700874
-0.015700000000000047,0.08154395932422072
-0.01670000000000016,0.07226345319710607
-0.01770000000000005,0.06110138104117093
-0.01870000000000016,0.04998175022423174
-0.01970000000000005,0.040220242255163
-0.020700000000000163,0.028746933613257548
-0.021700000000000053,0.022890028831816296
-0.022700000000000164,0.011071530632743777
-0.023700000000000054,0.004133786418205637
-0.024700000000000166,-0.005300923240594293
-0.025700000000000056,-0.014868615761581536
-0.026700000000000168,-0.021036757028993096
-0.027700000000000058,-0.027134162731411407
-0.02870000000000017,-0.03693811203947611
-0.02970000000000006,-0.04287989949890925
-0.03070000000000017,-0.049401718591287086
-0.03170000000000006,-0.05665918755959472
-0.03270000000000017,-0.06298294706999143
-0.03370000000000006,-0.07073556499325184
-0.034700000000000175,-0.07594170257675517
-0.035700000000000065,-0.08410458677697644
-0.03670000000000018,-0.0887023985015378
-0.03770000000000007,-0.094601744621975
-0.03870000000000018,-0.10074159166338927
-0.03970000000000007,-0.10683899736580757
-0.04070000000000018,-0.11152169176836085
-0.04170000000000007,-0.11660050533487633
-0.04270000000000018,-0.12058999120049572
-0.04370000000000007,-0.1262205421739586
-0.044700000000000184,-0.13250186034535932
-0.045700000000000074,-0.13637816930698954
-0.046700000000000186,-0.1412306290655266
-0.047700000000000076,-0.14529085049613927
-0.04870000000000019,-0.14939351326574787
-0.04970000000000008,-0.15547677185516753
-0.05070000000000019,-0.15788178106493808
-0.05170000000000008,-0.1618429727045602
-0.05270000000000019,-0.16750181790402036
-0.05370000000000008,-0.17118006728366944
-0.05470000000000019,-0.17514125892329155
-0.05570000000000008,-0.17966833508285968
-0.056700000000000195,-0.18278069994256274
-0.057700000000000085,-0.18744924723211737
-0.058700000000000196,-0.18971278531190142
-0.059700000000000086,-0.193532505821537
-0.0607000000000002,-0.19904987989101067
-0.06170000000000009,-0.20244518701068673
-0.0627000000000002,-0.20485019622045733
-0.06370000000000009,-0.20852844560010642
-0.0647000000000002,-0.21079198367989047
-0.06570000000000009,-0.21687524226931013
-0.0667000000000002,-0.21659230000933713
-0.0677000000000001,-0.22168526068885125
-0.0687000000000002,-0.22663675023837887
-0.0697000000000001,-0.22663675023837887
-0.07070000000000021,-0.2321541243078525
-0.0717000000000001,-0.2345591335176231
-0.07270000000000021,-0.23639825820744764
-0.0737000000000001,-0.24106680549700227
-0.07470000000000021,-0.2426229879268538
-0.0757000000000001,-0.2468671218264489
-0.07670000000000021,-0.25012095781613847
-0.0777000000000001,-0.251111255726044
-0.07870000000000021,-0.25507244736566614
-0.0797000000000001,-0.2574774565754367
-0.08070000000000022,-0.25959952352523424
-0.0817000000000001,-0.26327777290488336
-0.08270000000000022,-0.2652583687246944
-0.08370000000000011,-0.26907808923433
-0.08470000000000022,-0.27077574279416805
-0.08570000000000011,-0.27459546330380363
-0.08670000000000022,-0.2772834147735472
-0.08770000000000011,-0.27841518381343927
-0.08870000000000022,-0.2803957796332503
-0.08970000000000011,-0.2849228557928184
-0.09070000000000022,-0.2866205093526564
-0.09170000000000011,-0.2871863938726024
-0.09270000000000023,-0.2911475855122245
-0.09370000000000012,-0.29369406585198166
-0.09470000000000023,-0.2962405461917387
-0.09570000000000012,-0.29949438218142826
-0.09670000000000023,-0.30105056461127977
-0.09770000000000012,-0.3050117562509019
-0.09870000000000023,-0.3051532273808884
-0.09970000000000012,-0.3074167654606725
-0.10070000000000023,-0.31236825501020005
-0.10170000000000012,-0.3125097261401866
-0.10270000000000024,-0.3142073797000246
-0.10370000000000013,-0.3171782734297412
-0.10470000000000024,-0.3184515135996197
-0.10570000000000013,-0.3239688876690934
-0.10670000000000024,-0.3231200608891744
-0.10770000000000013,-0.326656839138837
-0.10870000000000024,-0.33146685755837807
-0.10970000000000013,-0.3300521462585131
-0.11070000000000024,-0.3355695203279867
-0.11170000000000013,-0.33698423162785174
-0.11270000000000002,-0.3378330584077708
-0.11370000000000013,-0.3422186634373524
-0.11470000000000002,-0.34405778812717697
-0.11570000000000014,-0.346887210726907
-0.11670000000000003,-0.3505654601065561
-0.11770000000000014,-0.34900927767670453
-0.11870000000000003,-0.3539607672262322
-0.11970000000000014,-0.35763901660588127
-0.12070000000000003,-0.35735607434590827
-0.12170000000000014,-0.3610343237255574
-0.12270000000000003,-0.3600440258156518
-0.12370000000000014,-0.36442963084523344
-0.12470000000000003,-0.36810788022488256
-0.12570000000000014,-0.3689567070048016
-0.12670000000000003,-0.3712202450845856
-0.12770000000000015,-0.3727764275144372
-0.12870000000000004,-0.3754643789841807
-0.12970000000000015,-0.3798499840137623
-0.13070000000000004,-0.38055733966369487
-0.13170000000000015,-0.3826794066134924
-0.13270000000000004,-0.38536735808323597
-0.13370000000000015,-0.3872064827730605
-0.13470000000000004,-0.3898944342428041
-0.13570000000000015,-0.39258238571254767
-0.13670000000000004,-0.3954118083122777
-0.13770000000000016,-0.39838270204199433
-0.13870000000000005,-0.40036329786180536
-0.13970000000000016,-0.4023438936816164
-0.14070000000000005,-0.40658802758121154
-0.14170000000000016,-0.406729498711198
-0.14270000000000005,-0.40998333470088766
-0.14370000000000016,-0.4121054016506852
-0.14470000000000005,-0.4163495355502803
-0.14570000000000016,-0.42002778492992937
-0.14670000000000005,-0.4197448426699564
-0.14770000000000016,-0.42144249622979446
-0.14870000000000005,-0.4271013414292546
-0.14970000000000017,-0.4269598702992681
-0.15070000000000006,-0.4327601866287147
-0.15170000000000017,-0.43615549374839085
-0.15270000000000006,-0.43728726278828284
-0.15370000000000017,-0.44096551216793195
-0.15470000000000006,-0.4428046368577565
-0.15570000000000017,-0.4459170017174596
-0.15670000000000006,-0.4501611356170546
-0.15770000000000017,-0.45171731804690624
-0.15870000000000006,-0.4549711540365957
-0.15970000000000018,-0.4592152879361909
-0.16070000000000007,-0.46232765279589394
-0.16170000000000018,-0.46798649799535413
-0.16270000000000007,-0.47025003607513816
-0.16370000000000018,-0.47435269884474673
-0.16470000000000007,-0.4793041883942744
-0.16570000000000018,-0.48114331308409897
-0.16670000000000007,-0.4838312645538425
-0.16770000000000018,-0.48651921602358617
-0.16870000000000007,-0.49090482105316774
-0.16970000000000018,-0.4958563106026953
-0.17070000000000007,-0.49967603111233094
-0.17170000000000019,-0.501656626932142
-0.17270000000000008,-0.5060422319617235
-0.1737000000000002,-0.5095790102113862
-0.17470000000000008,-0.5148134420208869
-0.1757000000000002,-0.519340518180455
-0.17670000000000008,-0.5230187675601041
-0.1777000000000002,-0.5283946704995912
-0.17870000000000008,-0.5306582085793753
-0.1797000000000002,-0.5354682269989164
-0.18070000000000008,-0.5422588412382686
-0.1817000000000002,-0.5452297349679852
-0.18270000000000008,-0.5504641667774858
-0.1837000000000002,-0.5582450789267435
-0.1847000000000001,-0.5620647994363791
-0.1857000000000002,-0.5689968848057178
-0.1867000000000001,-0.5715433651454748
-0.1877000000000002,-0.5786169216447999
-0.1887000000000001,-0.5844172379742467
-0.1897000000000002,-0.5885199007438553
-0.1907000000000001,-0.595734928373167
-0.1917000000000001,-0.5999790622727621
-0.19269999999999998,-0.6062037919921682
-0.1937000000000001,-0.6129944062315204
-0.19469999999999998,-0.6178044246510616
-0.1957000000000001,-0.6260097501902787
-0.19669999999999999,-0.6328003644296308
-0.1977000000000001,-0.638742151889064
-0.1987,-0.6468060062982948
-0.1997000000000001,-0.6531722071476874
-0.2007,-0.6608116481669587
-0.2017000000000001,-0.6676022624063108
-0.2027,-0.6739684632557035
-0.2037000000000001,-0.6830226155748397
-0.2047,-0.6896717586842054
-0.2057000000000001,-0.6960379595335981
-0.2067,-0.7048091695927613
-0.2077000000000001,-0.7147121486918165
-0.2087,-0.7226345319710608
-0.2097000000000001,-0.7304154441203184
-0.2107,-0.7377719428796167
-0.2117000000000001,-0.7468260951987529
-0.2127,-0.7563046609078485
-0.2137000000000001,-0.7652173420969983
-0.2147,-0.7780912149257702
-0.2157000000000001,-0.7871453672449065
-0.2167,-0.7963409906940291
-0.21770000000000012,-0.8073757388329764
-0.2187,-0.8174201890620182
-0.21970000000000012,-0.8256255146012355
-0.2207,-0.8380749740400478
-0.22170000000000012,-0.8481194242690895
-0.2227,-0.8608518259678749
-0.22370000000000012,-0.8716036318468491
-0.2247,-0.8832042645057423
-0.22570000000000012,-0.8972099063744062
-0.2267,-0.9078202411233941
-0.22770000000000012,-0.9215429407320849
-0.22870000000000001,-0.9342753424308702
-0.22970000000000013,-0.9467248018696826
-0.23070000000000002,-0.963701337468063
-0.23170000000000013,-0.98081934419643
-0.23270000000000002,-0.9910052655554581
-0.23370000000000013,-1.004445022904176
-0.23470000000000002,-1.0183091936428532
-0.23570000000000013,-1.0341539602013416
-0.23670000000000002,-1.0519793225796414
-0.2376999999999999,-1.06457025314844
-0.23870000000000002,-1.0815467887468206
-0.2396999999999999,-1.0968256707853627
-0.24070000000000003,-1.11394367751373
-0.24169999999999991,-1.1333252223218808
-0.24270000000000003,-1.1478967487104907
-0.24369999999999992,-1.1664294667387227
-0.24470000000000003,-1.1849621847669547
-0.24569999999999992,-1.203919316185146
-0.24670000000000003,-1.2242911589032026
-0.24769999999999992,-1.2429653480614211
-0.24870000000000003,-1.2629127773895183
-0.24969999999999992,-1.2882361096571022
-0.25070000000000003,-1.3063444142953748
-0.2516999999999999,-1.328838323963229
-0.25270000000000004,-1.3567081365705702
-0.2536999999999999,-1.3782117483285188
-0.25470000000000004,-1.4008471291263593
-0.2556999999999999,-1.423199567664227
-0.25670000000000004,-1.4472496597619326
-0.25769999999999993,-1.5080822456561291
-0.25870000000000004,-1.5038381117565338
-0.25969999999999993,-1.5193999360550492
-0.26070000000000004,-1.546279450752485
-0.26169999999999993,-1.5717442541500557
-0.26270000000000004,-1.5972090575476263
-0.26369999999999993,-1.6255032835449272
-0.26470000000000005,-1.653797509542228
-0.26569999999999994,-1.6849211581392587
-0.26670000000000005,-1.7146300954364246
-0.26769999999999994,-1.7429243214337253
-0.26870000000000005,-1.775462681330621
-0.26969999999999994,-1.8023421960280568
-0.27070000000000005,-1.8405394011244125
-0.27169999999999994,-1.8702483384215782
-0.27270000000000005,-1.9027866983184742
-0.27369999999999994,-1.9395691921149654
-0.27470000000000006,-1.972107552011861
-0.27569999999999995,-2.008890045808352
-0.27670000000000006,-2.047087250904708
-0.27769999999999995,-2.079625610801604
-0.27870000000000006,-2.1206522384976902
-0.27969999999999995,-2.158849443594046
-0.28070000000000006,-2.197046648690402
-0.28169999999999995,-2.2409026989862184
-0.28270000000000006,-2.2748557701829792
-0.28369999999999995,-2.318711820478795
-0.28470000000000006,-2.359738448174881
-0.28569999999999995,-2.4050092097705624
-0.28670000000000007,-2.460182950465299
-0.28769999999999996,-2.49413602166206
-0.28870000000000007,-2.5379920719578757
-0.28969999999999996,-2.584677544853422
-0.29070000000000007,-2.6285335951492383
-0.29169999999999996,-2.670974934145189
-0.29270000000000007,-2.7219045409403306
-0.29369999999999996,-2.775663570335202
-0.2947000000000001,-2.8379108675292635
-0.29569999999999996,-2.8959140308237297
-0.2967000000000001,-2.938355369819681
-0.29769999999999996,-2.9878702653149576
-0.2987000000000001,-3.0402145834099636
-0.29969999999999997,-3.0939736128048354
-0.3007000000000001,-3.1477326421997063
-0.30169999999999997,-3.1944181150952526
-0.3027000000000001,-3.2524212783897193
-0.30369999999999997,-3.314668575583781
-0.3047000000000001,-3.371257027578382
-0.30569999999999997,-3.426430768273119
-0.3067000000000001,-3.4858486428674507
-0.3077,-3.550925362661242
-0.3087000000000001,-3.6216609276544935
-0.3097,-3.683908224848555
-0.3107000000000001,-3.7532290785419424
-0.3117,-3.8621618486315503
-0.3127000000000001,-3.8664059825311448
-0.3137,-3.935726836224532
-0.3147000000000001,-3.992315288219133
-0.3157,-4.075783254911171
-0.3167000000000001,-4.142274686004828
-0.3177,-4.211595539698214
-0.3187000000000001,-4.276672259492005
-0.3197,-4.338919556686067
-0.3207000000000001,-4.415313966878779
-0.3217,-4.488878954471762
-0.3227000000000001,-4.559614519465013
-0.3237,-4.645911908756781
-0.3247000000000001,-4.723721030249357
-0.3257,-4.790212461343015
-0.3267000000000001,-4.872265716735186
-0.3277,-4.951489549527628
-0.3287000000000001,-5.0292986710202054
-0.3297,-5.115596060311972
-0.3307000000000001,-5.2061375835033346
-0.3317,-5.279702571096316
-0.3327000000000001,-5.360341115188624
-0.3337,-5.446638504480391
-0.3347000000000001,-5.5272770485726985
-0.3357,-5.622062705663656
-0.3367000000000001,-5.7111895175551535
-0.3377,-5.801731040746516
-0.3387000000000001,-5.889443141338147
-0.3397,-5.97432581933005
-0.3407000000000001,-6.073355610320603
-0.3417,-6.16814126741156
-0.3427000000000001,-6.258682790602922
-0.3437,-6.3548831589937445
-0.3447000000000001,-6.453912949984297
-0.3457,-6.5515280296749845
-0.3467000000000001,-6.6505578206655365
-0.3477,-6.75241703425582
-0.3487000000000001,-6.848617402646643
-0.3497,-6.967453151835306
-0.3507000000000001,-7.082044767124374
-0.3517,-7.161268599916816
-0.3527000000000001,-7.248980700508447
-0.3537,-7.352254625398595
-0.3547000000000001,-7.459772684188338
-0.3557,-7.577193722077136
-0.35670000000000013,-7.681882358267148
-0.3577,-7.786570994457163
-0.35870000000000013,-7.9025773210460954
-0.3597,-8.019998358934892
-0.36070000000000013,-8.130345840324367
-0.3617,-8.250596300812894
-0.3626999999999999,-8.358114359602638
-0.3637,-8.486853087890356
-0.3646999999999999,-8.614177104878209
-0.3657,-8.727354008867412
-0.3666999999999999,-8.85609273715513
-0.3677,-8.987660888042578
-0.3686999999999999,-9.112155482430701
-0.36970000000000003,-9.245138344618015
-0.3706999999999999,-9.371047650306002
-0.37170000000000003,-9.495542244694127
-0.3726999999999999,-9.63701337468063
-0.37370000000000003,-9.779899215967
-0.3746999999999999,-9.895905542555932
-0.37570000000000003,-10.043035517741895
-0.3766999999999999,-10.161871266930557
-0.37770000000000004,-10.316074798615848
-0.3786999999999999,-10.46886361900127
-0.37970000000000004,-10.607505326388045
-0.3806999999999999,-10.751805878974281
-0.38170000000000004,-10.901765276759972
-0.38269999999999993,-11.040406984146745
-0.38370000000000004,-11.181878114133252
-0.38469999999999993,-11.321934532819888
-0.38570000000000004,-11.507261713102208
-0.38669999999999993,-11.682685914285473
-0.38770000000000004,-11.83406002337103
-0.38869999999999993,-11.967042885558346
-0.38970000000000005,-12.135393530242286
-0.39069999999999994,-12.295255907127034
-0.39170000000000005,-12.438141748413402
-0.39269999999999994,-12.463606551810972
-0.39370000000000005,-12.630542485195047
-0.39469999999999994,-12.783331305580472
-0.39570000000000005,-12.94319368246522
-0.39669999999999994,-13.138423841846596
-0.39770000000000005,-13.286968528332425
-0.39869999999999994,-13.452489750416634
-0.39970000000000006,-13.626499240300033
-0.40069999999999995,-13.780702771985322
-0.40170000000000006,-13.964615240967778
-0.40269999999999995,-14.161260111649016
-0.40370000000000006,-14.359319693630123
-0.40469999999999995,-14.529085049613924
-0.40570000000000006,-14.71299751859638
-0.40669999999999995,-14.911057100577487
-0.40770000000000006,-15.080822456561293
-0.40869999999999995,-15.293029151541045
-0.40970000000000006,-15.4769416205235
-0.41069999999999995,-15.675001202504609
-0.41170000000000007,-15.858913671487063
-0.41269999999999996,-16.071120366466815
-0.41370000000000007,-16.29747417444522
-0.41469999999999996,-16.354062626439823
-0.41570000000000007,-16.56626932141958
-0.41669999999999996,-16.792623129397985
-0.41770000000000007,-17.00482982437774
-0.41869999999999996,-17.259477858353446
-0.4197000000000001,-17.45753744033455
-0.42069999999999996,-17.655597022315657
-0.4217000000000001,-17.867803717295413
-0.42269999999999996,-18.10830463827247
-0.4237000000000001,-18.348805559249524
-0.42469999999999997,-18.589306480226583
-0.4257000000000001,-18.829807401203638
-0.42669999999999997,-19.056161209182044
-0.4277000000000001,-19.296662130159103
-0.42869999999999997,-19.537163051136158
-0.4297000000000001,-19.77766397211321
-0.43069999999999997,-20.00401778009162
-0.4317000000000001,-20.230371588070028
-0.4327,-20.48501962204573
-0.4337000000000001,-20.75381476902009
-0.4347,-20.994315689997144
-0.4357000000000001,-21.2631108369715
-0.4367,-21.531905983945855
-0.4377000000000001,-21.786554017921564
-0.4387,-22.04120205189727
-0.4397000000000001,-22.36658565086623
-0.4407,-22.63538079784059
-0.4417000000000001,-22.91832305781359
-0.4427,-23.187118204787954
-0.4437000000000001,-23.49835469075826
-0.4447,-23.767149837732617
-0.4457000000000001,-24.064239210704276
-0.4467,-24.36132858367593
-0.4477000000000001,-24.64427084364894
-0.4487,-24.941360216620595
-0.4497000000000001,-25.252596702590903
-0.4507,-25.45065628457201
-0.4517000000000001,-25.77603988354097
-0.4527,-26.11557059550858
-0.4537000000000001,-26.455101307476184
-0.4547,-26.780484906445146
-0.4557000000000001,-27.1058685054141
-0.4567,-27.417104991384413
-0.4577000000000001,-27.756635703352025
-0.4587,-28.09616641531963
-0.4597000000000001,-28.44984424028589
-0.4607,-28.789374952253496
-0.4617000000000001,-29.128905664221104
-0.4627,-29.510877715184666
-0.4637000000000001,-29.878702653149578
-0.4647,-30.274821817111786
-0.4657000000000001,-30.62849964207804
-0.4667,-30.953883241047
-0.4677000000000001,-31.27926684001596
-0.4687,-31.689533116976815
-0.4697000000000001,-32.05735805494172
-0.4707,-32.45347721890394
-0.4717000000000001,-32.87789060886345
-0.4727,-33.274009772825664
-0.4737000000000001,-33.726717388782475
-0.4747,-34.10868943974604
-0.4757000000000001,-34.51895571670689
-0.4767,-34.9150748806691
-0.4777000000000001,-35.353635383627264
-0.4787,-35.679018982596226
-0.4797000000000001,-36.04684392056114
-0.4807,-36.44296308452335
-0.48170000000000013,-36.88152358748151
-0.4827,-37.36252542943562
-0.48370000000000013,-37.92840994938163
-0.4847,-38.42355890433439
-0.48570000000000013,-38.96114919828311
-0.4867,-38.89041363328986
-0.48570000000000013,-38.5367358083236
-0.4847,-38.23964643535194
-0.48370000000000013,-37.94255706238028
-0.4827,-37.659614802407276
-0.48170000000000013,-37.39081965543292
-0.4807,-37.107877395459916
-0.4797000000000001,-36.78249379649095
-0.4787,-36.45711019752199
-0.4777000000000001,-36.16002082455034
-0.4767,-35.83463722558138
-0.4757000000000001,-35.594136304604326
-0.4747,-35.311194044631314
-0.4737000000000001,-34.9150748806691
-0.4727,-34.61798550769744
-0.4717000000000001,-34.292601908728486
-0.4707,-33.95307119676088
-0.4697000000000001,-33.61354048479327
-0.4687,-33.344745337818914
-0.4677000000000001,-33.00521462585131
-0.4667,-32.66568391388369
-0.4657000000000001,-32.354447427913385
-0.4647,-32.01491671594578
-0.4637000000000001,-31.675386003978172
-0.4627,-31.519767760993016
-0.4617000000000001,-31.137795710029454
-0.4607,-30.812412111060496
-0.4597000000000001,-30.571911190083444
-0.4587,-30.274821817111786
-0.4577000000000001,-30.00602667013743
-0.4567,-29.66649595816982
-0.4557000000000001,-29.38355369819681
-0.4547,-29.086464325225155
-0.4537000000000001,-28.831816291249446
-0.4527,-28.56302114427509
-0.4517000000000001,-28.308373110299385
-0.4507,-27.968842398331773
-0.4497000000000001,-27.64345879936282
-0.4487,-27.36051653938981
-0.4477000000000001,-27.120015618412754
-0.4467,-26.851220471438396
-0.4457000000000001,-26.58242532446404
-0.4447,-26.29948306449103
-0.4437000000000001,-26.14386482150588
-0.4427,-25.634568753554465
-0.4417000000000001,-25.224302476593607
-0.4407,-24.941360216620595
-0.4397000000000001,-24.65841795664759
-0.4387,-24.389622809673234
-0.4377000000000001,-24.106680549700226
-0.4367,-23.894473854720466
-0.4357000000000001,-23.653972933743415
-0.4347,-23.41347201276636
-0.4337000000000001,-23.187118204787954
-0.4327,-22.91832305781359
-0.4317000000000001,-22.691969249835186
-0.43069999999999997,-22.451468328858134
-0.4297000000000001,-22.196820294882425
-0.42869999999999997,-21.97046648690402
-0.4277000000000001,-21.772406904922917
-0.42669999999999997,-21.531905983945855
-0.4257000000000001,-21.291405062968803
-0.42469999999999997,-21.079198367989047
-0.4237000000000001,-20.85284456001064
-0.42269999999999996,-20.626490752032236
-0.4217000000000001,-20.414284057052477
-0.42069999999999996,-20.21622447507137
-0.4197000000000001,-20.01816489309027
-0.41869999999999996,-19.820105311109163
-0.41770000000000007,-19.593751503130758
-0.41669999999999996,-19.395691921149652
-0.41570000000000007,-19.211779452167196
-0.41469999999999996,-19.01371987018609
-0.41370000000000007,-18.80151317520634
-0.41269999999999996,-18.603453593225233
-0.41170000000000007,-18.40539401124413
-0.41069999999999995,-18.221481542261674
-0.40970000000000006,-18.08001041227517
-0.40869999999999995,-17.825362378299463
-0.40770000000000006,-17.627302796318357
-0.40669999999999995,-17.4433903273359
-0.40570000000000006,-17.259477858353446
-0.40469999999999995,-17.061418276372343
-0.40370000000000006,-16.877505807389888
-0.40269999999999995,-16.70774045140608
-0.40170000000000006,-16.53797509542228
-0.40069999999999995,-16.354062626439823
-0.39970000000000006,-16.19844438345467
-0.39869999999999994,-15.957943462477614
-0.39770000000000005,-15.77403099349516
-0.39669999999999994,-15.646706976507305
-0.39570000000000005,-15.448647394526201
-0.39469999999999994,-15.278882038542395
-0.39370000000000005,-15.10911668255859
-0.39269999999999994,-14.939351326574789
-0.39170000000000005,-14.769585970590983
-0.39069999999999994,-14.599820614607177
-0.38970000000000005,-14.444202371622024
-0.38869999999999993,-14.274437015638219
-0.38770000000000004,-14.007056579963729
-0.38669999999999993,-13.770799792886267
-0.38570000000000004,-13.606693282101922
-0.38469999999999993,-13.449660327816902
-0.38370000000000004,-13.306774486530536
-0.38269999999999993,-13.141253264446325
-0.38170000000000004,-13.025246937857393
-0.3806999999999999,-12.88660523047062
-0.37970000000000004,-12.722498719686275
-0.3786999999999999,-12.562636342801525
-0.37770000000000004,-12.399944543317048
-0.3766999999999999,-12.251399856831219
-0.37570000000000003,-12.112758149444444
-0.3746999999999999,-11.967042885558346
-0.37370000000000003,-11.828401178171571
-0.3726999999999999,-11.694003604684394
-0.37170000000000003,-11.551117763398024
-0.3706999999999999,-11.42379374641017
-0.36970000000000003,-11.269590214724882
-0.3686999999999999,-11.128119084738378
-0.3677,-10.997965645150796
-0.3666999999999999,-10.884788741161593
-0.3657,-10.750391167674413
-0.3646999999999999,-10.635799552385345
-0.3637,-10.495743133698706
-0.3626999999999999,-10.403786899207478
-0.3617,-10.342954313313284
-0.36070000000000013,-10.092550413237172
-0.3597,-9.970885241448778
-0.35870000000000013,-9.849220069660385
-0.3577,-9.736043165671184
-0.35670000000000013,-9.717651918772937
-0.3557,-9.673795868477121
-0.3547000000000001,-9.499786378593722
-0.3537,-9.349826980808027
-0.3527000000000001,-9.204111716921929
-0.3517,-9.096593658132186
-0.3507000000000001,-8.976343197643658
-0.3497,-8.85892215975486
-0.3487000000000001,-8.774039481762957
-0.3477,-8.649544887374834
-0.3467000000000001,-8.533538560785903
-0.3457,-8.407629255097913
-0.3447000000000001,-8.29728177370844
-0.3437,-8.155810643721937
-0.3427000000000001,-8.061024986630978
-0.3417,-7.947848082641776
-0.3407000000000001,-7.860135982050143
-0.3397,-7.729982542462561
-0.3387000000000001,-7.638026307971333
-0.3377,-7.49655517798483
-0.3367000000000001,-7.376304717496302
-0.3357,-7.275860215205883
-0.3347000000000001,-7.176830424215332
-0.3337,-7.079215344524644
-0.3327000000000001,-6.98584439873355
-0.3317,-6.8853998964431335
-0.3307000000000001,-6.782125971552985
-0.3297,-6.687340314462029
-0.3287000000000001,-6.591139946071206
-0.3277,-6.502013134179709
-0.3267000000000001,-6.405812765788886
-0.3257,-6.312441819997794
-0.3247000000000001,-6.221900296806432
-0.3237,-6.131358773615069
-0.3227000000000001,-6.049305518222896
-0.3217,-5.998375911427756
-0.3207000000000001,-5.872466605739767
-0.3197,-5.930469769034234
-0.3187000000000001,-5.753630856551104
-0.3177,-5.657430488160282
-0.3167000000000001,-5.568303676268785
-0.3157,-5.496153399975667
-0.3147000000000001,-5.40419716548444
-0.3137,-5.2910202614952375
-0.3127000000000001,-5.1792580688059
-0.3117,-5.102863658613187
-0.3107000000000001,-5.020810403221016
-0.3097,-4.943001281728439
-0.3087000000000001,-4.869436294135457
-0.3077,-4.788797750043149
-0.3067000000000001,-4.710988628550572
-0.30569999999999997,-4.623276527958939
-0.3047000000000001,-4.566688075964338
-0.30369999999999997,-4.4973672222709515
-0.3027000000000001,-4.398337431280399
-0.30169999999999997,-4.326187154987283
-0.3007000000000001,-4.2526221673943
-0.29969999999999997,-4.177642468501453
-0.2987000000000001,-4.111151037407797
-0.29769999999999996,-4.037586049814815
-0.2967000000000001,-3.9640210622218324
-0.29569999999999996,-3.896114919828311
-0.2947000000000001,-3.825379354835059
-0.29369999999999996,-3.7560585011416725
-0.29270000000000007,-3.693811203947611
-0.29169999999999996,-3.6259050615540893
-0.29070000000000007,-3.559413630460432
-0.28969999999999996,-3.4957516219665052
-0.28870000000000007,-3.432089613472579
-0.28769999999999996,-3.3670128936787878
-0.28670000000000007,-3.303350885184861
-0.28569999999999995,-3.238274165391069
-0.28470000000000006,-3.168953311697682
-0.28369999999999995,-3.110950148403216
-0.28270000000000006,-3.0515322738088844
-0.28169999999999995,-2.990699687914687
-0.28070000000000006,-2.9312818133203558
-0.27969999999999995,-2.870449227426159
-0.27870000000000006,-2.8166901980312877
-0.27769999999999995,-2.7586870347368215
-0.27670000000000006,-2.700683871442355
-0.27569999999999995,-2.6455101307476188
-0.27470000000000006,-2.588921678753017
-0.27369999999999994,-2.536577360658011
-0.27270000000000005,-2.4799889086634095
-0.27169999999999994,-2.426229879268538
-0.27070000000000005,-2.3724708498736664
-0.26969999999999994,-2.3172971091789303
-0.26870000000000005,-2.273441058883114
-0.26769999999999994,-2.2366585650866226
-0.26670000000000005,-2.181484824391887
-0.26569999999999994,-2.136214062796206
-0.26470000000000005,-2.081040322101469
-0.26369999999999993,-2.0301107153063276
-0.26270000000000004,-1.9848399537106465
-0.26169999999999993,-1.9381544808151003
-0.26070000000000004,-1.894298430519284
-0.25969999999999993,-1.8433688237241426
-0.25870000000000004,-1.7966833508285964
-0.25769999999999993,-1.7556567231325106
-0.25670000000000004,-1.7146300954364246
-0.2556999999999999,-1.6820917355395286
-0.25470000000000004,-1.6339915513441174
-0.2536999999999999,-1.5887207897484361
-0.25270000000000004,-1.55052358465208
-0.2516999999999999,-1.5080822456561291
-0.25070000000000003,-1.471299751859638
-0.24969999999999992,-1.4302731241635522
-0.24870000000000003,-1.390944150027304
-0.24769999999999992,-1.3572740210905163
-0.24670000000000003,-1.319925642774079
-0.24569999999999992,-1.2804551975078446
-0.24470000000000003,-1.2466435974410703
-0.24369999999999992,-1.2158028911040124
-0.24270000000000003,-1.192318683526253
-0.24169999999999991,-1.1568094298996403
-0.24070000000000003,-1.1194610515832033
-0.2396999999999999,-1.0840932690865777
-0.23870000000000002,-1.0484425443299785
-0.2376999999999999,-1.018167722512867
-0.23670000000000002,-0.983082882276214
-0.23570000000000013,-0.9501201089893586
-0.23470000000000002,-0.9199867583022334
-0.23370000000000013,-0.8921169456948921
-0.23270000000000002,-0.8592956435380232
-0.23170000000000013,-0.8332649556205066
-0.23070000000000002,-0.8021413070234757
-0.22970000000000013,-0.7742714944161345
-0.22870000000000001,-0.7479578642386449
-0.22770000000000012,-0.7206539361512496
-0.2267,-0.6957550172736251
-0.22570000000000012,-0.6680266757962704
-0.2247,-0.6415715744887941
-0.22370000000000012,-0.617380011261102
-0.2227,-0.5941787459433153
-0.22170000000000012,-0.576919268084962
-0.2207,-0.5511715224274183
-0.21970000000000012,-0.5230187675601041
-0.2187,-0.4999589733723039
-0.21770000000000012,-0.4770406503144904
-0.2167,-0.4552540962965688
-0.2157000000000001,-0.42780869707918706
-0.2147,-0.40984186357090113
-0.2137000000000001,-0.3887626652029121
-0.2127,-0.3695225915247476
-0.2117000000000001,-0.34830192202677207
-0.2107,-0.329203319478594
-0.2097000000000001,-0.308690005630551
-0.2087,-0.28930846082239997
-0.2077000000000001,-0.2724733963540061
-0.2067,-0.2537992071957876
-0.2057000000000001,-0.232578537697812
-0.2047,-0.21715818452928315
-0.2037000000000001,-0.1966448706812401
-0.2027,-0.18108304638272468
-0.2017000000000001,-0.16523827982423628
-0.2007,-0.1465640906660178
-0.1997000000000001,-0.13142667975746194
-0.1987,-0.1155536189729762
-0.1977000000000001,-0.0983082882276214
-0.19669999999999999,-0.08442997037594539
-0.1957000000000001,-0.06848617402646642
-0.19469999999999998,-0.05483420998276882
-0.1937000000000001,-0.039824123091200786
-0.19269999999999998,-0.02373885561173532
-0.1917000000000001,-0.011749177345379131
-0.1907000000000001,0.002668145511545459
-0.1897000000000002,0.018094157525273817
-0.1887000000000001,0.028633756709268345
-0.1877000000000002,0.04299307640289847
-0.1867000000000001,0.05422588412382686
-0.1857000000000002,0.06790614239352176
-0.1847000000000001,0.08191178426218561
-0.1837000000000002,0.09177232202224493
-0.18270000000000008,0.10416519300906264
-0.1817000000000002,0.11619023905791546
-0.18070000000000008,0.1267581324679073
-0.1797000000000002,0.13963200529667913
-0.17870000000000008,0.14896909987578838
-0.1777000000000002,0.15972090575476264
-0.17670000000000008,0.17004829824377743
-0.1757000000000002,0.17966833508285968
-0.17470000000000008,0.18985425644188791
-0.1737000000000002,0.20131341797079472
-0.17270000000000008,0.2086699167300929
-0.17170000000000019,0.2199876071290132
-0.17070000000000007,0.2279099904082574
-0.16970000000000018,0.2386617962872317
-0.16870000000000007,0.24884771764625993
-0.16770000000000018,0.2552139184956526
-0.16670000000000007,0.26299483064491036
-0.16570000000000018,0.2728978097439656
-0.16470000000000007,0.28294225997300737
-0.16370000000000018,0.28973287421235955
-0.16270000000000007,0.2969479018416712
-0.16170000000000018,0.30373851608102337
-0.16070000000000007,0.3133585529201056
-0.15970000000000018,0.3194418115095253
-0.15870000000000006,0.3256665412289314
-0.15770000000000017,0.33373039563816215
-0.15670000000000006,0.33981365422758186
-0.15570000000000017,0.3522631136663941
-0.15470000000000006,0.35636577643600276
-0.15370000000000017,0.36018549694563834
-0.15270000000000006,0.3686737647448286
-0.15170000000000017,0.37263495638445066
-0.15070000000000006,0.38013292627373535
-0.14970000000000017,0.3869235405130875
-0.14870000000000005,0.3903188476327636
-0.14770000000000016,0.3982412309120078
-0.14670000000000005,0.4020609514216434
-0.14570000000000016,0.4072953832311441
-0.14470000000000005,0.4164910066802668
-0.14370000000000016,0.4176227757201588
-0.14270000000000005,0.4245548610894975
-0.14170000000000016,0.42978929289899814
-0.14070000000000005,0.43403342679859325
-0.13970000000000016,0.44025815651799943
-0.13870000000000005,0.4433705213777025
-0.13770000000000016,0.4490293665771626
-0.13670000000000004,0.45327350047675774
-0.13570000000000015,0.4572346921163799
-0.13470000000000004,0.4619032394059345
-0.13370000000000015,0.4667132578254756
-0.13270000000000004,0.4699670938151651
-0.13170000000000015,0.47520152562466583
-0.13070000000000004,0.47859683274434195
-0.12970000000000015,0.48284096664393705
-0.12870000000000004,0.4873680428035051
-0.12770000000000015,0.48991452314326217
-0.12670000000000003,0.4934513013929247
-0.12570000000000014,0.49882720433241184
-0.12470000000000003,0.5023639825820745
-0.12370000000000014,0.5059007608317371
-0.12270000000000003,0.5077398855215616
-0.12170000000000014,0.5111351926412377
-0.12070000000000003,0.5162281533207519
-0.11970000000000014,0.5180672780105765
-0.11870000000000003,0.5200478738303875
-0.11770000000000014,0.5240090654700096
-0.11670000000000003,0.5272629014596992
-0.11570000000000014,0.5330632177891458
-0.11470000000000002,0.5341949868290379
-0.11370000000000013,0.5405611876784305
-0.11270000000000002,0.5426832546282281
-0.11170000000000013,0.5428247257582146
-0.11070000000000024,0.5450882638379987
-0.10970000000000013,0.5482006286977017
-0.10870000000000024,0.5500397533875263
-0.10770000000000013,0.556971838756865
-0.10670000000000024,0.5548497718070674
-0.10570000000000013,0.5590939057066625
-0.10470000000000024,0.5622062705663656
-0.10370000000000013,0.5627721550863116
-0.10270000000000024,0.5647527509061226
-0.10170000000000012,0.5681480580257988
-0.10070000000000023,0.5704115961055828
-0.09970000000000012,0.5740898454852319
-0.09870000000000023,0.5753630856551104
-0.09770000000000012,0.576919268084962
-0.09670000000000023,0.5804560463346246
-0.09570000000000012,0.5813048731145436
-0.09470000000000023,0.5839928245842871
-0.09370000000000012,0.5861148915340847
-0.09270000000000023,0.5886613718738418
-0.09170000000000011,0.5905004965636662
-0.09070000000000022,0.5921981501235044
-0.08970000000000011,0.5934713902933829
-0.08870000000000022,0.5975740530629915
-0.08770000000000011,0.5987058221028836
-0.08670000000000022,0.6005449467927081
-0.08570000000000011,0.6028084848724922
-0.08470000000000022,0.6053549652122492
-0.08370000000000011,0.6060623208621817
-0.08270000000000022,0.6084673300719523
-0.0817000000000001,0.6104479258917633
-0.08070000000000022,0.6152579443113044
-0.0797000000000001,0.615399415441291
-0.07870000000000021,0.6175214823910884
-0.0777000000000001,0.6189361936909535
-0.07670000000000021,0.619926491600859
-0.0757000000000001,0.6238876832404812
-0.07470000000000021,0.6241706255004541
-0.0737000000000001,0.6253023945403461
-0.07270000000000021,0.6279903460100897
-0.0717000000000001,0.6288391727900088
-0.07070000000000021,0.6311027108697929
-0.0697000000000001,0.634780960249442
-0.0687000000000002,0.6356297870293609
-0.0677000000000001,0.637327440589199
-0.0667000000000002,0.6371859694592126
-0.06570000000000009,0.6395909786689831
-0.0647000000000002,0.6445424682185106
-0.06370000000000009,0.6449668816084703
-0.0627000000000002,0.6476548330782137
-0.06170000000000009,0.6517574958478223
-0.0607000000000002,0.6514745535878493
-0.059700000000000086,0.6547283895775389
-0.058700000000000196,0.6560016297474174
-0.057700000000000085,0.6591139946071205
-0.056700000000000195,0.6618019460768642
-0.05570000000000008,0.6615190038168911
-0.05470000000000019,0.6653387243265267
-0.05370000000000008,0.6677437335362972
-0.05270000000000019,0.6712805117859599
-0.05170000000000008,0.6722708096958655
-0.05070000000000019,0.6739684632557035
-0.04970000000000008,0.6782125971552986
-0.04870000000000019,0.6804761352350827
-0.047700000000000076,0.6818908465349477
-0.046700000000000186,0.6838714423547588
-0.045700000000000074,0.6881155762543539
-0.044700000000000184,0.692076767893976
-0.04370000000000007,0.7042432850728153
-0.04270000000000018,0.6970282574435036
-0.04170000000000007,0.6977356130934361
-0.04070000000000018,0.7031115160329233
-0.03970000000000007,0.7043847562028018
-0.03870000000000018,0.711458312702127
-0.03770000000000007,0.7222101185811013
-0.03670000000000018,0.7154195043417491
-0.035700000000000065,0.7205124650212632
-0.034700000000000175,0.7220686474511148
-0.03370000000000006,0.7257468968307639
-0.03270000000000017,0.7281519060405344
-0.03170000000000006,0.7306983863802915
-0.03070000000000017,0.7340936934999676
-0.02970000000000006,0.7386207696595357
-0.02870000000000017,0.7411672499992927
-0.027700000000000058,0.7461187395488204
-0.026700000000000168,0.7479578642386449
-0.025700000000000056,0.75220199813824
-0.024700000000000166,0.7571534876877677
-0.023700000000000054,0.7601243814174842
-0.022700000000000164,0.7670564667868228
-0.021700000000000053,0.7691785337366205
-0.020700000000000163,0.7737056098961885
-0.01970000000000005,0.7795059262256352
-0.01870000000000016,0.7817694643054193
-0.01770000000000005,0.7851647714250953
-0.01670000000000016,0.7919553856644476
-0.015700000000000047,0.7947848082641775
-0.014700000000000157,0.8003021823336512
-0.013700000000000045,0.8053951430131653
-0.012700000000000156,0.808931921262828
-0.011700000000000044,0.8160054777621532
-0.010700000000000154,0.8212399095716538
-0.009700000000000042,0.8264743413811545
-0.008700000000000152,0.8311428886707091
-0.00770000000000004,0.8351040803103312
-0.00670000000000015,0.8407629255097913
-0.005700000000000038,0.847977953139103
-0.0047000000000001485,0.8515147313887655
-0.0037000000000000366,0.8587297590180772
-0.0027000000000001467,0.8643886042175374
-0.0017000000000000348,0.8696230360270382
-0.000700000000000145,0.8759892368764308
0.00029999999999996696,0.8805163130359989
0.0012999999999998568,0.8881557540552701
0.0022999999999999687,0.8948048971646357
0.0032999999999998586,0.9003222712341092
0.0042999999999999705,0.9076787699934075
0.00529999999999986,0.9131961440628811
0.006299999999999972,0.9208355850821524
0.007299999999999862,0.9273432570615314
0.008299999999999974,0.9346997558208296
0.009299999999999864,0.9405000721502763
0.010299999999999976,0.9506859935093046
0.011299999999999866,0.9629939818181305
0.012299999999999978,0.9826584688862544
0.013299999999999867,0.735649875929819
0.012299999999999978,0.6129944062315204
0.011299999999999866,0.553859473897162
0.010299999999999976,0.5119840194211568
0.009299999999999864,0.47463564110471984
0.008299999999999974,0.43884344521813434
0.007299999999999862,0.40913450792096867
0.006299999999999972,0.3795670417537893
0.00529999999999986,0.35664871869597575
0.0042999999999999705,0.3320327420783241
0.0032999999999998586,0.30826559224059147
0.0022999999999999687,0.288742576302454
0.0012999999999998568,0.26780484906445146
0.00029999999999996696,0.25012095781613847
-0.000700000000000145,0.23342736447773108
-0.0017000000000000348,0.21404581966958006
-0.0027000000000001467,0.19947429328097016
-0.0037000000000000366,0.1846198246323873
-0.0047000000000001485,0.16905800033387192
-0.005700000000000038,0.15788178106493808
-0.00670000000000015,0.14189554337646318
-0.00770000000000004,0.13028076360457122
-0.008700000000000152,0.11863768960668199
-0.009700000000000042,0.11289396172922993
-0.010700000000000154,0.09487053976894937
-0.011700000000000044,0.0885892215975486
-0.012700000000000156,0.07489481621485504
-0.013700000000000045,0.06339321334695229
-0.014700000000000157,0.05448053215780257
-0.015700000000000047,0.04433705213777025
-0.01670000000000016,0.03420771923073659
-0.01770000000000005,0.024134974775697527
-0.01870000000000016,0.018886395853198238
-0.01970000000000005,0.010303342396917062
-0.020700000000000163,0.0009519592336791832
-0.021700000000000053,-0.0062643416358023835
-0.022700000000000164,-0.013787776328484647
-0.023700000000000054,-0.019933282215098366
-0.024700000000000166,-0.026073129256512624
-0.025700000000000056,-0.03416527789174064
-0.026700000000000168,-0.03985241731719808
-0.027700000000000058,-0.044124845442790495
-0.02870000000000017,-0.051863316253052245
-0.02970000000000006,-0.057649485469500245
-0.03070000000000017,-0.0638742151889064
-0.03170000000000006,-0.0695755017273625
-0.03270000000000017,-0.07421575479091982
-0.03370000000000006,-0.0791248030014515
-0.034700000000000175,-0.0842884992459589
-0.035700000000000065,-0.0887589869535324
-0.03670000000000018,-0.09504030512493315
-0.03770000000000007,-0.09917126212053906
-0.03870000000000018,-0.10253827501421786
-0.03970000000000007,-0.10726341075576709
-0.04070000000000018,-0.11211587051430415
-0.04170000000000007,-0.11551117763398025
-0.04270000000000018,-0.12029290182752407
-0.04370000000000007,-0.12346185513922175
-0.044700000000000184,-0.1280030784117885
-0.045700000000000074,-0.1276069592478263
-0.046700000000000186,-0.13352045248126215
-0.047700000000000076,-0.1388397669687547
-0.04870000000000019,-0.1421784856364362
-0.04970000000000008,-0.14571526388609876
-0.05070000000000019,-0.14868615761581536
-0.05170000000000008,-0.15278882038542396
-0.05270000000000019,-0.15717442541500556
-0.05370000000000008,-0.1588720789748436
-0.05470000000000019,-0.1622673860945197
-0.05570000000000008,-0.16622857773414182
-0.056700000000000195,-0.1689165292038854
-0.057700000000000085,-0.17231183632356148
-0.058700000000000196,-0.173868018753413
-0.059700000000000086,-0.1772633258730891
-0.0607000000000002,-0.18136598864269768
-0.06170000000000009,-0.1844783535024008
-0.0627000000000002,-0.18674189158218485
-0.06370000000000009,-0.18886395853198237
-0.0647000000000002,-0.19070308322180693
-0.06570000000000009,-0.19508868825138856
-0.0667000000000002,-0.19678634181122662
-0.0677000000000001,-0.19890840876102414
-0.0687000000000002,-0.20272812927065975
-0.0697000000000001,-0.20301107153063278
-0.07070000000000021,-0.2075381476902009
-0.0717000000000001,-0.20980168576998495
-0.07270000000000021,-0.21220669497975553
-0.0737000000000001,-0.2156020020994316
-0.07470000000000021,-0.2160264154893911
-0.0757000000000001,-0.21913878034909418
-0.07670000000000021,-0.22111937616890526
-0.0777000000000001,-0.22380732763864883
-0.07870000000000021,-0.22592939458844638
-0.0797000000000001,-0.22833440379821693
-0.08070000000000022,-0.23045647074801448
-0.0817000000000001,-0.23314442221775805
-0.08270000000000022,-0.23399324899767707
-0.08370000000000011,-0.23639825820744764
-0.08470000000000022,-0.24035944984706975
-0.08570000000000011,-0.24304740131681332
-0.08670000000000022,-0.2446035837466648
-0.08770000000000011,-0.24545241052658387
-0.08870000000000022,-0.24757447747638137
-0.08970000000000011,-0.250545371206098
-0.09070000000000022,-0.250828313466071
-0.09170000000000011,-0.25365773606580105
-0.09270000000000023,-0.2574774565754367
-0.09370000000000012,-0.2574774565754367
-0.09470000000000023,-0.2610142348250993
-0.09570000000000012,-0.2622874749949778
-0.09670000000000023,-0.26327777290488336
-0.09770000000000012,-0.2686536758443705
-0.09870000000000023,-0.26851220471438403
-0.09970000000000012,-0.269643973754276
-0.10070000000000023,-0.2733222231339251
-0.10170000000000012,-0.27473693443379016
-0.10270000000000024,-0.27841518381343927
-0.10370000000000013,-0.27926401059335826
-0.10470000000000024,-0.2805372507632368
-0.10570000000000013,-0.28704492274261595
-0.10670000000000024,-0.28761080726256194
-0.10770000000000013,-0.2891669896924135
-0.10870000000000024,-0.29199641229214357
-0.10970000000000013,-0.2918549411621571
-0.11070000000000024,-0.2944014215019141
-0.11170000000000013,-0.2966649595816982
-0.11270000000000002,-0.2993529110514418
-0.11370000000000013,-0.3011920357412663
-0.11470000000000002,-0.3013335068712528
-0.11570000000000014,-0.30543616964086145
-0.11670000000000003,-0.30727529433068596
-0.11770000000000014,-0.3093973612804835
-0.11870000000000003,-0.3119438416202406
-0.11970000000000014,-0.3139244374400516
-0.12070000000000003,-0.3159050332598627
-0.12170000000000014,-0.3188759269895793
-0.12270000000000003,-0.32029063828944426
-0.12370000000000014,-0.3234030031491474
-0.12470000000000003,-0.3239688876690934
-0.12570000000000014,-0.32651536800885045
-0.12670000000000003,-0.329203319478594
-0.12770000000000015,-0.3323156843382971
-0.12870000000000004,-0.33245715546828364
-0.12970000000000015,-0.3362768759779193
-0.13070000000000004,-0.3386818851876898
-0.13170000000000015,-0.33981365422758186
-0.13270000000000004,-0.34462367264712296
-0.13370000000000015,-0.34490661490709595
-0.13470000000000004,-0.347736037506826
-0.13570000000000015,-0.35141428688647514
-0.13670000000000004,-0.3532534115762997
-0.13770000000000016,-0.3577804877358678
-0.13870000000000005,-0.3587707856457733
-0.13970000000000016,-0.3610343237255574
-0.14070000000000005,-0.36541992875513896
-0.14170000000000016,-0.366551697795031
-0.14270000000000005,-0.37022994717468005
-0.14370000000000016,-0.3724934852544642
-0.14470000000000005,-0.37518143672420773
-0.14570000000000016,-0.37942557062380283
-0.14670000000000005,-0.38112322418364086
-0.14770000000000016,-0.38366970452339794
-0.14870000000000005,-0.38890413633289855
-0.14970000000000017,-0.3948459237923317
-0.15070000000000006,-0.3952703371822912
-0.15170000000000017,-0.3976753463920618
-0.15270000000000006,-0.40036329786180536
-0.15370000000000017,-0.40390007611146794
-0.15470000000000006,-0.40489037402137346
-0.15570000000000017,-0.4121054016506852
-0.15670000000000006,-0.4187545447600509
-0.15770000000000017,-0.41776424685014535
-0.15870000000000006,-0.42158396735978093
-0.15970000000000018,-0.4248378033494705
-0.16070000000000007,-0.43983374312803997
-0.16170000000000018,-0.43247724436874174
-0.16270000000000007,-0.43615549374839085
-0.16370000000000018,-0.4401166853880129
-0.16470000000000007,-0.44662435736739203
-0.16570000000000018,-0.44818053979724365
-0.16670000000000007,-0.45171731804690624
-0.16770000000000018,-0.45553703855654176
-0.16870000000000007,-0.45879087454623135
-0.16970000000000018,-0.46459119087567796
-0.17070000000000007,-0.4678450268653676
-0.17170000000000019,-0.47223063189494924
-0.17270000000000008,-0.4795871306542474
-0.1737000000000002,-0.4832653800338965
-0.17470000000000008,-0.48637774489359964
-0.1757000000000002,-0.4911877633131407
-0.17670000000000008,-0.4968466085126009
-0.1777000000000002,-0.503637222751953
-0.17870000000000008,-0.5061837030917101
-0.1797000000000002,-0.5117010771611837
-0.18070000000000008,-0.5191990470504685
-0.1817000000000002,-0.5275458437196722
-0.18270000000000008,-0.5316485064892809
-0.1837000000000002,-0.5350438136089569
-0.1847000000000001,-0.540136774288471
-0.1857000000000002,-0.5493323977375938
-0.1867000000000001,-0.5540009450271484
-0.1877000000000002,-0.5603671458765411
-0.1887000000000001,-0.5661674622059877
-0.1897000000000002,-0.5719677785354343
-0.1907000000000001,-0.5801731040746516
-0.1917000000000001,-0.5866807760540307
-0.19269999999999998,-0.5930469769034233
-0.1937000000000001,-0.6009693601826676
-0.19469999999999998,-0.6063452631221548
-0.1957000000000001,-0.6214826740307106
-0.19669999999999999,-0.6247365100204001
-0.1977000000000001,-0.6277074037501167
-0.1987,-0.6356297870293609
-0.1997000000000001,-0.6434106991786186
-0.2007,-0.6541625050575929
-0.2017000000000001,-0.6650557820665538
-0.2027,-0.6709975695259869
-0.2037000000000001,-0.675524645685555
-0.2047,-0.6867008649544888
-0.2057000000000001,-0.694623248233733
-0.2067,-0.7032529871629097
-0.2077000000000001,-0.7118827260920865
-0.2087,-0.7224930608410742
-0.2097000000000001,-0.7326789822001024
-0.2107,-0.7417331345192387
-0.2117000000000001,-0.753050824918159
-0.2127,-0.7662076400069039
-0.2137000000000001,-0.77526179232604
-0.2147,-0.788984491934731
-0.2157000000000001,-0.7986045287738132
-0.2167,-0.8065269120530575
-0.21770000000000012,-0.8201081405317618
-0.2187,-0.829445235110871
-0.21970000000000012,-0.8421776368096564
-0.2207,-0.8556173941583741
-0.22170000000000012,-0.8669350845572944
-0.2227,-0.8798089573860663
-0.22370000000000012,-0.8931072436047977
-0.2247,-0.905273760783637
-0.22570000000000012,-0.9214014696020982
-0.2267,-0.9338509290409107
-0.22770000000000012,-0.947998042039561
-0.22870000000000001,-0.9648331065079551
-0.22970000000000013,-0.9778484504667133
-0.23070000000000002,-0.9932688036352422
-0.23170000000000013,-1.0076988588938656
-0.23270000000000002,-1.0262315769220975
-0.23370000000000013,-1.0419348723505995
-0.23470000000000002,-1.0567893409991824
-0.23570000000000013,-1.074897645637455
-0.23670000000000002,-1.0932888925357005
-0.2376999999999999,-1.1102654281340807
-0.23870000000000002,-1.1273834348624476
-0.2396999999999999,-1.1450673261107607
-0.24070000000000003,-1.1658635822187766
-0.24169999999999991,-1.1870842517167524
-0.24270000000000003,-1.2034949027951867
-0.24369999999999992,-1.2252814568131083
-0.24470000000000003,-1.247350953091003
-0.24569999999999992,-1.2630542485195047
-0.24670000000000003,-1.2859725715773183
-0.24769999999999992,-1.3093153080250914
-0.24870000000000003,-1.3289797950932156
-0.24969999999999992,-1.3537372428408536
-0.25070000000000003,-1.377645863808573
-0.2516999999999999,-1.3997153600864674
-0.25270000000000004,-1.426028990263957
-0.2536999999999999,-1.4486643710617975
-0.25470000000000004,-1.472714463159503
-0.2556999999999999,-1.4967645552572086
-0.25670000000000004,-1.5236440699546445
-0.25769999999999993,-1.5519382959519452
-0.25870000000000004,-1.5759883880496508
-0.25969999999999993,-1.6056973253468165
-0.26070000000000004,-1.6354062626439825
-0.26169999999999993,-1.6637004886412832
-0.26270000000000004,-1.690580003338719
-0.26369999999999993,-1.7188742293360195
-0.26470000000000005,-1.7499978779330503
-0.26569999999999994,-1.781121526530081
-0.26670000000000005,-1.8122451751271118
-0.26769999999999994,-1.8419541124242775
-0.26870000000000005,-1.8773218949209036
-0.26969999999999994,-1.9056161209182045
-0.27070000000000005,-1.9423986147146954
-0.27169999999999994,-1.9749369746115912
-0.27270000000000005,-2.0103047571082175
-0.27369999999999994,-2.045672539604843
-0.27470000000000006,-2.082455033401334
-0.27569999999999995,-2.11782281589796
-0.27670000000000006,-2.1574347322941807
-0.27769999999999995,-2.192802514790807
-0.27870000000000006,-2.2324144311870278
-0.27969999999999995,-2.2706116362833835
-0.28070000000000006,-2.310223552679605
-0.28169999999999995,-2.352664891675556
-0.28270000000000006,-2.392276808071777
-0.28369999999999995,-2.4347181470677284
-0.28470000000000006,-2.4799889086634095
-0.28569999999999995,-2.5196008250596305
-0.28670000000000007,-2.5620421640555815
-0.28769999999999996,-2.6073129256512626
-0.28870000000000007,-2.6525836872469437
-0.28969999999999996,-2.69926916014249
-0.29070000000000007,-2.745954633038036
-0.29169999999999996,-2.795469528533313
-0.29270000000000007,-2.8393255788291283
-0.29369999999999996,-2.8860110517246746
-0.2947000000000001,-2.938355369819681
-0.29569999999999996,-2.9850408427152275
-0.2967000000000001,-3.034555738210504
-0.29769999999999996,-3.08972947890524
-0.2987000000000001,-3.1392443744005165
-0.29969999999999997,-3.1915886924955226
-0.3007000000000001,-3.2453477218903943
-0.30169999999999997,-3.2962773286855356
-0.3027000000000001,-3.3500363580804073
-0.30369999999999997,-3.405210098775143
-0.3047000000000001,-3.4646279733694745
-0.30569999999999997,-3.5240458479638064
-0.3067000000000001,-3.5749754547589476
-0.3077,-3.6358080406531443
-0.3087000000000001,-3.696640626547341
-0.3097,-3.751814367242077
-0.3107000000000001,-3.8140616644361387
-0.3117,-3.8734795390304706
-0.3127000000000001,-3.931482702324937
-0.3137,-3.9937299995189983
-0.3147000000000001,-4.05597729671306
-0.3157,-4.118224593907121
-0.3167000000000001,-4.184716025000778
-0.3177,-4.251207456094435
-0.3187000000000001,-4.313454753288497
-0.3197,-4.381360895682018
-0.3207000000000001,-4.443608192876081
-0.3217,-4.514343757869332
-0.3227000000000001,-4.582249900262854
-0.3237,-4.6572295991557
-0.3247000000000001,-4.730794586748683
-0.3257,-4.797286017842339
-0.3267000000000001,-4.872265716735186
-0.3277,-4.940171859128707
-0.3287000000000001,-5.015151558021555
-0.3297,-5.085887123014808
-0.3307000000000001,-5.159452110607789
-0.3317,-5.237261232100366
-0.3327000000000001,-5.315070353592943
-0.3337,-5.3900500524857895
-0.3347000000000001,-5.4622003287789065
-0.3357,-5.538594738971618
-0.3367000000000001,-5.623477416963521
-0.3377,-5.708360094955423
-0.3387000000000001,-5.7960721955470555
-0.3397,-5.869637183140037
-0.3407000000000001,-5.953105149832074
-0.3417,-6.033743693924381
-0.3427000000000001,-6.117211660616419
-0.3437,-6.206338472507916
-0.3447000000000001,-6.294050573099549
-0.3457,-6.381762673691181
-0.3467000000000001,-6.466645351683083
-0.3477,-6.55577216357458
-0.3487000000000001,-6.6491431093656725
-0.3497,-6.7340257873575755
-0.3507000000000001,-6.823152599249072
-0.3517,-6.917938256340029
-0.3527000000000001,-7.011309202131122
-0.3537,-7.111753704421539
-0.3547000000000001,-7.209368784112227
-0.3557,-7.301325018603455
-0.35670000000000013,-7.403184232193737
-0.3577,-7.506458157083885
-0.35870000000000013,-7.595584968975381
-0.3597,-7.697444182565665
-0.36070000000000013,-7.7978886848560816
-0.3617,-7.90682145494569
-0.3626999999999999,-8.010095379835839
-0.3637,-8.11478401602585
-0.3646999999999999,-8.215228518316268
-0.3657,-8.324161288405875
-0.3666999999999999,-8.435923481095214
-0.3677,-8.546270962484687
-0.3686999999999999,-8.656618443874159
-0.36970000000000003,-8.768380636563498
-0.3706999999999999,-8.877313406653105
-0.37170000000000003,-8.993319733242037
-0.3726999999999999,-9.10649663723124
-0.37370000000000003,-9.222502963820174
-0.3746999999999999,-9.342753424308702
-0.37570000000000003,-9.463003884797232
-0.3766999999999999,-9.581839633985894
-0.37770000000000004,-9.702090094474421
-0.3786999999999999,-9.82516997756268
-0.37970000000000004,-9.945420438051208
-0.3806999999999999,-10.068500321139467
-0.38170000000000004,-10.194409626827454
-0.38269999999999993,-10.323148355115173
-0.38370000000000004,-10.456131217302488
-0.38469999999999993,-10.583455234290339
-0.38570000000000004,-10.713608673877923
-0.38669999999999993,-10.840932690865777
-0.38770000000000004,-10.969671419153494
-0.38869999999999993,-11.111142549139998
-0.38970000000000005,-11.238466566127851
-0.39069999999999994,-11.38418183001395
-0.39170000000000005,-11.52423824870059
-0.39269999999999994,-11.665709378687092
-0.39370000000000005,-11.807180508673596
-0.39469999999999994,-11.95148106125983
-0.39570000000000005,-12.092952191246333
-0.39669999999999994,-12.237252743832567
-0.39770000000000005,-12.374479739919476
-0.39869999999999994,-12.515950869905978
-0.39970000000000006,-12.653177865992886
-0.40069999999999995,-12.808796108978042
-0.40170000000000006,-12.965829063263062
-0.40269999999999995,-13.112959038449025
-0.40370000000000006,-13.267162570134314
-0.40469999999999995,-13.425610235719198
-0.40570000000000006,-13.576984344804757
-0.40669999999999995,-13.742505566888967
-0.40770000000000006,-13.90095323247385
-0.40869999999999995,-14.06647445455806
-0.40970000000000006,-14.231995676642269
-0.41069999999999995,-14.387613919627421
-0.41170000000000007,-14.557379275611227
-0.41269999999999996,-14.727144631595033
-0.41370000000000007,-14.882762874580186
-0.41469999999999996,-15.06667534356264
-0.41570000000000007,-15.236440699546446
-0.41669999999999996,-15.4203531685289
-0.41770000000000007,-15.590118524512702
-0.41869999999999996,-15.77403099349516
-0.4197000000000001,-15.943796349478962
-0.42069999999999996,-16.141855931460068
-0.4217000000000001,-16.325768400442524
-0.42269999999999996,-16.56626932141958
-0.4237000000000001,-16.778476016399335
-0.42469999999999997,-16.97653559838044
-0.4257000000000001,-17.146300954364243
-0.42669999999999997,-17.37265476234265
-0.4277000000000001,-17.570714344323754
-0.42869999999999997,-17.75462681330621
-0.4297000000000001,-17.952686395287316
-0.43069999999999997,-18.164893090267068
-0.4317000000000001,-18.377099785246827
-0.4327,-18.57515936722793
-0.4337000000000001,-18.78736606220769
-0.4347,-18.985425644188794
-0.4357000000000001,-19.211779452167196
-0.4367,-19.4381332601456
-0.4377000000000001,-19.636192842126707
-0.4387,-19.862546650105116
-0.4397000000000001,-20.088900458083522
-0.4407,-20.34354849205923
-0.4417000000000001,-20.569902300037633
-0.4427,-20.79625610801604
-0.4437000000000001,-21.036757028993097
-0.4447,-21.248963723972853
-0.4457000000000001,-21.47531753195126
-0.4467,-21.71581845292831
-0.4477000000000001,-21.95631937390537
-0.4487,-22.210967407881075
-0.4497000000000001,-22.46561544185678
-0.4507,-22.578792345845983
-0.4517000000000001,-22.67782213683654
-0.4527,-22.960764396809545
-0.4537000000000001,-22.91832305781359
-0.4547,-23.144676865792
-0.4557000000000001,-23.41347201276636
-0.4567,-23.696414272739364
-0.4577000000000001,-23.993503645711023
-0.4587,-24.23400456668808
-0.4597000000000001,-24.432064148669184
-0.4607,-24.71500640864219
-0.4617000000000001,-25.04039000761115
-0.4627,-25.337479380582806
-0.4637000000000001,-25.60627452755716
-0.4647,-25.91751101352747
-0.4657000000000001,-26.18630616050183
-0.4667,-26.497542646472137
-0.4677000000000001,-26.681455115454593
-0.4687,-27.00683871442355
-0.4697000000000001,-27.303928087395207
-0.4707,-27.62931168636417
-0.4717000000000001,-27.926401059335824
-0.4727,-28.237637545306132
-0.4737000000000001,-28.548874031276437
-0.4747,-28.831816291249446
-0.4757000000000001,-29.157199890218404
-0.4767,-29.510877715184666
-0.4777000000000001,-29.80796708815632
-0.4787,-30.189939139119886
-0.4797000000000001,-30.43044006009694
-0.4807,-30.614352529079397
-0.48170000000000013,-30.939736128048356
-0.4827,-31.29341395301461
-0.48370000000000013,-31.675386003978172
-0.4847,-32.04321094194308
-0.48570000000000013,-32.39688876690934
-0.4867,-32.354447427913385
-0.48570000000000013,-32.08565228093904
-0.4847,-31.816857133964678
-0.48370000000000013,-31.675386003978172
-0.4827,-31.36414951800786
-0.48170000000000013,-31.12364859703081
-0.4807,-30.88314767605375
-0.4797000000000001,-30.614352529079397
-0.4787,-30.37385160810234
-0.4777000000000001,-30.07676223513068
-0.4767,-29.779672862159025
-0.4757000000000001,-29.525024828183312
-0.4747,-29.242082568210304
-0.4737000000000001,-28.987434534234602
-0.4727,-28.746933613257543
-0.4717000000000001,-28.506432692280487
-0.4707,-28.209343319308836
-0.4697000000000001,-28.06787218932233
-0.4687,-27.756635703352025
-0.4677000000000001,-27.459546330380363
-0.4667,-27.233192522401957
-0.4657000000000001,-26.9643973754276
-0.4647,-26.723896454450543
-0.4637000000000001,-26.497542646472137
-0.4627,-26.27118883849373
-0.4617000000000001,-26.002393691519377
-0.4607,-25.77603988354097
-0.4597000000000001,-25.43650917157336
-0.4587,-25.06868423360845
-0.4577000000000001,-24.771594860636792
-0.4567,-24.488652600663784
-0.4557000000000001,-24.290593018682678
-0.4547,-24.078386323702922
-0.4537000000000001,-23.86617962872317
-0.4527,-23.597384481748815
-0.4517000000000001,-23.314442221775803
-0.4507,-23.031499961802798
-0.4497000000000001,-22.819293266823045
-0.4487,-22.564645232847337
-0.4477000000000001,-22.352438537867577
-0.4467,-22.15437895588647
-0.4457000000000001,-21.99876071290132
-0.4447,-21.772406904922917
-0.4437000000000001,-21.51775887094721
-0.4427,-21.30555217596745
-0.4417000000000001,-21.093345480987697
-0.4407,-20.85284456001064
-0.4397000000000001,-20.683079204026836
-0.4387,-20.499166735044383
-0.4377000000000001,-20.272812927065978
-0.4367,-20.03231200608892
-0.4357000000000001,-19.848399537106463
-0.4347,-19.622045729128057
-0.4337000000000001,-19.4381332601456
-0.4327,-19.339103469155052
-0.4317000000000001,-19.070308322180697
-0.43069999999999997,-18.80151317520634
-0.4297000000000001,-18.617600706223882
-0.42869999999999997,-18.40539401124413
-0.4277000000000001,-18.207334429263025
-0.42669999999999997,-18.03756907327922
-0.4257000000000001,-17.839509491298113
-0.42469999999999997,-17.683891248312957
-0.4237000000000001,-17.499978779330505
-0.42269999999999996,-17.301919197349395
-0.4217000000000001,-17.160448067362896
-0.42069999999999996,-16.919947146385837
-0.4197000000000001,-16.721887564404735
-0.41869999999999996,-16.50968086942498
-0.41770000000000007,-16.368209739438473
-0.41669999999999996,-16.21259149645332
-0.41570000000000007,-16.04282614046952
-0.41469999999999996,-15.87306078448571
-0.41370000000000007,-15.717442541500558
-0.41269999999999996,-15.547677185516752
-0.41170000000000007,-15.363764716534297
-0.41069999999999995,-15.193999360550496
-0.40970000000000006,-15.05252823056399
-0.40869999999999995,-14.882762874580186
-0.40770000000000006,-14.727144631595033
-0.40669999999999995,-14.557379275611227
-0.40570000000000006,-14.373466806628771
-0.40469999999999995,-14.231995676642269
-0.40370000000000006,-14.076377433657115
-0.40269999999999995,-13.922173901971824
-0.40170000000000006,-13.780702771985322
-0.40069999999999995,-13.653378754997467
-0.39970000000000006,-13.49068695551299
-0.39869999999999994,-13.359118804625542
-0.39770000000000005,-13.202085850340522
-0.39669999999999994,-13.066273565553479
-0.39570000000000005,-12.92055830166738
-0.39469999999999994,-12.762110636082495
-0.39370000000000005,-12.643274886893833
-0.39269999999999994,-12.486241932608813
-0.39170000000000005,-12.36174733822069
-0.39069999999999994,-12.258473413330542
-0.38970000000000005,-12.122661128543498
-0.38869999999999993,-11.98260470985686
-0.38770000000000004,-11.853865981569143
-0.38669999999999993,-11.736444943680345
-0.38570000000000004,-11.620438617091411
-0.38469999999999993,-11.476138064505177
-0.38370000000000004,-11.358717026616379
-0.38269999999999993,-11.214416474030147
-0.38170000000000004,-11.092751302241753
-0.3806999999999999,-10.97674497565282
-0.37970000000000004,-10.846591536065237
-0.3786999999999999,-10.726341075576709
-0.37770000000000004,-10.615993594187234
-0.3766999999999999,-10.488669577199383
-0.37570000000000003,-10.37832209580991
-0.3746999999999999,-10.26373048052084
-0.37370000000000003,-10.142065308732448
-0.3726999999999999,-10.02181484824392
-0.37170000000000003,-9.914296789454177
-0.3706999999999999,-9.781313927266863
-0.36970000000000003,-9.666722311977795
-0.3686999999999999,-9.560618964487917
-0.3677,-9.44602734919885
-0.3666999999999999,-9.328606311310052
-0.3657,-9.219673541220443
-0.3646999999999999,-9.096593658132186
-0.3637,-9.025858093138934
-0.3626999999999999,-8.894289942251486
-0.3617,-8.802333707760258
-0.36070000000000013,-8.683497958571595
-0.3597,-8.584468167581042
-0.35870000000000013,-8.484023665290625
-0.3577,-8.384993874300074
-0.35670000000000013,-8.290208217209116
-0.3557,-8.181275447119509
-0.3547000000000001,-8.080830944829088
-0.3537,-7.981801153838537
-0.3527000000000001,-7.88135665154812
-0.3517,-7.778082726657972
-0.3507000000000001,-7.681882358267148
-0.3497,-7.587096701176192
-0.3487000000000001,-7.4937257553851
-0.3477,-7.396110675694412
-0.3467000000000001,-7.306983863802915
-0.3457,-7.220686474511147
-0.3447000000000001,-7.12873024001992
-0.3437,-7.041018139428288
-0.3427000000000001,-6.947647193637194
-0.3417,-6.864179226945158
-0.3407000000000001,-6.776467126353525
-0.3397,-6.684510891862298
-0.3387000000000001,-6.602457636470127
-0.3377,-6.514745535878494
-0.3367000000000001,-6.429862857886591
-0.3357,-6.349224313794284
-0.3347000000000001,-6.254438656703328
-0.3337,-6.166726556111695
-0.3327000000000001,-6.040817250423707
-0.3317,-5.96583755153086
-0.3307000000000001,-5.885199007438552
-0.3297,-5.817292865045031
-0.3287000000000001,-5.740898454852318
-0.3277,-5.6715776011589325
-0.3267000000000001,-5.600842036165679
-0.3257,-5.490494554776207
-0.3247000000000001,-5.41268543328363
-0.3237,-5.3306321778914585
-0.3227000000000001,-5.254237767698746
-0.3217,-5.18208749140563
-0.3207000000000001,-5.109937215112512
-0.3197,-5.040616361419126
-0.3187000000000001,-4.979783775524929
-0.3177,-4.931683591329518
-0.3167000000000001,-4.860948026336266
-0.3157,-4.766162369245309
-0.3147000000000001,-4.688353247752731
-0.3137,-4.6162029714596144
-0.3127000000000001,-4.546882117766228
-0.3117,-4.4846348205721664
-0.3107000000000001,-4.41814338947851
-0.3097,-4.355896092284448
-0.3087000000000001,-4.279501682091736
-0.3077,-4.214424962297944
-0.3067000000000001,-4.153592376403748
-0.30569999999999997,-4.095589213109282
-0.3047000000000001,-4.024853648116029
-0.30369999999999997,-3.962606350921967
-0.3027000000000001,-3.9003590537279056
-0.30169999999999997,-3.8395264678337093
-0.3007000000000001,-3.8055733966369485
-0.29969999999999997,-3.7320084090439667
-0.2987000000000001,-3.65985813275085
-0.29769999999999996,-3.6018549694563835
-0.2967000000000001,-3.543851806161917
-0.29569999999999996,-3.4886780654671803
-0.2947000000000001,-3.430674902172714
-0.29369999999999996,-3.371257027578382
-0.29270000000000007,-3.3118391529840507
-0.29169999999999996,-3.2580801235891794
-0.29070000000000007,-3.200076960294713
-0.28969999999999996,-3.1449032195999767
-0.28870000000000007,-3.08407063370578
-0.28769999999999996,-3.031726315610774
-0.28670000000000007,-2.975137863616172
-0.28569999999999995,-2.9213788342213007
-0.28470000000000006,-2.870449227426159
-0.28369999999999995,-2.823763754530613
-0.28270000000000006,-2.768590013835877
-0.28169999999999995,-2.719075118340601
-0.28070000000000006,-2.666730800245594
-0.27969999999999995,-2.618630616050183
-0.27870000000000006,-2.5677010092550416
-0.27769999999999995,-2.5196008250596305
-0.27670000000000006,-2.4771594860636794
-0.27569999999999995,-2.4234004566688077
-0.27470000000000006,-2.3767149837732613
-0.27369999999999994,-2.330029510877715
-0.27270000000000005,-2.283344037982169
-0.27169999999999994,-2.2437321215859485
-0.27070000000000005,-2.1984613599902674
-0.26969999999999994,-2.1531905983945863
-0.26870000000000005,-2.1065051254990395
-0.26769999999999994,-2.0626490752032236
-0.26670000000000005,-2.017378313607542
-0.26569999999999994,-1.9777663972113213
-0.26470000000000005,-1.93532505821537
-0.26369999999999993,-1.897127853119014
-0.26270000000000004,-1.8561012254229279
-0.26169999999999993,-1.815074597726842
-0.26070000000000004,-1.776877392630486
-0.25969999999999993,-1.7372654762342652
-0.25870000000000004,-1.701897693737639
-0.25769999999999993,-1.6622857773414181
-0.25670000000000004,-1.6240885722450622
-0.2556999999999999,-1.5887207897484361
-0.25470000000000004,-1.5519382959519452
-0.2536999999999999,-1.5179852247551844
-0.25270000000000004,-1.4812027309586933
-0.2516999999999999,-1.4472496597619326
-0.25070000000000003,-1.4137210019551312
-0.24969999999999992,-1.3784946905884918
-0.24870000000000003,-1.345956330691596
-0.24769999999999992,-1.3114373749748889
-0.24670000000000003,-1.280030784117885
-0.24569999999999992,-1.2477753664809623
-0.24470000000000003,-1.2160858333639855
-0.24369999999999992,-1.1848207136369682
-0.24270000000000003,-1.153272651649978
-0.24169999999999991,-1.1239881277427717
-0.24070000000000003,-1.0930059502757274
-0.2396999999999999,-1.0647117242784265
-0.23870000000000002,-1.036134556021153
-0.2376999999999999,-1.0074159166338927
-0.23670000000000002,-0.978838748376619
-0.23570000000000013,-0.9516762914192101
-0.23470000000000002,-0.9236650076818825
-0.23370000000000013,-0.8997563867141634
-0.23270000000000002,-0.8707548050669301
-0.23170000000000013,-0.8475535397491435
-0.23070000000000002,-0.8230790342614784
-0.22970000000000013,-0.7952092216541371
-0.22870000000000001,-0.7708761872964585
-0.22770000000000012,-0.7459772684188338
-0.2267,-0.7237663010109527
-0.22570000000000012,-0.7036774005528693
-0.2247,-0.675241703425582
-0.22370000000000012,-0.6547283895775389
-0.2227,-0.6318100665197254
-0.22170000000000012,-0.6080429166819927
-0.2207,-0.5878125450939228
-0.21970000000000012,-0.5651771642960822
-0.2187,-0.5459370906179177
-0.21770000000000012,-0.5245749499899556
-0.2167,-0.5064666453516832
-0.2157000000000001,-0.48312390890391005
-0.2147,-0.4650156042656376
-0.2137000000000001,-0.4442193481576215
-0.2127,-0.4268183991692816
-0.2117000000000001,-0.4078612677510901
-0.2107,-0.3893285497228581
-0.2097000000000001,-0.37221054299449113
-0.2087,-0.3528289981863401
-0.2077000000000001,-0.3362768759779193
-0.2067,-0.31873445585959276
-0.2057000000000001,-0.30204086252118534
-0.2047,-0.28619609596269696
-0.2037000000000001,-0.2706342716641816
-0.2027,-0.2518186113759765
-0.2017000000000001,-0.2382373828972722
-0.2007,-0.2228170297287433
-0.1997000000000001,-0.2078210899501739
-0.1987,-0.19254220791163149
-0.1977000000000001,-0.17754626813306212
-0.19669999999999999,-0.1626917994844792
-0.1957000000000001,-0.14868615761581536
-0.19469999999999998,-0.1363074337419963
-0.1937000000000001,-0.12295255907127035
-0.19269999999999998,-0.10695217426979677
-0.1917000000000001,-0.09515348202892236
-0.1907000000000001,-0.08293037639808845
-0.1897000000000002,-0.06946232482337329
-0.1887000000000001,-0.05755045567850969
-0.1877000000000002,-0.0442097281207824
-0.1867000000000001,-0.03352865780680137
-0.1857000000000002,-0.02199876071290132
-0.1847000000000001,-0.009390853608504115
-0.1837000000000002,0.0004075783254911171
-0.18270000000000008,0.011238466566127852
-0.1817000000000002,0.024078386323702922
-0.18070000000000008,0.033358892450817565
-0.1797000000000002,0.044025815651799936
-0.17870000000000008,0.05346194002189974
-0.1777000000000002,0.06480792464681732
-0.17670000000000008,0.07581437855976732
-0.1757000000000002,0.0846846184099211
-0.17470000000000008,0.09409244855402359
-0.1737000000000002,0.10423592857405589
-0.17270000000000008,0.11268175503425018
-0.17170000000000019,0.12255643990730813
-0.17070000000000007,0.12951681950264413
-0.16970000000000018,0.1385285304827844
-0.16870000000000007,0.14783733083589634
-0.16770000000000018,0.15575971411514053
-0.16670000000000007,0.16424798191433077
-0.16570000000000018,0.172736249713521
-0.16470000000000007,0.1805171618627787
-0.16370000000000018,0.18858101627200938
-0.16270000000000007,0.19494721712140206
-0.16170000000000018,0.20301107153063278
-0.16070000000000007,0.21079198367989047
-0.15970000000000018,0.2161678866193776
-0.15870000000000006,0.2239487987686353
-0.15770000000000017,0.23059794187800098
-0.15670000000000006,0.2359738448174881
-0.15570000000000017,0.24333034357678635
-0.15470000000000006,0.2471500640864219
-0.15370000000000017,0.2540821494557606
-0.15270000000000006,0.2610142348250993
-0.15170000000000017,0.2656827821146539
-0.15070000000000006,0.2709172139241546
-0.14970000000000017,0.2767175302536012
-0.14870000000000005,0.2818104909331153
-0.14770000000000016,0.28775227839254847
-0.14670000000000005,0.2927037679420761
-0.14570000000000016,0.2983626131415362
-0.14470000000000005,0.3034555738210504
-0.14370000000000016,0.30727529433068596
-0.14270000000000005,0.3122267838802136
-0.14170000000000016,0.3191588692495523
-0.14070000000000005,0.32269564749921487
-0.13970000000000016,0.32750566591875596
-0.13870000000000005,0.3311839152984051
-0.13770000000000016,0.3354280491980002
-0.13670000000000004,0.34094542326747385
-0.13570000000000015,0.34462367264712296
-0.13470000000000004,0.34858486428674507
-0.13370000000000015,0.35268752705635364
-0.13270000000000004,0.35636577643600276
-0.13170000000000015,0.3603269680756248
-0.13070000000000004,0.3637222751953009
-0.12970000000000015,0.36711758231497704
-0.12870000000000004,0.37192760073451814
-0.12770000000000015,0.3737667254243427
-0.12670000000000003,0.3790011572338433
-0.12570000000000014,0.3826794066134924
-0.12470000000000003,0.3855088292132225
-0.12370000000000014,0.38890413633289855
-0.12270000000000003,0.39244091458256114
-0.12170000000000014,0.3951288660523047
-0.12070000000000003,0.3989485865619403
-0.11970000000000014,0.4010706535117379
-0.11870000000000003,0.404465960631414
-0.11770000000000014,0.4078612677510901
-0.11670000000000003,0.41026627696086065
-0.11570000000000014,0.41352011295055024
-0.11470000000000002,0.4157836510303343
-0.11370000000000013,0.4179057179801318
-0.11270000000000002,0.4221498518797269
-0.11170000000000013,0.423564563179592
-0.11070000000000024,0.42554515899940304
-0.10970000000000013,0.42978929289899814
-0.10870000000000024,0.43007223515897114
-0.10770000000000013,0.4341748979285798
-0.10670000000000024,0.43686284939832337
-0.10570000000000013,0.4378531473082289
-0.10470000000000024,0.442097281207824
-0.10370000000000013,0.44153139668787794
-0.10270000000000024,0.44549258832750005
-0.10170000000000012,0.4484634820572166
-0.10070000000000023,0.44888789544717617
-0.09970000000000012,0.4527076159568117
-0.09870000000000023,0.45341497160674427
-0.09770000000000012,0.4556785096865283
-0.09670000000000023,0.4586494034162448
-0.09570000000000012,0.45879087454623135
-0.09470000000000023,0.4613373548859885
-0.09370000000000012,0.4636008929657725
-0.09270000000000023,0.4662888444355161
-0.09170000000000011,0.4685523825153001
-0.09070000000000022,0.46968415155519216
-0.08970000000000011,0.47109886285505725
-0.08870000000000022,0.4733624009348413
-0.08770000000000011,0.47548446788463883
-0.08670000000000022,0.4778894770944094
-0.08570000000000011,0.47972860178423393
-0.08470000000000022,0.4793041883942744
-0.08370000000000011,0.4818506687340315
-0.08270000000000022,0.4829824377739235
-0.0817000000000001,0.4852459758537076
-0.08070000000000022,0.4875095139334916
-0.0797000000000001,0.4873680428035051
-0.07870000000000021,0.48892422523335666
-0.0777000000000001,0.4928854168729787
-0.07670000000000021,0.49401718591287075
-0.0757000000000001,0.4968466085126009
-0.07470000000000021,0.49741249303254687
-0.0737000000000001,0.4995345599823444
-0.07270000000000021,0.5013736846721689
-0.0717000000000001,0.502505453712061
-0.07070000000000021,0.504768991791845
-0.0697000000000001,0.504768991791845
-0.0687000000000002,0.5074569432615886
-0.0677000000000001,0.5092960679514131
-0.0667000000000002,0.5107107792512783
-0.06570000000000009,0.5133987307210217
-0.0647000000000002,0.5146719708909003
-0.06370000000000009,0.5155207976708194
-0.0627000000000002,0.518774633660509
-0.06170000000000009,0.5206137583503335
-0.0607000000000002,0.521321114000266
-0.059700000000000086,0.5238675943400232
-0.058700000000000196,0.5244334788599692
-0.057700000000000085,0.5276873148496587
-0.056700000000000195,0.5303752663194023
-0.05570000000000008,0.5302337951894158
-0.05470000000000019,0.5329217466591593
-0.05370000000000008,0.5356096981289029
-0.05270000000000019,0.5365999960388084
-0.05170000000000008,0.5408441299384036
-0.05070000000000019,0.5405611876784305
-0.04970000000000008,0.5433906102781606
-0.04870000000000019,0.5456541483579447
-0.047700000000000076,0.5480591575677152
-0.046700000000000186,0.5498982822575398
-0.045700000000000074,0.5524447625972969
-0.044700000000000184,0.5542838872871214
-0.04370000000000007,0.5576791944067975
-0.04270000000000018,0.559235376836649
-0.04170000000000007,0.5616403860464196
-0.04070000000000018,0.5654601065560552
-0.03970000000000007,0.5661674622059877
-0.03870000000000018,0.5692798270656908
-0.03770000000000007,0.5735239609652859
-0.03670000000000018,0.5755045567850969
-0.035700000000000065,0.5779095659948674
-0.034700000000000175,0.5804560463346246
-0.03370000000000006,0.5821536998944625
-0.03270000000000017,0.5866807760540307
-0.03170000000000006,0.5875296028339497
-0.03070000000000017,0.5899346120437202
-0.02970000000000006,0.5947446304632614
-0.02870000000000017,0.5975740530629915
-0.027700000000000058,0.601959658092573
-0.026700000000000168,0.6037987827823976
-0.025700000000000056,0.6070526187720873
-0.024700000000000166,0.6118626371916284
-0.023700000000000054,0.614267646401399
-0.022700000000000164,0.6179458957810481
-0.021700000000000053,0.6223315008106296
-0.020700000000000163,0.6248779811503866
-0.01970000000000005,0.6299709418299009
-0.01870000000000016,0.6315271242597523
-0.01770000000000005,0.6363371426792934
-0.01670000000000016,0.6425618723986997
-0.015700000000000047,0.6436936414385916
-0.014700000000000157,0.6476548330782137
-0.013700000000000045,0.6535966205376469
-0.012700000000000156,0.6561431008774039
-0.011700000000000044,0.6609531192969451
-0.010700000000000154,0.6661875511064458
-0.009700000000000042,0.6688755025761894
-0.008700000000000152,0.6753831745555685
-0.00770000000000004,0.6776467126353526
-0.00670000000000015,0.6830226155748397
-0.005700000000000038,0.6893888164242324
-0.0047000000000001485,0.6916523545040165
-0.0037000000000000366,0.6981600264833956
-0.0027000000000001467,0.7022626892530042
-0.0017000000000000348,0.7070727076725454
-0.000700000000000145,0.7124486106120325
0.00029999999999996696,0.7164098022516546
0.0012999999999998568,0.7217857051911418
0.0022999999999999687,0.7280104349105478
0.0032999999999998586,0.7321130976801564
0.0042999999999999705,0.7370645872296842
0.00529999999999986,0.7421575479091983
0.006299999999999972,0.7473919797186989
0.007299999999999862,0.752484940398213
0.008299999999999974,0.7595584968975382
0.009299999999999864,0.7632367462771872
0.010299999999999976,0.7714420718164045
0.011299999999999866,0.7751203211960536
0.012299999999999978,0.7821938776953787
