Potential V vs RHE, Current mA cm-2
0.013299999999999867,-0.12685716225889784
0.012299999999999978,-0.21220669497975553
0.011299999999999866,-0.2399350364571102
0.010299999999999976,-0.2560627452755716
0.009299999999999864,-0.27219045409403303
0.008299999999999974,-0.28506432692280487
0.007299999999999862,-0.29652348845171167
0.006299999999999972,-0.3099632458004295
0.00529999999999986,-0.3168953311697682
0.0042999999999999705,-0.3239688876690934
0.0032999999999998586,-0.3345792224180812
0.0022999999999999687,-0.34136983665743337
0.0012999999999998568,-0.3497166333266371
0.00029999999999996696,-0.3552340073961107
-0.000700000000000145,-0.3587707856457733
-0.0017000000000000348,-0.3686737647448286
-0.0027000000000001467,-0.3724934852544642
-0.0037000000000000366,-0.3775864459339783
-0.0047000000000001485,-0.38409411791335746
-0.005700000000000038,-0.3857917714731955
-0.00670000000000015,-0.3915920878026421
-0.00770000000000004,-0.3965435773521698
-0.008700000000000152,-0.40121212464172434
-0.009700000000000042,-0.40489037402137346
-0.010700000000000154,-0.4077197966211036
-0.011700000000000044,-0.4111151037407797
-0.012700000000000156,-0.41677394894023984
-0.013700000000000045,-0.41748130459017235
-0.014700000000000157,-0.42172543848976746
-0.015700000000000047,-0.424130447699538
-0.01670000000000016,-0.4254036878694165
-0.01770000000000005,-0.4321943021087687
-0.01870000000000016,-0.4320528309787822
-0.01970000000000005,-0.4343163690585663
-0.020700000000000163,-0.4385605029581614
-0.021700000000000053,-0.4377116761782423
-0.022700000000000164,-0.443794934767662
-0.023700000000000054,-0.44535111719751347
-0.024700000000000166,-0.4463414151074191
-0.025700000000000056,-0.4491708377071491
-0.026700000000000168,-0.44959525109710863
-0.027700000000000058,-0.4528490870867982
-0.02870000000000017,-0.4570932209863934
-0.02970000000000006,-0.4549711540365957
-0.03070000000000017,-0.45808351889629884
-0.03170000000000006,-0.46020558584609644
-0.03270000000000017,-0.46289353731584
-0.03370000000000006,-0.46487413313565107
-0.034700000000000175,-0.4658644310455565
-0.035700000000000065,-0.46444971974569155
-0.03670000000000018,-0.4699670938151651
-0.03770000000000007,-0.4691182670352462
-0.03870000000000018,-0.4730794586748682
-0.03970000000000007,-0.4720891607649627
-0.04070000000000018,-0.4730794586748682
-0.04170000000000007,-0.4770406503144904
-0.04270000000000018,-0.4776065348344364
-0.04370000000000007,-0.47803094822439585
-0.044700000000000184,-0.4807188996941395
-0.045700000000000074,-0.47944565952426094
-0.046700000000000186,-0.4826994955139505
-0.047700000000000076,-0.4845386202037751
-0.04870000000000019,-0.4853874469836941
-0.04970000000000008,-0.48807539845343767
-0.05070000000000019,-0.4851045047237211
-0.05170000000000008,-0.48807539845343767
-0.05270000000000019,-0.49147070557311373
-0.05370000000000008,-0.4906218787931947
-0.05470000000000019,-0.49189511896307325
-0.05570000000000008,-0.49161217670310015
-0.056700000000000195,-0.4935927725229112
-0.057700000000000085,-0.4968466085126009
-0.058700000000000196,-0.4965636662526278
-0.059700000000000086,-0.4965636662526278
-0.0607000000000002,-0.4979783775524929
-0.06170000000000009,-0.5012322135421824
-0.0627000000000002,-0.5019395691921149
-0.06370000000000009,-0.5029298671020205
-0.0647000000000002,-0.5006663290222364
-0.06570000000000009,-0.5040616361419126
-0.0667000000000002,-0.5029298671020205
-0.0677000000000001,-0.505051934051818
-0.0687000000000002,-0.5078813566515481
-0.0697000000000001,-0.5059007608317371
-0.07070000000000021,-0.5074569432615886
-0.0717000000000001,-0.5084472411714941
-0.07270000000000021,-0.5094375390813997
-0.0737000000000001,-0.5122669616811297
-0.07470000000000021,-0.5114181349012108
-0.0757000000000001,-0.5102863658613187
-0.07670000000000021,-0.5148134420208869
-0.0777000000000001,-0.5136816729809948
-0.07870000000000021,-0.5148134420208869
-0.0797000000000001,-0.5148134420208869
-0.08070000000000022,-0.5146719708909003
-0.0817000000000001,-0.5177843357506035
-0.08270000000000022,-0.5183502202705494
-0.08370000000000011,-0.5183502202705494
-0.08470000000000022,-0.5203308160903605
-0.08570000000000011,-0.5180672780105765
-0.08670000000000022,-0.5216040562602391
-0.08770000000000011,-0.5214625851302525
-0.08870000000000022,-0.5220284696501986
-0.08970000000000011,-0.5238675943400232
-0.09070000000000022,-0.5223114119101716
-0.09170000000000011,-0.5227358253001311
-0.09270000000000023,-0.5268384880697398
-0.09370000000000012,-0.5248578922499286
-0.09470000000000023,-0.5261311324198072
-0.09570000000000012,-0.5255652478998613
-0.09670000000000023,-0.5266970169397532
-0.09770000000000012,-0.5296679106694698
-0.09870000000000023,-0.5276873148496587
-0.09970000000000012,-0.5283946704995912
-0.10070000000000023,-0.5281117282396182
-0.10170000000000012,-0.5298093817994564
-0.10270000000000024,-0.5300923240594293
-0.10370000000000013,-0.5316485064892809
-0.10470000000000024,-0.5306582085793753
-0.10570000000000013,-0.5320729198792403
-0.10670000000000024,-0.5319314487492538
-0.10770000000000013,-0.5324973332691998
-0.10870000000000024,-0.5339120445690649
-0.10970000000000013,-0.5332046889191324
-0.11070000000000024,-0.5341949868290379
-0.11170000000000013,-0.5349023424789704
-0.11270000000000002,-0.5344779290890109
-0.11370000000000013,-0.5374488228187275
-0.11470000000000002,-0.5351852847389434
-0.11570000000000014,-0.533346160049119
-0.11670000000000003,-0.537873236208687
-0.11770000000000014,-0.5361755826488489
-0.11870000000000003,-0.5388635341185926
-0.11970000000000014,-0.53815617846866
-0.12070000000000003,-0.5361755826488489
-0.12170000000000014,-0.5402782454184575
-0.12270000000000003,-0.5394294186385385
-0.12370000000000014,-0.5388635341185926
-0.12470000000000003,-0.5402782454184575
-0.12570000000000014,-0.5380147073386735
-0.12670000000000003,-0.5419758989782956
-0.12770000000000015,-0.5412685433283632
-0.12870000000000004,-0.5422588412382686
-0.12970000000000015,-0.5422588412382686
-0.13070000000000004,-0.5416929567183226
-0.13170000000000015,-0.5426832546282281
-0.13270000000000004,-0.5440979659280931
-0.13370000000000015,-0.5443809081880661
-0.13470000000000004,-0.5438150236681201
-0.13570000000000015,-0.5438150236681201
-0.13670000000000004,-0.5445223793180526
-0.13770000000000016,-0.5473518019177827
-0.13870000000000005,-0.5459370906179177
-0.13970000000000016,-0.5450882638379987
-0.14070000000000005,-0.5470688596578097
-0.14170000000000016,-0.5469273885278232
-0.14270000000000005,-0.5487665132176478
-0.14370000000000016,-0.5486250420876613
-0.14470000000000005,-0.5487665132176478
-0.14570000000000016,-0.5500397533875263
-0.14670000000000005,-0.5487665132176478
-0.14770000000000016,-0.5508885801674454
-0.14870000000000005,-0.5520203492073373
-0.14970000000000017,-0.5501812245175128
-0.15070000000000006,-0.5521618203373237
-0.15170000000000017,-0.5537180027671754
-0.15270000000000006,-0.5535765316371889
-0.15370000000000017,-0.556405954236919
-0.15470000000000006,-0.5541424161571349
-0.15570000000000017,-0.5540009450271484
-0.15670000000000006,-0.558952434576676
-0.15770000000000017,-0.557254781016838
-0.15870000000000006,-0.5588109634466895
-0.15970000000000018,-0.557820665536784
-0.16070000000000007,-0.55838655005673
-0.16170000000000018,-0.5622062705663656
-0.16270000000000007,-0.5619233283063926
-0.16370000000000018,-0.5647527509061226
-0.16470000000000007,-0.5654601065560552
-0.16570000000000018,-0.562913626216298
-0.16670000000000007,-0.5661674622059877
-0.16770000000000018,-0.5675821735058527
-0.16870000000000007,-0.5682895291557853
-0.16970000000000018,-0.5709774806255288
-0.17070000000000007,-0.5684310002857718
-0.17170000000000019,-0.5712604228855018
-0.17270000000000008,-0.5740898454852319
-0.1737000000000002,-0.5745142588751914
-0.17470000000000008,-0.5752216145251239
-0.1757000000000002,-0.576353383565016
-0.17670000000000008,-0.5773436814749214
-0.1777000000000002,-0.5821536998944625
-0.17870000000000008,-0.5818707576344896
-0.1797000000000002,-0.5815878153745165
-0.18070000000000008,-0.5854075358841522
-0.1817000000000002,-0.5868222471840172
-0.18270000000000008,-0.5882369584838822
-0.1837000000000002,-0.5914907944735719
-0.1847000000000001,-0.5909249099536259
-0.1857000000000002,-0.5946031593332749
-0.1867000000000001,-0.596300812893113
-0.1877000000000002,-0.5987058221028836
-0.1887000000000001,-0.6032328982624516
-0.1897000000000002,-0.6021011292225595
-0.1907000000000001,-0.6042231961723572
-0.1917000000000001,-0.6077599744220198
-0.19269999999999998,-0.6098820413718172
-0.1937000000000001,-0.614267646401399
-0.19469999999999998,-0.614267646401399
-0.1957000000000001,-0.6176629535210749
-0.19669999999999999,-0.6220485585506567
-0.1977000000000001,-0.6237462121104946
-0.1987,-0.6282732882700627
-0.1997000000000001,-0.6302538840898738
-0.2007,-0.6319515376497118
-0.2017000000000001,-0.637044498329226
-0.2027,-0.6384592096290911
-0.2037000000000001,-0.6436936414385916
-0.2047,-0.6476548330782137
-0.2057000000000001,-0.6493524866380518
-0.2067,-0.6552942740974849
-0.2077000000000001,-0.6582651678272016
-0.2087,-0.6620848883368372
-0.2097000000000001,-0.6670363778863648
-0.2107,-0.6697243293561084
-0.2117000000000001,-0.6753831745555685
-0.2127,-0.6810420197550288
-0.2137000000000001,-0.6848617402646643
-0.2147,-0.692925594673895
-0.2157000000000001,-0.6967453151835306
-0.2167,-0.7009894490831257
-0.21770000000000012,-0.7077800633224779
-0.2187,-0.7094777168823159
-0.21970000000000012,-0.7169756867716006
-0.2207,-0.7227760031010473
-0.22170000000000012,-0.7285763194304938
-0.2227,-0.7369231160996975
-0.22370000000000012,-0.7422990190391847
-0.2247,-0.7471090374587258
-0.22570000000000012,-0.7560217186478756
-0.2267,-0.7613976215873628
-0.22770000000000012,-0.769037062606634
-0.22870000000000001,-0.7793644550956487
-0.22970000000000013,-0.7848818291651223
-0.23070000000000002,-0.7911065588845285
-0.23170000000000013,-0.7997362978137053
-0.23270000000000002,-0.8070927965730035
-0.23370000000000013,-0.8202496116617483
-0.23470000000000002,-0.8246352166913299
-0.23570000000000013,-0.8335478978804797
-0.23670000000000002,-0.846280299579265
-0.2376999999999999,-0.8534953272085767
-0.23870000000000002,-0.8658033155174024
-0.2396999999999999,-0.8740086410566196
-0.24070000000000003,-0.8840530912856616
-0.24169999999999991,-0.8970684352444198
-0.24270000000000003,-0.9056981741735964
-0.24369999999999992,-0.9178646913524358
-0.24470000000000003,-0.9300312085312752
-0.24569999999999992,-0.9402171298903033
-0.24670000000000003,-0.9540813006289808
-0.24769999999999992,-0.9673795868477121
-0.24870000000000003,-0.9782728638566729
-0.24969999999999992,-0.9944005726751344
-0.25070000000000003,-1.004727965164149
-0.2516999999999999,-1.0211386162425835
-0.25270000000000004,-1.036417498281126
-0.2536999999999999,-1.0501401978898166
-0.25470000000000004,-1.065702022188332
-0.2556999999999999,-1.080556490836915
-0.25670000000000004,-1.0965427285253897
-0.25769999999999993,-1.1146510331636623
-0.25870000000000004,-1.1299299152022049
-0.25969999999999993,-1.1466235085406122
-0.26070000000000004,-1.1667124089986958
-0.26169999999999993,-1.1824157044271977
-0.26270000000000004,-1.203070489405227
-0.26369999999999993,-1.2221690919534054
-0.26470000000000005,-1.2395700409417452
-0.26569999999999994,-1.2626298351295453
-0.26670000000000005,-1.2831431489775882
-0.26769999999999994,-1.3021002803957797
-0.26870000000000005,-1.3272821415333773
-0.26969999999999994,-1.345107503911677
-0.27070000000000005,-1.369016124879396
-0.27169999999999994,-1.3912270922872771
-0.27270000000000005,-1.4161260111649017
-0.27369999999999994,-1.4401761032626073
-0.27470000000000006,-1.462811484060448
-0.27569999999999995,-1.4882762874580184
-0.27670000000000006,-1.5165705134553193
-0.27769999999999995,-1.54203531685289
-0.27870000000000006,-1.5703295428501907
-0.27969999999999995,-1.5943796349478963
-0.28070000000000006,-1.6226738609451972
-0.28169999999999995,-1.655212220842093
-0.28270000000000006,-1.6820917355395286
-0.28369999999999995,-1.7118006728366943
-0.28470000000000006,-1.7429243214337253
-0.28569999999999995,-1.772633258730891
-0.28670000000000007,-1.8080010412275167
-0.28769999999999996,-1.8391246898245475
-0.28870000000000007,-1.8702483384215782
-0.28969999999999996,-1.9056161209182045
-0.29070000000000007,-1.9381544808151003
-0.29169999999999996,-1.9777663972113213
-0.29270000000000007,-2.011719468408082
-0.29369999999999996,-2.047087250904708
-0.2947000000000001,-2.083869744701199
-0.29569999999999996,-2.12348166109742
-0.2967000000000001,-2.1602641548939108
-0.29769999999999996,-2.204120205189727
-0.2987000000000001,-2.2423174102860832
-0.29969999999999997,-2.283344037982169
-0.3007000000000001,-2.3229559543783904
-0.30169999999999997,-2.3668120046742067
-0.3027000000000001,-2.4134974775697526
-0.30369999999999997,-2.4531093939659736
-0.3047000000000001,-2.4983801555616547
-0.30569999999999997,-2.5379920719578757
-0.3067000000000001,-2.590336390052882
-0.3077,-2.639851285548158
-0.3087000000000001,-2.6865367584437045
-0.3097,-2.7275633861397908
-0.3107000000000001,-2.7813224155346625
-0.3117,-2.8308373110299385
-0.3127000000000001,-2.8803522065252145
-0.3137,-2.9312818133203558
-0.3147000000000001,-2.977967286215902
-0.3157,-3.043044006009694
-0.3167000000000001,-3.0911441902051053
-0.3177,-3.1463179308998415
-0.3187000000000001,-3.198662248994848
-0.3197,-3.2580801235891794
-0.3207000000000001,-3.310424441684186
-0.3217,-3.371257027578382
-0.3227000000000001,-3.426430768273119
-0.3237,-3.4872633541673155
-0.3247000000000001,-3.541022383562187
-0.3257,-3.6018549694563835
-0.3267000000000001,-3.664102266650445
-0.3277,-3.727764275144372
-0.3287000000000001,-3.7900115723384333
-0.3297,-3.855088292132225
-0.3307000000000001,-3.9173355893262864
-0.3317,-3.982412309120079
-0.3327000000000001,-4.048903740213735
-0.3337,-4.111151037407797
-0.3347000000000001,-4.179057179801319
-0.3357,-4.24696332219484
-0.3367000000000001,-4.316284175888227
-0.3377,-4.387019740881478
-0.3387000000000001,-4.454925883275001
-0.3397,-4.525661448268252
-0.3407000000000001,-4.599226435861234
-0.3417,-4.671376712154351
-0.3427000000000001,-4.744941699747333
-0.3437,-4.81709197604045
-0.3447000000000001,-4.889242252333567
-0.3457,-4.965636662526279
-0.3467000000000001,-5.037786938819395
-0.3477,-5.115596060311972
-0.3487000000000001,-5.194819893104414
-0.3497,-5.268384880697396
-0.3507000000000001,-5.347608713489839
-0.3517,-5.426832546282281
-0.3527000000000001,-5.506056379074723
-0.3537,-5.588109634466894
-0.3547000000000001,-5.664504044659607
-0.3557,-5.74938672265151
-0.35670000000000013,-5.832854689343546
-0.3577,-5.913493233435854
-0.35870000000000013,-5.995546488828026
-0.3597,-6.077599744220197
-0.36070000000000013,-6.163897133511965
-0.3617,-6.251609234103598
-0.3626999999999999,-6.333662489495769
-0.3637,-6.417130456187806
-0.3646999999999999,-6.506257268079304
-0.3657,-6.589725234771341
-0.3666999999999999,-6.683096180562433
-0.3677,-6.7693935698542
-0.3686999999999999,-6.862764515645292
-0.36970000000000003,-6.949061904937061
-0.3706999999999999,-7.035359294228828
-0.37170000000000003,-7.125900817420191
-0.3726999999999999,-7.217857051911418
-0.37370000000000003,-7.308398575102779
-0.3746999999999999,-7.400354809594007
-0.37570000000000003,-7.4937257553851
-0.3766999999999999,-7.584267278576461
-0.37770000000000004,-7.679052935667419
-0.3786999999999999,-7.769594458858782
-0.37970000000000004,-7.862965404649874
-0.3806999999999999,-7.960580484340561
-0.38170000000000004,-8.052536718831789
-0.38269999999999993,-8.150151798522476
-0.38370000000000004,-8.242108033013702
-0.38469999999999993,-8.338308401404527
-0.38570000000000004,-8.435923481095214
-0.38669999999999993,-8.533538560785903
-0.38770000000000004,-8.631153640476589
-0.38869999999999993,-8.72452458626768
-0.38970000000000005,-8.820724954658504
-0.39069999999999994,-8.928243013448247
-0.39170000000000005,-9.023028670539205
-0.39269999999999994,-9.122058461529756
-0.39370000000000005,-9.225332386419904
-0.39469999999999994,-9.317288620911132
-0.39570000000000005,-9.417733123201549
-0.39669999999999994,-9.521007048091697
-0.39770000000000005,-9.622866261681981
-0.39869999999999994,-9.723310763972396
-0.39970000000000006,-9.820925843663083
-0.40069999999999995,-9.922785057253368
-0.40170000000000006,-10.026058982143516
-0.40269999999999995,-10.126503484433933
-0.40370000000000006,-10.22977740932408
-0.40469999999999995,-10.335880756813957
-0.40570000000000006,-10.43491054780451
-0.40669999999999995,-10.542428606594253
-0.40770000000000006,-10.638628974985076
-0.40869999999999995,-10.739073477275493
-0.40970000000000006,-10.853665092564562
-0.41069999999999995,-10.95693901745471
-0.41170000000000007,-11.060212942344856
-0.41269999999999996,-11.1677310011346
-0.41370000000000007,-11.273834348624478
-0.41469999999999996,-11.379937696114355
-0.41570000000000007,-11.483211621004504
-0.41669999999999996,-11.58648554589465
-0.41770000000000007,-11.694003604684394
-0.41869999999999996,-11.804351086073867
-0.4197000000000001,-11.913283856163474
-0.42069999999999996,-12.023631337552947
-0.4217000000000001,-12.124075839843364
-0.42269999999999996,-12.233008609932972
-0.4237000000000001,-12.33911195742285
-0.42469999999999997,-12.448044727512457
-0.4257000000000001,-12.55839220890193
-0.42669999999999997,-12.667324978991537
-0.4277000000000001,-12.773428326481417
-0.42869999999999997,-12.880946385271157
-0.4297000000000001,-12.987049732761037
-0.43069999999999997,-13.101641348050105
-0.4317000000000001,-13.209159406839847
-0.4327,-13.318092176929456
-0.4337000000000001,-13.427024947019063
-0.4347,-13.533128294508941
-0.4357000000000001,-13.651964043697603
-0.4367,-13.759482102487347
-0.4377000000000001,-13.867000161277092
-0.4387,-13.9759329313667
-0.4397000000000001,-14.08628041275617
-0.4407,-14.203701450644967
-0.4417000000000001,-14.316878354634172
-0.4427,-14.430055258623375
-0.4437000000000001,-14.529085049613924
-0.4447,-14.65640906660178
-0.4457000000000001,-14.755438857592333
-0.4467,-14.882762874580186
-0.4477000000000001,-14.98179266557074
-0.4487,-15.094969569559943
-0.4497000000000001,-15.208146473549144
-0.4507,-15.321323377538347
-0.4517000000000001,-15.448647394526201
-0.4527,-15.561824298515406
-0.4537000000000001,-15.675001202504609
-0.4547,-15.78817810649381
-0.4557000000000001,-15.88720789748436
-0.4567,-16.000384801473565
-0.4577000000000001,-16.127708818461418
-0.4587,-16.24088572245062
-0.4597000000000001,-16.354062626439823
-0.4607,-16.481386643427676
-0.4617000000000001,-16.59456354741688
-0.4627,-16.70774045140608
-0.4637000000000001,-16.820917355395284
-0.4647,-16.94824137238314
-0.4657000000000001,-17.061418276372343
-0.4667,-17.174595180361546
-0.4677000000000001,-17.28777208435075
-0.4687,-17.4150961013386
-0.4697000000000001,-17.528273005327804
-0.4707,-17.655597022315657
-0.4717000000000001,-17.782921039303513
-0.4727,-17.938539282288666
-0.4737000000000001,-18.03756907327922
-0.4747,-18.13659886426977
-0.4757000000000001,-18.221481542261674
-0.4767,-18.419541124242777
-0.4777000000000001,-18.518570915233333
-0.4787,-18.660042045219836
-0.4797000000000001,-18.744924723211735
-0.4807,-18.91469007919554
-0.48170000000000013,-19.01371987018609
-0.4827,-19.141043887173947
-0.48370000000000013,-19.211779452167196
-0.4847,-19.367397695152352
-0.48570000000000013,-19.49472171214021
-0.4867,-19.636192842126707
-0.4876999999999999,-19.749369746115914
-0.4887,-19.890840876102416
-0.4896999999999999,-20.01816489309027
-0.4907,-20.14548891007812
-0.4916999999999999,-20.272812927065978
-0.4927,-20.400136944053827
-0.4936999999999999,-20.555755187038983
-0.49470000000000003,-20.683079204026836
-0.4956999999999999,-20.810403221014692
-0.49670000000000003,-20.966021463999844
-0.4976999999999999,-21.121639706984997
-0.49870000000000003,-21.2631108369715
-0.4996999999999999,-21.362140627962056
-0.5007,-21.503611757948562
-0.5016999999999999,-21.63093577493641
-0.5027,-21.729965565926964
-0.5036999999999999,-21.885583808912116
-0.5047,-22.069496277894572
-0.5056999999999999,-22.210967407881075
-0.5067,-22.281702972874328
-0.5076999999999999,-22.42317410286083
-0.5087,-22.592939458844636
-0.5096999999999999,-22.790999040825742
-0.5107,-22.91832305781359
-0.5116999999999999,-23.088088413797397
-0.5127,-23.2012653177866
-0.5136999999999999,-23.356883560771752
-0.5147,-23.51250180375691
-0.5156999999999999,-23.66812004674206
-0.5167,-23.795444063729917
-0.5176999999999999,-23.908620967719123
-0.5187,-24.092533436701576
-0.5196999999999999,-24.31888724467998
-0.5207,-24.502799713662437
-0.5216999999999999,-24.601829504652986
-0.5227,-24.757447747638142
-0.5236999999999999,-24.927213103621945
-0.5247,-25.1394197986017
-0.5257,-25.252596702590903
-0.5267000000000001,-25.36577360658011
-0.5277,-25.521391849565262
-0.5287000000000001,-25.77603988354097
-0.5297,-25.931658126526123
-0.5307000000000001,-26.073129256512626
-0.5317,-26.313630177489685
-0.5327000000000001,-26.497542646472137
-0.5337,-26.63901377645864
-0.5347000000000001,-26.752190680447846
-0.5357,-26.9643973754276
-0.5367000000000001,-27.204898296404657
-0.5377,-27.36051653938981
-0.5387000000000001,-27.516134782374962
-0.5397,-27.728341477354718
-0.5407000000000001,-27.926401059335824
-0.5417,-28.12446064131693
-0.5427000000000001,-28.308373110299385
-0.5437,-28.49228557928184
-0.5447000000000001,-28.591315370272387
-0.5457,-28.80352206525215
-0.5467000000000001,-29.128905664221104
-0.5477,-29.34111235920086
-0.5487000000000001,-29.567466167179266
-0.5497,-29.66649595816982
-0.5507000000000001,-29.822114201154974
-0.5517,-30.06261512213203
-0.5527000000000001,-30.387998721100992
-0.5537,-30.62849964207804
-0.5547000000000001,-30.8407063370578
-0.5557,-31.010471693041605
-0.5567000000000001,-31.22267838802136
-0.5577,-31.47732642199707
-0.5587000000000001,-31.731974455972775
-0.5597,-31.972475376949827
-0.5607000000000001,-32.12809361993498
-0.5617,-32.368594540912035
-0.5627000000000001,-32.56665412289314
-0.5637,-32.93447906085806
-0.5647000000000001,-33.17497998183511
-0.5657,-33.48621646780542
-0.5667000000000001,-33.64183471079057
-0.5677,-33.79745295377573
-0.5687000000000001,-34.236013456733886
-0.5697,-34.51895571670689
-0.5707000000000001,-34.717015298688004
-0.5717,-34.92922199366775
-0.5727000000000001,-35.169722914644815
-0.5737,-35.50925362661242
-0.5747000000000001,-35.89122567757598
-0.5757,-36.14587371155169
-0.5767000000000001,-36.47125731052064
-0.5777,-36.740052457495004
-0.5787000000000001,-37.06543605646396
-0.5797,-37.249348525446415
-0.5807000000000001,-37.48984944642347
-0.5817,-37.88596861038568
-0.5827000000000001,-38.18305798335734
-0.5837,-38.5084415823263
-0.5847000000000001,-38.89041363328986
-0.5857,-39.187503006261515
-0.5867000000000001,-39.49873949223183
-0.5877,-39.82412309120078
-0.5887000000000001,-40.177800916167044
-0.5897,-40.545625854131956
-0.5907000000000001,-40.92759790509552
-0.5917,-41.267128617063115
-0.5927000000000001,-41.59251221603208
-0.5937,-41.94619004099834
-0.5947000000000001,-42.37060343095784
-0.5957,-42.78086970791871
-0.5967000000000001,-43.26187154987282
-0.5977,-43.643843600836384
-0.5987000000000001,-43.88434452181344
-0.5997,-44.2097281207824
-0.6007000000000001,-44.71902418873381
-0.6017,-45.32735004767578
-0.6027000000000001,-45.75176343763528
-0.6037,-46.119588375600195
-0.6047000000000001,-46.43082486157051
-0.6057,-46.79864979953541
-0.6067000000000001,-47.30794586748683
-0.6077,-47.84553616143554
-0.6087000000000001,-48.29824377739235
-0.6097,-48.83583407134107
-0.6107000000000001,-49.24610034830193
-0.6117,-49.67051373826144
-0.6126999999999999,-49.78369064225064
-0.6137,-50.22225114520881
-0.6146999999999999,-50.85887123014807
-0.6157,-51.55207976708194
-0.6166999999999999,-52.20284696501985
-0.6177,-52.62726035497937
-0.6186999999999999,-53.10826219693348
-0.6197,-53.46194002189973
-0.6206999999999999,-53.7873236208687
-0.6217,-54.070265880841696
-0.6226999999999999,-54.84835709576747
-0.6237,-55.555712745699985
-0.6246999999999999,-56.13574437864466
-0.6257,-56.800658689581226
-0.6266999999999999,-57.23921919253939
-0.6277,-57.84754505148135
-0.6286999999999999,-58.10219308545706
-0.6297,-58.38513534543006
-0.6306999999999999,-58.78125450939227
-0.6317,-59.44616882032884
-0.6326999999999999,-59.94131777528161
-0.6337,-60.64867342521412
-0.6346999999999999,-61.398470414142594
-0.6357,-62.006796273084554
-0.6366999999999999,-62.53023945403463
-0.6377,-63.11027108697928
-0.6386999999999999,-63.5346844769388
-0.6397,-63.88836230190506
-0.6406999999999999,-64.65230640383218
-0.6417,-65.34551494076604
-0.6426999999999999,-65.78407544372419
-0.6437,-66.40654841566483
-0.6446999999999999,-67.01487427460678
-0.6457,-67.53831745555684
-0.6466999999999999,-68.14664331449882
-0.6477,-68.52861536546239
-0.6486999999999999,-69.41988348437735
-0.6497,-70.18382758630447
-0.6507,-70.74971210625048
-0.6517000000000001,-71.04680147922215
-0.6527,-71.8248926941479
-0.6537000000000001,-72.81519060405343
-0.6547,-73.55084047998325
-0.6557000000000001,-74.11672499992927
-0.6567,-74.7391979718699
-0.6577000000000001,-75.43240650880375
-0.6587,-75.99829102874978
-0.6597000000000001,-76.83297069567014
-0.6607,-77.68179747558916
-0.6617000000000001,-78.71453672449066
-0.6627,-79.53506927841237
-0.6637000000000001,-80.21413070234757
-0.6647,-80.86489790028548
-0.6657000000000001,-81.60054777621531
-0.6667,-82.13813807016405
-0.6677000000000001,-82.63328702511679
-0.6687,-83.8216445170034
-0.6697000000000001,-84.55729439293323
-0.6707,-85.39197405985361
-0.6717000000000001,-86.22665372677399
-0.6727,-87.24524586267681
-0.6737000000000001,-88.32042645057423
-0.6747,-89.21169456948921
-0.6757000000000001,-89.48048971646357
-0.6767,-90.45664051337044
-0.6777000000000001,-91.44693842327598
-0.6787,-92.23917675120039
-0.6797000000000001,-92.64944302816124
-0.6807,-93.24362177410455
-0.6817000000000001,-94.5168619439831
-0.6827,-95.13933491592371
-0.6837000000000001,-96.2852510688144
-0.6847,-96.55404621578876
-0.6857000000000001,-97.09163650973747
-0.6867,-96.70966445877391
-0.6857000000000001,-95.52130696688728
-0.6847,-94.06415432802629
-0.6837000000000001,-92.64944302816124
-0.6827,-90.9517894683232
-0.6817000000000001,-90.6688472083502
-0.6807,-90.23028670539205
-0.6797000000000001,-89.31072436047977
-0.6787,-88.24969088558099
-0.6777000000000001,-87.11792184568897
-0.6767,-85.90127012780503
-0.6757000000000001,-84.41582326294673
-0.6747,-83.56699648302772
-0.6737000000000001,-82.61913991211814
-0.6727,-81.69957756720586
-0.6717000000000001,-80.7800152222936
-0.6707,-79.83215865138402
-0.6697000000000001,-78.94089053246904
-0.6687,-78.09206375255003
-0.6677000000000001,-77.35641387662021
-0.6667,-76.43685153170793
-0.6657000000000001,-75.51728918679565
-0.6647,-74.44210859889823
-0.6637000000000001,-73.62157604497652
-0.6627,-72.74445503906018
-0.6617000000000001,-71.98051093713306
-0.6607,-71.10338993121674
-0.6597000000000001,-70.29700449029367
-0.6587,-69.5189132753679
-0.6577000000000001,-68.50032113946509
-0.6567,-67.7788183765339
-0.6557000000000001,-66.91584448361623
-0.6547,-66.22263594668237
-0.6537000000000001,-65.16160247178358
-0.6527,-64.35521703086052
-0.6517000000000001,-63.5346844769388
-0.6507,-62.75659326201302
-0.6497,-61.87947225609671
-0.6486999999999999,-61.242852171157445
-0.6477,-60.50720229522762
-0.6466999999999999,-59.7998466452951
-0.6457,-59.050049656366625
-0.6446999999999999,-58.31439978043681
-0.6437,-57.550455678509685
-0.6426999999999999,-56.956276932566375
-0.6417,-56.22062705663656
-0.6406999999999999,-55.541565632701335
-0.6397,-54.904945547762075
-0.6386999999999999,-54.22588412382685
-0.6377,-53.58926403888759
-0.6366999999999999,-52.82531993696047
-0.6357,-52.0189344960374
-0.6346999999999999,-51.396461524096786
-0.6337,-50.66081164816696
-0.6326999999999999,-49.95345599823444
-0.6317,-49.26024746130057
-0.6306999999999999,-48.63777448935996
-0.6297,-48.057742856415295
-0.6286999999999999,-47.37868143248008
-0.6277,-46.74206134754081
-0.6266999999999999,-46.162029714596144
-0.6257,-45.581998081651484
-0.6246999999999999,-44.90293665771627
-0.6237,-44.33705213777025
-0.6226999999999999,-43.77116761782423
-0.6217,-43.19113598487957
-0.6206999999999999,-42.63939857793221
-0.6197,-42.14424962297944
-0.6186999999999999,-41.66324778102533
-0.6177,-41.15395171307392
-0.6166999999999999,-40.630508532123855
-0.6157,-40.06462401217784
-0.6146999999999999,-39.56947505722508
-0.6137,-39.060178989273666
-0.6126999999999999,-38.63576559931415
-0.6117,-38.18305798335734
-0.6107000000000001,-37.702056141403226
-0.6097,-37.192760073451815
-0.6087000000000001,-36.725905344496354
-0.6077,-36.230756389543586
-0.6067000000000001,-35.778048773586775
-0.6057,-35.339488270628614
-0.6047000000000001,-34.92922199366775
-0.6037,-34.4057788127177
-0.6027000000000001,-33.99551253575683
-0.6017,-33.59939337179462
-0.6007000000000001,-33.18912709483376
-0.5997,-32.764713704874254
-0.5987000000000001,-32.297858975918786
-0.5977,-31.887592698957924
-0.5967000000000001,-31.46317930899841
-0.5957,-31.052913032037555
-0.5947000000000001,-30.670940981073993
-0.5937,-30.260674704113132
-0.5927000000000001,-29.878702653149578
-0.5917,-29.454289263190066
-0.5907000000000001,-29.100611438223805
-0.5897,-28.718639387260247
-0.5887000000000001,-28.350814449295335
-0.5877,-27.968842398331773
-0.5867000000000001,-27.62931168636417
-0.5857,-27.289780974396557
-0.5847000000000001,-26.97854448842625
-0.5837,-26.61071955046134
-0.5827000000000001,-26.257041725495082
-0.5817,-25.94580523952477
-0.5807000000000001,-25.57798030155986
-0.5797,-25.266743815589557
-0.5787000000000001,-24.941360216620595
-0.5777,-24.64427084364894
-0.5767000000000001,-24.304740131681328
-0.5757,-24.035944984706973
-0.5747000000000001,-23.767149837732617
-0.5737,-23.47006046476096
-0.5727000000000001,-23.13052975279335
-0.5717,-22.80514615382439
-0.5707000000000001,-22.536351006850033
-0.5697,-22.281702972874328
-0.5687000000000001,-21.97046648690402
-0.5677,-21.67337711393236
-0.5667000000000001,-21.390434853959356
-0.5657,-21.093345480987697
-0.5647000000000001,-20.838697447011988
-0.5637,-20.584049413036283
-0.5627000000000001,-20.329401379060574
-0.5617,-20.13134179707947
-0.5607000000000001,-19.848399537106463
-0.5597,-19.60789861612941
-0.5587000000000001,-19.353250582153702
-0.5577,-19.112749661176647
-0.5567000000000001,-18.88639585319824
-0.5557,-18.660042045219836
-0.5547000000000001,-18.461982463238726
-0.5537,-18.207334429263025
-0.5527000000000001,-17.995127734283265
-0.5517,-17.782921039303513
-0.5507000000000001,-17.556567231325104
-0.5497,-17.301919197349395
-0.5487000000000001,-17.089712502369647
-0.5477,-16.877505807389888
-0.5467000000000001,-16.679446225408782
-0.5457,-16.481386643427676
-0.5447000000000001,-16.28332706144657
-0.5437,-16.056973253468165
-0.5427000000000001,-15.844766558488407
-0.5417,-15.646706976507305
-0.5407000000000001,-15.43450028152755
-0.5397,-15.264734925543747
-0.5387000000000001,-15.080822456561293
-0.5377,-14.882762874580186
-0.5367000000000001,-14.69885040559773
-0.5357,-14.500790823616628
-0.5347000000000001,-14.316878354634172
-0.5337,-14.142868864750772
-0.5327000000000001,-13.977347642666562
-0.5317,-13.776458638085728
-0.5307000000000001,-13.592546169103274
-0.5297,-13.431269080918659
-0.5287000000000001,-13.26574785883445
-0.5277,-13.087494235051453
-0.5267000000000001,-12.913484745168056
-0.5257,-12.759281213482765
-0.5247,-12.598004125298152
-0.5236999999999999,-12.449459438812323
-0.5227,-12.30798830882582
-0.5216999999999999,-12.156614199740261
-0.5207,-12.000995956755107
-0.5196999999999999,-11.868013094567791
-0.5187,-11.712394851582639
-0.5176999999999999,-11.556776608597485
-0.5167,-11.409646633411523
-0.5156999999999999,-11.278078482524071
-0.5147,-11.126704373438514
-0.5136999999999999,-10.97957439825255
-0.5127,-10.884788741161593
-0.5116999999999999,-10.73765876597563
-0.5107,-10.60892003768791
-0.5096999999999999,-10.453301794702757
-0.5087,-10.337295468113824
-0.5076999999999999,-10.195824338127318
-0.5067,-10.101038681036362
-0.5056999999999999,-9.968055818849047
-0.5047,-9.84780535836052
-0.5036999999999999,-9.70774893967388
-0.5027,-9.595986746984543
-0.5016999999999999,-9.47998042039561
-0.5007,-9.366803516406407
-0.4996999999999999,-9.246553055917879
-0.49870000000000003,-9.170158645725168
-0.4976999999999999,-9.076787699934075
-0.49670000000000003,-8.95795195074541
-0.4956999999999999,-8.860336871054725
-0.49470000000000003,-8.737256987966468
-0.4936999999999999,-8.617006527477939
-0.4927,-8.509488468688197
-0.4916999999999999,-8.417532234196969
-0.4907,-8.318502443206416
-0.4896999999999999,-8.225131497415324
-0.4887,-8.133175262924096
-0.4876999999999999,-8.02141307023476
-0.4867,-7.935115680942991
-0.48570000000000013,-7.819109354354057
-0.4847,-7.720079563363504
-0.48370000000000013,-7.652173420969983
-0.4827,-7.531922960481456
-0.48170000000000013,-7.4427961485899585
-0.4807,-7.381963562695762
-0.4797000000000001,-7.280104349105479
-0.4787,-7.182489269414792
-0.4777000000000001,-7.091947746223429
-0.4767,-6.997162089132471
-0.4757000000000001,-6.9122794111405685
-0.4747,-6.830226155748398
-0.4737000000000001,-6.762320013354876
-0.4727,-6.671778490163514
-0.4717000000000001,-6.588310523471475
-0.4707,-6.504842556779439
-0.4697000000000001,-6.428448146586726
-0.4687,-6.336491912095499
-0.4677000000000001,-6.284147594000493
-0.4667,-6.199264916008591
-0.4657000000000001,-6.117211660616419
-0.4647,-6.037987827823977
-0.4637000000000001,-5.9601787063314
-0.4627,-5.871051894439902
-0.4617000000000001,-5.813048731145436
-0.4607,-5.739483743552454
-0.4597000000000001,-5.657430488160282
-0.4587,-5.590939057066626
-0.4577000000000001,-5.523032914673103
-0.4567,-5.448053215780256
-0.4557000000000001,-5.3631705377883545
-0.4547,-5.300923240594293
-0.4537000000000001,-5.2457494998995555
-0.4527,-5.173599223606439
-0.4517000000000001,-5.102863658613187
-0.4507,-5.032128093619936
-0.4497000000000001,-4.955733683427223
-0.4487,-4.889242252333567
-0.4477000000000001,-4.832653800338965
-0.4467,-4.781724193543823
-0.4457000000000001,-4.735038720648277
-0.4447,-4.651570753956241
-0.4437000000000001,-4.590738168062044
-0.4427,-4.544052695166498
-0.4417000000000001,-4.486049531872031
-0.4407,-4.41814338947851
-0.4397000000000001,-4.360140226184043
-0.4387,-4.296478217690116
-0.4377000000000001,-4.24413389959511
-0.4367,-4.187545447600509
-0.4357000000000001,-4.130956995605907
-0.4347,-4.072953832311441
-0.4337000000000001,-4.020609514216435
-0.4327,-3.9541180831227782
-0.4317000000000001,-3.8989443424280408
-0.43069999999999997,-3.8437706017333046
-0.4297000000000001,-3.7900115723384333
-0.42869999999999997,-3.734837831643697
-0.4277000000000001,-3.678249379649095
-0.42669999999999997,-3.6372227519530096
-0.4257000000000001,-3.6018549694563835
-0.42469999999999997,-3.550925362661242
-0.4237000000000001,-3.507069312365426
-0.42269999999999996,-3.450480860370824
-0.4217000000000001,-3.3981365422758185
-0.42069999999999996,-3.3542804919800018
-0.4197000000000001,-3.3047655964847262
-0.41869999999999996,-3.2524212783897193
-0.41770000000000007,-3.208565228093903
-0.41669999999999996,-3.160465043898492
-0.41570000000000007,-3.1151942823028107
-0.41469999999999996,-3.0713382320069944
-0.41370000000000007,-3.024652759111448
-0.41269999999999996,-2.9822114201154974
-0.41170000000000007,-2.9369406585198163
-0.41069999999999995,-2.893084608224
-0.40970000000000006,-2.8492285579281837
-0.40869999999999995,-2.8067872189322327
-0.40770000000000006,-2.765760591236147
-0.40669999999999995,-2.7219045409403306
-0.40570000000000006,-2.6808779132442444
-0.40469999999999995,-2.639851285548158
-0.40370000000000006,-2.5959952352523423
-0.40269999999999995,-2.5606274527557162
-0.40170000000000006,-2.5196008250596305
-0.40069999999999995,-2.475744774763814
-0.39970000000000006,-2.436132858367593
-0.39869999999999994,-2.3979356532712375
-0.39770000000000005,-2.3569090255751513
-0.39669999999999994,-2.321541243078525
-0.39570000000000005,-2.280514615382439
-0.39469999999999994,-2.2479762554855434
-0.39370000000000005,-2.2097790503891876
-0.39269999999999994,-2.1729965565926963
-0.39170000000000005,-2.1390434853959355
-0.39069999999999994,-2.1008462802995793
-0.38970000000000005,-2.0654784978029537
-0.38869999999999993,-2.0343548492059225
-0.38770000000000004,-1.9961576441095665
-0.38669999999999993,-1.9650339955125358
-0.38570000000000004,-1.9310809243157752
-0.38469999999999993,-1.897127853119014
-0.38370000000000004,-1.8645894932221183
-0.38269999999999993,-1.8320511333252225
-0.38170000000000004,-1.7938539282288664
-0.3806999999999999,-1.768389124831296
-0.37970000000000004,-1.7372654762342652
-0.3786999999999999,-1.7047271163373692
-0.37770000000000004,-1.6750181790402037
-0.3766999999999999,-1.6410651078434426
-0.37570000000000003,-1.612770881846142
-0.3746999999999999,-1.580232521949246
-0.37370000000000003,-1.5533530072518102
-0.3726999999999999,-1.5278882038542394
-0.37170000000000003,-1.4953498439573436
-0.3706999999999999,-1.4684703292599082
-0.36970000000000003,-1.4373466806628774
-0.3686999999999999,-1.4090524546655765
-0.3677,-1.3848608914378844
-0.3666999999999999,-1.3567081365705702
-0.3657,-1.3264333147534584
-0.3646999999999999,-1.2987049732761036
-0.3637,-1.2722498719686275
-0.3626999999999999,-1.242682405801448
-0.3617,-1.2208958517835267
-0.36070000000000013,-1.19486516386601
-0.3597,-1.1716638985482233
-0.35870000000000013,-1.1466235085406122
-0.3577,-1.1201684072331362
-0.35670000000000013,-1.099655093385093
-0.3557,-1.0689558581780219
-0.3547000000000001,-1.0483010731999922
-0.3537,-1.037549267321018
-0.3527000000000001,-1.0048694362941357
-0.3517,-0.9823755266262814
-0.3507000000000001,-0.9580424922686028
-0.3497,-0.9352656403407758
-0.3487000000000001,-0.9153182110126787
-0.3477,-0.8909851766550001
-0.3467000000000001,-0.8707548050669301
-0.3457,-0.8509488468688196
-0.3447000000000001,-0.828879350590925
-0.3437,-0.8106295748226661
-0.3427000000000001,-0.7878527228948389
-0.3417,-0.7666320533968634
-0.3407000000000001,-0.7506458157083884
-0.3397,-0.7287177905604804
-0.3387000000000001,-0.711175370442154
-0.3377,-0.6910864699840705
-0.3367000000000001,-0.6728366942158115
-0.3357,-0.6551528029674984
-0.3347000000000001,-0.6354883158993744
-0.3337,-0.6185117803009941
-0.3327000000000001,-0.6011108313126541
-0.3317,-0.5827195844144085
-0.3307000000000001,-0.5663089333359742
-0.3297,-0.5503226956474992
-0.3287000000000001,-0.5320729198792403
-0.3277,-0.5183502202705494
-0.3267000000000001,-0.4999589733723039
-0.3257,-0.48368979342385604
-0.3247000000000001,-0.46968415155519216
-0.3237,-0.45327350047675774
-0.3227000000000001,-0.4408240410379454
-0.3217,-0.423564563179592
-0.3207000000000001,-0.4077197966211036
-0.3197,-0.39583622170223726
-0.3187000000000001,-0.3802743974037219
-0.3177,-0.3649955153651795
-0.3167000000000001,-0.35212164253640765
-0.3157,-0.3359939337179463
-0.3147000000000001,-0.32552507009894494
-0.3137,-0.3127926684001596
-0.3127000000000001,-0.29822114201154976
-0.3117,-0.28633756709268343
-0.3107000000000001,-0.2726148674839926
-0.3097,-0.25974099465522077
-0.3087000000000001,-0.24884771764625993
-0.3077,-0.2356909025575151
-0.3067000000000001,-0.22409026989862182
-0.30569999999999997,-0.21234816610974203
-0.3047000000000001,-0.19890840876102414
-0.30369999999999997,-0.18928837192194192
-0.3027000000000001,-0.17896097943292713
-0.30169999999999997,-0.16750181790402036
-0.3007000000000001,-0.155335300725181
-0.29969999999999997,-0.14415908145624726
-0.2987000000000001,-0.13666111156696256
-0.29769999999999996,-0.12423994635414752
-0.2967000000000001,-0.11261101946925692
-0.29569999999999996,-0.10522622648396143
-0.2947000000000001,-0.09603060303483868
-0.29369999999999996,-0.0842884992459589
-0.29270000000000007,-0.07534752383081185
-0.29169999999999996,-0.0640156863188929
-0.29070000000000007,-0.05726751341853669
-0.28969999999999996,-0.048185066873403154
-0.28870000000000007,-0.03860747137331685
-0.28769999999999996,-0.030713382320069947
-0.28670000000000007,-0.021645082887935062
-0.28569999999999995,-0.011051724674545666
-0.28470000000000006,-0.005357511692588894
-0.28369999999999995,0.003700884760446936
-0.28270000000000006,0.011071530632743777
-0.28169999999999995,0.018843954514202284
-0.28070000000000006,0.0290723172122265
-0.27969999999999995,0.03545266517461782
-0.27870000000000006,0.04239889765695515
-0.27769999999999995,0.050052485789225
-0.27670000000000006,0.05691383559357043
-0.27569999999999995,0.06633581285067157
-0.27470000000000006,0.07026871026429637
-0.27369999999999994,0.07755447345860131
-0.27270000000000005,0.08571735765882257
-0.27169999999999994,0.09146108553627462
-0.27070000000000005,0.10018985425644189
-0.26969999999999994,0.10473107752900866
-0.26870000000000005,0.11089921879642024
-0.26769999999999994,0.11845377713769951
-0.26670000000000005,0.12646104309493564
-0.26569999999999994,0.1310305605934997
-0.26470000000000005,0.13674599424495446
-0.26369999999999993,0.14090524546655764
-0.26270000000000004,0.14684703292599083
-0.26169999999999993,0.15448647394526202
-0.26070000000000004,0.15915502123481662
-0.25969999999999993,0.16453092417430376
-0.25870000000000004,0.16835064468393937
-0.25769999999999993,0.17400948988339954
-0.25670000000000004,0.18150745977268423
-0.2556999999999999,0.18419541124242778
-0.25470000000000004,0.19013719870186094
-0.2536999999999999,0.19494721712140206
-0.25270000000000004,0.20018164893090268
-0.2516999999999999,0.20541608074040332
-0.25070000000000003,0.2089528589900659
-0.24969999999999992,0.21263110836971502
-0.24870000000000003,0.21857289582914816
-0.24769999999999992,0.22168526068885125
-0.24670000000000003,0.2279099904082574
-0.24569999999999992,0.23243706656782553
-0.24470000000000003,0.23498354690758255
-0.24369999999999992,0.24035944984706975
-0.24270000000000003,0.24191563227692126
-0.24169999999999991,0.24785741973635445
-0.24070000000000003,0.25295038041586854
-0.2396999999999999,0.25535538962563914
-0.23870000000000002,0.2588921678753017
-0.2376999999999999,0.2634192440348699
-0.23670000000000002,0.26709749341451894
-0.23570000000000013,0.27303928087395213
-0.23470000000000002,0.2726148674839926
-0.23370000000000013,0.2777078281635067
-0.23270000000000002,0.2816690198031288
-0.23170000000000013,0.28478138466283187
-0.23070000000000002,0.288742576302454
-0.22970000000000013,0.2921378834221301
-0.22870000000000001,0.2944014215019141
-0.22770000000000012,0.2983626131415362
-0.2267,0.3016164491312258
-0.22570000000000012,0.3038799872110099
-0.2247,0.308407063370578
-0.22370000000000012,0.30982177467044303
-0.2227,0.31265119727017304
-0.22170000000000012,0.3177441579496872
-0.2207,0.3191588692495523
-0.21970000000000012,0.3231200608891744
-0.2187,0.3252421278389719
-0.21770000000000012,0.32708125252879644
-0.2167,0.33217421320831064
-0.2157000000000001,0.3379745295377573
-0.2147,0.33684276049786527
-0.2137000000000001,0.3408039521374874
-0.2127,0.3417942500473929
-0.2117000000000001,0.34759456637683955
-0.2107,0.3470286818568935
-0.2097000000000001,0.3502825178465831
-0.2087,0.3532534115762997
-0.2077000000000001,0.35311194044631317
-0.2067,0.35579989191605677
-0.2057000000000001,0.3611757948555439
-0.2047,0.36046843920561134
-0.2037000000000001,0.3655613998851255
-0.2027,0.3655613998851255
-0.2017000000000001,0.36839082248485555
-0.2007,0.37164465847454514
-0.1997000000000001,0.37221054299449113
-0.1987,0.3753229078541942
-0.1977000000000001,0.37885968610385684
-0.19669999999999999,0.38084028192366787
-0.1957000000000001,0.38508441582326297
-0.19469999999999998,0.38437706017333045
-0.1937000000000001,0.38480147356329
-0.19269999999999998,0.3893285497228581
-0.1917000000000001,0.3910262032826961
-0.1907000000000001,0.3945629815323587
-0.1897000000000002,0.3965435773521698
-0.1887000000000001,0.39696799074212924
-0.1877000000000002,0.4010706535117379
-0.1867000000000001,0.40121212464172434
-0.1857000000000002,0.404465960631414
-0.1847000000000001,0.40602214306126555
-0.1837000000000002,0.40658802758121154
-0.18270000000000008,0.40955892131092814
-0.1817000000000002,0.4128127573006177
-0.18070000000000008,0.41366158408053677
-0.1797000000000002,0.4164910066802668
-0.17870000000000008,0.4163495355502803
-0.1777000000000002,0.42002778492992937
-0.17670000000000008,0.423564563179592
-0.1757000000000002,0.423564563179592
-0.17470000000000008,0.4266769280392951
-0.1737000000000002,0.42879899498909263
-0.17270000000000008,0.42950635063902515
-0.17170000000000019,0.43318460001867426
-0.17070000000000007,0.4338919556686068
-0.16970000000000018,0.43318460001867426
-0.16870000000000007,0.4371457916582963
-0.16770000000000018,0.43728726278828284
-0.16670000000000007,0.43955080086806686
-0.16570000000000018,0.44238022346779693
-0.16470000000000007,0.44464376154758106
-0.16370000000000018,0.44535111719751347
-0.16270000000000007,0.447190241887338
-0.16170000000000018,0.4483220109272302
-0.16070000000000007,0.45242467369683875
-0.15970000000000018,0.4514343757869332
-0.15870000000000006,0.4549711540365957
-0.15770000000000017,0.45681027872642027
-0.15670000000000006,0.4585079322862584
-0.15570000000000017,0.46091294149602896
-0.15470000000000006,0.4619032394059345
-0.15370000000000017,0.46487413313565107
-0.15270000000000006,0.4691182670352462
-0.15170000000000017,0.4691182670352462
-0.15070000000000006,0.47180621850498966
-0.14970000000000017,0.4719476896349762
-0.14870000000000005,0.47293798754488175
-0.14770000000000016,0.4778894770944094
-0.14670000000000005,0.47774800596442285
-0.14570000000000016,0.480577428564153
-0.14470000000000005,0.48354832229386957
-0.14370000000000016,0.4826994955139505
-0.14270000000000005,0.48439714907378856
-0.14170000000000016,0.48892422523335666
-0.14070000000000005,0.4893486386233161
-0.13970000000000016,0.4921780612230462
-0.13870000000000005,0.4921780612230462
-0.13770000000000016,0.4958563106026953
-0.13670000000000004,0.4984027909424524
-0.13570000000000015,0.5001004445022904
-0.13470000000000004,0.5009492712822095
-0.13370000000000015,0.5037786938819395
-0.13270000000000004,0.5049104629218315
-0.13170000000000015,0.5081642989115212
-0.13070000000000004,0.5105693081212918
-0.12970000000000015,0.5119840194211568
-0.12870000000000004,0.5148134420208869
-0.12770000000000015,0.5153793265408328
-0.12670000000000003,0.5191990470504685
-0.12570000000000014,0.5227358253001311
-0.12470000000000003,0.5220284696501986
-0.12370000000000014,0.5252823056398881
-0.12270000000000003,0.5261311324198072
-0.12170000000000014,0.5288190838895507
-0.12070000000000003,0.5336291023090919
-0.11970000000000014,0.5332046889191324
-0.11870000000000003,0.5360341115188624
-0.11770000000000014,0.539287947508552
-0.11670000000000003,0.5415514855883361
-0.11570000000000014,0.5448053215780257
-0.11470000000000002,0.5453712060979717
-0.11370000000000013,0.5479176864377286
-0.11270000000000002,0.5521618203373237
-0.11170000000000013,0.5547083006770809
-0.11070000000000024,0.556971838756865
-0.10970000000000013,0.559801261356595
-0.10870000000000024,0.5616403860464196
-0.10770000000000013,0.5648942220361092
-0.10670000000000024,0.5675821735058527
-0.10570000000000013,0.5711189517555153
-0.10470000000000024,0.5738069032252588
-0.10370000000000013,0.5739483743552454
-0.10270000000000024,0.5779095659948674
-0.10170000000000012,0.5827195844144085
-0.10070000000000023,0.5845587091042331
-0.09970000000000012,0.5886613718738418
-0.09870000000000023,0.5909249099536259
-0.09770000000000012,0.5929055057734368
-0.09670000000000023,0.5975740530629915
-0.09570000000000012,0.5988472932328701
-0.09470000000000023,0.6023840714825326
-0.09370000000000012,0.6059208497321952
-0.09270000000000023,0.6081843878119793
-0.09170000000000011,0.6141261752714124
-0.09070000000000022,0.6166726556111695
-0.08970000000000011,0.6176629535210749
-0.08870000000000022,0.6234632698505217
-0.08770000000000011,0.6253023945403461
-0.08670000000000022,0.6299709418299009
-0.08570000000000011,0.635912729289334
-0.08470000000000022,0.635912729289334
-0.08370000000000011,0.6417130456187806
-0.08270000000000022,0.6428448146586726
-0.0817000000000001,0.6485036598581327
-0.08070000000000022,0.6537380916676334
-0.0797000000000001,0.6543039761875794
-0.07870000000000021,0.6596798791270665
-0.0777000000000001,0.6650557820665538
-0.07670000000000021,0.6688755025761894
-0.0757000000000001,0.6739684632557035
-0.07470000000000021,0.6767978858554337
-0.0737000000000001,0.6811834908850152
-0.07270000000000021,0.6865593938245023
-0.0717000000000001,0.6867008649544888
-0.07070000000000021,0.690944998854084
-0.0697000000000001,0.7001406223032067
-0.0687000000000002,0.7028285737729503
-0.0677000000000001,0.7100436014022619
-0.0667000000000002,0.7138633219118975
-0.06570000000000009,0.7188148114614252
-0.0647000000000002,0.7264542524806964
-0.06370000000000009,0.7285763194304938
-0.0627000000000002,0.7380548851395896
-0.06170000000000009,0.7422990190391847
-0.0607000000000002,0.7483822776286043
-0.059700000000000086,0.7554558341279295
-0.058700000000000196,0.7604073236774572
-0.057700000000000085,0.7656417554869578
-0.056700000000000195,0.7754032634560265
-0.05570000000000008,0.7782326860557566
-0.05470000000000019,0.7865794827249604
-0.05370000000000008,0.793228625834326
-0.05270000000000019,0.7995948266837187
-0.05170000000000008,0.809497805782774
-0.05070000000000019,0.8157225355021802
-0.04970000000000008,0.8220887363515729
-0.04870000000000019,0.832274657710601
-0.047700000000000076,0.8392067430799398
-0.046700000000000186,0.8478364820091164
-0.045700000000000074,0.8549100385084417
-0.044700000000000184,0.8646715464775104
-0.04370000000000007,0.8738671699266332
-0.04270000000000018,0.8857507448454994
-0.04170000000000007,0.8935316569947571
-0.04070000000000018,0.9051322896536503
-0.03970000000000007,0.9113570193730566
-0.03870000000000018,0.9204111716921929
-0.03770000000000007,0.9335679867809377
-0.03670000000000018,0.9438953792699524
-0.035700000000000065,0.9562033675787782
-0.034700000000000175,0.9661063466778336
-0.03370000000000006,0.9782728638566729
-0.03270000000000017,0.9946835149351072
-0.03170000000000006,1.0030303116043109
-0.03070000000000017,1.0174603668629343
-0.02970000000000006,1.0299098263017468
-0.02870000000000017,1.0399542765307885
-0.027700000000000058,1.0542428606594254
-0.026700000000000168,1.0689558581780219
-0.025700000000000056,1.0845176824765372
-0.024700000000000166,1.0988062666051739
-0.023700000000000054,1.1118216105639322
-0.022700000000000164,1.1285152039023398
-0.021700000000000053,1.1450673261107607
-0.020700000000000163,1.1599217947593436
-0.01970000000000005,1.1764739169677645
-0.01870000000000016,1.1910454433563744
-0.01770000000000005,1.2092952191246333
-0.01670000000000016,1.2278279371528653
-0.015700000000000047,1.2452288861412053
-0.014700000000000157,1.2620639506095992
-0.013700000000000045,1.2807381397678177
-0.012700000000000156,1.3006855690959147
-0.011700000000000044,1.3204915272940252
-0.010700000000000154,1.3411463122720548
-0.009700000000000042,1.3592546169103275
-0.008700000000000152,1.383304709008033
-0.00770000000000004,1.4016959559062783
-0.00670000000000015,1.421784856364362
-0.005700000000000038,1.4444202371622026
-0.0047000000000001485,1.462811484060448
-0.0037000000000000366,1.4854468648582886
-0.0027000000000001467,1.501008689156804
-0.0017000000000000348,1.5264734925543744
-0.000700000000000145,1.546279450752485
0.00029999999999996696,1.5618412750510005
0.0012999999999998568,1.587306078448571
0.0022999999999999687,1.6071120366466816
0.0032999999999998586,1.6311621287443874
0.0042999999999999705,1.6523827982423631
0.00529999999999986,1.6707740451406083
0.006299999999999972,1.6891652920388538
0.007299999999999862,1.7118006728366943
0.008299999999999974,1.7372654762342652
0.009299999999999864,1.7514125892329155
0.010299999999999976,1.779706815230216
0.011299999999999866,1.7980980621284617
0.012299999999999978,1.8193187316264372
0.013299999999999867,1.4939351326574788
0.012299999999999978,1.203919316185146
0.011299999999999866,1.0526866782295738
0.010299999999999976,0.9396512453703574
0.009299999999999864,0.8409043966397778
0.008299999999999974,0.7577193722077137
0.007299999999999862,0.6807590774950557
0.006299999999999972,0.6095990991118443
0.00529999999999986,0.5482006286977017
0.0042999999999999705,0.4913292344431272
0.0032999999999998586,0.43813608956820194
0.0022999999999999687,0.3897529631128176
0.0012999999999998568,0.3427845479572984
0.00029999999999996696,0.3004846800913338
-0.000700000000000145,0.2607312925651262
-0.0017000000000000348,0.22253408746877026
-0.0027000000000001467,0.18858101627200938
-0.0037000000000000366,0.1540620605553025
-0.0047000000000001485,0.12259888124630408
-0.005700000000000038,0.09436124370099794
-0.00670000000000015,0.06694413870961352
-0.00770000000000004,0.04000803556018324
-0.008700000000000152,0.015151558021554544
-0.009700000000000042,-0.01045188708340289
-0.010700000000000154,-0.03200076960294713
-0.011700000000000044,-0.05081642989115212
-0.012700000000000156,-0.07346595780199136
-0.013700000000000045,-0.09144693842327598
-0.014700000000000157,-0.10886203452461457
-0.015700000000000047,-0.12511706736006384
-0.01670000000000016,-0.14033936094661165
-0.01770000000000005,-0.15774030993495158
-0.01870000000000016,-0.17061418276372342
-0.01970000000000005,-0.1850442380223468
-0.020700000000000163,-0.19848399537106462
-0.021700000000000053,-0.20909433012005244
-0.022700000000000164,-0.22253408746877026
-0.023700000000000054,-0.23371030673770407
-0.024700000000000166,-0.24361328583675934
-0.025700000000000056,-0.2535162649358146
-0.026700000000000168,-0.2617215904750318
-0.027700000000000058,-0.27162456957408704
-0.02870000000000017,-0.2819519620631018
-0.02970000000000006,-0.288459634042481
-0.03070000000000017,-0.2962405461917387
-0.03170000000000006,-0.3035970449510369
-0.03270000000000017,-0.3096803035404565
-0.03370000000000006,-0.31831004246963324
-0.034700000000000175,-0.3236859454091204
-0.035700000000000065,-0.3296277328685535
-0.03670000000000018,-0.3341548090281217
-0.03770000000000007,-0.3385404140577033
-0.03870000000000018,-0.34518955716706895
-0.03970000000000007,-0.34872633541673154
-0.04070000000000018,-0.35268752705635364
-0.04170000000000007,-0.3577804877358678
-0.04270000000000018,-0.3608928525955709
-0.04370000000000007,-0.3645711019752199
-0.044700000000000184,-0.36909817813478807
-0.045700000000000074,-0.37164465847454514
-0.046700000000000186,-0.37390819655432916
-0.047700000000000076,-0.37716203254401875
-0.04870000000000019,-0.38041586853370835
-0.04970000000000008,-0.384518531303317
-0.05070000000000019,-0.38536735808323597
-0.05170000000000008,-0.387065011643074
-0.05270000000000019,-0.3903188476327636
-0.05370000000000008,-0.3917335589326287
-0.05470000000000019,-0.3941385681423992
-0.05570000000000008,-0.3952703371822912
-0.056700000000000195,-0.39611916396221025
-0.057700000000000085,-0.39993888447184583
-0.058700000000000196,-0.3992315288219133
-0.059700000000000086,-0.4019194802916569
-0.0607000000000002,-0.4037586049814815
-0.06170000000000009,-0.406446556451225
-0.0627000000000002,-0.40559772967130603
-0.06370000000000009,-0.406446556451225
-0.0647000000000002,-0.4077197966211036
-0.06570000000000009,-0.40970039244091466
-0.0667000000000002,-0.4075783254911171
-0.0677000000000001,-0.40955892131092814
-0.0687000000000002,-0.4115395171307392
-0.0697000000000001,-0.4116809882607257
-0.07070000000000021,-0.4115395171307392
-0.0717000000000001,-0.4118224593907122
-0.07270000000000021,-0.4123883439106582
-0.0737000000000001,-0.4147933531204288
-0.07470000000000021,-0.41352011295055024
-0.0757000000000001,-0.41422746860048276
-0.07670000000000021,-0.4152177665103883
-0.0777000000000001,-0.4150762953804018
-0.07870000000000021,-0.41550070877036127
-0.0797000000000001,-0.4163495355502803
-0.08070000000000022,-0.4150762953804018
-0.0817000000000001,-0.4162080644202938
-0.08270000000000022,-0.4163495355502803
-0.08370000000000011,-0.41677394894023984
-0.08470000000000022,-0.41804718911011834
-0.08570000000000011,-0.4163495355502803
-0.08670000000000022,-0.41776424685014535
-0.08770000000000011,-0.41818866024010487
-0.08870000000000022,-0.41677394894023984
-0.08970000000000011,-0.4197448426699564
-0.09070000000000022,-0.41677394894023984
-0.09170000000000011,-0.41677394894023984
-0.09270000000000023,-0.4198863137999429
-0.09370000000000012,-0.4176227757201588
-0.09470000000000023,-0.4188960158900374
-0.09570000000000012,-0.4187545447600509
-0.09670000000000023,-0.4176227757201588
-0.09770000000000012,-0.4187545447600509
-0.09870000000000023,-0.41847160250007787
-0.09970000000000012,-0.4193204292799969
-0.10070000000000023,-0.4188960158900374
-0.10170000000000012,-0.41705689120021283
-0.10270000000000024,-0.4191789581500104
-0.10370000000000013,-0.4188960158900374
-0.10470000000000024,-0.4188960158900374
-0.10570000000000013,-0.4188960158900374
-0.10670000000000024,-0.4176227757201588
-0.10770000000000013,-0.4187545447600509
-0.10870000000000024,-0.4193204292799969
-0.10970000000000013,-0.4190374870200239
-0.11070000000000024,-0.41804718911011834
-0.11170000000000013,-0.41818866024010487
-0.11270000000000002,-0.4190374870200239
-0.11370000000000013,-0.42031072718990237
-0.11470000000000002,-0.4191789581500104
-0.11570000000000014,-0.4187545447600509
-0.11670000000000003,-0.4179057179801318
-0.11770000000000014,-0.41818866024010487
-0.11870000000000003,-0.4196033715399699
-0.11970000000000014,-0.4197448426699564
-0.12070000000000003,-0.41818866024010487
-0.12170000000000014,-0.4193204292799969
-0.12270000000000003,-0.41748130459017235
-0.12370000000000014,-0.41847160250007787
-0.12470000000000003,-0.4204521983198889
-0.12570000000000014,-0.41818866024010487
-0.12670000000000003,-0.4193204292799969
-0.12770000000000015,-0.4187545447600509
-0.12870000000000004,-0.4194619004099834
-0.12970000000000015,-0.42101808283983494
-0.13070000000000004,-0.41818866024010487
-0.13170000000000015,-0.41833013137009134
-0.13270000000000004,-0.42101808283983494
-0.13370000000000015,-0.4186130736300644
-0.13470000000000004,-0.42073514057986194
-0.13570000000000015,-0.4194619004099834
-0.13670000000000004,-0.4186130736300644
-0.13770000000000016,-0.42073514057986194
-0.13870000000000005,-0.4225742652696865
-0.13970000000000016,-0.42130102509980794
-0.14070000000000005,-0.42073514057986194
-0.14170000000000016,-0.4196033715399699
-0.14270000000000005,-0.42144249622979446
-0.14370000000000016,-0.42158396735978093
-0.14470000000000005,-0.42172543848976746
-0.14570000000000016,-0.4225742652696865
-0.14670000000000005,-0.42172543848976746
-0.14770000000000016,-0.42158396735978093
-0.14870000000000005,-0.424130447699538
-0.14970000000000017,-0.42144249622979446
-0.15070000000000006,-0.4224327941397
-0.15170000000000017,-0.42115955396982147
-0.15270000000000006,-0.4239889765695515
-0.15370000000000017,-0.4245548610894975
-0.15470000000000006,-0.4225742652696865
-0.15570000000000017,-0.42271573639967297
-0.15670000000000006,-0.4251207456094435
-0.15770000000000017,-0.424130447699538
-0.15870000000000006,-0.42611104351934903
-0.15970000000000018,-0.42469633221948405
-0.16070000000000007,-0.42526221673943004
-0.16170000000000018,-0.42596957238936256
-0.16270000000000007,-0.42568663012938956
-0.16370000000000018,-0.42879899498909263
-0.16470000000000007,-0.4290819372490656
-0.16570000000000018,-0.42625251464933556
-0.16670000000000007,-0.4279501682091736
-0.16770000000000018,-0.42879899498909263
-0.16870000000000007,-0.42950635063902515
-0.16970000000000018,-0.4310625330688767
-0.17070000000000007,-0.42851605272911963
-0.17170000000000019,-0.42978929289899814
-0.17270000000000008,-0.4321943021087687
-0.1737000000000002,-0.4316284175888227
-0.17470000000000008,-0.43304312888868773
-0.1757000000000002,-0.4312040041988632
-0.17670000000000008,-0.4323357732387552
-0.1777000000000002,-0.43587255148841775
-0.17870000000000008,-0.4344578401885528
-0.1797000000000002,-0.4354481380984583
-0.18070000000000008,-0.4364384360083638
-0.1817000000000002,-0.43615549374839085
-0.18270000000000008,-0.43884344521813434
-0.1837000000000002,-0.43898491634812087
-0.1847000000000001,-0.43827756069818835
-0.1857000000000002,-0.4406825699079589
-0.1867000000000001,-0.4405410987779724
-0.1877000000000002,-0.44167286781786447
-0.1887000000000001,-0.44450229041759454
-0.1897000000000002,-0.44407787702763507
-0.1907000000000001,-0.44464376154758106
-0.1917000000000001,-0.44506817493754053
-0.19269999999999998,-0.44676582849737856
-0.1937000000000001,-0.44874642431718964
-0.19469999999999998,-0.44888789544717617
-0.1957000000000001,-0.4490293665771626
-0.19669999999999999,-0.45100996239697366
-0.1977000000000001,-0.45171731804690624
-0.1987,-0.4546882117766228
-0.1997000000000001,-0.45383938499670373
-0.2007,-0.45539556742655535
-0.2017000000000001,-0.45808351889629884
-0.2027,-0.45907381680620446
-0.2037000000000001,-0.4604885281060694
-0.2047,-0.46119588375600196
-0.2057000000000001,-0.461478826015975
-0.2067,-0.4658644310455565
-0.2077000000000001,-0.4664303155655025
-0.2087,-0.46798649799535413
-0.2097000000000001,-0.4720891607649627
-0.2107,-0.4713818051150302
-0.2117000000000001,-0.4719476896349762
-0.2127,-0.4770406503144904
-0.2137000000000001,-0.4764747657945444
-0.2147,-0.4815677264740585
-0.2157000000000001,-0.4851045047237211
-0.2167,-0.4826994955139505
-0.21770000000000012,-0.4875095139334916
-0.2187,-0.4872265716735187
-0.21970000000000012,-0.49033893653322164
-0.2207,-0.4935927725229112
-0.22170000000000012,-0.4944415993028303
-0.2227,-0.4993930888523579
-0.22370000000000012,-0.5001004445022904
-0.2247,-0.5034957516219666
-0.22570000000000012,-0.5059007608317371
-0.2267,-0.5077398855215616
-0.22770000000000012,-0.5101448947313323
-0.22870000000000001,-0.5152378554108463
-0.22970000000000013,-0.5170769801006708
-0.23070000000000002,-0.52075522948032
-0.23170000000000013,-0.5225943541701447
-0.23270000000000002,-0.5264140746797802
-0.23370000000000013,-0.5312240930993213
-0.23470000000000002,-0.5326388043991863
-0.23570000000000013,-0.5367414671687949
-0.23670000000000002,-0.5402782454184575
-0.2376999999999999,-0.5439564947981066
-0.23870000000000002,-0.5491909266076073
-0.2396999999999999,-0.5521618203373237
-0.24070000000000003,-0.5558400697169729
-0.24169999999999991,-0.5605086170065275
-0.24270000000000003,-0.5648942220361092
-0.24369999999999992,-0.5692798270656908
-0.24470000000000003,-0.5749386722651508
-0.24569999999999992,-0.576070441305043
-0.24670000000000003,-0.5830025266743816
-0.24769999999999992,-0.5876710739639363
-0.24870000000000003,-0.5927640346434504
-0.24969999999999992,-0.599696120012789
-0.25070000000000003,-0.6015352447026135
-0.2516999999999999,-0.6069111476421007
-0.25270000000000004,-0.6151164731813179
-0.2536999999999999,-0.621341202900724
-0.25470000000000004,-0.6255853368003192
-0.2556999999999999,-0.6302538840898738
-0.25670000000000004,-0.6357712581593474
-0.25769999999999993,-0.6441180548285511
-0.25870000000000004,-0.6497769000280114
-0.25969999999999993,-0.6557186874874444
-0.26070000000000004,-0.6622263594668236
-0.26169999999999993,-0.6678852046662839
-0.26270000000000004,-0.6769393569854201
-0.26369999999999993,-0.6830226155748397
-0.26470000000000005,-0.6896717586842054
-0.26569999999999994,-0.6981600264833956
-0.26670000000000005,-0.7067897654125724
-0.26769999999999994,-0.7130144951319785
-0.26870000000000005,-0.7219271763211282
-0.26969999999999994,-0.7280104349105478
-0.27070000000000005,-0.7373475294896572
-0.27169999999999994,-0.7452699127689013
-0.27270000000000005,-0.7560217186478756
-0.27369999999999994,-0.7639441019271197
-0.27470000000000006,-0.771583542946391
-0.27569999999999995,-0.7800718107455812
-0.27670000000000006,-0.7922383279244205
-0.27769999999999995,-0.8004436534636377
-0.27870000000000006,-0.8116198727325715
-0.27969999999999995,-0.8195422560118159
-0.28070000000000006,-0.8298696485008306
-0.28169999999999995,-0.8430264635895753
-0.28270000000000006,-0.8523635581686846
-0.28369999999999995,-0.8629738929176723
-0.28470000000000006,-0.8752818812264982
-0.28569999999999995,-0.8837701490256885
-0.28670000000000007,-0.8990490310642308
-0.28769999999999996,-0.9109326059830971
-0.28870000000000007,-0.9204111716921929
-0.28969999999999996,-0.9363974093806677
-0.29070000000000007,-0.9436124370099793
-0.29169999999999996,-0.9594572035684679
-0.29270000000000007,-0.9753019701269563
-0.29369999999999996,-0.9873270161758091
-0.2947000000000001,-1.0013326580444728
-0.29569999999999996,-1.0143480020032312
-0.2967000000000001,-1.0286365861318683
-0.29769999999999996,-1.0454716506002621
-0.2987000000000001,-1.058628465689007
-0.29969999999999997,-1.0737658765975628
-0.3007000000000001,-1.0891862297660917
-0.30169999999999997,-1.1048895251945938
-0.3027000000000001,-1.1228563587028795
-0.30369999999999997,-1.1385596541313816
-0.3047000000000001,-1.1551117763398024
-0.30569999999999997,-1.1725127253281424
-0.3067000000000001,-1.1896307320565096
-0.3077,-1.2080219789547548
-0.3087000000000001,-1.2275449948928923
-0.3097,-1.2422579924114887
-0.3107000000000001,-1.2631957196494912
-0.3117,-1.2815869665477366
-0.3127000000000001,-1.3021002803957797
-0.3137,-1.3227550653738094
-0.3147000000000001,-1.3415707256620142
-0.3157,-1.3629328662899765
-0.3167000000000001,-1.3854267759578305
-0.3177,-1.405798618675887
-0.3187000000000001,-1.427443701563822
-0.3197,-1.4500790823616625
-0.3207000000000001,-1.4698850405597732
-0.3217,-1.4967645552572086
-0.3227000000000001,-1.5179852247551844
-0.3237,-1.54203531685289
-0.3247000000000001,-1.5660854089505953
-0.3257,-1.5901355010483011
-0.3267000000000001,-1.6170150157457368
-0.3277,-1.6424798191433077
-0.3287000000000001,-1.6693593338407433
-0.3297,-1.694824137238314
-0.3307000000000001,-1.7217036519357498
-0.3317,-1.7499978779330503
-0.3327000000000001,-1.778292103930351
-0.3337,-1.8051716186277869
-0.3347000000000001,-1.8362952672248178
-0.3357,-1.8589306480226582
-0.3367000000000001,-1.894298430519284
-0.3377,-1.9282515017160449
-0.3387000000000001,-1.9565457277133458
-0.3397,-1.9862546650105113
-0.3407000000000001,-2.0187930249074073
-0.3417,-2.051331384804303
-0.3427000000000001,-2.0866991673009294
-0.3437,-2.1192375271978254
-0.3447000000000001,-2.150361175794856
-0.3457,-2.1899730921910767
-0.3467000000000001,-2.2239261633878376
-0.3477,-2.2592939458844636
-0.3487000000000001,-2.298905862280684
-0.3497,-2.3328589334774454
-0.3507000000000001,-2.3710561385738016
-0.3517,-2.4106680549700226
-0.3527000000000001,-2.4460358374666487
-0.3537,-2.4913065990623298
-0.3547000000000001,-2.5295038041586855
-0.3557,-2.5691157205549064
-0.35670000000000013,-2.6115570595508575
-0.3577,-2.6497542646472136
-0.35870000000000013,-2.69643973754276
-0.3597,-2.743125210438306
-0.36070000000000013,-2.7813224155346625
-0.3617,-2.8280078884302084
-0.3626999999999999,-2.8732786500258896
-0.3637,-2.9143052777219753
-0.3646999999999999,-2.963820173217252
-0.3657,-3.013335068712528
-0.3666999999999999,-3.0586058303082093
-0.3677,-3.10104716930416
-0.3686999999999999,-3.161879755198357
-0.36970000000000003,-3.207150516794038
-0.3706999999999999,-3.2552507009894494
-0.37170000000000003,-3.3061803077845906
-0.3726999999999999,-3.361354048479327
-0.37370000000000003,-3.4094542326747383
-0.3746999999999999,-3.4617985507697444
-0.37570000000000003,-3.5183870027643462
-0.3766999999999999,-3.5679018982596227
-0.37770000000000004,-3.6244903502542236
-0.3786999999999999,-3.666931689250175
-0.37970000000000004,-3.7376672542434273
-0.3806999999999999,-3.794255706238028
-0.38170000000000004,-3.84518531303317
-0.38269999999999993,-3.910262032826961
-0.38370000000000004,-3.9640210622218324
-0.38469999999999993,-4.020609514216435
-0.38570000000000004,-4.082856811410497
-0.38669999999999993,-4.147933531204288
-0.38770000000000004,-4.200277849299294
-0.38869999999999993,-4.269598702992681
-0.38970000000000005,-4.3205283097878215
-0.39069999999999994,-4.394093297380804
-0.39170000000000005,-4.449267038075541
-0.39269999999999994,-4.520002603068792
-0.39370000000000005,-4.583664611562719
-0.39469999999999994,-4.644497197456915
-0.39570000000000005,-4.710988628550572
-0.39669999999999994,-4.77748005964423
-0.39770000000000005,-4.843971490737885
-0.39869999999999994,-4.910462921831542
-0.39970000000000006,-4.975539641625334
-0.40069999999999995,-5.039201650119261
-0.40170000000000006,-5.109937215112512
-0.40269999999999995,-5.1792580688059
-0.40370000000000006,-5.2457494998995555
-0.40469999999999995,-5.319314487492538
-0.40570000000000006,-5.385805918586194
-0.40669999999999995,-5.460785617479042
-0.40770000000000006,-5.530106471172428
-0.40869999999999995,-5.602256747465545
-0.40970000000000006,-5.674407023758662
-0.41069999999999995,-5.747972011351644
-0.41170000000000007,-5.8229517102444905
-0.41269999999999996,-5.893687275237743
-0.41370000000000007,-5.968666974130589
-0.41469999999999996,-6.045061384323302
-0.41570000000000007,-6.114382238016689
-0.41669999999999996,-6.1907766482094
-0.41770000000000007,-6.268585769701978
-0.41869999999999996,-6.343565468594824
-0.4197000000000001,-6.4199598787875365
-0.42069999999999996,-6.499183711579978
-0.4217000000000001,-6.575578121772692
-0.42269999999999996,-6.651972531965402
-0.4237000000000001,-6.729781653457979
-0.42469999999999997,-6.816079042749746
-0.4257000000000001,-6.893888164242324
-0.42669999999999997,-6.970282574435036
-0.4277000000000001,-7.049506407227478
-0.42869999999999997,-7.130144951319785
-0.4297000000000001,-7.209368784112227
-0.43069999999999997,-7.2928367508042635
-0.4317000000000001,-7.374890006196437
-0.4327,-7.455528550288744
-0.4337000000000001,-7.53899651698078
-0.4347,-7.618220349773223
-0.4357000000000001,-7.703103027765124
-0.4367,-7.7851562831572965
-0.4377000000000001,-7.870038961149199
-0.4387,-7.9549216391411015
-0.4397000000000001,-8.036974894533273
-0.4407,-8.119028149925446
-0.4417000000000001,-8.208154961816943
-0.4427,-8.29162292850898
-0.4437000000000001,-8.377920317800747
-0.4447,-8.467047129692245
-0.4457000000000001,-8.547685673784551
-0.4467,-8.63681248567605
-0.4477000000000001,-8.72169516366795
-0.4487,-8.816480820758908
-0.4497000000000001,-8.901363498750811
-0.4507,-8.984831465442848
-0.4517000000000001,-9.071128854734614
-0.4527,-9.157426244026382
-0.4537000000000001,-9.24938247851761
-0.4547,-9.339924001708972
-0.4557000000000001,-9.429050813600469
-0.4567,-9.513933491592372
-0.4577000000000001,-9.607304437383464
-0.4587,-9.700675383174557
-0.4597000000000001,-9.798290462865245
-0.4607,-9.877514295657685
-0.4617000000000001,-9.970885241448778
-0.4627,-10.062841475940006
-0.4637000000000001,-10.144894731332178
-0.4647,-10.241095099723
-0.4657000000000001,-10.337295468113824
-0.4667,-10.42925170260505
-0.4677000000000001,-10.52403735969601
-0.4687,-10.613164171587506
-0.4697000000000001,-10.712193962578057
-0.4707,-10.801320774469554
-0.4717000000000001,-10.897521142860379
-0.4727,-10.993721511251199
-0.4737000000000001,-11.085677745742426
-0.4747,-11.18470753673298
-0.4757000000000001,-11.280907905123803
-0.4767,-11.385596541313816
-0.4777000000000001,-11.474723353205313
-0.4787,-11.57516785549573
-0.4797000000000001,-11.665709378687092
-0.4807,-11.763324458377781
-0.48170000000000013,-11.865183671968062
-0.4827,-11.957139906459291
-0.48370000000000013,-12.054754986149977
-0.4847,-12.160858333639855
-0.48570000000000013,-12.258473413330542
-0.4867,-12.360332626920826
-0.4876999999999999,-12.457947706611513
-0.4887,-12.555562786302202
-0.4896999999999999,-12.656007288592617
-0.4907,-12.756451790883034
-0.4916999999999999,-12.854066870573723
-0.4927,-12.957340795463871
-0.4936999999999999,-13.059200009054155
-0.49470000000000003,-13.163888645244166
-0.4956999999999999,-13.268577281434178
-0.49670000000000003,-13.369021783724596
-0.4976999999999999,-13.477954553814206
-0.49870000000000003,-13.584057901304082
-0.4996999999999999,-13.691575960093825
-0.5007,-13.794849884983973
-0.5016999999999999,-13.902367943773715
-0.5027,-14.002812446064135
-0.5036999999999999,-14.107501082254146
-0.5047,-14.217848563643619
-0.5056999999999999,-14.331025467632822
-0.5067,-14.430055258623375
-0.5076999999999999,-14.529085049613924
-0.5087,-14.65640906660178
-0.5096999999999999,-14.755438857592333
-0.5107,-14.854468648582884
-0.5116999999999999,-14.967645552572087
-0.5127,-15.080822456561293
-0.5136999999999999,-15.193999360550496
-0.5147,-15.307176264539699
-0.5156999999999999,-15.4203531685289
-0.5167,-15.533530072518102
-0.5176999999999999,-15.646706976507305
-0.5187,-15.77403099349516
-0.5196999999999999,-15.88720789748436
-0.5207,-16.000384801473565
-0.5216999999999999,-16.11356170546277
-0.5227,-16.24088572245062
-0.5236999999999999,-16.368209739438473
-0.5247,-16.481386643427676
-0.5257,-16.60871066041553
-0.5267000000000001,-16.736034677403385
-0.5277,-16.849211581392588
-0.5287000000000001,-16.97653559838044
-0.5297,-17.103859615368293
-0.5307000000000001,-17.231183632356142
-0.5317,-17.386801875341302
-0.5327000000000001,-17.45753744033455
-0.5337,-17.613155683319707
-0.5347000000000001,-17.74047970030756
-0.5357,-17.867803717295413
-0.5367000000000001,-17.995127734283265
-0.5377,-18.122451751271118
-0.5387000000000001,-18.263922881257624
-0.5397,-18.40539401124413
-0.5407000000000001,-18.546865141230633
-0.5417,-18.688336271217132
-0.5427000000000001,-18.829807401203638
-0.5437,-18.97127853119014
-0.5447000000000001,-19.098602548177997
-0.5457,-19.25422079116315
-0.5467000000000001,-19.409839034148305
-0.5477,-19.565457277133458
-0.5487000000000001,-19.69278129412131
-0.5497,-19.834252424107817
-0.5507000000000001,-19.98987066709297
-0.5517,-20.14548891007812
-0.5527000000000001,-20.301107153063278
-0.5537,-20.456725396048434
-0.5547000000000001,-20.612343639033586
-0.5557,-20.75381476902009
-0.5567000000000001,-20.923580125003895
-0.5577,-21.079198367989047
-0.5587000000000001,-21.2348166109742
-0.5597,-21.404581966958006
-0.5607000000000001,-21.574347322941808
-0.5617,-21.71581845292831
-0.5627000000000001,-21.857289582914817
-0.5637,-22.027054938898623
-0.5647000000000001,-22.196820294882425
-0.5657,-22.36658565086623
-0.5667000000000001,-22.536351006850033
-0.5677,-22.706116362833843
-0.5687000000000001,-22.87588171881764
-0.5697,-23.073941300798747
-0.5707000000000001,-23.257853769781203
-0.5717,-23.44176623876366
-0.5727000000000001,-23.639825820744765
-0.5737,-23.83788540272587
-0.5747000000000001,-24.021797871708326
-0.5757,-24.23400456668808
-0.5767000000000001,-24.44621126166783
-0.5777,-24.64427084364894
-0.5787000000000001,-24.856477538628695
-0.5797,-25.04039000761115
-0.5807000000000001,-25.238449589592253
-0.5817,-25.45065628457201
-0.5827000000000001,-25.648715866553115
-0.5837,-25.875069674531517
-0.5847000000000001,-26.101423482509926
-0.5857,-26.313630177489685
-0.5867000000000001,-26.539983985468087
-0.5877,-26.780484906445146
-0.5887000000000001,-27.0209858274222
-0.5897,-27.275633861397907
-0.5907000000000001,-27.487840556377662
-0.5917,-27.742488590353368
-0.5927000000000001,-27.98298951133043
-0.5937,-28.209343319308836
-0.5947000000000001,-28.44984424028589
-0.5957,-28.704492274261593
-0.5967000000000001,-28.97328742123595
-0.5977,-29.242082568210304
-0.5987000000000001,-29.510877715184666
-0.5997,-29.76552574916037
-0.6007000000000001,-30.04846800913338
-0.6017,-30.303116043109085
-0.6027000000000001,-30.58605830308209
-0.6037,-30.897294789052403
-0.6047000000000001,-31.16608993602676
-0.6057,-31.434885083001117
-0.6067000000000001,-31.731974455972775
-0.6077,-32.04321094194308
-0.6087000000000001,-32.340300314914735
-0.6097,-32.6373896878864
-0.6107000000000001,-32.96277328685535
-0.6117,-33.231568433829715
-0.6126999999999999,-33.54280491980002
-0.6137,-33.825747179773025
-0.6146999999999999,-34.15113077874198
-0.6157,-34.50480860370825
-0.6166999999999999,-34.85848642867451
-0.6177,-35.183870027643465
-0.6186999999999999,-35.56584207860703
-0.6197,-35.91951990357328
-0.6206999999999999,-36.25905061554089
-0.6217,-36.570287101511205
-0.6226999999999999,-36.88152358748151
-0.6237,-37.235201412447765
-0.6246999999999999,-37.58887923741403
-0.6257,-37.98499840137623
-0.6266999999999999,-38.35282333934114
-0.6277,-38.72064827730605
-0.6286999999999999,-39.074326102272316
-0.6297,-39.47044526623452
-0.6306999999999999,-39.89485865619403
-0.6317,-40.29097782015624
-0.6326999999999999,-40.65880275812115
-0.6337,-41.02662769608606
-0.6346999999999999,-41.47933531204288
-0.6357,-41.90374870200238
-0.6366999999999999,-42.34230920496055
-0.6377,-42.738428368922754
-0.6386999999999999,-43.16284175888227
-0.6397,-43.58725514884178
-0.6406999999999999,-44.054109877797245
-0.6417,-44.4926703807554
-0.6426999999999999,-44.98781933570817
-0.6437,-45.45467406466363
-0.6446999999999999,-45.70932209863933
-0.6457,-46.119588375600195
-0.6466999999999999,-46.586443104555656
-0.6477,-47.08159205950842
-0.6486999999999999,-47.633329466455784
-0.6497,-48.1426255344072
-0.6507,-48.609480263362656
-0.6517000000000001,-49.005599427324874
-0.6527,-49.48660126927898
-0.6537000000000001,-50.038338676226346
-0.6547,-50.56178185717641
-0.6557000000000001,-51.085225038126474
-0.6567,-51.63696244507384
-0.6577000000000001,-52.14625851302525
-0.6587,-52.62726035497937
-0.6597000000000001,-53.136556422930774
-0.6607,-53.70244094287679
-0.6617000000000001,-54.22588412382685
-0.6627,-54.74932730477692
-0.6637000000000001,-55.31521182472294
-0.6647,-55.82450789267435
-0.6657000000000001,-56.39039241262036
-0.6667,-56.857247141575826
-0.6677000000000001,-57.408984548523186
-0.6687,-57.96072195547055
-0.6697000000000001,-58.61148915340847
-0.6707,-59.31884480334099
-0.6717000000000001,-59.828140871292405
-0.6727,-60.39402539123842
-0.6737000000000001,-61.00235125018038
-0.6747,-61.61067710912235
-0.6757000000000001,-62.21900296806431
-0.6767,-62.841475940004926
-0.6777000000000001,-63.421507572949594
-0.6787,-64.10056899688482
-0.6797000000000001,-64.73718908182407
-0.6807,-65.52942740974851
-0.6817000000000001,-65.9255465737107
-0.6827,-66.61875511064459
-0.6837000000000001,-67.39684632557035
-0.6847,-68.03346641050962
-0.6857000000000001,-68.74082206044213
-0.6867,-68.68423360844753
-0.6857000000000001,-67.99102507151366
-0.6847,-67.34025787357575
-0.6837000000000001,-66.73193201463377
-0.6827,-65.99628213870396
-0.6817000000000001,-65.26063226277414
-0.6807,-64.52498238684433
-0.6797000000000001,-63.8459209629091
-0.6787,-63.06782974798333
-0.6777000000000001,-62.459503889041365
-0.6767,-61.865325143098055
-0.6757000000000001,-61.27114639715474
-0.6747,-60.64867342521412
-0.6737000000000001,-59.913023549284304
-0.6727,-59.21981501235043
-0.6717000000000001,-58.59734204040982
-0.6707,-58.15878153745166
-0.6697000000000001,-57.57874990450699
-0.6687,-56.71577601158933
-0.6677000000000001,-55.90939057066625
-0.6667,-55.27277048572698
-0.6657000000000001,-54.82006286977017
-0.6647,-54.18344278483091
-0.6637000000000001,-53.84391207286329
-0.6627,-53.33461600491189
-0.6617000000000001,-52.896055501953725
-0.6607,-52.28772964301176
-0.6597000000000001,-51.934051818045496
-0.6587,-51.22669616811298
-0.6577000000000001,-50.56178185717641
-0.6567,-49.75539641625335
-0.6557000000000001,-49.444159930283035
-0.6547,-48.75095139334916
-0.6537000000000001,-48.26994955139505
-0.6527,-47.633329466455784
-0.6517000000000001,-46.982562268517874
-0.6507,-46.47326620056646
-0.6497,-45.87908745462314
-0.6486999999999999,-45.29905582167847
-0.6477,-44.71902418873381
-0.6466999999999999,-44.266316572776994
-0.6457,-43.72872627882828
-0.6446999999999999,-43.26187154987282
-0.6437,-42.582810125937606
-0.6426999999999999,-42.05936694498754
-0.6417,-41.620806442029384
-0.6406999999999999,-41.23883439106582
-0.6397,-40.602214306126555
-0.6386999999999999,-40.163653803168394
-0.6377,-39.71094618721158
-0.6366999999999999,-39.21579723225882
-0.6357,-38.692354051308754
-0.6346999999999999,-38.12646953136274
-0.6337,-37.631320576409976
-0.6326999999999999,-37.107877395459916
-0.6317,-36.7117582314977
-0.6306999999999999,-36.17416793754898
-0.6297,-35.82049011258273
-0.6286999999999999,-35.38192960962457
-0.6277,-34.81604508967855
-0.6266999999999999,-34.32089613472579
-0.6257,-33.910629857764924
-0.6246999999999999,-33.41548090281216
-0.6237,-33.10424441684186
-0.6226999999999999,-32.62324257488775
-0.6217,-32.255417636922836
-0.6206999999999999,-31.915886924955227
-0.6197,-31.519767760993016
-0.6186999999999999,-31.095354371033505
-0.6177,-30.62849964207804
-0.6166999999999999,-30.21823336511718
-0.6157,-29.949438218142824
-0.6146999999999999,-29.62405461917387
-0.6137,-29.199641229214354
-0.6126999999999999,-28.80352206525215
-0.6117,-28.379108675292635
-0.6107000000000001,-28.06787218932233
-0.6097,-27.64345879936282
-0.6087000000000001,-27.275633861397907
-0.6077,-26.851220471438396
-0.6067000000000001,-26.55413109846674
-0.6057,-26.242894612496432
-0.6047000000000001,-25.94580523952477
-0.6037,-25.677010092550415
-0.6027000000000001,-25.295038041586857
-0.6017,-25.012095781613848
-0.6007000000000001,-24.630123730650286
-0.5997,-24.304740131681328
-0.5987000000000001,-23.97935653271237
-0.5977,-23.767149837732617
-0.5967000000000001,-23.385177786769056
-0.5957,-23.088088413797397
-0.5947000000000001,-22.819293266823045
-0.5937,-22.578792345845983
-0.5927000000000001,-22.309997198871628
-0.5917,-22.027054938898623
-0.5907000000000001,-21.744112678925614
-0.5897,-21.51775887094721
-0.5887000000000001,-21.1782281589796
-0.5877,-20.90943301200524
-0.5867000000000001,-20.654784978029536
-0.5857,-20.38598983105518
-0.5847000000000001,-20.117194684080822
-0.5837,-19.876693763103766
-0.5827000000000001,-19.60789861612941
-0.5817,-19.409839034148305
-0.5807000000000001,-19.112749661176647
-0.5797,-18.91469007919554
-0.5787000000000001,-18.660042045219836
-0.5777,-18.306364220253574
-0.5767000000000001,-18.08001041227517
-0.5757,-17.924392169290012
-0.5747000000000001,-17.683891248312957
-0.5737,-17.45753744033455
-0.5727000000000001,-17.217036519357496
-0.5717,-16.99068271137909
-0.5707000000000001,-16.764328903400685
-0.5697,-16.59456354741688
-0.5687000000000001,-16.382356852437127
-0.5677,-16.15600304445872
-0.5667000000000001,-16.000384801473565
-0.5657,-15.802325219492458
-0.5647000000000001,-15.632559863508657
-0.5637,-15.448647394526201
-0.5627000000000001,-15.278882038542395
-0.5617,-15.05252823056399
-0.5607000000000001,-14.896909987578834
-0.5597,-14.71299751859638
-0.5587000000000001,-14.57152638860988
-0.5577,-14.373466806628771
-0.5567000000000001,-14.217848563643619
-0.5557,-13.992909466965077
-0.5547000000000001,-13.862756027377493
-0.5537,-13.668940579295983
-0.5527000000000001,-13.489272244213126
-0.5517,-13.316677465629589
-0.5507000000000001,-13.162473933944302
-0.5497,-13.006855690959148
-0.5487000000000001,-12.865384560972643
-0.5477,-12.705522184087895
-0.5467000000000001,-12.56970989930085
-0.5457,-12.416921078915427
-0.5447000000000001,-12.291011773227439
-0.5437,-12.12831997374296
-0.5427000000000001,-11.961384040358885
-0.5417,-11.824157044271978
-0.5407000000000001,-11.686930048185067
-0.5397,-11.538385361699238
-0.5387000000000001,-11.402573076912194
-0.5377,-11.323349244119754
-0.5367000000000001,-11.169145712434466
-0.5357,-11.016356892049041
-0.5347000000000001,-10.889032875061186
-0.5337,-10.760294146773468
-0.5327000000000001,-10.635799552385345
-0.5317,-10.516963803196681
-0.5307000000000001,-10.41793401220613
-0.5297,-10.272218748320032
-0.5287000000000001,-10.140650597432582
-0.5277,-10.020400136944055
-0.5267000000000001,-9.912882078154311
-0.5257,-9.803949308064706
-0.5247,-9.682284136276312
-0.5236999999999999,-9.573351366186703
-0.5227,-9.472906863896286
-0.5216999999999999,-9.369632939006138
-0.5207,-9.253626612417206
-0.5196999999999999,-8.78252774956215
-0.5187,-8.496756066989409
-0.5176999999999999,-8.389238008199667
-0.5167,-8.304355330207764
-0.5156999999999999,-8.192593137518429
-0.5147,-8.096392769127604
-0.5136999999999999,-8.003021823336512
-0.5127,-7.9025773210460954
-0.5116999999999999,-7.830427044752977
-0.5107,-7.728567831162695
-0.5096999999999999,-7.652173420969983
-0.5087,-7.565876031678216
-0.5076999999999999,-7.4824080649861795
-0.5067,-7.380548851395897
-0.5056999999999999,-7.2928367508042635
-0.5047,-7.2022952276129
-0.5036999999999999,-7.137218507819109
-0.5027,-7.107509570521944
-0.5016999999999999,-6.997162089132471
-0.5007,-6.913694122440434
-0.4996999999999999,-6.823152599249072
-0.49870000000000003,-6.756661168155415
-0.4976999999999999,-6.678852046662837
-0.49670000000000003,-6.593969368670936
-0.4956999999999999,-6.526063226277413
-0.49470000000000003,-6.455327661284162
-0.4936999999999999,-6.383177384991045
-0.4927,-6.303953552198603
-0.4916999999999999,-6.2431209663044065
-0.4907,-6.163897133511965
-0.4896999999999999,-6.083258589419658
-0.4887,-6.015352447026135
-0.4876999999999999,-5.951690438532209
-0.4867,-5.879540162239093
-0.48570000000000013,-5.813048731145436
-0.4847,-5.742313166152184
-0.48370000000000013,-5.695627693256637
-0.4827,-5.629136262162981
-0.48170000000000013,-5.551327140670404
-0.4807,-5.477762153077422
-0.4797000000000001,-5.425417834982416
-0.4787,-5.358926403888759
-0.4777000000000001,-5.299508529294427
-0.4767,-5.244334788599692
-0.4757000000000001,-5.17642864620617
-0.4747,-5.112766637712243
-0.4737000000000001,-5.0745694326158866
-0.4727,-5.0222251145208805
-0.4717000000000001,-4.965636662526279
-0.4707,-4.890656963633432
-0.4697000000000001,-4.8383126455384255
-0.4687,-4.795871306542475
-0.4677000000000001,-4.723721030249357
-0.4667,-4.665717866954891
-0.4657000000000001,-4.61478826015975
-0.4647,-4.565273364664473
-0.4637000000000001,-4.498781933570816
-0.4627,-4.447852326775675
-0.4617000000000001,-4.4124845442790495
-0.4607,-4.354481380984582
-0.4597000000000001,-4.2936487950903865
-0.4587,-4.2483780334947046
-0.4577000000000001,-4.1960337153996985
-0.4567,-4.105492192208336
-0.4557000000000001,-4.05597729671306
-0.4547,-4.017780091616704
-0.4537000000000001,-3.9541180831227782
-0.4527,-3.9074326102272314
-0.4517000000000001,-3.86782069383101
-0.4507,-3.8296234887346547
-0.4497000000000001,-3.785767438438838
-0.4487,-3.744740810742752
-0.4477000000000001,-3.7037141830466664
-0.4467,-3.6513698649516595
-0.4457000000000001,-3.6004402581565187
-0.4447,-3.5636577643600273
-0.4437000000000001,-3.5169722914644814
-0.4427,-3.4844339315675854
-0.4417000000000001,-3.4448220151713644
-0.4407,-3.3938924083762227
-0.4397000000000001,-3.352865780680137
-0.4387,-3.314668575583781
-0.4377000000000001,-3.27505665918756
-0.4367,-3.235444742791339
-0.4357000000000001,-3.1901739811956578
-0.4347,-3.1576356212987617
-0.4337000000000001,-3.1166089936026755
-0.4327,-3.0911441902051053
-0.4317000000000001,-3.0487028512091543
-0.43069999999999997,-3.004846800913338
-0.4297000000000001,-2.965234884517117
-0.42869999999999997,-2.932696524620221
-0.4277000000000001,-2.893084608224
-0.42669999999999997,-2.8605462483271045
-0.4257000000000001,-2.820934331930883
-0.42469999999999997,-2.785566549434257
-0.4237000000000001,-2.7516134782374966
-0.42269999999999996,-2.712001561841275
-0.4217000000000001,-2.6766337793446495
-0.42069999999999996,-2.6426807081478887
-0.4197000000000001,-2.6016540804518025
-0.41869999999999996,-2.5804334109538267
-0.41770000000000007,-2.546480339757066
-0.41669999999999996,-2.5139419798601703
-0.41570000000000007,-2.4842330425630044
-0.41469999999999996,-2.4531093939659736
-0.41370000000000007,-2.4234004566688077
-0.41269999999999996,-2.3936915193716417
-0.41170000000000007,-2.355494314275286
-0.41069999999999995,-2.3243706656782552
-0.40970000000000006,-2.2918323057813597
-0.40869999999999995,-2.2649527910839233
-0.40770000000000006,-2.2324144311870278
-0.40669999999999995,-2.199876071290132
-0.40570000000000006,-2.1701671339929662
-0.40469999999999995,-2.13762877409607
-0.40370000000000006,-2.1093345480987695
-0.40269999999999995,-2.083869744701199
-0.40170000000000006,-2.052746096104168
-0.40069999999999995,-2.0286960040064623
-0.39970000000000006,-1.9947429328097017
-0.39869999999999994,-1.9650339955125358
-0.39770000000000005,-1.93532505821537
-0.39669999999999994,-1.9084455435179344
-0.39570000000000005,-1.8773218949209036
-0.39469999999999994,-1.849027668923603
-0.39370000000000005,-1.822148154226167
-0.39269999999999994,-1.7966833508285964
-0.39170000000000005,-1.768389124831296
-0.39069999999999994,-1.7429243214337253
-0.38970000000000005,-1.7174595180361545
-0.38869999999999993,-1.694824137238314
-0.38770000000000004,-1.6651151999411482
-0.38669999999999993,-1.6396503965435776
-0.38570000000000004,-1.612770881846142
-0.38469999999999993,-1.5887207897484361
-0.38370000000000004,-1.5632559863508655
-0.38269999999999993,-1.5363764716534298
-0.38170000000000004,-1.5137410908555893
-0.3806999999999999,-1.4854468648582886
-0.37970000000000004,-1.4585673501608527
-0.3786999999999999,-1.4444202371622026
-0.37770000000000004,-1.423199567664227
-0.3766999999999999,-1.3953297550568855
-0.37570000000000003,-1.373826143298937
-0.3746999999999999,-1.348502811031353
-0.37370000000000003,-1.3238868344137014
-0.3726999999999999,-1.3042223473455772
-0.37170000000000003,-1.280879610897804
-0.3706999999999999,-1.2607907104397207
-0.36970000000000003,-1.2399944543317047
-0.3686999999999999,-1.2118416994643904
-0.3677,-1.1924601546562394
-0.3666999999999999,-1.1701077161183717
-0.3657,-1.1486041043604232
-0.3646999999999999,-1.1290810884222857
-0.3637,-1.1078604189243102
-0.3626999999999999,-1.0894691720260647
-0.3617,-1.0676826180081431
-0.36070000000000013,-1.0447642949503297
-0.3597,-1.0270804037020165
-0.35870000000000013,-1.0074159166338927
-0.3577,-0.9884587852157011
-0.35670000000000013,-0.9714822496173208
-0.3557,-0.9475736286496015
-0.3547000000000001,-0.9313044487011536
-0.3537,-0.9124887884129486
-0.3527000000000001,-0.8938145992547302
-0.3517,-0.8757062946164578
-0.3507000000000001,-0.8561832786783202
-0.3497,-0.8370846761301421
-0.3487000000000001,-0.8199666694017753
-0.3477,-0.8008680668535972
-0.3467000000000001,-0.7848818291651223
-0.3457,-0.7640855730571063
-0.3447000000000001,-0.749089633278537
-0.3437,-0.7323960399401295
-0.3427000000000001,-0.7147121486918165
-0.3417,-0.6990088532633147
-0.3407000000000001,-0.6828811444448531
-0.3397,-0.6647728398065808
-0.3387000000000001,-0.6496354288980248
-0.3377,-0.635346844769388
-0.3367000000000001,-0.6161067710912235
-0.3357,-0.6023840714825326
-0.3347000000000001,-0.5862563626640712
-0.3337,-0.5694212981956773
-0.3327000000000001,-0.5558400697169729
-0.3317,-0.5399953031584845
-0.3307000000000001,-0.5244334788599692
-0.3297,-0.5098619524713591
-0.3287000000000001,-0.4937342436528978
-0.3277,-0.48086037082412597
-0.3267000000000001,-0.46657178669548904
-0.3257,-0.4579420477663123
-0.3247000000000001,-0.44266316572777
-0.3237,-0.42950635063902515
-0.3227000000000001,-0.41422746860048276
-0.3217,-0.3982412309120078
-0.3207000000000001,-0.38409411791335746
-0.3197,-0.3733423120343832
-0.3187000000000001,-0.3582049011258273
-0.3177,-0.3461798550769745
-0.3167000000000001,-0.3359939337179463
-0.3157,-0.3246762433190259
-0.3147000000000001,-0.3122267838802136
-0.3137,-0.30034320896134725
-0.3127000000000001,-0.2883181629124945
-0.3117,-0.27827371268345275
-0.3107000000000001,-0.2661071955046134
-0.3097,-0.2547895051056931
-0.3087000000000001,-0.24516946826661082
-0.3077,-0.23243706656782553
-0.3067000000000001,-0.22861734605818995
-0.30569999999999997,-0.21333846401964754
-0.3047000000000001,-0.2010304757108217
-0.30369999999999997,-0.192400736781645
-0.3027000000000001,-0.18263922881257624
-0.30169999999999997,-0.173868018753413
-0.3007000000000001,-0.1617015015745737
-0.29969999999999997,-0.1502423400456669
-0.2987000000000001,-0.14189554337646318
-0.29769999999999996,-0.1328838323963229
-0.2967000000000001,-0.12303744174926225
-0.29569999999999996,-0.11469064508005854
-0.2947000000000001,-0.10553746296993173
-0.29369999999999996,-0.09598816169584275
-0.29270000000000007,-0.08868825138853914
-0.29169999999999996,-0.07840330023852032
-0.29070000000000007,-0.07080630055824509
-0.28969999999999996,-0.06298294706999143
-0.28870000000000007,-0.05408441299384034
-0.28769999999999996,-0.05153793265408329
-0.28670000000000007,-0.04040415472414544
-0.28569999999999995,-0.03163294466498222
-0.28470000000000006,-0.024021797871708325
-0.28369999999999995,-0.015575971411514053
-0.28270000000000006,-0.007882771362847985
-0.28169999999999995,-0.001309173836895105
-0.28070000000000006,0.006869838072144617
-0.27969999999999995,0.013499175223312178
-0.27870000000000006,0.020230371588070024
-0.27769999999999995,0.027006838714423546
-0.27670000000000006,0.03214224073293363
-0.27569999999999995,0.03828208777434789
-0.27470000000000006,0.04488878954471761
-0.27369999999999994,0.05180672780105764
-0.27270000000000005,0.05907834388236394
-0.27169999999999994,0.0638176267369118
-0.27070000000000005,0.07063653520226129
-0.26969999999999994,0.07799303396155947
-0.26870000000000005,0.08144492953323015
-0.26769999999999994,0.08868825138853914
-0.26670000000000005,0.09521007048091697
-0.26569999999999994,0.09959567551049858
-0.26470000000000005,0.10669752623582107
-0.26369999999999993,0.10896106431560514
-0.26270000000000004,0.1154687362949843
-0.26169999999999993,0.12033534316652002
-0.26070000000000004,0.1255839220890193
-0.25969999999999993,0.13158229800044707
-0.25870000000000004,0.13444001482617443
-0.25769999999999993,0.13973103508766968
-0.25670000000000004,0.14571526388609876
-0.2556999999999999,0.14953498439573437
-0.25470000000000004,0.1540620605553025
-0.2536999999999999,0.15957943462477614
-0.25270000000000004,0.1624088572245062
-0.2516999999999999,0.16778476016399335
-0.25070000000000003,0.17132153841365594
-0.24969999999999992,0.17599008570321056
-0.24870000000000003,0.18009274847281917
-0.24769999999999992,0.18334658446250876
-0.24670000000000003,0.18815660288204988
-0.24569999999999992,0.1922592656516585
-0.24470000000000003,0.19636192842126707
-0.24369999999999992,0.20032312006088918
-0.24270000000000003,0.20244518701068673
-0.24169999999999991,0.2075381476902009
-0.24070000000000003,0.21149933932982298
-0.2396999999999999,0.21503611757948557
-0.23870000000000002,0.21857289582914816
-0.2376999999999999,0.22225114520879727
-0.23670000000000002,0.22564645232847336
-0.23570000000000013,0.2293247017081224
-0.23470000000000002,0.23187118204787951
-0.23370000000000013,0.23427619125765006
-0.23270000000000002,0.2386617962872317
-0.23170000000000013,0.24106680549700227
-0.23070000000000002,0.24516946826661082
-0.22970000000000013,0.24785741973635445
-0.22870000000000001,0.24997948668615194
-0.22770000000000012,0.25295038041586854
-0.2267,0.25592127414558513
-0.22570000000000012,0.2580433410953827
-0.2247,0.2624289461249643
-0.22370000000000012,0.2637021862948429
-0.2227,0.2659657243746269
-0.22170000000000012,0.269361031494303
-0.2207,0.27148309844410057
-0.21970000000000012,0.27501987669376315
-0.2187,0.2768590013835877
-0.21770000000000012,0.27912253946337173
-0.2167,0.28251784658304785
-0.2157000000000001,0.288176691782508
-0.2147,0.288742576302454
-0.2137000000000001,0.29001581647233254
-0.2127,0.2914305277721975
-0.2117000000000001,0.2949673060218601
-0.2107,0.2962405461917387
-0.2097000000000001,0.29807967088156323
-0.2087,0.3011920357412663
-0.2077000000000001,0.30175792026121234
-0.2067,0.3044458717309559
-0.2057000000000001,0.3074167654606725
-0.2047,0.308690005630551
-0.2037000000000001,0.3119438416202406
-0.2027,0.3122267838802136
-0.2017000000000001,0.31519767760993017
-0.2007,0.3181685713396467
-0.1997000000000001,0.3184515135996197
-0.1987,0.3204321094194308
-0.1977000000000001,0.32326153201916086
-0.19669999999999999,0.3243933010590529
-0.1957000000000001,0.32821302156868853
-0.19469999999999998,0.32849596382866153
-0.1937000000000001,0.3299106751285265
-0.19269999999999998,0.33344745337818915
-0.1917000000000001,0.33316451111821616
-0.1907000000000001,0.33641834710790575
-0.1897000000000002,0.3385404140577033
-0.1887000000000001,0.3393892408376223
-0.1877000000000002,0.3419357211773794
-0.1867000000000001,0.3426430768273119
-0.1857000000000002,0.34490661490709595
-0.1847000000000001,0.347736037506826
-0.1837000000000002,0.3480189797667991
-0.18270000000000008,0.3502825178465831
-0.1817000000000002,0.3522631136663941
-0.18070000000000008,0.35311194044631317
-0.1797000000000002,0.35622430530601623
-0.17870000000000008,0.35579989191605677
-0.1777000000000002,0.3584878433858003
-0.17670000000000008,0.3603269680756248
-0.1757000000000002,0.3614587371155169
-0.17470000000000008,0.36329786180534146
-0.1737000000000002,0.3655613998851255
-0.17270000000000008,0.366551697795031
-0.17170000000000019,0.36909817813478807
-0.17070000000000007,0.3698055337847206
-0.16970000000000018,0.3720690718645046
-0.16870000000000007,0.37419113881430216
-0.16770000000000018,0.37362525429435617
-0.16670000000000007,0.37687909028404576
-0.16570000000000018,0.37970851288377583
-0.16470000000000007,0.3822549932235329
-0.16370000000000018,0.3832452911334384
-0.16270000000000007,0.38338676226342494
-0.16170000000000018,0.38508441582326297
-0.16070000000000007,0.38805530955297957
-0.15970000000000018,0.38833825181295256
-0.15870000000000006,0.3893285497228581
-0.15770000000000017,0.3920165011926017
-0.15670000000000006,0.39385562588242623
-0.15570000000000017,0.3956947505722508
-0.15470000000000006,0.39583622170223726
-0.15370000000000017,0.3978168175220483
-0.15270000000000006,0.39951447108188637
-0.15170000000000017,0.4013535957717109
-0.15070000000000006,0.4031927204615355
-0.14970000000000017,0.40559772967130603
-0.14870000000000005,0.4054562585413195
-0.14770000000000016,0.40927597905095514
-0.14670000000000005,0.4082856811410496
-0.14570000000000016,0.4112565748707662
-0.14470000000000005,0.41380305521052324
-0.14370000000000016,0.41352011295055024
-0.14270000000000005,0.41705689120021283
-0.14170000000000016,0.41847160250007787
-0.14070000000000005,0.4218669096197539
-0.13970000000000016,0.4231401497896325
-0.13870000000000005,0.423847505439565
-0.13770000000000016,0.42596957238936256
-0.13670000000000004,0.42922340837905215
-0.13570000000000015,0.42922340837905215
-0.13470000000000004,0.4323357732387552
-0.13370000000000015,0.4336090134086337
-0.13270000000000004,0.43474078244852576
-0.13170000000000015,0.43884344521813434
-0.13070000000000004,0.43940932973808033
-0.12970000000000015,0.4406825699079589
-0.12870000000000004,0.443511992507689
-0.12770000000000015,0.4433705213777025
-0.12670000000000003,0.44733171301732455
-0.12570000000000014,0.45044407787702767
-0.12470000000000003,0.45171731804690624
-0.12370000000000014,0.45511262516658224
-0.12270000000000003,0.45610292307648787
-0.12170000000000014,0.45751763437635284
-0.12070000000000003,0.46105441262601543
-0.11970000000000014,0.46119588375600196
-0.11870000000000003,0.4655814887855836
-0.11770000000000014,0.4655814887855836
-0.11670000000000003,0.46699620008544857
-0.11570000000000014,0.4747771122347063
-0.11470000000000002,0.4715232762450167
-0.11370000000000013,0.4733624009348413
-0.11270000000000002,0.4761918235345713
-0.11170000000000013,0.47774800596442285
-0.11070000000000024,0.48199213986401795
-0.10970000000000013,0.48397273568382904
-0.10870000000000024,0.48496303359373455
-0.10770000000000013,0.48878275410337013
-0.10670000000000024,0.49090482105316774
-0.10570000000000013,0.4944415993028303
-0.10470000000000024,0.49741249303254687
-0.10370000000000013,0.4981198486824793
-0.10270000000000024,0.49981750224231747
-0.10170000000000012,0.503920165011926
-0.10070000000000023,0.5054763474417775
-0.09970000000000012,0.5087301834314671
-0.09870000000000023,0.5098619524713591
-0.09770000000000012,0.5128328462010757
-0.09670000000000023,0.5172184512306574
-0.09570000000000012,0.520189344960374
-0.09470000000000023,0.5223114119101716
-0.09370000000000012,0.5271214303297127
-0.09270000000000023,0.5303752663194023
-0.09170000000000011,0.5367414671687949
-0.09070000000000022,0.5370244094287681
-0.08970000000000011,0.539005005248579
-0.08870000000000022,0.5412685433283632
-0.08770000000000011,0.5435320814081471
-0.08670000000000022,0.5476347441777557
-0.08570000000000011,0.5521618203373237
-0.08470000000000022,0.5527277048572699
-0.08370000000000011,0.559518319096622
-0.08270000000000022,0.5614989149164331
-0.0817000000000001,0.5658845199460147
-0.08070000000000022,0.5691383559357043
-0.0797000000000001,0.5702701249755963
-0.07870000000000021,0.5747972011351644
-0.0777000000000001,0.5791828061647459
-0.07670000000000021,0.5821536998944625
-0.0757000000000001,0.5872466605739768
-0.07470000000000021,0.5899346120437202
-0.0737000000000001,0.5940372748133289
-0.07270000000000021,0.598281408712924
-0.0717000000000001,0.601959658092573
-0.07070000000000021,0.6064867342521413
-0.0697000000000001,0.6120041083216149
-0.0687000000000002,0.6156823577012639
-0.0677000000000001,0.6236047409805081
-0.0667000000000002,0.6245950388904137
-0.06570000000000009,0.6318100665197254
-0.0647000000000002,0.6366200849392665
-0.06370000000000009,0.6422789301387266
-0.0627000000000002,0.6476548330782137
-0.06170000000000009,0.6541625050575929
-0.0607000000000002,0.657274869917296
-0.059700000000000086,0.6620848883368372
-0.058700000000000196,0.6656216665864998
-0.057700000000000085,0.6728366942158115
-0.056700000000000195,0.6807590774950557
-0.05570000000000008,0.6857105670445833
-0.05470000000000019,0.692642652413922
-0.05370000000000008,0.6994332666532742
-0.05270000000000019,0.7021212181230176
-0.05170000000000008,0.7076385921924914
-0.05070000000000019,0.713155966261965
-0.04970000000000008,0.7220686474511148
-0.04870000000000019,0.7309813286402644
-0.047700000000000076,0.7383378273995627
-0.046700000000000186,0.7471090374587258
-0.045700000000000074,0.7564461320378352
-0.044700000000000184,0.7618220349773223
-0.04370000000000007,0.77243236972631
-0.04270000000000018,0.7771009170158646
-0.04170000000000007,0.7865794827249604
-0.04070000000000018,0.7978971731238806
-0.03970000000000007,0.8078001522229359
-0.03870000000000018,0.8171372468020451
-0.03770000000000007,0.82746463929106
-0.03670000000000018,0.8363773204802097
-0.035700000000000065,0.8488267799190221
-0.034700000000000175,0.8573150477182123
-0.03370000000000006,0.8673594979472539
-0.03270000000000017,0.8799504285160528
-0.03170000000000006,0.8908437055250136
-0.03070000000000017,0.904141991743745
-0.02970000000000006,0.9154596821426652
-0.02870000000000017,0.9266359014115991
-0.027700000000000058,0.9405000721502763
-0.026700000000000168,0.9526665893291157
-0.025700000000000056,0.9670966445877391
-0.024700000000000166,0.9809608153264163
-0.023700000000000054,0.9945420438051207
-0.022700000000000164,1.00953798358369
-0.021700000000000053,1.0241095099723
-0.020700000000000163,1.0402372187907614
-0.01970000000000005,1.0567893409991824
-0.01870000000000016,1.0705120406078732
-0.01770000000000005,1.0908838833259298
-0.01670000000000016,1.107718947794324
-0.015700000000000047,1.119036638193244
-0.014700000000000157,1.1362961160515976
-0.013700000000000045,1.155253247469789
-0.012700000000000156,1.1713809562882502
-0.011700000000000044,1.1909039722263879
-0.010700000000000154,1.207739036694782
-0.009700000000000042,1.2227349764733513
-0.008700000000000152,1.2456532995311649
-0.00770000000000004,1.2585271723599365
-0.00670000000000015,1.277484303778128
-0.005700000000000038,1.2953096661564274
-0.0047000000000001485,1.3118617883648485
-0.0037000000000000366,1.332233631082905
-0.0027000000000001467,1.34821986877138
-0.0017000000000000348,1.3623669817700303
-0.000700000000000145,1.3804752864083027
0.00029999999999996696,1.4005641868663863
0.0012999999999998568,1.4189554337646317
0.0022999999999999687,1.433102546763282
0.0032999999999998586,1.4486643710617975
0.0042999999999999705,1.462811484060448
0.00529999999999986,1.4797880196588282
0.006299999999999972,1.4967645552572086
0.007299999999999862,1.512326379555724
0.008299999999999974,1.5264734925543744
0.009299999999999864,1.54486473945262
0.010299999999999976,1.5632559863508655
0.011299999999999866,1.5759883880496508
0.012299999999999978,1.5957943462477613
0.013299999999999867,1.3432683792218523
0.012299999999999978,1.0945621327055788
0.011299999999999866,0.9539398294989943
0.010299999999999976,0.847412068619157
0.009299999999999864,0.7578608433377001
0.008299999999999974,0.6818908465349477
0.007299999999999862,0.6110138104117093
0.006299999999999972,0.5490494554776209
0.00529999999999986,0.4954318972127358
0.0042999999999999705,0.44308757911772945
0.0032999999999998586,0.3956947505722508
0.0022999999999999687,0.3528289981863401
0.0012999999999998568,0.31151942823028106
0.00029999999999996696,0.27219045409403303
-0.000700000000000145,0.23554943142752863
-0.0017000000000000348,0.20230371588070023
-0.0027000000000001467,0.172736249713521
-0.0037000000000000366,0.1426028990263957
-0.0047000000000001485,0.11467649796705988
-0.005700000000000038,0.08877313406653106
-0.00670000000000015,0.06373274405891989
-0.00770000000000004,0.04104077480908471
-0.008700000000000152,0.018391246898245478
-0.009700000000000042,-0.003806988107936814
-0.010700000000000154,-0.0232012653177866
-0.011700000000000044,-0.041535923764037475
-0.012700000000000156,-0.05943202170733019
-0.013700000000000045,-0.07417331345192386
-0.014700000000000157,-0.08967854929844467
-0.015700000000000047,-0.10351442581112473
-0.01670000000000016,-0.11832645312071166
-0.01770000000000005,-0.131907681599416
-0.01870000000000016,-0.14387613919627423
-0.01970000000000005,-0.15675001202504607
-0.020700000000000163,-0.16863358694391237
-0.021700000000000053,-0.17782921039303512
-0.022700000000000164,-0.18985425644188791
-0.023700000000000054,-0.19975723554094318
-0.024700000000000166,-0.20852844560010642
-0.025700000000000056,-0.21857289582914816
-0.026700000000000168,-0.22437321215859482
-0.027700000000000058,-0.23201265317786599
-0.02870000000000017,-0.24021797871708325
-0.02970000000000006,-0.2474330063463949
-0.03070000000000017,-0.25563833188561214
-0.03170000000000006,-0.26016540804518024
-0.03270000000000017,-0.2663901377645864
-0.03370000000000006,-0.2737466365238846
-0.034700000000000175,-0.2771419436435607
-0.035700000000000065,-0.28308373110299384
-0.03670000000000018,-0.2880352206525215
-0.03770000000000007,-0.2915719989021841
-0.03870000000000018,-0.2966649595816982
-0.03970000000000007,-0.3002017378313608
-0.04070000000000018,-0.3033141026910639
-0.04170000000000007,-0.308407063370578
-0.04270000000000018,-0.30982177467044303
-0.04370000000000007,-0.3142073797000246
-0.044700000000000184,-0.3177441579496872
-0.045700000000000074,-0.3184515135996197
-0.046700000000000186,-0.3222712341092553
-0.047700000000000076,-0.3245347721890394
-0.04870000000000019,-0.32807155043870195
-0.04970000000000008,-0.3311839152984051
-0.05070000000000019,-0.3316083286883646
-0.05170000000000008,-0.33274009772825663
-0.05270000000000019,-0.3350036358080407
-0.05370000000000008,-0.33670128936787874
-0.05470000000000019,-0.33981365422758186
-0.05570000000000008,-0.3393892408376223
-0.056700000000000195,-0.34094542326747385
-0.057700000000000085,-0.34363337473721745
-0.058700000000000196,-0.3434919036072309
-0.059700000000000086,-0.3456139705570285
-0.0607000000000002,-0.345755441687015
-0.06170000000000009,-0.34844339315675854
-0.0627000000000002,-0.3492922199366776
-0.06370000000000009,-0.3492922199366776
-0.0647000000000002,-0.3494336910666641
-0.06570000000000009,-0.35169722914644813
-0.0667000000000002,-0.35014104671659657
-0.0677000000000001,-0.3522631136663941
-0.0687000000000002,-0.35311194044631317
-0.0697000000000001,-0.35240458479638065
-0.07070000000000021,-0.3545266517461782
-0.0717000000000001,-0.3536778249662592
-0.07270000000000021,-0.3536778249662592
-0.0737000000000001,-0.35537547852609724
-0.07470000000000021,-0.35509253626612425
-0.0757000000000001,-0.35537547852609724
-0.07670000000000021,-0.35622430530601623
-0.0777000000000001,-0.35622430530601623
-0.07870000000000021,-0.35763901660588127
-0.0797000000000001,-0.35608283417602976
-0.08070000000000022,-0.3565072475659892
-0.0817000000000001,-0.35792195886585426
-0.08270000000000022,-0.35763901660588127
-0.08370000000000011,-0.3577804877358678
-0.08470000000000022,-0.3583463722558138
-0.08570000000000011,-0.35735607434590827
-0.08670000000000022,-0.3582049011258273
-0.08770000000000011,-0.3582049011258273
-0.08870000000000022,-0.35792195886585426
-0.08970000000000011,-0.35933667016571935
-0.09070000000000022,-0.3577804877358678
-0.09170000000000011,-0.3583463722558138
-0.09270000000000023,-0.3591951990357328
-0.09370000000000012,-0.3594781412957058
-0.09470000000000023,-0.35961961242569235
-0.09570000000000012,-0.3580634299958408
-0.09670000000000023,-0.3584878433858003
-0.09770000000000012,-0.3594781412957058
-0.09870000000000023,-0.3582049011258273
-0.09970000000000012,-0.35961961242569235
-0.10070000000000023,-0.35933667016571935
-0.10170000000000012,-0.3583463722558138
-0.10270000000000024,-0.3589122567757598
-0.10370000000000013,-0.3584878433858003
-0.10470000000000024,-0.35961961242569235
-0.10570000000000013,-0.3597610835556788
-0.10670000000000024,-0.35792195886585426
-0.10770000000000013,-0.3583463722558138
-0.10870000000000024,-0.3597610835556788
-0.10970000000000013,-0.3577804877358678
-0.11070000000000024,-0.3587707856457733
-0.11170000000000013,-0.3582049011258273
-0.11270000000000002,-0.3582049011258273
-0.11370000000000013,-0.3597610835556788
-0.11470000000000002,-0.3587707856457733
-0.11570000000000014,-0.3582049011258273
-0.11670000000000003,-0.3586293145157868
-0.11770000000000014,-0.3583463722558138
-0.11870000000000003,-0.3587707856457733
-0.11970000000000014,-0.35905372790574636
-0.12070000000000003,-0.3584878433858003
-0.12170000000000014,-0.35905372790574636
-0.12270000000000003,-0.3577804877358678
-0.12370000000000014,-0.3584878433858003
-0.12470000000000003,-0.3591951990357328
-0.12570000000000014,-0.3586293145157868
-0.12670000000000003,-0.36060991033559786
-0.12770000000000015,-0.3591951990357328
-0.12870000000000004,-0.35933667016571935
-0.12970000000000015,-0.36046843920561134
-0.13070000000000004,-0.3580634299958408
-0.13170000000000015,-0.3589122567757598
-0.13270000000000004,-0.3597610835556788
-0.13370000000000015,-0.35905372790574636
-0.13470000000000004,-0.35990255468566534
-0.13570000000000015,-0.35961961242569235
-0.13670000000000004,-0.35990255468566534
-0.13770000000000016,-0.35961961242569235
-0.13870000000000005,-0.35990255468566534
-0.13970000000000016,-0.36075138146558433
-0.14070000000000005,-0.3611757948555439
-0.14170000000000016,-0.35905372790574636
-0.14270000000000005,-0.36046843920561134
-0.14370000000000016,-0.3610343237255574
-0.14470000000000005,-0.3611757948555439
-0.14570000000000016,-0.3620246216354629
-0.14670000000000005,-0.36046843920561134
-0.14770000000000016,-0.3600440258156518
-0.14870000000000005,-0.36216609276544937
-0.14970000000000017,-0.36216609276544937
-0.15070000000000006,-0.36244903502542236
-0.15170000000000017,-0.3613172659855304
-0.15270000000000006,-0.3623075638954359
-0.15370000000000017,-0.36358080406531446
-0.15470000000000006,-0.3616002082455034
-0.15570000000000017,-0.3640052174552739
-0.15670000000000006,-0.36343933293532793
-0.15770000000000017,-0.36244903502542236
-0.15870000000000006,-0.36442963084523344
-0.15970000000000018,-0.3642881597152469
-0.16070000000000007,-0.36386374632528745
-0.16170000000000018,-0.36414668858526045
-0.16270000000000007,-0.3642881597152469
-0.16370000000000018,-0.366551697795031
-0.16470000000000007,-0.3669761111849905
-0.16570000000000018,-0.3655613998851255
-0.16670000000000007,-0.366268755535058
-0.16770000000000018,-0.36641022666504447
-0.16870000000000007,-0.36711758231497704
-0.16970000000000018,-0.3688152358748151
-0.17070000000000007,-0.36768346683492303
-0.17170000000000019,-0.3678249379649095
-0.17270000000000008,-0.37136171621457215
-0.1737000000000002,-0.37263495638445066
-0.17470000000000008,-0.37221054299449113
-0.1757000000000002,-0.3712202450845856
-0.17670000000000008,-0.37107877395459915
-0.1777000000000002,-0.3732008409043967
-0.17870000000000008,-0.3720690718645046
-0.1797000000000002,-0.3740496676843157
-0.18070000000000008,-0.37390819655432916
-0.1817000000000002,-0.37362525429435617
-0.18270000000000008,-0.3757473212441537
-0.1837000000000002,-0.37631320576409977
-0.1847000000000001,-0.37659614802407276
-0.1857000000000002,-0.37829380158391085
-0.1867000000000001,-0.37942557062380283
-0.1877000000000002,-0.38013292627373535
-0.1887000000000001,-0.38041586853370835
-0.1897000000000002,-0.38112322418364086
-0.1907000000000001,-0.3822549932235329
-0.1917000000000001,-0.3825379354835059
-0.19269999999999998,-0.38310382000345194
-0.1937000000000001,-0.38805530955297957
-0.19469999999999998,-0.38607471373316854
-0.1957000000000001,-0.38664059825311453
-0.19669999999999999,-0.38862119407292556
-0.1977000000000001,-0.3887626652029121
-0.1987,-0.39215797232258814
-0.1997000000000001,-0.39187503006261515
-0.2007,-0.3930067991025072
-0.2017000000000001,-0.3941385681423992
-0.2027,-0.3945629815323587
-0.2037000000000001,-0.39640210622218325
-0.2047,-0.3989485865619403
-0.2057000000000001,-0.3986656443019673
-0.2067,-0.4007877112517649
-0.2077000000000001,-0.4022024225516299
-0.2087,-0.404465960631414
-0.2097000000000001,-0.406729498711198
-0.2107,-0.406729498711198
-0.2117000000000001,-0.40856862340102257
-0.2127,-0.4104077480908471
-0.2137000000000001,-0.4116809882607257
-0.2147,-0.41677394894023984
-0.2157000000000001,-0.4190374870200239
-0.2167,-0.41804718911011834
-0.21770000000000012,-0.4204521983198889
-0.2187,-0.42229132300971345
-0.21970000000000012,-0.42441338995951106
-0.2207,-0.4265354569093086
-0.22170000000000012,-0.42780869707918706
-0.2227,-0.43176988871880917
-0.22370000000000012,-0.4336090134086337
-0.2247,-0.43615549374839085
-0.22570000000000012,-0.43870197408814793
-0.2267,-0.4392678586080939
-0.22770000000000012,-0.44308757911772945
-0.22870000000000001,-0.4469072996273651
-0.22970000000000013,-0.4486049531872031
-0.23070000000000002,-0.4521417314368657
-0.23170000000000013,-0.45398085612669026
-0.23270000000000002,-0.45751763437635284
-0.23370000000000013,-0.4619032394059345
-0.23470000000000002,-0.4630350084458265
-0.23570000000000013,-0.46812796912534066
-0.23670000000000002,-0.4736453431948142
-0.2376999999999999,-0.47378681432480074
-0.23870000000000002,-0.4784553616143554
-0.2396999999999999,-0.48086037082412597
-0.24070000000000003,-0.48694362941354563
-0.24169999999999991,-0.49189511896307325
-0.24270000000000003,-0.4928854168729787
-0.24369999999999992,-0.49670513738261435
-0.24470000000000003,-0.5009492712822095
-0.24569999999999992,-0.5043445784018855
-0.24670000000000003,-0.5085887123014806
-0.24769999999999992,-0.5126913750710893
-0.24870000000000003,-0.5167940378406979
-0.24969999999999992,-0.5233017098200771
-0.25070000000000003,-0.5255652478998613
-0.2516999999999999,-0.5309411508393483
-0.25270000000000004,-0.5363170537788354
-0.2536999999999999,-0.5409856010683901
-0.25470000000000004,-0.5469273885278232
-0.2556999999999999,-0.5515959358173778
-0.25670000000000004,-0.557254781016838
-0.25769999999999993,-0.5630550973462846
-0.25870000000000004,-0.5677236446358392
-0.25969999999999993,-0.5746557300051779
-0.26070000000000004,-0.580314575204638
-0.26169999999999993,-0.5852660647541656
-0.26270000000000004,-0.5924810923834773
-0.26369999999999993,-0.598281408712924
-0.26470000000000005,-0.6054964363422356
-0.26569999999999994,-0.6137017618814529
-0.26670000000000005,-0.6221900296806432
-0.26769999999999994,-0.6260097501902787
-0.26870000000000005,-0.6363371426792934
-0.26969999999999994,-0.6411471610988346
-0.27070000000000005,-0.6477963042082002
-0.27169999999999994,-0.6544454473175659
-0.27270000000000005,-0.6618019460768642
-0.27369999999999994,-0.6719878674358926
-0.27470000000000006,-0.6787784816752446
-0.27569999999999995,-0.6867008649544888
-0.27670000000000006,-0.6960379595335981
-0.27769999999999995,-0.7032529871629097
-0.27870000000000006,-0.7138633219118975
-0.27969999999999995,-0.7223515897110878
-0.28070000000000006,-0.7312642709002375
-0.28169999999999995,-0.7401769520893872
-0.28270000000000006,-0.749089633278537
-0.28369999999999995,-0.7596999680275246
-0.28470000000000006,-0.7705932450364854
-0.28569999999999995,-0.7799303396155948
-0.28670000000000007,-0.790116260974623
-0.28769999999999996,-0.8007265957236107
-0.28870000000000007,-0.8113369304725986
-0.28969999999999996,-0.8246352166913299
-0.29070000000000007,-0.8334064267504931
-0.29169999999999996,-0.8441582326294674
-0.29270000000000007,-0.8608518259678749
-0.29369999999999996,-0.8735842276666601
-0.2947000000000001,-0.8880142829252835
-0.29569999999999996,-0.8936731281247438
-0.2967000000000001,-0.9054152319136234
-0.29769999999999996,-0.9201282294322198
-0.2987000000000001,-0.9318703332210997
-0.29969999999999997,-0.9464418596097095
-0.3007000000000001,-0.9622866261681979
-0.30169999999999997,-0.9726140186572129
-0.3027000000000001,-0.9873270161758091
-0.30369999999999997,-1.0028888404743244
-0.3047000000000001,-1.0187336070328128
-0.30569999999999997,-1.0327392489014768
-0.3067000000000001,-1.0504231401497897
-0.3077,-1.064287310888467
-0.3087000000000001,-1.0822541443967533
-0.3097,-1.0954109594854977
-0.3107000000000001,-1.1112557260439861
-0.3117,-1.1295055018122453
-0.3127000000000001,-1.1467649796705988
-0.3137,-1.1644488709189116
-0.3147000000000001,-1.1815668776472785
-0.3157,-1.199109297765605
-0.3167000000000001,-1.2155199488440396
-0.3177,-1.234477080262231
-0.3187000000000001,-1.2556977497602064
-0.3197,-1.274937823438371
-0.3207000000000001,-1.2936120125965895
-0.3217,-1.314549739834592
-0.3227000000000001,-1.33364834238277
-0.3237,-1.3547275407507593
-0.3247000000000001,-1.3741090855589102
-0.3257,-1.3977347642666564
-0.3267000000000001,-1.4175407224647667
-0.3277,-1.4401761032626073
-0.3287000000000001,-1.461396772760583
-0.3297,-1.4868615761581534
-0.3307000000000001,-1.5094969569559942
-0.3317,-1.5335470490536998
-0.3327000000000001,-1.5561824298515403
-0.3337,-1.580232521949246
-0.3347000000000001,-1.6056973253468165
-0.3357,-1.6297474174445223
-0.3367000000000001,-1.653797509542228
-0.3377,-1.6820917355395286
-0.3387000000000001,-1.7075565389370995
-0.3397,-1.7386801875341302
-0.3407000000000001,-1.7627302796318356
-0.3417,-1.7881950830294064
-0.3427000000000001,-1.8164893090267071
-0.3437,-1.8419541124242775
-0.3447000000000001,-1.8730777610213083
-0.3457,-1.8999572757187444
-0.3467000000000001,-1.93532505821537
-0.3477,-1.9622045729128061
-0.3487000000000001,-1.993328221509837
-0.3497,-2.023037158807002
-0.3507000000000001,-2.0555755187038987
-0.3517,-2.082455033401334
-0.3527000000000001,-2.11782281589796
-0.3537,-2.1531905983945863
-0.3547000000000001,-2.184314246991617
-0.3557,-2.216852606888512
-0.35670000000000013,-2.250805678085273
-0.3577,-2.2875881718817643
-0.35870000000000013,-2.321541243078525
-0.3597,-2.361153159474746
-0.36070000000000013,-2.3936915193716417
-0.3617,-2.4318887244679983
-0.3626999999999999,-2.465841795664759
-0.3637,-2.50262428946125
-0.3646999999999999,-2.542236205857471
-0.3657,-2.584677544853422
-0.3666999999999999,-2.624289461249643
-0.3677,-2.663901377645864
-0.3686999999999999,-2.697854448842625
-0.36970000000000003,-2.743125210438306
-0.3706999999999999,-2.778492992934932
-0.37170000000000003,-2.8265931771303436
-0.3726999999999999,-2.864790382226699
-0.37370000000000003,-2.9058170099227856
-0.3746999999999999,-2.945428926319006
-0.37570000000000003,-2.9836261314153627
-0.3766999999999999,-3.0387998721100984
-0.37770000000000004,-3.0755823659065897
-0.3786999999999999,-3.1123648597030806
-0.37970000000000004,-3.1632944664982214
-0.3806999999999999,-3.208565228093903
-0.38170000000000004,-3.2552507009894494
-0.38269999999999993,-3.3005214625851305
-0.38370000000000004,-3.3429628015810815
-0.38469999999999993,-3.389648274476628
-0.38570000000000004,-3.440577881271769
-0.38669999999999993,-3.4886780654671803
-0.38770000000000004,-3.533948827062862
-0.38869999999999993,-3.586293145157868
-0.38970000000000005,-3.6372227519530096
-0.39069999999999994,-3.6853229361484203
-0.39170000000000005,-3.7376672542434273
-0.39269999999999994,-3.781523304539243
-0.39370000000000005,-3.838111756533844
-0.39469999999999994,-3.8862119407292557
-0.39570000000000005,-3.9413856814239923
-0.39669999999999994,-3.992315288219133
-0.39770000000000005,-4.048903740213735
-0.39869999999999994,-4.098418635709011
-0.39970000000000006,-4.146518819904423
-0.40069999999999995,-4.200277849299294
-0.40170000000000006,-4.25545158999403
-0.40269999999999995,-4.307795908089036
-0.40370000000000006,-4.374287339182693
-0.40469999999999995,-4.425216945977835
-0.40570000000000006,-4.476146552772976
-0.40669999999999995,-4.534149716067443
-0.40770000000000006,-4.593567590661774
-0.40869999999999995,-4.638838352257455
-0.40970000000000006,-4.708159205950842
-0.41069999999999995,-4.757674101446118
-0.41170000000000007,-4.821336109940045
-0.41269999999999996,-4.873680428035052
-0.41370000000000007,-4.935927725229114
-0.41469999999999996,-4.986857332024254
-0.41570000000000007,-5.050519340518181
-0.41669999999999996,-5.112766637712243
-0.41770000000000007,-5.169355089706844
-0.41869999999999996,-5.231602386900906
-0.4197000000000001,-5.303752663194023
-0.42069999999999996,-5.361755826488489
-0.4217000000000001,-5.41268543328363
-0.42269999999999996,-5.469273885278232
-0.4237000000000001,-5.525862337272833
-0.42469999999999997,-5.588109634466894
-0.4257000000000001,-5.651771642960822
-0.42669999999999997,-5.712604228855018
-0.4277000000000001,-5.776266237348945
-0.42869999999999997,-5.838513534543006
-0.4297000000000001,-5.900760831737068
-0.43069999999999997,-5.964422840230995
-0.4317000000000001,-6.026670137425056
-0.4327,-6.0917468572188485
-0.4337000000000001,-6.1511647318131795
-0.4347,-6.214826740307106
-0.4357000000000001,-6.281318171400763
-0.4367,-6.349224313794284
-0.4377000000000001,-6.411471610988346
-0.4387,-6.480792464681733
-0.4397000000000001,-6.54162505057593
-0.4407,-6.606701770369722
-0.4417000000000001,-6.673193201463377
-0.4427,-6.731196364757845
-0.4437000000000001,-6.801931929751096
-0.4447,-6.868423360844753
-0.4457000000000001,-6.941988348437734
-0.4467,-7.018382758630446
-0.4477000000000001,-7.086288901023969
-0.4487,-7.147121486918166
-0.4497000000000001,-7.2065393615124975
-0.4507,-7.2659572361068285
-0.4517000000000001,-7.33386337850035
-0.4527,-7.413087211292793
-0.4537000000000001,-7.4824080649861795
-0.4547,-7.553143629979432
-0.4557000000000001,-7.635196885371603
-0.4567,-7.6960294712658
-0.4577000000000001,-7.756862057159997
-0.4587,-7.823353488253653
-0.4597000000000001,-7.909650877545419
-0.4607,-7.970483463439617
-0.4617000000000001,-8.051122007531923
-0.4627,-8.113369304725985
-0.4637000000000001,-8.194007848818291
-0.4647,-8.261913991211815
-0.4657000000000001,-8.338308401404527
-0.4667,-8.386408585599938
-0.4677000000000001,-8.475535397491434
-0.4687,-8.540612117285226
-0.4697000000000001,-8.615591816178071
-0.4707,-8.683497958571595
-0.4717000000000001,-8.758477657464443
-0.4727,-8.830627933757558
-0.4737000000000001,-8.907022343950272
-0.4747,-8.974928486343794
-0.4757000000000001,-9.049908185236639
-0.4767,-9.124887884129487
-0.4777000000000001,-9.195623449122737
-0.4787,-9.263529591516258
-0.4797000000000001,-9.330021022609918
-0.4807,-9.407830144102494
-0.48170000000000013,-9.48280984299534
-0.4827,-9.553545407988592
-0.48370000000000013,-9.632769240781036
-0.4847,-9.717651918772937
-0.48570000000000013,-9.798290462865245
-0.4867,-9.860537760059307
-0.4876999999999999,-9.939761592851747
-0.4887,-10.020400136944055
-0.4896999999999999,-10.103868103636094
-0.4907,-10.170359534729748
-0.4916999999999999,-10.259486346621246
-0.4927,-10.334466045514093
-0.4936999999999999,-10.412275167006669
-0.49470000000000003,-10.490084288499247
-0.4956999999999999,-10.560819853492498
-0.49670000000000003,-10.648531954084133
-0.4976999999999999,-10.726341075576709
-0.49870000000000003,-10.809809042268745
-0.4996999999999999,-10.896106431560511
-0.5007,-10.97108613045336
-0.5016999999999999,-11.0503099632458
-0.5027,-11.133777929937839
-0.5036999999999999,-11.208757628830686
-0.5047,-11.290810884222859
-0.5056999999999999,-11.377108273514626
-0.5067,-11.467649796705988
-0.5076999999999999,-11.553947185997753
-0.5087,-11.630341596190465
-0.5096999999999999,-11.716638985482234
-0.5107,-11.797277529574542
-0.5116999999999999,-11.887819052765904
-0.5127,-11.96562817425848
-0.5136999999999999,-12.068902099148628
-0.5147,-12.150955354540802
-0.5156999999999999,-12.238667455132433
-0.5167,-12.31930599922474
-0.5176999999999999,-12.418335790215291
-0.5187,-12.51029202470652
-0.5196999999999999,-12.598004125298152
-0.5207,-12.69561920498884
-0.5216999999999999,-12.78050188298074
-0.5227,-12.871043406172104
-0.5236999999999999,-12.96299964066333
-0.5247,-13.070517699453074
-0.5257,-13.163888645244166
-0.5267000000000001,-13.272821415333775
-0.5277,-13.359118804625542
-0.5287000000000001,-13.463807440815554
-0.5297,-13.55293425270705
-0.5307000000000001,-13.596790303002868
-0.5317,-13.709967206992069
-0.5327000000000001,-13.801923441483297
-0.5337,-13.929247458471151
-0.5347000000000001,-14.011300713863324
-0.5357,-14.121648195252797
-0.5367000000000001,-14.231995676642269
-0.5377,-14.359319693630123
-0.5387000000000001,-14.430055258623375
-0.5397,-14.514937936615278
-0.5407000000000001,-14.65640906660178
-0.5417,-14.769585970590983
-0.5427000000000001,-14.854468648582884
-0.5437,-14.967645552572087
-0.5447000000000001,-15.05252823056399
-0.5457,-15.179852247551842
-0.5467000000000001,-15.250587812545096
-0.5477,-15.37791182953295
-0.5487000000000001,-15.4769416205235
-0.5497,-15.590118524512702
-0.5507000000000001,-15.689148315503255
-0.5517,-15.802325219492458
-0.5527000000000001,-15.88720789748436
-0.5537,-16.000384801473565
-0.5547000000000001,-16.127708818461418
-0.5557,-16.25503283544927
-0.5567000000000001,-16.396503965435777
-0.5577,-16.56626932141958
-0.5587000000000001,-16.693593338407435
-0.5597,-16.778476016399335
-0.5607000000000001,-16.863358694391238
-0.5617,-17.00482982437774
-0.5627000000000001,-17.146300954364243
-0.5637,-17.146300954364243
-0.5647000000000001,-17.2736249713521
-0.5657,-17.429243214337255
-0.5667000000000001,-17.556567231325104
-0.5677,-17.698038361311607
-0.5687000000000001,-17.853656604296763
-0.5697,-17.938539282288666
-0.5707000000000001,-18.08001041227517
-0.5717,-18.207334429263025
-0.5727000000000001,-18.362952672248177
-0.5737,-18.49027668923603
-0.5747000000000001,-18.631747819222536
-0.5757,-18.78736606220769
-0.5767000000000001,-18.92883719219419
-0.5777,-19.070308322180697
-0.5787000000000001,-19.2400736781645
-0.5797,-19.409839034148305
-0.5807000000000001,-19.551310164134804
-0.5817,-19.70692840711996
-0.5827000000000001,-19.862546650105116
-0.5837,-20.01816489309027
-0.5847000000000001,-20.187930249074075
-0.5857,-20.357695605057877
-0.5867000000000001,-20.48501962204573
-0.5877,-20.598196526034933
-0.5887000000000001,-20.76796188201874
-0.5897,-20.90943301200524
-0.5907000000000001,-21.107492593986347
-0.5917,-21.291405062968803
-0.5927000000000001,-21.461170418952605
-0.5937,-21.645082887935057
-0.5947000000000001,-21.843142469916167
-0.5957,-22.04120205189727
-0.5967000000000001,-22.239261633878378
-0.5977,-22.42317410286083
-0.5987000000000001,-22.607086571843286
-0.5997,-22.80514615382439
-0.6007000000000001,-23.003205735805498
-0.6017,-23.187118204787954
-0.6027000000000001,-23.385177786769056
-0.6037,-23.55494314275286
-0.6047000000000001,-23.809591176728567
-0.6057,-24.00765075870967
-0.6067000000000001,-24.21985745368943
-0.6077,-24.432064148669184
-0.6087000000000001,-24.65841795664759
-0.6097,-24.884771764625995
-0.6107000000000001,-25.06868423360845
-0.6117,-25.295038041586857
-0.6126999999999999,-25.563833188561212
-0.6137,-25.790186996539617
-0.6146999999999999,-26.058982143513976
-0.6157,-26.27118883849373
-0.6166999999999999,-26.511689759470787
-0.6177,-26.709749341451893
-0.6186999999999999,-26.9643973754276
-0.6197,-27.204898296404657
-0.6206999999999999,-27.459546330380363
-0.6217,-27.685900138358768
-0.6226999999999999,-27.954695285333123
-0.6237,-28.22349043230748
-0.6246999999999999,-28.49228557928184
-0.6257,-28.775227839254843
-0.6266999999999999,-29.029875873230555
-0.6277,-29.35525947219951
-0.6286999999999999,-29.694790184167122
-0.6297,-29.892849766148224
-0.6306999999999999,-30.204086252118536
-0.6317,-30.529469851087494
-0.6326999999999999,-30.8690005630551
-0.6337,-31.19438416202406
-0.6346999999999999,-31.505620647994366
-0.6357,-31.802710020966025
-0.6366999999999999,-32.08565228093904
-0.6377,-32.32615320191609
-0.6386999999999999,-32.70812525287965
-0.6397,-33.04765596484726
-0.6406999999999999,-33.330598224820264
-0.6417,-33.655981823789226
-0.6426999999999999,-33.95307119676088
-0.6437,-34.33504324772444
-0.6446999999999999,-34.702868185689354
-0.6457,-34.98581044566235
-0.6466999999999999,-35.02825178465831
-0.6477,-35.169722914644815
-0.6486999999999999,-35.50925362661242
-0.6497,-35.763901660588125
-0.6507,-36.13172659855304
-0.6517000000000001,-36.52784576251525
-0.6527,-36.88152358748151
-0.6537000000000001,-37.27764275144372
-0.6547,-37.58887923741403
-0.6557000000000001,-37.97085128837759
-0.6567,-38.39526467833709
-0.6577000000000001,-38.84797229429391
-0.6587,-39.28653279725207
-0.6597000000000001,-39.68265196121428
-0.6607,-39.92315288219133
-0.6617000000000001,-40.36171338514949
-0.6627,-40.84271522710361
-0.6637000000000001,-41.32371706905772
-0.6647,-41.59251221603208
-0.6657000000000001,-41.139804600075266
-0.6667,-41.620806442029384
-0.6677000000000001,-42.03107271899024
-0.6687,-42.540368786941656
-0.6697000000000001,-43.106253306887666
-0.6707,-43.558960922844484
-0.6717000000000001,-44.011668538801295
-0.6727,-44.605847284744605
-0.6737000000000001,-45.27076159568118
-0.6747,-45.652733646644734
-0.6757000000000001,-45.85079322862584
-0.6767,-46.2327652795894
-0.6777000000000001,-46.75620846053947
-0.6787,-47.30794586748683
-0.6797000000000001,-47.87383038743284
-0.6807,-48.312390890391
-0.6817000000000001,-48.84998118433972
-0.6827,-49.34513013929248
-0.6837000000000001,-49.78369064225064
-0.6847,-50.1939569192115
-0.6857000000000001,-50.68910587416426
-0.6867,-50.34957516219666
-0.6857000000000001,-49.98175022423175
-0.6847,-49.43001281728438
-0.6837000000000001,-48.41142068138156
-0.6827,-47.91627172642879
-0.6817000000000001,-47.37868143248008
-0.6807,-46.96841515551922
-0.6797000000000001,-46.586443104555656
-0.6787,-46.077147036604245
-0.6777000000000001,-45.80835188962989
-0.6767,-45.21417314368657
-0.6757000000000001,-44.80390686672572
-0.6747,-44.195581007783744
-0.6737000000000001,-43.34675422786472
-0.6727,-42.837458159913304
-0.6717000000000001,-42.37060343095784
-0.6707,-41.84716025000779
-0.6697000000000001,-41.55007087703613
-0.6687,-41.196393052069865
-0.6677000000000001,-40.729538323114404
-0.6667,-40.00803556018324
-0.6657000000000001,-38.734795390304704
-0.6647,-38.5084415823263
-0.6637000000000001,-38.140616644361394
-0.6627,-37.85767438438838
-0.6617000000000001,-37.291789864442364
-0.6607,-36.8532293614842
-0.6597000000000001,-36.4288159715247
-0.6587,-35.90537279057463
-0.6577000000000001,-35.50925362661242
-0.6567,-35.169722914644815
-0.6557000000000001,-34.90092776767045
-0.6547,-34.44822015171364
-0.6537000000000001,-34.05210098775143
-0.6527,-33.712570275783825
-0.6517000000000001,-33.330598224820264
-0.6507,-32.92033194785941
-0.6497,-32.41103587990799
-0.6486999999999999,-31.816857133964678
-0.6477,-31.335855292010564
-0.6466999999999999,-30.99632458004295
-0.6457,-30.571911190083444
-0.6446999999999999,-30.17579202612123
-0.6437,-29.878702653149578
-0.6426999999999999,-29.567466167179266
-0.6417,-29.157199890218404
-0.6406999999999999,-28.761080726256196
-0.6397,-28.478138466283188
-0.6386999999999999,-28.11031352831828
-0.6377,-27.841518381343924
-0.6366999999999999,-27.544429008372262
-0.6357,-27.06342716641815
-0.6346999999999999,-26.257041725495082
-0.6337,-25.91751101352747
-0.6326999999999999,-25.705304318547718
-0.6317,-25.252596702590903
-0.6306999999999999,-25.06868423360845
-0.6297,-24.686712182644893
-0.6286999999999999,-24.262298792685378
-0.6277,-23.86617962872317
-0.6266999999999999,-23.724708498736668
-0.6257,-23.44176623876366
-0.6246999999999999,-22.904175944814945
-0.6237,-22.776851927827092
-0.6226999999999999,-22.607086571843286
-0.6217,-22.39487987686353
-0.6206999999999999,-22.012907825899973
-0.6197,-21.68752422693101
-0.6186999999999999,-21.461170418952605
-0.6177,-21.2631108369715
-0.6166999999999999,-21.022609915994444
-0.6157,-20.78210899501739
-0.6146999999999999,-20.555755187038983
-0.6137,-20.230371588070028
-0.6126999999999999,-19.98987066709297
-0.6117,-19.791811085111863
-0.6107000000000001,-19.565457277133458
-0.6097,-19.2683679041618
-0.6087000000000001,-19.01371987018609
-0.6077,-18.872248740199588
-0.6067000000000001,-18.702483384215785
-0.6057,-18.334658446250877
-0.6047000000000001,-18.27806999425627
-0.6037,-18.17904020326572
-0.6027000000000001,-17.867803717295413
-0.6017,-17.669744135314307
-0.6007000000000001,-17.471684553333205
-0.5997,-17.160448067362896
-0.5987000000000001,-17.00482982437774
-0.5977,-16.693593338407435
-0.5967000000000001,-16.50968086942498
-0.5957,-16.325768400442524
-0.5947000000000001,-16.170150157457368
-0.5937,-15.957943462477614
-0.5927000000000001,-15.78817810649381
-0.5917,-15.646706976507305
-0.5907000000000001,-15.293029151541045
-0.5897,-15.10911668255859
-0.5887000000000001,-14.925204213576137
-0.5877,-14.69885040559773
-0.5867000000000001,-14.514937936615278
-0.5857,-14.345172580631472
-0.5847000000000001,-14.26028990263957
-0.5837,-14.124477617852525
-0.5827000000000001,-13.920759190671962
-0.5817,-13.759482102487347
-0.5807000000000001,-13.609522704701652
-0.5797,-13.442586771317579
-0.5787000000000001,-13.189353448641736
-0.5777,-12.996952711860093
-0.5767000000000001,-12.91489945646792
-0.5757,-12.763525347382362
-0.5747000000000001,-12.619224794796127
-0.5737,-12.37306502861961
-0.5727000000000001,-12.240082166432298
-0.5717,-12.095781613846063
-0.5707000000000001,-11.98260470985686
-0.5697,-11.865183671968062
-0.5687000000000001,-11.713809562882503
-0.5677,-11.553947185997753
-0.5667000000000001,-11.446429127208011
-0.5657,-11.354472892716785
-0.5647000000000001,-11.286566750323264
-0.5637,-11.135192641237705
-0.5627000000000001,-10.969671419153494
-0.5617,-10.849420958664966
-0.5607000000000001,-10.751805878974281
-0.5597,-10.624481861986427
-0.5587000000000001,-10.46886361900127
-0.5577,-10.355686715012068
-0.5567000000000001,-10.273633459619896
-0.5557,-10.161871266930557
-0.5547000000000001,-10.0387913838423
-0.5537,-9.895905542555932
-0.5527000000000001,-9.819511132363221
-0.5517,-9.713407784873342
-0.5507000000000001,-9.576180788786434
-0.5497,-9.464418596097095
-0.5487000000000001,-9.40075658760317
-0.5477,-9.269188436715721
-0.5467000000000001,-9.184305758723816
-0.5457,-9.051322896536504
-0.5447000000000001,-8.885801674452297
-0.5437,-8.800918996460393
-0.5427000000000001,-8.734427565366737
-0.5417,-8.658033155174026
-0.5407000000000001,-8.568906343282526
-0.5397,-8.448655882793998
-0.5387000000000001,-8.366602627401825
-0.5377,-8.252011012112758
-0.5367000000000001,-8.155810643721937
-0.5357,-8.069513254430168
-0.5347000000000001,-8.004436534636376
-0.5337,-7.913895011445016
-0.5327000000000001,-7.836085889952438
-0.5317,-7.73564138766202
-0.5307000000000001,-7.687541203466609
-0.5297,-7.588511412476056
-0.5287000000000001,-7.492311044085233
-0.5277,-7.404598943493602
-0.5267000000000001,-7.35932818189792
-0.5257,-7.277274926505749
-0.5247,-7.19663638241344
-0.5236999999999999,-7.079215344524644
-0.5227,-6.999991511732201
-0.5216999999999999,-6.920767678939759
-0.5207,-6.868423360844753
-0.5196999999999999,-6.838714423547587
-0.5187,-6.7693935698542
-0.5176999999999999,-6.660460799764593
-0.5167,-6.565675142673635
-0.5156999999999999,-6.475133619482273
-0.5147,-6.404398054489021
-0.5136999999999999,-6.37044498329226
-0.5127,-6.336491912095499
-0.5116999999999999,-6.233217987205351
-0.5107,-6.1907766482094
-0.5096999999999999,-6.107308681517363
-0.5087,-6.043646673023436
-0.5076999999999999,-5.96583755153086
-0.5067,-5.917737367335448
-0.5056999999999999,-5.844172379742466
-0.5047,-5.813048731145436
-0.5036999999999999,-5.77485152604908
-0.5027,-5.714018940154883
-0.5016999999999999,-5.629136262162981
-0.5007,-5.535765316371888
-0.4996999999999999,-5.407026588084171
-0.49870000000000003,-5.356096981289029
-0.4976999999999999,-5.302337951894157
-0.49670000000000003,-5.278287859796452
-0.4956999999999999,-5.23018767560104
-0.49470000000000003,-5.156622688008059
-0.4936999999999999,-5.098619524713592
-0.4927,-5.0052485789225
-0.4916999999999999,-4.986857332024254
-0.4907,-4.972710219025604
-0.4896999999999999,-4.909048210531677
-0.4887,-4.85387446983694
-0.4876999999999999,-4.793041883942744
-0.4867,-4.7463564110471985
-0.48570000000000013,-4.699670938151652
-0.4847,-4.64308248615705
-0.48370000000000013,-4.6091294149602895
-0.4827,-4.572346921163798
-0.48170000000000013,-4.522832025668523
-0.4807,-4.46058472847446
-0.4797000000000001,-4.40965512167932
-0.4787,-4.362969648783774
-0.4777000000000001,-4.310625330688767
-0.4767,-4.276672259492005
-0.4757000000000001,-4.214424962297944
-0.4747,-4.173398334601859
-0.4737000000000001,-4.126712861706312
-0.4727,-4.088515656609956
-0.4717000000000001,-4.063050853212385
-0.4707,-4.050318451513601
-0.4697000000000001,-3.969679907421293
-0.4687,-3.8904560746288515
-0.4677000000000001,-3.85084415823263
-0.4667,-3.818305798335734
-0.4657000000000001,-3.780108593239378
-0.4647,-3.744740810742752
-0.4637000000000001,-3.7588879237414026
-0.4627,-3.6754199570493657
-0.4617000000000001,-3.6386374632528744
-0.4607,-3.5877078564577327
-0.4597000000000001,-3.552340073961107
-0.4587,-3.5169722914644814
-0.4577000000000001,-3.4787750863681253
-0.4567,-3.4632132620696097
-0.4557000000000001,-3.405210098775143
-0.4547,-3.392477697076358
-0.4537000000000001,-3.347206935480677
-0.4527,-3.3061803077845906
-0.4517000000000001,-3.2976920399854004
-0.4507,-3.2566654122893146
-0.4497000000000001,-3.195832826395118
-0.4487,-3.171782734297412
-0.4477000000000001,-3.129341395301461
-0.4467,-3.110950148403216
-0.4457000000000001,-3.0586058303082093
-0.4447,-3.0359704495103688
-0.4437000000000001,-3.009090934812933
-0.4427,-2.9553319054180616
-0.4417000000000001,-2.9213788342213007
-0.4407,-2.8944993195238653
-0.4397000000000001,-2.8322520223298033
-0.4387,-2.8152754867314234
-0.4377000000000001,-2.7869812607341222
-0.4367,-2.7558576121370915
-0.4357000000000001,-2.719075118340601
-0.4347,-2.70209858274222
-0.4337000000000001,-2.662486666345999
-0.4327,-2.629948306449103
-0.4317000000000001,-2.6044835030515325
-0.43069999999999997,-2.5804334109538267
-0.4297000000000001,-2.545065628457201
-0.42869999999999997,-2.50545371206098
-0.4277000000000001,-2.4898918877624645
-0.42669999999999997,-2.451694682666109
-0.4257000000000001,-2.4488652600663787
-0.42469999999999997,-2.4106680549700226
-0.4237000000000001,-2.362567870774611
-0.42269999999999996,-2.3668120046742067
-0.4217000000000001,-2.3413472012766356
-0.42069999999999996,-2.2890028831816296
-0.4197000000000001,-2.2649527910839233
-0.41869999999999996,-2.238073276386488
-0.41770000000000007,-2.216852606888512
-0.41669999999999996,-2.178655401792157
-0.41570000000000007,-2.1645082887935065
-0.41469999999999996,-2.124896372397285
-0.41370000000000007,-2.1192375271978254
-0.41269999999999996,-2.10367570289931
-0.41170000000000007,-2.0626490752032236
-0.41069999999999995,-2.0371842718056525
-0.40970000000000006,-2.0159636023076772
-0.40869999999999995,-1.9820105311109162
-0.40770000000000006,-1.9551310164134805
-0.40669999999999995,-1.9324956356156402
-0.40570000000000006,-1.9056161209182045
-0.40469999999999995,-1.8787366062207687
-0.40370000000000006,-1.8730777610213083
-0.40269999999999995,-1.8518570915233332
-0.40170000000000006,-1.8193187316264372
-0.40069999999999995,-1.7952686395287314
-0.39970000000000006,-1.7853656604296764
-0.39869999999999994,-1.734436053634535
-0.39770000000000005,-1.7160448067362895
-0.39669999999999994,-1.6806770242396636
-0.39570000000000005,-1.6778476016399335
-0.39469999999999994,-1.6622857773414181
-0.39370000000000005,-1.6410651078434426
-0.39269999999999994,-1.614185593146007
-0.39170000000000005,-1.587306078448571
-0.39069999999999994,-1.5561824298515403
-0.38970000000000005,-1.53920589425316
-0.38869999999999993,-1.5250587812545096
-0.38770000000000004,-1.505252823056399
-0.38669999999999993,-1.4840321535584236
-0.38570000000000004,-1.4557379275611226
-0.38469999999999993,-1.4387613919627424
-0.38370000000000004,-1.4189554337646317
-0.38269999999999993,-1.3927832747171285
-0.38170000000000004,-1.370713778439234
-0.3806999999999999,-1.3630743374199628
-0.37970000000000004,-1.3385998319322978
-0.3786999999999999,-1.318793873734187
-0.37770000000000004,-1.2944608393765085
-0.3766999999999999,-1.2756451790883037
-0.37570000000000003,-1.25272685603049
-0.3746999999999999,-1.2395700409417452
-0.37370000000000003,-1.2221690919534054
-0.3726999999999999,-1.199392240025578
-0.37170000000000003,-1.180010695217427
-0.3706999999999999,-1.1599217947593436
-0.36970000000000003,-1.1371449428315166
-0.3686999999999999,-1.1241295988727582
-0.3677,-1.1099824858741079
-0.3666999999999999,-1.0857909226464155
-0.3657,-1.0737658765975628
-0.3646999999999999,-1.0453301794702756
-0.3637,-1.0340124890713553
-0.3626999999999999,-1.0205727317226374
-0.3617,-1.004727965164149
-0.36070000000000013,-0.98364876679616
-0.3597,-0.9668137023277661
-0.35870000000000013,-0.9550715985388862
-0.3577,-0.9322947466110592
-0.35670000000000013,-0.9170158645725168
-0.3557,-0.8936731281247438
-0.3547000000000001,-0.8827798511157828
-0.3537,-0.8646715464775104
-0.3527000000000001,-0.8509488468688196
-0.3517,-0.8326990711005606
-0.3507000000000001,-0.8178446024519777
-0.3497,-0.8078001522229359
-0.3487000000000001,-0.7862965404649873
-0.3477,-0.767905293566742
-0.3467000000000001,-0.7570120165577812
-0.3457,-0.7414501922592658
-0.3447000000000001,-0.7220686474511148
-0.3437,-0.7097606591422889
-0.3427000000000001,-0.6983014976133821
-0.3417,-0.6787784816752446
-0.3407000000000001,-0.6636410707666887
-0.3397,-0.6499183711579978
-0.3387000000000001,-0.6401568631889291
-0.3377,-0.6332247778195904
-0.3367000000000001,-0.6155408865712775
-0.3357,-0.5972911108030184
-0.3347000000000001,-0.5868222471840172
-0.3337,-0.5718263074054479
-0.3327000000000001,-0.5596597902266085
-0.3317,-0.5445223793180526
-0.3307000000000001,-0.5324973332691998
-0.3297,-0.5139646152409678
-0.3287000000000001,-0.5015151558021554
-0.3277,-0.49246100348301924
-0.3267000000000001,-0.48015301517419345
-0.3257,-0.47010856494515163
-0.3247000000000001,-0.45751763437635284
-0.3237,-0.45398085612669026
-0.3227000000000001,-0.4338919556686068
-0.3217,-0.4231401497896325
-0.3207000000000001,-0.40573920080129255
-0.3197,-0.39583622170223726
-0.3187000000000001,-0.3855088292132225
-0.3177,-0.37518143672420773
-0.3167000000000001,-0.36329786180534146
-0.3157,-0.34872633541673154
-0.3147000000000001,-0.3393892408376223
-0.3137,-0.328920377218621
-0.3127000000000001,-0.3156220909998897
-0.3117,-0.30628499642078044
-0.3107000000000001,-0.3007676223513068
-0.3097,-0.28534726918277786
-0.3087000000000001,-0.2812446064131693
-0.3077,-0.2662486666345999
-0.3067000000000001,-0.2571945143154637
-0.30569999999999997,-0.24941360216620592
-0.3047000000000001,-0.2365397293374341
-0.30369999999999997,-0.2273441058883114
-0.3027000000000001,-0.21828995356917516
-0.30169999999999997,-0.20923580125003893
-0.3007000000000001,-0.19805958198110513
-0.29969999999999997,-0.1890054296619689
-0.2987000000000001,-0.18221481542261672
-0.29769999999999996,-0.17160448067362896
-0.2967000000000001,-0.15957943462477614
-0.29569999999999996,-0.15179852247551845
-0.2947000000000001,-0.14415908145624726
-0.29369999999999996,-0.1355576367530678
-0.29270000000000007,-0.12665910267691674
-0.29169999999999996,-0.11877916073666848
-0.29070000000000007,-0.11317690398920292
-0.28969999999999996,-0.10294854129117871
-0.28870000000000007,-0.09484224554295206
-0.28769999999999996,-0.08815066109459044
-0.28670000000000007,-0.07928042124443666
-0.28569999999999995,-0.07049506407227478
-0.28470000000000006,-0.0634498017989469
-0.28369999999999995,-0.055357653163718885
-0.28270000000000006,-0.04897730520132757
-0.28169999999999995,-0.041550070877036126
-0.28070000000000006,-0.032538359896895845
-0.27969999999999995,-0.025295038041586858
-0.27870000000000006,-0.018957131418191494
-0.27769999999999995,-0.012126905262443095
-0.27670000000000006,-0.006711390406559735
-0.27569999999999995,0.0014967645552572087
-0.27470000000000006,0.008195422560118158
-0.27369999999999994,0.014670556179600431
-0.27270000000000005,0.021347993514963404
-0.27169999999999994,0.02661071955046134
-0.27070000000000005,0.03351451069380272
-0.26969999999999994,0.039527033718229125
-0.26870000000000005,0.04610544126260154
-0.26769999999999994,0.05569718387568649
-0.26670000000000005,0.060775997442201975
-0.26569999999999994,0.06492110155080652
-0.26470000000000005,0.07147121486918166
-0.26369999999999993,0.074937257553851
-0.26270000000000004,0.08012924802435568
-0.26169999999999993,0.0854202682858509
-0.26070000000000004,0.09010296268840419
-0.25969999999999993,0.09953908705850398
-0.25870000000000004,0.10276462882219627
-0.25769999999999993,0.10702290983479003
-0.25670000000000004,0.11130948507338108
-0.2556999999999999,0.11623268039691143
-0.25470000000000004,0.12050510852250383
-0.2536999999999999,0.12453703572711919
-0.25270000000000004,0.1290924061126846
-0.2516999999999999,0.13295456796131616
-0.25070000000000003,0.14012715425163189
-0.24969999999999992,0.14755438857592332
-0.24870000000000003,0.1499593977856939
-0.24769999999999992,0.15193999360550495
-0.24670000000000003,0.15675001202504607
-0.24569999999999992,0.1619844438345467
-0.24470000000000003,0.16523827982423628
-0.24369999999999992,0.17047271163373692
-0.24270000000000003,0.1737265476234265
-0.24169999999999991,0.17853656604296764
-0.24070000000000003,0.18334658446250876
-0.2396999999999999,0.1847612957623738
-0.23870000000000002,0.18660042045219835
-0.2376999999999999,0.18971278531190142
-0.23670000000000002,0.1936739769515235
-0.23570000000000013,0.2044257828304978
-0.23470000000000002,0.20329401379060577
-0.23370000000000013,0.2066893209102819
-0.23270000000000002,0.21022609915994445
-0.23170000000000013,0.21234816610974203
-0.23070000000000002,0.21588494435940458
-0.22970000000000013,0.21871436695913468
-0.22870000000000001,0.22182673181883775
-0.22770000000000012,0.2270611636283384
-0.2267,0.22833440379821693
-0.22570000000000012,0.22875881718817642
-0.2247,0.23286147995778506
-0.22370000000000012,0.2386617962872317
-0.2227,0.24050092097705625
-0.22170000000000012,0.2420571034069078
-0.2207,0.24587682391654336
-0.21970000000000012,0.22918323057813594
-0.2187,0.2154605309694451
-0.21770000000000012,0.24163269001694826
-0.2167,0.25337479380582806
-0.2157000000000001,0.26044835030515323
-0.2147,0.26412659968480234
-0.2137000000000001,0.269926916014249
-0.2127,0.2754442900837227
-0.2117000000000001,0.2772834147735472
-0.2107,0.2768590013835877
-0.2097000000000001,0.2779907704234797
-0.2087,0.2813860775431558
-0.2077000000000001,0.28223490432307485
-0.2067,0.2823763754530613
-0.2057000000000001,0.28605462483271044
-0.2047,0.28732786500258894
-0.2037000000000001,0.28930846082239997
-0.2027,0.29100611438223806
-0.2017000000000001,0.29369406585198166
-0.2007,0.2963820173217252
-0.1997000000000001,0.2959576039317657
-0.1987,0.29779672862159023
-0.1977000000000001,0.2996358533114148
-0.19669999999999999,0.30260674704113133
-0.1957000000000001,0.30571911190083445
-0.19469999999999998,0.3034555738210504
-0.1937000000000001,0.3051532273808884
-0.19269999999999998,0.30685088094072643
-0.1917000000000001,0.308407063370578
-0.1907000000000001,0.31321708179011915
-0.1897000000000002,0.31378296631006514
-0.1887000000000001,0.31236825501020005
-0.1877000000000002,0.3144903219599976
-0.1867000000000001,0.31350002405009214
-0.1857000000000002,0.32014916715945774
-0.1847000000000001,0.3243933010590529
-0.1837000000000002,0.3024652759111448
-0.18270000000000008,0.2918549411621571
-0.1817000000000002,0.2958161328017792
-0.18070000000000008,0.29977732444140126
-0.1797000000000002,0.30953883241047003
-0.17870000000000008,0.31632944664982215
-0.1777000000000002,0.3205735805494173
-0.17670000000000008,0.32283711862920134
-0.1757000000000002,0.32693978139880997
-0.17470000000000008,0.32722272365878297
-0.1737000000000002,0.33259862659827016
-0.17270000000000008,0.326373896878864
-0.17170000000000019,0.32821302156868853
-0.17070000000000007,0.33217421320831064
-0.16970000000000018,0.33740864501781126
-0.16870000000000007,0.3458969128170015
-0.16770000000000018,0.34717015298688
-0.16670000000000007,0.34844339315675854
-0.16570000000000018,0.34787750863681255
-0.16470000000000007,0.35127281575648867
-0.16370000000000018,0.35551694965608377
-0.16270000000000007,0.35622430530601623
-0.16170000000000018,0.35961961242569235
-0.16070000000000007,0.3577804877358678
-0.15970000000000018,0.3591951990357328
-0.15870000000000006,0.35268752705635364
-0.15770000000000017,0.3572146032159218
-0.15670000000000006,0.36046843920561134
-0.15570000000000017,0.3709373028246126
-0.15470000000000006,0.37489849446423473
-0.15370000000000017,0.37716203254401875
-0.15270000000000006,0.37588879237414025
-0.15170000000000017,0.3740496676843157
-0.15070000000000006,0.37772791706396475
-0.14970000000000017,0.37829380158391085
-0.14870000000000005,0.386216184863155
-0.14770000000000016,0.387347953903047
-0.14670000000000005,0.386216184863155
-0.14570000000000016,0.383952646783371
-0.14470000000000005,0.38409411791335746
-0.14370000000000016,0.3829623488734654
-0.14270000000000005,0.37885968610385684
-0.14170000000000016,0.38112322418364086
-0.14070000000000005,0.3809817530536544
-0.13970000000000016,0.3857917714731955
-0.13870000000000005,0.3915920878026421
-0.13770000000000016,0.39583622170223726
-0.13670000000000004,0.39272385684253414
-0.13570000000000015,0.3901773765027771
-0.13470000000000004,0.38536735808323597
-0.13370000000000015,0.3959776928322238
-0.13270000000000004,0.3990900576919268
-0.13170000000000015,0.40573920080129255
-0.13070000000000004,0.3952703371822912
-0.12970000000000015,0.3965435773521698
-0.12870000000000004,0.4037586049814815
-0.12770000000000015,0.40503184515136
-0.12670000000000003,0.4116809882607257
-0.12570000000000014,0.4126712861706312
-0.12470000000000003,0.4121054016506852
-0.12370000000000014,0.41422746860048276
-0.12270000000000003,0.41323717069057725
-0.12170000000000014,0.4162080644202938
-0.12070000000000003,0.4190374870200239
-0.11970000000000014,0.4205936694498755
-0.11870000000000003,0.4254036878694165
-0.11770000000000014,0.42568663012938956
-0.11670000000000003,0.42596957238936256
-0.11570000000000014,0.4239889765695515
-0.11470000000000002,0.4239889765695515
-0.11370000000000013,0.42879899498909263
-0.11270000000000002,0.43261871549872827
-0.11170000000000013,0.4341748979285798
-0.11070000000000024,0.4384190318281749
-0.10970000000000013,0.44181433894785094
-0.10870000000000024,0.4341748979285798
-0.10770000000000013,0.44025815651799943
-0.10670000000000024,0.44520964606752705
-0.10570000000000013,0.44874642431718964
-0.10470000000000024,0.4520002603068792
-0.10370000000000013,0.45610292307648787
-0.10270000000000024,0.45666880759643386
-0.10170000000000012,0.46105441262601543
-0.10070000000000023,0.461478826015975
-0.09970000000000012,0.46600590217554305
-0.09870000000000023,0.46487413313565107
-0.09770000000000012,0.46317647957581304
-0.09670000000000023,0.46756208460539456
-0.09570000000000012,0.4682694402553271
-0.09470000000000023,0.4708159205950842
-0.09370000000000012,0.4727965164148953
-0.09270000000000023,0.4787383038743284
-0.09170000000000011,0.48284096664393705
-0.09070000000000022,0.4858118603736536
-0.08970000000000011,0.4943001281728438
-0.08870000000000022,0.49260247461300577
-0.08770000000000011,0.48793392732345114
-0.08670000000000022,0.48694362941354563
-0.08570000000000011,0.4872265716735187
-0.08470000000000022,0.49741249303254687
-0.08370000000000011,0.49741249303254687
-0.08270000000000022,0.5013736846721689
-0.0817000000000001,0.505617818571764
-0.08070000000000022,0.5071740010016156
-0.0797000000000001,0.5080228277815346
-0.07870000000000021,0.5176428646206169
-0.0777000000000001,0.5208967006103065
-0.07670000000000021,0.5225943541701447
-0.0757000000000001,0.5211796428702795
-0.07470000000000021,0.5227358253001311
-0.0737000000000001,0.5276873148496587
-0.07270000000000021,0.5354682269989164
-0.0717000000000001,0.5415514855883361
-0.07070000000000021,0.5466444462678502
-0.0697000000000001,0.5425417834982416
-0.0687000000000002,0.5479176864377286
-0.0677000000000001,0.5549912429370539
-0.0667000000000002,0.558952434576676
-0.06570000000000009,0.5667333467259337
-0.0647000000000002,0.5705530672355693
-0.06370000000000009,0.5715433651454748
-0.0627000000000002,0.5779095659948674
-0.06170000000000009,0.5804560463346246
-0.0607000000000002,0.5830025266743816
-0.059700000000000086,0.5872466605739768
-0.058700000000000196,0.5964422840230995
-0.057700000000000085,0.6073355610320602
-0.056700000000000195,0.6083258589419658
-0.05570000000000008,0.6063452631221548
-0.05470000000000019,0.6079014455520062
-0.05370000000000008,0.614267646401399
-0.05270000000000019,0.6224729719406161
-0.05170000000000008,0.635912729289334
-0.05070000000000019,0.6380347962391315
-0.04970000000000008,0.639873920928956
-0.04870000000000019,0.6451083527384567
-0.047700000000000076,0.6500598422879843
-0.046700000000000186,0.6579822255672285
-0.045700000000000074,0.6651972531965403
-0.044700000000000184,0.6629337151167561
-0.04370000000000007,0.6599628213870395
-0.04270000000000018,0.6568504565273365
-0.04170000000000007,0.6685925603162164
-0.04070000000000018,0.6817493754049612
-0.03970000000000007,0.6919352967639895
-0.03870000000000018,0.6995747377832607
-0.03770000000000007,0.7100436014022619
-0.03670000000000018,0.7196636382413442
-0.035700000000000065,0.7342351646299541
-0.034700000000000175,0.7430063746891172
-0.03370000000000006,0.751636113618294
-0.03270000000000017,0.7570120165577812
-0.03170000000000006,0.7512117002283345
-0.03070000000000017,0.7687541203466609
-0.02970000000000006,0.7786570994457161
-0.02870000000000017,0.7862965404649873
-0.027700000000000058,0.808931921262828
-0.026700000000000168,0.828879350590925
-0.025700000000000056,0.8542026828585092
-0.024700000000000166,0.8478364820091164
-0.023700000000000054,0.8382164451700342
-0.022700000000000164,0.8530709138186172
-0.021700000000000053,0.8574565188481987
-0.020700000000000163,0.871037747326903
-0.01970000000000005,0.888438696315243
-0.01870000000000016,0.8959366662045278
-0.01770000000000005,0.9187135181323548
-0.01670000000000016,0.9380950629405057
-0.015700000000000047,0.9378121206805329
-0.014700000000000157,0.9382365340704923
-0.013700000000000045,0.9429050813600469
-0.012700000000000156,0.9737457876971048
-0.011700000000000044,0.9925614479853098
-0.010700000000000154,1.004445022904176
-0.009700000000000042,1.0243924522322732
-0.008700000000000152,1.0217045007625294
-0.00770000000000004,1.0457545928602352
-0.00670000000000015,1.060043176988872
-0.005700000000000038,1.0679655602681162
-0.0047000000000001485,1.0911668255859028
-0.0037000000000000366,1.1053139385845532
-0.0027000000000001467,1.1207342917530823
-0.0017000000000000348,1.1275249059924342
-0.000700000000000145,1.1351643470117054
0.00029999999999996696,1.1460576240206661
0.0012999999999998568,1.1596388524993706
0.0022999999999999687,1.1904795588364285
0.0032999999999998586,1.1907625010964016
0.0042999999999999705,1.214246708674161
0.00529999999999986,1.24098475224161
0.006299999999999972,1.2460777129211242
0.007299999999999862,1.251312144730625
0.008299999999999974,1.2598004125298152
0.009299999999999864,1.2665910267691676
0.010299999999999976,1.2941778971165354
0.011299999999999866,1.3079005967252264
0.012299999999999978,1.3112959038449024
