Potential V vs RHE, Current mA cm-2
0.013299999999999867,-0.035381929609624566
0.012299999999999978,-0.0463742364095759
0.011299999999999866,-0.04897730520132757
0.010299999999999976,-0.049840279094245245
0.009299999999999864,-0.0519623460440428
0.008299999999999974,-0.05306582085793753
0.007299999999999862,-0.05373073516887409
0.006299999999999972,-0.05551327140670404
0.00529999999999986,-0.05545668295470944
0.0042999999999999705,-0.056164038604641954
0.0032999999999998586,-0.057295807644533986
0.0022999999999999687,-0.05781925082548405
0.0012999999999998568,-0.05869637183140037
0.00029999999999996696,-0.05895101986537608
-0.000700000000000145,-0.059304697690342335
-0.0017000000000000348,-0.06043646673023437
-0.0027000000000001467,-0.060606232086218174
-0.0037000000000000366,-0.06091746857218847
-0.0047000000000001485,-0.061879472256096704
-0.005700000000000038,-0.06216241451606971
-0.00670000000000015,-0.06278488748801032
-0.00770000000000004,-0.06326588932996444
-0.008700000000000152,-0.0635346844769388
-0.009700000000000042,-0.06411471610988345
-0.010700000000000154,-0.06489280732480923
-0.011700000000000044,-0.06476548330782138
-0.012700000000000156,-0.0656991927657323
-0.013700000000000045,-0.06554357452274716
-0.014700000000000157,-0.06694413870961352
-0.015700000000000047,-0.06697243293561084
-0.01670000000000016,-0.06722708096958654
-0.01770000000000005,-0.06787784816752446
-0.01870000000000016,-0.06789199528052312
-0.01970000000000005,-0.06850032113946508
-0.020700000000000163,-0.0695189132753679
-0.021700000000000053,-0.0692925594673895
-0.022700000000000164,-0.06992917955232876
-0.023700000000000054,-0.07050921118527342
-0.024700000000000166,-0.07056579963726803
-0.025700000000000056,-0.07183903980714657
-0.026700000000000168,-0.0715985388861695
-0.027700000000000058,-0.07215027629311688
-0.02870000000000017,-0.07319716265501701
-0.02970000000000006,-0.07282933771705208
-0.03070000000000017,-0.07417331345192386
-0.03170000000000006,-0.07425819612991578
-0.03270000000000017,-0.07465431529387798
-0.03370000000000006,-0.07551728918679566
-0.034700000000000175,-0.0756163189777862
-0.035700000000000065,-0.07608317370674167
-0.03670000000000018,-0.0767056466786823
-0.03770000000000007,-0.0771583542946391
-0.03870000000000018,-0.0776676503625905
-0.03970000000000007,-0.07809206375255001
-0.04070000000000018,-0.0786155069335001
-0.04170000000000007,-0.07953506927841236
-0.04270000000000018,-0.07959165773040697
-0.04370000000000007,-0.08029901338033948
-0.044700000000000184,-0.08109125170826391
-0.045700000000000074,-0.08143078242023151
-0.046700000000000186,-0.08240693321713838
-0.047700000000000076,-0.08276061104210465
-0.04870000000000019,-0.08290208217209115
-0.04970000000000008,-0.08442997037594539
-0.05070000000000019,-0.08407629255097913
-0.05170000000000008,-0.08520806159087116
-0.05270000000000019,-0.08617006527477938
-0.05370000000000008,-0.08595785857979962
-0.05470000000000019,-0.08733012854066871
-0.05570000000000008,-0.08800918996460394
-0.056700000000000195,-0.08819310243358638
-0.057700000000000085,-0.08939560703847166
-0.058700000000000196,-0.08957951950745412
-0.059700000000000086,-0.09030102227038528
-0.0607000000000002,-0.09120643750229893
-0.06170000000000009,-0.0923806478811869
-0.0627000000000002,-0.09267773725415854
-0.06370000000000009,-0.09338509290409107
-0.0647000000000002,-0.09405000721502763
-0.06570000000000009,-0.09523836470691427
-0.0667000000000002,-0.09539398294989941
-0.0677000000000001,-0.09624280972981844
-0.0687000000000002,-0.09741702010870643
-0.0697000000000001,-0.09762922680368619
-0.07070000000000021,-0.09925614479853098
-0.0717000000000001,-0.09965226396249319
-0.07270000000000021,-0.1005859734204041
-0.0737000000000001,-0.1017884780252894
-0.07470000000000021,-0.1021563029632543
-0.0757000000000001,-0.10337295468113822
-0.07670000000000021,-0.10433495836504646
-0.0777000000000001,-0.10505646112797762
-0.07870000000000021,-0.10584869945590204
-0.0797000000000001,-0.10696632138279542
-0.08070000000000022,-0.10795661929270095
-0.0817000000000001,-0.10938547770556464
-0.08270000000000022,-0.10975330264352953
-0.08370000000000011,-0.1106162765364472
-0.08470000000000022,-0.11224319453129203
-0.08570000000000011,-0.11273834348624477
-0.08670000000000022,-0.11402573076912197
-0.08770000000000011,-0.11548288340798295
-0.08870000000000022,-0.11573753144195865
-0.08970000000000011,-0.1176615388097751
-0.09070000000000022,-0.11835474734670896
-0.09170000000000011,-0.11955725195159424
-0.09270000000000023,-0.12067487387848763
-0.09370000000000012,-0.12160858333639855
-0.09470000000000023,-0.12307988308825818
-0.09570000000000012,-0.12414091656315696
-0.09670000000000023,-0.125272685603049
-0.09770000000000012,-0.12708351606687623
-0.09870000000000023,-0.1276635476998209
-0.09970000000000012,-0.1292338772426711
-0.10070000000000023,-0.13073347122052806
-0.10170000000000012,-0.13197841716440925
-0.10270000000000024,-0.13337898135127566
-0.10370000000000013,-0.1346805157471515
-0.10470000000000024,-0.13593960880403136
-0.10570000000000013,-0.13770799792886268
-0.10670000000000024,-0.1388963554207493
-0.10770000000000013,-0.1402120369296238
-0.10870000000000024,-0.1421784856364362
-0.10970000000000013,-0.14302731241635522
-0.11070000000000024,-0.14500790823616627
-0.11170000000000013,-0.1467055617960043
-0.11270000000000002,-0.14812027309586934
-0.11370000000000013,-0.1502423400456669
-0.11470000000000002,-0.1510911668255859
-0.11570000000000014,-0.15321323377538346
-0.11670000000000003,-0.15448647394526202
-0.11770000000000014,-0.15646706976507307
-0.11870000000000003,-0.1583061944548976
-0.11970000000000014,-0.16014531914472213
-0.12070000000000003,-0.1619844438345467
-0.12170000000000014,-0.16382356852437122
-0.12270000000000003,-0.16537975095422278
-0.12370000000000014,-0.16707740451406086
-0.12470000000000003,-0.16990682711379093
-0.12570000000000014,-0.17103859615368294
-0.12670000000000003,-0.1731606631034805
-0.12770000000000015,-0.17556567231325104
-0.12870000000000004,-0.1771218547431026
-0.12970000000000015,-0.17995127734283267
-0.13070000000000004,-0.18150745977268423
-0.13170000000000015,-0.18362952672248176
-0.13270000000000004,-0.18631747819222533
-0.13370000000000015,-0.18787366062207686
-0.13470000000000004,-0.19056161209182043
-0.13570000000000015,-0.19268367904161798
-0.13670000000000004,-0.19508868825138856
-0.13770000000000016,-0.19777663972113213
-0.13870000000000005,-0.19989870667092968
-0.13970000000000016,-0.20258665814067325
-0.14070000000000005,-0.20541608074040332
-0.14170000000000016,-0.2073966765602144
-0.14270000000000005,-0.21022609915994445
-0.14370000000000016,-0.21291405062968802
-0.14470000000000005,-0.2154605309694451
-0.14570000000000016,-0.21871436695913468
-0.14670000000000005,-0.22097790503891873
-0.14770000000000016,-0.22380732763864883
-0.14870000000000005,-0.22720263475832486
-0.14970000000000017,-0.22989058622806843
-0.15070000000000006,-0.23300295108777153
-0.15170000000000017,-0.23611531594747462
-0.15270000000000006,-0.2386617962872317
-0.15370000000000017,-0.2423400456668808
-0.15470000000000006,-0.24516946826661082
-0.15570000000000017,-0.24842330425630044
-0.15670000000000006,-0.251960082505963
-0.15770000000000017,-0.25507244736566614
-0.15870000000000006,-0.2586092256153287
-0.15970000000000018,-0.2624289461249643
-0.16070000000000007,-0.26582425324464043
-0.16170000000000018,-0.269926916014249
-0.16270000000000007,-0.2733222231339251
-0.16370000000000018,-0.2772834147735472
-0.16470000000000007,-0.2811031352831828
-0.16570000000000018,-0.2849228557928184
-0.16670000000000007,-0.2894499319523865
-0.16770000000000018,-0.2929867102020491
-0.16870000000000007,-0.2972308441016442
-0.16970000000000018,-0.3016164491312258
-0.17070000000000007,-0.30600205416080745
-0.17170000000000019,-0.310387659190389
-0.17270000000000008,-0.31533914873991664
-0.1737000000000002,-0.3191588692495523
-0.17470000000000008,-0.32425182992906637
-0.1757000000000002,-0.328354492698675
-0.17670000000000008,-0.3340133378981352
-0.1777000000000002,-0.3389648274476628
-0.17870000000000008,-0.34419925925716344
-0.1797000000000002,-0.3495751621966506
-0.18070000000000008,-0.35466812287616467
-0.1817000000000002,-0.3594781412957058
-0.18270000000000008,-0.365702871015112
-0.1837000000000002,-0.37107877395459915
-0.1847000000000001,-0.3775864459339783
-0.1857000000000002,-0.38338676226342494
-0.1867000000000001,-0.38890413633289855
-0.1877000000000002,-0.39555327944226426
-0.1887000000000001,-0.4010706535117379
-0.1897000000000002,-0.4071539121011576
-0.1907000000000001,-0.41366158408053677
-0.1917000000000001,-0.4204521983198889
-0.19269999999999998,-0.4265354569093086
-0.1937000000000001,-0.43375048453862025
-0.19469999999999998,-0.4408240410379454
-0.1957000000000001,-0.44761465527729766
-0.19669999999999999,-0.45553703855654176
-0.1977000000000001,-0.462044710535921
-0.1987,-0.4694012092952191
-0.1997000000000001,-0.4776065348344364
-0.2007,-0.4851045047237211
-0.2017000000000001,-0.4937342436528978
-0.2027,-0.5013736846721689
-0.2037000000000001,-0.5092960679514131
-0.2047,-0.51792580688059
-0.2057000000000001,-0.5269799591997262
-0.2067,-0.5357511692588894
-0.2077000000000001,-0.5442394370580796
-0.2087,-0.553293589377216
-0.2097000000000001,-0.5640453952561902
-0.2107,-0.5728166053153534
-0.2117000000000001,-0.5824366421544356
-0.2127,-0.5929055057734368
-0.2137000000000001,-0.6022426003525461
-0.2147,-0.6137017618814529
-0.2157000000000001,-0.6254438656703327
-0.2167,-0.6354883158993744
-0.21770000000000012,-0.6463815929083352
-0.2187,-0.657557812177269
-0.21970000000000012,-0.6695828582261218
-0.2207,-0.6807590774950557
-0.22170000000000012,-0.693491479193841
-0.2227,-0.7056579963726802
-0.22370000000000012,-0.7172586290315736
-0.2247,-0.7298495596003725
-0.22570000000000012,-0.7439966725990228
-0.2267,-0.7568705454277946
-0.22770000000000012,-0.7701688316465259
-0.22870000000000001,-0.7838915312552168
-0.22970000000000013,-0.7977557019938941
-0.23070000000000002,-0.8126101706424771
-0.23170000000000013,-0.8273231681610735
-0.23270000000000002,-0.8417532234196969
-0.23370000000000013,-0.8581638744981313
-0.23470000000000002,-0.8734427565366737
-0.23570000000000013,-0.8891460519651755
-0.23670000000000002,-0.9059811164335695
-0.2376999999999999,-0.9214014696020982
-0.23870000000000002,-0.9386609474604518
-0.2396999999999999,-0.9564863098387513
-0.24070000000000003,-0.9747360856070102
-0.24169999999999991,-0.9932688036352422
-0.24270000000000003,-1.0113771082735146
-0.24369999999999992,-1.0299098263017468
-0.24470000000000003,-1.0488669577199383
-0.24569999999999992,-1.0690973293080082
-0.24670000000000003,-1.0893277008960784
-0.24769999999999992,-1.1099824858741079
-0.24870000000000003,-1.1302128574621777
-0.24969999999999992,-1.151857940350113
-0.25070000000000003,-1.1730786098480883
-0.2516999999999999,-1.1958554617759156
-0.25270000000000004,-1.219339669353675
-0.2536999999999999,-1.2419750501515157
-0.25470000000000004,-1.2661666133792076
-0.2556999999999999,-1.290075234346927
-0.25670000000000004,-1.313135028534727
-0.25769999999999993,-1.3400145432321628
-0.25870000000000004,-1.3644890487198278
-0.25969999999999993,-1.3900953232473852
-0.26070000000000004,-1.4161260111649017
-0.26169999999999993,-1.4430055258623373
-0.26270000000000004,-1.4684703292599082
-0.26369999999999993,-1.4953498439573436
-0.26470000000000005,-1.5236440699546445
-0.26569999999999994,-1.5547677185516753
-0.26670000000000005,-1.584476655848841
-0.26769999999999994,-1.612770881846142
-0.26870000000000005,-1.6424798191433077
-0.26969999999999994,-1.6736034677403384
-0.27070000000000005,-1.7033124050375041
-0.27169999999999994,-1.734436053634535
-0.27270000000000005,-1.7655597022315657
-0.27369999999999994,-1.7980980621284617
-0.27470000000000006,-1.8292217107254924
-0.27569999999999995,-1.8603453593225232
-0.27670000000000006,-1.894298430519284
-0.27769999999999995,-1.9282515017160449
-0.27870000000000006,-1.9650339955125358
-0.27969999999999995,-1.9989870667092968
-0.28070000000000006,-2.0357695605057877
-0.28169999999999995,-2.071137343002414
-0.28270000000000006,-2.1079198367989047
-0.28369999999999995,-2.1447023305953956
-0.28470000000000006,-2.1800701130920217
-0.28569999999999995,-2.2196820294882422
-0.28670000000000007,-2.2564645232847336
-0.28769999999999996,-2.296076439680954
-0.28870000000000007,-2.3328589334774454
-0.28969999999999996,-2.3738855611735317
-0.29070000000000007,-2.4134974775697526
-0.29169999999999996,-2.4545241052658384
-0.29270000000000007,-2.49413602166206
-0.29369999999999996,-2.536577360658011
-0.2947000000000001,-2.5804334109538267
-0.29569999999999996,-2.621460038649913
-0.2967000000000001,-2.662486666345999
-0.29769999999999996,-2.7035132940420854
-0.2987000000000001,-2.7473693443379013
-0.29969999999999997,-2.7926401059335824
-0.3007000000000001,-2.836496156229398
-0.30169999999999997,-2.89025518562427
-0.3027000000000001,-2.9581613280177916
-0.30369999999999997,-3.0189939139119883
-0.3047000000000001,-3.0387998721100984
-0.30569999999999997,-3.08407063370578
-0.3067000000000001,-3.1279266840015962
-0.3077,-3.1731974455972773
-0.3087000000000001,-3.2212976297926885
-0.3097,-3.2693978139880997
-0.3107000000000001,-3.3203274207832414
-0.3117,-3.3698423162785174
-0.3127000000000001,-3.4165277891740633
-0.3137,-3.4660426846693397
-0.3147000000000001,-3.5141428688647514
-0.3157,-3.5650724756598926
-0.3167000000000001,-3.6117579485554394
-0.3177,-3.65985813275085
-0.3187000000000001,-3.7122024508458558
-0.3197,-3.7631320576409975
-0.3207000000000001,-3.8168910870358688
-0.3217,-3.8649912712312804
-0.3227000000000001,-3.914506166726557
-0.3237,-3.973924041320888
-0.3247000000000001,-4.0319272046153545
-0.3257,-4.081442100110631
-0.3267000000000001,-4.135201129505503
-0.3277,-4.190374870200238
-0.3287000000000001,-4.245548610894974
-0.3297,-4.300722351589712
-0.3307000000000001,-4.357310803584314
-0.3317,-4.413899255578914
-0.3327000000000001,-4.467658284973785
-0.3337,-4.524246736968387
-0.3347000000000001,-4.583664611562719
-0.3357,-4.6416677748571855
-0.3367000000000001,-4.699670938151652
-0.3377,-4.760503524045848
-0.3387000000000001,-4.85387446983694
-0.3397,-4.907633499231812
-0.3407000000000001,-4.962807239926549
-0.3417,-5.0222251145208805
-0.3427000000000001,-5.083057700415077
-0.3437,-5.141060863709543
-0.3447000000000001,-5.203308160903605
-0.3457,-5.268384880697396
-0.3467000000000001,-5.334876311791054
-0.3477,-5.39287947508552
-0.3487000000000001,-5.456541483579446
-0.3497,-5.525862337272833
-0.3507000000000001,-5.588109634466894
-0.3517,-5.656015776860417
-0.3527000000000001,-5.725336630553803
-0.3537,-5.784754505148135
-0.3547000000000001,-5.851245936241792
-0.3557,-5.920566789935179
-0.35670000000000013,-5.987058221028835
-0.3577,-6.056379074722222
-0.35870000000000013,-6.128529351015339
-0.3597,-6.197850204708726
-0.36070000000000013,-6.264341635802381
-0.3617,-6.332247778195904
-0.3626999999999999,-6.397324497989696
-0.3637,-6.470889485582678
-0.3646999999999999,-6.5515280296749845
-0.3657,-6.629337151167562
-0.3666999999999999,-6.700072716160815
-0.3677,-6.770808281154065
-0.3686999999999999,-6.848617402646643
-0.36970000000000003,-6.929255946738949
-0.3706999999999999,-7.002820934331931
-0.37170000000000003,-7.065068231525992
-0.3726999999999999,-7.147121486918166
-0.37370000000000003,-7.220686474511147
-0.3746999999999999,-7.302739729903319
-0.37570000000000003,-7.387622407895222
-0.3766999999999999,-7.451284416389148
-0.37770000000000004,-7.537581805680916
-0.3786999999999999,-7.621049772372953
-0.37970000000000004,-7.69885889386553
-0.3806999999999999,-7.7978886848560816
-0.38170000000000004,-7.879941940248254
-0.38269999999999993,-7.956336350440965
-0.38370000000000004,-8.039804317133003
-0.38469999999999993,-8.134589974223962
-0.38570000000000004,-8.210984384416673
-0.38669999999999993,-8.284549372009655
-0.38770000000000004,-8.373676183901154
-0.38869999999999993,-8.472705974891705
-0.38970000000000005,-8.554759230283878
-0.39069999999999994,-8.652374309974565
-0.39170000000000005,-8.727354008867412
-0.39269999999999994,-8.792430728661204
-0.39370000000000005,-8.89287523095162
-0.39469999999999994,-8.990490310642308
-0.39570000000000005,-9.105081925931376
-0.39669999999999994,-9.195623449122737
-0.39770000000000005,-9.2861649723141
-0.39869999999999994,-9.356900537307352
-0.39970000000000006,-9.447442060498714
-0.40069999999999995,-9.542227717589672
-0.40170000000000006,-9.635598663380765
-0.40269999999999995,-9.740287299570777
-0.40370000000000006,-9.826584688862544
-0.40469999999999995,-9.905808521654986
-0.40570000000000006,-10.014741291744594
-0.40669999999999995,-10.115185794035014
-0.40770000000000006,-10.20431260592651
-0.40869999999999995,-10.306171819516793
-0.40970000000000006,-10.388225074908965
-0.41069999999999995,-10.491498999799111
-0.41170000000000007,-10.601846481188586
-0.41269999999999996,-10.700876272179137
-0.41370000000000007,-10.795661929270095
-0.41469999999999996,-10.881959318561863
-0.41570000000000007,-10.99089208865147
-0.41669999999999996,-11.106898415240401
-0.41770000000000007,-11.225734164429067
-0.41869999999999996,-11.320519821520024
-0.4197000000000001,-11.428037880309766
-0.42069999999999996,-11.53555593909951
-0.4217000000000001,-11.633171018790197
-0.42269999999999996,-11.727956675881154
-0.4237000000000001,-11.824157044271978
-0.42469999999999997,-11.9486516386601
-0.4257000000000001,-12.070316810448494
-0.42669999999999997,-12.172176024038777
-0.4277000000000001,-12.268376392429598
-0.42869999999999997,-12.385797430318396
-0.4297000000000001,-12.49331548910814
-0.43069999999999997,-12.600833547897881
-0.4317000000000001,-12.711181029287355
-0.4327,-12.804551975078448
-0.4337000000000001,-12.937534837265758
-0.4347,-13.053541163854694
-0.4357000000000001,-13.186524026042006
-0.4367,-13.289797950932153
-0.4377000000000001,-13.394486587122167
-0.4387,-13.530298871909212
-0.4397000000000001,-13.634987508099224
-0.4407,-13.752408545988024
-0.4417000000000001,-13.909441500273042
-0.4427,-14.01271542516319
-0.4437000000000001,-14.1174040613532
-0.4447,-14.24614278964092
-0.4457000000000001,-14.373466806628771
-0.4467,-14.486643710617974
-0.4477000000000001,-14.599820614607177
-0.4487,-14.741291744593681
-0.4497000000000001,-14.882762874580186
-0.4507,-14.953498439573437
-0.4517000000000001,-15.10911668255859
-0.4527,-15.264734925543747
-0.4537000000000001,-15.37791182953295
-0.4547,-15.462794507524851
-0.4557000000000001,-15.618412750510005
-0.4567,-15.759883880496508
-0.4577000000000001,-15.943796349478962
-0.4587,-16.056973253468165
-0.4597000000000001,-16.15600304445872
-0.4607,-16.28332706144657
-0.4617000000000001,-16.453092417430376
-0.4627,-16.580416434418233
-0.4637000000000001,-16.70774045140608
-0.4647,-16.849211581392588
-0.4657000000000001,-16.99068271137909
-0.4667,-17.103859615368293
-0.4677000000000001,-17.20288940635885
-0.4687,-17.429243214337255
-0.4697000000000001,-17.627302796318357
-0.4707,-17.74047970030756
-0.4717000000000001,-17.952686395287316
-0.4727,-18.09415752527382
-0.4737000000000001,-18.164893090267068
-0.4747,-18.348805559249524
-0.4757000000000001,-18.47612957623738
-0.4767,-18.617600706223882
-0.4777000000000001,-18.730777610213085
-0.4787,-18.900542966196888
-0.4797000000000001,-19.070308322180697
-0.4807,-19.1834852261699
-0.48170000000000013,-19.353250582153702
-0.4827,-19.523015938137508
-0.48370000000000013,-19.721075520118614
-0.4847,-19.848399537106463
-0.48570000000000013,-19.904987989101066
-0.4867,-20.088900458083522
-0.4876999999999999,-20.159636023076775
-0.4887,-20.34354849205923
-0.4896999999999999,-20.569902300037633
-0.4907,-20.711373430024135
-0.4916999999999999,-20.79625610801604
-0.4927,-20.95187435100119
-0.4936999999999999,-21.093345480987697
-0.49470000000000003,-21.333846401964752
-0.4956999999999999,-21.503611757948562
-0.49670000000000003,-21.659230000933714
-0.4976999999999999,-21.814848243918867
-0.49870000000000003,-21.98461359990267
-0.4996999999999999,-22.126084729889175
-0.5007,-22.352438537867577
-0.5016999999999999,-22.522203893851387
-0.5027,-22.72026347583249
-0.5036999999999999,-22.819293266823045
-0.5047,-22.989058622806844
-0.5056999999999999,-23.144676865792
-0.5067,-23.314442221775803
-0.5076999999999999,-23.44176623876366
-0.5087,-23.639825820744765
-0.5096999999999999,-23.823738289727217
-0.5107,-23.951062306715073
-0.5116999999999999,-24.078386323702922
-0.5127,-24.191563227692125
-0.5136999999999999,-24.417917035670534
-0.5147,-24.57353527865569
-0.5156999999999999,-24.64427084364894
-0.5167,-24.9130659906233
-0.5176999999999999,-25.0828313466071
-0.5187,-25.266743815589557
-0.5196999999999999,-25.535538962563912
-0.5207,-25.592127414558515
-0.5216999999999999,-25.832628335535567
-0.5227,-26.044835030515326
-0.5236999999999999,-26.17215904750318
-0.5247,-26.483395533473487
-0.5257,-26.709749341451893
-0.5267000000000001,-26.780484906445146
-0.5277,-27.40295787838576
-0.5287000000000001,-27.487840556377662
-0.5297,-27.827371268345274
-0.5307000000000001,-28.082019302320973
-0.5317,-28.18104909331153
-0.5327000000000001,-28.265931771303435
-0.5337,-28.350814449295335
-0.5347000000000001,-28.56302114427509
-0.5357,-28.732786500258893
-0.5367000000000001,-28.88840474324405
-0.5377,-29.001581647233255
-0.5387000000000001,-29.199641229214354
-0.5397,-29.35525947219951
-0.5407000000000001,-29.510877715184666
-0.5417,-29.751378636161718
-0.5427000000000001,-29.935291105144174
-0.5437,-30.06261512213203
-0.5447000000000001,-30.317263156107735
-0.5457,-30.600205416080744
-0.5467000000000001,-30.727529433068593
-0.5477,-30.982177467044306
-0.5487000000000001,-31.109501484032155
-0.5497,-31.27926684001596
-0.5507000000000001,-31.47732642199707
-0.5517,-31.816857133964678
-0.5527000000000001,-31.972475376949827
-0.5537,-32.56665412289314
-0.5547000000000001,-32.7788608178729
-0.5557,-32.90618483486075
-0.5567000000000001,-32.84959638286615
-0.5577,-32.892037721862096
-0.5587000000000001,-32.97692039985401
-0.5597,-33.231568433829715
-0.5607000000000001,-33.40133378981351
-0.5617,-33.42962801581082
-0.5627000000000001,-33.825747179773025
-0.5637,-34.16527789174064
-0.5647000000000001,-34.32089613472579
-0.5657,-34.36333747372174
-0.5667000000000001,-34.51895571670689
-0.5677,-34.85848642867451
-0.5687000000000001,-35.14142868864751
-0.5697,-35.41022383562187
-0.5707000000000001,-35.57998919160567
-0.5717,-35.74975454758948
-0.5727000000000001,-35.93366701657193
-0.5737,-36.11757948555439
-0.5747000000000001,-36.40052174552739
-0.5757,-36.83908224848555
-0.5767000000000001,-37.05128894346531
-0.5777,-37.36252542943562
-0.5787000000000001,-37.645467689408626
-0.5797,-37.85767438438838
-0.5807000000000001,-38.32452911334384
-0.5817,-38.39526467833709
-0.5827000000000001,-38.791383842299304
-0.5837,-39.42800392723857
-0.5847000000000001,-39.56947505722508
-0.5857,-39.72509330021023
-0.5867000000000001,-39.80997597820213
-0.5877,-40.092918238175145
-0.5887000000000001,-40.545625854131956
-0.5897,-40.68709698411846
-0.5907000000000001,-41.04077480908471
-0.5917,-41.196393052069865
-0.5927000000000001,-41.53592376403748
-0.5937,-42.89404661190791
-0.5947000000000001,-42.96478217690117
-0.5957,-43.23357732387552
-0.5967000000000001,-43.36090134086337
-0.5977,-43.45993113185393
-0.5987000000000001,-43.78531473082289
-0.5997,-44.16728678178645
-0.6007000000000001,-44.30875791177294
-0.6017,-44.39364058976485
-0.6027000000000001,-44.619994397743255
-0.6037,-44.88878954471762
-0.6047000000000001,-45.143437578693316
-0.6057,-45.412232725667685
-0.6067000000000001,-45.596145194650134
-0.6077,-45.80835188962989
-0.6087000000000001,-46.2610595055867
-0.6097,-46.558148878558356
-0.6107000000000001,-46.67132578254756
-0.6117,-46.91182670352462
-0.6126999999999999,-47.590888127459834
-0.6137,-47.81724193543825
-0.6146999999999999,-48.057742856415295
-0.6157,-48.567038924366706
-0.6166999999999999,-48.89242252333566
-0.6177,-49.14707055731138
-0.6186999999999999,-48.4255677943802
-0.6197,-48.18506687340315
-0.6206999999999999,-48.4255677943802
-0.6217,-48.68021582835591
-0.6226999999999999,-48.87827541033702
-0.6237,-49.41586570428573
-0.6246999999999999,-49.71295507725739
-0.6257,-49.995897337230396
-0.6266999999999999,-50.1939569192115
-0.6277,-50.547634744177756
-0.6286999999999999,-50.87301834314672
-0.6297,-51.21254905511432
-0.6306999999999999,-51.481344202088685
-0.6317,-51.77843357506035
-0.6326999999999999,-52.2735825300131
-0.6337,-52.62726035497937
-0.6346999999999999,-52.74043725896857
-0.6357,-53.33461600491189
-0.6366999999999999,-53.67414671687949
-0.6377,-53.80147073386735
-0.6386999999999999,-54.22588412382685
-0.6397,-54.63615040078772
-0.6406999999999999,-54.791768643772876
-0.6417,-55.046416677748574
-0.6426999999999999,-55.018122451751275
-0.6437,-55.371800276717536
-0.6446999999999999,-55.470830067708086
-0.6457,-55.6688896496892
-0.6466999999999999,-55.90939057066625
-0.6477,-56.34795107362442
-0.6486999999999999,-56.60259910760012
-0.6497,-56.998718271562325
-0.6507,-57.57874990450699
-0.6517000000000001,-57.6919268084962
-0.6527,-58.13048731145436
-0.6537000000000001,-58.24366421544356
-0.6547,-58.498312249419264
-0.6557000000000001,-58.47001802342197
-0.6567,-58.59734204040982
-0.6577000000000001,-58.894431413381476
-0.6587,-60.11108313126541
-0.6597000000000001,-60.39402539123842
-0.6607,-60.71940899020737
-0.6617000000000001,-60.74770321620468
-0.6627,-61.12967526716824
-0.6637000000000001,-61.18626371916283
-0.6647,-61.525794431130436
-0.6657000000000001,-61.72385401311155
-0.6667,-62.09167895107646
-0.6677000000000001,-62.89806439199953
-0.6687,-63.26588932996445
-0.6697000000000001,-63.43565468594825
-0.6707,-63.874215188906405
-0.6717000000000001,-64.14301033588076
-0.6727,-64.53912949984297
-0.6737000000000001,-64.69474774282813
-0.6747,-64.79377753381868
-0.6757000000000001,-65.20404381077954
-0.6767,-65.43039761875795
-0.6777000000000001,-65.6991927657323
-0.6787,-66.02457636470128
-0.6797000000000001,-66.13775326869046
-0.6807,-66.54801954565133
-0.6817000000000001,-67.2695223085825
-0.6827,-67.42514055156765
-0.6837000000000001,-67.8071126025312
-0.6847,-68.23152599249072
-0.6857000000000001,-68.47202691346777
-0.6867,-69.3208536933868
-0.6877000000000001,-69.6320901793571
-0.6887,-70.52335829827209
-0.6897000000000001,-70.72141788025318
-0.6907,-71.52780332117625
-0.6917000000000001,-71.92392248513846
-0.6927,-72.15027629311687
-0.6937000000000001,-72.70201370006424
-0.6947,-73.21130976801565
-0.6957000000000001,-73.63572315797516
-0.6967,-74.04598943493602
-0.6977000000000001,-74.69675663287394
-0.6987,-75.14946424883075
-0.6997000000000001,-75.36167094381051
-0.7007,-75.63046609078486
-0.7017000000000001,-76.38026307971333
-0.7027,-76.7339409046796
-0.7037000000000001,-77.39885521561615
-0.7047,-77.65350324959186
-0.7057000000000001,-77.87985705757028
-0.7067,-78.29012333453113
-0.7077000000000001,-78.96918475846634
-0.7087,-79.52092216541372
-0.7097000000000001,-79.83215865138402
-0.7107,-80.14339513735433
-0.7117000000000001,-80.42633739732734
-0.7127,-80.73757388329766
-0.7137000000000001,-81.07710459526525
-0.7147,-81.52981221122207
-0.7157000000000001,-82.46352166913299
-0.7167,-83.029406189079
-0.7177000000000001,-83.22746577106011
-0.7187,-83.14258309306821
-0.7197000000000001,-83.80749740400476
-0.7207,-83.83579163000208
-0.7217000000000001,-84.13288100297372
-0.7227,-84.5431472799346
-0.7237000000000001,-84.6563241839238
-0.7247,-85.052443347886
-0.7257000000000001,-85.59003364183472
-0.7267,-85.90127012780503
-0.7277000000000001,-86.6227728907362
-0.7287,-87.35842276666601
-0.7297000000000001,-87.88186594761608
-0.7307,-87.95260151260933
-0.7317000000000001,-88.03748419060125
-0.7327,-88.88631097052026
-0.7337000000000001,-89.22584168248785
-0.7347,-89.69269641144332
-0.7357000000000001,-90.03222712341093
-0.7367,-89.84831465442848
-0.7376999999999999,-90.48493473936773
-0.7387,-91.03667214631511
-0.7396999999999999,-91.54596821426652
-0.7407,-92.12599984721119
-0.7416999999999999,-91.98452871722468
-0.7427,-91.00837792031781
-0.7436999999999999,-92.30991231619365
-0.7447,-92.50797189817473
-0.7456999999999999,-92.88994394913831
-0.7467,-93.96512453703575
-0.7476999999999999,-93.72462361605868
-0.7487,-94.5168619439831
-0.7496999999999999,-94.79980420395611
-0.7507,-94.99786378593721
-0.7516999999999999,-95.35154161090348
-0.7527,-95.66277809687378
-0.7536999999999999,-95.87498479185354
-0.7547,-96.5398991027901
-0.7556999999999999,-96.341839520809
-0.7567,-97.58678546469022
-0.7576999999999999,-98.76099584357821
-0.7587,-98.87417274756741
-0.7596999999999999,-99.6805581884905
-0.7607,-99.60982262349724
-0.7616999999999999,-100.4162080644203
-0.7627,-100.45864940341626
-0.7636999999999999,-100.6425618723987
-0.7647,-100.7274445503906
-0.7656999999999999,-102.70804037020166
-0.7667,-103.88225074908964
-0.7676999999999999,-104.06616321807209
-0.7687,-104.0095747660775
-0.7696999999999999,-104.13689878306535
-0.7707,-104.67448907701407
-0.7716999999999999,-104.16519300906265
-0.7727,-105.21207937096277
-0.7736999999999999,-105.76381677791014
-0.7747,-105.52331585693308
-0.7757,-105.8062581169061
-0.7767000000000001,-107.07949828678463
-0.7777,-108.64982782963483
-0.7787000000000001,-108.5932393776402
-0.7797,-108.52250381264696
-0.7807000000000001,-109.61183151354304
-0.7817,-110.12112758149446
-0.7827000000000001,-109.38547770556464
-0.7837,-110.1069804684958
-0.7847000000000001,-111.1680139433946
-0.7857,-112.27148875728932
-0.7867000000000001,-112.49784256526772
-0.7857,-111.6207215593514
-0.7847000000000001,-110.2767458244796
-0.7837,-109.27230080157544
-0.7827000000000001,-109.25815368857677
-0.7817,-108.70641628162942
-0.7807000000000001,-107.34829343375898
-0.7797,-106.41458397584806
-0.7787000000000001,-105.70722832591555
-0.7777,-105.22622648396143
-0.7767000000000001,-104.80181309400191
-0.7757,-105.39599183994524
-0.7747,-104.57545928602352
-0.7736999999999999,-103.54272003712204
-0.7727,-103.24563066415038
-0.7716999999999999,-102.87780572618546
-0.7707,-102.45339233622596
-0.7696999999999999,-102.28362698024215
-0.7687,-101.6753011213002
-0.7676999999999999,-101.90165492927859
-0.7667,-101.26503484433933
-0.7656999999999999,-101.33577040933257
-0.7647,-101.32162329633393
-0.7636999999999999,-100.44450229041762
-0.7627,-100.09082446545133
-0.7616999999999999,-99.17126212053905
-0.7607,-98.4497593576079
-0.7596999999999999,-97.79899215967
-0.7587,-97.44531433470372
-0.7576999999999999,-96.61063466778336
-0.7567,-95.35154161090348
-0.7556999999999999,-95.47886562789132
-0.7547,-94.94127533394261
-0.7536999999999999,-95.15348202892238
-0.7527,-95.76180788786432
-0.7516999999999999,-94.5734503959777
-0.7507,-94.78565709095746
-0.7496999999999999,-93.92268319803979
-0.7487,-93.24362177410455
-0.7476999999999999,-91.99867583022333
-0.7467,-91.41864419727867
-0.7456999999999999,-90.6122587563556
-0.7447,-90.01808001041228
-0.7436999999999999,-89.36731281247435
-0.7427,-88.43360335456343
-0.7416999999999999,-88.05163130359989
-0.7407,-87.20280452368085
-0.7396999999999999,-87.34427565366735
-0.7387,-87.06133339369435
-0.7376999999999999,-86.28324217876859
-0.7367,-86.05688837079018
-0.7357000000000001,-85.17976736487385
-0.7347,-84.5148530539373
-0.7337000000000001,-84.21776368096563
-0.7327,-83.60943782202366
-0.7317000000000001,-82.95867062408576
-0.7307,-82.37863899114109
-0.7297000000000001,-81.61469488921396
-0.7287,-81.38834108123557
-0.7277000000000001,-80.82245656128954
-0.7267,-80.31316049333813
-0.7257000000000001,-79.7472759733921
-0.7247,-79.52092216541372
-0.7237000000000001,-78.88430208047446
-0.7227,-78.58721270750279
-0.7217000000000001,-77.8940041705689
-0.7207,-77.86570994457162
-0.7197000000000001,-77.54032634560265
-0.7187,-77.17250140763775
-0.7177000000000001,-76.9320004866607
-0.7167,-76.06902659374302
-0.7157000000000001,-75.60217186478755
-0.7147,-75.60217186478755
-0.7137000000000001,-75.19190558782671
-0.7127,-74.22990190391847
-0.7117000000000001,-73.53669336698461
-0.7107,-72.8293377170521
-0.7097000000000001,-72.26345319710607
-0.7087,-71.76830424215332
-0.7077000000000001,-71.42877353018571
-0.7067,-71.58439177317086
-0.7057000000000001,-71.07509570521944
-0.7047,-70.22626892530042
-0.7037000000000001,-69.9433266653274
-0.7027,-68.86814607742998
-0.7017000000000001,-68.27396733148667
-0.7007,-67.62320013354876
-0.6997000000000001,-67.25537519558385
-0.6987,-67.55246456855551
-0.6977000000000001,-67.3261107605771
-0.6967,-66.77437335362974
-0.6957000000000001,-66.59046088464727
-0.6947,-66.12360615569182
-0.6937000000000001,-65.79822255672285
-0.6927,-64.94939577680383
-0.6917000000000001,-64.80792464681733
-0.6907,-63.88836230190506
-0.6897000000000001,-63.322477781959044
-0.6887,-62.82732882700627
-0.6877000000000001,-62.544386567033264
-0.6867,-61.97850204708726
-0.6857000000000001,-61.29944062315204
-0.6847,-60.974057024183075
-0.6837000000000001,-60.59208497321952
-0.6827,-60.28084848724921
-0.6817000000000001,-60.50720229522762
-0.6807,-59.757405306299155
-0.6797000000000001,-59.19152078635314
-0.6787,-58.569047814412514
-0.6777000000000001,-58.30025266743816
-0.6767,-57.6353383565016
-0.6757000000000001,-57.23921919253939
-0.6747,-56.75821735058527
-0.6737000000000001,-57.394837435524536
-0.6727,-56.857247141575826
-0.6717000000000001,-56.786511576582576
-0.6707,-56.27721550863116
-0.6697000000000001,-55.527418519702685
-0.6687,-55.31521182472294
-0.6677000000000001,-54.67859173978366
-0.6667,-54.1268543328363
-0.6657000000000001,-53.617558264884885
-0.6647,-53.57511692588894
-0.6637000000000001,-53.26388043991864
-0.6627,-52.71214303297127
-0.6617000000000001,-52.42920077299826
-0.6607,-52.075522948032
-0.6597000000000001,-51.69355089706845
-0.6587,-51.410608637095436
-0.6577000000000001,-51.21254905511432
-0.6567,-50.40616361419126
-0.6557000000000001,-50.20810403221015
-0.6547,-49.995897337230396
-0.6537000000000001,-49.472454156280335
-0.6527,-48.97730520132757
-0.6517000000000001,-48.62362737636131
-0.6507,-48.001154404420696
-0.6497,-47.71821214444768
-0.6486999999999999,-47.56259390146253
-0.6477,-47.180621850498966
-0.6466999999999999,-47.08159205950842
-0.6457,-46.529854652561056
-0.6446999999999999,-46.30350084458265
-0.6437,-45.82249900262854
-0.6426999999999999,-45.42637983866633
-0.6417,-45.030260674704124
-0.6406999999999999,-44.78975975372706
-0.6397,-44.181433894785094
-0.6386999999999999,-43.629696487837734
-0.6377,-43.50237247084988
-0.6366999999999999,-43.120400419886316
-0.6357,-42.85160527291196
-0.6346999999999999,-42.63939857793221
-0.6337,-42.243279413969994
-0.6326999999999999,-41.91789581500104
-0.6317,-41.57836510303343
-0.6306999999999999,-41.267128617063115
-0.6297,-40.743685436113054
-0.6286999999999999,-40.29097782015624
-0.6277,-40.191948029165694
-0.6266999999999999,-39.75338752620753
-0.6257,-39.47044526623452
-0.6246999999999999,-39.01773765027771
-0.6237,-38.74894250330336
-0.6226999999999999,-38.777236729300654
-0.6217,-38.706501164307404
-0.6206999999999999,-38.49429446932764
-0.6197,-38.40941179133574
-0.6186999999999999,-37.85767438438838
-0.6177,-37.47570233342482
-0.6166999999999999,-36.99470049147071
-0.6157,-36.69761111849905
-0.6146999999999999,-36.5136986495166
-0.6137,-36.37222751953009
-0.6126999999999999,-36.00440258156518
-0.6117,-35.53754785260972
-0.6107000000000001,-34.9716633326637
-0.6097,-34.61798550769744
-0.6087000000000001,-34.278454795729836
-0.6077,-33.96721830975953
-0.6067000000000001,-33.655981823789226
-0.6057,-33.41548090281216
-0.6047000000000001,-33.09009730384321
-0.6037,-32.7505665918756
-0.6027000000000001,-32.58080123589179
-0.6017,-32.31200608891744
-0.6007000000000001,-32.269564749921486
-0.5997,-32.32615320191609
-0.5987000000000001,-32.01491671594578
-0.5977,-31.661238890979522
-0.5967000000000001,-31.151942823028104
-0.5957,-30.82655922405915
-0.5947000000000001,-30.416292947098288
-0.5937,-30.09090934812933
-0.5927000000000001,-29.76552574916037
-0.5917,-29.539171941181966
-0.5907000000000001,-29.242082568210304
-0.5897,-28.88840474324405
-0.5887000000000001,-28.633756709268344
-0.5877,-28.463991353284538
-0.5867000000000001,-28.12446064131693
-0.5857,-27.912253946337174
-0.5847000000000001,-27.671753025360115
-0.5837,-27.473693443379013
-0.5827000000000001,-27.204898296404657
-0.5817,-26.89366181043435
-0.5807000000000001,-26.58242532446404
-0.5797,-26.356071516485635
-0.5787000000000001,-26.15801193450453
-0.5777,-25.91751101352747
-0.5767000000000001,-25.677010092550415
-0.5757,-25.40821494557606
-0.5747000000000001,-25.153566911600354
-0.5737,-24.799889086634096
-0.5727000000000001,-24.474505487665134
-0.5717,-24.27644590568403
-0.5707000000000001,-24.00765075870967
-0.5697,-23.696414272739364
-0.5687000000000001,-23.526648916755562
-0.5677,-23.385177786769056
-0.5667000000000001,-23.144676865792
-0.5657,-22.776851927827092
-0.5647000000000001,-22.550498119848687
-0.5637,-22.33829142486893
-0.5627000000000001,-22.196820294882425
-0.5617,-21.92802514790807
-0.5607000000000001,-21.63093577493641
-0.5597,-21.447023305953955
-0.5587000000000001,-21.248963723972853
-0.5577,-21.008462802995794
-0.5567000000000001,-20.711373430024135
-0.5557,-20.499166735044383
-0.5547000000000001,-20.315254266061928
-0.5537,-20.00401778009162
-0.5527000000000001,-19.791811085111863
-0.5517,-19.65033995512536
-0.5507000000000001,-19.452280373144255
-0.5497,-19.197632339168546
-0.5487000000000001,-18.94298430519284
-0.5477,-18.77321894920904
-0.5467000000000001,-18.518570915233333
-0.5457,-18.306364220253574
-0.5447000000000001,-18.53271802823198
-0.5437,-18.263922881257624
-0.5427000000000001,-18.13659886426977
-0.5417,-17.966833508285966
-0.5407000000000001,-17.75462681330621
-0.5397,-17.528273005327804
-0.5387000000000001,-17.48583166633185
-0.5377,-17.28777208435075
-0.5367000000000001,-17.07556538937099
-0.5357,-16.877505807389888
-0.5347000000000001,-16.849211581392588
-0.5337,-16.637004886412832
-0.5327000000000001,-16.424798191433077
-0.5317,-16.21259149645332
-0.5307000000000001,-16.04282614046952
-0.5297,-15.858913671487063
-0.5287000000000001,-15.632559863508657
-0.5277,-15.43450028152755
-0.5267000000000001,-15.250587812545096
-0.5257,-15.06667534356264
-0.5247,-14.896909987578834
-0.5236999999999999,-14.71299751859638
-0.5227,-14.543232162612577
-0.5216999999999999,-14.331025467632822
-0.5207,-14.147112998650368
-0.5196999999999999,-13.988665333065482
-0.5187,-13.814655843182084
-0.5176999999999999,-13.660452311496796
-0.5167,-13.463807440815554
-0.5156999999999999,-13.247356611936203
-0.5147,-13.1058854819497
-0.5136999999999999,-12.936120125965894
-0.5127,-12.779087171680876
-0.5116999999999999,-12.626298351295452
-0.5107,-12.443800593612863
-0.5096999999999999,-12.254229279430946
-0.5087,-12.11134343814458
-0.5076999999999999,-11.97128701945794
-0.5067,-11.817083487772651
-0.5056999999999999,-11.631756307490331
-0.5047,-11.463405662806393
-0.5036999999999999,-11.323349244119754
-0.5027,-11.166316289834736
-0.5016999999999999,-11.029089293747825
-0.5007,-10.839517979565912
-0.4996999999999999,-10.726341075576709
-0.49870000000000003,-10.587699368189934
-0.4976999999999999,-10.456131217302488
-0.49670000000000003,-10.299098263017466
-0.4956999999999999,-10.149138865231773
-0.49470000000000003,-10.020400136944055
-0.4936999999999999,-9.934102747652288
-0.4927,-9.795461040265515
-0.4916999999999999,-9.659648755478472
-0.4907,-9.552130696688728
-0.4896999999999999,-9.378121206805329
-0.4887,-9.242308922018283
-0.4876999999999999,-9.123473172829621
-0.4867,-8.994734444541903
-0.48570000000000013,-8.878728117952969
-0.4847,-8.734427565366737
-0.48370000000000013,-8.592956435380232
-0.4827,-8.501000200889004
-0.48170000000000013,-8.383579163000208
-0.4807,-8.277475815510329
-0.4797000000000001,-8.157225355021803
-0.4787,-8.034145471933543
-0.4777000000000001,-7.913895011445016
-0.4767,-7.804962241355407
-0.4757000000000001,-7.677638224367555
-0.4747,-7.555973052579161
-0.4737000000000001,-7.451284416389148
-0.4727,-7.32537511070116
-0.4717000000000001,-7.212198206711958
-0.4707,-7.130144951319785
-0.4697000000000001,-7.0367740055286925
-0.4687,-6.934914791938409
-0.4677000000000001,-6.828811444448532
-0.4667,-6.73261107605771
-0.4657000000000001,-6.615190038168912
-0.4647,-6.499183711579978
-0.4637000000000001,-6.397324497989696
-0.4627,-6.318100665197254
-0.4617000000000001,-6.237462121104946
-0.4607,-6.14833530921345
-0.4597000000000001,-6.056379074722222
-0.4587,-5.9729111080301855
-0.4577000000000001,-5.885199007438552
-0.4567,-5.798901618146785
-0.4557000000000001,-5.7111895175551535
-0.4547,-5.617818571764061
-0.4537000000000001,-5.5145446468739125
-0.4527,-5.443809081880661
-0.4517000000000001,-5.367414671687949
-0.4507,-5.296679106694698
-0.4497000000000001,-5.19906402700401
-0.4487,-5.117010771611838
-0.4477000000000001,-5.034957516219666
-0.4467,-4.954318972127359
-0.4457000000000001,-4.870851005435322
-0.4447,-4.794456595242609
-0.4437000000000001,-4.710988628550572
-0.4427,-4.6416677748571855
-0.4417000000000001,-4.578005766363259
-0.4407,-4.486049531872031
-0.4397000000000001,-4.41814338947851
-0.4387,-4.345993113185393
-0.4377000000000001,-4.283745815991331
-0.4367,-4.217254384897673
-0.4357000000000001,-4.152177665103882
-0.4347,-4.078612677510901
-0.4337000000000001,-4.009291823817514
-0.4327,-3.9484592379233177
-0.4317000000000001,-3.887626652029121
-0.43069999999999997,-3.822549932235329
-0.4297000000000001,-3.7617173463411326
-0.42869999999999997,-3.699470049147071
-0.4277000000000001,-3.6315639067535495
-0.42669999999999997,-3.576390166058813
-0.4257000000000001,-3.5141428688647514
-0.42469999999999997,-3.4490661490709593
-0.4237000000000001,-3.392477697076358
-0.42269999999999996,-3.3401333789813514
-0.4217000000000001,-3.270812525287965
-0.42069999999999996,-3.2184682071929585
-0.4197000000000001,-3.164709177798087
-0.41869999999999996,-3.1123648597030806
-0.41770000000000007,-3.0571911190083445
-0.41669999999999996,-3.002017378313608
-0.41570000000000007,-2.945428926319006
-0.41469999999999996,-2.8987434534234597
-0.41370000000000007,-2.8506432692280486
-0.41269999999999996,-2.8067872189322327
-0.41170000000000007,-2.754442900837226
-0.41069999999999995,-2.7035132940420854
-0.40970000000000006,-2.661071955046134
-0.40869999999999995,-2.618630616050183
-0.40770000000000006,-2.5804334109538267
-0.40669999999999995,-2.5238449589592253
-0.40570000000000006,-2.4814036199632743
-0.40469999999999995,-2.4446211261667834
-0.40370000000000006,-2.4007650758709675
-0.40269999999999995,-2.3569090255751513
-0.40170000000000006,-2.3116382639794697
-0.40069999999999995,-2.2663675023837886
-0.39970000000000006,-2.226755585987568
-0.39869999999999994,-2.1899730921910767
-0.39770000000000005,-2.1531905983945863
-0.39669999999999994,-2.1121639706984996
-0.39570000000000005,-2.0640637865030884
-0.39469999999999994,-2.0272812927065975
-0.39370000000000005,-1.9890840876102414
-0.39269999999999994,-1.9537163051136157
-0.39170000000000005,-1.9197632339168547
-0.39069999999999994,-1.891469007919554
-0.38970000000000005,-1.847612957623738
-0.38869999999999993,-1.8164893090267071
-0.38770000000000004,-1.779706815230216
-0.38669999999999993,-1.7457537440334552
-0.38570000000000004,-1.7160448067362895
-0.38469999999999993,-1.6849211581392587
-0.38370000000000004,-1.658041643441823
-0.38269999999999993,-1.6283327061446573
-0.38170000000000004,-1.5929649236480312
-0.3806999999999999,-1.5618412750510005
-0.37970000000000004,-1.5321323377538347
-0.3786999999999999,-1.505252823056399
-0.37770000000000004,-1.4755438857592333
-0.3766999999999999,-1.4500790823616625
-0.37570000000000003,-1.421784856364362
-0.3746999999999999,-1.3963200529667912
-0.37370000000000003,-1.3694405382693555
-0.3726999999999999,-1.3419951390519738
-0.37170000000000003,-1.3141253264446326
-0.3706999999999999,-1.2893678786969944
-0.36970000000000003,-1.2639030752994236
-0.3686999999999999,-1.239852983201718
-0.3677,-1.2189152559637155
-0.3666999999999999,-1.1924601546562394
-0.3657,-1.175200676797886
-0.3646999999999999,-1.152706767130032
-0.3637,-1.1312031553720834
-0.3626999999999999,-1.1063042364944589
-0.3617,-1.086215336036375
-0.36070000000000013,-1.0621652439386697
-0.3597,-1.0422178146105725
-0.35870000000000013,-1.0208556739826105
-0.3577,-1.000766773524527
-0.35670000000000013,-0.9806778730664433
-0.3557,-0.961437799388279
-0.3547000000000001,-0.9434709658799929
-0.3537,-0.9245138344618015
-0.3527000000000001,-0.9059811164335695
-0.3517,-0.887023985015378
-0.3507000000000001,-0.8694815648970515
-0.3497,-0.8525050292986711
-0.3487000000000001,-0.8351040803103312
-0.3477,-0.8177031313219912
-0.3467000000000001,-0.7998777689436917
-0.3457,-0.7820524065653922
-0.3447000000000001,-0.7656417554869578
-0.3437,-0.7509287579683614
-0.3427000000000001,-0.734518106889927
-0.3417,-0.7192392248513847
-0.3407000000000001,-0.7045262273327882
-0.3397,-0.6896717586842054
-0.3387000000000001,-0.675241703425582
-0.3377,-0.6615190038168911
-0.3367000000000001,-0.6468060062982948
-0.3357,-0.6332247778195904
-0.3347000000000001,-0.6206338472507915
-0.3337,-0.6070526187720873
-0.3327000000000001,-0.595169043853221
-0.3317,-0.5818707576344896
-0.3307000000000001,-0.5695627693256637
-0.3297,-0.5582450789267435
-0.3287000000000001,-0.5453712060979717
-0.3277,-0.5341949868290379
-0.3267000000000001,-0.5228772964301176
-0.3257,-0.5109937215112512
-0.3247000000000001,-0.5002419156322769
-0.3237,-0.4893486386233161
-0.3227000000000001,-0.4790212461343014
-0.3217,-0.4684109113853136
-0.3207000000000001,-0.45751763437635284
-0.3197,-0.44775612640728407
-0.3187000000000001,-0.4377116761782423
-0.3177,-0.4279501682091736
-0.3167000000000001,-0.4187545447600509
-0.3157,-0.40913450792096867
-0.3147000000000001,-0.39993888447184583
-0.3137,-0.39116767441268263
-0.3127000000000001,-0.384235589043344
-0.3117,-0.3750399655942212
-0.3107000000000001,-0.3658443421450985
-0.3097,-0.35693166095594875
-0.3087000000000001,-0.34915074880669106
-0.3077,-0.34066248100750085
-0.3067000000000001,-0.33316451111821616
-0.30569999999999997,-0.3253835989689584
-0.3047000000000001,-0.3171782734297412
-0.30369999999999997,-0.310104716930416
-0.3027000000000001,-0.3028896893011043
-0.30169999999999997,-0.2955331905418062
-0.3007000000000001,-0.288459634042481
-0.29969999999999997,-0.2811031352831828
-0.2987000000000001,-0.27431252104383064
-0.29769999999999996,-0.26780484906445146
-0.2967000000000001,-0.2607312925651262
-0.29569999999999996,-0.25422362058574705
-0.2947000000000001,-0.24757447747638137
-0.29369999999999996,-0.2420571034069078
-0.29270000000000007,-0.23583237368750162
-0.29169999999999996,-0.22960764396809544
-0.29070000000000007,-0.2239487987686353
-0.28969999999999996,-0.21843142469916169
-0.28870000000000007,-0.21248963723972852
-0.28769999999999996,-0.2075381476902009
-0.28670000000000007,-0.20202077362072723
-0.28569999999999995,-0.1965033995512536
-0.28470000000000006,-0.19155191000172597
-0.28369999999999995,-0.1856101225422928
-0.28270000000000006,-0.18193187316264373
-0.28169999999999995,-0.1768389124831296
-0.28070000000000006,-0.17174595180361546
-0.27969999999999995,-0.16707740451406086
-0.27870000000000006,-0.1629747417444522
-0.27769999999999995,-0.15759883880496509
-0.27670000000000006,-0.15321323377538346
-0.27569999999999995,-0.14882762874580185
-0.27470000000000006,-0.14458349484620675
-0.27369999999999994,-0.14050912630259546
-0.27270000000000005,-0.13623669817700304
-0.27169999999999994,-0.13258674302335122
-0.27070000000000005,-0.12856896293173453
-0.26969999999999994,-0.12419750501515157
-0.26870000000000005,-0.12060413831349438
-0.26769999999999994,-0.11661465244787497
-0.26670000000000005,-0.11275249059924342
-0.26569999999999994,-0.10901765276759973
-0.26470000000000005,-0.105608198534925
-0.26369999999999993,-0.10234021543223674
-0.26270000000000004,-0.09835072956661735
-0.26169999999999993,-0.09501201089893586
-0.26070000000000004,-0.09242308922018284
-0.25969999999999993,-0.08894289942251486
-0.25870000000000004,-0.08587297590180773
-0.25769999999999993,-0.08290208217209115
-0.25670000000000004,-0.07957751061740831
-0.2556999999999999,-0.07666320533968635
-0.25470000000000004,-0.07349425202798866
-0.2536999999999999,-0.07052335829827208
-0.25270000000000004,-0.06784955394152717
-0.2516999999999999,-0.06494939577680384
-0.25070000000000003,-0.06278488748801032
-0.24969999999999992,-0.059884729323287006
-0.24870000000000003,-0.058031457520463806
-0.24769999999999992,-0.056164038604641954
-0.24670000000000003,-0.05227358253001311
-0.24569999999999992,-0.049458307043281684
-0.24470000000000003,-0.04712403339850437
-0.24369999999999992,-0.04476146552772976
-0.24270000000000003,-0.042950635063902516
-0.24169999999999991,-0.04016365380316839
-0.24070000000000003,-0.037772791706396476
-0.2396999999999999,-0.035749754547589475
-0.23870000000000002,-0.033924776970763584
-0.2376999999999999,-0.03149147353499571
-0.23670000000000002,-0.029525024828183317
-0.23570000000000013,-0.027572723234369562
-0.23470000000000002,-0.025507244736566608
-0.23370000000000013,-0.02373885561173532
-0.23270000000000002,-0.02161678866193776
-0.23170000000000013,-0.01963619284212671
-0.23070000000000002,-0.017471684553333203
-0.22970000000000013,-0.015703295428501907
-0.22870000000000001,-0.014231995676642267
-0.22770000000000012,-0.01219622611613648
-0.2267,-0.010492913711098976
-0.22570000000000012,-0.009222502963820173
-0.2247,-0.007185318692014522
-0.22370000000000012,-0.005579621366667705
-0.2227,-0.004337504845386202
-0.22170000000000012,-0.002076796188201874
-0.2207,-0.0008206740250517079
-0.21970000000000012,0.00071457067756183
-0.2187,0.0020824550334013338
-0.21770000000000012,0.0036315639067535494
-0.2167,0.0055994273248658145
-0.2157000000000001,0.007233418876209932
-0.2147,0.007971898174739481
-0.2137000000000001,0.009689357692775636
-0.2127,0.010652776087983727
-0.2117000000000001,0.011057383519745126
-0.2107,0.013318092176929456
-0.2097000000000001,0.01469885040559773
-0.2087,0.01648138664342768
-0.2077000000000001,0.017188742293360197
-0.2067,0.01853271802823198
-0.2057000000000001,0.019791811085111865
-0.2047,0.020598196526034934
-0.2037000000000001,0.022140231842887825
-0.2027,0.0230880884137974
-0.2017000000000001,0.023965209419713723
-0.2007,0.026030687917516674
-0.1997000000000001,0.02665316088945729
-0.1987,0.027473693443379014
-0.1977000000000001,0.029015728760231903
-0.19669999999999999,0.029581613280177915
-0.1957000000000001,0.031151942823028106
-0.19469999999999998,0.031887592698957926
-0.1937000000000001,0.032708125252879645
-0.19269999999999998,0.030642646755076695
-0.1917000000000001,0.032976920399854
-0.1907000000000001,0.03542437094862052
-0.1897000000000002,0.03655613998851255
-0.1887000000000001,0.03761717346341132
-0.1877000000000002,0.039046031876275006
-0.1867000000000001,0.03949873949223183
-0.1857000000000002,0.04031927204615354
-0.1847000000000001,0.041380305521052325
-0.1837000000000002,0.04210180828398349
-0.18270000000000008,0.04234230920496055
-0.1817000000000002,0.04399752142580264
-0.18070000000000008,0.044506817493754056
-0.1797000000000002,0.046077147036604246
-0.17870000000000008,0.0465440017655597
-0.1777000000000002,0.04705329783351112
-0.17670000000000008,0.0484538620203775
-0.1757000000000002,0.04903389365332217
-0.17470000000000008,0.049826131981246594
-0.1737000000000002,0.05088716545614537
-0.17270000000000008,0.05128328462010758
-0.17170000000000019,0.05245749499899556
-0.17070000000000007,0.05312240930993213
-0.16970000000000018,0.053702440942876795
-0.16870000000000007,0.05470688596578097
-0.16770000000000018,0.05518788780773508
-0.16670000000000007,0.05641868663861766
-0.16570000000000018,0.056998718271562325
-0.16470000000000007,0.05849831224941927
-0.16370000000000018,0.05886613718738417
-0.16270000000000007,0.05947446304632614
-0.16170000000000018,0.06005449467927081
-0.16070000000000007,0.06101649836317903
-0.15970000000000018,0.0614550588661372
-0.15870000000000006,0.06210582606407511
-0.15770000000000017,0.06305368263498468
-0.15670000000000006,0.06336491912095499
-0.15570000000000017,0.06451083527384567
-0.15470000000000006,0.0651333082457863
-0.15370000000000017,0.065670898539735
-0.15270000000000006,0.06678852046662838
-0.15170000000000017,0.06701487427460678
-0.15070000000000006,0.06810420197550286
-0.14970000000000017,0.06896717586842054
-0.14870000000000005,0.06922182390239626
-0.14770000000000016,0.07035359294228827
-0.14670000000000005,0.07059409386326533
-0.14570000000000016,0.07117412549621
-0.14470000000000005,0.07229174742310338
-0.14370000000000016,0.07295666173403995
-0.14270000000000005,0.0736215760449765
-0.14170000000000016,0.07458357972888473
-0.14070000000000005,0.07486652198885775
-0.13970000000000016,0.07594170257675517
-0.13870000000000005,0.07602658525474706
-0.13770000000000016,0.07717250140763775
-0.13670000000000004,0.07830427044752979
-0.13570000000000015,0.07851647714250953
-0.13470000000000004,0.0791813914534461
-0.13370000000000015,0.07990289421637728
-0.13270000000000004,0.08012924802435568
-0.13170000000000015,0.08184104869719236
-0.13070000000000004,0.08192593137518428
-0.12970000000000015,0.08298696485008306
-0.12870000000000004,0.08356699648302772
-0.12770000000000015,0.08400555698598587
-0.12670000000000003,0.08502414912188871
-0.12570000000000014,0.08605688837079019
-0.12470000000000003,0.0867359497947254
-0.12370000000000014,0.0874433054446579
-0.12270000000000003,0.08768380636563497
-0.12170000000000014,0.08882972251852565
-0.12070000000000003,0.08959366662045277
-0.11970000000000014,0.09000393289741364
-0.11870000000000003,0.09085275967733265
-0.11770000000000014,0.09167329223125438
-0.11670000000000003,0.09246553055917879
-0.11570000000000014,0.09355485826007487
-0.11470000000000002,0.09371047650306003
-0.11370000000000013,0.09447442060498715
-0.11270000000000002,0.09567692520987243
-0.11170000000000013,0.09631354529481169
-0.11070000000000024,0.09728969609171857
-0.10970000000000013,0.09827999400162409
-0.10870000000000024,0.09888831986056607
-0.10770000000000013,0.09996350044846349
-0.10670000000000024,0.100387913838423
-0.10570000000000013,0.10120844639234472
-0.10470000000000024,0.10217045007625294
-0.10370000000000013,0.10299098263017467
-0.10270000000000024,0.10347198447212877
-0.10170000000000012,0.10498572556298437
-0.10070000000000023,0.10546672740493848
-0.09970000000000012,0.10699461560879273
-0.09870000000000023,0.10710779251278192
-0.09770000000000012,0.10806979619669015
-0.09670000000000023,0.10951280172255247
-0.09570000000000012,0.10996550933850929
-0.09470000000000023,0.11082848323142698
-0.09370000000000012,0.11228563587028798
-0.09270000000000023,0.11283737327723532
-0.09170000000000011,0.11418134901210711
-0.09070000000000022,0.11436526148108955
-0.08970000000000011,0.11568094298996405
-0.08870000000000022,0.11722297830681694
-0.08770000000000011,0.11747762634079266
-0.08670000000000022,0.11849621847669549
-0.08570000000000011,0.11978360575957266
-0.08470000000000022,0.12063243253949167
-0.08370000000000011,0.12199055538736212
-0.08270000000000022,0.1227686466022879
-0.0817000000000001,0.12388626852918126
-0.08070000000000022,0.12511706736006384
-0.0797000000000001,0.1259800412529815
-0.07870000000000021,0.12699863338888437
-0.0777000000000001,0.12811625531577772
-0.07670000000000021,0.12899337632169403
-0.0757000000000001,0.13042223473455772
-0.07470000000000021,0.13141253264446326
-0.0737000000000001,0.1328555381703256
-0.07270000000000021,0.13390242453222573
-0.0717000000000001,0.13477954553814206
-0.07070000000000021,0.13578399056104623
-0.0697000000000001,0.13707137784392343
-0.0687000000000002,0.1384012064657965
-0.0677000000000001,0.1394056514887007
-0.0667000000000002,0.1412306290655266
-0.06570000000000009,0.14189554337646318
-0.0647000000000002,0.1433102546763282
-0.06370000000000009,0.14430055258623375
-0.0627000000000002,0.14613967727605828
-0.06170000000000009,0.14741291744593682
-0.0607000000000002,0.14812027309586934
-0.059700000000000086,0.14953498439573437
-0.058700000000000196,0.1508082245656129
-0.057700000000000085,0.15264734925543746
-0.056700000000000195,0.1540620605553025
-0.05570000000000008,0.155052358465208
-0.05470000000000019,0.15604265637511353
-0.05370000000000008,0.15802325219492458
-0.05270000000000019,0.1585891367148706
-0.05170000000000008,0.16042826140469515
-0.05070000000000019,0.1615600304445872
-0.04970000000000008,0.16325768400442522
-0.04870000000000019,0.16509680869424978
-0.047700000000000076,0.16537975095422278
-0.046700000000000186,0.1669359333840743
-0.045700000000000074,0.1689165292038854
-0.044700000000000184,0.17033124050375043
-0.04370000000000007,0.17160448067362896
-0.04270000000000018,0.172736249713521
-0.04170000000000007,0.17457537440334553
-0.04070000000000018,0.17613155683319706
-0.03970000000000007,0.1771218547431026
-0.03870000000000018,0.17966833508285968
-0.03770000000000007,0.1806586329927652
-0.03670000000000018,0.18221481542261672
-0.035700000000000065,0.18419541124242778
-0.034700000000000175,0.18985425644188791
-0.03370000000000006,0.18730777610213087
-0.03270000000000017,0.18858101627200938
-0.03170000000000006,0.19070308322180693
-0.03070000000000017,0.19268367904161798
-0.02970000000000006,0.19409839034148305
-0.02870000000000017,0.19494721712140206
-0.027700000000000058,0.1965033995512536
-0.026700000000000168,0.19805958198110513
-0.025700000000000056,0.19919135102099716
-0.024700000000000166,0.20173783136075424
-0.023700000000000054,0.20301107153063278
-0.022700000000000164,0.2038598983105518
-0.021700000000000053,0.20626490752032234
-0.020700000000000163,0.20697226317025488
-0.01970000000000005,0.20909433012005244
-0.01870000000000016,0.21065051254990397
-0.01770000000000005,0.21220669497975553
-0.01670000000000016,0.21418729079956658
-0.015700000000000047,0.2154605309694451
-0.014700000000000157,0.2167337711393236
-0.013700000000000045,0.21885583808912115
-0.012700000000000156,0.2202705493889862
-0.011700000000000044,0.22196820294882427
-0.010700000000000154,0.22366585650866228
-0.009700000000000042,0.2250805678085273
-0.008700000000000152,0.22720263475832486
-0.00770000000000004,0.22833440379821693
-0.00670000000000015,0.22974911509808196
-0.005700000000000038,0.231729710917893
-0.0047000000000001485,0.23300295108777153
-0.0037000000000000366,0.23512501803756908
-0.0027000000000001467,0.2365397293374341
-0.0017000000000000348,0.23809591176728565
-0.000700000000000145,0.24007650758709673
0.00029999999999996696,0.24120827662698877
0.0012999999999998568,0.24304740131681332
0.0022999999999999687,0.2446035837466648
0.0032999999999998586,0.24630123730650288
0.0042999999999999705,0.24814036199632744
0.00529999999999986,0.24913065990623293
0.006299999999999972,0.250545371206098
0.007299999999999862,0.2523844958959225
0.008299999999999974,0.2535162649358146
0.009299999999999864,0.2554968607556256
0.010299999999999976,0.2574774565754367
0.011299999999999866,0.25903363900528825
0.012299999999999978,0.26058982143513976
0.013299999999999867,0.19155191000172597
0.012299999999999978,0.1618429727045602
0.011299999999999866,0.14727144631595032
0.010299999999999976,0.13598205014302733
0.009299999999999864,0.12498974334307597
0.008299999999999974,0.1159780323629357
0.007299999999999862,0.10724926364276843
0.006299999999999972,0.09900149676455527
0.00529999999999986,0.09205526428221794
0.0042999999999999705,0.08525050292986712
0.0032999999999998586,0.07847403580351359
0.0022999999999999687,0.0730556915250305
0.0012999999999998568,0.06708560983960003
0.00029999999999996696,0.061752148239108844
-0.000700000000000145,0.056800658689581215
-0.0017000000000000348,0.05225943541701446
-0.0027000000000001467,0.048156772647405845
-0.0037000000000000366,0.04396922719980534
-0.0047000000000001485,0.039442151040237225
-0.005700000000000038,0.036018549694563834
-0.00670000000000015,0.032014916715945786
-0.00770000000000004,0.028973287421235953
-0.008700000000000152,0.025832628335535568
-0.009700000000000042,0.022479762554855433
-0.010700000000000154,0.019480574599141553
-0.011700000000000044,0.016637004886412832
-0.012700000000000156,0.014057986186758867
-0.013700000000000045,0.011252613679126503
-0.014700000000000157,0.008851848603255533
-0.015700000000000047,0.006465230640383217
-0.01670000000000016,0.004287989949890926
-0.01770000000000005,0.0016085267479465466
-0.01870000000000016,0.00032382741653910686
-0.01970000000000005,-0.002133384640196475
-0.020700000000000163,-0.004365799071383503
-0.021700000000000053,-0.0058866137187384175
-0.022700000000000164,-0.00771583542946391
-0.023700000000000054,-0.00987892900695755
-0.024700000000000166,-0.011135192641237704
-0.025700000000000056,-0.013410048411420683
-0.026700000000000168,-0.014500790823616624
-0.027700000000000058,-0.015873060784485714
-0.02870000000000017,-0.01803756907327922
-0.02970000000000006,-0.018957131418191494
-0.03070000000000017,-0.020654784978029535
-0.03170000000000006,-0.022154378955886473
-0.03270000000000017,-0.02287588171881764
-0.03370000000000006,-0.024870624651627343
-0.034700000000000175,-0.025521391849565263
-0.035700000000000065,-0.026723896454450544
-0.03670000000000018,-0.028633756709268345
-0.03770000000000007,-0.028817669178250797
-0.03870000000000018,-0.030274821817111785
-0.03970000000000007,-0.03161879755198357
-0.04070000000000018,-0.0326090954618891
-0.04170000000000007,-0.03355695203279867
-0.04270000000000018,-0.03467457395969205
-0.04370000000000007,-0.03543851806161917
-0.044700000000000184,-0.036768346683492305
-0.045700000000000074,-0.03753229078541943
-0.046700000000000186,-0.03798499840137624
-0.047700000000000076,-0.039328974136248016
-0.04870000000000019,-0.04002218267318189
-0.04970000000000008,-0.04115395171307392
-0.05070000000000019,-0.04163495355502803
-0.05170000000000008,-0.04208766117098484
-0.05270000000000019,-0.04358725514884178
-0.05370000000000008,-0.04388434452181344
-0.05470000000000019,-0.04488878954471761
-0.05570000000000008,-0.045794204776631244
-0.056700000000000195,-0.04624691239258805
-0.057700000000000085,-0.04710988628550572
-0.058700000000000196,-0.04783138904843689
-0.059700000000000086,-0.048170919760404496
-0.0607000000000002,-0.04967051373826144
-0.06170000000000009,-0.05029298671020205
-0.0627000000000002,-0.05060422319617236
-0.06370000000000009,-0.05159452110607789
-0.0647000000000002,-0.051948198931044146
-0.06570000000000009,-0.05307996797093617
-0.0667000000000002,-0.052980938179945626
-0.0677000000000001,-0.05364585249088218
-0.0687000000000002,-0.05486250420876612
-0.0697000000000001,-0.05496153399975667
-0.07070000000000021,-0.05569718387568649
-0.0717000000000001,-0.05648942220361091
-0.07270000000000021,-0.05658845199460146
-0.0737000000000001,-0.057875839277478656
-0.07470000000000021,-0.05818707576344896
-0.0757000000000001,-0.05873881317039633
-0.07670000000000021,-0.05954519861131939
-0.0777000000000001,-0.06004034756627216
-0.07870000000000021,-0.06091746857218847
-0.0797000000000001,-0.06114382238016689
-0.08070000000000022,-0.061936060708091316
-0.0817000000000001,-0.06268585769701977
-0.08270000000000022,-0.06268585769701977
-0.08370000000000011,-0.06337906623395365
-0.08470000000000022,-0.06424204012687132
-0.08570000000000011,-0.06453912949984296
-0.08670000000000022,-0.06496354288980248
-0.08770000000000011,-0.06579822255672285
-0.08870000000000022,-0.06623678305968102
-0.08970000000000011,-0.06697243293561084
-0.09070000000000022,-0.06715634540459328
-0.09170000000000011,-0.06767978858554335
-0.09270000000000023,-0.06844373268747048
-0.09370000000000012,-0.0692076767893976
-0.09470000000000023,-0.06947647193637195
-0.09570000000000012,-0.07009894490831257
-0.09670000000000023,-0.07028285737729502
-0.09770000000000012,-0.07121656683520594
-0.09870000000000023,-0.07152780332117625
-0.09970000000000012,-0.07203709938912767
-0.10070000000000023,-0.0732537511070116
-0.10170000000000012,-0.07323960399401294
-0.10270000000000024,-0.07413087211292792
-0.10370000000000013,-0.07424404901691713
-0.10470000000000024,-0.0749089633278537
-0.10570000000000013,-0.07582852567276598
-0.10670000000000024,-0.07598414391575113
-0.10770000000000013,-0.07638026307971334
-0.10870000000000024,-0.0773281196506229
-0.10970000000000013,-0.0774978850066067
-0.11070000000000024,-0.07847403580351359
-0.11170000000000013,-0.07888430208047445
-0.11270000000000002,-0.0793228625834326
-0.11370000000000013,-0.08022827781534624
-0.11470000000000002,-0.080440484510326
-0.11570000000000014,-0.08102051614327066
-0.11670000000000003,-0.08178446024519778
-0.11770000000000014,-0.08205325539217213
-0.11870000000000003,-0.08270402259011005
-0.11970000000000014,-0.08348211380503581
-0.12070000000000003,-0.08407629255097913
-0.12170000000000014,-0.08484023665290626
-0.12270000000000003,-0.0848543837659049
-0.12370000000000014,-0.08557588652883606
-0.12470000000000003,-0.08624080083977263
-0.12570000000000014,-0.0866793613427308
-0.12670000000000003,-0.08742915833165928
-0.12770000000000015,-0.08812236686859314
-0.12870000000000004,-0.08868825138853914
-0.12970000000000015,-0.08960781373345142
-0.13070000000000004,-0.08982002042843118
-0.13170000000000015,-0.09013125691440148
-0.13270000000000004,-0.09109326059830972
-0.13370000000000015,-0.09131961440628812
-0.13470000000000004,-0.09209770562121389
-0.13570000000000015,-0.09307385641812077
-0.13670000000000004,-0.09332850445209646
-0.13770000000000016,-0.09410659566702224
-0.13870000000000005,-0.09433294947500065
-0.13970000000000016,-0.0951110406899264
-0.14070000000000005,-0.09624280972981844
-0.14170000000000016,-0.09666722311977795
-0.14270000000000005,-0.09706334228374017
-0.14370000000000016,-0.09794046328965648
-0.14470000000000005,-0.0983082882276214
-0.14570000000000016,-0.09948249860650937
-0.14670000000000005,-0.09941176304151612
-0.14770000000000016,-0.1002747369344338
-0.14870000000000005,-0.10130747618333527
-0.14970000000000017,-0.1015904184433083
-0.15070000000000006,-0.1023260683192381
-0.15170000000000017,-0.10338710179413689
-0.15270000000000006,-0.10371248539310583
-0.15370000000000017,-0.10490084288499248
-0.15470000000000006,-0.10463204773801811
-0.15570000000000017,-0.1058345523429034
-0.15670000000000006,-0.10678240891381298
-0.15770000000000017,-0.10703705694778867
-0.15870000000000006,-0.10835273845666317
-0.15970000000000018,-0.10883374029861728
-0.16070000000000007,-0.1094562132705579
-0.16170000000000018,-0.11009283335549715
-0.16270000000000007,-0.11078604189243102
-0.16370000000000018,-0.1118470753673298
-0.16470000000000007,-0.11239881277427716
-0.16570000000000018,-0.11337496357118404
-0.16670000000000007,-0.11401158365612331
-0.16770000000000018,-0.11456332106307067
-0.16870000000000007,-0.11532726516499778
-0.16970000000000018,-0.11651562265688443
-0.17070000000000007,-0.11694003604684394
-0.17170000000000019,-0.11763324458377779
-0.17270000000000008,-0.11869427805867658
-0.1737000000000002,-0.11910454433563744
-0.17470000000000008,-0.12043437295751057
-0.1757000000000002,-0.12112758149444444
-0.17670000000000008,-0.12160858333639855
-0.1777000000000002,-0.12288182350627709
-0.17870000000000008,-0.12356088493021229
-0.1797000000000002,-0.12421165212815022
-0.18070000000000008,-0.12510292024706518
-0.1817000000000002,-0.12606492393097343
-0.18270000000000008,-0.12716839874486813
-0.1837000000000002,-0.12815869665477364
-0.1847000000000001,-0.128752875400717
-0.1857000000000002,-0.12994123289260362
-0.1867000000000001,-0.13094567791550782
-0.1877000000000002,-0.1314549739834592
-0.1887000000000001,-0.1328555381703256
-0.1897000000000002,-0.13380339474123515
-0.1907000000000001,-0.1349068695551299
-0.1917000000000001,-0.13640646353298683
-0.19269999999999998,-0.13670355290595848
-0.1937000000000001,-0.1379626459628384
-0.19469999999999998,-0.1386982958387682
-0.1957000000000001,-0.1401837427036265
-0.19669999999999999,-0.1412306290655266
-0.1977000000000001,-0.1420370145064497
-0.1987,-0.14316878354634172
-0.1997000000000001,-0.14430055258623375
-0.2007,-0.14529085049613927
-0.2017000000000001,-0.14698850405597733
-0.2027,-0.14826174422585583
-0.2037000000000001,-0.14896909987578838
-0.2047,-0.1509496956955994
-0.2057000000000001,-0.15165705134553195
-0.2067,-0.15293029151541046
-0.2077000000000001,-0.154203531685289
-0.2087,-0.15575971411514053
-0.2097000000000001,-0.15731589654499206
-0.2107,-0.1587306078448571
-0.2117000000000001,-0.15986237688474914
-0.2127,-0.1617015015745737
-0.2137000000000001,-0.16311621287443873
-0.2147,-0.16495533756426325
-0.2157000000000001,-0.16707740451406086
-0.2167,-0.16778476016399335
-0.21770000000000012,-0.16990682711379093
-0.2187,-0.17146300954364244
-0.21970000000000012,-0.173302134233467
-0.2207,-0.17499978779330505
-0.22170000000000012,-0.17627302796318356
-0.2227,-0.17867803717295414
-0.22370000000000012,-0.18023421960280567
-0.2247,-0.18207334429263022
-0.22570000000000012,-0.1847612957623738
-0.2267,-0.18674189158218485
-0.22770000000000012,-0.18829807401203638
-0.22870000000000001,-0.19070308322180693
-0.22970000000000013,-0.19282515017160448
-0.23070000000000002,-0.19523015938137506
-0.23170000000000013,-0.1972107552011861
-0.23270000000000002,-0.20004017780091618
-0.23370000000000013,-0.20286960040064628
-0.23470000000000002,-0.20485019622045733
-0.23570000000000013,-0.2075381476902009
-0.23670000000000002,-0.21008462802995795
-0.2376999999999999,-0.21277257949970152
-0.23870000000000002,-0.2156020020994316
-0.2396999999999999,-0.21857289582914816
-0.24070000000000003,-0.22126084729889173
-0.24169999999999991,-0.2245146832885813
-0.24270000000000003,-0.22748557701829786
-0.24369999999999992,-0.2307394130079875
-0.24470000000000003,-0.23385177786769054
-0.24569999999999992,-0.23710561385738013
-0.24670000000000003,-0.24035944984706975
-0.24769999999999992,-0.24417917035670533
-0.24870000000000003,-0.2477159486063679
-0.24969999999999992,-0.25167714024599
-0.25070000000000003,-0.25535538962563914
-0.2516999999999999,-0.2588921678753017
-0.25270000000000004,-0.26327777290488336
-0.2536999999999999,-0.26695602228453247
-0.25470000000000004,-0.27134162731411404
-0.2556999999999999,-0.27572723234369567
-0.25670000000000004,-0.28025430850326377
-0.25769999999999993,-0.28478138466283187
-0.25870000000000004,-0.2891669896924135
-0.25969999999999993,-0.29397700811195465
-0.26070000000000004,-0.29906996879146874
-0.26169999999999993,-0.3034555738210504
-0.26270000000000004,-0.30883147676053746
-0.26369999999999993,-0.3142073797000246
-0.26470000000000005,-0.3191588692495523
-0.26569999999999994,-0.3253835989689584
-0.26670000000000005,-0.3309009730384321
-0.26769999999999994,-0.33641834710790575
-0.26870000000000005,-0.3423601345673389
-0.26969999999999994,-0.34844339315675854
-0.27070000000000005,-0.35466812287616467
-0.27169999999999994,-0.3610343237255574
-0.27270000000000005,-0.3672590534449635
-0.27369999999999994,-0.37390819655432916
-0.27470000000000006,-0.38055733966369487
-0.27569999999999995,-0.38777236729300657
-0.27670000000000006,-0.3948459237923317
-0.27769999999999995,-0.4019194802916569
-0.27870000000000006,-0.40941745018094167
-0.27969999999999995,-0.41705689120021283
-0.28070000000000006,-0.4245548610894975
-0.28169999999999995,-0.4329016577587012
-0.28270000000000006,-0.44039962764798596
-0.28369999999999995,-0.44874642431718964
-0.28470000000000006,-0.4573761632463663
-0.28569999999999995,-0.4658644310455565
-0.28670000000000007,-0.4735038720648278
-0.28769999999999996,-0.4826994955139505
-0.28870000000000007,-0.49260247461300577
-0.28969999999999996,-0.5013736846721689
-0.29070000000000007,-0.5111351926412377
-0.29169999999999996,-0.5206137583503335
-0.29270000000000007,-0.5313655642293078
-0.29369999999999996,-0.5415514855883361
-0.2947000000000001,-0.5523032914673103
-0.29569999999999996,-0.5627721550863116
-0.2967000000000001,-0.5730995475753263
-0.29769999999999996,-0.5834269400643411
-0.2987000000000001,-0.595169043853221
-0.29969999999999997,-0.6066282053821278
-0.3007000000000001,-0.6189361936909535
-0.30169999999999997,-0.6305368263498469
-0.3027000000000001,-0.6425618723986997
-0.30369999999999997,-0.6548698607075254
-0.3047000000000001,-0.6676022624063108
-0.30569999999999997,-0.6806176063650692
-0.3067000000000001,-0.693774421453814
-0.3077,-0.7074971210625048
-0.3087000000000001,-0.7216442340611552
-0.3097,-0.735649875929819
-0.3107000000000001,-0.749938460058456
-0.3117,-0.7635196885371602
-0.3127000000000001,-0.7785156283157296
-0.3137,-0.793228625834326
-0.3147000000000001,-0.807517209962963
-0.3157,-0.8230790342614784
-0.3167000000000001,-0.8410458677697643
-0.3177,-0.8571735765882258
-0.3187000000000001,-0.871037747326903
-0.3197,-0.8878728117952971
-0.3207000000000001,-0.9048493473936775
-0.3217,-0.9225332386419903
-0.3227000000000001,-0.9399341876303302
-0.3237,-0.9581839633985894
-0.3247000000000001,-0.9761507969068753
-0.3257,-0.9958152839749993
-0.3267000000000001,-1.0157627133030962
-0.3277,-1.0351442581112473
-0.3287000000000001,-1.0532525627495197
-0.3297,-1.0741902899875224
-0.3307000000000001,-1.0938547770556464
-0.3317,-1.117338984633406
-0.3327000000000001,-1.1399743654312466
-0.3337,-1.1624682750991004
-0.3347000000000001,-1.1818498199072518
-0.3357,-1.2058999120049574
-0.3367000000000001,-1.230798830882582
-0.3377,-1.251595086990598
-0.3387000000000001,-1.2764940058682226
-0.3397,-1.3018173381358067
-0.3407000000000001,-1.3262918436234719
-0.3417,-1.350200464591191
-0.3427000000000001,-1.3758067391187483
-0.3437,-1.4008471291263593
-0.3447000000000001,-1.4288584128636872
-0.3457,-1.4557379275611226
-0.3467000000000001,-1.4854468648582886
-0.3477,-1.5137410908555893
-0.3487000000000001,-1.54203531685289
-0.3497,-1.5689148315503256
-0.3507000000000001,-1.5957943462477613
-0.3517,-1.6255032835449272
-0.3527000000000001,-1.658041643441823
-0.3537,-1.6891652920388538
-0.3547000000000001,-1.7202889406358846
-0.3557,-1.7499978779330503
-0.35670000000000013,-1.7839509491298113
-0.3577,-1.8164893090267071
-0.35870000000000013,-1.849027668923603
-0.3597,-1.8801513175206337
-0.36070000000000013,-1.9155191000172598
-0.3617,-1.9508868825138854
-0.3626999999999999,-1.9848399537106465
-0.3637,-2.0187930249074073
-0.3646999999999999,-2.0598196526034935
-0.3657,-2.0909433012005243
-0.3666999999999999,-2.12631108369715
-0.3677,-2.1673377113932366
-0.3686999999999999,-2.216852606888512
-0.36970000000000003,-2.257879234584599
-0.3706999999999999,-2.298905862280684
-0.37170000000000003,-2.3371030673770408
-0.3726999999999999,-2.382373828972722
-0.37370000000000003,-2.4290593018682682
-0.3746999999999999,-2.4700859295643536
-0.37570000000000003,-2.5111125572604402
-0.3766999999999999,-2.5563833188561214
-0.37770000000000004,-2.6016540804518025
-0.3786999999999999,-2.6497542646472136
-0.37970000000000004,-2.6950250262428948
-0.3806999999999999,-2.744539921738171
-0.38170000000000004,-2.794054817233447
-0.38269999999999993,-2.842155001428859
-0.38370000000000004,-2.900158164723325
-0.38469999999999993,-2.949673060218602
-0.38570000000000004,-3.002017378313608
-0.38669999999999993,-3.0515322738088844
-0.38770000000000004,-3.110950148403216
-0.38869999999999993,-3.160465043898492
-0.38970000000000005,-3.198662248994848
-0.39069999999999994,-3.253835989689584
-0.39170000000000005,-3.310424441684186
-0.39269999999999994,-3.3641834710790572
-0.39370000000000005,-3.440577881271769
-0.39469999999999994,-3.504239889765696
-0.39570000000000005,-3.5707313208593527
-0.39669999999999994,-3.6343933293532795
-0.39770000000000005,-3.696640626547341
-0.39869999999999994,-3.7546437898418072
-0.39970000000000006,-3.818305798335734
-0.40069999999999995,-3.884797229429391
-0.40170000000000006,-3.9498739492231825
-0.40269999999999995,-4.01636538031684
-0.40370000000000006,-4.085686234010226
-0.40469999999999995,-4.146518819904423
-0.40570000000000006,-4.22715736399673
-0.40669999999999995,-4.300722351589712
-0.40770000000000006,-4.3728726278828285
-0.40869999999999995,-4.43511992507689
-0.40970000000000006,-4.508684912669872
-0.41069999999999995,-4.586494034162449
-0.41170000000000007,-4.669962000854486
-0.41269999999999996,-4.742112277147603
-0.41370000000000007,-4.802944863041799
-0.41469999999999996,-4.877924561934646
-0.41570000000000007,-4.9571483947270885
-0.41669999999999996,-5.039201650119261
-0.41770000000000007,-5.1212549055114325
-0.41869999999999996,-5.208967006103065
-0.4197000000000001,-5.295264395394832
-0.42069999999999996,-5.361755826488489
-0.4217000000000001,-5.439564947981066
-0.42269999999999996,-5.518788780773508
-0.4237000000000001,-5.627721550863116
-0.42469999999999997,-5.740898454852318
-0.4257000000000001,-5.8356841119432765
-0.42669999999999997,-5.893687275237743
-0.4277000000000001,-5.958763995031535
-0.42869999999999997,-6.049305518222896
-0.4297000000000001,-6.158238288312504
-0.43069999999999997,-6.254438656703328
-0.4317000000000001,-6.34498017989469
-0.4327,-6.427033435286861
-0.4337000000000001,-6.514745535878494
-0.4347,-6.620848883368372
-0.4357000000000001,-6.7085609839600036
-0.4367,-6.818908465349477
-0.4377000000000001,-6.93774421453814
-0.4387,-7.028285737729503
-0.4397000000000001,-7.113168415721404
-0.4407,-7.205124650212632
-0.4417000000000001,-7.302739729903319
-0.4427,-7.425819612991578
-0.4437000000000001,-7.5474847847799715
-0.4447,-7.649343998370253
-0.4457000000000001,-7.745544366761076
-0.4467,-7.838915312552168
-0.4477000000000001,-7.961995195640427
-0.4487,-8.093563346527874
-0.4497000000000001,-8.195422560118157
-0.4507,-8.315673020606686
-0.4517000000000001,-8.411873388997508
-0.4527,-8.491097221789948
-0.4537000000000001,-8.592956435380232
-0.4547,-8.751404100965116
-0.4557000000000001,-8.897119364851218
-0.4567,-9.017369825339744
-0.4577000000000001,-9.120643750229892
-0.4587,-9.211185273421254
-0.4597000000000001,-9.313044487011537
-0.4607,-9.45734503959777
-0.4617000000000001,-9.573351366186703
-0.4627,-9.700675383174557
-0.4637000000000001,-9.818096421063354
-0.4647,-9.958152839749992
-0.4657000000000001,-10.123674061834203
-0.4667,-10.22694798672435
-0.4677000000000001,-10.359930848911663
-0.4687,-10.536769761394792
-0.4697000000000001,-10.686729159180487
-0.4707,-10.829615000466857
-0.4717000000000001,-10.939962481856329
-0.4727,-11.080018900542967
-0.4737000000000001,-11.18753695933271
-0.4747,-11.306372708521375
-0.4757000000000001,-11.425208457710037
-0.4767,-11.59780323629357
-0.4777000000000001,-11.753421479278725
-0.4787,-11.870842517167523
-0.4797000000000001,-12.003825379354835
-0.4807,-12.193396693536751
-0.48170000000000013,-12.371650317319745
-0.4827,-12.459362417911377
-0.48370000000000013,-12.573954033200446
-0.4847,-12.675813246790728
-0.48570000000000013,-12.827187355876287
-0.4867,-12.94602310506495
-0.4876999999999999,-13.138423841846596
-0.4887,-13.31101862043013
-0.4896999999999999,-13.514737047610696
-0.4907,-13.643475775898414
-0.4916999999999999,-13.806167575382894
-0.4927,-13.930662169771017
-0.4936999999999999,-14.090524546655764
-0.49470000000000003,-14.274437015638219
-0.4956999999999999,-14.401761032626075
-0.49670000000000003,-14.557379275611227
-0.4976999999999999,-14.71299751859638
-0.49870000000000003,-14.911057100577487
-0.4996999999999999,-15.080822456561293
-0.5007,-15.222293586547794
-0.5016999999999999,-15.533530072518102
-0.5027,-15.660854089505953
-0.5036999999999999,-15.802325219492458
-0.5047,-16.04282614046952
-0.5056999999999999,-16.184297270456018
-0.5067,-16.354062626439823
-0.5076999999999999,-16.46723953042903
-0.5087,-16.60871066041553
-0.5096999999999999,-16.736034677403385
-0.5107,-16.94824137238314
-0.5116999999999999,-17.20288940635885
-0.5127,-17.4433903273359
-0.5136999999999999,-17.584861457322408
-0.5147,-17.782921039303513
-0.5156999999999999,-17.938539282288666
-0.5167,-18.10830463827247
-0.5176999999999999,-18.263922881257624
-0.5187,-18.433688237241427
-0.5196999999999999,-18.546865141230633
-0.5207,-18.77321894920904
-0.5216999999999999,-18.999572757187444
-0.5227,-19.25422079116315
-0.5236999999999999,-19.423986147146955
-0.5247,-19.508868825138855
-0.5257,-19.678634181122664
-0.5267000000000001,-19.848399537106463
-0.5277,-20.03231200608892
-0.5287000000000001,-20.17378313607542
-0.5297,-20.371842718056527
-0.5307000000000001,-20.654784978029536
-0.5317,-20.75381476902009
-0.5327000000000001,-20.923580125003895
-0.5337,-21.13578681998365
-0.5347000000000001,-21.2631108369715
-0.5357,-21.447023305953955
-0.5367000000000001,-21.68752422693101
-0.5377,-21.843142469916167
-0.5387000000000001,-22.097790503891872
-0.5397,-22.239261633878378
-0.5407000000000001,-22.33829142486893
-0.5417,-22.748557701829792
-0.5427000000000001,-22.91832305781359
-0.5437,-23.13052975279335
-0.5447000000000001,-23.286147995778503
-0.5457,-23.54079602975421
-0.5467000000000001,-23.682267159740714
-0.5477,-23.767149837732617
-0.5487000000000001,-23.92276808071777
-0.5497,-24.050092097705623
-0.5507000000000001,-24.21985745368943
-0.5517,-24.488652600663784
-0.5527000000000001,-24.71500640864219
-0.5537,-24.870624651627345
-0.5547000000000001,-25.0828313466071
-0.5557,-25.309185154585506
-0.5567000000000001,-25.507244736566612
-0.5577,-25.662862979551768
-0.5587000000000001,-25.974099465522073
-0.5597,-26.21460038649913
-0.5607000000000001,-26.356071516485635
-0.5617,-26.497542646472137
-0.5627000000000001,-26.69560222845324
-0.5637,-26.86536758443705
-0.5647000000000001,-27.14830984441005
-0.5657,-27.40295787838576
-0.5667000000000001,-27.756635703352025
-0.5677,-27.954695285333123
-0.5687000000000001,-28.02543085032638
-0.5697,-28.209343319308836
-0.5707000000000001,-28.52057980527914
-0.5717,-28.8742576302454
-0.5727000000000001,-29.029875873230555
-0.5737,-29.284523907206257
-0.5747000000000001,-29.59576039317657
-0.5757,-29.864555540150924
-0.5767000000000001,-29.991879557138777
-0.5777,-30.17579202612123
-0.5787000000000001,-30.260674704113132
-0.5797,-30.444587173095588
-0.5807000000000001,-30.82655922405915
-0.5817,-31.16608993602676
-0.5827000000000001,-31.29341395301461
-0.5837,-31.449032195999767
-0.5847000000000001,-31.802710020966025
-0.5857,-32.04321094194308
-0.5867000000000001,-32.21297629792688
-0.5877,-32.39688876690934
-0.5887000000000001,-32.66568391388369
-0.5897,-32.807155043870196
-0.5907000000000001,-33.11839152984051
-0.5917,-33.25986265982701
-0.5927000000000001,-33.41548090281216
-0.5937,-33.76915872777842
-0.5947000000000001,-33.93892408376223
-0.5957,-34.221866343735236
-0.5967000000000001,-34.60383839469879
-0.5977,-34.773603750682604
-0.5987000000000001,-35.11313446265021
-0.5997,-35.21216425364076
-0.6007000000000001,-35.396076722623214
-0.6017,-35.721460321592176
-0.6027000000000001,-35.87707856457733
-0.6037,-36.17416793754898
-0.6047000000000001,-36.35808040653144
-0.6057,-36.64102266650445
-0.6067000000000001,-36.69761111849905
-0.6077,-37.037141830466666
-0.6087000000000001,-37.47570233342482
-0.6097,-37.758644593397825
-0.6107000000000001,-38.522588695324956
-0.6117,-39.130914554266916
-0.6126999999999999,-39.03188476327636
-0.6137,-39.49873949223183
-0.6146999999999999,-40.05047689917919
-0.6157,-40.40415472414545
-0.6166999999999999,-40.545625854131956
-0.6177,-40.715391210115754
-0.6186999999999999,-41.02662769608606
-0.6197,-41.30956995605907
-0.6206999999999999,-41.66324778102533
-0.6217,-41.79057179801318
-0.6226999999999999,-41.96033715399699
-0.6237,-42.087661170984845
-0.6246999999999999,-42.4130447699538
-0.6257,-42.681839916928155
-0.6266999999999999,-43.16284175888227
-0.6277,-43.544813809845834
-0.6286999999999999,-44.011668538801295
-0.6297,-44.16728678178645
-0.6306999999999999,-44.577553058747306
-0.6317,-44.91708377071491
-0.6326999999999999,-44.94537799671222
-0.6337,-45.46882117766227
-0.6346999999999999,-45.85079322862584
-0.6357,-45.90738168062044
-0.6366999999999999,-46.3459421835786
-0.6377,-46.515707539562406
-0.6386999999999999,-46.65717866954891
-0.6397,-46.92597381652327
-0.6406999999999999,-46.84109113853137
-0.6417,-46.982562268517874
-0.6426999999999999,-47.37868143248008
-0.6437,-47.902124613430146
-0.6446999999999999,-48.071889969413945
-0.6457,-48.2558024383964
-0.6466999999999999,-48.55289181136806
-0.6477,-49.16121767031002
-0.6486999999999999,-49.118776331314066
-0.6497,-49.30268880029653
-0.6507,-49.557336834272235
-0.6517000000000001,-49.84027909424525
-0.6527,-50.71740010016157
-0.6537000000000001,-50.68910587416426
-0.6547,-51.071077925127824
-0.6557000000000001,-51.36816729809948
-0.6567,-51.509638428085985
-0.6577000000000001,-51.77843357506035
-0.6587,-51.89161047904954
-0.6597000000000001,-52.37261232100366
-0.6607,-52.76873148496586
-0.6617000000000001,-52.92434972795102
-0.6627,-53.37705734390783
-0.6637000000000001,-53.74488228187274
-0.6647,-54.0136774288471
-0.6657000000000001,-54.45223793180526
-0.6667,-54.45223793180526
-0.6677000000000001,-54.551267722795814
-0.6687,-54.537120609797164
-0.6697000000000001,-54.791768643772876
-0.6707,-55.6688896496892
-0.6717000000000001,-56.164038604641945
-0.6727,-56.89968848057178
-0.6737000000000001,-57.08360094955424
-0.6747,-57.16848362754614
-0.6757000000000001,-57.408984548523186
-0.6767,-58.13048731145436
-0.6777000000000001,-58.30025266743816
-0.6787,-58.55490070141387
-0.6797000000000001,-58.51245936241792
-0.6807,-59.00760831737068
-0.6817000000000001,-59.55934572431805
-0.6827,-59.9696120012789
-0.6837000000000001,-60.94576279818578
-0.6847,-61.89361936909536
-0.6857000000000001,-61.865325143098055
-0.6867,-62.04923761208051
-0.6877000000000001,-62.31803275905487
-0.6887,-62.72829903601572
-0.6897000000000001,-63.09612397398064
-0.6907,-62.65756347102247
-0.6917000000000001,-63.06782974798333
-0.6927,-63.251742216965795
-0.6937000000000001,-63.6761556069253
-0.6947,-64.39765836985646
-0.6957000000000001,-65.00598422879844
-0.6967,-65.40210339276065
-0.6977000000000001,-65.670898539735
-0.6987,-65.64260431373769
-0.6997000000000001,-66.19434172068507
-0.7007,-67.2978165345798
-0.7017000000000001,-67.45343477756495
-0.7027,-67.70808281154066
-0.7037000000000001,-68.38714423547587
-0.7047,-68.78326339943808
-0.7057000000000001,-68.83985185143268
-0.7067,-69.1793825634003
-0.7077000000000001,-69.6603844053544
-0.7087,-70.46676984627747
-0.7097000000000001,-70.91947746223428
-0.7107,-70.79215344524643
-0.7117000000000001,-70.09894490831257
-0.7127,-70.32529871629096
-0.7137000000000001,-71.48536198218031
-0.7147,-72.00880516313036
-0.7157000000000001,-72.36248298809663
-0.7167,-72.67371947406694
-0.7177000000000001,-72.77274926505748
-0.7187,-72.87177905604804
-0.7197000000000001,-72.91422039504398
-0.7207,-73.63572315797516
-0.7217000000000001,-74.8806691018564
-0.7227,-74.80993353686314
-0.7237000000000001,-75.02214023184291
-0.7247,-75.220199813824
-0.7257000000000001,-75.63046609078486
-0.7267,-76.35196885371603
-0.7277000000000001,-76.66320533968634
-0.7287,-77.0168831646526
-0.7297000000000001,-77.7242388145851
-0.7307,-78.36085889952437
-0.7317000000000001,-79.08236166245555
-0.7327,-79.47848082641775
-0.7337000000000001,-79.66239329540022
-0.7347,-80.29901338033947
-0.7357000000000001,-81.51566509822342
-0.7367,-81.64298911521126
-0.7376999999999999,-81.72787179320316
-0.7387,-82.10984384416672
-0.7396999999999999,-82.56255146012353
-0.7407,-83.10014175407225
-0.7416999999999999,-83.56699648302772
-0.7427,-84.18946945496833
-0.7436999999999999,-84.47241171494134
-0.7447,-84.27435213296022
-0.7456999999999999,-85.17976736487385
-0.7467,-85.37782694685497
-0.7476999999999999,-85.74565188481988
-0.7487,-86.05688837079018
-0.7496999999999999,-86.77839113372136
-0.7507,-87.62721791364037
-0.7516999999999999,-88.24969088558099
-0.7527,-89.22584168248785
-0.7536999999999999,-89.86246176742712
-0.7547,-90.41419917437449
-0.7556999999999999,-90.18784536639609
-0.7567,-90.48493473936773
-0.7576999999999999,-91.14984905030431
-0.7587,-91.27717306729218
-0.7596999999999999,-91.47523264927328
-0.7607,-92.19673541220443
-0.7616999999999999,-92.40894210718419
-0.7627,-92.70603148015586
-0.7636999999999999,-93.48412269508162
-0.7647,-93.54071114707622
-0.7656999999999999,-93.83780052004788
-0.7667,-93.46997558208298
-0.7676999999999999,-93.45582846908432
-0.7687,-94.24806679700876
-0.7696999999999999,-94.79980420395611
-0.7707,-95.54960119288457
-0.7716999999999999,-96.07304437383463
-0.7727,-96.61063466778336
-0.7736999999999999,-97.71410948167808
-0.7747,-98.01119885464975
-0.7757,-98.16681709763489
-0.7767000000000001,-98.25169977562679
-0.7777,-99.00149676455526
-0.7787000000000001,-99.04393810355123
-0.7797,-99.34102747652288
-0.7807000000000001,-99.83617643147564
-0.7817,-100.31717827342976
-0.7827000000000001,-100.60012053340276
-0.7837,-101.5338299913137
-0.7847000000000001,-102.39680388423135
-0.7857,-103.33051334214227
-0.7867000000000001,-102.87780572618546
-0.7857,-101.83091936428535
-0.7847000000000001,-101.51968287831504
-0.7837,-102.12800873725699
-0.7827000000000001,-101.05282814935958
-0.7817,-101.15185794035013
-0.7807000000000001,-100.68500321139466
-0.7797,-99.822029318477
-0.7787000000000001,-99.52493994550532
-0.7777,-98.76099584357821
-0.7767000000000001,-98.20925843663085
-0.7757,-97.75655082067404
-0.7747,-98.364876679616
-0.7736999999999999,-98.08193441964299
-0.7727,-97.55849123869294
-0.7716999999999999,-96.92187115375367
-0.7707,-96.2852510688144
-0.7696999999999999,-95.67692520987244
-0.7687,-97.40287299570777
-0.7676999999999999,-96.87942981475771
-0.7667,-96.22866261681979
-0.7656999999999999,-95.64863098387512
-0.7647,-94.13488989301955
-0.7636999999999999,-93.61144671206948
-0.7627,-93.46997558208298
-0.7616999999999999,-92.83335549714371
-0.7607,-92.9748266271302
-0.7596999999999999,-92.14014696020983
-0.7587,-91.24887884129487
-0.7576999999999999,-91.63085089225844
-0.7567,-90.45664051337044
-0.7556999999999999,-89.83416754142982
-0.7547,-89.12681189149731
-0.7536999999999999,-87.81113038262282
-0.7527,-87.42915833165927
-0.7516999999999999,-87.0471862806957
-0.7507,-86.7076555687281
-0.7496999999999999,-86.5661844387416
-0.7487,-86.75009690772404
-0.7476999999999999,-85.56173941583742
-0.7467,-84.5148530539373
-0.7456999999999999,-83.8216445170034
-0.7447,-83.42552535304122
-0.7436999999999999,-82.746463929106
-0.7427,-82.50596300812894
-0.7416999999999999,-82.03910827917348
-0.7407,-81.16198727325715
-0.7396999999999999,-81.30345840324367
-0.7387,-80.96392769127604
-0.7376999999999999,-79.84630576438266
-0.7367,-79.11065588845284
-0.7357000000000001,-78.31841756052843
-0.7347,-78.14865220454463
-0.7337000000000001,-77.52617923260401
-0.7327,-77.42714944161345
-0.7317000000000001,-76.64905822668769
-0.7307,-76.15390927173492
-0.7297000000000001,-75.91340835075786
-0.7287,-75.30508249181591
-0.7277000000000001,-75.09287579683615
-0.7267,-74.24404901691713
-0.7257000000000001,-74.28649035591307
-0.7247,-73.15472131602105
-0.7237000000000001,-72.8576319430494
-0.7227,-72.92836750804264
-0.7217000000000001,-73.16886842901971
-0.7207,-72.13612918011822
-0.7197000000000001,-71.7117157901587
-0.7187,-71.11753704421541
-0.7177000000000001,-71.30144951319785
-0.7167,-70.59409386326533
-0.7157000000000001,-70.26871026429637
-0.7147,-69.43403059737601
-0.7137000000000001,-68.64179226945159
-0.7127,-68.25982021848802
-0.7117000000000001,-67.52417034255821
-0.7107,-67.08560983960004
-0.7097000000000001,-66.68949067563783
-0.7087,-65.86895812171612
-0.7077000000000001,-65.9255465737107
-0.7067,-66.02457636470128
-0.7057000000000001,-65.8123696697215
-0.7047,-65.105014019789
-0.7037000000000001,-64.31277569186457
-0.7027,-63.874215188906405
-0.7017000000000001,-63.52053736394014
-0.7007,-63.39321334695229
-0.6997000000000001,-63.280036442963095
-0.6987,-62.81318171400764
-0.6977000000000001,-62.28973853305756
-0.6967,-61.63897133511965
-0.6957000000000001,-60.57793786022087
-0.6947,-60.054494679270796
-0.6937000000000001,-60.62037919921682
-0.6927,-60.889174346191176
-0.6917000000000001,-61.04479258917633
-0.6907,-60.832585894196576
-0.6897000000000001,-59.36128614233694
-0.6887,-58.66807760540307
-0.6877000000000001,-57.8333979384827
-0.6867,-57.43727877452049
-0.6857000000000001,-57.182630740544774
-0.6847,-57.19677785354343
-0.6837000000000001,-56.64504044659606
-0.6827,-55.76791944067975
-0.6817000000000001,-54.989828225753975
-0.6807,-54.70688596578097
-0.6797000000000001,-54.86250420876612
-0.6787,-54.76347441777557
-0.6777000000000001,-54.16929567183226
-0.6767,-53.7307351688741
-0.6757000000000001,-53.419498682903786
-0.6747,-53.39120445690648
-0.6737000000000001,-52.995085292944275
-0.6727,-52.49993633799151
-0.6717000000000001,-51.948198931044146
-0.6707,-51.566226880080585
-0.6697000000000001,-51.38231441109813
-0.6687,-50.92960679514132
-0.6677000000000001,-50.42031072718991
-0.6667,-50.038338676226346
-0.6657000000000001,-50.1373684672169
-0.6647,-50.70325298716291
-0.6637000000000001,-49.9110146592385
-0.6627,-49.52904260827494
-0.6617000000000001,-49.16121767031002
-0.6607,-48.65192160235861
-0.6597000000000001,-47.972860178423396
-0.6587,-48.029448630417996
-0.6577000000000001,-47.633329466455784
-0.6567,-47.32209298048547
-0.6557000000000001,-46.86938536452866
-0.6547,-46.45911908756781
-0.6537000000000001,-45.92152879361909
-0.6527,-45.79420477663124
-0.6517000000000001,-45.482968290660935
-0.6507,-45.25661448268253
-0.6497,-44.563405945748656
-0.6486999999999999,-44.266316572776994
-0.6477,-43.84190318281749
-0.6466999999999999,-43.544813809845834
-0.6457,-43.19113598487957
-0.6446999999999999,-42.72428125592411
-0.6437,-42.37060343095784
-0.6426999999999999,-42.3281620919619
-0.6417,-42.115955396982145
-0.6406999999999999,-41.53592376403748
-0.6397,-40.94174501809416
-0.6386999999999999,-40.43244895014274
-0.6377,-40.34756627215084
-0.6366999999999999,-40.05047689917919
-0.6357,-39.80997597820213
-0.6346999999999999,-39.45629815323587
-0.6337,-39.173355893262865
-0.6326999999999999,-39.046031876275016
-0.6317,-39.046031876275016
-0.6306999999999999,-38.6216184863155
-0.6297,-38.154763757360044
-0.6286999999999999,-37.78693881939513
-0.6277,-37.36252542943562
-0.6266999999999999,-37.249348525446415
-0.6257,-37.41911388143023
-0.6246999999999999,-37.164465847454515
-0.6237,-36.796640909489604
-0.6226999999999999,-36.584434214509855
-0.6217,-36.329786180534136
-0.6206999999999999,-35.693166095594876
-0.6197,-35.14142868864751
-0.6186999999999999,-34.67457395969205
-0.6177,-34.51895571670689
-0.6166999999999999,-34.15113077874198
-0.6157,-33.825747179773025
-0.6146999999999999,-33.52865780680137
-0.6137,-33.245715546828364
-0.6126999999999999,-32.90618483486075
-0.6117,-32.5525070098945
-0.6107000000000001,-32.31200608891744
-0.6097,-31.915886924955227
-0.6087000000000001,-31.802710020966025
-0.6077,-31.590503325986273
-0.6067000000000001,-31.505620647994366
-0.6057,-31.038765919038905
-0.6047000000000001,-30.7558236590659
-0.6037,-30.402145834099635
-0.6027000000000001,-30.246527591114486
-0.6017,-30.11920357412663
-0.6007000000000001,-29.850408427152274
-0.5997,-29.73723152316307
-0.5987000000000001,-29.581613280177915
-0.5977,-29.242082568210304
-0.5967000000000001,-28.8459634042481
-0.5957,-28.350814449295335
-0.5947000000000001,-28.13860775431558
-0.5937,-27.898106833338524
-0.5927000000000001,-27.671753025360115
-0.5917,-27.34636942639116
-0.5907000000000001,-27.049280053419505
-0.5897,-26.95025026242895
-0.5887000000000001,-26.61071955046134
-0.5877,-26.18630616050183
-0.5867000000000001,-25.974099465522073
-0.5857,-25.81848122253692
-0.5847000000000001,-25.620421640555815
-0.5837,-25.46480339757066
-0.5827000000000001,-25.323332267584156
-0.5817,-25.012095781613848
-0.5807000000000001,-24.729153521640843
-0.5797,-24.417917035670534
-0.5787000000000001,-24.17741611469348
-0.5777,-23.993503645711023
-0.5767000000000001,-23.781296950731264
-0.5757,-23.47006046476096
-0.5747000000000001,-23.371030673770406
-0.5737,-23.13052975279335
-0.5727000000000001,-22.974911509808198
-0.5717,-22.819293266823045
-0.5707000000000001,-22.607086571843286
-0.5697,-22.253408746877028
-0.5687000000000001,-21.95631937390537
-0.5677,-21.744112678925614
-0.5667000000000001,-21.489464644949905
-0.5657,-21.2348166109742
-0.5647000000000001,-21.036757028993097
-0.5637,-20.810403221014692
-0.5627000000000001,-20.640637865030882
-0.5617,-20.47087250904708
-0.5607000000000001,-20.244518701068674
-0.5597,-20.03231200608892
-0.5587000000000001,-19.834252424107817
-0.5577,-19.565457277133458
-0.5567000000000001,-19.466427486142905
-0.5557,-19.2683679041618
-0.5547000000000001,-18.999572757187444
-0.5537,-18.80151317520634
-0.5527000000000001,-18.589306480226583
-0.5517,-18.334658446250877
-0.5507000000000001,-18.164893090267068
-0.5497,-17.896097943292716
-0.5487000000000001,-17.627302796318357
-0.5477,-17.499978779330505
-0.5467000000000001,-17.4433903273359
-0.5457,-17.301919197349395
-0.5447000000000001,-17.301919197349395
-0.5437,-17.174595180361546
-0.5427000000000001,-16.919947146385837
-0.5417,-16.580416434418233
-0.5407000000000001,-16.354062626439823
-0.5397,-16.24088572245062
-0.5387000000000001,-16.141855931460068
-0.5377,-15.957943462477614
-0.5367000000000001,-15.802325219492458
-0.5357,-15.632559863508657
-0.5347000000000001,-15.406206055530248
-0.5337,-15.179852247551842
-0.5327000000000001,-15.05252823056399
-0.5317,-14.896909987578834
-0.5307000000000001,-14.741291744593681
-0.5297,-14.57152638860988
-0.5287000000000001,-14.373466806628771
-0.5277,-14.161260111649016
-0.5267000000000001,-13.905197366373446
-0.5257,-13.742505566888967
-0.5247,-13.572740210905161
-0.5236999999999999,-13.398730721021762
-0.5227,-13.250186034535934
-0.5216999999999999,-13.1058854819497
-0.5207,-13.00544097965928
-0.5196999999999999,-12.859725715773182
-0.5187,-12.764940058682226
-0.5176999999999999,-12.610736526996936
-0.5167,-12.465021263110838
-0.5156999999999999,-12.295255907127034
-0.5147,-12.126905262443096
-0.5136999999999999,-12.061828542649302
-0.5127,-11.901966165764554
-0.5116999999999999,-11.75766561317832
-0.5107,-11.650147554388578
-0.5096999999999999,-11.518579403501128
-0.5087,-11.324763955419618
-0.5076999999999999,-11.180463402833384
-0.5067,-10.98523324345201
-0.5056999999999999,-10.805564908369151
-0.5047,-10.66550848968251
-0.5036999999999999,-10.529696204895469
-0.5027,-10.441984104303836
-0.5016999999999999,-10.333051334214227
-0.5007,-10.22694798672435
-0.4996999999999999,-10.102453392336226
-0.49870000000000003,-9.962396973649588
-0.4976999999999999,-9.835072956661735
-0.49670000000000003,-9.703504805774287
-0.4956999999999999,-9.588913190485219
-0.49470000000000003,-9.429050813600469
-0.4936999999999999,-9.313044487011537
-0.4927,-9.174402779624762
-0.4916999999999999,-9.04424934003718
-0.4907,-8.916925323049327
-0.4896999999999999,-8.803748419060124
-0.4887,-8.686327381171324
-0.4876999999999999,-8.587297590180773
-0.4867,-8.433094058495483
-0.48570000000000013,-8.328405422305472
-0.4847,-8.178446024519777
-0.48370000000000013,-8.082245656128954
-0.4827,-7.970483463439617
-0.48170000000000013,-7.88701549674758
-0.4807,-7.771009170158646
-0.4797000000000001,-7.652173420969983
-0.4787,-7.523434692682265
-0.4777000000000001,-7.407428366093333
-0.4767,-7.291422039504399
-0.4757000000000001,-7.19663638241344
-0.4747,-7.101850725322484
-0.4737000000000001,-7.022626892530043
-0.4727,-6.913694122440434
-0.4717000000000001,-6.814664331449882
-0.4707,-6.7410993438569
-0.4697000000000001,-6.661875511064458
-0.4687,-6.568504565273366
-0.4677000000000001,-6.438351125685783
-0.4667,-6.320930087796984
-0.4657000000000001,-6.220485585506567
-0.4647,-6.120041083216149
-0.4637000000000001,-6.180873669110345
-0.4627,-6.155408865712774
-0.4617000000000001,-6.057793786022088
-0.4607,-5.968666974130589
-0.4597000000000001,-5.861148915340847
-0.4587,-5.756460279150835
-0.4577000000000001,-5.654601065560552
-0.4567,-5.564059542369189
-0.4557000000000001,-5.479176864377286
-0.4547,-5.384391207286329
-0.4537000000000001,-5.299508529294427
-0.4527,-5.23301709820077
-0.4517000000000001,-5.148134420208869
-0.4507,-5.057592897017507
-0.4497000000000001,-4.961392528626684
-0.4487,-4.873680428035052
-0.4477000000000001,-4.802944863041799
-0.4467,-4.726550452849088
-0.4457000000000001,-4.658644310455566
-0.4447,-4.569517498564068
-0.4437000000000001,-4.490293665771627
-0.4427,-4.398337431280399
-0.4417000000000001,-4.3332607114866075
-0.4407,-4.265354569093086
-0.4397000000000001,-4.20735140579862
-0.4387,-4.138030552105232
-0.4377000000000001,-4.074368543611305
-0.4367,-3.999388844718459
-0.4357000000000001,-3.9300679910250715
-0.4347,-3.8720648277306053
-0.4337000000000001,-3.8069881079368133
-0.4327,-3.7419113881430217
-0.4317000000000001,-3.6853229361484203
-0.43069999999999997,-3.6174167937548987
-0.4297000000000001,-3.552340073961107
-0.42869999999999997,-3.4830192202677206
-0.4277000000000001,-3.430674902172714
-0.42669999999999997,-3.3670128936787878
-0.4257000000000001,-3.323156843382971
-0.42469999999999997,-3.2552507009894494
-0.4237000000000001,-3.195832826395118
-0.42269999999999996,-3.1449032195999767
-0.4217000000000001,-3.0911441902051053
-0.42069999999999996,-3.034555738210504
-0.4197000000000001,-2.9822114201154974
-0.41869999999999996,-2.932696524620221
-0.41770000000000007,-2.8831816291249446
-0.41669999999999996,-2.8294225997300737
-0.41570000000000007,-2.7813224155346625
-0.41469999999999996,-2.7318075200393857
-0.41370000000000007,-2.6808779132442444
-0.41269999999999996,-2.631363017748968
-0.41170000000000007,-2.576189277054232
-0.41069999999999995,-2.543650917157336
-0.40970000000000006,-2.4927213103621946
-0.40869999999999995,-2.4488652600663787
-0.40770000000000006,-2.4035944984706976
-0.40669999999999995,-2.362567870774611
-0.40570000000000006,-2.3172971091789303
-0.40469999999999995,-2.2677822136836534
-0.40370000000000006,-2.228170297287433
-0.40269999999999995,-2.1857289582914814
-0.40170000000000006,-2.1447023305953956
-0.40069999999999995,-2.1065051254990395
-0.39970000000000006,-2.0697226317025486
-0.39869999999999994,-2.0286960040064623
-0.39770000000000005,-1.9904987989101068
-0.39669999999999994,-1.9537163051136157
-0.39570000000000005,-1.9183485226169896
-0.39469999999999994,-1.8815660288204987
-0.39370000000000005,-1.8461982463238729
-0.39269999999999994,-1.8094157525273817
-0.39170000000000005,-1.772633258730891
-0.39069999999999994,-1.7415096101338603
-0.38970000000000005,-1.7103859615368293
-0.38869999999999993,-1.6750181790402037
-0.38770000000000004,-1.643894530443173
-0.38669999999999993,-1.612770881846142
-0.38570000000000004,-1.584476655848841
-0.38469999999999993,-1.5590118524512704
-0.38370000000000004,-1.5208146473549145
-0.38269999999999993,-1.4939351326574788
-0.38170000000000004,-1.4642261953603128
-0.3806999999999999,-1.4359319693630124
-0.37970000000000004,-1.4067889165857925
-0.3786999999999999,-1.3800508730183432
-0.37770000000000004,-1.3533128294508943
-0.3766999999999999,-1.3231794787637687
-0.37570000000000003,-1.2979976176261712
-0.3746999999999999,-1.272108400838641
-0.37370000000000003,-1.2477753664809623
-0.3726999999999999,-1.2254229279430946
-0.37170000000000003,-1.199392240025578
-0.3706999999999999,-1.1750592056678995
-0.36970000000000003,-1.1508676424402073
-0.3686999999999999,-1.1269590214724883
-0.3677,-1.103333342764742
-0.3666999999999999,-1.0852250381264696
-0.3657,-1.0604675903788316
-0.3646999999999999,-1.038115151840964
-0.3637,-1.0146309442632042
-0.3626999999999999,-0.9952493994550534
-0.3617,-0.9753019701269563
-0.36070000000000013,-0.9546471851489268
-0.3597,-0.9335679867809377
-0.35870000000000013,-0.9137620285828272
-0.3577,-0.8962196084645007
-0.35670000000000013,-0.8761307080064172
-0.3557,-0.8577394611081718
-0.3547000000000001,-0.8390652719499533
-0.3537,-0.8261913991211816
-0.3527000000000001,-0.806385440923071
-0.3517,-0.7887015496747579
-0.3507000000000001,-0.7725738408562965
-0.3497,-0.756163189777862
-0.3487000000000001,-0.7376304717496301
-0.3477,-0.7223515897110878
-0.3467000000000001,-0.7097606591422889
-0.3457,-0.6957550172736251
-0.3447000000000001,-0.6793443661951906
-0.3437,-0.6634995996367021
-0.3427000000000001,-0.6476548330782137
-0.3417,-0.6361956715493069
-0.3407000000000001,-0.620492376120805
-0.3397,-0.6073355610320602
-0.3387000000000001,-0.5955934572431805
-0.3377,-0.5821536998944625
-0.3367000000000001,-0.5698457115856368
-0.3357,-0.5573962521468245
-0.3347000000000001,-0.553859473897162
-0.3337,-0.5317899776192673
-0.3327000000000001,-0.519906402700401
-0.3317,-0.5084472411714941
-0.3307000000000001,-0.49727102190256034
-0.3297,-0.4893486386233161
-0.3287000000000001,-0.47633329466455787
-0.3277,-0.46544001765559706
-0.3267000000000001,-0.4544052695166497
-0.3257,-0.443794934767662
-0.3247000000000001,-0.4338919556686068
-0.3237,-0.4242719188295245
-0.3227000000000001,-0.41380305521052324
-0.3217,-0.40404154724145447
-0.3207000000000001,-0.3944215104023722
-0.3197,-0.38565030034320896
-0.3187000000000001,-0.37687909028404576
-0.3177,-0.36839082248485555
-0.3167000000000001,-0.3594781412957058
-0.3157,-0.35042398897656957
-0.3147000000000001,-0.3416527789174064
-0.3137,-0.3344377512880947
-0.3127000000000001,-0.32552507009894494
-0.3117,-0.3181685713396467
-0.3107000000000001,-0.3108120725803486
-0.3097,-0.30303116043109085
-0.3087000000000001,-0.2958161328017792
-0.3077,-0.2883181629124945
-0.3067000000000001,-0.2812446064131693
-0.30569999999999997,-0.27459546330380363
-0.3047000000000001,-0.26681455115454594
-0.30369999999999997,-0.2607312925651262
-0.3027000000000001,-0.2547895051056931
-0.30169999999999997,-0.2485647753862869
-0.3007000000000001,-0.2429059301868268
-0.29969999999999997,-0.2354079602975421
-0.2987000000000001,-0.22918323057813594
-0.29769999999999996,-0.22479762554855431
-0.2967000000000001,-0.21800701130920216
-0.29569999999999996,-0.21277257949970152
-0.2947000000000001,-0.20697226317025488
-0.29369999999999996,-0.20173783136075424
-0.29270000000000007,-0.1965033995512536
-0.29169999999999996,-0.19056161209182043
-0.29070000000000007,-0.1861760070622388
-0.28969999999999996,-0.1808001041227517
-0.28870000000000007,-0.17599008570321056
-0.28769999999999996,-0.17174595180361546
-0.28670000000000007,-0.16637004886412832
-0.28569999999999995,-0.1618429727045602
-0.28470000000000006,-0.1574573676749786
-0.28369999999999995,-0.15335470490536995
-0.28270000000000006,-0.14882762874580185
-0.28169999999999995,-0.14529085049613927
-0.28070000000000006,-0.1407213329975752
-0.27969999999999995,-0.13717040763491395
-0.27870000000000006,-0.13301115641331077
-0.27769999999999995,-0.1287245811747197
-0.27670000000000006,-0.12525853849005034
-0.27569999999999995,-0.12095781613846063
-0.27470000000000006,-0.11777471571376431
-0.27369999999999994,-0.1138418183001395
-0.27270000000000005,-0.11029089293747825
-0.27169999999999994,-0.10675411468781566
-0.27070000000000005,-0.10351442581112473
-0.26969999999999994,-0.10026058982143515
-0.26870000000000005,-0.09743116722170508
-0.26769999999999994,-0.09348412269508162
-0.26670000000000005,-0.09047078762636909
-0.26569999999999994,-0.08725939297567546
-0.26470000000000005,-0.08406214543798048
-0.26369999999999993,-0.08154395932422072
-0.26270000000000004,-0.07868624249849335
-0.26169999999999993,-0.0750787286838375
-0.26070000000000004,-0.07299910307303589
-0.25969999999999993,-0.07063653520226129
-0.25870000000000004,-0.06739684632557033
-0.25769999999999993,-0.06476548330782138
-0.25670000000000004,-0.06197850204708726
-0.2556999999999999,-0.06008278890526811
-0.25470000000000004,-0.057380690322525886
-0.2536999999999999,-0.05438150236681201
-0.25270000000000004,-0.05203308160903605
-0.2516999999999999,-0.05191990470504685
-0.25070000000000003,-0.04770406503144904
-0.24969999999999992,-0.045256614482682526
-0.24870000000000003,-0.04300722351589712
-0.24769999999999992,-0.04113980460007527
-0.24670000000000003,-0.038692354051308754
-0.24569999999999992,-0.03727764275144372
-0.24470000000000003,-0.03467457395969205
-0.24369999999999992,-0.032255417636922835
-0.24270000000000003,-0.030458734286094236
-0.24169999999999991,-0.028563021144275093
-0.24070000000000003,-0.026440954194477534
-0.2396999999999999,-0.025167714024599004
-0.23870000000000002,-0.022918323057813595
-0.2376999999999999,-0.020937727238002544
-0.23670000000000002,-0.019169338113171244
-0.23570000000000013,-0.017754626813306213
-0.23470000000000002,-0.017047271163373692
-0.23370000000000013,-0.014684703292599082
-0.23270000000000002,-0.012712595740587218
-0.23170000000000013,-0.011092751302241754
-0.23070000000000002,-0.0099213703459535
-0.22970000000000013,-0.008189763714918696
-0.22870000000000001,-0.006585481100871746
-0.22770000000000012,-0.005063251742216966
-0.2267,-0.003794255706238028
-0.22570000000000012,-0.0025238449589592257
-0.2247,-0.0006253023945403462
-0.22370000000000012,-2.512527268560305e-05
-0.2227,0.0015377911829532948
-0.22170000000000012,0.003157635621298762
-0.2207,0.00420452198319889
-0.21970000000000012,0.0058229517102444915
-0.2187,0.006479377753381868
-0.21770000000000012,0.007707347161664719
-0.2167,0.009703504805774286
-0.2157000000000001,0.011029089293747827
-0.2147,0.011504432290502478
-0.2137000000000001,0.013415707256620142
-0.2127,0.013862756027377495
-0.2117000000000001,0.015377911829532949
-0.2107,0.01583061944548976
-0.2097000000000001,0.017188742293360197
-0.2087,0.01849027668923603
-0.2077000000000001,0.019126896774175294
-0.2067,0.02038598983105518
-0.2057000000000001,0.02150361175794856
-0.2047,0.022225114520879725
-0.2037000000000001,0.023300295108777156
-0.2027,0.024460358374666487
-0.2017000000000001,0.025309185154585506
-0.2007,0.026016540804518026
-0.1997000000000001,0.027148309844410055
-0.1987,0.02764345879936281
-0.1977000000000001,0.028775227839254847
-0.19669999999999999,0.02972308441016442
-0.1957000000000001,0.030713382320069947
-0.19469999999999998,0.03127926684001596
-0.1937000000000001,0.03198662248994848
-0.19269999999999998,0.03311839152984051
-0.1917000000000001,0.033457922241808116
-0.1907000000000001,0.03487263354167316
-0.1897000000000002,0.036103432372555734
-0.1887000000000001,0.03590537279057463
-0.1877000000000002,0.036839082248485554
-0.1867000000000001,0.037956704175378934
-0.1857000000000002,0.0385650300343209
-0.1847000000000001,0.039682651961214274
-0.1837000000000002,0.039725093300210235
-0.18270000000000008,0.040729538323114406
-0.1817000000000002,0.04171983623301993
-0.18070000000000008,0.042214985187972696
-0.1797000000000002,0.04287989949890925
-0.17870000000000008,0.043290165775870124
-0.1777000000000002,0.04423802234677969
-0.17670000000000008,0.045044407787702766
-0.1757000000000002,0.045256614482682526
-0.17470000000000008,0.046147882601597495
-0.1737000000000002,0.04677035557353812
-0.17270000000000008,0.04742112277147603
-0.17170000000000019,0.04859533315036401
-0.17070000000000007,0.04879339273234512
-0.16970000000000018,0.04955733683427224
-0.16870000000000007,0.0499958973372304
-0.16770000000000018,0.050590076083173716
-0.16670000000000007,0.05115596060311973
-0.16570000000000018,0.05218869985202121
-0.16470000000000007,0.05302337951894157
-0.16370000000000018,0.05356096981289029
-0.16270000000000007,0.053886353411859246
-0.16170000000000018,0.05472103307877962
-0.16070000000000007,0.055343506050720234
-0.15970000000000018,0.05555571274569999
-0.15870000000000006,0.05630550973462846
-0.15770000000000017,0.05733824898352994
-0.15670000000000006,0.05757874990450699
-0.15570000000000017,0.058569047814412516
-0.15470000000000006,0.05895101986537608
-0.15370000000000017,0.059233962125349086
-0.15270000000000006,0.060337436939243816
-0.15170000000000017,0.060775997442201975
-0.15070000000000006,0.06104479258917633
-0.14970000000000017,0.06214826740307107
-0.14870000000000005,0.06221900296806432
-0.14770000000000016,0.0633083306689604
-0.14670000000000005,0.063647861380928
-0.14570000000000016,0.06438351125685782
-0.14470000000000005,0.0652181909237782
-0.14370000000000016,0.06712805117859601
-0.14270000000000005,0.06714219829159464
-0.14170000000000016,0.06692999159661489
-0.14070000000000005,0.06732611076057708
-0.13970000000000016,0.06814664331449882
-0.13870000000000005,0.06889644030342729
-0.13770000000000016,0.0696886786313517
-0.13670000000000004,0.07012723913430988
-0.13570000000000015,0.07028285737729502
-0.13470000000000004,0.07104680147922215
-0.13370000000000015,0.0716551273381641
-0.13270000000000004,0.07239077721409394
-0.13170000000000015,0.07295666173403995
-0.13070000000000004,0.07355084047998325
-0.12970000000000015,0.07394695964394547
-0.12870000000000004,0.07530508249181589
-0.12770000000000015,0.07509287579683614
-0.12670000000000003,0.07615390927173492
-0.12570000000000014,0.0767622351306769
-0.12470000000000003,0.0770734716166472
-0.12370000000000014,0.07776668015358107
-0.12270000000000003,0.07837500601252304
-0.12170000000000014,0.07925212701843935
-0.12070000000000003,0.08003021823336513
-0.11970000000000014,0.08035560183233408
-0.11870000000000003,0.08093563346527875
-0.11770000000000014,0.08194007848818292
-0.11670000000000003,0.08261913991211814
-0.11570000000000014,0.08311428886707091
-0.11470000000000002,0.08363773204802097
-0.11370000000000013,0.08440167614994809
-0.11270000000000002,0.08543441539884956
-0.11170000000000013,0.08571735765882257
-0.11070000000000024,0.0867642440207227
-0.10970000000000013,0.08758477657464442
-0.10870000000000024,0.08792430728661203
-0.10770000000000013,0.0890985176655
-0.10670000000000024,0.08935316569947571
-0.10570000000000013,0.09020199247939473
-0.10470000000000024,0.09103667214631511
-0.10370000000000013,0.09157426244026382
-0.10270000000000024,0.09230991231619365
-0.10170000000000012,0.09330021022609918
-0.10070000000000023,0.0940641543280263
-0.09970000000000012,0.0948280984299534
-0.09870000000000023,0.09550715985388863
-0.09770000000000012,0.09607304437383464
-0.09670000000000023,0.09744531433470371
-0.09570000000000012,0.09764337391668483
-0.09470000000000023,0.09861952471359171
-0.09370000000000012,0.09951079283250668
-0.09270000000000023,0.10023229559543784
-0.09170000000000011,0.10095379835836901
-0.09070000000000022,0.10163285978230424
-0.08970000000000011,0.10276462882219627
-0.08870000000000022,0.10365589694111124
-0.08770000000000011,0.1042076343480586
-0.08670000000000022,0.10536769761394793
-0.08570000000000011,0.10648531954084133
-0.08470000000000022,0.10699461560879273
-0.08370000000000011,0.1080556490836915
-0.08270000000000022,0.10898935854160242
-0.0817000000000001,0.10971086130453359
-0.08070000000000022,0.1109558072484148
-0.0797000000000001,0.1117904869153352
-0.07870000000000021,0.11224319453129203
-0.0777000000000001,0.11401158365612331
-0.07670000000000021,0.11450673261107608
-0.0757000000000001,0.11602047370193166
-0.07470000000000021,0.11658635822187767
-0.0737000000000001,0.11759080324478184
-0.07270000000000021,0.12070316810448493
-0.0717000000000001,0.12064657965249034
-0.07070000000000021,0.12126905262443094
-0.0697000000000001,0.12259888124630408
-0.0687000000000002,0.12293841195827168
-0.0677000000000001,0.12463606551810973
-0.0667000000000002,0.12517365581205844
-0.06570000000000009,0.1264186017559397
-0.0647000000000002,0.12764940058682225
-0.06370000000000009,0.131907681599416
-0.0627000000000002,0.13138423841846594
-0.06170000000000009,0.13170962201743494
-0.0607000000000002,0.13220477097238767
-0.059700000000000086,0.1336760707242473
-0.058700000000000196,0.13438342637417983
-0.057700000000000085,0.13760896813787213
-0.056700000000000195,0.13753823257287887
-0.05570000000000008,0.13824558822281138
-0.05470000000000019,0.13975932931366697
-0.05370000000000008,0.14107501082254145
-0.05270000000000019,0.1421784856364362
-0.05170000000000008,0.14401761032626076
-0.05070000000000019,0.14458349484620675
-0.04970000000000008,0.1465640906660178
-0.04870000000000019,0.14727144631595032
-0.047700000000000076,0.14840321535584233
-0.046700000000000186,0.1502423400456669
-0.045700000000000074,0.15151558021554543
-0.044700000000000184,0.15293029151541046
-0.04370000000000007,0.1540620605553025
-0.04270000000000018,0.15547677185516753
-0.04170000000000007,0.15646706976507307
-0.04070000000000018,0.1585891367148706
-0.03970000000000007,0.15929649236480314
-0.03870000000000018,0.16099414592464115
-0.03770000000000007,0.1624088572245062
-0.03670000000000018,0.16382356852437122
-0.035700000000000065,0.1655212220842093
-0.034700000000000175,0.16707740451406086
-0.03370000000000006,0.16820917355395287
-0.03270000000000017,0.17018976937376393
-0.03170000000000006,0.17118006728366944
-0.03070000000000017,0.173019191973494
-0.02970000000000006,0.17471684553333205
-0.02870000000000017,0.17599008570321056
-0.027700000000000058,0.17754626813306212
-0.026700000000000168,0.17910245056291366
-0.025700000000000056,0.1805171618627787
-0.024700000000000166,0.18263922881257624
-0.023700000000000054,0.18377099785246825
-0.022700000000000164,0.1860345359322523
-0.021700000000000053,0.18730777610213087
-0.020700000000000163,0.18886395853198237
-0.01970000000000005,0.19098602548177993
-0.01870000000000016,0.1922592656516585
-0.01770000000000005,0.19395691921149652
-0.01670000000000016,0.19622045729128057
-0.015700000000000047,0.1974936974611591
-0.014700000000000157,0.19933282215098366
-0.013700000000000045,0.2011719468408082
-0.012700000000000156,0.20315254266061927
-0.011700000000000044,0.20499166735044383
-0.010700000000000154,0.2066893209102819
-0.009700000000000042,0.20838697447011992
-0.008700000000000152,0.21008462802995795
-0.00770000000000004,0.2119237527197825
-0.00670000000000015,0.21376287740960703
-0.005700000000000038,0.2160264154893911
-0.0047000000000001485,0.21772406904922914
-0.0037000000000000366,0.2195631937390537
-0.0027000000000001467,0.22126084729889173
-0.0017000000000000348,0.22309997198871628
-0.000700000000000145,0.22522203893851384
0.00029999999999996696,0.22691969249835187
0.0012999999999998568,0.22861734605818995
0.0022999999999999687,0.23144676865792
0.0032999999999998586,0.23300295108777153
0.0042999999999999705,0.23512501803756908
0.00529999999999986,0.2365397293374341
0.006299999999999972,0.2385203251572452
0.007299999999999862,0.24064239210704275
0.008299999999999974,0.24276445905684027
0.009299999999999864,0.24474505487665132
0.010299999999999976,0.24700859295643537
0.011299999999999866,0.2485647753862869
0.012299999999999978,0.2518186113759765
0.013299999999999867,0.18362952672248176
0.012299999999999978,0.15575971411514053
0.011299999999999866,0.14113159927453606
0.010299999999999976,0.1299978213445982
0.009299999999999864,0.11993922400255783
0.008299999999999974,0.11030504005047691
0.007299999999999862,0.1022411856412462
0.006299999999999972,0.09382365340704923
0.00529999999999986,0.08717451029768356
0.0042999999999999705,0.08059610275331114
0.0032999999999998586,0.07389037119195085
0.0022999999999999687,0.06842958557447182
0.0012999999999998568,0.06243120966304407
0.00029999999999996696,0.05763533835650159
-0.000700000000000145,0.05279702571096317
-0.0017000000000000348,0.04794456595242609
-0.0027000000000001467,0.04406825699079589
-0.0037000000000000366,0.03992315288219133
-0.0047000000000001485,0.03535363538362727
-0.005700000000000038,0.03267983102688235
-0.00670000000000015,0.028761080726256192
-0.00770000000000004,0.025040390007611147
-0.008700000000000152,0.022253408746877028
-0.009700000000000042,0.018957131418191494
-0.010700000000000154,0.01614185593146007
-0.011700000000000044,0.013178035758242817
-0.012700000000000156,0.010624481861986425
-0.013700000000000045,0.008404799832498182
-0.014700000000000157,0.005487665132176478
-0.015700000000000047,0.0031845151359961976
-0.01670000000000016,0.0013845779491779115
-0.01770000000000005,-0.001309173836895105
-0.01870000000000016,-0.0028449844240285888
-0.01970000000000005,-0.0024531093939659738
-0.020700000000000163,-0.004896315808832892
-0.021700000000000053,-0.00814873708722261
-0.022700000000000164,-0.01045188708340289
-0.023700000000000054,-0.012098611036445793
-0.024700000000000166,-0.013702893650492745
-0.025700000000000056,-0.015590118524512706
-0.026700000000000168,-0.016679446225408782
-0.027700000000000058,-0.01853271802823198
-0.02870000000000017,-0.02008890045808352
-0.02970000000000006,-0.021022609915994445
-0.03070000000000017,-0.022989058622806844
-0.03170000000000006,-0.02395106230671507
-0.03270000000000017,-0.024884771764625994
-0.03370000000000006,-0.02661071955046134
-0.034700000000000175,-0.027374663652388463
-0.035700000000000065,-0.02888840474324405
-0.03670000000000018,-0.03033141026910639
-0.03770000000000007,-0.03079826499806185
-0.03870000000000018,-0.03219882918492823
-0.03970000000000007,-0.03325986265982701
-0.04070000000000018,-0.03398136542275818
-0.04170000000000007,-0.035297046931632665
-0.04270000000000018,-0.03570731320859352
-0.04370000000000007,-0.03702299471746801
-0.044700000000000184,-0.037801085932393785
-0.045700000000000074,-0.03884797229429391
-0.046700000000000186,-0.03951288660523048
-0.047700000000000076,-0.04060221430612655
-0.04870000000000019,-0.041012480583087416
-0.04970000000000008,-0.042554515899940304
-0.05070000000000019,-0.04262525146493356
-0.05170000000000008,-0.04364384360083638
-0.05270000000000019,-0.04454925883275
-0.05370000000000008,-0.043742873391826934
-0.05470000000000019,-0.04539808561266903
-0.05570000000000008,-0.046699620008544857
-0.056700000000000195,-0.047166474737500325
-0.057700000000000085,-0.04804359574341665
-0.058700000000000196,-0.048185066873403154
-0.059700000000000086,-0.049203659009305976
-0.0607000000000002,-0.04989686754623984
-0.06170000000000009,-0.05095790102113862
-0.0627000000000002,-0.05124084328111162
-0.06370000000000009,-0.05203308160903605
-0.0647000000000002,-0.052245288304015806
-0.06570000000000009,-0.05332046889191323
-0.0667000000000002,-0.05347608713489838
-0.0677000000000001,-0.053631705377883546
-0.0687000000000002,-0.05510300512974318
-0.0697000000000001,-0.055428388728712134
-0.07070000000000021,-0.05573962521468245
-0.0717000000000001,-0.05637624529962171
-0.07270000000000021,-0.05668748178559202
-0.0737000000000001,-0.0579182806164746
-0.07470000000000021,-0.05762119124350294
-0.0757000000000001,-0.05871051894439902
-0.07670000000000021,-0.05933299191633964
-0.0777000000000001,-0.059870582210288355
-0.07870000000000021,-0.05996961200127891
-0.0797000000000001,-0.06079014455520062
-0.08070000000000022,-0.061073086815173636
-0.0817000000000001,-0.06197850204708726
-0.08270000000000022,-0.06195020782108995
-0.08370000000000011,-0.06254438656703327
-0.08470000000000022,-0.06383177384991046
-0.08570000000000011,-0.06350639025094149
-0.08670000000000022,-0.0640156863188929
-0.08770000000000011,-0.06487866021181057
-0.08870000000000022,-0.06516160247178358
-0.08970000000000011,-0.06574163410472825
-0.09070000000000022,-0.06606701770369722
-0.09170000000000011,-0.06656216665864997
-0.09270000000000023,-0.06739684632557033
-0.09370000000000012,-0.06742514055156765
-0.09470000000000023,-0.06799102507151367
-0.09570000000000012,-0.06857105670445833
-0.09670000000000023,-0.06893888164242323
-0.09770000000000012,-0.06961794306635845
-0.09870000000000023,-0.0698018555353409
-0.09970000000000012,-0.07005650356931663
-0.10070000000000023,-0.07076385921924913
-0.10170000000000012,-0.0713438908521938
-0.10270000000000024,-0.07178245135515196
-0.10370000000000013,-0.07240492432709257
-0.10470000000000024,-0.07230589453610202
-0.10570000000000013,-0.07323960399401294
-0.10670000000000024,-0.0732254568810143
-0.10770000000000013,-0.07374890006196436
-0.10870000000000024,-0.07506458157083885
-0.10970000000000013,-0.07520605270082535
-0.11070000000000024,-0.0754182593958051
-0.11170000000000013,-0.07588511412476057
-0.11270000000000002,-0.07635196885371603
-0.11370000000000013,-0.07698858893865529
-0.11470000000000002,-0.0771583542946391
-0.11570000000000014,-0.07737056098961885
-0.11670000000000003,-0.07874283095048794
-0.11770000000000014,-0.07810621086554868
-0.11870000000000003,-0.07911065588845285
-0.11970000000000014,-0.07976142308639078
-0.12070000000000003,-0.07993118844237457
-0.12170000000000014,-0.08127516417724635
-0.12270000000000003,-0.081006369030272
-0.12370000000000014,-0.08133175262924096
-0.12470000000000003,-0.08219472652215863
-0.12570000000000014,-0.08246352166913298
-0.12670000000000003,-0.08290208217209115
-0.12770000000000015,-0.08335478978804794
-0.12870000000000004,-0.08393482142099262
-0.12970000000000015,-0.08478364820091165
-0.13070000000000004,-0.08472705974891705
-0.13170000000000015,-0.08492511933089815
-0.13270000000000004,-0.08583053456281178
-0.13370000000000015,-0.08600029991879557
-0.13470000000000004,-0.0869057151507092
-0.13570000000000015,-0.08717451029768356
-0.13670000000000004,-0.08755648234864712
-0.13770000000000016,-0.08851848603255535
-0.13870000000000005,-0.08840530912856613
-0.13970000000000016,-0.08915510611749461
-0.14070000000000005,-0.08991905021942173
-0.14170000000000016,-0.09007466846240689
-0.14270000000000005,-0.09052737607836371
-0.14370000000000016,-0.09154596821426653
-0.14470000000000005,-0.09154596821426653
-0.14570000000000016,-0.09242308922018284
-0.14670000000000005,-0.09250797189817477
-0.14770000000000016,-0.09321532754810727
-0.14870000000000005,-0.09396512453703573
-0.14970000000000017,-0.0942622139100074
-0.15070000000000006,-0.0947432157519615
-0.15170000000000017,-0.09550715985388863
-0.15270000000000006,-0.0960871914868333
-0.15370000000000017,-0.09663892889378066
-0.15470000000000006,-0.09675210579776986
-0.15570000000000017,-0.09726140186572127
-0.15670000000000006,-0.09860537760059306
-0.15770000000000017,-0.09891661408656337
-0.15870000000000006,-0.10003423601345675
-0.15970000000000018,-0.09969470530148912
-0.16070000000000007,-0.1003596196124257
-0.16170000000000018,-0.10156212421731098
-0.16270000000000007,-0.10160456555630692
-0.16370000000000018,-0.10266559903120571
-0.16470000000000007,-0.10299098263017467
-0.16570000000000018,-0.10333051334214227
-0.16670000000000007,-0.10400957476607749
-0.16770000000000018,-0.10484425443299787
-0.16870000000000007,-0.10548087451793714
-0.16970000000000018,-0.10627311284586156
-0.17070000000000007,-0.10641458397584806
-0.17170000000000019,-0.10743317611175088
-0.17270000000000008,-0.10774441259772119
-0.1737000000000002,-0.10843762113465506
-0.17470000000000008,-0.10913082967158892
-0.1757000000000002,-0.10995136222551065
-0.17670000000000008,-0.11055968808445263
-0.1777000000000002,-0.1116207215593514
-0.17870000000000008,-0.11203098783631225
-0.1797000000000002,-0.11272419637324613
-0.18070000000000008,-0.113700347170153
-0.1817000000000002,-0.11406817210811791
-0.18270000000000008,-0.11488870466203964
-0.1837000000000002,-0.11609120926692493
-0.1847000000000001,-0.11636000441389927
-0.1857000000000002,-0.11749177345379128
-0.1867000000000001,-0.11836889445970761
-0.1877000000000002,-0.11883574918866308
-0.1887000000000001,-0.1196279875165875
-0.1897000000000002,-0.12044852007050923
-0.1907000000000001,-0.12111343438144578
-0.1917000000000001,-0.1221603207433459
-0.19269999999999998,-0.12324964844424201
-0.1937000000000001,-0.12422579924114888
-0.19469999999999998,-0.12443800593612864
-0.1957000000000001,-0.12593759991398557
-0.19669999999999999,-0.1269278978238911
-0.1977000000000001,-0.12764940058682225
-0.1987,-0.12890849364370216
-0.1997000000000001,-0.12967243774562928
-0.2007,-0.13073347122052806
-0.2017000000000001,-0.13192182871241467
-0.2027,-0.13296871507431476
-0.2037000000000001,-0.13394486587122167
-0.2047,-0.135104929137111
-0.2057000000000001,-0.13576984344804757
-0.2067,-0.1370147893919288
-0.2077000000000001,-0.13845779491779114
-0.2087,-0.13961785818368047
-0.2097000000000001,-0.14104671659654416
-0.2107,-0.14189554337646318
-0.2117000000000001,-0.14316878354634172
-0.2127,-0.14514937936615277
-0.2137000000000001,-0.14599820614607179
-0.2147,-0.14797880196588284
-0.2157000000000001,-0.14896909987578838
-0.2167,-0.1508082245656129
-0.21770000000000012,-0.15222293586547794
-0.2187,-0.15335470490536995
-0.21970000000000012,-0.155052358465208
-0.2207,-0.15675001202504607
-0.22170000000000012,-0.15816472332491108
-0.2227,-0.15986237688474914
-0.22370000000000012,-0.1619844438345467
-0.2247,-0.16354062626439822
-0.22570000000000012,-0.1655212220842093
-0.2267,-0.1669359333840743
-0.22770000000000012,-0.17075565389370992
-0.22870000000000001,-0.17132153841365594
-0.22970000000000013,-0.172736249713521
-0.23070000000000002,-0.17471684553333205
-0.23170000000000013,-0.1769803836131161
-0.23270000000000002,-0.17910245056291366
-0.23370000000000013,-0.18164893090267073
-0.23470000000000002,-0.18362952672248176
-0.23570000000000013,-0.18532718028231981
-0.23670000000000002,-0.18886395853198237
-0.2376999999999999,-0.19042014096183393
-0.23870000000000002,-0.1933910346915505
-0.2396999999999999,-0.19593751503130757
-0.24070000000000003,-0.19834252424107812
-0.24169999999999991,-0.20145488910078121
-0.24270000000000003,-0.2037184271805653
-0.24369999999999992,-0.2066893209102819
-0.24470000000000003,-0.21008462802995795
-0.24569999999999992,-0.21234816610974203
-0.24670000000000003,-0.2161678866193776
-0.24769999999999992,-0.2189973092191077
-0.24870000000000003,-0.22196820294882427
-0.24969999999999992,-0.22550498119848683
-0.25070000000000003,-0.22875881718817642
-0.2516999999999999,-0.23243706656782553
-0.25270000000000004,-0.2356909025575151
-0.2536999999999999,-0.2388032674172182
-0.25470000000000004,-0.24276445905684027
-0.2556999999999999,-0.2468671218264489
-0.25670000000000004,-0.250545371206098
-0.25769999999999993,-0.25507244736566614
-0.25870000000000004,-0.2586092256153287
-0.25969999999999993,-0.2627118883849373
-0.26070000000000004,-0.267946320194438
-0.26169999999999993,-0.27190751183406003
-0.26270000000000004,-0.27601017460366867
-0.26369999999999993,-0.2808201930232098
-0.26470000000000005,-0.28605462483271044
-0.26569999999999994,-0.29086464325225153
-0.26670000000000005,-0.2962405461917387
-0.26769999999999994,-0.3007676223513068
-0.26870000000000005,-0.30656793868075344
-0.26969999999999994,-0.3113779571002946
-0.27070000000000005,-0.3171782734297412
-0.27169999999999994,-0.3234030031491474
-0.27270000000000005,-0.3378330584077708
-0.27369999999999994,-0.33712570275783826
-0.27470000000000006,-0.3420771923073659
-0.27569999999999995,-0.34830192202677207
-0.27670000000000006,-0.35509253626612425
-0.27769999999999995,-0.3613172659855304
-0.27870000000000006,-0.368249351354869
-0.27969999999999995,-0.3750399655942212
-0.28070000000000006,-0.3822549932235329
-0.28169999999999995,-0.3893285497228581
-0.28270000000000006,-0.39640210622218325
-0.28369999999999995,-0.40404154724145447
-0.28470000000000006,-0.4119639305206987
-0.28569999999999995,-0.4193204292799969
-0.28670000000000007,-0.42780869707918706
-0.28769999999999996,-0.43587255148841775
-0.28870000000000007,-0.44450229041759454
-0.28969999999999996,-0.45327350047675774
-0.29070000000000007,-0.461478826015975
-0.29169999999999996,-0.4699670938151651
-0.29270000000000007,-0.47944565952426094
-0.29369999999999996,-0.48892422523335666
-0.2947000000000001,-0.4984027909424524
-0.29569999999999996,-0.5087301834314671
-0.2967000000000001,-0.518491691400536
-0.29769999999999996,-0.5292434972795103
-0.2987000000000001,-0.5391464763785655
-0.29969999999999997,-0.5498982822575398
-0.3007000000000001,-0.5612159726564601
-0.30169999999999997,-0.5721092496654209
-0.3027000000000001,-0.5834269400643411
-0.30369999999999997,-0.595169043853221
-0.3047000000000001,-0.6067696765121142
-0.30569999999999997,-0.618794722560967
-0.3067000000000001,-0.6312441819997794
-0.3077,-0.6439765836985646
-0.3087000000000001,-0.6571333987873096
-0.3097,-0.670148742746068
-0.3107000000000001,-0.6838714423547588
-0.3117,-0.6975941419634496
-0.3127000000000001,-0.711458312702127
-0.3137,-0.7258883679607504
-0.3147000000000001,-0.7396110675694412
-0.3157,-0.7543240650880375
-0.3167000000000001,-0.7701688316465259
-0.3177,-0.7841744735151899
-0.3187000000000001,-0.7998777689436917
-0.3197,-0.8165713622820991
-0.3207000000000001,-0.8335478978804797
-0.3217,-0.8498170778289276
-0.3227000000000001,-0.8666521422973216
-0.3237,-0.8833457356357289
-0.3247000000000001,-0.9004637423640959
-0.3257,-0.9177232202224491
-0.3267000000000001,-0.9352656403407758
-0.3277,-0.9536568872390212
-0.3287000000000001,-0.9753019701269563
-0.3297,-0.9917126212053906
-0.3307000000000001,-1.0149138865231773
-0.3317,-1.0335880756813958
-0.3327000000000001,-1.0538184472694658
-0.3337,-1.0734829343375898
-0.3347000000000001,-1.0975330264352956
-0.3357,-1.1154998599435815
-0.3367000000000001,-1.137852298481449
-0.3377,-1.1658635822187766
-0.3387000000000001,-1.1848207136369682
-0.3397,-1.208587863474701
-0.3407000000000001,-1.2303744174926226
-0.3417,-1.2595174702698424
-0.3427000000000001,-1.2815869665477366
-0.3437,-1.313135028534727
-0.3447000000000001,-1.3363362938525138
-0.3457,-1.3605278570802057
-0.3467000000000001,-1.385285304827844
-0.3477,-1.412306290655266
-0.3487000000000001,-1.4458349484620676
-0.3497,-1.471299751859638
-0.3507000000000001,-1.4967645552572086
-0.3517,-1.5250587812545096
-0.3527000000000001,-1.5519382959519452
-0.3537,-1.5887207897484361
-0.3547000000000001,-1.614185593146007
-0.3557,-1.6453092417430377
-0.35670000000000013,-1.6764328903400685
-0.3577,-1.7118006728366943
-0.35870000000000013,-1.7415096101338603
-0.3597,-1.768389124831296
-0.36070000000000013,-1.8037569073279218
-0.3617,-1.8362952672248178
-0.3626999999999999,-1.8702483384215782
-0.3637,-1.9126896774175295
-0.3646999999999999,-1.9494721712140204
-0.3657,-1.9862546650105113
-0.3666999999999999,-2.0216224475071374
-0.3677,-2.054160807404033
-0.3686999999999999,-2.0994315689997145
-0.36970000000000003,-2.1390434853959355
-0.3706999999999999,-2.178655401792157
-0.37170000000000003,-2.2225114520879723
-0.3726999999999999,-2.260708657184329
-0.37370000000000003,-2.3045647074801447
-0.3746999999999999,-2.347006046476096
-0.37570000000000003,-2.388032674172182
-0.3766999999999999,-2.430474013168133
-0.37770000000000004,-2.472915352164084
-0.3786999999999999,-2.5139419798601703
-0.37970000000000004,-2.557798030155986
-0.3806999999999999,-2.5988246578520724
-0.38170000000000004,-2.656827821146539
-0.38269999999999993,-2.7077574279416803
-0.38370000000000004,-2.7601017460366863
-0.38469999999999993,-2.8067872189322327
-0.38570000000000004,-2.866205093526564
-0.38669999999999993,-2.9114758551222453
-0.38770000000000004,-2.9595760393176564
-0.38869999999999993,-3.021823336511718
-0.38970000000000005,-3.0600205416080746
-0.39069999999999994,-3.1151942823028107
-0.39170000000000005,-3.159050332598627
-0.39269999999999994,-3.2269564749921487
-0.39370000000000005,-3.2906184834860754
-0.39469999999999994,-3.351451069380272
-0.39570000000000005,-3.415113077874199
-0.39669999999999994,-3.475945663768395
-0.39770000000000005,-3.5353635383627267
-0.39869999999999994,-3.5961961242569234
-0.39970000000000006,-3.661272844050715
-0.40069999999999995,-3.7263495638445066
-0.40170000000000006,-3.785767438438838
-0.40269999999999995,-3.8437706017333046
-0.40370000000000006,-3.9074326102272314
-0.40469999999999995,-3.962606350921967
-0.40570000000000006,-4.034756627215084
-0.40669999999999995,-4.105492192208336
-0.40770000000000006,-4.173398334601859
-0.40869999999999995,-4.2413044769953805
-0.40970000000000006,-4.3063811967891725
-0.41069999999999995,-4.3728726278828285
-0.41170000000000007,-4.4393640589764845
-0.41269999999999996,-4.527076159568118
-0.41370000000000007,-4.607714703660425
-0.41469999999999996,-4.694012092952192
-0.41570000000000007,-4.773235925744634
-0.41669999999999996,-4.835483222938696
-0.41770000000000007,-4.916121767031002
-0.41869999999999996,-4.9840279094245235
-0.4197000000000001,-5.0745694326158866
-0.42069999999999996,-5.135402018510083
-0.4217000000000001,-5.22735825300131
-0.42269999999999996,-5.3178997761926725
-0.4237000000000001,-5.394294186385385
-0.42469999999999997,-5.482006286977017
-0.4257000000000001,-5.565474253669055
-0.42669999999999997,-5.639039241262036
-0.4277000000000001,-5.719677785354343
-0.42869999999999997,-5.807389885945976
-0.4297000000000001,-5.899346120437204
-0.43069999999999997,-5.998375911427756
-0.4317000000000001,-6.095990991118443
-0.4327,-6.186532514309805
-0.4337000000000001,-6.267171058402113
-0.4347,-6.339321334695229
-0.4357000000000001,-6.418545167487672
-0.4367,-6.533136782776739
-0.4377000000000001,-6.651972531965402
-0.4387,-6.745343477756495
-0.4397000000000001,-6.845787980046913
-0.4407,-6.940573637137869
-0.4417000000000001,-7.021212181230177
-0.4427,-7.120241972220731
-0.4437000000000001,-7.210783495412092
-0.4447,-7.35932818189792
-0.4457000000000001,-7.479578642386449
-0.4467,-7.578608433377001
-0.4477000000000001,-7.638026307971333
-0.4487,-7.722908985963235
-0.4497000000000001,-7.826182910853383
-0.4507,-7.947848082641776
-0.4517000000000001,-8.09497805782774
-0.4527,-8.210984384416673
-0.4537000000000001,-8.31991715450628
-0.4547,-8.410458677697642
-0.4557000000000001,-8.496756066989409
-0.4567,-8.6226653726774
-0.4577000000000001,-8.761307080064174
-0.4587,-8.898534076151082
-0.4597000000000001,-9.006052134940823
-0.4607,-9.11498490503043
-0.4617000000000001,-9.228161809019635
-0.4627,-9.352656403407758
-0.4637000000000001,-9.502615801193452
-0.4647,-9.600230880884139
-0.4657000000000001,-9.731799031771587
-0.4667,-9.84780535836052
-0.4677000000000001,-9.979373509247969
-0.4687,-10.118015216634742
-0.4697000000000001,-10.270804037020167
-0.4707,-10.410860455706805
-0.4717000000000001,-10.556575719592905
-0.4727,-10.688143870480351
-0.4737000000000001,-10.7914177953705
-0.4747,-10.913082967158893
-0.4757000000000001,-11.098410147441212
-0.4767,-11.225734164429067
-0.4777000000000001,-11.344569913617729
-0.4787,-11.487455754904099
-0.4797000000000001,-11.633171018790197
-0.4807,-11.740689077579939
-0.48170000000000013,-11.869427805867657
-0.4827,-11.98260470985686
-0.48370000000000013,-12.162273044939722
-0.4847,-12.320720710524604
-0.48570000000000013,-12.452288861412054
-0.4867,-12.562636342801525
-0.4876999999999999,-12.728157564885736
-0.4887,-12.907825899968595
-0.4896999999999999,-13.023832226557529
-0.4907,-13.179450469542681
-0.4916999999999999,-13.344971691626892
-0.4927,-13.496345800712449
-0.4936999999999999,-13.722699608690856
-0.49470000000000003,-13.913685634172637
-0.4956999999999999,-14.01271542516319
-0.49670000000000003,-14.175407224647667
-0.4976999999999999,-14.30273124163552
-0.49870000000000003,-14.430055258623375
-0.4996999999999999,-14.642261953603128
-0.5007,-14.840321535584234
-0.5016999999999999,-14.995939778569388
-0.5027,-15.137410908555893
-0.5036999999999999,-15.264734925543747
-0.5047,-15.462794507524851
-0.5056999999999999,-15.70329542850191
-0.5067,-15.986237688474914
-0.5076999999999999,-16.127708818461418
-0.5087,-16.29747417444522
-0.5096999999999999,-16.424798191433077
-0.5107,-16.55212220842093
-0.5116999999999999,-16.736034677403385
-0.5127,-16.891652920388537
-0.5136999999999999,-17.061418276372343
-0.5147,-17.217036519357496
-0.5156999999999999,-17.40094898833995
-0.5167,-17.613155683319707
-0.5176999999999999,-17.839509491298113
-0.5187,-17.980980621284615
-0.5196999999999999,-18.15074597726842
-0.5207,-18.334658446250877
-0.5216999999999999,-18.49027668923603
-0.5227,-18.77321894920904
-0.5236999999999999,-19.027866983184744
-0.5247,-19.339103469155052
-0.5257,-19.480574599141555
-0.5267000000000001,-19.565457277133458
-0.5277,-19.763516859114564
-0.5287000000000001,-20.046459119087572
-0.5297,-20.230371588070028
-0.5307000000000001,-20.48501962204573
-0.5317,-20.73966765602144
-0.5327000000000001,-20.93772723800254
-0.5337,-21.079198367989047
-0.5347000000000001,-21.390434853959356
-0.5357,-21.61678866193776
-0.5367000000000001,-21.814848243918867
-0.5377,-22.069496277894572
-0.5387000000000001,-22.253408746877028
-0.5397,-22.46561544185678
-0.5407000000000001,-22.734410588831135
-0.5417,-23.003205735805498
-0.5427000000000001,-23.13052975279335
-0.5437,-23.257853769781203
-0.5447000000000001,-23.45591335176231
-0.5457,-23.724708498736668
-0.5467000000000001,-23.88032674172182
-0.5477,-24.050092097705623
-0.5487000000000001,-24.17741611469348
-0.5497,-24.44621126166783
-0.5507000000000001,-24.686712182644893
-0.5517,-25.04039000761115
-0.5527000000000001,-25.210155363594954
-0.5537,-25.46480339757066
-0.5547000000000001,-25.634568753554465
-0.5557,-25.988246578520723
-0.5567000000000001,-26.073129256512626
-0.5577,-26.356071516485635
-0.5587000000000001,-26.497542646472137
-0.5597,-26.709749341451893
-0.5607000000000001,-26.921956036431645
-0.5617,-27.572723234369565
-0.5627000000000001,-27.954695285333123
-0.5637,-28.19519620631018
-0.5647000000000001,-28.435697127287238
-0.5657,-28.633756709268344
-0.5667000000000001,-28.88840474324405
-0.5677,-29.058170099227848
-0.5687000000000001,-29.32696524620221
-0.5697,-29.525024828183312
-0.5707000000000001,-29.694790184167122
-0.5717,-29.991879557138777
-0.5727000000000001,-30.246527591114486
-0.5737,-30.58605830308209
-0.5747000000000001,-30.897294789052403
-0.5757,-31.23682550102001
-0.5767000000000001,-31.37829663100651
-0.5777,-31.661238890979522
-0.5787000000000001,-31.94418115095253
-0.5797,-32.184682071929586
-0.5807000000000001,-32.42518299290664
-0.5817,-32.59494834889044
-0.5827000000000001,-32.892037721862096
-0.5837,-33.25986265982701
-0.5847000000000001,-33.627687597791926
-0.5857,-33.839894292771675
-0.5867000000000001,-34.179425004739294
-0.5877,-34.292601908728486
-0.5887000000000001,-34.56139705570285
-0.5897,-34.8018979766799
-0.5907000000000001,-35.12728157564886
-0.5917,-35.21216425364076
-0.5927000000000001,-35.608283417602976
-0.5937,-35.848784338580025
-0.5947000000000001,-36.244903502542236
-0.5957,-36.5136986495166
-0.5967000000000001,-36.88152358748151
-0.5977,-37.093730282461266
-0.5987000000000001,-37.50399655942213
-0.5997,-37.92840994938163
-0.6007000000000001,-38.09817530536544
-0.6017,-38.5084415823263
-0.6027000000000001,-38.734795390304704
-0.6037,-39.10262032826961
-0.6047000000000001,-39.37141547524397
-0.6057,-39.52703371822913
-0.6067000000000001,-39.80997597820213
-0.6077,-39.92315288219133
-0.6087000000000001,-39.96559422118728
-0.6097,-40.57392008012925
-0.6107000000000001,-40.800273888107654
-0.6117,-40.828568114104954
-0.6126999999999999,-41.352011295055014
-0.6137,-41.719836233019926
-0.6146999999999999,-41.88960158900374
-0.6157,-42.31401497896325
-0.6166999999999999,-42.59695723893625
-0.6177,-42.85160527291196
-0.6186999999999999,-43.09210619388902
-0.6197,-43.37504845386202
-0.6206999999999999,-43.558960922844484
-0.6217,-43.95508008680669
-0.6226999999999999,-44.39364058976485
-0.6237,-44.478523267756756
-0.6246999999999999,-44.91708377071491
-0.6257,-45.11514335269602
-0.6266999999999999,-45.21417314368657
-0.6277,-45.412232725667685
-0.6286999999999999,-45.78005766363259
-0.6297,-45.963970132615046
-0.6306999999999999,-46.19032394059345
-0.6317,-46.75620846053947
-0.6326999999999999,-47.180621850498966
-0.6337,-47.435269884474685
-0.6346999999999999,-47.81724193543825
-0.6357,-48.057742856415295
-0.6366999999999999,-48.69436294135456
-0.6377,-49.090482105316774
-0.6386999999999999,-49.35927725229113
-0.6397,-49.58563106026953
-0.6406999999999999,-50.109074241219595
-0.6417,-50.491046292183164
-0.6426999999999999,-50.71740010016157
-0.6437,-51.000342360134574
-0.6446999999999999,-51.21254905511432
-0.6457,-51.77843357506035
-0.6466999999999999,-52.047228722034696
-0.6477,-52.17455273902255
-0.6486999999999999,-52.61311324198071
-0.6497,-52.71214303297127
-0.6507,-53.03752663194023
-0.6517000000000001,-53.532675586892985
-0.6527,-53.74488228187274
-0.6537000000000001,-54.18344278483091
-0.6547,-55.088858016744524
-0.6557000000000001,-55.82450789267435
-0.6567,-55.68303676268785
-0.6577000000000001,-55.90939057066625
-0.6587,-56.1781857176406
-0.6597000000000001,-56.31965684762711
-0.6607,-56.475275090612264
-0.6617000000000001,-56.89968848057178
-0.6627,-57.182630740544774
-0.6637000000000001,-57.6353383565016
-0.6647,-57.6919268084962
-0.6657000000000001,-58.05975174646111
-0.6667,-58.38513534543006
-0.6677000000000001,-58.61148915340847
-0.6687,-59.10663810836124
-0.6697000000000001,-59.36128614233694
-0.6707,-59.417874594331536
-0.6717000000000001,-59.6300812893113
-0.6727,-60.01205334027486
-0.6737000000000001,-60.37987827823977
-0.6747,-60.84673300719523
-0.6757000000000001,-61.384323301143944
-0.6767,-61.5965299961237
-0.6777000000000001,-61.936060708091304
-0.6787,-62.60097501902788
-0.6797000000000001,-63.02538840898739
-0.6807,-63.29418355596174
-0.6817000000000001,-63.74689117191855
-0.6827,-64.05812765788886
-0.6837000000000001,-64.36936414385917
-0.6847,-64.62401217783489
-0.6857000000000001,-64.96354288980248
-0.6867,-64.99183711579978
-0.6877000000000001,-65.85481100871746
-0.6887,-66.70363778863647
-0.6897000000000001,-66.97243293561084
-0.6907,-66.97243293561084
-0.6917000000000001,-67.28366942158114
-0.6927,-68.0900548625042
-0.6937000000000001,-68.71252783444483
-0.6947,-69.10864699840704
-0.6957000000000001,-69.6037959533598
-0.6967,-69.90088532633146
-0.6977000000000001,-70.29700449029367
-0.6987,-71.0043601402262
-0.6997000000000001,-71.2590081742019
-0.7007,-71.42877353018571
-0.7017000000000001,-71.75415712915466
-0.7027,-72.20686474511147
-0.7037000000000001,-72.63127813507097
-0.7047,-72.95666173403994
-0.7057000000000001,-73.55084047998325
-0.7067,-74.11672499992927
-0.7077000000000001,-76.13976215873627
-0.7087,-76.30952751472009
-0.7097000000000001,-76.88955914766474
-0.7107,-77.21494274663371
-0.7117000000000001,-77.7242388145851
-0.7127,-77.62520902359456
-0.7137000000000001,-78.29012333453113
-0.7147,-78.67209538549469
-0.7157000000000001,-79.18139145344611
-0.7167,-79.49262793941642
-0.7177000000000001,-80.28486626734085
-0.7187,-80.45463162332464
-0.7197000000000001,-81.24686995124905
-0.7207,-81.88349003618832
-0.7217000000000001,-82.42108033013703
-0.7227,-82.8313466070979
-0.7237000000000001,-83.35478978804795
-0.7247,-83.58114359602637
-0.7257000000000001,-83.73676183901152
-0.7267,-84.44411748894404
-0.7277000000000001,-84.78364820091166
-0.7287,-84.99585489589141
-0.7297000000000001,-85.94371146680098
-0.7307,-86.35397774376185
-0.7317000000000001,-86.8208324727173
-0.7327,-87.31598142767007
-0.7337000000000001,-87.23109874967815
-0.7347,-88.27798511157829
-0.7357000000000001,-89.07022343950271
-0.7367,-89.26828302148381
-0.7376999999999999,-90.30102227038529
-0.7387,-90.92349524232591
-0.7396999999999999,-91.17814327630163
-0.7407,-92.14014696020983
-0.7416999999999999,-92.76261993215046
-0.7427,-93.42753424308701
-0.7436999999999999,-93.58315248607218
-0.7447,-93.75291784205598
-0.7456999999999999,-93.96512453703575
-0.7467,-95.13933491592371
-0.7476999999999999,-95.28080604591021
-0.7487,-95.80424922686029
-0.7496999999999999,-96.03060303483868
-0.7507,-96.18622127782385
-0.7516999999999999,-96.38428085980493
-0.7527,-98.15266998463625
-0.7536999999999999,-98.54878914859844
-0.7547,-100.4727965164149
-0.7556999999999999,-101.06697526235823
-0.7567,-101.06697526235823
-0.7576999999999999,-101.50553576531638
-0.7587,-102.46753944922462
-0.7596999999999999,-103.33051334214227
-0.7607,-104.19348723505995
-0.7616999999999999,-104.26422280005319
-0.7627,-105.46672740493848
-0.7636999999999999,-105.32525627495198
-0.7647,-105.891140794898
-0.7656999999999999,-106.47117242784265
-0.7667,-106.457025314844
-0.7676999999999999,-107.54635301574008
-0.7687,-107.41902899875224
-0.7696999999999999,-107.99906063169689
-0.7707,-108.50835669964832
-0.7716999999999999,-108.48006247365102
-0.7727,-109.49865460955384
-0.7736999999999999,-110.6162765364472
-0.7747,-110.48895251945936
-0.7757,-111.25289662138647
-0.7767000000000001,-112.18660607929739
-0.7777,-112.34222432228256
-0.7787000000000001,-112.80907905123803
-0.7797,-113.38911068418268
-0.7807000000000001,-114.47843838507877
-0.7817,-115.51117763398025
-0.7827000000000001,-116.07706215392626
-0.7837,-117.76056860076565
-0.7847000000000001,-118.69427805867657
-0.7857,-118.60939538068469
-0.7867000000000001,-118.43963002470086
-0.7857,-118.0859521997346
-0.7847000000000001,-118.07180508673595
-0.7837,-116.60050533487632
-0.7827000000000001,-116.48732843088712
-0.7817,-115.8648554589465
-0.7807000000000001,-115.05847001802343
-0.7797,-114.47843838507877
-0.7787000000000001,-113.6154644921611
-0.7777,-113.16275687620428
-0.7767000000000001,-112.45540122627176
-0.7757,-112.04513494931089
-0.7747,-111.42266197737027
-0.7736999999999999,-110.70115921443913
-0.7727,-110.1069804684958
-0.7716999999999999,-109.41377193156194
-0.7707,-109.10253544559163
-0.7696999999999999,-108.83374029861727
-0.7687,-107.87173661470905
-0.7676999999999999,-107.12193962578058
-0.7667,-105.76381677791014
-0.7656999999999999,-105.4101389529439
-0.7647,-104.80181309400191
-0.7636999999999999,-105.19793225796413
-0.7627,-104.53301794702756
-0.7616999999999999,-103.71248539310584
-0.7607,-103.13245376016117
-0.7596999999999999,-102.25533275424485
-0.7587,-101.51968287831504
-0.7576999999999999,-100.7274445503906
-0.7567,-99.93520622246619
-0.7556999999999999,-99.05808521654988
-0.7547,-98.84587852157011
-0.7536999999999999,-98.37902379261465
-0.7527,-97.37457876971048
-0.7516999999999999,-97.45946144770237
-0.7507,-96.95016537975096
-0.7496999999999999,-96.89357692775637
-0.7487,-95.60618964487918
-0.7476999999999999,-94.38953792699526
-0.7467,-93.66803516406408
-0.7456999999999999,-94.19147834501413
-0.7447,-93.99341876303303
-0.7436999999999999,-94.05000721502763
-0.7427,-93.42753424308701
-0.7416999999999999,-92.94653240113291
-0.7407,-92.09770562121389
-0.7396999999999999,-91.53182110126787
-0.7387,-90.85275967733266
-0.7376999999999999,-89.73513775043928
-0.7367,-89.07022343950271
-0.7357000000000001,-87.92430728661203
-0.7347,-87.61307080064172
-0.7337000000000001,-87.14621607168625
-0.7327,-86.50959598674699
-0.7317000000000001,-85.91541724080368
-0.7307,-85.56173941583742
-0.7297000000000001,-85.44856251184822
-0.7287,-84.5431472799346
-0.7277000000000001,-83.70846761301424
-0.7267,-83.11428886707091
-0.7257000000000001,-82.8030523811006
-0.7247,-82.01081405317618
-0.7237000000000001,-81.40248819423421
-0.7227,-81.11954593426121
-0.7217000000000001,-80.41219028432867
-0.7207,-79.88874710337862
-0.7197000000000001,-79.33700969643127
-0.7187,-79.35115680942992
-0.7177000000000001,-78.62965404649873
-0.7167,-77.85156283157298
-0.7157000000000001,-77.4412965546121
-0.7147,-76.80467646967284
-0.7137000000000001,-76.05487948074436
-0.7127,-75.80023144676866
-0.7117000000000001,-75.50314207379701
-0.7107,-74.54113838988879
-0.7097000000000001,-73.7347529489657
-0.7087,-73.18301554201834
-0.7077000000000001,-72.41907144009123
-0.7067,-72.27760031010472
-0.7057000000000001,-72.32004164910067
-0.7047,-71.75415712915466
-0.7037000000000001,-71.3721850781911
-0.7027,-70.76385921924914
-0.7017000000000001,-69.78770842234226
-0.7007,-69.4906190493706
-0.6997000000000001,-69.06620565941108
-0.6987,-68.28811444448532
-0.6977000000000001,-67.97687795851502
-0.6967,-67.42514055156765
-0.6957000000000001,-66.91584448361623
-0.6947,-66.56216665864997
-0.6937000000000001,-66.32166573767293
-0.6927,-66.25093017267966
-0.6917000000000001,-65.9255465737107
-0.6907,-65.28892648877145
-0.6897000000000001,-64.83621887281464
-0.6887,-64.28448146586726
-0.6877000000000001,-64.22789301387266
-0.6867,-63.874215188906405
-0.6857000000000001,-63.39321334695229
-0.6847,-62.700004810018434
-0.6837000000000001,-62.34632698505217
-0.6827,-61.89361936909536
-0.6817000000000001,-61.455058866137186
-0.6807,-60.63452631221547
-0.6797000000000001,-59.884729323287
-0.6787,-59.60178706331399
-0.6777000000000001,-59.035902543367975
-0.6767,-58.76710739639362
-0.6757000000000001,-58.21536998944626
-0.6747,-57.493867226515086
-0.6737000000000001,-57.36654320952724
-0.6727,-57.012865384560975
-0.6717000000000001,-56.546010655605514
-0.6707,-57.50801433951374
-0.6697000000000001,-58.017310407465146
-0.6687,-57.76266237348945
-0.6677000000000001,-57.59289701750564
-0.6667,-57.28166053153533
-0.6657000000000001,-56.97042404556503
-0.6647,-56.404539525619015
-0.6637000000000001,-55.96597902266086
-0.6627,-55.31521182472294
-0.6617000000000001,-55.30106471172429
-0.6607,-54.82006286977017
-0.6597000000000001,-54.14100144583495
-0.6587,-53.49023424789704
-0.6577000000000001,-53.136556422930774
-0.6567,-52.83946704995912
-0.6557000000000001,-52.25943541701445
-0.6547,-51.72184512306574
-0.6537000000000001,-51.424755750094086
-0.6527,-50.71740010016157
-0.6517000000000001,-50.3637222751953
-0.6507,-50.052485789224995
-0.6497,-49.61392528626684
-0.6486999999999999,-48.93486386233162
-0.6477,-48.51045047237211
-0.6466999999999999,-48.3406851163883
-0.6457,-48.26994955139505
-0.6446999999999999,-47.94456595242609
-0.6437,-47.449416997473335
-0.6426999999999999,-47.067444946509774
-0.6417,-46.643031556550255
-0.6406999999999999,-46.3459421835786
-0.6397,-45.97811724561369
-0.6386999999999999,-45.29905582167847
-0.6377,-45.11514335269602
-0.6366999999999999,-44.54925883275
-0.6357,-44.2097281207824
-0.6346999999999999,-43.92678586080939
-0.6337,-43.45993113185393
-0.6326999999999999,-43.09210619388902
-0.6317,-42.72428125592411
-0.6306999999999999,-42.37060343095784
-0.6297,-42.00277849299294
-0.6286999999999999,-41.677394894023976
-0.6277,-41.32371706905772
-0.6266999999999999,-40.8993036790982
-0.6257,-40.51733162813464
-0.6246999999999999,-40.29097782015624
-0.6237,-39.72509330021023
-0.6226999999999999,-39.47044526623452
-0.6217,-39.130914554266916
-0.6206999999999999,-38.83382518129526
-0.6197,-38.5367358083236
-0.6186999999999999,-38.3669704523398
-0.6177,-37.90011572338433
-0.6166999999999999,-37.46155522042617
-0.6157,-37.05128894346531
-0.6146999999999999,-36.78249379649095
-0.6137,-36.35808040653144
-0.6126999999999999,-36.230756389543586
-0.6117,-35.89122567757598
-0.6107000000000001,-35.62243053060162
-0.6097,-35.282899818634014
-0.6087000000000001,-34.8867806546718
-0.6077,-34.95751621966506
-0.6067000000000001,-34.8301922026772
-0.6057,-34.67457395969205
-0.6047000000000001,-34.278454795729836
-0.6037,-33.839894292771675
-0.6027000000000001,-33.55695203279867
-0.6017,-33.344745337818914
-0.6007000000000001,-32.8354492698675
-0.5997,-32.807155043870196
-0.5987000000000001,-32.439330105905285
-0.5977,-32.09979939393769
-0.5967000000000001,-31.703680229975475
-0.5957,-31.23682550102001
-0.5947000000000001,-31.024618806040255
-0.5937,-30.88314767605375
-0.5927000000000001,-30.7558236590659
-0.5917,-30.45873428609424
-0.5907000000000001,-30.246527591114486
-0.5897,-29.949438218142824
-0.5887000000000001,-29.72308441016442
-0.5877,-29.482583489187363
-0.5867000000000001,-29.284523907206257
-0.5857,-29.058170099227848
-0.5847000000000001,-28.789374952253496
-0.5837,-28.577168257273744
-0.5827000000000001,-28.09616641531963
-0.5817,-27.997136624329073
-0.5807000000000001,-27.65760591236147
-0.5797,-27.219045409403304
-0.5787000000000001,-26.907808923433
-0.5777,-26.65316088945729
-0.5767000000000001,-26.398512855481584
-0.5757,-26.21460038649913
-0.5747000000000001,-25.931658126526123
-0.5737,-25.620421640555815
-0.5727000000000001,-25.43650917157336
-0.5717,-25.167714024599
-0.5707000000000001,-24.884771764625995
-0.5697,-24.601829504652986
-0.5687000000000001,-24.27644590568403
-0.5677,-24.064239210704276
-0.5667000000000001,-23.781296950731264
-0.5657,-23.55494314275286
-0.5647000000000001,-23.24370665678255
-0.5637,-22.974911509808198
-0.5627000000000001,-22.790999040825742
-0.5617,-22.493909667854084
-0.5607000000000001,-22.210967407881075
-0.5597,-21.99876071290132
-0.5587000000000001,-21.729965565926964
-0.5577,-21.503611757948562
-0.5567000000000001,-21.47531753195126
-0.5557,-21.22066949797555
-0.5547000000000001,-20.881138786007945
-0.5537,-20.612343639033586
-0.5527000000000001,-20.357695605057877
-0.5517,-20.202077362072725
-0.5507000000000001,-20.06060623208622
-0.5497,-19.848399537106463
-0.5487000000000001,-19.636192842126707
-0.5477,-19.452280373144255
-0.5467000000000001,-19.2400736781645
-0.5457,-18.92883719219419
-0.5447000000000001,-18.759071836210385
-0.5437,-18.589306480226583
-0.5427000000000001,-18.348805559249524
-0.5417,-18.15074597726842
-0.5407000000000001,-17.924392169290012
-0.5397,-17.698038361311607
-0.5387000000000001,-17.471684553333205
-0.5377,-17.3302134233467
-0.5367000000000001,-17.103859615368293
-0.5357,-16.849211581392588
-0.5347000000000001,-16.651151999411482
-0.5337,-16.424798191433077
-0.5327000000000001,-16.25503283544927
-0.5317,-16.04282614046952
-0.5307000000000001,-15.88720789748436
-0.5297,-15.74573676749786
-0.5287000000000001,-15.590118524512702
-0.5277,-15.349617603535648
-0.5267000000000001,-15.137410908555893
-0.5257,-14.967645552572087
-0.5247,-14.769585970590983
-0.5236999999999999,-14.57152638860988
-0.5227,-14.387613919627421
-0.5216999999999999,-14.203701450644967
-0.5207,-14.070718588457655
-0.5196999999999999,-13.868414872576954
-0.5187,-13.671770001895714
-0.5176999999999999,-13.50766349111137
-0.5167,-13.373265917624192
-0.5156999999999999,-13.223306519838497
-0.5147,-13.054955875154558
-0.5136999999999999,-12.859725715773182
-0.5127,-12.702692761488164
-0.5116999999999999,-12.554148075002335
-0.5107,-12.415506367615562
-0.5096999999999999,-12.230179187333244
-0.5087,-12.104269881645255
-0.5076999999999999,-12.012313647154027
-0.5067,-11.863768960668198
-0.5056999999999999,-11.715224274182368
-0.5047,-11.527067671300317
-0.5036999999999999,-11.370034717015299
-0.5027,-11.224319453129201
-0.5016999999999999,-11.095580724841483
-0.5007,-10.947036038355654
-0.4996999999999999,-10.7631235693732
-0.49870000000000003,-10.61174946028764
-0.4976999999999999,-10.48018130940019
-0.49670000000000003,-10.367004405410988
-0.4956999999999999,-10.245339233622596
-0.49470000000000003,-10.099623969736497
-0.4936999999999999,-9.959567551049858
-0.4927,-9.823755266262815
-0.4916999999999999,-9.695016537975096
-0.4907,-9.564863098387514
-0.4896999999999999,-9.429050813600469
-0.4887,-9.327191600010188
-0.4876999999999999,-9.180061624824223
-0.4867,-9.034346360938125
-0.48570000000000013,-8.928243013448247
-0.4847,-8.81931024335864
-0.48370000000000013,-8.7075480506693
-0.4827,-8.600029991879557
-0.48170000000000013,-8.49958548958914
-0.4807,-8.370846761301422
-0.4797000000000001,-8.252011012112758
-0.4787,-8.134589974223962
-0.4777000000000001,-8.004436534636376
-0.4767,-7.89550376454677
-0.4757000000000001,-7.779497437957836
-0.4747,-7.669149956568364
-0.4737000000000001,-7.548899496079835
-0.4727,-7.435722592090633
-0.4717000000000001,-7.3197162655017
-0.4707,-7.205124650212632
-0.4697000000000001,-7.097606591422889
-0.4687,-6.994332666532741
-0.4677000000000001,-6.888229319042864
-0.4667,-6.780711260253121
-0.4657000000000001,-6.666119644964053
-0.4647,-6.5642604313737705
-0.4637000000000001,-6.4595717951837575
-0.4627,-6.35629787029361
-0.4617000000000001,-6.262926924502518
-0.4607,-6.1766295352107505
-0.4597000000000001,-6.0790144555200625
-0.4587,-5.98564350972897
-0.4577000000000001,-5.893687275237743
-0.4567,-5.786169216448
-0.4557000000000001,-5.695627693256637
-0.4547,-5.6065008813651405
-0.4537000000000001,-5.518788780773508
-0.4527,-5.439564947981066
-0.4517000000000001,-5.346194002189974
-0.4507,-5.259896612898206
-0.4497000000000001,-5.17642864620617
-0.4487,-5.0943753908139975
-0.4477000000000001,-5.003833867622634
-0.4467,-4.920365900930598
-0.4457000000000001,-4.855289181136806
-0.4447,-4.764747657945444
-0.4437000000000001,-4.692597381652327
-0.4427,-4.61478826015975
-0.4417000000000001,-4.538393849967037
-0.4407,-4.457755305874731
-0.4397000000000001,-4.384190318281749
-0.4387,-4.321943021087687
-0.4377000000000001,-4.245548610894974
-0.4367,-4.171983623301993
-0.4357000000000001,-4.102662769608606
-0.4347,-4.03617133851495
-0.4337000000000001,-3.9725093300210226
-0.4327,-3.9046031876275014
-0.4317000000000001,-3.838111756533844
-0.43069999999999997,-3.768790902840458
-0.4297000000000001,-3.702299471746801
-0.42869999999999997,-3.6386374632528744
-0.4277000000000001,-3.583463722558138
-0.42669999999999997,-3.5183870027643462
-0.4257000000000001,-3.4589691281700143
-0.42469999999999997,-3.403795387475278
-0.4237000000000001,-3.3387186676814866
-0.42269999999999996,-3.28071550438702
-0.4217000000000001,-3.228371186292014
-0.42069999999999996,-3.166123889097952
-0.4197000000000001,-3.1095354371033506
-0.41869999999999996,-3.0571911190083445
-0.41770000000000007,-3.002017378313608
-0.41669999999999996,-2.949673060218602
-0.41570000000000007,-2.8944993195238653
-0.41469999999999996,-2.8379108675292635
-0.41370000000000007,-2.7926401059335824
-0.41269999999999996,-2.741710499138441
-0.41170000000000007,-2.6921956036431647
-0.41069999999999995,-2.6455101307476188
-0.40970000000000006,-2.5959952352523423
-0.40869999999999995,-2.543650917157336
-0.40770000000000006,-2.49979486686152
-0.40669999999999995,-2.4545241052658384
-0.40570000000000006,-2.4064239210704272
-0.40469999999999995,-2.3682267159740715
-0.40370000000000006,-2.3229559543783904
-0.40269999999999995,-2.279099904082574
-0.40170000000000006,-2.235243853786758
-0.40069999999999995,-2.1899730921910767
-0.39970000000000006,-2.1461170418952604
-0.39869999999999994,-2.110749259398635
-0.39770000000000005,-2.0683079204026833
-0.39669999999999994,-2.0315254266061924
-0.39570000000000005,-1.9904987989101068
-0.39469999999999994,-1.9537163051136157
-0.39370000000000005,-1.9126896774175295
-0.39269999999999994,-1.8815660288204987
-0.39170000000000005,-1.8419541124242775
-0.39069999999999994,-1.8051716186277869
-0.38970000000000005,-1.772633258730891
-0.38869999999999993,-1.7386801875341302
-0.38770000000000004,-1.7033124050375041
-0.38669999999999993,-1.6707740451406083
-0.38570000000000004,-1.6396503965435776
-0.38469999999999993,-1.6071120366466816
-0.38370000000000004,-1.5745736767497858
-0.38269999999999993,-1.543450028152755
-0.38170000000000004,-1.5094969569559942
-0.3806999999999999,-1.4797880196588282
-0.37970000000000004,-1.4529085049613928
-0.3786999999999999,-1.4175407224647667
-0.37770000000000004,-1.3920759190671963
-0.3766999999999999,-1.3644890487198278
-0.37570000000000003,-1.3371851206324328
-0.3746999999999999,-1.3124276728847946
-0.37370000000000003,-1.2838505046275208
-0.3726999999999999,-1.2588101146199098
-0.37170000000000003,-1.2309403020125684
-0.3706999999999999,-1.2083049212147279
-0.36970000000000003,-1.1801521663474135
-0.3686999999999999,-1.1573753144195864
-0.3677,-1.1330422800619078
-0.3666999999999999,-1.1101239570040942
-0.3657,-1.0853665092564562
-0.3646999999999999,-1.0632970129785617
-0.3637,-1.039246920880856
-0.3626999999999999,-1.0198653760727048
-0.3617,-0.9969470530148913
-0.36070000000000013,-0.9743116722170507
-0.3597,-0.9547886562789133
-0.35870000000000013,-0.9330021022609917
-0.3577,-0.9131961440628811
-0.35670000000000013,-0.8931072436047977
-0.3557,-0.8778283615662553
-0.3547000000000001,-0.8551929807684147
-0.3537,-0.8383579163000208
-0.3527000000000001,-0.8195422560118159
-0.3517,-0.8019998358934892
-0.3507000000000001,-0.7840330023852033
-0.3497,-0.76960294712658
-0.3487000000000001,-0.7496555177984829
-0.3477,-0.7335278089800216
-0.3467000000000001,-0.717117157901587
-0.3457,-0.7014138624730852
-0.3447000000000001,-0.6851446825246373
-0.3437,-0.6705731561360274
-0.3427000000000001,-0.6552942740974849
-0.3417,-0.63930803640901
-0.3407000000000001,-0.6250194522803731
-0.3397,-0.6129944062315204
-0.3387000000000001,-0.5972911108030184
-0.3377,-0.5873881317039633
-0.3367000000000001,-0.5718263074054479
-0.3357,-0.558952434576676
-0.3347000000000001,-0.5450882638379987
-0.3337,-0.5324973332691998
-0.3327000000000001,-0.5203308160903605
-0.3317,-0.5083057700415077
-0.3307000000000001,-0.49613925286266836
-0.3297,-0.4845386202037751
-0.3287000000000001,-0.47520152562466583
-0.3277,-0.46374236409575903
-0.3267000000000001,-0.4522832025668522
-0.3257,-0.4413899255578914
-0.3247000000000001,-0.4307795908089037
-0.3237,-0.42031072718990237
-0.3227000000000001,-0.4104077480908471
-0.3217,-0.4005047689917918
-0.3207000000000001,-0.3901773765027771
-0.3197,-0.37970851288377583
-0.3187000000000001,-0.37192760073451814
-0.3177,-0.36740052457495004
-0.3167000000000001,-0.3532534115762997
-0.3157,-0.34490661490709595
-0.3147000000000001,-0.33655981823789227
-0.3137,-0.3279300793087155
-0.3127000000000001,-0.32000769602947127
-0.3117,-0.31180237049025405
-0.3107000000000001,-0.30430440060096936
-0.3097,-0.2963820173217252
-0.3087000000000001,-0.2914305277721975
-0.3077,-0.2819519620631018
-0.3067000000000001,-0.27487840556377663
-0.30569999999999997,-0.2692195603643165
-0.3047000000000001,-0.26030687917516676
-0.30369999999999997,-0.2540821494557606
-0.3027000000000001,-0.2474330063463949
-0.30169999999999997,-0.24163269001694826
-0.3007000000000001,-0.23484207577759608
-0.29969999999999997,-0.22833440379821693
-0.2987000000000001,-0.2229585008587298
-0.29769999999999996,-0.21659230000933713
-0.2967000000000001,-0.21050904141991747
-0.29569999999999996,-0.20697226317025488
-0.2947000000000001,-0.20046459119087567
-0.29369999999999996,-0.19494721712140206
-0.29270000000000007,-0.18928837192194192
-0.29169999999999996,-0.18391246898245475
-0.29070000000000007,-0.17910245056291366
-0.28969999999999996,-0.1734436053634535
-0.28870000000000007,-0.16849211581392587
-0.28769999999999996,-0.16424798191433077
-0.28670000000000007,-0.16056973253468165
-0.28569999999999995,-0.1551938295951945
-0.28470000000000006,-0.15222293586547794
-0.28369999999999995,-0.14599820614607179
-0.28270000000000006,-0.14161260111649018
-0.28169999999999995,-0.137410908555891
-0.28070000000000006,-0.1331950688822932
-0.27969999999999995,-0.1293753483726576
-0.27870000000000006,-0.12551318652402607
-0.27769999999999995,-0.12172176024038774
-0.27670000000000006,-0.11828401178171571
-0.27569999999999995,-0.11412476056011249
-0.27470000000000006,-0.11068701210144047
-0.27369999999999994,-0.10700876272179137
-0.27270000000000005,-0.10338710179413689
-0.27169999999999994,-0.0999917946744608
-0.27070000000000005,-0.0980536401936457
-0.26969999999999994,-0.0930880035311194
-0.26870000000000005,-0.0904990818523664
-0.26769999999999994,-0.0867076555687281
-0.26670000000000005,-0.08315673020606687
-0.26569999999999994,-0.08083660367428819
-0.26470000000000005,-0.0771300600686418
-0.26369999999999993,-0.07503628734484155
-0.26270000000000004,-0.07246151277908719
-0.26169999999999993,-0.07057994675026667
-0.26070000000000004,-0.06692999159661489
-0.25969999999999993,-0.06442595259585376
-0.25870000000000004,-0.061752148239108844
-0.25769999999999993,-0.05961593417631265
-0.25670000000000004,-0.05661674622059877
-0.2556999999999999,-0.05449467927080121
-0.25470000000000004,-0.05247164211199421
-0.2536999999999999,-0.05029298671020205
-0.25270000000000004,-0.04750600544946793
-0.2516999999999999,-0.04561029230764878
-0.25070000000000003,-0.04358725514884178
-0.24969999999999992,-0.04135201129505502
-0.24870000000000003,-0.03930067991025072
-0.24769999999999992,-0.037320084090439666
-0.24670000000000003,-0.03507069312365426
-0.24569999999999992,-0.033005214625851306
-0.24470000000000003,-0.03147732642199706
-0.24369999999999992,-0.02922793545521166
-0.24270000000000003,-0.02762931168636417
-0.24169999999999991,-0.025634568753554465
-0.24070000000000003,-0.023371030673770405
-0.2396999999999999,-0.022126084729889174
-0.23870000000000002,-0.021093345480987697
-0.2376999999999999,-0.018603453593225232
-0.23670000000000002,-0.017400948988339954
-0.23570000000000013,-0.015632559863508654
-0.23470000000000002,-0.01426028990263957
-0.23370000000000013,-0.012879531673971295
-0.23270000000000002,-0.010702290983479001
-0.23170000000000013,-0.009823755266262814
-0.23070000000000002,-0.008372261472601287
-0.22970000000000013,-0.006599628213870396
-0.22870000000000001,-0.005467859173978367
-0.22770000000000012,-0.003821135220935464
-0.2267,-0.0026766337793446495
-0.22570000000000012,-0.001392924745847115
-0.2247,1.6750181790402034e-05
-0.22370000000000012,0.0012310817731425547
-0.2227,0.002068307920402684
-0.22170000000000012,0.0036881523587481506
-0.2207,0.004538393849967038
-0.21970000000000012,0.0063110271086979286
-0.2187,0.007190977537213981
-0.21770000000000012,0.007790815128356756
-0.2167,0.009620036839082248
-0.2157000000000001,0.011419549612510575
-0.2147,0.01174068907757994
-0.2137000000000001,0.013025246937857393
-0.2127,0.01366752586799612
-0.2117000000000001,0.014981792665570736
-0.2107,0.015278882038542396
-0.2097000000000001,0.01665115199941148
-0.2087,0.018009274847281917
-0.2077000000000001,0.01858930648022658
-0.2067,0.0194098390341483
-0.2057000000000001,0.020810403221014687
-0.2047,0.021347993514963404
-0.2037000000000001,0.022479762554855433
-0.2027,0.02310223552679605
-0.2017000000000001,0.02400765075870967
-0.2007,0.024898918877624646
-0.1997000000000001,0.025662862979551764
-0.1987,0.026709749341451892
-0.1977000000000001,0.02740295787838576
-0.19669999999999999,0.028166901980312884
-0.1957000000000001,0.029326965246202208
-0.19469999999999998,0.02973723152316307
-0.1937000000000001,0.03051532273808884
-0.19269999999999998,0.031533914873991674
-0.1917000000000001,0.031972475376949826
-0.1907000000000001,0.03282130215686885
-0.1897000000000002,0.034179425004739285
-0.1887000000000001,0.03406624810075008
-0.1877000000000002,0.035028251784658314
-0.1867000000000001,0.03572146032159217
-0.1857000000000002,0.03655613998851255
-0.1847000000000001,0.03758887923741403
-0.1837000000000002,0.03794255706238028
-0.18270000000000008,0.03898944342428041
-0.1817000000000002,0.039611916396221025
-0.18070000000000008,0.03999388844718459
-0.1797000000000002,0.040375860498148154
-0.17870000000000008,0.04130956995605907
-0.1777000000000002,0.04187545447600509
-0.17670000000000008,0.04297892928989981
-0.1757000000000002,0.04333260711486608
-0.17470000000000008,0.04392678586080939
-0.1737000000000002,0.04488878954471761
-0.17270000000000008,0.045030260674704115
-0.17170000000000019,0.046077147036604246
-0.17070000000000007,0.046303500844582644
-0.16970000000000018,0.04737868143248008
-0.16870000000000007,0.048001154404420696
-0.16770000000000018,0.0481426255344072
-0.16670000000000007,0.04883583407134107
-0.16570000000000018,0.04986857332024254
-0.16470000000000007,0.05033542804919801
-0.16370000000000018,0.05105693081212918
-0.16270000000000007,0.05117010771611837
-0.16170000000000018,0.05175013934906304
-0.16070000000000007,0.05306582085793753
-0.15970000000000018,0.05282531993696047
-0.15870000000000006,0.05367414671687949
-0.15770000000000017,0.054268325462822814
-0.15670000000000006,0.05476347441777557
-0.15570000000000017,0.05568303676268785
-0.15470000000000006,0.056093303039648705
-0.15370000000000017,0.056546010655605515
-0.15270000000000006,0.057946574842471905
-0.15170000000000017,0.05779095659948674
-0.15070000000000006,0.05858319492741117
-0.14970000000000017,0.05943202170733019
-0.14870000000000005,0.05958763995031534
-0.14770000000000016,0.06030914271324651
-0.14670000000000005,0.06069111476421007
-0.14570000000000016,0.06091746857218847
-0.14470000000000005,0.06206338472507915
-0.14370000000000016,0.06254438656703327
-0.14270000000000005,0.06301124129598873
-0.14170000000000016,0.06384592096290911
-0.14070000000000005,0.06428448146586727
-0.13970000000000016,0.06540210339276065
-0.13870000000000005,0.06543039761875795
-0.13770000000000016,0.06591139946071205
-0.13670000000000004,0.0668168146926257
-0.13570000000000015,0.06711390406559734
-0.13470000000000004,0.06776467126353526
-0.13370000000000015,0.06859935093045562
-0.13270000000000004,0.06888229319042864
-0.13170000000000015,0.07028285737729502
-0.13070000000000004,0.07033944582928962
-0.12970000000000015,0.07079215344524643
-0.12870000000000004,0.07149950909517895
-0.12770000000000015,0.07190977537213981
-0.12670000000000003,0.07268786658706558
-0.12570000000000014,0.07367816449697111
-0.12470000000000003,0.07390451830494953
-0.12370000000000014,0.07503628734484155
-0.12270000000000003,0.07526264115281994
-0.12170000000000014,0.07580023144676866
-0.12070000000000003,0.07650758709670118
-0.11970000000000014,0.07691785337366204
-0.11870000000000003,0.07782326860557567
-0.11770000000000014,0.07871453672449064
-0.11670000000000003,0.07882771362847985
-0.11570000000000014,0.07994533555537323
-0.11470000000000002,0.08063854409230709
-0.11370000000000013,0.0812327228382504
-0.11270000000000002,0.08239278610413973
-0.11170000000000013,0.08247766878213163
-0.11070000000000024,0.08321331865806145
-0.10970000000000013,0.08442997037594539
-0.10870000000000024,0.08486853087890354
-0.10770000000000013,0.08544856251184822
-0.10670000000000024,0.08638227196975913
-0.10570000000000013,0.08742915833165928
-0.10470000000000024,0.08822139665958369
-0.10370000000000013,0.088532633145554
-0.10270000000000024,0.08926828302148382
-0.10170000000000012,0.09011710980140283
-0.10070000000000023,0.0907820241123394
-0.09970000000000012,0.09184305758723818
-0.09870000000000023,0.09216844118620715
-0.09770000000000012,0.0929465324011329
-0.09670000000000023,0.09416318411901684
-0.09570000000000012,0.0944602734919885
-0.09470000000000023,0.09550715985388863
-0.09370000000000012,0.09663892889378066
-0.09270000000000023,0.09685113558876042
-0.09170000000000011,0.09813852287163759
-0.09070000000000022,0.09876099584357821
-0.08970000000000011,0.09952493994550533
-0.08870000000000022,0.10078403300238521
-0.08770000000000011,0.10113771082735147
-0.08670000000000022,0.102128008737257
-0.08570000000000011,0.10334466045514094
-0.08470000000000022,0.10399542765307884
-0.08370000000000011,0.10508475535397492
-0.08270000000000022,0.10556575719592905
-0.0817000000000001,0.10678240891381298
-0.08070000000000022,0.10816882598768068
-0.0797000000000001,0.10848006247365101
-0.07870000000000021,0.10961183151354303
-0.0777000000000001,0.11084263034442562
-0.07670000000000021,0.11129533796038243
-0.0757000000000001,0.1126393136952542
-0.07470000000000021,0.11360131737916243
-0.0737000000000001,0.11439355570708687
-0.07270000000000021,0.11582241411995055
-0.0717000000000001,0.11696833027284123
-0.07070000000000021,0.11777471571376431
-0.0697000000000001,0.11903380877064418
-0.0687000000000002,0.11976945864657401
-0.0677000000000001,0.12128319973742961
-0.0667000000000002,0.12190567270937022
-0.06570000000000009,0.12307988308825818
-0.0647000000000002,0.12455118284011783
-0.06370000000000009,0.12542830384603415
-0.0627000000000002,0.12665910267691674
-0.06170000000000009,0.12811625531577772
-0.0607000000000002,0.12896508209569676
-0.059700000000000086,0.13049297029955098
-0.058700000000000196,0.1312569144014781
-0.057700000000000085,0.13224721231138362
-0.056700000000000195,0.13394486587122167
-0.05570000000000008,0.134821986877138
-0.05470000000000019,0.13608107993401788
-0.05370000000000008,0.1375806739118748
-0.05270000000000019,0.13842950069179386
-0.05170000000000008,0.14011300713863326
-0.05070000000000019,0.14118818772653066
-0.04970000000000008,0.1427443701563822
-0.04870000000000019,0.14415908145624726
-0.047700000000000076,0.14500790823616627
-0.046700000000000186,0.14599820614607179
-0.045700000000000074,0.14826174422585583
-0.044700000000000184,0.14911057100577488
-0.04370000000000007,0.1509496956955994
-0.04270000000000018,0.15236440699546444
-0.04170000000000007,0.15321323377538346
-0.04070000000000018,0.155052358465208
-0.03970000000000007,0.15646706976507307
-0.03870000000000018,0.15759883880496509
-0.03770000000000007,0.15957943462477614
-0.03670000000000018,0.16099414592464115
-0.035700000000000065,0.1626917994844792
-0.034700000000000175,0.16396503965435774
-0.03370000000000006,0.16523827982423628
-0.03270000000000017,0.16750181790402036
-0.03170000000000006,0.16863358694391237
-0.03070000000000017,0.17004829824377743
-0.02970000000000006,0.17231183632356148
-0.02870000000000017,0.1731606631034805
-0.027700000000000058,0.17542420118326454
-0.026700000000000168,0.1766974413531431
-0.025700000000000056,0.18193187316264373
-0.024700000000000166,0.1808001041227517
-0.023700000000000054,0.18193187316264373
-0.022700000000000164,0.18405394011244128
-0.021700000000000053,0.1861760070622388
-0.020700000000000163,0.18702483384215784
-0.01970000000000005,0.18942984305192842
-0.01870000000000016,0.19098602548177993
-0.01770000000000005,0.192400736781645
-0.01670000000000016,0.19438133260145604
-0.015700000000000047,0.19593751503130757
-0.014700000000000157,0.19805958198110513
-0.013700000000000045,0.20004017780091618
-0.012700000000000156,0.20159636023076774
-0.011700000000000044,0.2037184271805653
-0.010700000000000154,0.20555755187038985
-0.009700000000000042,0.2075381476902009
-0.008700000000000152,0.20994315689997145
-0.00770000000000004,0.21107492593986346
-0.00670000000000015,0.21347993514963404
-0.005700000000000038,0.2154605309694451
-0.0047000000000001485,0.21715818452928315
-0.0037000000000000366,0.21970466486904017
-0.0027000000000001467,0.22154378955886472
-0.0017000000000000348,0.2229585008587298
-0.000700000000000145,0.22607086571843285
0.00029999999999996696,0.22748557701829786
0.0012999999999998568,0.22960764396809544
0.0022999999999999687,0.23187118204787951
0.0032999999999998586,0.23385177786769054
0.0042999999999999705,0.2359738448174881
0.00529999999999986,0.2382373828972722
0.006299999999999972,0.24078386323702924
0.007299999999999862,0.24276445905684027
0.008299999999999974,0.24502799713662435
0.009299999999999864,0.2474330063463949
0.010299999999999976,0.24983801555616547
0.011299999999999866,0.2521015536359495
0.012299999999999978,0.2547895051056931
