Potential V vs RHE, Current mA cm-2
0.013299999999999867,-0.22663675023837887
0.012299999999999978,-0.2963820173217252
0.011299999999999866,-0.30727529433068596
0.010299999999999976,-0.30883147676053746
0.009299999999999864,-0.31548061986990317
0.008299999999999974,-0.31873445585959276
0.007299999999999862,-0.31986622489948474
0.006299999999999972,-0.32750566591875596
0.00529999999999986,-0.326656839138837
0.0042999999999999705,-0.32764713704874243
0.0032999999999998586,-0.33316451111821616
0.0022999999999999687,-0.3338718667681486
0.0012999999999998568,-0.33613540484793275
0.00029999999999996696,-0.33839894292771683
-0.000700000000000145,-0.3379745295377573
-0.0017000000000000348,-0.3429260190872849
-0.0027000000000001467,-0.3425016056973254
-0.0037000000000000366,-0.34363337473721745
-0.0047000000000001485,-0.347736037506826
-0.005700000000000038,-0.345472499427042
-0.00670000000000015,-0.34830192202677207
-0.00770000000000004,-0.34844339315675854
-0.008700000000000152,-0.3499995755866101
-0.009700000000000042,-0.3536778249662592
-0.010700000000000154,-0.3552340073961107
-0.011700000000000044,-0.3542437094862052
-0.012700000000000156,-0.35537547852609724
-0.013700000000000045,-0.35622430530601623
-0.014700000000000157,-0.3584878433858003
-0.015700000000000047,-0.3603269680756248
-0.01670000000000016,-0.3591951990357328
-0.01770000000000005,-0.36287344841538194
-0.01870000000000016,-0.35961961242569235
-0.01970000000000005,-0.36244903502542236
-0.020700000000000163,-0.3649955153651795
-0.021700000000000053,-0.3649955153651795
-0.022700000000000164,-0.3661272844050715
-0.023700000000000054,-0.36839082248485555
-0.024700000000000166,-0.36683464005500405
-0.025700000000000056,-0.3709373028246126
-0.026700000000000168,-0.368249351354869
-0.027700000000000058,-0.37022994717468005
-0.02870000000000017,-0.37518143672420773
-0.02970000000000006,-0.37065436056463963
-0.03070000000000017,-0.3754643789841807
-0.03170000000000006,-0.3750399655942212
-0.03270000000000017,-0.3757473212441537
-0.03370000000000006,-0.3795670417537893
-0.034700000000000175,-0.37631320576409977
-0.035700000000000065,-0.3775864459339783
-0.03670000000000018,-0.3812646953136274
-0.03770000000000007,-0.3795670417537893
-0.03870000000000018,-0.3835282333934114
-0.03970000000000007,-0.3818305798335734
-0.04070000000000018,-0.3829623488734654
-0.04170000000000007,-0.385933242603182
-0.04270000000000018,-0.3838111756533844
-0.04370000000000007,-0.38409411791335746
-0.044700000000000184,-0.38961149198283107
-0.045700000000000074,-0.38536735808323597
-0.046700000000000186,-0.38890413633289855
-0.047700000000000076,-0.3893285497228581
-0.04870000000000019,-0.38947002085284455
-0.04970000000000008,-0.3930067991025072
-0.05070000000000019,-0.3913091455426691
-0.05170000000000008,-0.3915920878026421
-0.05270000000000019,-0.39286532797252066
-0.05370000000000008,-0.3937141547524397
-0.05470000000000019,-0.39583622170223726
-0.05570000000000008,-0.3949873949223182
-0.056700000000000195,-0.39611916396221025
-0.057700000000000085,-0.3986656443019673
-0.058700000000000196,-0.39696799074212924
-0.059700000000000086,-0.3979582886520348
-0.0607000000000002,-0.40022182673181883
-0.06170000000000009,-0.4030512493315489
-0.0627000000000002,-0.4022024225516299
-0.06370000000000009,-0.40064624012177835
-0.0647000000000002,-0.4017780091616704
-0.06570000000000009,-0.404748902891387
-0.0667000000000002,-0.40290977820156243
-0.0677000000000001,-0.4031927204615355
-0.0687000000000002,-0.406729498711198
-0.0697000000000001,-0.4037586049814815
-0.07070000000000021,-0.406729498711198
-0.0717000000000001,-0.40701244097117106
-0.07270000000000021,-0.4051733162813465
-0.0737000000000001,-0.4113980460007527
-0.07470000000000021,-0.4077197966211036
-0.0757000000000001,-0.4074368543611306
-0.07670000000000021,-0.4121054016506852
-0.0777000000000001,-0.4087100945310091
-0.07870000000000021,-0.41323717069057725
-0.0797000000000001,-0.40970039244091466
-0.08070000000000022,-0.4112565748707662
-0.0817000000000001,-0.4147933531204288
-0.08270000000000022,-0.4122468727806717
-0.08370000000000011,-0.41394452634050977
-0.08470000000000022,-0.4150762953804018
-0.08570000000000011,-0.4150762953804018
-0.08670000000000022,-0.4160665932903073
-0.08770000000000011,-0.4162080644202938
-0.08870000000000022,-0.4153592376403748
-0.08970000000000011,-0.4197448426699564
-0.09070000000000022,-0.4162080644202938
-0.09170000000000011,-0.41776424685014535
-0.09270000000000023,-0.4188960158900374
-0.09370000000000012,-0.4198863137999429
-0.09470000000000023,-0.42073514057986194
-0.09570000000000012,-0.4198863137999429
-0.09670000000000023,-0.42073514057986194
-0.09770000000000012,-0.424130447699538
-0.09870000000000023,-0.42158396735978093
-0.09970000000000012,-0.4218669096197539
-0.10070000000000023,-0.4239889765695515
-0.10170000000000012,-0.423564563179592
-0.10270000000000024,-0.4254036878694165
-0.10370000000000013,-0.42554515899940304
-0.10470000000000024,-0.4245548610894975
-0.10570000000000013,-0.42823311046914664
-0.10670000000000024,-0.42625251464933556
-0.10770000000000013,-0.42554515899940304
-0.10870000000000024,-0.4303551774189442
-0.10970000000000013,-0.42894046611907916
-0.11070000000000024,-0.42922340837905215
-0.11170000000000013,-0.4310625330688767
-0.11270000000000002,-0.42879899498909263
-0.11370000000000013,-0.4354481380984583
-0.11470000000000002,-0.43261871549872827
-0.11570000000000014,-0.4316284175888227
-0.11670000000000003,-0.43615549374839085
-0.11770000000000014,-0.4333260711486608
-0.11870000000000003,-0.4362969648783774
-0.11970000000000014,-0.43742873391826936
-0.12070000000000003,-0.4371457916582963
-0.12170000000000014,-0.4405410987779724
-0.12270000000000003,-0.43827756069818835
-0.12370000000000014,-0.4405410987779724
-0.12470000000000003,-0.44238022346779693
-0.12570000000000014,-0.442097281207824
-0.12670000000000003,-0.44619994397743257
-0.12770000000000015,-0.44308757911772945
-0.12870000000000004,-0.4459170017174596
-0.12970000000000015,-0.44973672222709515
-0.13070000000000004,-0.44733171301732455
-0.13170000000000015,-0.4486049531872031
-0.13270000000000004,-0.4515758469169197
-0.13370000000000015,-0.4511514335269602
-0.13470000000000004,-0.45553703855654176
-0.13570000000000015,-0.4549711540365957
-0.13670000000000004,-0.4556785096865283
-0.13770000000000016,-0.4606299992360559
-0.13870000000000005,-0.4592152879361909
-0.13970000000000016,-0.46091294149602896
-0.14070000000000005,-0.46529854652561053
-0.14170000000000016,-0.46317647957581304
-0.14270000000000005,-0.4671376712154351
-0.14370000000000016,-0.4685523825153001
-0.14470000000000005,-0.47124033398504367
-0.14570000000000016,-0.47392828545478727
-0.14670000000000005,-0.4733624009348413
-0.14770000000000016,-0.4750600544946793
-0.14870000000000005,-0.4812847842140855
-0.14970000000000017,-0.48015301517419345
-0.15070000000000006,-0.48354832229386957
-0.15170000000000017,-0.48567038924366707
-0.15270000000000006,-0.4866606871535727
-0.15370000000000017,-0.4943001281728438
-0.15470000000000006,-0.4901974654032352
-0.15570000000000017,-0.49472454156280327
-0.15670000000000006,-0.4985442620724389
-0.15770000000000017,-0.5006663290222364
-0.15870000000000006,-0.505617818571764
-0.15970000000000018,-0.5066081164816696
-0.16070000000000007,-0.5074569432615886
-0.16170000000000018,-0.5159452110607788
-0.16270000000000007,-0.5162281533207519
-0.16370000000000018,-0.5220284696501986
-0.16470000000000007,-0.5262726035497938
-0.16570000000000018,-0.5257067190298478
-0.16670000000000007,-0.5312240930993213
-0.16770000000000018,-0.5323558621392133
-0.16870000000000007,-0.5385805918586195
-0.16970000000000018,-0.5438150236681201
-0.17070000000000007,-0.5460785617479043
-0.17170000000000019,-0.5496153399975668
-0.17270000000000008,-0.5554156563270134
-0.1737000000000002,-0.557537723276811
-0.17470000000000008,-0.5651771642960822
-0.1757000000000002,-0.5678651157658258
-0.17670000000000008,-0.5714018940154882
-0.1777000000000002,-0.5786169216447999
-0.17870000000000008,-0.5824366421544356
-0.1797000000000002,-0.5865393049240442
-0.18070000000000008,-0.5938958036833424
-0.1817000000000002,-0.5978569953229644
-0.18270000000000008,-0.6050720229522761
-0.1837000000000002,-0.6098820413718172
-0.1847000000000001,-0.6151164731813179
-0.1857000000000002,-0.6234632698505217
-0.1867000000000001,-0.6291221150499817
-0.1877000000000002,-0.6333662489495769
-0.1887000000000001,-0.6442595259585376
-0.1897000000000002,-0.6466645351683082
-0.1907000000000001,-0.6544454473175659
-0.1917000000000001,-0.6630751862467427
-0.19269999999999998,-0.6691584448361624
-0.1937000000000001,-0.6775052415053661
-0.19469999999999998,-0.6830226155748397
-0.1957000000000001,-0.6899547009441784
-0.19669999999999999,-0.7022626892530042
-0.1977000000000001,-0.7082044767124374
-0.1987,-0.717117157901587
-0.1997000000000001,-0.7247565989208583
-0.2007,-0.733103395590062
-0.2017000000000001,-0.7459772684188338
-0.2027,-0.7506458157083884
-0.2037000000000001,-0.7604073236774572
-0.2047,-0.774130023286148
-0.2057000000000001,-0.7804962241355408
-0.2067,-0.7939359814842585
-0.2077000000000001,-0.8018583647635027
-0.2087,-0.8116198727325715
-0.2097000000000001,-0.8267572836411275
-0.2107,-0.8349626091803447
-0.2117000000000001,-0.8454314727993459
-0.2127,-0.8600029991879558
-0.2137000000000001,-0.8704718628069571
-0.2147,-0.8914095900449596
-0.2157000000000001,-0.8989075599342444
-0.2167,-0.909800836943205
-0.21770000000000012,-0.9256456035016934
-0.2187,-0.9361144671206947
-0.21970000000000012,-0.9511104068992642
-0.2207,-0.9673795868477121
-0.22170000000000012,-0.979687575156538
-0.2227,-0.9948249860650937
-0.22370000000000012,-1.0123674061834202
-0.2247,-1.026090105792111
-0.22570000000000012,-1.0433495836504647
-0.2267,-1.0587699368189936
-0.22770000000000012,-1.077161183717239
-0.22870000000000001,-1.0965427285253897
-0.22970000000000013,-1.112104552823905
-0.23070000000000002,-1.1290810884222857
-0.23170000000000013,-1.1497358734003151
-0.23270000000000002,-1.1671368223886553
-0.23370000000000013,-1.1913283856163475
-0.23470000000000002,-1.2064657965249033
-0.23570000000000013,-1.2268376392429596
-0.23670000000000002,-1.2525853849005035
-0.2376999999999999,-1.2699863338888435
-0.23870000000000002,-1.2947437816364815
-0.2396999999999999,-1.3176621046942951
-0.24070000000000003,-1.3388827741922709
-0.24169999999999991,-1.366752586799612
-0.24270000000000003,-1.3842950069179385
-0.24369999999999992,-1.4118818772653066
-0.24470000000000003,-1.4387613919627424
-0.24569999999999992,-1.461396772760583
-0.24670000000000003,-1.4896909987578837
-0.24769999999999992,-1.5165705134553193
-0.24870000000000003,-1.54486473945262
-0.24969999999999992,-1.5745736767497858
-0.25070000000000003,-1.6000384801473564
-0.2516999999999999,-1.6283327061446573
-0.25270000000000004,-1.6622857773414181
-0.2536999999999999,-1.690580003338719
-0.25470000000000004,-1.7231183632356148
-0.2556999999999999,-1.7542420118326456
-0.25670000000000004,-1.7867803717295414
-0.25769999999999993,-1.823562865526032
-0.25870000000000004,-1.8546865141230628
-0.25969999999999993,-1.8886395853198237
-0.26070000000000004,-1.92683679041618
-0.26169999999999993,-1.9607898616129409
-0.26270000000000004,-1.9989870667092968
-0.26369999999999993,-2.0371842718056525
-0.26470000000000005,-2.0753814769020087
-0.26569999999999994,-2.116408104598095
-0.26670000000000005,-2.158849443594046
-0.26769999999999994,-2.1956319373905373
-0.26870000000000005,-2.2394879876863527
-0.26969999999999994,-2.279099904082574
-0.27070000000000005,-2.3243706656782552
-0.27169999999999994,-2.3682267159740715
-0.27270000000000005,-2.412082766269888
-0.27369999999999994,-2.460182950465299
-0.27470000000000006,-2.504039000761115
-0.27569999999999995,-2.550724473656661
-0.27670000000000006,-2.6016540804518025
-0.27769999999999995,-2.6469248420474836
-0.27870000000000006,-2.697854448842625
-0.27969999999999995,-2.7501987669376318
-0.28070000000000006,-2.795469528533313
-0.28169999999999995,-2.854887403127644
-0.28270000000000006,-2.90157287602319
-0.28369999999999995,-2.956746616717927
-0.28470000000000006,-3.0119203574126634
-0.28569999999999995,-3.0628499642078046
-0.28670000000000007,-3.125097261401866
-0.28769999999999996,-3.178856290796737
-0.28870000000000007,-3.235444742791339
-0.28969999999999996,-3.2948626173856703
-0.29070000000000007,-3.355695203279867
-0.29169999999999996,-3.4136983665743337
-0.29270000000000007,-3.4787750863681253
-0.29369999999999996,-3.536778249662592
-0.2947000000000001,-3.6032696807562488
-0.29569999999999996,-3.6655169779503103
-0.2967000000000001,-3.7291789864442366
-0.29769999999999996,-3.798499840137624
-0.2987000000000001,-3.8621618486315503
-0.29969999999999997,-3.9286532797252063
-0.3007000000000001,-3.999388844718459
-0.30169999999999997,-4.0644655645122505
-0.3027000000000001,-4.139445263405097
-0.30369999999999997,-4.21018082839835
-0.3047000000000001,-4.280916393391601
-0.30569999999999997,-4.357310803584314
-0.3067000000000001,-4.42946107987743
-0.3077,-4.505855490070142
-0.3087000000000001,-4.583664611562719
-0.3097,-4.6614737330552956
-0.3107000000000001,-4.7406975658477375
-0.3117,-4.821336109940045
-0.3127000000000001,-4.900559942732487
-0.3137,-4.986857332024254
-0.3147000000000001,-5.06466645351683
-0.3157,-5.152378554108464
-0.3167000000000001,-5.237261232100366
-0.3177,-5.323558621392133
-0.3187000000000001,-5.415514855883361
-0.3197,-5.503226956474993
-0.3207000000000001,-5.593768479666355
-0.3217,-5.687139425457448
-0.3227000000000001,-5.78051037124854
-0.3237,-5.8752960283394975
-0.3247000000000001,-5.97432581933005
-0.3257,-6.067696765121143
-0.3267000000000001,-6.169555978711425
-0.3277,-6.268585769701978
-0.3287000000000001,-6.3676155606925295
-0.3297,-6.475133619482273
-0.3307000000000001,-6.575578121772692
-0.3317,-6.683096180562433
-0.3327000000000001,-6.794858373251771
-0.3337,-6.899547009441784
-0.3347000000000001,-7.015553336030716
-0.3357,-7.124486106120324
-0.3367000000000001,-7.2390777214093935
-0.3377,-7.357913470598056
-0.3387000000000001,-7.473919797186989
-0.3397,-7.592755546375652
-0.3407000000000001,-7.717250140763775
-0.3417,-7.837500601252304
-0.3427000000000001,-7.963409906940291
-0.3437,-8.090733923928145
-0.3447000000000001,-8.218057940915998
-0.3457,-8.349626091803447
-0.3467000000000001,-8.475535397491434
-0.3477,-8.609932970978614
-0.3487000000000001,-8.744330544465791
-0.3497,-8.8815575405527
-0.3507000000000001,-9.02161395923934
-0.3517,-9.161670377925978
-0.3527000000000001,-9.304556219212346
-0.3537,-9.451686194398311
-0.3547000000000001,-9.595986746984543
-0.3557,-9.743116722170507
-0.35670000000000013,-9.895905542555932
-0.3577,-10.045864940341625
-0.35870000000000013,-10.20431260592651
-0.3597,-10.3585161376118
-0.36070000000000013,-10.518378514496549
-0.3617,-10.675411468781567
-0.3626999999999999,-10.838103268266046
-0.3637,-11.000795067750527
-0.3646999999999999,-11.171975135034195
-0.3657,-11.336081645818538
-0.3666999999999999,-11.51009113570194
-0.3677,-11.679856491685744
-0.3686999999999999,-11.860939538068468
-0.36970000000000003,-12.037778450551597
-0.3706999999999999,-12.213202651734862
-0.37170000000000003,-12.394285698117587
-0.3726999999999999,-12.581027589699772
-0.37370000000000003,-12.762110636082495
-0.3746999999999999,-12.95168195026441
-0.37570000000000003,-13.139838553146461
-0.3766999999999999,-13.333654001227972
-0.37770000000000004,-13.52746944930948
-0.3786999999999999,-13.722699608690856
-0.37970000000000004,-13.922173901971824
-0.3806999999999999,-14.121648195252797
-0.38170000000000004,-14.331025467632822
-0.38269999999999993,-14.529085049613924
-0.38370000000000004,-14.741291744593681
-0.38469999999999993,-14.953498439573437
-0.38570000000000004,-15.165705134553193
-0.38669999999999993,-15.363764716534297
-0.38770000000000004,-15.590118524512702
-0.38869999999999993,-15.802325219492458
-0.38970000000000005,-16.02867902747086
-0.39069999999999994,-16.25503283544927
-0.39170000000000005,-16.481386643427676
-0.39269999999999994,-16.70774045140608
-0.39370000000000005,-16.93409425938449
-0.39469999999999994,-17.174595180361546
-0.39570000000000005,-17.40094898833995
-0.39669999999999994,-17.641449909317007
-0.39770000000000005,-17.881950830294063
-0.39869999999999994,-18.122451751271118
-0.39970000000000006,-18.377099785246827
-0.40069999999999995,-18.617600706223882
-0.40170000000000006,-18.872248740199588
-0.40269999999999995,-19.126896774175293
-0.40370000000000006,-19.381544808151002
-0.40469999999999995,-19.636192842126707
-0.40570000000000006,-19.904987989101066
-0.40669999999999995,-20.159636023076775
-0.40770000000000006,-20.42843117005113
-0.40869999999999995,-20.69722631702549
-0.40970000000000006,-20.966021463999844
-0.41069999999999995,-21.2348166109742
-0.41170000000000007,-21.51775887094721
-0.41269999999999996,-21.800701130920213
-0.41370000000000007,-22.069496277894572
-0.41469999999999996,-22.352438537867577
-0.41570000000000007,-22.649527910839236
-0.41669999999999996,-22.932470170812245
-0.41770000000000007,-23.229559543783903
-0.41869999999999996,-23.526648916755562
-0.4197000000000001,-23.83788540272587
-0.42069999999999996,-24.134974775697525
-0.4217000000000001,-24.432064148669184
-0.42269999999999996,-24.74330063463949
-0.4237000000000001,-25.06868423360845
-0.42469999999999997,-25.37992071957876
-0.4257000000000001,-25.691157205549064
-0.42669999999999997,-26.016540804518023
-0.4277000000000001,-26.34192440348698
-0.42869999999999997,-26.667308002455943
-0.4297000000000001,-26.992691601424898
-0.43069999999999997,-27.332222313392506
-0.4317000000000001,-27.671753025360115
-0.4327,-28.011283737327723
-0.4337000000000001,-28.364961562293985
-0.4347,-28.704492274261593
-0.4357000000000001,-29.044022986229205
-0.4367,-29.411847924194117
-0.4377000000000001,-29.76552574916037
-0.4387,-30.13335068712528
-0.4397000000000001,-30.50117562509019
-0.4407,-30.8690005630551
-0.4417000000000001,-31.23682550102001
-0.4427,-31.618797551983565
-0.4437000000000001,-32.00076960294713
-0.4447,-32.38274165391069
-0.4457000000000001,-32.7788608178729
-0.4467,-33.160832868836465
-0.4477000000000001,-33.55695203279867
-0.4487,-33.96721830975953
-0.4497000000000001,-34.36333747372174
-0.4507,-34.773603750682604
-0.4517000000000001,-35.183870027643465
-0.4527,-35.594136304604326
-0.4537000000000001,-36.01854969456383
-0.4547,-36.44296308452335
-0.4557000000000001,-36.88152358748151
-0.4567,-37.32008409043967
-0.4577000000000001,-37.77279170639648
-0.4587,-38.211352209354644
-0.4597000000000001,-38.664059825311455
-0.4607,-39.10262032826961
-0.4617000000000001,-39.54118083122778
-0.4627,-40.00803556018324
-0.4637000000000001,-40.4748902891387
-0.4647,-40.95589213109281
-0.4657000000000001,-41.42274686004827
-0.4667,-41.88960158900374
-0.4677000000000001,-42.37060343095784
-0.4687,-42.87989949890926
-0.4697000000000001,-43.36090134086337
-0.4707,-43.87019740881479
-0.4717000000000001,-44.3794934767662
-0.4727,-44.87464243171897
-0.4737000000000001,-45.38393849967037
-0.4747,-45.90738168062044
-0.4757000000000001,-46.43082486157051
-0.4767,-46.95426804252057
-0.4777000000000001,-47.49185833646928
-0.4787,-48.029448630417996
-0.4797000000000001,-48.567038924366706
-0.4807,-49.104629218315424
-0.48170000000000013,-49.67051373826144
-0.4827,-50.22225114520881
-0.48370000000000013,-50.78813566515482
-0.4847,-51.33987307210218
-0.48570000000000013,-51.934051818045496
-0.4867,-51.65110955807249
-0.48570000000000013,-50.78813566515482
-0.4847,-49.939308885235796
-0.48370000000000013,-49.104629218315424
-0.4827,-48.26994955139505
-0.48170000000000013,-47.435269884474685
-0.4807,-46.61473733055296
-0.4797000000000001,-45.80835188962989
-0.4787,-45.01611356170547
-0.4777000000000001,-44.223875233781044
-0.4767,-43.45993113185393
-0.4757000000000001,-42.71013414292546
-0.4747,-41.98863137999429
-0.4737000000000001,-41.25298150406447
-0.4727,-40.51733162813464
-0.4717000000000001,-39.79582886520348
-0.4707,-39.116767441268266
-0.4697000000000001,-38.43770601733305
-0.4687,-37.77279170639648
-0.4677000000000001,-37.122024508458566
-0.4667,-36.47125731052064
-0.4657000000000001,-35.848784338580025
-0.4647,-35.226311366639415
-0.4637000000000001,-34.61798550769744
-0.4627,-34.03795387475279
-0.4617000000000001,-33.44377512880947
-0.4607,-32.8637434958648
-0.4597000000000001,-32.297858975918786
-0.4587,-31.731974455972775
-0.4577000000000001,-31.180237049025404
-0.4567,-30.62849964207804
-0.4557000000000001,-30.10505646112798
-0.4547,-29.581613280177915
-0.4537000000000001,-29.058170099227848
-0.4527,-28.548874031276437
-0.4517000000000001,-28.05372507632368
-0.4507,-27.572723234369565
-0.4497000000000001,-27.091721392415455
-0.4487,-26.61071955046134
-0.4477000000000001,-26.15801193450453
-0.4467,-25.691157205549064
-0.4457000000000001,-25.238449589592253
-0.4447,-24.785741973635442
-0.4437000000000001,-24.34718147067728
-0.4427,-23.92276808071777
-0.4417000000000001,-23.49835469075826
-0.4407,-23.088088413797397
-0.4397000000000001,-22.67782213683654
-0.4387,-22.281702972874328
-0.4377000000000001,-21.885583808912116
-0.4367,-21.489464644949905
-0.4357000000000001,-21.107492593986347
-0.4347,-20.73966765602144
-0.4337000000000001,-20.371842718056527
-0.4327,-20.00401778009162
-0.4317000000000001,-19.65033995512536
-0.43069999999999997,-19.296662130159103
-0.4297000000000001,-18.95713141819149
-0.42869999999999997,-18.617600706223882
-0.4277000000000001,-18.27806999425627
-0.42669999999999997,-17.952686395287316
-0.4257000000000001,-17.627302796318357
-0.42469999999999997,-17.316066310348052
-0.4237000000000001,-17.00482982437774
-0.42269999999999996,-16.693593338407435
-0.4217000000000001,-16.396503965435777
-0.42069999999999996,-16.099414592464115
-0.4197000000000001,-15.802325219492458
-0.41869999999999996,-15.519382959519453
-0.41770000000000007,-15.264734925543747
-0.41669999999999996,-14.967645552572087
-0.41570000000000007,-14.69885040559773
-0.41469999999999996,-14.430055258623375
-0.41370000000000007,-14.161260111649016
-0.41269999999999996,-13.905197366373446
-0.41170000000000007,-13.646305198498144
-0.41069999999999995,-13.401560143621493
-0.40970000000000006,-13.149741532245516
-0.40869999999999995,-12.910655322568324
-0.40770000000000006,-12.672983824190998
-0.40669999999999995,-12.440971171013134
-0.40570000000000006,-12.206129095235537
-0.40469999999999995,-11.984019421156725
-0.40370000000000006,-11.754836190578589
-0.40269999999999995,-11.542629495598835
-0.40170000000000006,-11.329008089319213
-0.40069999999999995,-11.118216105639322
-0.39970000000000006,-10.913082967158893
-0.39869999999999994,-10.712193962578057
-0.39770000000000005,-10.509890246697358
-0.39669999999999994,-10.316074798615848
-0.39570000000000005,-10.125088773134069
-0.39469999999999994,-9.938346881551883
-0.39370000000000005,-9.753019701269562
-0.39269999999999994,-9.570521943586973
-0.39170000000000005,-9.396512453703574
-0.39069999999999994,-9.222502963820174
-0.38970000000000005,-9.04707876263691
-0.38869999999999993,-8.880142829252835
-0.38770000000000004,-8.714621607168628
-0.38669999999999993,-8.55334451898401
-0.38570000000000004,-8.396311564698992
-0.38469999999999993,-8.235034476514379
-0.38370000000000004,-8.087904501328415
-0.38269999999999993,-7.93228625834326
-0.38170000000000004,-7.7837415718574325
-0.3806999999999999,-7.6408557305710625
-0.37970000000000004,-7.4937257553851
-0.3786999999999999,-7.360742893197786
-0.37770000000000004,-7.219271763211282
-0.3766999999999999,-7.084874189724104
-0.37570000000000003,-6.958964884036115
-0.3746999999999999,-6.825982021848802
-0.37370000000000003,-6.6958285822612185
-0.3726999999999999,-6.574163410472826
-0.37170000000000003,-6.445424682185107
-0.3706999999999999,-6.330833066896039
-0.36970000000000003,-6.206338472507916
-0.3686999999999999,-6.094576279818578
-0.3677,-5.984228798429105
-0.3666999999999999,-5.872466605739767
-0.3657,-5.757874990450699
-0.3646999999999999,-5.656015776860417
-0.3637,-5.545668295470944
-0.3626999999999999,-5.445223793180525
-0.3617,-5.344779290890109
-0.36070000000000013,-5.240090654700095
-0.3597,-5.148134420208869
-0.35870000000000013,-5.051934051818047
-0.3577,-4.954318972127359
-0.35670000000000013,-4.863777448935997
-0.3557,-4.771821214444769
-0.3547000000000001,-4.682694402553271
-0.3537,-4.599226435861234
-0.3527000000000001,-4.507270201370006
-0.3517,-4.426631657277699
-0.3507000000000001,-4.343163690585662
-0.3497,-4.259695723893626
-0.3487000000000001,-4.180471891101184
-0.3477,-4.099833347008876
-0.3467000000000001,-4.029097782015624
-0.3457,-3.9512886605230477
-0.3447000000000001,-3.8748942503303354
-0.3437,-3.8041586853370832
-0.3427000000000001,-3.733423120343832
-0.3417,-3.65985813275085
-0.3407000000000001,-3.594781412957058
-0.3397,-3.5240458479638064
-0.3387000000000001,-3.4617985507697444
-0.3377,-3.3938924083762227
-0.3367000000000001,-3.3274009772825663
-0.3357,-3.2665683913883696
-0.3347000000000001,-3.204321094194308
-0.3337,-3.1434885083001114
-0.3327000000000001,-3.08407063370578
-0.3317,-3.0232380478115832
-0.3307000000000001,-2.968064307116847
-0.3297,-2.9100611438223805
-0.3287000000000001,-2.852057980527914
-0.3277,-2.8025430850326374
-0.3267000000000001,-2.745954633038036
-0.3257,-2.6921956036431647
-0.3247000000000001,-2.641265996848024
-0.3237,-2.587506967453152
-0.3227000000000001,-2.5379920719578757
-0.3217,-2.4898918877624645
-0.3207000000000001,-2.4403769922671885
-0.3197,-2.392276808071777
-0.3187000000000001,-2.347006046476096
-0.3177,-2.296076439680954
-0.3167000000000001,-2.2522203893851382
-0.3157,-2.206949627789457
-0.3147000000000001,-2.1645082887935065
-0.3137,-2.1192375271978254
-0.3127000000000001,-2.072552054302279
-0.3117,-2.0343548492059225
-0.3107000000000001,-1.993328221509837
-0.3097,-1.9466427486142908
-0.3087000000000001,-1.9126896774175295
-0.3077,-1.8688336271217136
-0.3067000000000001,-1.8334658446250875
-0.30569999999999997,-1.7952686395287314
-0.3047000000000001,-1.7514125892329155
-0.30369999999999997,-1.7202889406358846
-0.3027000000000001,-1.6806770242396636
-0.30169999999999997,-1.6453092417430377
-0.3007000000000001,-1.6099414592464116
-0.29969999999999997,-1.5717442541500557
-0.2987000000000001,-1.53920589425316
-0.29769999999999996,-1.5080822456561291
-0.2967000000000001,-1.4698850405597732
-0.29569999999999996,-1.4387613919627424
-0.2947000000000001,-1.406930387715779
-0.29369999999999996,-1.372411431999072
-0.29270000000000007,-1.3435513214818253
-0.29169999999999996,-1.3084664812451725
-0.29070000000000007,-1.279747841857912
-0.28969999999999996,-1.250746260210679
-0.28870000000000007,-1.2194811404836614
-0.28769999999999996,-1.1930260391761855
-0.28670000000000007,-1.1610535637992356
-0.28569999999999995,-1.1314860976320564
-0.28470000000000006,-1.1064457076244452
-0.28369999999999995,-1.075180587897428
-0.28270000000000006,-1.0516963803196684
-0.28169999999999995,-1.0243924522322732
-0.28070000000000006,-0.9949664571950803
-0.27969999999999995,-0.9709163650973747
-0.27870000000000006,-0.947715099779588
-0.27769999999999995,-0.9180061624824223
-0.27670000000000006,-0.8959366662045278
-0.27569999999999995,-0.871320689586876
-0.27470000000000006,-0.8484023665290624
-0.27369999999999994,-0.8254840434712489
-0.27270000000000005,-0.7971898174739481
-0.27169999999999994,-0.7806376952655272
-0.27070000000000005,-0.7574364299477406
-0.26969999999999994,-0.732254568810143
-0.26870000000000005,-0.714004793041884
-0.26769999999999994,-0.6872667494744349
-0.26670000000000005,-0.6667534356263918
-0.26569999999999994,-0.6502013134179708
-0.26470000000000005,-0.6261512213202652
-0.26369999999999993,-0.6110138104117093
-0.26270000000000004,-0.5900760831737067
-0.26169999999999993,-0.5698457115856368
-0.26070000000000004,-0.5514544646873913
-0.25969999999999993,-0.5316485064892809
-0.25870000000000004,-0.5158037399307923
-0.25769999999999993,-0.49727102190256034
-0.25670000000000004,-0.47746506370444985
-0.2556999999999999,-0.46246912392588047
-0.25470000000000004,-0.4442193481576215
-0.2536999999999999,-0.42596957238936256
-0.25270000000000004,-0.4122468727806717
-0.2516999999999999,-0.39244091458256114
-0.25070000000000003,-0.37914262836382984
-0.24969999999999992,-0.365985813275085
-0.24870000000000003,-0.3456139705570285
-0.24769999999999992,-0.3352865780680137
-0.24670000000000003,-0.3188759269895793
-0.24569999999999992,-0.3033141026910639
-0.24470000000000003,-0.289874345342346
-0.24369999999999992,-0.27445399217381716
-0.24270000000000003,-0.2625704172549508
-0.24169999999999991,-0.24927213103621945
-0.24070000000000003,-0.2345591335176231
-0.2396999999999999,-0.22366585650866228
-0.23870000000000002,-0.21008462802995795
-0.2376999999999999,-0.19622045729128057
-0.23670000000000002,-0.18631747819222533
-0.23570000000000013,-0.17160448067362896
-0.23470000000000002,-0.1622673860945197
-0.23370000000000013,-0.15293029151541046
-0.23270000000000002,-0.13579813767404486
-0.23170000000000013,-0.1295734079546387
-0.23070000000000002,-0.11636000441389927
-0.22970000000000013,-0.10531110916195333
-0.22870000000000001,-0.09637013374680631
-0.22770000000000012,-0.08450070594093864
-0.2267,-0.07605487948074438
-0.22570000000000012,-0.06574163410472825
-0.2247,-0.05302337951894157
-0.22370000000000012,-0.04757674101446118
-0.2227,-0.037419113881430224
-0.22170000000000012,-0.02668145511545459
-0.2207,-0.02157434732294181
-0.21970000000000012,-0.009098008369432052
-0.2187,-0.002928452390720626
-0.21770000000000012,0.005948861015932479
-0.2167,0.014755438857592333
-0.2157000000000001,0.027799077042347967
-0.2147,0.030288968930110433
-0.2137000000000001,0.038635765599314156
-0.2127,0.04367213782683368
-0.2117000000000001,0.05382976495986465
-0.2107,0.059375433255335584
-0.2097000000000001,0.06565675142673635
-0.2087,0.07629538040172142
-0.2077000000000001,0.07851647714250953
-0.2067,0.08523635581686846
-0.2057000000000001,0.09397927165003438
-0.2047,0.09894490831256067
-0.2037000000000001,0.10815467887468207
-0.2027,0.1106162765364472
-0.2017000000000001,0.11750592056678995
-0.2007,0.12545659807203147
-0.1997000000000001,0.1284416389147467
-0.1987,0.13197841716440925
-0.1977000000000001,0.1423199567664227
-0.19669999999999999,0.14458349484620675
-0.1957000000000001,0.15321323377538346
-0.19469999999999998,0.15349617603535648
-0.1937000000000001,0.15816472332491108
-0.19269999999999998,0.1689165292038854
-0.1917000000000001,0.16820917355395287
-0.1907000000000001,0.17457537440334553
-0.1897000000000002,0.18009274847281917
-0.1887000000000001,0.18263922881257624
-0.1877000000000002,0.18957131418191492
-0.1867000000000001,0.19169338113171247
-0.1857000000000002,0.19537163051136155
-0.1847000000000001,0.20286960040064628
-0.1837000000000002,0.20315254266061927
-0.18270000000000008,0.2089528589900659
-0.1817000000000002,0.21475317531951257
-0.18070000000000008,0.21432876192955308
-0.1797000000000002,0.22126084729889173
-0.17870000000000008,0.22253408746877026
-0.1777000000000002,0.22578792345845985
-0.17670000000000008,0.23413472012766354
-0.1757000000000002,0.23286147995778506
-0.17470000000000008,0.23753002724733965
-0.1737000000000002,0.24219857453689428
-0.17270000000000008,0.24333034357678635
-0.17170000000000019,0.24983801555616547
-0.17070000000000007,0.24814036199632744
-0.16970000000000018,0.25295038041586854
-0.16870000000000007,0.2552139184956526
-0.16770000000000018,0.25761892770542316
-0.16670000000000007,0.2620045327350048
-0.16570000000000018,0.26681455115454594
-0.16470000000000007,0.267946320194438
-0.16370000000000018,0.2706342716641816
-0.16270000000000007,0.2724733963540061
-0.16170000000000018,0.27530281895373615
-0.16070000000000007,0.27869812607341227
-0.15970000000000018,0.28025430850326377
-0.15870000000000006,0.2826593177130343
-0.15770000000000017,0.28647903822266996
-0.15670000000000006,0.2854887403127644
-0.15570000000000017,0.29256229681208956
-0.15470000000000006,0.2911475855122245
-0.15370000000000017,0.2917134700321706
-0.15270000000000006,0.29793819975157676
-0.15170000000000017,0.29751378636161724
-0.15070000000000006,0.2992114399214552
-0.14970000000000017,0.30458734286094236
-0.14870000000000005,0.3034555738210504
-0.14770000000000016,0.30727529433068596
-0.14670000000000005,0.3079826499806185
-0.14570000000000016,0.30982177467044303
-0.14470000000000005,0.3146317930899841
-0.14370000000000016,0.3108120725803486
-0.14270000000000005,0.31576356212987616
-0.14170000000000016,0.31958328263951175
-0.14070000000000005,0.3184515135996197
-0.13970000000000016,0.32255417636922834
-0.13870000000000005,0.32269564749921487
-0.13770000000000016,0.32241270523924187
-0.13670000000000004,0.32821302156868853
-0.13570000000000015,0.32750566591875596
-0.13470000000000004,0.3299106751285265
-0.13370000000000015,0.33217421320831064
-0.13270000000000004,0.3320327420783241
-0.13170000000000015,0.3348621646780542
-0.13070000000000004,0.3350036358080407
-0.12970000000000015,0.33740864501781126
-0.12870000000000004,0.3391062985776493
-0.12770000000000015,0.33981365422758186
-0.12670000000000003,0.34122836552744684
-0.12570000000000014,0.3458969128170015
-0.12470000000000003,0.34462367264712296
-0.12370000000000014,0.346604268466934
-0.12270000000000003,0.346038383946988
-0.12170000000000014,0.3494336910666641
-0.12070000000000003,0.35311194044631317
-0.11970000000000014,0.35042398897656957
-0.11870000000000003,0.35155575801646166
-0.11770000000000014,0.3570731320859353
-0.11670000000000003,0.35636577643600276
-0.11570000000000014,0.35933667016571935
-0.11470000000000002,0.3582049011258273
-0.11370000000000013,0.3580634299958408
-0.11270000000000002,0.366551697795031
-0.11170000000000013,0.36188315050547637
-0.11070000000000024,0.36244903502542236
-0.10970000000000013,0.3688152358748151
-0.10870000000000024,0.365985813275085
-0.10770000000000013,0.37065436056463963
-0.10670000000000024,0.3703714183046666
-0.10570000000000013,0.3712202450845856
-0.10470000000000024,0.3744740810742752
-0.10370000000000013,0.3723520141244776
-0.10270000000000024,0.37617173463411324
-0.10170000000000012,0.3775864459339783
-0.10070000000000023,0.3770205614140323
-0.09970000000000012,0.38197205096355985
-0.09870000000000023,0.37914262836382984
-0.09770000000000012,0.3818305798335734
-0.09670000000000023,0.38565030034320896
-0.09570000000000012,0.38466000243330345
-0.09470000000000023,0.3857917714731955
-0.09370000000000012,0.3874894250330335
-0.09270000000000023,0.38805530955297957
-0.09170000000000011,0.3930067991025072
-0.09070000000000022,0.38918707859287155
-0.08970000000000011,0.3913091455426691
-0.08870000000000022,0.3942800392723857
-0.08770000000000011,0.3951288660523047
-0.08670000000000022,0.3959776928322238
-0.08570000000000011,0.39965594221187284
-0.08470000000000022,0.3979582886520348
-0.08370000000000011,0.40121212464172434
-0.08270000000000022,0.39965594221187284
-0.0817000000000001,0.4027683070715759
-0.08070000000000022,0.40404154724145447
-0.0797000000000001,0.40573920080129255
-0.07870000000000021,0.4054562585413195
-0.0777000000000001,0.40984186357090113
-0.07670000000000021,0.4084271522710361
-0.0757000000000001,0.4111151037407797
-0.07470000000000021,0.4109736326107932
-0.0737000000000001,0.4109736326107932
-0.07270000000000021,0.41748130459017235
-0.0717000000000001,0.4149348242504153
-0.07070000000000021,0.41677394894023984
-0.0697000000000001,0.4198863137999429
-0.0687000000000002,0.41804718911011834
-0.0677000000000001,0.423281620919619
-0.0667000000000002,0.42115955396982147
-0.06570000000000009,0.423847505439565
-0.0647000000000002,0.4279501682091736
-0.06370000000000009,0.423847505439565
-0.0627000000000002,0.4306381196789172
-0.06170000000000009,0.4327601866287147
-0.0607000000000002,0.4293648795090386
-0.059700000000000086,0.43375048453862025
-0.058700000000000196,0.4323357732387552
-0.057700000000000085,0.43403342679859325
-0.056700000000000195,0.4385605029581614
-0.05570000000000008,0.43587255148841775
-0.05470000000000019,0.4385605029581614
-0.05370000000000008,0.4422387523378105
-0.05270000000000019,0.4406825699079589
-0.05170000000000008,0.44549258832750005
-0.05070000000000019,0.44266316572777
-0.04970000000000008,0.4463414151074191
-0.04870000000000019,0.44874642431718964
-0.047700000000000076,0.4480390686672571
-0.046700000000000186,0.4500196644870682
-0.045700000000000074,0.4535564427367308
-0.044700000000000184,0.45185878917689276
-0.04370000000000007,0.4556785096865283
-0.04270000000000018,0.45539556742655535
-0.04170000000000007,0.4579420477663123
-0.04070000000000018,0.45879087454623135
-0.03970000000000007,0.45978117245613687
-0.03870000000000018,0.45978117245613687
-0.03770000000000007,0.46444971974569155
-0.03670000000000018,0.46544001765559706
-0.035700000000000065,0.4657229599155701
-0.034700000000000175,0.4677035557353811
-0.03370000000000006,0.46742061347540814
-0.03270000000000017,0.4727965164148953
-0.03170000000000006,0.4706744494650977
-0.03070000000000017,0.4723721030249357
-0.02970000000000006,0.47661623692453087
-0.02870000000000017,0.4749185833646928
-0.027700000000000058,0.4778894770944094
-0.026700000000000168,0.4770406503144904
-0.025700000000000056,0.47944565952426094
-0.024700000000000166,0.48496303359373455
-0.023700000000000054,0.481709197604045
-0.022700000000000164,0.48609480263362664
-0.021700000000000053,0.48609480263362664
-0.020700000000000163,0.4872265716735187
-0.01970000000000005,0.4901974654032352
-0.01870000000000016,0.48949010975330265
-0.01770000000000005,0.4913292344431272
-0.01670000000000016,0.4964221951226413
-0.015700000000000047,0.49316835913295176
-0.014700000000000157,0.4971295507725738
-0.013700000000000045,0.5002419156322769
-0.012700000000000156,0.49882720433241184
-0.011700000000000044,0.503637222751953
-0.010700000000000154,0.503920165011926
-0.009700000000000042,0.5037786938819395
-0.008700000000000152,0.5075984143915752
-0.00770000000000004,0.5059007608317371
-0.00670000000000015,0.5090131256914401
-0.005700000000000038,0.5115596060311972
-0.0047000000000001485,0.5112766637712243
-0.0037000000000000366,0.5160866821907654
-0.0027000000000001467,0.5135402018510082
-0.0017000000000000348,0.5162281533207519
-0.000700000000000145,0.519623460440428
0.00029999999999996696,0.519340518180455
0.0012999999999998568,0.520189344960374
0.0022999999999999687,0.5242920077299826
0.0032999999999998586,0.5247164211199421
0.0042999999999999705,0.5278287859796452
0.00529999999999986,0.5265555458097667
0.006299999999999972,0.5274043725896858
0.007299999999999862,0.5319314487492538
0.008299999999999974,0.5307996797093618
0.009299999999999864,0.5330632177891458
0.010299999999999976,0.537307351688741
0.011299999999999866,0.5363170537788354
0.012299999999999978,0.540419716548444
0.013299999999999867,0.054890798434763424
0.012299999999999978,-0.09890246697356471
0.011299999999999866,-0.12979976176261712
0.010299999999999976,-0.14472496597619325
0.009299999999999864,-0.16325768400442522
0.008299999999999974,-0.17457537440334553
0.007299999999999862,-0.18787366062207686
0.006299999999999972,-0.19975723554094318
0.00529999999999986,-0.20598196526034934
0.0042999999999999705,-0.21475317531951257
0.0032999999999998586,-0.22465615441856782
0.0022999999999999687,-0.22989058622806843
0.0012999999999998568,-0.2356909025575151
0.00029999999999996696,-0.24318887244679982
-0.000700000000000145,-0.24658417956647588
-0.0017000000000000348,-0.25535538962563914
-0.0027000000000001467,-0.2584677544853422
-0.0037000000000000366,-0.2621460038649913
-0.0047000000000001485,-0.268795146974357
-0.005700000000000038,-0.26907808923433
-0.00670000000000015,-0.27445399217381716
-0.00770000000000004,-0.2796884239833177
-0.008700000000000152,-0.2812446064131693
-0.009700000000000042,-0.28605462483271044
-0.010700000000000154,-0.290157287602319
-0.011700000000000044,-0.2918549411621571
-0.012700000000000156,-0.2955331905418062
-0.013700000000000045,-0.2955331905418062
-0.014700000000000157,-0.30105056461127977
-0.015700000000000047,-0.3021823336511718
-0.01670000000000016,-0.3035970449510369
-0.01770000000000005,-0.3096803035404565
-0.01870000000000016,-0.3079826499806185
-0.01970000000000005,-0.310387659190389
-0.020700000000000163,-0.3144903219599976
-0.021700000000000053,-0.3142073797000246
-0.022700000000000164,-0.3185929847296063
-0.023700000000000054,-0.3177441579496872
-0.024700000000000166,-0.3211394650693633
-0.025700000000000056,-0.3246762433190259
-0.026700000000000168,-0.32128093619934983
-0.027700000000000058,-0.3252421278389719
-0.02870000000000017,-0.3290618483486075
-0.02970000000000006,-0.326656839138837
-0.03070000000000017,-0.3323156843382971
-0.03170000000000006,-0.33174979981835107
-0.03270000000000017,-0.33302303998822963
-0.03370000000000006,-0.3354280491980002
-0.034700000000000175,-0.3338718667681486
-0.035700000000000065,-0.3378330584077708
-0.03670000000000018,-0.3395307119676088
-0.03770000000000007,-0.33698423162785174
-0.03870000000000018,-0.3417942500473929
-0.03970000000000007,-0.3426430768273119
-0.04070000000000018,-0.3420771923073659
-0.04170000000000007,-0.345755441687015
-0.04270000000000018,-0.3427845479572984
-0.04370000000000007,-0.34490661490709595
-0.044700000000000184,-0.35042398897656957
-0.045700000000000074,-0.346038383946988
-0.046700000000000186,-0.34900927767670453
-0.047700000000000076,-0.34872633541673154
-0.04870000000000019,-0.3508484023665291
-0.04970000000000008,-0.35622430530601623
-0.05070000000000019,-0.3499995755866101
-0.05170000000000008,-0.35169722914644813
-0.05270000000000019,-0.35594136304604324
-0.05370000000000008,-0.3539607672262322
-0.05470000000000019,-0.35735607434590827
-0.05570000000000008,-0.3548095940061512
-0.056700000000000195,-0.3572146032159218
-0.057700000000000085,-0.36018549694563834
-0.058700000000000196,-0.3565072475659892
-0.059700000000000086,-0.3577804877358678
-0.0607000000000002,-0.3623075638954359
-0.06170000000000009,-0.3637222751953009
-0.0627000000000002,-0.3623075638954359
-0.06370000000000009,-0.36060991033559786
-0.0647000000000002,-0.36315639067535493
-0.06570000000000009,-0.3655613998851255
-0.0667000000000002,-0.3625905061554089
-0.0677000000000001,-0.3642881597152469
-0.0687000000000002,-0.3658443421450985
-0.0697000000000001,-0.36358080406531446
-0.07070000000000021,-0.3672590534449635
-0.0717000000000001,-0.3652784576251525
-0.07270000000000021,-0.36641022666504447
-0.0737000000000001,-0.3688152358748151
-0.07470000000000021,-0.3678249379649095
-0.0757000000000001,-0.36711758231497704
-0.07670000000000021,-0.3712202450845856
-0.0777000000000001,-0.3678249379649095
-0.07870000000000021,-0.36994700491470706
-0.0797000000000001,-0.3723520141244776
-0.08070000000000022,-0.36966406265473406
-0.0817000000000001,-0.3727764275144372
-0.08270000000000022,-0.3700884760446936
-0.08370000000000011,-0.37192760073451814
-0.08470000000000022,-0.3744740810742752
-0.08570000000000011,-0.37192760073451814
-0.08670000000000022,-0.3754643789841807
-0.08770000000000011,-0.37419113881430216
-0.08870000000000022,-0.3733423120343832
-0.08970000000000011,-0.37659614802407276
-0.09070000000000022,-0.37461555220426174
-0.09170000000000011,-0.37291789864442365
-0.09270000000000023,-0.37815233045392427
-0.09370000000000012,-0.37461555220426174
-0.09470000000000023,-0.37829380158391085
-0.09570000000000012,-0.3760302635041267
-0.09670000000000023,-0.37588879237414025
-0.09770000000000012,-0.3798499840137623
-0.09870000000000023,-0.37716203254401875
-0.09970000000000012,-0.3775864459339783
-0.10070000000000023,-0.38112322418364086
-0.10170000000000012,-0.3775864459339783
-0.10270000000000024,-0.38013292627373535
-0.10370000000000013,-0.3784352727138973
-0.10470000000000024,-0.3795670417537893
-0.10570000000000013,-0.3828208777434789
-0.10670000000000024,-0.3792840994938163
-0.10770000000000013,-0.3795670417537893
-0.10870000000000024,-0.3826794066134924
-0.10970000000000013,-0.38084028192366787
-0.11070000000000024,-0.3835282333934114
-0.11170000000000013,-0.38211352209354643
-0.11270000000000002,-0.3829623488734654
-0.11370000000000013,-0.38466000243330345
-0.11470000000000002,-0.3832452911334384
-0.11570000000000014,-0.3826794066134924
-0.11670000000000003,-0.38565030034320896
-0.11770000000000014,-0.383952646783371
-0.11870000000000003,-0.387065011643074
-0.11970000000000014,-0.386216184863155
-0.12070000000000003,-0.38664059825311453
-0.12170000000000014,-0.3884797229429391
-0.12270000000000003,-0.38635765599314154
-0.12370000000000014,-0.38777236729300657
-0.12470000000000003,-0.38833825181295256
-0.12570000000000014,-0.3881967806829661
-0.12670000000000003,-0.3898944342428041
-0.12770000000000015,-0.39116767441268263
-0.12870000000000004,-0.38763089616302
-0.12970000000000015,-0.3947044526623452
-0.13070000000000004,-0.3900359053727906
-0.13170000000000015,-0.3910262032826961
-0.13270000000000004,-0.3947044526623452
-0.13370000000000015,-0.3932897413624802
-0.13470000000000004,-0.39640210622218325
-0.13570000000000015,-0.3956947505722508
-0.13670000000000004,-0.3944215104023722
-0.13770000000000016,-0.40008035560183236
-0.13870000000000005,-0.39696799074212924
-0.13970000000000016,-0.40008035560183236
-0.14070000000000005,-0.3992315288219133
-0.14170000000000016,-0.39937299995189984
-0.14270000000000005,-0.4030512493315489
-0.14370000000000016,-0.4013535957717109
-0.14470000000000005,-0.4010706535117379
-0.14570000000000016,-0.40687096984118454
-0.14670000000000005,-0.404748902891387
-0.14770000000000016,-0.404183018371441
-0.14870000000000005,-0.41054921922083365
-0.14970000000000017,-0.40970039244091466
-0.15070000000000006,-0.4122468727806717
-0.15170000000000017,-0.4109736326107932
-0.15270000000000006,-0.4115395171307392
-0.15370000000000017,-0.41748130459017235
-0.15470000000000006,-0.4149348242504153
-0.15570000000000017,-0.4162080644202938
-0.15670000000000006,-0.4205936694498755
-0.15770000000000017,-0.4188960158900374
-0.15870000000000006,-0.4224327941397
-0.15970000000000018,-0.42299867865964597
-0.16070000000000007,-0.42441338995951106
-0.16170000000000018,-0.42780869707918706
-0.16270000000000007,-0.42851605272911963
-0.16370000000000018,-0.43261871549872827
-0.16470000000000007,-0.4365799071383503
-0.16570000000000018,-0.4323357732387552
-0.16670000000000007,-0.4371457916582963
-0.16770000000000018,-0.43955080086806686
-0.16870000000000007,-0.44039962764798596
-0.16970000000000018,-0.44747318414731113
-0.17070000000000007,-0.44407787702763507
-0.17170000000000019,-0.4459170017174596
-0.17270000000000008,-0.45171731804690624
-0.1737000000000002,-0.45171731804690624
-0.17470000000000008,-0.45765910550633937
-0.1757000000000002,-0.4585079322862584
-0.17670000000000008,-0.4599226435861234
-0.1777000000000002,-0.4657229599155701
-0.17870000000000008,-0.4655814887855836
-0.1797000000000002,-0.4699670938151651
-0.18070000000000008,-0.4727965164148953
-0.1817000000000002,-0.4761918235345713
-0.18270000000000008,-0.4795871306542474
-0.1837000000000002,-0.481709197604045
-0.1847000000000001,-0.48567038924366707
-0.1857000000000002,-0.49090482105316774
-0.1867000000000001,-0.49048040766320816
-0.1877000000000002,-0.4965636662526278
-0.1887000000000001,-0.501656626932142
-0.1897000000000002,-0.5034957516219666
-0.1907000000000001,-0.5101448947313323
-0.1917000000000001,-0.5112766637712243
-0.19269999999999998,-0.5159452110607788
-0.1937000000000001,-0.5233017098200771
-0.19469999999999998,-0.5218869985202121
-0.1957000000000001,-0.5292434972795103
-0.19669999999999999,-0.536458524908822
-0.1977000000000001,-0.5367414671687949
-0.1987,-0.5429661968882011
-0.1997000000000001,-0.5493323977375938
-0.2007,-0.5520203492073373
-0.2017000000000001,-0.5603671458765411
-0.2027,-0.5639039241262036
-0.2037000000000001,-0.5660259910760012
-0.2047,-0.5776266237348945
-0.2057000000000001,-0.5773436814749214
-0.2067,-0.5871051894439903
-0.2077000000000001,-0.5924810923834773
-0.2087,-0.5960178706331399
-0.2097000000000001,-0.6070526187720873
-0.2107,-0.6086088012019387
-0.2117000000000001,-0.6161067710912235
-0.2127,-0.6250194522803731
-0.2137000000000001,-0.6281318171400763
-0.2147,-0.6427033435286861
-0.2157000000000001,-0.6463815929083352
-0.2167,-0.6494939577680383
-0.21770000000000012,-0.6622263594668236
-0.2187,-0.6643484264166213
-0.21970000000000012,-0.6725537519558386
-0.2207,-0.6824567310548937
-0.22170000000000012,-0.6886814607742999
-0.2227,-0.6984429687433686
-0.22370000000000012,-0.7059409386326533
-0.2247,-0.7130144951319785
-0.22570000000000012,-0.7229174742310338
-0.2267,-0.7297080884703859
-0.22770000000000012,-0.7401769520893872
-0.22870000000000001,-0.7509287579683614
-0.22970000000000013,-0.7577193722077137
-0.23070000000000002,-0.767905293566742
-0.23170000000000013,-0.7779497437957836
-0.23270000000000002,-0.7884186074147849
-0.23370000000000013,-0.7994533555537322
-0.23470000000000002,-0.8087904501328415
-0.23570000000000013,-0.8175616601920047
-0.23670000000000002,-0.829445235110871
-0.2376999999999999,-0.8410458677697643
-0.23870000000000002,-0.8534953272085767
-0.2396999999999999,-0.8619835950077669
-0.24070000000000003,-0.8752818812264982
-0.24169999999999991,-0.8885801674452296
-0.24270000000000003,-0.8972099063744062
-0.24369999999999992,-0.9103667214631512
-0.24470000000000003,-0.9262114880216394
-0.24569999999999992,-0.9335679867809377
-0.24670000000000003,-0.9498371667293856
-0.24769999999999992,-0.9642672219880091
-0.24870000000000003,-0.9743116722170507
-0.24969999999999992,-0.9928443902452826
-0.25070000000000003,-1.0031717827342974
-0.2516999999999999,-1.017035953472975
-0.25270000000000004,-1.0338710179413688
-0.2536999999999999,-1.0471693041601002
-0.25470000000000004,-1.0647117242784265
-0.2556999999999999,-1.0795661929270095
-0.25670000000000004,-1.0941377193156194
-0.25769999999999993,-1.1129533796038245
-0.25870000000000004,-1.1261101946925691
-0.25969999999999993,-1.1450673261107607
-0.26070000000000004,-1.1628926884890602
-0.26169999999999993,-1.178313041657589
-0.26270000000000004,-1.1989678266356187
-0.26369999999999993,-1.215661419974026
-0.26470000000000005,-1.233628253482312
-0.26569999999999994,-1.2548489229802875
-0.26670000000000005,-1.274088996658452
-0.26769999999999994,-1.2910655322568325
-0.26870000000000005,-1.3134179707947
-0.26969999999999994,-1.3326580444728646
-0.27070000000000005,-1.3535957717108673
-0.27169999999999994,-1.373826143298937
-0.27270000000000005,-1.3960371107068181
-0.27369999999999994,-1.420370145064497
-0.27470000000000006,-1.4387613919627424
-0.27569999999999995,-1.461396772760583
-0.27670000000000006,-1.4882762874580184
-0.27769999999999995,-1.5080822456561291
-0.27870000000000006,-1.5349617603535646
-0.27969999999999995,-1.5590118524512704
-0.28070000000000006,-1.5816472332491107
-0.28169999999999995,-1.6099414592464116
-0.28270000000000006,-1.6339915513441174
-0.28369999999999995,-1.6594563547416883
-0.28470000000000006,-1.6891652920388538
-0.28569999999999995,-1.7146300954364246
-0.28670000000000007,-1.7429243214337253
-0.28769999999999996,-1.771218547431026
-0.28870000000000007,-1.7995127734283267
-0.28969999999999996,-1.8320511333252225
-0.29070000000000007,-1.8589306480226582
-0.29169999999999996,-1.8886395853198237
-0.29270000000000007,-1.922592656516585
-0.29369999999999996,-1.9537163051136157
-0.2947000000000001,-1.9876693763103765
-0.29569999999999996,-2.0187930249074073
-0.2967000000000001,-2.051331384804303
-0.29769999999999996,-2.0881138786007942
-0.2987000000000001,-2.1192375271978254
-0.29969999999999997,-2.156020020994316
-0.3007000000000001,-2.192802514790807
-0.30169999999999997,-2.229585008587298
-0.3027000000000001,-2.2691969249835187
-0.30369999999999997,-2.30314999618028
-0.3047000000000001,-2.3441766238763657
-0.30569999999999997,-2.383788540272587
-0.3067000000000001,-2.4219857453689424
-0.3077,-2.463012373065029
-0.3087000000000001,-2.506868423360845
-0.3097,-2.5478950510569307
-0.3107000000000001,-2.5931658126526123
-0.3117,-2.631363017748968
-0.3127000000000001,-2.6766337793446495
-0.3137,-2.7247339635400607
-0.3147000000000001,-2.767175302536012
-0.3157,-2.8124460641316933
-0.3167000000000001,-2.864790382226699
-0.3177,-2.9100611438223805
-0.3187000000000001,-2.9609907506175217
-0.3197,-3.0076762235130676
-0.3207000000000001,-3.0586058303082093
-0.3217,-3.1123648597030806
-0.3227000000000001,-3.161879755198357
-0.3237,-3.214224073293363
-0.3247000000000001,-3.270812525287965
-0.3257,-3.323156843382971
-0.3267000000000001,-3.381160006677438
-0.3277,-3.437748458672039
-0.3287000000000001,-3.4943369106666404
-0.3297,-3.556584207860702
-0.3307000000000001,-3.6103432372555737
-0.3317,-3.6725905344496357
-0.3327000000000001,-3.7362525429435625
-0.3337,-3.795670417537894
-0.3347000000000001,-3.8593324260318203
-0.3357,-3.9244091458256123
-0.3367000000000001,-3.986656443019674
-0.3377,-4.057392008012925
-0.3387000000000001,-4.121054016506851
-0.3397,-4.190374870200238
-0.3407000000000001,-4.262525146493355
-0.3417,-4.331846000186743
-0.3427000000000001,-4.405410987779724
-0.3437,-4.476146552772976
-0.3447000000000001,-4.552540962965688
-0.3457,-4.631764795758129
-0.3467000000000001,-4.703915072051247
-0.3477,-4.783138904843689
-0.3487000000000001,-4.863777448935997
-0.3497,-4.943001281728439
-0.3507000000000001,-5.027883959720341
-0.3517,-5.109937215112512
-0.3527000000000001,-5.194819893104414
-0.3537,-5.285361416295777
-0.3547000000000001,-5.368829382987815
-0.3557,-5.457956194879311
-0.35670000000000013,-5.552741851970269
-0.3577,-5.641868663861766
-0.35870000000000013,-5.739483743552454
-0.3597,-5.834269400643411
-0.36070000000000013,-5.930469769034234
-0.3617,-6.0323289826245166
-0.3626999999999999,-6.129944062315205
-0.3637,-6.231803275905486
-0.3646999999999999,-6.336491912095499
-0.3657,-6.441180548285512
-0.3666999999999999,-6.55294274097485
-0.3677,-6.6632902223643224
-0.3686999999999999,-6.777881837653391
-0.36970000000000003,-6.892473452942459
-0.3706999999999999,-7.001406223032068
-0.37170000000000003,-7.12307139482046
-0.3726999999999999,-7.244736566608854
-0.37370000000000003,-7.366401738397246
-0.3746999999999999,-7.49089633278537
-0.37570000000000003,-7.618220349773223
-0.3766999999999999,-7.745544366761076
-0.37770000000000004,-7.879941940248254
-0.3786999999999999,-8.010095379835839
-0.37970000000000004,-8.147322375922746
-0.3806999999999999,-8.288793505909249
-0.38170000000000004,-8.424605790696294
-0.38269999999999993,-8.571735765882257
-0.38370000000000004,-8.714621607168628
-0.38469999999999993,-8.864581004954319
-0.38570000000000004,-9.017369825339744
-0.38669999999999993,-9.167329223125439
-0.38770000000000004,-9.32577688871032
-0.38869999999999993,-9.487053976894938
-0.38970000000000005,-9.644086931179956
-0.39069999999999994,-9.809608153264165
-0.39170000000000005,-9.977958797948103
-0.39269999999999994,-10.146309442632043
-0.39370000000000005,-10.324563066415037
-0.39469999999999994,-10.499987267598303
-0.39570000000000005,-10.678240891381297
-0.39669999999999994,-10.859323937764021
-0.39770000000000005,-11.041821695446613
-0.39869999999999994,-11.229978298328662
-0.39970000000000006,-11.425208457710037
-0.40069999999999995,-11.617609194491681
-0.40170000000000006,-11.817083487772651
-0.40269999999999995,-12.013728358453893
-0.40370000000000006,-12.223105630833915
-0.40469999999999995,-12.431068191914079
-0.40570000000000006,-12.63903075299424
-0.40669999999999995,-12.854066870573723
-0.40770000000000006,-13.07193241075294
-0.40869999999999995,-13.292627373531884
-0.40970000000000006,-13.521810604110021
-0.41069999999999995,-13.74674970078856
-0.41170000000000007,-13.978762353966427
-0.41269999999999996,-14.217848563643619
-0.41370000000000007,-14.444202371622024
-0.41469999999999996,-14.69885040559773
-0.41570000000000007,-14.939351326574789
-0.41669999999999996,-15.193999360550496
-0.41770000000000007,-15.448647394526201
-0.41869999999999996,-15.70329542850191
-0.4197000000000001,-15.957943462477614
-0.42069999999999996,-16.22673860945197
-0.4217000000000001,-16.495533756426326
-0.42269999999999996,-16.764328903400685
-0.4237000000000001,-17.03312405037504
-0.42469999999999997,-17.316066310348052
-0.4257000000000001,-17.599008570321057
-0.42669999999999997,-17.881950830294063
-0.4277000000000001,-18.17904020326572
-0.42869999999999997,-18.47612957623738
-0.4297000000000001,-18.77321894920904
-0.43069999999999997,-19.084455435179343
-0.4317000000000001,-19.381544808151002
-0.4327,-19.69278129412131
-0.4337000000000001,-20.00401778009162
-0.4347,-20.329401379060574
-0.4357000000000001,-20.654784978029536
-0.4367,-20.980168576998494
-0.4377000000000001,-21.319699288966106
-0.4387,-21.659230000933714
-0.4397000000000001,-21.98461359990267
-0.4407,-22.33829142486893
-0.4417000000000001,-22.691969249835186
-0.4427,-23.045647074801447
-0.4437000000000001,-23.399324899767706
-0.4447,-23.767149837732617
-0.4457000000000001,-24.134974775697525
-0.4467,-24.502799713662437
-0.4477000000000001,-24.884771764625995
-0.4487,-25.266743815589557
-0.4497000000000001,-25.648715866553115
-0.4507,-26.044835030515326
-0.4517000000000001,-26.426807081478888
-0.4527,-26.837073358439746
-0.4537000000000001,-27.247339635400607
-0.4547,-27.65760591236147
-0.4557000000000001,-28.06787218932233
-0.4567,-28.478138466283188
-0.4577000000000001,-28.91669896924135
-0.4587,-29.34111235920086
-0.4597000000000001,-29.779672862159025
-0.4607,-30.21823336511718
-0.4617000000000001,-30.656793868075347
-0.4627,-31.095354371033505
-0.4637000000000001,-31.56220909998897
-0.4647,-32.01491671594578
-0.4657000000000001,-32.49591855789989
-0.4667,-32.9486261738567
-0.4677000000000001,-33.42962801581082
-0.4687,-33.910629857764924
-0.4697000000000001,-34.4057788127177
-0.4707,-34.90092776767045
-0.4717000000000001,-35.396076722623214
-0.4727,-35.89122567757598
-0.4737000000000001,-36.41466885852605
-0.4747,-36.92396492647745
-0.4757000000000001,-37.44740810742752
-0.4767,-37.95670417537893
-0.4777000000000001,-38.49429446932764
-0.4787,-39.03188476327636
-0.4797000000000001,-39.58362217022373
-0.4807,-40.135359577171094
-0.48170000000000013,-40.701244097117105
-0.4827,-41.25298150406447
-0.48370000000000013,-41.80471891101183
-0.4847,-42.37060343095784
-0.48570000000000013,-42.93648795090387
-0.4867,-42.738428368922754
-0.48570000000000013,-42.04521983198889
-0.4847,-41.38030552105233
-0.48370000000000013,-40.65880275812115
-0.4827,-39.95144710818864
-0.48170000000000013,-39.244091458256115
-0.4807,-38.57917714731955
-0.4797000000000001,-37.88596861038568
-0.4787,-37.235201412447765
-0.4777000000000001,-36.570287101511205
-0.4767,-35.91951990357328
-0.4757000000000001,-35.268752705635364
-0.4747,-34.632132620696105
-0.4737000000000001,-34.00965964875548
-0.4727,-33.40133378981351
-0.4717000000000001,-32.807155043870196
-0.4707,-32.22712341092554
-0.4697000000000001,-31.64709177798087
-0.4687,-31.08120725803486
-0.4677000000000001,-30.51532273808884
-0.4667,-29.96358533114148
-0.4657000000000001,-29.42599503719276
-0.4647,-28.88840474324405
-0.4637000000000001,-28.364961562293985
-0.4627,-27.855665494342567
-0.4617000000000001,-27.34636942639116
-0.4607,-26.837073358439746
-0.4597000000000001,-26.356071516485635
-0.4587,-25.875069674531517
-0.4577000000000001,-25.40821494557606
-0.4567,-24.95550732961925
-0.4557000000000001,-24.502799713662437
-0.4547,-24.050092097705623
-0.4537000000000001,-23.597384481748815
-0.4527,-23.1729710917893
-0.4517000000000001,-22.734410588831135
-0.4507,-22.324144311870278
-0.4497000000000001,-21.91387803490942
-0.4487,-21.503611757948562
-0.4477000000000001,-21.107492593986347
-0.4467,-20.72552054302279
-0.4457000000000001,-20.329401379060574
-0.4447,-19.961576441095666
-0.4437000000000001,-19.579604390132108
-0.4427,-19.211779452167196
-0.4417000000000001,-18.858101627200938
-0.4407,-18.504423802234676
-0.4397000000000001,-18.164893090267068
-0.4387,-17.81121526530081
-0.4377000000000001,-17.471684553333205
-0.4367,-17.146300954364243
-0.4357000000000001,-16.820917355395284
-0.4347,-16.50968086942498
-0.4337000000000001,-16.184297270456018
-0.4327,-15.87306078448571
-0.4317000000000001,-15.575971411514052
-0.43069999999999997,-15.278882038542395
-0.4297000000000001,-14.98179266557074
-0.42869999999999997,-14.69885040559773
-0.4277000000000001,-14.415908145624723
-0.42669999999999997,-14.147112998650368
-0.4257000000000001,-13.876903140376147
-0.42469999999999997,-13.609522704701652
-0.4237000000000001,-13.344971691626892
-0.42269999999999996,-13.084664812451724
-0.4217000000000001,-12.828602067176153
-0.42069999999999996,-12.585271723599366
-0.4197000000000001,-12.33628253482312
-0.41869999999999996,-12.10002574774566
-0.41770000000000007,-11.863768960668198
-0.41669999999999996,-11.628926884890602
-0.41570000000000007,-11.405402499511926
-0.41469999999999996,-11.181878114133252
-0.41370000000000007,-10.966841996553764
-0.41269999999999996,-10.750391167674413
-0.41170000000000007,-10.541013895294387
-0.41069999999999995,-10.333051334214227
-0.40970000000000006,-10.133577040933258
-0.40869999999999995,-9.928443902452829
-0.40770000000000006,-9.736043165671184
-0.40669999999999995,-9.543642428889537
-0.40570000000000006,-9.359729959907083
-0.40469999999999995,-9.177232202224493
-0.40370000000000006,-8.993319733242037
-0.40269999999999995,-8.81931024335864
-0.40170000000000006,-8.645300753475238
-0.40069999999999995,-8.47129126359184
-0.39970000000000006,-8.311428886707091
-0.39869999999999994,-8.14873708722261
-0.39770000000000005,-7.986045287738133
-0.39669999999999994,-7.831841756052842
-0.39570000000000005,-7.676223513067688
-0.39469999999999994,-7.53050824918159
-0.39370000000000005,-7.381963562695762
-0.39269999999999994,-7.2334188762099325
-0.39170000000000005,-7.093362457523294
-0.39069999999999994,-6.954720750136521
-0.38970000000000005,-6.817493754049612
-0.38869999999999993,-6.687340314462029
-0.38770000000000004,-6.554357452274714
-0.38669999999999993,-6.429862857886591
-0.38570000000000004,-6.306782974798334
-0.38469999999999993,-6.17945895781048
-0.38370000000000004,-6.063452631221548
-0.38269999999999993,-5.94320217073302
-0.38170000000000004,-5.828610555443951
-0.3806999999999999,-5.715433651454749
-0.37970000000000004,-5.60367145876541
-0.3786999999999999,-5.4947386886758025
-0.37770000000000004,-5.38722062988606
-0.3766999999999999,-5.279702571096316
-0.37570000000000003,-5.180672780105764
-0.3746999999999999,-5.078813566515482
-0.37370000000000003,-4.981198486824794
-0.3726999999999999,-4.886412829733837
-0.37170000000000003,-4.788797750043149
-0.3706999999999999,-4.698256226851787
-0.36970000000000003,-4.603470569760829
-0.3686999999999999,-4.512929046569467
-0.3677,-4.42946107987743
-0.3666999999999999,-4.343163690585662
-0.3657,-4.25545158999403
-0.3646999999999999,-4.1762277572015885
-0.3637,-4.09275979050955
-0.3626999999999999,-4.01636538031684
-0.3617,-3.939970970124127
-0.36070000000000013,-3.8593324260318203
-0.3597,-3.7900115723384333
-0.35870000000000013,-3.715031873445586
-0.3577,-3.64288159715247
-0.35670000000000013,-3.573560743459083
-0.3557,-3.5014104671659654
-0.3547000000000001,-3.437748458672039
-0.3537,-3.3698423162785174
-0.3527000000000001,-3.3005214625851305
-0.3517,-3.2411035879907995
-0.3507000000000001,-3.1760268681970074
-0.3497,-3.1123648597030806
-0.3487000000000001,-3.055776407708479
-0.3477,-2.9921143992145525
-0.3467000000000001,-2.938355369819681
-0.3457,-2.8803522065252145
-0.3447000000000001,-2.822349043230748
-0.3437,-2.768590013835877
-0.3427000000000001,-2.712001561841275
-0.3417,-2.659657243746269
-0.3407000000000001,-2.6087276369511274
-0.3397,-2.554968607556256
-0.3387000000000001,-2.50828313466071
-0.3377,-2.4559388165657037
-0.3367000000000001,-2.4050092097705624
-0.3357,-2.359738448174881
-0.3347000000000001,-2.3116382639794697
-0.3337,-2.2621233684841937
-0.3327000000000001,-2.2210967407881075
-0.3317,-2.1729965565926963
-0.3307000000000001,-2.13196992889661
-0.3297,-2.0866991673009294
-0.3287000000000001,-2.0414284057052483
-0.3277,-2.001816489309027
-0.3267000000000001,-1.9622045729128061
-0.3257,-1.9197632339168547
-0.3247000000000001,-1.8815660288204987
-0.3237,-1.8391246898245475
-0.3227000000000001,-1.8065863299276517
-0.3217,-1.7641449909317006
-0.3207000000000001,-1.72736249713521
-0.3197,-1.693409425938449
-0.3187000000000001,-1.655212220842093
-0.3177,-1.6184297270456018
-0.3167000000000001,-1.585891367148706
-0.3157,-1.5491088733522151
-0.3147000000000001,-1.5179852247551844
-0.3137,-1.4826174422585585
-0.3127000000000001,-1.4458349484620676
-0.3117,-1.4189554337646317
-0.3107000000000001,-1.3851438336978574
-0.3097,-1.3533128294508943
-0.3087000000000001,-1.3219062385938902
-0.3077,-1.290075234346927
-0.3067000000000001,-1.2609321815697072
-0.30569999999999997,-1.2327794267023928
-0.3047000000000001,-1.2000995956755107
-0.30369999999999997,-1.1750592056678995
-0.3027000000000001,-1.1439355570708687
-0.30169999999999997,-1.117056042373433
-0.3007000000000001,-1.0891862297660917
-0.29969999999999997,-1.06174083054871
-0.2987000000000001,-1.0378322095809909
-0.29769999999999996,-1.010952694883555
-0.2967000000000001,-0.982234055496295
-0.29569999999999996,-0.9607304437383465
-0.2947000000000001,-0.9346997558208296
-0.29369999999999996,-0.9093764235532455
-0.29270000000000007,-0.8865995716254184
-0.29169999999999996,-0.8597200569279828
-0.29070000000000007,-0.8416117522897104
-0.28969999999999996,-0.8174201890620182
-0.28870000000000007,-0.7925212701843936
-0.28769999999999996,-0.774130023286148
-0.28670000000000007,-0.7512117002283345
-0.28569999999999995,-0.7271616081306289
-0.28470000000000006,-0.7093362457523293
-0.28369999999999995,-0.6867008649544888
-0.28270000000000006,-0.6674607912763243
-0.28169999999999995,-0.6480792464681732
-0.28070000000000006,-0.6258682790602923
-0.27969999999999995,-0.6083258589419658
-0.27870000000000006,-0.5900760831737067
-0.27769999999999995,-0.5692798270656908
-0.27670000000000006,-0.5535765316371889
-0.27569999999999995,-0.5326388043991863
-0.27470000000000006,-0.5191990470504685
-0.27369999999999994,-0.4991101465923849
-0.27270000000000005,-0.4818506687340315
-0.27169999999999994,-0.4667132578254756
-0.27070000000000005,-0.4498781933570817
-0.26969999999999994,-0.4329016577587012
-0.26870000000000005,-0.4188960158900374
-0.26769999999999994,-0.40036329786180536
-0.26670000000000005,-0.38437706017333045
-0.26569999999999994,-0.3717861296045316
-0.26470000000000005,-0.3545266517461782
-0.26369999999999993,-0.34476514377710943
-0.26270000000000004,-0.32764713704874243
-0.26169999999999993,-0.31406590857003813
-0.26070000000000004,-0.3016164491312258
-0.25969999999999993,-0.28591315370272397
-0.25870000000000004,-0.27572723234369567
-0.25769999999999993,-0.2618630616050183
-0.25670000000000004,-0.2468671218264489
-0.2556999999999999,-0.23767149837732615
-0.25470000000000004,-0.22564645232847336
-0.2536999999999999,-0.21079198367989047
-0.25270000000000004,-0.20046459119087567
-0.2516999999999999,-0.18688336271217135
-0.25070000000000003,-0.17924392169290015
-0.24969999999999992,-0.16750181790402036
-0.24870000000000003,-0.15321323377538346
-0.24769999999999992,-0.14557379275611226
-0.24670000000000003,-0.13646305198498146
-0.24569999999999992,-0.12278279371528653
-0.24470000000000003,-0.11385596541313814
-0.24369999999999992,-0.10270804037020166
-0.24270000000000003,-0.0946300388479723
-0.24169999999999991,-0.08597200569279828
-0.24070000000000003,-0.07280104349105479
-0.2396999999999999,-0.06782125971552985
-0.23870000000000002,-0.058045604633462464
-0.2376999999999999,-0.0464025306355732
-0.23670000000000002,-0.04224327941396999
-0.23570000000000013,-0.030090909348129333
-0.23470000000000002,-0.02474330063463949
-0.23370000000000013,-0.015675001202504608
-0.23270000000000002,-0.004658644310455567
-0.23170000000000013,-0.0008206740250517079
-0.23070000000000002,0.007050921118527342
-0.22970000000000013,0.01584476655848841
-0.22870000000000001,0.023031499961802798
-0.22770000000000012,0.03200076960294713
-0.2267,0.03579219588658543
-0.22570000000000012,0.04215839673597809
-0.2247,0.05347608713489838
-0.22370000000000012,0.055202034920733736
-0.2227,0.06421374590087402
-0.22170000000000012,0.07079215344524643
-0.2207,0.07512117002283344
-0.21970000000000012,0.08307184752807495
-0.2187,0.08691986226370785
-0.21770000000000012,0.09290409106213696
-0.2167,0.1027221874832003
-0.2157000000000001,0.11302128574621777
-0.2147,0.10997965645150796
-0.2137000000000001,0.1192318683526253
-0.2127,0.12124075839843364
-0.2117000000000001,0.1304363818475564
-0.2107,0.13193597582541333
-0.2097000000000001,0.13431269080918656
-0.2087,0.14472496597619325
-0.2077000000000001,0.14642261953603128
-0.2067,0.15193999360550495
-0.2057000000000001,0.15632559863508652
-0.2047,0.16113561705462764
-0.2037000000000001,0.16537975095422278
-0.2027,0.16905800033387192
-0.2017000000000001,0.172736249713521
-0.2007,0.18023421960280567
-0.1997000000000001,0.17995127734283267
-0.1987,0.18348805559249526
-0.1977000000000001,0.19254220791163149
-0.19669999999999999,0.1922592656516585
-0.1957000000000001,0.19791811085111863
-0.19469999999999998,0.19989870667092968
-0.1937000000000001,0.2041428405705248
-0.19269999999999998,0.2088113878600794
-0.1917000000000001,0.21036757028993097
-0.1907000000000001,0.21461170418952608
-0.1897000000000002,0.21970466486904017
-0.1887000000000001,0.21942172260906717
-0.1877000000000002,0.2267782213683654
-0.1867000000000001,0.22564645232847336
-0.1857000000000002,0.23003205735805496
-0.1847000000000001,0.23625678707746112
-0.1837000000000002,0.23512501803756908
-0.18270000000000008,0.2386617962872317
-0.1817000000000002,0.2437547569667458
-0.18070000000000008,0.2443206414866918
-0.1797000000000002,0.24927213103621945
-0.17870000000000008,0.24969654442617895
-0.1777000000000002,0.2518186113759765
-0.17670000000000008,0.25761892770542316
-0.1757000000000002,0.25662862979551765
-0.17470000000000008,0.2607312925651262
-0.1737000000000002,0.26455101307476186
-0.17270000000000008,0.26455101307476186
-0.17170000000000019,0.2692195603643165
-0.17070000000000007,0.26907808923433
-0.16970000000000018,0.27176604070407356
-0.16870000000000007,0.2772834147735472
-0.16770000000000018,0.27473693443379016
-0.16670000000000007,0.2781322415534663
-0.16570000000000018,0.28280078884302084
-0.16470000000000007,0.2854887403127644
-0.16370000000000018,0.28619609596269696
-0.16270000000000007,0.2866205093526564
-0.16170000000000018,0.28704492274261595
-0.16070000000000007,0.2938355369819681
-0.15970000000000018,0.2921378834221301
-0.15870000000000006,0.29369406585198166
-0.15770000000000017,0.2983626131415362
-0.15670000000000006,0.29850408427152275
-0.15570000000000017,0.3011920357412663
-0.15470000000000006,0.3009090934812933
-0.15370000000000017,0.30204086252118534
-0.15270000000000006,0.30897294789052404
-0.15170000000000017,0.30685088094072643
-0.15070000000000006,0.308124121110605
-0.14970000000000017,0.31236825501020005
-0.14870000000000005,0.31293413953014615
-0.14770000000000016,0.31350002405009214
-0.14670000000000005,0.31350002405009214
-0.14570000000000016,0.3171782734297412
-0.14470000000000005,0.3194418115095253
-0.14370000000000016,0.31930034037953875
-0.14270000000000005,0.31972475376949827
-0.14170000000000016,0.3248177144490124
-0.14070000000000005,0.32297858975918786
-0.13970000000000016,0.32679831026882344
-0.13870000000000005,0.32623242574887745
-0.13770000000000016,0.32679831026882344
-0.13670000000000004,0.3318912709483376
-0.13570000000000015,0.33075950190844555
-0.13470000000000004,0.3316083286883646
-0.13370000000000015,0.3359939337179463
-0.13270000000000004,0.3344377512880947
-0.13170000000000015,0.3389648274476628
-0.13070000000000004,0.33740864501781126
-0.12970000000000015,0.33684276049786527
-0.12870000000000004,0.3432089613472579
-0.12770000000000015,0.34066248100750085
-0.12670000000000003,0.3419357211773794
-0.12570000000000014,0.3464627973369475
-0.12470000000000003,0.3453310282970554
-0.12370000000000014,0.34858486428674507
-0.12270000000000003,0.34787750863681255
-0.12170000000000014,0.3480189797667991
-0.12070000000000003,0.3532534115762997
-0.11970000000000014,0.3502825178465831
-0.11870000000000003,0.3536778249662592
-0.11770000000000014,0.35636577643600276
-0.11670000000000003,0.3535363538362727
-0.11570000000000014,0.3589122567757598
-0.11470000000000002,0.35763901660588127
-0.11370000000000013,0.3577804877358678
-0.11270000000000002,0.36485404423519296
-0.11170000000000013,0.35990255468566534
-0.11070000000000024,0.36188315050547637
-0.10970000000000013,0.36683464005500405
-0.10870000000000024,0.3640052174552739
-0.10770000000000013,0.36810788022488256
-0.10670000000000024,0.36768346683492303
-0.10570000000000013,0.36994700491470706
-0.10470000000000024,0.3703714183046666
-0.10370000000000013,0.37022994717468005
-0.10270000000000024,0.3732008409043967
-0.10170000000000012,0.37588879237414025
-0.10070000000000023,0.37489849446423473
-0.09970000000000012,0.3764546768940863
-0.09870000000000023,0.37631320576409977
-0.09770000000000012,0.37914262836382984
-0.09670000000000023,0.3828208777434789
-0.09570000000000012,0.3795670417537893
-0.09470000000000023,0.38211352209354643
-0.09370000000000012,0.3855088292132225
-0.09270000000000023,0.386216184863155
-0.09170000000000011,0.38777236729300657
-0.09070000000000022,0.38480147356329
-0.08970000000000011,0.38805530955297957
-0.08870000000000022,0.39215797232258814
-0.08770000000000011,0.3915920878026421
-0.08670000000000022,0.3915920878026421
-0.08570000000000011,0.39583622170223726
-0.08470000000000022,0.39286532797252066
-0.08370000000000011,0.39725093300210224
-0.08270000000000022,0.39696799074212924
-0.0817000000000001,0.3985241731719808
-0.08070000000000022,0.4017780091616704
-0.0797000000000001,0.39937299995189984
-0.07870000000000021,0.4013535957717109
-0.0777000000000001,0.40559772967130603
-0.07670000000000021,0.4037586049814815
-0.0757000000000001,0.40899303679098215
-0.07470000000000021,0.40630508532123855
-0.0737000000000001,0.40941745018094167
-0.07270000000000021,0.4115395171307392
-0.0717000000000001,0.4113980460007527
-0.07070000000000021,0.4123883439106582
-0.0697000000000001,0.4166324778102533
-0.0687000000000002,0.4150762953804018
-0.0677000000000001,0.41833013137009134
-0.0667000000000002,0.4173398334601858
-0.06570000000000009,0.4188960158900374
-0.0647000000000002,0.42229132300971345
-0.06370000000000009,0.42073514057986194
-0.0627000000000002,0.42625251464933556
-0.06170000000000009,0.4293648795090386
-0.0607000000000002,0.42554515899940304
-0.059700000000000086,0.42922340837905215
-0.058700000000000196,0.4280916393391601
-0.057700000000000085,0.4314869464588362
-0.056700000000000195,0.4343163690585663
-0.05570000000000008,0.43176988871880917
-0.05470000000000019,0.4329016577587012
-0.05370000000000008,0.4379946184382154
-0.05270000000000019,0.43870197408814793
-0.05170000000000008,0.44195581007783746
-0.05070000000000019,0.4408240410379454
-0.04970000000000008,0.43940932973808033
-0.04870000000000019,0.4469072996273651
-0.047700000000000076,0.4429461079877429
-0.046700000000000186,0.44450229041759454
-0.045700000000000074,0.44973672222709515
-0.044700000000000184,0.4491708377071491
-0.04370000000000007,0.45185878917689276
-0.04270000000000018,0.4520002603068792
-0.04170000000000007,0.45341497160674427
-0.04070000000000018,0.45751763437635284
-0.03970000000000007,0.45539556742655535
-0.03870000000000018,0.4573761632463663
-0.03770000000000007,0.4621861816659074
-0.03670000000000018,0.4630350084458265
-0.035700000000000065,0.46473266200566454
-0.034700000000000175,0.46317647957581304
-0.03370000000000006,0.4667132578254756
-0.03270000000000017,0.46954268042520564
-0.03170000000000006,0.4678450268653676
-0.03070000000000017,0.4715232762450167
-0.02970000000000006,0.47392828545478727
-0.02870000000000017,0.47293798754488175
-0.027700000000000058,0.47831389048436895
-0.026700000000000168,0.47548446788463883
-0.025700000000000056,0.4773235925744634
-0.024700000000000166,0.4838312645538425
-0.023700000000000054,0.4807188996941395
-0.022700000000000164,0.48439714907378856
-0.021700000000000053,0.4868021582835591
-0.020700000000000163,0.48567038924366707
-0.01970000000000005,0.49147070557311373
-0.01870000000000016,0.48949010975330265
-0.01770000000000005,0.4917536478330867
-0.01670000000000016,0.4957148394727089
-0.015700000000000047,0.49514895495276273
-0.014700000000000157,0.4965636662526278
-0.013700000000000045,0.5002419156322769
-0.012700000000000156,0.5002419156322769
-0.011700000000000044,0.5051934051818046
-0.010700000000000154,0.5061837030917101
-0.009700000000000042,0.5043445784018855
-0.008700000000000152,0.5109937215112512
-0.00770000000000004,0.5100034236013458
-0.00670000000000015,0.5108522503812647
-0.005700000000000038,0.5145304997609139
-0.0047000000000001485,0.5149549131508734
-0.0037000000000000366,0.5191990470504685
-0.0027000000000001467,0.519057575920482
-0.0017000000000000348,0.519340518180455
-0.000700000000000145,0.5241505365999961
0.00029999999999996696,0.5227358253001311
0.0012999999999998568,0.5258481901598342
0.0022999999999999687,0.5303752663194023
0.0032999999999998586,0.5288190838895507
0.0042999999999999705,0.5340535156990515
0.00529999999999986,0.5334876311791055
0.006299999999999972,0.5340535156990515
0.007299999999999862,0.5405611876784305
0.008299999999999974,0.539570889768525
0.009299999999999864,0.5408441299384036
0.010299999999999976,0.5450882638379987
0.011299999999999866,0.5442394370580796
0.012299999999999978,0.5500397533875263
0.013299999999999867,0.06639240130266617
0.012299999999999978,-0.0948280984299534
0.011299999999999866,-0.1262205421739586
0.010299999999999976,-0.1435931969363012
0.009299999999999864,-0.16014531914472213
0.008299999999999974,-0.17400948988339954
0.007299999999999862,-0.18377099785246825
0.006299999999999972,-0.1966448706812401
0.00529999999999986,-0.20513313848043033
0.0042999999999999705,-0.21234816610974203
0.0032999999999998586,-0.22126084729889173
0.0022999999999999687,-0.22805146153824393
0.0012999999999998568,-0.23625678707746112
0.00029999999999996696,-0.24191563227692126
-0.000700000000000145,-0.24545241052658387
-0.0017000000000000348,-0.2526674381558955
-0.0027000000000001467,-0.25563833188561214
-0.0037000000000000366,-0.25988246578520724
-0.0047000000000001485,-0.268795146974357
-0.005700000000000038,-0.268229262454411
-0.00670000000000015,-0.27501987669376315
-0.00770000000000004,-0.2772834147735472
-0.008700000000000152,-0.27912253946337173
-0.009700000000000042,-0.28775227839254847
-0.010700000000000154,-0.2880352206525215
-0.011700000000000044,-0.2891669896924135
-0.012700000000000156,-0.2956746616717927
-0.013700000000000045,-0.2941184792419411
-0.014700000000000157,-0.2999187955713878
-0.015700000000000047,-0.2999187955713878
-0.01670000000000016,-0.3033141026910639
-0.01770000000000005,-0.3076997077206455
-0.01870000000000016,-0.3079826499806185
-0.01970000000000005,-0.30897294789052404
-0.020700000000000163,-0.3133585529201056
-0.021700000000000053,-0.31265119727017304
-0.022700000000000164,-0.3164709177798087
-0.023700000000000054,-0.3184515135996197
-0.024700000000000166,-0.31901739811956575
-0.025700000000000056,-0.32354447427913385
-0.026700000000000168,-0.3218468207192958
-0.027700000000000058,-0.3243933010590529
-0.02870000000000017,-0.3290618483486075
-0.02970000000000006,-0.32580801235891793
-0.03070000000000017,-0.328637434958648
-0.03170000000000006,-0.3320327420783241
-0.03270000000000017,-0.3303350885184861
-0.03370000000000006,-0.3350036358080407
-0.034700000000000175,-0.33373039563816215
-0.035700000000000065,-0.3351451069380272
-0.03670000000000018,-0.3386818851876898
-0.03770000000000007,-0.33641834710790575
-0.03870000000000018,-0.34108689439746037
-0.03970000000000007,-0.3393892408376223
-0.04070000000000018,-0.34037953874752785
-0.04170000000000007,-0.345472499427042
-0.04270000000000018,-0.3417942500473929
-0.04370000000000007,-0.34448220151713643
-0.044700000000000184,-0.346604268466934
-0.045700000000000074,-0.34518955716706895
-0.046700000000000186,-0.347736037506826
-0.047700000000000076,-0.34886780654671806
-0.04870000000000019,-0.3494336910666641
-0.04970000000000008,-0.35183870027643466
-0.05070000000000019,-0.34759456637683955
-0.05170000000000008,-0.3528289981863401
-0.05270000000000019,-0.3543851806161917
-0.05370000000000008,-0.35297046931632664
-0.05470000000000019,-0.35509253626612425
-0.05570000000000008,-0.3535363538362727
-0.056700000000000195,-0.3535363538362727
-0.057700000000000085,-0.3584878433858003
-0.058700000000000196,-0.35792195886585426
-0.059700000000000086,-0.3567901898259622
-0.0607000000000002,-0.35905372790574636
-0.06170000000000009,-0.36188315050547637
-0.0627000000000002,-0.35990255468566534
-0.06370000000000009,-0.35961961242569235
-0.0647000000000002,-0.36060991033559786
-0.06570000000000009,-0.36216609276544937
-0.0667000000000002,-0.3620246216354629
-0.0677000000000001,-0.3614587371155169
-0.0687000000000002,-0.3642881597152469
-0.0697000000000001,-0.36188315050547637
-0.07070000000000021,-0.3647125731052065
-0.0717000000000001,-0.3649955153651795
-0.07270000000000021,-0.36273197728539536
-0.0737000000000001,-0.3689567070048016
-0.07470000000000021,-0.36386374632528745
-0.0757000000000001,-0.3661272844050715
-0.07670000000000021,-0.3689567070048016
-0.0777000000000001,-0.365702871015112
-0.07870000000000021,-0.368249351354869
-0.0797000000000001,-0.3703714183046666
-0.08070000000000022,-0.3661272844050715
-0.0817000000000001,-0.3712202450845856
-0.08270000000000022,-0.3669761111849905
-0.08370000000000011,-0.3685322936148421
-0.08470000000000022,-0.37221054299449113
-0.08570000000000011,-0.36938112039476106
-0.08670000000000022,-0.37192760073451814
-0.08770000000000011,-0.37065436056463963
-0.08870000000000022,-0.3717861296045316
-0.08970000000000011,-0.3730593697744102
-0.09070000000000022,-0.3700884760446936
-0.09170000000000011,-0.3720690718645046
-0.09270000000000023,-0.3732008409043967
-0.09370000000000012,-0.3730593697744102
-0.09470000000000023,-0.3750399655942212
-0.09570000000000012,-0.3723520141244776
-0.09670000000000023,-0.3727764275144372
-0.09770000000000012,-0.37631320576409977
-0.09870000000000023,-0.3733423120343832
-0.09970000000000012,-0.3744740810742752
-0.10070000000000023,-0.37815233045392427
-0.10170000000000012,-0.37390819655432916
-0.10270000000000024,-0.37716203254401875
-0.10370000000000013,-0.3753229078541942
-0.10470000000000024,-0.3760302635041267
-0.10570000000000013,-0.3784352727138973
-0.10670000000000024,-0.3757473212441537
-0.10770000000000013,-0.37617173463411324
-0.10870000000000024,-0.3795670417537893
-0.10970000000000013,-0.3760302635041267
-0.11070000000000024,-0.3792840994938163
-0.11170000000000013,-0.3787182149738703
-0.11270000000000002,-0.3787182149738703
-0.11370000000000013,-0.38055733966369487
-0.11470000000000002,-0.3784352727138973
-0.11570000000000014,-0.37942557062380283
-0.11670000000000003,-0.38211352209354643
-0.11770000000000014,-0.37786938819395127
-0.11870000000000003,-0.38310382000345194
-0.11970000000000014,-0.3798499840137623
-0.12070000000000003,-0.38055733966369487
-0.12170000000000014,-0.38310382000345194
-0.12270000000000003,-0.38168910870358685
-0.12370000000000014,-0.3806988107936814
-0.12470000000000003,-0.38494294469327645
-0.12570000000000014,-0.38211352209354643
-0.12670000000000003,-0.384518531303317
-0.12770000000000015,-0.38536735808323597
-0.12870000000000004,-0.3826794066134924
-0.12970000000000015,-0.387347953903047
-0.13070000000000004,-0.38494294469327645
-0.13170000000000015,-0.38536735808323597
-0.13270000000000004,-0.3872064827730605
-0.13370000000000015,-0.386499127123128
-0.13470000000000004,-0.38791383842299304
-0.13570000000000015,-0.3874894250330335
-0.13670000000000004,-0.3881967806829661
-0.13770000000000016,-0.39088473215270964
-0.13870000000000005,-0.39060178989273664
-0.13970000000000016,-0.3907432610227231
-0.14070000000000005,-0.39187503006261515
-0.14170000000000016,-0.39116767441268263
-0.14270000000000005,-0.39343121249246665
-0.14370000000000016,-0.39314827023249366
-0.14470000000000005,-0.39385562588242623
-0.14570000000000016,-0.39696799074212924
-0.14670000000000005,-0.39583622170223726
-0.14770000000000016,-0.3959776928322238
-0.14870000000000005,-0.3985241731719808
-0.14970000000000017,-0.39838270204199433
-0.15070000000000006,-0.40064624012177835
-0.15170000000000017,-0.40064624012177835
-0.15270000000000006,-0.4023438936816164
-0.15370000000000017,-0.4037586049814815
-0.15470000000000006,-0.4017780091616704
-0.15570000000000017,-0.404465960631414
-0.15670000000000006,-0.4072953832311441
-0.15770000000000017,-0.40687096984118454
-0.15870000000000006,-0.40998333470088766
-0.15970000000000018,-0.40899303679098215
-0.16070000000000007,-0.40984186357090113
-0.16170000000000018,-0.41451041086045576
-0.16270000000000007,-0.41436893973046923
-0.16370000000000018,-0.41691542007022636
-0.16470000000000007,-0.4201692560599159
-0.16570000000000018,-0.41705689120021283
-0.16670000000000007,-0.42087661170984847
-0.16770000000000018,-0.4218669096197539
-0.16870000000000007,-0.42144249622979446
-0.16970000000000018,-0.42837458159913316
-0.17070000000000007,-0.42625251464933556
-0.17170000000000019,-0.4290819372490656
-0.17270000000000008,-0.43304312888868773
-0.1737000000000002,-0.4309210619388902
-0.17470000000000008,-0.4378531473082289
-0.1757000000000002,-0.4377116761782423
-0.17670000000000008,-0.4392678586080939
-0.1777000000000002,-0.4433705213777025
-0.17870000000000008,-0.4422387523378105
-0.1797000000000002,-0.4459170017174596
-0.18070000000000008,-0.4480390686672571
-0.1817000000000002,-0.4511514335269602
-0.18270000000000008,-0.4549711540365957
-0.1837000000000002,-0.4562443942064743
-0.1847000000000001,-0.45808351889629884
-0.1857000000000002,-0.46444971974569155
-0.1867000000000001,-0.46388383522574556
-0.1877000000000002,-0.4664303155655025
-0.1887000000000001,-0.4736453431948142
-0.1897000000000002,-0.4733624009348413
-0.1907000000000001,-0.47633329466455787
-0.1917000000000001,-0.48114331308409897
-0.19269999999999998,-0.482558024383964
-0.1937000000000001,-0.4886412829733836
-0.19469999999999998,-0.4892071674933296
-0.1957000000000001,-0.4927439457429922
-0.19669999999999999,-0.4992516177223714
-0.1977000000000001,-0.5009492712822095
-0.1987,-0.5066081164816696
-0.1997000000000001,-0.5084472411714941
-0.2007,-0.5111351926412377
-0.2017000000000001,-0.519623460440428
-0.2027,-0.520189344960374
-0.2037000000000001,-0.5241505365999961
-0.2047,-0.5320729198792403
-0.2057000000000001,-0.5317899776192673
-0.2067,-0.5415514855883361
-0.2077000000000001,-0.5425417834982416
-0.2087,-0.5474932730477692
-0.2097000000000001,-0.5571133098868515
-0.2107,-0.5561230119769459
-0.2117000000000001,-0.5636209818662306
-0.2127,-0.5692798270656908
-0.2137000000000001,-0.5730995475753263
-0.2147,-0.5858319492741116
-0.2157000000000001,-0.5888028430038282
-0.2167,-0.5900760831737067
-0.21770000000000012,-0.5981399375829375
-0.2187,-0.6025255426125191
-0.21970000000000012,-0.6100235125018038
-0.2207,-0.6161067710912235
-0.22170000000000012,-0.6220485585506567
-0.2227,-0.6288391727900088
-0.22370000000000012,-0.635346844769388
-0.2247,-0.6411471610988346
-0.22570000000000012,-0.6504842556779438
-0.2267,-0.6538795627976199
-0.22770000000000012,-0.6629337151167561
-0.22870000000000001,-0.672978165345798
-0.22970000000000013,-0.675524645685555
-0.23070000000000002,-0.6862764515645293
-0.23170000000000013,-0.693491479193841
-0.23270000000000002,-0.6997162089132472
-0.23370000000000013,-0.7117412549621
-0.23470000000000002,-0.7172586290315736
-0.23570000000000013,-0.7244736566608853
-0.23670000000000002,-0.7360742893197786
-0.2376999999999999,-0.7410257788693063
-0.23870000000000002,-0.753333767178132
-0.2396999999999999,-0.7618220349773223
-0.24070000000000003,-0.7688955914766474
-0.24169999999999991,-0.7797888684856082
-0.24270000000000003,-0.7875697806348659
-0.24369999999999992,-0.7993118844237457
-0.24470000000000003,-0.8107710459526526
-0.24569999999999992,-0.8168543045420722
-0.24670000000000003,-0.829445235110871
-0.24769999999999992,-0.8386408585599938
-0.24870000000000003,-0.8498170778289276
-0.24969999999999992,-0.8639641908275778
-0.25070000000000003,-0.871320689586876
-0.2516999999999999,-0.8824969088558098
-0.25270000000000004,-0.8959366662045278
-0.2536999999999999,-0.9061225875635559
-0.25470000000000004,-0.9194208737822873
-0.2556999999999999,-0.9305970930512211
-0.25670000000000004,-0.9427636102300604
-0.25769999999999993,-0.9567692520987243
-0.25870000000000004,-0.9679454713676581
-0.25969999999999993,-0.982234055496295
-0.26070000000000004,-0.9968055818849048
-0.26169999999999993,-1.0085476856737847
-0.26270000000000004,-1.0225533275424485
-0.26369999999999993,-1.0378322095809909
-0.26470000000000005,-1.0502816690198031
-0.26569999999999994,-1.0671167334881972
-0.26670000000000005,-1.0832444423066585
-0.26769999999999994,-1.0952694883555114
-0.26870000000000005,-1.11394367751373
-0.26969999999999994,-1.1266760792125152
-0.27070000000000005,-1.1440770282008552
-0.27169999999999994,-1.1603462081493032
-0.27270000000000005,-1.1756250901878456
-0.27369999999999994,-1.195996932905902
-0.27470000000000006,-1.2081634500847414
-0.27569999999999995,-1.2289597061927575
-0.27670000000000006,-1.2474924242209893
-0.27769999999999995,-1.2658836711192347
-0.27870000000000006,-1.2825772644576423
-0.27969999999999995,-1.3025246937857393
-0.28070000000000006,-1.3211988829439578
-0.28169999999999995,-1.342843965831893
-0.28270000000000006,-1.3615181549901114
-0.28369999999999995,-1.3804752864083027
-0.28470000000000006,-1.4043839073760218
-0.28569999999999995,-1.420370145064497
-0.28670000000000007,-1.4472496597619326
-0.28769999999999996,-1.4656409066601779
-0.28870000000000007,-1.4896909987578837
-0.28969999999999996,-1.512326379555724
-0.29070000000000007,-1.5335470490536998
-0.29169999999999996,-1.5575971411514054
-0.29270000000000007,-1.585891367148706
-0.29369999999999996,-1.6056973253468165
-0.2947000000000001,-1.6325768400442524
-0.29569999999999996,-1.658041643441823
-0.2967000000000001,-1.6806770242396636
-0.29769999999999996,-1.7118006728366943
-0.2987000000000001,-1.734436053634535
-0.29969999999999997,-1.7627302796318356
-0.3007000000000001,-1.7910245056291363
-0.30169999999999997,-1.8179040203265722
-0.3027000000000001,-1.847612957623738
-0.30369999999999997,-1.8773218949209036
-0.3047000000000001,-1.9056161209182045
-0.30569999999999997,-1.9395691921149654
-0.3067000000000001,-1.967863418112266
-0.3077,-1.9989870667092968
-0.3087000000000001,-2.0329401379060577
-0.3097,-2.0612343639033583
-0.3107000000000001,-2.1008462802995793
-0.3117,-2.133384640196476
-0.3127000000000001,-2.1659230000933714
-0.3137,-2.205534916489592
-0.3147000000000001,-2.238073276386488
-0.3157,-2.272026347583249
-0.3167000000000001,-2.3144676865791998
-0.3177,-2.348420757775961
-0.3187000000000001,-2.389447385472047
-0.3197,-2.427644590568403
-0.3207000000000001,-2.468671218264489
-0.3217,-2.509697845960575
-0.3227000000000001,-2.549309762356796
-0.3237,-2.591751101352747
-0.3247000000000001,-2.634192440348698
-0.3257,-2.6752190680447843
-0.3267000000000001,-2.7233192522401954
-0.3277,-2.768590013835877
-0.3287000000000001,-2.811031352831828
-0.3297,-2.8605462483271045
-0.3307000000000001,-2.9044022986229203
-0.3317,-2.9525024828183315
-0.3327000000000001,-3.003432089613473
-0.3337,-3.0515322738088844
-0.3347000000000001,-3.1052913032037557
-0.3357,-3.153391487399167
-0.3367000000000001,-3.207150516794038
-0.3377,-3.2637389687886396
-0.3387000000000001,-3.314668575583781
-0.3397,-3.3698423162785174
-0.3407000000000001,-3.426430768273119
-0.3417,-3.4830192202677206
-0.3427000000000001,-3.543851806161917
-0.3437,-3.6018549694563835
-0.3447000000000001,-3.661272844050715
-0.3457,-3.7235201412447765
-0.3467000000000001,-3.782938015839108
-0.3477,-3.8437706017333046
-0.3487000000000001,-3.9116767441268263
-0.3497,-3.973924041320888
-0.3507000000000001,-4.0446596063141405
-0.3517,-4.108321614808066
-0.3527000000000001,-4.1762277572015885
-0.3537,-4.24696332219484
-0.3547000000000001,-4.317698887188092
-0.3557,-4.389849163481209
-0.35670000000000013,-4.466243573673921
-0.3577,-4.538393849967037
-0.35870000000000013,-4.6162029714596144
-0.3597,-4.692597381652327
-0.36070000000000013,-4.770406503144904
-0.3617,-4.855289181136806
-0.3626999999999999,-4.931683591329518
-0.3637,-5.017980980621284
-0.3646999999999999,-5.101448947313322
-0.3657,-5.18491691400536
-0.3666999999999999,-5.276873148496587
-0.3677,-5.365999960388084
-0.3686999999999999,-5.457956194879311
-0.36970000000000003,-5.551327140670404
-0.3706999999999999,-5.641868663861766
-0.37170000000000003,-5.739483743552454
-0.3726999999999999,-5.838513534543006
-0.37370000000000003,-5.936128614233694
-0.3746999999999999,-6.039402539123842
-0.37570000000000003,-6.141261752714124
-0.3766999999999999,-6.244535677604272
-0.37770000000000004,-6.3534684476938805
-0.3786999999999999,-6.4595717951837575
-0.37970000000000004,-6.571333987873095
-0.3806999999999999,-6.687340314462029
-0.38170000000000004,-6.800517218451231
-0.38269999999999993,-6.922182390239625
-0.38370000000000004,-7.039603428128422
-0.38469999999999993,-7.161268599916816
-0.38570000000000004,-7.287177905604803
-0.38669999999999993,-7.413087211292793
-0.38770000000000004,-7.5418259395805105
-0.38869999999999993,-7.677638224367555
-0.38970000000000005,-7.806376952655272
-0.39069999999999994,-7.946433371341912
-0.39170000000000005,-8.087904501328415
-0.39269999999999994,-8.229375631314918
-0.39370000000000005,-8.376505606500881
-0.39469999999999994,-8.51656202518752
-0.39570000000000005,-8.666521422973215
-0.39669999999999994,-8.823554377258235
-0.39770000000000005,-8.980587331543253
-0.39869999999999994,-9.141864419727867
-0.39970000000000006,-9.301726796612616
-0.40069999999999995,-9.463003884797232
-0.40170000000000006,-9.635598663380765
-0.40269999999999995,-9.801119885464974
-0.40370000000000006,-9.979373509247969
-0.40469999999999995,-10.1562124217311
-0.40570000000000006,-10.335880756813957
-0.40669999999999995,-10.522622648396142
-0.40770000000000006,-10.706535117378598
-0.40869999999999995,-10.896106431560511
-0.40970000000000006,-11.094166013541617
-0.41069999999999995,-11.287981461623128
-0.41170000000000007,-11.486041043604232
-0.41269999999999996,-11.696833027284123
-0.41370000000000007,-11.900551454464688
-0.41469999999999996,-12.118416994643903
-0.41570000000000007,-12.326379555724063
-0.41669999999999996,-12.549903941102741
-0.41770000000000007,-12.770598903881686
-0.41869999999999996,-12.996952711860093
-0.4197000000000001,-13.227550653738092
-0.42069999999999996,-13.46522215211542
-0.4217000000000001,-13.698649516593148
-0.42269999999999996,-13.944809282769667
-0.4237000000000001,-14.189554337646317
-0.42469999999999997,-14.444202371622024
-0.4257000000000001,-14.69885040559773
-0.42669999999999997,-14.953498439573437
-0.4277000000000001,-15.208146473549144
-0.42869999999999997,-15.4769416205235
-0.4297000000000001,-15.74573676749786
-0.43069999999999997,-16.014531914472215
-0.4317000000000001,-16.29747417444522
-0.4327,-16.580416434418233
-0.4337000000000001,-16.863358694391238
-0.4347,-17.160448067362896
-0.4357000000000001,-17.45753744033455
-0.4367,-17.75462681330621
-0.4377000000000001,-18.06586329927652
-0.4387,-18.362952672248177
-0.4397000000000001,-18.688336271217132
-0.4407,-18.999572757187444
-0.4417000000000001,-19.3249563561564
-0.4427,-19.65033995512536
-0.4437000000000001,-19.98987066709297
-0.4447,-20.315254266061928
-0.4457000000000001,-20.640637865030882
-0.4467,-20.980168576998494
-0.4477000000000001,-21.333846401964752
-0.4487,-21.701671339929664
-0.4497000000000001,-22.055349164895922
-0.4507,-22.40902698986218
-0.4517000000000001,-22.776851927827092
-0.4527,-23.144676865792
-0.4537000000000001,-23.51250180375691
-0.4547,-23.894473854720466
-0.4557000000000001,-24.27644590568403
-0.4567,-24.67256506964624
-0.4577000000000001,-25.054537120609798
-0.4587,-25.45065628457201
-0.4597000000000001,-25.86092256153287
-0.4607,-26.27118883849373
-0.4617000000000001,-26.69560222845324
-0.4627,-27.1058685054141
-0.4637000000000001,-27.530281895373616
-0.4647,-27.968842398331773
-0.4657000000000001,-28.393255788291288
-0.4667,-28.831816291249446
-0.4677000000000001,-29.27037679420761
-0.4687,-29.72308441016442
-0.4697000000000001,-30.189939139119886
-0.4707,-30.670940981073993
-0.4717000000000001,-31.137795710029454
-0.4727,-31.604650438984915
-0.4737000000000001,-32.08565228093904
-0.4747,-32.5525070098945
-0.4757000000000001,-33.0335088518486
-0.4767,-33.54280491980002
-0.4777000000000001,-34.05210098775143
-0.4787,-34.56139705570285
-0.4797000000000001,-35.07069312365426
-0.4807,-35.594136304604326
-0.48170000000000013,-36.13172659855304
-0.4827,-36.655169779503105
-0.48370000000000013,-37.206907186450465
-0.4847,-37.744497480399176
-0.48570000000000013,-38.28208777434789
-0.4867,-38.08402819236679
-0.48570000000000013,-37.46155522042617
-0.4847,-36.86737647448285
-0.48370000000000013,-36.27319772853954
-0.4827,-35.664871869597576
-0.48170000000000013,-35.04239889765696
-0.4807,-34.41992592571634
-0.4797000000000001,-33.79745295377573
-0.4787,-33.203274207832415
-0.4777000000000001,-32.59494834889044
-0.4767,-32.02906382894443
-0.4757000000000001,-31.449032195999767
-0.4747,-30.897294789052403
-0.4737000000000001,-30.317263156107735
-0.4727,-29.76552574916037
-0.4717000000000001,-29.22793545521166
-0.4707,-28.704492274261593
-0.4697000000000001,-28.18104909331153
-0.4687,-27.65760591236147
-0.4677000000000001,-27.14830984441005
-0.4667,-26.667308002455943
-0.4657000000000001,-26.18630616050183
-0.4647,-25.691157205549064
-0.4637000000000001,-25.295038041586857
-0.4627,-24.814036199632742
-0.4617000000000001,-24.36132858367593
-0.4607,-23.908620967719123
-0.4597000000000001,-23.47006046476096
-0.4587,-23.017352848804148
-0.4577000000000001,-22.592939458844636
-0.4567,-22.168526068885125
-0.4557000000000001,-21.758259791924264
-0.4547,-21.362140627962056
-0.4537000000000001,-20.95187435100119
-0.4527,-20.569902300037633
-0.4517000000000001,-20.17378313607542
-0.4507,-19.805958198110513
-0.4497000000000001,-19.423986147146955
-0.4487,-19.056161209182044
-0.4477000000000001,-18.702483384215785
-0.4467,-18.348805559249524
-0.4457000000000001,-18.009274847281915
-0.4447,-17.655597022315657
-0.4437000000000001,-17.316066310348052
-0.4427,-16.99068271137909
-0.4417000000000001,-16.665299112410132
-0.4407,-16.354062626439823
-0.4397000000000001,-16.04282614046952
-0.4387,-15.731589654499205
-0.4377000000000001,-15.4203531685289
-0.4367,-15.123263795557243
-0.4357000000000001,-14.840321535584234
-0.4347,-14.557379275611227
-0.4337000000000001,-14.274437015638219
-0.4327,-13.988665333065482
-0.4317000000000001,-13.718455474791261
-0.43069999999999997,-13.448245616517038
-0.4297000000000001,-13.186524026042006
-0.42869999999999997,-12.930461280766435
-0.4277000000000001,-12.672983824190998
-0.42669999999999997,-12.426824058014482
-0.4257000000000001,-12.183493714437697
-0.42469999999999997,-11.938748659561044
-0.4237000000000001,-11.709565428982907
-0.42269999999999996,-11.477552775805044
-0.4217000000000001,-11.249784256526773
-0.42069999999999996,-11.029089293747825
-0.4197000000000001,-10.805564908369151
-0.41869999999999996,-10.59477292468926
-0.41770000000000007,-10.385395652309235
-0.41669999999999996,-10.180262513828804
-0.41570000000000007,-9.980788220547833
-0.41469999999999996,-9.782728638566729
-0.41370000000000007,-9.581839633985894
-0.41269999999999996,-9.392268319803978
-0.41170000000000007,-9.202697005622065
-0.41069999999999995,-9.024443381839069
-0.40970000000000006,-8.843360335456342
-0.40869999999999995,-8.663692000373485
-0.40770000000000006,-8.491097221789948
-0.40669999999999995,-8.322746577106011
-0.40570000000000006,-8.155810643721937
-0.40469999999999995,-7.995948266837187
-0.40370000000000006,-7.830427044752977
-0.40269999999999995,-7.676223513067688
-0.40170000000000006,-7.52484940398213
-0.40069999999999995,-7.369231160996977
-0.39970000000000006,-7.227760031010472
-0.39869999999999994,-7.084874189724104
-0.39770000000000005,-6.939158925838006
-0.39669999999999994,-6.804761352350826
-0.39570000000000005,-6.664704933664188
-0.39469999999999994,-6.5317220714768744
-0.39370000000000005,-6.40156863188929
-0.39269999999999994,-6.271415192301707
-0.39170000000000005,-6.152579443113044
-0.39069999999999994,-6.026670137425056
-0.38970000000000005,-5.906419676936528
-0.38869999999999993,-5.791828061647459
-0.38770000000000004,-5.675821735058527
-0.38669999999999993,-5.561230119769459
-0.38570000000000004,-5.452297349679851
-0.38469999999999993,-5.340535156990514
-0.38370000000000004,-5.2386759434002315
-0.38269999999999993,-5.133987307210218
-0.38170000000000004,-5.03071338232007
-0.3806999999999999,-4.933098302629383
-0.37970000000000004,-4.832653800338965
-0.3786999999999999,-4.7406975658477375
-0.37770000000000004,-4.647326620056646
-0.3766999999999999,-4.553955674265553
-0.37570000000000003,-4.4648288623740555
-0.3746999999999999,-4.375702050482558
-0.37370000000000003,-4.286575238591061
-0.3726999999999999,-4.205936694498754
-0.37170000000000003,-4.119639305206987
-0.3706999999999999,-4.0446596063141405
-0.36970000000000003,-3.958362217022373
-0.3686999999999999,-3.881967806829661
-0.3677,-3.8069881079368133
-0.3666999999999999,-3.734837831643697
-0.3657,-3.658443421450985
-0.3646999999999999,-3.590537279057463
-0.3637,-3.515557580164616
-0.3626999999999999,-3.4490661490709593
-0.3617,-3.381160006677438
-0.36070000000000013,-3.3118391529840507
-0.3597,-3.249591855789989
-0.35870000000000013,-3.1845151359961976
-0.3577,-3.119438416202406
-0.35670000000000013,-3.0614352529079394
-0.3557,-2.997773244414013
-0.3547000000000001,-2.941184792419411
-0.3537,-2.8860110517246746
-0.3527000000000001,-2.823763754530613
-0.3517,-2.772834147735472
-0.3507000000000001,-2.7148309844410052
-0.3497,-2.659657243746269
-0.3487000000000001,-2.6073129256512626
-0.3477,-2.554968607556256
-0.3467000000000001,-2.506868423360845
-0.3457,-2.4559388165657037
-0.3447000000000001,-2.4035944984706976
-0.3437,-2.3569090255751513
-0.3427000000000001,-2.30880884137974
-0.3417,-2.2621233684841937
-0.3407000000000001,-2.215437895588648
-0.3397,-2.1701671339929662
-0.3387000000000001,-2.127725794997015
-0.3377,-2.082455033401334
-0.3367000000000001,-2.0371842718056525
-0.3357,-1.9989870667092968
-0.3347000000000001,-1.9579604390132106
-0.3337,-1.9112749661176645
-0.3327000000000001,-1.8759071836210386
-0.3317,-1.8334658446250875
-0.3307000000000001,-1.7995127734283267
-0.3297,-1.7584861457322407
-0.3287000000000001,-1.7217036519357498
-0.3277,-1.6863358694391237
-0.3267000000000001,-1.6481386643427678
-0.3257,-1.612770881846142
-0.3247000000000001,-1.580232521949246
-0.3237,-1.543450028152755
-0.3227000000000001,-1.510911668255859
-0.3217,-1.4769585970590984
-0.3207000000000001,-1.4430055258623373
-0.3197,-1.4140039442151042
-0.3187000000000001,-1.3792020462384242
-0.3177,-1.3472295708614743
-0.3167000000000001,-1.318227989214241
-0.3157,-1.2868213983572372
-0.3147000000000001,-1.2595174702698424
-0.3137,-1.2289597061927575
-0.3127000000000001,-1.196562817425848
-0.3117,-1.1723712541981557
-0.3107000000000001,-1.1445014415908148
-0.3097,-1.1149339754236354
-0.3087000000000001,-1.0887618163761321
-0.3077,-1.059760234728899
-0.3067000000000001,-1.0359930848911665
-0.30569999999999997,-1.0127918195733798
-0.3047000000000001,-0.983931709056133
-0.30369999999999997,-0.9600230880884139
-0.3027000000000001,-0.9359729959907083
-0.30169999999999997,-0.9109326059830971
-0.3007000000000001,-0.8881557540552701
-0.29969999999999997,-0.8638227196975914
-0.2987000000000001,-0.8434508769795349
-0.29769999999999996,-0.8199666694017753
-0.2967000000000001,-0.794077452614245
-0.29569999999999996,-0.7772423881458511
-0.2947000000000001,-0.7546070073480106
-0.29369999999999996,-0.7321130976801564
-0.29270000000000007,-0.7128730240019919
-0.29169999999999996,-0.6902376432041514
-0.29070000000000007,-0.672129338565879
-0.28969999999999996,-0.6528892648877144
-0.28870000000000007,-0.6302538840898738
-0.28769999999999996,-0.6149750020513315
-0.28670000000000007,-0.5933299191633964
-0.28569999999999995,-0.5755045567850969
-0.28470000000000006,-0.5602256747465546
-0.28369999999999995,-0.539005005248579
-0.28270000000000006,-0.5230187675601041
-0.28169999999999995,-0.5075984143915752
-0.28070000000000006,-0.4873680428035051
-0.27969999999999995,-0.4733624009348413
-0.27870000000000006,-0.4583664611562719
-0.27769999999999995,-0.4384190318281749
-0.27670000000000006,-0.4265354569093086
-0.27569999999999995,-0.40687096984118454
-0.27470000000000006,-0.3959776928322238
-0.27369999999999994,-0.3815476375736004
-0.27270000000000005,-0.36315639067535493
-0.27169999999999994,-0.35141428688647514
-0.27070000000000005,-0.33655981823789227
-0.26969999999999994,-0.32255417636922834
-0.26870000000000005,-0.3099632458004295
-0.26769999999999994,-0.2946843637618871
-0.26670000000000005,-0.2808201930232098
-0.26569999999999994,-0.269926916014249
-0.26470000000000005,-0.2557798030155986
-0.26369999999999993,-0.24644270843648935
-0.26270000000000004,-0.23441766238763656
-0.26169999999999993,-0.2189973092191077
-0.26070000000000004,-0.21022609915994445
-0.25969999999999993,-0.1966448706812401
-0.25870000000000004,-0.18886395853198237
-0.25769999999999993,-0.1774047970030756
-0.25670000000000004,-0.1628332706144657
-0.2556999999999999,-0.155052358465208
-0.25470000000000004,-0.14430055258623375
-0.2536999999999999,-0.13289797950932153
-0.25270000000000004,-0.12518780292505707
-0.2516999999999999,-0.11058798231044992
-0.25070000000000003,-0.10545258029193984
-0.24969999999999992,-0.09631354529481169
-0.24870000000000003,-0.0828030523811006
-0.24769999999999992,-0.07827597622153248
-0.24670000000000003,-0.06796273084551636
-0.24569999999999992,-0.05827195844144086
-0.24470000000000003,-0.051863316253052245
-0.24369999999999992,-0.039965594221187284
-0.24270000000000003,-0.03599025546856653
-0.24169999999999991,-0.024969654442617898
-0.24070000000000003,-0.014571526388609878
-0.2396999999999999,-0.01173503023238048
-0.23870000000000002,-0.003304765596484726
-0.2376999999999999,0.005794657484247191
-0.23670000000000002,0.01213114939634269
-0.23570000000000013,0.020994315689997142
-0.23470000000000002,0.02734636942639116
-0.23370000000000013,0.03147732642199706
-0.23270000000000002,0.04289404661190791
-0.23170000000000013,0.0465440017655597
-0.23070000000000002,0.05249993633799151
-0.22970000000000013,0.06015352447026136
-0.22870000000000001,0.06661875511064458
-0.22770000000000012,0.07285763194304938
-0.2267,0.07704517739064991
-0.22570000000000012,0.08225131497415322
-0.2247,0.09061225875635559
-0.22370000000000012,0.09423391968401008
-0.2227,0.09962396973649587
-0.22170000000000012,0.10737658765975629
-0.2207,0.11012112758149446
-0.21970000000000012,0.11515749980901398
-0.2187,0.12020801914953216
-0.21770000000000012,0.12460777129211242
-0.2167,0.1312003259494835
-0.2157000000000001,0.1421784856364362
-0.2147,0.1399432417826494
-0.2137000000000001,0.14599820614607179
-0.2127,0.14769585970590982
-0.2117000000000001,0.15703295428501907
-0.2107,0.15660854089505957
-0.2097000000000001,0.16028679027470866
-0.2087,0.16778476016399335
-0.2077000000000001,0.16990682711379093
-0.2067,0.1731606631034805
-0.2057000000000001,0.17881950830294063
-0.2047,0.1806586329927652
-0.2037000000000001,0.18759071836210386
-0.2027,0.18801513175206336
-0.2017000000000001,0.19056161209182043
-0.2007,0.19791811085111863
-0.1997000000000001,0.19777663972113213
-0.1987,0.20258665814067325
-0.1977000000000001,0.20711373430024138
-0.19669999999999999,0.2081040322101469
-0.1957000000000001,0.2153190598394586
-0.19469999999999998,0.21390434853959353
-0.1937000000000001,0.21800701130920216
-0.19269999999999998,0.22338291424868928
-0.1917000000000001,0.2239487987686353
-0.1907000000000001,0.2267782213683654
-0.1897000000000002,0.232578537697812
-0.1887000000000001,0.23003205735805496
-0.1877000000000002,0.23795444063729917
-0.1867000000000001,0.2382373828972722
-0.1857000000000002,0.24007650758709673
-0.1847000000000001,0.24545241052658387
-0.1837000000000002,0.24488652600663782
-0.18270000000000008,0.24729153521640837
-0.1817000000000002,0.25295038041586854
-0.18070000000000008,0.2518186113759765
-0.1797000000000002,0.25705304318547717
-0.17870000000000008,0.2557798030155986
-0.1777000000000002,0.26030687917516676
-0.17670000000000008,0.2649754264647214
-0.1757000000000002,0.2631363017748969
-0.17470000000000008,0.26455101307476186
-0.1737000000000002,0.2706342716641816
-0.17270000000000008,0.269643973754276
-0.17170000000000019,0.27530281895373615
-0.17070000000000007,0.2734636942639116
-0.16970000000000018,0.27601017460366867
-0.16870000000000007,0.27912253946337173
-0.16770000000000018,0.27940548172334473
-0.16670000000000007,0.2813860775431558
-0.16570000000000018,0.28633756709268343
-0.16470000000000007,0.2891669896924135
-0.16370000000000018,0.288176691782508
-0.16270000000000007,0.2883181629124945
-0.16170000000000018,0.2911475855122245
-0.16070000000000007,0.29539171941181963
-0.15970000000000018,0.2932696524620221
-0.15870000000000006,0.2958161328017792
-0.15770000000000017,0.3007676223513068
-0.15670000000000006,0.2989284976614822
-0.15570000000000017,0.3007676223513068
-0.15470000000000006,0.3024652759111448
-0.15370000000000017,0.3027482181711178
-0.15270000000000006,0.30854853450056446
-0.15170000000000017,0.30529469851087493
-0.15070000000000006,0.3079826499806185
-0.14970000000000017,0.31180237049025405
-0.14870000000000005,0.310104716930416
-0.14770000000000016,0.3146317930899841
-0.14670000000000005,0.3149147353499572
-0.14570000000000016,0.31533914873991664
-0.14470000000000005,0.3188759269895793
-0.14370000000000016,0.3156220909998897
-0.14270000000000005,0.3191588692495523
-0.14170000000000016,0.3214224073293363
-0.14070000000000005,0.3221297629792688
-0.13970000000000016,0.3260909546188909
-0.13870000000000005,0.3243933010590529
-0.13770000000000016,0.32552507009894494
-0.13670000000000004,0.3299106751285265
-0.13570000000000015,0.326656839138837
-0.13470000000000004,0.3293447906085805
-0.13370000000000015,0.33274009772825663
-0.13270000000000004,0.3311839152984051
-0.13170000000000015,0.33571099145797323
-0.13070000000000004,0.33373039563816215
-0.12970000000000015,0.3341548090281217
-0.12870000000000004,0.33981365422758186
-0.12770000000000015,0.33769158727778426
-0.12670000000000003,0.3389648274476628
-0.12570000000000014,0.3422186634373524
-0.12470000000000003,0.3420771923073659
-0.12370000000000014,0.3434919036072309
-0.12270000000000003,0.3426430768273119
-0.12170000000000014,0.3470286818568935
-0.12070000000000003,0.34787750863681255
-0.11970000000000014,0.3464627973369475
-0.11870000000000003,0.3473116241168665
-0.11770000000000014,0.3525460559263671
-0.11670000000000003,0.3494336910666641
-0.11570000000000014,0.3543851806161917
-0.11470000000000002,0.3522631136663941
-0.11370000000000013,0.35495106513613767
-0.11270000000000002,0.3586293145157868
-0.11170000000000013,0.35579989191605677
-0.11070000000000024,0.35693166095594875
-0.10970000000000013,0.3616002082455034
-0.10870000000000024,0.3591951990357328
-0.10770000000000013,0.36273197728539536
-0.10670000000000024,0.3625905061554089
-0.10570000000000013,0.36273197728539536
-0.10470000000000024,0.36641022666504447
-0.10370000000000013,0.36513698649516596
-0.10270000000000024,0.368249351354869
-0.10170000000000012,0.37107877395459915
-0.10070000000000023,0.36938112039476106
-0.09970000000000012,0.37164465847454514
-0.09870000000000023,0.37221054299449113
-0.09770000000000012,0.3715031873445586
-0.09670000000000023,0.37659614802407276
-0.09570000000000012,0.37489849446423473
-0.09470000000000023,0.37588879237414025
-0.09370000000000012,0.37970851288377583
-0.09270000000000023,0.37914262836382984
-0.09170000000000011,0.38140616644361386
-0.09070000000000022,0.3815476375736004
-0.08970000000000011,0.38197205096355985
-0.08870000000000022,0.383952646783371
-0.08770000000000011,0.3855088292132225
-0.08670000000000022,0.3869235405130875
-0.08570000000000011,0.38791383842299304
-0.08470000000000022,0.3881967806829661
-0.08370000000000011,0.3907432610227231
-0.08270000000000022,0.3914506166726556
-0.0817000000000001,0.39244091458256114
-0.08070000000000022,0.3959776928322238
-0.0797000000000001,0.3942800392723857
-0.07870000000000021,0.39555327944226426
-0.0777000000000001,0.39937299995189984
-0.07670000000000021,0.39725093300210224
-0.0757000000000001,0.40262683594158943
-0.07470000000000021,0.4010706535117379
-0.0737000000000001,0.4019194802916569
-0.07270000000000021,0.40687096984118454
-0.0717000000000001,0.404748902891387
-0.07070000000000021,0.40602214306126555
-0.0697000000000001,0.40913450792096867
-0.0687000000000002,0.4088515656609956
-0.0677000000000001,0.4123883439106582
-0.0667000000000002,0.4106906903508202
-0.06570000000000009,0.4128127573006177
-0.0647000000000002,0.4176227757201588
-0.06370000000000009,0.4149348242504153
-0.0627000000000002,0.4186130736300644
-0.06170000000000009,0.4221498518797269
-0.0607000000000002,0.4197448426699564
-0.059700000000000086,0.423281620919619
-0.058700000000000196,0.42200838074974045
-0.057700000000000085,0.4237060343095785
-0.056700000000000195,0.4280916393391601
-0.05570000000000008,0.4263939857793221
-0.05470000000000019,0.42879899498909263
-0.05370000000000008,0.4312040041988632
-0.05270000000000019,0.43007223515897114
-0.05170000000000008,0.4362969648783774
-0.05070000000000019,0.43176988871880917
-0.04970000000000008,0.4355896092284448
-0.04870000000000019,0.4391263874781074
-0.047700000000000076,0.43870197408814793
-0.046700000000000186,0.4396922719980534
-0.045700000000000074,0.44181433894785094
-0.044700000000000184,0.44450229041759454
-0.04370000000000007,0.4469072996273651
-0.04270000000000018,0.444360819287608
-0.04170000000000007,0.44888789544717617
-0.04070000000000018,0.45100996239697366
-0.03970000000000007,0.4500196644870682
-0.03870000000000018,0.4511514335269602
-0.03770000000000007,0.4569517498564068
-0.03670000000000018,0.4558199808165148
-0.035700000000000065,0.4593567590661774
-0.034700000000000175,0.4600641147161099
-0.03370000000000006,0.45765910550633937
-0.03270000000000017,0.4650156042656376
-0.03170000000000006,0.4630350084458265
-0.03070000000000017,0.46459119087567796
-0.02970000000000006,0.47010856494515163
-0.02870000000000017,0.4672791423454216
-0.027700000000000058,0.47251357415492223
-0.026700000000000168,0.47166474737500325
-0.025700000000000056,0.47293798754488175
-0.024700000000000166,0.47718212144447686
-0.023700000000000054,0.47689917918450386
-0.022700000000000164,0.4795871306542474
-0.021700000000000053,0.48312390890391005
-0.020700000000000163,0.481709197604045
-0.01970000000000005,0.4852459758537076
-0.01870000000000016,0.4851045047237211
-0.01770000000000005,0.48708510054353216
-0.01670000000000016,0.49147070557311373
-0.015700000000000047,0.49104629218315415
-0.014700000000000157,0.49246100348301924
-0.013700000000000045,0.4964221951226413
-0.012700000000000156,0.4965636662526278
-0.011700000000000044,0.5003833867622635
-0.010700000000000154,0.5020810403221014
-0.009700000000000042,0.5020810403221014
-0.008700000000000152,0.505617818571764
-0.00770000000000004,0.505334876311791
-0.00670000000000015,0.5084472411714941
-0.005700000000000038,0.5119840194211568
-0.0047000000000001485,0.5104278369913052
-0.0037000000000000366,0.5160866821907654
-0.0027000000000001467,0.5153793265408328
-0.0017000000000000348,0.5160866821907654
-0.000700000000000145,0.5227358253001311
0.00029999999999996696,0.52075522948032
0.0012999999999998568,0.5233017098200771
0.0022999999999999687,0.5281117282396182
0.0032999999999998586,0.5275458437196722
0.0042999999999999705,0.5300923240594293
0.00529999999999986,0.5323558621392133
0.006299999999999972,0.5323558621392133
0.007299999999999862,0.5382976495986466
0.008299999999999974,0.5371658805587545
0.009299999999999864,0.540136774288471
0.010299999999999976,0.5456541483579447
0.011299999999999866,0.5422588412382686
0.012299999999999978,0.5482006286977017
