Potential V vs RHE, Current mA cm-2
0.013299999999999867,-0.00814873708722261
0.012299999999999978,-0.02762931168636417
0.011299999999999866,-0.03988071154319539
0.010299999999999976,-0.048736804280350515
0.009299999999999864,-0.05586694923167029
0.008299999999999974,-0.06129944062315204
0.007299999999999862,-0.06643484264166212
0.006299999999999972,-0.07100436014022618
0.00529999999999986,-0.07445625571189689
0.0042999999999999705,-0.07817694643054193
0.0032999999999998586,-0.0810346632562693
0.0022999999999999687,-0.08382164451700343
0.0012999999999998568,-0.0866510671167335
0.00029999999999996696,-0.0891268118914973
-0.000700000000000145,-0.0909517894683232
-0.0017000000000000348,-0.09317288620911131
-0.0027000000000001467,-0.09533739449790483
-0.0037000000000000366,-0.09678040002376717
-0.0047000000000001485,-0.09784143349866595
-0.005700000000000038,-0.09914296789454177
-0.00670000000000015,-0.10132162329633393
-0.00770000000000004,-0.10214215585025564
-0.008700000000000152,-0.10375492673210178
-0.009700000000000042,-0.10552331585693309
-0.010700000000000154,-0.10700876272179137
-0.011700000000000044,-0.10819712021367801
-0.012700000000000156,-0.10972500841753224
-0.013700000000000045,-0.11087092457042293
-0.014700000000000157,-0.11163486867235005
-0.015700000000000047,-0.11256857813026097
-0.01670000000000016,-0.1135871702661638
-0.01770000000000005,-0.11494529311403422
-0.01870000000000016,-0.1159214439109411
-0.01970000000000005,-0.11671368223886554
-0.020700000000000163,-0.11807180508673595
-0.021700000000000053,-0.11896307320565094
-0.022700000000000164,-0.1197977528725713
-0.023700000000000054,-0.12030704894052272
-0.024700000000000166,-0.12133978818942417
-0.025700000000000056,-0.12245741011631758
-0.026700000000000168,-0.12320720710524605
-0.027700000000000058,-0.12380138585118937
-0.02870000000000017,-0.12484827221308947
-0.02970000000000006,-0.125272685603049
-0.03070000000000017,-0.1270410747278803
-0.03170000000000006,-0.12702692761488163
-0.03270000000000017,-0.12817284376777233
-0.03370000000000006,-0.12837090334975343
-0.034700000000000175,-0.12927631858166705
-0.035700000000000065,-0.12944608393765086
-0.03670000000000018,-0.13088908946351321
-0.03770000000000007,-0.13169547490443625
-0.03870000000000018,-0.13253015457135664
-0.03970000000000007,-0.13275650837933503
-0.04070000000000018,-0.13289797950932153
-0.04170000000000007,-0.1337326591762419
-0.04270000000000018,-0.13446830905217175
-0.04370000000000007,-0.13514737047610695
-0.044700000000000184,-0.13567081365705702
-0.045700000000000074,-0.1358971674650354
-0.046700000000000186,-0.13671770001895714
-0.047700000000000076,-0.13714211340891666
-0.04870000000000019,-0.13775043926785863
-0.04970000000000008,-0.13879732562975874
-0.05070000000000019,-0.13892464964674658
-0.05170000000000008,-0.13983006487866023
-0.05270000000000019,-0.14011300713863326
-0.05370000000000008,-0.14067889165857925
-0.05470000000000019,-0.14111745216153743
-0.05570000000000008,-0.14175407224647668
-0.056700000000000195,-0.1424614278964092
-0.057700000000000085,-0.1428858412863687
-0.058700000000000196,-0.1434517258063147
-0.059700000000000086,-0.1433102546763282
-0.0607000000000002,-0.1433102546763282
-0.06170000000000009,-0.14387613919627423
-0.0627000000000002,-0.14444202371622025
-0.06370000000000009,-0.14472496597619325
-0.0647000000000002,-0.14557379275611226
-0.06570000000000009,-0.14628114840604478
-0.0667000000000002,-0.14599820614607179
-0.0677000000000001,-0.14698850405597733
-0.0687000000000002,-0.14769585970590982
-0.0697000000000001,-0.14797880196588284
-0.07070000000000021,-0.14783733083589634
-0.0717000000000001,-0.14741291744593682
-0.07270000000000021,-0.14797880196588284
-0.0737000000000001,-0.14868615761581536
-0.07470000000000021,-0.14939351326574787
-0.0757000000000001,-0.14953498439573437
-0.07670000000000021,-0.15052528230563988
-0.0777000000000001,-0.1509496956955994
-0.07870000000000021,-0.1513741090855589
-0.0797000000000001,-0.15151558021554543
-0.08070000000000022,-0.1512326379555724
-0.0817000000000001,-0.15165705134553195
-0.08270000000000022,-0.15165705134553195
-0.08370000000000011,-0.15165705134553195
-0.08470000000000022,-0.15179852247551845
-0.08570000000000011,-0.15264734925543746
-0.08670000000000022,-0.15293029151541046
-0.08770000000000011,-0.15321323377538346
-0.08870000000000022,-0.15377911829532948
-0.08970000000000011,-0.15448647394526202
-0.09070000000000022,-0.15335470490536995
-0.09170000000000011,-0.15363764716534298
-0.09270000000000023,-0.15349617603535648
-0.09370000000000012,-0.15349617603535648
-0.09470000000000023,-0.15264734925543746
-0.09570000000000012,-0.15264734925543746
-0.09670000000000023,-0.15363764716534298
-0.09770000000000012,-0.15377911829532948
-0.09870000000000023,-0.154203531685289
-0.09970000000000012,-0.15377911829532948
-0.10070000000000023,-0.154203531685289
-0.10170000000000012,-0.15392058942531597
-0.10270000000000024,-0.15448647394526202
-0.10370000000000013,-0.155052358465208
-0.10470000000000024,-0.155335300725181
-0.10570000000000013,-0.15547677185516753
-0.10670000000000024,-0.155335300725181
-0.10770000000000013,-0.15632559863508652
-0.10870000000000024,-0.15590118524512703
-0.10970000000000013,-0.155335300725181
-0.11070000000000024,-0.155335300725181
-0.11170000000000013,-0.15491088733522151
-0.11270000000000002,-0.15462794507524852
-0.11370000000000013,-0.15491088733522151
-0.11470000000000002,-0.15491088733522151
-0.11570000000000014,-0.155052358465208
-0.11670000000000003,-0.1540620605553025
-0.11770000000000014,-0.154203531685289
-0.11870000000000003,-0.15476941620523502
-0.11970000000000014,-0.1551938295951945
-0.12070000000000003,-0.15561824298515403
-0.12170000000000014,-0.1551938295951945
-0.12270000000000003,-0.155335300725181
-0.12370000000000014,-0.15491088733522151
-0.12470000000000003,-0.15590118524512703
-0.12570000000000014,-0.15632559863508652
-0.12670000000000003,-0.15632559863508652
-0.12770000000000015,-0.15646706976507307
-0.12870000000000004,-0.15660854089505957
-0.12970000000000015,-0.15660854089505957
-0.13070000000000004,-0.15646706976507307
-0.13170000000000015,-0.1574573676749786
-0.13270000000000004,-0.15717442541500556
-0.13370000000000015,-0.15675001202504607
-0.13470000000000004,-0.15816472332491108
-0.13570000000000015,-0.1584476655848841
-0.13670000000000004,-0.1583061944548976
-0.13770000000000016,-0.1588720789748436
-0.13870000000000005,-0.15802325219492458
-0.13970000000000016,-0.15802325219492458
-0.14070000000000005,-0.15774030993495158
-0.14170000000000016,-0.15774030993495158
-0.14270000000000005,-0.15774030993495158
-0.14370000000000016,-0.15774030993495158
-0.14470000000000005,-0.15816472332491108
-0.14570000000000016,-0.15816472332491108
-0.14670000000000005,-0.15774030993495158
-0.14770000000000016,-0.15774030993495158
-0.14870000000000005,-0.15915502123481662
-0.14970000000000017,-0.1585891367148706
-0.15070000000000006,-0.1583061944548976
-0.15170000000000017,-0.1584476655848841
-0.15270000000000006,-0.1584476655848841
-0.15370000000000017,-0.15929649236480314
-0.15470000000000006,-0.15915502123481662
-0.15570000000000017,-0.15957943462477614
-0.15670000000000006,-0.15943796349478964
-0.15770000000000017,-0.15972090575476264
-0.15870000000000006,-0.16000384801473563
-0.15970000000000018,-0.16071120366466815
-0.16070000000000007,-0.16014531914472213
-0.16170000000000018,-0.16042826140469515
-0.16270000000000007,-0.16000384801473563
-0.16370000000000018,-0.16000384801473563
-0.16470000000000007,-0.15929649236480314
-0.16570000000000018,-0.15943796349478964
-0.16670000000000007,-0.15986237688474914
-0.16770000000000018,-0.16085267479465465
-0.16870000000000007,-0.16099414592464115
-0.16970000000000018,-0.16099414592464115
-0.17070000000000007,-0.16028679027470866
-0.17170000000000019,-0.16113561705462764
-0.17270000000000008,-0.16099414592464115
-0.1737000000000002,-0.16141855931460067
-0.17470000000000008,-0.1618429727045602
-0.1757000000000002,-0.1615600304445872
-0.17670000000000008,-0.1619844438345467
-0.1777000000000002,-0.1625503283544927
-0.17870000000000008,-0.1629747417444522
-0.1797000000000002,-0.1629747417444522
-0.18070000000000008,-0.16354062626439822
-0.1817000000000002,-0.16311621287443873
-0.18270000000000008,-0.16410651078434427
-0.1837000000000002,-0.16467239530429026
-0.1847000000000001,-0.16424798191433077
-0.1857000000000002,-0.16453092417430376
-0.1867000000000001,-0.16453092417430376
-0.1877000000000002,-0.16509680869424978
-0.1887000000000001,-0.1658041643441823
-0.1897000000000002,-0.1658041643441823
-0.1907000000000001,-0.16707740451406086
-0.1917000000000001,-0.16764328903400685
-0.19269999999999998,-0.16820917355395287
-0.1937000000000001,-0.16877505807389886
-0.19469999999999998,-0.1696238848538179
-0.1957000000000001,-0.17033124050375043
-0.19669999999999999,-0.17047271163373692
-0.1977000000000001,-0.17146300954364244
-0.1987,-0.17231183632356148
-0.1997000000000001,-0.17259477858353447
-0.2007,-0.173019191973494
-0.2017000000000001,-0.17443390327335903
-0.2027,-0.17457537440334553
-0.2037000000000001,-0.17499978779330505
-0.2047,-0.17542420118326454
-0.2057000000000001,-0.17641449909317006
-0.2067,-0.17599008570321056
-0.2077000000000001,-0.1771218547431026
-0.2087,-0.17853656604296764
-0.2097000000000001,-0.17952686395287318
-0.2107,-0.17938539282288665
-0.2117000000000001,-0.18037569073279217
-0.2127,-0.18164893090267073
-0.2137000000000001,-0.18263922881257624
-0.2147,-0.18348805559249526
-0.2157000000000001,-0.18334658446250876
-0.2167,-0.1843368823724143
-0.21770000000000012,-0.1856101225422928
-0.2187,-0.18702483384215784
-0.21970000000000012,-0.18843954514202288
-0.2207,-0.18872248740199588
-0.22170000000000012,-0.1899957275718744
-0.2227,-0.19141043887173945
-0.22370000000000012,-0.1919763233916855
-0.2247,-0.1933910346915505
-0.22570000000000012,-0.19523015938137506
-0.2267,-0.19692781294121312
-0.22770000000000012,-0.19848399537106462
-0.22870000000000001,-0.19919135102099716
-0.22970000000000013,-0.20018164893090268
-0.23070000000000002,-0.20131341797079472
-0.23170000000000013,-0.2038598983105518
-0.23270000000000002,-0.20513313848043033
-0.23370000000000013,-0.20626490752032234
-0.23470000000000002,-0.2075381476902009
-0.23570000000000013,-0.20852844560010642
-0.23670000000000002,-0.21036757028993097
-0.2376999999999999,-0.212065223849769
-0.23870000000000002,-0.21333846401964754
-0.2396999999999999,-0.2151775887094721
-0.24070000000000003,-0.21744112678925615
-0.24169999999999991,-0.2202705493889862
-0.24270000000000003,-0.22111937616890526
-0.24369999999999992,-0.2232414431187028
-0.24470000000000003,-0.22592939458844638
-0.24569999999999992,-0.22748557701829786
-0.24670000000000003,-0.2293247017081224
-0.24769999999999992,-0.2321541243078525
-0.24870000000000003,-0.2345591335176231
-0.24969999999999992,-0.23724708498736666
-0.25070000000000003,-0.24021797871708325
-0.2516999999999999,-0.24333034357678635
-0.25270000000000004,-0.24347181470677282
-0.2536999999999999,-0.24700859295643537
-0.25470000000000004,-0.250545371206098
-0.2556999999999999,-0.25139419798601703
-0.25670000000000004,-0.25422362058574705
-0.25769999999999993,-0.25761892770542316
-0.25870000000000004,-0.26016540804518024
-0.25969999999999993,-0.2620045327350048
-0.26070000000000004,-0.2649754264647214
-0.26169999999999993,-0.2686536758443705
-0.26270000000000004,-0.27120015618412757
-0.26369999999999993,-0.27601017460366867
-0.26470000000000005,-0.2818104909331153
-0.26569999999999994,-0.2812446064131693
-0.26670000000000005,-0.2842155001428859
-0.26769999999999994,-0.28619609596269696
-0.26870000000000005,-0.29058170099227854
-0.26969999999999994,-0.29510877715184664
-0.27070000000000005,-0.29822114201154976
-0.27169999999999994,-0.3007676223513068
-0.27270000000000005,-0.3047288139909289
-0.27369999999999994,-0.30854853450056446
-0.27470000000000006,-0.3127926684001596
-0.27569999999999995,-0.31548061986990317
-0.27670000000000006,-0.31972475376949827
-0.27769999999999995,-0.32580801235891793
-0.27870000000000006,-0.3290618483486075
-0.27969999999999995,-0.33146685755837807
-0.28070000000000006,-0.3354280491980002
-0.28169999999999995,-0.34009659648755486
-0.28270000000000006,-0.3433504324772444
-0.28369999999999995,-0.34858486428674507
-0.28470000000000006,-0.35212164253640765
-0.28569999999999995,-0.35579989191605677
-0.28670000000000007,-0.3614587371155169
-0.28769999999999996,-0.365702871015112
-0.28870000000000007,-0.36909817813478807
-0.28969999999999996,-0.3734837831643697
-0.29070000000000007,-0.37970851288377583
-0.29169999999999996,-0.3857917714731955
-0.29270000000000007,-0.3907432610227231
-0.29369999999999996,-0.39555327944226426
-0.2947000000000001,-0.4005047689917918
-0.29569999999999996,-0.40573920080129255
-0.2967000000000001,-0.40998333470088766
-0.29769999999999996,-0.41465188199044223
-0.2987000000000001,-0.42200838074974045
-0.29969999999999997,-0.4263939857793221
-0.3007000000000001,-0.4310625330688767
-0.30169999999999997,-0.4375702050482558
-0.3027000000000001,-0.4442193481576215
-0.30369999999999997,-0.4490293665771626
-0.3047000000000001,-0.45539556742655535
-0.30569999999999997,-0.4621861816659074
-0.3067000000000001,-0.46742061347540814
-0.3077,-0.47180621850498966
-0.3087000000000001,-0.47859683274434195
-0.3097,-0.4846800913337616
-0.3107000000000001,-0.4920365900930598
-0.3117,-0.4965636662526278
-0.3127000000000001,-0.5006663290222364
-0.3137,-0.5054763474417775
-0.3147000000000001,-0.5124084328111163
-0.3157,-0.5191990470504685
-0.3167000000000001,-0.5264140746797802
-0.3177,-0.5320729198792403
-0.3187000000000001,-0.538722062988606
-0.3197,-0.5446638504480392
-0.3207000000000001,-0.5514544646873913
-0.3217,-0.556971838756865
-0.3227000000000001,-0.5654601065560552
-0.3237,-0.5706945383655557
-0.3247000000000001,-0.5773436814749214
-0.3257,-0.5841342957142737
-0.3267000000000001,-0.5923396212534908
-0.3277,-0.5988472932328701
-0.3287000000000001,-0.6059208497321952
-0.3297,-0.6138432330114394
-0.3307000000000001,-0.620209433860832
-0.3317,-0.6271415192301707
-0.3327000000000001,-0.6356297870293609
-0.3337,-0.6422789301387266
-0.3347000000000001,-0.6493524866380518
-0.3357,-0.6550113318375119
-0.3367000000000001,-0.6616604749468776
-0.3377,-0.6711390406559734
-0.3387000000000001,-0.6797687795851503
-0.3397,-0.6881155762543539
-0.3407000000000001,-0.6944817771037465
-0.3417,-0.7022626892530042
-0.3427000000000001,-0.7099021302722753
-0.3437,-0.7185318692014522
-0.3447000000000001,-0.7248980700508447
-0.3457,-0.733103395590062
-0.3467000000000001,-0.7435722592090632
-0.3477,-0.753333767178132
-0.3487000000000001,-0.7587096701176191
-0.3497,-0.7645099864470658
-0.3507000000000001,-0.772998254246256
-0.3517,-0.7841744735151899
-0.3527000000000001,-0.7928042124443665
-0.3537,-0.7997362978137053
-0.3547000000000001,-0.8090733923928144
-0.3557,-0.8164298911521127
-0.35670000000000013,-0.8244937455613434
-0.3577,-0.8341137824004257
-0.35870000000000013,-0.8447241171494134
-0.3597,-0.8517976736487386
-0.36070000000000013,-0.8621250661377534
-0.3617,-0.8697645071570246
-0.3626999999999999,-0.8728768720167276
-0.3637,-0.8847604469355939
-0.3646999999999999,-0.8911266477849867
-0.3657,-0.9018784536639609
-0.3666999999999999,-0.9116399616330296
-0.3677,-0.9209770562121388
-0.3686999999999999,-0.9308800353111941
-0.36970000000000003,-0.9424806679700873
-0.3706999999999999,-0.9494127533394261
-0.37170000000000003,-0.9603060303483869
-0.3726999999999999,-0.9697845960574827
-0.37370000000000003,-0.9764337391668484
-0.3746999999999999,-0.9847805358360522
-0.37570000000000003,-0.9960982262349724
-0.3766999999999999,-1.006142676464014
-0.37770000000000004,-1.0119429927934607
-0.3786999999999999,-1.0255242212721651
-0.37970000000000004,-1.0328807200314631
-0.3806999999999999,-1.0433495836504647
-0.38170000000000004,-1.0559405142192635
-0.38269999999999993,-1.0683899736580758
-0.38370000000000004,-1.0715023385177789
-0.38469999999999993,-1.0832444423066585
-0.38570000000000004,-1.0932888925357005
-0.38669999999999993,-1.101635689204904
-0.38770000000000004,-1.1099824858741079
-0.38869999999999993,-1.1259687235625826
-0.38970000000000005,-1.139267009781314
-0.39069999999999994,-1.1439355570708687
-0.39170000000000005,-1.1582241411995053
-0.39269999999999994,-1.1626097462290872
-0.39370000000000005,-1.1719468408081963
-0.39469999999999994,-1.1831230600771303
-0.39570000000000005,-1.1945822216060369
-0.39669999999999994,-1.2053340274850113
-0.39770000000000005,-1.217642015793837
-0.39869999999999994,-1.2292426484527306
-0.39970000000000006,-1.251312144730625
-0.40069999999999995,-1.2537171539403955
-0.40170000000000006,-1.2654592577292754
-0.40269999999999995,-1.2739475255284654
-0.40370000000000006,-1.2834260912375612
-0.40469999999999995,-1.2930461280766434
-0.40570000000000006,-1.306627356555348
-0.40669999999999995,-1.3195012293841197
-0.40770000000000006,-1.3340727557727297
-0.40869999999999995,-1.345107503911677
-0.40970000000000006,-1.3523225315409886
-0.41069999999999995,-1.3653378754997467
-0.41170000000000007,-1.3759482102487348
-0.41269999999999996,-1.3920759190671963
-0.41370000000000007,-1.4108915793554009
-0.41469999999999996,-1.421784856364362
-0.41570000000000007,-1.433102546763282
-0.41669999999999996,-1.4472496597619326
-0.41770000000000007,-1.4585673501608527
-0.41869999999999996,-1.4698850405597732
-0.4197000000000001,-1.4882762874580184
-0.42069999999999996,-1.501008689156804
-0.4217000000000001,-1.5080822456561291
-0.42269999999999996,-1.5208146473549145
-0.4237000000000001,-1.5293029151541047
-0.42469999999999997,-1.540620605553025
-0.4257000000000001,-1.5491088733522151
-0.42669999999999997,-1.5660854089505953
-0.4277000000000001,-1.580232521949246
-0.42869999999999997,-1.584476655848841
-0.4297000000000001,-1.587306078448571
-0.43069999999999997,-1.6028679027470865
-0.4317000000000001,-1.6198444383454669
-0.4327,-1.6255032835449272
-0.4337000000000001,-1.6382356852437125
-0.4347,-1.6467239530429028
-0.4357000000000001,-1.658041643441823
-0.4367,-1.6736034677403384
-0.4377000000000001,-1.6891652920388538
-0.4387,-1.7061418276372344
-0.4397000000000001,-1.7174595180361545
-0.4407,-1.7231183632356148
-0.4417000000000001,-1.7443390327335901
-0.4427,-1.7570714344323757
-0.4437000000000001,-1.769803836131161
-0.4447,-1.7825362378299463
-0.4457000000000001,-1.7881950830294064
-0.4467,-1.8080010412275167
-0.4477000000000001,-1.8179040203265722
-0.4487,-1.8334658446250875
-0.4497000000000001,-1.8433688237241426
-0.4507,-1.849027668923603
-0.4517000000000001,-1.8645894932221183
-0.4527,-1.8759071836210386
-0.4537000000000001,-1.892883719219419
-0.4547,-1.9112749661176645
-0.4557000000000001,-1.933910346915505
-0.4567,-1.9409839034148304
-0.4577000000000001,-1.9622045729128061
-0.4587,-1.9820105311109162
-0.4597000000000001,-1.993328221509837
-0.4607,-2.0060606232086218
-0.4617000000000001,-2.013134179707947
-0.4627,-2.0103047571082175
-0.4637000000000001,-2.0060606232086218
-0.4647,-2.011719468408082
-0.4657000000000001,-2.0301107153063276
-0.4667,-2.0414284057052483
-0.4677000000000001,-2.0612343639033583
-0.4687,-2.071137343002414
-0.4697000000000001,-2.0994315689997145
-0.4707,-2.1065051254990395
-0.4717000000000001,-2.1206522384976902
-0.4727,-2.136214062796206
-0.4737000000000001,-2.148946464494991
-0.4747,-2.171581845292831
-0.4757000000000001,-2.1885583808912115
-0.4767,-2.206949627789457
-0.4777000000000001,-2.228170297287433
-0.4787,-2.2522203893851382
-0.4797000000000001,-2.273441058883114
-0.4807,-2.284758749282034
-0.48170000000000013,-2.2974911509808194
-0.4827,-2.30597941878001
-0.48370000000000013,-2.3243706656782552
-0.4847,-2.3371030673770408
-0.48570000000000013,-2.3569090255751513
-0.4867,-2.3696414272739363
-0.4876999999999999,-2.3781296950731265
-0.4887,-2.4050092097705624
-0.4896999999999999,-2.430474013168133
-0.4907,-2.4446211261667834
-0.4916999999999999,-2.4559388165657037
-0.4927,-2.4828183312631396
-0.4936999999999999,-2.5012095781613843
-0.49470000000000003,-2.5111125572604402
-0.4956999999999999,-2.5012095781613843
-0.49670000000000003,-2.512527268560305
-0.4976999999999999,-2.557798030155986
-0.49870000000000003,-2.5691157205549064
-0.4996999999999999,-2.5988246578520724
-0.5007,-2.584677544853422
-0.5016999999999999,-2.590336390052882
-0.5027,-2.621460038649913
-0.5036999999999999,-2.627118883849373
-0.5047,-2.6469248420474836
-0.5056999999999999,-2.6525836872469437
-0.5067,-2.6865367584437045
-0.5076999999999999,-2.709172139241545
-0.5087,-2.7360516539389814
-0.5096999999999999,-2.745954633038036
-0.5107,-2.7332222313392514
-0.5116999999999999,-2.743125210438306
-0.5127,-2.764345879936282
-0.5136999999999999,-2.7869812607341222
-0.5147,-2.7968842398331777
-0.5156999999999999,-2.8082019302320975
-0.5167,-2.8322520223298033
-0.5176999999999999,-2.846399135328454
-0.5187,-2.8577168257273744
-0.5196999999999999,-2.8817669178250793
-0.5207,-2.8944993195238653
-0.5216999999999999,-2.919964122921436
-0.5227,-2.9341112359200863
-0.5236999999999999,-2.949673060218602
-0.5247,-2.977967286215902
-0.5257,-3.000602667013743
-0.5267000000000001,-3.009090934812933
-0.5277,-3.0274821817111786
-0.5287000000000001,-3.0402145834099636
-0.5297,-3.0685088094072643
-0.5307000000000001,-3.074167654606725
-0.5317,-3.082655922405915
-0.5327000000000001,-3.0911441902051053
-0.5337,-3.1024618806040256
-0.5347000000000001,-3.1335855292010564
-0.5357,-3.1548061986990317
-0.5367000000000001,-3.168953311697682
-0.5377,-3.1831004246963324
-0.5387000000000001,-3.198662248994848
-0.5397,-3.2156387845932284
-0.5407000000000001,-3.2297858975918787
-0.5417,-3.2609095461889095
-0.5427000000000001,-3.276471370487425
-0.5437,-3.2849596382866153
-0.5447000000000001,-3.3047655964847262
-0.5457,-3.317497998183511
-0.5467000000000001,-3.347206935480677
-0.5477,-3.351451069380272
-0.5487000000000001,-3.3882335631767626
-0.5497,-3.382574717977303
-0.5507000000000001,-3.4207719230736586
-0.5517,-3.4490661490709593
-0.5527000000000001,-3.473116241168665
-0.5537,-3.5297046931632665
-0.5547000000000001,-3.541022383562187
-0.5557,-3.5636577643600273
-0.5567000000000001,-3.591951990357328
-0.5577,-3.6004402581565187
-0.5587000000000001,-3.6556139988512544
-0.5597,-3.713617162145721
-0.5607000000000001,-3.727764275144372
-0.5617,-3.7235201412447765
-0.5627000000000001,-3.7362525429435625
-0.5637,-3.7532290785419424
-0.5647000000000001,-3.630149195453684
-0.5657,-3.674005245749501
-0.5667000000000001,-3.698055337847206
-0.5677,-3.716446584745451
-0.5687000000000001,-3.751814367242077
-0.5697,-3.7532290785419424
-0.5707000000000001,-3.7617173463411326
-0.5717,-3.791426283638298
-0.5727000000000001,-3.811232241836409
-0.5737,-3.8366970452339793
-0.5747000000000001,-3.87065011643074
-0.5757,-3.896114919828311
-0.5767000000000001,-3.918750300626152
-0.5777,-3.9258238571254775
-0.5787000000000001,-3.9428003927238575
-0.5797,-3.961191639622102
-0.5807000000000001,-3.995144710818863
-0.5817,-4.017780091616704
-0.5827000000000001,-4.04183018371441
-0.5837,-4.0644655645122505
-0.5847000000000001,-4.089930367909821
-0.5857,-4.130956995605907
-0.5867000000000001,-4.160665932903073
-0.5877,-4.191789581500104
-0.5887000000000001,-4.191789581500104
-0.5897,-4.203107271899024
-0.5907000000000001,-4.239889765695515
-0.5917,-4.27525754819214
-0.5927000000000001,-4.286575238591061
-0.5937,-4.312040041988632
-0.5947000000000001,-4.345993113185393
-0.5957,-4.370043205283098
-0.5967000000000001,-4.401166853880129
-0.5977,-4.425216945977835
-0.5987000000000001,-4.463414151074191
-0.5997,-4.483220109272302
-0.6007000000000001,-4.5171731804690625
-0.6017,-4.544052695166498
-0.6027000000000001,-4.580835188962989
-0.6037,-4.6289353731583995
-0.6047000000000001,-4.672791423454216
-0.6057,-4.64308248615705
-0.6067000000000001,-4.6614737330552956
-0.6077,-4.698256226851787
-0.6087000000000001,-4.735038720648277
-0.6097,-4.756259390146253
-0.6107000000000001,-4.793041883942744
-0.6117,-4.839727356838291
-0.6126999999999999,-4.900559942732487
-0.6137,-4.921780612230462
-0.6146999999999999,-4.979783775524929
-0.6157,-5.0222251145208805
-0.6166999999999999,-5.050519340518181
-0.6177,-5.090131256914402
-0.6186999999999999,-5.131157884610488
-0.6197,-5.1467197089090035
-0.6206999999999999,-5.183502202705494
-0.6217,-5.210381717402931
-0.6226999999999999,-5.248578922499286
-0.6237,-5.276873148496587
-0.6246999999999999,-5.332046889191323
-0.6257,-5.38722062988606
-0.6266999999999999,-5.432491391481741
-0.6277,-5.482006286977017
-0.6286999999999999,-5.5272770485726985
-0.6297,-5.582450789267434
-0.6306999999999999,-5.6192332830639256
-0.6317,-5.685724714157582
-0.6326999999999999,-5.718263074054478
-0.6337,-5.790413350347595
-0.6346999999999999,-5.854075358841522
-0.6357,-5.930469769034234
-0.6366999999999999,-5.97432581933005
-0.6377,-6.026670137425056
-0.6386999999999999,-6.084673300719523
-0.6397,-6.111552815416958
-0.6406999999999999,-6.182288380410211
-0.6417,-6.227559142005892
-0.6426999999999999,-6.209167895107646
-0.6437,-6.31385653129766
-0.6446999999999999,-6.377518539791585
-0.6457,-6.432692280486322
-0.6466999999999999,-6.490695443780789
-0.6477,-6.54162505057593
-0.6486999999999999,-6.608116481669587
-0.6497,-6.613775326869046
-0.6507,-6.6760226240631075
-0.6517000000000001,-6.731196364757845
-0.6527,-6.784955394152716
-0.6537000000000001,-6.908035277240974
-0.6547,-7.022626892530043
-0.6557000000000001,-7.052335829827209
-0.6567,-7.159853888616951
-0.6577000000000001,-7.234833587509797
-0.6587,-7.222101185811012
-0.6597000000000001,-7.280104349105479
-0.6607,-7.36781644969711
-0.6617000000000001,-7.489481621485504
-0.6627,-7.6267086175724135
-0.6637000000000001,-7.73564138766202
-0.6647,-7.834671178652573
-0.6657000000000001,-7.946433371341912
-0.6667,-8.010095379835839
-0.6677000000000001,-8.14873708722261
-0.6687,-8.242108033013702
-0.6697000000000001,-8.360943782202368
-0.6707,-8.515147313887656
-0.6717000000000001,-8.607103548378884
-0.6727,-8.752818812264982
-0.6737000000000001,-8.880142829252835
-0.6747,-8.994734444541903
-0.6757000000000001,-9.126302595429351
-0.6767,-9.308800353111941
-0.6777000000000001,-9.39792716500344
-0.6787,-9.478565709095745
-0.6797000000000001,-9.629939818181304
-0.6807,-9.753019701269562
-0.6817000000000001,-9.914296789454177
-0.6827,-10.081232722838251
-0.6837000000000001,-10.207142028526238
-0.6847,-10.350027869812608
-0.6857000000000001,-10.536769761394792
-0.6867,-10.74897645637455
-0.6877000000000001,-10.968256707853628
-0.6887,-11.108313126540267
-0.6897000000000001,-11.341740491018
-0.6907,-11.579411989395325
-0.6917000000000001,-11.80576579737373
-0.6927,-12.053340274850113
-0.6937000000000001,-12.230179187333244
-0.6947,-12.409847522416102
-0.6957000000000001,-12.637616041694372
-0.6967,-12.871043406172104
-0.6977000000000001,-13.107300193249564
-0.6987,-13.356289382025812
-0.6997000000000001,-13.616596261200979
-0.7007,-13.91227092287277
-0.7017000000000001,-14.175407224647667
-0.7027,-14.444202371622024
-0.7037000000000001,-14.741291744593681
-0.7047,-15.03838111756534
-0.7057000000000001,-15.335470490536997
-0.7067,-15.660854089505953
-0.7077000000000001,-16.02867902747086
-0.7087,-16.339915513441174
-0.7097000000000001,-16.637004886412832
-0.7107,-17.00482982437774
-0.7117000000000001,-17.34436053634535
-0.7127,-17.782921039303513
-0.7137000000000001,-18.164893090267068
-0.7147,-18.518570915233333
-0.7157000000000001,-18.88639585319824
-0.7167,-19.2683679041618
-0.7177000000000001,-19.69278129412131
-0.7187,-20.10304757108217
-0.7197000000000001,-20.48501962204573
-0.7207,-20.95187435100119
-0.7217000000000001,-21.404581966958006
-0.7227,-21.94217226090672
-0.7237000000000001,-22.38073276386488
-0.7247,-22.87588171881764
-0.7257000000000001,-23.328589334774456
-0.7267,-23.86617962872317
-0.7277000000000001,-24.27644590568403
-0.7287,-24.842330425630045
-0.7297000000000001,-25.37992071957876
-0.7307,-25.889216787530174
-0.7317000000000001,-26.511689759470787
-0.7327,-27.091721392415455
-0.7337000000000001,-27.62931168636417
-0.7347,-28.18104909331153
-0.7357000000000001,-28.944993195238652
-0.7367,-29.567466167179266
-0.7376999999999999,-30.04846800913338
-0.7387,-30.741676546067247
-0.7396999999999999,-31.46317930899841
-0.7407,-32.00076960294713
-0.7416999999999999,-32.5525070098945
-0.7427,-33.17497998183511
-0.7436999999999999,-33.712570275783825
-0.7447,-34.44822015171364
-0.7456999999999999,-35.15557580164616
-0.7467,-35.721460321592176
-0.7476999999999999,-36.47125731052064
-0.7487,-37.15031873445586
-0.7496999999999999,-37.98499840137623
-0.7507,-38.777236729300654
-0.7516999999999999,-39.61191639622103
-0.7527,-40.33341915915219
-0.7536999999999999,-41.02662769608606
-0.7547,-41.96033715399699
-0.7556999999999999,-42.837458159913304
-0.7567,-43.60140226184043
-0.7576999999999999,-44.535111719751356
-0.7587,-45.32735004767578
-0.7596999999999999,-46.19032394059345
-0.7607,-46.95426804252057
-0.7616999999999999,-47.80309482243959
-0.7627,-48.80753984534376
-0.7636999999999999,-49.656366625262784
-0.7647,-50.37786938819396
-0.7656999999999999,-51.31157884610488
-0.7667,-52.42920077299826
-0.7676999999999999,-53.22143910092268
-0.7687,-54.05611876784305
-0.7696999999999999,-54.989828225753975
-0.7707,-55.85280211867165
-0.7716999999999999,-56.65918755959472
-0.7727,-57.57874990450699
-0.7736999999999999,-58.54075358841522
-0.7747,-59.61593417631264
-0.7757,-60.40817250423707
-0.7767000000000001,-61.01649836317903
-0.7777,-61.96435493408861
-0.7787000000000001,-62.92635861799682
-0.7797,-63.91665652790236
-0.7807000000000001,-64.85036598581328
-0.7817,-65.82651678272015
-0.7827000000000001,-66.74607912763243
-0.7837,-67.7222299245393
-0.7847000000000001,-68.68423360844753
-0.7857,-69.46232482337331
-0.7867000000000001,-70.45262273327883
-0.7877,-71.3721850781911
-0.7887000000000001,-72.36248298809663
-0.7897,-73.18301554201834
-0.7907000000000001,-73.98940098294142
-0.7917,-74.9938460058456
-0.7927000000000001,-75.96999680275246
-0.7937,-77.0168831646526
-0.7947000000000001,-77.66765036259052
-0.7957,-78.58721270750279
-0.7967000000000001,-79.54921639141102
-0.7977,-80.31316049333813
-0.7987000000000001,-81.44492953323017
-0.7997,-82.49181589513029
-0.8007000000000001,-83.39723112704392
-0.8017,-84.35923481095215
-0.8027000000000001,-85.2222087038698
-0.8037,-85.91541724080368
-0.8047000000000001,-87.08962761969167
-0.8057,-87.98089573860662
-0.8067000000000001,-88.74483984053374
-0.8077,-89.57951950745412
-0.8087000000000001,-90.55567030436099
-0.8097,-91.39034997128137
-0.8107000000000001,-91.78646913524358
-0.8117,-92.45138344618015
-0.8127000000000001,-93.25776888710321
-0.8137,-94.06415432802629
-0.8147000000000001,-94.85639265595071
-0.8157,-95.74766077486568
-0.8167000000000001,-96.58234044178606
-0.8177,-97.41702010870642
-0.8187000000000001,-98.12437575863895
-0.8197,-98.86002563456876
-0.8207000000000001,-99.41176304151614
-0.8217,-100.93965124537037
-0.8227000000000001,-101.7035953472975
-0.8237,-101.87336070328129
-0.8247000000000001,-102.70804037020166
-0.8257,-103.93883920108425
-0.8267000000000001,-105.12719669297088
-0.8277,-105.87699368189935
-0.8287000000000001,-106.01846481188585
-0.8297,-106.81070313981027
-0.8307000000000001,-107.94247217970229
-0.8317,-108.62153360363752
-0.8327000000000001,-109.69671419153494
-0.8337,-110.68701210144046
-0.8347000000000001,-111.6207215593514
-0.8357,-111.6490157853487
-0.8367000000000001,-112.46954833927042
-0.8377,-113.3042280061908
-0.8387000000000001,-113.77108273514627
-0.8397,-114.59161528906797
-0.8407000000000001,-115.10091135701937
-0.8417,-115.59606031197214
-0.8427000000000001,-116.64294667387229
-0.8437,-117.67568592277377
-0.8447000000000001,-118.02936374774
-0.8457,-118.2274233297211
-0.8467000000000001,-119.16113278763203
-0.8477,-119.84019421156725
-0.8487000000000001,-120.53340274850112
-0.8497,-121.56614199740261
-0.8507000000000001,-122.33008609932973
-0.8517,-122.74035237629057
-0.8527000000000001,-123.34867823523254
-0.8537,-124.33897614513808
-0.8547000000000001,-124.83412510009084
-0.8557,-125.48489229802875
-0.8567000000000001,-126.07907104397206
-0.8577,-126.80057380690324
-0.8587000000000001,-127.26742853585871
-0.8597,-127.19669297086547
-0.8607000000000001,-128.21528510676828
-0.8617,-129.38949548565625
-0.8626999999999999,-131.04470770649834
-0.8637,-131.52570954845248
-0.8646999999999999,-132.20477097238768
-0.8657,-133.20921599529186
-0.8666999999999999,-133.81754185423384
-0.8677,-134.1995139051974
-0.8686999999999999,-134.6805157471515
-0.8697,-136.34987508099226
-0.8706999999999999,-138.08996997982624
-0.8717,-137.94849884983972
-0.8726999999999999,-138.302176674806
-0.8737,-138.8397669687547
-0.8746999999999999,-139.90080044365348
-0.8757,-140.74962722357247
-0.8766999999999999,-141.20233483952933
-0.8777,-142.4614278964092
-0.8786999999999999,-143.0273124163552
-0.8797,-143.0273124163552
-0.8806999999999999,-143.0273124163552
-0.8817,-143.0273124163552
-0.8826999999999999,-143.0273124163552
-0.8837,-143.0273124163552
-0.8846999999999999,-143.0273124163552
-0.8857,-143.0273124163552
-0.8866999999999999,-143.0273124163552
-0.8857,-143.0273124163552
-0.8846999999999999,-143.0273124163552
-0.8837,-143.0273124163552
-0.8826999999999999,-143.0273124163552
-0.8817,-143.0273124163552
-0.8806999999999999,-142.8858412863687
-0.8797,-142.17848563643616
-0.8786999999999999,-140.79206856256846
-0.8777,-139.47638705369397
-0.8766999999999999,-138.04752864083028
-0.8757,-136.9299067139369
-0.8746999999999999,-135.85472612603945
-0.8737,-134.63807440815555
-0.8726999999999999,-133.5345995942608
-0.8717,-133.1950688822932
-0.8706999999999999,-132.43112478036608
-0.8697,-131.05885481949701
-0.8686999999999999,-130.26661649157256
-0.8677,-129.1207003386819
-0.8666999999999999,-128.28602067176152
-0.8657,-126.99863338888434
-0.8646999999999999,-126.24883639995588
-0.8637,-125.272685603049
-0.8626999999999999,-124.91900777808273
-0.8617,-124.05603388516508
-0.8607000000000001,-123.23550133124336
-0.8597,-122.1320265173486
-0.8587000000000001,-120.85878634747009
-0.8577,-120.25046048852812
-0.8567000000000001,-119.68457596858211
-0.8557,-118.55280692869007
-0.8547000000000001,-117.91618684375081
-0.8537,-117.3503023238048
-0.8527000000000001,-116.51562265688442
-0.8517,-114.91699888803693
-0.8507000000000001,-113.62961160515974
-0.8497,-112.63931369525422
-0.8487000000000001,-111.86122248032846
-0.8477,-111.23874950838784
-0.8467000000000001,-110.48895251945936
-0.8457,-110.95580724841481
-0.8447000000000001,-110.63042364944587
-0.8437,-109.86647954751875
-0.8427000000000001,-109.04594699359701
-0.8417,-108.40932690865776
-0.8407000000000001,-107.39073477275493
-0.8397,-106.27311284586155
-0.8387000000000001,-105.04231401497897
-0.8377,-105.12719669297088
-0.8367000000000001,-104.30666413904916
-0.8357,-103.74077961910314
-0.8347000000000001,-102.80707016119221
-0.8337,-101.92994915527588
-0.8327000000000001,-100.84062145437981
-0.8317,-100.98209258436633
-0.8307000000000001,-100.84062145437981
-0.8297,-100.14741291744595
-0.8287000000000001,-99.34102747652288
-0.8277,-98.69026027858496
-0.8267000000000001,-97.75655082067404
-0.8257,-96.86528270175907
-0.8247000000000001,-96.17207416482519
-0.8237,-95.32324738490618
-0.8227000000000001,-94.4036850399939
-0.8217,-93.55485826007487
-0.8207000000000001,-92.53626612417206
-0.8197,-92.15429407320849
-0.8187000000000001,-91.64499800525708
-0.8177,-91.03667214631511
-0.8167000000000001,-90.21613959239339
-0.8157,-89.39560703847167
-0.8147000000000001,-88.87216385752161
-0.8137,-87.93845439961068
-0.8127000000000001,-86.89156803771054
-0.8117,-86.24080083977263
-0.8107000000000001,-85.75979899781852
-0.8097,-85.03829623488735
-0.8087000000000001,-84.41582326294673
-0.8077,-83.76505606500882
-0.8067000000000001,-83.08599464107361
-0.8057,-82.16643229616133
-0.8047000000000001,-81.33175262924095
-0.8037,-80.70927965730034
-0.8027000000000001,-80.92148635228011
-0.8017,-79.81801153838538
-0.8007000000000001,-78.65794827249603
-0.7997,-78.06376952655272
-0.7987000000000001,-77.51203211960537
-0.7977,-76.960294712658
-0.7967000000000001,-76.35196885371603
-0.7957,-75.78608433377002
-0.7947000000000001,-75.20605270082535
-0.7937,-74.58357972888473
-0.7927000000000001,-73.90451830494952
-0.7917,-73.45181068899271
-0.7907000000000001,-72.92836750804264
-0.7897,-72.44736566608852
-0.7887000000000001,-71.66927445116276
-0.7877,-71.1458312702127
-0.7867000000000001,-70.48091695927613
-0.7857,-69.78770842234226
-0.7847000000000001,-69.16523545040164
-0.7837,-68.51446825246373
-0.7827000000000001,-68.06176063650692
-0.7817,-67.4958761165609
-0.7807000000000001,-66.76022624063107
-0.7797,-66.66119644964053
-0.7787000000000001,-65.88310523471476
-0.7777,-65.16160247178358
-0.7767000000000001,-64.63815929083353
-0.7757,-63.91665652790236
-0.7747,-63.03953552198603
-0.7736999999999999,-62.34632698505217
-0.7727,-61.8228838041021
-0.7716999999999999,-61.49750020513315
-0.7707,-61.03064547617768
-0.7696999999999999,-60.691114764210084
-0.7687,-60.12523024426406
-0.7676999999999999,-59.403727481332886
-0.7667,-58.78125450939227
-0.7656999999999999,-58.24366421544356
-0.7647,-57.904133503475954
-0.7636999999999999,-57.550455678509685
-0.7627,-57.111895175551524
-0.7616999999999999,-56.77236446358392
-0.7607,-56.27721550863116
-0.7596999999999999,-55.7537723276811
-0.7587,-55.371800276717536
-0.7576999999999999,-54.919092660760725
-0.7567,-54.31076680181876
-0.7556999999999999,-53.68829382987814
-0.7547,-53.079967970936174
-0.7536999999999999,-52.64140746797801
-0.7527,-52.132111400026595
-0.7516999999999999,-51.75013934906303
-0.7507,-51.071077925127824
-0.7496999999999999,-50.40616361419126
-0.7487,-49.86857332024254
-0.7476999999999999,-49.30268880029653
-0.7467,-48.77924561934647
-0.7456999999999999,-48.21336109940045
-0.7447,-47.647476579454434
-0.7436999999999999,-47.095739172507066
-0.7427,-46.544001765559706
-0.7416999999999999,-46.02055858460964
-0.7407,-45.51126251665823
-0.7396999999999999,-44.95952510971087
-0.7387,-44.478523267756756
-0.7376999999999999,-44.03996276479859
-0.7367,-43.40334267985933
-0.7357000000000001,-42.92234083790521
-0.7347,-42.540368786941656
-0.7337000000000001,-42.03107271899024
-0.7327,-41.649100668026676
-0.7317000000000001,-41.182245939071215
-0.7307,-40.57392008012925
-0.7297000000000001,-40.234389368161644
-0.7287,-39.83827020419943
-0.7277000000000001,-39.49873949223183
-0.7267,-39.046031876275016
-0.7257000000000001,-38.6499127123128
-0.7247,-38.06988107936814
-0.7237000000000001,-37.56058501141672
-0.7227,-37.093730282461266
-0.7217000000000001,-36.740052457495004
-0.7207,-36.35808040653144
-0.7197000000000001,-35.848784338580025
-0.7187,-35.50925362661242
-0.7177000000000001,-35.05654601065561
-0.7167,-34.61798550769744
-0.7157000000000001,-34.193572117737936
-0.7147,-33.79745295377573
-0.7137000000000001,-33.50036358080407
-0.7127,-33.07595019084456
-0.7117000000000001,-32.65153680088505
-0.7107,-32.184682071929586
-0.7097000000000001,-31.64709177798087
-0.7087,-31.392443744005163
-0.7077000000000001,-31.109501484032155
-0.7067,-30.7841178850632
-0.7057000000000001,-30.359704495103685
-0.7047,-29.991879557138777
-0.7037000000000001,-29.55331905418062
-0.7027,-29.199641229214354
-0.7017000000000001,-28.831816291249446
-0.7007,-28.577168257273744
-0.6997000000000001,-28.251784658304786
-0.6987,-27.926401059335824
-0.6977000000000001,-27.62931168636417
-0.6967,-27.303928087395207
-0.6957000000000001,-26.936103149430302
-0.6947,-26.55413109846674
-0.6937000000000001,-26.22874749949778
-0.6927,-25.846775448534224
-0.6917000000000001,-25.634568753554465
-0.6907,-25.295038041586857
-0.6897000000000001,-24.9130659906233
-0.6887,-24.516946826661083
-0.6877000000000001,-24.191563227692125
-0.6867,-23.894473854720466
-0.6857000000000001,-23.738855611735314
-0.6847,-23.44176623876366
-0.6837000000000001,-23.2012653177866
-0.6827,-22.706116362833843
-0.6817000000000001,-22.36658565086623
-0.6807,-22.15437895588647
-0.6797000000000001,-21.800701130920213
-0.6787,-21.489464644949905
-0.6777000000000001,-21.13578681998365
-0.6767,-20.90943301200524
-0.6757000000000001,-20.640637865030882
-0.6747,-20.371842718056527
-0.6737000000000001,-20.07475334508487
-0.6727,-19.77766397211321
-0.6717000000000001,-19.466427486142905
-0.6707,-19.197632339168546
-0.6697000000000001,-19.01371987018609
-0.6687,-18.674189158218486
-0.6677000000000001,-18.461982463238726
-0.6667,-18.249775768258974
-0.6657000000000001,-17.896097943292716
-0.6647,-17.683891248312957
-0.6637000000000001,-17.556567231325104
-0.6627,-17.259477858353446
-0.6617000000000001,-17.047271163373694
-0.6607,-16.792623129397985
-0.6597000000000001,-16.50968086942498
-0.6587,-16.22673860945197
-0.6577000000000001,-16.071120366466815
-0.6567,-15.858913671487063
-0.6557000000000001,-15.660854089505953
-0.6547,-15.3920589425316
-0.6537000000000001,-15.193999360550496
-0.6527,-14.896909987578834
-0.6517000000000001,-14.727144631595033
-0.6507,-14.514937936615278
-0.6497,-14.331025467632822
-0.6486999999999999,-14.131551174351852
-0.6477,-13.953297550568857
-0.6466999999999999,-13.731187876490045
-0.6457,-13.575569633504891
-0.6446999999999999,-13.418536679219873
-0.6437,-13.202085850340522
-0.6426999999999999,-13.022417515257663
-0.6417,-12.827187355876287
-0.6406999999999999,-12.607907104397206
-0.6397,-12.432482903213943
-0.6386999999999999,-12.233008609932972
-0.6377,-12.063243253949167
-0.6366999999999999,-11.904795588364284
-0.6357,-11.736444943680345
-0.6346999999999999,-11.58931496849438
-0.6337,-11.449258549807741
-0.6326999999999999,-11.135192641237705
-0.6317,-10.980989109552414
-0.6306999999999999,-10.850835669964832
-0.6297,-10.696632138279542
-0.6286999999999999,-10.550916874393444
-0.6277,-10.402372187907615
-0.6266999999999999,-10.250998078822057
-0.6257,-10.044450229041761
-0.6246999999999999,-9.953908705850399
-0.6237,-9.772825659467674
-0.6226999999999999,-9.607304437383464
-0.6217,-9.489883399494666
-0.6206999999999999,-9.328606311310052
-0.6197,-9.184305758723816
-0.6186999999999999,-9.131961440628812
-0.6177,-8.95795195074541
-0.6166999999999999,-8.78252774956215
-0.6157,-8.697645071570244
-0.6146999999999999,-8.601444703179425
-0.6137,-8.461388284492784
-0.6126999999999999,-8.277475815510329
-0.6117,-8.196837271418023
-0.6107000000000001,-8.07800152222936
-0.6097,-7.9747275973392115
-0.6087000000000001,-7.879941940248254
-0.6077,-7.775253304058242
-0.6067000000000001,-7.656417554869579
-0.6057,-7.5092875796836145
-0.6047000000000001,-7.393281253094682
-0.6037,-7.280104349105479
-0.6027000000000001,-7.188148114614252
-0.6017,-7.164098022516545
-0.6007000000000001,-7.039603428128422
-0.5997,-6.9052058546412445
-0.5987000000000001,-6.756661168155415
-0.5977,-6.671778490163514
-0.5967000000000001,-6.56143100877404
-0.5957,-6.477963042082004
-0.5947000000000001,-6.417130456187806
-0.5937,-6.279903460100898
-0.5927000000000001,-6.15682357701264
-0.5917,-6.076185032920332
-0.5907000000000001,-6.006864179226946
-0.5897,-5.878125450939227
-0.5887000000000001,-5.784754505148135
-0.5877,-5.742313166152184
-0.5867000000000001,-5.677236446358393
-0.5857,-5.588109634466894
-0.5847000000000001,-5.483420998276882
-0.5837,-5.414100144583495
-0.5827000000000001,-5.302337951894157
-0.5817,-5.249993633799152
-0.5807000000000001,-5.172184512306574
-0.5797,-5.077398855215616
-0.5787000000000001,-5.01373684672169
-0.5777,-4.911877633131407
-0.5767000000000001,-4.843971490737885
-0.5757,-4.7463564110471985
-0.5747000000000001,-4.761918235345714
-0.5737,-4.694012092952192
-0.5727000000000001,-4.63742364095759
-0.5717,-4.521417314368658
-0.5707000000000001,-4.449267038075541
-0.5697,-4.430875791177296
-0.5687000000000001,-4.370043205283098
-0.5677,-4.27525754819214
-0.5667000000000001,-4.222913230097134
-0.5657,-4.1564217990034775
-0.5647000000000001,-4.118224593907121
-0.5637,-4.102662769608606
-0.5627000000000001,-4.01636538031684
-0.5617,-3.962606350921967
-0.5607000000000001,-3.887626652029121
-0.5597,-3.8041586853370832
-0.5587000000000001,-3.747570233342482
-0.5577,-3.690981781347881
-0.5567000000000001,-3.630149195453684
-0.5557,-3.580634299958408
-0.5547000000000001,-3.546681228761647
-0.5537,-3.536778249662592
-0.5527000000000001,-3.4660426846693397
-0.5517,-3.4136983665743337
-0.5507000000000001,-3.3839894292771677
-0.5497,-3.321742132083106
-0.5487000000000001,-3.270812525287965
-0.5477,-3.2128093619934983
-0.5467000000000001,-3.1831004246963324
-0.5457,-3.153391487399167
-0.5447000000000001,-3.1052913032037557
-0.5437,-3.0727529433068597
-0.5427000000000001,-3.0359704495103688
-0.5417,-3.000602667013743
-0.5407000000000001,-2.91571998902184
-0.5397,-2.8166901980312877
-0.5387000000000001,-2.818104909331153
-0.5377,-2.7714194364356066
-0.5367000000000001,-2.772834147735472
-0.5357,-2.7615164573365516
-0.5347000000000001,-2.7247339635400607
-0.5337,-2.639851285548158
-0.5327000000000001,-2.6044835030515325
-0.5317,-2.5620421640555815
-0.5307000000000001,-2.5379920719578757
-0.5297,-2.5012095781613843
-0.5287000000000001,-2.463012373065029
-0.5277,-2.437547569667458
-0.5267000000000001,-2.4163269001694827
-0.5257,-2.383788540272587
-0.5247,-2.3427619125765005
-0.5236999999999999,-2.3342736447773107
-0.5227,-2.2409026989862184
-0.5216999999999999,-2.197046648690402
-0.5207,-2.177240690492291
-0.5196999999999999,-2.161678866193776
-0.5187,-2.13762877409607
-0.5176999999999999,-2.1093345480987695
-0.5167,-2.0683079204026833
-0.5156999999999999,-2.0329401379060577
-0.5147,-2.014548891007812
-0.5136999999999999,-1.9791811085111866
-0.5127,-1.9438133260145605
-0.5116999999999999,-1.922592656516585
-0.5107,-1.9042014096183393
-0.5096999999999999,-1.8801513175206337
-0.5087,-1.8447835350240078
-0.5076999999999999,-1.8207334429263025
-0.5067,-1.779706815230216
-0.5056999999999999,-1.7485831666331852
-0.5047,-1.7089712502369643
-0.5036999999999999,-1.7089712502369643
-0.5027,-1.6976535598380442
-0.5016999999999999,-1.6877505807389888
-0.5007,-1.6792623129397986
-0.4996999999999999,-1.6509680869424979
-0.49870000000000003,-1.614185593146007
-0.4976999999999999,-1.6014531914472214
-0.49670000000000003,-1.5901355010483011
-0.4956999999999999,-1.5675001202504606
-0.49470000000000003,-1.540620605553025
-0.4936999999999999,-1.5193999360550492
-0.4927,-1.4896909987578837
-0.4916999999999999,-1.4656409066601779
-0.4907,-1.4514937936615278
-0.4896999999999999,-1.4345172580631471
-0.4887,-1.4137210019551312
-0.4876999999999999,-1.3912270922872771
-0.4867,-1.3533128294508943
-0.48570000000000013,-1.3356289382025812
-0.4847,-1.321764767463904
-0.48370000000000013,-1.3023832226557526
-0.4827,-1.2921973012967245
-0.48170000000000013,-1.2787575439480066
-0.4807,-1.2556977497602064
-0.4797000000000001,-1.2480583087409354
-0.4787,-1.219339669353675
-0.4777000000000001,-1.2044852007050921
-0.4767,-1.197977528725713
-0.4757000000000001,-1.1863768960668197
-0.4747,-1.1713809562882502
-0.4737000000000001,-1.1525652960000454
-0.4727,-1.1371449428315166
-0.4717000000000001,-1.107294534404364
-0.4707,-1.097391555305309
-0.4697000000000001,-1.074897645637455
-0.4687,-1.0542428606594254
-0.4677000000000001,-1.022694798672435
-0.4667,-1.024675394492246
-0.4657000000000001,-1.010103868103636
-0.4647,-1.011235637143528
-0.4637000000000001,-0.9959567551049858
-0.4627,-0.9904393810355122
-0.4617000000000001,-0.9695016537975096
-0.4607,-0.9472906863896284
-0.4597000000000001,-0.9339924001708971
-0.4587,-0.9156011532726518
-0.4577000000000001,-0.9085275967733266
-0.4567,-0.8990490310642308
-0.4557000000000001,-0.8977757908943523
-0.4547,-0.8809407264259583
-0.4537000000000001,-0.8686327381171326
-0.4527,-0.8549100385084417
-0.4517000000000001,-0.8417532234196969
-0.4507,-0.827181697031087
-0.4497000000000001,-0.8169957756720587
-0.4487,-0.8053951430131653
-0.4477000000000001,-0.7954921639141102
-0.4467,-0.7894089053246904
-0.4457000000000001,-0.76960294712658
-0.4447,-0.7656417554869578
-0.4437000000000001,-0.7503628734484155
-0.4427,-0.7359328181897921
-0.4417000000000001,-0.7292836750804264
-0.4407,-0.7189562825914116
-0.4397000000000001,-0.7229174742310338
-0.4387,-0.7024041603829907
-0.4377000000000001,-0.6898132298141919
-0.4367,-0.67410993438569
-0.4357000000000001,-0.6593969368670936
-0.4347,-0.6552942740974849
-0.4337000000000001,-0.6534551494076605
-0.4327,-0.6463815929083352
-0.4317000000000001,-0.7142877353018571
-0.43069999999999997,-0.6796273084551637
-0.4297000000000001,-0.6585481100871745
-0.42869999999999997,-0.6386006807590775
-0.4277000000000001,-0.6257268079303058
-0.42669999999999997,-0.6083258589419658
-0.4257000000000001,-0.5896516697837473
-0.42469999999999997,-0.5787583927747865
-0.4237000000000001,-0.5689968848057178
-0.42269999999999996,-0.5513129935574048
-0.4217000000000001,-0.5503226956474992
-0.42069999999999996,-0.5361755826488489
-0.4197000000000001,-0.5281117282396182
-0.41869999999999996,-0.5249993633799152
-0.41770000000000007,-0.5312240930993213
-0.41669999999999996,-0.5183502202705494
-0.41570000000000007,-0.5090131256914401
-0.41469999999999996,-0.49981750224231747
-0.41370000000000007,-0.48354832229386957
-0.41269999999999996,-0.4846800913337616
-0.41170000000000007,-0.4784553616143554
-0.41069999999999995,-0.47223063189494924
-0.40970000000000006,-0.46402530635573197
-0.40869999999999995,-0.4613373548859885
-0.40770000000000006,-0.45030260674704115
-0.40669999999999995,-0.43870197408814793
-0.40570000000000006,-0.4327601866287147
-0.40469999999999995,-0.4313454753288497
-0.40370000000000006,-0.4231401497896325
-0.40269999999999995,-0.4162080644202938
-0.40170000000000006,-0.4126712861706312
-0.40069999999999995,-0.40658802758121154
-0.39970000000000006,-0.40121212464172434
-0.39869999999999994,-0.3959776928322238
-0.39770000000000005,-0.3913091455426691
-0.39669999999999994,-0.38211352209354643
-0.39570000000000005,-0.3715031873445586
-0.39469999999999994,-0.3652784576251525
-0.39370000000000005,-0.3652784576251525
-0.39269999999999994,-0.3623075638954359
-0.39170000000000005,-0.3548095940061512
-0.39069999999999994,-0.35240458479638065
-0.38970000000000005,-0.3389648274476628
-0.38869999999999993,-0.33316451111821616
-0.38770000000000004,-0.3316083286883646
-0.38669999999999993,-0.32764713704874243
-0.38570000000000004,-0.3249591855789989
-0.38469999999999993,-0.32000769602947127
-0.38370000000000004,-0.31434885083001113
-0.38269999999999993,-0.308690005630551
-0.38170000000000004,-0.3034555738210504
-0.3806999999999999,-0.2946843637618871
-0.37970000000000004,-0.288742576302454
-0.3786999999999999,-0.2816690198031288
-0.37770000000000004,-0.2813860775431558
-0.3766999999999999,-0.2820934331930883
-0.37570000000000003,-0.27898106833338526
-0.3746999999999999,-0.2727563386139791
-0.37370000000000003,-0.26752190680447846
-0.3726999999999999,-0.2646924842047484
-0.37170000000000003,-0.26129717708507233
-0.3706999999999999,-0.2571945143154637
-0.36970000000000003,-0.2512527268560305
-0.3686999999999999,-0.24814036199632744
-0.3677,-0.2399350364571102
-0.3666999999999999,-0.23908620967719119
-0.3657,-0.23470060464760956
-0.3646999999999999,-0.2313052975279335
-0.3637,-0.22649527910839237
-0.3626999999999999,-0.22267555859875673
-0.3617,-0.2206949627789457
-0.36070000000000013,-0.21630935774936413
-0.3597,-0.2116408104598095
-0.35870000000000013,-0.20711373430024138
-0.3577,-0.2041428405705248
-0.35670000000000013,-0.20032312006088918
-0.3557,-0.1970692840711996
-0.3547000000000001,-0.19395691921149652
-0.3537,-0.19027866983184744
-0.3527000000000001,-0.1858930648022658
-0.3517,-0.18193187316264373
-0.3507000000000001,-0.17881950830294063
-0.3497,-0.17811215265300812
-0.3487000000000001,-0.17528273005327805
-0.3477,-0.17118006728366944
-0.3467000000000001,-0.16721887564404736
-0.3457,-0.1619844438345467
-0.3447000000000001,-0.15816472332491108
-0.3437,-0.15604265637511353
-0.3427000000000001,-0.155335300725181
-0.3417,-0.1513741090855589
-0.3407000000000001,-0.14727144631595032
-0.3397,-0.1467055617960043
-0.3387000000000001,-0.14093353969255495
-0.3377,-0.13981591776566157
-0.3367000000000001,-0.13612352127301383
-0.3357,-0.13451075039116767
-0.3347000000000001,-0.13059200009054156
-0.3337,-0.1282294322197669
-0.3327000000000001,-0.12423994635414752
-0.3317,-0.12237252743832566
-0.3307000000000001,-0.11967042885558345
-0.3297,-0.11848207136369682
-0.3287000000000001,-0.11556776608597484
-0.3277,-0.11177633980233655
-0.3267000000000001,-0.109937215112512
-0.3257,-0.10689558581780217
-0.3247000000000001,-0.10548087451793714
-0.3237,-0.09932688036352423
-0.3227000000000001,-0.09771410948167808
-0.3217,-0.09728969609171857
-0.3207000000000001,-0.09472906863896285
-0.3197,-0.09284750261014235
-0.3187000000000001,-0.08885801674452294
-0.3177,-0.08754233523564847
-0.3167000000000001,-0.08633983063076318
-0.3157,-0.08355284937002906
-0.3147000000000001,-0.0788984491934731
-0.3137,-0.0787852722894839
-0.3127000000000001,-0.07602658525474706
-0.3117,-0.07415916633892522
-0.3107000000000001,-0.07366401738397246
-0.3097,-0.07110338993121673
-0.3087000000000001,-0.0689813229814192
-0.3077,-0.06685925603162164
-0.3067000000000001,-0.06466645351683083
-0.30569999999999997,-0.06250194522803733
-0.3047000000000001,-0.05862563626640712
-0.30369999999999997,-0.05691383559357043
-0.3027000000000001,-0.05558400697169729
-0.30169999999999997,-0.05445223793180526
-0.3007000000000001,-0.054395649479810654
-0.29969999999999997,-0.05349023424789704
-0.2987000000000001,-0.05054763474417776
-0.29769999999999996,-0.04788797750043149
-0.2967000000000001,-0.04559614519465013
-0.29569999999999996,-0.04602055858460964
-0.2947000000000001,-0.04406825699079589
-0.29369999999999996,-0.04269598702992681
-0.29270000000000007,-0.04121054016506852
-0.29169999999999996,-0.0385650300343209
-0.29070000000000007,-0.036740052457495
-0.28969999999999996,-0.033896482744766275
-0.28870000000000007,-0.0329203319478594
-0.28769999999999996,-0.031802710020966025
-0.28670000000000007,-0.0309255890150497
-0.28569999999999995,-0.02931281813320356
-0.28470000000000006,-0.026752190680447843
-0.28369999999999995,-0.025181861137597652
-0.28270000000000006,-0.02392276808071777
-0.28169999999999995,-0.022847587492820343
-0.28070000000000006,-0.02189973092191077
-0.27969999999999995,-0.020315254266061927
-0.27870000000000006,-0.019565457277133456
-0.27769999999999995,-0.016693593338407434
-0.27670000000000006,-0.01614185593146007
-0.27569999999999995,-0.014628114840604478
-0.27470000000000006,-0.013759482102487347
-0.27369999999999994,-0.012810210820277905
-0.27270000000000005,-0.01133042280061908
-0.27169999999999994,-0.009781313927266864
-0.27070000000000005,-0.008134589974223961
-0.26969999999999994,-0.007437137303390498
-0.26870000000000005,-0.006026670137425056
-0.26769999999999994,-0.005203308160903605
-0.26670000000000005,-0.003709373028246126
-0.26569999999999994,-0.002621460038649913
-0.26470000000000005,-0.0007369231160996976
-0.26369999999999993,0.0005051934051818046
-0.26270000000000004,0.0009798290462865243
-0.26169999999999993,0.0027247339635400607
-0.26070000000000004,0.0034221866343735236
-0.25969999999999993,0.004678450268653676
-0.25870000000000004,0.005054763474417776
-0.25769999999999993,0.006451083527384567
-0.25670000000000004,0.0077497885006606705
-0.2556999999999999,0.008349626091803447
-0.25470000000000004,0.009772825659467674
-0.2536999999999999,0.010722096941677113
-0.25270000000000004,0.011726541964581288
-0.2516999999999999,0.012759281213482765
-0.25070000000000003,0.013779288060685456
-0.24969999999999992,0.014628114840604478
-0.24870000000000003,0.015618412750510005
-0.24769999999999992,0.016792623129397985
-0.24670000000000003,0.0173302134233467
-0.24569999999999992,0.018405394011244126
-0.24470000000000003,0.019240073678164497
-0.24369999999999992,0.020513313848043033
-0.24270000000000003,0.021050904141991744
-0.24169999999999991,0.02157434732294181
-0.24070000000000003,0.02264952791083924
-0.2396999999999999,0.02356909025575151
-0.23870000000000002,0.02427644590568403
-0.2376999999999999,0.02506868423360845
-0.23670000000000002,0.02612971770850723
-0.23570000000000013,0.026851220471438397
-0.23470000000000002,0.02770004725135742
-0.23370000000000013,0.02850643269228049
-0.23270000000000002,0.028916698969241348
-0.23170000000000013,0.029892849766148224
-0.23070000000000002,0.030373851608102336
-0.22970000000000013,0.03184515135996198
-0.22870000000000001,0.0327505665918756
-0.22770000000000012,0.033358892450817565
-0.2267,0.03376915872777843
-0.22570000000000012,0.03361354048479327
-0.2247,0.03470286818568935
-0.22370000000000012,0.03518387002764346
-0.2227,0.03591951990357328
-0.22170000000000012,0.036230756389543595
-0.2207,0.03719276007345181
-0.21970000000000012,0.03825379354835059
-0.2187,0.039173355893262866
-0.21770000000000012,0.039979741334185935
-0.2167,0.04082856811410496
-0.2157000000000001,0.04159251221603208
-0.2147,0.041451041086045574
-0.2137000000000001,0.04188960158900373
-0.2127,0.0424979274479457
-0.2117000000000001,0.04348822535785123
-0.2107,0.044223875233781046
-0.2097000000000001,0.04453511171975136
-0.2087,0.04508684912669872
-0.2077000000000001,0.046062999923605595
-0.2067,0.04572346921163799
-0.2057000000000001,0.0464874133135651
-0.2047,0.04780309482243959
-0.2037000000000001,0.047689917918450384
-0.2027,0.04865192160235861
-0.2017000000000001,0.0483406851163883
-0.2007,0.048368979342385605
-0.1997000000000001,0.04930268880029653
-0.1987,0.050363722275195304
-0.1977000000000001,0.05100034236013457
-0.19669999999999999,0.0518491691400536
-0.1957000000000001,0.05292434972795102
-0.19469999999999998,0.052938496840949666
-0.1937000000000001,0.0538439120728633
-0.19269999999999998,0.05501812245175128
-0.1917000000000001,0.05491909266076073
-0.1907000000000001,0.05513129935574049
-0.1897000000000002,0.05467859173978367
-0.1887000000000001,0.055343506050720234
-0.1877000000000002,0.056149891491643296
-0.1867000000000001,0.057522161452512384
-0.1857000000000002,0.05818707576344896
-0.1847000000000001,0.05715433651454749
-0.1837000000000002,0.05835684111943277
-0.18270000000000008,0.05895101986537608
-0.1817000000000002,0.05938958036833424
-0.18070000000000008,0.05964422840230994
-0.1797000000000002,0.0596300812893113
-0.17870000000000008,0.05996961200127891
-0.1777000000000002,0.06036573116524111
-0.17670000000000008,0.062134120290072405
-0.1757000000000002,0.06156823577012639
-0.17470000000000008,0.06261512213202652
-0.1737000000000002,0.062006796273084565
-0.17270000000000008,0.06316685953897387
-0.17170000000000019,0.06378933251091451
-0.17070000000000007,0.06441180548285513
-0.16970000000000018,0.06486451309881193
-0.16870000000000007,0.06579822255672285
-0.16770000000000018,0.0657274869917296
-0.16670000000000007,0.06632166573767292
-0.16570000000000018,0.06523233803677685
-0.16470000000000007,0.06684510891862298
-0.16370000000000018,0.06702902138760544
-0.16270000000000007,0.06793443661951905
-0.16170000000000018,0.06820323176649341
-0.16070000000000007,0.06847202691346778
-0.15970000000000018,0.06960379595335982
-0.15870000000000006,0.06811834908850152
-0.15770000000000017,0.06874082206044213
-0.15670000000000006,0.06953306038836657
-0.15570000000000017,0.07049506407227478
-0.15470000000000006,0.0730839857510278
-0.15370000000000017,0.0733386337850035
-0.15270000000000006,0.07292836750804264
-0.15170000000000017,0.07158439177317086
-0.15070000000000006,0.07086288901023968
-0.14970000000000017,0.07234833587509798
-0.14870000000000005,0.07265957236106828
-0.14770000000000016,0.07464016818087933
-0.14670000000000005,0.07608317370674167
-0.14570000000000016,0.07565876031678216
-0.14470000000000005,0.07829012333453113
-0.14370000000000016,0.07669149956568365
-0.14270000000000005,0.0753333767178132
-0.14170000000000016,0.07514946424883075
-0.14070000000000005,0.07571534876877677
-0.13970000000000016,0.07646514575770523
-0.13870000000000005,0.0786155069335001
-0.13770000000000016,0.07936530392242855
-0.13670000000000004,0.08052536718831789
-0.13570000000000015,0.08036974894533275
-0.13470000000000004,0.08018583647635028
-0.13370000000000015,0.08029901338033948
-0.13270000000000004,0.0805819556403125
-0.13170000000000015,0.08264743413811544
-0.13070000000000004,0.08298696485008306
-0.12970000000000015,0.08362358493502231
-0.12870000000000004,0.08481194242690895
-0.12770000000000015,0.08372261472601288
-0.12670000000000003,0.0831708773190655
-0.12570000000000014,0.08399140987298723
-0.12470000000000003,0.08515147313887655
-0.12370000000000014,0.08557588652883606
-0.12270000000000003,0.08540612117285226
-0.12170000000000014,0.0857597989978185
-0.12070000000000003,0.08609932970978613
-0.11970000000000014,0.08742915833165928
-0.11870000000000003,0.0890985176655
-0.11770000000000014,0.09075372988634212
-0.11670000000000003,0.0905839645303583
-0.11570000000000014,0.09123473172829621
-0.11470000000000002,0.0904141991743745
-0.11370000000000013,0.09255041323717071
-0.11270000000000002,0.09205526428221794
-0.11170000000000013,0.09105081925931376
-0.11070000000000024,0.09255041323717071
-0.10970000000000013,0.09386609474604518
-0.10870000000000024,0.0951110406899264
-0.10770000000000013,0.09618622127782384
-0.10670000000000024,0.09652575198979144
-0.10570000000000013,0.09495542244694127
-0.10470000000000024,0.09588913190485218
-0.10370000000000013,0.09663892889378066
-0.10270000000000024,0.09888831986056607
-0.10170000000000012,0.10054353208140815
-0.10070000000000023,0.09986447065747293
-0.09970000000000012,0.10079818011538387
-0.09870000000000023,0.09907223232954852
-0.09770000000000012,0.09960982262349724
-0.09670000000000023,0.10095379835836901
-0.09570000000000012,0.10197239049427186
-0.09470000000000023,0.10255242212721652
-0.09370000000000012,0.10345783735913014
-0.09270000000000023,0.10376907384510045
-0.09170000000000011,0.10466034196401541
-0.09070000000000022,0.10526866782295738
-0.08970000000000011,0.1059477292468926
-0.08870000000000022,0.10748976456374548
-0.08770000000000011,0.10880544607261997
-0.08670000000000022,0.11078604189243102
-0.08570000000000011,0.10995136222551065
-0.08470000000000022,0.11006453912949986
-0.08370000000000011,0.11210172340130552
-0.08270000000000022,0.1117904869153352
-0.0817000000000001,0.11350228758817188
-0.08070000000000022,0.11623268039691143
-0.0797000000000001,0.11712394851582639
-0.07870000000000021,0.11637415152689792
-0.0777000000000001,0.11609120926692493
-0.07670000000000021,0.11742103788879804
-0.0757000000000001,0.11859524826768601
-0.07470000000000021,0.12064657965249034
-0.0737000000000001,0.12105684592945118
-0.07270000000000021,0.12084463923447143
-0.0717000000000001,0.12046266718350787
-0.07070000000000021,0.1234194138002258
-0.0697000000000001,0.1255273336370247
-0.0687000000000002,0.12619224794796124
-0.0677000000000001,0.12841334468874938
-0.0667000000000002,0.12797478418579122
-0.06570000000000009,0.12682886803290053
-0.0647000000000002,0.12831431489775882
-0.06370000000000009,0.1304363818475564
-0.0627000000000002,0.13369021783724597
-0.06170000000000009,0.13452489750416632
-0.0607000000000002,0.1328838323963229
-0.059700000000000086,0.13277065549233372
-0.058700000000000196,0.13415707256620144
-0.057700000000000085,0.13697234805293285
-0.056700000000000195,0.13898123809874122
-0.05570000000000008,0.1426028990263957
-0.05470000000000019,0.1434517258063147
-0.05370000000000008,0.14444202371622025
-0.05270000000000019,0.1423199567664227
-0.05170000000000008,0.1410042752575482
-0.05070000000000019,0.14316878354634172
-0.04970000000000008,0.14571526388609876
-0.04870000000000019,0.14684703292599083
-0.047700000000000076,0.14868615761581536
-0.046700000000000186,0.14896909987578838
-0.045700000000000074,0.1510911668255859
-0.044700000000000184,0.15250587812545094
-0.04370000000000007,0.15392058942531597
-0.04270000000000018,0.15604265637511353
-0.04170000000000007,0.15929649236480314
-0.04070000000000018,0.16000384801473563
-0.03970000000000007,0.1622673860945197
-0.03870000000000018,0.16325768400442522
-0.03770000000000007,0.16325768400442522
-0.03670000000000018,0.16495533756426325
-0.035700000000000065,0.1669359333840743
-0.034700000000000175,0.16905800033387192
-0.03370000000000006,0.17047271163373692
-0.03270000000000017,0.17231183632356148
-0.03170000000000006,0.17400948988339954
-0.03070000000000017,0.17782921039303512
-0.02970000000000006,0.17980980621284617
-0.02870000000000017,0.18108304638272468
-0.027700000000000058,0.18193187316264373
-0.026700000000000168,0.18292217107254924
-0.025700000000000056,0.1851857091523333
-0.024700000000000166,0.18716630497214437
-0.023700000000000054,0.18914690079195542
-0.022700000000000164,0.19070308322180693
-0.021700000000000053,0.193249563561564
-0.020700000000000163,0.19466427486142904
-0.01970000000000005,0.1970692840711996
-0.01870000000000016,0.20004017780091618
-0.01770000000000005,0.20301107153063278
-0.01670000000000016,0.20470872509047083
-0.015700000000000047,0.2075381476902009
-0.014700000000000157,0.20909433012005244
-0.013700000000000045,0.2116408104598095
-0.012700000000000156,0.21107492593986346
-0.011700000000000044,0.21390434853959353
-0.010700000000000154,0.21630935774936413
-0.009700000000000042,0.21970466486904017
-0.008700000000000152,0.22253408746877026
-0.00770000000000004,0.2250805678085273
-0.00670000000000015,0.22861734605818995
-0.005700000000000038,0.22663675023837887
-0.0047000000000001485,0.22960764396809544
-0.0037000000000000366,0.23059794187800098
-0.0027000000000001467,0.23286147995778506
-0.0017000000000000348,0.23512501803756908
-0.000700000000000145,0.23710561385738013
0.00029999999999996696,0.23809591176728565
0.0012999999999998568,0.2399350364571102
0.0022999999999999687,0.24417917035670533
0.0032999999999998586,0.2468671218264489
0.0042999999999999705,0.24969654442617895
0.00529999999999986,0.25309185154585506
0.006299999999999972,0.25464803397570657
0.007299999999999862,0.2591751101352747
0.008299999999999974,0.26030687917516676
0.009299999999999864,0.26327777290488336
0.010299999999999976,0.26738043567449193
0.011299999999999866,0.26808779132442445
0.012299999999999978,0.27049280053419505
0.013299999999999867,0.24658417956647588
0.012299999999999978,0.21362140627962053
0.011299999999999866,0.1919763233916855
0.010299999999999976,0.173868018753413
0.009299999999999864,0.1588720789748436
0.008299999999999974,0.14543232162612577
0.007299999999999862,0.13376095340223923
0.006299999999999972,0.12315061865325144
0.00529999999999986,0.11401158365612331
0.0042999999999999705,0.10473107752900866
0.0032999999999998586,0.09604475014783734
0.0022999999999999687,0.0885043389195567
0.0012999999999998568,0.08005851245936244
0.00029999999999996696,0.0733103395590062
-0.000700000000000145,0.06680266757962702
-0.0017000000000000348,0.060846733007195224
-0.0027000000000001467,0.055145446468739125
-0.0037000000000000366,0.04941586570428573
-0.0047000000000001485,0.043757020504825585
-0.005700000000000038,0.03891870785928716
-0.00670000000000015,0.034306749021727145
-0.00770000000000004,0.029892849766148224
-0.008700000000000152,0.025832628335535568
-0.009700000000000042,0.021928025147908068
-0.010700000000000154,0.018193187316264375
-0.011700000000000044,0.014444202371622025
-0.012700000000000156,0.010917327101058487
-0.013700000000000045,0.007693200048666069
-0.014700000000000157,0.004664303155655026
-0.015700000000000047,0.0017061418276372343
-0.01670000000000016,-0.0011975531153357536
-0.01770000000000005,-0.0037376672542434267
-0.01870000000000016,-0.006138432330114394
-0.01970000000000005,-0.008817895532058775
-0.020700000000000163,-0.011428037880309766
-0.021700000000000053,-0.013521810604110021
-0.022700000000000164,-0.015618412750510005
-0.023700000000000054,-0.01771218547431026
-0.024700000000000166,-0.02004645911908757
-0.025700000000000056,-0.021885583808912118
-0.026700000000000168,-0.023809591176728567
-0.027700000000000058,-0.02506868423360845
-0.02870000000000017,-0.02703513294042085
-0.02970000000000006,-0.02847813846628319
-0.03070000000000017,-0.030430440060096934
-0.03170000000000006,-0.03191588692495523
-0.03270000000000017,-0.033910629857764926
-0.03370000000000006,-0.03475945663768395
-0.034700000000000175,-0.03584878433858003
-0.035700000000000065,-0.03702299471746801
-0.03670000000000018,-0.037885968610385685
-0.03770000000000007,-0.03948459237923317
-0.03870000000000018,-0.0406729498711198
-0.03970000000000007,-0.041606659329030724
-0.04070000000000018,-0.0424413389959511
-0.04170000000000007,-0.042837458159913314
-0.04270000000000018,-0.04480390686672571
-0.04370000000000007,-0.04592152879361909
-0.044700000000000184,-0.04602055858460964
-0.045700000000000074,-0.04674206134754081
-0.046700000000000186,-0.04770406503144904
-0.047700000000000076,-0.048312390890391
-0.04870000000000019,-0.04989686754623984
-0.04970000000000008,-0.05034957516219666
-0.05070000000000019,-0.05081642989115212
-0.05170000000000008,-0.05124084328111162
-0.05270000000000019,-0.051934051818045494
-0.05370000000000008,-0.05191990470504685
-0.05470000000000019,-0.05285361416295777
-0.05570000000000008,-0.05262726035497937
-0.056700000000000195,-0.05399953031584845
-0.057700000000000085,-0.054749327304776926
-0.058700000000000196,-0.05491909266076073
-0.059700000000000086,-0.055343506050720234
-0.0607000000000002,-0.05610745015264735
-0.06170000000000009,-0.05637624529962171
-0.0627000000000002,-0.05658845199460146
-0.06370000000000009,-0.056673334672593376
-0.0647000000000002,-0.057564602791508344
-0.06570000000000009,-0.05825781132844222
-0.0667000000000002,-0.05838513534543006
-0.0677000000000001,-0.05888028430038283
-0.0687000000000002,-0.05913493233435853
-0.0697000000000001,-0.059757405306299145
-0.07070000000000021,-0.05989887643628565
-0.0717000000000001,-0.060026200453273504
-0.07270000000000021,-0.06006864179226945
-0.0737000000000001,-0.06037987827823976
-0.07470000000000021,-0.0613135877361507
-0.0757000000000001,-0.061936060708091316
-0.07670000000000021,-0.06216241451606971
-0.0777000000000001,-0.06209167895107646
-0.07870000000000021,-0.062289738533057575
-0.0797000000000001,-0.06248779811503867
-0.08070000000000022,-0.06195020782108995
-0.0817000000000001,-0.06183703091710076
-0.08270000000000022,-0.062006796273084565
-0.08370000000000011,-0.06231803275905486
-0.08470000000000022,-0.06291221150499818
-0.08570000000000011,-0.0634498017989469
-0.08670000000000022,-0.06332247778195904
-0.08770000000000011,-0.06369030271992396
-0.08870000000000022,-0.0634215075729496
-0.08970000000000011,-0.0637610382849172
-0.09070000000000022,-0.06476548330782138
-0.09170000000000011,-0.06405812765788886
-0.09270000000000023,-0.0640156863188929
-0.09370000000000012,-0.06469474774282813
-0.09470000000000023,-0.06520404381077954
-0.09570000000000012,-0.06502013134179709
-0.09670000000000023,-0.06445424682185108
-0.09770000000000012,-0.06503427845479573
-0.09870000000000023,-0.06534551494076604
-0.09970000000000012,-0.06516160247178358
-0.10070000000000023,-0.06538795627976199
-0.10170000000000012,-0.06557186874874445
-0.10270000000000024,-0.06651972531965401
-0.10370000000000013,-0.06695828582261219
-0.10470000000000024,-0.06673193201463377
-0.10570000000000013,-0.06632166573767292
-0.10670000000000024,-0.06591139946071205
-0.10770000000000013,-0.06625093017267966
-0.10870000000000024,-0.06646313686765942
-0.10970000000000013,-0.06653387243265267
-0.11070000000000024,-0.06721293385658789
-0.11170000000000013,-0.06674607912763245
-0.11270000000000002,-0.06666119644964053
-0.11370000000000013,-0.0672978165345798
-0.11470000000000002,-0.0677222299245393
-0.11570000000000014,-0.0676090530205501
-0.11670000000000003,-0.0676090530205501
-0.11770000000000014,-0.0676373472465474
-0.11870000000000003,-0.06756661168155415
-0.11970000000000014,-0.06692999159661489
-0.12070000000000003,-0.06734025787357575
-0.12170000000000014,-0.06773637703753796
-0.12270000000000003,-0.06824567310548936
-0.12370000000000014,-0.06831640867048261
-0.12470000000000003,-0.0675524645685555
-0.12570000000000014,-0.06721293385658789
-0.12670000000000003,-0.06810420197550286
-0.12770000000000015,-0.06814664331449882
-0.12870000000000004,-0.06896717586842054
-0.12970000000000015,-0.06881155762543538
-0.13070000000000004,-0.06879741051243674
-0.13170000000000015,-0.06838714423547587
-0.13270000000000004,-0.06875496917344079
-0.13370000000000015,-0.06875496917344079
-0.13470000000000004,-0.06883985185143268
-0.13570000000000015,-0.06902376432041514
-0.13670000000000004,-0.06889644030342729
-0.13770000000000016,-0.06902376432041514
-0.13870000000000005,-0.06973111997034764
-0.13970000000000016,-0.06987259110033416
-0.14070000000000005,-0.0696886786313517
-0.14170000000000016,-0.06970282574435036
-0.14270000000000005,-0.06941988348437735
-0.14370000000000016,-0.06922182390239626
-0.14470000000000005,-0.07019797469930313
-0.14570000000000016,-0.07141462641718704
-0.14670000000000005,-0.07138633219118974
-0.14770000000000016,-0.07083459478424238
-0.14870000000000005,-0.07069312365425588
-0.14970000000000017,-0.07080630055824509
-0.15070000000000006,-0.07186733403314385
-0.15170000000000017,-0.07222101185811013
-0.15270000000000006,-0.07237663010109527
-0.15370000000000017,-0.07182489269414791
-0.15470000000000006,-0.07226345319710607
-0.15570000000000017,-0.07224930608410743
-0.15670000000000006,-0.07248980700508448
-0.15770000000000017,-0.0732537511070116
-0.15870000000000006,-0.07329619244600755
-0.15970000000000018,-0.07355084047998325
-0.16070000000000007,-0.07318301554201835
-0.16170000000000018,-0.07353669336698461
-0.16270000000000007,-0.07413087211292792
-0.16370000000000018,-0.07451284416389148
-0.16470000000000007,-0.07439966725990228
-0.16570000000000018,-0.07444210859889823
-0.16670000000000007,-0.07497969889284695
-0.16770000000000018,-0.07509287579683614
-0.16870000000000007,-0.07520605270082535
-0.16970000000000018,-0.07577193722077137
-0.17070000000000007,-0.07598414391575113
-0.17170000000000019,-0.07611146793273897
-0.17270000000000008,-0.07546070073480106
-0.1737000000000002,-0.0754748478477997
-0.17470000000000008,-0.07567290742978082
-0.1757000000000002,-0.07580023144676866
-0.17670000000000008,-0.07703103027765125
-0.1777000000000002,-0.07688955914766474
-0.17870000000000008,-0.07677638224367554
-0.1797000000000002,-0.0772998254246256
-0.18070000000000008,-0.0788984491934731
-0.1817000000000002,-0.07902577321046096
-0.18270000000000008,-0.0794643337134191
-0.1837000000000002,-0.07997362978137053
-0.1847000000000001,-0.07868624249849335
-0.1857000000000002,-0.07840330023852032
-0.1867000000000001,-0.0789267434194704
-0.1877000000000002,-0.07956336350440966
-0.1887000000000001,-0.07984630576438266
-0.1897000000000002,-0.08034145471933543
-0.1907000000000001,-0.08233619765214513
-0.1917000000000001,-0.08226546208715188
-0.19269999999999998,-0.08157225355021802
-0.1937000000000001,-0.08233619765214513
-0.19469999999999998,-0.08355284937002906
-0.1957000000000001,-0.08307184752807495
-0.19669999999999999,-0.0830577004150763
-0.1977000000000001,-0.08287378794609385
-0.1987,-0.0831708773190655
-0.1997000000000001,-0.08461388284492784
-0.2007,-0.08577394611081718
-0.2017000000000001,-0.0847977953139103
-0.2027,-0.08563247498083068
-0.2037000000000001,-0.08639641908275779
-0.2047,-0.08454314727993459
-0.2057000000000001,-0.08389238008199668
-0.2067,-0.08591541724080368
-0.2077000000000001,-0.08656618443874159
-0.2087,-0.08680668535971865
-0.2097000000000001,-0.09017369825339744
-0.2107,-0.08796674862560798
-0.2117000000000001,-0.08851848603255535
-0.2127,-0.08955122528145683
-0.2137000000000001,-0.08936731281247437
-0.2147,-0.09014540402740015
-0.2157000000000001,-0.09136205574528407
-0.2167,-0.09129132018029082
-0.21770000000000012,-0.09182891047423952
-0.2187,-0.09380950629405059
-0.21970000000000012,-0.09419147834501414
-0.2207,-0.09421977257101144
-0.22170000000000012,-0.09461589173497365
-0.2227,-0.09547886562789133
-0.22370000000000012,-0.09639842797280361
-0.2247,-0.09559204253188053
-0.22570000000000012,-0.0962286626168198
-0.2267,-0.0977706979336727
-0.22770000000000012,-0.09799705174165109
-0.22870000000000001,-0.09757263835169158
-0.22970000000000013,-0.09818096421063353
-0.23070000000000002,-0.10026058982143515
-0.23170000000000013,-0.10040206095142165
-0.23270000000000002,-0.10103868103636092
-0.23370000000000013,-0.10119429927934608
-0.23470000000000002,-0.10382566229709504
-0.23570000000000013,-0.10367004405410989
-0.23670000000000002,-0.10477351886800461
-0.2376999999999999,-0.10457545928602352
-0.23870000000000002,-0.10698046849579408
-0.2396999999999999,-0.10665508489682511
-0.24070000000000003,-0.10744732322474954
-0.24169999999999991,-0.10811223753568612
-0.24270000000000003,-0.10928644791457408
-0.24369999999999992,-0.11002209779050391
-0.24470000000000003,-0.11040406984146747
-0.24569999999999992,-0.11163486867235005
-0.24670000000000003,-0.11300713863321914
-0.24769999999999992,-0.1138135240741422
-0.24870000000000003,-0.11428037880309765
-0.24969999999999992,-0.11585070834594786
-0.25070000000000003,-0.12026460760152678
-0.2516999999999999,-0.11967042885558345
-0.25270000000000004,-0.11807180508673595
-0.2536999999999999,-0.12193396693536751
-0.25470000000000004,-0.12146711220641206
-0.2556999999999999,-0.12070316810448493
-0.25670000000000004,-0.12133978818942417
-0.25769999999999993,-0.1248765664390868
-0.25870000000000004,-0.12589515857498962
-0.25969999999999993,-0.12605077681797475
-0.26070000000000004,-0.12759281213482765
-0.26169999999999993,-0.12818699088077098
-0.26270000000000004,-0.1307193241075294
-0.26369999999999993,-0.13199256427740794
-0.26470000000000005,-0.13224721231138362
-0.26569999999999994,-0.13424195524419333
-0.26670000000000005,-0.13565666654405836
-0.26769999999999994,-0.13783532194585052
-0.26870000000000005,-0.13721284897390992
-0.26969999999999994,-0.13958956395768318
-0.27070000000000005,-0.14175407224647668
-0.27169999999999994,-0.14500790823616627
-0.27270000000000005,-0.14755438857592332
-0.27369999999999994,-0.14882762874580185
-0.27470000000000006,-0.14840321535584233
-0.27569999999999995,-0.14939351326574787
-0.27670000000000006,-0.1498179266557074
-0.27769999999999995,-0.15250587812545094
-0.27870000000000006,-0.15448647394526202
-0.27969999999999995,-0.15632559863508652
-0.28070000000000006,-0.15759883880496509
-0.28169999999999995,-0.1583061944548976
-0.28270000000000006,-0.15986237688474914
-0.28369999999999995,-0.1618429727045602
-0.28470000000000006,-0.16410651078434427
-0.28569999999999995,-0.1656626932141958
-0.28670000000000007,-0.16792623129397988
-0.28769999999999996,-0.17018976937376393
-0.28870000000000007,-0.17231183632356148
-0.28969999999999996,-0.17471684553333205
-0.29070000000000007,-0.17613155683319706
-0.29169999999999996,-0.17797068152302162
-0.29270000000000007,-0.1805171618627787
-0.29369999999999996,-0.18136598864269768
-0.2947000000000001,-0.18207334429263022
-0.29569999999999996,-0.18377099785246825
-0.2967000000000001,-0.1858930648022658
-0.29769999999999996,-0.18759071836210386
-0.2987000000000001,-0.192400736781645
-0.29969999999999997,-0.19508868825138856
-0.3007000000000001,-0.19692781294121312
-0.30169999999999997,-0.19636192842126707
-0.3027000000000001,-0.2007475334508487
-0.30369999999999997,-0.2007475334508487
-0.3047000000000001,-0.20343548492059227
-0.30569999999999997,-0.20145488910078121
-0.3067000000000001,-0.21050904141991747
-0.3077,-0.21404581966958006
-0.3087000000000001,-0.2164508288793506
-0.3097,-0.21871436695913468
-0.3107000000000001,-0.2202705493889862
-0.3117,-0.22140231842887825
-0.3127000000000001,-0.22366585650866228
-0.3137,-0.2293247017081224
-0.3147000000000001,-0.23045647074801448
-0.3157,-0.23767149837732615
-0.3167000000000001,-0.2382373828972722
-0.3177,-0.24276445905684027
-0.3187000000000001,-0.24417917035670533
-0.3197,-0.24630123730650288
-0.3207000000000001,-0.2482818331263139
-0.3217,-0.25464803397570657
-0.3227000000000001,-0.2594580523952477
-0.3237,-0.2610142348250993
-0.3247000000000001,-0.26327777290488336
-0.3257,-0.26723896454450546
-0.3267000000000001,-0.26907808923433
-0.3277,-0.2724733963540061
-0.3287000000000001,-0.2764345879936282
-0.3297,-0.2840740290128994
-0.3307000000000001,-0.29029875873230554
-0.3317,-0.2921378834221301
-0.3327000000000001,-0.2956746616717927
-0.3337,-0.29822114201154976
-0.3347000000000001,-0.30204086252118534
-0.3357,-0.30784117885063195
-0.3367000000000001,-0.30685088094072643
-0.3377,-0.3096803035404565
-0.3387000000000001,-0.310670601450362
-0.3397,-0.310104716930416
-0.3407000000000001,-0.3222712341092553
-0.3417,-0.33995512535756833
-0.3427000000000001,-0.3396721830975953
-0.3437,-0.32693978139880997
-0.3447000000000001,-0.3378330584077708
-0.3457,-0.34462367264712296
-0.3467000000000001,-0.34915074880669106
-0.3477,-0.3509898734965156
-0.3487000000000001,-0.3533948827062862
-0.3497,-0.3603269680756248
-0.3507000000000001,-0.3672590534449635
-0.3517,-0.37022994717468005
-0.3527000000000001,-0.37744497480399175
-0.3537,-0.3732008409043967
-0.3547000000000001,-0.3985241731719808
-0.3557,-0.3965435773521698
-0.35670000000000013,-0.3978168175220483
-0.3577,-0.3986656443019673
-0.35870000000000013,-0.4088515656609956
-0.3597,-0.4106906903508202
-0.36070000000000013,-0.4159251221603208
-0.3617,-0.41677394894023984
-0.3626999999999999,-0.4218669096197539
-0.3637,-0.4307795908089037
-0.3646999999999999,-0.4433705213777025
-0.3657,-0.443511992507689
-0.3666999999999999,-0.44535111719751347
-0.3677,-0.4563858653364608
-0.3686999999999999,-0.45978117245613687
-0.36970000000000003,-0.46600590217554305
-0.3706999999999999,-0.4692597381652327
-0.37170000000000003,-0.46756208460539456
-0.3726999999999999,-0.4730794586748682
-0.37370000000000003,-0.4753429967546523
-0.3746999999999999,-0.48439714907378856
-0.37570000000000003,-0.4851045047237211
-0.3766999999999999,-0.49090482105316774
-0.37770000000000004,-0.49981750224231747
-0.3786999999999999,-0.5119840194211568
-0.37970000000000004,-0.520472287220347
-0.3806999999999999,-0.5163696244507384
-0.38170000000000004,-0.5238675943400232
-0.38269999999999993,-0.5329217466591593
-0.38370000000000004,-0.5453712060979717
-0.38469999999999993,-0.5408441299384036
-0.38570000000000004,-0.5371658805587545
-0.38669999999999993,-0.5450882638379987
-0.38770000000000004,-0.5551327140670403
-0.38869999999999993,-0.5671577601158931
-0.38970000000000005,-0.5747972011351644
-0.39069999999999994,-0.5730995475753263
-0.39170000000000005,-0.5873881317039633
-0.39269999999999994,-0.598281408712924
-0.39370000000000005,-0.6074770321620467
-0.39469999999999994,-0.6080429166819927
-0.39570000000000005,-0.6216241451606972
-0.39669999999999994,-0.6241706255004541
-0.39770000000000005,-0.6303953552198603
-0.39869999999999994,-0.6418545167487671
-0.39970000000000006,-0.6444009970885242
-0.40069999999999995,-0.6534551494076605
-0.40170000000000006,-0.6596798791270665
-0.40269999999999995,-0.6654801954565133
-0.40370000000000006,-0.6742514055156765
-0.40469999999999995,-0.6824567310548937
-0.40570000000000006,-0.692642652413922
-0.40669999999999995,-0.7005650356931662
-0.40770000000000006,-0.7091947746223429
-0.40869999999999995,-0.7067897654125724
-0.40970000000000006,-0.7181074558114927
-0.41069999999999995,-0.7205124650212632
-0.41170000000000007,-0.7302739729903319
-0.41269999999999996,-0.7431478458191038
-0.41370000000000007,-0.7517775847482805
-0.41469999999999996,-0.7591340835075786
-0.41570000000000007,-0.7621049772372952
-0.41669999999999996,-0.7625293906272548
-0.41770000000000007,-0.7732811965062291
-0.41869999999999996,-0.7809206375255002
-0.4197000000000001,-0.794077452614245
-0.42069999999999996,-0.8041219028432868
-0.4217000000000001,-0.8092148635228009
-0.42269999999999996,-0.824352274431357
-0.4237000000000001,-0.829445235110871
-0.42469999999999997,-0.8363773204802097
-0.4257000000000001,-0.828030523811006
-0.42669999999999997,-0.8369432050001557
-0.4277000000000001,-0.847129126359184
-0.42869999999999997,-0.8587297590180772
-0.4297000000000001,-0.8724524586267681
-0.43069999999999997,-0.8789601306061473
-0.4317000000000001,-0.8851848603255535
-0.4327,-0.8946634260346491
-0.4337000000000001,-0.8976343197643657
-0.4347,-0.90838612564334
-0.4357000000000001,-0.9191379315223143
-0.4367,-0.9331435733909781
-0.4377000000000001,-0.9321532754810725
-0.4387,-0.9427636102300604
-0.4397000000000001,-0.9539398294989943
-0.4407,-0.9692187115375367
-0.4417000000000001,-0.9775655082067403
-0.4427,-0.9883173140857145
-0.4437000000000001,-0.9844975935760791
-0.4447,-0.9917126212053906
-0.4457000000000001,-1.0082647434138117
-0.4467,-1.0191580204227724
-0.4477000000000001,-1.0391054497508694
-0.4487,-1.0447642949503297
-0.4497000000000001,-1.0524037359696008
-0.4507,-1.040378689920748
-0.4517000000000001,-1.0532525627495197
-0.4527,-1.0556575719592904
-0.4537000000000001,-1.0720682230377248
-0.4547,-1.090317998805984
-0.4557000000000001,-1.0995136222551065
-0.4567,-1.1188951670632574
-0.4577000000000001,-1.112104552823905
-0.4587,-1.1262516658225556
-0.4597000000000001,-1.142379374641017
-0.4607,-1.1534141227799644
-0.4617000000000001,-1.1712394851582637
-0.4627,-1.178595983917562
-0.4637000000000001,-1.1944407504760506
-0.4647,-1.1896307320565096
-0.4657000000000001,-1.2143881798041476
-0.4667,-1.2259888124630407
-0.4677000000000001,-1.2340526668722716
-0.4687,-1.2439556459713268
-0.4697000000000001,-1.249614491170787
-0.4707,-1.2472094819610162
-0.4717000000000001,-1.281162553157777
-0.4727,-1.280879610897804
-0.4737000000000001,-1.2879531673971292
-0.4747,-1.3009685113558875
-0.4757000000000001,-1.315681508874484
-0.4767,-1.330535977523067
-0.4777000000000001,-1.347088099731488
-0.4787,-1.3608107993401788
-0.4797000000000001,-1.372977316519018
-0.4807,-1.3861341316077629
-0.48170000000000013,-1.3981591776566158
-0.4827,-1.4028277249461705
-0.48370000000000013,-1.4019788981662513
-0.4847,-1.410042752575482
-0.48570000000000013,-1.426028990263957
-0.4867,-1.4373466806628774
-0.4876999999999999,-1.4514937936615278
-0.4887,-1.4656409066601779
-0.4896999999999999,-1.4585673501608527
-0.4907,-1.4911057100577487
-0.4916999999999999,-1.4967645552572086
-0.4927,-1.510911668255859
-0.4936999999999999,-1.5193999360550492
-0.49470000000000003,-1.5491088733522151
-0.4956999999999999,-1.5646706976507305
-0.49670000000000003,-1.55052358465208
-0.4976999999999999,-1.585891367148706
-0.49870000000000003,-1.5972090575476263
-0.4996999999999999,-1.6042826140469515
-0.5007,-1.6212591496453321
-0.5016999999999999,-1.6382356852437125
-0.5027,-1.655212220842093
-0.5036999999999999,-1.6707740451406083
-0.5047,-1.6849211581392587
-0.5056999999999999,-1.6976535598380442
-0.5067,-1.7089712502369643
-0.5076999999999999,-1.7160448067362895
-0.5087,-1.7287772084350748
-0.5096999999999999,-1.7485831666331852
-0.5107,-1.7570714344323757
-0.5116999999999999,-1.771218547431026
-0.5127,-1.778292103930351
-0.5136999999999999,-1.7867803717295414
-0.5147,-1.8037569073279218
-0.5156999999999999,-1.8278069994256272
-0.5167,-1.8461982463238729
-0.5176999999999999,-1.8561012254229279
-0.5187,-1.8631747819222533
-0.5196999999999999,-1.8702483384215782
-0.5207,-1.9042014096183393
-0.5216999999999999,-1.933910346915505
-0.5227,-1.9537163051136157
-0.5236999999999999,-1.9480574599141556
-0.5247,-1.9664487068124006
-0.5257,-1.9848399537106465
-0.5267000000000001,-2.001816489309027
-0.5277,-2.007475334508487
-0.5287000000000001,-2.0216224475071374
-0.5297,-2.0414284057052483
-0.5307000000000001,-2.048501962204573
-0.5317,-2.0668932091028185
-0.5327000000000001,-2.0866991673009294
-0.5337,-2.1093345480987695
-0.5347000000000001,-2.12914050629688
-0.5357,-2.1475317531951257
-0.5367000000000001,-2.177240690492291
-0.5377,-2.197046648690402
-0.5387000000000001,-2.2097790503891876
-0.5397,-2.2196820294882422
-0.5407000000000001,-2.2210967407881075
-0.5417,-2.3045647074801447
-0.5427000000000001,-2.2918323057813597
-0.5437,-2.2974911509808194
-0.5447000000000001,-2.3130529752793345
-0.5457,-2.330029510877715
-0.5467000000000001,-2.3696414272739363
-0.5477,-2.4035944984706976
-0.5487000000000001,-2.427644590568403
-0.5497,-2.4559388165657037
-0.5507000000000001,-2.4771594860636794
-0.5517,-2.4771594860636794
-0.5527000000000001,-2.4913065990623298
-0.5537,-2.5111125572604402
-0.5547000000000001,-2.5351626493581456
-0.5557,-2.5691157205549064
-0.5567000000000001,-2.627118883849373
-0.5577,-2.666730800245594
-0.5587000000000001,-2.6497542646472136
-0.5597,-2.663901377645864
-0.5607000000000001,-2.7148309844410052
-0.5617,-2.740295787838576
-0.5627000000000001,-2.7586870347368215
-0.5637,-2.7926401059335824
-0.5647000000000001,-2.8265931771303436
-0.5657,-2.852057980527914
-0.5667000000000001,-2.8987434534234597
-0.5677,-2.9369406585198163
-0.5687000000000001,-2.9510877715184667
-0.5697,-2.9581613280177916
-0.5707000000000001,-2.9935291105144173
-0.5717,-3.0204086252118536
-0.5727000000000001,-3.055776407708479
-0.5737,-3.0685088094072643
-0.5747000000000001,-3.1123648597030806
-0.5757,-3.135000240500921
-0.5767000000000001,-3.1887592698957925
-0.5777,-3.2099799393937682
-0.5787000000000001,-3.2566654122893146
-0.5797,-3.2948626173856703
-0.5807000000000001,-3.307595019084456
-0.5817,-3.3415480902812167
-0.5827000000000001,-3.368427604978652
-0.5837,-3.4221866343735234
-0.5847000000000001,-3.4816045089678553
-0.5857,-3.541022383562187
-0.5867000000000001,-3.5495106513613774
-0.5877,-3.572146032159218
-0.5887000000000001,-3.5820490112582726
-0.5897,-3.594781412957058
-0.5907000000000001,-3.6244903502542236
-0.5917,-3.690981781347881
-0.5927000000000001,-3.710787739545991
-0.5937,-3.7404966768431565
-0.5947000000000001,-3.791426283638298
-0.5957,-3.8310382000345196
-0.5967000000000001,-3.8437706017333046
-0.5977,-3.9003590537279056
-0.5987000000000001,-3.9484592379233177
-0.5997,-4.019194802916569
-0.6007000000000001,-4.040415472414544
-0.6017,-4.037586049814815
-0.6027000000000001,-4.187545447600509
-0.6037,-4.24979274479457
-0.6047000000000001,-4.309210619388901
-0.6057,-4.362969648783774
-0.6067000000000001,-4.41814338947851
-0.6077,-4.476146552772976
-0.6087000000000001,-4.486049531872031
-0.6097,-4.546882117766228
-0.6107000000000001,-4.592152879361908
-0.6117,-4.6572295991557
-0.6126999999999999,-4.698256226851787
-0.6137,-4.767577080545174
-0.6146999999999999,-4.821336109940045
-0.6157,-4.882168695834241
-0.6166999999999999,-4.974124930325469
-0.6177,-5.056178185717641
-0.6186999999999999,-5.101448947313322
-0.6197,-5.165110955807249
-0.6206999999999999,-5.217455273902255
-0.6217,-5.300923240594293
-0.6226999999999999,-5.358926403888759
-0.6237,-5.394294186385385
-0.6246999999999999,-5.4423943705807964
-0.6257,-5.486250420876612
-0.6266999999999999,-5.582450789267434
-0.6277,-5.684310002857718
-0.6286999999999999,-5.762119124350295
-0.6297,-5.838513534543006
-0.6306999999999999,-5.914907944735719
-0.6317,-5.9601787063314
-0.6326999999999999,-6.070526187720873
-0.6337,-6.16531184481183
-0.6346999999999999,-6.254438656703328
-0.6357,-6.333662489495769
-0.6366999999999999,-6.40156863188929
-0.6377,-6.503427845479574
-0.6386999999999999,-6.588310523471475
-0.6397,-6.700072716160815
-0.6406999999999999,-6.74392876645663
-0.6417,-6.850032113946507
-0.6426999999999999,-6.927841235439085
-0.6437,-7.032529871629097
-0.6446999999999999,-7.185318692014522
-0.6457,-7.2730307926061535
-0.6466999999999999,-7.37347529489657
-0.6477,-7.503628734484154
-0.6486999999999999,-7.595584968975381
-0.6497,-7.721494274663371
-0.6507,-7.823353488253653
-0.6517000000000001,-7.888430208047444
-0.6527,-8.0723426770299
-0.6537000000000001,-8.191178426218563
-0.6547,-8.29445235110871
-0.6557000000000001,-8.476950108791302
-0.6567,-8.580224033681448
-0.6577000000000001,-8.689156803771056
-0.6587,-8.823554377258235
-0.6597000000000001,-8.949463682946222
-0.6607,-9.024443381839069
-0.6617000000000001,-9.163085089225842
-0.6627,-9.324362177410457
-0.6637000000000001,-9.4601744621975
-0.6647,-9.612963282582925
-0.6657000000000001,-9.736043165671184
-0.6667,-9.891661408656336
-0.6677000000000001,-10.054353208140816
-0.6687,-10.202897894626645
-0.6697000000000001,-10.340124890713554
-0.6707,-10.512719669297088
-0.6717000000000001,-10.669752623582108
-0.6727,-10.792832506670365
-0.6737000000000001,-10.949865460955383
-0.6747,-11.094166013541617
-0.6757000000000001,-11.276663771224207
-0.6767,-11.481796909704636
-0.6777000000000001,-11.667124089986958
-0.6787,-11.835474734670896
-0.6797000000000001,-12.017972492353486
-0.6807,-12.200470250036076
-0.6817000000000001,-12.391456275517855
-0.6827,-12.617810083496263
-0.6837000000000001,-12.848408025374262
-0.6847,-13.030905783056852
-0.6857000000000001,-13.257259591035258
-0.6867,-13.463807440815554
-0.6877000000000001,-13.644890487198278
-0.6887,-13.834461801380193
-0.6897000000000001,-14.042424362460354
-0.6907,-14.24614278964092
-0.6917000000000001,-14.472496597619326
-0.6927,-14.684703292599082
-0.6937000000000001,-14.939351326574789
-0.6947,-15.165705134553193
-0.6957000000000001,-15.3920589425316
-0.6967,-15.660854089505953
-0.6977000000000001,-15.943796349478962
-0.6987,-16.21259149645332
-0.6997000000000001,-16.453092417430376
-0.7007,-16.679446225408782
-0.7017000000000001,-16.962388485381787
-0.7027,-17.160448067362896
-0.7037000000000001,-17.429243214337255
-0.7047,-17.75462681330621
-0.7057000000000001,-18.03756907327922
-0.7067,-18.27806999425627
-0.7077000000000001,-18.504423802234676
-0.7087,-18.78736606220769
-0.7097000000000001,-19.126896774175293
-0.7107,-19.466427486142905
-0.7117000000000001,-19.791811085111863
-0.7127,-20.10304757108217
-0.7137000000000001,-20.414284057052477
-0.7147,-20.73966765602144
-0.7157000000000001,-21.079198367989047
-0.7167,-21.390434853959356
-0.7177000000000001,-21.71581845292831
-0.7187,-22.069496277894572
-0.7197000000000001,-22.437321215859484
-0.7207,-22.833440379821692
-0.7217000000000001,-23.15882397879065
-0.7227,-23.45591335176231
-0.7237000000000001,-23.86617962872317
-0.7247,-24.21985745368943
-0.7257000000000001,-24.601829504652986
-0.7267,-24.95550732961925
-0.7277000000000001,-25.295038041586857
-0.7287,-25.521391849565262
-0.7297000000000001,-25.91751101352747
-0.7307,-26.440954194477534
-0.7317000000000001,-26.780484906445146
-0.7327,-27.204898296404657
-0.7337000000000001,-27.64345879936282
-0.7347,-28.09616641531963
-0.7357000000000001,-28.49228557928184
-0.7367,-28.8459634042481
-0.7376999999999999,-29.18549411621571
-0.7387,-29.62405461917387
-0.7396999999999999,-30.10505646112798
-0.7407,-30.58605830308209
-0.7416999999999999,-30.99632458004295
-0.7427,-31.449032195999767
-0.7436999999999999,-31.901739811956578
-0.7447,-32.255417636922836
-0.7456999999999999,-32.7788608178729
-0.7467,-33.316451111821614
-0.7476999999999999,-33.783305840777075
-0.7487,-34.292601908728486
-0.7496999999999999,-34.8018979766799
-0.7507,-35.198017140642115
-0.7516999999999999,-35.679018982596226
-0.7527,-36.13172659855304
-0.7536999999999999,-36.655169779503105
-0.7547,-37.192760073451815
-0.7556999999999999,-37.50399655942213
-0.7567,-37.97085128837759
-0.7576999999999999,-38.5367358083236
-0.7587,-39.060178989273666
-0.7596999999999999,-39.56947505722508
-0.7607,-40.163653803168394
-0.7616999999999999,-40.729538323114404
-0.7627,-41.281275730061765
-0.7636999999999999,-41.79057179801318
-0.7647,-42.214985187972694
-0.7656999999999999,-42.653545690930855
-0.7667,-43.27601866287147
-0.7676999999999999,-43.75702050482558
-0.7687,-44.2097281207824
-0.7696999999999999,-44.73317130173246
-0.7707,-45.29905582167847
-0.7716999999999999,-45.86494034162449
-0.7727,-46.41667774857186
-0.7736999999999999,-46.95426804252057
-0.7747,-47.49185833646928
-0.7757,-48.114331308409895
-0.7767000000000001,-48.72265716735186
-0.7777,-49.34513013929248
-0.7787000000000001,-49.967603111233096
-0.7797,-50.61837030917101
-0.7807000000000001,-51.15596060311972
-0.7817,-51.73599223606439
-0.7827000000000001,-52.37261232100366
-0.7837,-52.92434972795102
-0.7847000000000001,-53.532675586892985
-0.7857,-54.09856010683901
-0.7867000000000001,-54.60785617479041
-0.7877,-55.11715224274183
-0.7887000000000001,-55.79621366667705
-0.7897,-56.50356931660957
-0.7907000000000001,-57.23921919253939
-0.7917,-57.889986390477304
-0.7927000000000001,-58.34269400643411
-0.7937,-58.90857852638013
-0.7947000000000001,-59.55934572431805
-0.7957,-60.21011292225596
-0.7967000000000001,-60.87502723319253
-0.7977,-61.58238288312505
-0.7987000000000001,-62.24729719406162
-0.7997,-62.81318171400764
-0.8007000000000001,-63.37906623395363
-0.8017,-63.944950753899654
-0.8027000000000001,-64.45424682185109
-0.8037,-64.90695443780788
-0.8047000000000001,-65.71333987873095
-0.8057,-66.36410707666887
-0.8067000000000001,-67.11390406559734
-0.8077,-67.79296548953256
-0.8087000000000001,-68.41543846147317
-0.8097,-68.9530287554219
-0.8107000000000001,-69.43403059737601
-0.8117,-69.98576800432336
-0.8127000000000001,-70.50921118527343
-0.8137,-71.28730240019921
-0.8147000000000001,-71.89562825914116
-0.8157,-72.61713102207234
-0.8167000000000001,-73.3952222369981
-0.8177,-73.93281253094682
-0.8187000000000001,-74.45625571189689
-0.8197,-75.13531713583208
-0.8207000000000001,-75.63046609078486
-0.8217,-76.26708617572413
-0.8227000000000001,-76.7622351306769
-0.8237,-77.25738408562965
-0.8247000000000001,-77.76668015358106
-0.8257,-78.41744735151899
-0.8267000000000001,-78.983331871465
-0.8277,-79.52092216541372
-0.8287000000000001,-80.07265957236108
-0.8297,-80.53951430131653
-0.8307000000000001,-81.21857572525175
-0.8317,-82.05325539217212
-0.8327000000000001,-82.60499279911949
-0.8337,-83.43967246603985
-0.8347000000000001,-84.03385121198318
-0.8357,-84.769501087913
-0.8367000000000001,-85.15147313887655
-0.8377,-85.61832786783202
-0.8387000000000001,-86.21250661377533
-0.8397,-86.77839113372136
-0.8407000000000001,-87.38671699266331
-0.8417,-88.05163130359989
-0.8427000000000001,-88.49019180655806
-0.8437,-89.11266477849867
-0.8447000000000001,-89.65025507244737
-0.8457,-90.18784536639609
-0.8467000000000001,-90.88105390332996
-0.8477,-91.41864419727867
-0.8487000000000001,-92.05526428221793
-0.8497,-92.67773725415857
-0.8507000000000001,-93.35679867809377
-0.8517,-94.13488989301955
-0.8527000000000001,-94.79980420395611
-0.8537,-95.22421759391563
-0.8547000000000001,-96.46916353779686
-0.8557,-96.92187115375367
-0.8567000000000001,-97.71410948167808
-0.8577,-98.05364019364569
-0.8587000000000001,-98.40731801861195
-0.8597,-98.94490831256067
-0.8607000000000001,-99.90691199646888
-0.8617,-100.51523785541086
-0.8626999999999999,-100.69915032439332
-0.8637,-101.05282814935958
-0.8646999999999999,-101.68944823429884
-0.8657,-102.3260683192381
-0.8666999999999999,-102.65145191820707
-0.8677,-103.28807200314633
-0.8686999999999999,-103.89639786208829
-0.8697,-104.63204773801812
-0.8706999999999999,-105.16963803196683
-0.8717,-105.53746296993172
-0.8726999999999999,-105.66478698691958
-0.8737,-106.0326119248845
-0.8746999999999999,-106.90973293080083
-0.8757,-107.50391167674414
-0.8766999999999999,-108.62153360363752
-0.8777,-109.24400657557813
-0.8786999999999999,-109.42791904456058
-0.8797,-109.92306799951335
-0.8806999999999999,-110.50309963245802
-0.8817,-111.12557260439863
-0.8826999999999999,-112.37051854827988
-0.8837,-112.87981461623129
-0.8846999999999999,-113.3042280061908
-0.8857,-113.74278850914895
-0.8866999999999999,-113.81352407414221
-0.8857,-113.64375871815841
-0.8846999999999999,-112.62516658225556
-0.8837,-111.7056042373433
-0.8826999999999999,-111.63486867235005
-0.8817,-110.84263034442563
-0.8806999999999999,-109.9655093385093
-0.8797,-109.41377193156194
-0.8786999999999999,-108.90447586361051
-0.8777,-108.1688259876807
-0.8766999999999999,-107.75855971071984
-0.8757,-106.81070313981027
-0.8746999999999999,-105.84869945590204
-0.8737,-104.77351886800463
-0.8726999999999999,-104.10860455706805
-0.8717,-103.44369024613148
-0.8706999999999999,-102.86365861318681
-0.8697,-102.66559903120572
-0.8686999999999999,-101.95824338127319
-0.8677,-101.30747618333527
-0.8666999999999999,-100.3030311604311
-0.8657,-99.46835149351072
-0.8646999999999999,-98.5629362615971
-0.8637,-97.99705174165109
-0.8626999999999999,-97.20481341372668
-0.8617,-96.80869424976446
-0.8607000000000001,-96.24280972981845
-0.8597,-95.39398294989942
-0.8587000000000001,-94.99786378593721
-0.8577,-94.4036850399939
-0.8567000000000001,-94.601744621975
-0.8557,-94.318802362002
-0.8547000000000001,-93.85194763304654
-0.8537,-93.14459198311401
-0.8527000000000001,-92.79091415814774
-0.8517,-91.80061624824224
-0.8507000000000001,-91.07911348531105
-0.8497,-90.18784536639609
-0.8487000000000001,-89.76343197643658
-0.8477,-89.07022343950271
-0.8467000000000001,-88.6741042755405
-0.8457,-89.0985176655
-0.8447000000000001,-88.87216385752161
-0.8437,-88.32042645057423
-0.8427000000000001,-87.71210059163228
-0.8417,-87.00474494169976
-0.8407000000000001,-86.17006527477939
-0.8397,-85.83053456281178
-0.8387000000000001,-85.23635581686847
-0.8377,-84.74120686191569
-0.8367000000000001,-83.99140987298723
-0.8357,-83.22746577106011
-0.8347000000000001,-82.42108033013703
-0.8337,-81.84104869719238
-0.8327000000000001,-81.81275447119506
-0.8317,-81.24686995124905
-0.8307000000000001,-80.44048451032599
-0.8297,-79.71898174739482
-0.8287000000000001,-79.42189237442317
-0.8277,-78.9550376454677
-0.8267000000000001,-78.58721270750279
-0.8257,-78.00718107455812
-0.8247000000000001,-77.21494274663371
-0.8237,-76.74808801767824
-0.8227000000000001,-76.13976215873627
-0.8217,-75.43240650880375
-0.8207000000000001,-74.9089633278537
-0.8197,-74.45625571189689
-0.8187000000000001,-73.91866541794816
-0.8177,-73.29619244600755
-0.8167000000000001,-72.54639545707909
-0.8157,-71.69756867716005
-0.8147000000000001,-71.10338993121674
-0.8137,-70.42432850728152
-0.8127000000000001,-69.90088532633146
-0.8117,-69.33500080638545
-0.8107000000000001,-68.71252783444483
-0.8097,-68.34470289647993
-0.8087000000000001,-68.01931929751096
-0.8077,-67.19878674358924
-0.8067000000000001,-66.70363778863647
-0.8057,-66.26507728567832
-0.8047000000000001,-65.78407544372419
-0.8037,-65.16160247178358
-0.8027000000000001,-64.63815929083353
-0.8017,-64.24204012687132
-0.8007000000000001,-63.74689117191855
-0.7997,-63.08197686098199
-0.7987000000000001,-62.94050573099548
-0.7977,-62.41706255004542
-0.7967000000000001,-61.936060708091304
-0.7957,-61.35602907514664
-0.7947000000000001,-60.87502723319253
-0.7937,-60.40817250423707
-0.7927000000000001,-59.89887643628565
-0.7917,-59.432021707330186
-0.7907000000000001,-58.92272563937878
-0.7897,-58.51245936241792
-0.7887000000000001,-58.17292865045031
-0.7877,-57.8051037124854
-0.7867000000000001,-57.479720113516436
-0.7857,-57.05530672355693
-0.7847000000000001,-56.546010655605514
-0.7837,-55.994273248658146
-0.7827000000000001,-55.51327140670405
-0.7817,-55.06056379074723
-0.7807000000000001,-54.537120609797164
-0.7797,-53.971236089851146
-0.7787000000000001,-53.419498682903786
-0.7777,-52.91020261495237
-0.7767000000000001,-52.34431809500636
-0.7757,-51.86331625305225
-0.7747,-51.38231441109813
-0.7736999999999999,-50.88716545614537
-0.7727,-50.42031072718991
-0.7716999999999999,-49.98175022423175
-0.7707,-49.514895495276285
-0.7696999999999999,-49.076334992318124
-0.7687,-48.55289181136806
-0.7676999999999999,-47.902124613430146
-0.7667,-47.449416997473335
-0.7656999999999999,-47.27965164148953
-0.7647,-46.713767121543505
-0.7636999999999999,-46.162029714596144
-0.7627,-45.553703855654184
-0.7616999999999999,-45.21417314368657
-0.7607,-44.74731841473111
-0.7596999999999999,-44.3511992507689
-0.7587,-44.011668538801295
-0.7576999999999999,-43.558960922844484
-0.7567,-43.106253306887666
-0.7556999999999999,-42.540368786941656
-0.7547,-42.14424962297944
-0.7536999999999999,-41.94619004099834
-0.7527,-41.70568912002128
-0.7516999999999999,-41.25298150406447
-0.7507,-40.94174501809416
-0.7496999999999999,-40.545625854131956
-0.7487,-40.163653803168394
-0.7476999999999999,-39.90900576919269
-0.7467,-39.640210622218326
-0.7456999999999999,-39.314827023249364
-0.7447,-39.074326102272316
-0.7436999999999999,-38.8762665202912
-0.7427,-38.39526467833709
-0.7416999999999999,-38.02743974037218
-0.7407,-37.15031873445586
-0.7396999999999999,-36.54199287551389
-0.7387,-36.16002082455034
-0.7376999999999999,-35.82049011258273
-0.7367,-35.48095940061512
-0.7357000000000001,-35.169722914644815
-0.7347,-34.75945663768395
-0.7337000000000001,-34.462367264712285
-0.7327,-34.09454232674739
-0.7317000000000001,-33.85404140577033
-0.7307,-33.358892450817564
-0.7297000000000001,-32.892037721862096
-0.7287,-32.53835989689585
-0.7277000000000001,-32.24127052392419
-0.7267,-31.915886924955227
-0.7257000000000001,-31.661238890979522
-0.7247,-31.321708179011907
-0.7237000000000001,-30.953883241047
-0.7227,-30.529469851087494
-0.7217000000000001,-30.00602667013743
-0.7207,-29.694790184167122
-0.7197000000000001,-29.38355369819681
-0.7187,-29.242082568210304
-0.7177000000000001,-28.93084608224
-0.7167,-28.393255788291288
-0.7157000000000001,-28.19519620631018
-0.7147,-27.770782816350668
-0.7137000000000001,-27.572723234369565
-0.7127,-27.233192522401957
-0.7117000000000001,-26.879514697435695
-0.7107,-26.65316088945729
-0.7097000000000001,-26.27118883849373
-0.7087,-25.959952352523427
-0.7077000000000001,-25.705304318547718
-0.7067,-25.49309762356796
-0.7057000000000001,-25.12527268560305
-0.7047,-24.884771764625995
-0.7037000000000001,-24.61597661765164
-0.7027,-24.290593018682678
-0.7017000000000001,-24.021797871708326
-0.7007,-23.781296950731264
-0.6997000000000001,-23.58323736875016
-0.6987,-23.272000882779853
-0.6977000000000001,-22.946617283810895
-0.6967,-22.649527910839236
-0.6957000000000001,-22.281702972874328
-0.6947,-21.95631937390537
-0.6937000000000001,-21.843142469916167
-0.6927,-21.489464644949905
-0.6917000000000001,-21.2348166109742
-0.6907,-21.079198367989047
-0.6897000000000001,-20.90943301200524
-0.6887,-20.44257828304978
-0.6877000000000001,-20.21622447507137
-0.6867,-20.01816489309027
-0.6857000000000001,-20.06060623208622
-0.6847,-19.565457277133458
-0.6837000000000001,-19.042014096183394
-0.6827,-18.843954514202288
-0.6817000000000001,-18.730777610213085
-0.6807,-18.391246898245473
-0.6797000000000001,-18.10830463827247
-0.6787,-18.03756907327922
-0.6777000000000001,-17.853656604296763
-0.6767,-17.570714344323754
-0.6757000000000001,-17.358507649344002
-0.6747,-17.174595180361546
-0.6737000000000001,-16.877505807389888
-0.6727,-16.70774045140608
-0.6717000000000001,-16.53797509542228
-0.6707,-16.325768400442524
-0.6697000000000001,-16.11356170546277
-0.6687,-15.87306078448571
-0.6677000000000001,-15.675001202504609
-0.6667,-15.37791182953295
-0.6657000000000001,-15.293029151541045
-0.6647,-15.03838111756534
-0.6637000000000001,-14.826174422585586
-0.6627,-14.65640906660178
-0.6617000000000001,-14.472496597619326
-0.6607,-14.217848563643619
-0.6597000000000001,-14.082036278856576
-0.6587,-13.957541684468453
-0.6577000000000001,-13.823144110981273
-0.6567,-13.66186702279666
-0.6557000000000001,-13.470880997314879
-0.6547,-13.264333147534584
-0.6537000000000001,-13.036564628256313
-0.6527,-12.855481581873589
-0.6517000000000001,-12.78899015077993
-0.6507,-12.63903075299424
-0.6497,-12.3815532964188
-0.6486999999999999,-12.25988812463041
-0.6477,-12.081634500847414
-0.6466999999999999,-11.899136743164824
-0.6457,-11.684100625585337
-0.6446999999999999,-11.54687362949843
-0.6437,-11.428037880309766
-0.6426999999999999,-11.198854649731631
-0.6417,-10.910253544559163
-0.6406999999999999,-10.740488188575359
-0.6397,-10.618823016786965
-0.6386999999999999,-10.481596020700055
-0.6377,-10.342954313313284
-0.6366999999999999,-10.234021543223676
-0.6357,-10.078403300238522
-0.6346999999999999,-9.908637944254718
-0.6337,-9.767166814268213
-0.6326999999999999,-9.63701337468063
-0.6317,-9.484224554295206
-0.6306999999999999,-9.363974093806679
-0.6297,-9.24089421071842
-0.6286999999999999,-9.099423080731917
-0.6277,-8.976343197643658
-0.6266999999999999,-8.914095900449595
-0.6257,-8.785357172161877
-0.6246999999999999,-8.65944786647389
-0.6237,-8.464217707092514
-0.6226999999999999,-8.365187916101961
-0.6217,-8.270402259011005
-0.6206999999999999,-8.13741939682369
-0.6197,-7.9945335555373225
-0.6186999999999999,-7.892674341947039
-0.6177,-7.7908151283567575
-0.6166999999999999,-7.687541203466609
-0.6157,-7.584267278576461
-0.6146999999999999,-7.486652198885773
-0.6137,-7.390451830494952
-0.6126999999999999,-7.248980700508447
-0.6117,-7.1216566835205946
-0.6107000000000001,-7.008479779531392
-0.6097,-6.95189132753679
-0.6087000000000001,-6.871252783444484
-0.6077,-6.76373472465474
-0.6067000000000001,-6.647728398065807
-0.6057,-6.514745535878494
-0.6047000000000001,-6.422789301387266
-0.6037,-6.289806439199953
-0.6027000000000001,-6.206338472507916
-0.6017,-6.178044246510615
-0.6007000000000001,-6.067696765121143
-0.5997,-5.9884729323287
-0.5987000000000001,-5.883784296138688
-0.5977,-5.773436814749215
-0.5967000000000001,-5.672992312458796
-0.5957,-5.5994273248658155
-0.5947000000000001,-5.487665132176478
-0.5937,-5.465029751378637
-0.5927000000000001,-5.425417834982416
-0.5917,-5.295264395394832
-0.5907000000000001,-5.172184512306574
-0.5897,-5.073154721316022
-0.5887000000000001,-5.0222251145208805
-0.5877,-4.940171859128707
-0.5867000000000001,-4.941586570428573
-0.5857,-4.82275082123991
-0.5847000000000001,-4.776065348344364
-0.5837,-4.675620846053946
-0.5827000000000001,-4.6289353731583995
-0.5817,-4.558199808165148
-0.5807000000000001,-4.486049531872031
-0.5797,-4.401166853880129
-0.5787000000000001,-4.3332607114866075
-0.5777,-4.309210619388901
-0.5767000000000001,-4.307795908089036
-0.5757,-4.155007087703612
-0.5747000000000001,-4.075783254911171
-0.5737,-4.2681839916928155
-0.5727000000000001,-4.136615840805367
-0.5717,-3.982412309120079
-0.5707000000000001,-3.889041363328986
-0.5697,-3.87065011643074
-0.5687000000000001,-3.707958316946261
-0.5677,-3.8932854972285815
-0.5667000000000001,-3.7574732124415373
-0.5657,-3.546681228761647
-0.5647000000000001,-3.5636577643600273
-0.5637,-3.5183870027643462
-0.5627000000000001,-3.400965964875548
-0.5617,-3.432089613472579
-0.5607000000000001,-3.2976920399854004
-0.5597,-3.249591855789989
-0.5587000000000001,-3.1887592698957925
-0.5577,-3.1491473534995715
-0.5567000000000001,-3.1038765919038904
-0.5557,-3.069923520707129
-0.5547000000000001,-3.0119203574126634
-0.5537,-2.9666495958169823
-0.5527000000000001,-2.91571998902184
-0.5517,-2.8690345161262942
-0.5507000000000001,-2.8308373110299385
-0.5497,-2.7742488590353367
-0.5487000000000001,-2.738881076538711
-0.5477,-2.7247339635400607
-0.5467000000000001,-2.6879514697435702
-0.5457,-2.634192440348698
-0.5447000000000001,-2.583262833553557
-0.5437,-2.550724473656661
-0.5427000000000001,-2.5139419798601703
-0.5417,-2.465841795664759
-0.5407000000000001,-2.4021797871708324
-0.5397,-2.386617962872317
-0.5387000000000001,-2.352664891675556
-0.5377,-2.3144676865791998
-0.5367000000000001,-2.280514615382439
-0.5357,-2.235243853786758
-0.5347000000000001,-2.2196820294882422
-0.5337,-2.1602641548939108
-0.5327000000000001,-2.1758259791924264
-0.5317,-2.1149933932982297
-0.5307000000000001,-2.082455033401334
-0.5297,-2.0286960040064623
-0.5287000000000001,-2.020207736207272
-0.5277,-2.0004017780091616
-0.5267000000000001,-1.9650339955125358
-0.5257,-1.922592656516585
-0.5247,-1.8999572757187444
-0.5236999999999999,-1.8716630497214433
-0.5227,-1.8320511333252225
-0.5216999999999999,-1.7995127734283267
-0.5207,-1.815074597726842
-0.5196999999999999,-1.7528273005327806
-0.5187,-1.766974413531431
-0.5176999999999999,-1.7103859615368293
-0.5167,-1.6792623129397986
-0.5156999999999999,-1.6481386643427678
-0.5147,-1.6212591496453321
-0.5136999999999999,-1.5986237688474914
-0.5127,-1.5717442541500557
-0.5116999999999999,-1.585891367148706
-0.5107,-1.5278882038542394
-0.5096999999999999,-1.510911668255859
-0.5087,-1.5193999360550492
-0.5076999999999999,-1.4868615761581534
-0.5067,-1.4684703292599082
-0.5056999999999999,-1.421784856364362
-0.5047,-1.4045253785060083
-0.5036999999999999,-1.3876903140376144
-0.5027,-1.3598205014302733
-0.5016999999999999,-1.3414292545320279
-0.5007,-1.3378924762823652
-0.4996999999999999,-1.3332239289928105
-0.49870000000000003,-1.2988464444060903
-0.4976999999999999,-1.2573954033200445
-0.49670000000000003,-1.2199055538736212
-0.4956999999999999,-1.20660726765489
-0.49470000000000003,-1.2117002283344038
-0.4936999999999999,-1.17463479227794
-0.4927,-1.1678441780385878
-0.4916999999999999,-1.1856695404168873
-0.4907,-1.140115836561233
-0.4896999999999999,-1.0911668255859028
-0.4887,-1.0890447586361052
-0.4876999999999999,-1.1394084809113005
-0.4867,-1.097674497565282
-0.48570000000000013,-1.04151045896064
-0.4847,-1.0248168656222325
-0.48370000000000013,-1.0118015216634741
-0.4827,-0.9963811684949454
-0.48170000000000013,-0.98647818939589
-0.4807,-0.9842146513161061
-0.4797000000000001,-0.9526665893291157
-0.4787,-0.9259285457616666
-0.4777000000000001,-0.9180061624824223
-0.4767,-0.9107911348531107
-0.4757000000000001,-0.9221088252520309
-0.4747,-0.9051322896536503
-0.4737000000000001,-0.8748574678365387
-0.4727,-0.8597200569279828
-0.4717000000000001,-0.8441582326294674
-0.4707,-0.8426020501996159
-0.4697000000000001,-0.8161469488921397
-0.4687,-0.8018583647635027
-0.4677000000000001,-0.7986045287738132
-0.4667,-0.7789400417056891
-0.4657000000000001,-0.7639441019271197
-0.4647,-0.7554558341279295
-0.4637000000000001,-0.7374890006196436
-0.4627,-0.7193806959813712
-0.4617000000000001,-0.7067897654125724
-0.4607,-0.6964623729235576
-0.4597000000000001,-0.6998576800432337
-0.4587,-0.7063653520226129
-0.4577000000000001,-0.6930670658038814
-0.4567,-0.6692999159661489
-0.4557000000000001,-0.652747793757728
-0.4547,-0.6513330824578628
-0.4537000000000001,-0.6236047409805081
-0.4527,-0.6141261752714124
-0.4517000000000001,-0.6221900296806432
-0.4507,-0.601393773572627
-0.4497000000000001,-0.6011108313126541
-0.4487,-0.5834269400643411
-0.4477000000000001,-0.5784754505148135
-0.4467,-0.5715433651454748
-0.4457000000000001,-0.5609330303964871
-0.4447,-0.5487665132176478
-0.4437000000000001,-0.5462200328778907
-0.4427,-0.539287947508552
-0.4417000000000001,-0.5244334788599692
-0.4407,-0.5228772964301176
-0.4397000000000001,-0.5177843357506035
-0.4387,-0.5077398855215616
-0.4377000000000001,-0.4944415993028303
-0.4367,-0.4950074838227763
-0.4357000000000001,-0.4798700729142204
-0.4347,-0.4630350084458265
-0.4337000000000001,-0.4572346921163799
-0.4327,-0.4535564427367308
-0.4317000000000001,-0.48114331308409897
-0.43069999999999997,-0.4480390686672571
-0.4297000000000001,-0.43672137826833685
-0.42869999999999997,-0.4428046368577565
-0.4277000000000001,-0.43304312888868773
-0.42669999999999997,-0.43247724436874174
-0.4257000000000001,-0.42837458159913316
-0.42469999999999997,-0.41394452634050977
-0.4237000000000001,-0.4119639305206987
-0.42269999999999996,-0.4109736326107932
-0.4217000000000001,-0.4166324778102533
-0.42069999999999996,-0.4113980460007527
-0.4197000000000001,-0.37051288943465316
-0.41869999999999996,-0.36641022666504447
-0.41770000000000007,-0.3613172659855304
-0.41669999999999996,-0.3545266517461782
-0.41570000000000007,-0.36046843920561134
-0.41469999999999996,-0.35169722914644813
-0.41370000000000007,-0.3348621646780542
-0.41269999999999996,-0.3335889245081756
-0.41170000000000007,-0.3323156843382971
-0.41069999999999995,-0.32425182992906637
-0.40970000000000006,-0.3293447906085805
-0.40869999999999995,-0.33995512535756833
-0.40770000000000006,-0.33288156885824316
-0.40669999999999995,-0.30755823659065895
-0.40570000000000006,-0.2992114399214552
-0.40469999999999995,-0.3050117562509019
-0.40370000000000006,-0.3176026868197007
-0.40269999999999995,-0.2946843637618871
-0.40170000000000006,-0.28605462483271044
-0.40069999999999995,-0.2751613478237496
-0.39970000000000006,-0.27148309844410057
-0.39869999999999994,-0.268795146974357
-0.39770000000000005,-0.27105868505414105
-0.39669999999999994,-0.26808779132442445
-0.39570000000000005,-0.26582425324464043
-0.39469999999999994,-0.26582425324464043
-0.39370000000000005,-0.25634568753554465
-0.39269999999999994,-0.25394067832577405
-0.39170000000000005,-0.25436509171573357
-0.39069999999999994,-0.23187118204787951
-0.38970000000000005,-0.22890028831816295
-0.38869999999999993,-0.23314442221775805
-0.38770000000000004,-0.23413472012766354
-0.38669999999999993,-0.22465615441856782
-0.38570000000000004,-0.22366585650866228
-0.38469999999999993,-0.2206949627789457
-0.38370000000000004,-0.2157434732294181
-0.38269999999999993,-0.21843142469916169
-0.38170000000000004,-0.2079625610801604
-0.3806999999999999,-0.21432876192955308
-0.37970000000000004,-0.20541608074040332
-0.3786999999999999,-0.21461170418952608
-0.37770000000000004,-0.1936739769515235
-0.3766999999999999,-0.18985425644188791
-0.37570000000000003,-0.18419541124242778
-0.3746999999999999,-0.1854686514123063
-0.37370000000000003,-0.18306364220253574
-0.3726999999999999,-0.18320511333252223
-0.37170000000000003,-0.18235628655260325
-0.3706999999999999,-0.17599008570321056
-0.36970000000000003,-0.1768389124831296
-0.3686999999999999,-0.173019191973494
-0.3677,-0.15689148315503257
-0.3666999999999999,-0.15193999360550495
-0.3657,-0.16707740451406086
-0.3646999999999999,-0.14727144631595032
-0.3637,-0.15774030993495158
-0.3626999999999999,-0.16736034677403386
-0.3617,-0.14628114840604478
-0.36070000000000013,-0.14444202371622025
-0.3597,-0.1512326379555724
-0.35870000000000013,-0.1458567350160853
-0.3577,-0.14415908145624726
-0.35670000000000013,-0.12896508209569676
-0.3557,-0.12361747338220691
-0.3547000000000001,-0.11975531153357535
-0.3537,-0.12042022584451192
-0.3527000000000001,-0.13601034436902465
-0.3517,-0.1356425194310597
-0.3507000000000001,-0.1314549739834592
-0.3497,-0.1197977528725713
-0.3487000000000001,-0.11241295988727582
-0.3477,-0.10591943502089529
-0.3467000000000001,-0.10743317611175088
-0.3457,-0.11012112758149446
-0.3447000000000001,-0.10859323937764022
-0.3437,-0.10955524306154844
-0.3427000000000001,-0.10422178146105725
-0.3417,-0.09537983583690077
-0.3407000000000001,-0.09122058461529756
-0.3397,-0.08908437055250136
-0.3387000000000001,-0.08939560703847166
-0.3377,-0.088815575405527
-0.3367000000000001,-0.08754233523564847
-0.3357,-0.08932487147347841
-0.3347000000000001,-0.08957951950745412
-0.3337,-0.08578809322381582
-0.3327000000000001,-0.09528080604591022
-0.3317,-0.09154596821426653
-0.3307000000000001,-0.07983215865138403
-0.3297,-0.07466846240687663
-0.3287000000000001,-0.07373475294896571
-0.3277,-0.07991704132937592
-0.3267000000000001,-0.07488066910185638
-0.3257,-0.0773564138766202
-0.3247000000000001,-0.0751919055878267
-0.3237,-0.0712307139482046
-0.3227000000000001,-0.06349224313794286
-0.3217,-0.06298294706999143
-0.3207000000000001,-0.062247297194061614
-0.3197,-0.06223315008106296
-0.3187000000000001,-0.06333662489495769
-0.3177,-0.06411471610988345
-0.3167000000000001,-0.06326588932996444
-0.3157,-0.05640453952561902
-0.3147000000000001,-0.058328546893435466
-0.3137,-0.05511715224274182
-0.3127000000000001,-0.055711330988685144
-0.3117,-0.05460785617479042
-0.3107000000000001,-0.05835684111943277
-0.3097,-0.043856050295816136
-0.3087000000000001,-0.04353066669684717
-0.3077,-0.046416677748571854
-0.3067000000000001,-0.037390819655432915
-0.30569999999999997,-0.03785767438438838
-0.3047000000000001,-0.04842556779438021
-0.30369999999999997,-0.034547249942704195
-0.3027000000000001,-0.03331645111182161
-0.30169999999999997,-0.03168953311697682
-0.3007000000000001,-0.031873445585959274
-0.29969999999999997,-0.03051532273808884
-0.2987000000000001,-0.0289025518562427
-0.29769999999999996,-0.03545266517461782
-0.2967000000000001,-0.032637389687886396
-0.29569999999999996,-0.02730392808739521
-0.2947000000000001,-0.025252596702590904
-0.29369999999999996,-0.022592939458844635
-0.29270000000000007,-0.021461170418952607
-0.29169999999999996,-0.024304740131681327
-0.29070000000000007,-0.025309185154585506
-0.28969999999999996,-0.022946617283810897
-0.28870000000000007,-0.0174150961013386
-0.28769999999999996,-0.017188742293360197
-0.28670000000000007,-0.01619844438345467
-0.28569999999999995,-0.016354062626439823
-0.28470000000000006,-0.015420353168528897
-0.28369999999999995,-0.014797880196588285
-0.28270000000000006,-0.014094768680555363
-0.28169999999999995,-0.011498773445303019
-0.28070000000000006,-0.009893076119956202
-0.27969999999999995,-0.009250797189817474
-0.27870000000000006,-0.009753019701269563
-0.27769999999999995,-0.009614377993882789
-0.27670000000000006,-0.008455729439293324
-0.27569999999999995,-0.006557186874874445
-0.27470000000000006,-0.004882168695834241
-0.27369999999999994,-0.004561029230764878
-0.27270000000000005,-0.006305368263498468
-0.27169999999999994,-0.003961191639622103
-0.27070000000000005,-0.0017839509491298113
-0.26969999999999994,-0.0010579211100390745
-0.26870000000000005,-0.0013371851206324325
-0.26769999999999994,-0.0017273624971352096
-0.26670000000000005,-0.00038805530955297955
-0.26569999999999994,0.00033783305840777076
-0.26470000000000005,0.001691994714638584
-0.26369999999999993,0.0028506432692280486
-0.26270000000000004,0.004217254384897675
-0.26169999999999993,0.00484538620203775
-0.26070000000000004,0.00540419716548444
-0.25969999999999993,0.005794657484247191
-0.25870000000000004,0.006576992833072556
-0.25769999999999993,0.007024041603829908
-0.25670000000000004,0.007609732081974032
-0.2556999999999999,0.008083660367428821
-0.25470000000000004,0.009479980420395611
-0.2536999999999999,0.009508274646392912
-0.25270000000000004,0.008377920317800748
-0.2516999999999999,0.010567893409991824
-0.25070000000000003,0.010750391167674414
-0.24969999999999992,0.010610334748987775
-0.24870000000000003,0.011699662449883852
-0.24769999999999992,0.01354161656230813
-0.24670000000000003,0.014288584128636872
-0.24569999999999992,0.014911057100577486
-0.24470000000000003,0.0153637647165343
-0.24369999999999992,0.016170150157457368
-0.24270000000000003,0.01648138664342768
-0.24169999999999991,0.017018976937376393
-0.24070000000000003,0.018065863299276518
-0.2396999999999999,0.018433688237241428
-0.23870000000000002,0.019070308322180696
-0.2376999999999999,0.01970692840711996
-0.23670000000000002,0.02020207736207272
-0.23570000000000013,0.019834252424107815
-0.23470000000000002,0.02032940137906058
-0.23370000000000013,0.021744112678925617
-0.23270000000000002,0.022210967407881078
-0.23170000000000013,0.022578792345845984
-0.23070000000000002,0.02453109393965974
-0.22970000000000013,0.025224302476593602
-0.22870000000000001,0.025974099465522073
-0.22770000000000012,0.02612971770850723
-0.2267,0.0270209858274222
-0.22570000000000012,0.027105868505414105
-0.2247,0.026115570595508578
-0.22370000000000012,0.026087276369511275
-0.2227,0.027049280053419503
-0.22170000000000012,0.02770004725135742
-0.2207,0.0289025518562427
-0.21970000000000012,0.03014749780012393
-0.2187,0.03058605830308209
-0.21770000000000012,0.03033141026910639
-0.2167,0.02953917194118197
-0.2157000000000001,0.03055776407708479
-0.2147,0.03082655922405915
-0.2137000000000001,0.03085485345005645
-0.2127,0.03217053495893094
-0.2117000000000001,0.0328354492698675
-0.2107,0.033174979981835113
-0.2097000000000001,0.03311839152984051
-0.2087,0.03577804877358678
-0.2077000000000001,0.03543851806161917
-0.2067,0.03754643789841807
-0.2057000000000001,0.03532534115762996
-0.2047,0.03560828341760297
-0.2037000000000001,0.036117579485554385
-0.2027,0.03679664090948961
-0.2017000000000001,0.03699470049147071
-0.2007,0.03890456074628851
-0.1997000000000001,0.039611916396221025
-0.1987,0.0386782069383101
-0.1977000000000001,0.038508441582326296
-0.19669999999999999,0.03839526467833709
-0.1957000000000001,0.039074326102272315
-0.19469999999999998,0.03995144710818864
-0.1937000000000001,0.04106906903508201
-0.19269999999999998,0.040531478741133296
-0.1917000000000001,0.039909005769192686
-0.1907000000000001,0.04031927204615354
-0.1897000000000002,0.040531478741133296
-0.1887000000000001,0.041535923764037475
-0.1877000000000002,0.04323357732387552
-0.1867000000000001,0.045624439420647436
-0.1857000000000002,0.043474078244852575
-0.1847000000000001,0.04251207456094436
-0.1837000000000002,0.049458307043281684
-0.18270000000000008,0.045765910550633934
-0.1817000000000002,0.0499958973372304
-0.18070000000000008,0.047237210302493574
-0.1797000000000002,0.04664303155655026
-0.17870000000000008,0.0483406851163883
-0.1777000000000002,0.04660059021755431
-0.17670000000000008,0.04829824377739235
-0.1757000000000002,0.05346194002189974
-0.17470000000000008,0.05433906102781606
-0.1737000000000002,0.05078813566515482
-0.17270000000000008,0.05033542804919801
-0.17170000000000019,0.052980938179945626
-0.17070000000000007,0.05097204813413727
-0.16970000000000018,0.048750951393349166
-0.16870000000000007,0.0483972735683829
-0.16770000000000018,0.04975539641625334
-0.16670000000000007,0.05090131256914402
-0.16570000000000018,0.05043445784018856
-0.16470000000000007,0.050660811648166965
-0.16370000000000018,0.05122669616811298
-0.16270000000000007,0.051014489473133216
-0.16170000000000018,0.05138231441109813
-0.16070000000000007,0.051948198931044146
-0.15970000000000018,0.05200478738303874
-0.15870000000000006,0.05449467927080121
-0.15770000000000017,0.05510300512974318
-0.15670000000000006,0.0522169940780185
-0.15570000000000017,0.053589264038887585
-0.15470000000000006,0.05440979659280931
-0.15370000000000017,0.05637624529962171
-0.15270000000000006,0.055640595423691895
-0.15170000000000017,0.056673334672593376
-0.15070000000000006,0.05869637183140037
-0.14970000000000017,0.056998718271562325
-0.14870000000000005,0.05572547810168379
-0.14770000000000016,0.05595183190966221
-0.14670000000000005,0.05586694923167029
-0.14570000000000016,0.05648942220361091
-0.14470000000000005,0.057479720113516444
-0.14370000000000016,0.0576070441305043
-0.14270000000000005,0.058300252667438164
-0.14170000000000016,0.05900760831737068
-0.14070000000000005,0.059955464888280255
-0.13970000000000016,0.06186532514309807
-0.13870000000000005,0.06316685953897387
-0.13770000000000016,0.06056379074722222
-0.13670000000000004,0.0599979062272762
-0.13570000000000015,0.06081843878119793
-0.13470000000000004,0.06156823577012639
-0.13370000000000015,0.06231803275905486
-0.13270000000000004,0.06439765836985646
-0.13170000000000015,0.06274244614901436
-0.13070000000000004,0.06503427845479573
-0.12970000000000015,0.06371859694592126
-0.12870000000000004,0.06618019460768641
-0.12770000000000015,0.06435521703086051
-0.12670000000000003,0.06451083527384567
-0.12570000000000014,0.06619434172068506
-0.12470000000000003,0.0657274869917296
-0.12370000000000014,0.06560016297474175
-0.12270000000000003,0.06848617402646642
-0.12170000000000014,0.06725537519558383
-0.12070000000000003,0.06780711260253121
-0.11970000000000014,0.06987259110033416
-0.11870000000000003,0.06899547009441785
-0.11770000000000014,0.0693491479193841
-0.11670000000000003,0.0747957864238645
-0.11570000000000014,0.07233418876209932
-0.11470000000000002,0.07263127813507098
-0.11370000000000013,0.07422990190391847
-0.11270000000000002,0.07280104349105479
-0.11170000000000013,0.07284348483005075
-0.11070000000000024,0.07401769520893872
-0.10970000000000013,0.07524849403982131
-0.10870000000000024,0.07683297069567015
-0.10770000000000013,0.08004436534636378
-0.10670000000000024,0.07964824618240157
-0.10570000000000013,0.07796473973556219
-0.10470000000000024,0.07899747898446366
-0.10370000000000013,0.08310014175407225
-0.10270000000000024,0.07748373789360806
-0.10170000000000012,0.07739885521561615
-0.10070000000000023,0.07789400417056892
-0.09970000000000012,0.08324161288405875
-0.09870000000000023,0.08219472652215863
-0.09770000000000012,0.08382164451700343
-0.09670000000000023,0.08172787179320316
-0.09570000000000012,0.08380749740400478
-0.09470000000000023,0.08433094058495484
-0.09370000000000012,0.08802333707760258
-0.09270000000000023,0.08983416754142984
-0.09170000000000011,0.08928243013448246
-0.09070000000000022,0.0927767670451491
-0.08970000000000011,0.09365388805106543
-0.08870000000000022,0.09516762914192102
-0.08770000000000011,0.0948280984299534
-0.08670000000000022,0.09519592336791832
-0.08570000000000011,0.09761507969068753
-0.08470000000000022,0.09591742613084948
-0.08370000000000011,0.09018784536639608
-0.08270000000000022,0.09000393289741364
-0.0817000000000001,0.08970684352444197
-0.08070000000000022,0.09515348202892236
-0.0797000000000001,0.09713407784873342
-0.07870000000000021,0.09255041323717071
-0.0777000000000001,0.09379535918105193
-0.07670000000000021,0.09161670377925978
-0.0757000000000001,0.09131961440628812
-0.07470000000000021,0.09450271483098445
-0.0737000000000001,0.0981951113236322
-0.07270000000000021,0.09826584688862545
-0.0717000000000001,0.09557789541888188
-0.07070000000000021,0.09758678546469024
-0.0697000000000001,0.10144894731332177
-0.0687000000000002,0.09878929006957551
-0.0677000000000001,0.10171774246029613
-0.0667000000000002,0.10880544607261997
-0.06570000000000009,0.1078292952757131
-0.0647000000000002,0.10879129895962131
-0.06370000000000009,0.10526866782295738
-0.0627000000000002,0.10649946665383996
-0.06170000000000009,0.10802735485769419
-0.0607000000000002,0.10724926364276843
-0.059700000000000086,0.1097957439825255
-0.058700000000000196,0.11536970650399375
-0.057700000000000085,0.12081634500847413
-0.056700000000000195,0.11812839353873056
-0.05570000000000008,0.12407018099816372
-0.05470000000000019,0.12926217146866842
-0.05370000000000008,0.13347801114226623
-0.05270000000000019,0.1293470541466603
-0.05170000000000008,0.12941778971165355
-0.05070000000000019,0.12322135421824468
-0.04970000000000008,0.12532927405504357
-0.04870000000000019,0.12987049732761038
-0.047700000000000076,0.12811625531577772
-0.046700000000000186,0.13286968528332424
-0.045700000000000074,0.1295734079546387
-0.044700000000000184,0.12913484745168055
-0.04370000000000007,0.14302731241635522
-0.04270000000000018,0.13899538521173985
-0.04170000000000007,0.13432683792218525
-0.04070000000000018,0.13200671139040657
-0.03970000000000007,0.1297148790846252
-0.03870000000000018,0.13073347122052806
-0.03770000000000007,0.14033936094661165
-0.03670000000000018,0.1434517258063147
-0.035700000000000065,0.13748164412088426
-0.034700000000000175,0.1374674970078856
-0.03370000000000006,0.14486643710617977
-0.03270000000000017,0.14529085049613927
-0.03170000000000006,0.1465640906660178
-0.03070000000000017,0.13980177065266292
-0.02970000000000006,0.14302731241635522
-0.02870000000000017,0.14727144631595032
-0.027700000000000058,0.15278882038542396
-0.026700000000000168,0.15321323377538346
-0.025700000000000056,0.15349617603535648
-0.024700000000000166,0.15632559863508652
-0.023700000000000054,0.1617015015745737
-0.022700000000000164,0.1659456354741688
-0.021700000000000053,0.17089712502369644
-0.020700000000000163,0.17018976937376393
-0.01970000000000005,0.17132153841365594
-0.01870000000000016,0.1696238848538179
-0.01770000000000005,0.1734436053634535
-0.01670000000000016,0.18320511333252223
-0.015700000000000047,0.1854686514123063
-0.014700000000000157,0.17089712502369644
-0.013700000000000045,0.173019191973494
-0.012700000000000156,0.1737265476234265
-0.011700000000000044,0.17641449909317006
-0.010700000000000154,0.1805171618627787
-0.009700000000000042,0.17910245056291366
-0.008700000000000152,0.1851857091523333
-0.00770000000000004,0.19141043887173945
-0.00670000000000015,0.18886395853198237
-0.005700000000000038,0.18815660288204988
-0.0047000000000001485,0.18801513175206336
-0.0037000000000000366,0.19282515017160448
-0.0027000000000001467,0.19919135102099716
-0.0017000000000000348,0.20640637865030886
-0.000700000000000145,0.20230371588070023
0.00029999999999996696,0.19933282215098366
0.0012999999999998568,0.20315254266061927
0.0022999999999999687,0.20640637865030886
0.0032999999999998586,0.21036757028993097
0.0042999999999999705,0.20838697447011992
0.00529999999999986,0.21376287740960703
0.006299999999999972,0.21333846401964754
0.007299999999999862,0.2189973092191077
0.008299999999999974,0.21970466486904017
0.009299999999999864,0.22536351006850036
0.010299999999999976,0.2235243853786758
0.011299999999999866,0.22720263475832486
0.012299999999999978,0.2279099904082574
0.013299999999999867,0.21050904141991747
0.012299999999999978,0.18263922881257624
0.011299999999999866,0.16608710660415532
0.010299999999999976,0.15377911829532948
0.009299999999999864,0.1434517258063147
0.008299999999999974,0.12944608393765086
0.007299999999999862,0.12010898935854163
0.006299999999999972,0.11283737327723532
0.00529999999999986,0.10413689878306535
0.0042999999999999705,0.09540813006289808
0.0032999999999998586,0.09003222712341094
0.0022999999999999687,0.086509595986747
0.0012999999999998568,0.07991704132937592
0.00029999999999996696,0.0772998254246256
-0.000700000000000145,0.06782125971552985
-0.0017000000000000348,0.06272829903601573
-0.0027000000000001467,0.06274244614901436
-0.0037000000000000366,0.05822951710244491
-0.0047000000000001485,0.05167940378406979
-0.005700000000000038,0.04841142068138156
-0.00670000000000015,0.04508684912669872
-0.00770000000000004,0.04668547289554621
-0.008700000000000152,0.04337504845386203
-0.009700000000000042,0.03560828341760297
-0.010700000000000154,0.031166089936026757
-0.011700000000000044,0.024983801555616546
-0.012700000000000156,0.02723319252240196
-0.013700000000000045,0.028577168257273744
-0.014700000000000157,0.021022609915994445
-0.015700000000000047,0.019042014096183394
-0.01670000000000016,0.0194098390341483
-0.01770000000000005,0.021022609915994445
-0.01870000000000016,0.014981792665570736
-0.01970000000000005,0.012242911589032027
-0.020700000000000163,0.013974518220066835
-0.021700000000000053,0.007888430208047444
-0.022700000000000164,0.001942398614714695
-0.023700000000000054,0.004287989949890926
-0.024700000000000166,-0.0008904192921350541
-0.025700000000000056,-0.0035976108355567885
-0.026700000000000168,-0.007142877353018571
-0.027700000000000058,-0.009348412269508161
-0.02870000000000017,-0.01173503023238048
-0.02970000000000006,-0.012656007288592617
-0.03070000000000017,-0.014288584128636872
-0.03170000000000006,-0.015632559863508654
-0.03270000000000017,-0.015957943462477614
-0.03370000000000006,-0.018674189158218484
-0.034700000000000175,-0.019537163051136158
-0.035700000000000065,-0.018716630497214438
-0.03670000000000018,-0.01970692840711996
-0.03770000000000007,-0.022225114520879725
-0.03870000000000018,-0.024078386323702922
-0.03970000000000007,-0.023116382639794698
-0.04070000000000018,-0.024587682391654337
-0.04170000000000007,-0.021828995356917517
-0.04270000000000018,-0.025295038041586858
-0.04370000000000007,-0.026709749341451892
-0.044700000000000184,-0.02935525947219951
-0.045700000000000074,-0.03007676223513068
-0.046700000000000186,-0.029510877715184666
-0.047700000000000076,-0.03051532273808884
-0.04870000000000019,-0.03154806198699031
-0.04970000000000008,-0.032425182992906636
-0.05070000000000019,-0.0328354492698675
-0.05170000000000008,-0.033288156885824316
-0.05270000000000019,-0.03357109914579732
-0.05370000000000008,-0.0344906614907096
-0.05470000000000019,-0.03542437094862052
-0.05570000000000008,-0.036032696807562485
-0.056700000000000195,-0.03669761111849905
-0.057700000000000085,-0.03744740810742752
-0.058700000000000196,-0.037871821497387034
-0.059700000000000086,-0.03816891087035869
-0.0607000000000002,-0.03843770601733305
-0.06170000000000009,-0.039003590537279066
-0.0627000000000002,-0.039527033718229125
-0.06370000000000009,-0.04003632978618053
-0.0647000000000002,-0.04012121246417244
-0.06570000000000009,-0.04078612677510901
-0.0667000000000002,-0.04098418635709011
-0.0677000000000001,-0.04176227757201588
-0.0687000000000002,-0.04196033715399699
-0.0697000000000001,-0.04231401497896324
-0.07070000000000021,-0.042667692803929506
-0.0717000000000001,-0.042639398577932204
-0.07270000000000021,-0.04362969648783773
-0.0737000000000001,-0.04354481380984583
-0.07470000000000021,-0.04371457916582964
-0.0757000000000001,-0.0443794934767662
-0.07670000000000021,-0.0444077877027635
-0.0777000000000001,-0.04517173180469062
-0.07870000000000021,-0.044775612640728414
-0.0797000000000001,-0.04498781933570817
-0.08070000000000022,-0.045313202934677124
-0.0817000000000001,-0.04545467406466363
-0.08270000000000022,-0.046006411471611
-0.08370000000000011,-0.04585079322862584
-0.08470000000000022,-0.04592152879361909
-0.08570000000000011,-0.046416677748571854
-0.08670000000000022,-0.04665717866954891
-0.08770000000000011,-0.04708159205950842
-0.08870000000000022,-0.046954268042520564
-0.08970000000000011,-0.047548446788463886
-0.09070000000000022,-0.04790212461343014
-0.09170000000000011,-0.048086037082412596
-0.09270000000000023,-0.049005599427324874
-0.09370000000000012,-0.04790212461343014
-0.09470000000000023,-0.04842556779438021
-0.09570000000000012,-0.04812847842140855
-0.09670000000000023,-0.048892422523335664
-0.09770000000000012,-0.048892422523335664
-0.09870000000000023,-0.04877924561934646
-0.09970000000000012,-0.05105693081212918
-0.10070000000000023,-0.052344318095006365
-0.10170000000000012,-0.052344318095006365
-0.10270000000000024,-0.05247164211199421
-0.10370000000000013,-0.05274043725896857
-0.10470000000000024,-0.05282531993696047
-0.10570000000000013,-0.05339120445690649
-0.10670000000000024,-0.052768731484965865
-0.10770000000000013,-0.05307996797093617
-0.10870000000000024,-0.05299508529294428
-0.10970000000000013,-0.05310826219693348
-0.11070000000000024,-0.05281117282396182
-0.11170000000000013,-0.052697995919972616
-0.11270000000000002,-0.0541834427848309
-0.11370000000000013,-0.0519906402700401
-0.11470000000000002,-0.05179258068805899
-0.11570000000000014,-0.05237261232100365
-0.11670000000000003,-0.05286776127595642
-0.11770000000000014,-0.05330632177891458
-0.11870000000000003,-0.05291020261495238
-0.11970000000000014,-0.05306582085793753
-0.12070000000000003,-0.052768731484965865
-0.12170000000000014,-0.05367414671687949
-0.12270000000000003,-0.05438150236681201
-0.12370000000000014,-0.05329217466591593
-0.12470000000000003,-0.05380147073386734
-0.12570000000000014,-0.05337705734390783
-0.12670000000000003,-0.05421173701082821
-0.12770000000000015,-0.053787323620868695
-0.12870000000000004,-0.05367414671687949
-0.12970000000000015,-0.05419758989782956
-0.13070000000000004,-0.05431076680181876
-0.13170000000000015,-0.054141001445834946
-0.13270000000000004,-0.05511715224274182
-0.13370000000000015,-0.05549912429370539
-0.13470000000000004,-0.05469273885278232
-0.13570000000000015,-0.056093303039648705
-0.13670000000000004,-0.05518788780773508
-0.13770000000000016,-0.05480591575677152
-0.13870000000000005,-0.05640453952561902
-0.13970000000000016,-0.057493867226515095
-0.14070000000000005,-0.057748515260490796
-0.14170000000000016,-0.056871394254574464
-0.14270000000000005,-0.058526606475416576
-0.14370000000000016,-0.061752148239108844
-0.14470000000000005,-0.058597342040409825
-0.14570000000000016,-0.05653186354260687
-0.14670000000000005,-0.05994131777528161
-0.14770000000000016,-0.06009693601826675
-0.14870000000000005,-0.057493867226515095
-0.14970000000000017,-0.058102193085457055
-0.15070000000000006,-0.06094576279818578
-0.15170000000000017,-0.06237462121104946
-0.15270000000000006,-0.05907834388236394
-0.15370000000000017,-0.05755045567850969
-0.15470000000000006,-0.06053549652122492
-0.15570000000000017,-0.06023840714825326
-0.15670000000000006,-0.061780442465106146
-0.15770000000000017,-0.06104479258917633
-0.15870000000000006,-0.06255853368003192
-0.15970000000000018,-0.06062037919921682
-0.16070000000000007,-0.059106638108361226
-0.16170000000000018,-0.06037987827823976
-0.16270000000000007,-0.06196435493408861
-0.16370000000000018,-0.062134120290072405
-0.16470000000000007,-0.06302538840898737
-0.16570000000000018,-0.06237462121104946
-0.16670000000000007,-0.06756661168155415
-0.16770000000000018,-0.06279903460100898
-0.16870000000000007,-0.06214826740307107
-0.16970000000000018,-0.06101649836317903
-0.17070000000000007,-0.06223315008106296
-0.17170000000000019,-0.06298294706999143
-0.17270000000000008,-0.06429862857886592
-0.1737000000000002,-0.06418545167487671
-0.17470000000000008,-0.06386006807590776
-0.1757000000000002,-0.0631102710869793
-0.17670000000000008,-0.06493524866380519
-0.1777000000000002,-0.06407227477088752
-0.17870000000000008,-0.0653596620537647
-0.1797000000000002,-0.06407227477088752
-0.18070000000000008,-0.06436936414385917
-0.1817000000000002,-0.06667534356263917
-0.18270000000000008,-0.06827396733148668
-0.1837000000000002,-0.06857105670445833
-0.1847000000000001,-0.07077800633224779
-0.1857000000000002,-0.06769393569854201
-0.1867000000000001,-0.0673544049865744
-0.1877000000000002,-0.06878326339943809
-0.1887000000000001,-0.06820323176649341
-0.1897000000000002,-0.06793443661951905
-0.1907000000000001,-0.06834470289647993
-0.1917000000000001,-0.06927841235439085
-0.19269999999999998,-0.06910864699840705
-0.1937000000000001,-0.06990088532633146
-0.19469999999999998,-0.0699433266653274
-0.1957000000000001,-0.07411672499992927
-0.19669999999999999,-0.07660661688769173
-0.1977000000000001,-0.0751353171358321
-0.1987,-0.07602658525474706
-0.1997000000000001,-0.0737913414009603
-0.2007,-0.07865794827249603
-0.2017000000000001,-0.07391866541794817
-0.2027,-0.07356498759298191
-0.2037000000000001,-0.07445625571189689
-0.2047,-0.07652173420969983
-0.2057000000000001,-0.07754032634560266
-0.2067,-0.07804962241355407
-0.2077000000000001,-0.07466846240687663
-0.2087,-0.0750221402318429
-0.2097000000000001,-0.07516361136182939
-0.2107,-0.07703103027765125
-0.2117000000000001,-0.08012924802435568
-0.2127,-0.07956336350440966
-0.2137000000000001,-0.08079416233529225
-0.2147,-0.08038389605833138
-0.2157000000000001,-0.07950677505241506
-0.2167,-0.07926627413143801
-0.21770000000000012,-0.08138834108123556
-0.2187,-0.08160054777621531
-0.21970000000000012,-0.08277475815510331
-0.2207,-0.0848826779919022
-0.22170000000000012,-0.08417532234196969
-0.2227,-0.0854202682858509
-0.22370000000000012,-0.08568906343282526
-0.2247,-0.08416117522897103
-0.22570000000000012,-0.08597200569279828
-0.2267,-0.0928050612711464
-0.22770000000000012,-0.09779899215966999
-0.22870000000000001,-0.09661063466778336
-0.22970000000000013,-0.1101069804684958
-0.23070000000000002,-0.1080839433096888
-0.23170000000000013,-0.10399542765307884
-0.23270000000000002,-0.10211386162425835
-0.23370000000000013,-0.09733213743071452
-0.23470000000000002,-0.09488468688194801
-0.23570000000000013,-0.1023260683192381
-0.23670000000000002,-0.09880343718257417
-0.2376999999999999,-0.08967854929844467
-0.23870000000000002,-0.08559003364183472
-0.2396999999999999,-0.08585882878880907
-0.24070000000000003,-0.0883062793375756
-0.24169999999999991,-0.09003222712341094
-0.24270000000000003,-0.09048493473936775
-0.24369999999999992,-0.09523836470691427
-0.24470000000000003,-0.0929465324011329
-0.24569999999999992,-0.0942622139100074
-0.24670000000000003,-0.09475736286496016
-0.24769999999999992,-0.09539398294989941
-0.24870000000000003,-0.09736043165671183
-0.24969999999999992,-0.09610133859983194
-0.25070000000000003,-0.09685113558876042
-0.2516999999999999,-0.09634183952080899
-0.25270000000000004,-0.0970209009447442
-0.2536999999999999,-0.0988175842955728
-0.25470000000000004,-0.10365589694111124
-0.2556999999999999,-0.10386810363609099
-0.25670000000000004,-0.10460375351202081
-0.25769999999999993,-0.10683899736580757
-0.25870000000000004,-0.1097674497565282
-0.25969999999999993,-0.10792832506670365
-0.26070000000000004,-0.10862153360363752
-0.26169999999999993,-0.10894691720260646
-0.26270000000000004,-0.1138135240741422
-0.26369999999999993,-0.11708150717683044
-0.26470000000000005,-0.11719468408081965
-0.26569999999999994,-0.11712394851582639
-0.26670000000000005,-0.11593559102393976
-0.26769999999999994,-0.11495944022703289
-0.26870000000000005,-0.11733615521080615
-0.26969999999999994,-0.12020801914953216
-0.27070000000000005,-0.11790203973075215
-0.27169999999999994,-0.11720883119381828
-0.27270000000000005,-0.11826986466871706
-0.27369999999999994,-0.11984019421156727
-0.27470000000000006,-0.12066072676548899
-0.27569999999999995,-0.13005440979659283
-0.27670000000000006,-0.13240283055436877
-0.27769999999999995,-0.12531512694204497
-0.27870000000000006,-0.1277484303778128
-0.27969999999999995,-0.12759281213482765
-0.28070000000000006,-0.12742304677884386
-0.28169999999999995,-0.12988464444060904
-0.28270000000000006,-0.1307476183335267
-0.28369999999999995,-0.12845578602774532
-0.28470000000000006,-0.1289226407567008
-0.28569999999999995,-0.13226135942438227
-0.28670000000000007,-0.13267162570134314
-0.28769999999999996,-0.1335345995942608
-0.28870000000000007,-0.13400145432321628
-0.28969999999999996,-0.13707137784392343
-0.29070000000000007,-0.13871244295176685
-0.29169999999999996,-0.13620840395100572
-0.29270000000000007,-0.13731187876490047
-0.29369999999999996,-0.1414286886475077
-0.2947000000000001,-0.14472496597619325
-0.29569999999999996,-0.1437346680662877
-0.2967000000000001,-0.14571526388609876
-0.29769999999999996,-0.1437346680662877
-0.2987000000000001,-0.14712997518596382
-0.29969999999999997,-0.14896909987578838
-0.3007000000000001,-0.15491088733522151
-0.30169999999999997,-0.1551938295951945
-0.3027000000000001,-0.15632559863508652
-0.30369999999999997,-0.16085267479465465
-0.3047000000000001,-0.15774030993495158
-0.30569999999999997,-0.15901355010483012
-0.3067000000000001,-0.16085267479465465
-0.3077,-0.17542420118326454
-0.3087000000000001,-0.17018976937376393
-0.3097,-0.1696238848538179
-0.3107000000000001,-0.1658041643441823
-0.3117,-0.1689165292038854
-0.3127000000000001,-0.16990682711379093
-0.3137,-0.17174595180361546
-0.3147000000000001,-0.1861760070622388
-0.3157,-0.1899957275718744
-0.3167000000000001,-0.19027866983184744
-0.3177,-0.18136598864269768
-0.3187000000000001,-0.17853656604296764
-0.3197,-0.18193187316264373
-0.3207000000000001,-0.1854686514123063
-0.3217,-0.19565457277133455
-0.3227000000000001,-0.20612343639033584
-0.3237,-0.1965033995512536
-0.3247000000000001,-0.20060606232086217
-0.3257,-0.19862546650105112
-0.3267000000000001,-0.19933282215098366
-0.3277,-0.20258665814067325
-0.3287000000000001,-0.21758259791924262
-0.3297,-0.21786554017921567
-0.3307000000000001,-0.22748557701829786
-0.3317,-0.22479762554855431
-0.3327000000000001,-0.2204120205189727
-0.3337,-0.21305552175967452
-0.3347000000000001,-0.2199876071290132
-0.3357,-0.2284758749282034
-0.3367000000000001,-0.23201265317786599
-0.3377,-0.23639825820744764
-0.3387000000000001,-0.24134974775697526
-0.3397,-0.23724708498736666
-0.3407000000000001,-0.24969654442617895
-0.3417,-0.2521015536359495
-0.3427000000000001,-0.24700859295643537
-0.3437,-0.2386617962872317
-0.3447000000000001,-0.24927213103621945
-0.3457,-0.24941360216620592
-0.3467000000000001,-0.25974099465522077
-0.3477,-0.2614386482150588
-0.3487000000000001,-0.2588921678753017
-0.3497,-0.2587506967453152
-0.3507000000000001,-0.270209858274222
-0.3517,-0.2686536758443705
-0.3527000000000001,-0.27035132940420853
-0.3537,-0.27035132940420853
-0.3547000000000001,-0.27077574279416805
-0.3557,-0.2692195603643165
-0.35670000000000013,-0.2819519620631018
-0.3577,-0.2806787218932233
-0.35870000000000013,-0.28647903822266996
-0.3597,-0.2894499319523865
-0.36070000000000013,-0.29256229681208956
-0.3617,-0.29850408427152275
-0.3626999999999999,-0.2917134700321706
-0.3637,-0.3004846800913338
-0.3646999999999999,-0.30571911190083445
-0.3657,-0.31180237049025405
-0.3666999999999999,-0.3427845479572984
-0.3677,-0.329203319478594
-0.3686999999999999,-0.3259494834889044
-0.36970000000000003,-0.3279300793087155
-0.3706999999999999,-0.32778860817872896
-0.37170000000000003,-0.32722272365878297
-0.3726999999999999,-0.3338718667681486
-0.37370000000000003,-0.33839894292771683
-0.3746999999999999,-0.3495751621966506
-0.37570000000000003,-0.35127281575648867
-0.3766999999999999,-0.3499995755866101
-0.37770000000000004,-0.3695225915247476
-0.3786999999999999,-0.3623075638954359
-0.37970000000000004,-0.36329786180534146
-0.3806999999999999,-0.3737667254243427
-0.38170000000000004,-0.37885968610385684
-0.38269999999999993,-0.39696799074212924
-0.38370000000000004,-0.3944215104023722
-0.38469999999999993,-0.39739240413208876
-0.38570000000000004,-0.4051733162813465
-0.38669999999999993,-0.4013535957717109
-0.38770000000000004,-0.3959776928322238
-0.38869999999999993,-0.406729498711198
-0.38970000000000005,-0.4119639305206987
-0.39069999999999994,-0.42158396735978093
-0.39170000000000005,-0.42469633221948405
-0.39269999999999994,-0.42780869707918706
-0.39370000000000005,-0.43247724436874174
-0.39469999999999994,-0.46246912392588047
-0.39570000000000005,-0.4558199808165148
-0.39669999999999994,-0.4412484544279049
-0.39770000000000005,-0.43827756069818835
-0.39869999999999994,-0.44747318414731113
-0.39970000000000006,-0.45963970132615045
-0.40069999999999995,-0.4570932209863934
-0.40170000000000006,-0.46246912392588047
-0.40269999999999995,-0.46756208460539456
-0.40370000000000006,-0.4756259390146253
-0.40469999999999995,-0.47972860178423393
-0.40570000000000006,-0.4900559942732487
-0.40669999999999995,-0.5015151558021554
-0.40770000000000006,-0.5009492712822095
-0.40869999999999995,-0.5023639825820745
-0.40970000000000006,-0.5136816729809948
-0.41069999999999995,-0.5124084328111163
-0.41170000000000007,-0.5214625851302525
-0.41269999999999996,-0.5254237767698746
-0.41370000000000007,-0.5288190838895507
-0.41469999999999996,-0.5327802755291728
-0.41570000000000007,-0.539570889768525
-0.41669999999999996,-0.5510300512974318
-0.41770000000000007,-0.558669492316703
-0.41869999999999996,-0.5648942220361092
-0.4197000000000001,-0.5695627693256637
-0.42069999999999996,-0.5561230119769459
-0.4217000000000001,-0.5712604228855018
-0.42269999999999996,-0.5841342957142737
-0.4237000000000001,-0.6190776648209401
-0.42469999999999997,-0.6344980179894689
-0.4257000000000001,-0.6339321334695229
-0.42669999999999997,-0.6427033435286861
-0.4277000000000001,-0.6451083527384567
-0.42869999999999997,-0.6425618723986997
-0.4297000000000001,-0.6518989669778088
-0.43069999999999997,-0.6606701770369722
-0.4317000000000001,-0.6595384079970801
-0.4327,-0.6670363778863648
-0.4337000000000001,-0.6654801954565133
-0.4347,-0.6692999159661489
-0.4357000000000001,-0.6773637703753796
-0.4367,-0.6971697285734901
-0.4377000000000001,-0.6984429687433686
-0.4387,-0.7207954072812361
-0.4397000000000001,-0.7222101185811013
-0.4407,-0.7154195043417491
-0.4417000000000001,-0.7256054257007774
-0.4427,-0.7179659846815062
-0.4437000000000001,-0.7374890006196436
-0.4447,-0.7553143629979431
-0.4457000000000001,-0.7625293906272548
-0.4467,-0.7797888684856082
-0.4477000000000001,-0.77526179232604
-0.4487,-0.774412965546121
-0.4497000000000001,-0.7623879194972683
-0.4507,-0.7833256467352708
-0.4517000000000001,-0.7970483463439616
-0.4527,-0.8099222191727334
-0.4537000000000001,-0.811761343862558
-0.4547,-0.8297281773708441
-0.4557000000000001,-0.8430264635895753
-0.4567,-0.864530075347524
-0.4577000000000001,-0.8542026828585092
-0.4587,-0.871037747326903
-0.4597000000000001,-0.8525050292986711
-0.4607,-0.8574565188481987
-0.4617000000000001,-0.8758477657464442
-0.4627,-0.8957951950745412
-0.4637000000000001,-0.9089520101632861
-0.4647,-0.9311629775711672
-0.4657000000000001,-0.9455930328297906
-0.4667,-0.9675210579776986
-0.4677000000000001,-0.9453100905698175
-0.4687,-0.943753908139966
-0.4697000000000001,-0.9352656403407758
-0.4707,-0.961437799388279
-0.4717000000000001,-0.9537983583690077
-0.4727,-0.9678040002376715
-0.4737000000000001,-0.9919955634653637
-0.4747,-0.9992105910946756
-0.4757000000000001,-1.0016156003044459
-0.4767,-0.9886002563456876
-0.4777000000000001,-1.0051523785541088
-0.4787,-1.0331636622914362
-0.4797000000000001,-1.036417498281126
-0.4807,-1.055516100829304
-0.48170000000000013,-1.035568671501207
-0.4827,-1.0836688556966183
-0.48370000000000013,-1.1087092457042291
-0.4847,-1.0928644791457407
-0.48570000000000013,-1.0989477377351606
-0.4867,-1.074614703377482
-0.4876999999999999,-1.1197439938431764
-0.4887,-1.1316275687620427
-0.4896999999999999,-1.1658635822187766
-0.4907,-1.1470479219305718
-0.4916999999999999,-1.176332445837778
-0.4927,-1.1644488709189116
-0.4936999999999999,-1.2058999120049574
-0.49470000000000003,-1.237589445121934
-0.4956999999999999,-1.2664495556391808
-0.49670000000000003,-1.2306573597525956
-0.4976999999999999,-1.231081773142555
-0.49870000000000003,-1.2265546969829868
-0.4996999999999999,-1.2623468928695722
-0.5007,-1.2793234284679527
-0.5016999999999999,-1.2624883639995588
-0.5027,-1.2981390887561577
-0.5036999999999999,-1.3108714904549428
-0.5047,-1.3398730721021763
-0.5056999999999999,-1.3513322336310831
-0.5067,-1.349351637811272
-0.5076999999999999,-1.3251600745835799
-0.5087,-1.3393071875822302
-0.5096999999999999,-1.3694405382693555
-0.5107,-1.420370145064497
-0.5116999999999999,-1.4557379275611226
-0.5127,-1.459982061460718
-0.5136999999999999,-1.462811484060448
-0.5147,-1.4684703292599082
-0.5156999999999999,-1.4911057100577487
-0.5167,-1.4840321535584236
-0.5176999999999999,-1.4698850405597732
-0.5187,-1.461396772760583
-0.5196999999999999,-1.5038381117565338
-0.5207,-1.4826174422585585
-0.5216999999999999,-1.5038381117565338
-0.5227,-1.5264734925543744
-0.5236999999999999,-1.543450028152755
-0.5247,-1.54769416205235
-0.5257,-1.5646706976507305
-0.5267000000000001,-1.5788178106493809
-0.5277,-1.6000384801473564
-0.5287000000000001,-1.6184297270456018
-0.5297,-1.656626932141958
-0.5307000000000001,-1.6453092417430377
-0.5317,-1.6594563547416883
-0.5327000000000001,-1.700482982437774
-0.5337,-1.6835064468393939
-0.5347000000000001,-1.694824137238314
-0.5357,-1.7287772084350748
-0.5367000000000001,-1.7358507649344
-0.5377,-1.7528273005327806
-0.5387000000000001,-1.774047970030756
-0.5397,-1.7867803717295414
-0.5407000000000001,-1.8065863299276517
-0.5417,-1.8631747819222533
-0.5427000000000001,-1.8009274847281918
-0.5437,-1.8348805559249526
-0.5447000000000001,-1.897127853119014
-0.5457,-1.9112749661176645
-0.5467000000000001,-1.9452280373144257
-0.5477,-1.9565457277133458
-0.5487000000000001,-1.9367397695152353
-0.5497,-1.9409839034148304
-0.5507000000000001,-1.9664487068124006
-0.5517,-1.9862546650105113
-0.5527000000000001,-2.0032312006088917
-0.5537,-2.0216224475071374
-0.5547000000000001,-2.0414284057052483
-0.5557,-2.0683079204026833
-0.5567000000000001,-2.095187435100119
-0.5577,-2.122066949797555
-0.5587000000000001,-2.1531905983945863
-0.5597,-2.1729965565926963
-0.5607000000000001,-2.1659230000933714
-0.5617,-2.1984613599902674
-0.5627000000000001,-2.257879234584599
-0.5637,-2.283344037982169
-0.5647000000000001,-2.284758749282034
-0.5657,-2.310223552679605
-0.5667000000000001,-2.3427619125765005
-0.5677,-2.379544406372992
-0.5687000000000001,-2.426229879268538
-0.5697,-2.4460358374666487
-0.5707000000000001,-2.4446211261667834
-0.5717,-2.5111125572604402
-0.5727000000000001,-2.5592127414558514
-0.5737,-2.5804334109538267
-0.5747000000000001,-2.5988246578520724
-0.5757,-2.6087276369511274
-0.5767000000000001,-2.6822926245441097
-0.5777,-2.6723896454450546
-0.5787000000000001,-2.6780484906445143
-0.5797,-2.70209858274222
-0.5807000000000001,-2.798298951133043
-0.5817,-2.822349043230748
-0.5827000000000001,-2.842155001428859
-0.5837,-2.8322520223298033
-0.5847000000000001,-2.864790382226699
-0.5857,-2.900158164723325
-0.5867000000000001,-2.935525947219951
-0.5877,-2.9850408427152275
-0.5887000000000001,-3.0204086252118536
-0.5897,-3.0571911190083445
-0.5907000000000001,-3.08407063370578
-0.5917,-3.1378296631006513
-0.5927000000000001,-3.171782734297412
-0.5937,-3.2128093619934983
-0.5947000000000001,-3.265153680088505
-0.5957,-3.3090097303843207
-0.5967000000000001,-3.402380676175413
-0.5977,-3.4603838394698796
-0.5987000000000001,-3.5311194044631313
-0.5997,-3.5014104671659654
-0.6007000000000001,-3.594781412957058
-0.6017,-3.6683464005500404
-0.6027000000000001,-3.700884760446936
-0.6037,-3.7206907186450464
-0.6047000000000001,-3.744740810742752
-0.6057,-3.832452911334385
-0.6067000000000001,-3.8833825181295256
-0.6077,-3.9286532797252063
-0.6087000000000001,-3.999388844718459
-0.6097,-4.043244895014275
-0.6107000000000001,-4.080027388810766
-0.6117,-4.152177665103882
-0.6126999999999999,-4.20735140579862
-0.6137,-4.307795908089036
-0.6146999999999999,-4.4393640589764845
-0.6157,-4.398337431280399
-0.6166999999999999,-4.450681749375406
-0.6177,-4.569517498564068
-0.6186999999999999,-4.6416677748571855
-0.6197,-4.682694402553271
-0.6206999999999999,-4.736453431948143
-0.6217,-4.790212461343015
-0.6226999999999999,-4.926024746130058
-0.6237,-4.992516177223715
-0.6246999999999999,-5.087301834314672
-0.6257,-5.131157884610488
-0.6266999999999999,-5.196234604404279
-0.6277,-5.242920077299826
-0.6286999999999999,-5.334876311791054
-0.6297,-5.448053215780256
-0.6306999999999999,-5.542838872871213
-0.6317,-5.582450789267434
-0.6326999999999999,-5.636209818662306
-0.6337,-5.732410187053128
-0.6346999999999999,-5.963008128931129
-0.6357,-5.96583755153086
-0.6366999999999999,-5.99413177752816
-0.6377,-6.112967526716823
-0.6386999999999999,-6.187947225609671
-0.6397,-6.271415192301707
-0.6406999999999999,-6.361956715493069
-0.6417,-6.473718908182407
-0.6426999999999999,-6.575578121772692
-0.6437,-6.704316850060409
-0.6446999999999999,-6.794858373251771
-0.6457,-6.902376432041514
-0.6466999999999999,-7.042432850728153
-0.6477,-7.134389085219379
-0.6486999999999999,-7.212198206711958
-0.6497,-7.32820453330089
-0.6507,-7.435722592090633
-0.6517000000000001,-7.588511412476056
-0.6527,-7.731397253762426
-0.6537000000000001,-7.851647714250955
-0.6547,-7.947848082641776
-0.6557000000000001,-8.089319212628281
-0.6567,-8.226546208715188
-0.6577000000000001,-8.34538195790385
-0.6587,-8.476950108791302
-0.6597000000000001,-8.635397774376184
-0.6607,-8.84760446935594
-0.6617000000000001,-8.997563867141633
-0.6627,-9.136205574528407
-0.6637000000000001,-9.26635901411599
-0.6647,-9.380950629405058
-0.6657000000000001,-9.601645592184004
-0.6667,-9.789802195066054
-0.6677000000000001,-9.911467366854446
-0.6687,-9.997764756146214
-0.6697000000000001,-10.180262513828804
-0.6707,-10.320318932515441
-0.6717000000000001,-10.471693041601002
-0.6727,-10.695217426979678
-0.6737000000000001,-10.920156523658218
-0.6747,-11.053139385845531
-0.6757000000000001,-11.292225595522723
-0.6767,-11.521408826100858
-0.6777000000000001,-11.708150717683043
-0.6787,-11.879330784966712
-0.6797000000000001,-12.026460760152677
-0.6807,-12.118416994643903
-0.6817000000000001,-12.295255907127034
-0.6827,-12.517365581205844
-0.6837000000000001,-12.687130937189648
-0.6847,-12.830016778476018
-0.6857000000000001,-13.046467607355368
-0.6867,-13.254430168435528
-0.6877000000000001,-13.523225315409885
-0.6887,-13.718455474791261
-0.6897000000000001,-13.953297550568857
-0.6907,-14.161260111649016
-0.6917000000000001,-14.415908145624723
-0.6927,-14.642261953603128
-0.6937000000000001,-14.967645552572087
-0.6947,-15.278882038542395
-0.6957000000000001,-15.575971411514052
-0.6967,-15.70329542850191
-0.6977000000000001,-16.000384801473565
-0.6987,-16.184297270456018
-0.6997000000000001,-16.424798191433077
-0.7007,-16.679446225408782
-0.7017000000000001,-16.93409425938449
-0.7027,-17.2453307453548
-0.7037000000000001,-17.514125892329155
-0.7047,-17.881950830294063
-0.7057000000000001,-18.122451751271118
-0.7067,-18.391246898245473
-0.7077000000000001,-18.660042045219836
-0.7087,-18.94298430519284
-0.7097000000000001,-19.22592656516585
-0.7107,-19.523015938137508
-0.7117000000000001,-19.862546650105116
-0.7127,-20.21622447507137
-0.7137000000000001,-20.569902300037633
-0.7147,-20.810403221014692
-0.7157000000000001,-21.079198367989047
-0.7167,-21.376287740960702
-0.7177000000000001,-21.786554017921564
-0.7187,-22.111937616890522
-0.7197000000000001,-22.451468328858134
-0.7207,-22.76270481482844
-0.7217000000000001,-23.073941300798747
-0.7227,-23.47006046476096
-0.7237000000000001,-23.852032515724517
-0.7247,-24.20571034069078
-0.7257000000000001,-24.601829504652986
-0.7267,-25.054537120609798
-0.7277000000000001,-25.280890928588207
-0.7287,-25.677010092550415
-0.7297000000000001,-25.959952352523427
-0.7307,-26.34192440348698
-0.7317000000000001,-26.738043567449193
-0.7327,-27.134162731411404
-0.7337000000000001,-27.685900138358768
-0.7347,-28.039577963325023
-0.7357000000000001,-28.52057980527914
-0.7367,-28.831816291249446
-0.7376999999999999,-29.284523907206257
-0.7387,-29.66649595816982
-0.7396999999999999,-30.06261512213203
-0.7407,-30.387998721100992
-0.7416999999999999,-30.8690005630551
-0.7427,-31.392443744005163
-0.7436999999999999,-31.84515135996197
-0.7447,-32.283711862920136
-0.7456999999999999,-32.65153680088505
-0.7467,-33.10424441684186
-0.7476999999999999,-33.627687597791926
-0.7487,-34.09454232674739
-0.7496999999999999,-34.53310282970554
-0.7507,-35.07069312365426
-0.7516999999999999,-35.41022383562187
-0.7527,-35.93366701657193
-0.7536999999999999,-36.329786180534136
-0.7547,-36.655169779503105
-0.7556999999999999,-37.178612960453165
-0.7567,-37.78693881939513
-0.7576999999999999,-38.253793548350586
-0.7587,-38.734795390304704
-0.7596999999999999,-39.173355893262865
-0.7607,-39.654357735216976
-0.7616999999999999,-40.26268359415894
-0.7627,-40.743685436113054
-0.7636999999999999,-41.210540165068515
-0.7647,-41.69154200702263
-0.7656999999999999,-42.130102509980794
-0.7667,-42.695987029926805
-0.7676999999999999,-43.24772443687417
-0.7687,-43.672137826833676
-0.7696999999999999,-44.16728678178645
-0.7707,-44.91708377071491
-0.7716999999999999,-45.567850968652834
-0.7727,-45.97811724561369
-0.7736999999999999,-46.3459421835786
-0.7747,-46.81279691253406
-0.7757,-47.421122771476035
-0.7767000000000001,-48.04359574341665
-0.7777,-48.68021582835591
-0.7787000000000001,-49.03389365332217
-0.7797,-49.61392528626684
-0.7807000000000001,-50.23639825820745
-0.7817,-50.87301834314672
-0.7827000000000001,-51.29743173310623
-0.7837,-51.934051818045496
-0.7847000000000001,-52.41505365999961
-0.7857,-52.853614162957776
-0.7867000000000001,-53.518528473894335
-0.7877,-54.324913914817415
-0.7887000000000001,-54.82006286977017
-0.7897,-55.357653163718886
-0.7907000000000001,-55.7820665536784
-0.7917,-56.24892128263386
-0.7927000000000001,-56.91383559357042
-0.7937,-57.564602791508335
-0.7947000000000001,-58.05975174646111
-0.7957,-58.75296028339497
-0.7967000000000001,-59.21981501235043
-0.7977,-59.7432581933005
-0.7987000000000001,-60.32328982624517
-0.7997,-60.86088012019388
-0.8007000000000001,-61.58238288312505
-0.8017,-62.16241451606972
-0.8027000000000001,-62.81318171400764
-0.8037,-63.52053736394014
-0.8047000000000001,-63.874215188906405
-0.8057,-64.48254104784839
-0.8067000000000001,-65.00598422879844
-0.8077,-65.74163410472826
-0.8087000000000001,-66.49143109365673
-0.8097,-66.80266757962703
-0.8107000000000001,-67.39684632557035
-0.8117,-68.21737887949207
-0.8127000000000001,-68.92473452942457
-0.8137,-69.40573637137871
-0.8147000000000001,-69.87259110033416
-0.8157,-70.33944582928963
-0.8167000000000001,-71.04680147922215
-0.8177,-71.7965984681506
-0.8187000000000001,-72.8859261690467
-0.8197,-73.81963562695762
-0.8207000000000001,-74.69675663287394
-0.8217,-75.47484784779972
-0.8227000000000001,-75.88511412476056
-0.8237,-76.19635061073087
-0.8247000000000001,-76.70564667868229
-0.8257,-77.41300232861481
-0.8267000000000001,-78.31841756052843
-0.8277,-79.0399203234596
-0.8287000000000001,-79.37945103542721
-0.8297,-79.84630576438266
-0.8307000000000001,-80.48292584932193
-0.8317,-81.33175262924095
-0.8327000000000001,-82.13813807016405
-0.8337,-82.57669857312219
-0.8347000000000001,-83.01525907608035
-0.8357,-83.84993874300073
-0.8367000000000001,-84.5431472799346
-0.8377,-84.98170778289276
-0.8387000000000001,-85.47685673784551
-0.8397,-86.08518259678749
-0.8407000000000001,-86.8774209247119
-0.8417,-87.31598142767007
-0.8427000000000001,-87.71210059163228
-0.8437,-87.93845439961068
-0.8447000000000001,-88.8438696315243
-0.8457,-89.73513775043928
-0.8467000000000001,-90.42834628737315
-0.8477,-90.98008369432051
-0.8487000000000001,-91.33376151928677
-0.8497,-91.78646913524358
-0.8507000000000001,-92.3806478811869
-0.8517,-92.83335549714371
-0.8527000000000001,-93.37094579109242
-0.8537,-93.69632939006138
-0.8547000000000001,-94.601744621975
-0.8557,-95.25251181991293
-0.8567000000000001,-96.01645592184003
-0.8577,-96.61063466778336
-0.8587000000000001,-96.97845960574826
-0.8597,-97.60093257768887
-0.8607000000000001,-98.32243534062005
-0.8617,-99.12882078154313
-0.8626999999999999,-100.02008890045809
-0.8637,-100.62841475940007
-0.8646999999999999,-101.6753011213002
-0.8657,-102.36850965823406
-0.8666999999999999,-102.93439417818009
-0.8677,-103.64174982811258
-0.8686999999999999,-104.05201610507345
-0.8697,-104.90084288499246
-0.8706999999999999,-105.39599183994524
-0.8717,-106.00431769888719
-0.8726999999999999,-106.4004368628494
-0.8737,-107.13608673877923
-0.8746999999999999,-107.78685393671715
-0.8757,-108.69226916863077
-0.8766999999999999,-109.38547770556464
-0.8777,-110.09283335549715
-0.8786999999999999,-110.40406984146746
-0.8797,-110.54554097145396
-0.8806999999999999,-110.70115921443913
-0.8817,-111.5358388813595
-0.8826999999999999,-112.13001762730282
-0.8837,-112.21490030529472
-0.8846999999999999,-112.51198967826636
-0.8857,-113.3042280061908
-0.8866999999999999,-113.3042280061908
-0.8857,-112.34222432228256
-0.8846999999999999,-111.8470753673298
-0.8837,-111.69145712434464
-0.8826999999999999,-111.23874950838784
-0.8817,-110.37577561547016
-0.8806999999999999,-109.41377193156194
-0.8797,-108.69226916863077
-0.8786999999999999,-108.0273548576942
-0.8777,-106.73996757481702
-0.8766999999999999,-105.56575719592904
-0.8757,-105.09890246697358
-0.8746999999999999,-104.3773997040424
-0.8737,-103.96713342708154
-0.8726999999999999,-103.23148355115173
-0.8717,-102.45339233622596
-0.8706999999999999,-101.37821174832852
-0.8697,-100.5010907424122
-0.8686999999999999,-100.11911869144865
-0.8677,-99.34102747652288
-0.8666999999999999,-98.43561224460926
-0.8657,-97.89802195066054
-0.8646999999999999,-97.20481341372668
-0.8637,-96.41257508580226
-0.8626999999999999,-95.57789541888187
-0.8617,-94.72906863896286
-0.8607000000000001,-94.03586010202899
-0.8597,-93.69632939006138
-0.8587000000000001,-93.34265156509512
-0.8577,-92.53626612417206
-0.8567000000000001,-91.74402779624764
-0.8557,-90.82446545133537
-0.8547000000000001,-90.34346360938125
-0.8537,-89.87660888042578
-0.8527000000000001,-91.13570193730567
-0.8517,-90.76787699934074
-0.8507000000000001,-90.00393289741362
-0.8497,-89.31072436047977
-0.8487000000000001,-88.63166293654454
-0.8477,-88.27798511157829
-0.8467000000000001,-87.88186594761608
-0.8457,-87.21695163667951
-0.8447000000000001,-86.55203732574294
-0.8437,-86.08518259678749
-0.8427000000000001,-85.34953272085767
-0.8417,-84.55729439293323
-0.8407000000000001,-84.07629255097913
-0.8397,-83.36893690104661
-0.8387000000000001,-82.6898754771114
-0.8377,-82.7747581551033
-0.8367000000000001,-82.25131497415322
-0.8357,-81.54395932422072
-0.8347000000000001,-80.70927965730034
-0.8337,-79.95948266837188
-0.8327000000000001,-79.2945683574353
-0.8317,-78.62965404649873
-0.8307000000000001,-77.95059262256353
-0.8297,-77.48373789360807
-0.8287000000000001,-77.0168831646526
-0.8277,-76.42270441870929
-0.8267000000000001,-75.60217186478755
-0.8257,-75.0504344578402
-0.8247000000000001,-74.59772684188339
-0.8237,-74.0176952089387
-0.8227000000000001,-73.3952222369981
-0.8217,-72.92836750804264
-0.8207000000000001,-72.47565989208583
-0.8197,-71.90977537213982
-0.8187000000000001,-71.76830424215332
-0.8177,-71.35803796519245
-0.8167000000000001,-70.67897654125723
-0.8157,-70.11309202131122
-0.8147000000000001,-69.4906190493706
-0.8137,-68.86814607742998
-0.8127000000000001,-68.11834908850152
-0.8117,-67.52417034255821
-0.8107000000000001,-67.08560983960004
-0.8097,-66.36410707666887
-0.8087000000000001,-65.86895812171612
-0.8077,-65.23233803677684
-0.8067000000000001,-64.76548330782138
-0.8057,-64.31277569186457
-0.8047000000000001,-63.77518539791585
-0.8037,-63.181006651972545
-0.8027000000000001,-62.629269245025185
-0.8017,-62.21900296806431
-0.8007000000000001,-61.58238288312505
-0.7997,-61.327734849149344
-0.7987000000000001,-60.988204137181725
-0.7977,-60.43646673023436
-0.7967000000000001,-59.7432581933005
-0.7957,-59.14907944735718
-0.7947000000000001,-58.569047814412514
-0.7937,-57.98901618146786
-0.7927000000000001,-57.550455678509685
-0.7917,-57.04115961055828
-0.7907000000000001,-56.67333467259337
-0.7897,-56.079155926650046
-0.7887000000000001,-55.612301197694585
-0.7877,-55.14544646873913
-0.7867000000000001,-54.63615040078772
-0.7857,-54.31076680181876
-0.7847000000000001,-53.971236089851146
-0.7837,-53.518528473894335
-0.7827000000000001,-52.88190838895507
-0.7817,-52.41505365999961
-0.7807000000000001,-52.08967006103065
-0.7797,-51.65110955807249
-0.7787000000000001,-51.15596060311972
-0.7777,-50.75984143915752
-0.7767000000000001,-50.20810403221015
-0.7757,-49.656366625262784
-0.7747,-49.27439457429922
-0.7736999999999999,-48.920716749332975
-0.7727,-48.66606871535726
-0.7716999999999999,-48.2840966643937
-0.7707,-47.84553616143554
-0.7696999999999999,-47.25135741549222
-0.7687,-46.92597381652327
-0.7676999999999999,-46.515707539562406
-0.7667,-46.119588375600195
-0.7656999999999999,-45.86494034162449
-0.7647,-45.31320293467712
-0.7636999999999999,-44.74731841473111
-0.7627,-44.223875233781044
-0.7616999999999999,-43.78531473082289
-0.7607,-43.31846000186743
-0.7596999999999999,-42.837458159913304
-0.7587,-42.483780334947056
-0.7576999999999999,-42.01692560599159
-0.7567,-41.79057179801318
-0.7556999999999999,-41.45104108604558
-0.7547,-41.04077480908471
-0.7536999999999999,-40.545625854131956
-0.7527,-40.06462401217784
-0.7516999999999999,-39.71094618721158
-0.7507,-39.258238571254765
-0.7496999999999999,-38.763089616302004
-0.7487,-38.43770601733305
-0.7476999999999999,-38.253793548350586
-0.7467,-37.92840994938163
-0.7456999999999999,-37.56058501141672
-0.7447,-37.221054299449115
-0.7436999999999999,-36.88152358748151
-0.7427,-36.49955153651795
-0.7416999999999999,-36.10343237255574
-0.7407,-35.55169496560837
-0.7396999999999999,-35.15557580164616
-0.7387,-34.6887210726907
-0.7376999999999999,-34.278454795729836
-0.7367,-34.08039521374873
-0.7357000000000001,-33.755011614779775
-0.7347,-33.54280491980002
-0.7337000000000001,-33.18912709483376
-0.7327,-32.8637434958648
-0.7317000000000001,-32.48177144490124
-0.7307,-32.09979939393769
-0.7297000000000001,-31.689533116976815
-0.7287,-31.29341395301461
-0.7277000000000001,-30.99632458004295
-0.7267,-30.7558236590659
-0.7257000000000001,-30.47288139909289
-0.7247,-30.17579202612123
-0.7237000000000001,-29.836261314153624
-0.7227,-29.482583489187363
-0.7217000000000001,-29.27037679420761
-0.7207,-28.959140308237306
-0.7197000000000001,-28.690345161262943
-0.7187,-28.350814449295335
-0.7177000000000001,-27.997136624329073
-0.7167,-27.64345879936282
-0.7157000000000001,-27.40295787838576
-0.7147,-27.120015618412754
-0.7137000000000001,-26.851220471438396
-0.7127,-26.69560222845324
-0.7117000000000001,-26.412659968480234
-0.7107,-26.14386482150588
-0.7097000000000001,-25.832628335535567
-0.7087,-25.60627452755716
-0.7077000000000001,-25.37992071957876
-0.7067,-25.09697845960575
-0.7057000000000001,-24.799889086634096
-0.7047,-24.531093939659737
-0.7037000000000001,-24.27644590568403
-0.7027,-24.00765075870967
-0.7017000000000001,-23.58323736875016
-0.7007,-23.342736447773106
-0.6997000000000001,-23.13052975279335
-0.6987,-22.890028831816295
-0.6977000000000001,-22.67782213683654
-0.6967,-22.352438537867577
-0.6957000000000001,-22.069496277894572
-0.6947,-21.772406904922917
-0.6937000000000001,-21.531905983945855
-0.6927,-21.22066949797555
-0.6917000000000001,-20.95187435100119
-0.6907,-20.598196526034933
-0.6897000000000001,-20.414284057052477
-0.6887,-20.202077362072725
-0.6877000000000001,-19.919135102099716
-0.6867,-19.70692840711996
-0.6857000000000001,-19.452280373144255
-0.6847,-19.2400736781645
-0.6837000000000001,-18.999572757187444
-0.6827,-18.759071836210385
-0.6817000000000001,-18.504423802234676
-0.6807,-18.320511333252224
-0.6797000000000001,-18.13659886426977
-0.6787,-17.74047970030756
-0.6777000000000001,-17.556567231325104
-0.6767,-17.34436053634535
-0.6757000000000001,-17.146300954364243
-0.6747,-16.863358694391238
-0.6737000000000001,-16.651151999411482
-0.6727,-16.438945304431726
-0.6717000000000001,-16.22673860945197
-0.6707,-16.04282614046952
-0.6697000000000001,-15.74573676749786
-0.6687,-15.519382959519453
-0.6677000000000001,-15.335470490536997
-0.6667,-15.151558021554543
-0.6657000000000001,-14.939351326574789
-0.6647,-14.769585970590983
-0.6637000000000001,-14.57152638860988
-0.6627,-14.401761032626075
-0.6617000000000001,-14.141454153450907
-0.6607,-13.970274086167239
-0.6597000000000001,-13.831632378780464
-0.6587,-13.596790303002868
-0.6577000000000001,-13.414292545320276
-0.6567,-13.28272439443283
-0.6557000000000001,-13.067688276853342
-0.6547,-12.907825899968595
-0.6537000000000001,-12.77767246038101
-0.6527,-12.677227958090594
-0.6517000000000001,-12.481997798709218
-0.6507,-12.279694082828517
-0.6497,-12.126905262443096
-0.6486999999999999,-12.002410668054972
-0.6477,-11.913283856163474
-0.6466999999999999,-11.636000441389927
-0.6457,-11.60629150409276
-0.6446999999999999,-11.480382198404772
-0.6437,-11.353058181416921
-0.6426999999999999,-11.235637143528121
-0.6417,-11.072945344043642
-0.6406999999999999,-10.82537086656726
-0.6397,-10.712193962578057
-0.6386999999999999,-10.432081125204782
-0.6377,-10.399542765307885
-0.6366999999999999,-10.367004405410988
-0.6357,-10.153382999131368
-0.6346999999999999,-10.028888404743245
-0.6337,-9.908637944254718
-0.6326999999999999,-9.852049492260116
-0.6317,-9.713407784873342
-0.6306999999999999,-9.563448387087647
-0.6297,-9.405000721502764
-0.6286999999999999,-9.263529591516258
-0.6277,-9.124887884129487
-0.6266999999999999,-9.017369825339744
-0.6257,-8.929657724748111
-0.6246999999999999,-8.820724954658504
-0.6237,-8.67359497947254
-0.6226999999999999,-8.52787971558644
-0.6217,-8.411873388997508
-0.6206999999999999,-8.318502443206416
-0.6197,-8.220887363515727
-0.6186999999999999,-8.07800152222936
-0.6177,-8.008680668535973
-0.6166999999999999,-7.820524065653922
-0.6157,-7.670564667868228
-0.6146999999999999,-7.5743642994774065
-0.6137,-7.466846240687664
-0.6126999999999999,-7.3197162655017
-0.6117,-7.2334188762099325
-0.6107000000000001,-7.127315528720055
-0.6097,-7.046676984627748
-0.6087000000000001,-6.922182390239625
-0.6077,-6.825982021848802
-0.6067000000000001,-6.72695223085825
-0.6057,-6.657631377164862
-0.6047000000000001,-6.538795627976199
-0.6037,-6.429862857886591
-0.6027000000000001,-6.34780960249442
-0.6017,-6.247365100204002
-0.6007000000000001,-6.16531184481183
-0.5997,-6.081843878119792
-0.5987000000000001,-6.023840714825327
-0.5977,-5.950275727232344
-0.5967000000000001,-5.847001802342197
-0.5957,-5.667333467259336
-0.5947000000000001,-5.605086170065275
-0.5937,-5.506056379074723
-0.5927000000000001,-5.465029751378637
-0.5917,-5.39570889768525
-0.5907000000000001,-5.319314487492538
-0.5897,-5.249993633799152
-0.5887000000000001,-5.170769801006709
-0.5877,-5.084472411714942
-0.5867000000000001,-4.940171859128707
-0.5857,-4.883583407134107
-0.5847000000000001,-4.826994955139505
-0.5837,-4.7463564110471985
-0.5827000000000001,-4.682694402553271
-0.5817,-4.603470569760829
-0.5807000000000001,-4.528490870867983
-0.5797,-4.474731841473111
-0.5787000000000001,-4.399752142580264
-0.5777,-4.348822535785122
-0.5767000000000001,-4.295063506390251
-0.5757,-4.239889765695515
-0.5747000000000001,-4.177642468501453
-0.5737,-4.1238834391065815
-0.5727000000000001,-4.0715391210115754
-0.5717,-3.995144710818863
-0.5707000000000001,-3.945629815323587
-0.5697,-3.869235405130875
-0.5687000000000001,-3.811232241836409
-0.5677,-3.8055733966369485
-0.5667000000000001,-3.7503996559422124
-0.5657,-3.696640626547341
-0.5647000000000001,-3.6244903502542236
-0.5637,-3.5297046931632665
-0.5627000000000001,-3.4816045089678553
-0.5617,-3.4292601908728493
-0.5607000000000001,-3.3910629857764927
-0.5597,-3.3670128936787878
-0.5587000000000001,-3.3316451111821612
-0.5577,-3.2821302156868852
-0.5567000000000001,-3.2099799393937682
-0.5557,-3.1095354371033506
-0.5547000000000001,-3.0642646755076695
-0.5537,-3.0175792026121235
-0.5527000000000001,-2.994943821814283
-0.5517,-2.9510877715184667
-0.5507000000000001,-2.9171347003217054
-0.5497,-2.89025518562427
-0.5487000000000001,-2.8619609596269693
-0.5477,-2.745954633038036
-0.5467000000000001,-2.7049280053419507
-0.5457,-2.7105868505414104
-0.5447000000000001,-2.655413109846674
-0.5437,-2.615801193450453
-0.5427000000000001,-2.588921678753017
-0.5417,-2.5535538962563913
-0.5407000000000001,-2.506868423360845
-0.5397,-2.464427084364894
-0.5387000000000001,-2.433303435767863
-0.5377,-2.386617962872317
-0.5367000000000001,-2.3441766238763657
-0.5357,-2.3158823978790646
-0.5347000000000001,-2.2932470170812245
-0.5337,-2.2592939458844636
-0.5327000000000001,-2.2366585650866226
-0.5317,-2.1899730921910767
-0.5307000000000001,-2.1574347322941807
-0.5297,-2.0753814769020087
-0.5287000000000001,-2.081040322101469
-0.5277,-2.0640637865030884
-0.5267000000000001,-2.013134179707947
-0.5257,-1.9409839034148304
-0.5247,-1.9537163051136157
-0.5236999999999999,-1.9141043887173947
-0.5227,-1.9027866983184742
-0.5216999999999999,-1.9112749661176645
-0.5207,-1.8815660288204987
-0.5196999999999999,-1.7867803717295414
-0.5187,-1.7217036519357498
-0.5176999999999999,-1.7146300954364246
-0.5167,-1.7188742293360195
-0.5156999999999999,-1.7118006728366943
-0.5147,-1.690580003338719
-0.5136999999999999,-1.656626932141958
-0.5127,-1.6240885722450622
-0.5116999999999999,-1.5788178106493809
-0.5107,-1.5646706976507305
-0.5096999999999999,-1.5561824298515403
-0.5087,-1.54486473945262
-0.5076999999999999,-1.5293029151541047
-0.5067,-1.5193999360550492
-0.5056999999999999,-1.4585673501608527
-0.5047,-1.4029691960761568
-0.5036999999999999,-1.386417073867736
-0.5027,-1.381889997708168
-0.5016999999999999,-1.3845779491779113
-0.5007,-1.3960371107068181
-0.4996999999999999,-1.3775043926785862
-0.49870000000000003,-1.3524640026709753
-0.4976999999999999,-1.3223306519838498
-0.49670000000000003,-1.277484303778128
-0.4956999999999999,-1.2351844359121635
-0.49470000000000003,-1.2210373229135134
-0.4936999999999999,-1.203919316185146
-0.4927,-1.1849621847669547
-0.4916999999999999,-1.1708150717683043
-0.4907,-1.1396914231712736
-0.4896999999999999,-1.1362961160515976
-0.4887,-1.1473308641905449
-0.4876999999999999,-1.118753695933271
-0.4867,-1.0975330264352956
-0.48570000000000013,-1.0893277008960784
-0.4847,-1.065419079928359
-0.48370000000000013,-1.0197239049427183
-0.4827,-0.9944005726751344
-0.48170000000000013,-0.9695016537975096
-0.4807,-0.965116048767928
-0.4797000000000001,-0.9618622127782385
-0.4787,-0.9656819332878741
-0.4777000000000001,-0.9610133859983194
-0.4767,-0.9397927165003438
-0.4757000000000001,-0.9218258829920579
-0.4747,-0.8885801674452296
-0.4737000000000001,-0.8830627933757559
-0.4727,-0.8813651398159178
-0.4717000000000001,-0.8631153640476589
-0.4707,-0.8486853087890355
-0.4697000000000001,-0.8188349003618833
-0.4687,-0.7875697806348659
-0.4677000000000001,-0.8093563346527874
-0.4667,-0.8175616601920047
-0.4657000000000001,-0.7810621086554868
-0.4647,-0.7771009170158646
-0.4637000000000001,-0.751070229098348
-0.4627,-0.7220686474511148
-0.4617000000000001,-0.7241907144009123
-0.4607,-0.7232004164910067
-0.4597000000000001,-0.7200880516313036
-0.4587,-0.711458312702127
-0.4577000000000001,-0.6916523545040165
-0.4567,-0.6837299712247723
-0.4557000000000001,-0.658689581217161
-0.4547,-0.6343565468594824
-0.4537000000000001,-0.6192191359509266
-0.4527,-0.6155408865712775
-0.4517000000000001,-0.6046476095623167
-0.4507,-0.6071940899020738
-0.4497000000000001,-0.6277074037501167
-0.4487,-0.6284147594000492
-0.4477000000000001,-0.61624824222121
-0.4467,-0.5937543325533559
-0.4457000000000001,-0.5656015776860417
-0.4447,-0.5440979659280931
-0.4437000000000001,-0.5368829382987814
-0.4427,-0.5450882638379987
-0.4417000000000001,-0.5419758989782956
-0.4407,-0.5313655642293078
-0.4397000000000001,-0.518208749140563
-0.4387,-0.5114181349012108
-0.4377000000000001,-0.501656626932142
-0.4367,-0.4934513013929247
-0.4357000000000001,-0.46968415155519216
-0.4347,-0.4793041883942744
-0.4337000000000001,-0.4756259390146253
-0.4327,-0.4688353247752731
-0.4317000000000001,-0.47109886285505725
-0.43069999999999997,-0.4505855490070142
-0.4297000000000001,-0.44025815651799943
-0.42869999999999997,-0.43021370628895766
-0.4277000000000001,-0.43021370628895766
-0.42669999999999997,-0.4198863137999429
-0.4257000000000001,-0.4121054016506852
-0.42469999999999997,-0.406729498711198
-0.4237000000000001,-0.39951447108188637
-0.42269999999999996,-0.40460743176140046
-0.4217000000000001,-0.386499127123128
-0.42069999999999996,-0.3773035036740053
-0.4197000000000001,-0.37942557062380283
-0.41869999999999996,-0.37659614802407276
-0.41770000000000007,-0.3709373028246126
-0.41669999999999996,-0.35466812287616467
-0.41570000000000007,-0.3467457395969205
-0.41469999999999996,-0.3416527789174064
-0.41370000000000007,-0.34363337473721745
-0.41269999999999996,-0.34476514377710943
-0.41170000000000007,-0.3342962801581082
-0.41069999999999995,-0.3259494834889044
-0.40970000000000006,-0.32297858975918786
-0.40869999999999995,-0.3004846800913338
-0.40770000000000006,-0.29482583489187364
-0.40669999999999995,-0.3038799872110099
-0.40570000000000006,-0.3149147353499572
-0.40469999999999995,-0.310104716930416
-0.40370000000000006,-0.2972308441016442
-0.40269999999999995,-0.29779672862159023
-0.40170000000000006,-0.2811031352831828
-0.40069999999999995,-0.26582425324464043
-0.39970000000000006,-0.2584677544853422
-0.39869999999999994,-0.25903363900528825
-0.39770000000000005,-0.2659657243746269
-0.39669999999999994,-0.26426807081478887
-0.39570000000000005,-0.2666730800245595
-0.39469999999999994,-0.2614386482150588
-0.39370000000000005,-0.24785741973635445
-0.39269999999999994,-0.23767149837732615
-0.39170000000000005,-0.23583237368750162
-0.39069999999999994,-0.2392276808071777
-0.38970000000000005,-0.2385203251572452
-0.38869999999999993,-0.23470060464760956
-0.38770000000000004,-0.22720263475832486
-0.38669999999999993,-0.22182673181883775
-0.38570000000000004,-0.20513313848043033
-0.38469999999999993,-0.20004017780091618
-0.38370000000000004,-0.20456725396048434
-0.38269999999999993,-0.20456725396048434
-0.38170000000000004,-0.2035769560505788
-0.3806999999999999,-0.2041428405705248
-0.37970000000000004,-0.19636192842126707
-0.3786999999999999,-0.19112749661176645
-0.37770000000000004,-0.17655597022315658
-0.3766999999999999,-0.17146300954364244
-0.37570000000000003,-0.17075565389370992
-0.3746999999999999,-0.17132153841365594
-0.37370000000000003,-0.16849211581392587
-0.3726999999999999,-0.1696238848538179
-0.37170000000000003,-0.16651151999411481
-0.3706999999999999,-0.16099414592464115
-0.36970000000000003,-0.14430055258623375
-0.3686999999999999,-0.14486643710617977
-0.3677,-0.13902367943773714
-0.3666999999999999,-0.1330535977523067
-0.3657,-0.13370436495024463
-0.3646999999999999,-0.13451075039116767
-0.3637,-0.13456733884316227
-0.3626999999999999,-0.13244527189336472
-0.3617,-0.13025246937857393
-0.36070000000000013,-0.12791819573379665
-0.3597,-0.12449459438812323
-0.35870000000000013,-0.11238466566127853
-0.3577,-0.10965427285253901
-0.35670000000000013,-0.11180463402833385
-0.3557,-0.11677027069086011
-0.3547000000000001,-0.11467649796705988
-0.3537,-0.11406817210811791
-0.3527000000000001,-0.11157828022035543
-0.3517,-0.10760294146773468
-0.3507000000000001,-0.0995673812845013
-0.3497,-0.09745946144770237
-0.3487000000000001,-0.09768581525568078
-0.3477,-0.09576180788786433
-0.3467000000000001,-0.0929182381751356
-0.3457,-0.08918340034349191
-0.3447000000000001,-0.08986246176742714
-0.3437,-0.08844775046756209
-0.3427000000000001,-0.09010296268840419
-0.3417,-0.08577394611081718
-0.3407000000000001,-0.0813458997422396
-0.3397,-0.08167128334120857
-0.3387000000000001,-0.08027071915434218
-0.3377,-0.0772998254246256
-0.3367000000000001,-0.07100436014022618
-0.3357,-0.06773637703753796
-0.3347000000000001,-0.06629337151167561
-0.3337,-0.0655577216357458
-0.3327000000000001,-0.06961794306635845
-0.3317,-0.07174001001615601
-0.3307000000000001,-0.06967453151835307
-0.3297,-0.06663290222364322
-0.3287000000000001,-0.06043646673023437
-0.3277,-0.05854075358841522
-0.3267000000000001,-0.057720221034493494
-0.3257,-0.05548497718070674
-0.3247000000000001,-0.056546010655605515
-0.3237,-0.0559235376836649
-0.3227000000000001,-0.05620647994363791
-0.3217,-0.054240031236825505
-0.3207000000000001,-0.052514083450990165
-0.3197,-0.047251357415492225
-0.3187000000000001,-0.044421934815762155
-0.3177,-0.044054109877797246
-0.3167000000000001,-0.04367213782683368
-0.3157,-0.04362969648783773
-0.3147000000000001,-0.04331846000186742
-0.3137,-0.040630508532123855
-0.3127000000000001,-0.0366551697795031
-0.3117,-0.03569316609559487
-0.3107000000000001,-0.035820490112582724
-0.3097,-0.03553754785260972
-0.3087000000000001,-0.03490092776767045
-0.3077,-0.033655981823789226
-0.3067000000000001,-0.0328354492698675
-0.30569999999999997,-0.032014916715945786
-0.3047000000000001,-0.030741676546067253
-0.30369999999999997,-0.029440142150191414
-0.3027000000000001,-0.028647903822266993
-0.30169999999999997,-0.02736051653938981
-0.3007000000000001,-0.026313630177489684
-0.29969999999999997,-0.025563833188561213
-0.2987000000000001,-0.02457353527865569
-0.29769999999999996,-0.023045647074801445
-0.2967000000000001,-0.022946617283810897
-0.29569999999999996,-0.022027054938898623
-0.2947000000000001,-0.020767961882018737
-0.29369999999999996,-0.0194098390341483
-0.29270000000000007,-0.01816489309026707
-0.29169999999999996,-0.016721887564404736
-0.29070000000000007,-0.015321323377538347
-0.28969999999999996,-0.014135795308251445
-0.28870000000000007,-0.013535957717108672
-0.28769999999999996,-0.013493516378112722
-0.28670000000000007,-0.013326580444728646
-0.28569999999999995,-0.012656007288592617
-0.28470000000000006,-0.011080018900542965
-0.28369999999999995,-0.009935517458952152
-0.28270000000000006,-0.009264944302816125
-0.28169999999999995,-0.008427435213296022
-0.28070000000000006,-0.007618220349773223
-0.27969999999999995,-0.0068500321139465074
-0.27870000000000006,-0.0056772364463583925
-0.27769999999999995,-0.005496153399975667
-0.27670000000000006,-0.004882168695834241
-0.27569999999999995,-0.004087100945310091
-0.27470000000000006,-0.0026766337793446495
-0.27369999999999994,-0.0019098602548177994
-0.27270000000000005,-0.0011278078482524073
-0.27169999999999994,8.65378902127443e-05
-0.27070000000000005,0.00030982177467044303
-0.26969999999999994,0.0010495743133698708
-0.26870000000000005,0.0014401761032626073
-0.26769999999999994,0.002068307920402684
-0.26670000000000005,0.0031293413953014607
-0.26569999999999994,0.0038975296311281765
-0.26470000000000005,0.004944415993028303
-0.26369999999999993,0.005194819893104414
-0.26270000000000004,0.00596300812893113
-0.26169999999999993,0.006702902138760544
-0.26070000000000004,0.007288592616904669
-0.25969999999999993,0.007971898174739481
-0.25870000000000004,0.00867076555687281
-0.25769999999999993,0.009172988068324898
-0.25670000000000004,0.009744531433470371
-0.2556999999999999,0.010122259350534337
-0.25470000000000004,0.010693802715679813
-0.2536999999999999,0.011685515336885203
-0.25270000000000004,0.012118416994643905
-0.2516999999999999,0.012858311004473318
-0.25070000000000003,0.01309456779155078
-0.24969999999999992,0.01368167298099477
-0.24870000000000003,0.014359319693630123
-0.24769999999999992,0.014741291744593682
-0.24670000000000003,0.015264734925543746
-0.24569999999999992,0.01585891367148706
-0.24470000000000003,0.01611356170546277
-0.24369999999999992,0.017004829824377742
-0.24270000000000003,0.0174150961013386
-0.24169999999999991,0.01769803836131161
-0.24070000000000003,0.01885810162720094
-0.2396999999999999,0.018843954514202284
-0.23870000000000002,0.019494721712140204
-0.2376999999999999,0.02000401778009162
-0.23670000000000002,0.02048501962204573
-0.23570000000000013,0.02119237527197825
-0.23470000000000002,0.0212348166109742
-0.23370000000000013,0.021645082887935062
-0.23270000000000002,0.021461170418952607
-0.23170000000000013,0.02226755585987568
-0.23070000000000002,0.022974911509808196
-0.22970000000000013,0.02397935653271237
-0.22870000000000001,0.02447450548766513
-0.22770000000000012,0.02482818331263139
-0.2267,0.02515356691160035
-0.22570000000000012,0.025139419798601705
-0.2247,0.025337479380582808
-0.22370000000000012,0.025012095781613848
-0.2227,0.025634568753554465
-0.22170000000000012,0.026865367584437045
-0.2207,0.027544429008372267
-0.21970000000000012,0.02774248859035337
-0.2187,0.028308373110299385
-0.21770000000000012,0.028379108675292634
-0.2167,0.028449844240285887
-0.2157000000000001,0.028874257630245398
-0.2147,0.02880352206525215
-0.2137000000000001,0.02927037679420761
-0.2127,0.030359704495103685
-0.2117000000000001,0.03184515135996198
-0.2107,0.03231200608891744
-0.2097000000000001,0.032552507009894496
-0.2087,0.032807155043870204
-0.2077000000000001,0.03293447906085806
-0.2067,0.03177441579496872
-0.2057000000000001,0.03194418115095252
-0.2047,0.03194418115095252
-0.2037000000000001,0.033005214625851306
-0.2027,0.03405210098775143
-0.2017000000000001,0.034999957558661005
-0.2007,0.03532534115762996
-0.1997000000000001,0.0348301922026772
-0.1987,0.034547249942704195
-0.1977000000000001,0.03522631136663941
-0.19669999999999999,0.035381929609624566
-0.1957000000000001,0.036471257310520644
-0.19469999999999998,0.03781523304539243
-0.1937000000000001,0.03809817530536544
-0.19269999999999998,0.0383669704523398
-0.1917000000000001,0.038494294469327645
-0.1907000000000001,0.038423558904334396
-0.1897000000000002,0.038494294469327645
-0.1887000000000001,0.03839526467833709
-0.1877000000000002,0.039343121249246674
-0.1867000000000001,0.03939970970124127
-0.1857000000000002,0.03966850484821563
-0.1847000000000001,0.04040415472414544
-0.1837000000000002,0.04091345079209686
-0.18270000000000008,0.04075783254911171
-0.1817000000000002,0.039979741334185935
-0.18070000000000008,0.03983827020419943
-0.1797000000000002,0.04002218267318189
-0.17870000000000008,0.04077197966211036
-0.1777000000000002,0.0424979274479457
-0.17670000000000008,0.04334675422786472
-0.1757000000000002,0.04276672259492006
-0.17470000000000008,0.04234230920496055
-0.1737000000000002,0.04254036878694165
-0.17270000000000008,0.042922340837905214
-0.17170000000000019,0.043742873391826934
-0.17070000000000007,0.04453511171975136
-0.16970000000000018,0.04498781933570817
-0.16870000000000007,0.045666880759643376
-0.16770000000000018,0.04555370385565418
-0.16670000000000007,0.04575176343763528
-0.16570000000000018,0.04529905582167848
-0.16470000000000007,0.045666880759643376
-0.16370000000000018,0.045765910550633934
-0.16270000000000007,0.0464025306355732
-0.16170000000000018,0.048086037082412596
-0.16070000000000007,0.04736453431948143
-0.15970000000000018,0.04777480059644229
-0.15870000000000006,0.050024191563227696
-0.15770000000000017,0.05167940378406979
-0.15670000000000006,0.05494738688675803
-0.15570000000000017,0.05402782454184575
-0.15470000000000006,0.0501656626932142
-0.15370000000000017,0.047916271726428795
-0.15270000000000006,0.047916271726428795
-0.15170000000000017,0.048368979342385605
-0.15070000000000006,0.049840279094245245
-0.14970000000000017,0.05242920077299826
-0.14870000000000005,0.05429661968882011
-0.14770000000000016,0.0540419716548444
-0.14670000000000005,0.05252823056398881
-0.14570000000000016,0.05133987307210218
-0.14470000000000005,0.051665256671071136
-0.14370000000000016,0.052301876756010404
-0.14270000000000005,0.05305167374493888
-0.14170000000000016,0.05179258068805899
-0.14070000000000005,0.052683848806973965
-0.13970000000000016,0.053037526631940224
-0.13870000000000005,0.05452297349679851
-0.13770000000000016,0.05781925082548405
-0.13670000000000004,0.06005449467927081
-0.13570000000000015,0.0598281408712924
-0.13470000000000004,0.05722507207954074
-0.13370000000000015,0.05428247257582146
-0.13270000000000004,0.05476347441777557
-0.13170000000000015,0.05473518019177826
-0.13070000000000004,0.05517374069473643
-0.12970000000000015,0.057352396096528584
-0.12870000000000004,0.059799846645295106
-0.12770000000000015,0.06019596580925731
-0.12670000000000003,0.06026670137425057
-0.12570000000000014,0.0598281408712924
-0.12470000000000003,0.05818707576344896
-0.12370000000000014,0.058767107396393625
-0.12270000000000003,0.05951690438532209
-0.12170000000000014,0.06156823577012639
-0.12070000000000003,0.06407227477088752
-0.11970000000000014,0.06350639025094149
-0.11870000000000003,0.06261512213202652
-0.11770000000000014,0.060959909911184426
-0.11670000000000003,0.06069111476421007
-0.11570000000000014,0.06081843878119793
-0.11470000000000002,0.06325174221696579
-0.11370000000000013,0.06639240130266617
-0.11270000000000002,0.06835885000947857
-0.11170000000000013,0.06596798791270667
-0.11070000000000024,0.06282732882700628
-0.10970000000000013,0.06309612397398062
-0.10870000000000024,0.06435521703086051
-0.10770000000000013,0.06691584448361623
-0.10670000000000024,0.06867008649544887
-0.10570000000000013,0.06896717586842054
-0.10470000000000024,0.06967453151835307
-0.10370000000000013,0.06799102507151367
-0.10270000000000024,0.06834470289647993
-0.10170000000000012,0.0698018555353409
-0.10070000000000023,0.07039603428128423
-0.09970000000000012,0.07114583127021269
-0.09870000000000023,0.07273030792606154
-0.09770000000000012,0.07244736566608852
-0.09670000000000023,0.07244736566608852
-0.09570000000000012,0.07215027629311688
-0.09470000000000023,0.07273030792606154
-0.09370000000000012,0.07410257788693062
-0.09270000000000023,0.07647929287070389
-0.09170000000000011,0.0776393561365932
-0.09070000000000022,0.07826182910853383
-0.08970000000000011,0.07830427044752979
-0.08870000000000022,0.07691785337366204
-0.08770000000000011,0.07520605270082535
-0.08670000000000022,0.07606902659374302
-0.08570000000000011,0.07686126492166745
-0.08470000000000022,0.08261913991211814
-0.08370000000000011,0.08310014175407225
-0.08270000000000022,0.08368017338701693
-0.0817000000000001,0.08406214543798048
-0.08070000000000022,0.0828313466070979
-0.0797000000000001,0.08062439697930844
-0.07870000000000021,0.08195422560118158
-0.0777000000000001,0.08683497958571595
-0.07670000000000021,0.08778283615662552
-0.0757000000000001,0.08898534076151081
-0.07470000000000021,0.08823554377258234
-0.0737000000000001,0.08510903179988061
-0.07270000000000021,0.08584468167581043
-0.0717000000000001,0.08607103548378882
-0.07070000000000021,0.09116399616330297
-0.0697000000000001,0.0946300388479723
-0.0687000000000002,0.09409244855402359
-0.0677000000000001,0.09484224554295206
-0.0667000000000002,0.09225332386419903
-0.06570000000000009,0.09314459198311402
-0.0647000000000002,0.0947432157519615
-0.06370000000000009,0.09757263835169158
-0.0627000000000002,0.09952493994550533
-0.06170000000000009,0.10006253023945405
-0.0607000000000002,0.10147724153931909
-0.059700000000000086,0.09965226396249319
-0.058700000000000196,0.09854878914859845
-0.057700000000000085,0.09962396973649587
-0.056700000000000195,0.10112356371435283
-0.05570000000000008,0.1025241279012192
-0.05470000000000019,0.10358516137611798
-0.05370000000000008,0.10549502163093578
-0.05270000000000019,0.10686729159180487
-0.05170000000000008,0.10747561745074685
-0.05070000000000019,0.11040406984146747
-0.04970000000000008,0.1154687362949843
-0.04870000000000019,0.11429452591609632
-0.047700000000000076,0.11220075319229607
-0.046700000000000186,0.11399743654312465
-0.045700000000000074,0.11511505847001803
-0.044700000000000184,0.11514335269601533
-0.04370000000000007,0.11679856491685743
-0.04270000000000018,0.12208958517835267
-0.04170000000000007,0.1239004156421799
-0.04070000000000018,0.12358917915620962
-0.03970000000000007,0.12203299672635806
-0.03870000000000018,0.12382968007718667
-0.03770000000000007,0.12469265397010434
-0.03670000000000018,0.12639030752994238
-0.035700000000000065,0.12984220310161304
-0.034700000000000175,0.13301115641331077
-0.03370000000000006,0.1350200464591191
-0.03270000000000017,0.13523225315409887
-0.03170000000000006,0.1357274021090516
-0.03070000000000017,0.13769385081586402
-0.02970000000000006,0.14050912630259546
-0.02870000000000017,0.14302731241635522
-0.027700000000000058,0.14430055258623375
-0.026700000000000168,0.14500790823616627
-0.025700000000000056,0.14444202371622025
-0.024700000000000166,0.1414286886475077
-0.023700000000000054,0.1427443701563822
-0.022700000000000164,0.1437346680662877
-0.021700000000000053,0.14840321535584233
-0.020700000000000163,0.15491088733522151
-0.01970000000000005,0.15618412750510002
-0.01870000000000016,0.15759883880496509
-0.01770000000000005,0.15972090575476264
-0.01670000000000016,0.15915502123481662
-0.015700000000000047,0.15915502123481662
-0.014700000000000157,0.16141855931460067
-0.013700000000000045,0.1624088572245062
-0.012700000000000156,0.16467239530429026
-0.011700000000000044,0.16750181790402036
-0.010700000000000154,0.17188742293360199
-0.009700000000000042,0.17514125892329155
-0.008700000000000152,0.17853656604296764
-0.00770000000000004,0.17995127734283267
-0.00670000000000015,0.1769803836131161
-0.005700000000000038,0.17528273005327805
-0.0047000000000001485,0.17528273005327805
-0.0037000000000000366,0.17896097943292713
-0.0027000000000001467,0.1858930648022658
-0.0017000000000000348,0.18928837192194192
-0.000700000000000145,0.19254220791163149
0.00029999999999996696,0.19282515017160448
0.0012999999999998568,0.19268367904161798
0.0022999999999999687,0.1936739769515235
0.0032999999999998586,0.19466427486142904
0.0042999999999999705,0.19989870667092968
0.00529999999999986,0.20456725396048434
0.006299999999999972,0.2088113878600794
0.007299999999999862,0.21065051254990397
0.008299999999999974,0.21333846401964754
0.009299999999999864,0.21701671339929662
0.010299999999999976,0.2181484824391887
0.011299999999999866,0.21970466486904017
0.012299999999999978,0.22182673181883775
