Potential V vs RHE, Current mA cm-2
0.013299999999999867,-0.13028076360457122
0.012299999999999978,-0.2856302114427509
0.011299999999999866,-0.34434073038714996
0.010299999999999976,-0.37772791706396475
0.009299999999999864,-0.4031927204615355
0.008299999999999974,-0.41833013137009134
0.007299999999999862,-0.4343163690585663
0.006299999999999972,-0.4469072996273651
0.00529999999999986,-0.45511262516658224
0.0042999999999999705,-0.4641667774857185
0.0032999999999998586,-0.4744941699747333
0.0022999999999999687,-0.48227508212399106
0.0012999999999998568,-0.49048040766320816
0.00029999999999996696,-0.49599778173268183
-0.000700000000000145,-0.5008078001522229
-0.0017000000000000348,-0.5083057700415077
-0.0027000000000001467,-0.5118425482911703
-0.0037000000000000366,-0.518774633660509
-0.0047000000000001485,-0.5242920077299826
-0.005700000000000038,-0.5283946704995912
-0.00670000000000015,-0.5326388043991863
-0.00770000000000004,-0.535892640388876
-0.008700000000000152,-0.5411270721983766
-0.009700000000000042,-0.5450882638379987
-0.010700000000000154,-0.5500397533875263
-0.011700000000000044,-0.5524447625972969
-0.012700000000000156,-0.5559815408469594
-0.013700000000000045,-0.5571133098868515
-0.014700000000000157,-0.5614989149164331
-0.015700000000000047,-0.5640453952561902
-0.01670000000000016,-0.5674407023758662
-0.01770000000000005,-0.5719677785354343
-0.01870000000000016,-0.5728166053153534
-0.01970000000000005,-0.5762119124350294
-0.020700000000000163,-0.5786169216447999
-0.021700000000000053,-0.579748690684692
-0.022700000000000164,-0.5845587091042331
-0.023700000000000054,-0.5858319492741116
-0.024700000000000166,-0.5886613718738418
-0.025700000000000056,-0.5920566789935179
-0.026700000000000168,-0.5929055057734368
-0.027700000000000058,-0.5954519861131939
-0.02870000000000017,-0.5985643509728971
-0.02970000000000006,-0.599696120012789
-0.03070000000000017,-0.6028084848724922
-0.03170000000000006,-0.6040817250423707
-0.03270000000000017,-0.6063452631221548
-0.03370000000000006,-0.6093161568518712
-0.034700000000000175,-0.6080429166819927
-0.035700000000000065,-0.6121455794516013
-0.03670000000000018,-0.6137017618814529
-0.03770000000000007,-0.615399415441291
-0.03870000000000018,-0.6183703091710075
-0.03970000000000007,-0.618228838041021
-0.04070000000000018,-0.6214826740307106
-0.04170000000000007,-0.6234632698505217
-0.04270000000000018,-0.6223315008106296
-0.04370000000000007,-0.6261512213202652
-0.044700000000000184,-0.6286977016600223
-0.045700000000000074,-0.6295465284399413
-0.046700000000000186,-0.6315271242597523
-0.047700000000000076,-0.6322344799096848
-0.04870000000000019,-0.6343565468594824
-0.04970000000000008,-0.637044498329226
-0.05070000000000019,-0.63647861380928
-0.05170000000000008,-0.6388836230190506
-0.05270000000000019,-0.6419959878787537
-0.05370000000000008,-0.6417130456187806
-0.05470000000000019,-0.6446839393484972
-0.05570000000000008,-0.6438351125685782
-0.056700000000000195,-0.6449668816084703
-0.057700000000000085,-0.6490695443780788
-0.058700000000000196,-0.6497769000280114
-0.059700000000000086,-0.6494939577680383
-0.0607000000000002,-0.6520404381077953
-0.06170000000000009,-0.6537380916676334
-0.0627000000000002,-0.6555772163574579
-0.06370000000000009,-0.6550113318375119
-0.0647000000000002,-0.6561431008774039
-0.06570000000000009,-0.6588310523471476
-0.0667000000000002,-0.658406638957188
-0.0677000000000001,-0.6609531192969451
-0.0687000000000002,-0.6626507728567832
-0.0697000000000001,-0.6632166573767292
-0.07070000000000021,-0.6642069552866348
-0.0717000000000001,-0.6649143109365673
-0.07270000000000021,-0.6657631377164863
-0.0737000000000001,-0.6690169737061759
-0.07470000000000021,-0.6685925603162164
-0.0757000000000001,-0.6691584448361624
-0.07670000000000021,-0.670148742746068
-0.0777000000000001,-0.6705731561360274
-0.07870000000000021,-0.6739684632557035
-0.0797000000000001,-0.673544049865744
-0.08070000000000022,-0.6758075879455281
-0.0817000000000001,-0.6763734724654741
-0.08270000000000022,-0.6762320013354877
-0.08370000000000011,-0.6777881837653391
-0.08470000000000022,-0.6784955394152716
-0.08570000000000011,-0.6797687795851503
-0.08670000000000022,-0.6803346641050962
-0.08770000000000011,-0.6821737887949207
-0.08870000000000022,-0.6814664331449882
-0.08970000000000011,-0.6833055578348128
-0.09070000000000022,-0.6833055578348128
-0.09170000000000011,-0.6872667494744349
-0.09270000000000023,-0.6858520381745697
-0.09370000000000012,-0.6857105670445833
-0.09470000000000023,-0.6895302875542189
-0.09570000000000012,-0.6886814607742999
-0.09670000000000023,-0.6881155762543539
-0.09770000000000012,-0.6916523545040165
-0.09870000000000023,-0.6898132298141919
-0.09970000000000012,-0.692359710153949
-0.10070000000000023,-0.694057363713787
-0.10170000000000012,-0.692925594673895
-0.10270000000000024,-0.6936329503238275
-0.10370000000000013,-0.694057363713787
-0.10470000000000024,-0.695472075013652
-0.10570000000000013,-0.6990088532633147
-0.10670000000000024,-0.6953306038836656
-0.10770000000000013,-0.6981600264833956
-0.10870000000000024,-0.7004235645631797
-0.10970000000000013,-0.6991503243933012
-0.11070000000000024,-0.7005650356931662
-0.11170000000000013,-0.7012723913430987
-0.11270000000000002,-0.7022626892530042
-0.11370000000000013,-0.7039603428128423
-0.11470000000000002,-0.7021212181230176
-0.11570000000000014,-0.7056579963726802
-0.11670000000000003,-0.7062238808926263
-0.11770000000000014,-0.7045262273327882
-0.11870000000000003,-0.7065068231525994
-0.11970000000000014,-0.7074971210625048
-0.12070000000000003,-0.7091947746223429
-0.12170000000000014,-0.7099021302722753
-0.12270000000000003,-0.7093362457523293
-0.12370000000000014,-0.7115997838321135
-0.12470000000000003,-0.7123071394820459
-0.12570000000000014,-0.712024197222073
-0.12670000000000003,-0.7141462641718705
-0.12770000000000015,-0.7152780332117625
-0.12870000000000004,-0.7178245135515195
-0.12970000000000015,-0.7185318692014522
-0.13070000000000004,-0.7178245135515195
-0.13170000000000015,-0.7195221671113576
-0.13270000000000004,-0.7206539361512496
-0.13370000000000015,-0.7223515897110878
-0.13470000000000004,-0.7256054257007774
-0.13570000000000015,-0.7246151277908718
-0.13670000000000004,-0.7248980700508447
-0.13770000000000016,-0.7291422039504398
-0.13870000000000005,-0.7281519060405344
-0.13970000000000016,-0.729991030730359
-0.14070000000000005,-0.7332448667200485
-0.14170000000000016,-0.7323960399401295
-0.14270000000000005,-0.7342351646299541
-0.14370000000000016,-0.735083991409873
-0.14470000000000005,-0.7377719428796167
-0.14570000000000016,-0.7417331345192387
-0.14670000000000005,-0.7397525386994277
-0.14770000000000016,-0.7425819612991578
-0.14870000000000005,-0.7459772684188338
-0.14970000000000017,-0.7466846240687663
-0.15070000000000006,-0.7497969889284695
-0.15170000000000017,-0.7509287579683614
-0.15270000000000006,-0.7526264115281995
-0.15370000000000017,-0.7571534876877677
-0.15470000000000006,-0.7581437855976731
-0.15570000000000017,-0.7613976215873628
-0.15670000000000006,-0.7625293906272548
-0.15770000000000017,-0.7640855730571063
-0.15870000000000006,-0.7705932450364854
-0.15970000000000018,-0.7711591295564314
-0.16070000000000007,-0.7742714944161345
-0.16170000000000018,-0.7765350324959186
-0.16270000000000007,-0.7789400417056891
-0.16370000000000018,-0.7848818291651223
-0.16470000000000007,-0.7891259630647174
-0.16570000000000018,-0.7888430208047444
-0.16670000000000007,-0.7928042124443665
-0.16770000000000018,-0.7950677505241506
-0.16870000000000007,-0.8008680668535972
-0.16970000000000018,-0.8039804317133004
-0.17070000000000007,-0.8055366141431518
-0.17170000000000019,-0.8102051614327065
-0.17270000000000008,-0.8154395932422072
-0.1737000000000002,-0.8174201890620182
-0.17470000000000008,-0.8229375631314919
-0.1757000000000002,-0.826332870251168
-0.17670000000000008,-0.8315673020606686
-0.1777000000000002,-0.8359529070902502
-0.17870000000000008,-0.8400555698598587
-0.1797000000000002,-0.8442997037594538
-0.18070000000000008,-0.850241491218887
-0.1817000000000002,-0.8542026828585092
-0.18270000000000008,-0.8601444703179423
-0.1837000000000002,-0.864530075347524
-0.1847000000000001,-0.8693400937670651
-0.1857000000000002,-0.8758477657464442
-0.1867000000000001,-0.8788186594761607
-0.1877000000000002,-0.8849019180655805
-0.1887000000000001,-0.8922584168248787
-0.1897000000000002,-0.8974928486343793
-0.1907000000000001,-0.904424934003718
-0.1917000000000001,-0.9103667214631512
-0.19269999999999998,-0.9148937976227193
-0.1937000000000001,-0.9228161809019634
-0.19469999999999998,-0.9274847281915181
-0.1957000000000001,-0.9352656403407758
-0.19669999999999999,-0.9438953792699524
-0.1977000000000001,-0.949129811079453
-0.1987,-0.9583254345285759
-0.1997000000000001,-0.9632769240781034
-0.2007,-0.9707748939673883
-0.2017000000000001,-0.980536401936457
-0.2027,-0.9859123048759442
-0.2037000000000001,-0.9966641107549185
-0.2047,-1.0031717827342974
-0.2057000000000001,-1.0103868103636091
-0.2067,-1.021563029632543
-0.2077000000000001,-1.0283536438718952
-0.2087,-1.0393883920108424
-0.2097000000000001,-1.0501401978898166
-0.2107,-1.0607505326388047
-0.2117000000000001,-1.070370569477887
-0.2127,-1.080556490836915
-0.2137000000000001,-1.0914497678458759
-0.2147,-1.1053139385845532
-0.2157000000000001,-1.1200269361031494
-0.2167,-1.1285152039023398
-0.21770000000000012,-1.1382767118714086
-0.2187,-1.1484626332304368
-0.21970000000000012,-1.160629150409276
-0.2207,-1.1727956675881153
-0.22170000000000012,-1.1859524826768604
-0.2227,-1.1996751822855511
-0.22370000000000012,-1.21226611285435
-0.2247,-1.2251399856831218
-0.22570000000000012,-1.2402773965916778
-0.2267,-1.2521609715105442
-0.22770000000000012,-1.2675813246790728
-0.22870000000000001,-1.2845578602774532
-0.22970000000000013,-1.2996952711860092
-0.23070000000000002,-1.3179450469542682
-0.23170000000000013,-1.331667746562959
-0.23270000000000002,-1.347371041991461
-0.23370000000000013,-1.3659037600196928
-0.23470000000000002,-1.3804752864083027
-0.23570000000000013,-1.4014130136463054
-0.23670000000000002,-1.4189554337646317
-0.2376999999999999,-1.4373466806628774
-0.23870000000000002,-1.4571526388609877
-0.2396999999999999,-1.4755438857592333
-0.24070000000000003,-1.4967645552572086
-0.24169999999999991,-1.5179852247551844
-0.24270000000000003,-1.5363764716534298
-0.24369999999999992,-1.5575971411514054
-0.24470000000000003,-1.5816472332491107
-0.24569999999999992,-1.6014531914472214
-0.24670000000000003,-1.6255032835449272
-0.24769999999999992,-1.6495533756426328
-0.24870000000000003,-1.6707740451406083
-0.24969999999999992,-1.696238848538179
-0.25070000000000003,-1.7217036519357498
-0.2516999999999999,-1.7485831666331852
-0.25270000000000004,-1.775462681330621
-0.2536999999999999,-1.7995127734283267
-0.25470000000000004,-1.8292217107254924
-0.2556999999999999,-1.8546865141230628
-0.25670000000000004,-1.884395451420229
-0.25769999999999993,-1.9141043887173947
-0.25870000000000004,-1.9409839034148304
-0.25969999999999993,-1.9706928407119961
-0.26070000000000004,-2.001816489309027
-0.26169999999999993,-2.0315254266061924
-0.26270000000000004,-2.0654784978029537
-0.26369999999999993,-2.0980168576998492
-0.26470000000000005,-2.12914050629688
-0.26569999999999994,-2.1645082887935065
-0.26670000000000005,-2.201290782589997
-0.26769999999999994,-2.235243853786758
-0.26870000000000005,-2.272026347583249
-0.26969999999999994,-2.310223552679605
-0.27070000000000005,-2.3455913351762305
-0.27169999999999994,-2.379544406372992
-0.27270000000000005,-2.420571034069078
-0.27369999999999994,-2.461597661765164
-0.27470000000000006,-2.4983801555616547
-0.27569999999999995,-2.539406783257741
-0.27670000000000006,-2.581848122253692
-0.27769999999999995,-2.6257041725495083
-0.27870000000000006,-2.669560222845324
-0.27969999999999995,-2.712001561841275
-0.28070000000000006,-2.7558576121370915
-0.28169999999999995,-2.798298951133043
-0.28270000000000006,-2.8478138466283185
-0.28369999999999995,-2.893084608224
-0.28470000000000006,-2.942599503719276
-0.28569999999999995,-2.9878702653149576
-0.28670000000000007,-3.0387998721100984
-0.28769999999999996,-3.0854853450056448
-0.28870000000000007,-3.1392443744005165
-0.28969999999999996,-3.1901739811956578
-0.29070000000000007,-3.2368594540912037
-0.29169999999999996,-3.2892037721862106
-0.29270000000000007,-3.3457922241808116
-0.29369999999999996,-3.3995512535756833
-0.2947000000000001,-3.4589691281700143
-0.29569999999999996,-3.515557580164616
-0.2967000000000001,-3.5679018982596227
-0.29769999999999996,-3.6287344841538194
-0.2987000000000001,-3.688152358748151
-0.29969999999999997,-3.7433260994428865
-0.3007000000000001,-3.8027439740372184
-0.30169999999999997,-3.8635765599314156
-0.3027000000000001,-3.9244091458256123
-0.30369999999999997,-3.9894858656194034
-0.3047000000000001,-4.051733162813465
-0.30569999999999997,-4.115395171307392
-0.3067000000000001,-4.179057179801319
-0.3077,-4.245548610894974
-0.3087000000000001,-4.314869464588361
-0.3097,-4.382775606981883
-0.3107000000000001,-4.454925883275001
-0.3117,-4.524246736968387
-0.3127000000000001,-4.593567590661774
-0.3137,-4.66288844435516
-0.3147000000000001,-4.737868143248008
-0.3157,-4.814262553440719
-0.3167000000000001,-4.889242252333567
-0.3177,-4.961392528626684
-0.3187000000000001,-5.039201650119261
-0.3197,-5.114181349012108
-0.3207000000000001,-5.191990470504685
-0.3217,-5.274043725896856
-0.3227000000000001,-5.351852847389433
-0.3237,-5.432491391481741
-0.3247000000000001,-5.515959358173778
-0.3257,-5.600842036165679
-0.3267000000000001,-5.685724714157582
-0.3277,-5.7706073921494845
-0.3287000000000001,-5.856904781441251
-0.3297,-5.94320217073302
-0.3307000000000001,-6.033743693924381
-0.3317,-6.122870505815879
-0.3327000000000001,-6.211997317707376
-0.3337,-6.302538840898738
-0.3347000000000001,-6.393080364090101
-0.3357,-6.487866021181058
-0.3367000000000001,-6.581236966972151
-0.3377,-6.677437335362973
-0.3387000000000001,-6.77222299245393
-0.3397,-6.869838072144618
-0.3407000000000001,-6.970282574435036
-0.3417,-7.066482942825859
-0.3427000000000001,-7.172586290315736
-0.3437,-7.271616081306289
-0.3447000000000001,-7.370645872296841
-0.3457,-7.4753345084868545
-0.3467000000000001,-7.582852567276596
-0.3477,-7.693200048666069
-0.3487000000000001,-7.799303396155947
-0.3497,-7.909650877545419
-0.3507000000000001,-8.02141307023476
-0.3517,-8.12610170642477
-0.3527000000000001,-8.232205053914647
-0.3537,-8.34255253530412
-0.3547000000000001,-8.457144150593189
-0.3557,-8.573150477182121
-0.35670000000000013,-8.690571515070921
-0.3577,-8.802333707760258
-0.35870000000000013,-8.922584168248786
-0.3597,-9.04424934003718
-0.36070000000000013,-9.168743934425303
-0.3617,-9.28899439491383
-0.3626999999999999,-9.413488989301953
-0.3637,-9.539398294989942
-0.3646999999999999,-9.663892889378065
-0.3657,-9.785558061166459
-0.3666999999999999,-9.912882078154311
-0.3677,-10.035961961242569
-0.3686999999999999,-10.173188957329478
-0.36970000000000003,-10.306171819516793
-0.3706999999999999,-10.432081125204782
-0.37170000000000003,-10.569308121291689
-0.3726999999999999,-10.709364539978326
-0.37370000000000003,-10.845176824765371
-0.3746999999999999,-10.975330264352955
-0.37570000000000003,-11.111142549139998
-0.3766999999999999,-11.256857813026096
-0.37770000000000004,-11.3983289430126
-0.3786999999999999,-11.534141227799646
-0.37970000000000004,-11.675612357786147
-0.3806999999999999,-11.818498199072517
-0.38170000000000004,-11.961384040358885
-0.38269999999999993,-12.10285517034539
-0.38370000000000004,-12.244326300331892
-0.38469999999999993,-12.390041564217992
-0.38570000000000004,-12.545659807203146
-0.38669999999999993,-12.706936895387761
-0.38770000000000004,-12.86114042707305
-0.38869999999999993,-13.021002803957797
-0.38970000000000005,-13.163888645244166
-0.39069999999999994,-13.32516573342878
-0.39170000000000005,-13.475125131214474
-0.39269999999999994,-13.636402219399088
-0.39370000000000005,-13.800508730183433
-0.39469999999999994,-13.961785818368046
-0.39570000000000005,-14.124477617852525
-0.39669999999999994,-14.274437015638219
-0.39770000000000005,-14.444202371622024
-0.39869999999999994,-14.61396772760583
-0.39970000000000006,-14.769585970590983
-0.40069999999999995,-14.939351326574789
-0.40170000000000006,-15.10911668255859
-0.40269999999999995,-15.278882038542395
-0.40370000000000006,-15.462794507524851
-0.40469999999999995,-15.646706976507305
-0.40570000000000006,-15.816472332491113
-0.40669999999999995,-15.986237688474914
-0.40770000000000006,-16.15600304445872
-0.40869999999999995,-16.339915513441174
-0.40970000000000006,-16.53797509542228
-0.41069999999999995,-16.70774045140608
-0.41170000000000007,-16.891652920388537
-0.41269999999999996,-17.07556538937099
-0.41370000000000007,-17.2453307453548
-0.41469999999999996,-17.429243214337255
-0.41570000000000007,-17.627302796318357
-0.41669999999999996,-17.825362378299463
-0.41770000000000007,-18.02342196028057
-0.41869999999999996,-18.207334429263025
-0.4197000000000001,-18.391246898245473
-0.42069999999999996,-18.589306480226583
-0.4217000000000001,-18.77321894920904
-0.42269999999999996,-18.985425644188794
-0.4237000000000001,-19.169338113171246
-0.42469999999999997,-19.381544808151002
-0.4257000000000001,-19.579604390132108
-0.42669999999999997,-19.791811085111863
-0.4277000000000001,-19.97572355409432
-0.42869999999999997,-20.187930249074075
-0.4297000000000001,-20.38598983105518
-0.43069999999999997,-20.584049413036283
-0.4317000000000001,-20.79625610801604
-0.4327,-21.022609915994444
-0.4337000000000001,-21.2065223849769
-0.4347,-21.418729079956652
-0.4357000000000001,-21.645082887935057
-0.4367,-21.857289582914817
-0.4377000000000001,-22.069496277894572
-0.4387,-22.281702972874328
-0.4397000000000001,-22.493909667854084
-0.4407,-22.72026347583249
-0.4417000000000001,-22.946617283810895
-0.4427,-23.15882397879065
-0.4437000000000001,-23.385177786769056
-0.4447,-23.62567870774611
-0.4457000000000001,-23.852032515724517
-0.4467,-24.092533436701576
-0.4477000000000001,-24.33303435767863
-0.4487,-24.57353527865569
-0.4497000000000001,-24.785741973635442
-0.4507,-24.997948668615198
-0.4517000000000001,-25.238449589592253
-0.4527,-25.42236205857471
-0.4537000000000001,-25.662862979551768
-0.4547,-25.91751101352747
-0.4557000000000001,-26.15801193450453
-0.4567,-26.412659968480234
-0.4577000000000001,-26.65316088945729
-0.4587,-26.921956036431645
-0.4597000000000001,-27.219045409403304
-0.4607,-27.445399217381713
-0.4617000000000001,-27.685900138358768
-0.4627,-27.898106833338524
-0.4637000000000001,-28.166901980312883
-0.4647,-28.435697127287238
-0.4657000000000001,-28.676198048264297
-0.4667,-28.944993195238652
-0.4677000000000001,-29.213788342213007
-0.4687,-29.440142150191413
-0.4697000000000001,-29.708937297165768
-0.4707,-29.96358533114148
-0.4717000000000001,-30.21823336511718
-0.4727,-30.47288139909289
-0.4737000000000001,-30.7558236590659
-0.4747,-31.024618806040255
-0.4757000000000001,-31.27926684001596
-0.4767,-31.519767760993016
-0.4777000000000001,-31.83100424696332
-0.4787,-32.12809361993498
-0.4797000000000001,-32.38274165391069
-0.4807,-32.6090954618891
-0.48170000000000013,-32.892037721862096
-0.4827,-33.18912709483376
-0.48370000000000013,-33.373039563816214
-0.4847,-33.698423162785176
-0.48570000000000013,-33.99551253575683
-0.4867,-34.25016056973254
-0.4876999999999999,-34.58969128170015
-0.4887,-34.81604508967855
-0.4896999999999999,-35.14142868864751
-0.4907,-35.48095940061512
-0.4916999999999999,-35.679018982596226
-0.4927,-35.99025546856653
-0.4936999999999999,-36.315639067535486
-0.49470000000000003,-36.64102266650445
-0.4956999999999999,-36.98055337847206
-0.49670000000000003,-37.15031873445586
-0.4976999999999999,-37.40496676843157
-0.49870000000000003,-37.716203254401876
-0.4996999999999999,-38.08402819236679
-0.5007,-38.43770601733305
-0.5016999999999999,-38.763089616302004
-0.5027,-38.98944342428042
-0.5036999999999999,-39.258238571254765
-0.5047,-39.61191639622103
-0.5056999999999999,-39.92315288219133
-0.5067,-40.191948029165694
-0.5076999999999999,-40.559772967130606
-0.5087,-40.94174501809416
-0.5096999999999999,-41.30956995605907
-0.5107,-41.63495355502803
-0.5116999999999999,-41.84716025000779
-0.5127,-42.186690961975394
-0.5136999999999999,-42.554515899940306
-0.5147,-42.85160527291196
-0.5156999999999999,-43.16284175888227
-0.5167,-43.474078244852585
-0.5176999999999999,-43.78531473082289
-0.5187,-44.124845442790495
-0.5196999999999999,-44.4077877027635
-0.5207,-44.775612640728404
-0.5216999999999999,-45.07270201370007
-0.5227,-45.38393849967037
-0.5236999999999999,-45.76591055063393
-0.5247,-46.048852810606945
-0.5257,-46.36008929657725
-0.5267000000000001,-46.713767121543505
-0.5277,-47.16647473750032
-0.5287000000000001,-47.47771122347063
-0.5297,-47.74650637044499
-0.5307000000000001,-47.972860178423396
-0.5317,-48.41142068138156
-0.5327000000000001,-48.75095139334916
-0.5337,-49.104629218315424
-0.5347000000000001,-49.514895495276285
-0.5357,-49.8261319812466
-0.5367000000000001,-50.1656626932142
-0.5377,-50.56178185717641
-0.5387000000000001,-50.90131256914402
-0.5397,-51.21254905511432
-0.5407000000000001,-51.53793265408329
-0.5417,-51.934051818045496
-0.5427000000000001,-52.17455273902255
-0.5437,-52.42920077299826
-0.5447000000000001,-53.009232405942925
-0.5457,-53.46194002189973
-0.5467000000000001,-53.7307351688741
-0.5477,-53.9570889768525
-0.5487000000000001,-54.31076680181876
-0.5497,-54.72103307877962
-0.5507000000000001,-54.904945547762075
-0.5517,-55.28691759872564
-0.5527000000000001,-55.56985985869864
-0.5537,-55.9235376836649
-0.5547000000000001,-56.22062705663656
-0.5557,-56.53186354260687
-0.5567000000000001,-56.871394254574476
-0.5577,-57.21092496654208
-0.5587000000000001,-57.6070441305043
-0.5597,-57.9465748424719
-0.5607000000000001,-58.427576684426015
-0.5617,-58.90857852638013
-0.5627000000000001,-59.33299191633964
-0.5637,-59.757405306299155
-0.5647000000000001,-60.15352447026136
-0.5657,-60.47890806923032
-0.5667000000000001,-60.79014455520062
-0.5677,-60.94576279818578
-0.5687000000000001,-61.28529351015339
-0.5697,-61.794589578104805
-0.5707000000000001,-62.14826740307106
-0.5717,-62.459503889041365
-0.5727000000000001,-62.629269245025185
-0.5737,-62.75659326201302
-0.5747000000000001,-63.19515376497119
-0.5757,-63.56297870293609
-0.5767000000000001,-63.930803640901004
-0.5777,-64.29862857886593
-0.5787000000000001,-64.60986506483623
-0.5797,-64.96354288980248
-0.5807000000000001,-65.2464851497755
-0.5817,-65.54357452274715
-0.5827000000000001,-65.7557812177269
-0.5837,-65.95384079970802
-0.5847000000000001,-66.30751862467427
-0.5857,-66.68949067563783
-0.5867000000000001,-66.53387243265267
-0.5857,-65.86895812171612
-0.5847000000000001,-65.2747793757728
-0.5837,-64.62401217783489
-0.5827000000000001,-64.02983343189156
-0.5817,-63.57712581593475
-0.5807000000000001,-63.06782974798333
-0.5797,-62.31803275905487
-0.5787000000000001,-61.66726556111695
-0.5777,-61.242852171157445
-0.5767000000000001,-60.832585894196576
-0.5757,-60.224260035254616
-0.5747000000000001,-59.67252262830725
-0.5737,-59.06419676936528
-0.5727000000000001,-58.59734204040982
-0.5717,-58.10219308545706
-0.5707000000000001,-57.62119124350295
-0.5697,-57.21092496654208
-0.5687000000000001,-56.75821735058527
-0.5677,-56.1781857176406
-0.5667000000000001,-55.428388728712136
-0.5657,-54.834209982768826
-0.5647000000000001,-54.409796592809315
-0.5637,-54.16929567183226
-0.5627000000000001,-53.71658805587545
-0.5617,-53.136556422930774
-0.5607000000000001,-52.59896612898206
-0.5597,-51.948198931044146
-0.5587000000000001,-51.8491691400536
-0.5577,-51.594521106077885
-0.5567000000000001,-51.113519264123774
-0.5557,-50.68910587416426
-0.5547000000000001,-50.1373684672169
-0.5537,-49.85442620724389
-0.5527000000000001,-49.48660126927898
-0.5517,-49.019746540323524
-0.5507000000000001,-48.581186037365356
-0.5497,-48.26994955139505
-0.5487000000000001,-47.71821214444768
-0.5477,-47.19476896349763
-0.5467000000000001,-46.72791423454216
-0.5457,-46.45911908756781
-0.5447000000000001,-46.133735488598845
-0.5437,-45.681027872642034
-0.5427000000000001,-45.34149716067443
-0.5417,-45.05855490070142
-0.5407000000000001,-44.74731841473111
-0.5397,-44.153139668787794
-0.5387000000000001,-43.68628493983233
-0.5377,-43.40334267985933
-0.5367000000000001,-43.077959080890366
-0.5357,-42.82331104691466
-0.5347000000000001,-42.51207456094435
-0.5337,-42.130102509980794
-0.5327000000000001,-41.620806442029384
-0.5317,-41.05492192208336
-0.5307000000000001,-40.6729498711198
-0.5297,-40.31927204615355
-0.5287000000000001,-39.96559422118728
-0.5277,-39.66850484821563
-0.5267000000000001,-39.34312124924667
-0.5257,-38.98944342428042
-0.5247,-38.6499127123128
-0.5236999999999999,-38.28208777434789
-0.5227,-38.09817530536544
-0.5216999999999999,-37.801085932393775
-0.5207,-37.47570233342482
-0.5196999999999999,-37.235201412447765
-0.5187,-36.98055337847206
-0.5176999999999999,-36.61272844050715
-0.5167,-36.30149195453684
-0.5156999999999999,-36.01854969456383
-0.5147,-35.664871869597576
-0.5136999999999999,-35.339488270628614
-0.5127,-35.08484023665291
-0.5116999999999999,-34.85848642867451
-0.5107,-34.5472499427042
-0.5096999999999999,-34.26430768273119
-0.5087,-34.00965964875548
-0.5076999999999999,-33.726717388782475
-0.5067,-33.40133378981351
-0.5056999999999999,-33.13253864283916
-0.5047,-32.93447906085806
-0.5036999999999999,-32.66568391388369
-0.5027,-32.4676243319026
-0.5016999999999999,-32.19882918492823
-0.5007,-31.901739811956578
-0.4996999999999999,-31.675386003978172
-0.49870000000000003,-31.449032195999767
-0.4976999999999999,-31.19438416202406
-0.49670000000000003,-30.939736128048356
-0.4956999999999999,-30.71338232006995
-0.49470000000000003,-30.571911190083444
-0.4936999999999999,-30.161644913122586
-0.4927,-29.822114201154974
-0.4916999999999999,-29.581613280177915
-0.4907,-29.369406585198163
-0.4896999999999999,-29.100611438223805
-0.4887,-28.8459634042481
-0.4876999999999999,-28.591315370272387
-0.4867,-28.350814449295335
-0.48570000000000013,-28.05372507632368
-0.4847,-27.855665494342567
-0.48370000000000013,-27.64345879936282
-0.4827,-27.417104991384413
-0.48170000000000013,-27.176604070407354
-0.4807,-26.936103149430302
-0.4797000000000001,-26.709749341451893
-0.4787,-26.59657243746269
-0.4777000000000001,-26.34192440348698
-0.4767,-26.34192440348698
-0.4757000000000001,-26.044835030515326
-0.4747,-25.80433410953827
-0.4737000000000001,-25.57798030155986
-0.4727,-25.309185154585506
-0.4717000000000001,-25.026242894612498
-0.4707,-24.927213103621945
-0.4697000000000001,-24.601829504652986
-0.4687,-24.34718147067728
-0.4677000000000001,-24.20571034069078
-0.4667,-24.050092097705623
-0.4657000000000001,-23.767149837732617
-0.4647,-23.597384481748815
-0.4637000000000001,-23.385177786769056
-0.4627,-23.073941300798747
-0.4617000000000001,-22.833440379821692
-0.4607,-22.67782213683654
-0.4597000000000001,-22.437321215859484
-0.4587,-22.210967407881075
-0.4577000000000001,-21.98461359990267
-0.4567,-21.786554017921564
-0.4557000000000001,-21.63093577493641
-0.4547,-21.43287619295531
-0.4537000000000001,-21.248963723972853
-0.4527,-21.036757028993097
-0.4517000000000001,-20.76796188201874
-0.4507,-20.555755187038983
-0.4497000000000001,-20.34354849205923
-0.4487,-20.286960040064624
-0.4477000000000001,-20.07475334508487
-0.4467,-19.834252424107817
-0.4457000000000001,-19.622045729128057
-0.4447,-19.423986147146955
-0.4437000000000001,-19.2400736781645
-0.4427,-19.056161209182044
-0.4417000000000001,-18.95713141819149
-0.4407,-18.716630497214435
-0.4397000000000001,-18.561012254229283
-0.4387,-18.391246898245473
-0.4377000000000001,-18.13659886426977
-0.4367,-17.952686395287316
-0.4357000000000001,-17.81121526530081
-0.4347,-17.599008570321057
-0.4337000000000001,-17.4433903273359
-0.4327,-17.2736249713521
-0.4317000000000001,-17.20288940635885
-0.43069999999999997,-16.97653559838044
-0.4297000000000001,-16.792623129397985
-0.42869999999999997,-16.60871066041553
-0.4277000000000001,-16.410651078434423
-0.42669999999999997,-16.29747417444522
-0.4257000000000001,-16.127708818461418
-0.42469999999999997,-15.986237688474914
-0.4237000000000001,-15.830619445489761
-0.42269999999999996,-15.70329542850191
-0.4217000000000001,-15.519382959519453
-0.42069999999999996,-15.349617603535648
-0.4197000000000001,-15.137410908555893
-0.41869999999999996,-15.094969569559943
-0.41770000000000007,-14.925204213576137
-0.41669999999999996,-14.783733083589633
-0.41570000000000007,-14.65640906660178
-0.41469999999999996,-14.458349484620674
-0.41370000000000007,-14.26028990263957
-0.41269999999999996,-14.094768680555362
-0.41170000000000007,-13.954712261868721
-0.41069999999999995,-13.797679307583703
-0.40970000000000006,-13.595375591703002
-0.40869999999999995,-13.54444598490786
-0.40770000000000006,-13.359118804625542
-0.40669999999999995,-13.151156243545383
-0.40570000000000006,-13.00544097965928
-0.40469999999999995,-12.87245811747197
-0.40370000000000006,-12.762110636082495
-0.40269999999999995,-12.651763154693022
-0.40170000000000006,-12.483412510009083
-0.40069999999999995,-12.37023560601988
-0.39970000000000006,-12.27120581502933
-0.39869999999999994,-12.094366902546199
-0.39770000000000005,-11.884989630166173
-0.39669999999999994,-11.74917734537913
-0.39570000000000005,-11.627512173590738
-0.39469999999999994,-11.514335269601535
-0.39370000000000005,-11.38701125261368
-0.39269999999999994,-11.271004926024748
-0.39170000000000005,-11.174804557633923
-0.39069999999999994,-11.031918716347556
-0.38970000000000005,-10.89044758636105
-0.38869999999999993,-10.75746472417374
-0.38770000000000004,-10.62306715068656
-0.38669999999999993,-10.501401978898167
-0.38570000000000004,-10.386810363609099
-0.38469999999999993,-10.286365861318682
-0.38370000000000004,-10.188750781627995
-0.38269999999999993,-10.054353208140816
-0.38170000000000004,-9.932688036352424
-0.3806999999999999,-9.803949308064706
-0.37970000000000004,-9.683698847576176
-0.3786999999999999,-9.563448387087647
-0.37770000000000004,-9.451686194398311
-0.3766999999999999,-9.341338713008836
-0.37570000000000003,-9.214014696020984
-0.3746999999999999,-9.09234952423259
-0.37370000000000003,-8.973513775043926
-0.3726999999999999,-8.861751582354591
-0.37170000000000003,-8.751404100965116
-0.3706999999999999,-8.653789021274429
-0.36970000000000003,-8.536367983385631
-0.3686999999999999,-8.428849924595887
-0.3677,-8.318502443206416
-0.3666999999999999,-8.216643229616132
-0.3657,-8.12327228382504
-0.3646999999999999,-8.01433951373543
-0.3637,-7.89550376454677
-0.3626999999999999,-7.799303396155947
-0.3617,-7.71017658426445
-0.36070000000000013,-7.599829102874978
-0.3597,-7.4937257553851
-0.35870000000000013,-7.389037119195086
-0.3577,-7.284348483005074
-0.35670000000000013,-7.185318692014522
-0.3557,-7.065068231525992
-0.3547000000000001,-6.971697285734901
-0.3537,-6.883985185143269
-0.3527000000000001,-6.782125971552985
-0.3517,-6.681681469262568
-0.3507000000000001,-6.595384079970801
-0.3497,-6.497769000280114
-0.3487000000000001,-6.398739209289561
-0.3477,-6.305368263498468
-0.3467000000000001,-6.221900296806432
-0.3457,-6.132773484914934
-0.3447000000000001,-6.037987827823977
-0.3437,-5.94603159333275
-0.3427000000000001,-5.847001802342197
-0.3417,-5.763533835650159
-0.3407000000000001,-5.6715776011589325
-0.3397,-5.582450789267434
-0.3387000000000001,-5.493323977375938
-0.3377,-5.41268543328363
-0.3367000000000001,-5.327802755291728
-0.3357,-5.242920077299826
-0.3347000000000001,-5.156622688008059
-0.3337,-5.0816429891152115
-0.3327000000000001,-4.995345599823445
-0.3317,-4.910462921831542
-0.3307000000000001,-4.836897934238561
-0.3297,-4.760503524045848
-0.3287000000000001,-4.681279691253407
-0.3277,-4.600641147161099
-0.3267000000000001,-4.520002603068792
-0.3257,-4.443608192876081
-0.3247000000000001,-4.364384360083638
-0.3237,-4.287989949890926
-0.3227000000000001,-4.218669096197539
-0.3217,-4.146518819904423
-0.3207000000000001,-4.0715391210115754
-0.3197,-3.9979741334185936
-0.3187000000000001,-3.9258238571254775
-0.3177,-3.86782069383101
-0.3167000000000001,-3.791426283638298
-0.3157,-3.7235201412447765
-0.3147000000000001,-3.6527845762515243
-0.3137,-3.583463722558138
-0.3127000000000001,-3.519801714064211
-0.3117,-3.46887210726907
-0.3107000000000001,-3.3938924083762227
-0.3097,-3.3203274207832414
-0.3087000000000001,-3.253835989689584
-0.3077,-3.1859298472960624
-0.3067000000000001,-3.123682550102001
-0.30569999999999997,-3.055776407708479
-0.3047000000000001,-2.990699687914687
-0.30369999999999997,-2.9298671020204905
-0.3027000000000001,-2.8789374952253497
-0.30169999999999997,-2.811031352831828
-0.3007000000000001,-2.7530281895373614
-0.29969999999999997,-2.6921956036431647
-0.2987000000000001,-2.6356071516485633
-0.29769999999999996,-2.579018699653962
-0.2967000000000001,-2.5210155363594953
-0.29569999999999996,-2.461597661765164
-0.2947000000000001,-2.4050092097705624
-0.29369999999999996,-2.348420757775961
-0.29270000000000007,-2.2932470170812245
-0.29169999999999996,-2.2366585650866226
-0.29070000000000007,-2.181484824391887
-0.28969999999999996,-2.124896372397285
-0.28870000000000007,-2.076796188201874
-0.28769999999999996,-2.0244518701068674
-0.28670000000000007,-1.9735222633117262
-0.28569999999999995,-1.92117794521672
-0.28470000000000006,-1.8730777610213083
-0.28369999999999995,-1.822148154226167
-0.28270000000000006,-1.776877392630486
-0.28169999999999995,-1.72736249713521
-0.28070000000000006,-1.6792623129397986
-0.27969999999999995,-1.6325768400442524
-0.27870000000000006,-1.584476655848841
-0.27769999999999995,-1.543450028152755
-0.27670000000000006,-1.4967645552572086
-0.27569999999999995,-1.4529085049613928
-0.27470000000000006,-1.410325694835455
-0.27369999999999994,-1.3647719909798008
-0.27270000000000005,-1.3195012293841197
-0.27169999999999994,-1.2807381397678177
-0.27070000000000005,-1.239004156421799
-0.26969999999999994,-1.1974116442057672
-0.26870000000000005,-1.1559606031197214
-0.26769999999999994,-1.114792504293649
-0.26670000000000005,-1.0758879435473605
-0.26569999999999994,-1.0374077961910315
-0.26470000000000005,-0.9992105910946756
-0.26369999999999993,-0.9624280972981845
-0.26270000000000004,-0.9239479499418554
-0.26169999999999993,-0.8890045808351891
-0.26070000000000004,-0.8540612117285227
-0.25969999999999993,-0.8164298911521127
-0.25870000000000004,-0.7850233002951088
-0.25769999999999993,-0.7497969889284695
-0.25670000000000004,-0.7149950909517896
-0.2556999999999999,-0.6842958557447183
-0.25470000000000004,-0.6514745535878493
-0.2536999999999999,-0.6196435493408861
-0.25270000000000004,-0.5868222471840172
-0.2516999999999999,-0.5619233283063926
-0.25070000000000003,-0.5310826219693349
-0.24969999999999992,-0.4971295507725738
-0.24870000000000003,-0.4667132578254756
-0.24769999999999992,-0.4379946184382154
-0.24670000000000003,-0.40899303679098215
-0.24569999999999992,-0.3802743974037219
-0.24470000000000003,-0.35311194044631317
-0.24369999999999992,-0.3251006567089854
-0.24270000000000003,-0.2996358533114148
-0.24169999999999991,-0.27204898296404656
-0.24070000000000003,-0.24630123730650288
-0.2396999999999999,-0.22083643390893223
-0.23870000000000002,-0.1966448706812401
-0.2376999999999999,-0.17174595180361546
-0.23670000000000002,-0.14953498439573437
-0.23570000000000013,-0.12286767639327843
-0.23470000000000002,-0.1004727965164149
-0.23370000000000013,-0.07793644550956487
-0.23270000000000002,-0.055598154084695935
-0.23170000000000013,-0.03490092776767045
-0.23070000000000002,-0.012810210820277905
-0.22970000000000013,0.008181275447119508
-0.22870000000000001,0.028690345161262943
-0.22770000000000012,0.04852459758537076
-0.2267,0.06793443661951905
-0.22570000000000012,0.08658033155174025
-0.2247,0.10707949828678462
-0.22370000000000012,0.12506047890806923
-0.2227,0.1428858412863687
-0.22170000000000012,0.16085267479465465
-0.2207,0.1766974413531431
-0.21970000000000012,0.19423986147146954
-0.2187,0.20909433012005244
-0.21770000000000012,0.22635380797840585
-0.2167,0.24276445905684027
-0.2157000000000001,0.2625704172549508
-0.2147,0.27459546330380363
-0.2137000000000001,0.2911475855122245
-0.2127,0.3044458717309559
-0.2117000000000001,0.3184515135996197
-0.2107,0.3299106751285265
-0.2097000000000001,0.34419925925716344
-0.2087,0.3570731320859353
-0.2077000000000001,0.3685322936148421
-0.2067,0.38140616644361386
-0.2057000000000001,0.39244091458256114
-0.2047,0.40531478741133303
-0.2037000000000001,0.4162080644202938
-0.2027,0.4273842836892276
-0.2017000000000001,0.43955080086806686
-0.2007,0.4511514335269602
-0.1997000000000001,0.4616202971459614
-0.1987,0.4730794586748682
-0.1977000000000001,0.48029448630418
-0.19669999999999999,0.4913292344431272
-0.1957000000000001,0.5023639825820745
-0.19469999999999998,0.5101448947313323
-0.1937000000000001,0.5186331625305225
-0.19269999999999998,0.5282531993696047
-0.1917000000000001,0.5360341115188624
-0.1907000000000001,0.5442394370580796
-0.1897000000000002,0.5534350605072024
-0.1887000000000001,0.559235376836649
-0.1877000000000002,0.5684310002857718
-0.1867000000000001,0.5726751341853669
-0.1857000000000002,0.5805975174646111
-0.1847000000000001,0.5885199007438553
-0.1837000000000002,0.5947446304632614
-0.18270000000000008,0.6011108313126541
-0.1817000000000002,0.6086088012019387
-0.18070000000000008,0.6125699928415609
-0.1797000000000002,0.6210582606407511
-0.17870000000000008,0.6237462121104946
-0.1777000000000002,0.6313856531297658
-0.17670000000000008,0.637327440589199
-0.1757000000000002,0.6408642188388616
-0.17470000000000008,0.6480792464681732
-0.1737000000000002,0.6543039761875794
-0.17270000000000008,0.6568504565273365
-0.17170000000000019,0.6616604749468776
-0.17070000000000007,0.6664704933664187
-0.16970000000000018,0.6711390406559734
-0.16870000000000007,0.6745343477756495
-0.16770000000000018,0.6773637703753796
-0.16670000000000007,0.6827396733148667
-0.16570000000000018,0.6861349804345428
-0.16470000000000007,0.692076767893976
-0.16370000000000018,0.6957550172736251
-0.16270000000000007,0.6961794306635846
-0.16170000000000018,0.7015553336030717
-0.16070000000000007,0.7038188716828558
-0.15970000000000018,0.7057994675026668
-0.15870000000000006,0.7091947746223429
-0.15770000000000017,0.7138633219118975
-0.15670000000000006,0.7174001001615601
-0.15570000000000017,0.7206539361512496
-0.15470000000000006,0.7209368784112227
-0.15370000000000017,0.7251810123108178
-0.15270000000000006,0.7297080884703859
-0.15170000000000017,0.7302739729903319
-0.15070000000000006,0.7340936934999676
-0.14970000000000017,0.7342351646299541
-0.14870000000000005,0.7377719428796167
-0.14770000000000016,0.7417331345192387
-0.14670000000000005,0.7431478458191038
-0.14570000000000016,0.7442796148589957
-0.14470000000000005,0.7476749219786718
-0.14370000000000016,0.7475334508486854
-0.14270000000000005,0.7514946424883074
-0.14170000000000016,0.7541825939580511
-0.14070000000000005,0.7557387763879025
-0.13970000000000016,0.7578608433377001
-0.13870000000000005,0.7599829102874976
-0.13770000000000016,0.7619635061073088
-0.13670000000000004,0.7653588132269848
-0.13570000000000015,0.7649343998370254
-0.13470000000000004,0.7683297069567014
-0.13370000000000015,0.76960294712658
-0.13270000000000004,0.7717250140763775
-0.13170000000000015,0.7755447345860131
-0.13070000000000004,0.7754032634560265
-0.12970000000000015,0.7769594458858782
-0.12870000000000004,0.7802132818755677
-0.12770000000000015,0.7820524065653922
-0.12670000000000003,0.7847403580351359
-0.12570000000000014,0.7871453672449065
-0.12470000000000003,0.7887015496747579
-0.12370000000000014,0.7925212701843936
-0.12270000000000003,0.7930871547043395
-0.12170000000000014,0.7966239329540021
-0.12070000000000003,0.7971898174739481
-0.11970000000000014,0.7963409906940291
-0.11870000000000003,0.7991704132937593
-0.11770000000000014,0.8008680668535972
-0.11670000000000003,0.8019998358934892
-0.11570000000000014,0.8068098543130304
-0.11470000000000002,0.8039804317133004
-0.11370000000000013,0.8080830944829089
-0.11270000000000002,0.8121857572525175
-0.11170000000000013,0.8131760551624231
-0.11070000000000024,0.8162884200221262
-0.10970000000000013,0.8192593137518428
-0.10870000000000024,0.8196837271418023
-0.10770000000000013,0.8229375631314919
-0.10670000000000024,0.8242108033013704
-0.10570000000000013,0.8273231681610735
-0.10470000000000024,0.8290208217209115
-0.10370000000000013,0.8278890526810195
-0.10270000000000024,0.8318502443206416
-0.10170000000000012,0.8359529070902502
-0.10070000000000023,0.8332649556205066
-0.09970000000000012,0.8389238008199668
-0.09870000000000023,0.8399140987298723
-0.09770000000000012,0.8426020501996159
-0.09670000000000023,0.846280299579265
-0.09570000000000012,0.8452900016693595
-0.09470000000000023,0.8488267799190221
-0.09370000000000012,0.8512317891287926
-0.09270000000000023,0.8515147313887655
-0.09170000000000011,0.8534953272085767
-0.09070000000000022,0.8556173941583741
-0.08970000000000011,0.8570321054582393
-0.08870000000000022,0.8605688837079019
-0.08770000000000011,0.8622665372677398
-0.08670000000000022,0.865661844387416
-0.08570000000000011,0.866793613427308
-0.08470000000000022,0.868774209247119
-0.08370000000000011,0.8716036318468491
-0.08270000000000022,0.8724524586267681
-0.0817000000000001,0.8758477657464442
-0.08070000000000022,0.8800918996460394
-0.0797000000000001,0.8805163130359989
-0.07870000000000021,0.8854678025855264
-0.0777000000000001,0.8880142829252835
-0.07670000000000021,0.8892875230951621
-0.0757000000000001,0.8940975415147032
-0.07470000000000021,0.8965025507244737
-0.0737000000000001,0.8980587331543252
-0.07270000000000021,0.9032931649638258
-0.0717000000000001,0.9047078762636909
-0.07070000000000021,0.906971414343475
-0.0697000000000001,0.9113570193730566
-0.0687000000000002,0.9136205574528405
-0.0677000000000001,0.9182891047423953
-0.0667000000000002,0.9208355850821524
-0.06570000000000009,0.9228161809019634
-0.0647000000000002,0.9279091415814775
-0.06370000000000009,0.9291823817513559
-0.0627000000000002,0.9358315248607216
-0.06170000000000009,0.9410659566702223
-0.0607000000000002,0.9431880236200199
-0.059700000000000086,0.948280984299534
-0.058700000000000196,0.9506859935093046
-0.057700000000000085,0.9535154161090347
-0.056700000000000195,0.9594572035684679
-0.05570000000000008,0.9604475014783734
-0.05470000000000019,0.9673795868477121
-0.05370000000000008,0.9720481341372668
-0.05270000000000019,0.9754434412569427
-0.05170000000000008,0.981951113236322
-0.05070000000000019,0.9863367182659035
-0.04970000000000008,0.9918540923353774
-0.04870000000000019,0.9976544086648237
-0.047700000000000076,1.0013326580444728
-0.046700000000000186,1.0079818011538386
-0.045700000000000074,1.013357704093326
-0.044700000000000184,1.0176018379929208
-0.04370000000000007,1.0265145191820706
-0.04270000000000018,1.0301927685617198
-0.04170000000000007,1.0371248539310585
-0.04070000000000018,1.0433495836504647
-0.03970000000000007,1.0490084288499246
-0.03870000000000018,1.0563649276092228
-0.03770000000000007,1.062306715068656
-0.03670000000000018,1.0698046849579408
-0.035700000000000065,1.0777270682371851
-0.034700000000000175,1.0826785577867126
-0.03370000000000006,1.0897521142860378
-0.03270000000000017,1.0988062666051739
-0.03170000000000006,1.1061627653644721
-0.03070000000000017,1.115075446553622
-0.02970000000000006,1.1225734164429066
-0.02870000000000017,1.1297884440722183
-0.027700000000000058,1.1399743654312466
-0.026700000000000168,1.1453502683707337
-0.025700000000000056,1.1553947185997753
-0.024700000000000166,1.1647318131788846
-0.023700000000000054,1.1764739169677645
-0.022700000000000164,1.1856695404168873
-0.021700000000000053,1.1944407504760506
-0.020700000000000163,1.2034949027951867
-0.01970000000000005,1.2160858333639855
-0.01870000000000016,1.2252814568131083
-0.01770000000000005,1.2351844359121635
-0.01670000000000016,1.2456532995311649
-0.015700000000000047,1.255273336370247
-0.014700000000000157,1.2656007288592617
-0.013700000000000045,1.2787575439480066
-0.012700000000000156,1.2899337632169405
-0.011700000000000044,1.3035149916956446
-0.010700000000000154,1.314549739834592
-0.009700000000000042,1.3278480260533234
-0.008700000000000152,1.3419951390519738
-0.00770000000000004,1.3534543005808806
-0.00670000000000015,1.367884355839504
-0.005700000000000038,1.3810411709282489
-0.0047000000000001485,1.3926418035871422
-0.0037000000000000366,1.4070718588457656
-0.0027000000000001467,1.421784856364362
-0.0017000000000000348,1.4345172580631471
-0.000700000000000145,1.4514937936615278
0.00029999999999996696,1.4642261953603128
0.0012999999999998568,1.4840321535584236
0.0022999999999999687,1.4967645552572086
0.0032999999999998586,1.510911668255859
0.0042999999999999705,1.5278882038542394
0.00529999999999986,1.54203531685289
0.006299999999999972,1.5590118524512704
0.007299999999999862,1.5759883880496508
0.008299999999999974,1.5901355010483011
0.009299999999999864,1.6085267479465466
0.010299999999999976,1.6240885722450622
0.011299999999999866,1.6410651078434426
0.012299999999999978,1.656626932141958
0.013299999999999867,1.370996720699207
0.012299999999999978,1.0524037359696008
0.011299999999999866,0.8834872067657155
0.010299999999999976,0.7642270441870929
0.009299999999999864,0.6680266757962704
0.008299999999999974,0.5888028430038282
0.007299999999999862,0.5194819893104415
0.006299999999999972,0.45681027872642027
0.00529999999999986,0.40432448950142746
0.0042999999999999705,0.35268752705635364
0.0032999999999998586,0.30727529433068596
0.0022999999999999687,0.26412659968480234
0.0012999999999998568,0.22479762554855431
0.00029999999999996696,0.18914690079195542
-0.000700000000000145,0.155052358465208
-0.0017000000000000348,0.12176420157938371
-0.0027000000000001467,0.09379535918105193
-0.0037000000000000366,0.06483621887281464
-0.0047000000000001485,0.038409411791335744
-0.005700000000000038,0.014500790823616624
-0.00670000000000015,-0.011092751302241754
-0.00770000000000004,-0.03204321094194308
-0.008700000000000152,-0.053518528473894336
-0.009700000000000042,-0.0732254568810143
-0.010700000000000154,-0.09310215064411806
-0.011700000000000044,-0.11046065829346206
-0.012700000000000156,-0.12668739690291403
-0.013700000000000045,-0.1413721001955131
-0.014700000000000157,-0.15632559863508652
-0.015700000000000047,-0.17004829824377743
-0.01670000000000016,-0.18362952672248176
-0.01770000000000005,-0.19678634181122662
-0.01870000000000016,-0.2078210899501739
-0.01970000000000005,-0.2198461359990267
-0.020700000000000163,-0.23031499961802795
-0.021700000000000053,-0.2396520941971372
-0.022700000000000164,-0.2512527268560305
-0.023700000000000054,-0.25931658126526125
-0.024700000000000166,-0.26808779132442445
-0.025700000000000056,-0.2771419436435607
-0.026700000000000168,-0.28379108675292636
-0.027700000000000058,-0.2924208256821031
-0.02870000000000017,-0.2996358533114148
-0.02970000000000006,-0.30487028512091535
-0.03070000000000017,-0.3127926684001596
-0.03170000000000006,-0.3173197445597277
-0.03270000000000017,-0.3243933010590529
-0.03370000000000006,-0.3300521462585131
-0.034700000000000175,-0.3338718667681486
-0.035700000000000065,-0.34009659648755486
-0.03670000000000018,-0.34448220151713643
-0.03770000000000007,-0.34844339315675854
-0.03870000000000018,-0.3542437094862052
-0.03970000000000007,-0.3570731320859353
-0.04070000000000018,-0.3620246216354629
-0.04170000000000007,-0.36541992875513896
-0.04270000000000018,-0.36796640909489603
-0.04370000000000007,-0.3715031873445586
-0.044700000000000184,-0.37489849446423473
-0.045700000000000074,-0.3770205614140323
-0.046700000000000186,-0.38140616644361386
-0.047700000000000076,-0.38211352209354643
-0.04870000000000019,-0.38607471373316854
-0.04970000000000008,-0.38862119407292556
-0.05070000000000019,-0.39060178989273664
-0.05170000000000008,-0.39272385684253414
-0.05270000000000019,-0.3944215104023722
-0.05370000000000008,-0.39710946187211577
-0.05470000000000019,-0.40008035560183236
-0.05570000000000008,-0.40092918238175135
-0.056700000000000195,-0.4027683070715759
-0.057700000000000085,-0.40559772967130603
-0.058700000000000196,-0.40602214306126555
-0.059700000000000086,-0.4080027388810766
-0.0607000000000002,-0.41026627696086065
-0.06170000000000009,-0.41295422843060425
-0.0627000000000002,-0.4150762953804018
-0.06370000000000009,-0.41451041086045576
-0.0647000000000002,-0.4159251221603208
-0.06570000000000009,-0.41818866024010487
-0.0667000000000002,-0.41804718911011834
-0.0677000000000001,-0.41847160250007787
-0.0687000000000002,-0.42115955396982147
-0.0697000000000001,-0.42115955396982147
-0.07070000000000021,-0.4231401497896325
-0.0717000000000001,-0.423847505439565
-0.07270000000000021,-0.42497927447945705
-0.0737000000000001,-0.42837458159913316
-0.07470000000000021,-0.42780869707918706
-0.0757000000000001,-0.42950635063902515
-0.07670000000000021,-0.43007223515897114
-0.0777000000000001,-0.4307795908089037
-0.07870000000000021,-0.43261871549872827
-0.0797000000000001,-0.43247724436874174
-0.08070000000000022,-0.43318460001867426
-0.0817000000000001,-0.4355896092284448
-0.08270000000000022,-0.4350237247084988
-0.08370000000000011,-0.43672137826833685
-0.08470000000000022,-0.43728726278828284
-0.08570000000000011,-0.43827756069818835
-0.08670000000000022,-0.4405410987779724
-0.08770000000000011,-0.4413899255578914
-0.08870000000000022,-0.44308757911772945
-0.08970000000000011,-0.44393640589764854
-0.09070000000000022,-0.4433705213777025
-0.09170000000000011,-0.44549258832750005
-0.09270000000000023,-0.4459170017174596
-0.09370000000000012,-0.4463414151074191
-0.09470000000000023,-0.4478975975372706
-0.09570000000000012,-0.44818053979724365
-0.09670000000000023,-0.44874642431718964
-0.09770000000000012,-0.4515758469169197
-0.09870000000000023,-0.45100996239697366
-0.09970000000000012,-0.4527076159568117
-0.10070000000000023,-0.45511262516658224
-0.10170000000000012,-0.45454674064663625
-0.10270000000000024,-0.4585079322862584
-0.10370000000000013,-0.4569517498564068
-0.10470000000000024,-0.4573761632463663
-0.10570000000000013,-0.46077147036604243
-0.10670000000000024,-0.4604885281060694
-0.10770000000000013,-0.4619032394059345
-0.10870000000000024,-0.463459421835786
-0.10970000000000013,-0.46402530635573197
-0.11070000000000024,-0.46529854652561053
-0.11170000000000013,-0.4667132578254756
-0.11270000000000002,-0.4671376712154351
-0.11370000000000013,-0.46897679590525965
-0.11470000000000002,-0.4688353247752731
-0.11570000000000014,-0.47180621850498966
-0.11670000000000003,-0.47251357415492223
-0.11770000000000014,-0.47392828545478727
-0.11870000000000003,-0.47675770805451734
-0.11970000000000014,-0.47661623692453087
-0.12070000000000003,-0.4773235925744634
-0.12170000000000014,-0.480577428564153
-0.12270000000000003,-0.47944565952426094
-0.12370000000000014,-0.48284096664393705
-0.12470000000000003,-0.4853874469836941
-0.12570000000000014,-0.4858118603736536
-0.12670000000000003,-0.4877924561934647
-0.12770000000000015,-0.4890656963633432
-0.12870000000000004,-0.49090482105316774
-0.12970000000000015,-0.4921780612230462
-0.13070000000000004,-0.4934513013929247
-0.13170000000000015,-0.49529042608274926
-0.13270000000000004,-0.4971295507725738
-0.13370000000000015,-0.49882720433241184
-0.13470000000000004,-0.5001004445022904
-0.13570000000000015,-0.5017980980621284
-0.13670000000000004,-0.5040616361419126
-0.13770000000000016,-0.5073154721316021
-0.13870000000000005,-0.5083057700415077
-0.13970000000000016,-0.5108522503812647
-0.14070000000000005,-0.5122669616811297
-0.14170000000000016,-0.5139646152409678
-0.14270000000000005,-0.5169355089706844
-0.14370000000000016,-0.5183502202705494
-0.14470000000000005,-0.520472287220347
-0.14570000000000016,-0.5235846520800501
-0.14670000000000005,-0.5241505365999961
-0.14770000000000016,-0.5274043725896858
-0.14870000000000005,-0.5310826219693349
-0.14970000000000017,-0.5323558621392133
-0.15070000000000006,-0.5354682269989164
-0.15170000000000017,-0.5365999960388084
-0.15270000000000006,-0.540419716548444
-0.15370000000000017,-0.5433906102781606
-0.15470000000000006,-0.5438150236681201
-0.15570000000000017,-0.5474932730477692
-0.15670000000000006,-0.5508885801674454
-0.15770000000000017,-0.5528691759872564
-0.15870000000000006,-0.557254781016838
-0.15970000000000018,-0.5582450789267435
-0.16070000000000007,-0.5626306839563251
-0.16170000000000018,-0.5653186354260686
-0.16270000000000007,-0.5680065868958123
-0.16370000000000018,-0.5730995475753263
-0.16470000000000007,-0.57578749904507
-0.16570000000000018,-0.577202210344935
-0.16670000000000007,-0.5807389885945976
-0.16770000000000018,-0.5841342957142737
-0.16870000000000007,-0.5892272563937878
-0.16970000000000018,-0.5934713902933829
-0.17070000000000007,-0.5955934572431805
-0.17170000000000019,-0.599696120012789
-0.17270000000000008,-0.6022426003525461
-0.1737000000000002,-0.6057793786022087
-0.17470000000000008,-0.6110138104117093
-0.1757000000000002,-0.6138432330114394
-0.17670000000000008,-0.618794722560967
-0.1777000000000002,-0.6236047409805081
-0.17870000000000008,-0.6277074037501167
-0.1797000000000002,-0.6325174221696578
-0.18070000000000008,-0.637044498329226
-0.1817000000000002,-0.639873920928956
-0.18270000000000008,-0.6468060062982948
-0.1837000000000002,-0.6504842556779438
-0.1847000000000001,-0.6557186874874444
-0.1857000000000002,-0.6615190038168911
-0.1867000000000001,-0.6643484264166213
-0.1877000000000002,-0.6709975695259869
-0.1887000000000001,-0.6762320013354877
-0.1897000000000002,-0.6813249620150017
-0.1907000000000001,-0.6876911628643944
-0.1917000000000001,-0.6910864699840705
-0.19269999999999998,-0.6983014976133821
-0.1937000000000001,-0.7053750541127073
-0.19469999999999998,-0.7100436014022619
-0.1957000000000001,-0.7157024466017221
-0.19669999999999999,-0.7222101185811013
-0.1977000000000001,-0.7270201370006424
-0.1987,-0.7353669336698461
-0.1997000000000001,-0.7415916633892523
-0.2007,-0.7496555177984829
-0.2017000000000001,-0.7568705454277946
-0.2027,-0.7632367462771872
-0.2037000000000001,-0.7721494274663371
-0.2047,-0.7785156283157296
-0.2057000000000001,-0.7845988869051493
-0.2067,-0.7949262793941642
-0.2077000000000001,-0.8024242492834487
-0.2087,-0.8102051614327065
-0.2097000000000001,-0.8201081405317618
-0.2107,-0.82746463929106
-0.2117000000000001,-0.8363773204802097
-0.2127,-0.8454314727993459
-0.2137000000000001,-0.8546270962484687
-0.2147,-0.8666521422973216
-0.2157000000000001,-0.8795260151260933
-0.2167,-0.887023985015378
-0.21770000000000012,-0.8972099063744062
-0.2187,-0.9061225875635559
-0.21970000000000012,-0.9164499800525707
-0.2207,-0.9291823817513559
-0.22170000000000012,-0.9399341876303302
-0.2227,-0.9519592336791831
-0.22370000000000012,-0.9642672219880091
-0.2247,-0.9757263835169159
-0.22570000000000012,-0.9897320253855796
-0.2267,-1.0011911869144865
-0.22770000000000012,-1.0146309442632042
-0.22870000000000001,-1.0294854129117872
-0.22970000000000013,-1.040944574440694
-0.23070000000000002,-1.0570722832591555
-0.23170000000000013,-1.0699461560879273
-0.23270000000000002,-1.0839517979565911
-0.23370000000000013,-1.1006453912949985
-0.23470000000000002,-1.115358388813595
-0.23570000000000013,-1.1334666934518673
-0.23670000000000002,-1.1493114600103558
-0.2376999999999999,-1.1644488709189116
-0.23870000000000002,-1.181425406517292
-0.2396999999999999,-1.1992507688955918
-0.24070000000000003,-1.2175005446638505
-0.24169999999999991,-1.236740618342015
-0.24270000000000003,-1.252443913770517
-0.24369999999999992,-1.2697033916288705
-0.24470000000000003,-1.2924802435566976
-0.24569999999999992,-1.312569144014781
-0.24670000000000003,-1.3326580444728646
-0.24769999999999992,-1.3528884160609347
-0.24870000000000003,-1.3749579123388291
-0.24969999999999992,-1.3966029952267642
-0.25070000000000003,-1.4175407224647667
-0.2516999999999999,-1.4415908145624723
-0.25270000000000004,-1.4642261953603128
-0.2536999999999999,-1.4840321535584236
-0.25470000000000004,-1.510911668255859
-0.2556999999999999,-1.5335470490536998
-0.25670000000000004,-1.5575971411514054
-0.25769999999999993,-1.583061944548976
-0.25870000000000004,-1.6071120366466816
-0.25969999999999993,-1.6339915513441174
-0.26070000000000004,-1.6637004886412832
-0.26169999999999993,-1.690580003338719
-0.26270000000000004,-1.7188742293360195
-0.26369999999999993,-1.7443390327335901
-0.26470000000000005,-1.772633258730891
-0.26569999999999994,-1.8023421960280568
-0.26670000000000005,-1.8348805559249526
-0.26769999999999994,-1.8645894932221183
-0.26870000000000005,-1.894298430519284
-0.26969999999999994,-1.922592656516585
-0.27070000000000005,-1.9579604390132106
-0.27169999999999994,-1.9919135102099716
-0.27270000000000005,-2.0244518701068674
-0.27369999999999994,-2.0598196526034935
-0.27470000000000006,-2.092358012500389
-0.27569999999999995,-2.124896372397285
-0.27670000000000006,-2.161678866193776
-0.27769999999999995,-2.197046648690402
-0.27870000000000006,-2.235243853786758
-0.27969999999999995,-2.272026347583249
-0.28070000000000006,-2.310223552679605
-0.28169999999999995,-2.349835469075826
-0.28270000000000006,-2.388032674172182
-0.28369999999999995,-2.426229879268538
-0.28470000000000006,-2.467256506964624
-0.28569999999999995,-2.509697845960575
-0.28670000000000007,-2.549309762356796
-0.28769999999999996,-2.590336390052882
-0.28870000000000007,-2.631363017748968
-0.28969999999999996,-2.6780484906445143
-0.29070000000000007,-2.7233192522401954
-0.29169999999999996,-2.767175302536012
-0.29270000000000007,-2.8124460641316933
-0.29369999999999996,-2.856302114427509
-0.2947000000000001,-2.90157287602319
-0.29569999999999996,-2.9468436376188714
-0.2967000000000001,-2.996358533114148
-0.29769999999999996,-3.0487028512091543
-0.2987000000000001,-3.0953883241047
-0.29969999999999997,-3.1434885083001114
-0.3007000000000001,-3.193003403795388
-0.30169999999999997,-3.2396888766909337
-0.3027000000000001,-3.2948626173856703
-0.30369999999999997,-3.351451069380272
-0.3047000000000001,-3.402380676175413
-0.30569999999999997,-3.45472499427042
-0.3067000000000001,-3.505654601065561
-0.3077,-3.5608283417602973
-0.3087000000000001,-3.6202462163546287
-0.3097,-3.67683466834923
-0.3107000000000001,-3.730593697744102
-0.3117,-3.788596861038568
-0.3127000000000001,-3.8480147356329
-0.3137,-3.9088473215270967
-0.3147000000000001,-3.969679907421293
-0.3157,-4.030512493315489
-0.3167000000000001,-4.08710094531009
-0.3177,-4.150762953804017
-0.3187000000000001,-4.214424962297944
-0.3197,-4.276672259492005
-0.3207000000000001,-4.337504845386203
-0.3217,-4.401166853880129
-0.3227000000000001,-4.463414151074191
-0.3237,-4.5369791386671725
-0.3247000000000001,-4.607714703660425
-0.3257,-4.671376712154351
-0.3267000000000001,-4.736453431948143
-0.3277,-4.810018419541125
-0.3287000000000001,-4.883583407134107
-0.3297,-4.952904260827493
-0.3307000000000001,-5.01939569192115
-0.3317,-5.092960679514132
-0.3327000000000001,-5.165110955807249
-0.3337,-5.235846520800501
-0.3347000000000001,-5.312240930993213
-0.3357,-5.38722062988606
-0.3367000000000001,-5.4622003287789065
-0.3377,-5.537180027671754
-0.3387000000000001,-5.612159726564601
-0.3397,-5.694212981956773
-0.3407000000000001,-5.773436814749215
-0.3417,-5.851245936241792
-0.3427000000000001,-5.924810923834773
-0.3437,-6.005449467927082
-0.3447000000000001,-6.090332145918983
-0.3457,-6.1709706900112895
-0.3467000000000001,-6.245950388904137
-0.3477,-6.330833066896039
-0.3487000000000001,-6.421374590087401
-0.3497,-6.504842556779439
-0.3507000000000001,-6.589725234771341
-0.3517,-6.670363778863648
-0.3527000000000001,-6.76373472465474
-0.3537,-6.854276247846103
-0.3547000000000001,-6.9434030597376
-0.3557,-7.038188716828557
-0.35670000000000013,-7.113168415721404
-0.3577,-7.210783495412092
-0.35870000000000013,-7.308398575102779
-0.3597,-7.3975253869942765
-0.36070000000000013,-7.48806691018564
-0.3617,-7.5814378559767315
-0.3626999999999999,-7.6663205339686336
-0.3637,-7.762520902359456
-0.3646999999999999,-7.848818291651225
-0.3657,-7.953506927841237
-0.3666999999999999,-8.058195564031248
-0.3677,-8.161469488921396
-0.3686999999999999,-8.25484043471249
-0.36970000000000003,-8.359529070902502
-0.3706999999999999,-8.458558861893053
-0.37170000000000003,-8.557588652883606
-0.3726999999999999,-8.656618443874159
-0.37370000000000003,-8.757062946164577
-0.3746999999999999,-8.880142829252835
-0.37570000000000003,-8.979172620243387
-0.3766999999999999,-9.088105390332997
-0.37770000000000004,-9.187135181323548
-0.3786999999999999,-9.291823817513562
-0.37970000000000004,-9.390853608504113
-0.3806999999999999,-9.489883399494666
-0.38170000000000004,-9.587498479185355
-0.38269999999999993,-9.70774893967388
-0.38370000000000004,-9.815266998463624
-0.38469999999999993,-9.924199768553231
-0.38570000000000004,-10.040206095142164
-0.38669999999999993,-10.157627133030964
-0.38770000000000004,-10.265145191820706
-0.38869999999999993,-10.371248539310583
-0.38970000000000005,-10.48018130940019
-0.39069999999999994,-10.59760234728899
-0.39170000000000005,-10.713608673877923
-0.39269999999999994,-10.826785577867126
-0.39370000000000005,-10.941377193156194
-0.39469999999999994,-11.047480540646072
-0.39570000000000005,-11.1677310011346
-0.39669999999999994,-11.278078482524071
-0.39770000000000005,-11.406817210811791
-0.39869999999999994,-11.536970650399374
-0.39970000000000006,-11.661465244787498
-0.40069999999999995,-11.783130416575892
-0.40170000000000006,-11.899136743164824
-0.40269999999999995,-12.016557781053622
-0.40370000000000006,-12.131149396342689
-0.40469999999999995,-12.237252743832567
-0.40570000000000006,-12.377309162519206
-0.40669999999999995,-12.504633179507058
-0.40770000000000006,-12.643274886893833
-0.40869999999999995,-12.769184192581822
-0.40970000000000006,-12.910655322568324
-0.41069999999999995,-13.019588092657932
-0.41170000000000007,-13.14549739834592
-0.41269999999999996,-13.268577281434178
-0.41370000000000007,-13.384583608023112
-0.41469999999999996,-13.518981181510291
-0.41570000000000007,-13.66186702279666
-0.41669999999999996,-13.780702771985322
-0.41770000000000007,-13.940565148870071
-0.41869999999999996,-14.05798618675887
-0.4197000000000001,-14.189554337646317
-0.42069999999999996,-14.316878354634172
-0.4217000000000001,-14.444202371622024
-0.42269999999999996,-14.57152638860988
-0.4237000000000001,-14.71299751859638
-0.42469999999999997,-14.854468648582884
-0.4257000000000001,-14.98179266557074
-0.42669999999999997,-15.151558021554543
-0.4277000000000001,-15.278882038542395
-0.42869999999999997,-15.4203531685289
-0.4297000000000001,-15.561824298515406
-0.43069999999999997,-15.689148315503255
-0.4317000000000001,-15.830619445489761
-0.4327,-15.957943462477614
-0.4337000000000001,-16.127708818461418
-0.4347,-16.29747417444522
-0.4357000000000001,-16.46723953042903
-0.4367,-16.59456354741688
-0.4377000000000001,-16.750181790402035
-0.4387,-16.891652920388537
-0.4397000000000001,-17.00482982437774
-0.4407,-17.160448067362896
-0.4417000000000001,-17.316066310348052
-0.4427,-17.471684553333205
-0.4437000000000001,-17.613155683319707
-0.4447,-17.74047970030756
-0.4457000000000001,-17.896097943292716
-0.4467,-18.06586329927652
-0.4477000000000001,-18.207334429263025
-0.4487,-18.348805559249524
-0.4497000000000001,-18.518570915233333
-0.4507,-18.660042045219836
-0.4517000000000001,-18.815660288204988
-0.4527,-18.985425644188794
-0.4537000000000001,-19.126896774175293
-0.4547,-19.28251501716045
-0.4557000000000001,-19.423986147146955
-0.4567,-19.579604390132108
-0.4577000000000001,-19.763516859114564
-0.4587,-19.919135102099716
-0.4597000000000001,-20.10304757108217
-0.4607,-20.25866581406732
-0.4617000000000001,-20.414284057052477
-0.4627,-20.584049413036283
-0.4637000000000001,-20.72552054302279
-0.4647,-20.86699167300929
-0.4657000000000001,-21.036757028993097
-0.4667,-21.22066949797555
-0.4677000000000001,-21.362140627962056
-0.4687,-21.503611757948562
-0.4697000000000001,-21.67337711393236
-0.4707,-21.899730921910766
-0.4717000000000001,-22.097790503891872
-0.4727,-22.253408746877028
-0.4737000000000001,-22.40902698986218
-0.4747,-22.592939458844636
-0.4757000000000001,-22.776851927827092
-0.4767,-22.960764396809545
-0.4777000000000001,-23.13052975279335
-0.4787,-23.314442221775803
-0.4797000000000001,-23.45591335176231
-0.4807,-23.653972933743415
-0.48170000000000013,-23.823738289727217
-0.4827,-24.035944984706973
-0.48370000000000013,-24.20571034069078
-0.4847,-24.37547569667458
-0.48570000000000013,-24.587682391654337
-0.4867,-24.771594860636792
-0.4876999999999999,-24.927213103621945
-0.4887,-25.1394197986017
-0.4896999999999999,-25.309185154585506
-0.4907,-25.478950510569312
-0.4916999999999999,-25.620421640555815
-0.4927,-25.875069674531517
-0.4936999999999999,-26.044835030515326
-0.49470000000000003,-26.22874749949778
-0.4956999999999999,-26.440954194477534
-0.49670000000000003,-26.63901377645864
-0.4976999999999999,-26.86536758443705
-0.49870000000000003,-27.06342716641815
-0.4996999999999999,-27.247339635400607
-0.5007,-27.473693443379013
-0.5016999999999999,-27.671753025360115
-0.5027,-27.841518381343924
-0.5036999999999999,-28.082019302320973
-0.5047,-28.294225997300735
-0.5056999999999999,-28.506432692280487
-0.5067,-28.718639387260247
-0.5076999999999999,-28.944993195238652
-0.5087,-29.114758551222454
-0.5096999999999999,-29.29867102020491
-0.5107,-29.55331905418062
-0.5116999999999999,-29.73723152316307
-0.5127,-29.949438218142824
-0.5136999999999999,-30.189939139119886
-0.5147,-30.359704495103685
-0.5156999999999999,-30.600205416080744
-0.5167,-30.7841178850632
-0.5176999999999999,-30.953883241047
-0.5187,-31.22267838802136
-0.5196999999999999,-31.36414951800786
-0.5207,-31.519767760993016
-0.5216999999999999,-31.604650438984915
-0.5227,-31.84515135996197
-0.5236999999999999,-32.05735805494172
-0.5247,-32.354447427913385
-0.5257,-32.65153680088505
-0.5267000000000001,-32.84959638286615
-0.5277,-33.0335088518486
-0.5287000000000001,-33.231568433829715
-0.5297,-33.44377512880947
-0.5307000000000001,-33.68427604978652
-0.5317,-33.85404140577033
-0.5327000000000001,-34.12283655274469
-0.5337,-34.26430768273119
-0.5347000000000001,-34.39163169971904
-0.5357,-34.61798550769744
-0.5367000000000001,-34.8867806546718
-0.5377,-35.07069312365426
-0.5387000000000001,-35.311194044631314
-0.5397,-35.57998919160567
-0.5407000000000001,-35.89122567757598
-0.5417,-36.13172659855304
-0.5427000000000001,-36.315639067535486
-0.5437,-36.55613998851254
-0.5447000000000001,-36.754199570493654
-0.5457,-37.05128894346531
-0.5467000000000001,-37.206907186450465
-0.5477,-37.48984944642347
-0.5487000000000001,-37.78693881939513
-0.5497,-38.02743974037218
-0.5507000000000001,-38.33867622634249
-0.5517,-38.678206938310105
-0.5527000000000001,-38.97529631128177
-0.5537,-39.272385684253415
-0.5547000000000001,-39.61191639622103
-0.5557,-39.739240413208876
-0.5567000000000001,-40.00803556018324
-0.5577,-40.30512493315489
-0.5587000000000001,-40.5880671931279
-0.5597,-40.88515656609956
-0.5607000000000001,-41.15395171307392
-0.5617,-41.40859974704962
-0.5627000000000001,-41.80471891101183
-0.5637,-42.01692560599159
-0.5647000000000001,-42.29986786596459
-0.5657,-42.497927447945706
-0.5667000000000001,-42.738428368922754
-0.5677,-42.93648795090387
-0.5687000000000001,-43.30431288886877
-0.5697,-43.53066669684718
-0.5707000000000001,-43.78531473082289
-0.5717,-44.08240410379454
-0.5727000000000001,-44.3229050247716
-0.5737,-44.605847284744605
-0.5747000000000001,-44.81805397972436
-0.5757,-45.05855490070142
-0.5767000000000001,-45.242467369683865
-0.5777,-45.553703855654184
-0.5787000000000001,-45.83664611562718
-0.5797,-46.048852810606945
-0.5807000000000001,-46.3176479575813
-0.5817,-46.643031556550255
-0.5827000000000001,-46.94012092952192
-0.5837,-47.20891607649628
-0.5847000000000001,-47.449416997473335
-0.5857,-47.74650637044499
-0.5867000000000001,-47.66162369245309
-0.5857,-47.26550452849088
-0.5847000000000001,-46.84109113853137
-0.5837,-46.45911908756781
-0.5827000000000001,-46.062999923605595
-0.5817,-45.72346921163799
-0.5807000000000001,-45.35564427367308
-0.5797,-45.10099623969737
-0.5787000000000001,-44.690729962736505
-0.5777,-44.30875791177294
-0.5767000000000001,-43.88434452181344
-0.5757,-43.474078244852585
-0.5747000000000001,-43.134547532884966
-0.5737,-42.837458159913304
-0.5727000000000001,-42.6111043519349
-0.5717,-42.214985187972694
-0.5707000000000001,-41.90374870200238
-0.5697,-41.52177665103883
-0.5687000000000001,-41.02662769608606
-0.5677,-40.78612677510901
-0.5667000000000001,-40.40415472414545
-0.5657,-40.02218267318189
-0.5647000000000001,-39.640210622218326
-0.5637,-39.41385681423992
-0.5627000000000001,-39.08847321527096
-0.5617,-38.72064827730605
-0.5607000000000001,-38.43770601733305
-0.5597,-38.09817530536544
-0.5587000000000001,-37.73035036740053
-0.5577,-37.51814367242077
-0.5567000000000001,-37.206907186450465
-0.5557,-36.90981781347881
-0.5547000000000001,-36.61272844050715
-0.5537,-36.35808040653144
-0.5527000000000001,-36.07513814655844
-0.5517,-35.83463722558138
-0.5507000000000001,-35.650724756598926
-0.5497,-35.367782496625914
-0.5487000000000001,-35.14142868864751
-0.5477,-34.8301922026772
-0.5467000000000001,-34.5755441687015
-0.5457,-34.179425004739294
-0.5447000000000001,-33.839894292771675
-0.5437,-33.59939337179462
-0.5427000000000001,-33.358892450817564
-0.5417,-33.11839152984051
-0.5407000000000001,-32.90618483486075
-0.5397,-32.6090954618891
-0.5387000000000001,-32.354447427913385
-0.5377,-32.11394650693633
-0.5367000000000001,-31.873445585959274
-0.5357,-31.56220909998897
-0.5347000000000001,-31.392443744005163
-0.5337,-31.16608993602676
-0.5327000000000001,-30.953883241047
-0.5317,-30.727529433068593
-0.5307000000000001,-30.444587173095588
-0.5297,-30.11920357412663
-0.5287000000000001,-29.878702653149578
-0.5277,-29.62405461917387
-0.5267000000000001,-29.42599503719276
-0.5257,-29.18549411621571
-0.5247,-28.97328742123595
-0.5236999999999999,-28.746933613257543
-0.5227,-28.435697127287238
-0.5216999999999999,-28.18104909331153
-0.5207,-27.968842398331773
-0.5196999999999999,-27.799077042347974
-0.5187,-27.601017460366865
-0.5176999999999999,-27.38881076538711
-0.5167,-27.14830984441005
-0.5156999999999999,-26.907808923433
-0.5147,-26.69560222845324
-0.5136999999999999,-26.483395533473487
-0.5127,-26.27118883849373
-0.5116999999999999,-26.129717708507226
-0.5107,-25.77603988354097
-0.5096999999999999,-25.563833188561212
-0.5087,-25.49309762356796
-0.5076999999999999,-25.43650917157336
-0.5067,-25.18186113759765
-0.5056999999999999,-25.012095781613848
-0.5047,-24.828183312631392
-0.5036999999999999,-24.587682391654337
-0.5027,-24.37547569667458
-0.5016999999999999,-24.17741611469348
-0.5007,-23.993503645711023
-0.4996999999999999,-23.809591176728567
-0.49870000000000003,-23.653972933743415
-0.4976999999999999,-23.48420757775961
-0.49670000000000003,-23.300295108777156
-0.4956999999999999,-23.088088413797397
-0.49470000000000003,-22.989058622806844
-0.4936999999999999,-22.932470170812245
-0.4927,-22.66367502383789
-0.4916999999999999,-22.479762554855434
-0.4907,-22.324144311870278
-0.4896999999999999,-22.069496277894572
-0.4887,-21.871436695913467
-0.4876999999999999,-21.744112678925614
-0.4867,-21.602641548939108
-0.48570000000000013,-21.489464644949905
-0.4847,-21.277257949970153
-0.48370000000000013,-21.050904141991744
-0.4827,-20.824550334013338
-0.48170000000000013,-20.555755187038983
-0.4807,-20.357695605057877
-0.4797000000000001,-20.244518701068674
-0.4787,-20.07475334508487
-0.4777000000000001,-19.890840876102416
-0.4767,-19.69278129412131
-0.4757000000000001,-19.4381332601456
-0.4747,-19.296662130159103
-0.4737000000000001,-19.112749661176647
-0.4727,-18.95713141819149
-0.4717000000000001,-18.815660288204988
-0.4707,-18.660042045219836
-0.4697000000000001,-18.47612957623738
-0.4687,-18.292217107254928
-0.4677000000000001,-18.122451751271118
-0.4667,-17.966833508285966
-0.4657000000000001,-17.825362378299463
-0.4647,-17.683891248312957
-0.4637000000000001,-17.528273005327804
-0.4627,-17.34436053634535
-0.4617000000000001,-17.20288940635885
-0.4607,-17.047271163373694
-0.4597000000000001,-16.863358694391238
-0.4587,-16.736034677403385
-0.4577000000000001,-16.580416434418233
-0.4567,-16.410651078434423
-0.4557000000000001,-16.22673860945197
-0.4547,-16.085267479465468
-0.4537000000000001,-15.943796349478962
-0.4527,-15.78817810649381
-0.4517000000000001,-15.618412750510005
-0.4507,-15.4769416205235
-0.4497000000000001,-15.335470490536997
-0.4487,-15.222293586547794
-0.4477000000000001,-15.080822456561293
-0.4467,-14.939351326574789
-0.4457000000000001,-14.783733083589633
-0.4447,-14.642261953603128
-0.4437000000000001,-14.500790823616628
-0.4427,-14.373466806628771
-0.4417000000000001,-14.24614278964092
-0.4407,-14.138624730851175
-0.4397000000000001,-14.039594939860624
-0.4387,-13.891050253374795
-0.4377000000000001,-13.76655565898667
-0.4367,-13.66469644539639
-0.4357000000000001,-13.550104830107323
-0.4347,-13.419951390519737
-0.4337000000000001,-13.28272439443283
-0.4327,-13.161059222644436
-0.4317000000000001,-13.039394050856043
-0.43069999999999997,-12.917728879067651
-0.4297000000000001,-12.78899015077993
-0.42869999999999997,-12.672983824190998
-0.4277000000000001,-12.531512694204494
-0.42669999999999997,-12.395700409417453
-0.4257000000000001,-12.281108794128384
-0.42469999999999997,-12.166517178839316
-0.4237000000000001,-12.044852007050922
-0.42269999999999996,-11.916113278763204
-0.4217000000000001,-11.798692240874407
-0.42069999999999996,-11.684100625585337
-0.4197000000000001,-11.538385361699238
-0.41869999999999996,-11.428037880309766
-0.41770000000000007,-11.337496357118404
-0.41669999999999996,-11.220075319229606
-0.41570000000000007,-11.101239570040944
-0.41469999999999996,-10.968256707853628
-0.41370000000000007,-10.843762113465505
-0.41269999999999996,-10.736244054675764
-0.41170000000000007,-10.62589657328629
-0.41069999999999995,-10.521207937096278
-0.40970000000000006,-10.416519300906264
-0.40869999999999995,-10.294854129117871
-0.40770000000000006,-10.166115400830154
-0.40669999999999995,-10.071329743739195
-0.40570000000000006,-9.958152839749992
-0.40469999999999995,-9.85629362615971
-0.40370000000000006,-9.753019701269562
-0.40269999999999995,-9.659648755478472
-0.40170000000000006,-9.566277809687378
-0.40069999999999995,-9.467248018696827
-0.39970000000000006,-9.346997558208297
-0.39869999999999994,-9.230991231619363
-0.39770000000000005,-9.136205574528407
-0.39669999999999994,-9.040005206137584
-0.39570000000000005,-8.943804837746763
-0.39469999999999994,-8.853263314555399
-0.39370000000000005,-8.745745255765657
-0.39269999999999994,-8.64247133087551
-0.39170000000000005,-8.551929807684147
-0.39069999999999994,-8.461388284492784
-0.38970000000000005,-8.355284937002907
-0.38869999999999993,-8.26615812511141
-0.38770000000000004,-8.167128334120857
-0.38669999999999993,-8.068098543130306
-0.38570000000000004,-7.977557019938943
-0.38469999999999993,-7.87286838374893
-0.38370000000000004,-7.7908151283567575
-0.38269999999999993,-7.6960294712658
-0.38170000000000004,-7.613976215873627
-0.3806999999999999,-7.52484940398213
-0.37970000000000004,-7.434307880790768
-0.3786999999999999,-7.3381075123999455
-0.37770000000000004,-7.253224834408043
-0.3766999999999999,-7.172586290315736
-0.37570000000000003,-7.0891183236236985
-0.3746999999999999,-6.992917955232877
-0.37370000000000003,-6.903791143341379
-0.3726999999999999,-6.827396733148667
-0.37170000000000003,-6.7410993438569
-0.3706999999999999,-6.756661168155415
-0.36970000000000003,-6.661875511064458
-0.3686999999999999,-6.5246485149775495
-0.3677,-6.422789301387266
-0.3666999999999999,-6.333662489495769
-0.3657,-6.245950388904137
-0.3646999999999999,-6.1709706900112895
-0.3637,-6.084673300719523
-0.3626999999999999,-6.005449467927082
-0.3617,-5.916322656035583
-0.36070000000000013,-5.828610555443951
-0.3597,-5.7437278774520495
-0.35870000000000013,-5.685724714157582
-0.3577,-5.617818571764061
-0.35670000000000013,-5.545668295470944
-0.3557,-5.465029751378637
-0.3547000000000001,-5.391464763785655
-0.3537,-5.3178997761926725
-0.3527000000000001,-5.252823056398881
-0.3517,-5.18208749140563
-0.3507000000000001,-5.101448947313322
-0.3497,-5.03071338232007
-0.3487000000000001,-4.955733683427223
-0.3477,-4.876509850634781
-0.3467000000000001,-4.807188996941395
-0.3457,-4.730794586748683
-0.3447000000000001,-4.6614737330552956
-0.3437,-4.593567590661774
-0.3427000000000001,-4.525661448268252
-0.3417,-4.461999439774326
-0.3407000000000001,-4.388434452181344
-0.3397,-4.3205283097878215
-0.3387000000000001,-4.256866301293895
-0.3377,-4.186130736300643
-0.3367000000000001,-4.118224593907121
-0.3357,-4.050318451513601
-0.3347000000000001,-3.9852417317198086
-0.3337,-3.9201650119260174
-0.3327000000000001,-3.8621618486315503
-0.3317,-3.7970851288377587
-0.3307000000000001,-3.7362525429435625
-0.3297,-3.6754199570493657
-0.3287000000000001,-3.6174167937548987
-0.3277,-3.557998919160567
-0.3267000000000001,-3.4971663332663705
-0.3257,-3.437748458672039
-0.3247000000000001,-3.3783305840777076
-0.3237,-3.314668575583781
-0.3227000000000001,-3.279300793087155
-0.3217,-3.204321094194308
-0.3207000000000001,-3.1477326421997063
-0.3197,-3.08972947890524
-0.3187000000000001,-3.0373851608102336
-0.3177,-2.9822114201154974
-0.3167000000000001,-2.919964122921436
-0.3157,-2.867619804826429
-0.3147000000000001,-2.818104909331153
-0.3137,-2.765760591236147
-0.3127000000000001,-2.7134162731411404
-0.3117,-2.656827821146539
-0.3107000000000001,-2.6073129256512626
-0.3097,-2.557798030155986
-0.3087000000000001,-2.50828313466071
-0.3077,-2.464427084364894
-0.3067000000000001,-2.4460358374666487
-0.30569999999999997,-2.3710561385738016
-0.3047000000000001,-2.318711820478795
-0.30369999999999997,-2.2706116362833835
-0.3027000000000001,-2.2225114520879723
-0.30169999999999997,-2.1729965565926963
-0.3007000000000001,-2.12631108369715
-0.29969999999999997,-2.079625610801604
-0.2987000000000001,-2.0343548492059225
-0.29769999999999996,-1.9876693763103765
-0.2967000000000001,-1.9423986147146954
-0.29569999999999996,-1.9027866983184742
-0.2947000000000001,-1.8716630497214433
-0.29369999999999996,-1.8207334429263025
-0.29270000000000007,-1.779706815230216
-0.29169999999999996,-1.7372654762342652
-0.29070000000000007,-1.6976535598380442
-0.28969999999999996,-1.658041643441823
-0.28870000000000007,-1.6170150157457368
-0.28769999999999996,-1.5759883880496508
-0.28670000000000007,-1.5363764716534298
-0.28569999999999995,-1.4967645552572086
-0.28470000000000006,-1.459982061460718
-0.28369999999999995,-1.423199567664227
-0.28270000000000006,-1.387265900647655
-0.28169999999999995,-1.349068695551299
-0.28070000000000006,-1.3114373749748889
-0.27969999999999995,-1.277484303778128
-0.27870000000000006,-1.2414091656315698
-0.27769999999999995,-1.207739036694782
-0.27670000000000006,-1.1718053696782098
-0.27569999999999995,-1.1388425963913547
-0.27470000000000006,-1.106587178754432
-0.27369999999999994,-1.0716438096477652
-0.27270000000000005,-1.0382566229709504
-0.27169999999999994,-1.0082647434138117
-0.27070000000000005,-0.9743116722170507
-0.26969999999999994,-0.9431880236200199
-0.26870000000000005,-0.9114984905030432
-0.26769999999999994,-0.8796674862560799
-0.26670000000000005,-0.8484023665290624
-0.26569999999999994,-0.8213813807016404
-0.26470000000000005,-0.7908236166245554
-0.26369999999999993,-0.7640855730571063
-0.26270000000000004,-0.7359328181897921
-0.26169999999999993,-0.7073556499325184
-0.26070000000000004,-0.6809005486250422
-0.25969999999999993,-0.653313678277674
-0.25870000000000004,-0.6275659326201303
-0.25769999999999993,-0.6016767158326001
-0.25670000000000004,-0.5753630856551104
-0.2556999999999999,-0.5504641667774858
-0.25470000000000004,-0.5257067190298478
-0.2536999999999999,-0.5005248578922499
-0.25270000000000004,-0.4761918235345713
-0.2516999999999999,-0.45299055821678474
-0.25070000000000003,-0.4310625330688767
-0.24969999999999992,-0.40701244097117106
-0.24870000000000003,-0.38494294469327645
-0.24769999999999992,-0.3640052174552739
-0.24670000000000003,-0.34151130778741984
-0.24569999999999992,-0.3205735805494173
-0.24470000000000003,-0.29949438218142826
-0.24369999999999992,-0.27940548172334473
-0.24270000000000003,-0.26016540804518024
-0.24169999999999991,-0.2389447385472047
-0.24070000000000003,-0.21885583808912115
-0.2396999999999999,-0.2011719468408082
-0.23870000000000002,-0.18235628655260325
-0.2376999999999999,-0.16382356852437122
-0.23670000000000002,-0.14571526388609876
-0.23570000000000013,-0.12736645832684926
-0.23470000000000002,-0.11126704373438513
-0.23370000000000013,-0.09505445223793182
-0.23270000000000002,-0.07632367462771873
-0.23170000000000013,-0.06111552815416958
-0.23070000000000002,-0.044464376154758095
-0.22970000000000013,-0.02852057980527914
-0.22870000000000001,-0.013759482102487347
-0.22770000000000012,0.002347006046476096
-0.2267,0.016537975095422278
-0.22570000000000012,0.031095354371033508
-0.2247,0.04638838352257455
-0.22370000000000012,0.05907834388236394
-0.2227,0.07260298390907369
-0.22170000000000012,0.08683497958571595
-0.2207,0.09873270161758091
-0.21970000000000012,0.11239881277427716
-0.2187,0.12323550133124336
-0.21770000000000012,0.137127966295918
-0.2167,0.14925204213576138
-0.2157000000000001,0.16495533756426325
-0.2147,0.17499978779330505
-0.2137000000000001,0.1856101225422928
-0.2127,0.19523015938137506
-0.2117000000000001,0.20626490752032234
-0.2107,0.2157434732294181
-0.2097000000000001,0.22592939458844638
-0.2087,0.2365397293374341
-0.2077000000000001,0.24615976617651636
-0.2067,0.2554968607556256
-0.2057000000000001,0.2649754264647214
-0.2047,0.2734636942639116
-0.2037000000000001,0.28336667336296684
-0.2027,0.29128905664221105
-0.2017000000000001,0.3004846800913338
-0.2007,0.30982177467044303
-0.1997000000000001,0.31675386003978173
-0.1987,0.3248177144490124
-0.1977000000000001,0.33373039563816215
-0.19669999999999999,0.34037953874752785
-0.1957000000000001,0.34886780654671806
-0.19469999999999998,0.35537547852609724
-0.1937000000000001,0.36301491954536846
-0.19269999999999998,0.3678249379649095
-0.1917000000000001,0.37489849446423473
-0.1907000000000001,0.38211352209354643
-0.1897000000000002,0.38833825181295256
-0.1887000000000001,0.39314827023249366
-0.1877000000000002,0.40064624012177835
-0.1867000000000001,0.4054562585413195
-0.1857000000000002,0.41083216148080665
-0.1847000000000001,0.41719836233019936
-0.1837000000000002,0.4205936694498755
-0.18270000000000008,0.42752575481921407
-0.1817000000000002,0.4333260711486608
-0.18070000000000008,0.43742873391826936
-0.1797000000000002,0.4429461079877429
-0.17870000000000008,0.44662435736739203
-0.1777000000000002,0.45100996239697366
-0.17670000000000008,0.4563858653364608
-0.1757000000000002,0.45978117245613687
-0.17470000000000008,0.46459119087567796
-0.1737000000000002,0.4703915072051247
-0.17270000000000008,0.4735038720648278
-0.17170000000000019,0.47916271726428794
-0.17070000000000007,0.4798700729142204
-0.16970000000000018,0.4852459758537076
-0.16870000000000007,0.4896315808832892
-0.16770000000000018,0.4917536478330867
-0.16670000000000007,0.4964221951226413
-0.16570000000000018,0.5006663290222364
-0.16470000000000007,0.5054763474417775
-0.16370000000000018,0.5091545968214266
-0.16270000000000007,0.5102863658613187
-0.16170000000000018,0.5129743173310622
-0.16070000000000007,0.5172184512306574
-0.15970000000000018,0.519340518180455
-0.15870000000000006,0.5224528830401581
-0.15770000000000017,0.5241505365999961
-0.15670000000000006,0.5262726035497938
-0.15570000000000017,0.5327802755291728
-0.15470000000000006,0.5340535156990515
-0.15370000000000017,0.536458524908822
-0.15270000000000006,0.540136774288471
-0.15170000000000017,0.5409856010683901
-0.15070000000000006,0.5446638504480392
-0.14970000000000017,0.5467859173978367
-0.14870000000000005,0.5474932730477692
-0.14770000000000016,0.5513129935574048
-0.14670000000000005,0.5528691759872564
-0.14570000000000016,0.5556985985869863
-0.14470000000000005,0.5593768479666354
-0.14370000000000016,0.5603671458765411
-0.14270000000000005,0.5627721550863116
-0.14170000000000016,0.5656015776860417
-0.14070000000000005,0.5672992312458797
-0.13970000000000016,0.5701286538456097
-0.13870000000000005,0.5716848362754614
-0.13770000000000016,0.5729580764453399
-0.13670000000000004,0.57578749904507
-0.13570000000000015,0.5770607392149485
-0.13470000000000004,0.5800316329446651
-0.13370000000000015,0.582295171024449
-0.13270000000000004,0.5841342957142737
-0.13170000000000015,0.5868222471840172
-0.13070000000000004,0.5878125450939228
-0.12970000000000015,0.5892272563937878
-0.12870000000000004,0.5929055057734368
-0.12770000000000015,0.5941787459433153
-0.12670000000000003,0.5965837551530859
-0.12570000000000014,0.5981399375829375
-0.12470000000000003,0.6009693601826676
-0.12370000000000014,0.6028084848724922
-0.12270000000000003,0.6040817250423707
-0.12170000000000014,0.6060623208621817
-0.12070000000000003,0.6093161568518712
-0.11970000000000014,0.6097405702418307
-0.11870000000000003,0.6125699928415609
-0.11770000000000014,0.6141261752714124
-0.11670000000000003,0.61624824222121
-0.11570000000000014,0.6195020782108995
-0.11470000000000002,0.6203509049908186
-0.11370000000000013,0.6226144430706027
-0.11270000000000002,0.6257268079303058
-0.11170000000000013,0.6262926924502518
-0.11070000000000024,0.6298294706999144
-0.10970000000000013,0.6315271242597523
-0.10870000000000024,0.6340736045995095
-0.10770000000000013,0.6384592096290911
-0.10670000000000024,0.6384592096290911
-0.10570000000000013,0.6414301033588077
-0.10470000000000024,0.6441180548285511
-0.10370000000000013,0.6446839393484972
-0.10270000000000024,0.6490695443780788
-0.10170000000000012,0.6504842556779438
-0.10070000000000023,0.6517574958478223
-0.09970000000000012,0.6565675142673635
-0.09870000000000023,0.6591139946071205
-0.09770000000000012,0.6596798791270665
-0.09670000000000023,0.6629337151167561
-0.09570000000000012,0.6649143109365673
-0.09470000000000023,0.6681681469262569
-0.09370000000000012,0.6708560983960004
-0.09270000000000023,0.672129338565879
-0.09170000000000011,0.6751002322955955
-0.09070000000000022,0.6758075879455281
-0.08970000000000011,0.6784955394152716
-0.08870000000000022,0.6837299712247723
-0.08770000000000011,0.6841543846147318
-0.08670000000000022,0.6874082206044214
-0.08570000000000011,0.6903791143341379
-0.08470000000000022,0.692359710153949
-0.08370000000000011,0.6975941419634496
-0.08270000000000022,0.6978770842234225
-0.0817000000000001,0.7012723913430987
-0.08070000000000022,0.7050921118527342
-0.0797000000000001,0.7083459478424239
-0.07870000000000021,0.7118827260920865
-0.0777000000000001,0.7149950909517896
-0.07670000000000021,0.7181074558114927
-0.0757000000000001,0.7232004164910067
-0.07470000000000021,0.7248980700508447
-0.0737000000000001,0.7273030792606153
-0.07270000000000021,0.73197162655017
-0.0717000000000001,0.735083991409873
-0.07070000000000021,0.7391866541794817
-0.0697000000000001,0.7442796148589957
-0.0687000000000002,0.7476749219786718
-0.0677000000000001,0.7519190558782669
-0.0667000000000002,0.7551728918679566
-0.06570000000000009,0.7604073236774572
-0.0647000000000002,0.7649343998370254
-0.06370000000000009,0.7681882358267149
-0.0627000000000002,0.774130023286148
-0.06170000000000009,0.7804962241355408
-0.0607000000000002,0.7841744735151899
-0.059700000000000086,0.7887015496747579
-0.058700000000000196,0.7911065588845285
-0.057700000000000085,0.7967654040839887
-0.056700000000000195,0.8022827781534622
-0.05570000000000008,0.807517209962963
-0.05470000000000019,0.8138834108123556
-0.05370000000000008,0.8184104869719238
-0.05270000000000019,0.8242108033013704
-0.05170000000000008,0.8311428886707091
-0.05070000000000019,0.8334064267504931
-0.04970000000000008,0.8417532234196969
-0.04870000000000019,0.8484023665290624
-0.047700000000000076,0.8525050292986711
-0.046700000000000186,0.8597200569279828
-0.045700000000000074,0.8680668535971865
-0.044700000000000184,0.8737256987966467
-0.04370000000000007,0.8813651398159178
-0.04270000000000018,0.8882972251852566
-0.04170000000000007,0.8956537239445548
-0.04070000000000018,0.9037175783537855
-0.03970000000000007,0.908669067903313
-0.03870000000000018,0.9191379315223143
-0.03770000000000007,0.9266359014115991
-0.03670000000000018,0.9348412269508163
-0.035700000000000065,0.9453100905698175
-0.034700000000000175,0.9528080604591023
-0.03370000000000006,0.9601645592184004
-0.03270000000000017,0.9685113558876042
-0.03170000000000006,0.9767166814268213
-0.03070000000000017,0.985063478096025
-0.02970000000000006,0.9952493994550534
-0.02870000000000017,1.004445022904176
-0.027700000000000058,1.01562124217311
-0.026700000000000168,1.0239680388423136
-0.025700000000000056,1.0345783735913012
-0.024700000000000166,1.0453301794702756
-0.023700000000000054,1.0541013895294389
-0.022700000000000164,1.066692320098238
-0.021700000000000053,1.0787173661470904
-0.020700000000000163,1.0879129895962132
-0.01970000000000005,1.1006453912949985
-0.01870000000000016,1.110972783784013
-0.01770000000000005,1.1220075319229605
-0.01670000000000016,1.1343155202317863
-0.015700000000000047,1.1459161528906798
-0.014700000000000157,1.1600632658893302
-0.013700000000000045,1.1716638985482233
-0.012700000000000156,1.1842548291170223
-0.011700000000000044,1.20052400906547
-0.010700000000000154,1.2135393530242284
-0.009700000000000042,1.2249985145531352
-0.008700000000000152,1.240418867721664
-0.00770000000000004,1.2532927405504362
-0.00670000000000015,1.2704107472788029
-0.005700000000000038,1.2815869665477366
-0.0047000000000001485,1.2955926084164004
-0.0037000000000000366,1.3115788461048754
-0.0027000000000001467,1.3226135942438229
-0.0017000000000000348,1.3383168896723248
-0.000700000000000145,1.3554348964006917
0.00029999999999996696,1.3688746537494096
0.0012999999999998568,1.3840120646579654
0.0022999999999999687,1.3985835910465754
0.0032999999999998586,1.4147112998650369
0.0042999999999999705,1.4302731241635522
0.00529999999999986,1.4430055258623373
0.006299999999999972,1.4585673501608527
0.007299999999999862,1.4755438857592333
0.008299999999999974,1.4911057100577487
0.009299999999999864,1.506667534356264
0.010299999999999976,1.5222293586547795
0.011299999999999866,1.5377911829532949
0.012299999999999978,1.5533530072518102
0.013299999999999867,1.2989879155360766
0.012299999999999978,0.9996350044846349
0.011299999999999866,0.8360943782202367
0.010299999999999976,0.7192392248513847
0.009299999999999864,0.6258682790602923
0.008299999999999974,0.5496153399975668
0.007299999999999862,0.480577428564153
0.006299999999999972,0.4198863137999429
0.00529999999999986,0.3669761111849905
0.0042999999999999705,0.31675386003978173
0.0032999999999998586,0.27120015618412757
0.0022999999999999687,0.22974911509808196
0.0012999999999998568,0.19098602548177993
0.00029999999999996696,0.15590118524512703
-0.000700000000000145,0.1239852983201718
-0.0017000000000000348,0.09153182110126787
-0.0027000000000001467,0.06323759510396713
-0.0037000000000000366,0.03524045847963807
-0.0047000000000001485,0.008725939297567546
-0.005700000000000038,-0.014387613919627423
-0.00670000000000015,-0.03765961480240728
-0.00770000000000004,-0.057394837435524544
-0.008700000000000152,-0.07837500601252304
-0.009700000000000042,-0.09758678546469024
-0.010700000000000154,-0.11662879956087362
-0.011700000000000044,-0.13289797950932153
-0.012700000000000156,-0.14769585970590982
-0.013700000000000045,-0.1615600304445872
-0.014700000000000157,-0.17754626813306212
-0.015700000000000047,-0.19027866983184744
-0.01670000000000016,-0.20272812927065975
-0.01770000000000005,-0.2157434732294181
-0.01870000000000016,-0.22578792345845985
-0.01970000000000005,-0.23639825820744764
-0.020700000000000163,-0.24700859295643537
-0.021700000000000053,-0.25563833188561214
-0.022700000000000164,-0.2653998398546809
-0.023700000000000054,-0.2733222231339251
-0.024700000000000166,-0.2812446064131693
-0.025700000000000056,-0.289874345342346
-0.026700000000000168,-0.2972308441016442
-0.027700000000000058,-0.30487028512091535
-0.02870000000000017,-0.30982177467044303
-0.02970000000000006,-0.3156220909998897
-0.03070000000000017,-0.32255417636922834
-0.03170000000000006,-0.32693978139880997
-0.03270000000000017,-0.33302303998822963
-0.03370000000000006,-0.33811600066774383
-0.034700000000000175,-0.3419357211773794
-0.035700000000000065,-0.3470286818568935
-0.03670000000000018,-0.3509898734965156
-0.03770000000000007,-0.35466812287616467
-0.03870000000000018,-0.3589122567757598
-0.03970000000000007,-0.3617416793754899
-0.04070000000000018,-0.3645711019752199
-0.04170000000000007,-0.368249351354869
-0.04270000000000018,-0.37065436056463963
-0.04370000000000007,-0.3737667254243427
-0.044700000000000184,-0.3764546768940863
-0.045700000000000074,-0.37772791706396475
-0.046700000000000186,-0.38112322418364086
-0.047700000000000076,-0.38197205096355985
-0.04870000000000019,-0.38508441582326297
-0.04970000000000008,-0.38791383842299304
-0.05070000000000019,-0.38763089616302
-0.05170000000000008,-0.3907432610227231
-0.05270000000000019,-0.39229944345257467
-0.05370000000000008,-0.39258238571254767
-0.05470000000000019,-0.39555327944226426
-0.05570000000000008,-0.39640210622218325
-0.056700000000000195,-0.39710946187211577
-0.057700000000000085,-0.39979741334185936
-0.058700000000000196,-0.3992315288219133
-0.059700000000000086,-0.4005047689917918
-0.0607000000000002,-0.4017780091616704
-0.06170000000000009,-0.40390007611146794
-0.0627000000000002,-0.40503184515136
-0.06370000000000009,-0.4037586049814815
-0.0647000000000002,-0.40460743176140046
-0.06570000000000009,-0.406446556451225
-0.0667000000000002,-0.406163614191252
-0.0677000000000001,-0.406729498711198
-0.0687000000000002,-0.4075783254911171
-0.0697000000000001,-0.4075783254911171
-0.07070000000000021,-0.40998333470088766
-0.0717000000000001,-0.40927597905095514
-0.07270000000000021,-0.40998333470088766
-0.0737000000000001,-0.41083216148080665
-0.07470000000000021,-0.40998333470088766
-0.0757000000000001,-0.4113980460007527
-0.07670000000000021,-0.4118224593907122
-0.0777000000000001,-0.4106906903508202
-0.07870000000000021,-0.41295422843060425
-0.0797000000000001,-0.41295422843060425
-0.08070000000000022,-0.41352011295055024
-0.0817000000000001,-0.41465188199044223
-0.08270000000000022,-0.41323717069057725
-0.08370000000000011,-0.41465188199044223
-0.08470000000000022,-0.4147933531204288
-0.08570000000000011,-0.41408599747049624
-0.08670000000000022,-0.4160665932903073
-0.08770000000000011,-0.4152177665103883
-0.08870000000000022,-0.4153592376403748
-0.08970000000000011,-0.41705689120021283
-0.09070000000000022,-0.4160665932903073
-0.09170000000000011,-0.41705689120021283
-0.09270000000000023,-0.41705689120021283
-0.09370000000000012,-0.4179057179801318
-0.09470000000000023,-0.41847160250007787
-0.09570000000000012,-0.41847160250007787
-0.09670000000000023,-0.4187545447600509
-0.09770000000000012,-0.4204521983198889
-0.09870000000000023,-0.4197448426699564
-0.09970000000000012,-0.4198863137999429
-0.10070000000000023,-0.42073514057986194
-0.10170000000000012,-0.42073514057986194
-0.10270000000000024,-0.42130102509980794
-0.10370000000000013,-0.4201692560599159
-0.10470000000000024,-0.42158396735978093
-0.10570000000000013,-0.423564563179592
-0.10670000000000024,-0.4224327941397
-0.10770000000000013,-0.42441338995951106
-0.10870000000000024,-0.4239889765695515
-0.10970000000000013,-0.4245548610894975
-0.11070000000000024,-0.42596957238936256
-0.11170000000000013,-0.42596957238936256
-0.11270000000000002,-0.4266769280392951
-0.11370000000000013,-0.4276672259492006
-0.11470000000000002,-0.42752575481921407
-0.11570000000000014,-0.42851605272911963
-0.11670000000000003,-0.4293648795090386
-0.11770000000000014,-0.42978929289899814
-0.11870000000000003,-0.4314869464588362
-0.11970000000000014,-0.4314869464588362
-0.12070000000000003,-0.43261871549872827
-0.12170000000000014,-0.4344578401885528
-0.12270000000000003,-0.4343163690585663
-0.12370000000000014,-0.4348822535785123
-0.12470000000000003,-0.43615549374839085
-0.12570000000000014,-0.4371457916582963
-0.12670000000000003,-0.43940932973808033
-0.12770000000000015,-0.43870197408814793
-0.12870000000000004,-0.4396922719980534
-0.12970000000000015,-0.4412484544279049
-0.13070000000000004,-0.44153139668787794
-0.13170000000000015,-0.4433705213777025
-0.13270000000000004,-0.444360819287608
-0.13370000000000015,-0.4447852326775675
-0.13470000000000004,-0.4469072996273651
-0.13570000000000015,-0.4464828862374056
-0.13670000000000004,-0.44874642431718964
-0.13770000000000016,-0.4511514335269602
-0.13870000000000005,-0.45086849126698714
-0.13970000000000016,-0.4521417314368657
-0.14070000000000005,-0.4556785096865283
-0.14170000000000016,-0.45539556742655535
-0.14270000000000005,-0.45751763437635284
-0.14370000000000016,-0.4573761632463663
-0.14470000000000005,-0.4599226435861234
-0.14570000000000016,-0.462044710535921
-0.14670000000000005,-0.46331795070579956
-0.14770000000000016,-0.46459119087567796
-0.14870000000000005,-0.4661473733055296
-0.14970000000000017,-0.4672791423454216
-0.15070000000000006,-0.4708159205950842
-0.15170000000000017,-0.47166474737500325
-0.15270000000000006,-0.47322092980485475
-0.15370000000000017,-0.47392828545478727
-0.15470000000000006,-0.4778894770944094
-0.15570000000000017,-0.48001154404420693
-0.15670000000000006,-0.48199213986401795
-0.15770000000000017,-0.48340685116388304
-0.15870000000000006,-0.48708510054353216
-0.15970000000000018,-0.48765098506347815
-0.16070000000000007,-0.49033893653322164
-0.16170000000000018,-0.4935927725229112
-0.16270000000000007,-0.4950074838227763
-0.16370000000000018,-0.4984027909424524
-0.16470000000000007,-0.5006663290222364
-0.16570000000000018,-0.5027883959720341
-0.16670000000000007,-0.5075984143915752
-0.16770000000000018,-0.5088716545614537
-0.16870000000000007,-0.5107107792512783
-0.16970000000000018,-0.5139646152409678
-0.17070000000000007,-0.5163696244507384
-0.17170000000000019,-0.520189344960374
-0.17270000000000008,-0.5235846520800501
-0.1737000000000002,-0.5244334788599692
-0.17470000000000008,-0.5298093817994564
-0.1757000000000002,-0.5317899776192673
-0.17670000000000008,-0.5360341115188624
-0.1777000000000002,-0.5402782454184575
-0.17870000000000008,-0.5428247257582146
-0.1797000000000002,-0.5466444462678502
-0.18070000000000008,-0.5507471090374588
-0.1817000000000002,-0.5528691759872564
-0.18270000000000008,-0.557820665536784
-0.1837000000000002,-0.5607915592665006
-0.1847000000000001,-0.5651771642960822
-0.1857000000000002,-0.5701286538456097
-0.1867000000000001,-0.5732410187053129
-0.1877000000000002,-0.577485152604908
-0.1887000000000001,-0.5820122287644761
-0.1897000000000002,-0.5861148915340847
-0.1907000000000001,-0.5916322656035584
-0.1917000000000001,-0.5965837551530859
-0.19269999999999998,-0.6005449467927081
-0.1937000000000001,-0.6046476095623167
-0.19469999999999998,-0.6098820413718172
-0.1957000000000001,-0.6152579443113044
-0.19669999999999999,-0.6200679627308455
-0.1977000000000001,-0.6243120966304406
-0.1987,-0.6313856531297658
-0.1997000000000001,-0.635912729289334
-0.2007,-0.6419959878787537
-0.2017000000000001,-0.6493524866380518
-0.2027,-0.6531722071476874
-0.2037000000000001,-0.6601042925170262
-0.2047,-0.6668949067563783
-0.2057000000000001,-0.672695223085825
-0.2067,-0.6806176063650692
-0.2077000000000001,-0.6862764515645293
-0.2087,-0.6941988348437735
-0.2097000000000001,-0.7016968047330582
-0.2107,-0.7074971210625048
-0.2117000000000001,-0.7147121486918165
-0.2127,-0.7227760031010473
-0.2137000000000001,-0.7318301554201835
-0.2147,-0.7410257788693063
-0.2157000000000001,-0.7517775847482805
-0.2167,-0.7570120165577812
-0.21770000000000012,-0.7664905822668768
-0.2187,-0.774695907806094
-0.21970000000000012,-0.7838915312552168
-0.2207,-0.793511568094299
-0.22170000000000012,-0.8024242492834487
-0.2227,-0.8130345840324366
-0.22370000000000012,-0.8216643229616133
-0.2247,-0.8334064267504931
-0.22570000000000012,-0.8441582326294674
-0.2267,-0.8527879715586442
-0.22770000000000012,-0.8652374309974565
-0.22870000000000001,-0.8785357172161878
-0.22970000000000013,-0.8891460519651755
-0.23070000000000002,-0.9006052134940823
-0.23170000000000013,-0.9124887884129486
-0.23270000000000002,-0.92578707463168
-0.23370000000000013,-0.9392268319803979
-0.23470000000000002,-0.9521007048091696
-0.23570000000000013,-0.9649745776379416
-0.23670000000000002,-0.978838748376619
-0.2376999999999999,-0.9927029191152963
-0.23870000000000002,-1.0091135701937306
-0.2396999999999999,-1.0228362698024216
-0.24070000000000003,-1.037266325061045
-0.24169999999999991,-1.0532525627495197
-0.24270000000000003,-1.0685314447880623
-0.24369999999999992,-1.086215336036375
-0.24470000000000003,-1.100503920165012
-0.24569999999999992,-1.1171975135034193
-0.24670000000000003,-1.135588760401665
-0.24769999999999992,-1.153838536169924
-0.24870000000000003,-1.1718053696782098
-0.24969999999999992,-1.1887819052765902
-0.25070000000000003,-1.207739036694782
-0.2516999999999999,-1.2292426484527306
-0.25270000000000004,-1.2487656643908678
-0.2536999999999999,-1.2675813246790728
-0.25470000000000004,-1.2882361096571022
-0.2556999999999999,-1.3076176544652534
-0.25670000000000004,-1.3301115641331076
-0.25769999999999993,-1.3514737047610696
-0.25870000000000004,-1.3748164412088428
-0.25969999999999993,-1.3961785818368047
-0.26070000000000004,-1.4175407224647667
-0.26169999999999993,-1.4415908145624723
-0.26270000000000004,-1.4670556179600431
-0.26369999999999993,-1.4896909987578837
-0.26470000000000005,-1.5137410908555893
-0.26569999999999994,-1.540620605553025
-0.26670000000000005,-1.5675001202504606
-0.26769999999999994,-1.5915502123481662
-0.26870000000000005,-1.6184297270456018
-0.26969999999999994,-1.6467239530429028
-0.27070000000000005,-1.6736034677403384
-0.27169999999999994,-1.700482982437774
-0.27270000000000005,-1.7287772084350748
-0.27369999999999994,-1.7556567231325106
-0.27470000000000006,-1.7853656604296764
-0.27569999999999995,-1.8164893090267071
-0.27670000000000006,-1.8461982463238729
-0.27769999999999995,-1.8773218949209036
-0.27870000000000006,-1.9084455435179344
-0.27969999999999995,-1.9395691921149654
-0.28070000000000006,-1.9735222633117262
-0.28169999999999995,-2.0032312006088917
-0.28270000000000006,-2.0371842718056525
-0.28369999999999995,-2.073966765602144
-0.28470000000000006,-2.1079198367989047
-0.28569999999999995,-2.1418729079956655
-0.28670000000000007,-2.177240690492291
-0.28769999999999996,-2.2126084729889177
-0.28870000000000007,-2.249390966785408
-0.28969999999999996,-2.2875881718817643
-0.29070000000000007,-2.3229559543783904
-0.29169999999999996,-2.3639825820744766
-0.29270000000000007,-2.4035944984706976
-0.29369999999999996,-2.4417917035670533
-0.2947000000000001,-2.4828183312631396
-0.29569999999999996,-2.5210155363594953
-0.2967000000000001,-2.5634568753554463
-0.29769999999999996,-2.6058982143513973
-0.2987000000000001,-2.6440954194477535
-0.29969999999999997,-2.6879514697435702
-0.3007000000000001,-2.730392808739521
-0.30169999999999997,-2.772834147735472
-0.3027000000000001,-2.8166901980312877
-0.30369999999999997,-2.859131537027239
-0.3047000000000001,-2.9072317212226504
-0.30569999999999997,-2.9539171941181968
-0.3067000000000001,-2.999187955713878
-0.3077,-3.0458734286094242
-0.3087000000000001,-3.0953883241047
-0.3097,-3.1420737970002466
-0.3107000000000001,-3.1944181150952526
-0.3117,-3.2411035879907995
-0.3127000000000001,-3.287789060886346
-0.3137,-3.3373039563816214
-0.3147000000000001,-3.389648274476628
-0.3157,-3.4448220151713644
-0.3167000000000001,-3.492922199366775
-0.3177,-3.543851806161917
-0.3187000000000001,-3.594781412957058
-0.3197,-3.647125731052064
-0.3207000000000001,-3.7037141830466664
-0.3217,-3.764546768940863
-0.3227000000000001,-3.8168910870358688
-0.3237,-3.8649912712312804
-0.3247000000000001,-3.9215797232258818
-0.3257,-3.982412309120079
-0.3267000000000001,-4.03900076111468
-0.3277,-4.094174501809416
-0.3287000000000001,-4.150762953804017
-0.3297,-4.215839673597809
-0.3307000000000001,-4.27525754819214
-0.3317,-4.3332607114866075
-0.3327000000000001,-4.394093297380804
-0.3337,-4.454925883275001
-0.3347000000000001,-4.515758469169198
-0.3357,-4.579420477663124
-0.3367000000000001,-4.63742364095759
-0.3377,-4.712403339850438
-0.3387000000000001,-4.773235925744634
-0.3397,-4.80577428564153
-0.3407000000000001,-4.863777448935997
-0.3417,-4.9302688800296535
-0.3427000000000001,-4.998175022423175
-0.3437,-5.060422319617237
-0.3447000000000001,-5.132572595910353
-0.3457,-5.204722872203471
-0.3467000000000001,-5.262726035497936
-0.3477,-5.368829382987815
-0.3487000000000001,-5.431076680181876
-0.3497,-5.477762153077422
-0.3507000000000001,-5.548497718070673
-0.3517,-5.614989149164331
-0.3527000000000001,-5.6913835593570425
-0.3537,-5.759289701750564
-0.3547000000000001,-5.83143997804368
-0.3557,-5.912078522135989
-0.35670000000000013,-5.9884729323287
-0.3577,-6.062037919921682
-0.35870000000000013,-6.139847041414258
-0.3597,-6.206338472507916
-0.36070000000000013,-6.282732882700628
-0.3617,-6.357712581593474
-0.3626999999999999,-6.466645351683083
-0.3637,-6.526063226277413
-0.3646999999999999,-6.615190038168912
-0.3657,-6.683096180562433
-0.3666999999999999,-6.75524645685555
-0.3677,-6.831640867048262
-0.3686999999999999,-6.9122794111405685
-0.36970000000000003,-6.992917955232877
-0.3706999999999999,-7.077800633224777
-0.37170000000000003,-7.190977537213982
-0.3726999999999999,-7.246151277908718
-0.37370000000000003,-7.326789822001024
-0.3746999999999999,-7.408843077393197
-0.37570000000000003,-7.4937257553851
-0.3766999999999999,-7.582852567276596
-0.37770000000000004,-7.660661688769173
-0.3786999999999999,-7.752617923260401
-0.37970000000000004,-7.840330023852035
-0.3806999999999999,-7.939359814842586
-0.38170000000000004,-8.012924802435567
-0.38269999999999993,-8.093563346527874
-0.38370000000000004,-8.181275447119509
-0.38469999999999993,-8.276061104210465
-0.38570000000000004,-8.376505606500881
-0.38669999999999993,-8.459973573192919
-0.38770000000000004,-8.559003364183472
-0.38869999999999993,-8.641056619575643
-0.38970000000000005,-8.740086410566196
-0.39069999999999994,-8.824969088558099
-0.39170000000000005,-8.919754745649056
-0.39269999999999994,-9.011710980140284
-0.39370000000000005,-9.102252503331647
-0.39469999999999994,-9.205526428221793
-0.39570000000000005,-9.303141507912482
-0.39669999999999994,-9.402171298903033
-0.39770000000000005,-9.505445223793181
-0.39869999999999994,-9.601645592184004
-0.39970000000000006,-9.69360182667523
-0.40069999999999995,-9.795461040265515
-0.40170000000000006,-9.89024669735647
-0.40269999999999995,-9.98786177704716
-0.40370000000000006,-10.085476856737847
-0.40469999999999995,-10.195824338127318
-0.40570000000000006,-10.294854129117871
-0.40669999999999995,-10.388225074908965
-0.40770000000000006,-10.483010731999922
-0.40869999999999995,-10.59760234728899
-0.40970000000000006,-10.693802715679812
-0.41069999999999995,-10.7914177953705
-0.41170000000000007,-10.900350565460107
-0.41269999999999996,-11.013527469449311
-0.41370000000000007,-11.096995436141347
-0.41469999999999996,-11.20734291753082
-0.41570000000000007,-11.310616842420966
-0.41669999999999996,-11.420964323810443
-0.41770000000000007,-11.542629495598835
-0.41869999999999996,-11.643073997889251
-0.4197000000000001,-11.747762634079265
-0.42069999999999996,-11.869427805867657
-0.4217000000000001,-11.978360575957266
-0.42269999999999996,-12.075975655647953
-0.4237000000000001,-12.194811404836617
-0.42469999999999997,-12.295255907127034
-0.4257000000000001,-12.450874150112186
-0.42669999999999997,-12.55839220890193
-0.4277000000000001,-12.664495556391808
-0.42869999999999997,-12.779087171680876
-0.4297000000000001,-12.90075234346927
-0.43069999999999997,-13.00544097965928
-0.4317000000000001,-13.110129615849296
-0.4327,-13.226135942438228
-0.4337000000000001,-13.344971691626892
-0.4347,-13.473710419914608
-0.4357000000000001,-13.610937416001518
-0.4367,-13.729773165190181
-0.4377000000000001,-13.828802956180734
-0.4387,-13.941979860169937
-0.4397000000000001,-14.05515676415914
-0.4407,-14.175407224647667
-0.4417000000000001,-14.274437015638219
-0.4427,-14.373466806628771
-0.4437000000000001,-14.514937936615278
-0.4447,-14.642261953603128
-0.4457000000000001,-14.769585970590983
-0.4467,-14.896909987578834
-0.4477000000000001,-15.01008689156804
-0.4487,-15.151558021554543
-0.4497000000000001,-15.264734925543747
-0.4507,-15.406206055530248
-0.4517000000000001,-15.519382959519453
-0.4527,-15.646706976507305
-0.4537000000000001,-15.78817810649381
-0.4547,-15.901355010483012
-0.4557000000000001,-16.000384801473565
-0.4567,-16.127708818461418
-0.4577000000000001,-16.25503283544927
-0.4587,-16.424798191433077
-0.4597000000000001,-16.56626932141958
-0.4607,-16.693593338407435
-0.4617000000000001,-16.820917355395284
-0.4627,-16.94824137238314
-0.4637000000000001,-17.061418276372343
-0.4647,-17.174595180361546
-0.4657000000000001,-17.2736249713521
-0.4667,-17.40094898833995
-0.4677000000000001,-17.556567231325104
-0.4687,-17.683891248312957
-0.4697000000000001,-17.825362378299463
-0.4707,-17.952686395287316
-0.4717000000000001,-18.09415752527382
-0.4727,-18.221481542261674
-0.4737000000000001,-18.391246898245473
-0.4747,-18.504423802234676
-0.4757000000000001,-18.631747819222536
-0.4767,-18.77321894920904
-0.4777000000000001,-18.985425644188794
-0.4787,-19.070308322180697
-0.4797000000000001,-19.197632339168546
-0.4807,-19.367397695152352
-0.48170000000000013,-19.537163051136158
-0.4827,-19.65033995512536
-0.48370000000000013,-19.820105311109163
-0.4847,-19.961576441095666
-0.48570000000000013,-20.13134179707947
-0.4867,-20.286960040064624
-0.4876999999999999,-20.414284057052477
-0.4887,-20.555755187038983
-0.4896999999999999,-20.79625610801604
-0.4907,-20.89528589900659
-0.4916999999999999,-21.008462802995794
-0.4927,-21.13578681998365
-0.4936999999999999,-21.277257949970153
-0.49470000000000003,-21.489464644949905
-0.4956999999999999,-21.602641548939108
-0.49670000000000003,-21.800701130920213
-0.4976999999999999,-22.012907825899973
-0.49870000000000003,-22.126084729889175
-0.4996999999999999,-22.267555859875678
-0.5007,-22.437321215859484
-0.5016999999999999,-22.592939458844636
-0.5027,-22.790999040825742
-0.5036999999999999,-22.960764396809545
-0.5047,-23.13052975279335
-0.5056999999999999,-23.286147995778503
-0.5067,-23.44176623876366
-0.5076999999999999,-23.62567870774611
-0.5087,-23.724708498736668
-0.5096999999999999,-23.894473854720466
-0.5107,-24.035944984706973
-0.5116999999999999,-24.23400456668808
-0.5127,-24.40376992267188
-0.5136999999999999,-24.559388165657033
-0.5147,-24.67256506964624
-0.5156999999999999,-24.870624651627345
-0.5167,-25.012095781613848
-0.5176999999999999,-25.153566911600354
-0.5187,-25.323332267584156
-0.5196999999999999,-25.46480339757066
-0.5207,-25.662862979551768
-0.5216999999999999,-25.832628335535567
-0.5227,-26.030687917516673
-0.5236999999999999,-26.22874749949778
-0.5247,-26.412659968480234
-0.5257,-26.58242532446404
-0.5267000000000001,-26.738043567449193
-0.5277,-26.921956036431645
-0.5287000000000001,-27.0775742794168
-0.5297,-27.261486748399253
-0.5307000000000001,-27.445399217381713
-0.5317,-27.601017460366865
-0.5327000000000001,-27.756635703352025
-0.5337,-27.940548172334477
-0.5347000000000001,-28.13860775431558
-0.5357,-28.32252022329803
-0.5367000000000001,-28.506432692280487
-0.5377,-28.690345161262943
-0.5387000000000001,-28.9025518562427
-0.5397,-29.072317212226505
-0.5407000000000001,-29.242082568210304
-0.5417,-29.440142150191413
-0.5427000000000001,-29.66649595816982
-0.5437,-29.850408427152274
-0.5447000000000001,-30.03432089613473
-0.5457,-30.204086252118536
-0.5467000000000001,-30.387998721100992
-0.5477,-30.54361696408614
-0.5487000000000001,-30.741676546067247
-0.5497,-30.925589015049702
-0.5507000000000001,-31.12364859703081
-0.5517,-31.30756106601326
-0.5527000000000001,-31.533914873991666
-0.5537,-31.703680229975475
-0.5547000000000001,-31.930034037953877
-0.5557,-32.15638784593229
-0.5567000000000001,-32.32615320191609
-0.5577,-32.52421278389719
-0.5587000000000001,-32.7788608178729
-0.5597,-32.87789060886345
-0.5607000000000001,-33.04765596484726
-0.5617,-33.302303998822964
-0.5627000000000001,-33.51451069380272
-0.5637,-33.79745295377573
-0.5647000000000001,-33.99551253575683
-0.5657,-34.25016056973254
-0.5667000000000001,-34.47651437771095
-0.5677,-34.60383839469879
-0.5687000000000001,-34.8301922026772
-0.5697,-35.02825178465831
-0.5707000000000001,-35.282899818634014
-0.5717,-35.52340073961108
-0.5727000000000001,-35.778048773586775
-0.5737,-36.01854969456383
-0.5747000000000001,-36.244903502542236
-0.5757,-36.37222751953009
-0.5767000000000001,-36.570287101511205
-0.5777,-36.796640909489604
-0.5787000000000001,-37.05128894346531
-0.5797,-37.291789864442364
-0.5807000000000001,-37.47570233342482
-0.5817,-37.702056141403226
-0.5827000000000001,-37.94255706238028
-0.5837,-38.211352209354644
-0.5847000000000001,-38.5084415823263
-0.5857,-38.692354051308754
-0.5867000000000001,-38.57917714731955
-0.5857,-38.253793548350586
-0.5847000000000001,-37.88596861038568
-0.5837,-37.617173463411326
-0.5827000000000001,-37.376672542434264
-0.5817,-37.00884760446935
-0.5807000000000001,-36.725905344496354
-0.5797,-36.4288159715247
-0.5787000000000001,-36.03269680756248
-0.5777,-35.735607434590825
-0.5767000000000001,-35.48095940061512
-0.5757,-35.254605592636715
-0.5747000000000001,-34.84433931567585
-0.5737,-34.47651437771095
-0.5727000000000001,-34.25016056973254
-0.5717,-33.98136542275818
-0.5707000000000001,-33.783305840777075
-0.5697,-33.47206935480677
-0.5687000000000001,-33.11839152984051
-0.5677,-32.821302156868846
-0.5667000000000001,-32.53835989689585
-0.5657,-32.269564749921486
-0.5647000000000001,-31.986622489948477
-0.5637,-31.731974455972775
-0.5627000000000001,-31.420737970002463
-0.5617,-31.23682550102001
-0.5607000000000001,-30.968030354045652
-0.5597,-30.685088094072643
-0.5587000000000001,-30.51532273808884
-0.5577,-30.331410269106385
-0.5567000000000001,-30.11920357412663
-0.5557,-29.878702653149578
-0.5547000000000001,-29.539171941181966
-0.5537,-29.284523907206257
-0.5527000000000001,-29.100611438223805
-0.5517,-28.761080726256196
-0.5507000000000001,-28.548874031276437
-0.5497,-28.294225997300735
-0.5487000000000001,-28.06787218932233
-0.5477,-27.841518381343924
-0.5467000000000001,-27.62931168636417
-0.5457,-27.445399217381713
-0.5447000000000001,-27.190751183406004
-0.5437,-27.00683871442355
-0.5427000000000001,-26.808779132442442
-0.5417,-26.58242532446404
-0.5407000000000001,-26.370218629484285
-0.5397,-26.14386482150588
-0.5387000000000001,-25.974099465522073
-0.5377,-25.77603988354097
-0.5367000000000001,-25.634568753554465
-0.5357,-25.45065628457201
-0.5347000000000001,-25.238449589592253
-0.5337,-25.026242894612498
-0.5327000000000001,-24.870624651627345
-0.5317,-24.757447747638142
-0.5307000000000001,-24.559388165657033
-0.5297,-24.34718147067728
-0.5287000000000001,-24.16326900169483
-0.5277,-23.97935653271237
-0.5267000000000001,-23.823738289727217
-0.5257,-23.597384481748815
-0.5247,-23.47006046476096
-0.5236999999999999,-23.300295108777156
-0.5227,-23.059794187800097
-0.5216999999999999,-22.84758749282034
-0.5207,-22.66367502383789
-0.5196999999999999,-22.493909667854084
-0.5187,-22.33829142486893
-0.5176999999999999,-22.182673181883775
-0.5167,-22.04120205189727
-0.5156999999999999,-21.843142469916167
-0.5147,-21.602641548939108
-0.5136999999999999,-21.390434853959356
-0.5127,-21.22066949797555
-0.5116999999999999,-21.050904141991744
-0.5107,-20.881138786007945
-0.5096999999999999,-20.72552054302279
-0.5087,-20.569902300037633
-0.5076999999999999,-20.38598983105518
-0.5067,-20.25866581406732
-0.5056999999999999,-20.07475334508487
-0.5047,-19.904987989101066
-0.5036999999999999,-19.749369746115914
-0.5027,-19.593751503130758
-0.5016999999999999,-19.409839034148305
-0.5007,-19.25422079116315
-0.4996999999999999,-19.084455435179343
-0.49870000000000003,-18.92883719219419
-0.4976999999999999,-18.80151317520634
-0.49670000000000003,-18.617600706223882
-0.4956999999999999,-18.461982463238726
-0.49470000000000003,-18.320511333252224
-0.4936999999999999,-18.15074597726842
-0.4927,-18.02342196028057
-0.4916999999999999,-17.853656604296763
-0.4907,-17.74047970030756
-0.4896999999999999,-17.556567231325104
-0.4887,-17.40094898833995
-0.4876999999999999,-17.259477858353446
-0.4867,-17.132153841365596
-0.48570000000000013,-16.97653559838044
-0.4847,-16.820917355395284
-0.48370000000000013,-16.679446225408782
-0.4827,-16.52382798242363
-0.48170000000000013,-16.396503965435777
-0.4807,-16.28332706144657
-0.4797000000000001,-16.269179948447924
-0.4787,-16.141855931460068
-0.4777000000000001,-15.986237688474914
-0.4767,-15.844766558488407
-0.4757000000000001,-15.689148315503255
-0.4747,-15.547677185516752
-0.4737000000000001,-15.406206055530248
-0.4727,-15.264734925543747
-0.4717000000000001,-15.137410908555893
-0.4707,-14.995939778569388
-0.4697000000000001,-14.882762874580186
-0.4687,-14.755438857592333
-0.4677000000000001,-14.599820614607177
-0.4667,-14.458349484620674
-0.4657000000000001,-14.331025467632822
-0.4647,-14.231995676642269
-0.4637000000000001,-14.10891579355401
-0.4627,-13.954712261868721
-0.4617000000000001,-13.848608914378843
-0.4607,-13.726943742590452
-0.4597000000000001,-13.609522704701652
-0.4587,-13.50200464591191
-0.4577000000000001,-13.38175418542338
-0.4567,-13.285553817032559
-0.4557000000000001,-13.163888645244166
-0.4547,-13.032320494356718
-0.4537000000000001,-12.906411188668729
-0.4527,-12.798893129878989
-0.4517000000000001,-12.68996035978938
-0.4507,-12.55839220890193
-0.4497000000000001,-12.45653299531165
-0.4487,-12.354673781721367
-0.4477000000000001,-12.245741011631758
-0.4467,-12.13963766414188
-0.4457000000000001,-12.039193161851461
-0.4447,-11.944407504760505
-0.4437000000000001,-11.821327621672246
-0.4427,-11.686930048185067
-0.4417000000000001,-11.583656123294919
-0.4407,-11.487455754904099
-0.4397000000000001,-11.358717026616379
-0.4387,-11.242710700027445
-0.4377000000000001,-11.123874950838783
-0.4367,-11.017771603348905
-0.4357000000000001,-10.903179988059838
-0.4347,-10.809809042268745
-0.4337000000000001,-10.699461560879271
-0.4327,-10.60326119248845
-0.4317000000000001,-10.504231401497897
-0.43069999999999997,-10.400957476607749
-0.4297000000000001,-10.28919528391841
-0.42869999999999997,-10.211386162425834
-0.4277000000000001,-10.110941660135417
-0.42669999999999997,-10.003423601345673
-0.4257000000000001,-9.894490831256066
-0.42469999999999997,-9.82799940016241
-0.4237000000000001,-9.786972772466322
-0.42269999999999996,-9.700675383174557
-0.4217000000000001,-9.612963282582925
-0.42069999999999996,-9.504030512493316
-0.4197000000000001,-9.402171298903033
-0.41869999999999996,-9.32577688871032
-0.41770000000000007,-9.225332386419904
-0.41669999999999996,-9.11498490503043
-0.41570000000000007,-9.01878453663961
-0.41469999999999996,-8.938145992547302
-0.41370000000000007,-8.833457356357288
-0.41269999999999996,-8.742915833165926
-0.41170000000000007,-8.656618443874159
-0.41069999999999995,-8.564662209382933
-0.40970000000000006,-8.46846184099211
-0.40869999999999995,-8.384993874300074
-0.40770000000000006,-8.298696485008303
-0.40669999999999995,-8.209569673116807
-0.40570000000000006,-8.140248819423421
-0.40469999999999995,-8.059610275331114
-0.40370000000000006,-7.9747275973392115
-0.40269999999999995,-7.870038961149199
-0.40170000000000006,-7.787985705757026
-0.40069999999999995,-7.715835429463911
-0.39970000000000006,-7.628123328872277
-0.39869999999999994,-7.537581805680916
-0.39770000000000005,-7.465431529387798
-0.39669999999999994,-7.390451830494952
-0.39570000000000005,-7.304154441203185
-0.39469999999999994,-7.232004164910067
-0.39370000000000005,-7.137218507819109
-0.39269999999999994,-7.043847562028017
-0.39170000000000005,-6.967453151835306
-0.39069999999999994,-6.891058741642594
-0.38970000000000005,-6.813249620150017
-0.38869999999999993,-6.7283669421581145
-0.38770000000000004,-6.653387243265268
-0.38669999999999993,-6.574163410472826
-0.38570000000000004,-6.4850365985813285
-0.38469999999999993,-6.407227477088751
-0.38370000000000004,-6.333662489495769
-0.38269999999999993,-6.268585769701978
-0.38170000000000004,-6.20209433860832
-0.3806999999999999,-6.115796949316553
-0.37970000000000004,-6.033743693924381
-0.3786999999999999,-5.957349283731669
-0.37770000000000004,-5.889443141338147
-0.3766999999999999,-5.820122287644761
-0.37570000000000003,-5.74938672265151
-0.3746999999999999,-5.687139425457448
-0.37370000000000003,-5.613574437864465
-0.3726999999999999,-5.538594738971618
-0.37170000000000003,-5.466444462678503
-0.3706999999999999,-5.405611876784305
-0.36970000000000003,-5.337705734390783
-0.3686999999999999,-5.261311324198071
-0.3677,-5.200478738303874
-0.3666999999999999,-5.132572595910353
-0.3657,-5.070325298716291
-0.3646999999999999,-5.0052485789225
-0.3637,-4.941586570428573
-0.3626999999999999,-4.876509850634781
-0.3617,-4.810018419541125
-0.36070000000000013,-4.742112277147603
-0.3597,-4.684109113853137
-0.35870000000000013,-4.624691239258805
-0.3577,-4.562443942064744
-0.35670000000000013,-4.505855490070142
-0.3557,-4.4379493476766205
-0.3547000000000001,-4.374287339182693
-0.3537,-4.313454753288497
-0.3527000000000001,-4.254036878694166
-0.3517,-4.184716025000778
-0.3507000000000001,-4.1295422843060425
-0.3497,-4.075783254911171
-0.3487000000000001,-4.017780091616704
-0.3477,-3.952703371822913
-0.3467000000000001,-3.903188476327636
-0.3457,-3.84518531303317
-0.3447000000000001,-3.7928409949381634
-0.3437,-3.7362525429435625
-0.3427000000000001,-3.67966409094896
-0.3417,-3.6202462163546287
-0.3407000000000001,-3.569316609559488
-0.3397,-3.5141428688647514
-0.3387000000000001,-3.453310282970554
-0.3377,-3.3981365422758185
-0.3367000000000001,-3.347206935480677
-0.3357,-3.2991067512852656
-0.3347000000000001,-3.253835989689584
-0.3337,-3.201491671594578
-0.3327000000000001,-3.1463179308998415
-0.3317,-3.0939736128048354
-0.3307000000000001,-3.0458734286094242
-0.3297,-2.990699687914687
-0.3287000000000001,-2.942599503719276
-0.3277,-2.8959140308237297
-0.3267000000000001,-2.8492285579281837
-0.3257,-2.798298951133043
-0.3247000000000001,-2.7516134782374966
-0.3237,-2.7077574279416803
-0.3227000000000001,-2.6681455115454593
-0.3217,-2.6257041725495083
-0.3207000000000001,-2.576189277054232
-0.3197,-2.5280890928588207
-0.3187000000000001,-2.4785741973635442
-0.3177,-2.4290593018682682
-0.3167000000000001,-2.383788540272587
-0.3157,-2.3427619125765005
-0.3147000000000001,-2.3144676865791998
-0.3137,-2.2691969249835187
-0.3127000000000001,-2.2239261633878376
-0.3117,-2.1800701130920217
-0.3107000000000001,-2.13762877409607
-0.3097,-2.0937727238002544
-0.3087000000000001,-2.052746096104168
-0.3077,-2.011719468408082
-0.3067000000000001,-1.9749369746115912
-0.30569999999999997,-1.933910346915505
-0.3047000000000001,-1.891469007919554
-0.30369999999999997,-1.8561012254229279
-0.3027000000000001,-1.813659886426977
-0.30169999999999997,-1.779706815230216
-0.3007000000000001,-1.7386801875341302
-0.29969999999999997,-1.700482982437774
-0.2987000000000001,-1.6622857773414181
-0.29769999999999996,-1.6255032835449272
-0.2967000000000001,-1.587306078448571
-0.29569999999999996,-1.5590118524512704
-0.2947000000000001,-1.5250587812545096
-0.29369999999999996,-1.4868615761581534
-0.29270000000000007,-1.4529085049613928
-0.29169999999999996,-1.4373466806628774
-0.29070000000000007,-1.3916515056772365
-0.28969999999999996,-1.3537372428408536
-0.28870000000000007,-1.319642700514106
-0.28769999999999996,-1.2886605230470618
-0.28670000000000007,-1.2556977497602064
-0.28569999999999995,-1.2249985145531352
-0.28470000000000006,-1.1941578082160775
-0.28369999999999995,-1.1694003604684393
-0.28270000000000006,-1.141247605601125
-0.28169999999999995,-1.1102654281340807
-0.28070000000000006,-1.076029414677347
-0.27969999999999995,-1.0467448907701407
-0.27870000000000006,-1.0160456555630692
-0.27769999999999995,-0.9859123048759442
-0.27670000000000006,-0.9571936654886839
-0.27569999999999995,-0.9287579683613965
-0.27470000000000006,-0.90272728044388
-0.27369999999999994,-0.8759892368764308
-0.27270000000000005,-0.848543837659049
-0.27169999999999994,-0.8215228518316268
-0.27070000000000005,-0.794077452614245
-0.26969999999999994,-0.7683297069567014
-0.26870000000000005,-0.7445625571189688
-0.26769999999999994,-0.7189562825914116
-0.26670000000000005,-0.6927841235439085
-0.26569999999999994,-0.6685925603162164
-0.26470000000000005,-0.6438351125685782
-0.26369999999999993,-0.6223315008106296
-0.26270000000000004,-0.5975740530629915
-0.26169999999999993,-0.5753630856551104
-0.26070000000000004,-0.5537180027671754
-0.25969999999999993,-0.5307996797093618
-0.25870000000000004,-0.5117010771611837
-0.25769999999999993,-0.48977305201327564
-0.25670000000000004,-0.4682694402553271
-0.2556999999999999,-0.44747318414731113
-0.25470000000000004,-0.4265354569093086
-0.2536999999999999,-0.40658802758121154
-0.25270000000000004,-0.38763089616302
-0.2516999999999999,-0.36796640909489603
-0.25070000000000003,-0.3497166333266371
-0.24969999999999992,-0.328637434958648
-0.24870000000000003,-0.31123648597030806
-0.24769999999999992,-0.29397700811195465
-0.24670000000000003,-0.27473693443379016
-0.24569999999999992,-0.2584677544853422
-0.24470000000000003,-0.24050092097705625
-0.24369999999999992,-0.2232414431187028
-0.24270000000000003,-0.2078210899501739
-0.24169999999999991,-0.19042014096183393
-0.24070000000000003,-0.17443390327335903
-0.2396999999999999,-0.1584476655848841
-0.23870000000000002,-0.1434517258063147
-0.2376999999999999,-0.1280879610897804
-0.23670000000000002,-0.1134456991361773
-0.23570000000000013,-0.09744531433470371
-0.23470000000000002,-0.08427435213296022
-0.23370000000000013,-0.06949061904937061
-0.23270000000000002,-0.055640595423691895
-0.23170000000000013,-0.0424130447699538
-0.23070000000000002,-0.029482583489187364
-0.22970000000000013,-0.016283327061446574
-0.22870000000000001,-0.0037376672542434267
-0.22770000000000012,0.00987044073915836
-0.2267,0.02119237527197825
-0.22570000000000012,0.033146685755837804
-0.2247,0.04583664611562719
-0.22370000000000012,0.05671577601158932
-0.2227,0.06820323176649341
-0.22170000000000012,0.07959165773040697
-0.2207,0.08928243013448246
-0.21970000000000012,0.10129332907033663
-0.2187,0.11043236406746475
-0.21770000000000012,0.12073146233048222
-0.2167,0.13187938737341873
-0.2157000000000001,0.14430055258623375
-0.2147,0.15222293586547794
-0.2137000000000001,0.16056973253468165
-0.2127,0.16877505807389886
-0.2117000000000001,0.17924392169290015
-0.2107,0.18674189158218485
-0.2097000000000001,0.19579604390132105
-0.2087,0.20569902300037635
-0.2077000000000001,0.21291405062968802
-0.2067,0.22097790503891873
-0.2057000000000001,0.22875881718817642
-0.2047,0.2368226715974071
-0.2037000000000001,0.24587682391654336
-0.2027,0.25012095781613847
-0.2017000000000001,0.2580433410953827
-0.2007,0.2662486666345999
-0.1997000000000001,0.2723319252240196
-0.1987,0.27898106833338526
-0.1977000000000001,0.28591315370272397
-0.19669999999999999,0.2911475855122245
-0.1957000000000001,0.2972308441016442
-0.19469999999999998,0.30232380478115833
-0.1937000000000001,0.30897294789052404
-0.19269999999999998,0.31505620647994365
-0.1917000000000001,0.32014916715945774
-0.1907000000000001,0.3260909546188909
-0.1897000000000002,0.3313253864283916
-0.1887000000000001,0.33698423162785174
-0.1877000000000002,0.3426430768273119
-0.1867000000000001,0.3458969128170015
-0.1857000000000002,0.3511313446265021
-0.1847000000000001,0.35735607434590827
-0.1837000000000002,0.3603269680756248
-0.18270000000000008,0.36485404423519296
-0.1817000000000002,0.3695225915247476
-0.18070000000000008,0.3732008409043967
-0.1797000000000002,0.3792840994938163
-0.17870000000000008,0.38338676226342494
-0.1777000000000002,0.387347953903047
-0.17670000000000008,0.39187503006261515
-0.1757000000000002,0.39385562588242623
-0.17470000000000008,0.3986656443019673
-0.1737000000000002,0.4022024225516299
-0.17270000000000008,0.40559772967130603
-0.17170000000000019,0.40998333470088766
-0.17070000000000007,0.4123883439106582
-0.16970000000000018,0.4162080644202938
-0.16870000000000007,0.42031072718990237
-0.16770000000000018,0.42144249622979446
-0.16670000000000007,0.42582810125937604
-0.16570000000000018,0.42879899498909263
-0.16470000000000007,0.43247724436874174
-0.16370000000000018,0.4348822535785123
-0.16270000000000007,0.4365799071383503
-0.16170000000000018,0.4401166853880129
-0.16070000000000007,0.444360819287608
-0.15970000000000018,0.44605847284744604
-0.15870000000000006,0.44888789544717617
-0.15770000000000017,0.4512929046569467
-0.15670000000000006,0.45398085612669026
-0.15570000000000017,0.45681027872642027
-0.15470000000000006,0.45879087454623135
-0.15370000000000017,0.45978117245613687
-0.15270000000000006,0.46317647957581304
-0.15170000000000017,0.4655814887855836
-0.15070000000000006,0.4682694402553271
-0.14970000000000017,0.4698256226851787
-0.14870000000000005,0.47180621850498966
-0.14770000000000016,0.4744941699747333
-0.14670000000000005,0.4760503524045848
-0.14570000000000016,0.4776065348344364
-0.14470000000000005,0.480577428564153
-0.14370000000000016,0.4818506687340315
-0.14270000000000005,0.48368979342385604
-0.14170000000000016,0.4852459758537076
-0.14070000000000005,0.49033893653322164
-0.13970000000000016,0.4957148394727089
-0.13870000000000005,0.4957148394727089
-0.13770000000000016,0.49514895495276273
-0.13670000000000004,0.4978369064225064
-0.13570000000000015,0.4993930888523579
-0.13470000000000004,0.5012322135421824
-0.13370000000000015,0.5032128093619935
-0.13270000000000004,0.5040616361419126
-0.13170000000000015,0.5054763474417775
-0.13070000000000004,0.5068910587416426
-0.12970000000000015,0.5100034236013458
-0.12870000000000004,0.5114181349012108
-0.12770000000000015,0.5124084328111163
-0.12670000000000003,0.5150963842808599
-0.12570000000000014,0.5167940378406979
-0.12470000000000003,0.5197649315704145
-0.12370000000000014,0.5203308160903605
-0.12270000000000003,0.5206137583503335
-0.12170000000000014,0.5233017098200771
-0.12070000000000003,0.5261311324198072
-0.11970000000000014,0.5269799591997262
-0.11870000000000003,0.5292434972795103
-0.11770000000000014,0.5310826219693349
-0.11670000000000003,0.5322143910092269
-0.11570000000000014,0.5357511692588894
-0.11470000000000002,0.537590293948714
-0.11370000000000013,0.5382976495986466
-0.11270000000000002,0.5424003123682551
-0.11170000000000013,0.5429661968882011
-0.11070000000000024,0.5446638504480392
-0.10970000000000013,0.5467859173978367
-0.10870000000000024,0.5487665132176478
-0.10770000000000013,0.5515959358173778
-0.10670000000000024,0.5530106471172429
-0.10570000000000013,0.5551327140670403
-0.10470000000000024,0.5576791944067975
-0.10370000000000013,0.5576791944067975
-0.10270000000000024,0.5596597902266085
-0.10170000000000012,0.5634795107362441
-0.10070000000000023,0.5653186354260686
-0.09970000000000012,0.5688554136757313
-0.09870000000000023,0.5691383559357043
-0.09770000000000012,0.5711189517555153
-0.09670000000000023,0.5746557300051779
-0.09570000000000012,0.5762119124350294
-0.09470000000000023,0.578899863904773
-0.09370000000000012,0.5821536998944625
-0.09270000000000023,0.5841342957142737
-0.09170000000000011,0.5907834388236393
-0.09070000000000022,0.5902175543036933
-0.08970000000000011,0.5930469769034233
-0.08870000000000022,0.5955934572431805
-0.08770000000000011,0.5972911108030184
-0.08670000000000022,0.5998375911427756
-0.08570000000000011,0.6025255426125191
-0.08470000000000022,0.6060623208621817
-0.08370000000000011,0.6100235125018038
-0.08270000000000022,0.6115796949316553
-0.0817000000000001,0.6146920597913584
-0.08070000000000022,0.6180873669110345
-0.0797000000000001,0.6210582606407511
-0.07870000000000021,0.6247365100204001
-0.0777000000000001,0.6274244614901437
-0.07670000000000021,0.6298294706999144
-0.0757000000000001,0.6349224313794284
-0.07470000000000021,0.637893325109145
-0.0737000000000001,0.6419959878787537
-0.07270000000000021,0.6460986506483622
-0.0717000000000001,0.6493524866380518
-0.07070000000000021,0.653313678277674
-0.0697000000000001,0.6574163410472825
-0.0687000000000002,0.6615190038168911
-0.0677000000000001,0.6650557820665538
-0.0667000000000002,0.6685925603162164
-0.06570000000000009,0.6731196364757845
-0.0647000000000002,0.6790614239352176
-0.06370000000000009,0.6823152599249072
-0.0627000000000002,0.6883985185143269
-0.06170000000000009,0.6933500080638545
-0.0607000000000002,0.6967453151835306
-0.059700000000000086,0.7031115160329233
-0.058700000000000196,0.7066482942825859
-0.057700000000000085,0.712590081742019
-0.056700000000000195,0.7179659846815062
-0.05570000000000008,0.7220686474511148
-0.05470000000000019,0.7284348483005074
-0.05370000000000008,0.7326789822001024
-0.05270000000000019,0.7384792985295492
-0.05170000000000008,0.7458357972888473
-0.05070000000000019,0.7500799311884424
-0.04970000000000008,0.7578608433377001
-0.04870000000000019,0.7635196885371602
-0.047700000000000076,0.7697444182565665
-0.046700000000000186,0.7769594458858782
-0.045700000000000074,0.7845988869051493
-0.044700000000000184,0.7892674341947039
-0.04370000000000007,0.7967654040839887
-0.04270000000000018,0.8029901338033948
-0.04170000000000007,0.8106295748226661
-0.04070000000000018,0.8189763714918699
-0.03970000000000007,0.826049927991195
-0.03870000000000018,0.8341137824004257
-0.03770000000000007,0.8426020501996159
-0.03670000000000018,0.8495341355689546
-0.035700000000000065,0.8594371146680098
-0.034700000000000175,0.8665106711673349
-0.03370000000000006,0.8741501121866062
-0.03270000000000017,0.8846189758056074
-0.03170000000000006,0.8928243013448246
-0.03070000000000017,0.9015955114039879
-0.02970000000000006,0.9102252503331645
-0.02870000000000017,0.9199867583022334
-0.027700000000000058,0.9310215064411805
-0.026700000000000168,0.9395097742403707
-0.025700000000000056,0.9499786378593722
-0.024700000000000166,0.9607304437383465
-0.023700000000000054,0.9709163650973747
-0.022700000000000164,0.9812437575863894
-0.021700000000000053,0.9914296789454178
-0.020700000000000163,1.0016156003044459
-0.01970000000000005,1.0140650597432583
-0.01870000000000016,1.0231192120623944
-0.01770000000000005,1.035568671501207
-0.01670000000000016,1.0481596020700057
-0.015700000000000047,1.0579211100390744
-0.014700000000000157,1.0705120406078732
-0.013700000000000045,1.0831029711766722
-0.012700000000000156,1.0968256707853627
-0.011700000000000044,1.1082848323142698
-0.010700000000000154,1.1198854649731629
-0.009700000000000042,1.1345984624917593
-0.008700000000000152,1.1476138064505177
-0.00770000000000004,1.1590729679794245
-0.00670000000000015,1.1733615521080614
-0.005700000000000038,1.1862354249368332
-0.0047000000000001485,1.1985434132456592
-0.0037000000000000366,1.215378477714053
-0.0027000000000001467,1.2275449948928923
-0.0017000000000000348,1.2402773965916778
-0.000700000000000145,1.254990394110274
0.00029999999999996696,1.269561920498884
0.0012999999999998568,1.2835675623675478
0.0022999999999999687,1.2977146753661983
0.0032999999999998586,1.3141253264446326
0.0042999999999999705,1.331101862043013
0.00529999999999986,1.3408633700120818
0.006299999999999972,1.3534543005808806
0.007299999999999862,1.3688746537494096
0.008299999999999974,1.382172939968141
0.009299999999999864,1.3984421199165888
0.010299999999999976,1.4137210019551312
0.011299999999999866,1.426028990263957
0.012299999999999978,1.4415908145624723
