Potential V vs RHE, Current mA cm-2
0.013299999999999867,-0.001505252823056399
0.012299999999999978,-0.00270492800534195
0.011299999999999866,-0.0032495918557899892
0.010299999999999976,-0.003765961480240728
0.009299999999999864,-0.003932897413624802
0.008299999999999974,-0.004505855490070141
0.007299999999999862,-0.00443511992507689
0.006299999999999972,-0.00485387446983694
0.00529999999999986,-0.005105693081212918
0.0042999999999999705,-0.005105693081212918
0.0032999999999998586,-0.005538594738971618
0.0022999999999999687,-0.0056079155926650045
0.0012999999999998568,-0.0058866137187384175
0.00029999999999996696,-0.0062077531838077805
-0.000700000000000145,-0.0061525794431130446
-0.0017000000000000348,-0.006502013134179708
-0.0027000000000001467,-0.006585481100871746
-0.0037000000000000366,-0.006738269921257169
-0.0047000000000001485,-0.006794858373251771
-0.005700000000000038,-0.006892473452942458
-0.00670000000000015,-0.007213612918011821
-0.00770000000000004,-0.007157024466017221
-0.008700000000000152,-0.007311227997702509
-0.009700000000000042,-0.007268786658706558
-0.010700000000000154,-0.0077710091701586465
-0.011700000000000044,-0.007882771362847985
-0.012700000000000156,-0.007925212701843936
-0.013700000000000045,-0.007953506927841237
-0.014700000000000157,-0.008372261472601287
-0.015700000000000047,-0.008301525907608036
-0.01670000000000016,-0.008232205053914648
-0.01770000000000005,-0.008608518259678748
-0.01870000000000016,-0.008441582326294673
-0.01970000000000005,-0.00866510671167335
-0.020700000000000163,-0.008567491631982662
-0.021700000000000053,-0.008803748419060124
-0.022700000000000164,-0.009124887884129487
-0.023700000000000054,-0.009139034997128138
-0.024700000000000166,-0.009334265156509512
-0.025700000000000056,-0.009181476336124088
-0.026700000000000168,-0.009362559382506812
-0.027700000000000058,-0.009571936654886837
-0.02870000000000017,-0.009557789541888188
-0.02970000000000006,-0.009962396973649588
-0.03070000000000017,-0.009711993073573478
-0.03170000000000006,-0.01004727965164149
-0.03270000000000017,-0.009837902379261465
-0.03370000000000006,-0.01001898542564419
-0.034700000000000175,-0.010242509811022866
-0.035700000000000065,-0.010228362698024214
-0.03670000000000018,-0.010590528790789665
-0.03770000000000007,-0.010354272003712204
-0.03870000000000018,-0.010647117242784266
-0.03970000000000007,-0.010716438096477652
-0.04070000000000018,-0.010856494515164291
-0.04170000000000007,-0.010785758950171039
-0.04270000000000018,-0.011037577561547015
-0.04370000000000007,-0.011009283335549715
-0.044700000000000184,-0.011358717026616378
-0.045700000000000074,-0.011051724674545666
-0.046700000000000186,-0.011428037880309766
-0.047700000000000076,-0.011442184993308417
-0.04870000000000019,-0.011708150717683045
-0.04970000000000008,-0.011749177345379131
-0.05070000000000019,-0.012015143069753757
-0.05170000000000008,-0.011903380877064417
-0.05270000000000019,-0.011958554617759154
-0.05370000000000008,-0.011832645312071167
-0.05470000000000019,-0.012084463923447144
-0.05570000000000008,-0.012433897614513807
-0.056700000000000195,-0.012517365581205843
-0.057700000000000085,-0.012503218468207193
-0.058700000000000196,-0.012545659807203145
-0.059700000000000086,-0.012572539321900581
-0.0607000000000002,-0.012656007288592617
-0.06170000000000009,-0.012796063707279256
-0.0627000000000002,-0.013033735205656581
-0.06370000000000009,-0.012879531673971295
-0.0647000000000002,-0.013535957717108672
-0.06570000000000009,-0.013117203172348619
-0.0667000000000002,-0.013117203172348619
-0.0677000000000001,-0.013284139105732696
-0.0687000000000002,-0.013564251943105973
-0.0697000000000001,-0.013466636863415286
-0.07070000000000021,-0.013521810604110021
-0.0717000000000001,-0.013857097182178034
-0.07270000000000021,-0.013452489750416635
-0.0737000000000001,-0.01391227092287277
-0.07470000000000021,-0.014094768680555363
-0.0757000000000001,-0.013926418035871422
-0.07670000000000021,-0.014203701450644968
-0.0777000000000001,-0.01405232734155941
-0.07870000000000021,-0.014359319693630123
-0.0797000000000001,-0.014543232162612576
-0.08070000000000022,-0.014444202371622025
-0.0817000000000001,-0.014628114840604478
-0.08270000000000022,-0.01461396772760583
-0.08370000000000011,-0.014755438857592333
-0.08470000000000022,-0.014896909987578835
-0.08570000000000011,-0.014755438857592333
-0.08670000000000022,-0.015109116682558592
-0.08770000000000011,-0.015109116682558592
-0.08870000000000022,-0.015349617603535646
-0.08970000000000011,-0.015448647394526203
-0.09070000000000022,-0.015179852247551842
-0.09170000000000011,-0.015519382959519455
-0.09270000000000023,-0.015618412750510005
-0.09370000000000012,-0.015590118524512706
-0.09470000000000023,-0.016000384801473564
-0.09570000000000012,-0.01573158965449921
-0.09670000000000023,-0.016042826140469518
-0.09770000000000012,-0.016000384801473564
-0.09870000000000023,-0.01588720789748436
-0.09970000000000012,-0.01625503283544927
-0.10070000000000023,-0.01625503283544927
-0.10170000000000012,-0.016325768400442524
-0.10270000000000024,-0.01648138664342768
-0.10370000000000013,-0.016325768400442524
-0.10470000000000024,-0.01666529911241013
-0.10570000000000013,-0.016764328903400686
-0.10670000000000024,-0.017018976937376393
-0.10770000000000013,-0.016792623129397985
-0.10870000000000024,-0.016778476016399334
-0.10970000000000013,-0.017075565389370995
-0.11070000000000024,-0.016891652920388536
-0.11170000000000013,-0.017146300954364244
-0.11270000000000002,-0.017146300954364244
-0.11370000000000013,-0.017570714344323755
-0.11470000000000002,-0.017599008570321057
-0.11570000000000014,-0.017570714344323755
-0.11670000000000003,-0.017627302796318356
-0.11770000000000014,-0.017542420118326456
-0.11870000000000003,-0.01772633258730891
-0.11970000000000014,-0.018051716186277867
-0.12070000000000003,-0.017867803717295416
-0.12170000000000014,-0.01803756907327922
-0.12270000000000003,-0.018193187316264375
-0.12370000000000014,-0.018065863299276518
-0.12470000000000003,-0.018447835350240076
-0.12570000000000014,-0.018235628655260322
-0.12670000000000003,-0.01847612957623738
-0.12770000000000015,-0.018617600706223883
-0.12870000000000004,-0.018575159367227933
-0.12970000000000015,-0.018801513175206338
-0.13070000000000004,-0.01858930648022658
-0.13170000000000015,-0.018674189158218484
-0.13270000000000004,-0.018942984305192843
-0.13370000000000015,-0.018815660288204986
-0.13470000000000004,-0.019027866983184743
-0.13570000000000015,-0.0191551910001726
-0.13670000000000004,-0.019084455435179344
-0.13770000000000016,-0.019084455435179344
-0.13870000000000005,-0.0192966621301591
-0.13970000000000016,-0.019749369746115915
-0.14070000000000005,-0.019438133260145606
-0.14170000000000016,-0.01963619284212671
-0.14270000000000005,-0.019721075520118612
-0.14370000000000016,-0.019890840876102416
-0.14470000000000005,-0.019777663972113214
-0.14570000000000016,-0.019947429328097017
-0.14670000000000005,-0.019862546650105117
-0.14770000000000016,-0.02006060623208622
-0.14870000000000005,-0.020286960040064625
-0.14970000000000017,-0.020230371588070024
-0.15070000000000006,-0.02015963602307677
-0.15170000000000017,-0.02042843117005113
-0.15270000000000006,-0.020584049413036282
-0.15370000000000017,-0.02071137343002414
-0.15470000000000006,-0.020598196526034934
-0.15570000000000017,-0.020654784978029535
-0.15670000000000006,-0.020640637865030884
-0.15770000000000017,-0.021022609915994445
-0.15870000000000006,-0.021022609915994445
-0.15970000000000018,-0.021121639706984996
-0.16070000000000007,-0.020980168576998495
-0.16170000000000018,-0.020966021463999843
-0.16270000000000007,-0.021277257949970152
-0.16370000000000018,-0.020980168576998495
-0.16470000000000007,-0.021546053096944507
-0.16570000000000018,-0.021277257949970152
-0.16670000000000007,-0.021475317531951258
-0.16770000000000018,-0.02157434732294181
-0.16870000000000007,-0.021517758870947205
-0.16970000000000018,-0.022012907825899968
-0.17070000000000007,-0.021913878034909417
-0.17170000000000019,-0.021828995356917517
-0.17270000000000008,-0.021814848243918866
-0.1737000000000002,-0.022027054938898623
-0.17470000000000008,-0.022196820294882423
-0.1757000000000002,-0.02198461359990267
-0.17670000000000008,-0.022196820294882423
-0.1777000000000002,-0.022126084729889174
-0.17870000000000008,-0.02238073276386488
-0.1797000000000002,-0.022536351006850038
-0.18070000000000008,-0.022479762554855433
-0.1817000000000002,-0.022691969249835187
-0.18270000000000008,-0.022508056780852735
-0.1837000000000002,-0.022904175944814944
-0.1847000000000001,-0.02276270481482844
-0.1857000000000002,-0.02277685192782709
-0.1867000000000001,-0.02279099904082574
-0.1877000000000002,-0.022932470170812246
-0.1887000000000001,-0.02310223552679605
-0.1897000000000002,-0.0230597941878001
-0.1907000000000001,-0.023215412430785252
-0.1917000000000001,-0.02338517778676906
-0.19269999999999998,-0.02324370665678255
-0.1937000000000001,-0.023484207577759608
-0.19469999999999998,-0.02354079602975421
-0.1957000000000001,-0.02352664891675556
-0.19669999999999999,-0.023710561385738016
-0.1977000000000001,-0.02365397293374341
-0.1987,-0.02359738448174881
-0.1997000000000001,-0.024035944984706972
-0.2007,-0.023823738289727222
-0.2017000000000001,-0.02397935653271237
-0.2027,-0.024120827662698876
-0.2037000000000001,-0.02420571034069078
-0.2047,-0.024106680549700225
-0.2057000000000001,-0.024219857453689427
-0.2067,-0.024149121888696175
-0.2077000000000001,-0.024403769922671882
-0.2087,-0.02433303435767863
-0.2097000000000001,-0.024601829504652988
-0.2107,-0.024559388165657038
-0.2117000000000001,-0.02475744774763814
-0.2127,-0.02479988908663409
-0.2137000000000001,-0.02465841795664759
-0.2147,-0.024927213103621948
-0.2157000000000001,-0.025238449589592253
-0.2167,-0.025224302476593602
-0.21770000000000012,-0.025181861137597652
-0.2187,-0.02540821494557606
-0.21970000000000012,-0.02543650917157336
-0.2207,-0.025196008250596303
-0.22170000000000012,-0.025846775448534223
-0.2227,-0.025563833188561213
-0.22370000000000012,-0.025691157205549067
-0.2247,-0.025677010092550415
-0.22570000000000012,-0.02594580523952477
-0.2267,-0.026172159047503182
-0.22770000000000012,-0.02600239369151937
-0.22870000000000001,-0.02627118883849373
-0.22970000000000013,-0.02629948306449103
-0.23070000000000002,-0.025988246578520724
-0.23170000000000013,-0.026313630177489684
-0.23270000000000002,-0.026440954194477534
-0.23370000000000013,-0.026483395533473487
-0.23470000000000002,-0.026426807081478886
-0.23570000000000013,-0.026695602228453245
-0.23670000000000002,-0.02673804356744919
-0.2376999999999999,-0.026794632019443793
-0.23870000000000002,-0.026992691601424906
-0.2396999999999999,-0.026837073358439746
-0.24070000000000003,-0.026992691601424906
-0.24169999999999991,-0.02741710499138441
-0.24270000000000003,-0.02738881076538711
-0.24369999999999992,-0.027261486748399254
-0.24470000000000003,-0.027487840556377662
-0.24569999999999992,-0.027572723234369562
-0.24670000000000003,-0.027601017460366868
-0.24769999999999992,-0.028082019302320977
-0.24870000000000003,-0.027869812607341227
-0.24969999999999992,-0.027982989511330426
-0.25070000000000003,-0.02802543085032638
-0.2516999999999999,-0.027912253946337173
-0.25270000000000004,-0.02815275486731423
-0.2536999999999999,-0.028237637545306133
-0.25470000000000004,-0.028563021144275093
-0.2556999999999999,-0.028407402901289937
-0.25670000000000004,-0.02854887403127644
-0.25769999999999993,-0.028916698969241348
-0.25870000000000004,-0.028704492274261594
-0.25969999999999993,-0.028690345161262943
-0.26070000000000004,-0.028718639387260245
-0.26169999999999993,-0.029001581647233248
-0.26270000000000004,-0.028874257630245398
-0.26369999999999993,-0.029114758551222454
-0.26470000000000005,-0.029242082568210308
-0.26569999999999994,-0.029100611438223806
-0.26670000000000005,-0.029638201732172516
-0.26769999999999994,-0.029553319054180613
-0.26870000000000005,-0.029850408427152274
-0.26969999999999994,-0.029878702653149573
-0.27070000000000005,-0.029765525749160374
-0.27169999999999994,-0.03006261512213203
-0.27270000000000005,-0.029949438218142825
-0.27369999999999994,-0.030204086252118532
-0.27470000000000006,-0.030232380478115835
-0.27569999999999995,-0.030430440060096934
-0.27670000000000006,-0.030416292947098293
-0.27769999999999995,-0.03044458717309559
-0.27870000000000006,-0.03044458717309559
-0.27969999999999995,-0.030713382320069947
-0.28070000000000006,-0.030769970772064545
-0.28169999999999995,-0.030982177467044306
-0.28270000000000006,-0.030939736128048352
-0.28369999999999995,-0.03123682550102001
-0.28470000000000006,-0.031137795710029458
-0.28569999999999995,-0.03130756106601326
-0.28670000000000007,-0.03156220909998896
-0.28769999999999996,-0.03147732642199706
-0.28870000000000007,-0.03164709177798087
-0.28969999999999996,-0.03190173981195658
-0.29070000000000007,-0.031873445585959274
-0.29169999999999996,-0.032071505167940384
-0.29270000000000007,-0.032156387845932284
-0.29369999999999996,-0.03217053495893094
-0.2947000000000001,-0.032538359896895845
-0.29569999999999996,-0.03249591855789989
-0.2967000000000001,-0.03259494834889044
-0.29769999999999996,-0.032708125252879645
-0.2987000000000001,-0.0326656839138837
-0.29969999999999997,-0.03316083286883646
-0.3007000000000001,-0.03321742132083106
-0.30169999999999997,-0.03313253864283916
-0.3027000000000001,-0.033358892450817565
-0.30369999999999997,-0.03333059822482026
-0.3047000000000001,-0.03352865780680137
-0.30569999999999997,-0.03406624810075008
-0.3067000000000001,-0.033797452953775724
-0.3077,-0.033924776970763584
-0.3087000000000001,-0.03416527789174064
-0.3097,-0.03458969128170015
-0.3107000000000001,-0.03422186634373524
-0.3117,-0.0345755441687015
-0.3127000000000001,-0.0345755441687015
-0.3137,-0.03458969128170015
-0.3147000000000001,-0.0346887210726907
-0.3157,-0.03501410467165966
-0.3167000000000001,-0.034929221993667756
-0.3177,-0.03535363538362727
-0.3187000000000001,-0.03522631136663941
-0.3197,-0.03511313446265021
-0.3207000000000001,-0.03553754785260972
-0.3217,-0.03576390166058813
-0.3227000000000001,-0.03599025546856653
-0.3237,-0.03589122567757598
-0.3247000000000001,-0.036216609276544943
-0.3257,-0.03632978618053414
-0.3267000000000001,-0.036400521745527395
-0.3277,-0.0366551697795031
-0.3287000000000001,-0.036301491954536844
-0.3297,-0.037150318734455866
-0.3307000000000001,-0.03709373028246127
-0.3317,-0.03709373028246127
-0.3327000000000001,-0.037235201412447766
-0.3337,-0.037461555220426164
-0.3347000000000001,-0.03794255706238028
-0.3357,-0.03802743974037219
-0.3367000000000001,-0.0383669704523398
-0.3377,-0.038635765599314156
-0.3387000000000001,-0.03873479539030471
-0.3397,-0.039003590537279066
-0.3407000000000001,-0.03913091455426691
-0.3417,-0.039088473215270966
-0.3427000000000001,-0.039328974136248016
-0.3437,-0.03955532794422643
-0.3447000000000001,-0.039328974136248016
-0.3457,-0.039456298153235876
-0.3467000000000001,-0.03980997597820213
-0.3477,-0.039682651961214274
-0.3487000000000001,-0.039725093300210235
-0.3497,-0.03992315288219133
-0.3507000000000001,-0.039795828865203484
-0.3517,-0.04009291823817514
-0.3527000000000001,-0.04016365380316839
-0.3537,-0.040375860498148154
-0.3547000000000001,-0.04065880275812116
-0.3557,-0.040644655645122506
-0.35670000000000013,-0.040729538323114406
-0.3577,-0.040814421001106306
-0.35870000000000013,-0.04125298150406447
-0.3597,-0.04142274686004828
-0.36070000000000013,-0.04156421799003478
-0.3617,-0.041620806442029375
-0.3626999999999999,-0.04163495355502803
-0.3637,-0.042130102509980796
-0.3646999999999999,-0.042271573639967294
-0.3657,-0.042271573639967294
-0.3666999999999999,-0.04275257548192141
-0.3677,-0.042526221673943
-0.3686999999999999,-0.04304966485489307
-0.36970000000000003,-0.04326187154987282
-0.3706999999999999,-0.043459931131853924
-0.37170000000000003,-0.04358725514884178
-0.3726999999999999,-0.04337504845386203
-0.37370000000000003,-0.04361554937483908
-0.3746999999999999,-0.04367213782683368
-0.37570000000000003,-0.043912638747810734
-0.3766999999999999,-0.0443229050247716
-0.37770000000000004,-0.044421934815762155
-0.3786999999999999,-0.0442097281207824
-0.37970000000000004,-0.04478975975372706
-0.3806999999999999,-0.044506817493754056
-0.38170000000000004,-0.04508684912669872
-0.38269999999999993,-0.04556785096865284
-0.38370000000000004,-0.045794204776631244
-0.38469999999999993,-0.04592152879361909
-0.38570000000000004,-0.0463742364095759
-0.38669999999999993,-0.046416677748571854
-0.38770000000000004,-0.046162029714596146
-0.38869999999999993,-0.04677035557353812
-0.38970000000000005,-0.046784502686536764
-0.39069999999999994,-0.04706744494650977
-0.39170000000000005,-0.04715232762450167
-0.39269999999999994,-0.04736453431948143
-0.39370000000000005,-0.04767577080545173
-0.39469999999999994,-0.04788797750043149
-0.39570000000000005,-0.048156772647405845
-0.39669999999999994,-0.048199213986401805
-0.39770000000000005,-0.04869436294135456
-0.39869999999999994,-0.04901974654032352
-0.39970000000000006,-0.04933098302629382
-0.40069999999999995,-0.050080780015222294
-0.40170000000000006,-0.05006663290222365
-0.40269999999999995,-0.05060422319617236
-0.40370000000000006,-0.050731547213160214
-0.40469999999999995,-0.051028636586131874
-0.40570000000000006,-0.05070325298716292
-0.40669999999999995,-0.05121254905511433
-0.40770000000000006,-0.05136816729809948
-0.40869999999999995,-0.05183502202705494
-0.40970000000000006,-0.05180672780105764
-0.41069999999999995,-0.051778433575060345
-0.41170000000000007,-0.052231141191017155
-0.41269999999999996,-0.05227358253001311
-0.41370000000000007,-0.052683848806973965
-0.41469999999999996,-0.05309411508393482
-0.41570000000000007,-0.05288190838895507
-0.41669999999999996,-0.053348763117910536
-0.41770000000000007,-0.053546822699891646
-0.41869999999999996,-0.0558103607796757
-0.4197000000000001,-0.05730995475753263
-0.42069999999999996,-0.0578899863904773
-0.4217000000000001,-0.059502757272323445
-0.42269999999999996,-0.05858319492741117
-0.4237000000000001,-0.05903590254336798
-0.42469999999999997,-0.057564602791508344
-0.4257000000000001,-0.057946574842471905
-0.42669999999999997,-0.05818707576344896
-0.4277000000000001,-0.05796072195547055
-0.42869999999999997,-0.058031457520463806
-0.4297000000000001,-0.05827195844144086
-0.43069999999999997,-0.05863978337940577
-0.4317000000000001,-0.058922725639378774
-0.4327,-0.059219815012350435
-0.4337000000000001,-0.059488610159324794
-0.4347,-0.05972911108030186
-0.4357000000000001,-0.06012523024426406
-0.4367,-0.060577937860220865
-0.4377000000000001,-0.060903321459189835
-0.4387,-0.061087233928172294
-0.4397000000000001,-0.061440911753138545
-0.4407,-0.06156823577012639
-0.4417000000000001,-0.06202094338608321
-0.4427,-0.062289738533057575
-0.4437000000000001,-0.06243120966304407
-0.4447,-0.06292635861799684
-0.4457000000000001,-0.06363371426792935
-0.4467,-0.06429862857886592
-0.4477000000000001,-0.06444009970885242
-0.4487,-0.06489280732480923
-0.4497000000000001,-0.06499183711579978
-0.4507,-0.0651333082457863
-0.4517000000000001,-0.0656426043137377
-0.4527,-0.06591139946071205
-0.4537000000000001,-0.06623678305968102
-0.4547,-0.06663290222364322
-0.4557000000000001,-0.06671778490163513
-0.4567,-0.06719878674358926
-0.4577000000000001,-0.06753831745555686
-0.4587,-0.06759490590755145
-0.4597000000000001,-0.06818908465349477
-0.4607,-0.06841543846147317
-0.4617000000000001,-0.06893888164242323
-0.4627,-0.06956135461436386
-0.4637000000000001,-0.07024041603829907
-0.4647,-0.07033944582928962
-0.4657000000000001,-0.07042432850728152
-0.4667,-0.07080630055824509
-0.4677000000000001,-0.07130144951319785
-0.4687,-0.07148536198218029
-0.4697000000000001,-0.0717965984681506
-0.4707,-0.07290007328204533
-0.4717000000000001,-0.0733952222369981
-0.4727,-0.07278689637805613
-0.4737000000000001,-0.0733386337850035
-0.4747,-0.07408843077393197
-0.4757000000000001,-0.07434307880790768
-0.4767,-0.07471090374587258
-0.4777000000000001,-0.07591340835075787
-0.4787,-0.07684711780866879
-0.4797000000000001,-0.07779497437957837
-0.4807,-0.08169957756720586
-0.48170000000000013,-0.08244937455613434
-0.4827,-0.08434508769795349
-0.48370000000000013,-0.08349626091803447
-0.4847,-0.08660862577773754
-0.48570000000000013,-0.08772624770463092
-0.4867,-0.0849392664438968
-0.4876999999999999,-0.08267572836411274
-0.4887,-0.08212399095716538
-0.4896999999999999,-0.08162884200221261
-0.4907,-0.08073757388329764
-0.4916999999999999,-0.08099222191727334
-0.4927,-0.08600029991879557
-0.4936999999999999,-0.08564662209382931
-0.49470000000000003,-0.08942390126446896
-0.4956999999999999,-0.09386609474604518
-0.49670000000000003,-0.100387913838423
-0.4976999999999999,-0.09595986746984543
-0.49870000000000003,-0.08798089573860662
-0.4996999999999999,-0.09269188436715721
-0.5007,-0.09352656403407757
-0.5016999999999999,-0.09267773725415854
-0.5027,-0.09214014696020983
-0.5036999999999999,-0.09221088252520308
-0.5047,-0.09478565709095746
-0.5056999999999999,-0.0944036850399939
-0.5067,-0.09328606311310052
-0.5076999999999999,-0.09621451550382115
-0.5087,-0.09719066630072802
-0.5096999999999999,-0.09687942981475771
-0.5107,-0.1023260683192381
-0.5116999999999999,-0.10928644791457408
-0.5127,-0.10064256187239871
-0.5136999999999999,-0.09992105910946754
-0.5147,-0.10136406463532988
-0.5156999999999999,-0.10095379835836901
-0.5167,-0.10524037359696008
-0.5176999999999999,-0.11041821695446612
-0.5187,-0.1099938035645066
-0.5196999999999999,-0.11279493193823936
-0.5207,-0.11234222432228257
-0.5216999999999999,-0.11672782935186417
-0.5227,-0.11805765797373731
-0.5236999999999999,-0.11868013094567793
-0.5247,-0.12017972492353488
-0.5257,-0.12436727037113537
-0.5267000000000001,-0.12142467086741611
-0.5277,-0.12006654801954567
-0.5287000000000001,-0.1201372835845389
-0.5297,-0.11863768960668199
-0.5307000000000001,-0.12258473413330541
-0.5317,-0.1308607952375159
-0.5327000000000001,-0.12786160728180201
-0.5337,-0.1313983855314646
-0.5347000000000001,-0.1312852086274754
-0.5357,-0.1315115624354538
-0.5367000000000001,-0.13253015457135664
-0.5377,-0.1369582009399342
-0.5387000000000001,-0.13414292545320278
-0.5397,-0.1296299964066333
-0.5407000000000001,-0.12975732042362115
-0.5417,-0.12914899456467918
-0.5427000000000001,-0.14059400898058735
-0.5437,-0.14599820614607179
-0.5447000000000001,-0.1435931969363012
-0.5457,-0.14571526388609876
-0.5467000000000001,-0.14024033115562107
-0.5477,-0.14500790823616627
-0.5487000000000001,-0.15193999360550495
-0.5497,-0.14939351326574787
-0.5507000000000001,-0.14755438857592332
-0.5517,-0.14953498439573437
-0.5527000000000001,-0.15222293586547794
-0.5537,-0.1574573676749786
-0.5547000000000001,-0.14783733083589634
-0.5557,-0.15307176264539696
-0.5567000000000001,-0.15759883880496509
-0.5577,-0.15646706976507307
-0.5587000000000001,-0.1585891367148706
-0.5597,-0.16141855931460067
-0.5607000000000001,-0.16453092417430376
-0.5617,-0.1694824137238314
-0.5627000000000001,-0.1622673860945197
-0.5637,-0.16806770242396638
-0.5647000000000001,-0.16368209739438472
-0.5657,-0.16849211581392587
-0.5667000000000001,-0.16141855931460067
-0.5677,-0.17542420118326454
-0.5687000000000001,-0.18532718028231981
-0.5697,-0.16849211581392587
-0.5707000000000001,-0.16792623129397988
-0.5717,-0.16919947146385841
-0.5727000000000001,-0.18858101627200938
-0.5737,-0.19112749661176645
-0.5747000000000001,-0.18037569073279217
-0.5757,-0.18306364220253574
-0.5767000000000001,-0.19805958198110513
-0.5777,-0.192117794521672
-0.5787000000000001,-0.2037184271805653
-0.5797,-0.20286960040064628
-0.5807000000000001,-0.19537163051136155
-0.5817,-0.2076796188201874
-0.5827000000000001,-0.20301107153063278
-0.5837,-0.19791811085111863
-0.5847000000000001,-0.19933282215098366
-0.5857,-0.2073966765602144
-0.5867000000000001,-0.20980168576998495
-0.5857,-0.193249563561564
-0.5847000000000001,-0.19565457277133455
-0.5837,-0.20909433012005244
-0.5827000000000001,-0.21319699288966104
-0.5817,-0.19141043887173945
-0.5807000000000001,-0.17613155683319706
-0.5797,-0.1805171618627787
-0.5787000000000001,-0.1847612957623738
-0.5777,-0.17160448067362896
-0.5767000000000001,-0.15972090575476264
-0.5757,-0.16113561705462764
-0.5747000000000001,-0.17599008570321056
-0.5737,-0.16778476016399335
-0.5727000000000001,-0.17400948988339954
-0.5717,-0.1769803836131161
-0.5707000000000001,-0.16622857773414182
-0.5697,-0.16453092417430376
-0.5687000000000001,-0.1655212220842093
-0.5677,-0.16368209739438472
-0.5667000000000001,-0.15660854089505957
-0.5657,-0.16042826140469515
-0.5647000000000001,-0.15335470490536995
-0.5637,-0.15349617603535648
-0.5627000000000001,-0.15816472332491108
-0.5617,-0.1585891367148706
-0.5607000000000001,-0.14642261953603128
-0.5597,-0.14684703292599083
-0.5587000000000001,-0.14613967727605828
-0.5577,-0.16113561705462764
-0.5567000000000001,-0.15321323377538346
-0.5557,-0.1498179266557074
-0.5547000000000001,-0.14797880196588284
-0.5537,-0.14840321535584233
-0.5527000000000001,-0.14401761032626076
-0.5517,-0.14514937936615277
-0.5507000000000001,-0.1375806739118748
-0.5497,-0.13612352127301383
-0.5487000000000001,-0.13289797950932153
-0.5477,-0.12916314167767784
-0.5467000000000001,-0.12813040242877638
-0.5457,-0.11897722031864959
-0.5447000000000001,-0.12073146233048222
-0.5437,-0.12685716225889784
-0.5427000000000001,-0.13298286218731345
-0.5417,-0.12920558301667381
-0.5407000000000001,-0.11524238248700588
-0.5397,-0.11142266197737029
-0.5387000000000001,-0.11350228758817188
-0.5377,-0.11116801394339458
-0.5367000000000001,-0.1135871702661638
-0.5357,-0.11235637143528121
-0.5347000000000001,-0.10686729159180487
-0.5337,-0.10770197125872524
-0.5327000000000001,-0.10699461560879273
-0.5317,-0.11105483703940537
-0.5307000000000001,-0.11266760792125154
-0.5297,-0.10382566229709504
-0.5287000000000001,-0.09902979099055256
-0.5277,-0.0997654408664824
-0.5267000000000001,-0.09989276488347024
-0.5257,-0.09925614479853098
-0.5247,-0.098364876679616
-0.5236999999999999,-0.09669551734577525
-0.5227,-0.09409244855402359
-0.5216999999999999,-0.09267773725415854
-0.5207,-0.09100837792031781
-0.5196999999999999,-0.09044249340037179
-0.5187,-0.09325776888710322
-0.5176999999999999,-0.09346997558208296
-0.5167,-0.0929748266271302
-0.5156999999999999,-0.08525050292986712
-0.5147,-0.08591541724080368
-0.5136999999999999,-0.08194007848818292
-0.5127,-0.0864813017607497
-0.5116999999999999,-0.08585882878880907
-0.5107,-0.0849392664438968
-0.5096999999999999,-0.0832840542230547
-0.5087,-0.08263328702511678
-0.5076999999999999,-0.080440484510326
-0.5067,-0.08160054777621531
-0.5056999999999999,-0.07902577321046096
-0.5047,-0.07677638224367554
-0.5036999999999999,-0.07742714944161345
-0.5027,-0.07714420718164045
-0.5016999999999999,-0.07563046609078486
-0.5007,-0.07316886842901969
-0.4996999999999999,-0.07104680147922215
-0.49870000000000003,-0.06958964884036115
-0.4976999999999999,-0.0676656414725447
-0.49670000000000003,-0.06809005486250422
-0.4956999999999999,-0.06571333987873097
-0.49470000000000003,-0.06301124129598873
-0.4936999999999999,-0.06421374590087402
-0.4927,-0.06384592096290911
-0.4916999999999999,-0.06254438656703327
-0.4907,-0.06243120966304407
-0.4896999999999999,-0.06268585769701977
-0.4887,-0.061936060708091316
-0.4876999999999999,-0.06081843878119793
-0.4867,-0.05941787459433154
-0.48570000000000013,-0.059304697690342335
-0.4847,-0.059799846645295106
-0.48370000000000013,-0.05882369584838822
-0.4827,-0.05658845199460146
-0.48170000000000013,-0.055838655005673
-0.4807,-0.055711330988685144
-0.4797000000000001,-0.05477762153077422
-0.4787,-0.05402782454184575
-0.4777000000000001,-0.05320729198792403
-0.4767,-0.05523032914673103
-0.4757000000000001,-0.05257067190298476
-0.4747,-0.051127666377122426
-0.4737000000000001,-0.05142475575009409
-0.4727,-0.050590076083173716
-0.4717000000000001,-0.050080780015222294
-0.4707,-0.04930268880029653
-0.4697000000000001,-0.048086037082412596
-0.4687,-0.04770406503144904
-0.4677000000000001,-0.04534149716067442
-0.4667,-0.04488878954471761
-0.4657000000000001,-0.04508684912669872
-0.4647,-0.04476146552772976
-0.4637000000000001,-0.04389849163481209
-0.4627,-0.04317698887188092
-0.4617000000000001,-0.04254036878694165
-0.4607,-0.04232816209196189
-0.4597000000000001,-0.041465188199044226
-0.4587,-0.04094174501809417
-0.4577000000000001,-0.04113980460007527
-0.4567,-0.04121054016506852
-0.4557000000000001,-0.04077197966211036
-0.4547,-0.03988071154319539
-0.4537000000000001,-0.03995144710818864
-0.4527,-0.039597769283222374
-0.4517000000000001,-0.039088473215270966
-0.4507,-0.038706501164307405
-0.4497000000000001,-0.03791426283638299
-0.4487,-0.03727764275144372
-0.4477000000000001,-0.03652784576251525
-0.4467,-0.0365419928755139
-0.4457000000000001,-0.03589122567757598
-0.4447,-0.03509898734965156
-0.4437000000000001,-0.03475945663768395
-0.4427,-0.034094542326747385
-0.4417000000000001,-0.03383989429277168
-0.4407,-0.03341548090281216
-0.4397000000000001,-0.0329203319478594
-0.4387,-0.03296277328685536
-0.4377000000000001,-0.03276471370487424
-0.4367,-0.03284959638286615
-0.4357000000000001,-0.032326153201916084
-0.4347,-0.03181685713396468
-0.4337000000000001,-0.03137829663100652
-0.4327,-0.030939736128048352
-0.4317000000000001,-0.030911441902051046
-0.43069999999999997,-0.030232380478115835
-0.4297000000000001,-0.029638201732172516
-0.42869999999999997,-0.029044022986229205
-0.4277000000000001,-0.028746933613257548
-0.42669999999999997,-0.028704492274261594
-0.4257000000000001,-0.02819519620631018
-0.42469999999999997,-0.02762931168636417
-0.4237000000000001,-0.027487840556377662
-0.42269999999999996,-0.027120015618412752
-0.4217000000000001,-0.026907808923433
-0.42069999999999996,-0.026087276369511275
-0.4197000000000001,-0.025521391849565263
-0.41869999999999996,-0.02540821494557606
-0.41770000000000007,-0.025167714024599004
-0.41669999999999996,-0.02515356691160035
-0.41570000000000007,-0.024488652600663786
-0.41469999999999996,-0.024078386323702922
-0.41370000000000007,-0.023611531594747465
-0.41269999999999996,-0.02365397293374341
-0.41170000000000007,-0.023286147995778505
-0.41069999999999995,-0.023073941300798748
-0.40970000000000006,-0.022635380797840585
-0.40869999999999995,-0.022663675023837888
-0.40770000000000006,-0.021871436695913467
-0.40669999999999995,-0.021800701130920214
-0.40570000000000006,-0.021050904141991744
-0.40469999999999995,-0.020810403221014687
-0.40370000000000006,-0.020683079204026837
-0.40269999999999995,-0.020541608074040336
-0.40170000000000006,-0.020103047571082173
-0.40069999999999995,-0.019919135102099715
-0.39970000000000006,-0.019494721712140204
-0.39869999999999994,-0.019494721712140204
-0.39770000000000005,-0.018773218949209036
-0.39669999999999994,-0.018716630497214438
-0.39570000000000005,-0.018292217107254923
-0.39469999999999994,-0.01776877392630486
-0.39370000000000005,-0.017599008570321057
-0.39269999999999994,-0.01687750580738989
-0.39170000000000005,-0.016552122208420932
-0.39069999999999994,-0.01611356170546277
-0.38970000000000005,-0.01583061944548976
-0.38869999999999993,-0.016170150157457368
-0.38770000000000004,-0.015547677185516754
-0.38669999999999993,-0.015476941620523503
-0.38570000000000004,-0.015179852247551842
-0.38469999999999993,-0.014826174422585584
-0.38370000000000004,-0.014599820614607179
-0.38269999999999993,-0.014316878354634173
-0.38170000000000004,-0.013871244295176685
-0.3806999999999999,-0.01391227092287277
-0.37970000000000004,-0.013438342637417984
-0.3786999999999999,-0.013521810604110021
-0.37770000000000004,-0.012865384560972644
-0.3766999999999999,-0.01310305605934997
-0.37570000000000003,-0.012517365581205843
-0.3746999999999999,-0.012698448627588569
-0.37370000000000003,-0.012237252743832566
-0.3726999999999999,-0.012224520342133782
-0.37170000000000003,-0.01173503023238048
-0.3706999999999999,-0.011986848843756457
-0.36970000000000003,-0.01160912092669249
-0.3686999999999999,-0.011246954833927042
-0.3677,-0.010911668255859028
-0.3666999999999999,-0.010856494515164291
-0.3657,-0.010647117242784266
-0.3646999999999999,-0.010381151518409638
-0.3637,-0.010171774246029613
-0.3626999999999999,-0.009586083767885488
-0.3617,-0.009935517458952152
-0.36070000000000013,-0.009571936654886837
-0.3597,-0.009293238528813426
-0.35870000000000013,-0.008972099063744063
-0.3577,-0.008791016017361337
-0.35670000000000013,-0.008567491631982662
-0.3557,-0.008051122007531924
-0.3547000000000001,-0.008413288100297373
-0.3537,-0.008413288100297373
-0.3527000000000001,-0.0074498697050892826
-0.3517,-0.007799303396155947
-0.3507000000000001,-0.007366401738397247
-0.3497,-0.0075064581570838855
-0.3487000000000001,-0.007073556499325183
-0.3477,-0.006557186874874445
-0.3467000000000001,-0.006402983343189157
-0.3457,-0.006221900296806431
-0.3447000000000001,-0.006668949067563782
-0.3437,-0.0062077531838077805
-0.3427000000000001,-0.005943202170733019
-0.3417,-0.005552741851970269
-0.3407000000000001,-0.005747972011351644
-0.3397,-0.005455126772279582
-0.3387000000000001,-0.005496153399975667
-0.3377,-0.005482006286977017
-0.3367000000000001,-0.005258481901598342
-0.3357,-0.00505051934051818
-0.3347000000000001,-0.00499393088852358
-0.3337,-0.004924610034830193
-0.3327000000000001,-0.004826994955139506
-0.3317,-0.00446341415107419
-0.3307000000000001,-0.004213010250998079
-0.3297,-0.0038777236729300654
-0.3287000000000001,-0.003863576559931415
-0.3277,-0.003765961480240728
-0.3267000000000001,-0.0036259050615540887
-0.3257,-0.0034872633541673153
-0.3247000000000001,-0.0032906184834860753
-0.3237,-0.003137829663100651
-0.3227000000000001,-0.00308124121110605
-0.3217,-0.003040214583409964
-0.3207000000000001,-0.002537992071957876
-0.3197,-0.0027473693443379014
-0.3187000000000001,-0.0026073129256512628
-0.3177,-0.0024955507329619243
-0.3167000000000001,-0.0022437321215859484
-0.3157,-0.0021744112678925617
-0.3147000000000001,-0.0017556567231325107
-0.3137,-0.0016721887564404734
-0.3127000000000001,-0.0015745736767497859
-0.3117,-0.001615600304445872
-0.3107000000000001,-0.0017556567231325107
-0.3097,-0.001392924745847115
-0.3087000000000001,-0.0010579211100390745
-0.3077,-0.0012953096661564275
-0.3067000000000001,-0.000848543837659049
-0.30569999999999997,-0.0009184305758723818
-0.3047000000000001,-0.0007787985705757027
-0.30369999999999997,-0.0007090533034923563
-0.3027000000000001,-0.00040191948029165696
-0.30169999999999997,-0.000499676031112331
-0.3007000000000001,-0.00010886203452461459
-0.29969999999999997,-0.00023441766238763655
-0.2987000000000001,-0.00030430440060096937
-0.29769999999999996,0.00011445014415908147
-0.2967000000000001,0.0001423199567664227
-0.29569999999999996,0.00011445014415908147
-0.2947000000000001,0.00026794632019443794
-0.29369999999999996,0.0005191990470504685
-0.29270000000000007,0.00032382741653910686
-0.29169999999999996,0.00071457067756183
-0.29070000000000007,0.0008682083247271731
-0.28969999999999996,0.0006169555978711424
-0.28870000000000007,0.0011054554097145396
-0.28769999999999996,0.0011473308641905449
-0.28670000000000007,0.0011892063186665497
-0.28569999999999995,0.0013705723073092475
-0.28470000000000006,0.0013008270402259012
-0.28369999999999995,0.0014543232162612578
-0.28270000000000006,0.0015660854089505959
-0.28169999999999995,0.001580232521949246
-0.28070000000000006,0.001817904020326572
-0.27969999999999995,0.0015943796349478963
-0.27870000000000006,0.0018872248740199587
-0.27769999999999995,0.00191551910001726
-0.27670000000000006,0.0018306364220253574
-0.27569999999999995,0.0023342736447773105
-0.27470000000000006,0.002110749259398635
-0.27369999999999994,0.0022776851927827093
-0.27270000000000005,0.0024177416114693475
-0.27169999999999994,0.00232012653177866
-0.27070000000000005,0.0026964397375427596
-0.26969999999999994,0.0025563833188561214
-0.26870000000000005,0.0026822926245441093
-0.26769999999999994,0.0027657605912361468
-0.26670000000000005,0.0032411035879907992
-0.26569999999999994,0.002877522783925485
-0.26470000000000005,0.003212809361993498
-0.26369999999999993,0.0031293413953014607
-0.26270000000000004,0.0034080395213748733
-0.26169999999999993,0.0033528657806801364
-0.26070000000000004,0.0032962773286855356
-0.25969999999999993,0.0034646279733694745
-0.25870000000000004,0.003785767438438838
-0.25769999999999993,0.003771620325440188
-0.25670000000000004,0.0035763901660588126
-0.2556999999999999,0.003785767438438838
-0.25470000000000004,0.0037291789864442367
-0.2536999999999999,0.003966850484821563
-0.25270000000000004,0.0041903748702002384
-0.2516999999999999,0.004119639305206987
-0.25070000000000003,0.00403617133851495
-0.24969999999999992,0.004217254384897675
-0.24870000000000003,0.0044690729962736505
-0.24769999999999992,0.004454925883275
-0.24670000000000003,0.004357310803584313
-0.24569999999999992,0.004385605029581614
-0.24470000000000003,0.004245548610894975
-0.24369999999999992,0.004747771122347063
-0.24270000000000003,0.004552540962965688
-0.24169999999999991,0.00444077877027635
-0.24070000000000003,0.005083057700415077
-0.2396999999999999,0.0048595333150364016
-0.23870000000000002,0.0049571483947270885
-0.2376999999999999,0.004873680428035051
-0.23670000000000002,0.0049571483947270885
-0.23570000000000013,0.0051113519264123775
-0.23470000000000002,0.005306582085793753
-0.23370000000000013,0.005180672780105764
-0.23270000000000002,0.005264140746797801
-0.23170000000000013,0.005125499039411028
-0.23070000000000002,0.0054324913914817405
-0.22970000000000013,0.005320729198792402
-0.22870000000000001,0.005571133098868514
-0.22770000000000012,0.005753630856551104
-0.2267,0.005473518019177827
-0.22570000000000012,0.005725336630553804
-0.2247,0.0058229517102444915
-0.22370000000000012,0.0055994273248658145
-0.2227,0.005794657484247191
-0.22170000000000012,0.005906419676936528
-0.2207,0.0058653930492404424
-0.21970000000000012,0.0059898876436285655
-0.2187,0.00596300812893113
-0.21770000000000012,0.006074770321620467
-0.2167,0.006115796949316554
-0.2157000000000001,0.0063110271086979286
-0.2147,0.0063959097866898304
-0.2137000000000001,0.006479377753381868
-0.2127,0.006576992833072556
-0.2117000000000001,0.006688755025761894
-0.2107,0.006715634540459329
-0.2097000000000001,0.0065076719793791685
-0.2087,0.006632166573767292
-0.2077000000000001,0.006883985185143269
-0.2067,0.0069533060388366555
-0.2057000000000001,0.006772222992453929
-0.2047,0.006869838072144617
-0.2037000000000001,0.006855690959145968
-0.2027,0.007079215344524643
-0.2017000000000001,0.007190977537213981
-0.2007,0.007079215344524643
-0.1997000000000001,0.007121656683520595
-0.1987,0.007233418876209932
-0.1977000000000001,0.00730273972990332
-0.19669999999999999,0.007512117002283344
-0.1957000000000001,0.007400354809594008
-0.19469999999999998,0.0074286490355913075
-0.1937000000000001,0.007442796148589959
-0.19269999999999998,0.007790815128356756
-0.1917000000000001,0.007567290742978081
-0.1907000000000001,0.007638026307971333
-0.1897000000000002,0.007526264115281995
-0.1887000000000001,0.007693200048666069
-0.1877000000000002,0.007902577321046095
-0.1867000000000001,0.007874283095048795
-0.1857000000000002,0.007930871547043396
-0.1847000000000001,0.007888430208047444
-0.1837000000000002,0.007916724434044745
-0.18270000000000008,0.00806951325443017
-0.1817000000000002,0.00823786389911411
-0.18070000000000008,0.008014339513735431
-0.1797000000000002,0.008168543045420721
-0.17870000000000008,0.008154395932422072
-0.1777000000000002,0.008475535397491435
-0.17670000000000008,0.008321331865806147
-0.1757000000000002,0.008475535397491435
-0.17470000000000008,0.008433094058495483
-0.1737000000000002,0.008573150477182122
-0.17270000000000008,0.00864247133087551
-0.17170000000000019,0.00861417710487821
-0.17070000000000007,0.008740086410566197
-0.16970000000000018,0.008921169456948923
-0.16870000000000007,0.008725939297567546
-0.16770000000000018,0.008991905021942173
-0.16670000000000007,0.008711792184568896
-0.16570000000000018,0.00901878453663961
-0.16470000000000007,0.008949463682946222
-0.16370000000000018,0.009116399616330297
-0.16270000000000007,0.009284750261014236
-0.16170000000000018,0.009130546729328946
-0.16070000000000007,0.009130546729328946
-0.15970000000000018,0.009298897374012887
-0.15870000000000006,0.009228161809019635
-0.15770000000000017,0.009423391968401008
-0.15670000000000006,0.009298897374012887
-0.15570000000000017,0.009508274646392912
-0.15470000000000006,0.009423391968401008
-0.15370000000000017,0.009632769240781035
-0.15270000000000006,0.009646916353779685
-0.15170000000000017,0.009535154161090348
-0.15070000000000006,0.00984214651316106
-0.14970000000000017,0.009661063466778334
-0.14870000000000005,0.009717651918772937
-0.14770000000000016,0.00999635004484635
-0.14670000000000005,0.009786972772466325
-0.14570000000000016,0.00984214651316106
-0.14470000000000005,0.010136406463532989
-0.14370000000000016,0.009898734965155663
-0.14270000000000005,0.010163285978230423
-0.14170000000000016,0.010038791383842298
-0.14070000000000005,0.010079818011538386
-0.13970000000000016,0.0103868103636091
-0.13870000000000005,0.010555161008293039
-0.13770000000000016,0.010317489509915713
-0.13670000000000004,0.010582040522990473
-0.13570000000000015,0.010567893409991824
-0.13470000000000004,0.010331636622914362
-0.13370000000000015,0.010610334748987775
-0.13270000000000004,0.010652776087983727
-0.13170000000000015,0.01045754592860235
-0.13070000000000004,0.010707949828678464
-0.12970000000000015,0.010638628974985076
-0.12870000000000004,0.010986647954751875
-0.12770000000000015,0.010610334748987775
-0.12670000000000003,0.010679655602681162
-0.12570000000000014,0.010876300473362402
-0.12470000000000003,0.01086215336036375
-0.12370000000000014,0.011196025227131898
-0.12270000000000003,0.011085677745742428
-0.12170000000000014,0.011057383519745126
-0.12070000000000003,0.011280907905123802
-0.11970000000000014,0.011224319453129203
-0.11870000000000003,0.011419549612510575
-0.11770000000000014,0.011238466566127852
-0.11670000000000003,0.011378522984814489
-0.11570000000000014,0.01135022875881719
-0.11470000000000002,0.01136437587181584
-0.11370000000000013,0.011461990951506526
-0.11270000000000002,0.011797277529574539
-0.11170000000000013,0.011602047370193167
-0.11070000000000024,0.011866598383267929
-0.10970000000000013,0.011838304157270628
-0.10870000000000024,0.011978360575957265
-0.10770000000000013,0.011894892609265227
-0.10670000000000024,0.011838304157270628
-0.10570000000000013,0.011909039722263879
-0.10470000000000024,0.011935919236961313
-0.10370000000000013,0.012118416994643905
-0.10270000000000024,0.012187737848337292
-0.10170000000000012,0.012368820894720016
-0.10070000000000023,0.012397115120717317
-0.09970000000000012,0.012411262233715966
-0.09870000000000023,0.012397115120717317
-0.09770000000000012,0.012439556459713268
-0.09670000000000023,0.012257058702030678
-0.09570000000000012,0.012537171539403955
-0.09470000000000023,0.01268996035978938
-0.09370000000000012,0.012871043406172103
-0.09270000000000023,0.012773428326481416
-0.09170000000000011,0.012606492393097342
-0.09070000000000022,0.012941778971165356
-0.08970000000000011,0.012982805598861443
-0.08870000000000022,0.012982805598861443
-0.08770000000000011,0.013067688276853345
-0.08670000000000022,0.012844163891474669
-0.08570000000000011,0.01326291843623472
-0.08470000000000022,0.01313700913054673
-0.08370000000000011,0.013220477097238767
-0.08270000000000022,0.01326291843623472
-0.0817000000000001,0.013289797950932155
-0.08070000000000022,0.01361093741600152
-0.0797000000000001,0.013555763675306783
-0.07870000000000021,0.01361093741600152
-0.0777000000000001,0.01366752586799612
-0.07670000000000021,0.01366752586799612
-0.0757000000000001,0.013779288060685456
-0.07470000000000021,0.013876903140376146
-0.0737000000000001,0.013891050253374797
-0.07270000000000021,0.014043839073760219
-0.0717000000000001,0.013917929768072232
-0.07070000000000021,0.013960371107068182
-0.0697000000000001,0.01430273124163552
-0.0687000000000002,0.014141454153450906
-0.0677000000000001,0.014331025467632824
-0.0667000000000002,0.014189554337646317
-0.06570000000000009,0.014316878354634173
-0.0647000000000002,0.01465640906660178
-0.06370000000000009,0.014345172580631472
-0.0627000000000002,0.01461396772760583
-0.06170000000000009,0.01465640906660178
-0.0607000000000002,0.014953498439573438
-0.059700000000000086,0.014812027309586936
-0.058700000000000196,0.014925204213576137
-0.057700000000000085,0.01501008689156804
-0.056700000000000195,0.015151558021554544
-0.05570000000000008,0.015208146473549147
-0.05470000000000019,0.015236440699546445
-0.05370000000000008,0.015392058942531598
-0.05270000000000019,0.015420353168528897
-0.05170000000000008,0.015321323377538347
-0.05070000000000019,0.015406206055530251
-0.04970000000000008,0.015590118524512706
-0.04870000000000019,0.015675001202504608
-0.047700000000000076,0.015660854089505957
-0.046700000000000186,0.01584476655848841
-0.045700000000000074,0.01608526747946547
-0.044700000000000184,0.016099414592464115
-0.04370000000000007,0.01597209057547626
-0.04270000000000018,0.016056973253468165
-0.04170000000000007,0.01614185593146007
-0.04070000000000018,0.01629747417444522
-0.03970000000000007,0.016212591496453318
-0.03870000000000018,0.016410651078434424
-0.03770000000000007,0.01652382798242363
-0.03670000000000018,0.016495533756426328
-0.035700000000000065,0.016806770242396636
-0.034700000000000175,0.016679446225408782
-0.03370000000000006,0.01697653559838044
-0.03270000000000017,0.017118006728366945
-0.03170000000000006,0.017132153841365592
-0.03070000000000017,0.01703312405037504
-0.02970000000000006,0.017174595180361543
-0.02870000000000017,0.0173868018753413
-0.027700000000000058,0.0174150961013386
-0.026700000000000168,0.0174150961013386
-0.025700000000000056,0.017754626813306213
-0.024700000000000166,0.017570714344323755
-0.023700000000000054,0.017839509491298113
-0.022700000000000164,0.017966833508285963
-0.021700000000000053,0.018065863299276518
-0.020700000000000163,0.01812245175127112
-0.01970000000000005,0.018292217107254923
-0.01870000000000016,0.01820733442926302
-0.01770000000000005,0.018362952672248176
-0.01670000000000016,0.018461982463238727
-0.015700000000000047,0.018391246898245478
-0.014700000000000157,0.018730777610213082
-0.013700000000000045,0.018744924723211737
-0.012700000000000156,0.018688336271217135
-0.011700000000000044,0.019098602548177995
-0.010700000000000154,0.019310809243157753
-0.009700000000000042,0.019211779452167198
-0.008700000000000152,0.01967863418112266
-0.00770000000000004,0.019537163051136158
-0.00670000000000015,0.01967863418112266
-0.005700000000000038,0.019579604390132108
-0.0047000000000001485,0.019664487068124008
-0.0037000000000000366,0.02015963602307677
-0.0027000000000001467,0.019961576441095665
-0.0017000000000000348,0.020103047571082173
-0.000700000000000145,0.020131341797079472
0.00029999999999996696,0.020301107153063276
0.0012999999999998568,0.02052746096104168
0.0022999999999999687,0.02045672539604843
0.0032999999999998586,0.020824550334013342
0.0042999999999999705,0.020569902300037635
0.00529999999999986,0.020598196526034934
0.006299999999999972,0.02085284456001064
0.007299999999999862,0.020994315689997142
0.008299999999999974,0.02088113878600794
0.009299999999999864,0.021036757028993096
0.010299999999999976,0.02119237527197825
0.011299999999999866,0.0212348166109742
0.012299999999999978,0.021291405062968803
0.013299999999999867,0.017881950830294063
0.012299999999999978,0.015066675343562642
0.011299999999999866,0.013625084529000167
0.010299999999999976,0.012494730200408003
0.009299999999999864,0.011517164692201263
0.008299999999999974,0.01045754592860235
0.007299999999999862,0.009689357692775636
0.006299999999999972,0.009047078762636909
0.00529999999999986,0.008321331865806147
0.0042999999999999705,0.007776668015358107
0.0032999999999998586,0.007219271763211282
0.0022999999999999687,0.006729781653457979
0.0012999999999998568,0.006381762673691181
0.00029999999999996696,0.0058653930492404424
-0.000700000000000145,0.005530106471172428
-0.0017000000000000348,0.00504203107271899
-0.0027000000000001467,0.004525661448268253
-0.0037000000000000366,0.004371457916582963
-0.0047000000000001485,0.0039809975978202135
-0.005700000000000038,0.00365985813275085
-0.00670000000000015,0.0034915074880669107
-0.00770000000000004,0.003115194282302811
-0.008700000000000152,0.0027105868505414104
-0.009700000000000042,0.002501209578161385
-0.010700000000000154,0.0020272812927065974
-0.011700000000000044,0.00173302134233467
-0.012700000000000156,0.0014967645552572087
-0.013700000000000045,0.0012729572276185602
-0.014700000000000157,0.0011054554097145396
-0.015700000000000047,0.0008123272283825042
-0.01670000000000016,0.0006029499560024787
-0.01770000000000005,0.0003935726836224532
-0.01870000000000016,0.00025408214945576063
-0.01970000000000005,-6.700072716160814e-05
-0.020700000000000163,-0.00023441766238763655
-0.021700000000000053,-0.00016467239530429026
-0.022700000000000164,-0.000597432581933005
-0.023700000000000054,-0.0007230589453610202
-0.024700000000000166,-0.0008904192921350541
-0.025700000000000056,-0.0013790605751084377
-0.026700000000000168,-0.001323179478763769
-0.027700000000000058,-0.0014486643710617977
-0.02870000000000017,-0.0014911057100577487
-0.02970000000000006,-0.0016297474174445223
-0.03070000000000017,-0.0020074753345084868
-0.03170000000000006,-0.001936739769515235
-0.03270000000000017,-0.0023979356532712374
-0.03370000000000006,-0.0023144676865792004
-0.034700000000000175,-0.002621460038649913
-0.035700000000000065,-0.002859131537027239
-0.03670000000000018,-0.0028718639387260245
-0.03770000000000007,-0.003040214583409964
-0.03870000000000018,-0.0032071505167940383
-0.03970000000000007,-0.0034999957558661007
-0.04070000000000018,-0.0034872633541673153
-0.04170000000000007,-0.0034999957558661007
-0.04270000000000018,-0.003765961480240728
-0.04370000000000007,-0.004087100945310091
-0.044700000000000184,-0.0039894858656194035
-0.045700000000000074,-0.00405880671931279
-0.046700000000000186,-0.004239889765695516
-0.047700000000000076,-0.004268183991692816
-0.04870000000000019,-0.0046317647957581295
-0.04970000000000008,-0.004603470569760829
-0.05070000000000019,-0.00485387446983694
-0.05170000000000008,-0.004951489549527628
-0.05270000000000019,-0.005160866821907653
-0.05370000000000008,-0.005272629014596992
-0.05470000000000019,-0.005189161047904954
-0.05570000000000008,-0.005300923240594293
-0.056700000000000195,-0.005329217466591592
-0.057700000000000085,-0.00537024409428768
-0.058700000000000196,-0.005929055057734368
-0.059700000000000086,-0.005776266237348945
-0.0607000000000002,-0.005845587091042332
-0.06170000000000009,-0.006054964363422357
-0.0627000000000002,-0.0062077531838077805
-0.06370000000000009,-0.006502013134179708
-0.0647000000000002,-0.00639025094149037
-0.06570000000000009,-0.006543039761875796
-0.0667000000000002,-0.006571333987873095
-0.0677000000000001,-0.006821737887949208
-0.0687000000000002,-0.00692076767893976
-0.0697000000000001,-0.006821737887949208
-0.07070000000000021,-0.007031115160329232
-0.0717000000000001,-0.007073556499325183
-0.07270000000000021,-0.007240492432709258
-0.0737000000000001,-0.007408843077393197
-0.07470000000000021,-0.007394695964394547
-0.0757000000000001,-0.007673394090467959
-0.07670000000000021,-0.007980386442538673
-0.0777000000000001,-0.0075616318977786215
-0.07870000000000021,-0.007868624249849333
-0.0797000000000001,-0.007659246977469309
-0.08070000000000022,-0.007911065588845285
-0.0817000000000001,-0.008358114359602637
-0.08270000000000022,-0.00814873708722261
-0.08370000000000011,-0.008413288100297373
-0.08470000000000022,-0.008441582326294673
-0.08570000000000011,-0.008484023665290623
-0.08670000000000022,-0.0086509595986747
-0.08770000000000011,-0.0086509595986747
-0.08870000000000022,-0.008860336871054727
-0.08970000000000011,-0.008929657724748111
-0.09070000000000022,-0.008846189758056074
-0.09170000000000011,-0.009209770562121388
-0.09270000000000023,-0.00906971414343475
-0.09370000000000012,-0.009222502963820173
-0.09470000000000023,-0.009264944302816125
-0.09570000000000012,-0.009390853608504115
-0.09670000000000023,-0.009348412269508161
-0.09770000000000012,-0.009655404621578876
-0.09870000000000023,-0.009711993073573478
-0.09970000000000012,-0.009948249860650939
-0.10070000000000023,-0.01003313253864284
-0.10170000000000012,-0.01003313253864284
-0.10270000000000024,-0.010297683551717602
-0.10370000000000013,-0.010228362698024214
-0.10470000000000024,-0.010354272003712204
-0.10570000000000013,-0.010381151518409638
-0.10670000000000024,-0.01045188708340289
-0.10770000000000013,-0.010618823016786965
-0.10870000000000024,-0.010673996757481702
-0.10970000000000013,-0.010661264355782915
-0.11070000000000024,-0.01079990606316969
-0.11170000000000013,-0.010897521142860377
-0.11270000000000002,-0.011177633980233654
-0.11370000000000013,-0.011051724674545666
-0.11470000000000002,-0.01095410959485498
-0.11570000000000014,-0.011358717026616378
-0.11670000000000003,-0.01133042280061908
-0.11770000000000014,-0.011525652960000453
-0.11870000000000003,-0.011302128574621777
-0.11970000000000014,-0.011637415152689791
-0.12070000000000003,-0.011511505847001804
-0.12170000000000014,-0.01176332445837778
-0.12270000000000003,-0.011694003604684393
-0.12370000000000014,-0.011818498199072516
-0.12470000000000003,-0.012027875471452542
-0.12570000000000014,-0.01226554696982987
-0.12670000000000003,-0.012042022584451192
-0.12770000000000015,-0.012377309162519206
-0.12870000000000004,-0.012419750501515156
-0.12970000000000015,-0.012377309162519206
-0.13070000000000004,-0.012433897614513807
-0.13170000000000015,-0.012503218468207193
-0.13270000000000004,-0.012712595740587218
-0.13370000000000015,-0.012852652159273859
-0.13470000000000004,-0.012796063707279256
-0.13570000000000015,-0.01274088996658452
-0.13670000000000004,-0.012936120125965896
-0.13770000000000016,-0.013033735205656581
-0.13870000000000005,-0.013271406704033909
-0.13970000000000016,-0.01313135028534727
-0.14070000000000005,-0.013466636863415286
-0.14170000000000016,-0.01350766349111137
-0.14270000000000005,-0.013521810604110021
-0.14370000000000016,-0.013633572796799357
-0.14470000000000005,-0.01350766349111137
-0.14570000000000016,-0.013661867022796658
-0.14670000000000005,-0.013814655843182085
-0.14770000000000016,-0.013759482102487347
-0.14870000000000005,-0.01395471226186872
-0.14970000000000017,-0.01394056514887007
-0.15070000000000006,-0.013968859374867372
-0.15170000000000017,-0.014387613919627423
-0.15270000000000006,-0.01430273124163552
-0.15370000000000017,-0.01424614278964092
-0.15470000000000006,-0.014430055258623373
-0.15570000000000017,-0.014444202371622025
-0.15670000000000006,-0.014642261953603129
-0.15770000000000017,-0.014712997518596381
-0.15870000000000006,-0.01469885040559773
-0.15970000000000018,-0.01469885040559773
-0.16070000000000007,-0.014840321535584235
-0.16170000000000018,-0.014882762874580187
-0.16270000000000007,-0.014882762874580187
-0.16370000000000018,-0.015321323377538347
-0.16470000000000007,-0.015377911829532949
-0.16570000000000018,-0.015236440699546445
-0.16670000000000007,-0.015293029151541045
-0.16770000000000018,-0.01546279450752485
-0.16870000000000007,-0.01546279450752485
-0.16970000000000018,-0.015604265637511355
-0.17070000000000007,-0.01584476655848841
-0.17170000000000019,-0.015745736767497857
-0.17270000000000008,-0.01581647233249111
-0.1737000000000002,-0.015929649236480315
-0.17470000000000008,-0.01584476655848841
-0.1757000000000002,-0.016311621287443873
-0.17670000000000008,-0.016028679027470863
-0.1777000000000002,-0.01624088572245062
-0.17870000000000008,-0.016396503965435776
-0.1797000000000002,-0.01638235685243712
-0.18070000000000008,-0.016438945304431726
-0.1817000000000002,-0.016453092417430374
-0.18270000000000008,-0.01673603467740338
-0.1837000000000002,-0.01662285777341418
-0.1847000000000001,-0.016778476016399334
-0.1857000000000002,-0.016820917355395284
-0.1867000000000001,-0.016806770242396636
-0.1877000000000002,-0.016863358694391237
-0.1887000000000001,-0.016962388485381792
-0.1897000000000002,-0.01693409425938449
-0.1907000000000001,-0.017457537440334552
-0.1917000000000001,-0.017372654762342652
-0.19269999999999998,-0.017429243214337253
-0.1937000000000001,-0.017400948988339954
-0.19469999999999998,-0.0175282730053278
-0.1957000000000001,-0.01766974413531431
-0.19669999999999999,-0.01769803836131161
-0.1977000000000001,-0.01771218547431026
-0.1987,-0.017896097943292714
-0.1997000000000001,-0.017952686395287316
-0.2007,-0.017938539282288665
-0.2017000000000001,-0.018094157525273817
-0.2027,-0.018278069994256275
-0.2037000000000001,-0.018150745977268422
-0.2047,-0.018009274847281917
-0.2057000000000001,-0.018150745977268422
-0.2067,-0.01849027668923603
-0.2077000000000001,-0.018377099785246823
-0.2087,-0.01856101225422928
-0.2097000000000001,-0.018617600706223883
-0.2107,-0.01887224874019959
-0.2117000000000001,-0.01858930648022658
-0.2127,-0.018787366062207687
-0.2137000000000001,-0.018985425644188793
-0.2147,-0.01891469007919554
-0.2157000000000001,-0.01922592656516585
-0.2167,-0.01950886882513886
-0.21770000000000012,-0.019395691921149656
-0.2187,-0.019466427486142905
-0.21970000000000012,-0.019523015938137503
-0.2207,-0.019947429328097017
-0.22170000000000012,-0.019523015938137503
-0.2227,-0.019890840876102416
-0.22370000000000012,-0.01997572355409432
-0.2247,-0.019805958198110513
-0.22570000000000012,-0.02003231200608892
-0.2267,-0.019947429328097017
-0.22770000000000012,-0.02020207736207272
-0.22870000000000001,-0.020230371588070024
-0.22970000000000013,-0.02015963602307677
-0.23070000000000002,-0.020654784978029535
-0.23170000000000013,-0.020400136944053827
-0.23270000000000002,-0.020584049413036282
-0.23370000000000013,-0.020640637865030884
-0.23470000000000002,-0.020626490752032236
-0.23570000000000013,-0.021121639706984996
-0.23670000000000002,-0.021036757028993096
-0.2376999999999999,-0.021305552175967454
-0.23870000000000002,-0.021036757028993096
-0.2396999999999999,-0.021376287740960703
-0.24070000000000003,-0.021362140627962056
-0.24169999999999991,-0.0212065223849769
-0.24270000000000003,-0.0211782281589796
-0.24369999999999992,-0.021447023305953956
-0.24470000000000003,-0.021645082887935062
-0.24569999999999992,-0.02167337711393236
-0.24670000000000003,-0.021758259791924264
-0.24769999999999992,-0.021758259791924264
-0.24870000000000003,-0.02185728958291482
-0.24969999999999992,-0.02189973092191077
-0.25070000000000003,-0.022111937616890523
-0.2516999999999999,-0.02208364339089322
-0.25270000000000004,-0.022012907825899968
-0.2536999999999999,-0.02242317410286083
-0.25470000000000004,-0.02232414431187028
-0.2556999999999999,-0.022564645232847336
-0.25670000000000004,-0.022578792345845984
-0.25769999999999993,-0.02270611636283384
-0.25870000000000004,-0.02264952791083924
-0.25969999999999993,-0.023017352848804146
-0.26070000000000004,-0.023158823978790648
-0.26169999999999993,-0.022974911509808196
-0.26270000000000004,-0.023144676865792004
-0.26369999999999993,-0.023116382639794698
-0.26470000000000005,-0.023144676865792004
-0.26569999999999994,-0.023427619125765006
-0.26670000000000005,-0.023611531594747465
-0.26769999999999994,-0.023611531594747465
-0.26870000000000005,-0.02392276808071777
-0.26969999999999994,-0.023583237368750162
-0.27070000000000005,-0.02388032674172182
-0.27169999999999994,-0.02390862096771912
-0.27270000000000005,-0.02427644590568403
-0.27369999999999994,-0.024516946826661085
-0.27470000000000006,-0.024219857453689427
-0.27569999999999995,-0.024304740131681327
-0.27670000000000006,-0.024559388165657038
-0.27769999999999995,-0.024644270843648942
-0.27870000000000006,-0.02461597661765164
-0.27969999999999995,-0.0249979486686152
-0.28070000000000006,-0.024983801555616546
-0.28169999999999995,-0.024969654442617898
-0.28270000000000006,-0.02512527268560305
-0.28369999999999995,-0.02547895051056931
-0.28470000000000006,-0.025422362058574708
-0.28569999999999995,-0.025577980301559864
-0.28670000000000007,-0.025577980301559864
-0.28769999999999996,-0.025818481222536924
-0.28870000000000007,-0.025790186996539618
-0.28969999999999996,-0.026044835030515325
-0.29070000000000007,-0.026030687917516674
-0.29169999999999996,-0.025931658126526123
-0.29270000000000007,-0.02621460038649913
-0.29369999999999996,-0.026483395533473487
-0.2947000000000001,-0.02645510130747619
-0.29569999999999996,-0.02682292624544109
-0.2967000000000001,-0.02668145511545459
-0.29769999999999996,-0.026667308002455942
-0.2987000000000001,-0.026992691601424906
-0.29969999999999997,-0.027162456957408702
-0.3007000000000001,-0.02750198766937631
-0.30169999999999997,-0.02731807520039386
-0.3027000000000001,-0.02764345879936281
-0.30369999999999997,-0.027572723234369562
-0.3047000000000001,-0.02770004725135742
-0.30569999999999997,-0.02788395972033987
-0.3067000000000001,-0.02802543085032638
-0.3077,-0.028223490432307482
-0.3087000000000001,-0.028407402901289937
-0.3097,-0.02860546248327104
-0.3107000000000001,-0.02861960959626969
-0.3117,-0.028860110517246747
-0.3127000000000001,-0.029100611438223806
-0.3137,-0.028973287421235953
-0.3147000000000001,-0.02927037679420761
-0.3157,-0.029369406585198165
-0.3167000000000001,-0.02946843637618871
-0.3177,-0.02946843637618871
-0.3187000000000001,-0.029779672862159025
-0.3197,-0.03006261512213203
-0.3207000000000001,-0.030090909348129333
-0.3217,-0.03014749780012393
-0.3227000000000001,-0.03051532273808884
-0.3237,-0.030387998721100987
-0.3247000000000001,-0.030755823659065897
-0.3257,-0.030953883241047007
-0.3267000000000001,-0.030939736128048352
-0.3277,-0.031052913032037555
-0.3287000000000001,-0.03129341395301461
-0.3297,-0.03139244374400516
-0.3307000000000001,-0.03168953311697682
-0.3317,-0.03183100424696332
-0.3327000000000001,-0.031873445585959274
-0.3337,-0.032014916715945786
-0.3347000000000001,-0.03211394650693633
-0.3357,-0.032467624331902596
-0.3367000000000001,-0.03256665412289315
-0.3377,-0.03267983102688235
-0.3387000000000001,-0.03284959638286615
-0.3397,-0.032976920399854
-0.3407000000000001,-0.03325986265982701
-0.3417,-0.033288156885824316
-0.3427000000000001,-0.03348621646780542
-0.3437,-0.03406624810075008
-0.3447000000000001,-0.033910629857764926
-0.3457,-0.03425016056973254
-0.3467000000000001,-0.03436333747372174
-0.3477,-0.034462367264712294
-0.3487000000000001,-0.03490092776767045
-0.3497,-0.03490092776767045
-0.3507000000000001,-0.03518387002764346
-0.3517,-0.035579989191605675
-0.3527000000000001,-0.035551694965608366
-0.3537,-0.03573560743459083
-0.3547000000000001,-0.03593366701657193
-0.3557,-0.03625905061554088
-0.35670000000000013,-0.03642881597152469
-0.3577,-0.03652784576251525
-0.35870000000000013,-0.036782493796490956
-0.3597,-0.0369098178134788
-0.36070000000000013,-0.037221054299449115
-0.3617,-0.03748984944642347
-0.3626999999999999,-0.037221054299449115
-0.3637,-0.037843527271389725
-0.3646999999999999,-0.037843527271389725
-0.3657,-0.03799914551437489
-0.3666999999999999,-0.038055733966369486
-0.3677,-0.038522588695324954
-0.3686999999999999,-0.03903188476327636
-0.36970000000000003,-0.039527033718229125
-0.3706999999999999,-0.03911676744126827
-0.37170000000000003,-0.039626063509219676
-0.3726999999999999,-0.04014950669016974
-0.37370000000000003,-0.039979741334185935
-0.3746999999999999,-0.04013535957717109
-0.37570000000000003,-0.04075783254911171
-0.3766999999999999,-0.04084271522710361
-0.37770000000000004,-0.04091345079209686
-0.3786999999999999,-0.04129542284306042
-0.37970000000000004,-0.04130956995605907
-0.3806999999999999,-0.04183301313700913
-0.38170000000000004,-0.04208766117098484
-0.38269999999999993,-0.0423564563179592
-0.38370000000000004,-0.042738428368922755
-0.38469999999999993,-0.042780869707918716
-0.38570000000000004,-0.04314869464588362
-0.38669999999999993,-0.04324772443687417
-0.38770000000000004,-0.043219430210876875
-0.38869999999999993,-0.04398337431280399
-0.38970000000000005,-0.043912638747810734
-0.39069999999999994,-0.04418143389478509
-0.39170000000000005,-0.04453511171975136
-0.39269999999999994,-0.044676582849737856
-0.39370000000000005,-0.04488878954471761
-0.39469999999999994,-0.04517173180469062
-0.39570000000000005,-0.046006411471611
-0.39669999999999994,-0.046048852810606944
-0.39770000000000005,-0.04628935373158401
-0.39869999999999994,-0.04694012092952192
-0.39970000000000006,-0.04679864979953541
-0.40069999999999995,-0.04732209298048548
-0.40170000000000006,-0.04759088812745983
-0.40269999999999995,-0.04788797750043149
-0.40370000000000006,-0.04801530151741934
-0.40469999999999995,-0.048269949551395054
-0.40570000000000006,-0.04884998118433972
-0.40669999999999995,-0.04923195323530328
-0.40770000000000006,-0.049854426207243896
-0.40869999999999995,-0.049939308885235796
-0.40970000000000006,-0.05056178185717641
-0.41069999999999995,-0.05098619524713593
-0.41170000000000007,-0.05063251742216966
-0.41269999999999996,-0.05056178185717641
-0.41370000000000007,-0.05077398855215617
-0.41469999999999996,-0.05107107792512782
-0.41570000000000007,-0.05155207976708194
-0.41669999999999996,-0.051651109558072485
-0.41770000000000007,-0.05208967006103065
-0.41869999999999996,-0.05197649315704145
-0.4197000000000001,-0.05282531993696047
-0.42069999999999996,-0.05339120445690649
-0.4217000000000001,-0.053702440942876795
-0.42269999999999996,-0.05391464763785655
-0.4237000000000001,-0.05433906102781606
-0.42469999999999997,-0.05483420998276882
-0.4257000000000001,-0.055088858016744534
-0.42669999999999997,-0.05586694923167029
-0.4277000000000001,-0.05610745015264735
-0.42869999999999997,-0.0563196568476271
-0.4297000000000001,-0.056828952915578525
-0.43069999999999997,-0.05714018940154882
-0.4317000000000001,-0.057720221034493494
-0.4327,-0.057833397938482696
-0.4337000000000001,-0.05779095659948674
-0.4347,-0.05862563626640712
-0.4357000000000001,-0.05844172379742466
-0.4367,-0.05851245936241791
-0.4377000000000001,-0.05893687275237742
-0.4387,-0.058752960283394974
-0.4397000000000001,-0.05838513534543006
-0.4407,-0.058484165136420616
-0.4417000000000001,-0.058328546893435466
-0.4427,-0.05837098823243141
-0.4437000000000001,-0.05878125450939227
-0.4447,-0.059488610159324794
-0.4457000000000001,-0.059601787063313996
-0.4467,-0.06028084848724922
-0.4477000000000001,-0.06021011292225596
-0.4487,-0.06039402539123842
-0.4497000000000001,-0.06206338472507915
-0.4507,-0.06241706255004542
-0.4517000000000001,-0.062289738533057575
-0.4527,-0.06295465284399412
-0.4537000000000001,-0.06354883158993745
-0.4547,-0.0640439805448902
-0.4557000000000001,-0.06394495075389965
-0.4567,-0.06418545167487671
-0.4577000000000001,-0.06502013134179709
-0.4587,-0.06552942740974849
-0.4597000000000001,-0.06605287059069856
-0.4607,-0.06623678305968102
-0.4617000000000001,-0.06657631377164863
-0.4627,-0.06666119644964053
-0.4637000000000001,-0.06718463963059058
-0.4647,-0.06739684632557033
-0.4657000000000001,-0.06765149435954605
-0.4667,-0.06868423360844754
-0.4677000000000001,-0.06953306038836657
-0.4687,-0.0691793825634003
-0.4697000000000001,-0.07069312365425588
-0.4707,-0.07239077721409394
-0.4717000000000001,-0.0730273972990332
-0.4727,-0.07295666173403995
-0.4737000000000001,-0.07315472131602105
-0.4747,-0.07397525386994278
-0.4757000000000001,-0.07469675663287394
-0.4767,-0.07503628734484155
-0.4777000000000001,-0.07557387763879025
-0.4787,-0.07653588132269848
-0.4797000000000001,-0.07585681989876326
-0.4807,-0.07577193722077137
-0.48170000000000013,-0.07595584968975382
-0.4827,-0.07684711780866879
-0.48370000000000013,-0.07745544366761076
-0.4847,-0.0783891531255217
-0.48570000000000013,-0.07855891848150548
-0.4867,-0.0793228625834326
-0.4876999999999999,-0.07980386442538671
-0.4887,-0.08051122007531925
-0.4896999999999999,-0.08070927965730033
-0.4907,-0.08090733923928145
-0.4916999999999999,-0.0824352274431357
-0.4927,-0.0826615812511141
-0.4936999999999999,-0.08407629255097913
-0.49470000000000003,-0.08416117522897103
-0.4956999999999999,-0.0851939144778725
-0.49670000000000003,-0.08614177104878207
-0.4976999999999999,-0.0867359497947254
-0.49870000000000003,-0.08252011012112759
-0.4996999999999999,-0.08380749740400478
-0.5007,-0.08549100385084417
-0.5016999999999999,-0.0848543837659049
-0.5027,-0.08820724954658503
-0.5036999999999999,-0.08724524586267682
-0.5047,-0.0883911620155675
-0.5056999999999999,-0.08641056619575643
-0.5067,-0.08573150477182122
-0.5076999999999999,-0.08832042645057424
-0.5087,-0.08819310243358638
-0.5096999999999999,-0.09089520101632861
-0.5107,-0.09102252503331647
-0.5116999999999999,-0.09228161809019635
-0.5127,-0.09388024185904384
-0.5136999999999999,-0.09405000721502763
-0.5147,-0.09436124370099794
-0.5156999999999999,-0.09532324738490616
-0.5167,-0.0983082882276214
-0.5176999999999999,-0.10173188957329479
-0.5187,-0.10222703852824755
-0.5196999999999999,-0.10290609995218276
-0.5207,-0.10296268840417737
-0.5216999999999999,-0.10209971451125968
-0.5227,-0.10458960639902216
-0.5236999999999999,-0.11023430448548364
-0.5247,-0.10910253544559163
-0.5257,-0.0939226831980398
-0.5267000000000001,-0.09663892889378066
-0.5277,-0.10518378514496549
-0.5287000000000001,-0.1058628465689007
-0.5297,-0.10143480020032314
-0.5307000000000001,-0.09757263835169158
-0.5317,-0.09683698847576175
-0.5327000000000001,-0.09826584688862545
-0.5337,-0.09854878914859845
-0.5347000000000001,-0.10017570714344325
-0.5357,-0.10253827501421786
-0.5367000000000001,-0.10709364539978329
-0.5377,-0.10696632138279542
-0.5387000000000001,-0.1080839433096888
-0.5397,-0.10632970129785616
-0.5407000000000001,-0.10719267519077383
-0.5417,-0.10731999920776168
-0.5427000000000001,-0.1078575895017104
-0.5437,-0.11108313126540269
-0.5447000000000001,-0.1121300176273028
-0.5457,-0.11252613679126502
-0.5467000000000001,-0.11329008089319213
-0.5477,-0.11575167855495731
-0.5487000000000001,-0.11614779771891949
-0.5497,-0.11640244575289523
-0.5507000000000001,-0.11828401178171571
-0.5517,-0.12012313647154027
-0.5527000000000001,-0.1213680824154215
-0.5537,-0.1216510246753945
-0.5547000000000001,-0.12374479739919475
-0.5557,-0.12501803756907331
-0.5567000000000001,-0.12476338953509758
-0.5577,-0.1263195719649491
-0.5587000000000001,-0.12801722552478714
-0.5597,-0.12681472091990187
-0.5607000000000001,-0.1265600728859262
-0.5617,-0.12862555138372914
-0.5627000000000001,-0.12994123289260362
-0.5637,-0.12762110636082497
-0.5647000000000001,-0.12851237447973993
-0.5657,-0.13227550653738093
-0.5667000000000001,-0.1327140670403391
-0.5677,-0.13340727557727297
-0.5687000000000001,-0.13671770001895714
-0.5697,-0.13831632378780462
-0.5707000000000001,-0.1386417073867736
-0.5717,-0.14001397734764268
-0.5727000000000001,-0.1414286886475077
-0.5737,-0.1428858412863687
-0.5747000000000001,-0.14444202371622025
-0.5757,-0.14712997518596382
-0.5767000000000001,-0.1467055617960043
-0.5777,-0.14840321535584233
-0.5787000000000001,-0.14797880196588284
-0.5797,-0.15151558021554543
-0.5807000000000001,-0.15293029151541046
-0.5817,-0.15462794507524852
-0.5827000000000001,-0.15703295428501907
-0.5837,-0.1583061944548976
-0.5847000000000001,-0.16071120366466815
-0.5857,-0.1629747417444522
-0.5867000000000001,-0.1509496956955994
-0.5857,-0.1426028990263957
-0.5847000000000001,-0.14002812446064133
-0.5837,-0.13760896813787213
-0.5827000000000001,-0.1350483406851164
-0.5817,-0.13619425683800707
-0.5807000000000001,-0.13142667975746194
-0.5797,-0.12982805598861444
-0.5787000000000001,-0.12784746016880336
-0.5777,-0.1263195719649491
-0.5767000000000001,-0.12534342116804223
-0.5757,-0.12272620526329193
-0.5747000000000001,-0.12033534316652002
-0.5737,-0.1192318683526253
-0.5727000000000001,-0.11750592056678995
-0.5717,-0.11660050533487633
-0.5707000000000001,-0.11500188156602882
-0.5697,-0.11268175503425018
-0.5687000000000001,-0.11113971971739729
-0.5677,-0.11016356892049041
-0.5667000000000001,-0.10877715184662266
-0.5657,-0.10737658765975629
-0.5647000000000001,-0.10542428606594254
-0.5637,-0.10337295468113822
-0.5627000000000001,-0.10181677225128669
-0.5617,-0.10037376672542435
-0.5607000000000001,-0.09857708337459577
-0.5597,-0.09878929006957551
-0.5587000000000001,-0.10184506647728399
-0.5577,-0.09894490831256067
-0.5567000000000001,-0.09689357692775637
-0.5557,-0.09506859935093047
-0.5547000000000001,-0.0942622139100074
-0.5537,-0.09320118043510862
-0.5527000000000001,-0.08836286778957018
-0.5517,-0.08769795347863363
-0.5507000000000001,-0.08772624770463092
-0.5497,-0.08592956435380232
-0.5487000000000001,-0.08633983063076318
-0.5477,-0.08510903179988061
-0.5467000000000001,-0.08235034476514379
-0.5457,-0.08397726275998857
-0.5447000000000001,-0.08526465004286575
-0.5437,-0.08452900016693596
-0.5427000000000001,-0.08144492953323015
-0.5417,-0.07990289421637728
-0.5407000000000001,-0.078983331871465
-0.5397,-0.07936530392242855
-0.5387000000000001,-0.07671979379168092
-0.5377,-0.07666320533968635
-0.5367000000000001,-0.0751070229098348
-0.5357,-0.07465431529387798
-0.5347000000000001,-0.07462602106788069
-0.5337,-0.07335278089800215
-0.5327000000000001,-0.07243321855308989
-0.5317,-0.07076385921924913
-0.5307000000000001,-0.06973111997034764
-0.5297,-0.06975941419634496
-0.5287000000000001,-0.0711175370442154
-0.5277,-0.07304154441203185
-0.5267000000000001,-0.07032529871629098
-0.5257,-0.07130144951319785
-0.5247,-0.06888229319042864
-0.5236999999999999,-0.06818908465349477
-0.5227,-0.06818908465349477
-0.5216999999999999,-0.06552942740974849
-0.5207,-0.06176629535210751
-0.5196999999999999,-0.06395909786689832
-0.5187,-0.06561431008774041
-0.5176999999999999,-0.06211997317707376
-0.5167,-0.05757874990450699
-0.5156999999999999,-0.05623477416963521
-0.5147,-0.05506056379074723
-0.5136999999999999,-0.05634795107362441
-0.5127,-0.054169295671832256
-0.5116999999999999,-0.05399953031584845
-0.5107,-0.05472103307877962
-0.5096999999999999,-0.05109937215112512
-0.5087,-0.050080780015222294
-0.5076999999999999,-0.04979783775524929
-0.5067,-0.04903389365332217
-0.5056999999999999,-0.04955733683427224
-0.5047,-0.04950074838227764
-0.5036999999999999,-0.04505855490070142
-0.5027,-0.0461761768275948
-0.5016999999999999,-0.0462044710535921
-0.5007,-0.049260247461300574
-0.4996999999999999,-0.05143890286309273
-0.49870000000000003,-0.04965636662526278
-0.4976999999999999,-0.04951489549527628
-0.49670000000000003,-0.049840279094245245
-0.4956999999999999,-0.04969880796425874
-0.49470000000000003,-0.04921780612230463
-0.4936999999999999,-0.04788797750043149
-0.4927,-0.04877924561934646
-0.4916999999999999,-0.04872265716735186
-0.4907,-0.0482558024383964
-0.4896999999999999,-0.04217254384897674
-0.4887,-0.04214424962297945
-0.4876999999999999,-0.04306381196789172
-0.4867,-0.04014950669016974
-0.48570000000000013,-0.04132371706905772
-0.4847,-0.0404465960631414
-0.48370000000000013,-0.03911676744126827
-0.4827,-0.03901773765027772
-0.48170000000000013,-0.039088473215270966
-0.4807,-0.03828208777434789
-0.4797000000000001,-0.03791426283638299
-0.4787,-0.03775864459339783
-0.4777000000000001,-0.03679664090948961
-0.4767,-0.0348301922026772
-0.4757000000000001,-0.03341548090281216
-0.4747,-0.03507069312365426
-0.4737000000000001,-0.03532534115762996
-0.4727,-0.03607513814655844
-0.4717000000000001,-0.03525460559263671
-0.4707,-0.03576390166058813
-0.4697000000000001,-0.03533948827062862
-0.4687,-0.0346604268466934
-0.4677000000000001,-0.03514142868864751
-0.4667,-0.03470286818568935
-0.4657000000000001,-0.0347736037506826
-0.4647,-0.035127281575648865
-0.4637000000000001,-0.03412283655274468
-0.4627,-0.03318912709483376
-0.4617000000000001,-0.033061803077845904
-0.4607,-0.031420737970002464
-0.4597000000000001,-0.030741676546067253
-0.4587,-0.030840706337057794
-0.4577000000000001,-0.030600205416080745
-0.4567,-0.029525024828183317
-0.4557000000000001,-0.02969479018416712
-0.4547,-0.02949673060218601
-0.4537000000000001,-0.028987434534234607
-0.4527,-0.02815275486731423
-0.4517000000000001,-0.02755857612137091
-0.4507,-0.02682292624544109
-0.4497000000000001,-0.02591751101352747
-0.4487,-0.025577980301559864
-0.4477000000000001,-0.025662862979551764
-0.4467,-0.025167714024599004
-0.4457000000000001,-0.025252596702590904
-0.4447,-0.025139419798601705
-0.4437000000000001,-0.025252596702590904
-0.4427,-0.02482818331263139
-0.4417000000000001,-0.02417741611469348
-0.4407,-0.02356909025575151
-0.4397000000000001,-0.022479762554855433
-0.4387,-0.023144676865792004
-0.4377000000000001,-0.023158823978790648
-0.4367,-0.023399324899767704
-0.4357000000000001,-0.02272026347583249
-0.4347,-0.022465615441856785
-0.4337000000000001,-0.022564645232847336
-0.4327,-0.02226755585987568
-0.4317000000000001,-0.02277685192782709
-0.43069999999999997,-0.021843142469916164
-0.4297000000000001,-0.021418729079956657
-0.42869999999999997,-0.020937727238002544
-0.4277000000000001,-0.020258665814067326
-0.42669999999999997,-0.02008890045808352
-0.4257000000000001,-0.01965033995512536
-0.42469999999999997,-0.019961576441095665
-0.4237000000000001,-0.01967863418112266
-0.42269999999999996,-0.019537163051136158
-0.4217000000000001,-0.018773218949209036
-0.42069999999999996,-0.018645894932221182
-0.4197000000000001,-0.019126896774175294
-0.41869999999999996,-0.017881950830294063
-0.41770000000000007,-0.01768389124831296
-0.41669999999999996,-0.01646723953042903
-0.41570000000000007,-0.01585891367148706
-0.41469999999999996,-0.01588720789748436
-0.41370000000000007,-0.01546279450752485
-0.41269999999999996,-0.014995939778569388
-0.41170000000000007,-0.015406206055530251
-0.41069999999999995,-0.014812027309586936
-0.40970000000000006,-0.014783733083589632
-0.40869999999999995,-0.014642261953603129
-0.40770000000000006,-0.01469885040559773
-0.40669999999999995,-0.013480783976413935
-0.40570000000000006,-0.013159644511344572
-0.40469999999999995,-0.013340727557727295
-0.40370000000000006,-0.012614980660896532
-0.40269999999999995,-0.012517365581205843
-0.40170000000000006,-0.012112758149444444
-0.40069999999999995,-0.011539800072999104
-0.39970000000000006,-0.011930260391761854
-0.39869999999999994,-0.012000995956755106
-0.39770000000000005,-0.011805765797373732
-0.39669999999999994,-0.012000995956755106
-0.39570000000000005,-0.011846792425069818
-0.39469999999999994,-0.011846792425069818
-0.39370000000000005,-0.011092751302241754
-0.39269999999999994,-0.01095410959485498
-0.39170000000000005,-0.011191781093232307
-0.39069999999999994,-0.011106898415240403
-0.38970000000000005,-0.010521207937096278
-0.38869999999999993,-0.010897521142860377
-0.38770000000000004,-0.010661264355782915
-0.38669999999999993,-0.01095410959485498
-0.38570000000000004,-0.010702290983479001
-0.38469999999999993,-0.010144894731332177
-0.38370000000000004,-0.010549502163093579
-0.38269999999999993,-0.009641257508580225
-0.38170000000000004,-0.009614377993882789
-0.3806999999999999,-0.008929657724748111
-0.37970000000000004,-0.008539197405985362
-0.3786999999999999,-0.008329820133605335
-0.37770000000000004,-0.008175616601920047
-0.3766999999999999,-0.007882771362847985
-0.37570000000000003,-0.007589926123775921
-0.3746999999999999,-0.007604073236774573
-0.37370000000000003,-0.007130144951319785
-0.3726999999999999,-0.007408843077393197
-0.37170000000000003,-0.006990088532633146
-0.3706999999999999,-0.0069066205659411095
-0.36970000000000003,-0.006794858373251771
-0.3686999999999999,-0.006585481100871746
-0.3677,-0.006502013134179708
-0.3666999999999999,-0.006305368263498468
-0.3657,-0.006431277569186457
-0.3646999999999999,-0.0058866137187384175
-0.3637,-0.0058866137187384175
-0.3626999999999999,-0.00578899863904773
-0.3617,-0.0058738813170396325
-0.36070000000000013,-0.00597149639673032
-0.3597,-0.0057196777853543435
-0.35870000000000013,-0.005733824898352994
-0.3577,-0.005148134420208869
-0.35670000000000013,-0.00505051934051818
-0.3557,-0.004938757147828843
-0.3547000000000001,-0.004812847842140855
-0.3537,-0.004561029230764878
-0.3527000000000001,-0.004422387523378105
-0.3517,-0.00446341415107419
-0.3507000000000001,-0.004184716025000778
-0.3497,-0.004225742652696865
-0.3487000000000001,-0.003611757948555439
-0.3477,-0.0037376672542434267
-0.3467000000000001,-0.0036259050615540887
-0.3457,-0.0033330598224820263
-0.3447000000000001,-0.00308124121110605
-0.3437,-0.002788395972033987
-0.3427000000000001,-0.0028308373110299385
-0.3417,-0.0026766337793446495
-0.3407000000000001,-0.002537992071957876
-0.3397,-0.0023286147995778507
-0.3387000000000001,-0.0025238449589592257
-0.3377,-0.0023696414272739367
-0.3367000000000001,-0.002048501962204573
-0.3357,-0.0021602641548939113
-0.3347000000000001,-0.0016721887564404734
-0.3337,-0.0020216224475071375
-0.3327000000000001,-0.0014769585970590981
-0.3317,-0.0012672983824191
-0.3307000000000001,-0.001085932393776402
-0.3297,-0.0010579211100390745
-0.3287000000000001,-0.001044056939300397
-0.3277,-0.0008625494795277128
-0.3267000000000001,-0.0009603060303483867
-0.3257,-0.000946300388479723
-0.3247000000000001,-0.0007090533034923563
-0.3237,-0.0007649343998370254
-0.3227000000000001,-0.000555557127457
-0.3217,-0.0007928042124443665
-0.3207000000000001,-9.491298110794531e-05
-0.3197,-0.00015080822456561293
-0.3187000000000001,-0.00044379493476766205
-0.3177,5.862563626640712e-05
-0.3167000000000001,7.257468968307638e-05
-0.3157,3.0713382320069946e-05
-0.3147000000000001,0.00033783305840777076
-0.3137,0.00033783305840777076
-0.3127000000000001,0.0005332046889191324
-0.3117,0.00071457067756183
-0.3107000000000001,0.0007007065068231526
-0.3097,0.0010217045007625295
-0.3087000000000001,0.0011054554097145396
-0.3077,0.0009239479499418554
-0.3067000000000001,0.0010076988588938655
-0.30569999999999997,0.0012310817731425547
-0.3047000000000001,0.001509496956955994
-0.30369999999999997,0.0011333252223218809
-0.3027000000000001,0.0017188742293360194
-0.30169999999999997,0.0013845779491779115
-0.3007000000000001,0.0019282515017160448
-0.29969999999999997,0.0018306364220253574
-0.2987000000000001,0.001663700488641283
-0.29769999999999996,0.0019565457277133454
-0.2967000000000001,0.002124896372397285
-0.29569999999999996,0.0021376287740960706
-0.2947000000000001,0.002110749259398635
-0.29369999999999996,0.0021800701130920215
-0.29270000000000007,0.0022493909667854082
-0.29169999999999996,0.002668145511545459
-0.29070000000000007,0.0024587682391654336
-0.28969999999999996,0.002668145511545459
-0.28870000000000007,0.0027530281895373613
-0.28769999999999996,0.0026129717708507226
-0.28670000000000007,0.002877522783925485
-0.28569999999999995,0.003045873428609424
-0.28470000000000006,0.0031845151359961976
-0.28369999999999995,0.00307275294330686
-0.28270000000000006,0.0031845151359961976
-0.28169999999999995,0.003115194282302811
-0.28070000000000006,0.003226956474992149
-0.27969999999999995,0.0033938924083762234
-0.27870000000000006,0.0034646279733694745
-0.27769999999999995,0.0036315639067535494
-0.27670000000000006,0.0034646279733694745
-0.27569999999999995,0.003533948827062861
-0.27470000000000006,0.003840941179133575
-0.27369999999999994,0.003548095940061512
-0.27270000000000005,0.004009291823817514
-0.27169999999999994,0.00365985813275085
-0.27070000000000005,0.004092759790509551
-0.26969999999999994,0.004106906903508202
-0.26870000000000005,0.0039809975978202135
-0.26769999999999994,0.004483220109272302
-0.26670000000000005,0.004343163690585663
-0.26569999999999994,0.00444077877027635
-0.26470000000000005,0.0044266316572777
-0.26369999999999993,0.004678450268653676
-0.26270000000000004,0.004747771122347063
-0.26169999999999993,0.004413899255578915
-0.26070000000000004,0.0046232765279589395
-0.25969999999999993,0.004692597381652327
-0.25870000000000004,0.004916121767031002
-0.25769999999999993,0.0048595333150364016
-0.25670000000000004,0.004790212461343014
-0.2556999999999999,0.004971295507725739
-0.25470000000000004,0.005349023424789703
-0.2536999999999999,0.0053900500524857895
-0.25270000000000004,0.0051113519264123775
-0.2516999999999999,0.005054763474417776
-0.25070000000000003,0.005153793265408328
-0.24969999999999992,0.005641868663861766
-0.24870000000000003,0.005515959358173779
-0.24769999999999992,0.005585280211867165
-0.24670000000000003,0.005515959358173779
-0.24569999999999992,0.005460785617479041
-0.24470000000000003,0.005473518019177827
-0.24369999999999992,0.005682895291557853
-0.24270000000000003,0.005906419676936528
-0.24169999999999991,0.005585280211867165
-0.24070000000000003,0.0059898876436285655
-0.2396999999999999,0.005767777969549754
-0.23870000000000002,0.005892272563937878
-0.2376999999999999,0.006129944062315204
-0.23670000000000002,0.005879540162239092
-0.23570000000000013,0.006172385401311155
-0.23470000000000002,0.006115796949316554
-0.23370000000000013,0.006465230640383217
-0.23270000000000002,0.006186532514309805
-0.23170000000000013,0.006284147594000493
-0.23070000000000002,0.006451083527384567
-0.22970000000000013,0.006493524866380518
-0.22870000000000001,0.006646313686765943
-0.22770000000000012,0.006562845720073905
-0.2267,0.006534551494076604
-0.22570000000000012,0.006339321334695229
-0.2247,0.006688755025761894
-0.22370000000000012,0.006605287059069856
-0.2227,0.00674392876645663
-0.22170000000000012,0.006534551494076604
-0.2207,0.006898132298141919
-0.21970000000000012,0.006981600264833956
-0.2187,0.006869838072144617
-0.21770000000000012,0.006898132298141919
-0.2167,0.007036774005528692
-0.2157000000000001,0.007260298390907369
-0.2147,0.007219271763211282
-0.2137000000000001,0.007567290742978081
-0.2127,0.007414501922592657
-0.2117000000000001,0.007190977537213981
-0.2107,0.007414501922592657
-0.2097000000000001,0.007483822776286044
-0.2087,0.007652173420969983
-0.2077000000000001,0.007609732081974032
-0.2067,0.007567290742978081
-0.2057000000000001,0.0075955849689753815
-0.2047,0.007959165773040696
-0.2037000000000001,0.007553143629979431
-0.2027,0.007819109354354058
-0.2017000000000001,0.007888430208047444
-0.2007,0.007930871547043396
-0.1997000000000001,0.007847403580351358
-0.1987,0.007945018660042047
-0.1977000000000001,0.007959165773040696
-0.19669999999999999,0.008000192400736782
-0.1957000000000001,0.008363773204802099
-0.19469999999999998,0.008014339513735431
-0.1937000000000001,0.007959165773040696
-0.19269999999999998,0.008168543045420721
-0.1917000000000001,0.008307184752807496
-0.1907000000000001,0.00811195459342612
-0.1897000000000002,0.00861417710487821
-0.1887000000000001,0.008433094058495483
-0.1877000000000002,0.00864247133087551
-0.1867000000000001,0.008587297590180771
-0.1857000000000002,0.008754233523564848
-0.1847000000000001,0.00861417710487821
-0.1837000000000002,0.008754233523564848
-0.18270000000000008,0.008782527749562147
-0.1817000000000002,0.008754233523564848
-0.18070000000000008,0.008907022343950272
-0.1797000000000002,0.008740086410566197
-0.17870000000000008,0.008894289942251485
-0.1777000000000002,0.008963610795944873
-0.17670000000000008,0.008949463682946222
-0.1757000000000002,0.009032931649638259
-0.17470000000000008,0.009158840955326247
-0.1737000000000002,0.009047078762636909
-0.17270000000000008,0.00921542940732085
-0.17170000000000019,0.009410659566702223
-0.17070000000000007,0.009256456035016935
-0.16970000000000018,0.009339924001708973
-0.16870000000000007,0.009703504805774286
-0.16770000000000018,0.009228161809019635
-0.16670000000000007,0.009508274646392912
-0.16570000000000018,0.0095775955000863
-0.16470000000000007,0.009605889726083599
-0.16370000000000018,0.009675210579776985
-0.16270000000000007,0.009508274646392912
-0.16170000000000018,0.009758678546469023
-0.16070000000000007,0.009731799031771586
-0.15970000000000018,0.009953908705850398
-0.15870000000000006,0.009731799031771586
-0.15770000000000017,0.010038791383842298
-0.15670000000000006,0.009953908705850398
-0.15570000000000017,0.010136406463532989
-0.15470000000000006,0.010051523785541087
-0.15370000000000017,0.010512719669297088
-0.15270000000000006,0.010051523785541087
-0.15170000000000017,0.010205727317226375
-0.15070000000000006,0.010136406463532989
-0.14970000000000017,0.010317489509915713
-0.14870000000000005,0.010484425443299786
-0.14770000000000016,0.010415104589606402
-0.14670000000000005,0.010150553576531638
-0.14570000000000016,0.010359930848911663
-0.14470000000000005,0.010652776087983727
-0.14370000000000016,0.010484425443299786
-0.14270000000000005,0.010679655602681162
-0.14170000000000016,0.010582040522990473
-0.14070000000000005,0.010666923200982377
-0.13970000000000016,0.010624481861986425
-0.13870000000000005,0.011071530632743777
-0.13770000000000016,0.0107914177953705
-0.13670000000000004,0.010959768440054439
-0.13570000000000015,0.010889032875061187
-0.13470000000000004,0.011112557260439863
-0.13370000000000015,0.01097391555305309
-0.13270000000000004,0.011140851486437163
-0.13170000000000015,0.011140851486437163
-0.13070000000000004,0.011238466566127852
-0.12970000000000015,0.01135022875881719
-0.12870000000000004,0.011196025227131898
-0.12770000000000015,0.011419549612510575
-0.12670000000000003,0.011378522984814489
-0.12570000000000014,0.011490285177503827
-0.12470000000000003,0.011628926884890601
-0.12370000000000014,0.01161477977189195
-0.12270000000000003,0.011628926884890601
-0.12170000000000014,0.011671368223886553
-0.12070000000000003,0.011643073997889252
-0.11970000000000014,0.011685515336885203
-0.11870000000000003,0.011754836190578589
-0.11770000000000014,0.012104269881645254
-0.11670000000000003,0.011838304157270628
-0.11570000000000014,0.012061828542649302
-0.11470000000000002,0.012061828542649302
-0.11370000000000013,0.012242911589032027
-0.11270000000000002,0.012397115120717317
-0.11170000000000013,0.012425409346714619
-0.11070000000000024,0.012340526668722714
-0.10970000000000013,0.012494730200408003
-0.10870000000000024,0.012257058702030678
-0.10770000000000013,0.012425409346714619
-0.10670000000000024,0.012466435974410705
-0.10570000000000013,0.012425409346714619
-0.10470000000000024,0.012578198167100041
-0.10370000000000013,0.012537171539403955
-0.10270000000000024,0.012968658485862792
-0.10170000000000012,0.012830016778476018
-0.10070000000000023,0.012941778971165356
-0.09970000000000012,0.012885190519170754
-0.09870000000000023,0.013053541163854694
-0.09770000000000012,0.013220477097238767
-0.09670000000000023,0.013289797950932155
-0.09570000000000012,0.012982805598861443
-0.09470000000000023,0.01354161656230813
-0.09370000000000012,0.013318092176929456
-0.09270000000000023,0.013472295708614744
-0.09170000000000011,0.01354161656230813
-0.09070000000000022,0.013555763675306783
-0.08970000000000011,0.01361093741600152
-0.08870000000000022,0.013694405382693555
-0.08770000000000011,0.013848608914378845
-0.08670000000000022,0.013834461801380194
-0.08570000000000011,0.013974518220066835
-0.08470000000000022,0.014231995676642267
-0.08370000000000011,0.014043839073760219
-0.08270000000000022,0.014029691960761568
-0.0817000000000001,0.014175407224647668
-0.08070000000000022,0.014231995676642267
-0.0797000000000001,0.014472496597619325
-0.07870000000000021,0.014316878354634173
-0.0777000000000001,0.014712997518596381
-0.07670000000000021,0.014543232162612576
-0.0757000000000001,0.014486643710617976
-0.07470000000000021,0.014628114840604478
-0.0737000000000001,0.014812027309586936
-0.07270000000000021,0.014755438857592333
-0.0717000000000001,0.014939351326574786
-0.07070000000000021,0.015066675343562642
-0.0697000000000001,0.01503838111756534
-0.0687000000000002,0.015137410908555892
-0.0677000000000001,0.01546279450752485
-0.0667000000000002,0.01509496956955994
-0.06570000000000009,0.015349617603535646
-0.0647000000000002,0.015717442541500558
-0.06370000000000009,0.015590118524512706
-0.0627000000000002,0.01588720789748436
-0.06170000000000009,0.015745736767497857
-0.0607000000000002,0.016226738609451972
-0.059700000000000086,0.015957943462477614
-0.058700000000000196,0.01614185593146007
-0.057700000000000085,0.016042826140469518
-0.056700000000000195,0.016368209739438477
-0.05570000000000008,0.01652382798242363
-0.05470000000000019,0.016424798191433075
-0.05370000000000008,0.016721887564404736
-0.05270000000000019,0.01662285777341418
-0.05170000000000008,0.016750181790402035
-0.05070000000000019,0.017004829824377742
-0.04970000000000008,0.01706141827637234
-0.04870000000000019,0.01693409425938449
-0.047700000000000076,0.0173302134233467
-0.046700000000000186,0.017217036519357496
-0.045700000000000074,0.017429243214337253
-0.044700000000000184,0.01731606631034805
-0.04370000000000007,0.017457537440334552
-0.04270000000000018,0.017599008570321057
-0.04170000000000007,0.01772633258730891
-0.04070000000000018,0.017938539282288665
-0.03970000000000007,0.018023421960280565
-0.03870000000000018,0.018108304638272472
-0.03770000000000007,0.018320511333252226
-0.03670000000000018,0.018419541124242777
-0.035700000000000065,0.018631747819222534
-0.034700000000000175,0.018617600706223883
-0.03370000000000006,0.018730777610213082
-0.03270000000000017,0.019098602548177995
-0.03170000000000006,0.019042014096183394
-0.03070000000000017,0.019211779452167198
-0.02970000000000006,0.019240073678164497
-0.02870000000000017,0.019480574599141553
-0.027700000000000058,0.01933910346915505
-0.026700000000000168,0.019749369746115915
-0.025700000000000056,0.019919135102099715
-0.024700000000000166,0.01997572355409432
-0.023700000000000054,0.02020207736207272
-0.022700000000000164,0.02052746096104168
-0.021700000000000053,0.020244518701068675
-0.020700000000000163,0.020683079204026837
-0.01970000000000005,0.020640637865030884
-0.01870000000000016,0.02079625610801604
-0.01770000000000005,0.02122066949797555
-0.01670000000000016,0.021291405062968803
-0.015700000000000047,0.021347993514963404
-0.014700000000000157,0.021390434853959358
-0.013700000000000045,0.021786554017921567
-0.012700000000000156,0.021928025147908068
-0.011700000000000044,0.022111937616890523
-0.010700000000000154,0.02242317410286083
-0.009700000000000042,0.022607086571843286
-0.008700000000000152,0.022861734605818994
-0.00770000000000004,0.022932470170812246
-0.00670000000000015,0.022974911509808196
-0.005700000000000038,0.023073941300798748
-0.0047000000000001485,0.02354079602975421
-0.0037000000000000366,0.02352664891675556
-0.0027000000000001467,0.02393691519371642
-0.0017000000000000348,0.02393691519371642
-0.000700000000000145,0.02429059301868268
0.00029999999999996696,0.024417917035670533
0.0012999999999998568,0.024559388165657038
0.0022999999999999687,0.025012095781613848
0.0032999999999998586,0.024955507329619247
0.0042999999999999705,0.025210155363594954
0.00529999999999986,0.025337479380582808
0.006299999999999972,0.025634568753554465
0.007299999999999862,0.02562042164055581
0.008299999999999974,0.02577603988354097
0.009299999999999864,0.02587506967453152
0.010299999999999976,0.026186306160501827
0.011299999999999866,0.026073129256512624
0.012299999999999978,0.026539983985468085
0.013299999999999867,0.02279099904082574
0.012299999999999978,0.01997572355409432
0.011299999999999866,0.01820733442926302
0.010299999999999976,0.01670774045140608
0.009299999999999864,0.015519382959519455
0.008299999999999974,0.01426028990263957
0.007299999999999862,0.013401560143621493
0.006299999999999972,0.012382968007718667
0.00529999999999986,0.01176898330357724
0.0042999999999999705,0.010917327101058487
0.0032999999999998586,0.01037266325061045
0.0022999999999999687,0.009549301274088998
0.0012999999999998568,0.008823554377258232
0.00029999999999996696,0.008335478978804796
-0.000700000000000145,0.007819109354354058
-0.0017000000000000348,0.007148536198218029
-0.0027000000000001467,0.006967453151835307
-0.0037000000000000366,0.006381762673691181
-0.0047000000000001485,0.00593471390293383
-0.005700000000000038,0.005278287859796452
-0.00670000000000015,0.004761918235345714
-0.00770000000000004,0.0048595333150364016
-0.008700000000000152,0.004259695723893626
-0.009700000000000042,0.004162080644202937
-0.010700000000000154,0.0036315639067535494
-0.011700000000000044,0.0030175792026121235
-0.012700000000000156,0.002905817009922785
-0.013700000000000045,0.002655413109846674
-0.014700000000000157,0.0022918323057813596
-0.015700000000000047,0.00191551910001726
-0.01670000000000016,0.001775462681330621
-0.01770000000000005,0.0013567081365705703
-0.01870000000000016,0.001314832682094565
-0.01970000000000005,0.0009519592336791832
-0.020700000000000163,0.0006448254104784837
-0.021700000000000053,0.0005470688596578097
-0.022700000000000164,0.00028195196206310183
-0.023700000000000054,-0.00017867803717295413
-0.024700000000000166,-0.0001367884355839504
-0.025700000000000056,-0.0003461798550769745
-0.026700000000000168,-0.0008625494795277128
-0.027700000000000058,-0.0007649343998370254
-0.02870000000000017,-0.0008765551213963767
-0.02970000000000006,-0.0010719267519077383
-0.03070000000000017,-0.0013371851206324325
-0.03170000000000006,-0.0016028679027470867
-0.03270000000000017,-0.0016863358694391237
-0.03370000000000006,-0.0018391246898245477
-0.034700000000000175,-0.002062649075203223
-0.035700000000000065,-0.0024531093939659738
-0.03670000000000018,-0.0024955507329619243
-0.03770000000000007,-0.0027742488590353368
-0.03870000000000018,-0.002788395972033987
-0.03970000000000007,-0.002942599503719276
-0.04070000000000018,-0.0029143052777219755
-0.04170000000000007,-0.0033330598224820263
-0.04270000000000018,-0.0032637389687886396
-0.04370000000000007,-0.0036541992875513893
-0.044700000000000184,-0.003751814367242078
-0.045700000000000074,-0.003780108593239378
-0.046700000000000186,-0.004170568912002128
-0.047700000000000076,-0.0041564217990034775
-0.04870000000000019,-0.004225742652696865
-0.04970000000000008,-0.00443511992507689
-0.05070000000000019,-0.004784553616143553
-0.05170000000000008,-0.004532735004767577
-0.05270000000000019,-0.004896315808832892
-0.05370000000000008,-0.004896315808832892
-0.05470000000000019,-0.005133987307210219
-0.05570000000000008,-0.005258481901598342
-0.056700000000000195,-0.005231602386900905
-0.057700000000000085,-0.005343364579590244
-0.058700000000000196,-0.005650356931660956
-0.059700000000000086,-0.005914907944735718
-0.0607000000000002,-0.005859734204040982
-0.06170000000000009,-0.0060408172504237065
-0.0627000000000002,-0.006069111476421007
-0.06370000000000009,-0.006236047409805081
-0.0647000000000002,-0.006278488748801033
-0.06570000000000009,-0.0064737189081824085
-0.0667000000000002,-0.006571333987873095
-0.0677000000000001,-0.006724122808258519
-0.0687000000000002,-0.006835885000947857
-0.0697000000000001,-0.006947647193637195
-0.07070000000000021,-0.007073556499325183
-0.0717000000000001,-0.007185318692014522
-0.07270000000000021,-0.00729708088470386
-0.0737000000000001,-0.00732537511070116
-0.07470000000000021,-0.0076465145757705225
-0.0757000000000001,-0.007618220349773223
-0.07670000000000021,-0.007882771362847985
-0.0777000000000001,-0.007827597622153248
-0.07870000000000021,-0.008232205053914648
-0.0797000000000001,-0.00807800152222936
-0.08070000000000022,-0.008051122007531924
-0.0817000000000001,-0.0082463521669133
-0.08270000000000022,-0.008189763714918696
-0.08370000000000011,-0.008427435213296022
-0.08470000000000022,-0.008384993874300072
-0.08570000000000011,-0.008553344518984013
-0.08670000000000022,-0.008608518259678748
-0.08770000000000011,-0.008846189758056074
-0.08870000000000022,-0.009055567030436099
-0.08970000000000011,-0.009013125691440148
-0.09070000000000022,-0.009376706495505465
-0.09170000000000011,-0.00950261580119345
-0.09270000000000023,-0.009390853608504115
-0.09370000000000012,-0.00950261580119345
-0.09470000000000023,-0.009697845960574828
-0.09570000000000012,-0.009711993073573478
-0.09670000000000023,-0.009669551734577526
-0.09770000000000012,-0.009823755266262814
-0.09870000000000023,-0.009962396973649588
-0.09970000000000012,-0.01003313253864284
-0.10070000000000023,-0.010367004405410989
-0.10170000000000012,-0.010214215585025565
-0.10270000000000024,-0.010325977777714903
-0.10370000000000013,-0.010311830664716254
-0.10470000000000024,-0.010367004405410989
-0.10570000000000013,-0.010507060824097627
-0.10670000000000024,-0.010785758950171039
-0.10770000000000013,-0.01095410959485498
-0.10870000000000024,-0.01079990606316969
-0.10970000000000013,-0.011106898415240403
-0.11070000000000024,-0.011135192641237704
-0.11170000000000013,-0.011191781093232307
-0.11270000000000002,-0.010995136222551065
-0.11370000000000013,-0.011539800072999104
-0.11470000000000002,-0.011289396172922992
-0.11570000000000014,-0.011694003604684393
-0.11670000000000003,-0.011694003604684393
-0.11770000000000014,-0.01176332445837778
-0.11870000000000003,-0.011889233764065768
-0.11970000000000014,-0.011708150717683045
-0.12070000000000003,-0.011972701730757805
-0.12170000000000014,-0.01230798830882582
-0.12270000000000003,-0.01218207900313783
-0.12370000000000014,-0.012084463923447144
-0.12470000000000003,-0.012545659807203145
-0.12570000000000014,-0.012293841195827169
-0.12670000000000003,-0.01275503707958317
-0.12770000000000015,-0.012489071355208544
-0.12870000000000004,-0.012767769481281955
-0.12970000000000015,-0.012781916594280606
-0.13070000000000004,-0.01296299964066333
-0.13170000000000015,-0.012852652159273859
-0.13270000000000004,-0.013186524026042009
-0.13370000000000015,-0.013243112478036608
-0.13470000000000004,-0.013298286218731345
-0.13570000000000015,-0.013340727557727295
-0.13670000000000004,-0.01338175418542338
-0.13770000000000016,-0.013395901298422032
-0.13870000000000005,-0.013480783976413935
-0.13970000000000016,-0.013857097182178034
-0.14070000000000005,-0.013814655843182085
-0.14170000000000016,-0.01403818022856076
-0.14270000000000005,-0.013842950069179384
-0.14370000000000016,-0.014189554337646317
-0.14470000000000005,-0.01410891579355401
-0.14570000000000016,-0.014175407224647668
-0.14670000000000005,-0.014387613919627423
-0.14770000000000016,-0.014175407224647668
-0.14870000000000005,-0.014557379275611227
-0.14970000000000017,-0.014189554337646317
-0.15070000000000006,-0.014755438857592333
-0.15170000000000017,-0.01469885040559773
-0.15270000000000006,-0.014769585970590984
-0.15370000000000017,-0.014967645552572089
-0.15470000000000006,-0.015080822456561293
-0.15570000000000017,-0.015109116682558592
-0.15670000000000006,-0.015123263795557243
-0.15770000000000017,-0.015307176264539698
-0.15870000000000006,-0.015179852247551842
-0.15970000000000018,-0.015293029151541045
-0.16070000000000007,-0.015646706976507305
-0.16170000000000018,-0.015646706976507305
-0.16270000000000007,-0.015448647394526203
-0.16370000000000018,-0.01568914831550326
-0.16470000000000007,-0.015774030993495156
-0.16570000000000018,-0.01584476655848841
-0.16670000000000007,-0.016042826140469518
-0.16770000000000018,-0.01588720789748436
-0.16870000000000007,-0.01624088572245062
-0.16970000000000018,-0.01618429727045602
-0.17070000000000007,-0.016311621287443873
-0.17170000000000019,-0.01619844438345467
-0.17270000000000008,-0.016368209739438477
-0.1737000000000002,-0.01629747417444522
-0.17470000000000008,-0.01660871066041553
-0.1757000000000002,-0.01662285777341418
-0.17670000000000008,-0.016537975095422278
-0.1777000000000002,-0.01690580003338719
-0.17870000000000008,-0.01703312405037504
-0.1797000000000002,-0.01703312405037504
-0.18070000000000008,-0.017089712502369642
-0.1817000000000002,-0.017231183632356147
-0.18270000000000008,-0.017273624971352097
-0.1837000000000002,-0.0173302134233467
-0.1847000000000001,-0.0172453307453548
-0.1857000000000002,-0.01748583166633185
-0.1867000000000001,-0.017613155683319705
-0.1877000000000002,-0.01772633258730891
-0.1887000000000001,-0.01774047970030756
-0.1897000000000002,-0.01785365660429676
-0.1907000000000001,-0.017910245056291362
-0.1917000000000001,-0.017966833508285963
-0.19269999999999998,-0.017966833508285963
-0.1937000000000001,-0.01812245175127112
-0.19469999999999998,-0.018235628655260322
-0.1957000000000001,-0.018292217107254923
-0.19669999999999999,-0.018405394011244126
-0.1977000000000001,-0.018546865141230634
-0.1987,-0.018377099785246823
-0.1997000000000001,-0.01858930648022658
-0.2007,-0.01853271802823198
-0.2017000000000001,-0.018645894932221182
-0.2027,-0.018730777610213082
-0.2037000000000001,-0.019056161209182042
-0.2047,-0.018957131418191494
-0.2057000000000001,-0.019056161209182042
-0.2067,-0.019070308322180696
-0.2077000000000001,-0.018985425644188793
-0.2087,-0.019381544808151
-0.2097000000000001,-0.0193249563561564
-0.2107,-0.019353250582153703
-0.2117000000000001,-0.019466427486142905
-0.2127,-0.019565457277133456
-0.2137000000000001,-0.019961576441095665
-0.2147,-0.019820105311109164
-0.2157000000000001,-0.019961576441095665
-0.2167,-0.02008890045808352
-0.21770000000000012,-0.020244518701068675
-0.2187,-0.019904987989101064
-0.21970000000000012,-0.020286960040064625
-0.2207,-0.020357695605057877
-0.22170000000000012,-0.020513313848043033
-0.2227,-0.020216224475071376
-0.22370000000000012,-0.020470872509047083
-0.2247,-0.02073966765602144
-0.22570000000000012,-0.02055575518703898
-0.2267,-0.021022609915994445
-0.22770000000000012,-0.020668932091028186
-0.22870000000000001,-0.020966021463999843
-0.22970000000000013,-0.020994315689997142
-0.23070000000000002,-0.021036757028993096
-0.23170000000000013,-0.021164081045980946
-0.23270000000000002,-0.0211782281589796
-0.23370000000000013,-0.021560200209943158
-0.23470000000000002,-0.021347993514963404
-0.23570000000000013,-0.021475317531951258
-0.23670000000000002,-0.021489464644949906
-0.2376999999999999,-0.021560200209943158
-0.23870000000000002,-0.02197046648690402
-0.2396999999999999,-0.021814848243918866
-0.24070000000000003,-0.02208364339089322
-0.24169999999999991,-0.02218267318188378
-0.24270000000000003,-0.02208364339089322
-0.24369999999999992,-0.022126084729889174
-0.24470000000000003,-0.022281702972874327
-0.24569999999999992,-0.02232414431187028
-0.24670000000000003,-0.022210967407881078
-0.24769999999999992,-0.022564645232847336
-0.24870000000000003,-0.022522203893851383
-0.24969999999999992,-0.022663675023837888
-0.25070000000000003,-0.023031499961802798
-0.2516999999999999,-0.02277685192782709
-0.25270000000000004,-0.022918323057813595
-0.2536999999999999,-0.023017352848804146
-0.25470000000000004,-0.0230597941878001
-0.2556999999999999,-0.02318711820478795
-0.25670000000000004,-0.023215412430785252
-0.25769999999999993,-0.0230880884137974
-0.25870000000000004,-0.02354079602975421
-0.25969999999999993,-0.0232295595437839
-0.26070000000000004,-0.02354079602975421
-0.26169999999999993,-0.023710561385738016
-0.26270000000000004,-0.023710561385738016
-0.26369999999999993,-0.02356909025575151
-0.26470000000000005,-0.02378129695073127
-0.26569999999999994,-0.024050092097705623
-0.26670000000000005,-0.024219857453689427
-0.26769999999999994,-0.024134974775697527
-0.26870000000000005,-0.024318887244679982
-0.26969999999999994,-0.02434718147067728
-0.27070000000000005,-0.024545241052658383
-0.27169999999999994,-0.02438962280967323
-0.27270000000000005,-0.02471500640864219
-0.27369999999999994,-0.024856477538628696
-0.27470000000000006,-0.024644270843648942
-0.27569999999999995,-0.024856477538628696
-0.27670000000000006,-0.0250545371206098
-0.27769999999999995,-0.025167714024599004
-0.27870000000000006,-0.025577980301559864
-0.27969999999999995,-0.02540821494557606
-0.28070000000000006,-0.025606274527557166
-0.28169999999999995,-0.025705304318547718
-0.28270000000000006,-0.025846775448534223
-0.28369999999999995,-0.025592127414558512
-0.28470000000000006,-0.025691157205549067
-0.28569999999999995,-0.025959952352523425
-0.28670000000000007,-0.025860922561532867
-0.28769999999999996,-0.02600239369151937
-0.28870000000000007,-0.02627118883849373
-0.28969999999999996,-0.026341924403486983
-0.29070000000000007,-0.02652583687246944
-0.29169999999999996,-0.026511689759470786
-0.29270000000000007,-0.02668145511545459
-0.29369999999999996,-0.026780484906445145
-0.2947000000000001,-0.026723896454450544
-0.29569999999999996,-0.026893661810434347
-0.2967000000000001,-0.026936103149430297
-0.29769999999999996,-0.02703513294042085
-0.2987000000000001,-0.027374663652388463
-0.29969999999999997,-0.02743125210438306
-0.3007000000000001,-0.027657605912361466
-0.30169999999999997,-0.027714194364356067
-0.3027000000000001,-0.02755857612137091
-0.30369999999999997,-0.02796884239833177
-0.3047000000000001,-0.02788395972033987
-0.30569999999999997,-0.028237637545306133
-0.3067000000000001,-0.02847813846628319
-0.3077,-0.028591315370272388
-0.3087000000000001,-0.028633756709268345
-0.3097,-0.02847813846628319
-0.3107000000000001,-0.02854887403127644
-0.3117,-0.028732786500258897
-0.3127000000000001,-0.029242082568210308
-0.3137,-0.029114758551222454
-0.3147000000000001,-0.02912890566422111
-0.3157,-0.02935525947219951
-0.3167000000000001,-0.02949673060218601
-0.3177,-0.029609907506175218
-0.3187000000000001,-0.03000602667013743
-0.3197,-0.029779672862159025
-0.3207000000000001,-0.029751378636161722
-0.3217,-0.03018993913911988
-0.3227000000000001,-0.03033141026910639
-0.3237,-0.03047288139909289
-0.3247000000000001,-0.030458734286094236
-0.3257,-0.030614352529079396
-0.3267000000000001,-0.030670940981073994
-0.3277,-0.030883147676053754
-0.3287000000000001,-0.030968030354045658
-0.3297,-0.03136414951800787
-0.3307000000000001,-0.031420737970002464
-0.3317,-0.031350002405009215
-0.3327000000000001,-0.03177441579496872
-0.3337,-0.031533914873991674
-0.3347000000000001,-0.03163294466498222
-0.3357,-0.03183100424696332
-0.3367000000000001,-0.03184515135996198
-0.3377,-0.03209979939393768
-0.3387000000000001,-0.03229785897591879
-0.3397,-0.032184682071929586
-0.3407000000000001,-0.03251006567089854
-0.3417,-0.03256665412289315
-0.3427000000000001,-0.03287789060886345
-0.3437,-0.03293447906085806
-0.3447000000000001,-0.032976920399854
-0.3457,-0.03324571554682836
-0.3467000000000001,-0.033288156885824316
-0.3477,-0.033288156885824316
-0.3487000000000001,-0.03333059822482026
-0.3497,-0.033542804919800016
-0.3507000000000001,-0.03376915872777843
-0.3517,-0.033797452953775724
-0.3527000000000001,-0.034108689439746036
-0.3537,-0.03451895571670689
-0.3547000000000001,-0.03429260190872849
-0.3557,-0.03443407303871499
-0.35670000000000013,-0.03467457395969205
-0.3577,-0.03480189797667991
-0.35870000000000013,-0.03494336910666641
-0.3597,-0.03495751621966506
-0.36070000000000013,-0.03511313446265021
-0.3617,-0.03562243053060162
-0.3626999999999999,-0.03586293145157868
-0.3637,-0.03553754785260972
-0.3646999999999999,-0.036032696807562485
-0.3657,-0.03627319772853954
-0.3666999999999999,-0.03655613998851255
-0.3677,-0.03634393329353279
-0.3686999999999999,-0.03699470049147071
-0.36970000000000003,-0.03717861296045316
-0.3706999999999999,-0.036853229361484205
-0.37170000000000003,-0.03716446584745452
-0.3726999999999999,-0.03716446584745452
-0.37370000000000003,-0.03713617162145721
-0.3746999999999999,-0.037221054299449115
-0.37570000000000003,-0.03737667254243427
-0.3766999999999999,-0.037801085932393785
-0.37770000000000004,-0.037871821497387034
-0.3786999999999999,-0.03798499840137624
-0.37970000000000004,-0.0386782069383101
-0.3806999999999999,-0.039173355893262866
-0.38170000000000004,-0.03954118083122777
-0.38269999999999993,-0.03983827020419943
-0.38370000000000004,-0.04000803556018324
-0.38469999999999993,-0.039979741334185935
-0.38570000000000004,-0.04020609514216435
-0.38669999999999993,-0.04020609514216435
-0.38770000000000004,-0.040531478741133296
-0.38869999999999993,-0.04102662769608607
-0.38970000000000005,-0.04087100945310092
-0.39069999999999994,-0.04142274686004828
-0.39170000000000005,-0.04159251221603208
-0.39269999999999994,-0.04194619004099834
-0.39370000000000005,-0.04217254384897674
-0.39469999999999994,-0.042271573639967294
-0.39570000000000005,-0.04214424962297945
-0.39669999999999994,-0.04217254384897674
-0.39770000000000005,-0.0424413389959511
-0.39869999999999994,-0.042950635063902516
-0.39970000000000006,-0.042823311046914656
-0.40069999999999995,-0.04324772443687417
-0.40170000000000006,-0.04316284175888227
-0.40269999999999995,-0.043459931131853924
-0.40370000000000006,-0.04360140226184043
-0.40469999999999995,-0.0441531396687878
-0.40570000000000006,-0.0442097281207824
-0.40669999999999995,-0.044577553058747305
-0.40770000000000006,-0.04453511171975136
-0.40869999999999995,-0.04497367222270952
-0.40970000000000006,-0.04578005766363259
-0.41069999999999995,-0.04538393849967037
-0.41170000000000007,-0.045256614482682526
-0.41269999999999996,-0.045624439420647436
-0.41370000000000007,-0.045794204776631244
-0.41469999999999996,-0.04592152879361909
-0.41570000000000007,-0.046077147036604246
-0.41669999999999996,-0.04672791423454216
-0.41770000000000007,-0.047166474737500325
-0.41869999999999996,-0.04747771122347064
-0.4197000000000001,-0.04736453431948143
-0.42069999999999996,-0.04773235925744633
-0.4217000000000001,-0.04812847842140855
-0.42269999999999996,-0.04903389365332217
-0.4237000000000001,-0.04876509850634782
-0.42469999999999997,-0.04903389365332217
-0.4257000000000001,-0.04887827541033701
-0.42669999999999997,-0.04907633499231812
-0.4277000000000001,-0.049741249303254687
-0.42869999999999997,-0.04996760311123309
-0.4297000000000001,-0.04906218787931948
-0.43069999999999997,-0.050052485789225
-0.4317000000000001,-0.049925161772237145
-0.4327,-0.05043445784018856
-0.4337000000000001,-0.05057592897017506
-0.4347,-0.050844724117149416
-0.4357000000000001,-0.051042783699130526
-0.4367,-0.05126913750710893
-0.4377000000000001,-0.051495491315087336
-0.4387,-0.05191990470504685
-0.4397000000000001,-0.052245288304015806
-0.4407,-0.05245749499899556
-0.4417000000000001,-0.05309411508393482
-0.4427,-0.05344779290890109
-0.4437000000000001,-0.05349023424789704
-0.4447,-0.0538439120728633
-0.4457000000000001,-0.05408441299384034
-0.4467,-0.05435320814081471
-0.4477000000000001,-0.05440979659280931
-0.4487,-0.05484835709576747
-0.4497000000000001,-0.05506056379074723
-0.4507,-0.05494738688675803
-0.4517000000000001,-0.05537180027671754
-0.4527,-0.05651771642960821
-0.4537000000000001,-0.056164038604641954
-0.4547,-0.0563196568476271
-0.4557000000000001,-0.05613574437864466
-0.4567,-0.05694212981956772
-0.4577000000000001,-0.057493867226515095
-0.4587,-0.05844172379742466
-0.4597000000000001,-0.05824366421544356
-0.4607,-0.058569047814412516
-0.4617000000000001,-0.05889443141338147
-0.4627,-0.059050049656366635
-0.4637000000000001,-0.05951690438532209
-0.4647,-0.05938958036833424
-0.4657000000000001,-0.059884729323287006
-0.4667,-0.059955464888280255
-0.4677000000000001,-0.06071940899020737
-0.4687,-0.060931615685187124
-0.4697000000000001,-0.061483353092134506
-0.4707,-0.06172385401311155
-0.4717000000000001,-0.062190708742067016
-0.4727,-0.062289738533057575
-0.4737000000000001,-0.06261512213202652
-0.4747,-0.06318100665197254
-0.4757000000000001,-0.06425618723986996
-0.4767,-0.06445424682185108
-0.4777000000000001,-0.06657631377164863
-0.4787,-0.06620848883368373
-0.4797000000000001,-0.06659046088464728
-0.4807,-0.06728366942158114
-0.48170000000000013,-0.06745343477756495
-0.4827,-0.06694413870961352
-0.48370000000000013,-0.0677505241505366
-0.4847,-0.06840129134847453
-0.48570000000000013,-0.06900961720741648
-0.4867,-0.0691793825634003
-0.4876999999999999,-0.06974526708334632
-0.4887,-0.07012723913430988
-0.4896999999999999,-0.07042432850728152
-0.4907,-0.07158439177317086
-0.4916999999999999,-0.07239077721409394
-0.4927,-0.07263127813507098
-0.4936999999999999,-0.07340936934999676
-0.49470000000000003,-0.07418746056492254
-0.4956999999999999,-0.07384792985295491
-0.49670000000000003,-0.07485237487585908
-0.4976999999999999,-0.07522019981382401
-0.49870000000000003,-0.07574364299477407
-0.4996999999999999,-0.07642270441870928
-0.5007,-0.07708761872964585
-0.5016999999999999,-0.07745544366761076
-0.5027,-0.07800718107455813
-0.5036999999999999,-0.07813450509154597
-0.5047,-0.07906821454945691
-0.5056999999999999,-0.08000192400736782
-0.5067,-0.08036974894533275
-0.5076999999999999,-0.08126101706424771
-0.5087,-0.08256255146012353
-0.5096999999999999,-0.08307184752807495
-0.5107,-0.0833972311270439
-0.5116999999999999,-0.08421776368096563
-0.5127,-0.08455729439293323
-0.5136999999999999,-0.08527879715586441
-0.5147,-0.08568906343282526
-0.5156999999999999,-0.0866510671167335
-0.5167,-0.0869905978287011
-0.5176999999999999,-0.08775454193062822
-0.5187,-0.08843360335456343
-0.5196999999999999,-0.0889004580835189
-0.5207,-0.08986246176742714
-0.5216999999999999,-0.0908103183383367
-0.5227,-0.09133376151928675
-0.5236999999999999,-0.09236650076818824
-0.5247,-0.09314459198311402
-0.5257,-0.09386609474604518
-0.5267000000000001,-0.0944602734919885
-0.5277,-0.0958608376788549
-0.5287000000000001,-0.0962003683908225
-0.5297,-0.0970209009447442
-0.5307000000000001,-0.09792631617665784
-0.5317,-0.0981951113236322
-0.5327000000000001,-0.0978838748376619
-0.5337,-0.0988175842955728
-0.5347000000000001,-0.09924199768553231
-0.5357,-0.10091135701937308
-0.5367000000000001,-0.10151968287831505
-0.5377,-0.10286365861318682
-0.5387000000000001,-0.10351442581112473
-0.5397,-0.10514134380596953
-0.5407000000000001,-0.1057213754389142
-0.5417,-0.10692388004379948
-0.5427000000000001,-0.10753220590274143
-0.5437,-0.10773026548472255
-0.5447000000000001,-0.10901765276759973
-0.5457,-0.10911668255859029
-0.5467000000000001,-0.10901765276759973
-0.5477,-0.11132363218637975
-0.5487000000000001,-0.1133891106841827
-0.5497,-0.11394084809113005
-0.5507000000000001,-0.11528482382600183
-0.5517,-0.11603462081493031
-0.5527000000000001,-0.11664294667387226
-0.5537,-0.1181142464257319
-0.5547000000000001,-0.11890648475365632
-0.5557,-0.12037778450551596
-0.5567000000000001,-0.12009484224554295
-0.5577,-0.12204714383935672
-0.5587000000000001,-0.1234194138002258
-0.5597,-0.12582442300999636
-0.5607000000000001,-0.12677227958090595
-0.5617,-0.12805966686378314
-0.5627000000000001,-0.12786160728180201
-0.5637,-0.12972902619762386
-0.5647000000000001,-0.13118617883648487
-0.5657,-0.13296871507431476
-0.5667000000000001,-0.13422780813119467
-0.5677,-0.1357274021090516
-0.5687000000000001,-0.13700064227893016
-0.5697,-0.1385002362567871
-0.5707000000000001,-0.13992909466965078
-0.5717,-0.1421784856364362
-0.5727000000000001,-0.1427443701563822
-0.5737,-0.14529085049613927
-0.5747000000000001,-0.14642261953603128
-0.5757,-0.14812027309586934
-0.5767000000000001,-0.1503838111756534
-0.5777,-0.15193999360550495
-0.5787000000000001,-0.15349617603535648
-0.5797,-0.15547677185516753
-0.5807000000000001,-0.1574573676749786
-0.5817,-0.15929649236480314
-0.5827000000000001,-0.16099414592464115
-0.5837,-0.16339915513441172
-0.5847000000000001,-0.16509680869424978
-0.5857,-0.16778476016399335
-0.5867000000000001,-0.15646706976507307
-0.5857,-0.14755438857592332
-0.5847000000000001,-0.14472496597619325
-0.5837,-0.1420370145064497
-0.5827000000000001,-0.13981591776566157
-0.5817,-0.13738261432989374
-0.5807000000000001,-0.135104929137111
-0.5797,-0.13250186034535932
-0.5787000000000001,-0.13067688276853343
-0.5777,-0.12886605230470619
-0.5767000000000001,-0.12705522184087895
-0.5757,-0.1272674285358587
-0.5747000000000001,-0.1254141567330355
-0.5737,-0.12340526668722714
-0.5727000000000001,-0.12155199488440395
-0.5717,-0.11834060023371032
-0.5707000000000001,-0.11785959839175622
-0.5697,-0.1161195034929222
-0.5687000000000001,-0.11442184993308416
-0.5677,-0.11287981461623127
-0.5667000000000001,-0.11183292825433114
-0.5657,-0.11027674582447962
-0.5647000000000001,-0.10915912389758622
-0.5637,-0.10696632138279542
-0.5627000000000001,-0.1060043176988872
-0.5617,-0.104433988156037
-0.5607000000000001,-0.10253827501421786
-0.5597,-0.10147724153931909
-0.5587000000000001,-0.1005010907424122
-0.5577,-0.09905808521654987
-0.5567000000000001,-0.0978838748376619
-0.5557,-0.09610133859983194
-0.5547000000000001,-0.09472906863896285
-0.5537,-0.0942622139100074
-0.5527000000000001,-0.09233820654219095
-0.5517,-0.09151767398826924
-0.5507000000000001,-0.09011710980140283
-0.5497,-0.08836286778957018
-0.5487000000000001,-0.0874433054446579
-0.5477,-0.08550515096384281
-0.5467000000000001,-0.08426020501996159
-0.5457,-0.08318502443206416
-0.5447000000000001,-0.08233619765214513
-0.5437,-0.081006369030272
-0.5427000000000001,-0.07990289421637728
-0.5417,-0.07891259630647175
-0.5407000000000001,-0.0777808272665797
-0.5397,-0.07796473973556219
-0.5387000000000001,-0.0774978850066067
-0.5377,-0.07649343998370253
-0.5367000000000001,-0.07613976215873627
-0.5357,-0.07485237487585908
-0.5347000000000001,-0.07387622407895222
-0.5337,-0.07246151277908719
-0.5327000000000001,-0.07099021302722754
-0.5317,-0.06922182390239626
-0.5307000000000001,-0.06680266757962702
-0.5297,-0.06701487427460678
-0.5287000000000001,-0.06568504565273366
-0.5277,-0.06496354288980248
-0.5267000000000001,-0.06472304196882543
-0.5257,-0.06369030271992396
-0.5247,-0.06254438656703327
-0.5236999999999999,-0.061879472256096704
-0.5227,-0.060903321459189835
-0.5216999999999999,-0.060507202295227616
-0.5207,-0.06037987827823976
-0.5196999999999999,-0.059233962125349086
-0.5187,-0.05798901618146785
-0.5176999999999999,-0.056729923124587966
-0.5167,-0.05605086170065276
-0.5156999999999999,-0.055428388728712134
-0.5147,-0.05473518019177826
-0.5136999999999999,-0.05440979659280931
-0.5127,-0.05365999960388084
-0.5116999999999999,-0.05292434972795102
-0.5107,-0.052231141191017155
-0.5096999999999999,-0.05155207976708194
-0.5087,-0.051410608637095435
-0.5076999999999999,-0.05015151558021554
-0.5067,-0.04978369064225065
-0.5056999999999999,-0.049288541687297883
-0.5047,-0.04924610034830192
-0.5036999999999999,-0.048312390890391
-0.5027,-0.047520152562466576
-0.5016999999999999,-0.04679864979953541
-0.5007,-0.046275206618585356
-0.4996999999999999,-0.04542637983866633
-0.49870000000000003,-0.045072702013700075
-0.4976999999999999,-0.044591700171745956
-0.49670000000000003,-0.044039962764798594
-0.4956999999999999,-0.043219430210876875
-0.49470000000000003,-0.042200838074974045
-0.4936999999999999,-0.04113980460007527
-0.4927,-0.04196033715399699
-0.4916999999999999,-0.04150762953804018
-0.4907,-0.04108321614808067
-0.4896999999999999,-0.04043244895014275
-0.4887,-0.039909005769192686
-0.4876999999999999,-0.039328974136248016
-0.4867,-0.03872064827730605
-0.48570000000000013,-0.0385367358083236
-0.4847,-0.037772791706396476
-0.48370000000000013,-0.03700884760446936
-0.4827,-0.03661272844050715
-0.48170000000000013,-0.03576390166058813
-0.4807,-0.03516972291464481
-0.4797000000000001,-0.03480189797667991
-0.4787,-0.03403795387475279
-0.4777000000000001,-0.03342962801581082
-0.4767,-0.0329203319478594
-0.4757000000000001,-0.032538359896895845
-0.4747,-0.03231200608891744
-0.4737000000000001,-0.03161879755198357
-0.4727,-0.03082655922405915
-0.4717000000000001,-0.029963585331141473
-0.4707,-0.030670940981073994
-0.4697000000000001,-0.03249591855789989
-0.4687,-0.032255417636922835
-0.4677000000000001,-0.03133585529201056
-0.4667,-0.031123648597030807
-0.4657000000000001,-0.030303116043109087
-0.4647,-0.030571911190083446
-0.4637000000000001,-0.029991879557138775
-0.4627,-0.029157199890218404
-0.4617000000000001,-0.02888840474324405
-0.4607,-0.028449844240285887
-0.4597000000000001,-0.02850643269228049
-0.4587,-0.02802543085032638
-0.4577000000000001,-0.028181049093311532
-0.4567,-0.027841518381343924
-0.4557000000000001,-0.02775663570335202
-0.4547,-0.02682292624544109
-0.4537000000000001,-0.02673804356744919
-0.4527,-0.026667308002455942
-0.4517000000000001,-0.02629948306449103
-0.4507,-0.025988246578520724
-0.4497000000000001,-0.025634568753554465
-0.4487,-0.025196008250596303
-0.4477000000000001,-0.024983801555616546
-0.4467,-0.02471500640864219
-0.4457000000000001,-0.02433303435767863
-0.4447,-0.024219857453689427
-0.4437000000000001,-0.02385203251572452
-0.4427,-0.023484207577759608
-0.4417000000000001,-0.023356883560771757
-0.4407,-0.0230880884137974
-0.4397000000000001,-0.022904175944814944
-0.4387,-0.022550498119848682
-0.4377000000000001,-0.02239487987686353
-0.4367,-0.02198461359990267
-0.4357000000000001,-0.021687524226931015
-0.4347,-0.02079625610801604
-0.4337000000000001,-0.02055575518703898
-0.4327,-0.018193187316264375
-0.4317000000000001,-0.017174595180361543
-0.43069999999999997,-0.017174595180361543
-0.4297000000000001,-0.016637004886412832
-0.42869999999999997,-0.015986237688474913
-0.4277000000000001,-0.01584476655848841
-0.42669999999999997,-0.01585891367148706
-0.4257000000000001,-0.015335470490536997
-0.42469999999999997,-0.015491088733522153
-0.4237000000000001,-0.015420353168528897
-0.42269999999999996,-0.014925204213576137
-0.4217000000000001,-0.014529085049613928
-0.42069999999999996,-0.01430273124163552
-0.4197000000000001,-0.014094768680555363
-0.41869999999999996,-0.01403818022856076
-0.41770000000000007,-0.013871244295176685
-0.41669999999999996,-0.013369021783724596
-0.41570000000000007,-0.01367601413579531
-0.41469999999999996,-0.01308890894635132
-0.41370000000000007,-0.012838505046275208
-0.41269999999999996,-0.013074761833352669
-0.41170000000000007,-0.012224520342133782
-0.41069999999999995,-0.012474924242209893
-0.40970000000000006,-0.01177747157137643
-0.40869999999999995,-0.011023430448548366
-0.40770000000000006,-0.01095410959485498
-0.40669999999999995,-0.010576381677791015
-0.40570000000000006,-0.010060012053340275
-0.40469999999999995,-0.00999069119964689
-0.40370000000000006,-0.010102453392336227
-0.40269999999999995,-0.009697845960574828
-0.40170000000000006,-0.009236650076818825
-0.40069999999999995,-0.009209770562121388
-0.39970000000000006,-0.0094601744621975
-0.39869999999999994,-0.009236650076818825
-0.39770000000000005,-0.009390853608504115
-0.39669999999999994,-0.009236650076818825
-0.39570000000000005,-0.00894380483774676
-0.39469999999999994,-0.008832042645057424
-0.39370000000000005,-0.008636812485676049
-0.39269999999999994,-0.008510903179988061
-0.39170000000000005,-0.008287378794609385
-0.39069999999999994,-0.00770168831646526
-0.38970000000000005,-0.008008680668535972
-0.38869999999999993,-0.0075616318977786215
-0.38770000000000004,-0.007799303396155947
-0.38669999999999993,-0.0075616318977786215
-0.38570000000000004,-0.007380548851395896
-0.38469999999999993,-0.007142877353018571
-0.38370000000000004,-0.007031115160329232
-0.38269999999999993,-0.006821737887949208
-0.38170000000000004,-0.006319515376497119
-0.3806999999999999,-0.006347809602494419
-0.37970000000000004,-0.006166726556111695
-0.3786999999999999,-0.006138432330114394
-0.37770000000000004,-0.0058866137187384175
-0.3766999999999999,-0.005622062705663656
-0.37570000000000003,-0.005636209818662306
-0.3746999999999999,-0.0056079155926650045
-0.37370000000000003,-0.005343364579590244
-0.3726999999999999,-0.005538594738971618
-0.37170000000000003,-0.005189161047904954
-0.3706999999999999,-0.00500807800152223
-0.36970000000000003,-0.0050773988552156165
-0.3686999999999999,-0.004701085649451517
-0.3677,-0.004742112277147602
-0.3666999999999999,-0.004491708377071491
-0.3657,-0.004520002603068793
-0.3646999999999999,-0.004394093297380804
-0.3637,-0.0038918707859287157
-0.3626999999999999,-0.0041988631379994285
-0.3617,-0.00461761768275948
-0.36070000000000013,-0.0041564217990034775
-0.3597,-0.004254036878694165
-0.35870000000000013,-0.004394093297380804
-0.3577,-0.0039894858656194035
-0.35670000000000013,-0.0038777236729300654
-0.3557,-0.0035848784338580026
-0.3547000000000001,-0.003611757948555439
-0.3537,-0.003765961480240728
-0.3527000000000001,-0.0032212976297926886
-0.3517,-0.0031661238890979522
-0.3507000000000001,-0.00308124121110605
-0.3497,-0.003123682550102001
-0.3487000000000001,-0.0029567466167179264
-0.3477,-0.00270492800534195
-0.3467000000000001,-0.002621460038649913
-0.3457,-0.0025096978459605746
-0.3447000000000001,-0.0026073129256512628
-0.3437,-0.0022437321215859484
-0.3427000000000001,-0.0018391246898245477
-0.3417,-0.0019098602548177994
-0.3407000000000001,-0.001853271802823198
-0.3397,-0.0019933282215098365
-0.3387000000000001,-0.0015179852247551844
-0.3377,-0.0017415096101338603
-0.3367000000000001,-0.0011975531153357536
-0.3357,-0.0013650549332397737
-0.3347000000000001,-0.0011416720189910846
-0.3337,-0.001002181484824392
-0.3327000000000001,-0.0012254229279430946
-0.3317,-0.0008068098543130305
-0.3307000000000001,-0.0006671778490163513
-0.3297,-0.0007369231160996976
-0.3287000000000001,-0.00047180621850498967
-0.3277,-0.00040191948029165696
-0.3267000000000001,-0.0002624289461249643
-0.3257,-0.0003181685713396468
-0.3247000000000001,-0.00012282523505428248
-0.3237,0.00017033124050375043
-0.3227000000000001,0.00012841334468874938
-0.3217,0.0003935726836224532
-0.3207000000000001,0.00025408214945576063
-0.3197,0.00037970851288377585
-0.3187000000000001,0.0005750801433951374
-0.3177,0.0008263328702511678
-0.3167000000000001,0.0008123272283825042
-0.3157,0.0008542026828585092
-0.3147000000000001,0.0010495743133698708
-0.3137,0.0009798290462865243
-0.3127000000000001,0.001217076131273891
-0.3117,0.0011333252223218809
-0.3107000000000001,0.0013705723073092475
-0.3097,0.0014967645552572087
-0.3087000000000001,0.0013705723073092475
-0.3077,0.0015377911829532948
-0.3067000000000001,0.0015660854089505959
-0.30569999999999997,0.0018730777610213084
-0.3047000000000001,0.0018306364220253574
-0.30369999999999997,0.0021800701130920215
-0.3027000000000001,0.0020272812927065974
-0.30169999999999997,0.0021800701130920215
-0.3007000000000001,0.0022918323057813596
-0.29969999999999997,0.002194217226090672
-0.2987000000000001,0.0024587682391654336
-0.29769999999999996,0.0024587682391654336
-0.2967000000000001,0.002543650917157336
-0.29569999999999996,0.002627118883849373
-0.2947000000000001,0.0026964397375427596
-0.29369999999999996,0.0028364961562293983
-0.29270000000000007,0.003031726315610774
-0.29169999999999996,0.003212809361993498
-0.29070000000000007,0.003115194282302811
-0.28969999999999996,0.002948258348918737
-0.28870000000000007,0.003310424441684186
-0.28769999999999996,0.003226956474992149
-0.28670000000000007,0.0035905372790574633
-0.28569999999999995,0.003226956474992149
-0.28470000000000006,0.0031717827342974125
-0.28369999999999995,0.003771620325440188
-0.28270000000000006,0.003436333747372174
-0.28169999999999995,0.003700884760446936
-0.28070000000000006,0.0038550882921322242
-0.27969999999999995,0.0036740052457495
-0.27870000000000006,0.004009291823817514
-0.27769999999999995,0.0038833825181295253
-0.27670000000000006,0.0038975296311281765
-0.27569999999999995,0.004302137062889576
-0.27470000000000006,0.004106906903508202
-0.27369999999999994,0.004245548610894975
-0.27270000000000005,0.0041903748702002384
-0.27169999999999994,0.004566688075964338
-0.27070000000000005,0.004316284175888227
-0.26969999999999994,0.004413899255578915
-0.26870000000000005,0.004594982301961639
-0.26769999999999994,0.004525661448268253
-0.26670000000000005,0.004832653800338965
-0.26569999999999994,0.004735038720648278
-0.26470000000000005,0.004735038720648278
-0.26369999999999993,0.004804359574341665
-0.26270000000000004,0.004720891607649627
-0.26169999999999993,0.004971295507725739
-0.26070000000000004,0.005083057700415077
-0.25969999999999993,0.004971295507725739
-0.25870000000000004,0.005208967006103065
-0.25769999999999993,0.004776065348344364
-0.25670000000000004,0.0054324913914817405
-0.2556999999999999,0.005139646152409678
-0.25470000000000004,0.005361755826488489
-0.2536999999999999,0.005334876311791053
-0.25270000000000004,0.005306582085793753
-0.2516999999999999,0.005501812245175128
-0.25070000000000003,0.005739483743552453
-0.24969999999999992,0.005585280211867165
-0.24870000000000003,0.005585280211867165
-0.24769999999999992,0.0055994273248658145
-0.24670000000000003,0.005837098823243141
-0.24569999999999992,0.005530106471172428
-0.24470000000000003,0.006060623208621817
-0.24369999999999992,0.005613574437864466
-0.24270000000000003,0.005739483743552453
-0.24169999999999991,0.0058653930492404424
-0.24070000000000003,0.006018181869625865
-0.2396999999999999,0.006186532514309805
-0.23870000000000002,0.006129944062315204
-0.2376999999999999,0.006158238288312504
-0.23670000000000002,0.006186532514309805
-0.23570000000000013,0.006255853368003192
-0.23470000000000002,0.0061992649160085905
-0.23370000000000013,0.0062982947069991435
-0.23270000000000002,0.006325174221696579
-0.23170000000000013,0.006576992833072556
-0.23070000000000002,0.0063110271086979286
-0.22970000000000013,0.006479377753381868
-0.22870000000000001,0.006562845720073905
-0.22770000000000012,0.006715634540459329
-0.2267,0.006605287059069856
-0.22570000000000012,0.007050921118527342
-0.2247,0.006674607912763243
-0.22370000000000012,0.006772222992453929
-0.2227,0.006869838072144617
-0.22170000000000012,0.006981600264833956
-0.2207,0.006925011812839355
-0.21970000000000012,0.0067863701054525815
-0.2187,0.00713438908521938
-0.21770000000000012,0.007176830424215331
-0.2167,0.007260298390907369
-0.2157000000000001,0.007442796148589959
-0.2147,0.00733103395590062
-0.2137000000000001,0.007357913470598055
-0.2127,0.007652173420969983
-0.2117000000000001,0.007497969889284694
-0.2107,0.0075404112282806465
-0.2097000000000001,0.0073168868429019695
-0.2087,0.007776668015358107
-0.2077000000000001,0.007762520902359457
-0.2067,0.007707347161664719
-0.2057000000000001,0.007847403580351358
-0.2047,0.007609732081974032
-0.2037000000000001,0.007847403580351358
-0.2027,0.007930871547043396
-0.2017000000000001,0.007930871547043396
-0.2007,0.007833256467352709
-0.1997000000000001,0.008083660367428821
-0.1987,0.008154395932422072
-0.1977000000000001,0.007971898174739481
-0.19669999999999999,0.008140248819423422
-0.1957000000000001,0.008335478978804796
-0.19469999999999998,0.008140248819423422
-0.1937000000000001,0.008377920317800748
-0.19269999999999998,0.008266158125111408
-0.1917000000000001,0.008475535397491435
-0.1907000000000001,0.008321331865806147
-0.1897000000000002,0.008404799832498182
-0.1887000000000001,0.00867076555687281
-0.1877000000000002,0.00853070913818617
-0.1867000000000001,0.008544856251184821
-0.1857000000000002,0.008740086410566197
-0.1847000000000001,0.00867076555687281
-0.1837000000000002,0.008418946945496834
-0.18270000000000008,0.00861417710487821
-0.1817000000000002,0.008809407264259583
-0.18070000000000008,0.008782527749562147
-0.1797000000000002,0.008991905021942173
-0.17870000000000008,0.008977757908943524
-0.1777000000000002,0.008865995716254184
-0.17670000000000008,0.009284750261014236
-0.1757000000000002,0.008991905021942173
-0.17470000000000008,0.00901878453663961
-0.1737000000000002,0.00908952010163286
-0.17270000000000008,0.009158840955326247
-0.17170000000000019,0.009423391968401008
-0.17070000000000007,0.009451686194398309
-0.16970000000000018,0.009270603148015586
-0.16870000000000007,0.009494127533394263
-0.16770000000000018,0.009368218227706273
-0.16670000000000007,0.00959174261308495
-0.16570000000000018,0.009396512453703574
-0.16470000000000007,0.009801119885464974
-0.16370000000000018,0.009982202931847697
-0.16270000000000007,0.0095775955000863
-0.16170000000000018,0.009717651918772937
-0.16070000000000007,0.009786972772466325
-0.15970000000000018,0.009744531433470371
-0.15870000000000006,0.009941176304151611
-0.15770000000000017,0.00999635004484635
-0.15670000000000006,0.010191580204227724
-0.15570000000000017,0.010108112237535688
-0.15470000000000006,0.010219874430225024
-0.15370000000000017,0.01026090105792111
-0.15270000000000006,0.010219874430225024
-0.15170000000000017,0.010303342396917062
-0.15070000000000006,0.010191580204227724
-0.14970000000000017,0.010498572556298437
-0.14870000000000005,0.0103868103636091
-0.14770000000000016,0.01037266325061045
-0.14670000000000005,0.010541013895294387
-0.14570000000000016,0.010526866782295738
-0.14470000000000005,0.010736244054675765
-0.14370000000000016,0.010638628974985076
-0.14270000000000005,0.0108197120213678
-0.14170000000000016,0.0107914177953705
-0.14070000000000005,0.010707949828678464
-0.13970000000000016,0.011085677745742428
-0.13870000000000005,0.011014942180749176
-0.13770000000000016,0.010764538280673063
-0.13670000000000004,0.011224319453129203
-0.13570000000000015,0.011266760792125153
-0.13470000000000004,0.011238466566127852
-0.13370000000000015,0.011154998599435815
-0.13270000000000004,0.011307787419821238
-0.13170000000000015,0.01139267009781314
-0.13070000000000004,0.011336081645818539
-0.12970000000000015,0.011628926884890601
-0.12870000000000004,0.011476138064505176
-0.12770000000000015,0.011280907905123802
-0.12670000000000003,0.011490285177503827
-0.12570000000000014,0.011657221110887902
-0.12470000000000003,0.01176898330357724
-0.12370000000000014,0.011866598383267929
-0.12270000000000003,0.011935919236961313
-0.12170000000000014,0.01185245127026928
-0.12070000000000003,0.011880745496266578
-0.11970000000000014,0.01214529650934134
-0.11870000000000003,0.012201884961335941
-0.11770000000000014,0.012047681429650653
-0.11670000000000003,0.01217359073533864
-0.11570000000000014,0.012090122768646605
-0.11470000000000002,0.012368820894720016
-0.11370000000000013,0.012285352928027979
-0.11270000000000002,0.01270410747278803
-0.11170000000000013,0.012564051054101391
-0.11070000000000024,0.01254990394110274
-0.10970000000000013,0.012885190519170754
-0.10870000000000024,0.01267581324679073
-0.10770000000000013,0.012858311004473318
-0.10670000000000024,0.012913484745168053
-0.10570000000000013,0.01273240169878533
-0.10470000000000024,0.01310871490454943
-0.10370000000000013,0.012968658485862792
-0.10270000000000024,0.012982805598861443
-0.10170000000000012,0.013303945063930806
-0.10070000000000023,0.013289797950932155
-0.09970000000000012,0.013374680628924057
-0.09870000000000023,0.013289797950932155
-0.09770000000000012,0.013332239289928105
-0.09670000000000023,0.01352746944930948
-0.09570000000000012,0.013694405382693555
-0.09470000000000023,0.013750993834688155
-0.09370000000000012,0.013793435173684107
-0.09270000000000023,0.013722699608690856
-0.09170000000000011,0.01390378265507358
-0.09070000000000022,0.014100427525754819
-0.08970000000000011,0.014189554337646317
-0.08870000000000022,0.01390378265507358
-0.08770000000000011,0.014288584128636872
-0.08670000000000022,0.01430273124163552
-0.08570000000000011,0.01426028990263957
-0.08470000000000022,0.014543232162612576
-0.08370000000000011,0.014571526388609878
-0.08270000000000022,0.014599820614607179
-0.0817000000000001,0.014755438857592333
-0.08070000000000022,0.01465640906660178
-0.0797000000000001,0.014953498439573438
-0.07870000000000021,0.014911057100577486
-0.0777000000000001,0.014953498439573438
-0.07670000000000021,0.015307176264539698
-0.0757000000000001,0.015278882038542396
-0.07470000000000021,0.015392058942531598
-0.0737000000000001,0.01546279450752485
-0.07270000000000021,0.015476941620523503
-0.0717000000000001,0.01568914831550326
-0.07070000000000021,0.01575988388049651
-0.0697000000000001,0.015986237688474913
-0.0687000000000002,0.01583061944548976
-0.0677000000000001,0.015957943462477614
-0.0667000000000002,0.01618429727045602
-0.06570000000000009,0.01624088572245062
-0.0647000000000002,0.01659456354741688
-0.06370000000000009,0.015986237688474913
-0.0627000000000002,0.016311621287443873
-0.06170000000000009,0.01652382798242363
-0.0607000000000002,0.01658041643441823
-0.059700000000000086,0.016792623129397985
-0.058700000000000196,0.016778476016399334
-0.057700000000000085,0.017075565389370995
-0.056700000000000195,0.017075565389370995
-0.05570000000000008,0.017514125892329157
-0.05470000000000019,0.01766974413531431
-0.05370000000000008,0.01748583166633185
-0.05270000000000019,0.017797068152302163
-0.05170000000000008,0.018009274847281917
-0.05070000000000019,0.017825362378299462
-0.04970000000000008,0.01776877392630486
-0.04870000000000019,0.018362952672248176
-0.047700000000000076,0.018447835350240076
-0.046700000000000186,0.01817904020326572
-0.045700000000000074,0.018815660288204986
-0.044700000000000184,0.018631747819222534
-0.04370000000000007,0.01882980740120364
-0.04270000000000018,0.019042014096183394
-0.04170000000000007,0.019240073678164497
-0.04070000000000018,0.019169338113171244
-0.03970000000000007,0.019353250582153703
-0.03870000000000018,0.019607898616129407
-0.03770000000000007,0.01969278129412131
-0.03670000000000018,0.020018164893090266
-0.035700000000000065,0.02020207736207272
-0.034700000000000175,0.02008890045808352
-0.03370000000000006,0.020470872509047083
-0.03270000000000017,0.020584049413036282
-0.03170000000000006,0.020683079204026837
-0.03070000000000017,0.020895285899006594
-0.02970000000000006,0.021135786819983647
-0.02870000000000017,0.0212065223849769
-0.027700000000000058,0.021461170418952607
-0.026700000000000168,0.021687524226931015
-0.025700000000000056,0.021786554017921567
-0.024700000000000166,0.02197046648690402
-0.023700000000000054,0.02238073276386488
-0.022700000000000164,0.02242317410286083
-0.021700000000000053,0.022592939458844635
-0.020700000000000163,0.022932470170812246
-0.01970000000000005,0.022904175944814944
-0.01870000000000016,0.0232295595437839
-0.01770000000000005,0.02354079602975421
-0.01670000000000016,0.023668120046742062
-0.015700000000000047,0.024078386323702922
-0.014700000000000157,0.02420571034069078
-0.013700000000000045,0.024432064148669184
-0.012700000000000156,0.02465841795664759
-0.011700000000000044,0.025196008250596303
-0.010700000000000154,0.025521391849565263
-0.009700000000000042,0.02546480339757066
-0.008700000000000152,0.025846775448534223
-0.00770000000000004,0.026101423482509926
-0.00670000000000015,0.026370218629484285
-0.005700000000000038,0.02658242532446404
-0.0047000000000001485,0.026709749341451892
-0.0037000000000000366,0.027219045409403307
-0.0027000000000001467,0.02750198766937631
-0.0017000000000000348,0.027841518381343924
-0.000700000000000145,0.028053725076323675
0.00029999999999996696,0.02802543085032638
0.0012999999999998568,0.028322520223298033
0.0022999999999999687,0.02888840474324405
0.0032999999999998586,0.029044022986229205
0.0042999999999999705,0.02949673060218601
0.00529999999999986,0.029609907506175218
0.006299999999999972,0.03002017378313608
0.007299999999999862,0.03006261512213203
0.008299999999999974,0.03018993913911988
0.009299999999999864,0.030670940981073994
0.010299999999999976,0.030784117885063196
0.011299999999999866,0.031137795710029458
0.012299999999999978,0.03129341395301461
