Potential V vs RHE, Current mA cm-2
0.013299999999999867,-0.0015887207897484362
0.012299999999999978,-0.003054361696408614
0.011299999999999866,-0.003556584207860702
0.010299999999999976,-0.004003632978618054
0.009299999999999864,-0.004365799071383503
0.008299999999999974,-0.004729379875448818
0.007299999999999862,-0.005217455273902255
0.006299999999999972,-0.005203308160903605
0.00529999999999986,-0.00537024409428768
0.0042999999999999705,-0.0056079155926650045
0.0032999999999998586,-0.005803145752046381
0.0022999999999999687,-0.0060408172504237065
0.0012999999999998568,-0.00633366248949577
0.00029999999999996696,-0.006557186874874445
-0.000700000000000145,-0.006585481100871746
-0.0017000000000000348,-0.006711390406559735
-0.0027000000000001467,-0.006835885000947857
-0.0037000000000000366,-0.007130144951319785
-0.0047000000000001485,-0.007394695964394547
-0.005700000000000038,-0.0074923110440852335
-0.00670000000000015,-0.007394695964394547
-0.00770000000000004,-0.007659246977469309
-0.008700000000000152,-0.007868624249849333
-0.009700000000000042,-0.007925212701843936
-0.010700000000000154,-0.00814873708722261
-0.011700000000000044,-0.0082746463929106
-0.012700000000000156,-0.008510903179988061
-0.013700000000000045,-0.008553344518984013
-0.014700000000000157,-0.008553344518984013
-0.015700000000000047,-0.008803748419060124
-0.01670000000000016,-0.008762721791364036
-0.01770000000000005,-0.009222502963820173
-0.01870000000000016,-0.009055567030436099
-0.01970000000000005,-0.009110740771130837
-0.020700000000000163,-0.009293238528813426
-0.021700000000000053,-0.009362559382506812
-0.022700000000000164,-0.009516762914192102
-0.023700000000000054,-0.009767166814268213
-0.024700000000000166,-0.009809608153264164
-0.025700000000000056,-0.009809608153264164
-0.026700000000000168,-0.010144894731332177
-0.027700000000000058,-0.01004727965164149
-0.02870000000000017,-0.010354272003712204
-0.02970000000000006,-0.01045188708340289
-0.03070000000000017,-0.010716438096477652
-0.03170000000000006,-0.010661264355782915
-0.03270000000000017,-0.010661264355782915
-0.03370000000000006,-0.011080018900542965
-0.034700000000000175,-0.01098240382085228
-0.035700000000000065,-0.011051724674545666
-0.03670000000000018,-0.011191781093232307
-0.03770000000000007,-0.01120451349493109
-0.03870000000000018,-0.011358717026616378
-0.03970000000000007,-0.01176332445837778
-0.04070000000000018,-0.011568094298996405
-0.04170000000000007,-0.011860939538068467
-0.04270000000000018,-0.011875086651067117
-0.04370000000000007,-0.012015143069753757
-0.044700000000000184,-0.012056169697449843
-0.045700000000000074,-0.012224520342133782
-0.046700000000000186,-0.012056169697449843
-0.047700000000000076,-0.012237252743832566
-0.04870000000000019,-0.012237252743832566
-0.04970000000000008,-0.012781916594280606
-0.05070000000000019,-0.012656007288592617
-0.05170000000000008,-0.012656007288592617
-0.05270000000000019,-0.013047882318655234
-0.05370000000000008,-0.012907825899968596
-0.05470000000000019,-0.013117203172348619
-0.05570000000000008,-0.013186524026042009
-0.056700000000000195,-0.013243112478036608
-0.057700000000000085,-0.013354874670725946
-0.058700000000000196,-0.013605278570802059
-0.059700000000000086,-0.01338175418542338
-0.0607000000000002,-0.013885391408175336
-0.06170000000000009,-0.013968859374867372
-0.0627000000000002,-0.013997153600864672
-0.06370000000000009,-0.014189554337646317
-0.0647000000000002,-0.014135795308251445
-0.06570000000000009,-0.014486643710617976
-0.0667000000000002,-0.014401761032626074
-0.0677000000000001,-0.014628114840604478
-0.0687000000000002,-0.014868615761581536
-0.0697000000000001,-0.014896909987578835
-0.07070000000000021,-0.014812027309586936
-0.0717000000000001,-0.014812027309586936
-0.07270000000000021,-0.015151558021554544
-0.0737000000000001,-0.015151558021554544
-0.07470000000000021,-0.015420353168528897
-0.0757000000000001,-0.015575971411514053
-0.07670000000000021,-0.01546279450752485
-0.0777000000000001,-0.015774030993495156
-0.07870000000000021,-0.015745736767497857
-0.0797000000000001,-0.01588720789748436
-0.08070000000000022,-0.015957943462477614
-0.0817000000000001,-0.01615600304445872
-0.08270000000000022,-0.01624088572245062
-0.08370000000000011,-0.01625503283544927
-0.08470000000000022,-0.016354062626439823
-0.08570000000000011,-0.016438945304431726
-0.08670000000000022,-0.016721887564404736
-0.08770000000000011,-0.01690580003338719
-0.08870000000000022,-0.01706141827637234
-0.08970000000000011,-0.017146300954364244
-0.09070000000000022,-0.017259477858353446
-0.09170000000000011,-0.017372654762342652
-0.09270000000000023,-0.0173868018753413
-0.09370000000000012,-0.0173302134233467
-0.09470000000000023,-0.017570714344323755
-0.09570000000000012,-0.01772633258730891
-0.09670000000000023,-0.01774047970030756
-0.09770000000000012,-0.017995127734283266
-0.09870000000000023,-0.01781121526530081
-0.09970000000000012,-0.018221481542261674
-0.10070000000000023,-0.018263922881257624
-0.10170000000000012,-0.018362952672248176
-0.10270000000000024,-0.018447835350240076
-0.10370000000000013,-0.018645894932221182
-0.10470000000000024,-0.018801513175206338
-0.10570000000000013,-0.018886395853198238
-0.10670000000000024,-0.019056161209182042
-0.10770000000000013,-0.019056161209182042
-0.10870000000000024,-0.019169338113171244
-0.10970000000000013,-0.0191551910001726
-0.11070000000000024,-0.01922592656516585
-0.11170000000000013,-0.01922592656516585
-0.11270000000000002,-0.01965033995512536
-0.11370000000000013,-0.01959375150313076
-0.11470000000000002,-0.019933282215098366
-0.11570000000000014,-0.019862546650105117
-0.11670000000000003,-0.02015963602307677
-0.11770000000000014,-0.020244518701068675
-0.11870000000000003,-0.02011719468408082
-0.11970000000000014,-0.02038598983105518
-0.12070000000000003,-0.020626490752032236
-0.12170000000000014,-0.020668932091028186
-0.12270000000000003,-0.020810403221014687
-0.12370000000000014,-0.02086699167300929
-0.12470000000000003,-0.020951874351001196
-0.12570000000000014,-0.020994315689997142
-0.12670000000000003,-0.021376287740960703
-0.12770000000000015,-0.0212065223849769
-0.12870000000000004,-0.02124896372397285
-0.12970000000000015,-0.021814848243918866
-0.13070000000000004,-0.021447023305953956
-0.13170000000000015,-0.021489464644949906
-0.13270000000000004,-0.021701671339929663
-0.13370000000000015,-0.02185728958291482
-0.13470000000000004,-0.022097790503891875
-0.13570000000000015,-0.022253408746877028
-0.13670000000000004,-0.022097790503891875
-0.13770000000000016,-0.022338291424868928
-0.13870000000000005,-0.022578792345845984
-0.13970000000000016,-0.02276270481482844
-0.14070000000000005,-0.02277685192782709
-0.14170000000000016,-0.023116382639794698
-0.14270000000000005,-0.022932470170812246
-0.14370000000000016,-0.02310223552679605
-0.14470000000000005,-0.023300295108777156
-0.14570000000000016,-0.023158823978790648
-0.14670000000000005,-0.02341347201276636
-0.14770000000000016,-0.0232295595437839
-0.14870000000000005,-0.02345591335176231
-0.14970000000000017,-0.02356909025575151
-0.15070000000000006,-0.023710561385738016
-0.15170000000000017,-0.024092533436701577
-0.15270000000000006,-0.024078386323702922
-0.15370000000000017,-0.024120827662698876
-0.15470000000000006,-0.02417741611469348
-0.15570000000000017,-0.02424815167968673
-0.15670000000000006,-0.02434718147067728
-0.15770000000000017,-0.024545241052658383
-0.15870000000000006,-0.02479988908663409
-0.15970000000000018,-0.0249979486686152
-0.16070000000000007,-0.02467256506964624
-0.16170000000000018,-0.024842330425630044
-0.16270000000000007,-0.024969654442617898
-0.16370000000000018,-0.025323332267584157
-0.16470000000000007,-0.025422362058574708
-0.16570000000000018,-0.02547895051056931
-0.16670000000000007,-0.025577980301559864
-0.16770000000000018,-0.025860922561532867
-0.16870000000000007,-0.025790186996539618
-0.16970000000000018,-0.02590336390052882
-0.17070000000000007,-0.025959952352523425
-0.17170000000000019,-0.02621460038649913
-0.17270000000000008,-0.026158011934504528
-0.1737000000000002,-0.026341924403486983
-0.17470000000000008,-0.026257041725495082
-0.1757000000000002,-0.026341924403486983
-0.17670000000000008,-0.02649754264647214
-0.1777000000000002,-0.02692195603643165
-0.17870000000000008,-0.02695025026242895
-0.1797000000000002,-0.027134162731411407
-0.18070000000000008,-0.027261486748399254
-0.1817000000000002,-0.027332222313392506
-0.18270000000000008,-0.02743125210438306
-0.1837000000000002,-0.02741710499138441
-0.1847000000000001,-0.027586870347368214
-0.1857000000000002,-0.02764345879936281
-0.1867000000000001,-0.027784929929349323
-0.1877000000000002,-0.027912253946337173
-0.1887000000000001,-0.02796884239833177
-0.1897000000000002,-0.028223490432307482
-0.1907000000000001,-0.028379108675292634
-0.1917000000000001,-0.028534726918277787
-0.19269999999999998,-0.028676198048264292
-0.1937000000000001,-0.028761080726256192
-0.19469999999999998,-0.028662050935265648
-0.1957000000000001,-0.028916698969241348
-0.19669999999999999,-0.028831816291249444
-0.1977000000000001,-0.029341112359200863
-0.1987,-0.029256229681208955
-0.1997000000000001,-0.029369406585198165
-0.2007,-0.029624054619173872
-0.2017000000000001,-0.029638201732172516
-0.2027,-0.029581613280177915
-0.2037000000000001,-0.029921143992145526
-0.2047,-0.029949438218142825
-0.2057000000000001,-0.030317263156107735
-0.2067,-0.030260674704113137
-0.2077000000000001,-0.030416292947098293
-0.2087,-0.030685088094072648
-0.2097000000000001,-0.03085485345005645
-0.2107,-0.030784117885063196
-0.2117000000000001,-0.030968030354045658
-0.2127,-0.031180237049025412
-0.2137000000000001,-0.031420737970002464
-0.2147,-0.03154806198699031
-0.2157000000000001,-0.03183100424696332
-0.2167,-0.032057358054941726
-0.21770000000000012,-0.032184682071929586
-0.2187,-0.03239688876690934
-0.21970000000000012,-0.03231200608891744
-0.2207,-0.032326153201916084
-0.22170000000000012,-0.032524212783897194
-0.2227,-0.032637389687886396
-0.22370000000000012,-0.0326656839138837
-0.2247,-0.03296277328685536
-0.22570000000000012,-0.03342962801581082
-0.2267,-0.03304765596484726
-0.22770000000000012,-0.03333059822482026
-0.22870000000000001,-0.03385404140577032
-0.22970000000000013,-0.033698423162785165
-0.23070000000000002,-0.03375501161477978
-0.23170000000000013,-0.034278454795729836
-0.23270000000000002,-0.0345755441687015
-0.23370000000000013,-0.03481604508967855
-0.23470000000000002,-0.0347736037506826
-0.23570000000000013,-0.03509898734965156
-0.23670000000000002,-0.035297046931632665
-0.2376999999999999,-0.03542437094862052
-0.23870000000000002,-0.035579989191605675
-0.2396999999999999,-0.035961961242569236
-0.24070000000000003,-0.03600440258156519
-0.24169999999999991,-0.036499551536517946
-0.24270000000000003,-0.03681078802248825
-0.24369999999999992,-0.03737667254243427
-0.24470000000000003,-0.03705128894346531
-0.24569999999999992,-0.037433260994428876
-0.24670000000000003,-0.03771620325440188
-0.24769999999999992,-0.038494294469327645
-0.24870000000000003,-0.038621618486315505
-0.24969999999999992,-0.038961149198283106
-0.25070000000000003,-0.039159208780264215
-0.2516999999999999,-0.03978168175220483
-0.25270000000000004,-0.039626063509219676
-0.2536999999999999,-0.04060221430612655
-0.25470000000000004,-0.04122468727806717
-0.2556999999999999,-0.041649100668026684
-0.25670000000000004,-0.04106906903508201
-0.25769999999999993,-0.04196033715399699
-0.25870000000000004,-0.04163495355502803
-0.25969999999999993,-0.042130102509980796
-0.26070000000000004,-0.042922340837905214
-0.26169999999999993,-0.04418143389478509
-0.26270000000000004,-0.044223875233781046
-0.26369999999999993,-0.04498781933570817
-0.26470000000000005,-0.044591700171745956
-0.26569999999999994,-0.044775612640728414
-0.26670000000000005,-0.04535564427367308
-0.26769999999999994,-0.04580835188962989
-0.26870000000000005,-0.046331795070579954
-0.26969999999999994,-0.046897679590525966
-0.27070000000000005,-0.04732209298048548
-0.27169999999999994,-0.04784553616143554
-0.27270000000000005,-0.0482558024383964
-0.27369999999999994,-0.04884998118433972
-0.27470000000000006,-0.04958563106026953
-0.27569999999999995,-0.05026469248420476
-0.27670000000000006,-0.05090131256914402
-0.27769999999999995,-0.05128328462010758
-0.27870000000000006,-0.05189161047904954
-0.27969999999999995,-0.052980938179945626
-0.28070000000000006,-0.05327802755291729
-0.28169999999999995,-0.05337705734390783
-0.28270000000000006,-0.054268325462822814
-0.28369999999999995,-0.055145446468739125
-0.28470000000000006,-0.056022567474655456
-0.28569999999999995,-0.05657430488160282
-0.28670000000000007,-0.05716848362754613
-0.28769999999999996,-0.057946574842471905
-0.28870000000000007,-0.05838513534543006
-0.28969999999999996,-0.05933299191633964
-0.29070000000000007,-0.059884729323287006
-0.29169999999999996,-0.061058939702174984
-0.29270000000000007,-0.0617380011261102
-0.29369999999999996,-0.06257268079303058
-0.2947000000000001,-0.06329418355596174
-0.29569999999999996,-0.06388836230190505
-0.2967000000000001,-0.06493524866380519
-0.29769999999999996,-0.0657274869917296
-0.2987000000000001,-0.06653387243265267
-0.29969999999999997,-0.06780711260253121
-0.3007000000000001,-0.06842958557447182
-0.30169999999999997,-0.06899547009441785
-0.3027000000000001,-0.07049506407227478
-0.30369999999999997,-0.0713721850781911
-0.3047000000000001,-0.07261713102207233
-0.30569999999999997,-0.0733952222369981
-0.3067000000000001,-0.07454113838988878
-0.3077,-0.07546070073480106
-0.3087000000000001,-0.07649343998370253
-0.3097,-0.07739885521561615
-0.3107000000000001,-0.07840330023852032
-0.3117,-0.07953506927841236
-0.3127000000000001,-0.0806102498663098
-0.3137,-0.08177031313219911
-0.3147000000000001,-0.0829728177370844
-0.3157,-0.08417532234196969
-0.3167000000000001,-0.0847129126359184
-0.3177,-0.08571735765882257
-0.3187000000000001,-0.08713206895868761
-0.3197,-0.08803748419060124
-0.3207000000000001,-0.08950878394246087
-0.3217,-0.09123473172829621
-0.3227000000000001,-0.09204111716921928
-0.3237,-0.09339924001708971
-0.3247000000000001,-0.09481395131695476
-0.3257,-0.09598816169584275
-0.3267000000000001,-0.09745946144770237
-0.3277,-0.09849220069660385
-0.3287000000000001,-0.09934102747652288
-0.3297,-0.10183091936428534
-0.3307000000000001,-0.10276462882219627
-0.3317,-0.10464619485101677
-0.3327000000000001,-0.1061174946028764
-0.3337,-0.10672582046181836
-0.3347000000000001,-0.10833859134366451
-0.3357,-0.10952694883555114
-0.3367000000000001,-0.11163486867235005
-0.3377,-0.11324763955419619
-0.3387000000000001,-0.1152140882610086
-0.3397,-0.11699662449883853
-0.3407000000000001,-0.11790203973075215
-0.3417,-0.11992507688955915
-0.3427000000000001,-0.12129734685042824
-0.3437,-0.1239852983201718
-0.3447000000000001,-0.1254141567330355
-0.3457,-0.1272391343098614
-0.3467000000000001,-0.12868213983572377
-0.3477,-0.1311154432714916
-0.3487000000000001,-0.13163888645244168
-0.3497,-0.1337326591762419
-0.3507000000000001,-0.13497760512012316
-0.3517,-0.136845024035945
-0.3527000000000001,-0.13838705935279788
-0.3537,-0.14028277249461704
-0.3547000000000001,-0.1421784856364362
-0.3557,-0.14387613919627423
-0.35670000000000013,-0.14628114840604478
-0.3577,-0.14797880196588284
-0.35870000000000013,-0.1510911668255859
-0.3597,-0.15179852247551845
-0.36070000000000013,-0.15590118524512703
-0.3617,-0.15689148315503257
-0.3626999999999999,-0.1588720789748436
-0.3637,-0.16071120366466815
-0.3646999999999999,-0.1655212220842093
-0.3657,-0.16637004886412832
-0.3666999999999999,-0.16820917355395287
-0.3677,-0.17033124050375043
-0.3686999999999999,-0.17245330745354798
-0.36970000000000003,-0.17528273005327805
-0.3706999999999999,-0.1772633258730891
-0.37170000000000003,-0.18023421960280567
-0.3726999999999999,-0.18278069994256274
-0.37370000000000003,-0.1851857091523333
-0.3746999999999999,-0.18801513175206336
-0.37570000000000003,-0.19042014096183393
-0.3766999999999999,-0.1922592656516585
-0.37770000000000004,-0.19508868825138856
-0.3786999999999999,-0.19692781294121312
-0.37970000000000004,-0.20032312006088918
-0.3806999999999999,-0.20329401379060577
-0.38170000000000004,-0.20569902300037635
-0.38269999999999993,-0.2075381476902009
-0.38370000000000004,-0.21050904141991747
-0.38469999999999993,-0.21404581966958006
-0.38570000000000004,-0.2153190598394586
-0.38669999999999993,-0.2160264154893911
-0.38770000000000004,-0.2198461359990267
-0.38869999999999993,-0.2235243853786758
-0.38970000000000005,-0.22437321215859482
-0.39069999999999994,-0.2273441058883114
-0.39170000000000005,-0.23045647074801448
-0.39269999999999994,-0.23413472012766354
-0.39370000000000005,-0.23668120046742064
-0.39469999999999994,-0.2395106230671507
-0.39570000000000005,-0.24219857453689428
-0.39669999999999994,-0.24573535278655687
-0.39770000000000005,-0.2485647753862869
-0.39869999999999994,-0.2521015536359495
-0.39970000000000006,-0.2554968607556256
-0.40069999999999995,-0.2607312925651262
-0.40170000000000006,-0.2634192440348699
-0.40269999999999995,-0.26695602228453247
-0.40370000000000006,-0.27035132940420853
-0.40469999999999995,-0.27219045409403303
-0.40570000000000006,-0.2754442900837227
-0.40669999999999995,-0.2809616641531963
-0.40770000000000006,-0.28350814449295336
-0.40869999999999995,-0.2871863938726024
-0.40970000000000006,-0.29044022986229207
-0.41069999999999995,-0.29284523907206256
-0.41170000000000007,-0.29510877715184664
-0.41269999999999996,-0.2993529110514418
-0.41370000000000007,-0.3038799872110099
-0.41469999999999996,-0.3067094098107399
-0.41570000000000007,-0.3099632458004295
-0.41669999999999996,-0.3139244374400516
-0.41770000000000007,-0.32000769602947127
-0.41869999999999996,-0.32297858975918786
-0.4197000000000001,-0.3256665412289314
-0.42069999999999996,-0.3293447906085805
-0.4217000000000001,-0.3335889245081756
-0.42269999999999996,-0.33585246258795975
-0.4237000000000001,-0.3396721830975953
-0.42469999999999997,-0.34476514377710943
-0.4257000000000001,-0.3505654601065561
-0.42669999999999997,-0.3535363538362727
-0.4277000000000001,-0.3582049011258273
-0.42869999999999997,-0.3623075638954359
-0.4297000000000001,-0.3669761111849905
-0.43069999999999997,-0.36994700491470706
-0.4317000000000001,-0.3747570233342482
-0.4327,-0.37885968610385684
-0.4337000000000001,-0.38338676226342494
-0.4347,-0.38890413633289855
-0.4357000000000001,-0.3949873949223182
-0.4367,-0.4005047689917918
-0.4377000000000001,-0.4054562585413195
-0.4387,-0.4106906903508202
-0.4397000000000001,-0.4163495355502803
-0.4407,-0.4218669096197539
-0.4417000000000001,-0.4269598702992681
-0.4427,-0.4327601866287147
-0.4437000000000001,-0.43672137826833685
-0.4447,-0.4406825699079589
-0.4457000000000001,-0.4469072996273651
-0.4467,-0.45383938499670373
-0.4477000000000001,-0.4604885281060694
-0.4487,-0.46289353731584
-0.4497000000000001,-0.4662888444355161
-0.4507,-0.4727965164148953
-0.4517000000000001,-0.47746506370444985
-0.4527,-0.4838312645538425
-0.4537000000000001,-0.4877924561934647
-0.4547,-0.4933098302629383
-0.4557000000000001,-0.4991101465923849
-0.4567,-0.5051934051818046
-0.4577000000000001,-0.5109937215112512
-0.4587,-0.5176428646206169
-0.4597000000000001,-0.5228772964301176
-0.4607,-0.5285361416295777
-0.4617000000000001,-0.5351852847389434
-0.4627,-0.5421173701082821
-0.4637000000000001,-0.5483420998276882
-0.4647,-0.5555571274569999
-0.4657000000000001,-0.5614989149164331
-0.4667,-0.5680065868958123
-0.4677000000000001,-0.5746557300051779
-0.4687,-0.5830025266743816
-0.4697000000000001,-0.5910663810836124
-0.4707,-0.598281408712924
-0.4717000000000001,-0.6025255426125191
-0.4727,-0.6111552815416958
-0.4737000000000001,-0.6195020782108995
-0.4747,-0.6265756347102247
-0.4757000000000001,-0.6316685953897389
-0.4767,-0.639873920928956
-0.4777000000000001,-0.6451083527384567
-0.4787,-0.6516160247178359
-0.4797000000000001,-0.659255465737107
-0.4807,-0.6666119644964053
-0.48170000000000013,-0.6738269921257171
-0.4827,-0.6807590774950557
-0.48370000000000013,-0.6882570473843403
-0.4847,-0.6978770842234225
-0.48570000000000013,-0.7048091695927613
-0.4867,-0.7149950909517896
-0.4876999999999999,-0.7230589453610202
-0.4887,-0.7321130976801564
-0.4896999999999999,-0.7421575479091983
-0.4907,-0.7479578642386449
-0.4916999999999999,-0.7534752383081186
-0.4927,-0.7613976215873628
-0.4936999999999999,-0.7717250140763775
-0.49470000000000003,-0.7814865220454462
-0.4956999999999999,-0.790116260974623
-0.49670000000000003,-0.8012924802435567
-0.4976999999999999,-0.8099222191727334
-0.49870000000000003,-0.8210984384416673
-0.4996999999999999,-0.8317087731906551
-0.5007,-0.8396311564698993
-0.5016999999999999,-0.8454314727993459
-0.5027,-0.8571735765882258
-0.5036999999999999,-0.8734427565366737
-0.5047,-0.8830627933757559
-0.5056999999999999,-0.8907022343950269
-0.5067,-0.9006052134940823
-0.5076999999999999,-0.908669067903313
-0.5087,-0.9219673541220444
-0.5096999999999999,-0.9335679867809377
-0.5107,-0.9392268319803979
-0.5116999999999999,-0.9505445223793181
-0.5127,-0.960871914868333
-0.5136999999999999,-0.9738872588270913
-0.5147,-0.9803949308064704
-0.5156999999999999,-0.9898734965155661
-0.5167,-1.0024644270843648
-0.5176999999999999,-1.0177433091229073
-0.5187,-1.02693893257203
-0.5196999999999999,-1.0402372187907614
-0.5207,-1.0528281493595604
-0.5216999999999999,-1.0658434933183185
-0.5227,-1.0747561745074685
-0.5236999999999999,-1.0955524306154845
-0.5247,-1.1101239570040942
-0.5257,-1.1287981461623127
-0.5267000000000001,-1.1437940859408822
-0.5277,-1.1621853328391276
-0.5287000000000001,-1.1773227437476836
-0.5297,-1.191469856746334
-0.5307000000000001,-1.2098611036445792
-0.5317,-1.2281108794128386
-0.5327000000000001,-1.2399944543317047
-0.5337,-1.2600833547897883
-0.5347000000000001,-1.2742304677884386
-0.5357,-1.2842749180174802
-0.5367000000000001,-1.3042223473455772
-0.5377,-1.3211988829439578
-0.5387000000000001,-1.3384583608023113
-0.5397,-1.3622255106400438
-0.5407000000000001,-1.3789191039784512
-0.5417,-1.4005641868663863
-0.5427000000000001,-1.423199567664227
-0.5437,-1.4161260111649017
-0.5447000000000001,-1.431687835463417
-0.5457,-1.4514937936615278
-0.5467000000000001,-1.472714463159503
-0.5477,-1.4896909987578837
-0.5487000000000001,-1.5094969569559942
-0.5497,-1.5363764716534298
-0.5507000000000001,-1.5590118524512704
-0.5517,-1.5774030993495158
-0.5527000000000001,-1.5943796349478963
-0.5537,-1.6240885722450622
-0.5547000000000001,-1.6467239530429028
-0.5557,-1.6721887564404734
-0.5567000000000001,-1.696238848538179
-0.5577,-1.7160448067362895
-0.5587000000000001,-1.7372654762342652
-0.5597,-1.768389124831296
-0.5607000000000001,-1.7910245056291363
-0.5617,-1.8193187316264372
-0.5627000000000001,-1.850442380223468
-0.5637,-1.8716630497214433
-0.5647000000000001,-1.894298430519284
-0.5657,-1.9155191000172598
-0.5667000000000001,-1.9409839034148304
-0.5677,-1.963619284212671
-0.5687000000000001,-1.993328221509837
-0.5697,-2.017378313607542
-0.5707000000000001,-2.051331384804303
-0.5717,-2.0598196526034935
-0.5727000000000001,-2.083869744701199
-0.5737,-2.1192375271978254
-0.5747000000000001,-2.148946464494991
-0.5757,-2.181484824391887
-0.5767000000000001,-2.2182673181883774
-0.5777,-2.260708657184329
-0.5787000000000001,-2.30314999618028
-0.5797,-2.3356883560771755
-0.5807000000000001,-2.3710561385738016
-0.5817,-2.3951062306715074
-0.5827000000000001,-2.4347181470677284
-0.5837,-2.463012373065029
-0.5847000000000001,-2.4884771764625997
-0.5857,-2.5238449589592253
-0.5867000000000001,-2.5252596702590906
-0.5857,-2.4955507329619246
-0.5847000000000001,-2.475744774763814
-0.5837,-2.4446211261667834
-0.5827000000000001,-2.412082766269888
-0.5817,-2.389447385472047
-0.5807000000000001,-2.355494314275286
-0.5797,-2.3229559543783904
-0.5787000000000001,-2.3116382639794697
-0.5777,-2.279099904082574
-0.5767000000000001,-2.253635100685003
-0.5757,-2.225340874687703
-0.5747000000000001,-2.204120205189727
-0.5737,-2.174411267892561
-0.5727000000000001,-2.150361175794856
-0.5717,-2.11782281589796
-0.5707000000000001,-2.0980168576998492
-0.5697,-2.0668932091028185
-0.5687000000000001,-2.0668932091028185
-0.5677,-2.040013694405383
-0.5667000000000001,-2.004645911908757
-0.5657,-1.9706928407119961
-0.5647000000000001,-1.9537163051136157
-0.5637,-1.92400736781645
-0.5627000000000001,-1.9098602548177994
-0.5617,-1.8759071836210386
-0.5607000000000001,-1.847612957623738
-0.5597,-1.8362952672248178
-0.5587000000000001,-1.8080010412275167
-0.5577,-1.7853656604296764
-0.5567000000000001,-1.7556567231325106
-0.5557,-1.7443390327335901
-0.5547000000000001,-1.7217036519357498
-0.5537,-1.701897693737639
-0.5527000000000001,-1.6707740451406083
-0.5517,-1.6481386643427678
-0.5507000000000001,-1.626917994844792
-0.5497,-1.6042826140469515
-0.5487000000000001,-1.5915502123481662
-0.5477,-1.5774030993495158
-0.5467000000000001,-1.5363764716534298
-0.5457,-1.5151558021554543
-0.5447000000000001,-1.4953498439573436
-0.5437,-1.4826174422585585
-0.5427000000000001,-1.472714463159503
-0.5417,-1.4486643710617975
-0.5407000000000001,-1.433102546763282
-0.5397,-1.408062156755671
-0.5387000000000001,-1.3941979860169935
-0.5377,-1.3789191039784512
-0.5367000000000001,-1.3591131457803407
-0.5357,-1.3412877834020411
-0.5347000000000001,-1.3234624210237418
-0.5337,-1.308042067855213
-0.5327000000000001,-1.290924061126846
-0.5317,-1.2787575439480066
-0.5307000000000001,-1.2610736526996937
-0.5297,-1.2431068191914076
-0.5287000000000001,-1.2276864660228788
-0.5277,-1.2084463923447144
-0.5267000000000001,-1.192884568046199
-0.5257,-1.1725127253281424
-0.5247,-1.157516785549573
-0.5236999999999999,-1.140115836561233
-0.5227,-1.1266760792125152
-0.5216999999999999,-1.1102654281340807
-0.5207,-1.101918631464877
-0.5196999999999999,-1.0880544607261995
-0.5187,-1.0753220590274144
-0.5176999999999999,-1.058628465689007
-0.5167,-1.042642228000532
-0.5156999999999999,-1.0267974614420434
-0.5147,-1.01562124217311
-0.5136999999999999,-1.0043035517741894
-0.5127,-0.9905808521654985
-0.5116999999999999,-0.9761507969068753
-0.5107,-0.9590327901785084
-0.5096999999999999,-0.9467248018696826
-0.5087,-0.9330021022609917
-0.5076999999999999,-0.9204111716921929
-0.5067,-0.9106496637231241
-0.5056999999999999,-0.9004637423640959
-0.5047,-0.8850433891955669
-0.5036999999999999,-0.8747159967065521
-0.5027,-0.8612762393578344
-0.5016999999999999,-0.8481194242690895
-0.5007,-0.8355284937002907
-0.4996999999999999,-0.8247766878213164
-0.49870000000000003,-0.8154395932422072
-0.4976999999999999,-0.8046877873632328
-0.49670000000000003,-0.7936530392242855
-0.4956999999999999,-0.7838915312552168
-0.49470000000000003,-0.7697444182565665
-0.4936999999999999,-0.769037062606634
-0.4927,-0.7523434692682265
-0.4916999999999999,-0.7466846240687663
-0.4907,-0.7380548851395896
-0.4896999999999999,-0.7257468968307639
-0.4887,-0.7219271763211282
-0.4876999999999999,-0.7142877353018571
-0.4867,-0.7055165252426938
-0.48570000000000013,-0.6967453151835306
-0.4847,-0.6916523545040165
-0.48370000000000013,-0.7096191880123024
-0.4827,-0.693774421453814
-0.48170000000000013,-0.6865593938245023
-0.4807,-0.67410993438569
-0.4797000000000001,-0.6683096180562434
-0.4787,-0.6554357452274714
-0.4777000000000001,-0.6496354288980248
-0.4767,-0.640722747708875
-0.4757000000000001,-0.6325174221696578
-0.4747,-0.6210582606407511
-0.4737000000000001,-0.6049305518222896
-0.4727,-0.6021011292225595
-0.4717000000000001,-0.5940372748133289
-0.4707,-0.5790413350347595
-0.4697000000000001,-0.5712604228855018
-0.4687,-0.559801261356595
-0.4677000000000001,-0.5607915592665006
-0.4667,-0.5463615040078772
-0.4657000000000001,-0.5433906102781606
-0.4647,-0.5414100144583496
-0.4637000000000001,-0.5272629014596992
-0.4627,-0.5115596060311972
-0.4617000000000001,-0.5153793265408328
-0.4607,-0.5085887123014806
-0.4597000000000001,-0.503920165011926
-0.4587,-0.4886412829733836
-0.4577000000000001,-0.4773235925744634
-0.4567,-0.4744941699747333
-0.4557000000000001,-0.4730794586748682
-0.4547,-0.46685472895546215
-0.4537000000000001,-0.46317647957581304
-0.4527,-0.4556785096865283
-0.4517000000000001,-0.45751763437635284
-0.4507,-0.4593567590661774
-0.4497000000000001,-0.4470487707573516
-0.4487,-0.4296478217690116
-0.4477000000000001,-0.4268183991692816
-0.4467,-0.4299307640289846
-0.4457000000000001,-0.4071539121011576
-0.4447,-0.4075783254911171
-0.4437000000000001,-0.4072953832311441
-0.4427,-0.4013535957717109
-0.4417000000000001,-0.3956947505722508
-0.4407,-0.38664059825311453
-0.4397000000000001,-0.38211352209354643
-0.4387,-0.3625905061554089
-0.4377000000000001,-0.36329786180534146
-0.4367,-0.35551694965608377
-0.4357000000000001,-0.35565842078607024
-0.4347,-0.3467457395969205
-0.4337000000000001,-0.3450480860370824
-0.4327,-0.33839894292771683
-0.4317000000000001,-0.33981365422758186
-0.43069999999999997,-0.32821302156868853
-0.4297000000000001,-0.33316451111821616
-0.42869999999999997,-0.328354492698675
-0.4277000000000001,-0.3208565228093903
-0.42669999999999997,-0.32326153201916086
-0.4257000000000001,-0.31265119727017304
-0.42469999999999997,-0.3168953311697682
-0.4237000000000001,-0.3113779571002946
-0.42269999999999996,-0.3027482181711178
-0.4217000000000001,-0.2969479018416712
-0.42069999999999996,-0.29397700811195465
-0.4197000000000001,-0.29044022986229207
-0.41869999999999996,-0.2932696524620221
-0.41770000000000007,-0.2866205093526564
-0.41669999999999996,-0.2820934331930883
-0.41570000000000007,-0.27303928087395213
-0.41469999999999996,-0.27586870347368214
-0.41370000000000007,-0.2615801193450453
-0.41269999999999996,-0.2587506967453152
-0.41170000000000007,-0.2584677544853422
-0.41069999999999995,-0.26016540804518024
-0.40970000000000006,-0.25337479380582806
-0.40869999999999995,-0.24615976617651636
-0.40770000000000006,-0.24106680549700227
-0.40669999999999995,-0.2397935653271237
-0.40570000000000006,-0.23371030673770407
-0.40469999999999995,-0.23116382639794697
-0.40370000000000006,-0.22479762554855431
-0.40269999999999995,-0.22126084729889173
-0.40170000000000006,-0.2167337711393236
-0.40069999999999995,-0.2119237527197825
-0.39970000000000006,-0.20923580125003893
-0.39869999999999994,-0.2081040322101469
-0.39770000000000005,-0.21093345480987696
-0.39669999999999994,-0.20315254266061927
-0.39570000000000005,-0.20004017780091618
-0.39469999999999994,-0.20145488910078121
-0.39370000000000005,-0.19508868825138856
-0.39269999999999994,-0.19084455435179343
-0.39170000000000005,-0.19027866983184744
-0.39069999999999994,-0.1854686514123063
-0.38970000000000005,-0.1851857091523333
-0.38869999999999993,-0.18391246898245475
-0.38770000000000004,-0.17627302796318356
-0.38669999999999993,-0.17415096101338604
-0.38570000000000004,-0.16919947146385841
-0.38469999999999993,-0.16990682711379093
-0.38370000000000004,-0.16835064468393937
-0.38269999999999993,-0.1667944622540878
-0.38170000000000004,-0.16212591496453319
-0.3806999999999999,-0.15901355010483012
-0.37970000000000004,-0.15575971411514053
-0.3786999999999999,-0.15448647394526202
-0.37770000000000004,-0.15179852247551845
-0.3766999999999999,-0.14840321535584233
-0.37570000000000003,-0.14698850405597733
-0.3746999999999999,-0.14430055258623375
-0.37370000000000003,-0.1424614278964092
-0.3726999999999999,-0.13742505566888966
-0.37170000000000003,-0.1351898118151029
-0.3706999999999999,-0.13402974854921357
-0.36970000000000003,-0.13360533515925405
-0.3686999999999999,-0.13022417515257662
-0.3677,-0.13053541163854693
-0.3666999999999999,-0.12697033916288702
-0.3657,-0.12545659807203147
-0.3646999999999999,-0.12255643990730813
-0.3637,-0.12213202651734863
-0.3626999999999999,-0.11893477897965361
-0.3617,-0.11710980140282773
-0.36070000000000013,-0.11464820374106259
-0.3597,-0.11204513494931091
-0.35870000000000013,-0.11081433611842831
-0.3577,-0.11058798231044992
-0.35670000000000013,-0.1061457888288737
-0.3557,-0.1056364927609223
-0.3547000000000001,-0.104433988156037
-0.3537,-0.1020714202852624
-0.3527000000000001,-0.10078403300238521
-0.3517,-0.09907223232954852
-0.3507000000000001,-0.09570521943586972
-0.3497,-0.09419147834501414
-0.3487000000000001,-0.09257870746316801
-0.3477,-0.09127717306729217
-0.3467000000000001,-0.08928243013448246
-0.3457,-0.08720280452368086
-0.3447000000000001,-0.08567491631982663
-0.3437,-0.08465632418392378
-0.3427000000000001,-0.08240693321713838
-0.3417,-0.08062439697930844
-0.3407000000000001,-0.07858721270750278
-0.3397,-0.07831841756052843
-0.3387000000000001,-0.07696029471265799
-0.3377,-0.0750504344578402
-0.3367000000000001,-0.0738196356269576
-0.3357,-0.07164098022516545
-0.3347000000000001,-0.07005650356931663
-0.3337,-0.06818908465349477
-0.3327000000000001,-0.06637825418966752
-0.3317,-0.06562845720073905
-0.3307000000000001,-0.06483621887281464
-0.3297,-0.06383177384991046
-0.3287000000000001,-0.061752148239108844
-0.3277,-0.060959909911184426
-0.3267000000000001,-0.05961593417631265
-0.3257,-0.058328546893435466
-0.3247000000000001,-0.05694212981956772
-0.3237,-0.05588109634466895
-0.3227000000000001,-0.054367355253813365
-0.3217,-0.05302337951894157
-0.3207000000000001,-0.051735992236064385
-0.3197,-0.05091545968214267
-0.3187000000000001,-0.049925161772237145
-0.3177,-0.048185066873403154
-0.3167000000000001,-0.04730794586748682
-0.3157,-0.04599226435861234
-0.3147000000000001,-0.045100996239697363
-0.3137,-0.04401166853880129
-0.3127000000000001,-0.04245548610894975
-0.3117,-0.04188960158900373
-0.3107000000000001,-0.04047489028913869
-0.3097,-0.039428003927238574
-0.3087000000000001,-0.03860747137331685
-0.3077,-0.037801085932393785
-0.3067000000000001,-0.03681078802248825
-0.30569999999999997,-0.03569316609559487
-0.3047000000000001,-0.03488678065467181
-0.30369999999999997,-0.03405210098775143
-0.3027000000000001,-0.033288156885824316
-0.30169999999999997,-0.032184682071929586
-0.3007000000000001,-0.03147732642199706
-0.29969999999999997,-0.03065679386807535
-0.2987000000000001,-0.029991879557138775
-0.29769999999999996,-0.0289025518562427
-0.2967000000000001,-0.028463991353284535
-0.29569999999999996,-0.02755857612137091
-0.2947000000000001,-0.02645510130747619
-0.29369999999999996,-0.025747745657543668
-0.29270000000000007,-0.02479988908663409
-0.29169999999999996,-0.024375475696674583
-0.29070000000000007,-0.02338517778676906
-0.28969999999999996,-0.022932470170812246
-0.28870000000000007,-0.022168526068885124
-0.28769999999999996,-0.021729965565926962
-0.28670000000000007,-0.020541608074040336
-0.28569999999999995,-0.020272812927065977
-0.28470000000000006,-0.01973522263311726
-0.28369999999999995,-0.019240073678164497
-0.28270000000000006,-0.018631747819222534
-0.28169999999999995,-0.017952686395287316
-0.28070000000000006,-0.0172453307453548
-0.27969999999999995,-0.016806770242396636
-0.27870000000000006,-0.016042826140469518
-0.27769999999999995,-0.015703295428501907
-0.27670000000000006,-0.014981792665570736
-0.27569999999999995,-0.014571526388609878
-0.27470000000000006,-0.01405232734155941
-0.27369999999999994,-0.013731187876490048
-0.27270000000000005,-0.012796063707279256
-0.27169999999999994,-0.012531512694204494
-0.27070000000000005,-0.011986848843756457
-0.26969999999999994,-0.011805765797373732
-0.26870000000000005,-0.011191781093232307
-0.26769999999999994,-0.010702290983479001
-0.26670000000000005,-0.010144894731332177
-0.26569999999999994,-0.009893076119956202
-0.26470000000000005,-0.009376706495505465
-0.26369999999999993,-0.009110740771130837
-0.26270000000000004,-0.008762721791364036
-0.26169999999999993,-0.008343967246603986
-0.26070000000000004,-0.007994533555537323
-0.25969999999999993,-0.007589926123775921
-0.25870000000000004,-0.007185318692014522
-0.25769999999999993,-0.007199465805013172
-0.25670000000000004,-0.006528892648877144
-0.2556999999999999,-0.0061525794431130446
-0.25470000000000004,-0.00597149639673032
-0.2536999999999999,-0.005482006286977017
-0.25270000000000004,-0.005189161047904954
-0.2516999999999999,-0.0050773988552156165
-0.25070000000000003,-0.004394093297380804
-0.24969999999999992,-0.004449267038075541
-0.24870000000000003,-0.003961191639622103
-0.24769999999999992,-0.003780108593239378
-0.24670000000000003,-0.0036259050615540887
-0.24569999999999992,-0.003235444742791339
-0.24470000000000003,-0.0030260674704113135
-0.24369999999999992,-0.002383788540272587
-0.24270000000000003,-0.002383788540272587
-0.24169999999999991,-0.0022437321215859484
-0.24070000000000003,-0.0017415096101338603
-0.2396999999999999,-0.0014769585970590981
-0.23870000000000002,-0.0013371851206324325
-0.2376999999999999,-0.000946300388479723
-0.23670000000000002,-0.000988175842955728
-0.23570000000000013,-0.0009741702010870641
-0.23470000000000002,-0.00038805530955297955
-0.23370000000000013,-0.00020654784978029538
-0.23270000000000002,-1.1166316289834733e-05
-0.23170000000000013,0.00028195196206310183
-0.23070000000000002,0.00043544813809845835
-0.22970000000000013,0.0005750801433951374
-0.22870000000000001,0.0006588310523471476
-0.22770000000000012,0.0012449459438812322
-0.2267,0.0011054554097145396
-0.22570000000000012,0.0014401761032626073
-0.2247,0.0013567081365705703
-0.22370000000000012,0.0018037569073279217
-0.2227,0.0017188742293360194
-0.22170000000000012,0.001775462681330621
-0.2207,0.0022366585650866228
-0.21970000000000012,0.002375300272473396
-0.2187,0.002472915352164084
-0.21770000000000012,0.0025988246578520723
-0.2167,0.002808201930232098
-0.2157000000000001,0.0033245715546828362
-0.2147,0.0031293413953014607
-0.2137000000000001,0.0035056546010655606
-0.2127,0.0035905372790574633
-0.2117000000000001,0.0036457110197521997
-0.2107,0.003966850484821563
-0.2097000000000001,0.004009291823817514
-0.2087,0.004106906903508202
-0.2077000000000001,0.004078612677510901
-0.2067,0.004371457916582963
-0.2057000000000001,0.004525661448268253
-0.2047,0.004706744494650977
-0.2037000000000001,0.004720891607649627
-0.2027,0.00504203107271899
-0.2017000000000001,0.005083057700415077
-0.2007,0.005194819893104414
-0.1997000000000001,0.005264140746797801
-0.1987,0.005264140746797801
-0.1977000000000001,0.005627721550863115
-0.19669999999999999,0.0055994273248658145
-0.1957000000000001,0.005530106471172428
-0.19469999999999998,0.005627721550863115
-0.1937000000000001,0.0055994273248658145
-0.19269999999999998,0.006074770321620467
-0.1917000000000001,0.006046476095623166
-0.1907000000000001,0.006284147594000493
-0.1897000000000002,0.006255853368003192
-0.1887000000000001,0.006520404381077954
-0.1877000000000002,0.006325174221696579
-0.1867000000000001,0.006618019460768641
-0.1857000000000002,0.006827396733148668
-0.1847000000000001,0.00674392876645663
-0.1837000000000002,0.007246151277908719
-0.18270000000000008,0.0069533060388366555
-0.1817000000000002,0.007343766357599406
-0.18070000000000008,0.00713438908521938
-0.1797000000000002,0.00713438908521938
-0.17870000000000008,0.0073168868429019695
-0.1777000000000002,0.007455528550288743
-0.17670000000000008,0.007776668015358107
-0.1757000000000002,0.007652173420969983
-0.17470000000000008,0.007916724434044745
-0.1737000000000002,0.007874283095048795
-0.17270000000000008,0.007916724434044745
-0.17170000000000019,0.007930871547043396
-0.17070000000000007,0.00812610170642477
-0.16970000000000018,0.00812610170642477
-0.16870000000000007,0.008252011012112759
-0.16770000000000018,0.00812610170642477
-0.16670000000000007,0.008544856251184821
-0.16570000000000018,0.008475535397491435
-0.16470000000000007,0.008809407264259583
-0.16370000000000018,0.00864247133087551
-0.16270000000000007,0.00901878453663961
-0.16170000000000018,0.00906122587563556
-0.16070000000000007,0.008921169456948923
-0.15970000000000018,0.009242308922018284
-0.15870000000000006,0.008935316569947572
-0.15770000000000017,0.009339924001708973
-0.15670000000000006,0.009284750261014236
-0.15570000000000017,0.009620036839082248
-0.15470000000000006,0.009423391968401008
-0.15370000000000017,0.009410659566702223
-0.15270000000000006,0.009717651918772937
-0.15170000000000017,0.009675210579776985
-0.15070000000000006,0.00984214651316106
-0.14970000000000017,0.009801119885464974
-0.14870000000000005,0.009968055818849048
-0.14770000000000016,0.010065670898539736
-0.14670000000000005,0.009912882078154312
-0.14570000000000016,0.010038791383842298
-0.14470000000000005,0.010108112237535688
-0.14370000000000016,0.010526866782295738
-0.14270000000000005,0.010415104589606402
-0.14170000000000016,0.01028919528391841
-0.14070000000000005,0.010345783735913012
-0.13970000000000016,0.010610334748987775
-0.13870000000000005,0.010722096941677113
-0.13770000000000016,0.0108197120213678
-0.13670000000000004,0.010876300473362402
-0.13570000000000015,0.010917327101058487
-0.13470000000000004,0.01094562132705579
-0.13370000000000015,0.011029089293747827
-0.13270000000000004,0.011112557260439863
-0.13170000000000015,0.011140851486437163
-0.13070000000000004,0.011266760792125153
-0.12970000000000015,0.011378522984814489
-0.12870000000000004,0.011476138064505176
-0.12770000000000015,0.011657221110887902
-0.12670000000000003,0.011685515336885203
-0.12570000000000014,0.01185245127026928
-0.12470000000000003,0.011824157044271977
-0.12370000000000014,0.01213114939634269
-0.12270000000000003,0.011797277529574539
-0.12170000000000014,0.011964213462958615
-0.12070000000000003,0.012118416994643905
-0.11970000000000014,0.012033534316652
-0.11870000000000003,0.012216032074334592
-0.11770000000000014,0.012313647154025277
-0.11670000000000003,0.012230179187333243
-0.11570000000000014,0.012466435974410705
-0.11470000000000002,0.012480583087409354
-0.11370000000000013,0.012606492393097342
-0.11270000000000002,0.012801722552478717
-0.11170000000000013,0.012746548811783982
-0.11070000000000024,0.012871043406172103
-0.10970000000000013,0.013178035758242817
-0.10870000000000024,0.013067688276853345
-0.10770000000000013,0.013067688276853345
-0.10670000000000024,0.013178035758242817
-0.10570000000000013,0.013303945063930806
-0.10470000000000024,0.013289797950932155
-0.10370000000000013,0.01352746944930948
-0.10270000000000024,0.013639231641998819
-0.10170000000000012,0.013750993834688155
-0.10070000000000023,0.013736846721689507
-0.09970000000000012,0.014113159927453607
-0.09870000000000023,0.013917929768072232
-0.09770000000000012,0.01427443701563822
-0.09670000000000023,0.014231995676642267
-0.09570000000000012,0.014345172580631472
-0.09470000000000023,0.014387613919627423
-0.09370000000000012,0.014642261953603129
-0.09270000000000023,0.014628114840604478
-0.09170000000000011,0.014712997518596381
-0.09070000000000022,0.014812027309586936
-0.08970000000000011,0.014797880196588285
-0.08870000000000022,0.014769585970590984
-0.08770000000000011,0.015307176264539698
-0.08670000000000022,0.015123263795557243
-0.08570000000000011,0.015476941620523503
-0.08470000000000022,0.015377911829532949
-0.08370000000000011,0.015561824298515404
-0.08270000000000022,0.015575971411514053
-0.0817000000000001,0.015632559863508654
-0.08070000000000022,0.015873060784485714
-0.0797000000000001,0.01584476655848841
-0.07870000000000021,0.016014531914472215
-0.0777000000000001,0.01614185593146007
-0.07670000000000021,0.01625503283544927
-0.0757000000000001,0.016552122208420932
-0.07470000000000021,0.01665115199941148
-0.0737000000000001,0.01646723953042903
-0.07270000000000021,0.016764328903400686
-0.0717000000000001,0.01691994714638584
-0.07070000000000021,0.017089712502369642
-0.0697000000000001,0.0172453307453548
-0.0687000000000002,0.017047271163373692
-0.0677000000000001,0.017443390327335904
-0.0667000000000002,0.01731606631034805
-0.06570000000000009,0.017400948988339954
-0.0647000000000002,0.01766974413531431
-0.06370000000000009,0.01768389124831296
-0.0627000000000002,0.018080010412275173
-0.06170000000000009,0.018249775768258973
-0.0607000000000002,0.01820733442926302
-0.059700000000000086,0.018278069994256275
-0.058700000000000196,0.01849027668923603
-0.057700000000000085,0.018660042045219833
-0.056700000000000195,0.018801513175206338
-0.05570000000000008,0.018688336271217135
-0.05470000000000019,0.018787366062207687
-0.05370000000000008,0.019240073678164497
-0.05270000000000019,0.019211779452167198
-0.05170000000000008,0.019395691921149656
-0.05070000000000019,0.019367397695152354
-0.04970000000000008,0.019494721712140204
-0.04870000000000019,0.019721075520118612
-0.047700000000000076,0.019890840876102416
-0.046700000000000186,0.019834252424107815
-0.045700000000000074,0.02007475334508487
-0.044700000000000184,0.020301107153063276
-0.04370000000000007,0.02015963602307677
-0.04270000000000018,0.020371842718056525
-0.04170000000000007,0.02055575518703898
-0.04070000000000018,0.020640637865030884
-0.03970000000000007,0.020838697447011986
-0.03870000000000018,0.020683079204026837
-0.03770000000000007,0.021036757028993096
-0.03670000000000018,0.020980168576998495
-0.035700000000000065,0.021277257949970152
-0.034700000000000175,0.021319699288966102
-0.03370000000000006,0.0212631108369715
-0.03270000000000017,0.021744112678925617
-0.03170000000000006,0.021687524226931015
-0.03070000000000017,0.02185728958291482
-0.02970000000000006,0.02189973092191077
-0.02870000000000017,0.02218267318188378
-0.027700000000000058,0.02218267318188378
-0.026700000000000168,0.022210967407881078
-0.025700000000000056,0.022210967407881078
-0.024700000000000166,0.022663675023837888
-0.023700000000000054,0.02267782213683654
-0.022700000000000164,0.02272026347583249
-0.021700000000000053,0.022989058622806844
-0.020700000000000163,0.0230597941878001
-0.01970000000000005,0.02313052975279335
-0.01870000000000016,0.023257853769781203
-0.01770000000000005,0.023498354690758262
-0.01670000000000016,0.023498354690758262
-0.015700000000000047,0.02359738448174881
-0.014700000000000157,0.02378129695073127
-0.013700000000000045,0.023866179628723165
-0.012700000000000156,0.024106680549700225
-0.011700000000000044,0.024120827662698876
-0.010700000000000154,0.02447450548766513
-0.009700000000000042,0.024318887244679982
-0.008700000000000152,0.024446211261667832
-0.00770000000000004,0.024700859295643543
-0.00670000000000015,0.024644270843648942
-0.005700000000000038,0.024983801555616546
-0.0047000000000001485,0.02479988908663409
-0.0037000000000000366,0.025139419798601705
-0.0027000000000001467,0.025210155363594954
-0.0017000000000000348,0.025280890928588207
-0.000700000000000145,0.025309185154585506
0.00029999999999996696,0.025563833188561213
0.0012999999999998568,0.02543650917157336
0.0022999999999999687,0.02577603988354097
0.0032999999999998586,0.025648715866553113
0.0042999999999999705,0.02576189277054232
0.00529999999999986,0.025931658126526123
0.006299999999999972,0.025691157205549067
0.007299999999999862,0.026115570595508578
0.008299999999999974,0.026186306160501827
0.009299999999999864,0.02621460038649913
0.010299999999999976,0.026115570595508578
0.011299999999999866,0.026398512855481584
0.012299999999999978,0.026313630177489684
0.013299999999999867,0.022338291424868928
0.012299999999999978,0.019027866983184743
0.011299999999999866,0.0172453307453548
0.010299999999999976,0.015660854089505957
0.009299999999999864,0.01424614278964092
0.008299999999999974,0.012913484745168053
0.007299999999999862,0.012118416994643905
0.006299999999999972,0.011196025227131898
0.00529999999999986,0.01037266325061045
0.0042999999999999705,0.009368218227706273
0.0032999999999998586,0.008711792184568896
0.0022999999999999687,0.007945018660042047
0.0012999999999998568,0.007469675663287393
0.00029999999999996696,0.006715634540459329
-0.000700000000000145,0.0061992649160085905
-0.0017000000000000348,0.005585280211867165
-0.0027000000000001467,0.005306582085793753
-0.0037000000000000366,0.004566688075964338
-0.0047000000000001485,0.0041903748702002384
-0.005700000000000038,0.003840941179133575
-0.00670000000000015,0.003381160006677438
-0.00770000000000004,0.00307275294330686
-0.008700000000000152,0.0027247339635400607
-0.009700000000000042,0.0024177416114693475
-0.010700000000000154,0.0017613155683319707
-0.011700000000000044,0.0015943796349478963
-0.012700000000000156,0.0012449459438812322
-0.013700000000000045,0.0010635799552385346
-0.014700000000000157,0.0006448254104784837
-0.015700000000000047,0.00032382741653910686
-0.01670000000000016,0.00015632559863508656
-0.01770000000000005,-8.09497805782774e-05
-0.01870000000000016,-0.00017867803717295413
-0.01970000000000005,-0.000946300388479723
-0.020700000000000163,-0.0008904192921350541
-0.021700000000000053,-0.001085932393776402
-0.022700000000000164,-0.0012254229279430946
-0.023700000000000054,-0.0016297474174445223
-0.024700000000000166,-0.0018391246898245477
-0.025700000000000056,-0.0020216224475071375
-0.026700000000000168,-0.0021744112678925617
-0.027700000000000058,-0.0024955507329619243
-0.02870000000000017,-0.002816690198031288
-0.02970000000000006,-0.002859131537027239
-0.03070000000000017,-0.002997773244414013
-0.03170000000000006,-0.003304765596484726
-0.03270000000000017,-0.00327788608178729
-0.03370000000000006,-0.0036824935135486908
-0.034700000000000175,-0.003611757948555439
-0.035700000000000065,-0.0037376672542434267
-0.03670000000000018,-0.004268183991692816
-0.03770000000000007,-0.004254036878694165
-0.03870000000000018,-0.004394093297380804
-0.03970000000000007,-0.004729379875448818
-0.04070000000000018,-0.004701085649451517
-0.04170000000000007,-0.004951489549527628
-0.04270000000000018,-0.005133987307210219
-0.04370000000000007,-0.00500807800152223
-0.044700000000000184,-0.005524447625972969
-0.045700000000000074,-0.005510300512974318
-0.046700000000000186,-0.005762119124350294
-0.047700000000000076,-0.005762119124350294
-0.04870000000000019,-0.0058866137187384175
-0.04970000000000008,-0.006278488748801033
-0.05070000000000019,-0.006292635861799683
-0.05170000000000008,-0.006221900296806431
-0.05270000000000019,-0.006571333987873095
-0.05370000000000008,-0.006711390406559735
-0.05470000000000019,-0.006668949067563782
-0.05570000000000008,-0.007087703612323834
-0.056700000000000195,-0.0069617943066358455
-0.057700000000000085,-0.007142877353018571
-0.058700000000000196,-0.007394695964394547
-0.059700000000000086,-0.007618220349773223
-0.0607000000000002,-0.0075616318977786215
-0.06170000000000009,-0.007548899496079835
-0.0627000000000002,-0.007939359814842588
-0.06370000000000009,-0.00814873708722261
-0.0647000000000002,-0.008358114359602637
-0.06570000000000009,-0.008134589974223961
-0.0667000000000002,-0.008469876552291974
-0.0677000000000001,-0.008484023665290623
-0.0687000000000002,-0.0086509595986747
-0.0697000000000001,-0.008915510611749462
-0.07070000000000021,-0.008679253824672
-0.0717000000000001,-0.00894380483774676
-0.07270000000000021,-0.009153182110126787
-0.0737000000000001,-0.009293238528813426
-0.07470000000000021,-0.009362559382506812
-0.0757000000000001,-0.009348412269508161
-0.07670000000000021,-0.009571936654886837
-0.0777000000000001,-0.009697845960574828
-0.07870000000000021,-0.0098647818939589
-0.0797000000000001,-0.01003313253864284
-0.08070000000000022,-0.010256656924021517
-0.0817000000000001,-0.010130747618333527
-0.08270000000000022,-0.01043773997040424
-0.08370000000000011,-0.010256656924021517
-0.08470000000000022,-0.010773026548472254
-0.08570000000000011,-0.010507060824097627
-0.08670000000000022,-0.010758879435473602
-0.08770000000000011,-0.011009283335549715
-0.08870000000000022,-0.011065871787544316
-0.08970000000000011,-0.01120451349493109
-0.09070000000000022,-0.011051724674545666
-0.09170000000000011,-0.011246954833927042
-0.09270000000000023,-0.011261101946925691
-0.09370000000000012,-0.011539800072999104
-0.09470000000000023,-0.011720883119381829
-0.09570000000000012,-0.011749177345379131
-0.09670000000000023,-0.011944407504760505
-0.09770000000000012,-0.012084463923447144
-0.09870000000000023,-0.011958554617759154
-0.09970000000000012,-0.01226554696982987
-0.10070000000000023,-0.012433897614513807
-0.10170000000000012,-0.012545659807203145
-0.10270000000000024,-0.012629127773895183
-0.10370000000000013,-0.012656007288592617
-0.10470000000000024,-0.012893678786969945
-0.10570000000000013,-0.012852652159273859
-0.10670000000000024,-0.013047882318655234
-0.10770000000000013,-0.013005440979659283
-0.10870000000000024,-0.013298286218731345
-0.10970000000000013,-0.013452489750416635
-0.11070000000000024,-0.013521810604110021
-0.11170000000000013,-0.013424195524419334
-0.11270000000000002,-0.01357839905610462
-0.11370000000000013,-0.013842950069179384
-0.11470000000000002,-0.013857097182178034
-0.11570000000000014,-0.014024033115562108
-0.11670000000000003,-0.014203701450644968
-0.11770000000000014,-0.01430273124163552
-0.11870000000000003,-0.01430273124163552
-0.11970000000000014,-0.014599820614607179
-0.12070000000000003,-0.014472496597619325
-0.12170000000000014,-0.014684703292599082
-0.12270000000000003,-0.014854468648582884
-0.12370000000000014,-0.014840321535584235
-0.12470000000000003,-0.015137410908555892
-0.12570000000000014,-0.015066675343562642
-0.12670000000000003,-0.015321323377538347
-0.12770000000000015,-0.015264734925543746
-0.12870000000000004,-0.015377911829532949
-0.12970000000000015,-0.015491088733522153
-0.13070000000000004,-0.015547677185516754
-0.13170000000000015,-0.01580232521949246
-0.13270000000000004,-0.015929649236480315
-0.13370000000000015,-0.01615600304445872
-0.13470000000000004,-0.015957943462477614
-0.13570000000000015,-0.01614185593146007
-0.13670000000000004,-0.016354062626439823
-0.13770000000000016,-0.016368209739438477
-0.13870000000000005,-0.016325768400442524
-0.13970000000000016,-0.01659456354741688
-0.14070000000000005,-0.01670774045140608
-0.14170000000000016,-0.016849211581392583
-0.14270000000000005,-0.01697653559838044
-0.14370000000000016,-0.016962388485381792
-0.14470000000000005,-0.017103859615368294
-0.14570000000000016,-0.017231183632356147
-0.14670000000000005,-0.017132153841365592
-0.14770000000000016,-0.0173019191973494
-0.14870000000000005,-0.017514125892329157
-0.14970000000000017,-0.017797068152302163
-0.15070000000000006,-0.01772633258730891
-0.15170000000000017,-0.017910245056291362
-0.15270000000000006,-0.018051716186277867
-0.15370000000000017,-0.018150745977268422
-0.15470000000000006,-0.018193187316264375
-0.15570000000000017,-0.018263922881257624
-0.15670000000000006,-0.018461982463238727
-0.15770000000000017,-0.018744924723211737
-0.15870000000000006,-0.018405394011244126
-0.15970000000000018,-0.018660042045219833
-0.16070000000000007,-0.019013719870186095
-0.16170000000000018,-0.018688336271217135
-0.16270000000000007,-0.019070308322180696
-0.16370000000000018,-0.0191551910001726
-0.16470000000000007,-0.01959375150313076
-0.16570000000000018,-0.019310809243157753
-0.16670000000000007,-0.01950886882513886
-0.16770000000000018,-0.0194098390341483
-0.16870000000000007,-0.019749369746115915
-0.16970000000000018,-0.019834252424107815
-0.17070000000000007,-0.019862546650105117
-0.17170000000000019,-0.019904987989101064
-0.17270000000000008,-0.020131341797079472
-0.1737000000000002,-0.020131341797079472
-0.17470000000000008,-0.02041428405705248
-0.1757000000000002,-0.020187930249074077
-0.17670000000000008,-0.02045672539604843
-0.1777000000000002,-0.020923580125003893
-0.17870000000000008,-0.020697226317025485
-0.1797000000000002,-0.021036757028993096
-0.18070000000000008,-0.02085284456001064
-0.1817000000000002,-0.02119237527197825
-0.18270000000000008,-0.021305552175967454
-0.1837000000000002,-0.021432876192955305
-0.1847000000000001,-0.02122066949797555
-0.1857000000000002,-0.021546053096944507
-0.1867000000000001,-0.02165923000093371
-0.1877000000000002,-0.021701671339929663
-0.1887000000000001,-0.021885583808912118
-0.1897000000000002,-0.021828995356917517
-0.1907000000000001,-0.022338291424868928
-0.1917000000000001,-0.02208364339089322
-0.19269999999999998,-0.022479762554855433
-0.1937000000000001,-0.022621233684841938
-0.19469999999999998,-0.022663675023837888
-0.1957000000000001,-0.02267782213683654
-0.19669999999999999,-0.02277685192782709
-0.1977000000000001,-0.02279099904082574
-0.1987,-0.022861734605818994
-0.1997000000000001,-0.02338517778676906
-0.2007,-0.023371030673770405
-0.2017000000000001,-0.02347006046476096
-0.2027,-0.023342736447773106
-0.2037000000000001,-0.023753002724733966
-0.2047,-0.02392276808071777
-0.2057000000000001,-0.023823738289727222
-0.2067,-0.024050092097705623
-0.2077000000000001,-0.023965209419713723
-0.2087,-0.024120827662698876
-0.2097000000000001,-0.02434718147067728
-0.2107,-0.02453109393965974
-0.2117000000000001,-0.024729153521640842
-0.2127,-0.024856477538628696
-0.2137000000000001,-0.024969654442617898
-0.2147,-0.0250828313466071
-0.2157000000000001,-0.02509697845960575
-0.2167,-0.02546480339757066
-0.21770000000000012,-0.025648715866553113
-0.2187,-0.02577603988354097
-0.21970000000000012,-0.025974099465522073
-0.2207,-0.025846775448534223
-0.22170000000000012,-0.02612971770850723
-0.2227,-0.026440954194477534
-0.22370000000000012,-0.02655413109846674
-0.2247,-0.02649754264647214
-0.22570000000000012,-0.026808779132442447
-0.2267,-0.027063427166418155
-0.22770000000000012,-0.027063427166418155
-0.22870000000000001,-0.027190751183406005
-0.22970000000000013,-0.027544429008372267
-0.23070000000000002,-0.027841518381343924
-0.23170000000000013,-0.02782737126834527
-0.23270000000000002,-0.02809616641531963
-0.23370000000000013,-0.028251784658304784
-0.23470000000000002,-0.02815275486731423
-0.23570000000000013,-0.02847813846628319
-0.23670000000000002,-0.028761080726256192
-0.2376999999999999,-0.02894499319523865
-0.23870000000000002,-0.029157199890218404
-0.2396999999999999,-0.029256229681208955
-0.24070000000000003,-0.02982211420115497
-0.24169999999999991,-0.02966649595816982
-0.24270000000000003,-0.029949438218142825
-0.24369999999999992,-0.030317263156107735
-0.24470000000000003,-0.030161644913122586
-0.24569999999999992,-0.030501175625090193
-0.24670000000000003,-0.03085485345005645
-0.24769999999999992,-0.031052913032037555
-0.24870000000000003,-0.03139244374400516
-0.24969999999999992,-0.03139244374400516
-0.25070000000000003,-0.03193003403795388
-0.2516999999999999,-0.03204321094194308
-0.25270000000000004,-0.03231200608891744
-0.2536999999999999,-0.03258080123589179
-0.25470000000000004,-0.03289203772186211
-0.2556999999999999,-0.03311839152984051
-0.25670000000000004,-0.03331645111182161
-0.25769999999999993,-0.03399551253575683
-0.25870000000000004,-0.033967218309759524
-0.25969999999999993,-0.03450480860370824
-0.26070000000000004,-0.034745309524685304
-0.26169999999999993,-0.03504239889765696
-0.26270000000000004,-0.035297046931632665
-0.26369999999999993,-0.035509253626612426
-0.26470000000000005,-0.03600440258156519
-0.26569999999999994,-0.03644296308452335
-0.26670000000000005,-0.03664102266650445
-0.26769999999999994,-0.03717861296045316
-0.26870000000000005,-0.03763132057640997
-0.26969999999999994,-0.037885968610385685
-0.27070000000000005,-0.03814061664436139
-0.27169999999999994,-0.03860747137331685
-0.27270000000000005,-0.03883382518129525
-0.27369999999999994,-0.03956947505722508
-0.27470000000000006,-0.03983827020419943
-0.27569999999999995,-0.04020609514216435
-0.27670000000000006,-0.040729538323114406
-0.27769999999999995,-0.04102662769608607
-0.27870000000000006,-0.04166324778102533
-0.27969999999999995,-0.04211595539698214
-0.28070000000000006,-0.042186690961975394
-0.28169999999999995,-0.042936487950903865
-0.28270000000000006,-0.043459931131853924
-0.28369999999999995,-0.044054109877797246
-0.28470000000000006,-0.044591700171745956
-0.28569999999999995,-0.045072702013700075
-0.28670000000000007,-0.045709322098639336
-0.28769999999999996,-0.046048852810606944
-0.28870000000000007,-0.04665717866954891
-0.28969999999999996,-0.047350387206482776
-0.29070000000000007,-0.04787383038743284
-0.29169999999999996,-0.04855289181136806
-0.29270000000000007,-0.04909048210531677
-0.29369999999999996,-0.049543189721273584
-0.2947000000000001,-0.050094927128220945
-0.29569999999999996,-0.05081642989115212
-0.2967000000000001,-0.051396461524096784
-0.29769999999999996,-0.052344318095006365
-0.2987000000000001,-0.05286776127595642
-0.29969999999999997,-0.05346194002189974
-0.3007000000000001,-0.054438090818806614
-0.30169999999999997,-0.054876651321764766
-0.3027000000000001,-0.055640595423691895
-0.30369999999999997,-0.056446980864614964
-0.3047000000000001,-0.05722507207954074
-0.30569999999999997,-0.05811634019845571
-0.3067000000000001,-0.05893687275237742
-0.3077,-0.05978569953229645
-0.3087000000000001,-0.06062037919921682
-0.3097,-0.0617380011261102
-0.3107000000000001,-0.06216241451606971
-0.3117,-0.06333662489495769
-0.3127000000000001,-0.0640156863188929
-0.3137,-0.06493524866380519
-0.3147000000000001,-0.06585481100871747
-0.3157,-0.06661875511064458
-0.3167000000000001,-0.0676656414725447
-0.3177,-0.06868423360844754
-0.3187000000000001,-0.06967453151835307
-0.3197,-0.07113168415721405
-0.3207000000000001,-0.07176830424215332
-0.3217,-0.07297080884703859
-0.3227000000000001,-0.07396110675694412
-0.3237,-0.07496555177984829
-0.3247000000000001,-0.07626708617572413
-0.3257,-0.0771017658426445
-0.3267000000000001,-0.07864380115949739
-0.3277,-0.079549216391411
-0.3287000000000001,-0.081006369030272
-0.3297,-0.08210984384416672
-0.3307000000000001,-0.08334064267504931
-0.3317,-0.08448655882793998
-0.3327000000000001,-0.08571735765882257
-0.3337,-0.08717451029768356
-0.3347000000000001,-0.0883911620155675
-0.3357,-0.08982002042843118
-0.3367000000000001,-0.09105081925931376
-0.3377,-0.09255041323717071
-0.3387000000000001,-0.09375291784205599
-0.3397,-0.09540813006289808
-0.3407000000000001,-0.09683698847576175
-0.3417,-0.09849220069660385
-0.3427000000000001,-0.09886002563456876
-0.3437,-0.10023229559543784
-0.3447000000000001,-0.10171774246029613
-0.3457,-0.10297683551717601
-0.3467000000000001,-0.10483010731999923
-0.3477,-0.10623067150686559
-0.3487000000000001,-0.10802735485769419
-0.3497,-0.10939962481856329
-0.3507000000000001,-0.11112557260439863
-0.3517,-0.11296469729422319
-0.3527000000000001,-0.11450673261107608
-0.3537,-0.11644488709189117
-0.3547000000000001,-0.11822742332972111
-0.3557,-0.12009484224554295
-0.35670000000000013,-0.12184908425737562
-0.3577,-0.12361747338220691
-0.35870000000000013,-0.12576783455800175
-0.3597,-0.12772013615181552
-0.36070000000000013,-0.12958755506763736
-0.3617,-0.13156815088744844
-0.3626999999999999,-0.13337898135127566
-0.3637,-0.13647719909798006
-0.3646999999999999,-0.13787776328484647
-0.3657,-0.14005641868663865
-0.3666999999999999,-0.1421784856364362
-0.3677,-0.14401761032626076
-0.3686999999999999,-0.1465640906660178
-0.36970000000000003,-0.14854468648582883
-0.3706999999999999,-0.1508082245656129
-0.37170000000000003,-0.15363764716534298
-0.3726999999999999,-0.15632559863508652
-0.37370000000000003,-0.1585891367148706
-0.3746999999999999,-0.16085267479465465
-0.37570000000000003,-0.16368209739438472
-0.3766999999999999,-0.1667944622540878
-0.37770000000000004,-0.1689165292038854
-0.3786999999999999,-0.17132153841365594
-0.37970000000000004,-0.1737265476234265
-0.3806999999999999,-0.17599008570321056
-0.38170000000000004,-0.17867803717295414
-0.38269999999999993,-0.18094157525273818
-0.38370000000000004,-0.18419541124242778
-0.38469999999999993,-0.18688336271217135
-0.38570000000000004,-0.18985425644188791
-0.38669999999999993,-0.19268367904161798
-0.38770000000000004,-0.19636192842126707
-0.38869999999999993,-0.19989870667092968
-0.38970000000000005,-0.20272812927065975
-0.39069999999999994,-0.20527460961041682
-0.39170000000000005,-0.2081040322101469
-0.39269999999999994,-0.21149933932982298
-0.39370000000000005,-0.21418729079956658
-0.39469999999999994,-0.2161678866193776
-0.39570000000000005,-0.21885583808912115
-0.39669999999999994,-0.22225114520879727
-0.39770000000000005,-0.22536351006850036
-0.39869999999999994,-0.22960764396809544
-0.39970000000000006,-0.23441766238763656
-0.40069999999999995,-0.23767149837732615
-0.40170000000000006,-0.23908620967719119
-0.40269999999999995,-0.24149121888696176
-0.40370000000000006,-0.24502799713662435
-0.40469999999999995,-0.24955507329619245
-0.40570000000000006,-0.2535162649358146
-0.40669999999999995,-0.2567701009255041
-0.40770000000000006,-0.25988246578520724
-0.40869999999999995,-0.2637021862948429
-0.40970000000000006,-0.26723896454450546
-0.41069999999999995,-0.2723319252240196
-0.41170000000000007,-0.27601017460366867
-0.41269999999999996,-0.27954695285333125
-0.41370000000000007,-0.2823763754530613
-0.41469999999999996,-0.2857716825727374
-0.41570000000000007,-0.29058170099227854
-0.41669999999999996,-0.2938355369819681
-0.41770000000000007,-0.29793819975157676
-0.41869999999999996,-0.30303116043109085
-0.4197000000000001,-0.30897294789052404
-0.42069999999999996,-0.31321708179011915
-0.4217000000000001,-0.3178856290796737
-0.42269999999999996,-0.3211394650693633
-0.4237000000000001,-0.32425182992906637
-0.42469999999999997,-0.3299106751285265
-0.4257000000000001,-0.3351451069380272
-0.42669999999999997,-0.3379745295377573
-0.4277000000000001,-0.34136983665743337
-0.42869999999999997,-0.34717015298688
-0.4297000000000001,-0.35183870027643466
-0.43069999999999997,-0.35565842078607024
-0.4317000000000001,-0.36046843920561134
-0.4327,-0.3658443421450985
-0.4337000000000001,-0.3703714183046666
-0.4347,-0.3770205614140323
-0.4357000000000001,-0.38055733966369487
-0.4367,-0.38607471373316854
-0.4377000000000001,-0.3913091455426691
-0.4387,-0.3959776928322238
-0.4397000000000001,-0.40064624012177835
-0.4407,-0.405880671931279
-0.4417000000000001,-0.4104077480908471
-0.4427,-0.4164910066802668
-0.4437000000000001,-0.4204521983198889
-0.4447,-0.4254036878694165
-0.4457000000000001,-0.4320528309787822
-0.4467,-0.4378531473082289
-0.4477000000000001,-0.44266316572777
-0.4487,-0.4486049531872031
-0.4497000000000001,-0.45454674064663625
-0.4507,-0.46091294149602896
-0.4517000000000001,-0.4684109113853136
-0.4527,-0.47293798754488175
-0.4537000000000001,-0.47746506370444985
-0.4547,-0.4845386202037751
-0.4557000000000001,-0.4884998118433972
-0.4567,-0.4937342436528978
-0.4577000000000001,-0.5015151558021554
-0.4587,-0.5067495876116561
-0.4597000000000001,-0.5115596060311972
-0.4607,-0.5173599223606439
-0.4617000000000001,-0.5237261232100366
-0.4627,-0.5281117282396182
-0.4637000000000001,-0.5357511692588894
-0.4647,-0.5409856010683901
-0.4657000000000001,-0.5490494554776209
-0.4667,-0.553293589377216
-0.4677000000000001,-0.5600842036165681
-0.4687,-0.5636209818662306
-0.4697000000000001,-0.5702701249755963
-0.4707,-0.5793242772947326
-0.4717000000000001,-0.5873881317039633
-0.4727,-0.5943202170733018
-0.4737000000000001,-0.6028084848724922
-0.4747,-0.6095990991118443
-0.4757000000000001,-0.615965299961237
-0.4767,-0.6240291543704677
-0.4777000000000001,-0.6308197686098198
-0.4787,-0.637327440589199
-0.4797000000000001,-0.6465230640383217
-0.4807,-0.6551528029674984
-0.48170000000000013,-0.6619434172068507
-0.4827,-0.6685925603162164
-0.48370000000000013,-0.6748172900356225
-0.4847,-0.6844373268747048
-0.48570000000000013,-0.693208536933868
-0.4867,-0.6997162089132472
-0.4876999999999999,-0.7057994675026668
-0.4887,-0.7110338993121675
-0.4896999999999999,-0.7210783495412092
-0.4907,-0.7298495596003725
-0.4916999999999999,-0.7381963562695761
-0.4927,-0.7472505085887123
-0.4936999999999999,-0.7585681989876326
-0.49470000000000003,-0.7655002843569714
-0.4956999999999999,-0.7721494274663371
-0.49670000000000003,-0.7817694643054193
-0.4976999999999999,-0.7905406743645824
-0.49870000000000003,-0.8010095379835837
-0.4996999999999999,-0.8096392769127605
-0.5007,-0.8227960920015054
-0.5016999999999999,-0.8366602627401827
-0.5027,-0.848543837659049
-0.5036999999999999,-0.8560418075483337
-0.5047,-0.8677839113372136
-0.5056999999999999,-0.8782527749562148
-0.5067,-0.8904192921350541
-0.5076999999999999,-0.8989075599342444
-0.5087,-0.9120643750229891
-0.5096999999999999,-0.9228161809019634
-0.5107,-0.9325776888710322
-0.5116999999999999,-0.9386609474604518
-0.5127,-0.947149215259642
-0.5136999999999999,-0.962003683908225
-0.5147,-0.9720481341372668
-0.5156999999999999,-0.9844975935760791
-0.5167,-0.9938346881551883
-0.5176999999999999,-1.0069915032439332
-0.5187,-1.0180262513828802
-0.5196999999999999,-1.0323148355115173
-0.5207,-1.0449057660803163
-0.5216999999999999,-1.058628465689007
-0.5227,-1.0715023385177789
-0.5236999999999999,-1.0846591536065235
-0.5247,-1.100786862424985
-0.5257,-1.1104068992640672
-0.5267000000000001,-1.118470753673298
-0.5277,-1.1279493193823937
-0.5287000000000001,-1.1460576240206661
-0.5297,-1.1443599704608283
-0.5307000000000001,-1.1511505847001804
-0.5317,-1.1723712541981557
-0.5327000000000001,-1.1933089814361586
-0.5337,-1.209153747994647
-0.5347000000000001,-1.2173590735338642
-0.5357,-1.2286767639327845
-0.5367000000000001,-1.2480583087409354
-0.5377,-1.2665910267691676
-0.5387000000000001,-1.2889434653070349
-0.5397,-1.3074761833352668
-0.5407000000000001,-1.3332239289928105
-0.5417,-1.3530298871909212
-0.5427000000000001,-1.368733182619423
-0.5437,-1.3854267759578305
-0.5447000000000001,-1.4059400898058736
-0.5457,-1.431687835463417
-0.5467000000000001,-1.4486643710617975
-0.5477,-1.461396772760583
-0.5487000000000001,-1.4840321535584236
-0.5497,-1.5165705134553193
-0.5507000000000001,-1.5335470490536998
-0.5517,-1.5519382959519452
-0.5527000000000001,-1.5660854089505953
-0.5537,-1.580232521949246
-0.5547000000000001,-1.5887207897484361
-0.5557,-1.612770881846142
-0.5567000000000001,-1.6283327061446573
-0.5577,-1.6467239530429028
-0.5587000000000001,-1.6651151999411482
-0.5597,-1.6891652920388538
-0.5607000000000001,-1.7217036519357498
-0.5617,-1.7485831666331852
-0.5627000000000001,-1.7655597022315657
-0.5637,-1.7867803717295414
-0.5647000000000001,-1.8263922881257622
-0.5657,-1.8447835350240078
-0.5667000000000001,-1.8660042045219833
-0.5677,-1.8886395853198237
-0.5687000000000001,-1.9183485226169896
-0.5697,-1.9494721712140204
-0.5707000000000001,-1.9791811085111866
-0.5717,-2.001816489309027
-0.5727000000000001,-2.0258665814067327
-0.5737,-2.0569902300037635
-0.5747000000000001,-2.092358012500389
-0.5757,-2.122066949797555
-0.5767000000000001,-2.158849443594046
-0.5777,-2.197046648690402
-0.5787000000000001,-2.2338291424868926
-0.5797,-2.2649527910839233
-0.5807000000000001,-2.3003205735805494
-0.5817,-2.3371030673770408
-0.5827000000000001,-2.3738855611735317
-0.5837,-2.386617962872317
-0.5847000000000001,-2.433303435767863
-0.5857,-2.4531093939659736
-0.5867000000000001,-2.457353527865569
-0.5857,-2.424815167968673
-0.5847000000000001,-2.3908620967719116
-0.5837,-2.351250180375691
-0.5827000000000001,-2.3201265317786604
-0.5817,-2.286173460581899
-0.5807000000000001,-2.2592939458844636
-0.5797,-2.230999719887163
-0.5787000000000001,-2.206949627789457
-0.5777,-2.1673377113932366
-0.5767000000000001,-2.1432876192955304
-0.5757,-2.1079198367989047
-0.5747000000000001,-2.0909433012005243
-0.5737,-2.0668932091028185
-0.5727000000000001,-2.0357695605057877
-0.5717,-2.008890045808352
-0.5707000000000001,-1.9876693763103765
-0.5697,-1.9565457277133458
-0.5687000000000001,-1.9409839034148304
-0.5677,-1.9084455435179344
-0.5667000000000001,-1.8886395853198237
-0.5657,-1.8631747819222533
-0.5647000000000001,-1.8391246898245475
-0.5637,-1.8122451751271118
-0.5627000000000001,-1.7881950830294064
-0.5617,-1.766974413531431
-0.5607000000000001,-1.7400948988339953
-0.5597,-1.7146300954364246
-0.5587000000000001,-1.7033124050375041
-0.5577,-1.6707740451406083
-0.5567000000000001,-1.655212220842093
-0.5557,-1.6382356852437125
-0.5547000000000001,-1.6255032835449272
-0.5537,-1.6000384801473564
-0.5527000000000001,-1.5759883880496508
-0.5517,-1.5575971411514054
-0.5507000000000001,-1.5377911829532949
-0.5497,-1.512326379555724
-0.5487000000000001,-1.4925204213576138
-0.5477,-1.4656409066601779
-0.5467000000000001,-1.4458349484620676
-0.5457,-1.421784856364362
-0.5447000000000001,-1.41174040613532
-0.5437,-1.386982958387682
-0.5427000000000001,-1.369016124879396
-0.5417,-1.3521810604110023
-0.5407000000000001,-1.3343556980327025
-0.5397,-1.317096220174349
-0.5387000000000001,-1.2996952711860092
-0.5377,-1.2828602067176154
-0.5367000000000001,-1.2726742853585868
-0.5357,-1.2531512694204494
-0.5347000000000001,-1.2381553296418801
-0.5337,-1.2196226116136482
-0.5327000000000001,-1.2009484224554297
-0.5317,-1.1834060023371034
-0.5307000000000001,-1.1818498199072518
-0.5297,-1.1684100625585339
-0.5287000000000001,-1.1545458918198563
-0.5277,-1.1295055018122453
-0.5267000000000001,-1.0825370866567263
-0.5257,-1.0816882598768072
-0.5247,-1.06174083054871
-0.5236999999999999,-1.0453301794702756
-0.5227,-1.036983382801072
-0.5216999999999999,-1.0180262513828802
-0.5207,-1.0014741291744595
-0.5196999999999999,-0.9852049492260115
-0.5187,-0.978838748376619
-0.5176999999999999,-0.960871914868333
-0.5167,-0.9472906863896284
-0.5156999999999999,-0.9344168135608568
-0.5147,-0.9140449708428002
-0.5136999999999999,-0.9042834628737314
-0.5127,-0.8916925323049326
-0.5116999999999999,-0.8989075599342444
-0.5107,-0.9165914511825571
-0.5096999999999999,-0.9011710980140284
-0.5087,-0.8912681189149732
-0.5076999999999999,-0.8755648234864712
-0.5067,-0.8666521422973216
-0.5056999999999999,-0.8373676183901153
-0.5047,-0.8506659046088466
-0.5036999999999999,-0.8216643229616133
-0.5027,-0.8102051614327065
-0.5016999999999999,-0.7877112517648525
-0.5007,-0.7717250140763775
-0.4996999999999999,-0.7953506927841236
-0.49870000000000003,-0.7911065588845285
-0.4976999999999999,-0.7514946424883074
-0.49670000000000003,-0.7408843077393197
-0.4956999999999999,-0.7374890006196436
-0.49470000000000003,-0.7230589453610202
-0.4936999999999999,-0.7149950909517896
-0.4927,-0.7117412549621
-0.4916999999999999,-0.7012723913430987
-0.4907,-0.6987259110033417
-0.4896999999999999,-0.673261107605771
-0.4887,-0.6765149435954606
-0.4876999999999999,-0.6659046088464727
-0.4867,-0.6448254104784837
-0.48570000000000013,-0.6332247778195904
-0.4847,-0.6268585769701978
-0.48370000000000013,-0.615965299961237
-0.4827,-0.6087502723319252
-0.48170000000000013,-0.6059208497321952
-0.4807,-0.5961593417631265
-0.4797000000000001,-0.5885199007438553
-0.4787,-0.5756460279150835
-0.4777000000000001,-0.5687139425457448
-0.4767,-0.5711189517555153
-0.4757000000000001,-0.5619233283063926
-0.4747,-0.5540009450271484
-0.4737000000000001,-0.5411270721983766
-0.4727,-0.5350438136089569
-0.4717000000000001,-0.5313655642293078
-0.4707,-0.5237261232100366
-0.4697000000000001,-0.5115596060311972
-0.4687,-0.5061837030917101
-0.4677000000000001,-0.4992516177223714
-0.4667,-0.4937342436528978
-0.4657000000000001,-0.4859533315036401
-0.4647,-0.47675770805451734
-0.4637000000000001,-0.4667132578254756
-0.4627,-0.46459119087567796
-0.4617000000000001,-0.4586494034162448
-0.4607,-0.4527076159568117
-0.4597000000000001,-0.4442193481576215
-0.4587,-0.43318460001867426
-0.4577000000000001,-0.43304312888868773
-0.4567,-0.42568663012938956
-0.4557000000000001,-0.4307795908089037
-0.4547,-0.4299307640289846
-0.4537000000000001,-0.41465188199044223
-0.4527,-0.40008035560183236
-0.4517000000000001,-0.40092918238175135
-0.4507,-0.39640210622218325
-0.4497000000000001,-0.3913091455426691
-0.4487,-0.39215797232258814
-0.4477000000000001,-0.3799914551437488
-0.4467,-0.37518143672420773
-0.4457000000000001,-0.3625905061554089
-0.4447,-0.36244903502542236
-0.4437000000000001,-0.3637222751953009
-0.4427,-0.3528289981863401
-0.4417000000000001,-0.3464627973369475
-0.4407,-0.34858486428674507
-0.4397000000000001,-0.34136983665743337
-0.4387,-0.33613540484793275
-0.4377000000000001,-0.3320327420783241
-0.4367,-0.3300521462585131
-0.4357000000000001,-0.3214224073293363
-0.4347,-0.3215638784593228
-0.4337000000000001,-0.32255417636922834
-0.4327,-0.31378296631006514
-0.4317000000000001,-0.31632944664982215
-0.43069999999999997,-0.3122267838802136
-0.4297000000000001,-0.3064264675507669
-0.42869999999999997,-0.3021823336511718
-0.4277000000000001,-0.29878702653149575
-0.42669999999999997,-0.29227935455211657
-0.4257000000000001,-0.28775227839254847
-0.42469999999999997,-0.2856302114427509
-0.4237000000000001,-0.2803957796332503
-0.42269999999999996,-0.2764345879936282
-0.4217000000000001,-0.27162456957408704
-0.42069999999999996,-0.26723896454450546
-0.4197000000000001,-0.2611557059550858
-0.41869999999999996,-0.25563833188561214
-0.41770000000000007,-0.2518186113759765
-0.41669999999999996,-0.24814036199632744
-0.41570000000000007,-0.2460182950465299
-0.41469999999999996,-0.24064239210704275
-0.41370000000000007,-0.2388032674172182
-0.41269999999999996,-0.23300295108777153
-0.41170000000000007,-0.2293247017081224
-0.41069999999999995,-0.2267782213683654
-0.40970000000000006,-0.2229585008587298
-0.40869999999999995,-0.2195631937390537
-0.40770000000000006,-0.21347993514963404
-0.40669999999999995,-0.211782281589796
-0.40570000000000006,-0.2073966765602144
-0.40469999999999995,-0.2044257828304978
-0.40370000000000006,-0.19933282215098366
-0.40269999999999995,-0.19791811085111863
-0.40170000000000006,-0.1931080924315775
-0.40069999999999995,-0.1922592656516585
-0.39970000000000006,-0.18744924723211737
-0.39869999999999994,-0.1854686514123063
-0.39770000000000005,-0.17995127734283267
-0.39669999999999994,-0.17599008570321056
-0.39570000000000005,-0.17132153841365594
-0.39469999999999994,-0.16905800033387192
-0.39370000000000005,-0.1697653559838044
-0.39269999999999994,-0.16467239530429026
-0.39170000000000005,-0.1629747417444522
-0.39069999999999994,-0.1626917994844792
-0.38970000000000005,-0.15929649236480314
-0.38869999999999993,-0.15193999360550495
-0.38770000000000004,-0.14684703292599083
-0.38669999999999993,-0.1434517258063147
-0.38570000000000004,-0.14144283576050634
-0.38469999999999993,-0.13967444663567508
-0.38370000000000004,-0.13739676144289234
-0.38269999999999993,-0.1350483406851164
-0.38170000000000004,-0.13560007809206379
-0.3806999999999999,-0.13296871507431476
-0.37970000000000004,-0.13101641348050105
-0.3786999999999999,-0.12944608393765086
-0.37770000000000004,-0.12677227958090595
-0.3766999999999999,-0.12520195003805573
-0.37570000000000003,-0.12271205815029328
-0.3746999999999999,-0.11975531153357535
-0.37370000000000003,-0.11787374550475484
-0.3726999999999999,-0.11630341596190466
-0.37170000000000003,-0.11385596541313814
-0.3706999999999999,-0.11113971971739729
-0.36970000000000003,-0.1096825670785363
-0.3686999999999999,-0.10673996757481702
-0.3677,-0.1041793401220613
-0.3666999999999999,-0.1023826567712327
-0.3657,-0.10074159166338927
-0.3646999999999999,-0.09878929006957551
-0.3637,-0.09629939818181305
-0.3626999999999999,-0.0947715099779588
-0.3617,-0.09301726796612615
-0.36070000000000013,-0.09139034997128137
-0.3597,-0.08956537239445547
-0.35870000000000013,-0.08803748419060124
-0.3577,-0.0864813017607497
-0.35670000000000013,-0.08399140987298723
-0.3557,-0.07810621086554868
-0.3547000000000001,-0.07616805638473358
-0.3537,-0.07340936934999676
-0.3527000000000001,-0.07390451830494953
-0.3517,-0.07189562825914117
-0.3507000000000001,-0.06973111997034764
-0.3497,-0.06922182390239626
-0.3487000000000001,-0.06933500080638545
-0.3477,-0.06787784816752446
-0.3467000000000001,-0.06677437335362973
-0.3457,-0.06489280732480923
-0.3447000000000001,-0.06383177384991046
-0.3437,-0.06337906623395365
-0.3427000000000001,-0.06103064547617768
-0.3417,-0.059488610159324794
-0.3407000000000001,-0.05972911108030186
-0.3397,-0.058102193085457055
-0.3387000000000001,-0.056149891491643296
-0.3377,-0.05558400697169729
-0.3367000000000001,-0.05448053215780257
-0.3357,-0.053348763117910536
-0.3347000000000001,-0.051863316253052245
-0.3337,-0.05064666453516831
-0.3327000000000001,-0.049458307043281684
-0.3317,-0.04846800913337616
-0.3307000000000001,-0.04730794586748682
-0.3297,-0.04613373548859885
-0.3287000000000001,-0.04527076159568117
-0.3277,-0.04370043205283098
-0.3267000000000001,-0.042922340837905214
-0.3257,-0.041550070877036126
-0.3247000000000001,-0.04078612677510901
-0.3237,-0.039696799074212925
-0.3227000000000001,-0.0385933242603182
-0.3217,-0.03764546768940863
-0.3207000000000001,-0.03652784576251525
-0.3197,-0.035749754547589475
-0.3187000000000001,-0.03467457395969205
-0.3177,-0.033797452953775724
-0.3167000000000001,-0.03284959638286615
-0.3157,-0.03198662248994848
-0.3147000000000001,-0.03110950148403216
-0.3137,-0.030175792026121234
-0.3127000000000001,-0.02946843637618871
-0.3117,-0.028775227839254847
-0.3107000000000001,-0.028336667336296688
-0.3097,-0.027148309844410055
-0.3087000000000001,-0.026511689759470786
-0.3077,-0.02591751101352747
-0.3067000000000001,-0.025224302476593602
-0.30569999999999997,-0.024446211261667832
-0.3047000000000001,-0.023498354690758262
-0.30369999999999997,-0.022974911509808196
-0.3027000000000001,-0.022111937616890523
-0.30169999999999997,-0.021560200209943158
-0.3007000000000001,-0.021008462802995797
-0.29969999999999997,-0.02042843117005113
-0.2987000000000001,-0.019664487068124008
-0.29769999999999996,-0.019353250582153703
-0.2967000000000001,-0.018702483384215783
-0.29569999999999996,-0.018221481542261674
-0.2947000000000001,-0.017641449909317007
-0.29369999999999996,-0.017089712502369642
-0.29270000000000007,-0.01646723953042903
-0.29169999999999996,-0.015873060784485714
-0.29070000000000007,-0.015222293586547794
-0.28969999999999996,-0.01469885040559773
-0.28870000000000007,-0.01403818022856076
-0.28769999999999996,-0.013647719909798009
-0.28670000000000007,-0.013271406704033909
-0.28569999999999995,-0.012838505046275208
-0.28470000000000006,-0.01226554696982987
-0.28369999999999995,-0.01173503023238048
-0.28270000000000006,-0.011484626332304368
-0.28169999999999995,-0.011037577561547015
-0.28070000000000006,-0.010563649276092229
-0.27969999999999995,-0.010325977777714903
-0.27870000000000006,-0.009726140186572127
-0.27769999999999995,-0.009529495315890887
-0.27670000000000006,-0.00894380483774676
-0.27569999999999995,-0.008553344518984013
-0.27470000000000006,-0.008106295748226659
-0.27369999999999994,-0.007841744735151899
-0.27270000000000005,-0.007268786658706558
-0.27169999999999994,-0.007199465805013172
-0.27070000000000005,-0.006821737887949208
-0.26969999999999994,-0.006502013134179708
-0.26870000000000005,-0.006319515376497119
-0.26769999999999994,-0.005593768479666355
-0.26670000000000005,-0.005510300512974318
-0.26569999999999994,-0.005272629014596992
-0.26470000000000005,-0.004812847842140855
-0.26369999999999993,-0.0045893234567621795
-0.26270000000000004,-0.0043233577323875515
-0.26169999999999993,-0.003904603187627501
-0.26070000000000004,-0.003611757948555439
-0.25969999999999993,-0.0035282899818634018
-0.25870000000000004,-0.002969479018416712
-0.25769999999999993,-0.00308124121110605
-0.25670000000000004,-0.002662486666345999
-0.2556999999999999,-0.0023979356532712374
-0.25470000000000004,-0.002188558380891212
-0.2536999999999999,-0.0017839509491298113
-0.25270000000000004,-0.001392924745847115
-0.2516999999999999,-0.0014911057100577487
-0.25070000000000003,-0.000988175842955728
-0.24969999999999992,-0.0011416720189910846
-0.24870000000000003,-0.0007787985705757027
-0.24769999999999992,-0.00048567038924366703
-0.24670000000000003,-0.0005694212981956773
-0.24569999999999992,5.862563626640712e-05
-0.24470000000000003,-0.00012282523505428248
-0.24369999999999992,0.00030982177467044303
-0.24270000000000003,0.00032382741653910686
-0.24169999999999991,0.0006448254104784837
-0.24070000000000003,0.0008682083247271731
-0.2396999999999999,0.0007983215865138403
-0.23870000000000002,0.0013705723073092475
-0.2376999999999999,0.0014684703292599081
-0.23670000000000002,0.0014124477617852526
-0.23570000000000013,0.0018037569073279217
-0.23470000000000002,0.0019282515017160448
-0.23370000000000013,0.0019565457277133454
-0.23270000000000002,0.0023059794187800095
-0.23170000000000013,0.002263538079784059
-0.23070000000000002,0.0025153566911600353
-0.22970000000000013,0.002905817009922785
-0.22870000000000001,0.0030869000563055102
-0.22770000000000012,0.0031845151359961976
-0.2267,0.0032411035879907992
-0.22570000000000012,0.0031434885083001115
-0.2247,0.0033387186676814866
-0.22370000000000012,0.0035905372790574633
-0.2227,0.003700884760446936
-0.22170000000000012,0.004078612677510901
-0.2207,0.003840941179133575
-0.21970000000000012,0.00420452198319889
-0.2187,0.004106906903508202
-0.21770000000000012,0.004497367222270952
-0.2167,0.0044690729962736505
-0.2157000000000001,0.004901974654032352
-0.2147,0.004971295507725739
-0.2137000000000001,0.005306582085793753
-0.2127,0.005083057700415077
-0.2117000000000001,0.005139646152409678
-0.2107,0.00541834427848309
-0.2097000000000001,0.005473518019177827
-0.2087,0.0056560157768604175
-0.2077000000000001,0.005558400697169729
-0.2067,0.005627721550863115
-0.2057000000000001,0.005725336630553804
-0.2047,0.005892272563937878
-0.2037000000000001,0.006172385401311155
-0.2027,0.006101649836317904
-0.2017000000000001,0.006186532514309805
-0.2007,0.006436936414385917
-0.1997000000000001,0.006255853368003192
-0.1987,0.006618019460768641
-0.1977000000000001,0.006534551494076604
-0.19669999999999999,0.006800517218451231
-0.1957000000000001,0.006841543846147317
-0.19469999999999998,0.006800517218451231
-0.1937000000000001,0.007148536198218029
-0.19269999999999998,0.006995747377832606
-0.1917000000000001,0.00713438908521938
-0.1907000000000001,0.007372060583596706
-0.1897000000000002,0.007343766357599406
-0.1887000000000001,0.007638026307971333
-0.1877000000000002,0.007553143629979431
-0.1867000000000001,0.0077497885006606705
-0.1857000000000002,0.007623879194972683
-0.1847000000000001,0.007581437855976732
-0.1837000000000002,0.007916724434044745
-0.18270000000000008,0.008042633739732736
-0.1817000000000002,0.008014339513735431
-0.18070000000000008,0.007945018660042047
-0.1797000000000002,0.008083660367428821
-0.17870000000000008,0.008349626091803447
-0.1777000000000002,0.008335478978804796
-0.17670000000000008,0.00851656202518752
-0.1757000000000002,0.00861417710487821
-0.17470000000000008,0.008321331865806147
-0.1737000000000002,0.008949463682946222
-0.17270000000000008,0.008725939297567546
-0.17170000000000019,0.008907022343950272
-0.17070000000000007,0.008935316569947572
-0.16970000000000018,0.008809407264259583
-0.16870000000000007,0.008977757908943524
-0.16770000000000018,0.009047078762636909
-0.16670000000000007,0.009006052134940823
-0.16570000000000018,0.009368218227706273
-0.16470000000000007,0.009354071114707622
-0.16370000000000018,0.009368218227706273
-0.16270000000000007,0.009632769240781035
-0.16170000000000018,0.009605889726083599
-0.16070000000000007,0.009744531433470371
-0.15970000000000018,0.009535154161090348
-0.15870000000000006,0.009758678546469023
-0.15770000000000017,0.009968055818849048
-0.15670000000000006,0.009927029191152962
-0.15570000000000017,0.010051523785541087
-0.15470000000000006,0.010191580204227724
-0.15370000000000017,0.010150553576531638
-0.15270000000000006,0.010205727317226375
-0.15170000000000017,0.01028919528391841
-0.15070000000000006,0.010541013895294387
-0.14970000000000017,0.010512719669297088
-0.14870000000000005,0.010526866782295738
-0.14770000000000016,0.010652776087983727
-0.14670000000000005,0.010638628974985076
-0.14570000000000016,0.010722096941677113
-0.14470000000000005,0.010917327101058487
-0.14370000000000016,0.011112557260439863
-0.14270000000000005,0.011000795067750525
-0.14170000000000016,0.01097391555305309
-0.14070000000000005,0.011126704373438514
-0.13970000000000016,0.010986647954751875
-0.13870000000000005,0.011280907905123802
-0.13770000000000016,0.01139267009781314
-0.13670000000000004,0.011252613679126503
-0.13570000000000015,0.011476138064505176
-0.13470000000000004,0.011713809562882503
-0.13370000000000015,0.01185245127026928
-0.13270000000000004,0.011824157044271977
-0.13170000000000015,0.011811424642573193
-0.13070000000000004,0.011978360575957265
-0.12970000000000015,0.011838304157270628
-0.12870000000000004,0.012201884961335941
-0.12770000000000015,0.012230179187333243
-0.12670000000000003,0.012257058702030678
-0.12570000000000014,0.012411262233715966
-0.12470000000000003,0.01259234528009869
-0.12370000000000014,0.012299500041026628
-0.12270000000000003,0.012858311004473318
-0.12170000000000014,0.01259234528009869
-0.12070000000000003,0.012899337632169404
-0.11970000000000014,0.012773428326481416
-0.11870000000000003,0.012955926084164005
-0.11770000000000014,0.013011099824858742
-0.11670000000000003,0.012941778971165356
-0.11570000000000014,0.012927631858166705
-0.11470000000000002,0.013192182871241466
-0.11370000000000013,0.013346386402926756
-0.11270000000000002,0.01352746944930948
-0.11170000000000013,0.013736846721689507
-0.11070000000000024,0.013596790303002869
-0.10970000000000013,0.013722699608690856
-0.10870000000000024,0.013779288060685456
-0.10770000000000013,0.013834461801380194
-0.10670000000000024,0.013820314688381543
-0.10570000000000013,0.014189554337646317
-0.10470000000000024,0.01390378265507358
-0.10370000000000013,0.014331025467632824
-0.10270000000000024,0.014514937936615275
-0.10170000000000012,0.014401761032626074
-0.10070000000000023,0.014628114840604478
-0.09970000000000012,0.014486643710617976
-0.09870000000000023,0.014925204213576137
-0.09770000000000012,0.014995939778569388
-0.09670000000000023,0.014868615761581536
-0.09570000000000012,0.015109116682558592
-0.09470000000000023,0.015024234004566688
-0.09370000000000012,0.015222293586547794
-0.09270000000000023,0.015533530072518101
-0.09170000000000011,0.015448647394526203
-0.09070000000000022,0.015420353168528897
-0.08970000000000011,0.015660854089505957
-0.08870000000000022,0.015491088733522153
-0.08770000000000011,0.015957943462477614
-0.08670000000000022,0.016028679027470863
-0.08570000000000011,0.016226738609451972
-0.08470000000000022,0.016127708818461418
-0.08370000000000011,0.016438945304431726
-0.08270000000000022,0.01650968086942498
-0.0817000000000001,0.01670774045140608
-0.08070000000000022,0.01673603467740338
-0.0797000000000001,0.01673603467740338
-0.07870000000000021,0.017160448067362895
-0.0777000000000001,0.017089712502369642
-0.07670000000000021,0.01728777208435075
-0.0757000000000001,0.0173868018753413
-0.07470000000000021,0.017542420118326456
-0.0737000000000001,0.017797068152302163
-0.07270000000000021,0.01781121526530081
-0.0717000000000001,0.01781121526530081
-0.07070000000000021,0.018150745977268422
-0.0697000000000001,0.018306364220253574
-0.0687000000000002,0.018362952672248176
-0.0677000000000001,0.018631747819222534
-0.0667000000000002,0.01856101225422928
-0.06570000000000009,0.018843954514202284
-0.0647000000000002,0.01891469007919554
-0.06370000000000009,0.018942984305192843
-0.0627000000000002,0.019042014096183394
-0.06170000000000009,0.019466427486142905
-0.0607000000000002,0.019537163051136158
-0.059700000000000086,0.01973522263311726
-0.058700000000000196,0.019622045729128058
-0.057700000000000085,0.019947429328097017
-0.056700000000000195,0.02007475334508487
-0.05570000000000008,0.020216224475071376
-0.05470000000000019,0.020400136944053827
-0.05370000000000008,0.020499166735044382
-0.05270000000000019,0.020697226317025485
-0.05170000000000008,0.020767961882018737
-0.05070000000000019,0.020980168576998495
-0.04970000000000008,0.02124896372397285
-0.04870000000000019,0.021319699288966102
-0.047700000000000076,0.021461170418952607
-0.046700000000000186,0.021602641548939108
-0.045700000000000074,0.021645082887935062
-0.044700000000000184,0.02197046648690402
-0.04370000000000007,0.022154378955886473
-0.04270000000000018,0.02226755585987568
-0.04170000000000007,0.022140231842887825
-0.04070000000000018,0.022465615441856785
-0.03970000000000007,0.022536351006850038
-0.03870000000000018,0.02276270481482844
-0.03770000000000007,0.023031499961802798
-0.03670000000000018,0.02310223552679605
-0.035700000000000065,0.023441766238763657
-0.034700000000000175,0.023371030673770405
-0.03370000000000006,0.023625678707746112
-0.03270000000000017,0.02359738448174881
-0.03170000000000006,0.02389447385472047
-0.03070000000000017,0.024064239210704275
-0.02970000000000006,0.02433303435767863
-0.02870000000000017,0.024149121888696175
-0.027700000000000058,0.024630123730650287
-0.026700000000000168,0.024502799713662437
-0.025700000000000056,0.0250262428946125
-0.024700000000000166,0.024771594860636792
-0.023700000000000054,0.025139419798601705
-0.022700000000000164,0.025295038041586858
-0.021700000000000053,0.02553553896256391
-0.020700000000000163,0.02554968607556256
-0.01970000000000005,0.02590336390052882
-0.01870000000000016,0.02573359854454502
-0.01770000000000005,0.026016540804518026
-0.01670000000000016,0.026341924403486983
-0.015700000000000047,0.026384365742482933
-0.014700000000000157,0.026398512855481584
-0.013700000000000045,0.02662486666345999
-0.012700000000000156,0.0269643973754276
-0.011700000000000044,0.0270209858274222
-0.010700000000000154,0.027374663652388463
-0.009700000000000042,0.02768590013835877
-0.008700000000000152,0.027813224155346622
-0.00770000000000004,0.02774248859035337
-0.00670000000000015,0.028039577963325023
-0.005700000000000038,0.028011283737327728
-0.0047000000000001485,0.028336667336296688
-0.0037000000000000366,0.02849228557928184
-0.0027000000000001467,0.028690345161262943
-0.0017000000000000348,0.028690345161262943
-0.000700000000000145,0.02894499319523865
0.00029999999999996696,0.02888840474324405
0.0012999999999998568,0.029171347003217055
0.0022999999999999687,0.029553319054180613
0.0032999999999998586,0.029652348845171168
0.0042999999999999705,0.03002017378313608
0.00529999999999986,0.029836261314153626
0.006299999999999972,0.030288968930110433
0.007299999999999862,0.030246527591114486
0.008299999999999974,0.030600205416080745
0.009299999999999864,0.030812412111060502
0.010299999999999976,0.030968030354045658
0.011299999999999866,0.030883147676053754
0.012299999999999978,0.031420737970002464
0.013299999999999867,0.027063427166418155
0.012299999999999978,0.02373885561173532
0.011299999999999866,0.02163093577493641
0.010299999999999976,0.019919135102099715
0.009299999999999864,0.018108304638272472
0.008299999999999974,0.016693593338407434
0.007299999999999862,0.015604265637511355
0.006299999999999972,0.014543232162612576
0.00529999999999986,0.013275650837933504
0.0042999999999999705,0.012494730200408003
0.0032999999999998586,0.011559606031197215
0.0022999999999999687,0.010722096941677113
0.0012999999999998568,0.009829414111462275
0.00029999999999996696,0.00906122587563556
-0.000700000000000145,0.008363773204802099
-0.0017000000000000348,0.007693200048666069
-0.0027000000000001467,0.00713438908521938
-0.0037000000000000366,0.006325174221696579
-0.0047000000000001485,0.006046476095623166
-0.005700000000000038,0.005473518019177827
-0.00670000000000015,0.005054763474417776
-0.00770000000000004,0.004511514335269602
-0.008700000000000152,0.003995144710818863
-0.009700000000000042,0.003533948827062861
-0.010700000000000154,0.0031434885083001115
-0.011700000000000044,0.0025988246578520723
-0.012700000000000156,0.00232012653177866
-0.013700000000000045,0.0020400136944053833
-0.014700000000000157,0.0015377911829532948
-0.015700000000000047,0.0013008270402259012
-0.01670000000000016,0.0008820724954658504
-0.01770000000000005,0.0007704517739064989
-0.01870000000000016,0.0005191990470504685
-0.01970000000000005,0.00010048694362941355
-0.020700000000000163,-0.000192683679041618
-0.021700000000000053,-0.0005694212981956773
-0.022700000000000164,-0.0008904192921350541
-0.023700000000000054,-0.0010719267519077383
-0.024700000000000166,-0.0012254229279430946
-0.025700000000000056,-0.0014069303877157788
-0.026700000000000168,-0.0018249775768258974
-0.027700000000000058,-0.001950886882513886
-0.02870000000000017,-0.002286173460581899
-0.02970000000000006,-0.0024814036199632744
-0.03070000000000017,-0.0028449844240285888
-0.03170000000000006,-0.0028718639387260245
-0.03270000000000017,-0.003054361696408614
-0.03370000000000006,-0.0032212976297926886
-0.034700000000000175,-0.003611757948555439
-0.035700000000000065,-0.00366834640055004
-0.03670000000000018,-0.0039470445266234526
-0.03770000000000007,-0.0041564217990034775
-0.03870000000000018,-0.004408240410379454
-0.03970000000000007,-0.004520002603068793
-0.04070000000000018,-0.004715232762450167
-0.04170000000000007,-0.004812847842140855
-0.04270000000000018,-0.00505051934051818
-0.04370000000000007,-0.005412685433283631
-0.044700000000000184,-0.005245749499899557
-0.045700000000000074,-0.005691383559357043
-0.046700000000000186,-0.005705530672355693
-0.047700000000000076,-0.005776266237348945
-0.04870000000000019,-0.0059856435097289705
-0.04970000000000008,-0.00639025094149037
-0.05070000000000019,-0.00639025094149037
-0.05170000000000008,-0.006585481100871746
-0.05270000000000019,-0.006654801954565132
-0.05370000000000008,-0.006809005486250421
-0.05470000000000019,-0.007004235645631797
-0.05570000000000008,-0.007101850725322484
-0.056700000000000195,-0.007394695964394547
-0.057700000000000085,-0.007575779010777272
-0.058700000000000196,-0.0074498697050892826
-0.059700000000000086,-0.007464016818087934
-0.0607000000000002,-0.00809214863522801
-0.06170000000000009,-0.007925212701843936
-0.0627000000000002,-0.008189763714918696
-0.06370000000000009,-0.0082746463929106
-0.0647000000000002,-0.008441582326294673
-0.06570000000000009,-0.008510903179988061
-0.0667000000000002,-0.00869340093767065
-0.0677000000000001,-0.008679253824672
-0.0687000000000002,-0.009209770562121388
-0.0697000000000001,-0.008972099063744063
-0.07070000000000021,-0.009013125691440148
-0.0717000000000001,-0.009264944302816125
-0.07270000000000021,-0.009557789541888188
-0.0737000000000001,-0.009781313927266864
-0.07470000000000021,-0.009893076119956202
-0.0757000000000001,-0.009907223232954851
-0.07670000000000021,-0.01000483831264554
-0.0777000000000001,-0.010088306279337576
-0.07870000000000021,-0.010214215585025565
-0.0797000000000001,-0.01053535505009493
-0.08070000000000022,-0.010325977777714903
-0.0817000000000001,-0.010730585209476303
-0.08270000000000022,-0.010758879435473602
-0.08370000000000011,-0.010995136222551065
-0.08470000000000022,-0.010883374029861727
-0.08570000000000011,-0.011106898415240403
-0.08670000000000022,-0.01120451349493109
-0.08770000000000011,-0.01137286413961503
-0.08870000000000022,-0.011539800072999104
-0.08970000000000011,-0.011708150717683045
-0.09070000000000022,-0.011428037880309766
-0.09170000000000011,-0.011958554617759154
-0.09270000000000023,-0.012042022584451192
-0.09370000000000012,-0.012015143069753757
-0.09470000000000023,-0.012489071355208544
-0.09570000000000012,-0.012279694082828519
-0.09670000000000023,-0.012446630016212592
-0.09770000000000012,-0.012545659807203145
-0.09870000000000023,-0.012781916594280606
-0.09970000000000012,-0.01274088996658452
-0.10070000000000023,-0.01310305605934997
-0.10170000000000012,-0.01296299964066333
-0.10270000000000024,-0.01313135028534727
-0.10370000000000013,-0.013271406704033909
-0.10470000000000024,-0.013633572796799357
-0.10570000000000013,-0.013395901298422032
-0.10670000000000024,-0.013745334989488696
-0.10770000000000013,-0.013605278570802059
-0.10870000000000024,-0.013968859374867372
-0.10970000000000013,-0.014024033115562108
-0.11070000000000024,-0.013814655843182085
-0.11170000000000013,-0.01394056514887007
-0.11270000000000002,-0.01424614278964092
-0.11370000000000013,-0.014514937936615275
-0.11470000000000002,-0.014628114840604478
-0.11570000000000014,-0.014727144631595034
-0.11670000000000003,-0.014812027309586936
-0.11770000000000014,-0.014854468648582884
-0.11870000000000003,-0.014925204213576137
-0.11970000000000014,-0.015179852247551842
-0.12070000000000003,-0.015080822456561293
-0.12170000000000014,-0.015491088733522153
-0.12270000000000003,-0.015392058942531598
-0.12370000000000014,-0.015575971411514053
-0.12470000000000003,-0.015392058942531598
-0.12570000000000014,-0.015774030993495156
-0.12670000000000003,-0.015929649236480315
-0.12770000000000015,-0.015943796349478963
-0.12870000000000004,-0.016127708818461418
-0.12970000000000015,-0.016170150157457368
-0.13070000000000004,-0.01646723953042903
-0.13170000000000015,-0.016170150157457368
-0.13270000000000004,-0.01660871066041553
-0.13370000000000015,-0.01652382798242363
-0.13470000000000004,-0.016849211581392583
-0.13570000000000015,-0.016637004886412832
-0.13670000000000004,-0.01699068271137909
-0.13770000000000016,-0.016948241372383138
-0.13870000000000005,-0.017103859615368294
-0.13970000000000016,-0.017047271163373692
-0.14070000000000005,-0.017358507649344
-0.14170000000000016,-0.01734436053634535
-0.14270000000000005,-0.017471684553333203
-0.14370000000000016,-0.01769803836131161
-0.14470000000000005,-0.01772633258730891
-0.14570000000000016,-0.018108304638272472
-0.14670000000000005,-0.018009274847281917
-0.14770000000000016,-0.018080010412275173
-0.14870000000000005,-0.018235628655260322
-0.14970000000000017,-0.01816489309026707
-0.15070000000000006,-0.018249775768258973
-0.15170000000000017,-0.01849027668923603
-0.15270000000000006,-0.01851857091523333
-0.15370000000000017,-0.018801513175206338
-0.15470000000000006,-0.018759071836210388
-0.15570000000000017,-0.01887224874019959
-0.15670000000000006,-0.019084455435179344
-0.15770000000000017,-0.019084455435179344
-0.15870000000000006,-0.01928251501716045
-0.15970000000000018,-0.019452280373144254
-0.16070000000000007,-0.01933910346915505
-0.16170000000000018,-0.019791811085111865
-0.16270000000000007,-0.019523015938137503
-0.16370000000000018,-0.01969278129412131
-0.16470000000000007,-0.019820105311109164
-0.16570000000000018,-0.019961576441095665
-0.16670000000000007,-0.02008890045808352
-0.16770000000000018,-0.020315254266061927
-0.16870000000000007,-0.02011719468408082
-0.16970000000000018,-0.020513313848043033
-0.17070000000000007,-0.02038598983105518
-0.17170000000000019,-0.020810403221014687
-0.17270000000000008,-0.02079625610801604
-0.1737000000000002,-0.020810403221014687
-0.17470000000000008,-0.020824550334013342
-0.1757000000000002,-0.021036757028993096
-0.17670000000000008,-0.021291405062968803
-0.1777000000000002,-0.021305552175967454
-0.17870000000000008,-0.021305552175967454
-0.1797000000000002,-0.021347993514963404
-0.18070000000000008,-0.02163093577493641
-0.1817000000000002,-0.02158849443594046
-0.18270000000000008,-0.02163093577493641
-0.1837000000000002,-0.021913878034909417
-0.1847000000000001,-0.022154378955886473
-0.1857000000000002,-0.021758259791924264
-0.1867000000000001,-0.022239261633878377
-0.1877000000000002,-0.022154378955886473
-0.1887000000000001,-0.022508056780852735
-0.1897000000000002,-0.022536351006850038
-0.1907000000000001,-0.022592939458844635
-0.1917000000000001,-0.022847587492820343
-0.19269999999999998,-0.02287588171881764
-0.1937000000000001,-0.023116382639794698
-0.19469999999999998,-0.023017352848804146
-0.1957000000000001,-0.023172971091789302
-0.19669999999999999,-0.02352664891675556
-0.1977000000000001,-0.023342736447773106
-0.1987,-0.023639825820744764
-0.1997000000000001,-0.023625678707746112
-0.2007,-0.023753002724733966
-0.2017000000000001,-0.023753002724733966
-0.2027,-0.02389447385472047
-0.2037000000000001,-0.024149121888696175
-0.2047,-0.02426229879268538
-0.2057000000000001,-0.02453109393965974
-0.2067,-0.024460358374666487
-0.2077000000000001,-0.02468671218264489
-0.2087,-0.024460358374666487
-0.2097000000000001,-0.024842330425630044
-0.2107,-0.024884771764625994
-0.2117000000000001,-0.02512527268560305
-0.2127,-0.02537992071957876
-0.2137000000000001,-0.025295038041586858
-0.2147,-0.025422362058574708
-0.2157000000000001,-0.02576189277054232
-0.2167,-0.02594580523952477
-0.21770000000000012,-0.025931658126526123
-0.2187,-0.02632777729048833
-0.21970000000000012,-0.026115570595508578
-0.2207,-0.026341924403486983
-0.22170000000000012,-0.026412659968480235
-0.2227,-0.026539983985468085
-0.22370000000000012,-0.02682292624544109
-0.2247,-0.026808779132442447
-0.22570000000000012,-0.026992691601424906
-0.2267,-0.027289780974396556
-0.22770000000000012,-0.02723319252240196
-0.22870000000000001,-0.027601017460366868
-0.22970000000000013,-0.02750198766937631
-0.23070000000000002,-0.02782737126834527
-0.23170000000000013,-0.027926401059335824
-0.23270000000000002,-0.028237637545306133
-0.23370000000000013,-0.028124460641316927
-0.23470000000000002,-0.028407402901289937
-0.23570000000000013,-0.028633756709268345
-0.23670000000000002,-0.028662050935265648
-0.2376999999999999,-0.02894499319523865
-0.23870000000000002,-0.028860110517246747
-0.2396999999999999,-0.029242082568210308
-0.24070000000000003,-0.02945428926319007
-0.24169999999999991,-0.02973723152316307
-0.24270000000000003,-0.02986455554015093
-0.24369999999999992,-0.03011920357412663
-0.24470000000000003,-0.03018993913911988
-0.24569999999999992,-0.030571911190083446
-0.24670000000000003,-0.03047288139909289
-0.24769999999999992,-0.03055776407708479
-0.24870000000000003,-0.031024618806040256
-0.24969999999999992,-0.031222678388021355
-0.25070000000000003,-0.031194384162024056
-0.2516999999999999,-0.031731974455972776
-0.25270000000000004,-0.03176026868197007
-0.2536999999999999,-0.03231200608891744
-0.25470000000000004,-0.03231200608891744
-0.2556999999999999,-0.0326656839138837
-0.25670000000000004,-0.03284959638286615
-0.25769999999999993,-0.03293447906085806
-0.25870000000000004,-0.03338718667681487
-0.25969999999999993,-0.03361354048479327
-0.26070000000000004,-0.03367012893678788
-0.26169999999999993,-0.03413698366574334
-0.26270000000000004,-0.034193572117737936
-0.26369999999999993,-0.0347736037506826
-0.26470000000000005,-0.035028251784658314
-0.26569999999999994,-0.03524045847963807
-0.26670000000000005,-0.03569316609559487
-0.26769999999999994,-0.036018549694563834
-0.26870000000000005,-0.036117579485554385
-0.26969999999999994,-0.036471257310520644
-0.27070000000000005,-0.0368249351354869
-0.27169999999999994,-0.03705128894346531
-0.27270000000000005,-0.03748984944642347
-0.27369999999999994,-0.03774449748039918
-0.27470000000000006,-0.03821135220935464
-0.27569999999999995,-0.03833867622634249
-0.27670000000000006,-0.03897529631128176
-0.27769999999999995,-0.039088473215270966
-0.27870000000000006,-0.03975338752620753
-0.27969999999999995,-0.04010706535117379
-0.28070000000000006,-0.0406163614191252
-0.28169999999999995,-0.04091345079209686
-0.28270000000000006,-0.04128127573006177
-0.28369999999999995,-0.04150762953804018
-0.28470000000000006,-0.04194619004099834
-0.28569999999999995,-0.0424130447699538
-0.28670000000000007,-0.043106253306887665
-0.28769999999999996,-0.043290165775870124
-0.28870000000000007,-0.043856050295816136
-0.28969999999999996,-0.044308757911772946
-0.29070000000000007,-0.04488878954471761
-0.29169999999999996,-0.04538393849967037
-0.29270000000000007,-0.04597811724561369
-0.29369999999999996,-0.046416677748571854
-0.2947000000000001,-0.046996709381516524
-0.29569999999999996,-0.047534299675465234
-0.2967000000000001,-0.048199213986401805
-0.29769999999999996,-0.04852459758537076
-0.2987000000000001,-0.049288541687297883
-0.29969999999999997,-0.049925161772237145
-0.3007000000000001,-0.050476899179184506
-0.30169999999999997,-0.05138231441109813
-0.3027000000000001,-0.051721845123065734
-0.30369999999999997,-0.05247164211199421
-0.3047000000000001,-0.05332046889191323
-0.30569999999999997,-0.05398538320284981
-0.3067000000000001,-0.05470688596578097
-0.3077,-0.05523032914673103
-0.3087000000000001,-0.05588109634466895
-0.3097,-0.056843100028577176
-0.3107000000000001,-0.057295807644533986
-0.3117,-0.05851245936241791
-0.3127000000000001,-0.05919152078635314
-0.3137,-0.0599979062272762
-0.3147000000000001,-0.060606232086218174
-0.3157,-0.06122870505815879
-0.3167000000000001,-0.06243120966304407
-0.3177,-0.06336491912095499
-0.3187000000000001,-0.06417130456187807
-0.3197,-0.0653596620537647
-0.3207000000000001,-0.06585481100871747
-0.3217,-0.06695828582261219
-0.3227000000000001,-0.06776467126353526
-0.3237,-0.06875496917344079
-0.3247000000000001,-0.06977356130934362
-0.3257,-0.07080630055824509
-0.3267000000000001,-0.07213612918011822
-0.3277,-0.07292836750804264
-0.3287000000000001,-0.07432893169490903
-0.3297,-0.0754748478477997
-0.3307000000000001,-0.0767622351306769
-0.3317,-0.07780912149257702
-0.3327000000000001,-0.07913895011445016
-0.3337,-0.08014339513735433
-0.3347000000000001,-0.08151566509822342
-0.3357,-0.08252011012112759
-0.3367000000000001,-0.08400555698598587
-0.3377,-0.08526465004286575
-0.3387000000000001,-0.08646715464775104
-0.3397,-0.08776868904362688
-0.3407000000000001,-0.08935316569947571
-0.3417,-0.09062640586935425
-0.3427000000000001,-0.09205526428221794
-0.3437,-0.09382365340704923
-0.3447000000000001,-0.09523836470691427
-0.3457,-0.09703504805774286
-0.3467000000000001,-0.0984214651316106
-0.3477,-0.10002008890045809
-0.3487000000000001,-0.10153382999131368
-0.3497,-0.10331636622914364
-0.3507000000000001,-0.10456131217302486
-0.3517,-0.10651361376683861
-0.3527000000000001,-0.1080839433096888
-0.3537,-0.10983818532152145
-0.3547000000000001,-0.11118216105639324
-0.3557,-0.11290810884222857
-0.35670000000000013,-0.11487455754904098
-0.3577,-0.11647318131788847
-0.35870000000000013,-0.11838304157270628
-0.3597,-0.12010898935854163
-0.36070000000000013,-0.12214617363034727
-0.3617,-0.12448044727512457
-0.3626999999999999,-0.12624883639995585
-0.3637,-0.127904048620798
-0.3646999999999999,-0.13016758670058204
-0.3657,-0.13213403540739443
-0.3666999999999999,-0.13449660327816904
-0.3677,-0.1367601413579531
-0.3686999999999999,-0.1391792976807223
-0.36970000000000003,-0.14161260111649018
-0.3706999999999999,-0.1435931969363012
-0.37170000000000003,-0.1458567350160853
-0.3726999999999999,-0.14812027309586934
-0.37370000000000003,-0.1506667534356264
-0.3746999999999999,-0.15165705134553195
-0.37570000000000003,-0.1540620605553025
-0.3766999999999999,-0.15632559863508652
-0.37770000000000004,-0.1584476655848841
-0.3786999999999999,-0.16071120366466815
-0.37970000000000004,-0.16424798191433077
-0.3806999999999999,-0.16750181790402036
-0.38170000000000004,-0.16990682711379093
-0.38269999999999993,-0.17174595180361546
-0.38370000000000004,-0.17429243214337253
-0.38469999999999993,-0.1783950949129811
-0.38570000000000004,-0.18023421960280567
-0.38669999999999993,-0.18334658446250876
-0.38770000000000004,-0.18645894932221183
-0.38869999999999993,-0.19027866983184744
-0.38970000000000005,-0.1933910346915505
-0.39069999999999994,-0.19579604390132105
-0.39170000000000005,-0.19890840876102414
-0.39269999999999994,-0.20187930249074074
-0.39370000000000005,-0.20598196526034934
-0.39469999999999994,-0.2086699167300929
-0.39570000000000005,-0.2119237527197825
-0.39669999999999994,-0.21461170418952608
-0.39770000000000005,-0.21828995356917516
-0.39869999999999994,-0.22168526068885125
-0.39970000000000006,-0.22578792345845985
-0.40069999999999995,-0.22960764396809544
-0.40170000000000006,-0.232578537697812
-0.40269999999999995,-0.2385203251572452
-0.40370000000000006,-0.24531093939659734
-0.40469999999999995,-0.24814036199632744
-0.40570000000000006,-0.251960082505963
-0.40669999999999995,-0.25634568753554465
-0.40770000000000006,-0.2607312925651262
-0.40869999999999995,-0.2649754264647214
-0.40970000000000006,-0.2697854448842625
-0.41069999999999995,-0.2737466365238846
-0.41170000000000007,-0.2774248859035337
-0.41269999999999996,-0.2819519620631018
-0.41370000000000007,-0.28619609596269696
-0.41469999999999996,-0.29044022986229207
-0.41570000000000007,-0.2944014215019141
-0.41669999999999996,-0.2996358533114148
-0.41770000000000007,-0.3050117562509019
-0.41869999999999996,-0.30897294789052404
-0.4197000000000001,-0.31265119727017304
-0.42069999999999996,-0.31477326421997065
-0.4217000000000001,-0.32029063828944426
-0.42269999999999996,-0.32708125252879644
-0.4237000000000001,-0.3323156843382971
-0.42469999999999997,-0.33811600066774383
-0.4257000000000001,-0.3434919036072309
-0.42669999999999997,-0.3473116241168665
-0.4277000000000001,-0.3525460559263671
-0.42869999999999997,-0.3570731320859353
-0.4297000000000001,-0.36442963084523344
-0.43069999999999997,-0.36966406265473406
-0.4317000000000001,-0.3750399655942212
-0.4327,-0.3802743974037219
-0.4337000000000001,-0.38607471373316854
-0.4347,-0.39272385684253414
-0.4357000000000001,-0.3985241731719808
-0.4367,-0.40573920080129255
-0.4377000000000001,-0.406729498711198
-0.4387,-0.4147933531204288
-0.4397000000000001,-0.41818866024010487
-0.4407,-0.4245548610894975
-0.4417000000000001,-0.4319113598487957
-0.4427,-0.4385605029581614
-0.4437000000000001,-0.44450229041759454
-0.4447,-0.4470487707573516
-0.4457000000000001,-0.45100996239697366
-0.4467,-0.4579420477663123
-0.4477000000000001,-0.4594982301961639
-0.4487,-0.46444971974569155
-0.4497000000000001,-0.46968415155519216
-0.4507,-0.47463564110471984
-0.4517000000000001,-0.48368979342385604
-0.4527,-0.48439714907378856
-0.4537000000000001,-0.48708510054353216
-0.4547,-0.49613925286266836
-0.4557000000000001,-0.505051934051818
-0.4567,-0.5155207976708194
-0.4577000000000001,-0.5388635341185926
-0.4587,-0.5480591575677152
-0.4597000000000001,-0.5581036077967569
-0.4607,-0.5537180027671754
-0.4617000000000001,-0.5610745015264736
-0.4627,-0.5650356931660957
-0.4637000000000001,-0.5784754505148135
-0.4647,-0.5879540162239093
-0.4657000000000001,-0.600262004532735
-0.4667,-0.594886101593248
-0.4677000000000001,-0.5995546488828025
-0.4687,-0.6094576279818578
-0.4697000000000001,-0.6241706255004541
-0.4707,-0.6308197686098198
-0.4717000000000001,-0.638176267369118
-0.4727,-0.6596798791270665
-0.4737000000000001,-0.6554357452274714
-0.4747,-0.6667534356263918
-0.4757000000000001,-0.6820323176649342
-0.4767,-0.6814664331449882
-0.4777000000000001,-0.6834470289647994
-0.4787,-0.7056579963726802
-0.4797000000000001,-0.715985388861695
-0.4807,-0.7258883679607504
-0.48170000000000013,-0.7280104349105478
-0.4827,-0.7306983863802915
-0.48370000000000013,-0.7471090374587258
-0.4847,-0.7565876031678217
-0.48570000000000013,-0.7609732081974032
-0.4867,-0.7799303396155948
-0.4876999999999999,-0.7966239329540021
-0.4887,-0.8000192400736782
-0.4896999999999999,-0.810346632562693
-0.4907,-0.8131760551624231
-0.4916999999999999,-0.8116198727325715
-0.4927,-0.8174201890620182
-0.4936999999999999,-0.8310014175407225
-0.49470000000000003,-0.8492511933089816
-0.4956999999999999,-0.8625494795277129
-0.49670000000000003,-0.8731598142767006
-0.4976999999999999,-0.8675009690772405
-0.49870000000000003,-0.8945219549046627
-0.4996999999999999,-0.9103667214631512
-0.5007,-0.9109326059830971
-0.5016999999999999,-0.9284750261014234
-0.5027,-0.942622139100074
-0.5036999999999999,-0.9446027349198849
-0.5047,-0.9591742613084948
-0.5056999999999999,-0.9744531433470374
-0.5067,-1.0054353208140816
-0.5076999999999999,-1.0113771082735146
-0.5087,-1.0168944823429882
-0.5096999999999999,-1.022128914152489
-0.5107,-1.0218459718925161
-0.5116999999999999,-1.0371248539310585
-0.5127,-1.0441984104303836
-0.5136999999999999,-1.0259486346621245
-0.5147,-1.0557990430892767
-0.5156999999999999,-1.0591943502089531
-0.5167,-1.072917049817644
-0.5176999999999999,-1.1140851486437164
-0.5187,-1.1232807720928393
-0.5196999999999999,-1.1436526148108959
-0.5207,-1.139267009781314
-0.5216999999999999,-1.1542629495598833
-0.5227,-1.1596388524993706
-0.5236999999999999,-1.2057584408749709
-0.5247,-1.1996751822855511
-0.5257,-1.2211787940434997
-0.5267000000000001,-1.257819816710004
-0.5277,-1.269278978238911
-0.5287000000000001,-1.292621714686684
-0.5297,-1.311720317234862
-0.5307000000000001,-1.3395901298422033
-0.5317,-1.3124276728847946
-0.5327000000000001,-1.3226135942438229
-0.5337,-1.3388827741922709
-0.5347000000000001,-1.3438342637417984
-0.5357,-1.3803338152783162
-0.5367000000000001,-1.4175407224647667
-0.5377,-1.4458349484620676
-0.5387000000000001,-1.4401761032626073
-0.5397,-1.4458349484620676
-0.5407000000000001,-1.4486643710617975
-0.5417,-1.4557379275611226
-0.5427000000000001,-1.4925204213576138
-0.5437,-1.53920589425316
-0.5447000000000001,-1.5604265637511354
-0.5457,-1.546279450752485
-0.5467000000000001,-1.587306078448571
-0.5477,-1.5915502123481662
-0.5487000000000001,-1.6240885722450622
-0.5497,-1.6283327061446573
-0.5507000000000001,-1.658041643441823
-0.5517,-1.6693593338407433
-0.5527000000000001,-1.6637004886412832
-0.5537,-1.7160448067362895
-0.5547000000000001,-1.7556567231325106
-0.5557,-1.774047970030756
-0.5567000000000001,-1.7980980621284617
-0.5577,-1.8065863299276517
-0.5587000000000001,-1.847612957623738
-0.5597,-1.8645894932221183
-0.5607000000000001,-1.897127853119014
-0.5617,-1.9126896774175295
-0.5627000000000001,-1.9466427486142908
-0.5637,-1.9579604390132106
-0.5647000000000001,-1.9183485226169896
-0.5657,-1.993328221509837
-0.5667000000000001,-2.045672539604843
-0.5677,-2.0598196526034935
-0.5687000000000001,-2.079625610801604
-0.5697,-2.1404581966958003
-0.5707000000000001,-2.158849443594046
-0.5717,-2.171581845292831
-0.5727000000000001,-2.105090414199175
-0.5737,-2.1885583808912115
-0.5747000000000001,-2.181484824391887
-0.5757,-2.2550498119848683
-0.5767000000000001,-2.298905862280684
-0.5777,-2.307394130079875
-0.5787000000000001,-2.362567870774611
-0.5797,-2.3441766238763657
-0.5807000000000001,-2.412082766269888
-0.5817,-2.460182950465299
-0.5827000000000001,-2.4403769922671885
-0.5837,-2.464427084364894
-0.5847000000000001,-2.504039000761115
-0.5857,-2.554968607556256
-0.5867000000000001,-2.554968607556256
-0.5857,-2.581848122253692
-0.5847000000000001,-2.549309762356796
-0.5837,-2.4898918877624645
-0.5827000000000001,-2.460182950465299
-0.5817,-2.3993503645711023
-0.5807000000000001,-2.414912188869618
-0.5797,-2.3668120046742067
-0.5787000000000001,-2.348420757775961
-0.5777,-2.330029510877715
-0.5767000000000001,-2.284758749282034
-0.5757,-2.2748557701829792
-0.5747000000000001,-2.2196820294882422
-0.5737,-2.229585008587298
-0.5727000000000001,-2.1899730921910767
-0.5717,-2.1531905983945863
-0.5707000000000001,-2.1121639706984996
-0.5697,-2.0994315689997145
-0.5687000000000001,-2.0626490752032236
-0.5677,-2.040013694405383
-0.5667000000000001,-2.0032312006088917
-0.5657,-1.9989870667092968
-0.5647000000000001,-1.9480574599141556
-0.5637,-1.933910346915505
-0.5627000000000001,-1.9126896774175295
-0.5617,-1.8716630497214433
-0.5607000000000001,-1.8461982463238729
-0.5597,-1.8334658446250875
-0.5587000000000001,-1.8080010412275167
-0.5577,-1.7839509491298113
-0.5567000000000001,-1.7457537440334552
-0.5557,-1.7231183632356148
-0.5547000000000001,-1.700482982437774
-0.5537,-1.6820917355395286
-0.5527000000000001,-1.6424798191433077
-0.5517,-1.6339915513441174
-0.5507000000000001,-1.6042826140469515
-0.5497,-1.6056973253468165
-0.5487000000000001,-1.5618412750510005
-0.5477,-1.53920589425316
-0.5467000000000001,-1.5307176264539697
-0.5457,-1.5094969569559942
-0.5447000000000001,-1.498179266557074
-0.5437,-1.4868615761581534
-0.5427000000000001,-1.459982061460718
-0.5417,-1.433102546763282
-0.5407000000000001,-1.406364503195833
-0.5397,-1.3963200529667912
-0.5387000000000001,-1.3994324178264943
-0.5377,-1.3596790303002868
-0.5367000000000001,-1.356142252050624
-0.5357,-1.3298286218731346
-0.5347000000000001,-1.3013929247458473
-0.5337,-1.296299964066333
-0.5327000000000001,-1.2708351606687625
-0.5317,-1.2562636342801525
-0.5307000000000001,-1.2425409346714618
-0.5297,-1.2252814568131083
-0.5287000000000001,-1.2214617363034728
-0.5277,-1.2012313647154027
-0.5267000000000001,-1.1699662449883854
-0.5257,-1.156950901029627
-0.5247,-1.1333252223218808
-0.5236999999999999,-1.1320519821520023
-0.5227,-1.115075446553622
-0.5216999999999999,-1.1026259871148096
-0.5207,-1.080839433096888
-0.5196999999999999,-1.0715023385177789
-0.5187,-1.0833859134366453
-0.5176999999999999,-1.0596187635989127
-0.5167,-1.0359930848911665
-0.5156999999999999,-1.020997145112597
-0.5147,-1.013357704093326
-0.5136999999999999,-1.0024644270843648
-0.5127,-0.980536401936457
-0.5116999999999999,-0.9736043165671182
-0.5107,-0.9588913190485219
-0.5096999999999999,-0.9484224554295205
-0.5087,-0.9256456035016934
-0.5076999999999999,-0.906405529823529
-0.5067,-0.8982002042843118
-0.5056999999999999,-0.8933901858647707
-0.5047,-0.8798089573860663
-0.5036999999999999,-0.8751404100965116
-0.5027,-0.8682083247271731
-0.5016999999999999,-0.7891259630647174
-0.5007,-0.6987259110033417
-0.4996999999999999,-0.7200880516313036
-0.49870000000000003,-0.7295666173403995
-0.4976999999999999,-0.7217857051911418
-0.49670000000000003,-0.6992917955232877
-0.4956999999999999,-0.6823152599249072
-0.49470000000000003,-0.67410993438569
-0.4936999999999999,-0.6855690959145968
-0.4927,-0.6695828582261218
-0.4916999999999999,-0.6402983343189155
-0.4907,-0.6100235125018038
-0.4896999999999999,-0.6216241451606972
-0.4887,-0.620775318380778
-0.4876999999999999,-0.598281408712924
-0.4867,-0.5685724714157583
-0.48570000000000013,-0.5817292865045031
-0.4847,-0.5496153399975668
-0.48370000000000013,-0.5442394370580796
-0.4827,-0.5479176864377286
-0.48170000000000013,-0.5230187675601041
-0.4807,-0.5114181349012108
-0.4797000000000001,-0.5118425482911703
-0.4787,-0.5150963842808599
-0.4777000000000001,-0.5170769801006708
-0.4767,-0.48397273568382904
-0.4757000000000001,-0.4841142068138156
-0.4747,-0.4733624009348413
-0.4737000000000001,-0.45765910550633937
-0.4727,-0.4556785096865283
-0.4717000000000001,-0.45454674064663625
-0.4707,-0.44619994397743257
-0.4697000000000001,-0.4355896092284448
-0.4687,-0.42158396735978093
-0.4677000000000001,-0.43007223515897114
-0.4667,-0.42879899498909263
-0.4657000000000001,-0.41026627696086065
-0.4647,-0.4078612677510901
-0.4637000000000001,-0.42172543848976746
-0.4627,-0.4104077480908471
-0.4617000000000001,-0.3992315288219133
-0.4607,-0.383952646783371
-0.4597000000000001,-0.3838111756533844
-0.4587,-0.3809817530536544
-0.4577000000000001,-0.3678249379649095
-0.4567,-0.37631320576409977
-0.4557000000000001,-0.3767376191540593
-0.4547,-0.35905372790574636
-0.4537000000000001,-0.35240458479638065
-0.4527,-0.35127281575648867
-0.4517000000000001,-0.3350036358080407
-0.4507,-0.33811600066774383
-0.4497000000000001,-0.3320327420783241
-0.4487,-0.3300521462585131
-0.4477000000000001,-0.3239688876690934
-0.4467,-0.3214224073293363
-0.4457000000000001,-0.3110950148403216
-0.4447,-0.31505620647994365
-0.4437000000000001,-0.29751378636161724
-0.4427,-0.29977732444140126
-0.4417000000000001,-0.27869812607341227
-0.4407,-0.27586870347368214
-0.4397000000000001,-0.28350814449295336
-0.4387,-0.28223490432307485
-0.4377000000000001,-0.2754442900837227
-0.4367,-0.26002393691519377
-0.4357000000000001,-0.25436509171573357
-0.4347,-0.24644270843648935
-0.4337000000000001,-0.24672565069646235
-0.4327,-0.24403769922671883
-0.4317000000000001,-0.23470060464760956
-0.43069999999999997,-0.23512501803756908
-0.4297000000000001,-0.22776851927827088
-0.42869999999999997,-0.22720263475832486
-0.4277000000000001,-0.2232414431187028
-0.42669999999999997,-0.22649527910839237
-0.4257000000000001,-0.22196820294882427
-0.42469999999999997,-0.2167337711393236
-0.4237000000000001,-0.21022609915994445
-0.42269999999999996,-0.20499166735044383
-0.4217000000000001,-0.20315254266061927
-0.42069999999999996,-0.20032312006088918
-0.4197000000000001,-0.1931080924315775
-0.41869999999999996,-0.192400736781645
-0.41770000000000007,-0.1919763233916855
-0.41669999999999996,-0.19409839034148305
-0.41570000000000007,-0.19169338113171247
-0.41469999999999996,-0.19098602548177993
-0.41370000000000007,-0.18674189158218485
-0.41269999999999996,-0.17584861457322407
-0.41170000000000007,-0.16453092417430376
-0.41069999999999995,-0.17231183632356148
-0.40970000000000006,-0.17471684553333205
-0.40869999999999995,-0.17174595180361546
-0.40770000000000006,-0.15561824298515403
-0.40669999999999995,-0.15618412750510002
-0.40570000000000006,-0.1513741090855589
-0.40469999999999995,-0.1508082245656129
-0.40370000000000006,-0.14769585970590982
-0.40269999999999995,-0.14430055258623375
-0.40170000000000006,-0.1433102546763282
-0.40069999999999995,-0.13985835910465752
-0.39970000000000006,-0.14016959559062783
-0.39869999999999994,-0.13964615240967776
-0.39770000000000005,-0.1289226407567008
-0.39669999999999994,-0.1368733182619423
-0.39570000000000005,-0.13434098503518388
-0.39469999999999994,-0.13424195524419333
-0.39370000000000005,-0.12218861496934323
-0.39269999999999994,-0.12200470250036077
-0.39170000000000005,-0.12200470250036077
-0.39069999999999994,-0.11889233764065768
-0.38970000000000005,-0.11460576240206662
-0.38869999999999993,-0.11471893930605583
-0.38770000000000004,-0.11825571755571843
-0.38669999999999993,-0.1134456991361773
-0.38570000000000004,-0.10955524306154844
-0.38469999999999993,-0.105608198534925
-0.38370000000000004,-0.10628725995886021
-0.38269999999999993,-0.10475937175500598
-0.38170000000000004,-0.10328807200314633
-0.3806999999999999,-0.09738872588270912
-0.37970000000000004,-0.09147523264927326
-0.3786999999999999,-0.08990490310642309
-0.37770000000000004,-0.08827798511157829
-0.3766999999999999,-0.08888631097052026
-0.37570000000000003,-0.08938145992547303
-0.3746999999999999,-0.08035560183233408
-0.37370000000000003,-0.08645300753475238
-0.3726999999999999,-0.08815066109459044
-0.37170000000000003,-0.08697645071570247
-0.3706999999999999,-0.0830011119630817
-0.36970000000000003,-0.07829012333453113
-0.3686999999999999,-0.0772149427466337
-0.3677,-0.07553143629979431
-0.3666999999999999,-0.07352254625398597
-0.3657,-0.07290007328204533
-0.3646999999999999,-0.0767056466786823
-0.3637,-0.07488066910185638
-0.3626999999999999,-0.07299910307303589
-0.3617,-0.06732611076057708
-0.36070000000000013,-0.06883985185143268
-0.3597,-0.06612360615569181
-0.35870000000000013,-0.057720221034493494
-0.3577,-0.055216182033732374
-0.35670000000000013,-0.053815617846866
-0.3557,-0.05879540162239092
-0.3547000000000001,-0.06022426003525461
-0.3537,-0.06118626371916283
-0.3527000000000001,-0.059248109238347745
-0.3517,-0.055088858016744534
-0.3507000000000001,-0.055428388728712134
-0.3497,-0.05523032914673103
-0.3487000000000001,-0.0540702658808417
-0.3477,-0.053037526631940224
-0.3467000000000001,-0.0501939569192115
-0.3457,-0.052514083450990165
-0.3447000000000001,-0.050745694326158865
-0.3437,-0.049543189721273584
-0.3427000000000001,-0.047916271726428795
-0.3417,-0.047619182353457135
-0.3407000000000001,-0.04732209298048548
-0.3397,-0.04593567590661774
-0.3387000000000001,-0.04481805397972436
-0.3377,-0.043856050295816136
-0.3367000000000001,-0.03880553095529796
-0.3357,-0.03894700208528446
-0.3347000000000001,-0.03757473212441537
-0.3337,-0.034717015298688
-0.3327000000000001,-0.03399551253575683
-0.3317,-0.03355695203279867
-0.3307000000000001,-0.03301936173884996
-0.3297,-0.03331645111182161
-0.3287000000000001,-0.031887592698957926
-0.3277,-0.03154806198699031
-0.3267000000000001,-0.030769970772064545
-0.3257,-0.029921143992145526
-0.3247000000000001,-0.029383553698196813
-0.3237,-0.02820934331930883
-0.3227000000000001,-0.027714194364356067
-0.3217,-0.02723319252240196
-0.3207000000000001,-0.026851220471438397
-0.3197,-0.02543650917157336
-0.3187000000000001,-0.024318887244679982
-0.3177,-0.023795444063729916
-0.3167000000000001,-0.0230032057358055
-0.3157,-0.022847587492820343
-0.3147000000000001,-0.021418729079956657
-0.3137,-0.020994315689997142
-0.3127000000000001,-0.020541608074040336
-0.3117,-0.020173783136075422
-0.3107000000000001,-0.0193249563561564
-0.3097,-0.018631747819222534
-0.3087000000000001,-0.01785365660429676
-0.3077,-0.017754626813306213
-0.3067000000000001,-0.01697653559838044
-0.30569999999999997,-0.016764328903400686
-0.3047000000000001,-0.015745736767497857
-0.30369999999999997,-0.015632559863508654
-0.3027000000000001,-0.014995939778569388
-0.30169999999999997,-0.014670556179600431
-0.3007000000000001,-0.01424614278964092
-0.29969999999999997,-0.013591131457803407
-0.2987000000000001,-0.013117203172348619
-0.29769999999999996,-0.012656007288592617
-0.2967000000000001,-0.012293841195827169
-0.29569999999999996,-0.011917527990063069
-0.2947000000000001,-0.011511505847001804
-0.29369999999999996,-0.011261101946925691
-0.29270000000000007,-0.010549502163093579
-0.29169999999999996,-0.010311830664716254
-0.29070000000000007,-0.009962396973649588
-0.28969999999999996,-0.009726140186572127
-0.28870000000000007,-0.00944602734919885
-0.28769999999999996,-0.008915510611749462
-0.28670000000000007,-0.008539197405985362
-0.28569999999999995,-0.008399140987298723
-0.28470000000000006,-0.007855891848150548
-0.28369999999999995,-0.007534752383081185
-0.28270000000000006,-0.007115997838321134
-0.28169999999999995,-0.007142877353018571
-0.28070000000000006,-0.006947647193637195
-0.27969999999999995,-0.006599628213870396
-0.27870000000000006,-0.006347809602494419
-0.27769999999999995,-0.006138432330114394
-0.27670000000000006,-0.005552741851970269
-0.27569999999999995,-0.005343364579590244
-0.27470000000000006,-0.005160866821907653
-0.27369999999999994,-0.004520002603068793
-0.27270000000000005,-0.004310625330688767
-0.27169999999999994,-0.004128127573006177
-0.27070000000000005,-0.003918750300626152
-0.26969999999999994,-0.003709373028246126
-0.26870000000000005,-0.0034872633541673153
-0.26769999999999994,-0.0030685088094072645
-0.26670000000000005,-0.0026907808923432998
-0.26569999999999994,-0.0026356071516485634
-0.26470000000000005,-0.0019933282215098365
-0.26369999999999993,-0.0020074753345084868
-0.26270000000000004,-0.0017273624971352096
-0.26169999999999993,-0.0016721887564404734
-0.26070000000000004,-0.0015179852247551844
-0.25969999999999993,-0.001392924745847115
-0.25870000000000004,-0.0010579211100390745
-0.25769999999999993,-0.0006811834908850152
-0.25670000000000004,-0.0003181685713396468
-0.2556999999999999,-0.0003740496676843157
-0.25470000000000004,-5.3037526631940226e-05
-0.2536999999999999,-3.9074326102272314e-05
-0.25270000000000004,0.00026794632019443794
-0.2516999999999999,0.00037970851288377585
-0.25070000000000003,0.0006726952230858249
-0.24969999999999992,0.0009658234044178605
-0.24870000000000003,0.0009938346881551883
-0.24769999999999992,0.0008960781373345141
-0.24670000000000003,0.0014684703292599081
-0.24569999999999992,0.001342702494701906
-0.24470000000000003,0.001942398614714695
-0.24369999999999992,0.0018730777610213084
-0.24270000000000003,0.001970692840711996
-0.24169999999999991,0.002124896372397285
-0.24070000000000003,0.002584677544853422
-0.2396999999999999,0.0025705304318547717
-0.23870000000000002,0.0025988246578520723
-0.2376999999999999,0.002668145511545459
-0.23670000000000002,0.0027388810765387114
-0.23570000000000013,0.0029751378636161717
-0.23470000000000002,0.00307275294330686
-0.23370000000000013,0.003310424441684186
-0.23270000000000002,0.0033528657806801364
-0.23170000000000013,0.0034787750863681252
-0.23070000000000002,0.0036032696807562488
-0.22970000000000013,0.00403617133851495
-0.22870000000000001,0.003785767438438838
-0.22770000000000012,0.004092759790509551
-0.2267,0.004106906903508202
-0.22570000000000012,0.004302137062889576
-0.2247,0.004636008929657725
-0.22370000000000012,0.004538393849967038
-0.2227,0.004636008929657725
-0.22170000000000012,0.004971295507725739
-0.2207,0.004735038720648278
-0.21970000000000012,0.005097204813413728
-0.2187,0.004916121767031002
-0.21770000000000012,0.005251408345099016
-0.2167,0.005166525667107114
-0.2157000000000001,0.00541834427848309
-0.2147,0.005558400697169729
-0.2137000000000001,0.0060323289826245165
-0.2127,0.0058229517102444915
-0.2117000000000001,0.006088917434619118
-0.2107,0.006241706255004542
-0.2097000000000001,0.006115796949316554
-0.2087,0.006408642188388616
-0.2077000000000001,0.0065076719793791685
-0.2067,0.006213412029007242
-0.2057000000000001,0.006520404381077954
-0.2047,0.006660460799764593
-0.2037000000000001,0.006827396733148668
-0.2027,0.007009894490831256
-0.2017000000000001,0.006883985185143269
-0.2007,0.007024041603829908
-0.1997000000000001,0.0070650682315259936
-0.1987,0.007246151277908719
-0.1977000000000001,0.0072744455039060185
-0.19669999999999999,0.007246151277908719
-0.1957000000000001,0.007553143629979431
-0.19469999999999998,0.007233418876209932
-0.1937000000000001,0.007623879194972683
-0.19269999999999998,0.007623879194972683
-0.1917000000000001,0.007707347161664719
-0.1907000000000001,0.0077497885006606705
-0.1897000000000002,0.00798604528773813
-0.1887000000000001,0.007833256467352709
-0.1877000000000002,0.008181275447119508
-0.1867000000000001,0.008293037639808844
-0.1857000000000002,0.008266158125111408
-0.1847000000000001,0.008335478978804796
-0.1837000000000002,0.008390652719499533
-0.18270000000000008,0.008502414912188871
-0.1817000000000002,0.008823554377258232
-0.18070000000000008,0.008544856251184821
-0.1797000000000002,0.00860002999187956
-0.17870000000000008,0.00868491266987146
-0.1777000000000002,0.008768380636563497
-0.17670000000000008,0.008809407264259583
-0.1757000000000002,0.008837701490256884
-0.17470000000000008,0.00906122587563556
-0.1737000000000002,0.00910366721463151
-0.17270000000000008,0.009172988068324898
-0.17170000000000019,0.009465833307396958
-0.17070000000000007,0.009298897374012887
-0.16970000000000018,0.009465833307396958
-0.16870000000000007,0.009632769240781035
-0.16770000000000018,0.009522421759391561
-0.16670000000000007,0.009451686194398309
-0.16570000000000018,0.009508274646392912
-0.16470000000000007,0.009856293626159711
-0.16370000000000018,0.00987044073915836
-0.16270000000000007,0.00987044073915836
-0.16170000000000018,0.010234021543223676
-0.16070000000000007,0.010051523785541087
-0.15970000000000018,0.01040095747660775
-0.15870000000000006,0.01026090105792111
-0.15770000000000017,0.01045754592860235
-0.15670000000000006,0.0104433988156037
-0.15570000000000017,0.010331636622914362
-0.15470000000000006,0.010541013895294387
-0.15370000000000017,0.01037266325061045
-0.15270000000000006,0.010777270682371849
-0.15170000000000017,0.01080556490836915
-0.15070000000000006,0.010707949828678464
-0.14970000000000017,0.010986647954751875
-0.14870000000000005,0.010707949828678464
-0.14770000000000016,0.011126704373438514
-0.14670000000000005,0.011112557260439863
-0.14570000000000016,0.011085677745742428
-0.14470000000000005,0.011252613679126503
-0.14370000000000016,0.011280907905123802
-0.14270000000000005,0.011224319453129203
-0.14170000000000016,0.011517164692201263
-0.14070000000000005,0.011238466566127852
-0.13970000000000016,0.011490285177503827
-0.13870000000000005,0.011587900257194516
-0.13770000000000016,0.011726541964581288
-0.13670000000000004,0.011824157044271977
-0.13570000000000015,0.011824157044271977
-0.13470000000000004,0.011950066349959966
-0.13370000000000015,0.012104269881645254
-0.13270000000000004,0.01214529650934134
-0.13170000000000015,0.012216032074334592
-0.13070000000000004,0.012187737848337292
-0.12970000000000015,0.012340526668722714
-0.12870000000000004,0.012271205815029329
-0.12770000000000015,0.01259234528009869
-0.12670000000000003,0.012537171539403955
-0.12570000000000014,0.012759281213482765
-0.12470000000000003,0.01271825458578668
-0.12370000000000014,0.012844163891474669
-0.12270000000000003,0.01308042067855213
-0.12170000000000014,0.01313700913054673
-0.12070000000000003,0.013206329984240118
-0.11970000000000014,0.01324877132323607
-0.11870000000000003,0.013318092176929456
-0.11770000000000014,0.01361093741600152
-0.11670000000000003,0.013387413030622844
-0.11570000000000014,0.01366752586799612
-0.11470000000000002,0.013736846721689507
-0.11370000000000013,0.013834461801380194
-0.11270000000000002,0.013988665333065482
-0.11170000000000013,0.01407213329975752
-0.11070000000000024,0.013891050253374797
-0.10970000000000013,0.014373466806628774
-0.10870000000000024,0.014217848563643616
-0.10770000000000013,0.014684703292599082
-0.10670000000000024,0.01465640906660178
-0.10570000000000013,0.014599820614607179
-0.10470000000000024,0.01461396772760583
-0.10370000000000013,0.014953498439573438
-0.10270000000000024,0.014953498439573438
-0.10170000000000012,0.01505252823056399
-0.10070000000000023,0.014925204213576137
-0.09970000000000012,0.015193999360550494
-0.09870000000000023,0.0153637647165343
-0.09770000000000012,0.015533530072518101
-0.09670000000000023,0.015448647394526203
-0.09570000000000012,0.015618412750510005
-0.09470000000000023,0.01580232521949246
-0.09370000000000012,0.01588720789748436
-0.09270000000000023,0.015929649236480315
-0.09170000000000011,0.01611356170546277
-0.09070000000000022,0.016028679027470863
-0.08970000000000011,0.016311621287443873
-0.08870000000000022,0.01648138664342768
-0.08770000000000011,0.01646723953042903
-0.08670000000000022,0.016764328903400686
-0.08570000000000011,0.01691994714638584
-0.08470000000000022,0.016792623129397985
-0.08370000000000011,0.017075565389370995
-0.08270000000000022,0.017231183632356147
-0.0817000000000001,0.017259477858353446
-0.08070000000000022,0.017457537440334552
-0.0797000000000001,0.01766974413531431
-0.07870000000000021,0.017627302796318356
-0.0777000000000001,0.01766974413531431
-0.07670000000000021,0.018065863299276518
-0.0757000000000001,0.018221481542261674
-0.07470000000000021,0.018405394011244126
-0.0737000000000001,0.018617600706223883
-0.07270000000000021,0.01853271802823198
-0.0717000000000001,0.018688336271217135
-0.07070000000000021,0.018999572757187444
-0.0697000000000001,0.019141043887173945
-0.0687000000000002,0.01922592656516585
-0.0677000000000001,0.01928251501716045
-0.0667000000000002,0.019607898616129407
-0.06570000000000009,0.019862546650105117
-0.0647000000000002,0.019919135102099715
-0.06370000000000009,0.019947429328097017
-0.0627000000000002,0.020499166735044382
-0.06170000000000009,0.020400136944053827
-0.0607000000000002,0.020654784978029535
-0.059700000000000086,0.020626490752032236
-0.058700000000000196,0.02085284456001064
-0.057700000000000085,0.021022609915994445
-0.056700000000000195,0.0212065223849769
-0.05570000000000008,0.0212065223849769
-0.05470000000000019,0.02163093577493641
-0.05370000000000008,0.02165923000093371
-0.05270000000000019,0.021814848243918866
-0.05170000000000008,0.022140231842887825
-0.05070000000000019,0.022097790503891875
-0.04970000000000008,0.02240902698986218
-0.04870000000000019,0.022592939458844635
-0.047700000000000076,0.022564645232847336
-0.046700000000000186,0.023144676865792004
-0.045700000000000074,0.0230880884137974
-0.044700000000000184,0.023158823978790648
-0.04370000000000007,0.02352664891675556
-0.04270000000000018,0.02356909025575151
-0.04170000000000007,0.023837885402725866
-0.04070000000000018,0.02392276808071777
-0.03970000000000007,0.023993503645711022
-0.03870000000000018,0.02429059301868268
-0.03770000000000007,0.02453109393965974
-0.03670000000000018,0.024870624651627343
-0.035700000000000065,0.0250262428946125
-0.034700000000000175,0.025196008250596303
-0.03370000000000006,0.025266743815589552
-0.03270000000000017,0.025337479380582808
-0.03170000000000006,0.025592127414558512
-0.03070000000000017,0.025818481222536924
-0.02970000000000006,0.025959952352523425
-0.02870000000000017,0.026412659968480235
-0.027700000000000058,0.02624289461249643
-0.026700000000000168,0.02662486666345999
-0.025700000000000056,0.026709749341451892
-0.024700000000000166,0.02692195603643165
-0.023700000000000054,0.026978544488426247
-0.022700000000000164,0.02736051653938981
-0.021700000000000053,0.027544429008372267
-0.020700000000000163,0.027516134782374965
-0.01970000000000005,0.027813224155346622
-0.01870000000000016,0.028308373110299385
-0.01770000000000005,0.02819519620631018
-0.01670000000000016,0.028534726918277787
-0.015700000000000047,0.028860110517246747
-0.014700000000000157,0.029044022986229205
-0.013700000000000045,0.02893084608224
-0.012700000000000156,0.029383553698196813
-0.011700000000000044,0.029624054619173872
-0.010700000000000154,0.029977732444140127
-0.009700000000000042,0.029892849766148224
-0.008700000000000152,0.03033141026910639
-0.00770000000000004,0.03040214583409964
-0.00670000000000015,0.030628499642078044
-0.005700000000000038,0.030741676546067253
-0.0047000000000001485,0.03103876591903891
-0.0037000000000000366,0.03130756106601326
-0.0027000000000001467,0.03146317930899842
-0.0017000000000000348,0.03176026868197007
-0.000700000000000145,0.032085652280939035
0.00029999999999996696,0.03211394650693633
0.0012999999999998568,0.03239688876690934
0.0022999999999999687,0.03258080123589179
0.0032999999999998586,0.03301936173884996
0.0042999999999999705,0.033005214625851306
0.00529999999999986,0.03331645111182161
0.006299999999999972,0.03340133378981351
0.007299999999999862,0.033797452953775724
0.008299999999999974,0.03406624810075008
0.009299999999999864,0.03422186634373524
0.010299999999999976,0.034391631699719045
0.011299999999999866,0.0347736037506826
0.012299999999999978,0.034915074880669104
