Potential V vs RHE, Current mA cm-2
0.013299999999999867,-0.001853271802823198
0.012299999999999978,-0.0041564217990034775
0.011299999999999866,-0.005440979659280931
0.010299999999999976,-0.006138432330114394
0.009299999999999864,-0.006933500080638544
0.008299999999999974,-0.0076465145757705225
0.007299999999999862,-0.007911065588845285
0.006299999999999972,-0.008915510611749462
0.00529999999999986,-0.009153182110126787
0.0042999999999999705,-0.009586083767885488
0.0032999999999998586,-0.0098647818939589
0.0022999999999999687,-0.010283536438718951
0.0012999999999998568,-0.010828200289166992
0.00029999999999996696,-0.011135192641237704
-0.000700000000000145,-0.011289396172922992
-0.0017000000000000348,-0.011525652960000453
-0.0027000000000001467,-0.011944407504760505
-0.0037000000000000366,-0.012363162049520557
-0.0047000000000001485,-0.01275503707958317
-0.005700000000000038,-0.012991293866660631
-0.00670000000000015,-0.012977146753661982
-0.00770000000000004,-0.013410048411420683
-0.008700000000000152,-0.01357839905610462
-0.009700000000000042,-0.013857097182178034
-0.010700000000000154,-0.014316878354634173
-0.011700000000000044,-0.014135795308251445
-0.012700000000000156,-0.014741291744593682
-0.013700000000000045,-0.014882762874580187
-0.014700000000000157,-0.015066675343562642
-0.015700000000000047,-0.015448647394526203
-0.01670000000000016,-0.015420353168528897
-0.01770000000000005,-0.01581647233249111
-0.01870000000000016,-0.015943796349478963
-0.01970000000000005,-0.016071120366466816
-0.020700000000000163,-0.016283327061446574
-0.021700000000000053,-0.016552122208420932
-0.022700000000000164,-0.01666529911241013
-0.023700000000000054,-0.01691994714638584
-0.024700000000000166,-0.01697653559838044
-0.025700000000000056,-0.01748583166633185
-0.026700000000000168,-0.017400948988339954
-0.027700000000000058,-0.017627302796318356
-0.02870000000000017,-0.017938539282288665
-0.02970000000000006,-0.017881950830294063
-0.03070000000000017,-0.018348805559249524
-0.03170000000000006,-0.018419541124242777
-0.03270000000000017,-0.018362952672248176
-0.03370000000000006,-0.018617600706223883
-0.034700000000000175,-0.018942984305192843
-0.035700000000000065,-0.019098602548177995
-0.03670000000000018,-0.0192683679041618
-0.03770000000000007,-0.0192683679041618
-0.03870000000000018,-0.01950886882513886
-0.03970000000000007,-0.019834252424107815
-0.04070000000000018,-0.019904987989101064
-0.04170000000000007,-0.02007475334508487
-0.04270000000000018,-0.020173783136075422
-0.04370000000000007,-0.02048501962204573
-0.044700000000000184,-0.020499166735044382
-0.045700000000000074,-0.020725520543022787
-0.046700000000000186,-0.020838697447011986
-0.047700000000000076,-0.02086699167300929
-0.04870000000000019,-0.021489464644949906
-0.04970000000000008,-0.021404581966958002
-0.05070000000000019,-0.021560200209943158
-0.05170000000000008,-0.021645082887935062
-0.05270000000000019,-0.021772406904922915
-0.05370000000000008,-0.022140231842887825
-0.05470000000000019,-0.022239261633878377
-0.05570000000000008,-0.02230999719887163
-0.056700000000000195,-0.022338291424868928
-0.057700000000000085,-0.02270611636283384
-0.058700000000000196,-0.02270611636283384
-0.059700000000000086,-0.022847587492820343
-0.0607000000000002,-0.023045647074801445
-0.06170000000000009,-0.02345591335176231
-0.0627000000000002,-0.023484207577759608
-0.06370000000000009,-0.023837885402725866
-0.0647000000000002,-0.023795444063729916
-0.06570000000000009,-0.02395106230671507
-0.0667000000000002,-0.02393691519371642
-0.0677000000000001,-0.02426229879268538
-0.0687000000000002,-0.024488652600663786
-0.0697000000000001,-0.02465841795664759
-0.07070000000000021,-0.02475744774763814
-0.0717000000000001,-0.0250262428946125
-0.07270000000000021,-0.025139419798601705
-0.0737000000000001,-0.025252596702590904
-0.07470000000000021,-0.025422362058574708
-0.0757000000000001,-0.02577603988354097
-0.07670000000000021,-0.025705304318547718
-0.0777000000000001,-0.025889216787530173
-0.07870000000000021,-0.026158011934504528
-0.0797000000000001,-0.026030687917516674
-0.08070000000000022,-0.026412659968480235
-0.0817000000000001,-0.02659657243746269
-0.08270000000000022,-0.026709749341451892
-0.08370000000000011,-0.026752190680447843
-0.08470000000000022,-0.026851220471438397
-0.08570000000000011,-0.02723319252240196
-0.08670000000000022,-0.02731807520039386
-0.08770000000000011,-0.027544429008372267
-0.08870000000000022,-0.027572723234369562
-0.08970000000000011,-0.027799077042347967
-0.09070000000000022,-0.027940548172334476
-0.09170000000000011,-0.02819519620631018
-0.09270000000000023,-0.028223490432307482
-0.09370000000000012,-0.028463991353284535
-0.09470000000000023,-0.028746933613257548
-0.09570000000000012,-0.028676198048264292
-0.09670000000000023,-0.028817669178250797
-0.09770000000000012,-0.029001581647233248
-0.09870000000000023,-0.029100611438223806
-0.09970000000000012,-0.029369406585198165
-0.10070000000000023,-0.02972308441016442
-0.10170000000000012,-0.029751378636161722
-0.10270000000000024,-0.02973723152316307
-0.10370000000000013,-0.029977732444140127
-0.10470000000000024,-0.030218233365117184
-0.10570000000000013,-0.030416292947098293
-0.10670000000000024,-0.030430440060096934
-0.10770000000000013,-0.030628499642078044
-0.10870000000000024,-0.0307275294330686
-0.10970000000000013,-0.030968030354045658
-0.11070000000000024,-0.031123648597030807
-0.11170000000000013,-0.031222678388021355
-0.11270000000000002,-0.031350002405009215
-0.11370000000000013,-0.03174612156897143
-0.11470000000000002,-0.031972475376949826
-0.11570000000000014,-0.031972475376949826
-0.11670000000000003,-0.03236859454091204
-0.11770000000000014,-0.03219882918492823
-0.11870000000000003,-0.0327505665918756
-0.11970000000000014,-0.03256665412289315
-0.12070000000000003,-0.03294862617385671
-0.12170000000000014,-0.033104244416841865
-0.12270000000000003,-0.03316083286883646
-0.12370000000000014,-0.03321742132083106
-0.12470000000000003,-0.03359939337179463
-0.12570000000000014,-0.033924776970763584
-0.12670000000000003,-0.03406624810075008
-0.12770000000000015,-0.034335043247724434
-0.12870000000000004,-0.034391631699719045
-0.12970000000000015,-0.0346887210726907
-0.13070000000000004,-0.034745309524685304
-0.13170000000000015,-0.034915074880669104
-0.13270000000000004,-0.03507069312365426
-0.13370000000000015,-0.03545266517461782
-0.13470000000000004,-0.035579989191605675
-0.13570000000000015,-0.03586293145157868
-0.13670000000000004,-0.035820490112582724
-0.13770000000000016,-0.036032696807562485
-0.13870000000000005,-0.03661272844050715
-0.13970000000000016,-0.03661272844050715
-0.14070000000000005,-0.03693811203947611
-0.14170000000000016,-0.03702299471746801
-0.14270000000000005,-0.037320084090439666
-0.14370000000000016,-0.03761717346341132
-0.14470000000000005,-0.03775864459339783
-0.14570000000000016,-0.03806988107936814
-0.14670000000000005,-0.03816891087035869
-0.14770000000000016,-0.03839526467833709
-0.14870000000000005,-0.03873479539030471
-0.14970000000000017,-0.03897529631128176
-0.15070000000000006,-0.03894700208528446
-0.15170000000000017,-0.039314827023249364
-0.15270000000000006,-0.039456298153235876
-0.15370000000000017,-0.03985241731719808
-0.15470000000000006,-0.03995144710818864
-0.15570000000000017,-0.0403900076111468
-0.15670000000000006,-0.04040415472414544
-0.15770000000000017,-0.04074368543611305
-0.15870000000000006,-0.041182245939071216
-0.15970000000000018,-0.04126712861706312
-0.16070000000000007,-0.041535923764037475
-0.16170000000000018,-0.041620806442029375
-0.16270000000000007,-0.041988631379994285
-0.16370000000000018,-0.04234230920496055
-0.16470000000000007,-0.04242719188295245
-0.16570000000000018,-0.04289404661190791
-0.16670000000000007,-0.043120400419886316
-0.16770000000000018,-0.04326187154987282
-0.16870000000000007,-0.04353066669684717
-0.16970000000000018,-0.043912638747810734
-0.17070000000000007,-0.0442097281207824
-0.17170000000000019,-0.04443608192876081
-0.17270000000000008,-0.04481805397972436
-0.1737000000000002,-0.04508684912669872
-0.17470000000000008,-0.04549711540365958
-0.1757000000000002,-0.04586494034162449
-0.17670000000000008,-0.046048852810606944
-0.1777000000000002,-0.0463742364095759
-0.17870000000000008,-0.04665717866954891
-0.1797000000000002,-0.04685523825153001
-0.18070000000000008,-0.04732209298048548
-0.1817000000000002,-0.047548446788463886
-0.18270000000000008,-0.0478596832744342
-0.1837000000000002,-0.04846800913337616
-0.1847000000000001,-0.04862362737636131
-0.1857000000000002,-0.049005599427324874
-0.1867000000000001,-0.04931683591329518
-0.1877000000000002,-0.049571483947270886
-0.1887000000000001,-0.05003833867622635
-0.1897000000000002,-0.05032128093619936
-0.1907000000000001,-0.05068910587416426
-0.1917000000000001,-0.05125499039411028
-0.19269999999999998,-0.051410608637095435
-0.1937000000000001,-0.052075522948032
-0.19469999999999998,-0.0520472287220347
-0.1957000000000001,-0.05252823056398881
-0.19669999999999999,-0.05285361416295777
-0.1977000000000001,-0.053419498682903785
-0.1987,-0.05375902939487139
-0.1997000000000001,-0.05433906102781606
-0.2007,-0.05455126772279582
-0.2017000000000001,-0.05498982822575398
-0.2027,-0.05549912429370539
-0.2037000000000001,-0.05568303676268785
-0.2047,-0.056121597265646014
-0.2057000000000001,-0.056729923124587966
-0.2067,-0.05723921919253938
-0.2077000000000001,-0.05759289701750564
-0.2087,-0.05811634019845571
-0.2097000000000001,-0.05841342957142737
-0.2107,-0.05889443141338147
-0.2117000000000001,-0.05936128614233694
-0.2127,-0.05970081685430455
-0.2137000000000001,-0.06019596580925731
-0.2147,-0.060903321459189835
-0.2157000000000001,-0.061554088657127755
-0.2167,-0.062006796273084565
-0.21770000000000012,-0.06247365100204002
-0.2187,-0.06305368263498468
-0.21970000000000012,-0.06350639025094149
-0.2207,-0.06400153920589426
-0.22170000000000012,-0.06492110155080652
-0.2227,-0.06534551494076604
-0.22370000000000012,-0.06602457636470126
-0.2247,-0.06649143109365672
-0.22570000000000012,-0.06732611076057708
-0.2267,-0.06743928766456629
-0.22770000000000012,-0.06824567310548936
-0.22870000000000001,-0.06896717586842054
-0.22970000000000013,-0.06964623729235576
-0.23070000000000002,-0.07032529871629098
-0.23170000000000013,-0.07080630055824509
-0.23270000000000002,-0.07138633219118974
-0.23370000000000013,-0.07227760031010473
-0.23470000000000002,-0.0727727492650575
-0.23570000000000013,-0.07359328181897921
-0.23670000000000002,-0.07418746056492254
-0.2376999999999999,-0.07485237487585908
-0.23870000000000002,-0.07546070073480106
-0.2396999999999999,-0.07609732081974033
-0.24070000000000003,-0.07728567831162694
-0.24169999999999991,-0.07765350324959187
-0.24270000000000003,-0.07841744735151898
-0.24369999999999992,-0.07928042124443666
-0.24470000000000003,-0.08007265957236107
-0.24569999999999992,-0.08068098543130305
-0.24670000000000003,-0.08145907664622881
-0.24769999999999992,-0.08199666694017753
-0.24870000000000003,-0.08285964083309519
-0.24969999999999992,-0.08366602627401826
-0.25070000000000003,-0.08438752903694943
-0.2516999999999999,-0.08527879715586441
-0.25270000000000004,-0.08608518259678749
-0.2536999999999999,-0.08696230360270381
-0.25470000000000004,-0.08765551213963767
-0.2556999999999999,-0.08871654561453644
-0.25670000000000004,-0.08953707816845817
-0.25769999999999993,-0.09024443381839069
-0.25870000000000004,-0.0909517894683232
-0.25969999999999993,-0.09164499800525706
-0.26070000000000004,-0.09262114880216396
-0.26169999999999993,-0.09368218227706274
-0.26270000000000004,-0.0943753908139966
-0.26369999999999993,-0.09521007048091697
-0.26470000000000005,-0.0960871914868333
-0.26569999999999994,-0.09709163650973747
-0.26670000000000005,-0.09789802195066052
-0.26769999999999994,-0.09887417274756742
-0.26870000000000005,-0.09969470530148912
-0.26969999999999994,-0.10096794547136766
-0.27070000000000005,-0.10161871266930558
-0.27169999999999994,-0.10225533275424485
-0.27270000000000005,-0.10323148355115172
-0.27369999999999994,-0.10430666413904917
-0.27470000000000006,-0.10491498999799112
-0.27569999999999995,-0.10620237728086832
-0.27670000000000006,-0.10707949828678462
-0.27769999999999995,-0.10790003084070635
-0.27870000000000006,-0.10937133059256597
-0.27969999999999995,-0.10988062666051741
-0.28070000000000006,-0.11058798231044992
-0.28169999999999995,-0.11145095620336758
-0.28270000000000006,-0.11295055018122453
-0.28369999999999995,-0.11360131737916243
-0.28470000000000006,-0.11446429127208012
-0.28569999999999995,-0.11510091135701939
-0.28670000000000007,-0.11609120926692493
-0.28769999999999996,-0.11722297830681694
-0.28870000000000007,-0.11804351086073867
-0.28969999999999996,-0.11859524826768601
-0.29070000000000007,-0.11944407504760506
-0.29169999999999996,-0.12071731521748358
-0.29270000000000007,-0.12159443622339991
-0.29369999999999996,-0.12233008609932973
-0.2947000000000001,-0.12310817731425551
-0.29569999999999996,-0.12402773965916776
-0.2967000000000001,-0.12479168376109491
-0.29769999999999996,-0.1254141567330355
-0.2987000000000001,-0.12653177865992887
-0.29969999999999997,-0.12725328142286002
-0.3007000000000001,-0.12807381397678178
-0.30169999999999997,-0.12893678786969942
-0.3027000000000001,-0.1297148790846252
-0.30369999999999997,-0.13050711741254964
-0.3047000000000001,-0.1312003259494835
-0.30569999999999997,-0.13264333147534585
-0.3067000000000001,-0.1327140670403391
-0.3077,-0.13385998319322978
-0.3087000000000001,-0.13493516378112722
-0.3097,-0.1353595771710867
-0.3107000000000001,-0.13629328662899765
-0.3117,-0.13745334989488697
-0.3127000000000001,-0.1382738824488087
-0.3137,-0.13922173901971824
-0.3147000000000001,-0.14011300713863326
-0.3157,-0.14107501082254145
-0.3167000000000001,-0.1420370145064497
-0.3177,-0.1428858412863687
-0.3187000000000001,-0.14401761032626076
-0.3197,-0.14500790823616627
-0.3207000000000001,-0.1458567350160853
-0.3217,-0.14741291744593682
-0.3227000000000001,-0.14797880196588284
-0.3237,-0.14939351326574787
-0.3247000000000001,-0.1506667534356264
-0.3257,-0.15165705134553195
-0.3267000000000001,-0.15307176264539696
-0.3277,-0.154203531685289
-0.3287000000000001,-0.15561824298515403
-0.3297,-0.15689148315503257
-0.3307000000000001,-0.15816472332491108
-0.3317,-0.15943796349478964
-0.3327000000000001,-0.16141855931460067
-0.3337,-0.1628332706144657
-0.3347000000000001,-0.16438945304431726
-0.3357,-0.1658041643441823
-0.3367000000000001,-0.16721887564404736
-0.3377,-0.1689165292038854
-0.3387000000000001,-0.17061418276372342
-0.3397,-0.17231183632356148
-0.3407000000000001,-0.173868018753413
-0.3417,-0.17542420118326454
-0.3427000000000001,-0.1772633258730891
-0.3437,-0.17896097943292713
-0.3447000000000001,-0.1808001041227517
-0.3457,-0.18249775768258975
-0.3467000000000001,-0.1846198246323873
-0.3477,-0.1861760070622388
-0.3487000000000001,-0.18815660288204988
-0.3497,-0.18985425644188791
-0.3507000000000001,-0.1919763233916855
-0.3517,-0.1936739769515235
-0.3527000000000001,-0.19565457277133455
-0.3537,-0.19805958198110513
-0.3547000000000001,-0.19975723554094318
-0.3557,-0.20202077362072723
-0.35670000000000013,-0.2041428405705248
-0.3577,-0.20626490752032234
-0.35870000000000013,-0.2081040322101469
-0.3597,-0.21079198367989047
-0.36070000000000013,-0.21277257949970152
-0.3617,-0.21489464644949907
-0.3626999999999999,-0.21729965565926962
-0.3637,-0.21970466486904017
-0.3646999999999999,-0.22196820294882427
-0.3657,-0.22409026989862182
-0.3666999999999999,-0.22635380797840585
-0.3677,-0.22861734605818995
-0.3686999999999999,-0.2310223552679605
-0.36970000000000003,-0.23399324899767707
-0.3706999999999999,-0.23625678707746112
-0.37170000000000003,-0.2392276808071777
-0.3726999999999999,-0.24149121888696176
-0.37370000000000003,-0.24389622809673234
-0.3746999999999999,-0.24630123730650288
-0.37570000000000003,-0.24913065990623293
-0.3766999999999999,-0.2515356691160035
-0.37770000000000004,-0.25422362058574705
-0.3786999999999999,-0.2567701009255041
-0.37970000000000004,-0.25959952352523424
-0.3806999999999999,-0.2627118883849373
-0.38170000000000004,-0.2651168975947079
-0.38269999999999993,-0.26766337793446493
-0.38370000000000004,-0.27049280053419505
-0.38469999999999993,-0.27303928087395213
-0.38570000000000004,-0.27586870347368214
-0.38669999999999993,-0.27869812607341227
-0.38770000000000004,-0.2809616641531963
-0.38869999999999993,-0.2839325578829129
-0.38970000000000005,-0.28676198048264295
-0.39069999999999994,-0.289874345342346
-0.39170000000000005,-0.2931281813320356
-0.39269999999999994,-0.2959576039317657
-0.39370000000000005,-0.2989284976614822
-0.39469999999999994,-0.30175792026121234
-0.39570000000000005,-0.3055776407708479
-0.39669999999999994,-0.3076997077206455
-0.39770000000000005,-0.310670601450362
-0.39869999999999994,-0.3136414951800786
-0.39970000000000006,-0.3171782734297412
-0.40069999999999995,-0.32029063828944426
-0.40170000000000006,-0.3236859454091204
-0.40269999999999995,-0.3259494834889044
-0.40370000000000006,-0.32948626173856704
-0.40469999999999995,-0.33245715546828364
-0.40570000000000006,-0.3355695203279867
-0.40669999999999995,-0.3386818851876898
-0.40770000000000006,-0.3416527789174064
-0.40869999999999995,-0.34476514377710943
-0.40970000000000006,-0.34816045089678554
-0.41069999999999995,-0.35155575801646166
-0.41170000000000007,-0.35509253626612425
-0.41269999999999996,-0.35763901660588127
-0.41370000000000007,-0.3613172659855304
-0.41469999999999996,-0.36513698649516596
-0.41570000000000007,-0.3685322936148421
-0.41669999999999996,-0.37221054299449113
-0.41770000000000007,-0.37461555220426174
-0.41869999999999996,-0.3775864459339783
-0.4197000000000001,-0.3812646953136274
-0.42069999999999996,-0.384518531303317
-0.4217000000000001,-0.3881967806829661
-0.42269999999999996,-0.3917335589326287
-0.4237000000000001,-0.3951288660523047
-0.42469999999999997,-0.3990900576919268
-0.4257000000000001,-0.4017780091616704
-0.42669999999999997,-0.40503184515136
-0.4277000000000001,-0.4084271522710361
-0.42869999999999997,-0.4116809882607257
-0.4297000000000001,-0.4157836510303343
-0.43069999999999997,-0.4198863137999429
-0.4317000000000001,-0.4228572075296595
-0.4327,-0.4268183991692816
-0.4337000000000001,-0.4310625330688767
-0.4347,-0.4336090134086337
-0.4357000000000001,-0.43728726278828284
-0.4367,-0.4411069832979185
-0.4377000000000001,-0.444360819287608
-0.4387,-0.4486049531872031
-0.4397000000000001,-0.4522832025668522
-0.4407,-0.45596145194650134
-0.4417000000000001,-0.4599226435861234
-0.4427,-0.46374236409575903
-0.4437000000000001,-0.4667132578254756
-0.4447,-0.47095739172507073
-0.4457000000000001,-0.4747771122347063
-0.4467,-0.47916271726428794
-0.4477000000000001,-0.48241655325397753
-0.4487,-0.48637774489359964
-0.4497000000000001,-0.4896315808832892
-0.4507,-0.4937342436528978
-0.4517000000000001,-0.4981198486824793
-0.4527,-0.5023639825820745
-0.4537000000000001,-0.5061837030917101
-0.4547,-0.5102863658613187
-0.4557000000000001,-0.5138231441109813
-0.4567,-0.5177843357506035
-0.4577000000000001,-0.5220284696501986
-0.4587,-0.5261311324198072
-0.4597000000000001,-0.5300923240594293
-0.4607,-0.5330632177891458
-0.4617000000000001,-0.5377317650787005
-0.4627,-0.5412685433283632
-0.4637000000000001,-0.5456541483579447
-0.4647,-0.5497568111275533
-0.4657000000000001,-0.5537180027671754
-0.4667,-0.5573962521468245
-0.4677000000000001,-0.561781857176406
-0.4687,-0.5653186354260686
-0.4697000000000001,-0.5698457115856368
-0.4707,-0.5739483743552454
-0.4717000000000001,-0.5784754505148135
-0.4727,-0.5830025266743816
-0.4737000000000001,-0.5868222471840172
-0.4747,-0.5919152078635314
-0.4757000000000001,-0.5961593417631265
-0.4767,-0.6001205334027485
-0.4777000000000001,-0.6046476095623167
-0.4787,-0.6088917434619118
-0.4797000000000001,-0.6134188196214798
-0.4807,-0.6175214823910884
-0.48170000000000013,-0.6216241451606972
-0.4827,-0.6258682790602923
-0.48370000000000013,-0.6305368263498469
-0.4847,-0.6357712581593474
-0.48570000000000013,-0.6405812765788885
-0.4867,-0.6442595259585376
-0.4876999999999999,-0.6480792464681732
-0.4887,-0.6534551494076605
-0.4896999999999999,-0.658123696697215
-0.4907,-0.6615190038168911
-0.4916999999999999,-0.6673193201463378
-0.4927,-0.672978165345798
-0.4936999999999999,-0.6773637703753796
-0.49470000000000003,-0.6811834908850152
-0.4956999999999999,-0.6858520381745697
-0.49670000000000003,-0.6900961720741648
-0.4976999999999999,-0.6950476616236926
-0.49870000000000003,-0.6994332666532742
-0.4996999999999999,-0.7043847562028018
-0.5007,-0.7090533034923564
-0.5016999999999999,-0.713438908521938
-0.5027,-0.717683042421533
-0.5036999999999999,-0.7237663010109527
-0.5047,-0.7281519060405344
-0.5056999999999999,-0.7338107512399946
-0.5067,-0.7386207696595357
-0.5076999999999999,-0.7427234324291443
-0.5087,-0.74937257553851
-0.5096999999999999,-0.753050824918159
-0.5107,-0.7585681989876326
-0.5116999999999999,-0.7640855730571063
-0.5127,-0.76960294712658
-0.5136999999999999,-0.7755447345860131
-0.5147,-0.7806376952655272
-0.5156999999999999,-0.7862965404649873
-0.5167,-0.792096856794434
-0.5176999999999999,-0.7969068752139751
-0.5187,-0.8032730760633678
-0.5196999999999999,-0.8092148635228009
-0.5207,-0.8143078242023152
-0.5216999999999999,-0.8213813807016404
-0.5227,-0.8273231681610735
-0.5236999999999999,-0.8334064267504931
-0.5247,-0.8401970409898453
-0.5257,-0.846846184099211
-0.5267000000000001,-0.8566076920682798
-0.5277,-0.8595785857979963
-0.5287000000000001,-0.8646715464775104
-0.5297,-0.8716036318468491
-0.5307000000000001,-0.8795260151260933
-0.5317,-0.8881557540552701
-0.5327000000000001,-0.8928243013448246
-0.5337,-0.8977757908943523
-0.5347000000000001,-0.906405529823529
-0.5357,-0.9147523264927326
-0.5367000000000001,-0.9195623449122737
-0.5377,-0.9267773725415855
-0.5387000000000001,-0.9345582846908432
-0.5397,-0.9395097742403707
-0.5407000000000001,-0.9505445223793181
-0.5417,-0.9574766077486568
-0.5427000000000001,-0.9641257508580224
-0.5437,-0.9726140186572129
-0.5447000000000001,-0.9818096421063355
-0.5457,-0.9890246697356472
-0.5467000000000001,-0.9969470530148913
-0.5477,-1.005293849684095
-0.5487000000000001,-1.0139235886132718
-0.5497,-1.0222703852824755
-0.5507000000000001,-1.0311830664716253
-0.5517,-1.039812805400802
-0.5527000000000001,-1.0494328422398842
-0.5537,-1.05891140794898
-0.5547000000000001,-1.0661264355782916
-0.5557,-1.075463530157401
-0.5567000000000001,-1.0836688556966183
-0.5577,-1.0935718347956733
-0.5587000000000001,-1.1040406984146747
-0.5597,-1.11394367751373
-0.5607000000000001,-1.124695483392704
-0.5617,-1.1362961160515976
-0.5627000000000001,-1.1461990951506527
-0.5637,-1.157799727809546
-0.5647000000000001,-1.1692588893384528
-0.5657,-1.1810009931273324
-0.5667000000000001,-1.1935919236961314
-0.5677,-1.205475498614998
-0.5687000000000001,-1.217642015793837
-0.5697,-1.231081773142555
-0.5707000000000001,-1.2439556459713268
-0.5717,-1.2573954033200445
-0.5727000000000001,-1.2701278050188298
-0.5737,-1.2838505046275208
-0.5747000000000001,-1.2979976176261712
-0.5757,-1.3139838553146461
-0.5767000000000001,-1.3302530352630941
-0.5777,-1.3469466286015015
-0.5787000000000001,-1.3618010972500845
-0.5797,-1.3782117483285188
-0.5807000000000001,-1.386417073867736
-0.5817,-1.405232734155941
-0.5827000000000001,-1.423199567664227
-0.5837,-1.4415908145624723
-0.5847000000000001,-1.462811484060448
-0.5857,-1.4812027309586933
-0.5867000000000001,-1.499593977856939
-0.5877,-1.5179852247551844
-0.5887000000000001,-1.5377911829532949
-0.5897,-1.5604265637511354
-0.5907000000000001,-1.5816472332491107
-0.5917,-1.6056973253468165
-0.5927000000000001,-1.6283327061446573
-0.5937,-1.6523827982423631
-0.5947000000000001,-1.6736034677403384
-0.5957,-1.6976535598380442
-0.5967000000000001,-1.7231183632356148
-0.5977,-1.7471684553333202
-0.5987000000000001,-1.774047970030756
-0.5997,-1.8009274847281918
-0.6007000000000001,-1.8292217107254924
-0.6017,-1.8589306480226582
-0.6027000000000001,-1.8886395853198237
-0.6037,-1.9183485226169896
-0.6047000000000001,-1.9480574599141556
-0.6057,-1.9791811085111866
-0.6067000000000001,-2.011719468408082
-0.6077,-2.045672539604843
-0.6087000000000001,-2.081040322101469
-0.6097,-2.116408104598095
-0.6107000000000001,-2.1531905983945863
-0.6117,-2.1913878034909415
-0.6126999999999999,-2.229585008587298
-0.6137,-2.2677822136836534
-0.6146999999999999,-2.310223552679605
-0.6157,-2.352664891675556
-0.6166999999999999,-2.396520941971372
-0.6177,-2.4403769922671885
-0.6186999999999999,-2.4870624651627344
-0.6197,-2.5351626493581456
-0.6206999999999999,-2.584677544853422
-0.6217,-2.6327777290488332
-0.6226999999999999,-2.6837073358439745
-0.6237,-2.7360516539389814
-0.6246999999999999,-2.7926401059335824
-0.6257,-2.846399135328454
-0.6266999999999999,-2.9044022986229203
-0.6277,-2.963820173217252
-0.6286999999999999,-3.0260674704113137
-0.6297,-3.0883147676053753
-0.6306999999999999,-3.153391487399167
-0.6317,-3.2198829184928233
-0.6326999999999999,-3.28354492698675
-0.6337,-3.352865780680137
-0.6346999999999999,-3.426430768273119
-0.6357,-3.502825178465831
-0.6366999999999999,-3.5749754547589476
-0.6377,-3.6457110197521994
-0.6386999999999999,-3.7235201412447765
-0.6397,-3.8027439740372184
-0.6406999999999999,-3.887626652029121
-0.6417,-3.975338752620753
-0.6426999999999999,-4.065880275812115
-0.6437,-4.157836510303343
-0.6446999999999999,-4.24979274479457
-0.6457,-4.343163690585662
-0.6466999999999999,-4.442193481576215
-0.6477,-4.539808561266903
-0.6486999999999999,-4.640253063557321
-0.6497,-4.743526988447469
-0.6507,-4.849630335937346
-0.6517000000000001,-4.958563106026954
-0.6527,-5.070325298716291
-0.6537000000000001,-5.1863316253052245
-0.6547,-5.306582085793753
-0.6557000000000001,-5.4225884123826855
-0.6567,-5.544253584171079
-0.6577000000000001,-5.677236446358393
-0.6587,-5.813048731145436
-0.6597000000000001,-5.948861015932479
-0.6607,-6.093161568518712
-0.6617000000000001,-6.230388564605621
-0.6627,-6.376103828491721
-0.6637000000000001,-6.514745535878494
-0.6647,-6.6632902223643224
-0.6657000000000001,-6.816079042749746
-0.6667,-6.973111997034766
-0.6677000000000001,-7.1414626417187055
-0.6687,-7.304154441203185
-0.6697000000000001,-7.472505085887125
-0.6707,-7.638026307971333
-0.6717000000000001,-7.813450509154598
-0.6727,-7.9888747103378615
-0.6737000000000001,-8.168543045420723
-0.6747,-8.35669964830277
-0.6757000000000001,-8.542026828585092
-0.6767,-8.731598142767007
-0.6777000000000001,-8.916925323049327
-0.6787,-9.124887884129487
-0.6797000000000001,-9.32011804351086
-0.6807,-9.518177625491967
-0.6817000000000001,-9.724725475272262
-0.6827,-9.939761592851747
-0.6837000000000001,-10.15904184433083
-0.6847,-10.372663250610449
-0.6857000000000001,-10.584869945590203
-0.6867,-10.831029711766721
-0.6877000000000001,-11.058798231044992
-0.6887,-11.295055018122452
-0.6897000000000001,-11.529897093900049
-0.6907,-11.78030099397616
-0.6917000000000001,-12.050510852250381
-0.6927,-12.320720710524604
-0.6937000000000001,-12.585271723599366
-0.6947,-12.835675623675478
-0.6957000000000001,-13.09173836895105
-0.6967,-13.370436495024462
-0.6977000000000001,-13.634987508099224
-0.6987,-13.916515056772363
-0.6997000000000001,-14.203701450644967
-0.7007,-14.514937936615278
-0.7017000000000001,-14.826174422585586
-0.7027,-15.10911668255859
-0.7037000000000001,-15.37791182953295
-0.7047,-15.675001202504609
-0.7057000000000001,-15.986237688474914
-0.7067,-16.29747417444522
-0.7077000000000001,-16.60871066041553
-0.7087,-16.962388485381787
-0.7097000000000001,-17.301919197349395
-0.7107,-17.669744135314307
-0.7117000000000001,-18.03756907327922
-0.7127,-18.377099785246827
-0.7137000000000001,-18.730777610213085
-0.7147,-19.098602548177997
-0.7157000000000001,-19.466427486142905
-0.7167,-19.876693763103766
-0.7177000000000001,-20.244518701068674
-0.7187,-20.640637865030882
-0.7197000000000001,-20.966021463999844
-0.7207,-21.333846401964752
-0.7217000000000001,-21.729965565926964
-0.7227,-22.126084729889175
-0.7237000000000001,-22.550498119848687
-0.7247,-23.003205735805498
-0.7257000000000001,-23.41347201276636
-0.7267,-23.88032674172182
-0.7277000000000001,-24.33303435767863
-0.7287,-24.771594860636792
-0.7297000000000001,-25.167714024599
-0.7307,-25.634568753554465
-0.7317000000000001,-26.101423482509926
-0.7327,-26.525836872469437
-0.7337000000000001,-26.97854448842625
-0.7347,-27.37466365238846
-0.7357000000000001,-27.898106833338524
-0.7367,-28.364961562293985
-0.7376999999999999,-28.88840474324405
-0.7387,-29.42599503719276
-0.7396999999999999,-29.949438218142824
-0.7407,-30.402145834099635
-0.7416999999999999,-30.939736128048356
-0.7427,-31.449032195999767
-0.7436999999999999,-31.930034037953877
-0.7447,-32.51006567089854
-0.7456999999999999,-33.04765596484726
-0.7467,-33.55695203279867
-0.7476999999999999,-34.13698366574334
-0.7487,-34.702868185689354
-0.7496999999999999,-35.282899818634014
-0.7507,-35.74975454758948
-0.7516999999999999,-36.28734484153819
-0.7527,-36.92396492647745
-0.7536999999999999,-37.50399655942213
-0.7547,-38.08402819236679
-0.7556999999999999,-38.63576559931415
-0.7567,-39.187503006261515
-0.7576999999999999,-39.78168175220483
-0.7587,-40.4465960631414
-0.7596999999999999,-41.01248058308742
-0.7607,-41.677394894023976
-0.7616999999999999,-42.214985187972694
-0.7627,-42.82331104691466
-0.7636999999999999,-43.36090134086337
-0.7647,-43.89849163481209
-0.7656999999999999,-44.535111719751356
-0.7667,-45.20002603068792
-0.7676999999999999,-45.93567590661774
-0.7687,-46.572295991557006
-0.7696999999999999,-47.13818051150302
-0.7707,-47.689917918450384
-0.7716999999999999,-48.312390890391
-0.7727,-48.96315808832892
-0.7736999999999999,-49.59977817326819
-0.7747,-50.29298671020206
-0.7757,-50.90131256914402
-0.7767000000000001,-51.60866821907654
-0.7777,-52.2169940780185
-0.7787000000000001,-52.78287859796452
-0.7797,-53.433645795902436
-0.7807000000000001,-54.05611876784305
-0.7817,-54.70688596578097
-0.7827000000000001,-55.456682954709436
-0.7837,-56.079155926650046
-0.7847000000000001,-56.70162889859067
-0.7857,-57.423131661521836
-0.7867000000000001,-57.98901618146786
-0.7877,-58.569047814412514
-0.7887000000000001,-59.13493233435853
-0.7897,-59.67252262830725
-0.7907000000000001,-60.43646673023436
-0.7917,-61.228705058158795
-0.7927000000000001,-61.851178030099405
-0.7937,-62.572680793030564
-0.7947000000000001,-63.26588932996445
-0.7957,-63.831773849910455
-0.7967000000000001,-64.51083527384567
-0.7977,-65.2181909237782
-0.7987000000000001,-65.85481100871746
-0.7997,-66.44898975466076
-0.8007000000000001,-67.07146272660138
-0.8017,-67.7788183765339
-0.8027000000000001,-68.30226155748396
-0.8037,-68.82570473843404
-0.8047000000000001,-69.23597101539488
-0.8057,-69.99991511732202
-0.8067000000000001,-70.69312365425588
-0.8077,-71.38633219118975
-0.8087000000000001,-71.98051093713306
-0.8097,-72.47565989208583
-0.8107000000000001,-73.197162655017
-0.8117,-73.91866541794816
-0.8127000000000001,-74.61187395488203
-0.8137,-75.1070229098348
-0.8147000000000001,-75.43240650880375
-0.8157,-75.98414391575112
-0.8167000000000001,-76.60661688769173
-0.8177,-77.35641387662021
-0.8187000000000001,-78.09206375255003
-0.8197,-78.85600785447714
-0.8207000000000001,-79.37945103542721
-0.8217,-79.73312886039348
-0.8227000000000001,-80.11510091135703
-0.8237,-80.52536718831789
-0.8247000000000001,-81.26101706424771
-0.8257,-81.94007848818292
-0.8267000000000001,-82.56255146012353
-0.8277,-82.64743413811544
-0.8287000000000001,-83.04355330207765
-0.8297,-83.83579163000208
-0.8307000000000001,-84.6280299579265
-0.8317,-85.2222087038698
-0.8327000000000001,-86.11347682278479
-0.8337,-86.41056619575643
-0.8347000000000001,-86.91986226370786
-0.8357,-87.69795347863361
-0.8367000000000001,-88.12236686859313
-0.8377,-88.74483984053374
-0.8387000000000001,-89.35316569947572
-0.8397,-89.70684352444198
-0.8407000000000001,-90.5273760783637
-0.8417,-91.20643750229891
-0.8427000000000001,-91.44693842327598
-0.8437,-91.75817490924628
-0.8447000000000001,-92.14014696020983
-0.8457,-92.26747097719769
-0.8467000000000001,-92.59285457616664
-0.8477,-93.31435733909782
-0.8487000000000001,-93.96512453703575
-0.8497,-94.53100905698176
-0.8507000000000001,-94.68662729996691
-0.8517,-94.95542244694126
-0.8527000000000001,-95.35154161090348
-0.8537,-96.18622127782385
-0.8547000000000001,-96.82284136276311
-0.8557,-96.89357692775637
-0.8567000000000001,-97.41702010870642
-0.8577,-97.95461040265513
-0.8587000000000001,-98.3931709056133
-0.8597,-98.73270161758091
-0.8607000000000001,-99.01564387755391
-0.8617,-99.35517458952152
-0.8626999999999999,-99.97764756146215
-0.8637,-100.5010907424122
-0.8646999999999999,-101.08112237535688
-0.8657,-101.77433091229074
-0.8666999999999999,-101.88750781627995
-0.8677,-102.1845971892516
-0.8686999999999999,-102.5807163532138
-0.8697,-103.30221911614498
-0.8706999999999999,-104.0378689920748
-0.8717,-104.06616321807209
-0.8726999999999999,-104.61790062501946
-0.8737,-105.25452070995874
-0.8746999999999999,-105.4101389529439
-0.8757,-105.73552255191284
-0.8766999999999999,-106.2023772808683
-0.8777,-106.95217426979677
-0.8786999999999999,-107.13608673877923
-0.8797,-107.631235693732
-0.8806999999999999,-108.18297310067936
-0.8817,-108.74885762062537
-0.8826999999999999,-109.35718347956733
-0.8837,-109.52694883555114
-0.8846999999999999,-109.58353728754575
-0.8857,-109.6259786265417
-0.8866999999999999,-109.92306799951335
-0.8857,-109.83818532152145
-0.8846999999999999,-108.96106431560513
-0.8837,-108.43762113465506
-0.8826999999999999,-108.2537086656726
-0.8817,-107.50391167674414
-0.8806999999999999,-106.83899736580757
-0.8797,-105.82040522990474
-0.8786999999999999,-104.95743133698709
-0.8777,-103.98128054008019
-0.8766999999999999,-103.28807200314633
-0.8757,-103.09001242116523
-0.8746999999999999,-102.1845971892516
-0.8737,-101.47724153931907
-0.8726999999999999,-100.76988588938657
-0.8717,-100.06253023945405
-0.8706999999999999,-99.27029191152963
-0.8697,-98.66196605258766
-0.8686999999999999,-97.84143349866595
-0.8677,-97.72825659467674
-0.8666999999999999,-97.68581525568078
-0.8657,-97.16237207473071
-0.8646999999999999,-96.3701337468063
-0.8637,-96.24280972981845
-0.8626999999999999,-95.67692520987244
-0.8617,-94.68662729996691
-0.8607000000000001,-93.95097742403709
-0.8597,-93.31435733909782
-0.8587000000000001,-92.76261993215046
-0.8577,-92.02697005622063
-0.8567000000000001,-91.29132018029082
-0.8557,-90.45664051337044
-0.8547000000000001,-89.80587331543254
-0.8537,-89.12681189149731
-0.8527000000000001,-88.34872067657155
-0.8517,-87.66965925263632
-0.8507000000000001,-87.37256987966467
-0.8497,-86.83497958571596
-0.8487000000000001,-86.41056619575643
-0.8477,-85.59003364183472
-0.8467000000000001,-85.0241491218887
-0.8457,-84.00555698598588
-0.8447000000000001,-83.35478978804795
-0.8437,-82.98696485008304
-0.8427000000000001,-83.05770041507631
-0.8417,-82.43522744313569
-0.8407000000000001,-81.74201890620182
-0.8397,-81.06295748226661
-0.8387000000000001,-80.45463162332464
-0.8377,-79.91704132937592
-0.8367000000000001,-79.36530392242857
-0.8357,-78.68624249849334
-0.8347000000000001,-77.83741571857432
-0.8337,-77.1300600686418
-0.8327000000000001,-76.52173420969983
-0.8317,-76.33782174071737
-0.8307000000000001,-75.8992612377592
-0.8297,-75.20605270082535
-0.8287000000000001,-74.54113838988879
-0.8277,-73.93281253094682
-0.8267000000000001,-73.3952222369981
-0.8257,-72.87177905604804
-0.8247000000000001,-73.197162655017
-0.8237,-72.30589453610202
-0.8227000000000001,-71.66927445116276
-0.8217,-71.01850725322484
-0.8207000000000001,-70.46676984627747
-0.8197,-69.87259110033416
-0.8187000000000001,-69.19352967639895
-0.8177,-68.61349804345427
-0.8167000000000001,-68.01931929751096
-0.8157,-68.38714423547587
-0.8147000000000001,-67.96273084551636
-0.8137,-67.45343477756495
-0.8127000000000001,-67.01487427460678
-0.8117,-66.57631377164863
-0.8107000000000001,-66.10945904269316
-0.8097,-65.64260431373769
-0.8087000000000001,-65.04842556779438
-0.8077,-64.52498238684433
-0.8067000000000001,-63.930803640901004
-0.8057,-64.18545167487672
-0.8047000000000001,-63.874215188906405
-0.8037,-63.5063902509415
-0.8027000000000001,-63.05368263498469
-0.8017,-62.44535677604272
-0.8007000000000001,-61.97850204708726
-0.7997,-61.5116473181318
-0.7987000000000001,-60.903321459189826
-0.7977,-60.47890806923032
-0.7967000000000001,-60.294995600247866
-0.7957,-59.85643509728971
-0.7947000000000001,-59.403727481332886
-0.7937,-58.894431413381476
-0.7927000000000001,-58.45587091042332
-0.7917,-58.116340198455696
-0.7907000000000001,-58.116340198455696
-0.7897,-57.649485469500235
-0.7887000000000001,-57.26751341853669
-0.7877,-56.82895291557852
-0.7867000000000001,-56.51771642960822
-0.7857,-56.093303039648696
-0.7847000000000001,-55.612301197694585
-0.7837,-55.442535841710786
-0.7827000000000001,-55.400094502714836
-0.7817,-54.84835709576747
-0.7807000000000001,-54.43809081880661
-0.7797,-53.91464763785655
-0.7787000000000001,-53.447792908901086
-0.7777,-52.966791066946975
-0.7767000000000001,-52.528230563988814
-0.7757,-52.2169940780185
-0.7747,-51.86331625305225
-0.7736999999999999,-51.424755750094086
-0.7727,-50.957901021138625
-0.7716999999999999,-50.50519340518181
-0.7707,-50.179809806212845
-0.7696999999999999,-49.76954352925199
-0.7687,-49.33098302629383
-0.7676999999999999,-48.90656963633432
-0.7667,-48.41142068138156
-0.7656999999999999,-47.94456595242609
-0.7647,-47.590888127459834
-0.7636999999999999,-47.30794586748683
-0.7627,-46.92597381652327
-0.7616999999999999,-46.544001765559706
-0.7607,-46.24691239258805
-0.7596999999999999,-46.062999923605595
-0.7587,-45.567850968652834
-0.7576999999999999,-45.17173180469062
-0.7567,-44.78975975372706
-0.7556999999999999,-44.3229050247716
-0.7547,-43.98337431280399
-0.7536999999999999,-43.61554937483908
-0.7527,-43.134547532884966
-0.7516999999999999,-42.71013414292546
-0.7507,-42.4413389959511
-0.7496999999999999,-42.229132300971344
-0.7487,-41.83301313700913
-0.7476999999999999,-41.40859974704962
-0.7467,-40.97003924409146
-0.7456999999999999,-40.48903740213735
-0.7447,-40.02218267318189
-0.7436999999999999,-39.72509330021023
-0.7427,-39.71094618721158
-0.7416999999999999,-39.39970970124127
-0.7407,-39.03188476327636
-0.7396999999999999,-38.57917714731955
-0.7387,-38.267940661349236
-0.7376999999999999,-37.95670417537893
-0.7367,-37.617173463411326
-0.7357000000000001,-37.164465847454515
-0.7347,-36.796640909489604
-0.7337000000000001,-36.54199287551389
-0.7327,-36.25905061554089
-0.7317000000000001,-35.89122567757598
-0.7307,-35.56584207860703
-0.7297000000000001,-35.183870027643465
-0.7287,-34.8301922026772
-0.7277000000000001,-34.51895571670689
-0.7267,-34.26430768273119
-0.7257000000000001,-33.93892408376223
-0.7247,-33.57109914579732
-0.7237000000000001,-33.25986265982701
-0.7227,-32.96277328685535
-0.7217000000000001,-32.62324257488775
-0.7207,-32.31200608891744
-0.7197000000000001,-32.02906382894443
-0.7187,-31.731974455972775
-0.7177000000000001,-31.434885083001117
-0.7167,-31.052913032037555
-0.7157000000000001,-30.7841178850632
-0.7147,-30.55776407708479
-0.7137000000000001,-30.204086252118536
-0.7127,-29.935291105144174
-0.7117000000000001,-29.62405461917387
-0.7107,-29.32696524620221
-0.7097000000000001,-29.001581647233255
-0.7087,-28.718639387260247
-0.7077000000000001,-28.435697127287238
-0.7067,-28.15275486731423
-0.7057000000000001,-27.898106833338524
-0.7047,-27.601017460366865
-0.7037000000000001,-27.303928087395207
-0.7027,-27.035132940420848
-0.7017000000000001,-26.738043567449193
-0.7007,-26.469248420474838
-0.6997000000000001,-26.20045327350048
-0.6987,-25.931658126526123
-0.6977000000000001,-25.648715866553115
-0.6967,-25.43650917157336
-0.6957000000000001,-25.153566911600354
-0.6947,-24.856477538628695
-0.6937000000000001,-24.57353527865569
-0.6927,-24.27644590568403
-0.6917000000000001,-24.00765075870967
-0.6907,-23.738855611735314
-0.6897000000000001,-23.48420757775961
-0.6887,-23.2012653177866
-0.6877000000000001,-22.932470170812245
-0.6867,-22.621233684841933
-0.6857000000000001,-22.39487987686353
-0.6847,-22.140231842887825
-0.6837000000000001,-21.885583808912116
-0.6827,-21.61678866193776
-0.6817000000000001,-21.390434853959356
-0.6807,-21.13578681998365
-0.6797000000000001,-20.881138786007945
-0.6787,-20.654784978029536
-0.6777000000000001,-20.38598983105518
-0.6767,-20.187930249074075
-0.6757000000000001,-19.919135102099716
-0.6747,-19.664487068124007
-0.6737000000000001,-19.508868825138855
-0.6727,-19.31080924315775
-0.6717000000000001,-19.084455435179343
-0.6707,-18.843954514202288
-0.6697000000000001,-18.589306480226583
-0.6687,-18.362952672248177
-0.6677000000000001,-18.164893090267068
-0.6667,-17.980980621284615
-0.6657000000000001,-17.782921039303513
-0.6647,-17.584861457322408
-0.6637000000000001,-17.3302134233467
-0.6627,-17.103859615368293
-0.6617000000000001,-16.877505807389888
-0.6607,-16.679446225408782
-0.6597000000000001,-16.453092417430376
-0.6587,-16.28332706144657
-0.6577000000000001,-16.071120366466815
-0.6567,-15.87306078448571
-0.6557000000000001,-15.660854089505953
-0.6547,-15.4769416205235
-0.6537000000000001,-15.250587812545096
-0.6527,-15.05252823056399
-0.6517000000000001,-14.854468648582884
-0.6507,-14.65640906660178
-0.6497,-14.458349484620674
-0.6486999999999999,-14.274437015638219
-0.6477,-14.10608637095428
-0.6466999999999999,-13.90095323247385
-0.6457,-13.726943742590452
-0.6446999999999999,-13.534543005808807
-0.6437,-13.401560143621493
-0.6426999999999999,-13.257259591035258
-0.6417,-13.08890894635132
-0.6406999999999999,-12.896508209569674
-0.6397,-12.73806054398479
-0.6386999999999999,-12.53009798290463
-0.6377,-12.37306502861961
-0.6366999999999999,-12.204714383935672
-0.6357,-12.029290182752407
-0.6346999999999999,-11.876501362366984
-0.6337,-11.712394851582639
-0.6326999999999999,-11.54970305209816
-0.6317,-11.37569356221476
-0.6306999999999999,-11.218660607929742
-0.6297,-11.065871787544317
-0.6286999999999999,-10.900350565460107
-0.6277,-10.747561745074684
-0.6266999999999999,-10.60326119248845
-0.6257,-10.450472372103025
-0.6246999999999999,-10.275048170919762
-0.6237,-10.1562124217311
-0.6226999999999999,-10.02747369344338
-0.6217,-9.894490831256066
-0.6206999999999999,-9.728969609171857
-0.6197,-9.579010211386164
-0.6186999999999999,-9.447442060498714
-0.6177,-9.303141507912482
-0.6166999999999999,-9.170158645725168
-0.6157,-9.027272804438798
-0.6146999999999999,-8.885801674452297
-0.6137,-8.752818812264982
-0.6126999999999999,-8.628324217876859
-0.6117,-8.496756066989409
-0.6107000000000001,-8.368017338701693
-0.6097,-8.225131497415324
-0.6087000000000001,-8.100636903027201
-0.6077,-7.973312886039348
-0.6067000000000001,-7.829012333453114
-0.6057,-7.71017658426445
-0.6047000000000001,-7.595584968975381
-0.6037,-7.4824080649861795
-0.6027000000000001,-7.37347529489657
-0.6017,-7.244736566608854
-0.6007000000000001,-7.1216566835205946
-0.5997,-7.015553336030716
-0.5987000000000001,-6.900961720741648
-0.5977,-6.796273084551637
-0.5967000000000001,-6.687340314462029
-0.5957,-6.575578121772692
-0.5947000000000001,-6.462401217783487
-0.5937,-6.357712581593474
-0.5927000000000001,-6.254438656703328
-0.5917,-6.15965299961237
-0.5907000000000001,-6.056379074722222
-0.5897,-5.955934572431804
-0.5887000000000001,-5.854075358841522
-0.5877,-5.753630856551104
-0.5867000000000001,-5.660259910760012
-0.5857,-5.593768479666355
-0.5847000000000001,-5.506056379074723
-0.5837,-5.405611876784305
-0.5827000000000001,-5.299508529294427
-0.5817,-5.19906402700401
-0.5807000000000001,-5.108522503812647
-0.5797,-5.02505453712061
-0.5787000000000001,-4.933098302629383
-0.5777,-4.8581186037365365
-0.5767000000000001,-4.7803094822439585
-0.5757,-4.691182670352461
-0.5747000000000001,-4.604885281060694
-0.5737,-4.521417314368658
-0.5727000000000001,-4.4322905024771595
-0.5717,-4.355896092284448
-0.5707000000000001,-4.279501682091736
-0.5697,-4.21018082839835
-0.5687000000000001,-4.138030552105232
-0.5677,-4.0644655645122505
-0.5667000000000001,-3.9937299995189983
-0.5657,-3.9258238571254775
-0.5647000000000001,-3.85084415823263
-0.5637,-3.781523304539243
-0.5627000000000001,-3.7122024508458558
-0.5617,-3.641466885852605
-0.5607000000000001,-3.5749754547589476
-0.5597,-3.505654601065561
-0.5587000000000001,-3.4462367264712297
-0.5577,-3.3854041405770325
-0.5567000000000001,-3.3203274207832414
-0.5557,-3.2594948348890447
-0.5547000000000001,-3.204321094194308
-0.5537,-3.1463179308998415
-0.5527000000000001,-3.0883147676053753
-0.5517,-3.0303116043109086
-0.5507000000000001,-2.973723152316307
-0.5497,-2.9213788342213007
-0.5487000000000001,-2.864790382226699
-0.5477,-2.8096166415319628
-0.5467000000000001,-2.7572723234369563
-0.5457,-2.7077574279416803
-0.5447000000000001,-2.656827821146539
-0.5437,-2.6073129256512626
-0.5427000000000001,-2.5592127414558514
-0.5417,-2.50828313466071
-0.5407000000000001,-2.464427084364894
-0.5397,-2.4163269001694827
-0.5387000000000001,-2.3682267159740715
-0.5377,-2.3272000882779853
-0.5367000000000001,-2.283344037982169
-0.5357,-2.2394879876863527
-0.5347000000000001,-2.197046648690402
-0.5337,-2.1546053096944506
-0.5327000000000001,-2.11782281589796
-0.5317,-2.073966765602144
-0.5307000000000001,-2.0343548492059225
-0.5297,-1.9919135102099716
-0.5287000000000001,-1.9551310164134805
-0.5277,-1.9183485226169896
-0.5267000000000001,-1.8815660288204987
-0.5257,-1.8447835350240078
-0.5247,-1.8122451751271118
-0.5236999999999999,-1.775462681330621
-0.5227,-1.7415096101338603
-0.5216999999999999,-1.7103859615368293
-0.5207,-1.6764328903400685
-0.5196999999999999,-1.6453092417430377
-0.5187,-1.614185593146007
-0.5176999999999999,-1.580232521949246
-0.5167,-1.55052358465208
-0.5156999999999999,-1.5208146473549145
-0.5147,-1.4925204213576138
-0.5136999999999999,-1.462811484060448
-0.5127,-1.433102546763282
-0.5116999999999999,-1.4062230320658466
-0.5107,-1.3780702771985323
-0.5096999999999999,-1.350200464591191
-0.5087,-1.3255844879735392
-0.5076999999999999,-1.2977146753661983
-0.5067,-1.2716839874486814
-0.5056999999999999,-1.2455118284011784
-0.5047,-1.2207543806535404
-0.5036999999999999,-1.1957139906459289
-0.5027,-1.1727956675881153
-0.5016999999999999,-1.1514335269601534
-0.5007,-1.1275249059924342
-0.4996999999999999,-1.1055968808445262
-0.49870000000000003,-1.0849420958664966
-0.4976999999999999,-1.0638628974985076
-0.49670000000000003,-1.042642228000532
-0.4956999999999999,-1.0218459718925161
-0.49470000000000003,-1.0027473693443378
-0.4936999999999999,-0.9832243534062003
-0.4927,-0.9639842797280359
-0.4916999999999999,-0.944036850399939
-0.4907,-0.9259285457616666
-0.4896999999999999,-0.9078202411233941
-0.4887,-0.8911266477849867
-0.4876999999999999,-0.8731598142767006
-0.4867,-0.8563247498083066
-0.48570000000000013,-0.8383579163000208
-0.4847,-0.8215228518316268
-0.48370000000000013,-0.8055366141431518
-0.4827,-0.7896918475846634
-0.48170000000000013,-0.7751203211960536
-0.4807,-0.7599829102874976
-0.4797000000000001,-0.7455528550288744
-0.4787,-0.729991030730359
-0.4777000000000001,-0.715985388861695
-0.4767,-0.7016968047330582
-0.4757000000000001,-0.6888229319042865
-0.4747,-0.675524645685555
-0.4737000000000001,-0.6622263594668236
-0.4727,-0.6493524866380518
-0.4717000000000001,-0.6360542004193205
-0.4707,-0.6241706255004541
-0.4697000000000001,-0.6120041083216149
-0.4687,-0.599696120012789
-0.4677000000000001,-0.5880954873538957
-0.4667,-0.5869637183140037
-0.4657000000000001,-0.5663089333359742
-0.4647,-0.5551327140670403
-0.4637000000000001,-0.5442394370580796
-0.4627,-0.5330632177891458
-0.4617000000000001,-0.5228772964301176
-0.4607,-0.5117010771611837
-0.4597000000000001,-0.5020810403221014
-0.4587,-0.4923195323530327
-0.4577000000000001,-0.4826994955139505
-0.4567,-0.4733624009348413
-0.4557000000000001,-0.46459119087567796
-0.4547,-0.4548296829066093
-0.4537000000000001,-0.44605847284744604
-0.4527,-0.4379946184382154
-0.4517000000000001,-0.4290819372490656
-0.4507,-0.42073514057986194
-0.4497000000000001,-0.4122468727806717
-0.4487,-0.40432448950142746
-0.4477000000000001,-0.3962606350921968
-0.4467,-0.38947002085284455
-0.4457000000000001,-0.3818305798335734
-0.4447,-0.37433260994428874
-0.4437000000000001,-0.36683464005500405
-0.4427,-0.3600440258156518
-0.4417000000000001,-0.3528289981863401
-0.4407,-0.345755441687015
-0.4397000000000001,-0.3392477697076358
-0.4387,-0.3320327420783241
-0.4377000000000001,-0.3256665412289314
-0.4367,-0.31901739811956575
-0.4357000000000001,-0.31265119727017304
-0.4347,-0.30699235207071296
-0.4337000000000001,-0.3006261512213203
-0.4327,-0.29482583489187364
-0.4317000000000001,-0.289025518562427
-0.43069999999999997,-0.28379108675292636
-0.4297000000000001,-0.27784929929349317
-0.42869999999999997,-0.2728978097439656
-0.4277000000000001,-0.26766337793446493
-0.42669999999999997,-0.2621460038649913
-0.4257000000000001,-0.25733598544545017
-0.42469999999999997,-0.252243024765936
-0.4237000000000001,-0.24729153521640837
-0.42269999999999996,-0.2426229879268538
-0.4217000000000001,-0.23795444063729917
-0.42069999999999996,-0.23342736447773108
-0.4197000000000001,-0.22833440379821693
-0.41869999999999996,-0.2242317410286083
-0.41770000000000007,-0.21970466486904017
-0.41669999999999996,-0.2153190598394586
-0.41570000000000007,-0.21121639706985
-0.41469999999999996,-0.20711373430024138
-0.41370000000000007,-0.20315254266061927
-0.41269999999999996,-0.19890840876102414
-0.41170000000000007,-0.19508868825138856
-0.41069999999999995,-0.19141043887173945
-0.40970000000000006,-0.18759071836210386
-0.40869999999999995,-0.18348805559249526
-0.40770000000000006,-0.17995127734283267
-0.40669999999999995,-0.17613155683319706
-0.40570000000000006,-0.17217036519357498
-0.40469999999999995,-0.16919947146385841
-0.40370000000000006,-0.1656626932141958
-0.40269999999999995,-0.1624088572245062
-0.40170000000000006,-0.15915502123481662
-0.40069999999999995,-0.15561824298515403
-0.39970000000000006,-0.15293029151541046
-0.39869999999999994,-0.1498179266557074
-0.39770000000000005,-0.1465640906660178
-0.39669999999999994,-0.14387613919627423
-0.39570000000000005,-0.14101842237054685
-0.39469999999999994,-0.13779288060685457
-0.39370000000000005,-0.13514737047610695
-0.39269999999999994,-0.13238868344137011
-0.39170000000000005,-0.1299129386666063
-0.39069999999999994,-0.1272108400838641
-0.38970000000000005,-0.12435312325813672
-0.38869999999999993,-0.12166517178839317
-0.38770000000000004,-0.11954310483859559
-0.38669999999999993,-0.1171522427418237
-0.38570000000000004,-0.11474723353205314
-0.38469999999999993,-0.11208757628830686
-0.38370000000000004,-0.1099089208865147
-0.38269999999999993,-0.1075463530157401
-0.38170000000000004,-0.10549502163093578
-0.3806999999999999,-0.10323148355115172
-0.37970000000000004,-0.10101038681036362
-0.3786999999999999,-0.09876099584357821
-0.37770000000000004,-0.09699260671874692
-0.3766999999999999,-0.09475736286496016
-0.37570000000000003,-0.09267773725415854
-0.3746999999999999,-0.09061225875635559
-0.37370000000000003,-0.08871654561453644
-0.3726999999999999,-0.08700474494169977
-0.37170000000000003,-0.08509488468688196
-0.3706999999999999,-0.0831708773190655
-0.36970000000000003,-0.08113369304725986
-0.3686999999999999,-0.07936530392242855
-0.3677,-0.07775253304058242
-0.3666999999999999,-0.07615390927173492
-0.3657,-0.07442796148589957
-0.3646999999999999,-0.07285763194304938
-0.3637,-0.07076385921924913
-0.3626999999999999,-0.06949061904937061
-0.3617,-0.06769393569854201
-0.36070000000000013,-0.06618019460768641
-0.3597,-0.06465230640383217
-0.35870000000000013,-0.0633083306689604
-0.3577,-0.061752148239108844
-0.35670000000000013,-0.06045061384323301
-0.3557,-0.058851990074385525
-0.3547000000000001,-0.057295807644533986
-0.3537,-0.0557537723276811
-0.3527000000000001,-0.05457956194879311
-0.3517,-0.05316485064892808
-0.3507000000000001,-0.0520189344960374
-0.3497,-0.050660811648166965
-0.3487000000000001,-0.04938757147828843
-0.3477,-0.04832653800338965
-0.3467000000000001,-0.046784502686536764
-0.3457,-0.04578005766363259
-0.3447000000000001,-0.044662435736739205
-0.3437,-0.04336090134086337
-0.3427000000000001,-0.04207351405798619
-0.3417,-0.04087100945310092
-0.3407000000000001,-0.04003632978618053
-0.3397,-0.03891870785928716
-0.3387000000000001,-0.037772791706396476
-0.3377,-0.036740052457495
-0.3367000000000001,-0.03562243053060162
-0.3357,-0.034731162411686646
-0.3347000000000001,-0.03358524625879597
-0.3337,-0.032623242574887745
-0.3327000000000001,-0.03163294466498222
-0.3317,-0.030840706337057794
-0.3307000000000001,-0.029921143992145526
-0.3297,-0.028973287421235953
-0.3287000000000001,-0.02768590013835877
-0.3277,-0.027261486748399254
-0.3267000000000001,-0.026186306160501827
-0.3257,-0.025295038041586858
-0.3247000000000001,-0.02475744774763814
-0.3237,-0.02365397293374341
-0.3227000000000001,-0.023017352848804146
-0.3217,-0.02204120205189727
-0.3207000000000001,-0.021149933932982302
-0.3197,-0.020569902300037635
-0.3187000000000001,-0.019607898616129407
-0.3177,-0.019042014096183394
-0.3167000000000001,-0.018150745977268422
-0.3157,-0.01765559702231566
-0.3147000000000001,-0.01683506446839394
-0.3137,-0.016071120366466816
-0.3127000000000001,-0.015491088733522153
-0.3117,-0.014444202371622025
-0.3107000000000001,-0.01405232734155941
-0.3097,-0.013159644511344572
-0.3087000000000001,-0.012531512694204494
-0.3077,-0.011930260391761854
-0.3067000000000001,-0.011358717026616378
-0.30569999999999997,-0.010814053176168343
-0.3047000000000001,-0.010157627133030964
-0.30369999999999997,-0.009586083767885488
-0.3027000000000001,-0.008860336871054727
-0.30169999999999997,-0.0082746463929106
-0.3007000000000001,-0.008051122007531924
-0.29969999999999997,-0.007240492432709258
-0.2987000000000001,-0.0066406548415664825
-0.29769999999999996,-0.006124285217115744
-0.2967000000000001,-0.005455126772279582
-0.29569999999999996,-0.004701085649451517
-0.2947000000000001,-0.004422387523378105
-0.29369999999999996,-0.003975338752620753
-0.29270000000000007,-0.003430674902172714
-0.29169999999999996,-0.0027601017460366865
-0.29070000000000007,-0.0024814036199632744
-0.28969999999999996,-0.0019240073678164498
-0.28870000000000007,-0.0013790605751084377
-0.28769999999999996,-0.0009603060303483867
-0.28670000000000007,-0.0004299307640289847
-0.28569999999999995,0.00012841334468874938
-0.28470000000000006,0.00044945377996712213
-0.28369999999999995,0.0009938346881551883
-0.28270000000000006,0.0013286968528332425
-0.28169999999999995,0.0016495533756426327
-0.28070000000000006,0.002096602146399984
-0.27969999999999995,0.0025153566911600353
-0.27870000000000006,0.003045873428609424
-0.27769999999999995,0.003310424441684186
-0.27670000000000006,0.004119639305206987
-0.27569999999999995,0.004511514335269602
-0.27470000000000006,0.004636008929657725
-0.27369999999999994,0.005125499039411028
-0.27270000000000005,0.005487665132176478
-0.27169999999999994,0.005879540162239092
-0.27070000000000005,0.006241706255004542
-0.26969999999999994,0.006451083527384567
-0.26870000000000005,0.007009894490831256
-0.26769999999999994,0.007567290742978081
-0.26670000000000005,0.007609732081974032
-0.26569999999999994,0.008042633739732736
-0.26470000000000005,0.008209569673116807
-0.26369999999999993,0.00860002999187956
-0.26270000000000004,0.009075372988634211
-0.26169999999999993,0.009382365340704923
-0.26070000000000004,0.009717651918772937
-0.25969999999999993,0.009927029191152962
-0.25870000000000004,0.010150553576531638
-0.25769999999999993,0.01040095747660775
-0.25670000000000004,0.01093147421405714
-0.2556999999999999,0.010903179988059836
-0.25470000000000004,0.011321934532819888
-0.2536999999999999,0.01178313041657589
-0.25270000000000004,0.011935919236961313
-0.2516999999999999,0.012285352928027979
-0.25070000000000003,0.012661666133792078
-0.24969999999999992,0.012858311004473318
-0.24870000000000003,0.013192182871241466
-0.24769999999999992,0.013178035758242817
-0.24670000000000003,0.013584057901304082
-0.24569999999999992,0.013765140947686808
-0.24470000000000003,0.014127307040452258
-0.24369999999999992,0.014359319693630123
-0.24270000000000003,0.014472496597619325
-0.24169999999999991,0.014670556179600431
-0.24070000000000003,0.01503838111756534
-0.2396999999999999,0.01546279450752485
-0.23870000000000002,0.015533530072518101
-0.2376999999999999,0.015675001202504608
-0.23670000000000002,0.016000384801473564
-0.23570000000000013,0.01614185593146007
-0.23470000000000002,0.016339915513441175
-0.23370000000000013,0.01659456354741688
-0.23270000000000002,0.01673603467740338
-0.23170000000000013,0.017018976937376393
-0.23070000000000002,0.017188742293360197
-0.22970000000000013,0.01734436053634535
-0.22870000000000001,0.017797068152302163
-0.22770000000000012,0.017797068152302163
-0.2267,0.018009274847281917
-0.22570000000000012,0.017980980621284618
-0.2247,0.018447835350240076
-0.22370000000000012,0.01849027668923603
-0.2227,0.018773218949209036
-0.22170000000000012,0.019070308322180696
-0.2207,0.01892883719219419
-0.21970000000000012,0.019466427486142905
-0.2187,0.019367397695152354
-0.21770000000000012,0.019537163051136158
-0.2167,0.019791811085111865
-0.2157000000000001,0.02015963602307677
-0.2147,0.020216224475071376
-0.2137000000000001,0.020343548492059226
-0.2127,0.02042843117005113
-0.2117000000000001,0.020895285899006594
-0.2107,0.02078210899501739
-0.2097000000000001,0.020980168576998495
-0.2087,0.021447023305953956
-0.2077000000000001,0.021319699288966102
-0.2067,0.021447023305953956
-0.2057000000000001,0.02157434732294181
-0.2047,0.02157434732294181
-0.2037000000000001,0.021701671339929663
-0.2027,0.02189973092191077
-0.2017000000000001,0.022253408746877028
-0.2007,0.02226755585987568
-0.1997000000000001,0.022522203893851383
-0.1987,0.022607086571843286
-0.1977000000000001,0.022847587492820343
-0.19669999999999999,0.02279099904082574
-0.1957000000000001,0.023172971091789302
-0.19469999999999998,0.02310223552679605
-0.1937000000000001,0.0232295595437839
-0.19269999999999998,0.023314442221775804
-0.1917000000000001,0.023583237368750162
-0.1907000000000001,0.023639825820744764
-0.1897000000000002,0.023965209419713723
-0.1887000000000001,0.024064239210704275
-0.1877000000000002,0.023993503645711022
-0.1867000000000001,0.024318887244679982
-0.1857000000000002,0.024318887244679982
-0.1847000000000001,0.02436132858367593
-0.1837000000000002,0.024630123730650287
-0.18270000000000008,0.024729153521640842
-0.1817000000000002,0.024955507329619247
-0.18070000000000008,0.024884771764625994
-0.1797000000000002,0.02509697845960575
-0.17870000000000008,0.025139419798601705
-0.1777000000000002,0.025139419798601705
-0.17670000000000008,0.02539406783257741
-0.1757000000000002,0.025422362058574708
-0.17470000000000008,0.025648715866553113
-0.1737000000000002,0.025860922561532867
-0.17270000000000008,0.025889216787530173
-0.17170000000000019,0.02590336390052882
-0.17070000000000007,0.026030687917516674
-0.16970000000000018,0.026073129256512624
-0.16870000000000007,0.026257041725495082
-0.16770000000000018,0.026313630177489684
-0.16670000000000007,0.02632777729048833
-0.16570000000000018,0.02673804356744919
-0.16470000000000007,0.026794632019443793
-0.16370000000000018,0.027049280053419503
-0.16270000000000007,0.0270775742794168
-0.16170000000000018,0.027219045409403307
-0.16070000000000007,0.027219045409403307
-0.15970000000000018,0.02755857612137091
-0.15870000000000006,0.02750198766937631
-0.15770000000000017,0.02764345879936281
-0.15670000000000006,0.027869812607341227
-0.15570000000000017,0.02782737126834527
-0.15470000000000006,0.027997136624329073
-0.15370000000000017,0.028265931771303435
-0.15270000000000006,0.02820934331930883
-0.15170000000000017,0.028435697127287232
-0.15070000000000006,0.02852057980527914
-0.14970000000000017,0.028633756709268345
-0.14870000000000005,0.028746933613257548
-0.14770000000000016,0.029015728760231903
-0.14670000000000005,0.028817669178250797
-0.14570000000000016,0.029100611438223806
-0.14470000000000005,0.029199641229214358
-0.14370000000000016,0.02941184792419411
-0.14270000000000005,0.029510877715184666
-0.14170000000000016,0.029638201732172516
-0.14070000000000005,0.029836261314153626
-0.13970000000000016,0.02982211420115497
-0.13870000000000005,0.03007676223513068
-0.13770000000000016,0.030090909348129333
-0.13670000000000004,0.030218233365117184
-0.13570000000000015,0.03044458717309559
-0.13470000000000004,0.03055776407708479
-0.13370000000000015,0.030670940981073994
-0.13270000000000004,0.030883147676053754
-0.13170000000000015,0.03099632458004295
-0.13070000000000004,0.031222678388021355
-0.12970000000000015,0.03103876591903891
-0.12870000000000004,0.031505620647994365
-0.12770000000000015,0.03163294466498222
-0.12670000000000003,0.03166123889097952
-0.12570000000000014,0.03212809361993498
-0.12470000000000003,0.032057358054941726
-0.12370000000000014,0.03217053495893094
-0.12270000000000003,0.032425182992906636
-0.12170000000000014,0.03248177144490124
-0.12070000000000003,0.032807155043870204
-0.11970000000000014,0.0328354492698675
-0.11870000000000003,0.033090097303843206
-0.11770000000000014,0.03316083286883646
-0.11670000000000003,0.03333059822482026
-0.11570000000000014,0.03351451069380272
-0.11470000000000002,0.03358524625879597
-0.11370000000000013,0.03403795387475279
-0.11270000000000002,0.034009659648755484
-0.11170000000000013,0.034179425004739285
-0.11070000000000024,0.03451895571670689
-0.10970000000000013,0.03467457395969205
-0.10870000000000024,0.03488678065467181
-0.10770000000000013,0.03485848642867451
-0.10670000000000024,0.03516972291464481
-0.10570000000000013,0.03545266517461782
-0.10470000000000024,0.03572146032159217
-0.10370000000000013,0.035947814129570585
-0.10270000000000024,0.036202462163546285
-0.10170000000000012,0.03652784576251525
-0.10070000000000023,0.036499551536517946
-0.09970000000000012,0.03700884760446936
-0.09870000000000023,0.03702299471746801
-0.09770000000000012,0.037291789864442364
-0.09670000000000023,0.03747570233342482
-0.09570000000000012,0.03758887923741403
-0.09470000000000023,0.037970851288377586
-0.09370000000000012,0.038154763757360044
-0.09270000000000023,0.0383669704523398
-0.09170000000000011,0.038692354051308754
-0.09070000000000022,0.03903188476327636
-0.08970000000000011,0.03925823857125477
-0.08870000000000022,0.03951288660523048
-0.08770000000000011,0.03975338752620753
-0.08670000000000022,0.03995144710818864
-0.08570000000000011,0.040361713385149496
-0.08470000000000022,0.04097003924409146
-0.08370000000000011,0.04098418635709011
-0.08270000000000022,0.04105492192208336
-0.0817000000000001,0.04149348242504153
-0.08070000000000022,0.04177642468501453
-0.0797000000000001,0.042016925605991594
-0.07870000000000021,0.042271573639967294
-0.0777000000000001,0.042809163933916004
-0.07670000000000021,0.04304966485489307
-0.0757000000000001,0.04341748979285798
-0.07470000000000021,0.043742873391826934
-0.0737000000000001,0.04411069832979184
-0.07270000000000021,0.044577553058747305
-0.0717000000000001,0.04474731841473111
-0.07070000000000021,0.04539808561266903
-0.0697000000000001,0.04561029230764878
-0.0687000000000002,0.045963970132615044
-0.0677000000000001,0.04650156042656376
-0.0667000000000002,0.04682694402553272
-0.06570000000000009,0.047265504528490876
-0.0647000000000002,0.047647476579454444
-0.06370000000000009,0.0481426255344072
-0.0627000000000002,0.04852459758537076
-0.06170000000000009,0.04901974654032352
-0.0607000000000002,0.04934513013929248
-0.059700000000000086,0.050010044450229045
-0.058700000000000196,0.05051934051818046
-0.057700000000000085,0.05081642989115212
-0.056700000000000195,0.051495491315087336
-0.05570000000000008,0.05182087491405629
-0.05470000000000019,0.052316023869009055
-0.05370000000000008,0.05282531993696047
-0.05270000000000019,0.05324973332691998
-0.05170000000000008,0.05377317650787005
-0.05070000000000019,0.05419758989782956
-0.04970000000000008,0.054791768643772866
-0.04870000000000019,0.05565474253669054
-0.047700000000000076,0.05598012613565951
-0.046700000000000186,0.056546010655605515
-0.045700000000000074,0.05723921919253938
-0.044700000000000184,0.05793242772947325
-0.04370000000000007,0.05828610555443951
-0.04270000000000018,0.058922725639378774
-0.04170000000000007,0.05970081685430455
-0.04070000000000018,0.06029499560024786
-0.03970000000000007,0.06101649836317903
-0.03870000000000018,0.06183703091710076
-0.03770000000000007,0.06231803275905486
-0.03670000000000018,0.06316685953897387
-0.035700000000000065,0.06394495075389965
-0.034700000000000175,0.06453912949984296
-0.03370000000000006,0.06516160247178358
-0.03270000000000017,0.06612360615569181
-0.03170000000000006,0.06673193201463377
-0.03070000000000017,0.0676373472465474
-0.02970000000000006,0.06821737887949207
-0.02870000000000017,0.06912279411140569
-0.027700000000000058,0.06992917955232876
-0.026700000000000168,0.07060824097626398
-0.025700000000000056,0.07151365620817761
-0.024700000000000166,0.07229174742310338
-0.023700000000000054,0.07335278089800215
-0.022700000000000164,0.07442796148589957
-0.021700000000000053,0.0751070229098348
-0.020700000000000163,0.07621049772372954
-0.01970000000000005,0.07705932450364854
-0.01870000000000016,0.07785156283157296
-0.01770000000000005,0.0789550376454677
-0.01670000000000016,0.07974727597339212
-0.015700000000000047,0.08072342677029899
-0.014700000000000157,0.08152981221122206
-0.013700000000000045,0.08287378794609385
-0.012700000000000156,0.08372261472601288
-0.011700000000000044,0.08486853087890354
-0.010700000000000154,0.08590127012780503
-0.009700000000000042,0.08680668535971865
-0.008700000000000152,0.08815066109459044
-0.00770000000000004,0.08884386963152431
-0.00670000000000015,0.09007466846240689
-0.005700000000000038,0.0912630259542935
-0.0047000000000001485,0.09253626612417204
-0.0037000000000000366,0.09396512453703573
-0.0027000000000001467,0.09501201089893586
-0.0017000000000000348,0.09637013374680631
-0.000700000000000145,0.0970209009447442
0.00029999999999996696,0.09779899215966999
0.0012999999999998568,0.0986761131655863
0.0022999999999999687,0.09985032354447429
0.0032999999999998586,0.10075573877638791
0.0042999999999999705,0.1019016549292786
0.00529999999999986,0.10286365861318682
0.006299999999999972,0.10389639786208829
0.007299999999999862,0.10538184472694657
0.008299999999999974,0.10607505326388045
0.009299999999999864,0.10712193962578058
0.010299999999999976,0.10821126732667666
0.011299999999999866,0.10922985946257947
0.012299999999999978,0.11037577561547016
0.013299999999999867,0.0986761131655863
0.012299999999999978,0.08822139665958369
0.011299999999999866,0.08127516417724635
0.010299999999999976,0.07570120165577811
0.009299999999999864,0.07049506407227478
0.008299999999999974,0.06589725234771342
0.007299999999999862,0.061936060708091316
0.006299999999999972,0.05793242772947325
0.00529999999999986,0.05463615040078772
0.0042999999999999705,0.05128328462010758
0.0032999999999998586,0.04829824377739235
0.0022999999999999687,0.045624439420647436
0.0012999999999998568,0.04262525146493356
0.00029999999999996696,0.040262683594158945
-0.000700000000000145,0.037843527271389725
-0.0017000000000000348,0.035594136304604326
-0.0027000000000001467,0.03359939337179463
-0.0037000000000000366,0.03159050332598627
-0.0047000000000001485,0.029638201732172516
-0.005700000000000038,0.02775663570335202
-0.00670000000000015,0.02614386482150588
-0.00770000000000004,0.02453109393965974
-0.008700000000000152,0.022989058622806844
-0.009700000000000042,0.021376287740960703
-0.010700000000000154,0.019777663972113214
-0.011700000000000044,0.01847612957623738
-0.012700000000000156,0.017202889406358845
-0.013700000000000045,0.01618429727045602
-0.014700000000000157,0.01501008689156804
-0.015700000000000047,0.013917929768072232
-0.01670000000000016,0.01273240169878533
-0.01770000000000005,0.011685515336885203
-0.01870000000000016,0.010679655602681162
-0.01970000000000005,0.009829414111462275
-0.020700000000000163,0.008949463682946222
-0.021700000000000053,0.007971898174739481
-0.022700000000000164,0.00733103395590062
-0.023700000000000054,0.006325174221696579
-0.024700000000000166,0.005460785617479041
-0.025700000000000056,0.004636008929657725
-0.026700000000000168,0.004009291823817514
-0.027700000000000058,0.0035056546010655606
-0.02870000000000017,0.0026964397375427596
-0.02970000000000006,0.0021800701130920215
-0.03070000000000017,0.001342702494701906
-0.03170000000000006,0.0009239479499418554
-0.03270000000000017,0.000365702871015112
-0.03370000000000006,-0.00023441766238763655
-0.034700000000000175,-0.0007090533034923563
-0.035700000000000065,-0.0013371851206324325
-0.03670000000000018,-0.0016297474174445223
-0.03770000000000007,-0.0022309997198871625
-0.03870000000000018,-0.00270492800534195
-0.03970000000000007,-0.0031930034037953876
-0.04070000000000018,-0.003542437094862052
-0.04170000000000007,-0.003932897413624802
-0.04270000000000018,-0.004422387523378105
-0.04370000000000007,-0.004729379875448818
-0.044700000000000184,-0.00505051934051818
-0.045700000000000074,-0.005245749499899557
-0.046700000000000186,-0.005622062705663656
-0.047700000000000076,-0.006124285217115744
-0.04870000000000019,-0.006417130456187806
-0.04970000000000008,-0.006697243293561084
-0.05070000000000019,-0.0069617943066358455
-0.05170000000000008,-0.007199465805013172
-0.05270000000000019,-0.0075616318977786215
-0.05370000000000008,-0.007896918475846634
-0.05470000000000019,-0.008036974894533274
-0.05570000000000008,-0.008455729439293324
-0.056700000000000195,-0.008581638744981314
-0.057700000000000085,-0.008762721791364036
-0.058700000000000196,-0.008986246176742712
-0.059700000000000086,-0.009195623449122739
-0.0607000000000002,-0.0094601744621975
-0.06170000000000009,-0.009711993073573478
-0.0627000000000002,-0.009893076119956202
-0.06370000000000009,-0.010130747618333527
-0.0647000000000002,-0.010060012053340275
-0.06570000000000009,-0.01045188708340289
-0.0667000000000002,-0.010576381677791015
-0.0677000000000001,-0.010673996757481702
-0.0687000000000002,-0.01098240382085228
-0.0697000000000001,-0.010995136222551065
-0.07070000000000021,-0.011358717026616378
-0.0717000000000001,-0.011289396172922992
-0.07270000000000021,-0.011413890767311117
-0.0737000000000001,-0.011456332106307067
-0.07470000000000021,-0.01162326803969114
-0.0757000000000001,-0.011903380877064417
-0.07670000000000021,-0.011930260391761854
-0.0777000000000001,-0.012027875471452542
-0.07870000000000021,-0.01219622611613648
-0.0797000000000001,-0.012349014936521905
-0.08070000000000022,-0.012531512694204494
-0.0817000000000001,-0.01267015440159127
-0.08270000000000022,-0.01272674285358587
-0.08370000000000011,-0.012936120125965896
-0.08470000000000022,-0.012991293866660631
-0.08570000000000011,-0.013117203172348619
-0.08670000000000022,-0.013047882318655234
-0.08770000000000011,-0.01338175418542338
-0.08870000000000022,-0.013452489750416635
-0.08970000000000011,-0.01355010483010732
-0.09070000000000022,-0.013535957717108672
-0.09170000000000011,-0.013773629215486
-0.09270000000000023,-0.013745334989488696
-0.09370000000000012,-0.013871244295176685
-0.09470000000000023,-0.01400988600256346
-0.09570000000000012,-0.01424614278964092
-0.09670000000000023,-0.014161260111649017
-0.09770000000000012,-0.014401761032626074
-0.09870000000000023,-0.014345172580631472
-0.09970000000000012,-0.014359319693630123
-0.10070000000000023,-0.014585673501608528
-0.10170000000000012,-0.014670556179600431
-0.10270000000000024,-0.014755438857592333
-0.10370000000000013,-0.014868615761581536
-0.10470000000000024,-0.014783733083589632
-0.10570000000000013,-0.015109116682558592
-0.10670000000000024,-0.014995939778569388
-0.10770000000000013,-0.014939351326574786
-0.10870000000000024,-0.01546279450752485
-0.10970000000000013,-0.015179852247551842
-0.11070000000000024,-0.015377911829532949
-0.11170000000000013,-0.015476941620523503
-0.11270000000000002,-0.015547677185516754
-0.11370000000000013,-0.015675001202504608
-0.11470000000000002,-0.01568914831550326
-0.11570000000000014,-0.01588720789748436
-0.11670000000000003,-0.01591550212348166
-0.11770000000000014,-0.01591550212348166
-0.11870000000000003,-0.016056973253468165
-0.11970000000000014,-0.016311621287443873
-0.12070000000000003,-0.01624088572245062
-0.12170000000000014,-0.01624088572245062
-0.12270000000000003,-0.01638235685243712
-0.12370000000000014,-0.016311621287443873
-0.12470000000000003,-0.016410651078434424
-0.12570000000000014,-0.01652382798242363
-0.12670000000000003,-0.01666529911241013
-0.12770000000000015,-0.016778476016399334
-0.12870000000000004,-0.01691994714638584
-0.12970000000000015,-0.01683506446839394
-0.13070000000000004,-0.01697653559838044
-0.13170000000000015,-0.01697653559838044
-0.13270000000000004,-0.017118006728366945
-0.13370000000000015,-0.017217036519357496
-0.13470000000000004,-0.017273624971352097
-0.13570000000000015,-0.01731606631034805
-0.13670000000000004,-0.0174150961013386
-0.13770000000000016,-0.017641449909317007
-0.13870000000000005,-0.017556567231325104
-0.13970000000000016,-0.01769803836131161
-0.14070000000000005,-0.017867803717295416
-0.14170000000000016,-0.017881950830294063
-0.14270000000000005,-0.018009274847281917
-0.14370000000000016,-0.018023421960280565
-0.14470000000000005,-0.018108304638272472
-0.14570000000000016,-0.018391246898245478
-0.14670000000000005,-0.018334658446250877
-0.14770000000000016,-0.018419541124242777
-0.14870000000000005,-0.01856101225422928
-0.14970000000000017,-0.01849027668923603
-0.15070000000000006,-0.01853271802823198
-0.15170000000000017,-0.018759071836210388
-0.15270000000000006,-0.01882980740120364
-0.15370000000000017,-0.0191834852261699
-0.15470000000000006,-0.019056161209182042
-0.15570000000000017,-0.019126896774175294
-0.15670000000000006,-0.019240073678164497
-0.15770000000000017,-0.019353250582153703
-0.15870000000000006,-0.019395691921149656
-0.15970000000000018,-0.019480574599141553
-0.16070000000000007,-0.01970692840711996
-0.16170000000000018,-0.019763516859114563
-0.16270000000000007,-0.019777663972113214
-0.16370000000000018,-0.019890840876102416
-0.16470000000000007,-0.02015963602307677
-0.16570000000000018,-0.020145488910078124
-0.16670000000000007,-0.020131341797079472
-0.16770000000000018,-0.02032940137906058
-0.16870000000000007,-0.02055575518703898
-0.16970000000000018,-0.020513313848043033
-0.17070000000000007,-0.020668932091028186
-0.17170000000000019,-0.021036757028993096
-0.17270000000000008,-0.020824550334013342
-0.1737000000000002,-0.021008462802995797
-0.17470000000000008,-0.021050904141991744
-0.1757000000000002,-0.021376287740960703
-0.17670000000000008,-0.021376287740960703
-0.1777000000000002,-0.021517758870947205
-0.17870000000000008,-0.021843142469916164
-0.1797000000000002,-0.021729965565926962
-0.18070000000000008,-0.02197046648690402
-0.1817000000000002,-0.021928025147908068
-0.18270000000000008,-0.022140231842887825
-0.1837000000000002,-0.022281702972874327
-0.1847000000000001,-0.02242317410286083
-0.1857000000000002,-0.022819293266823044
-0.1867000000000001,-0.022663675023837888
-0.1877000000000002,-0.022904175944814944
-0.1887000000000001,-0.023427619125765006
-0.1897000000000002,-0.023257853769781203
-0.1907000000000001,-0.02356909025575151
-0.1917000000000001,-0.023625678707746112
-0.19269999999999998,-0.02365397293374341
-0.1937000000000001,-0.02393691519371642
-0.19469999999999998,-0.024064239210704275
-0.1957000000000001,-0.024092533436701577
-0.19669999999999999,-0.024432064148669184
-0.1977000000000001,-0.02438962280967323
-0.1987,-0.024729153521640842
-0.1997000000000001,-0.024630123730650287
-0.2007,-0.025040390007611147
-0.2017000000000001,-0.025167714024599004
-0.2027,-0.025224302476593602
-0.2037000000000001,-0.025648715866553113
-0.2047,-0.025719451431546365
-0.2057000000000001,-0.026073129256512624
-0.2067,-0.02620045327350048
-0.2077000000000001,-0.026257041725495082
-0.2087,-0.026752190680447843
-0.2097000000000001,-0.02695025026242895
-0.2107,-0.026936103149430297
-0.2117000000000001,-0.027190751183406005
-0.2127,-0.027289780974396556
-0.2137000000000001,-0.02755857612137091
-0.2147,-0.02806787218932233
-0.2157000000000001,-0.028265931771303435
-0.2167,-0.028421550014288588
-0.21770000000000012,-0.028534726918277787
-0.2187,-0.028732786500258897
-0.21970000000000012,-0.028860110517246747
-0.2207,-0.029256229681208955
-0.22170000000000012,-0.02966649595816982
-0.2227,-0.029807967088156324
-0.22370000000000012,-0.029991879557138775
-0.2247,-0.030288968930110433
-0.22570000000000012,-0.03055776407708479
-0.2267,-0.03085485345005645
-0.22770000000000012,-0.030769970772064545
-0.22870000000000001,-0.031350002405009215
-0.22970000000000013,-0.03146317930899842
-0.23070000000000002,-0.03184515135996198
-0.23170000000000013,-0.032014916715945786
-0.23270000000000002,-0.032340300314914736
-0.23370000000000013,-0.03267983102688235
-0.23470000000000002,-0.03301936173884996
-0.23570000000000013,-0.03337303956381622
-0.23670000000000002,-0.03357109914579732
-0.2376999999999999,-0.03375501161477978
-0.23870000000000002,-0.03440577881271769
-0.2396999999999999,-0.034476514377710946
-0.24070000000000003,-0.03494336910666641
-0.24169999999999991,-0.03524045847963807
-0.24270000000000003,-0.035594136304604326
-0.24369999999999992,-0.035961961242569236
-0.24470000000000003,-0.036216609276544943
-0.24569999999999992,-0.03638637463252875
-0.24670000000000003,-0.036923964926477454
-0.24769999999999992,-0.037221054299449115
-0.24870000000000003,-0.03785767438438838
-0.24969999999999992,-0.03808402819236679
-0.25070000000000003,-0.038522588695324954
-0.2516999999999999,-0.03880553095529796
-0.25270000000000004,-0.039145061667265564
-0.2536999999999999,-0.03955532794422643
-0.25470000000000004,-0.04002218267318189
-0.2556999999999999,-0.04060221430612655
-0.25670000000000004,-0.040814421001106306
-0.25769999999999993,-0.04139445263405097
-0.25870000000000004,-0.04169154200702263
-0.25969999999999993,-0.04217254384897674
-0.26070000000000004,-0.042738428368922755
-0.26169999999999993,-0.04297892928989981
-0.26270000000000004,-0.04358725514884178
-0.26369999999999993,-0.044054109877797246
-0.26470000000000005,-0.044421934815762155
-0.26569999999999994,-0.04505855490070142
-0.26670000000000005,-0.04580835188962989
-0.26769999999999994,-0.0461761768275948
-0.26870000000000005,-0.04655814887855836
-0.26969999999999994,-0.046954268042520564
-0.27070000000000005,-0.04770406503144904
-0.27169999999999994,-0.048185066873403154
-0.27270000000000005,-0.04855289181136806
-0.27369999999999994,-0.04924610034830192
-0.27470000000000006,-0.04958563106026953
-0.27569999999999995,-0.05033542804919801
-0.27670000000000006,-0.05081642989115212
-0.27769999999999995,-0.051481344202088684
-0.27870000000000006,-0.05191990470504685
-0.27969999999999995,-0.052782878597964523
-0.28070000000000006,-0.05324973332691998
-0.28169999999999995,-0.05428247257582146
-0.28270000000000006,-0.05470688596578097
-0.28369999999999995,-0.05524447625972968
-0.28470000000000006,-0.05593768479666354
-0.28569999999999995,-0.05660259910760012
-0.28670000000000007,-0.057324101870531295
-0.28769999999999996,-0.058017310407465154
-0.28870000000000007,-0.05873881317039633
-0.28969999999999996,-0.059502757272323445
-0.29070000000000007,-0.06015352447026136
-0.29169999999999996,-0.06087502723319253
-0.29270000000000007,-0.06168141267411559
-0.29369999999999996,-0.06241706255004542
-0.2947000000000001,-0.06302538840898737
-0.29569999999999996,-0.06410056899688482
-0.2967000000000001,-0.06472304196882543
-0.29769999999999996,-0.06561431008774041
-0.2987000000000001,-0.06629337151167561
-0.29969999999999997,-0.0672695223085825
-0.3007000000000001,-0.06811834908850152
-0.30169999999999997,-0.06883985185143268
-0.3027000000000001,-0.0696886786313517
-0.30369999999999997,-0.07048091695927614
-0.3047000000000001,-0.0713438908521938
-0.30569999999999997,-0.07243321855308989
-0.3067000000000001,-0.0733103395590062
-0.3077,-0.07432893169490903
-0.3087000000000001,-0.07512117002283344
-0.3097,-0.07611146793273897
-0.3107000000000001,-0.07724323697263101
-0.3117,-0.07827597622153248
-0.3127000000000001,-0.07908236166245554
-0.3137,-0.08029901338033948
-0.3147000000000001,-0.08117613438625582
-0.3157,-0.08247766878213163
-0.3167000000000001,-0.08338308401404526
-0.3177,-0.0845714415059319
-0.3187000000000001,-0.08546270962484687
-0.3197,-0.08656618443874159
-0.3207000000000001,-0.08776868904362688
-0.3217,-0.08892875230951619
-0.3227000000000001,-0.08986246176742714
-0.3237,-0.09110740771130836
-0.3247000000000001,-0.09242308922018284
-0.3257,-0.09320118043510862
-0.3267000000000001,-0.09475736286496016
-0.3277,-0.09584669056585624
-0.3287000000000001,-0.09717651918772936
-0.3297,-0.09850634780960252
-0.3307000000000001,-0.09948249860650937
-0.3317,-0.10115185794035012
-0.3327000000000001,-0.10241095099723
-0.3337,-0.1036983382801072
-0.3347000000000001,-0.10481596020700056
-0.3357,-0.10607505326388045
-0.3367000000000001,-0.10761708858073335
-0.3377,-0.10890447586361052
-0.3387000000000001,-0.11026259871148097
-0.3397,-0.11180463402833385
-0.3407000000000001,-0.1131910511022016
-0.3417,-0.11437940859408821
-0.3427000000000001,-0.11630341596190466
-0.3437,-0.1176615388097751
-0.3447000000000001,-0.11903380877064418
-0.3457,-0.12057584408749707
-0.3467000000000001,-0.12213202651734863
-0.3477,-0.12361747338220691
-0.3487000000000001,-0.12537171539403955
-0.3497,-0.12685716225889784
-0.3507000000000001,-0.12837090334975343
-0.3517,-0.13005440979659283
-0.3527000000000001,-0.1315115624354538
-0.3537,-0.1334497169162689
-0.3547000000000001,-0.1346805157471515
-0.3557,-0.1367884355839504
-0.35670000000000013,-0.13834461801380196
-0.3577,-0.1398866533306548
-0.35870000000000013,-0.14189554337646318
-0.3597,-0.1435931969363012
-0.36070000000000013,-0.14543232162612577
-0.3617,-0.14698850405597733
-0.3626999999999999,-0.14911057100577488
-0.3637,-0.1508082245656129
-0.3646999999999999,-0.15250587812545094
-0.3657,-0.15448647394526202
-0.3666999999999999,-0.15646706976507307
-0.3677,-0.15759883880496509
-0.3686999999999999,-0.15986237688474914
-0.36970000000000003,-0.1619844438345467
-0.3706999999999999,-0.16410651078434427
-0.37170000000000003,-0.16608710660415532
-0.3726999999999999,-0.16792623129397988
-0.37370000000000003,-0.1696238848538179
-0.3746999999999999,-0.17188742293360199
-0.37570000000000003,-0.17358507649344
-0.3766999999999999,-0.17627302796318356
-0.37770000000000004,-0.17811215265300812
-0.3786999999999999,-0.18009274847281917
-0.37970000000000004,-0.18193187316264373
-0.3806999999999999,-0.18419541124242778
-0.38170000000000004,-0.18645894932221183
-0.38269999999999993,-0.18858101627200938
-0.38370000000000004,-0.19042014096183393
-0.38469999999999993,-0.19282515017160448
-0.38570000000000004,-0.19537163051136155
-0.38669999999999993,-0.19692781294121312
-0.38770000000000004,-0.19947429328097016
-0.38869999999999993,-0.20159636023076774
-0.38970000000000005,-0.2038598983105518
-0.39069999999999994,-0.20584049413036284
-0.39170000000000005,-0.20838697447011992
-0.39269999999999994,-0.21121639706985
-0.39370000000000005,-0.21319699288966104
-0.39469999999999994,-0.2153190598394586
-0.39570000000000005,-0.2181484824391887
-0.39669999999999994,-0.22055349164895924
-0.39770000000000005,-0.22225114520879727
-0.39869999999999994,-0.22536351006850036
-0.39970000000000006,-0.22748557701829786
-0.40069999999999995,-0.23003205735805496
-0.40170000000000006,-0.23243706656782553
-0.40269999999999995,-0.23512501803756908
-0.40370000000000006,-0.23738855611735316
-0.40469999999999995,-0.2396520941971372
-0.40570000000000006,-0.2426229879268538
-0.40669999999999995,-0.24502799713662435
-0.40770000000000006,-0.24814036199632744
-0.40869999999999995,-0.25040390007611146
-0.40970000000000006,-0.252243024765936
-0.41069999999999995,-0.25507244736566614
-0.41170000000000007,-0.2581848122253692
-0.41269999999999996,-0.2611557059550858
-0.41370000000000007,-0.26356071516485635
-0.41469999999999996,-0.2661071955046134
-0.41570000000000007,-0.268795146974357
-0.41669999999999996,-0.27134162731411404
-0.41770000000000007,-0.2740295787838576
-0.41869999999999996,-0.2770004725135742
-0.4197000000000001,-0.27982989511330425
-0.42069999999999996,-0.28336667336296684
-0.4217000000000001,-0.28591315370272397
-0.42269999999999996,-0.288742576302454
-0.4237000000000001,-0.29128905664221105
-0.42469999999999997,-0.2944014215019141
-0.4257000000000001,-0.2973723152316307
-0.42669999999999997,-0.3006261512213203
-0.4277000000000001,-0.30303116043109085
-0.42869999999999997,-0.30628499642078044
-0.4297000000000001,-0.3091144190205105
-0.43069999999999997,-0.3122267838802136
-0.4317000000000001,-0.31519767760993017
-0.4327,-0.3178856290796737
-0.4337000000000001,-0.3218468207192958
-0.4347,-0.3243933010590529
-0.4357000000000001,-0.32750566591875596
-0.4367,-0.3311839152984051
-0.4377000000000001,-0.3340133378981352
-0.4387,-0.33740864501781126
-0.4397000000000001,-0.34023806761754133
-0.4407,-0.34377484586720397
-0.4417000000000001,-0.346887210726907
-0.4427,-0.35127281575648867
-0.4437000000000001,-0.3545266517461782
-0.4447,-0.35792195886585426
-0.4457000000000001,-0.3613172659855304
-0.4467,-0.3642881597152469
-0.4477000000000001,-0.36768346683492303
-0.4487,-0.3715031873445586
-0.4497000000000001,-0.3750399655942212
-0.4507,-0.37914262836382984
-0.4517000000000001,-0.3825379354835059
-0.4527,-0.38635765599314154
-0.4537000000000001,-0.38961149198283107
-0.4547,-0.3932897413624802
-0.4557000000000001,-0.39682651961214277
-0.4567,-0.4005047689917918
-0.4577000000000001,-0.404748902891387
-0.4587,-0.40856862340102257
-0.4597000000000001,-0.4121054016506852
-0.4607,-0.41677394894023984
-0.4617000000000001,-0.4201692560599159
-0.4627,-0.4239889765695515
-0.4637000000000001,-0.42780869707918706
-0.4647,-0.43247724436874174
-0.4657000000000001,-0.43686284939832337
-0.4667,-0.4406825699079589
-0.4677000000000001,-0.444926703807554
-0.4687,-0.4498781933570817
-0.4697000000000001,-0.45299055821678474
-0.4707,-0.45808351889629884
-0.4717000000000001,-0.46232765279589394
-0.4727,-0.46685472895546215
-0.4737000000000001,-0.47166474737500325
-0.4747,-0.4760503524045848
-0.4757000000000001,-0.480577428564153
-0.4767,-0.4852459758537076
-0.4777000000000001,-0.48977305201327564
-0.4787,-0.49472454156280327
-0.4797000000000001,-0.5001004445022904
-0.4807,-0.5037786938819395
-0.48170000000000013,-0.5092960679514131
-0.4827,-0.5142475575009409
-0.48370000000000013,-0.519623460440428
-0.4847,-0.5245749499899556
-0.48570000000000013,-0.5300923240594293
-0.4867,-0.5356096981289029
-0.4876999999999999,-0.5409856010683901
-0.4887,-0.5462200328778907
-0.4896999999999999,-0.5520203492073373
-0.4907,-0.5568303676268785
-0.4916999999999999,-0.5620647994363791
-0.4927,-0.5691383559357043
-0.4936999999999999,-0.5752216145251239
-0.49470000000000003,-0.5811634019845571
-0.4956999999999999,-0.5872466605739768
-0.49670000000000003,-0.5933299191633964
-0.4976999999999999,-0.5995546488828025
-0.49870000000000003,-0.6056379074722221
-0.4996999999999999,-0.6120041083216149
-0.5007,-0.618228838041021
-0.5016999999999999,-0.6247365100204001
-0.5027,-0.6319515376497118
-0.5036999999999999,-0.6397324497989695
-0.5047,-0.6463815929083352
-0.5056999999999999,-0.6526063226277414
-0.5067,-0.6603872347769991
-0.5076999999999999,-0.6681681469262569
-0.5087,-0.6745343477756495
-0.5096999999999999,-0.6827396733148667
-0.5107,-0.6900961720741648
-0.5116999999999999,-0.6983014976133821
-0.5127,-0.7060824097626398
-0.5136999999999999,-0.713721850781911
-0.5147,-0.7230589453610202
-0.5156999999999999,-0.7315472131602104
-0.5167,-0.7398940098294141
-0.5176999999999999,-0.7483822776286043
-0.5187,-0.7558802475178891
-0.5196999999999999,-0.7646514575770523
-0.5207,-0.773847081026175
-0.5216999999999999,-0.7843159446451763
-0.5227,-0.7939359814842585
-0.5236999999999999,-0.8042633739732733
-0.5247,-0.8130345840324366
-0.5257,-0.8229375631314919
-0.5267000000000001,-0.8336893690104662
-0.5277,-0.8431679347195619
-0.5287000000000001,-0.8542026828585092
-0.5297,-0.8660862577773755
-0.5307000000000001,-0.8789601306061473
-0.5317,-0.8894289942251485
-0.5327000000000001,-0.9013125691440148
-0.5337,-0.9140449708428002
-0.5347000000000001,-0.9249382478517609
-0.5357,-0.9371047650306003
-0.5367000000000001,-0.9489883399494666
-0.5377,-0.9629939818181305
-0.5387000000000001,-0.9751604989969699
-0.5397,-0.9891661408656335
-0.5407000000000001,-1.0026058982143515
-0.5417,-1.0171774246029612
-0.5427000000000001,-1.0323148355115173
-0.5437,-1.0461790062501946
-0.5447000000000001,-1.0596187635989127
-0.5457,-1.0747561745074685
-0.5467000000000001,-1.0907424121959435
-0.5477,-1.1064457076244452
-0.5487000000000001,-1.1238466566127852
-0.5497,-1.1402573076912195
-0.5507000000000001,-1.1586485545894651
-0.5517,-1.174917734537913
-0.5527000000000001,-1.1920357412662799
-0.5537,-1.2098611036445792
-0.5547000000000001,-1.228535292802798
-0.5557,-1.2483412510009082
-0.5567000000000001,-1.2667324978991539
-0.5577,-1.2838505046275208
-0.5587000000000001,-1.3046467607355368
-0.5597,-1.3244527189336472
-0.5607000000000001,-1.345673388431623
-0.5617,-1.3702893650492747
-0.5627000000000001,-1.3913685634172637
-0.5637,-1.4124477617852527
-0.5647000000000001,-1.4345172580631471
-0.5657,-1.459982061460718
-0.5667000000000001,-1.4826174422585585
-0.5677,-1.510911668255859
-0.5687000000000001,-1.5377911829532949
-0.5697,-1.5632559863508655
-0.5707000000000001,-1.5887207897484361
-0.5717,-1.6156003044458718
-0.5727000000000001,-1.6410651078434426
-0.5737,-1.6707740451406083
-0.5747000000000001,-1.701897693737639
-0.5757,-1.7316066310348048
-0.5767000000000001,-1.7641449909317006
-0.5777,-1.7938539282288664
-0.5787000000000001,-1.8263922881257622
-0.5797,-1.857515936722793
-0.5807000000000001,-1.890054296619689
-0.5817,-1.925422079116315
-0.5827000000000001,-1.959375150313076
-0.5837,-1.9947429328097017
-0.5847000000000001,-2.0343548492059225
-0.5857,-2.0697226317025486
-0.5867000000000001,-2.1093345480987695
-0.5877,-2.1475317531951257
-0.5887000000000001,-2.1871436695913467
-0.5897,-2.228170297287433
-0.5907000000000001,-2.2691969249835187
-0.5917,-2.3130529752793345
-0.5927000000000001,-2.3569090255751513
-0.5937,-2.3979356532712375
-0.5947000000000001,-2.4417917035670533
-0.5957,-2.4884771764625997
-0.5967000000000001,-2.536577360658011
-0.5977,-2.587506967453152
-0.5987000000000001,-2.634192440348698
-0.5997,-2.6865367584437045
-0.6007000000000001,-2.737466365238846
-0.6017,-2.7926401059335824
-0.6027000000000001,-2.844984424028589
-0.6037,-2.9029875873230555
-0.6047000000000001,-2.965234884517117
-0.6057,-3.024652759111448
-0.6067000000000001,-3.08407063370578
-0.6077,-3.1434885083001114
-0.6087000000000001,-3.200076960294713
-0.6097,-3.2580801235891794
-0.6107000000000001,-3.323156843382971
-0.6117,-3.3981365422758185
-0.6126999999999999,-3.4660426846693397
-0.6137,-3.5311194044631313
-0.6146999999999999,-3.6032696807562488
-0.6157,-3.6754199570493657
-0.6166999999999999,-3.7461555220426166
-0.6177,-3.815476375736004
-0.6186999999999999,-3.8989443424280408
-0.6197,-3.973924041320888
-0.6206999999999999,-4.05597729671306
-0.6217,-4.133786418205637
-0.6226999999999999,-4.214424962297944
-0.6237,-4.297892928989982
-0.6246999999999999,-4.382775606981883
-0.6257,-4.476146552772976
-0.6266999999999999,-4.565273364664473
-0.6277,-4.66005902175543
-0.6286999999999999,-4.752015256246658
-0.6297,-4.832653800338965
-0.6306999999999999,-4.926024746130058
-0.6317,-5.0222251145208805
-0.6326999999999999,-5.128328462010757
-0.6337,-5.22735825300131
-0.6346999999999999,-5.326388043991862
-0.6357,-5.421173701082821
-0.6366999999999999,-5.5272770485726985
-0.6377,-5.637624529962172
-0.6386999999999999,-5.735239609652858
-0.6397,-5.848416513642062
-0.6406999999999999,-5.9601787063314
-0.6417,-6.0719408990207375
-0.6426999999999999,-6.195020782108996
-0.6437,-6.31951537649712
-0.6446999999999999,-6.4397658369856465
-0.6457,-6.55860158617431
-0.6466999999999999,-6.6887550257618935
-0.6477,-6.804761352350826
-0.6486999999999999,-6.9250118128393545
-0.6497,-7.059409386326533
-0.6507,-7.199465805013171
-0.6517000000000001,-7.33952222369981
-0.6527,-7.468260951987529
-0.6537000000000001,-7.599829102874978
-0.6547,-7.73847081026175
-0.6557000000000001,-7.889844919347309
-0.6567,-8.01433951373543
-0.6577000000000001,-8.150151798522476
-0.6587,-8.305770041507632
-0.6597000000000001,-8.437338192395078
-0.6607,-8.578809322381582
-0.6617000000000001,-8.738671699266332
-0.6627,-8.878728117952969
-0.6637000000000001,-9.04141991743745
-0.6647,-9.197038160422604
-0.6657000000000001,-9.358315248607218
-0.6667,-9.526665893291156
-0.6677000000000001,-9.710578362273612
-0.6687,-9.869026027858496
-0.6697000000000001,-10.05010907424122
-0.6707,-10.217045007625295
-0.6717000000000001,-10.388225074908965
-0.6727,-10.542428606594253
-0.6737000000000001,-10.717852807777518
-0.6747,-10.891862297660918
-0.6757000000000001,-11.078604189243103
-0.6767,-11.262516658225557
-0.6777000000000001,-11.439355570708686
-0.6787,-11.650147554388578
-0.6797000000000001,-11.856695404168873
-0.6807,-12.050510852250381
-0.6817000000000001,-12.228764476033378
-0.6827,-12.455118284011784
-0.6837000000000001,-12.648933732093294
-0.6847,-12.835675623675478
-0.6857000000000001,-13.040808762155907
-0.6867,-13.26574785883445
-0.6877000000000001,-13.50483406851164
-0.6887,-13.728358453890316
-0.6897000000000001,-13.929247458471151
-0.6907,-14.124477617852525
-0.6917000000000001,-14.345172580631472
-0.6927,-14.557379275611227
-0.6937000000000001,-14.812027309586934
-0.6947,-15.05252823056399
-0.6957000000000001,-15.250587812545096
-0.6967,-15.462794507524851
-0.6977000000000001,-15.689148315503255
-0.6987,-15.943796349478962
-0.6997000000000001,-16.184297270456018
-0.7007,-16.410651078434423
-0.7017000000000001,-16.679446225408782
-0.7027,-16.877505807389888
-0.7037000000000001,-17.132153841365596
-0.7047,-17.4150961013386
-0.7057000000000001,-17.669744135314307
-0.7067,-17.910245056291366
-0.7077000000000001,-18.13659886426977
-0.7087,-18.419541124242777
-0.7097000000000001,-18.660042045219836
-0.7107,-18.91469007919554
-0.7117000000000001,-19.2400736781645
-0.7127,-19.508868825138855
-0.7137000000000001,-19.791811085111863
-0.7147,-20.046459119087572
-0.7157000000000001,-20.34354849205923
-0.7167,-20.612343639033586
-0.7177000000000001,-20.89528589900659
-0.7187,-21.16408104598095
-0.7197000000000001,-21.43287619295531
-0.7207,-21.758259791924264
-0.7217000000000001,-22.055349164895922
-0.7227,-22.309997198871628
-0.7237000000000001,-22.592939458844636
-0.7247,-22.84758749282034
-0.7257000000000001,-23.187118204787954
-0.7267,-23.51250180375691
-0.7277000000000001,-23.852032515724517
-0.7287,-24.16326900169483
-0.7297000000000001,-24.488652600663784
-0.7307,-24.771594860636792
-0.7317000000000001,-25.0828313466071
-0.7327,-25.42236205857471
-0.7337000000000001,-25.747745657543668
-0.7347,-26.058982143513976
-0.7357000000000001,-26.412659968480234
-0.7367,-26.766337793446493
-0.7376999999999999,-27.091721392415455
-0.7387,-27.417104991384413
-0.7396999999999999,-27.770782816350668
-0.7407,-28.12446064131693
-0.7416999999999999,-28.421550014288584
-0.7427,-28.718639387260247
-0.7436999999999999,-29.029875873230555
-0.7447,-29.39770081119546
-0.7456999999999999,-29.72308441016442
-0.7467,-30.03432089613473
-0.7476999999999999,-30.416292947098288
-0.7487,-30.7558236590659
-0.7496999999999999,-31.137795710029454
-0.7507,-31.505620647994366
-0.7516999999999999,-31.873445585959274
-0.7527,-32.269564749921486
-0.7536999999999999,-32.62324257488775
-0.7547,-32.97692039985401
-0.7556999999999999,-33.373039563816214
-0.7567,-33.740864501781125
-0.7576999999999999,-34.05210098775143
-0.7587,-34.4906614907096
-0.7596999999999999,-34.8301922026772
-0.7607,-35.240458479638065
-0.7616999999999999,-35.62243053060162
-0.7627,-35.91951990357328
-0.7636999999999999,-36.315639067535486
-0.7647,-36.754199570493654
-0.7656999999999999,-37.206907186450465
-0.7667,-37.617173463411326
-0.7676999999999999,-38.140616644361394
-0.7687,-38.49429446932764
-0.7696999999999999,-38.83382518129526
-0.7707,-39.187503006261515
-0.7716999999999999,-39.54118083122778
-0.7727,-39.88071154319538
-0.7736999999999999,-40.31927204615355
-0.7747,-40.743685436113054
-0.7757,-41.06906903508202
-0.7767000000000001,-41.50762953804018
-0.7777,-41.88960158900374
-0.7787000000000001,-42.229132300971344
-0.7797,-42.681839916928155
-0.7807000000000001,-43.02137062889577
-0.7817,-43.33260711486608
-0.7827000000000001,-43.68628493983233
-0.7837,-44.28046368577565
-0.7847000000000001,-44.619994397743255
-0.7857,-44.98781933570817
-0.7867000000000001,-45.38393849967037
-0.7877,-45.87908745462314
-0.7887000000000001,-46.162029714596144
-0.7897,-46.43082486157051
-0.7907000000000001,-46.85523825153001
-0.7917,-47.33624009348412
-0.7927000000000001,-47.76065348344364
-0.7937,-48.1992139864018
-0.7947000000000001,-48.609480263362656
-0.7957,-48.97730520132757
-0.7967000000000001,-49.33098302629383
-0.7977,-49.642219512264134
-0.7987000000000001,-50.20810403221015
-0.7997,-50.74569432615886
-0.8007000000000001,-51.21254905511432
-0.8017,-51.53793265408329
-0.8027000000000001,-51.90575759204819
-0.8037,-52.37261232100366
-0.8047000000000001,-52.75458437196722
-0.8057,-53.17899776192673
-0.8067000000000001,-53.603411151886235
-0.8077,-53.985383202849796
-0.8087000000000001,-54.537120609797164
-0.8097,-54.919092660760725
-0.8107000000000001,-55.17374069473642
-0.8117,-55.51327140670405
-0.8127000000000001,-56.008420361656796
-0.8137,-56.43283375161632
-0.8147000000000001,-56.91383559357042
-0.8157,-57.30995475753264
-0.8167000000000001,-57.66363258249889
-0.8177,-58.08804597245841
-0.8187000000000001,-58.55490070141387
-0.8197,-58.951019865376075
-0.8207000000000001,-59.33299191633964
-0.8217,-59.757405306299155
-0.8227000000000001,-60.12523024426406
-0.8237,-60.56379074722222
-0.8247000000000001,-61.10138104117093
-0.8257,-61.5965299961237
-0.8267000000000001,-61.95020782108996
-0.8277,-62.38876832404812
-0.8287000000000001,-62.88391727900089
-0.8297,-63.26588932996445
-0.8307000000000001,-63.7044498329226
-0.8317,-63.973244979896954
-0.8327000000000001,-64.24204012687132
-0.8337,-64.75133619482273
-0.8347000000000001,-65.26063226277414
-0.8357,-65.65675142673635
-0.8367000000000001,-66.22263594668237
-0.8377,-67.4958761165609
-0.8387000000000001,-67.63734724654739
-0.8397,-67.96273084551636
-0.8407000000000001,-68.41543846147317
-0.8417,-68.85399896443133
-0.8427000000000001,-69.27841235439085
-0.8437,-69.74526708334632
-0.8447000000000001,-70.11309202131122
-0.8457,-70.39603428128423
-0.8467000000000001,-70.87703612323833
-0.8477,-71.2307139482046
-0.8487000000000001,-71.59853888616952
-0.8497,-71.92392248513846
-0.8507000000000001,-72.46151277908717
-0.8517,-73.2820453330089
-0.8527000000000001,-73.59328181897921
-0.8537,-74.00354809594008
-0.8547000000000001,-74.35722592090633
-0.8557,-74.89481621485504
-0.8567000000000001,-75.2484940398213
-0.8577,-75.6729074297808
-0.8587000000000001,-75.98414391575112
-0.8597,-76.28123328872279
-0.8607000000000001,-76.45099864470659
-0.8617,-77.11591295564315
-0.8626999999999999,-77.63935613659322
-0.8637,-78.26182910853383
-0.8646999999999999,-78.82771362847984
-0.8657,-79.06821454945691
-0.8666999999999999,-79.43603948742181
-0.8677,-79.94533555537322
-0.8686999999999999,-80.18583647635029
-0.8697,-80.44048451032599
-0.8706999999999999,-80.58195564031249
-0.8717,-80.92148635228011
-0.8726999999999999,-81.50151798522475
-0.8737,-82.05325539217212
-0.8746999999999999,-82.50596300812894
-0.8757,-82.73231681610734
-0.8766999999999999,-83.1708773190655
-0.8777,-83.43967246603985
-0.8786999999999999,-84.01970409898453
-0.8797,-84.18946945496833
-0.8806999999999999,-84.6846184099211
-0.8817,-84.8826779919022
-0.8826999999999999,-85.23635581686847
-0.8837,-86.14177104878208
-0.8846999999999999,-86.66521422973216
-0.8857,-87.00474494169976
-0.8866999999999999,-87.18865741068221
-0.8857,-86.69350845572944
-0.8846999999999999,-86.42471330875509
-0.8837,-85.73150477182124
-0.8826999999999999,-84.81194242690896
-0.8817,-84.61388284492786
-0.8806999999999999,-84.5148530539373
-0.8797,-83.97726275998858
-0.8786999999999999,-83.38308401404527
-0.8777,-83.029406189079
-0.8766999999999999,-82.70402259011003
-0.8757,-82.26546208715187
-0.8746999999999999,-82.13813807016405
-0.8737,-81.43078242023151
-0.8726999999999999,-80.66683831830439
-0.8717,-80.04436534636378
-0.8706999999999999,-79.45018660042047
-0.8697,-79.01162609746228
-0.8686999999999999,-78.71453672449066
-0.8677,-78.26182910853383
-0.8666999999999999,-77.7525330405824
-0.8657,-77.2998254246256
-0.8646999999999999,-76.98858893865528
-0.8637,-76.62076400069039
-0.8626999999999999,-76.22464483672817
-0.8617,-75.82852567276596
-0.8607000000000001,-75.43240650880375
-0.8597,-75.71534876877676
-0.8587000000000001,-75.13531713583208
-0.8577,-74.49869705089283
-0.8567000000000001,-74.11672499992927
-0.8557,-73.8762240789522
-0.8547000000000001,-74.10257788693062
-0.8537,-73.94695964394546
-0.8527000000000001,-73.3952222369981
-0.8517,-72.8576319430494
-0.8507000000000001,-72.24930608410743
-0.8497,-71.86733403314386
-0.8487000000000001,-71.44292064318435
-0.8477,-70.99021302722754
-0.8467000000000001,-70.59409386326533
-0.8457,-70.11309202131122
-0.8447000000000001,-69.50476616236925
-0.8437,-68.9813229814192
-0.8427000000000001,-68.44373268747047
-0.8417,-68.34470289647993
-0.8407000000000001,-67.99102507151366
-0.8397,-67.5807587945528
-0.8387000000000001,-67.14219829159464
-0.8377,-66.74607912763243
-0.8367000000000001,-66.22263594668237
-0.8357,-65.65675142673635
-0.8347000000000001,-65.2464851497755
-0.8337,-64.73718908182407
-0.8327000000000001,-64.35521703086052
-0.8317,-63.8459209629091
-0.8307000000000001,-63.56297870293609
-0.8297,-63.181006651972545
-0.8287000000000001,-62.75659326201302
-0.8277,-62.30388564605621
-0.8267000000000001,-62.02094338608321
-0.8257,-61.55408865712774
-0.8247000000000001,-61.08723392817228
-0.8237,-60.86088012019388
-0.8227000000000001,-60.42231961723571
-0.8217,-60.11108313126541
-0.8207000000000001,-59.68666974130589
-0.8197,-59.17737367335449
-0.8187000000000001,-58.82369584838823
-0.8177,-58.569047814412514
-0.8167000000000001,-58.35684111943277
-0.8157,-57.904133503475954
-0.8147000000000001,-57.550455678509685
-0.8137,-57.097748062552874
-0.8127000000000001,-56.546010655605514
-0.8117,-56.24892128263386
-0.8107000000000001,-55.951831909662204
-0.8097,-55.31521182472294
-0.8087000000000001,-55.8669492316703
-0.8077,-56.06500881365141
-0.8067000000000001,-55.64059542369189
-0.8057,-55.357653163718886
-0.8047000000000001,-55.003975338752625
-0.8037,-54.423943705807964
-0.8027000000000001,-54.02782454184575
-0.8017,-53.7873236208687
-0.8007000000000001,-53.405351569905136
-0.7997,-53.009232405942925
-0.7987000000000001,-52.59896612898206
-0.7977,-52.08967006103065
-0.7967000000000001,-51.90575759204819
-0.7957,-52.047228722034696
-0.7947000000000001,-51.65110955807249
-0.7937,-51.25499039411028
-0.7927000000000001,-50.81642989115212
-0.7917,-50.40616361419126
-0.7907000000000001,-50.06663290222365
-0.7897,-49.628072399265484
-0.7887000000000001,-49.18951189630732
-0.7877,-48.920716749332975
-0.7867000000000001,-48.4255677943802
-0.7857,-48.057742856415295
-0.7847000000000001,-47.633329466455784
-0.7837,-47.30794586748683
-0.7827000000000001,-46.88353247752732
-0.7817,-46.45911908756781
-0.7807000000000001,-46.048852810606945
-0.7797,-45.82249900262854
-0.7787000000000001,-45.482968290660935
-0.7777,-45.143437578693316
-0.7767000000000001,-44.90293665771627
-0.7757,-44.81805397972436
-0.7747,-44.577553058747306
-0.7736999999999999,-44.138992555789144
-0.7727,-43.70043205283099
-0.7716999999999999,-43.33260711486608
-0.7707,-42.95063506390252
-0.7696999999999999,-42.582810125937606
-0.7687,-42.28572075296594
-0.7676999999999999,-41.96033715399699
-0.7667,-41.74813045901723
-0.7656999999999999,-41.40859974704962
-0.7647,-41.02662769608606
-0.7636999999999999,-40.630508532123855
-0.7627,-40.220242255162994
-0.7616999999999999,-39.85241731719808
-0.7607,-39.56947505722508
-0.7596999999999999,-39.38556258824262
-0.7587,-39.145061667265566
-0.7576999999999999,-38.91870785928716
-0.7567,-38.57917714731955
-0.7556999999999999,-38.31038200034519
-0.7547,-37.91426283638298
-0.7536999999999999,-37.58887923741403
-0.7527,-37.334231203438314
-0.7516999999999999,-36.96640626547341
-0.7507,-36.6834640055004
-0.7496999999999999,-36.38637463252874
-0.7487,-36.08928525955708
-0.7476999999999999,-35.707313208593526
-0.7467,-35.367782496625914
-0.7456999999999999,-35.04239889765696
-0.7447,-34.7453095246853
-0.7436999999999999,-34.50480860370825
-0.7427,-34.221866343735236
-0.7416999999999999,-33.99551253575683
-0.7407,-33.627687597791926
-0.7396999999999999,-33.373039563816214
-0.7387,-33.13253864283916
-0.7376999999999999,-32.807155043870196
-0.7367,-32.4676243319026
-0.7357000000000001,-32.19882918492823
-0.7347,-31.94418115095253
-0.7337000000000001,-31.675386003978172
-0.7327,-31.420737970002463
-0.7317000000000001,-31.137795710029454
-0.7307,-30.953883241047
-0.7297000000000001,-31.16608993602676
-0.7287,-30.82655922405915
-0.7277000000000001,-30.685088094072643
-0.7267,-30.359704495103685
-0.7257000000000001,-30.07676223513068
-0.7247,-29.836261314153624
-0.7237000000000001,-29.454289263190066
-0.7227,-29.157199890218404
-0.7217000000000001,-28.9025518562427
-0.7207,-28.619609596269694
-0.7197000000000001,-28.393255788291288
-0.7187,-28.12446064131693
-0.7177000000000001,-27.912253946337174
-0.7167,-27.62931168636417
-0.7157000000000001,-27.37466365238846
-0.7147,-27.204898296404657
-0.7137000000000001,-26.921956036431645
-0.7127,-26.62486666345999
-0.7117000000000001,-26.440954194477534
-0.7107,-26.18630616050183
-0.7097000000000001,-25.90336390052882
-0.7087,-25.634568753554465
-0.7077000000000001,-25.37992071957876
-0.7067,-25.06868423360845
-0.7057000000000001,-24.828183312631392
-0.7047,-24.601829504652986
-0.7037000000000001,-24.389622809673234
-0.7027,-24.149121888696175
-0.7017000000000001,-23.894473854720466
-0.7007,-23.639825820744765
-0.6997000000000001,-23.328589334774456
-0.6987,-23.102235526796047
-0.6977000000000001,-22.87588171881764
-0.6967,-22.63538079784059
-0.6957000000000001,-22.437321215859484
-0.6947,-22.267555859875678
-0.6937000000000001,-22.055349164895922
-0.6927,-21.857289582914817
-0.6917000000000001,-21.574347322941808
-0.6907,-21.291405062968803
-0.6897000000000001,-21.065051254990397
-0.6887,-20.86699167300929
-0.6877000000000001,-20.612343639033586
-0.6867,-20.414284057052477
-0.6857000000000001,-20.14548891007812
-0.6847,-19.890840876102416
-0.6837000000000001,-19.69278129412131
-0.6827,-19.466427486142905
-0.6817000000000001,-19.339103469155052
-0.6807,-19.112749661176647
-0.6797000000000001,-18.872248740199588
-0.6787,-18.660042045219836
-0.6777000000000001,-18.391246898245473
-0.6767,-18.207334429263025
-0.6757000000000001,-18.009274847281915
-0.6747,-17.839509491298113
-0.6737000000000001,-17.641449909317007
-0.6727,-17.48583166633185
-0.6717000000000001,-17.231183632356142
-0.6707,-17.00482982437774
-0.6697000000000001,-16.806770242396635
-0.6687,-16.60871066041553
-0.6677000000000001,-16.410651078434423
-0.6667,-16.24088572245062
-0.6657000000000001,-16.056973253468165
-0.6647,-15.858913671487063
-0.6637000000000001,-15.675001202504609
-0.6627,-15.491088733522153
-0.6617000000000001,-15.293029151541045
-0.6607,-15.123263795557243
-0.6597000000000001,-14.953498439573437
-0.6587,-14.755438857592333
-0.6577000000000001,-14.557379275611227
-0.6567,-14.387613919627421
-0.6557000000000001,-14.175407224647667
-0.6547,-14.039594939860624
-0.6537000000000001,-13.871244295176684
-0.6527,-13.700064227893014
-0.6517000000000001,-13.596790303002868
-0.6507,-13.444001482617443
-0.6497,-13.247356611936203
-0.6486999999999999,-13.047882318655235
-0.6477,-12.904996477368863
-0.6466999999999999,-12.756451790883034
-0.6457,-12.568295188000986
-0.6446999999999999,-12.390041564217992
-0.6437,-12.210373229135131
-0.6426999999999999,-12.067487387848763
-0.6417,-11.906210299664147
-0.6406999999999999,-11.74917734537913
-0.6397,-11.582241411995057
-0.6386999999999999,-11.419549612510576
-0.6377,-11.269590214724882
-0.6366999999999999,-11.126704373438514
-0.6357,-10.95410959485498
-0.6346999999999999,-10.821126732667665
-0.6337,-10.695217426979678
-0.6326999999999999,-10.550916874393444
-0.6317,-10.396713342708155
-0.6306999999999999,-10.248168656222326
-0.6297,-10.118015216634742
-0.6286999999999999,-9.944005726751344
-0.6277,-9.81668170976349
-0.6266999999999999,-9.680869424976446
-0.6257,-9.530910027190751
-0.6246999999999999,-9.399341876303303
-0.6237,-9.26635901411599
-0.6226999999999999,-9.12913201802908
-0.6217,-8.997563867141633
-0.6206999999999999,-8.874483984053375
-0.6197,-8.734427565366737
-0.6186999999999999,-8.607103548378884
-0.6177,-8.481194242690894
-0.6166999999999999,-8.376505606500881
-0.6157,-8.247766878213163
-0.6146999999999999,-8.12610170642477
-0.6137,-8.011510091135703
-0.6126999999999999,-7.889844919347309
-0.6117,-7.7653503249591855
-0.6107000000000001,-7.646514575770523
-0.6097,-7.526264115281995
-0.6087000000000001,-7.415916633892522
-0.6077,-7.302739729903319
-0.6067000000000001,-7.199465805013171
-0.6057,-7.080630055824508
-0.6047000000000001,-6.983014976133821
-0.6037,-6.892473452942459
-0.6027000000000001,-6.776467126353525
-0.6017,-6.671778490163514
-0.6007000000000001,-6.562845720073906
-0.5997,-6.465230640383218
-0.5987000000000001,-6.3548831589937445
-0.5977,-6.253023945403462
-0.5967000000000001,-6.161067710912235
-0.5957,-6.060623208621817
-0.5947000000000001,-5.968666974130589
-0.5937,-5.873881317039633
-0.5927000000000001,-5.7833397938482705
-0.5917,-5.685724714157582
-0.5907000000000001,-5.582450789267434
-0.5897,-5.490494554776207
-0.5887000000000001,-5.394294186385385
-0.5877,-5.303752663194023
-0.5867000000000001,-5.237261232100366
-0.5857,-5.152378554108464
-0.5847000000000001,-5.06466645351683
-0.5837,-4.975539641625334
-0.5827000000000001,-4.896315808832893
-0.5817,-4.804359574341665
-0.5807000000000001,-4.7208916076496275
-0.5797,-4.6416677748571855
-0.5787000000000001,-4.565273364664473
-0.5777,-4.487464243171897
-0.5767000000000001,-4.4124845442790495
-0.5757,-4.344578401885528
-0.5747000000000001,-4.269598702992681
-0.5737,-4.191789581500104
-0.5727000000000001,-4.119639305206987
-0.5717,-4.046074317614004
-0.5707000000000001,-3.9781681752204827
-0.5697,-3.9046031876275014
-0.5687000000000001,-3.855088292132225
-0.5677,-3.7900115723384333
-0.5667000000000001,-3.7178612960453163
-0.5657,-3.6556139988512544
-0.5647000000000001,-3.593366701657193
-0.5637,-3.532534115762996
-0.5627000000000001,-3.4674573959692045
-0.5617,-3.405210098775143
-0.5607000000000001,-3.3415480902812167
-0.5597,-3.2849596382866153
-0.5587000000000001,-3.2269564749921487
-0.5577,-3.164709177798087
-0.5567000000000001,-3.1052913032037557
-0.5557,-3.0515322738088844
-0.5547000000000001,-3.002017378313608
-0.5537,-2.942599503719276
-0.5527000000000001,-2.888840474324405
-0.5517,-2.8322520223298033
-0.5507000000000001,-2.7869812607341222
-0.5497,-2.737466365238846
-0.5487000000000001,-2.689366181043435
-0.5477,-2.631363017748968
-0.5467000000000001,-2.587506967453152
-0.5457,-2.5408214945576058
-0.5447000000000001,-2.49696544426179
-0.5437,-2.4545241052658384
-0.5427000000000001,-2.4050092097705624
-0.5417,-2.351250180375691
-0.5407000000000001,-2.3130529752793345
-0.5397,-2.272026347583249
-0.5387000000000001,-2.226755585987568
-0.5377,-2.1899730921910767
-0.5367000000000001,-2.150361175794856
-0.5357,-2.1008462802995793
-0.5347000000000001,-2.0654784978029537
-0.5337,-2.0258665814067327
-0.5327000000000001,-1.9848399537106465
-0.5317,-1.9523015938137507
-0.5307000000000001,-1.9169338113171246
-0.5297,-1.882980740120364
-0.5287000000000001,-1.8447835350240078
-0.5277,-1.8108304638272468
-0.5267000000000001,-1.774047970030756
-0.5257,-1.7415096101338603
-0.5247,-1.7089712502369643
-0.5236999999999999,-1.6764328903400685
-0.5227,-1.643894530443173
-0.5216999999999999,-1.6099414592464116
-0.5207,-1.5816472332491107
-0.5196999999999999,-1.5491088733522151
-0.5187,-1.5208146473549145
-0.5176999999999999,-1.4953498439573436
-0.5167,-1.4656409066601779
-0.5156999999999999,-1.4359319693630124
-0.5147,-1.4059400898058736
-0.5136999999999999,-1.3796264596283838
-0.5127,-1.3531713583209075
-0.5116999999999999,-1.3268577281434177
-0.5107,-1.3013929247458473
-0.5096999999999999,-1.27578665021829
-0.5087,-1.2514536158606115
-0.5076999999999999,-1.2249985145531352
-0.5067,-1.2037778450551597
-0.5056999999999999,-1.1804351086073865
-0.5047,-1.1576582566795592
-0.5036999999999999,-1.1351643470117054
-0.5027,-1.1129533796038245
-0.5016999999999999,-1.0921571234958085
-0.5007,-1.0705120406078732
-0.4996999999999999,-1.0487254865899516
-0.49870000000000003,-1.0286365861318683
-0.4976999999999999,-1.008689156803771
-0.49670000000000003,-0.9891661408656335
-0.4956999999999999,-0.9710578362273611
-0.49470000000000003,-0.9501201089893586
-0.4936999999999999,-0.9322947466110592
-0.4927,-0.9140449708428002
-0.4916999999999999,-0.8957951950745412
-0.4907,-0.8795260151260933
-0.4896999999999999,-0.8617006527477938
-0.4887,-0.8445826460194269
-0.4876999999999999,-0.828596408330952
-0.4867,-0.812327228382504
-0.48570000000000013,-0.7959165773040696
-0.4847,-0.7804962241355408
-0.48370000000000013,-0.7647929287070389
-0.4827,-0.7495140466684964
-0.48170000000000013,-0.7349425202798866
-0.4807,-0.7205124650212632
-0.4797000000000001,-0.7072141788025319
-0.4787,-0.693774421453814
-0.4777000000000001,-0.6803346641050962
-0.4767,-0.6670363778863648
-0.4757000000000001,-0.6537380916676334
-0.4747,-0.6394495075389965
-0.4737000000000001,-0.6265756347102247
-0.4727,-0.6139847041414259
-0.4717000000000001,-0.6016767158326001
-0.4707,-0.5897931409137338
-0.4697000000000001,-0.5787583927747865
-0.4687,-0.5675821735058527
-0.4677000000000001,-0.5551327140670403
-0.4667,-0.5440979659280931
-0.4657000000000001,-0.533346160049119
-0.4647,-0.5223114119101716
-0.4637000000000001,-0.5135402018510082
-0.4627,-0.5032128093619935
-0.4617000000000001,-0.4935927725229112
-0.4607,-0.48354832229386957
-0.4597000000000001,-0.4735038720648278
-0.4587,-0.464308248615705
-0.4577000000000001,-0.4552540962965688
-0.4567,-0.4456340594574866
-0.4557000000000001,-0.4371457916582963
-0.4547,-0.42837458159913316
-0.4537000000000001,-0.4196033715399699
-0.4527,-0.4118224593907122
-0.4517000000000001,-0.40404154724145447
-0.4507,-0.39611916396221025
-0.4497000000000001,-0.38805530955297957
-0.4487,-0.38055733966369487
-0.4477000000000001,-0.37291789864442365
-0.4467,-0.3647125731052065
-0.4457000000000001,-0.3572146032159218
-0.4447,-0.3499995755866101
-0.4437000000000001,-0.3430674902172714
-0.4427,-0.33613540484793275
-0.4417000000000001,-0.32976920399854004
-0.4407,-0.3234030031491474
-0.4397000000000001,-0.3170368022997547
-0.4387,-0.3110950148403216
-0.4377000000000001,-0.30458734286094236
-0.4367,-0.29850408427152275
-0.4357000000000001,-0.2921378834221301
-0.4347,-0.28647903822266996
-0.4337000000000001,-0.2808201930232098
-0.4327,-0.27473693443379016
-0.4317000000000001,-0.2692195603643165
-0.43069999999999997,-0.26412659968480234
-0.4297000000000001,-0.2587506967453152
-0.42869999999999997,-0.2537992071957876
-0.4277000000000001,-0.2482818331263139
-0.42669999999999997,-0.2437547569667458
-0.4257000000000001,-0.2397935653271237
-0.42469999999999997,-0.23385177786769054
-0.4237000000000001,-0.22904175944814942
-0.42269999999999996,-0.22465615441856782
-0.4217000000000001,-0.22012907825899972
-0.42069999999999996,-0.2154605309694451
-0.4197000000000001,-0.212065223849769
-0.41869999999999996,-0.20711373430024138
-0.41770000000000007,-0.20329401379060577
-0.41669999999999996,-0.19848399537106462
-0.41570000000000007,-0.19480574599141554
-0.41469999999999996,-0.19084455435179343
-0.41370000000000007,-0.18688336271217135
-0.41269999999999996,-0.18306364220253574
-0.41170000000000007,-0.17924392169290015
-0.41069999999999995,-0.17542420118326454
-0.40970000000000006,-0.17217036519357498
-0.40869999999999995,-0.16863358694391237
-0.40770000000000006,-0.16509680869424978
-0.40669999999999995,-0.1615600304445872
-0.40570000000000006,-0.1583061944548976
-0.40469999999999995,-0.15476941620523502
-0.40370000000000006,-0.15151558021554543
-0.40269999999999995,-0.14854468648582883
-0.40170000000000006,-0.14543232162612577
-0.40069999999999995,-0.1424614278964092
-0.39970000000000006,-0.13934906303670613
-0.39869999999999994,-0.13646305198498146
-0.39770000000000005,-0.13346386402926755
-0.39669999999999994,-0.13090323657651182
-0.39570000000000005,-0.12807381397678178
-0.39469999999999994,-0.1254707451850301
-0.39370000000000005,-0.12258473413330541
-0.39269999999999994,-0.1199958124545524
-0.39170000000000005,-0.1172371254198156
-0.39069999999999994,-0.11501602867902748
-0.38970000000000005,-0.11231393009628526
-0.38869999999999993,-0.1101069804684958
-0.38770000000000004,-0.10758879435473605
-0.38669999999999993,-0.10526866782295738
-0.38570000000000004,-0.10292024706518142
-0.38469999999999993,-0.10052938496840952
-0.38370000000000004,-0.09860537760059306
-0.38269999999999993,-0.09637013374680631
-0.38170000000000004,-0.09407830144102494
-0.3806999999999999,-0.09218258829920578
-0.37970000000000004,-0.08994734444541903
-0.3786999999999999,-0.08793845439961068
-0.37770000000000004,-0.08584468167581043
-0.3766999999999999,-0.08369432050001557
-0.37570000000000003,-0.08210984384416672
-0.3746999999999999,-0.07991704132937592
-0.37370000000000003,-0.07851647714250953
-0.3726999999999999,-0.07643685153170793
-0.37170000000000003,-0.07468260951987529
-0.3706999999999999,-0.07273030792606154
-0.36970000000000003,-0.07093362457523293
-0.3686999999999999,-0.06944817771037465
-0.3677,-0.06776467126353526
-0.3666999999999999,-0.06616604749468777
-0.3657,-0.06459571795183758
-0.3646999999999999,-0.06312441819997792
-0.3637,-0.06176629535210751
-0.3626999999999999,-0.06009693601826675
-0.3617,-0.05869637183140037
-0.36070000000000013,-0.05722507207954074
-0.3597,-0.055838655005673
-0.35870000000000013,-0.05456541483579446
-0.3577,-0.05310826219693348
-0.35670000000000013,-0.0519906402700401
-0.3557,-0.050363722275195304
-0.3547000000000001,-0.049288541687297883
-0.3537,-0.04804359574341665
-0.3527000000000001,-0.046713767121543515
-0.3517,-0.04559614519465013
-0.3507000000000001,-0.04428046368577565
-0.3497,-0.043092106193889014
-0.3487000000000001,-0.041988631379994285
-0.3477,-0.04082856811410496
-0.3467000000000001,-0.03971094618721158
-0.3457,-0.03855088292132225
-0.3447000000000001,-0.03753229078541943
-0.3437,-0.03664102266650445
-0.3427000000000001,-0.035565842078607024
-0.3417,-0.034391631699719045
-0.3407000000000001,-0.03355695203279867
-0.3397,-0.03251006567089854
-0.3387000000000001,-0.03133585529201056
-0.3377,-0.030670940981073994
-0.3367000000000001,-0.029581613280177915
-0.3357,-0.02880352206525215
-0.3347000000000001,-0.02796884239833177
-0.3337,-0.026978544488426247
-0.3327000000000001,-0.026172159047503182
-0.3317,-0.025252596702590904
-0.3307000000000001,-0.024488652600663786
-0.3297,-0.02354079602975421
-0.3287000000000001,-0.022819293266823044
-0.3277,-0.022154378955886473
-0.3267000000000001,-0.021347993514963404
-0.3257,-0.020400136944053827
-0.3247000000000001,-0.019820105311109164
-0.3237,-0.018843954514202284
-0.3227000000000001,-0.01820733442926302
-0.3217,-0.01768389124831296
-0.3207000000000001,-0.016806770242396636
-0.3197,-0.016170150157457368
-0.3187000000000001,-0.015561824298515404
-0.3177,-0.014684703292599082
-0.3167000000000001,-0.014189554337646317
-0.3157,-0.013647719909798009
-0.3147000000000001,-0.012781916594280606
-0.3137,-0.01226554696982987
-0.3127000000000001,-0.011511505847001804
-0.3117,-0.01098240382085228
-0.3107000000000001,-0.010381151518409638
-0.3097,-0.009767166814268213
-0.3087000000000001,-0.009419147834501415
-0.3077,-0.00869340093767065
-0.3067000000000001,-0.0082463521669133
-0.30569999999999997,-0.00771583542946391
-0.3047000000000001,-0.006933500080638544
-0.30369999999999997,-0.0064737189081824085
-0.3027000000000001,-0.006054964363422357
-0.30169999999999997,-0.005482006286977017
-0.3007000000000001,-0.005133987307210219
-0.29969999999999997,-0.004561029230764878
-0.2987000000000001,-0.004184716025000778
-0.29769999999999996,-0.0036259050615540887
-0.2967000000000001,-0.002997773244414013
-0.29569999999999996,-0.002537992071957876
-0.2947000000000001,-0.002202705493889862
-0.29369999999999996,-0.0016863358694391237
-0.29270000000000007,-0.001085932393776402
-0.29169999999999996,-0.0007090533034923563
-0.29070000000000007,-0.0003461798550769745
-0.28969999999999996,0.00028195196206310183
-0.28870000000000007,0.0005750801433951374
-0.28769999999999996,0.0009938346881551883
-0.28670000000000007,0.0011752006767978861
-0.28569999999999995,0.00173302134233467
-0.28470000000000006,0.002263538079784059
-0.28369999999999995,0.002501209578161385
-0.28270000000000006,0.0029199641229214358
-0.28169999999999995,0.003157635621298762
-0.28070000000000006,0.0036032696807562488
-0.27969999999999995,0.004078612677510901
-0.27870000000000006,0.004343163690585663
-0.27769999999999995,0.0048595333150364016
-0.27670000000000006,0.005097204813413728
-0.27569999999999995,0.0054324913914817405
-0.27470000000000006,0.005837098823243141
-0.27369999999999994,0.006074770321620467
-0.27270000000000005,0.0063959097866898304
-0.27169999999999994,0.006702902138760544
-0.27070000000000005,0.007024041603829908
-0.26969999999999994,0.007372060583596706
-0.26870000000000005,0.007776668015358107
-0.26769999999999994,0.008042633739732736
-0.26670000000000005,0.008181275447119508
-0.26569999999999994,0.00864247133087551
-0.26470000000000005,0.008949463682946222
-0.26369999999999993,0.009158840955326247
-0.26270000000000004,0.009675210579776985
-0.26169999999999993,0.009689357692775636
-0.26070000000000004,0.010122259350534337
-0.25969999999999993,0.010191580204227724
-0.25870000000000004,0.010624481861986425
-0.25769999999999993,0.010876300473362402
-0.25670000000000004,0.011252613679126503
-0.2556999999999999,0.011336081645818539
-0.25470000000000004,0.011531311805199914
-0.2536999999999999,0.011797277529574539
-0.25270000000000004,0.012216032074334592
-0.2516999999999999,0.012368820894720016
-0.25070000000000003,0.012634786619094642
-0.24969999999999992,0.012787575439480068
-0.24870000000000003,0.013067688276853345
-0.24769999999999992,0.013178035758242817
-0.24670000000000003,0.013499175223312178
-0.24569999999999992,0.013625084529000167
-0.24470000000000003,0.013750993834688155
-0.24369999999999992,0.01394622399406953
-0.24270000000000003,0.014288584128636872
-0.24169999999999991,0.014599820614607179
-0.24070000000000003,0.014911057100577486
-0.2396999999999999,0.01501008689156804
-0.23870000000000002,0.015165705134553195
-0.2376999999999999,0.015476941620523503
-0.23670000000000002,0.015618412750510005
-0.23570000000000013,0.015703295428501907
-0.23470000000000002,0.015901355010483013
-0.23370000000000013,0.01611356170546277
-0.23270000000000002,0.01629747417444522
-0.23170000000000013,0.01646723953042903
-0.23070000000000002,0.01652382798242363
-0.22970000000000013,0.016806770242396636
-0.22870000000000001,0.01697653559838044
-0.22770000000000012,0.017146300954364244
-0.2267,0.017160448067362895
-0.22570000000000012,0.026851220471438397
-0.2247,0.0191834852261699
-0.22370000000000012,0.018108304638272472
-0.2227,0.01803756907327922
-0.22170000000000012,0.01785365660429676
-0.2207,0.01768389124831296
-0.21970000000000012,0.01776877392630486
-0.2187,0.017599008570321057
-0.21770000000000012,0.018023421960280565
-0.2167,0.018348805559249524
-0.2157000000000001,0.01858930648022658
-0.2147,0.018674189158218484
-0.2137000000000001,0.018617600706223883
-0.2127,0.01887224874019959
-0.2117000000000001,0.019042014096183394
-0.2107,0.018985425644188793
-0.2097000000000001,0.01928251501716045
-0.2087,0.01928251501716045
-0.2077000000000001,0.019480574599141553
-0.2067,0.019579604390132108
-0.2057000000000001,0.01969278129412131
-0.2047,0.019805958198110513
-0.2037000000000001,0.019961576441095665
-0.2027,0.020470872509047083
-0.2017000000000001,0.020286960040064625
-0.2007,0.020541608074040336
-0.1997000000000001,0.020513313848043033
-0.1987,0.020513313848043033
-0.1977000000000001,0.02086699167300929
-0.19669999999999999,0.020909433012005242
-0.1957000000000001,0.021036757028993096
-0.19469999999999998,0.021135786819983647
-0.1937000000000001,0.021135786819983647
-0.19269999999999998,0.02163093577493641
-0.1917000000000001,0.021560200209943158
-0.1907000000000001,0.021560200209943158
-0.1897000000000002,0.02204120205189727
-0.1887000000000001,0.02197046648690402
-0.1877000000000002,0.02208364339089322
-0.1867000000000001,0.022225114520879725
-0.1857000000000002,0.022154378955886473
-0.1847000000000001,0.022493909667854084
-0.1837000000000002,0.022621233684841938
-0.18270000000000008,0.022635380797840585
-0.1817000000000002,0.022918323057813595
-0.18070000000000008,0.022989058622806844
-0.1797000000000002,0.02327200088277985
-0.17870000000000008,0.0232295595437839
-0.1777000000000002,0.023441766238763657
-0.17670000000000008,0.023710561385738016
-0.1757000000000002,0.023625678707746112
-0.17470000000000008,0.023753002724733966
-0.1737000000000002,0.024064239210704275
-0.17270000000000008,0.023866179628723165
-0.17170000000000019,0.02420571034069078
-0.17070000000000007,0.024106680549700225
-0.16970000000000018,0.024375475696674583
-0.16870000000000007,0.024700859295643543
-0.16770000000000018,0.02467256506964624
-0.16670000000000007,0.024955507329619247
-0.16570000000000018,0.024870624651627343
-0.16470000000000007,0.025337479380582808
-0.16370000000000018,0.025224302476593602
-0.16270000000000007,0.025181861137597652
-0.16170000000000018,0.02545065628457201
-0.16070000000000007,0.025648715866553113
-0.15970000000000018,0.025747745657543668
-0.15870000000000006,0.02562042164055581
-0.15770000000000017,0.02622874749949778
-0.15670000000000006,0.026158011934504528
-0.15570000000000017,0.02624289461249643
-0.15470000000000006,0.02645510130747619
-0.15370000000000017,0.02628533595149238
-0.15270000000000006,0.02655413109846674
-0.15170000000000017,0.026794632019443793
-0.15070000000000006,0.027148309844410055
-0.14970000000000017,0.0270775742794168
-0.14870000000000005,0.02709172139241545
-0.14770000000000016,0.027219045409403307
-0.14670000000000005,0.02738881076538711
-0.14570000000000016,0.027487840556377662
-0.14470000000000005,0.027940548172334476
-0.14370000000000016,0.027982989511330426
-0.14270000000000005,0.028053725076323675
-0.14170000000000016,0.02813860775431558
-0.14070000000000005,0.028251784658304784
-0.13970000000000016,0.028421550014288588
-0.13870000000000005,0.028746933613257548
-0.13770000000000016,0.029058170099227856
-0.13670000000000004,0.02902987587323055
-0.13570000000000015,0.029143052777219756
-0.13470000000000004,0.029185494116215707
-0.13370000000000015,0.02945428926319007
-0.13270000000000004,0.029807967088156324
-0.13170000000000015,0.029935291105144177
-0.13070000000000004,0.029836261314153626
-0.12970000000000015,0.029977732444140127
-0.12870000000000004,0.030303116043109087
-0.12770000000000015,0.030571911190083446
-0.12670000000000003,0.030670940981073994
-0.12570000000000014,0.0308690005630551
-0.12470000000000003,0.031095354371033508
-0.12370000000000014,0.03110950148403216
-0.12270000000000003,0.031533914873991674
-0.12170000000000014,0.03170368022997547
-0.12070000000000003,0.031802710020966025
-0.11970000000000014,0.031972475376949826
-0.11870000000000003,0.032057358054941726
-0.11770000000000014,0.03228371186292014
-0.11670000000000003,0.032693978139880994
-0.11570000000000014,0.03296277328685536
-0.11470000000000002,0.03311839152984051
-0.11370000000000013,0.03324571554682836
-0.11270000000000002,0.03359939337179463
-0.11170000000000013,0.03388233563176763
-0.11070000000000024,0.03398136542275818
-0.10970000000000013,0.034306749021727145
-0.10870000000000024,0.03440577881271769
-0.10770000000000013,0.03470286818568935
-0.10670000000000024,0.03521216425364076
-0.10570000000000013,0.03525460559263671
-0.10470000000000024,0.035466812287616466
-0.10370000000000013,0.03572146032159217
-0.10270000000000024,0.03589122567757598
-0.10170000000000012,0.03600440258156519
-0.10070000000000023,0.03642881597152469
-0.09970000000000012,0.036923964926477454
-0.09870000000000023,0.03699470049147071
-0.09770000000000012,0.037320084090439666
-0.09670000000000023,0.03778693881939513
-0.09570000000000012,0.03782938015839108
-0.09470000000000023,0.03806988107936814
-0.09370000000000012,0.0385367358083236
-0.09270000000000023,0.03879138384229931
-0.09170000000000011,0.039046031876275006
-0.09070000000000022,0.039626063509219676
-0.08970000000000011,0.03985241731719808
-0.08870000000000022,0.039824123091200786
-0.08770000000000011,0.04029097782015625
-0.08670000000000022,0.04065880275812116
-0.08570000000000011,0.04102662769608607
-0.08470000000000022,0.04150762953804018
-0.08370000000000011,0.04173398334601858
-0.08270000000000022,0.04228572075296595
-0.0817000000000001,0.04245548610894975
-0.08070000000000022,0.042851605272911965
-0.0797000000000001,0.04327601866287147
-0.07870000000000021,0.04336090134086337
-0.0777000000000001,0.04389849163481209
-0.07670000000000021,0.04445022904175945
-0.0757000000000001,0.044860495318720314
-0.07470000000000021,0.045511262516658234
-0.0737000000000001,0.04585079322862584
-0.07270000000000021,0.04624691239258805
-0.0717000000000001,0.04694012092952192
-0.07070000000000021,0.047265504528490876
-0.0697000000000001,0.04766162369245308
-0.0687000000000002,0.048086037082412596
-0.0677000000000001,0.04870851005435321
-0.0667000000000002,0.04887827541033701
-0.06570000000000009,0.04944415993028303
-0.0647000000000002,0.050052485789225
-0.06370000000000009,0.05063251742216966
-0.0627000000000002,0.051311578846104884
-0.06170000000000009,0.051707698010067096
-0.0607000000000002,0.05218869985202121
-0.059700000000000086,0.05337705734390783
-0.058700000000000196,0.05371658805587544
-0.057700000000000085,0.0541834427848309
-0.056700000000000195,0.05473518019177826
-0.05570000000000008,0.05517374069473643
-0.05470000000000019,0.0558103607796757
-0.05370000000000008,0.05657430488160282
-0.05270000000000019,0.05730995475753263
-0.05170000000000008,0.058017310407465154
-0.05070000000000019,0.05837098823243141
-0.04970000000000008,0.05954519861131939
-0.04870000000000019,0.060026200453273504
-0.047700000000000076,0.060606232086218174
-0.046700000000000186,0.061412617527141236
-0.045700000000000074,0.062006796273084565
-0.044700000000000184,0.06279903460100898
-0.04370000000000007,0.06383177384991046
-0.04270000000000018,0.06446839393484971
-0.04170000000000007,0.06516160247178358
-0.04070000000000018,0.06603872347769991
-0.03970000000000007,0.06668949067563783
-0.03870000000000018,0.06769393569854201
-0.03770000000000007,0.06852861536546237
-0.03670000000000018,0.06936329503238275
-0.035700000000000065,0.07043847562028017
-0.034700000000000175,0.07132974373919515
-0.03370000000000006,0.07226345319710607
-0.03270000000000017,0.07298495596003725
-0.03170000000000006,0.07398940098294142
-0.03070000000000017,0.07506458157083885
-0.02970000000000006,0.07588511412476057
-0.02870000000000017,0.07722908985963235
-0.027700000000000058,0.07802132818755676
-0.026700000000000168,0.0791530972274488
-0.025700000000000056,0.08036974894533275
-0.024700000000000166,0.08130345840324366
-0.023700000000000054,0.0826615812511141
-0.022700000000000164,0.08366602627401826
-0.021700000000000053,0.08481194242690895
-0.020700000000000163,0.08577394611081718
-0.01970000000000005,0.08697645071570247
-0.01870000000000016,0.08816480820758908
-0.01770000000000005,0.08972099063744063
-0.01670000000000016,0.09082446545133536
-0.015700000000000047,0.09208355850821524
-0.014700000000000157,0.09311629775711672
-0.013700000000000045,0.09444612637898986
-0.012700000000000156,0.09573351366186703
-0.011700000000000044,0.09692187115375367
-0.010700000000000154,0.09877514295657686
-0.009700000000000042,0.1001332658044473
-0.008700000000000152,0.10160456555630692
-0.00770000000000004,0.10269389325720302
-0.00670000000000015,0.10393883920108424
-0.005700000000000038,0.10548087451793714
-0.0047000000000001485,0.10678240891381298
-0.0037000000000000366,0.10845176824765372
-0.0027000000000001467,0.10989477377351606
-0.0017000000000000348,0.11143680909036893
-0.000700000000000145,0.11314860976320563
0.00029999999999996696,0.11452087972407471
0.0012999999999998568,0.11572338432896
0.0022999999999999687,0.11688344759484932
0.0032999999999998586,0.11882160207566443
0.0042999999999999705,0.12067487387848763
0.00529999999999986,0.12240082166432298
0.006299999999999972,0.12361747338220691
0.007299999999999862,0.12500389045607466
0.008299999999999974,0.12633371907794774
0.009299999999999864,0.12745134100484115
0.010299999999999976,0.128752875400717
0.011299999999999866,0.12924802435566976
0.012299999999999978,0.1307476183335267
0.013299999999999867,0.11870842517167522
0.012299999999999978,0.10675411468781566
0.011299999999999866,0.0986761131655863
0.010299999999999976,0.09225332386419903
0.009299999999999864,0.08625494795277128
0.008299999999999974,0.08076586810929494
0.007299999999999862,0.07611146793273897
0.006299999999999972,0.07124486106120324
0.00529999999999986,0.06708560983960003
0.0042999999999999705,0.06309612397398062
0.0032999999999998586,0.05926225635134639
0.0022999999999999687,0.05551327140670404
0.0012999999999998568,0.0521038171740293
0.00029999999999996696,0.04906218787931948
-0.000700000000000145,0.04655814887855836
-0.0017000000000000348,0.043841903182817485
-0.0027000000000001467,0.04108321614808067
-0.0037000000000000366,0.0385650300343209
-0.0047000000000001485,0.036018549694563834
-0.005700000000000038,0.033740864501781126
-0.00670000000000015,0.031873445585959274
-0.00770000000000004,0.029581613280177915
-0.008700000000000152,0.02788395972033987
-0.009700000000000042,0.02562042164055581
-0.010700000000000154,0.02388032674172182
-0.011700000000000044,0.02197046648690402
-0.012700000000000156,0.02048501962204573
-0.013700000000000045,0.018957131418191494
-0.014700000000000157,0.017358507649344
-0.015700000000000047,0.015873060784485714
-0.01670000000000016,0.01461396772760583
-0.01770000000000005,0.013192182871241466
-0.01870000000000016,0.01213114939634269
-0.01970000000000005,0.011071530632743777
-0.020700000000000163,0.010317489509915713
-0.021700000000000053,0.008851848603255533
-0.022700000000000164,0.0075955849689753815
-0.023700000000000054,0.006646313686765943
-0.024700000000000166,0.005682895291557853
-0.025700000000000056,0.004609129414960289
-0.026700000000000168,0.00406446556451225
-0.027700000000000058,0.003031726315610774
-0.02870000000000017,0.0020824550334013338
-0.02970000000000006,0.0014684703292599081
-0.03070000000000017,0.0006169555978711424
-0.03170000000000006,-1.1166316289834733e-05
-0.03270000000000017,-0.00063930803640901
-0.03370000000000006,-0.0014769585970590981
-0.034700000000000175,-0.001950886882513886
-0.035700000000000065,-0.0026497542646472133
-0.03670000000000018,-0.0032906184834860753
-0.03770000000000007,-0.003751814367242078
-0.03870000000000018,-0.0043233577323875515
-0.03970000000000007,-0.004896315808832892
-0.04070000000000018,-0.005189161047904954
-0.04170000000000007,-0.0059856435097289705
-0.04270000000000018,-0.0064737189081824085
-0.04370000000000007,-0.006809005486250421
-0.044700000000000184,-0.007087703612323834
-0.045700000000000074,-0.007604073236774573
-0.046700000000000186,-0.007855891848150548
-0.047700000000000076,-0.008329820133605335
-0.04870000000000019,-0.008636812485676049
-0.04970000000000008,-0.009293238528813426
-0.05070000000000019,-0.0094601744621975
-0.05170000000000008,-0.009586083767885488
-0.05270000000000019,-0.009893076119956202
-0.05370000000000008,-0.01040944574440694
-0.05470000000000019,-0.010590528790789665
-0.05570000000000008,-0.011037577561547015
-0.056700000000000195,-0.011106898415240403
-0.057700000000000085,-0.011525652960000453
-0.058700000000000196,-0.011679856491685743
-0.059700000000000086,-0.01176332445837778
-0.0607000000000002,-0.012098611036445793
-0.06170000000000009,-0.01215378477714053
-0.0627000000000002,-0.012474924242209893
-0.06370000000000009,-0.012796063707279256
-0.0647000000000002,-0.013062029431653884
-0.06570000000000009,-0.013284139105732696
-0.0667000000000002,-0.013312433331729994
-0.0677000000000001,-0.013493516378112722
-0.0687000000000002,-0.013493516378112722
-0.0697000000000001,-0.013759482102487347
-0.07070000000000021,-0.01391227092287277
-0.0717000000000001,-0.01405232734155941
-0.07270000000000021,-0.014203701450644968
-0.0737000000000001,-0.014175407224647668
-0.07470000000000021,-0.014500790823616624
-0.0757000000000001,-0.014812027309586936
-0.07670000000000021,-0.014727144631595034
-0.0777000000000001,-0.014826174422585584
-0.07870000000000021,-0.014967645552572089
-0.0797000000000001,-0.015066675343562642
-0.08070000000000022,-0.015137410908555892
-0.0817000000000001,-0.015278882038542396
-0.08270000000000022,-0.015278882038542396
-0.08370000000000011,-0.015660854089505957
-0.08470000000000022,-0.015476941620523503
-0.08570000000000011,-0.01573158965449921
-0.08670000000000022,-0.015901355010483013
-0.08770000000000011,-0.016042826140469518
-0.08870000000000022,-0.01588720789748436
-0.08970000000000011,-0.016099414592464115
-0.09070000000000022,-0.01629747417444522
-0.09170000000000011,-0.016028679027470863
-0.09270000000000023,-0.01646723953042903
-0.09370000000000012,-0.016368209739438477
-0.09470000000000023,-0.01660871066041553
-0.09570000000000012,-0.01666529911241013
-0.09670000000000023,-0.01670774045140608
-0.09770000000000012,-0.01659456354741688
-0.09870000000000023,-0.016778476016399334
-0.09970000000000012,-0.01660871066041553
-0.10070000000000023,-0.01697653559838044
-0.10170000000000012,-0.016962388485381792
-0.10270000000000024,-0.017075565389370995
-0.10370000000000013,-0.017160448067362895
-0.10470000000000024,-0.017103859615368294
-0.10570000000000013,-0.017118006728366945
-0.10670000000000024,-0.017443390327335904
-0.10770000000000013,-0.017358507649344
-0.10870000000000024,-0.017400948988339954
-0.10970000000000013,-0.017372654762342652
-0.11070000000000024,-0.0174150961013386
-0.11170000000000013,-0.017514125892329157
-0.11270000000000002,-0.017797068152302163
-0.11370000000000013,-0.01771218547431026
-0.11470000000000002,-0.017782921039303512
-0.11570000000000014,-0.018065863299276518
-0.11670000000000003,-0.017924392169290013
-0.11770000000000014,-0.018051716186277867
-0.11870000000000003,-0.018051716186277867
-0.11970000000000014,-0.018150745977268422
-0.12070000000000003,-0.018249775768258973
-0.12170000000000014,-0.01820733442926302
-0.12270000000000003,-0.018603453593225232
-0.12370000000000014,-0.018377099785246823
-0.12470000000000003,-0.018348805559249524
-0.12570000000000014,-0.01847612957623738
-0.12670000000000003,-0.018730777610213082
-0.12770000000000015,-0.01885810162720094
-0.12870000000000004,-0.018603453593225232
-0.12970000000000015,-0.018999572757187444
-0.13070000000000004,-0.019027866983184743
-0.13170000000000015,-0.01882980740120364
-0.13270000000000004,-0.019197632339168547
-0.13370000000000015,-0.019353250582153703
-0.13470000000000004,-0.019126896774175294
-0.13570000000000015,-0.0193249563561564
-0.13670000000000004,-0.0191551910001726
-0.13770000000000016,-0.01933910346915505
-0.13870000000000005,-0.019395691921149656
-0.13970000000000016,-0.019423986147146955
-0.14070000000000005,-0.019622045729128058
-0.14170000000000016,-0.019791811085111865
-0.14270000000000005,-0.02003231200608892
-0.14370000000000016,-0.02008890045808352
-0.14470000000000005,-0.01997572355409432
-0.14570000000000016,-0.020216224475071376
-0.14670000000000005,-0.020244518701068675
-0.14770000000000016,-0.020173783136075422
-0.14870000000000005,-0.02008890045808352
-0.14970000000000017,-0.02042843117005113
-0.15070000000000006,-0.020584049413036282
-0.15170000000000017,-0.020513313848043033
-0.15270000000000006,-0.020668932091028186
-0.15370000000000017,-0.020612343639033585
-0.15470000000000006,-0.020838697447011986
-0.15570000000000017,-0.021022609915994445
-0.15670000000000006,-0.020909433012005242
-0.15770000000000017,-0.0212348166109742
-0.15870000000000006,-0.021347993514963404
-0.15970000000000018,-0.021121639706984996
-0.16070000000000007,-0.021376287740960703
-0.16170000000000018,-0.021333846401964753
-0.16270000000000007,-0.021432876192955305
-0.16370000000000018,-0.02165923000093371
-0.16470000000000007,-0.021871436695913467
-0.16570000000000018,-0.022126084729889174
-0.16670000000000007,-0.022027054938898623
-0.16770000000000018,-0.022097790503891875
-0.16870000000000007,-0.02218267318188378
-0.16970000000000018,-0.02218267318188378
-0.17070000000000007,-0.02240902698986218
-0.17170000000000019,-0.022550498119848682
-0.17270000000000008,-0.022847587492820343
-0.1737000000000002,-0.02287588171881764
-0.17470000000000008,-0.022974911509808196
-0.1757000000000002,-0.023144676865792004
-0.17670000000000008,-0.0230880884137974
-0.1777000000000002,-0.023215412430785252
-0.17870000000000008,-0.02345591335176231
-0.1797000000000002,-0.023427619125765006
-0.18070000000000008,-0.023356883560771757
-0.1817000000000002,-0.02352664891675556
-0.18270000000000008,-0.023668120046742062
-0.1837000000000002,-0.02389447385472047
-0.1847000000000001,-0.024021797871708325
-0.1857000000000002,-0.02427644590568403
-0.1867000000000001,-0.02447450548766513
-0.1877000000000002,-0.024587682391654337
-0.1887000000000001,-0.02436132858367593
-0.1897000000000002,-0.024644270843648942
-0.1907000000000001,-0.02515356691160035
-0.1917000000000001,-0.024884771764625994
-0.19269999999999998,-0.0250262428946125
-0.1937000000000001,-0.025323332267584157
-0.19469999999999998,-0.025295038041586858
-0.1957000000000001,-0.025691157205549067
-0.19669999999999999,-0.025691157205549067
-0.1977000000000001,-0.02576189277054232
-0.1987,-0.02629948306449103
-0.1997000000000001,-0.02624289461249643
-0.2007,-0.026440954194477534
-0.2017000000000001,-0.026667308002455942
-0.2027,-0.02658242532446404
-0.2037000000000001,-0.026709749341451892
-0.2047,-0.027049280053419503
-0.2057000000000001,-0.027190751183406005
-0.2067,-0.02736051653938981
-0.2077000000000001,-0.02770004725135742
-0.2087,-0.028011283737327728
-0.2097000000000001,-0.02775663570335202
-0.2107,-0.02806787218932233
-0.2117000000000001,-0.02849228557928184
-0.2127,-0.028831816291249444
-0.2137000000000001,-0.028647903822266993
-0.2147,-0.028746933613257548
-0.2157000000000001,-0.029298671020204912
-0.2167,-0.02931281813320356
-0.21770000000000012,-0.02953917194118197
-0.2187,-0.02979381997515767
-0.21970000000000012,-0.030048468009133376
-0.2207,-0.030303116043109087
-0.22170000000000012,-0.030204086252118532
-0.2227,-0.03047288139909289
-0.22370000000000012,-0.03103876591903891
-0.2247,-0.031081207258034853
-0.22570000000000012,-0.03147732642199706
-0.2267,-0.03140659085700381
-0.22770000000000012,-0.03168953311697682
-0.22870000000000001,-0.03222712341092554
-0.22970000000000013,-0.03226956474992148
-0.23070000000000002,-0.03258080123589179
-0.23170000000000013,-0.032637389687886396
-0.23270000000000002,-0.03293447906085806
-0.23370000000000013,-0.033712570275783824
-0.23470000000000002,-0.03338718667681487
-0.23570000000000013,-0.03355695203279867
-0.23670000000000002,-0.033896482744766275
-0.2376999999999999,-0.03423601345673389
-0.23870000000000002,-0.034547249942704195
-0.2396999999999999,-0.0347736037506826
-0.24070000000000003,-0.03511313446265021
-0.24169999999999991,-0.03541022383562187
-0.24270000000000003,-0.035551694965608366
-0.24369999999999992,-0.036400521745527395
-0.24470000000000003,-0.03631563906753549
-0.24569999999999992,-0.036584434214509846
-0.24670000000000003,-0.03693811203947611
-0.24769999999999992,-0.037503996559422124
-0.24870000000000003,-0.03744740810742752
-0.24969999999999992,-0.03757473212441537
-0.25070000000000003,-0.03814061664436139
-0.2516999999999999,-0.038508441582326296
-0.25270000000000004,-0.03887626652029121
-0.2536999999999999,-0.039328974136248016
-0.25470000000000004,-0.03938556258824262
-0.2556999999999999,-0.03986656443019673
-0.25670000000000004,-0.04051733162813465
-0.25769999999999993,-0.04058806719312791
-0.25870000000000004,-0.040955892131092804
-0.25969999999999993,-0.04122468727806717
-0.26070000000000004,-0.04163495355502803
-0.26169999999999993,-0.041748130459017235
-0.26270000000000004,-0.04205936694498754
-0.26369999999999993,-0.042639398577932204
-0.26470000000000005,-0.04307795908089037
-0.26569999999999994,-0.04411069832979184
-0.26670000000000005,-0.043912638747810734
-0.26769999999999994,-0.044492670380755404
-0.26870000000000005,-0.044662435736739205
-0.26969999999999994,-0.04517173180469062
-0.27070000000000005,-0.04573761632463663
-0.27169999999999994,-0.04592152879361909
-0.27270000000000005,-0.04667132578254756
-0.27369999999999994,-0.04727965164148953
-0.27470000000000006,-0.04749185833646928
-0.27569999999999995,-0.04812847842140855
-0.27670000000000006,-0.04824165532539775
-0.27769999999999995,-0.04869436294135456
-0.27870000000000006,-0.04903389365332217
-0.27969999999999995,-0.049854426207243896
-0.28070000000000006,-0.050392016501192606
-0.28169999999999995,-0.05098619524713593
-0.28270000000000006,-0.05126913750710893
-0.28369999999999995,-0.051721845123065734
-0.28470000000000006,-0.052075522948032
-0.28569999999999995,-0.05339120445690649
-0.28670000000000007,-0.0538439120728633
-0.28769999999999996,-0.0538439120728633
-0.28870000000000007,-0.054367355253813365
-0.28969999999999996,-0.05500397533875262
-0.29070000000000007,-0.05565474253669054
-0.29169999999999996,-0.05634795107362441
-0.29270000000000007,-0.05698457115856368
-0.29369999999999996,-0.057366543209527235
-0.2947000000000001,-0.058017310407465154
-0.29569999999999996,-0.05862563626640712
-0.2967000000000001,-0.05934713902933829
-0.29769999999999996,-0.060252554261251916
-0.2987000000000001,-0.060959909911184426
-0.29969999999999997,-0.06135602907514664
-0.3007000000000001,-0.062006796273084565
-0.30169999999999997,-0.06267171058402111
-0.3027000000000001,-0.0635629787029361
-0.30369999999999997,-0.06452498238684433
-0.3047000000000001,-0.06468060062982947
-0.30569999999999997,-0.06574163410472825
-0.3067000000000001,-0.06616604749468777
-0.3077,-0.0673544049865744
-0.3087000000000001,-0.0678637010545258
-0.3097,-0.06888229319042864
-0.3107000000000001,-0.06953306038836657
-0.3117,-0.07009894490831257
-0.3127000000000001,-0.07099021302722754
-0.3137,-0.07195221671113576
-0.3147000000000001,-0.07282933771705208
-0.3157,-0.07340936934999676
-0.3167000000000001,-0.07435722592090632
-0.3177,-0.07534752383081185
-0.3187000000000001,-0.07623879194972684
-0.3197,-0.07691785337366204
-0.3207000000000001,-0.07779497437957837
-0.3217,-0.0787569780634866
-0.3227000000000001,-0.07984630576438266
-0.3237,-0.08075172099629631
-0.3247000000000001,-0.08165713622820991
-0.3257,-0.08287378794609385
-0.3267000000000001,-0.08342552535304121
-0.3277,-0.0845714415059319
-0.3287000000000001,-0.08568906343282526
-0.3297,-0.08658033155174025
-0.3307000000000001,-0.08795260151260934
-0.3317,-0.08935316569947571
-0.3327000000000001,-0.09071128854734616
-0.3337,-0.09150352687527057
-0.3347000000000001,-0.09225332386419903
-0.3357,-0.09328606311310052
-0.3367000000000001,-0.09443197926599119
-0.3377,-0.09552130696688728
-0.3387000000000001,-0.09627110395581574
-0.3397,-0.09781313927266864
-0.3407000000000001,-0.09951079283250668
-0.3417,-0.10003423601345675
-0.3427000000000001,-0.10161871266930558
-0.3437,-0.10267974614420436
-0.3447000000000001,-0.1038115151840964
-0.3457,-0.10532525627495198
-0.3467000000000001,-0.10634384841085481
-0.3477,-0.10798491351869824
-0.3487000000000001,-0.11030504005047691
-0.3497,-0.11153583888135948
-0.3507000000000001,-0.11273834348624477
-0.3517,-0.11290810884222857
-0.3527000000000001,-0.11437940859408821
-0.3537,-0.11636000441389927
-0.3547000000000001,-0.11720883119381828
-0.3557,-0.11931675103061717
-0.35670000000000013,-0.12054754986149978
-0.3577,-0.12189152559637156
-0.35870000000000013,-0.12336282534823118
-0.3597,-0.12469265397010434
-0.36070000000000013,-0.1263195719649491
-0.3617,-0.12797478418579122
-0.3626999999999999,-0.1294319368246522
-0.3637,-0.13083250101151858
-0.3646999999999999,-0.131950122938412
-0.3657,-0.13369021783724597
-0.3666999999999999,-0.13596790303002868
-0.3677,-0.13677428847095174
-0.3686999999999999,-0.1386417073867736
-0.36970000000000003,-0.14079206856256846
-0.3706999999999999,-0.1426028990263957
-0.37170000000000003,-0.14387613919627423
-0.3726999999999999,-0.14529085049613927
-0.37370000000000003,-0.14698850405597733
-0.3746999999999999,-0.14840321535584233
-0.37570000000000003,-0.1503838111756534
-0.3766999999999999,-0.15293029151541046
-0.37770000000000004,-0.154203531685289
-0.3786999999999999,-0.15604265637511353
-0.37970000000000004,-0.15759883880496509
-0.3806999999999999,-0.16028679027470866
-0.38170000000000004,-0.1618429727045602
-0.38269999999999993,-0.16311621287443873
-0.38370000000000004,-0.16509680869424978
-0.38469999999999993,-0.16721887564404736
-0.38570000000000004,-0.1694824137238314
-0.38669999999999993,-0.17089712502369644
-0.38770000000000004,-0.1728777208435075
-0.38869999999999993,-0.17542420118326454
-0.38970000000000005,-0.17655597022315658
-0.39069999999999994,-0.17867803717295414
-0.39170000000000005,-0.18037569073279217
-0.39269999999999994,-0.18235628655260325
-0.39370000000000005,-0.1851857091523333
-0.39469999999999994,-0.18730777610213087
-0.39570000000000005,-0.18957131418191492
-0.39669999999999994,-0.19169338113171247
-0.39770000000000005,-0.19268367904161798
-0.39869999999999994,-0.19508868825138856
-0.39970000000000006,-0.19834252424107812
-0.40069999999999995,-0.19989870667092968
-0.40170000000000006,-0.20202077362072723
-0.40269999999999995,-0.2038598983105518
-0.40370000000000006,-0.2075381476902009
-0.40469999999999995,-0.20838697447011992
-0.40570000000000006,-0.21149933932982298
-0.40669999999999995,-0.21432876192955308
-0.40770000000000006,-0.21630935774936413
-0.40869999999999995,-0.21758259791924262
-0.40970000000000006,-0.2198461359990267
-0.41069999999999995,-0.22210967407881074
-0.41170000000000007,-0.22465615441856782
-0.41269999999999996,-0.2270611636283384
-0.41370000000000007,-0.23003205735805496
-0.41469999999999996,-0.23342736447773108
-0.41570000000000007,-0.23498354690758255
-0.41669999999999996,-0.23738855611735316
-0.41770000000000007,-0.2395106230671507
-0.41869999999999996,-0.2420571034069078
-0.4197000000000001,-0.2443206414866918
-0.42069999999999996,-0.2482818331263139
-0.4217000000000001,-0.25096978459605745
-0.42269999999999996,-0.2535162649358146
-0.4237000000000001,-0.25634568753554465
-0.42469999999999997,-0.2581848122253692
-0.4257000000000001,-0.2611557059550858
-0.42669999999999997,-0.26327777290488336
-0.4277000000000001,-0.2659657243746269
-0.42869999999999997,-0.269361031494303
-0.4297000000000001,-0.27219045409403303
-0.43069999999999997,-0.27445399217381716
-0.4317000000000001,-0.2768590013835877
-0.4327,-0.2799713662432907
-0.4337000000000001,-0.28336667336296684
-0.4347,-0.28704492274261595
-0.4357000000000001,-0.289025518562427
-0.4367,-0.29199641229214357
-0.4377000000000001,-0.2946843637618871
-0.4387,-0.2972308441016442
-0.4397000000000001,-0.3007676223513068
-0.4407,-0.3044458717309559
-0.4417000000000001,-0.3071338232006995
-0.4427,-0.3096803035404565
-0.4437000000000001,-0.3125097261401866
-0.4447,-0.31604650438984916
-0.4457000000000001,-0.3205735805494173
-0.4467,-0.3239688876690934
-0.4477000000000001,-0.326656839138837
-0.4487,-0.3300521462585131
-0.4497000000000001,-0.33288156885824316
-0.4507,-0.33670128936787874
-0.4517000000000001,-0.3392477697076358
-0.4527,-0.3430674902172714
-0.4537000000000001,-0.3464627973369475
-0.4547,-0.3507069312365426
-0.4557000000000001,-0.35551694965608377
-0.4567,-0.3582049011258273
-0.4577000000000001,-0.36244903502542236
-0.4587,-0.3649955153651795
-0.4597000000000001,-0.36810788022488256
-0.4607,-0.3720690718645046
-0.4617000000000001,-0.3760302635041267
-0.4627,-0.3795670417537893
-0.4637000000000001,-0.384235589043344
-0.4647,-0.3884797229429391
-0.4657000000000001,-0.3915920878026421
-0.4667,-0.3952703371822912
-0.4677000000000001,-0.39965594221187284
-0.4687,-0.40503184515136
-0.4697000000000001,-0.40941745018094167
-0.4707,-0.4128127573006177
-0.4717000000000001,-0.41748130459017235
-0.4727,-0.42200838074974045
-0.4737000000000001,-0.42611104351934903
-0.4747,-0.43021370628895766
-0.4757000000000001,-0.4343163690585663
-0.4767,-0.43983374312803997
-0.4777000000000001,-0.44450229041759454
-0.4787,-0.4486049531872031
-0.4797000000000001,-0.45327350047675774
-0.4807,-0.45822499002628536
-0.48170000000000013,-0.4627520661858534
-0.4827,-0.46756208460539456
-0.48370000000000013,-0.47265504528490876
-0.4847,-0.4776065348344364
-0.48570000000000013,-0.4838312645538425
-0.4867,-0.49048040766320816
-0.4876999999999999,-0.49557336834272236
-0.4887,-0.5002419156322769
-0.4896999999999999,-0.504486049531872
-0.4907,-0.5098619524713591
-0.4916999999999999,-0.5159452110607788
-0.4927,-0.5211796428702795
-0.4936999999999999,-0.5268384880697398
-0.49470000000000003,-0.5347608713489839
-0.4956999999999999,-0.5402782454184575
-0.49670000000000003,-0.5467859173978367
-0.4976999999999999,-0.5524447625972969
-0.49870000000000003,-0.5576791944067975
-0.4996999999999999,-0.5647527509061226
-0.5007,-0.5694212981956773
-0.5016999999999999,-0.5770607392149485
-0.5027,-0.5835684111943277
-0.5036999999999999,-0.5905004965636662
-0.5047,-0.5971496396730319
-0.5056999999999999,-0.6049305518222896
-0.5067,-0.6122870505815878
-0.5076999999999999,-0.619360607080913
-0.5087,-0.6264341635802383
-0.5096999999999999,-0.6340736045995095
-0.5107,-0.6429862857886591
-0.5116999999999999,-0.6516160247178359
-0.5127,-0.658406638957188
-0.5136999999999999,-0.6657631377164863
-0.5147,-0.6736855209957305
-0.5156999999999999,-0.6855690959145968
-0.5167,-0.6947647193637195
-0.5176999999999999,-0.7012723913430987
-0.5187,-0.7096191880123024
-0.5196999999999999,-0.7183903980714657
-0.5207,-0.7290007328204534
-0.5216999999999999,-0.7390451830494952
-0.5227,-0.7480993353686314
-0.5236999999999999,-0.755597305257916
-0.5247,-0.7655002843569714
-0.5257,-0.7783741571857431
-0.5267000000000001,-0.7891259630647174
-0.5277,-0.8005851245936242
-0.5287000000000001,-0.8110539882126255
-0.5297,-0.8209569673116808
-0.5307000000000001,-0.8310014175407225
-0.5317,-0.8423191079396429
-0.5327000000000001,-0.8546270962484687
-0.5337,-0.8669350845572944
-0.5347000000000001,-0.8815066109459044
-0.5357,-0.8935316569947571
-0.5367000000000001,-0.904141991743745
-0.5377,-0.9175817490924627
-0.5387000000000001,-0.9297482662713021
-0.5397,-0.9427636102300604
-0.5407000000000001,-0.9591742613084948
-0.5417,-0.9744531433470374
-0.5427000000000001,-0.9888831986056607
-0.5437,-1.0020400136944054
-0.5447000000000001,-1.0173188957329478
-0.5457,-1.0330221911614497
-0.5467000000000001,-1.0485840154599653
-0.5477,-1.0652776087983726
-0.5487000000000001,-1.0832444423066585
-0.5497,-1.1000795067750526
-0.5507000000000001,-1.1174804557633924
-0.5517,-1.1368620005715435
-0.5527000000000001,-1.153838536169924
-0.5537,-1.1699662449883854
-0.5547000000000001,-1.1889233764065767
-0.5557,-1.2118416994643904
-0.5567000000000001,-1.2327794267023928
-0.5577,-1.254990394110274
-0.5587000000000001,-1.2712595740587218
-0.5597,-1.2899337632169405
-0.5607000000000001,-1.3111544327149158
-0.5617,-1.3350630536826351
-0.5627000000000001,-1.3615181549901114
-0.5637,-1.3831632378780463
-0.5647000000000001,-1.406364503195833
-0.5657,-1.4288584128636872
-0.5667000000000001,-1.4557379275611226
-0.5677,-1.4797880196588282
-0.5687000000000001,-1.5038381117565338
-0.5697,-1.5307176264539697
-0.5707000000000001,-1.5575971411514054
-0.5717,-1.587306078448571
-0.5727000000000001,-1.6184297270456018
-0.5737,-1.6481386643427678
-0.5747000000000001,-1.6764328903400685
-0.5757,-1.7033124050375041
-0.5767000000000001,-1.734436053634535
-0.5777,-1.769803836131161
-0.5787000000000001,-1.8023421960280568
-0.5797,-1.8348805559249526
-0.5807000000000001,-1.8674189158218486
-0.5817,-1.9013719870186092
-0.5827000000000001,-1.9381544808151003
-0.5837,-1.980595819811051
-0.5847000000000001,-2.0159636023076772
-0.5857,-2.048501962204573
-0.5867000000000001,-2.079625610801604
-0.5877,-2.11782281589796
-0.5887000000000001,-2.1645082887935065
-0.5897,-2.2126084729889177
-0.5907000000000001,-2.2564645232847336
-0.5917,-2.298905862280684
-0.5927000000000001,-2.3385177786769056
-0.5937,-2.382373828972722
-0.5947000000000001,-2.427644590568403
-0.5957,-2.472915352164084
-0.5967000000000001,-2.5224302476593605
-0.5977,-2.5719451431546365
-0.5987000000000001,-2.6285335951492383
-0.5997,-2.6780484906445143
-0.6007000000000001,-2.7261486748399255
-0.6017,-2.775663570335202
-0.6027000000000001,-2.8322520223298033
-0.6037,-2.893084608224
-0.6047000000000001,-2.9482583489187366
-0.6057,-3.006261512213203
-0.6067000000000001,-3.0656793868075347
-0.6077,-3.129341395301461
-0.6087000000000001,-3.1915886924955226
-0.6097,-3.246762433190259
-0.6107000000000001,-3.3090097303843207
-0.6117,-3.3783305840777076
-0.6126999999999999,-3.440577881271769
-0.6137,-3.504239889765696
-0.6146999999999999,-3.569316609559488
-0.6157,-3.64288159715247
-0.6166999999999999,-3.716446584745451
-0.6177,-3.7970851288377587
-0.6186999999999999,-3.8720648277306053
-0.6197,-3.944215104023722
-0.6206999999999999,-4.019194802916569
-0.6217,-4.098418635709011
-0.6226999999999999,-4.179057179801319
-0.6237,-4.25545158999403
-0.6246999999999999,-4.341748979285797
-0.6257,-4.436534636376755
-0.6266999999999999,-4.521417314368658
-0.6277,-4.60629999236056
-0.6286999999999999,-4.696841515551922
-0.6297,-4.778894770944094
-0.6306999999999999,-4.872265716735186
-0.6317,-4.962807239926549
-0.6326999999999999,-5.0618370309171015
-0.6337,-5.153793265408329
-0.6346999999999999,-5.2514083450990166
-0.6357,-5.358926403888759
-0.6366999999999999,-5.4622003287789065
-0.6377,-5.572547810168379
-0.6386999999999999,-5.668748178559202
-0.6397,-5.7706073921494845
-0.6406999999999999,-5.886613718738418
-0.6417,-5.989887643628566
-0.6426999999999999,-6.094576279818578
-0.6437,-6.204923761208051
-0.6446999999999999,-6.316685953897389
-0.6457,-6.432692280486322
-0.6466999999999999,-6.537380916676335
-0.6477,-6.667534356263918
-0.6486999999999999,-6.789199528052311
-0.6497,-6.90944998854084
-0.6507,-7.025456315129772
-0.6517000000000001,-7.161268599916816
-0.6527,-7.290007328204534
-0.6537000000000001,-7.408843077393197
-0.6547,-7.526264115281995
-0.6557000000000001,-7.656417554869579
-0.6567,-7.806376952655272
-0.6577000000000001,-7.946433371341912
-0.6587,-8.09780748042747
-0.6597000000000001,-8.218057940915998
-0.6607,-8.362358493502233
-0.6617000000000001,-8.50241491218887
-0.6627,-8.652374309974565
-0.6637000000000001,-8.789601306061472
-0.6647,-8.907022343950272
-0.6657000000000001,-9.08103183383367
-0.6667,-9.27767670451491
-0.6677000000000001,-9.416318411901685
-0.6687,-9.58042492268603
-0.6697000000000001,-9.720481341372667
-0.6707,-9.894490831256066
-0.6717000000000001,-10.07557387763879
-0.6727,-10.236850965823406
-0.6737000000000001,-10.39812805400802
-0.6747,-10.587699368189934
-0.6757000000000001,-10.761708858073334
-0.6767,-10.939962481856329
-0.6777000000000001,-11.105483703940537
-0.6787,-11.278078482524071
-0.6797000000000001,-11.463405662806393
-0.6807,-11.658635822187769
-0.6817000000000001,-11.836889445970762
-0.6827,-12.064657965249033
-0.6837000000000001,-12.248570434231487
-0.6847,-12.440971171013134
-0.6857000000000001,-12.626298351295452
-0.6867,-12.837090334975343
-0.6877000000000001,-13.047882318655235
-0.6887,-13.207744695539983
-0.6897000000000001,-13.405804277521089
-0.6907,-13.572740210905161
-0.6917000000000001,-13.828802956180734
-0.6927,-14.06930387715779
-0.6937000000000001,-14.274437015638219
-0.6947,-14.472496597619326
-0.6957000000000001,-14.684703292599082
-0.6967,-14.868615761581536
-0.6977000000000001,-15.094969569559943
-0.6987,-15.335470490536997
-0.6997000000000001,-15.547677185516752
-0.7007,-15.816472332491113
-0.7017000000000001,-16.056973253468165
-0.7027,-16.28332706144657
-0.7037000000000001,-16.46723953042903
-0.7047,-16.637004886412832
-0.7057000000000001,-16.90580003338719
-0.7067,-17.20288940635885
-0.7077000000000001,-17.429243214337255
-0.7087,-17.669744135314307
-0.7097000000000001,-17.924392169290012
-0.7107,-18.15074597726842
-0.7117000000000001,-18.362952672248177
-0.7127,-18.603453593225233
-0.7137000000000001,-18.88639585319824
-0.7147,-19.22592656516585
-0.7157000000000001,-19.423986147146955
-0.7167,-19.664487068124007
-0.7177000000000001,-19.919135102099716
-0.7187,-20.21622447507137
-0.7197000000000001,-20.47087250904708
-0.7207,-20.72552054302279
-0.7217000000000001,-20.994315689997144
-0.7227,-21.2631108369715
-0.7237000000000001,-21.560200209943158
-0.7247,-21.828995356917517
-0.7257000000000001,-22.140231842887825
-0.7267,-22.40902698986218
-0.7277000000000001,-22.607086571843286
-0.7287,-22.84758749282034
-0.7297000000000001,-23.13052975279335
-0.7307,-23.49835469075826
-0.7317000000000001,-23.809591176728567
-0.7327,-24.092533436701576
-0.7337000000000001,-24.36132858367593
-0.7347,-24.64427084364894
-0.7357000000000001,-24.969654442617898
-0.7367,-25.323332267584156
-0.7376999999999999,-25.634568753554465
-0.7387,-25.91751101352747
-0.7396999999999999,-26.20045327350048
-0.7407,-26.511689759470787
-0.7416999999999999,-26.822926245441096
-0.7427,-27.035132940420848
-0.7436999999999999,-27.303928087395207
-0.7447,-27.78492992934932
-0.7456999999999999,-28.209343319308836
-0.7467,-28.548874031276437
-0.7476999999999999,-28.88840474324405
-0.7487,-29.199641229214354
-0.7496999999999999,-29.440142150191413
-0.7507,-29.76552574916037
-0.7516999999999999,-30.09090934812933
-0.7527,-30.47288139909289
-0.7536999999999999,-30.7558236590659
-0.7547,-31.067060145036205
-0.7556999999999999,-31.434885083001117
-0.7567,-31.717827342974125
-0.7576999999999999,-32.07150516794038
-0.7587,-32.38274165391069
-0.7596999999999999,-32.70812525287965
-0.7607,-33.11839152984051
-0.7616999999999999,-33.50036358080407
-0.7627,-33.76915872777842
-0.7636999999999999,-34.15113077874198
-0.7647,-34.50480860370825
-0.7656999999999999,-34.90092776767045
-0.7667,-35.240458479638065
-0.7676999999999999,-35.55169496560837
-0.7687,-35.90537279057463
-0.7696999999999999,-36.3439332935328
-0.7707,-36.669316892501755
-0.7716999999999999,-37.02299471746801
-0.7727,-37.249348525446415
-0.7736999999999999,-37.53229078541942
-0.7747,-37.94255706238028
-0.7757,-38.32452911334384
-0.7767000000000001,-38.6499127123128
-0.7777,-38.96114919828311
-0.7787000000000001,-39.37141547524397
-0.7797,-39.654357735216976
-0.7807000000000001,-40.10706535117379
-0.7817,-40.545625854131956
-0.7827000000000001,-41.02662769608606
-0.7837,-41.36615840805367
-0.7847000000000001,-41.77642468501453
-0.7857,-42.14424962297944
-0.7867000000000001,-42.45548610894975
-0.7877,-42.78086970791871
-0.7887000000000001,-43.38919556686068
-0.7897,-43.81360895682018
-0.7907000000000001,-44.195581007783744
-0.7917,-44.605847284744605
-0.7927000000000001,-44.81805397972436
-0.7937,-45.22832025668522
-0.7947000000000001,-45.567850968652834
-0.7957,-46.02055858460964
-0.7967000000000001,-46.501560426563756
-0.7977,-46.82694402553272
-0.7987000000000001,-47.15232762450167
-0.7997,-47.506005449467935
-0.8007000000000001,-47.95871306542474
-0.8017,-48.2840966643937
-0.8027000000000001,-48.73680428035051
-0.8037,-49.17536478330867
-0.8047000000000001,-49.48660126927898
-0.8057,-49.81198486824794
-0.8067000000000001,-50.30713382320071
-0.8077,-50.73154721316022
-0.8087000000000001,-51.14181349012107
-0.8097,-51.46719708909004
-0.8107000000000001,-51.919904705046854
-0.8117,-52.37261232100366
-0.8127000000000001,-52.78287859796452
-0.8137,-53.16485064892808
-0.8147000000000001,-53.532675586892985
-0.8157,-53.77317650787004
-0.8167000000000001,-54.33906102781606
-0.8177,-54.65029751378637
-0.8187000000000001,-55.06056379074723
-0.8197,-55.41424161571349
-0.8207000000000001,-55.8669492316703
-0.8217,-56.19233283063926
-0.8227000000000001,-56.63089333359741
-0.8237,-56.89968848057178
-0.8247000000000001,-57.36654320952724
-0.8257,-57.91828061647461
-0.8267000000000001,-58.22951710244491
-0.8277,-58.66807760540307
-0.8287000000000001,-58.90857852638013
-0.8297,-59.403727481332886
-0.8307000000000001,-59.87058221028835
-0.8317,-60.28084848724921
-0.8327000000000001,-60.66282053821277
-0.8337,-61.242852171157445
-0.8347000000000001,-61.62482422212099
-0.8357,-62.14826740307106
-0.8367000000000001,-62.38876832404812
-0.8377,-62.91221150499819
-0.8387000000000001,-63.30833066896038
-0.8397,-63.76103828491719
-0.8407000000000001,-63.98739209289561
-0.8417,-64.49668816084701
-0.8427000000000001,-64.92110155080654
-0.8437,-65.18989669778088
-0.8447000000000001,-65.65675142673635
-0.8457,-65.9821350257053
-0.8467000000000001,-66.42069552866347
-0.8477,-66.83096180562433
-0.8487000000000001,-67.45343477756495
-0.8497,-68.07590774950557
-0.8507000000000001,-68.25982021848802
-0.8517,-68.76911628643943
-0.8527000000000001,-69.10864699840704
-0.8537,-69.19352967639895
-0.8547000000000001,-69.6603844053544
-0.8557,-70.50921118527343
-0.8567000000000001,-70.82044767124374
-0.8577,-70.94777168823158
-0.8587000000000001,-71.30144951319785
-0.8597,-71.57024466017221
-0.8607000000000001,-71.93806959813712
-0.8617,-72.30589453610202
-0.8626999999999999,-72.8576319430494
-0.8637,-73.2537511070116
-0.8646999999999999,-73.66401738397246
-0.8657,-73.90451830494952
-0.8666999999999999,-74.30063746891172
-0.8677,-74.75334508486853
-0.8686999999999999,-75.12117002283344
-0.8697,-75.57387763879026
-0.8706999999999999,-76.12561504573763
-0.8717,-76.60661688769173
-0.8726999999999999,-77.11591295564315
-0.8737,-78.24768199553519
-0.8746999999999999,-78.53062425550819
-0.8757,-78.79941940248254
-0.8766999999999999,-79.18139145344611
-0.8777,-79.47848082641775
-0.8786999999999999,-79.71898174739482
-0.8797,-80.07265957236108
-0.8806999999999999,-80.51122007531923
-0.8817,-81.02051614327065
-0.8826999999999999,-81.38834108123557
-0.8837,-81.91178426218562
-0.8846999999999999,-82.29375631314919
-0.8857,-82.52011012112759
-0.8866999999999999,-82.49181589513029
-0.8857,-82.26546208715187
-0.8846999999999999,-81.94007848818292
-0.8837,-81.62884200221261
-0.8826999999999999,-81.44492953323017
-0.8817,-80.70927965730034
-0.8806999999999999,-80.03021823336512
-0.8797,-79.69068752139752
-0.8786999999999999,-79.06821454945691
-0.8777,-78.74283095048794
-0.8766999999999999,-77.97888684856083
-0.8757,-77.56862057159996
-0.8746999999999999,-77.22908985963235
-0.8737,-76.77638224367554
-0.8726999999999999,-76.32367462771872
-0.8717,-75.96999680275246
-0.8706999999999999,-75.65876031678216
-0.8697,-75.19190558782671
-0.8686999999999999,-74.80993353686314
-0.8677,-74.25819612991579
-0.8666999999999999,-74.54113838988879
-0.8657,-74.07428366093333
-0.8646999999999999,-73.77719428796166
-0.8637,-73.14057420302241
-0.8626999999999999,-72.84348483005074
-0.8617,-72.46151277908717
-0.8607000000000001,-72.00880516313036
-0.8597,-72.02295227612902
-0.8587000000000001,-71.78245135515196
-0.8577,-71.30144951319785
-0.8567000000000001,-70.67897654125723
-0.8557,-69.78770842234226
-0.8547000000000001,-69.26426524139221
-0.8537,-69.05205854641244
-0.8527000000000001,-69.6603844053544
-0.8517,-69.57550172736251
-0.8507000000000001,-69.0096172074165
-0.8497,-68.45787980046913
-0.8487000000000001,-67.93443661951906
-0.8477,-67.9202895065204
-0.8467000000000001,-67.87784816752446
-0.8457,-67.82125971552985
-0.8447000000000001,-67.79296548953256
-0.8437,-67.87784816752446
-0.8427000000000001,-67.3261107605771
-0.8417,-66.7885204666284
-0.8407000000000001,-66.09531192969452
-0.8397,-65.6991927657323
-0.8387000000000001,-65.61431008774039
-0.8377,-65.9821350257053
-0.8367000000000001,-65.82651678272015
-0.8357,-65.3596620537647
-0.8347000000000001,-65.00598422879844
-0.8337,-64.39765836985646
-0.8327000000000001,-64.00153920589426
-0.8317,-63.52053736394014
-0.8307000000000001,-63.19515376497119
-0.8297,-62.82732882700627
-0.8287000000000001,-62.47365100204002
-0.8277,-62.09167895107646
-0.8267000000000001,-61.6531184481183
-0.8257,-61.17211660616418
-0.8247000000000001,-60.761850329203334
-0.8237,-60.25255426125191
-0.8227000000000001,-59.85643509728971
-0.8217,-59.417874594331536
-0.8207000000000001,-58.93687275237743
-0.8197,-58.48416513642061
-0.8187000000000001,-58.04560463346245
-0.8177,-57.7485152604908
-0.8167000000000001,-57.352396096528594
-0.8157,-57.23921919253939
-0.8147000000000001,-56.857247141575826
-0.8137,-56.44698086461496
-0.8127000000000001,-55.9235376836649
-0.8117,-55.442535841710786
-0.8107000000000001,-55.046416677748574
-0.8097,-54.59370906179176
-0.8087000000000001,-54.35320814081471
-0.8077,-53.91464763785655
-0.8067000000000001,-53.56096981289029
-0.8057,-53.30632177891458
-0.8047000000000001,-52.86776127595642
-0.8037,-52.485789224992864
-0.8027000000000001,-52.075522948032
-0.8017,-51.69355089706845
-0.8007000000000001,-51.396461524096786
-0.7997,-51.014489473133224
-0.7987000000000001,-50.61837030917101
-0.7977,-50.179809806212845
-0.7967000000000001,-49.72710219025603
-0.7957,-49.472454156280335
-0.7947000000000001,-49.18951189630732
-0.7937,-48.86412829733837
-0.7927000000000001,-48.43971490737886
-0.7917,-48.057742856415295
-0.7907000000000001,-47.57674101446119
-0.7897,-47.25135741549222
-0.7887000000000001,-46.84109113853137
-0.7877,-46.45911908756781
-0.7867000000000001,-46.19032394059345
-0.7857,-45.963970132615046
-0.7847000000000001,-45.72346921163799
-0.7837,-45.45467406466363
-0.7827000000000001,-45.05855490070142
-0.7817,-44.76146552772976
-0.7807000000000001,-44.28046368577565
-0.7797,-43.91263874781074
-0.7787000000000001,-43.558960922844484
-0.7777,-43.31846000186743
-0.7767000000000001,-43.106253306887666
-0.7757,-42.738428368922754
-0.7747,-42.25742652696865
-0.7736999999999999,-41.88960158900374
-0.7727,-41.55007087703613
-0.7716999999999999,-41.267128617063115
-0.7707,-41.083216148080666
-0.7696999999999999,-40.743685436113054
-0.7687,-40.29097782015624
-0.7676999999999999,-40.02218267318189
-0.7667,-40.03632978618054
-0.7656999999999999,-39.88071154319538
-0.7647,-39.61191639622103
-0.7636999999999999,-39.258238571254765
-0.7627,-38.8762665202912
-0.7616999999999999,-38.480147356329
-0.7607,-38.16891087035869
-0.7596999999999999,-37.87182149738703
-0.7587,-37.51814367242077
-0.7576999999999999,-37.221054299449115
-0.7567,-36.89567070048016
-0.7556999999999999,-36.5136986495166
-0.7547,-36.20246216354629
-0.7536999999999999,-35.848784338580025
-0.7527,-35.679018982596226
-0.7516999999999999,-35.311194044631314
-0.7507,-35.02825178465831
-0.7496999999999999,-34.717015298688004
-0.7487,-34.377484586720385
-0.7476999999999999,-34.36333747372174
-0.7467,-34.306749021727136
-0.7456999999999999,-33.89648274476628
-0.7447,-33.59939337179462
-0.7436999999999999,-33.330598224820264
-0.7427,-33.04765596484726
-0.7416999999999999,-32.807155043870196
-0.7407,-32.4676243319026
-0.7396999999999999,-32.184682071929586
-0.7387,-31.873445585959274
-0.7376999999999999,-31.56220909998897
-0.7367,-31.321708179011907
-0.7357000000000001,-31.109501484032155
-0.7347,-30.854853450056453
-0.7337000000000001,-30.55776407708479
-0.7327,-30.274821817111786
-0.7317000000000001,-29.906996879146874
-0.7307,-29.63820173217252
-0.7297000000000001,-29.369406585198163
-0.7287,-29.18549411621571
-0.7277000000000001,-28.9025518562427
-0.7267,-28.662050935265643
-0.7257000000000001,-28.336667336296685
-0.7247,-28.12446064131693
-0.7237000000000001,-27.841518381343924
-0.7227,-27.601017460366865
-0.7217000000000001,-27.37466365238846
-0.7207,-27.1058685054141
-0.7197000000000001,-26.794632019443796
-0.7187,-26.55413109846674
-0.7177000000000001,-26.27118883849373
-0.7167,-26.087276369511276
-0.7157000000000001,-26.002393691519377
-0.7147,-25.648715866553115
-0.7137000000000001,-25.40821494557606
-0.7127,-25.153566911600354
-0.7117000000000001,-24.941360216620595
-0.7107,-24.686712182644893
-0.7097000000000001,-24.417917035670534
-0.7087,-24.17741611469348
-0.7077000000000001,-23.951062306715073
-0.7067,-23.653972933743415
-0.7057000000000001,-23.44176623876366
-0.7047,-23.24370665678255
-0.7037000000000001,-22.974911509808198
-0.7027,-22.748557701829792
-0.7017000000000001,-22.536351006850033
-0.7007,-22.309997198871628
-0.6997000000000001,-22.126084729889175
-0.6987,-21.871436695913467
-0.6977000000000001,-21.645082887935057
-0.6967,-21.461170418952605
-0.6957000000000001,-21.2065223849769
-0.6947,-21.008462802995794
-0.6937000000000001,-20.79625610801604
-0.6927,-20.555755187038983
-0.6917000000000001,-20.357695605057877
-0.6907,-20.117194684080822
-0.6897000000000001,-19.904987989101066
-0.6887,-19.721075520118614
-0.6877000000000001,-19.480574599141555
-0.6867,-19.25422079116315
-0.6857000000000001,-19.056161209182044
-0.6847,-18.872248740199588
-0.6837000000000001,-18.660042045219836
-0.6827,-18.461982463238726
-0.6817000000000001,-18.249775768258974
-0.6807,-18.05171618627787
-0.6797000000000001,-17.853656604296763
-0.6787,-17.627302796318357
-0.6777000000000001,-17.471684553333205
-0.6767,-17.28777208435075
-0.6757000000000001,-17.146300954364243
-0.6747,-16.962388485381787
-0.6737000000000001,-16.820917355395284
-0.6727,-16.693593338407435
-0.6717000000000001,-16.495533756426326
-0.6707,-16.29747417444522
-0.6697000000000001,-16.099414592464115
-0.6687,-15.957943462477614
-0.6677000000000001,-15.88720789748436
-0.6667,-15.689148315503255
-0.6657000000000001,-15.491088733522153
-0.6647,-15.307176264539699
-0.6637000000000001,-15.10911668255859
-0.6627,-14.939351326574789
-0.6617000000000001,-14.769585970590983
-0.6607,-14.585673501608527
-0.6597000000000001,-14.415908145624723
-0.6587,-14.231995676642269
-0.6577000000000001,-14.05515676415914
-0.6567,-13.847194203078978
-0.6557000000000001,-13.702893650492745
-0.6547,-13.533128294508941
-0.6537000000000001,-13.376095340223923
-0.6527,-13.175206335643086
-0.6517000000000001,-12.977146753661982
-0.6507,-12.811625531577771
-0.6497,-12.705522184087895
-0.6486999999999999,-12.538586250703819
-0.6477,-12.385797430318396
-0.6466999999999999,-12.216032074334592
-0.6457,-12.068902099148628
-0.6446999999999999,-11.887819052765904
-0.6437,-11.725127253281423
-0.6426999999999999,-11.573753144195864
-0.6417,-11.435111436809091
-0.6406999999999999,-11.279493193823937
-0.6397,-11.152169176836084
-0.6386999999999999,-11.026259871148095
-0.6377,-10.857909226464155
-0.6366999999999999,-10.719267519077382
-0.6357,-10.576381677791014
-0.6346999999999999,-10.416519300906264
-0.6337,-10.272218748320032
-0.6326999999999999,-10.120844639234473
-0.6317,-10.00200889004581
-0.6306999999999999,-9.8647818939589
-0.6297,-9.724725475272262
-0.6286999999999999,-9.583254345285757
-0.6277,-9.417733123201549
-0.6266999999999999,-9.298897374012885
-0.6257,-9.167329223125439
-0.6246999999999999,-9.071128854734614
-0.6237,-8.925413590848516
-0.6226999999999999,-8.806577841659854
-0.6217,-8.675009690772406
-0.6206999999999999,-8.530709138186172
-0.6197,-8.424605790696294
-0.6186999999999999,-8.29728177370844
-0.6177,-8.182690158419373
-0.6166999999999999,-8.046877873632328
-0.6157,-7.94360394874218
-0.6146999999999999,-7.827597622153248
-0.6137,-7.724323697263101
-0.6126999999999999,-7.613976215873627
-0.6117,-7.49938460058456
-0.6107000000000001,-7.393281253094682
-0.6097,-7.264542524806962
-0.6087000000000001,-7.16268331121668
-0.6077,-7.039603428128422
-0.6067000000000001,-6.9320853693386795
-0.6057,-6.833055578348127
-0.6047000000000001,-6.738269921257169
-0.6037,-6.632166573767292
-0.6027000000000001,-6.523233803677684
-0.6017,-6.422789301387266
-0.6007000000000001,-6.320930087796984
-0.5997,-6.226144430706027
-0.5987000000000001,-6.128529351015339
-0.5977,-6.035158405224247
-0.5967000000000001,-5.941787459433154
-0.5957,-5.845587091042332
-0.5947000000000001,-5.764948546950024
-0.5937,-5.657430488160282
-0.5927000000000001,-5.542838872871213
-0.5917,-5.465029751378637
-0.5907000000000001,-5.38722062988606
-0.5897,-5.309411508393483
-0.5887000000000001,-5.2259435417014455
-0.5877,-5.129743173310623
-0.5867000000000001,-5.043445784018855
-0.5857,-4.955733683427223
-0.5847000000000001,-4.870851005435322
-0.5837,-4.797286017842339
-0.5827000000000001,-4.726550452849088
-0.5817,-4.636008929657725
-0.5807000000000001,-4.565273364664473
-0.5797,-4.4846348205721664
-0.5787000000000001,-4.419558100778375
-0.5777,-4.347407824485257
-0.5767000000000001,-4.2681839916928155
-0.5757,-4.198863137999429
-0.5747000000000001,-4.1238834391065815
-0.5737,-4.051733162813465
-0.5727000000000001,-3.973924041320888
-0.5717,-3.9130914554266916
-0.5707000000000001,-3.8466000243330347
-0.5697,-3.7772791706396474
-0.5687000000000001,-3.7206907186450464
-0.5677,-3.6541992875513896
-0.5667000000000001,-3.586293145157868
-0.5657,-3.522631136663941
-0.5647000000000001,-3.4603838394698796
-0.5637,-3.4066248100750083
-0.5627000000000001,-3.3443775128809468
-0.5617,-3.28071550438702
-0.5607000000000001,-3.2227123410925533
-0.5597,-3.164709177798087
-0.5587000000000001,-3.1123648597030806
-0.5577,-3.054361696408614
-0.5567000000000001,-3.004846800913338
-0.5557,-2.9482583489187366
-0.5547000000000001,-2.8959140308237297
-0.5537,-2.846399135328454
-0.5527000000000001,-2.7926401059335824
-0.5517,-2.741710499138441
-0.5507000000000001,-2.69361031494303
-0.5497,-2.6455101307476188
-0.5487000000000001,-2.600239369151937
-0.5477,-2.546480339757066
-0.5467000000000001,-2.4955507329619246
-0.5457,-2.4559388165657037
-0.5447000000000001,-2.412082766269888
-0.5437,-2.3710561385738016
-0.5427000000000001,-2.3272000882779853
-0.5417,-2.283344037982169
-0.5407000000000001,-2.2423174102860832
-0.5397,-2.1984613599902674
-0.5387000000000001,-2.1574347322941807
-0.5377,-2.1149933932982297
-0.5367000000000001,-2.073966765602144
-0.5357,-2.040013694405383
-0.5347000000000001,-2.0004017780091616
-0.5337,-1.963619284212671
-0.5327000000000001,-1.9282515017160449
-0.5317,-1.8886395853198237
-0.5307000000000001,-1.850442380223468
-0.5297,-1.813659886426977
-0.5287000000000001,-1.7839509491298113
-0.5277,-1.7485831666331852
-0.5267000000000001,-1.7132153841365596
-0.5257,-1.6820917355395286
-0.5247,-1.6509680869424979
-0.5236999999999999,-1.6198444383454669
-0.5227,-1.587306078448571
-0.5216999999999999,-1.5561824298515403
-0.5207,-1.5250587812545096
-0.5196999999999999,-1.4939351326574788
-0.5187,-1.4656409066601779
-0.5176999999999999,-1.4373466806628774
-0.5167,-1.4099012814454956
-0.5156999999999999,-1.3828802956180735
-0.5147,-1.3562837231806106
-0.5136999999999999,-1.331667746562959
-0.5127,-1.3036564628256313
-0.5116999999999999,-1.2735231121385058
-0.5107,-1.24989743343076
-0.5096999999999999,-1.2274035237629057
-0.5087,-1.2040607873151328
-0.5076999999999999,-1.1822742332972112
-0.5067,-1.1593559102393975
-0.5056999999999999,-1.1365790583115707
-0.5047,-1.113660735253757
-0.5036999999999999,-1.0914497678458759
-0.5027,-1.0705120406078732
-0.5016999999999999,-1.0505646112797762
-0.5007,-1.0300512974317333
-0.4996999999999999,-1.0085476856737847
-0.49870000000000003,-0.9890246697356472
-0.4976999999999999,-0.9711993073573477
-0.49670000000000003,-0.9521007048091696
-0.4956999999999999,-0.9345582846908432
-0.49470000000000003,-0.9156011532726518
-0.4936999999999999,-0.8977757908943523
-0.4927,-0.8799504285160528
-0.4916999999999999,-0.8628324217876858
-0.4907,-0.846280299579265
-0.4896999999999999,-0.829162292850898
-0.4887,-0.8130345840324366
-0.4876999999999999,-0.7963409906940291
-0.4867,-0.7809206375255002
-0.48570000000000013,-0.7656417554869578
-0.4847,-0.7507872868383749
-0.48370000000000013,-0.7359328181897921
-0.4827,-0.7206539361512496
-0.48170000000000013,-0.7066482942825859
-0.4807,-0.693491479193841
-0.4797000000000001,-0.6792028950652041
-0.4787,-0.6659046088464727
-0.4777000000000001,-0.6530307360177009
-0.4767,-0.6397324497989695
-0.4757000000000001,-0.6274244614901437
-0.4747,-0.6146920597913584
-0.4737000000000001,-0.6028084848724922
-0.4727,-0.5907834388236393
-0.4717000000000001,-0.578051037124854
-0.4707,-0.5658845199460147
-0.4697000000000001,-0.5541424161571349
-0.4687,-0.5428247257582146
-0.4677000000000001,-0.5322143910092269
-0.4667,-0.5217455273902256
-0.4657000000000001,-0.5119840194211568
-0.4647,-0.501090742412196
-0.4637000000000001,-0.49302688800296524
-0.4627,-0.4832653800338965
-0.4617000000000001,-0.4735038720648278
-0.4607,-0.46388383522574556
-0.4597000000000001,-0.45398085612669026
-0.4587,-0.44535111719751347
-0.4577000000000001,-0.43601402261840433
-0.4567,-0.4273842836892276
-0.4557000000000001,-0.4186130736300644
-0.4547,-0.41012480583087413
-0.4537000000000001,-0.4023438936816164
-0.4527,-0.3942800392723857
-0.4517000000000001,-0.386216184863155
-0.4507,-0.37885968610385684
-0.4497000000000001,-0.37079583169462615
-0.4487,-0.36315639067535493
-0.4477000000000001,-0.35594136304604324
-0.4467,-0.34858486428674507
-0.4457000000000001,-0.3417942500473929
-0.4447,-0.3347206935480677
-0.4437000000000001,-0.3279300793087155
-0.4427,-0.3215638784593228
-0.4417000000000001,-0.3146317930899841
-0.4407,-0.30854853450056446
-0.4397000000000001,-0.3024652759111448
-0.4387,-0.2962405461917387
-0.4377000000000001,-0.29044022986229207
-0.4367,-0.28478138466283187
-0.4357000000000001,-0.27898106833338526
-0.4347,-0.27303928087395213
-0.4337000000000001,-0.26752190680447846
-0.4327,-0.2621460038649913
-0.4317000000000001,-0.2567701009255041
-0.43069999999999997,-0.2518186113759765
-0.4297000000000001,-0.24672565069646235
-0.42869999999999997,-0.24191563227692126
-0.4277000000000001,-0.23696414272739363
-0.42669999999999997,-0.23201265317786599
-0.4257000000000001,-0.22748557701829786
-0.42469999999999997,-0.22267555859875673
-0.4237000000000001,-0.21843142469916169
-0.42269999999999996,-0.21376287740960703
-0.4217000000000001,-0.20923580125003893
-0.42069999999999996,-0.20499166735044383
-0.4197000000000001,-0.20046459119087567
-0.41869999999999996,-0.1965033995512536
-0.41770000000000007,-0.192400736781645
-0.41669999999999996,-0.18843954514202288
-0.41570000000000007,-0.1846198246323873
-0.41469999999999996,-0.1806586329927652
-0.41370000000000007,-0.17655597022315658
-0.41269999999999996,-0.173019191973494
-0.41170000000000007,-0.1693409425938449
-0.41069999999999995,-0.16608710660415532
-0.40970000000000006,-0.1625503283544927
-0.40869999999999995,-0.15957943462477614
-0.40770000000000006,-0.15604265637511353
-0.40669999999999995,-0.15278882038542396
-0.40570000000000006,-0.14953498439573437
-0.40469999999999995,-0.14628114840604478
-0.40370000000000006,-0.14316878354634172
-0.40269999999999995,-0.14014130136463052
-0.40170000000000006,-0.13714211340891666
-0.40069999999999995,-0.13436927926118117
-0.39970000000000006,-0.13141253264446326
-0.39869999999999994,-0.12873872828771835
-0.39770000000000005,-0.1258668643489923
-0.39669999999999994,-0.12329208978323794
-0.39570000000000005,-0.12060413831349438
-0.39469999999999994,-0.11800106952174272
-0.39370000000000005,-0.1156385016509681
-0.39269999999999994,-0.11289396172922993
-0.39170000000000005,-0.11057383519745125
-0.39069999999999994,-0.10832444423066585
-0.38970000000000005,-0.10574966966491149
-0.38869999999999993,-0.1038115151840964
-0.38770000000000004,-0.10139235886132718
-0.38669999999999993,-0.09912882078154311
-0.38570000000000004,-0.09697845960574826
-0.38469999999999993,-0.09488468688194801
-0.38370000000000004,-0.09262114880216396
-0.38269999999999993,-0.09085275967733265
-0.38170000000000004,-0.1257253932190058
-0.3806999999999999,-0.10133577040933257
-0.37970000000000004,-0.0966813702327766
-0.3786999999999999,-0.09359729959907082
-0.37770000000000004,-0.09114984905030431
-0.3766999999999999,-0.08861751582354589
-0.37570000000000003,-0.08645300753475238
-0.3746999999999999,-0.08416117522897103
-0.37370000000000003,-0.08216643229616134
-0.3726999999999999,-0.08048292584932194
-0.37170000000000003,-0.07840330023852032
-0.3706999999999999,-0.0767339409046796
-0.36970000000000003,-0.07486652198885775
-0.3686999999999999,-0.07274445503906019
-0.3677,-0.07104680147922215
-0.3666999999999999,-0.06941988348437735
-0.3657,-0.0677505241505366
-0.3646999999999999,-0.06626507728567832
-0.3637,-0.06475133619482273
-0.3626999999999999,-0.06291221150499818
-0.3617,-0.06158238288312505
-0.36070000000000013,-0.06011108313126542
-0.3597,-0.05858319492741117
-0.35870000000000013,-0.057380690322525886
-0.3577,-0.0560367145876541
-0.35670000000000013,-0.05440979659280931
-0.3557,-0.05292434972795102
-0.3547000000000001,-0.051665256671071136
-0.3537,-0.0502505453712061
-0.3527000000000001,-0.048807539845343764
-0.3517,-0.04783138904843689
-0.3507000000000001,-0.046713767121543515
-0.3497,-0.04535564427367308
-0.3487000000000001,-0.044138992555789146
-0.3477,-0.042922340837905214
-0.3467000000000001,-0.04193204292799969
-0.3457,-0.040531478741133296
-0.3447000000000001,-0.03966850484821563
-0.3437,-0.03855088292132225
-0.3427000000000001,-0.037291789864442364
-0.3417,-0.036457110197522
-0.3407000000000001,-0.03542437094862052
-0.3397,-0.034278454795729836
-0.3387000000000001,-0.033274009772825665
-0.3377,-0.03229785897591879
-0.3367000000000001,-0.03136414951800787
-0.3357,-0.030501175625090193
-0.3347000000000001,-0.029440142150191414
-0.3337,-0.02854887403127644
-0.3327000000000001,-0.027770782816350672
-0.3317,-0.026752190680447843
-0.3307000000000001,-0.025889216787530173
-0.3297,-0.025252596702590904
-0.3287000000000001,-0.02434718147067728
-0.3277,-0.023498354690758262
-0.3267000000000001,-0.022437321215859483
-0.3257,-0.021843142469916164
-0.3247000000000001,-0.021277257949970152
-0.3237,-0.020286960040064625
-0.3227000000000001,-0.019834252424107815
-0.3217,-0.01885810162720094
-0.3207000000000001,-0.018080010412275173
-0.3197,-0.017400948988339954
-0.3187000000000001,-0.01673603467740338
-0.3177,-0.01608526747946547
-0.3167000000000001,-0.01543450028152755
-0.3157,-0.014769585970590984
-0.3147000000000001,-0.013885391408175336
-0.3137,-0.013340727557727295
-0.3127000000000001,-0.012767769481281955
-0.3117,-0.012251399856831218
-0.3107000000000001,-0.011484626332304368
-0.3097,-0.01098240382085228
-0.3087000000000001,-0.010060012053340275
-0.3077,-0.00985063478096025
-0.3067000000000001,-0.009320118043510862
-0.30569999999999997,-0.008734427565366736
-0.3047000000000001,-0.00807800152222936
-0.30369999999999997,-0.007464016818087934
-0.3027000000000001,-0.007240492432709258
-0.30169999999999997,-0.00637610382849172
-0.3007000000000001,-0.005929055057734368
-0.29969999999999997,-0.005552741851970269
-0.2987000000000001,-0.00502222511452088
-0.29769999999999996,-0.00461761768275948
-0.2967000000000001,-0.0041012480583087416
-0.29569999999999996,-0.0036259050615540887
-0.2947000000000001,-0.003304765596484726
-0.29369999999999996,-0.002942599503719276
-0.29270000000000007,-0.0023144676865792004
-0.29169999999999996,-0.0017415096101338603
-0.29070000000000007,-0.0013371851206324325
-0.28969999999999996,-0.000988175842955728
-0.28870000000000007,-0.00041592512216032074
-0.28769999999999996,-0.00012282523505428248
-0.28670000000000007,0.00042158396735978093
-0.28569999999999995,0.0007704517739064989
-0.28470000000000006,0.0011892063186665497
-0.28369999999999995,0.0016778476016399337
-0.28270000000000006,0.001844783535024008
-0.28169999999999995,0.0022776851927827093
-0.28070000000000006,0.0026129717708507226
-0.27969999999999995,0.00307275294330686
-0.27870000000000006,0.0034787750863681252
-0.27769999999999995,0.003771620325440188
-0.27670000000000006,0.004245548610894975
-0.27569999999999995,0.004761918235345714
-0.27470000000000006,0.004804359574341665
-0.27369999999999994,0.005180672780105764
-0.27270000000000005,0.005558400697169729
-0.27169999999999994,0.00593471390293383
-0.27070000000000005,0.006339321334695229
-0.26969999999999994,0.006367615560692531
-0.26870000000000005,0.006967453151835307
-0.26769999999999994,0.007093362457523294
-0.26670000000000005,0.007638026307971333
-0.26569999999999994,0.00786155069335001
-0.26470000000000005,0.008140248819423422
-0.26369999999999993,0.008587297590180771
-0.26270000000000004,0.008768380636563497
-0.26169999999999993,0.009047078762636909
-0.26070000000000004,0.009368218227706273
-0.25969999999999993,0.009563448387087647
-0.25870000000000004,0.010010497157845
-0.25769999999999993,0.010024644270843649
-0.25670000000000004,0.010415104589606402
-0.2556999999999999,0.010624481861986425
-0.25470000000000004,0.0108197120213678
-0.2536999999999999,0.011433696725509227
-0.25270000000000004,0.011266760792125153
-0.2516999999999999,0.01174068907757994
-0.25070000000000003,0.011935919236961313
-0.24969999999999992,0.011992507688955914
-0.24870000000000003,0.012411262233715966
-0.24769999999999992,0.012606492393097342
-0.24670000000000003,0.012830016778476018
-0.24569999999999992,0.01310871490454943
-0.24470000000000003,0.013192182871241466
-0.24369999999999992,0.013458148595616094
-0.24270000000000003,0.013555763675306783
-0.24169999999999991,0.013974518220066835
-0.24070000000000003,0.014189554337646317
-0.2396999999999999,0.01430273124163552
-0.23870000000000002,0.014571526388609878
-0.2376999999999999,0.014769585970590984
-0.23670000000000002,0.014925204213576137
-0.23570000000000013,0.015250587812545097
-0.23470000000000002,0.015349617603535646
-0.23370000000000013,0.015561824298515404
-0.23270000000000002,0.015590118524512706
-0.23170000000000013,0.016014531914472215
-0.23070000000000002,0.015943796349478963
-0.22970000000000013,0.01619844438345467
-0.22870000000000001,0.01638235685243712
-0.22770000000000012,0.01660871066041553
-0.2267,0.01683506446839394
-0.22570000000000012,0.01697653559838044
-0.2247,0.017146300954364244
-0.22370000000000012,0.017146300954364244
-0.2227,0.017259477858353446
-0.22170000000000012,0.0175282730053278
-0.2207,0.017457537440334552
-0.21970000000000012,0.017881950830294063
-0.2187,0.018080010412275173
-0.21770000000000012,0.01813659886426977
-0.2167,0.018461982463238727
-0.2157000000000001,0.018688336271217135
-0.2147,0.018773218949209036
-0.2137000000000001,0.018886395853198238
-0.2127,0.019240073678164497
-0.2117000000000001,0.019197632339168547
-0.2107,0.0194098390341483
-0.2097000000000001,0.019466427486142905
-0.2087,0.01969278129412131
-0.2077000000000001,0.01969278129412131
-0.2067,0.019876693763103765
-0.2057000000000001,0.020145488910078124
-0.2047,0.02015963602307677
-0.2037000000000001,0.02042843117005113
-0.2027,0.02052746096104168
-0.2017000000000001,0.020654784978029535
-0.2007,0.02071137343002414
-0.1997000000000001,0.020767961882018737
-0.1987,0.021050904141991744
-0.1977000000000001,0.021093345480987697
-0.19669999999999999,0.021065051254990398
-0.1957000000000001,0.0212631108369715
-0.19469999999999998,0.021560200209943158
-0.1937000000000001,0.021701671339929663
-0.19269999999999998,0.021800701130920214
-0.1917000000000001,0.021701671339929663
-0.1907000000000001,0.02208364339089322
-0.1897000000000002,0.02189973092191077
-0.1887000000000001,0.02208364339089322
-0.1877000000000002,0.02230999719887163
-0.1867000000000001,0.022635380797840585
-0.1857000000000002,0.022592939458844635
-0.1847000000000001,0.022663675023837888
-0.1837000000000002,0.02267782213683654
-0.18270000000000008,0.0230880884137974
-0.1817000000000002,0.022946617283810897
-0.18070000000000008,0.023286147995778505
-0.1797000000000002,0.02318711820478795
-0.17870000000000008,0.023371030673770405
-0.1777000000000002,0.02345591335176231
-0.17670000000000008,0.023696414272739365
-0.1757000000000002,0.02385203251572452
-0.17470000000000008,0.02392276808071777
-0.1737000000000002,0.02400765075870967
-0.17270000000000008,0.02400765075870967
-0.17170000000000019,0.024304740131681327
-0.17070000000000007,0.02457353527865569
-0.16970000000000018,0.024488652600663786
-0.16870000000000007,0.02475744774763814
-0.16770000000000018,0.02471500640864219
-0.16670000000000007,0.024898918877624646
-0.16570000000000018,0.025040390007611147
-0.16470000000000007,0.0250262428946125
-0.16370000000000018,0.025521391849565263
-0.16270000000000007,0.02537992071957876
-0.16170000000000018,0.025691157205549067
-0.16070000000000007,0.025931658126526123
-0.15970000000000018,0.02576189277054232
-0.15870000000000006,0.02629948306449103
-0.15770000000000017,0.02620045327350048
-0.15670000000000006,0.02645510130747619
-0.15570000000000017,0.026511689759470786
-0.15470000000000006,0.026426807081478886
-0.15370000000000017,0.02692195603643165
-0.15270000000000006,0.026766337793446494
-0.15170000000000017,0.0270209858274222
-0.15070000000000006,0.027289780974396556
-0.14970000000000017,0.02730392808739521
-0.14870000000000005,0.027615164573365516
-0.14770000000000016,0.02770004725135742
-0.14670000000000005,0.027869812607341227
-0.14570000000000016,0.027940548172334476
-0.14470000000000005,0.02820934331930883
-0.14370000000000016,0.028251784658304784
-0.14270000000000005,0.028463991353284535
-0.14170000000000016,0.028690345161262943
-0.14070000000000005,0.028775227839254847
-0.13970000000000016,0.029058170099227856
-0.13870000000000005,0.029114758551222454
-0.13770000000000016,0.029298671020204912
-0.13670000000000004,0.02966649595816982
-0.13570000000000015,0.02968064307116847
-0.13470000000000004,0.029836261314153626
-0.13370000000000015,0.030161644913122586
-0.13270000000000004,0.030317263156107735
-0.13170000000000015,0.030501175625090193
-0.13070000000000004,0.030769970772064545
-0.12970000000000015,0.030699235207071292
-0.12870000000000004,0.03110950148403216
-0.12770000000000015,0.031151942823028106
-0.12670000000000003,0.031420737970002464
-0.12570000000000014,0.03167538600397817
-0.12470000000000003,0.031873445585959274
-0.12370000000000014,0.03224127052392419
-0.12270000000000003,0.03226956474992148
-0.12170000000000014,0.032552507009894496
-0.12070000000000003,0.0328354492698675
-0.11970000000000014,0.0328354492698675
-0.11870000000000003,0.03320327420783241
-0.11770000000000014,0.03351451069380272
-0.11670000000000003,0.03358524625879597
-0.11570000000000014,0.033910629857764926
-0.11470000000000002,0.03405210098775143
-0.11370000000000013,0.034349190360723085
-0.11270000000000002,0.03484433931567585
-0.11170000000000013,0.034929221993667756
-0.11070000000000024,0.035028251784658314
-0.10970000000000013,0.03543851806161917
-0.10870000000000024,0.03560828341760297
-0.10770000000000013,0.03600440258156519
-0.10670000000000024,0.036301491954536844
-0.10570000000000013,0.036570287101511195
-0.10470000000000024,0.0368249351354869
-0.10370000000000013,0.037390819655432915
-0.10270000000000024,0.03727764275144372
-0.10170000000000012,0.03771620325440188
-0.10070000000000023,0.038112322418364084
-0.09970000000000012,0.03855088292132225
-0.09870000000000023,0.0388196780682966
-0.09770000000000012,0.03913091455426691
-0.09670000000000023,0.039328974136248016
-0.09570000000000012,0.03964021062221833
-0.09470000000000023,0.04005047689917919
-0.09370000000000012,0.04040415472414544
-0.09270000000000023,0.04078612677510901
-0.09170000000000011,0.04121054016506852
-0.09070000000000022,0.04159251221603208
-0.08970000000000011,0.04173398334601858
-0.08870000000000022,0.04225742652696864
-0.08770000000000011,0.042653545690930855
-0.08670000000000022,0.043106253306887665
-0.08570000000000011,0.04343163690585663
-0.08470000000000022,0.04398337431280399
-0.08370000000000011,0.04447852326775675
-0.08270000000000022,0.04478975975372706
-0.0817000000000001,0.04536979138667173
-0.08070000000000022,0.04556785096865284
-0.0797000000000001,0.0462044710535921
-0.07870000000000021,0.0464591190875678
-0.0777000000000001,0.04709573917250707
-0.07670000000000021,0.04770406503144904
-0.0757000000000001,0.048001154404420696
-0.07470000000000021,0.04865192160235861
-0.0737000000000001,0.049118776331314076
-0.07270000000000021,0.04961392528626684
-0.0717000000000001,0.050080780015222294
-0.07070000000000021,0.05078813566515482
-0.0697000000000001,0.051410608637095435
-0.0687000000000002,0.05191990470504685
-0.0677000000000001,0.05237261232100365
-0.0667000000000002,0.05299508529294428
-0.06570000000000009,0.053589264038887585
-0.0647000000000002,0.05421173701082821
-0.06370000000000009,0.05491909266076073
-0.0627000000000002,0.055598154084695935
-0.06170000000000009,0.05623477416963521
-0.0607000000000002,0.05695627693256638
-0.059700000000000086,0.057451425887519135
-0.058700000000000196,0.05825781132844222
-0.057700000000000085,0.05903590254336798
-0.056700000000000195,0.059771552419297796
-0.05570000000000008,0.060408172504237065
-0.05470000000000019,0.061073086815173636
-0.05370000000000008,0.0618511780300994
-0.05270000000000019,0.06281318171400763
-0.05170000000000008,0.06336491912095499
-0.05070000000000019,0.06427033435286862
-0.04970000000000008,0.06514745535878494
-0.04870000000000019,0.06586895812171611
-0.047700000000000076,0.06704316850060409
-0.046700000000000186,0.0676656414725447
-0.045700000000000074,0.06874082206044213
-0.044700000000000184,0.0693491479193841
-0.04370000000000007,0.07039603428128423
-0.04270000000000018,0.07140047930418841
-0.04170000000000007,0.07243321855308989
-0.04070000000000018,0.07329619244600755
-0.03970000000000007,0.07425819612991578
-0.03870000000000018,0.07523434692682264
-0.03770000000000007,0.07635196885371603
-0.03670000000000018,0.07756862057159995
-0.035700000000000065,0.07850233002951089
-0.034700000000000175,0.0793228625834326
-0.03370000000000006,0.0806102498663098
-0.03270000000000017,0.08185519581019103
-0.03170000000000006,0.08290208217209115
-0.03070000000000017,0.08424605790696293
-0.02970000000000006,0.08525050292986712
-0.02870000000000017,0.08658033155174025
-0.027700000000000058,0.08779698326962418
-0.026700000000000168,0.08888631097052026
-0.025700000000000056,0.0903576107223799
-0.024700000000000166,0.09163085089225843
-0.023700000000000054,0.09327191600010187
-0.022700000000000164,0.09444612637898986
-0.021700000000000053,0.09583254345285759
-0.020700000000000163,0.09713407784873342
-0.01970000000000005,0.09846390647060656
-0.01870000000000016,0.09997764756146214
-0.01770000000000005,0.10126503484433932
-0.01670000000000016,0.10277877593519492
-0.015700000000000047,0.10425007568705455
-0.014700000000000157,0.10573552255191283
-0.013700000000000045,0.10771611837172389
-0.012700000000000156,0.10910253544559163
-0.011700000000000044,0.11082848323142698
-0.010700000000000154,0.11271004926024747
-0.009700000000000042,0.11425208457710037
-0.008700000000000152,0.11596388524993705
-0.00770000000000004,0.11742103788879804
-0.00670000000000015,0.1192601625786226
-0.005700000000000038,0.12101440459045523
-0.0047000000000001485,0.12266961681129733
-0.0037000000000000366,0.12463606551810973
-0.0027000000000001467,0.12629127773895182
-0.0017000000000000348,0.12821528510676827
-0.000700000000000145,0.13008270402259012
0.00029999999999996696,0.13185109314742144
0.0012999999999998568,0.13380339474123515
0.0022999999999999687,0.13574154922205028
0.0032999999999998586,0.13734017299089774
0.0042999999999999705,0.13951882839268992
0.00529999999999986,0.14147112998650369
0.006299999999999972,0.1434517258063147
0.007299999999999862,0.14529085049613927
0.008299999999999974,0.14698850405597733
0.009299999999999864,0.14925204213576138
0.010299999999999976,0.1512326379555724
0.011299999999999866,0.15307176264539696
0.012299999999999978,0.15491088733522151
