Potential V vs RHE, Current mA cm-2
0.013299999999999867,-0.11624682750991006
0.012299999999999978,-0.1658041643441823
0.011299999999999866,-0.1768389124831296
0.010299999999999976,-0.18136598864269768
0.009299999999999864,-0.18688336271217135
0.008299999999999974,-0.1899957275718744
0.007299999999999862,-0.1922592656516585
0.006299999999999972,-0.19791811085111863
0.00529999999999986,-0.19777663972113213
0.0042999999999999705,-0.2008890045808352
0.0032999999999998586,-0.2038598983105518
0.0022999999999999687,-0.2038598983105518
0.0012999999999998568,-0.2076796188201874
0.00029999999999996696,-0.2082455033401334
-0.000700000000000145,-0.20923580125003893
-0.0017000000000000348,-0.211782281589796
-0.0027000000000001467,-0.2119237527197825
-0.0037000000000000366,-0.21376287740960703
-0.0047000000000001485,-0.21588494435940458
-0.005700000000000038,-0.21461170418952608
-0.00670000000000015,-0.21800701130920216
-0.00770000000000004,-0.21913878034909418
-0.008700000000000152,-0.21857289582914816
-0.009700000000000042,-0.22140231842887825
-0.010700000000000154,-0.22210967407881074
-0.011700000000000044,-0.2232414431187028
-0.012700000000000156,-0.22366585650866228
-0.013700000000000045,-0.22409026989862182
-0.014700000000000157,-0.22621233684841938
-0.015700000000000047,-0.22550498119848683
-0.01670000000000016,-0.2279099904082574
-0.01770000000000005,-0.22946617283810894
-0.01870000000000016,-0.2284758749282034
-0.01970000000000005,-0.22989058622806843
-0.020700000000000163,-0.231729710917893
-0.021700000000000053,-0.2310223552679605
-0.022700000000000164,-0.23314442221775805
-0.023700000000000054,-0.23413472012766354
-0.024700000000000166,-0.23385177786769054
-0.025700000000000056,-0.23639825820744764
-0.026700000000000168,-0.23625678707746112
-0.027700000000000058,-0.23767149837732615
-0.02870000000000017,-0.2389447385472047
-0.02970000000000006,-0.23908620967719119
-0.03070000000000017,-0.24021797871708325
-0.03170000000000006,-0.24120827662698877
-0.03270000000000017,-0.24219857453689428
-0.03370000000000006,-0.24389622809673234
-0.034700000000000175,-0.24318887244679982
-0.035700000000000065,-0.24403769922671883
-0.03670000000000018,-0.24672565069646235
-0.03770000000000007,-0.24700859295643537
-0.03870000000000018,-0.24799889086634092
-0.03970000000000007,-0.25026242894612494
-0.04070000000000018,-0.24941360216620592
-0.04170000000000007,-0.252243024765936
-0.04270000000000018,-0.252808909285882
-0.04370000000000007,-0.2537992071957876
-0.044700000000000184,-0.25592127414558513
-0.045700000000000074,-0.2547895051056931
-0.046700000000000186,-0.25733598544545017
-0.047700000000000076,-0.25790186996539616
-0.04870000000000019,-0.25988246578520724
-0.04970000000000008,-0.2621460038649913
-0.05070000000000019,-0.26129717708507233
-0.05170000000000008,-0.2627118883849373
-0.05270000000000019,-0.2652583687246944
-0.05370000000000008,-0.2652583687246944
-0.05470000000000019,-0.2666730800245595
-0.05570000000000008,-0.2689366181043435
-0.056700000000000195,-0.26851220471438403
-0.057700000000000085,-0.2724733963540061
-0.058700000000000196,-0.27204898296404656
-0.059700000000000086,-0.2740295787838576
-0.0607000000000002,-0.2765760591236147
-0.06170000000000009,-0.2772834147735472
-0.0627000000000002,-0.27883959720339874
-0.06370000000000009,-0.27982989511330425
-0.0647000000000002,-0.2811031352831828
-0.06570000000000009,-0.2842155001428859
-0.0667000000000002,-0.2839325578829129
-0.0677000000000001,-0.28591315370272397
-0.0687000000000002,-0.289025518562427
-0.0697000000000001,-0.28930846082239997
-0.07070000000000021,-0.29058170099227854
-0.0717000000000001,-0.29369406585198166
-0.07270000000000021,-0.29425995037192765
-0.0737000000000001,-0.29779672862159023
-0.07470000000000021,-0.2973723152316307
-0.0757000000000001,-0.2986455554015092
-0.07670000000000021,-0.3024652759111448
-0.0777000000000001,-0.3038799872110099
-0.07870000000000021,-0.3058605830308209
-0.0797000000000001,-0.3074167654606725
-0.08070000000000022,-0.30982177467044303
-0.0817000000000001,-0.31265119727017304
-0.08270000000000022,-0.3122267838802136
-0.08370000000000011,-0.31505620647994365
-0.08470000000000022,-0.3185929847296063
-0.08570000000000011,-0.31930034037953875
-0.08670000000000022,-0.3219882918492823
-0.08770000000000011,-0.3239688876690934
-0.08870000000000022,-0.3260909546188909
-0.08970000000000011,-0.3290618483486075
-0.09070000000000022,-0.3299106751285265
-0.09170000000000011,-0.33274009772825663
-0.09270000000000023,-0.33641834710790575
-0.09370000000000012,-0.33613540484793275
-0.09470000000000023,-0.34094542326747385
-0.09570000000000012,-0.3408039521374874
-0.09670000000000023,-0.34448220151713643
-0.09770000000000012,-0.34844339315675854
-0.09870000000000023,-0.34872633541673154
-0.09970000000000012,-0.35183870027643466
-0.10070000000000023,-0.3545266517461782
-0.10170000000000012,-0.3565072475659892
-0.10270000000000024,-0.3603269680756248
-0.10370000000000013,-0.3614587371155169
-0.10470000000000024,-0.3649955153651795
-0.10570000000000013,-0.36768346683492303
-0.10670000000000024,-0.3698055337847206
-0.10770000000000013,-0.3717861296045316
-0.10870000000000024,-0.37617173463411324
-0.10970000000000013,-0.37829380158391085
-0.11070000000000024,-0.38168910870358685
-0.11170000000000013,-0.38437706017333045
-0.11270000000000002,-0.38664059825311453
-0.11370000000000013,-0.3914506166726556
-0.11470000000000002,-0.39244091458256114
-0.11570000000000014,-0.3948459237923317
-0.11670000000000003,-0.39965594221187284
-0.11770000000000014,-0.4014950669016974
-0.11870000000000003,-0.406163614191252
-0.11970000000000014,-0.4084271522710361
-0.12070000000000003,-0.4113980460007527
-0.12170000000000014,-0.4166324778102533
-0.12270000000000003,-0.4186130736300644
-0.12370000000000014,-0.42087661170984847
-0.12470000000000003,-0.4266769280392951
-0.12570000000000014,-0.42823311046914664
-0.12670000000000003,-0.43247724436874174
-0.12770000000000015,-0.43686284939832337
-0.12870000000000004,-0.4385605029581614
-0.12970000000000015,-0.44393640589764854
-0.13070000000000004,-0.4459170017174596
-0.13170000000000015,-0.44959525109710863
-0.13270000000000004,-0.45610292307648787
-0.13370000000000015,-0.45751763437635284
-0.13470000000000004,-0.463459421835786
-0.13570000000000015,-0.4661473733055296
-0.13670000000000004,-0.47053297833511115
-0.13770000000000016,-0.47590888127459835
-0.13870000000000005,-0.4790212461343014
-0.13970000000000016,-0.48397273568382904
-0.14070000000000005,-0.4892071674933296
-0.14170000000000016,-0.49246100348301924
-0.14270000000000005,-0.49769543529251986
-0.14370000000000016,-0.5027883959720341
-0.14470000000000005,-0.5068910587416426
-0.14570000000000016,-0.5126913750710893
-0.14670000000000005,-0.5163696244507384
-0.14770000000000016,-0.5214625851302525
-0.14870000000000005,-0.5279702571096317
-0.14970000000000017,-0.5315070353592943
-0.15070000000000006,-0.537590293948714
-0.15170000000000017,-0.5424003123682551
-0.15270000000000006,-0.5487665132176478
-0.15370000000000017,-0.5555571274569999
-0.15470000000000006,-0.5602256747465546
-0.15570000000000017,-0.5670162889859067
-0.15670000000000006,-0.5722507207954074
-0.15770000000000017,-0.5781925082548405
-0.15870000000000006,-0.5861148915340847
-0.15970000000000018,-0.5913493233435854
-0.16070000000000007,-0.597998466452951
-0.16170000000000018,-0.6062037919921682
-0.16270000000000007,-0.6111552815416958
-0.16370000000000018,-0.620775318380778
-0.16470000000000007,-0.6279903460100897
-0.16570000000000018,-0.6319515376497118
-0.16670000000000007,-0.6417130456187806
-0.16770000000000018,-0.6493524866380518
-0.16870000000000007,-0.6574163410472825
-0.16970000000000018,-0.6661875511064458
-0.17070000000000007,-0.672978165345798
-0.17170000000000019,-0.6806176063650692
-0.17270000000000008,-0.6906620565941108
-0.1737000000000002,-0.6980185553534091
-0.17470000000000008,-0.7074971210625048
-0.1757000000000002,-0.717117157901587
-0.17670000000000008,-0.7253224834408043
-0.1777000000000002,-0.7372060583596707
-0.17870000000000008,-0.7442796148589957
-0.1797000000000002,-0.7557387763879025
-0.18070000000000008,-0.7647929287070389
-0.1817000000000002,-0.7731397253762425
-0.18270000000000008,-0.7868624249849333
-0.1837000000000002,-0.7957751061740831
-0.1847000000000001,-0.8061024986630978
-0.1857000000000002,-0.8185519581019103
-0.1867000000000001,-0.828879350590925
-0.1877000000000002,-0.8409043966397778
-0.1887000000000001,-0.8537782694685497
-0.1897000000000002,-0.8658033155174024
-0.1907000000000001,-0.8776868904362687
-0.1917000000000001,-0.8897119364851216
-0.19269999999999998,-0.9038590494837719
-0.1937000000000001,-0.9160255666626113
-0.19469999999999998,-0.9280506127114639
-0.1957000000000001,-0.941490370060182
-0.19669999999999999,-0.9573351366186703
-0.1977000000000001,-0.9703504805774287
-0.1987,-0.9853464203559981
-0.1997000000000001,-0.9990691199646888
-0.2007,-1.0137821174832853
-0.2017000000000001,-1.0303342396917063
-0.2027,-1.0456131217302487
-0.2037000000000001,-1.062306715068656
-0.2047,-1.079990606316969
-0.2057000000000001,-1.0920156523658218
-0.2067,-1.1102654281340807
-0.2077000000000001,-1.1265346080825285
-0.2087,-1.1425208457710037
-0.2097000000000001,-1.1613365060592085
-0.2107,-1.1781715705276026
-0.2117000000000001,-1.1975531153357537
-0.2127,-1.2177834869238235
-0.2137000000000001,-1.2356088493021231
-0.2147,-1.257536874450031
-0.2157000000000001,-1.2769184192581822
-0.2167,-1.2947437816364815
-0.21770000000000012,-1.3152570954845246
-0.2187,-1.336619236112487
-0.21970000000000012,-1.3568496077005565
-0.2207,-1.3790605751084377
-0.22170000000000012,-1.3990080044365347
-0.2227,-1.421784856364362
-0.22370000000000012,-1.4430055258623373
-0.2247,-1.4656409066601779
-0.22570000000000012,-1.4896909987578837
-0.2267,-1.510911668255859
-0.22770000000000012,-1.5363764716534298
-0.22870000000000001,-1.5590118524512704
-0.22970000000000013,-1.583061944548976
-0.23070000000000002,-1.6085267479465466
-0.23170000000000013,-1.6354062626439825
-0.23270000000000002,-1.660871066041553
-0.23370000000000013,-1.6891652920388538
-0.23470000000000002,-1.7146300954364246
-0.23570000000000013,-1.7443390327335901
-0.23670000000000002,-1.769803836131161
-0.2376999999999999,-1.7966833508285964
-0.23870000000000002,-1.8263922881257622
-0.2396999999999999,-1.8532718028231983
-0.24070000000000003,-1.8815660288204987
-0.24169999999999991,-1.9112749661176645
-0.24270000000000003,-1.9409839034148304
-0.24369999999999992,-1.972107552011861
-0.24470000000000003,-2.007475334508487
-0.24569999999999992,-2.0371842718056525
-0.24670000000000003,-2.0697226317025486
-0.24769999999999992,-2.105090414199175
-0.24870000000000003,-2.136214062796206
-0.24969999999999992,-2.1701671339929662
-0.25070000000000003,-2.199876071290132
-0.2516999999999999,-2.235243853786758
-0.25270000000000004,-2.2706116362833835
-0.2536999999999999,-2.30314999618028
-0.25470000000000004,-2.3427619125765005
-0.2556999999999999,-2.3753002724733965
-0.25670000000000004,-2.412082766269888
-0.25769999999999993,-2.451694682666109
-0.25870000000000004,-2.4898918877624645
-0.25969999999999993,-2.5280890928588207
-0.26070000000000004,-2.5662862979551764
-0.26169999999999993,-2.6030687917516673
-0.26270000000000004,-2.6440954194477535
-0.26369999999999993,-2.6822926245441097
-0.26470000000000005,-2.7219045409403306
-0.26569999999999994,-2.7629311686364164
-0.26670000000000005,-2.8039577963325026
-0.26769999999999994,-2.844984424028589
-0.26870000000000005,-2.888840474324405
-0.26969999999999994,-2.9312818133203558
-0.27070000000000005,-2.975137863616172
-0.27169999999999994,-3.0175792026121235
-0.27270000000000005,-3.0642646755076695
-0.27369999999999994,-3.1123648597030806
-0.27470000000000006,-3.156220909998897
-0.27569999999999995,-3.201491671594578
-0.27670000000000006,-3.249591855789989
-0.27769999999999995,-3.2991067512852656
-0.27870000000000006,-3.3457922241808116
-0.27969999999999995,-3.3967218309759533
-0.28070000000000006,-3.447651437771094
-0.28169999999999995,-3.4999957558661006
-0.28270000000000006,-3.548095940061512
-0.28369999999999995,-3.6004402581565187
-0.28470000000000006,-3.6513698649516595
-0.28569999999999995,-3.7037141830466664
-0.28670000000000007,-3.7560585011416725
-0.28769999999999996,-3.8098175305365434
-0.28870000000000007,-3.8607471373316855
-0.28969999999999996,-3.918750300626152
-0.29070000000000007,-3.971094618721158
-0.29169999999999996,-4.026268359415894
-0.29270000000000007,-4.085686234010226
-0.29369999999999996,-4.138030552105232
-0.2947000000000001,-4.194619004099834
-0.29569999999999996,-4.2526221673943
-0.2967000000000001,-4.310625330688767
-0.29769999999999996,-4.370043205283098
-0.2987000000000001,-4.428046368577565
-0.29969999999999997,-4.490293665771627
-0.3007000000000001,-4.556785096865283
-0.30169999999999997,-4.61478826015975
-0.3027000000000001,-4.678450268653676
-0.30369999999999997,-4.737868143248008
-0.3047000000000001,-4.800115440442069
-0.30569999999999997,-4.862362737636131
-0.3067000000000001,-4.924610034830192
-0.3077,-4.996760311123309
-0.3087000000000001,-5.066081164816696
-0.3097,-5.128328462010757
-0.3107000000000001,-5.19906402700401
-0.3117,-5.266970169397532
-0.3127000000000001,-5.343364579590244
-0.3137,-5.407026588084171
-0.3147000000000001,-5.477762153077422
-0.3157,-5.549912429370539
-0.3167000000000001,-5.6192332830639256
-0.3177,-5.688554136757313
-0.3187000000000001,-5.766363258249889
-0.3197,-5.8356841119432765
-0.3207000000000001,-5.910663810836123
-0.3217,-5.98281408712924
-0.3227000000000001,-6.060623208621817
-0.3237,-6.137017618814529
-0.3247000000000001,-6.211997317707376
-0.3257,-6.2883917279000885
-0.3267000000000001,-6.37044498329226
-0.3277,-6.445424682185107
-0.3287000000000001,-6.5246485149775495
-0.3297,-6.612360615569181
-0.3307000000000001,-6.687340314462029
-0.3317,-6.7693935698542
-0.3327000000000001,-6.857105670445833
-0.3337,-6.936329503238276
-0.3347000000000001,-7.016968047330582
-0.3357,-7.101850725322484
-0.3367000000000001,-7.190977537213982
-0.3377,-7.281519060405343
-0.3387000000000001,-7.36781644969711
-0.3397,-7.459772684188338
-0.3407000000000001,-7.551728918679565
-0.3417,-7.638026307971333
-0.3427000000000001,-7.734226676362156
-0.3437,-7.820524065653922
-0.3447000000000001,-7.911065588845285
-0.3457,-8.01433951373543
-0.3467000000000001,-8.10912517082639
-0.3477,-8.203910827917348
-0.3487000000000001,-8.298696485008303
-0.3497,-8.390652719499533
-0.3507000000000001,-8.48826779919022
-0.3517,-8.588712301480637
-0.3527000000000001,-8.694815648970515
-0.3537,-8.789601306061472
-0.3547000000000001,-8.89287523095162
-0.3557,-8.996149155841769
-0.35670000000000013,-9.102252503331647
-0.3577,-9.206941139521659
-0.35870000000000013,-9.31162977571167
-0.3597,-9.416318411901685
-0.36070000000000013,-9.525251181991292
-0.3617,-9.64267221988009
-0.3626999999999999,-9.754434412569427
-0.3637,-9.85629362615971
-0.3646999999999999,-9.972299952748642
-0.3657,-10.079818011538388
-0.3666999999999999,-10.200068472026913
-0.3677,-10.314660087315982
-0.3686999999999999,-10.432081125204782
-0.36970000000000003,-10.553746296993173
-0.3706999999999999,-10.672582046181837
-0.37170000000000003,-10.792832506670365
-0.3726999999999999,-10.918741812358354
-0.37370000000000003,-11.036162850247152
-0.3746999999999999,-11.162072155935139
-0.37570000000000003,-11.280907905123803
-0.3766999999999999,-11.413890767311115
-0.37770000000000004,-11.54687362949843
-0.3786999999999999,-11.672782935186419
-0.37970000000000004,-11.807180508673596
-0.3806999999999999,-11.937333948261179
-0.38170000000000004,-12.064657965249033
-0.38269999999999993,-12.197640827436347
-0.38370000000000004,-12.337697246122985
-0.38469999999999993,-12.470680108310297
-0.38570000000000004,-12.613565949596667
-0.38669999999999993,-12.74654881178398
-0.38770000000000004,-12.896508209569674
-0.38869999999999993,-13.035149916956447
-0.38970000000000005,-13.182279892142413
-0.39069999999999994,-13.32516573342878
-0.39170000000000005,-13.470880997314879
-0.39269999999999994,-13.616596261200979
-0.39370000000000005,-13.770799792886267
-0.39469999999999994,-13.925003324571557
-0.39570000000000005,-14.084865701456305
-0.39669999999999994,-14.231995676642269
-0.39770000000000005,-14.387613919627421
-0.39869999999999994,-14.543232162612577
-0.39970000000000006,-14.71299751859638
-0.40069999999999995,-14.868615761581536
-0.40170000000000006,-15.03838111756534
-0.40269999999999995,-15.193999360550496
-0.40370000000000006,-15.363764716534297
-0.40469999999999995,-15.533530072518102
-0.40570000000000006,-15.70329542850191
-0.40669999999999995,-15.88720789748436
-0.40770000000000006,-16.056973253468165
-0.40869999999999995,-16.22673860945197
-0.40970000000000006,-16.396503965435777
-0.41069999999999995,-16.56626932141958
-0.41170000000000007,-16.750181790402035
-0.41269999999999996,-16.93409425938449
-0.41370000000000007,-17.118006728366943
-0.41469999999999996,-17.316066310348052
-0.41570000000000007,-17.499978779330505
-0.41669999999999996,-17.683891248312957
-0.41770000000000007,-17.867803717295413
-0.41869999999999996,-18.06586329927652
-0.4197000000000001,-18.27806999425627
-0.42069999999999996,-18.47612957623738
-0.4217000000000001,-18.674189158218486
-0.42269999999999996,-18.88639585319824
-0.4237000000000001,-19.084455435179343
-0.42469999999999997,-19.28251501716045
-0.4257000000000001,-19.49472171214021
-0.42669999999999997,-19.69278129412131
-0.4277000000000001,-19.919135102099716
-0.42869999999999997,-20.13134179707947
-0.4297000000000001,-20.34354849205923
-0.43069999999999997,-20.569902300037633
-0.4317000000000001,-20.79625610801604
-0.4327,-21.008462802995794
-0.4337000000000001,-21.2348166109742
-0.4347,-21.461170418952605
-0.4357000000000001,-21.701671339929664
-0.4367,-21.92802514790807
-0.4377000000000001,-22.168526068885125
-0.4387,-22.39487987686353
-0.4397000000000001,-22.649527910839236
-0.4407,-22.890028831816295
-0.4417000000000001,-23.13052975279335
-0.4427,-23.371030673770406
-0.4437000000000001,-23.639825820744765
-0.4447,-23.894473854720466
-0.4457000000000001,-24.149121888696175
-0.4467,-24.40376992267188
-0.4477000000000001,-24.67256506964624
-0.4487,-24.927213103621945
-0.4497000000000001,-25.210155363594954
-0.4507,-25.478950510569312
-0.4517000000000001,-25.747745657543668
-0.4527,-26.030687917516673
-0.4537000000000001,-26.29948306449103
-0.4547,-26.58242532446404
-0.4557000000000001,-26.879514697435695
-0.4567,-27.14830984441005
-0.4577000000000001,-27.445399217381713
-0.4587,-27.742488590353368
-0.4597000000000001,-28.039577963325023
-0.4607,-28.350814449295335
-0.4617000000000001,-28.647903822266994
-0.4627,-28.959140308237306
-0.4637000000000001,-29.27037679420761
-0.4647,-29.581613280177915
-0.4657000000000001,-29.892849766148224
-0.4667,-30.21823336511718
-0.4677000000000001,-30.54361696408614
-0.4687,-30.8690005630551
-0.4697000000000001,-31.19438416202406
-0.4707,-31.519767760993016
-0.4717000000000001,-31.85929847296063
-0.4727,-32.19882918492823
-0.4737000000000001,-32.53835989689585
-0.4747,-32.892037721862096
-0.4757000000000001,-33.231568433829715
-0.4767,-33.57109914579732
-0.4777000000000001,-33.924776970763574
-0.4787,-34.292601908728486
-0.4797000000000001,-34.6604268466934
-0.4807,-35.014104671659666
-0.48170000000000013,-35.367782496625914
-0.4827,-35.735607434590825
-0.48370000000000013,-36.11757948555439
-0.4847,-36.5136986495166
-0.48570000000000013,-36.92396492647745
-0.4867,-36.8249351354869
-0.48570000000000013,-36.329786180534136
-0.4847,-35.83463722558138
-0.48370000000000013,-35.339488270628614
-0.4827,-34.85848642867451
-0.48170000000000013,-34.39163169971904
-0.4807,-33.924776970763574
-0.4797000000000001,-33.47206935480677
-0.4787,-32.99106751285265
-0.4777000000000001,-32.53835989689585
-0.4767,-32.08565228093904
-0.4757000000000001,-31.689533116976815
-0.4747,-31.22267838802136
-0.4737000000000001,-30.7841178850632
-0.4727,-30.345557382105042
-0.4717000000000001,-29.921143992145527
-0.4707,-29.510877715184666
-0.4697000000000001,-29.086464325225155
-0.4687,-28.676198048264297
-0.4677000000000001,-28.294225997300735
-0.4667,-27.898106833338524
-0.4657000000000001,-27.516134782374962
-0.4647,-27.134162731411404
-0.4637000000000001,-26.766337793446493
-0.4627,-26.398512855481584
-0.4617000000000001,-26.044835030515326
-0.4607,-25.691157205549064
-0.4597000000000001,-25.337479380582806
-0.4587,-24.983801555616548
-0.4577000000000001,-24.630123730650286
-0.4567,-24.290593018682678
-0.4557000000000001,-23.96520941971372
-0.4547,-23.639825820744765
-0.4537000000000001,-23.314442221775803
-0.4527,-23.003205735805498
-0.4517000000000001,-22.691969249835186
-0.4507,-22.39487987686353
-0.4497000000000001,-22.083643390893226
-0.4487,-21.800701130920213
-0.4477000000000001,-21.503611757948562
-0.4467,-21.22066949797555
-0.4457000000000001,-20.93772723800254
-0.4447,-20.668932091028186
-0.4437000000000001,-20.400136944053827
-0.4427,-20.14548891007812
-0.4417000000000001,-19.890840876102416
-0.4407,-19.636192842126707
-0.4397000000000001,-19.381544808151002
-0.4387,-19.126896774175293
-0.4377000000000001,-18.872248740199588
-0.4367,-18.631747819222536
-0.4357000000000001,-18.40539401124413
-0.4347,-18.164893090267068
-0.4337000000000001,-17.952686395287316
-0.4327,-17.72633258730891
-0.4317000000000001,-17.499978779330505
-0.43069999999999997,-17.28777208435075
-0.4297000000000001,-17.07556538937099
-0.42869999999999997,-16.863358694391238
-0.4277000000000001,-16.665299112410132
-0.42669999999999997,-16.453092417430376
-0.4257000000000001,-16.22673860945197
-0.42469999999999997,-16.02867902747086
-0.4237000000000001,-15.858913671487063
-0.42269999999999996,-15.660854089505953
-0.4217000000000001,-15.448647394526201
-0.42069999999999996,-15.250587812545096
-0.4197000000000001,-15.06667534356264
-0.41869999999999996,-14.882762874580186
-0.41770000000000007,-14.69885040559773
-0.41669999999999996,-14.529085049613924
-0.41570000000000007,-14.345172580631472
-0.41469999999999996,-14.175407224647667
-0.41370000000000007,-13.999983023464402
-0.41269999999999996,-13.825973533581003
-0.41170000000000007,-13.656208177597199
-0.41069999999999995,-13.494931089412585
-0.40970000000000006,-13.332239289928106
-0.40869999999999995,-13.173791624343222
-0.40770000000000006,-13.025246937857393
-0.40669999999999995,-12.86396984967278
-0.40570000000000006,-12.705522184087895
-0.40469999999999995,-12.555562786302202
-0.40370000000000006,-12.40418867721664
-0.40269999999999995,-12.262717547230139
-0.40170000000000006,-12.115587572044175
-0.40069999999999995,-11.97411644205767
-0.39970000000000006,-11.829815889471439
-0.39869999999999994,-11.691174182084664
-0.39770000000000005,-11.551117763398024
-0.39669999999999994,-11.416720189910846
-0.39570000000000005,-11.280907905123803
-0.39469999999999994,-11.147925042936489
-0.39370000000000005,-11.017771603348905
-0.39269999999999994,-10.887618163761323
-0.39170000000000005,-10.761708858073334
-0.39069999999999994,-10.63721426368521
-0.38970000000000005,-10.507060824097627
-0.38869999999999993,-10.386810363609099
-0.38770000000000004,-10.262315769220976
-0.38669999999999993,-10.144894731332178
-0.38570000000000004,-10.026058982143516
-0.38469999999999993,-9.902979099055257
-0.38370000000000004,-9.788387483766188
-0.38269999999999993,-9.666722311977795
-0.38170000000000004,-9.55496011928846
-0.3806999999999999,-9.44602734919885
-0.37970000000000004,-9.330021022609918
-0.3786999999999999,-9.225332386419904
-0.37770000000000004,-9.120643750229892
-0.3766999999999999,-9.003222712341092
-0.37570000000000003,-8.899948787450944
-0.3746999999999999,-8.792430728661204
-0.37370000000000003,-8.68774209247119
-0.3726999999999999,-8.585882878880907
-0.37170000000000003,-8.482608953990761
-0.3706999999999999,-8.383579163000208
-0.36970000000000003,-8.28313466070979
-0.3686999999999999,-8.182690158419373
-0.3677,-8.090733923928145
-0.3666999999999999,-7.993118844237457
-0.3657,-7.896918475846635
-0.3646999999999999,-7.813450509154598
-0.3637,-7.717250140763775
-0.3626999999999999,-7.6267086175724135
-0.3617,-7.53616709438105
-0.36070000000000013,-7.445625571189688
-0.3597,-7.35649875929819
-0.35870000000000013,-7.268786658706559
-0.3577,-7.179659846815062
-0.35670000000000013,-7.091947746223429
-0.3557,-7.004235645631797
-0.3547000000000001,-6.917938256340029
-0.3537,-6.831640867048262
-0.3527000000000001,-6.74958761165609
-0.3517,-6.666119644964053
-0.3507000000000001,-6.585481100871745
-0.3497,-6.500598422879844
-0.3487000000000001,-6.414301033588076
-0.3477,-6.332247778195904
-0.3467000000000001,-6.257268079303058
-0.3457,-6.182288380410211
-0.3447000000000001,-6.100235125018038
-0.3437,-6.025255426125191
-0.3427000000000001,-5.948861015932479
-0.3417,-5.866807760540307
-0.3407000000000001,-5.79465748424719
-0.3397,-5.716848362754614
-0.3387000000000001,-5.644698086461496
-0.3377,-5.5739625214682444
-0.3367000000000001,-5.5003975338752635
-0.3357,-5.431076680181876
-0.3347000000000001,-5.358926403888759
-0.3337,-5.286776127595641
-0.3327000000000001,-5.216040562602391
-0.3317,-5.143890286309273
-0.3307000000000001,-5.080228277815347
-0.3297,-5.012322135421825
-0.3287000000000001,-4.943001281728439
-0.3277,-4.879339273234511
-0.3267000000000001,-4.811433130840991
-0.3257,-4.744941699747333
-0.3247000000000001,-4.682694402553271
-0.3237,-4.61761768275948
-0.3227000000000001,-4.553955674265553
-0.3217,-4.490293665771627
-0.3207000000000001,-4.428046368577565
-0.3197,-4.368628493983234
-0.3187000000000001,-4.307795908089036
-0.3177,-4.24696332219484
-0.3167000000000001,-4.1889601589003735
-0.3157,-4.126712861706312
-0.3147000000000001,-4.0715391210115754
-0.3137,-4.01636538031684
-0.3127000000000001,-3.9555327944226426
-0.3117,-3.9003590537279056
-0.3107000000000001,-3.8437706017333046
-0.3097,-3.7871821497387033
-0.3087000000000001,-3.734837831643697
-0.3077,-3.67683466834923
-0.3067000000000001,-3.6244903502542236
-0.30569999999999997,-3.569316609559488
-0.3047000000000001,-3.515557580164616
-0.30369999999999997,-3.4660426846693397
-0.3027000000000001,-3.412283655274469
-0.30169999999999997,-3.359939337179462
-0.3007000000000001,-3.310424441684186
-0.29969999999999997,-3.2580801235891794
-0.2987000000000001,-3.2099799393937682
-0.29769999999999996,-3.160465043898492
-0.2967000000000001,-3.1095354371033506
-0.29569999999999996,-3.0628499642078046
-0.2947000000000001,-3.0147497800123935
-0.29369999999999996,-2.965234884517117
-0.29270000000000007,-2.9213788342213007
-0.29169999999999996,-2.8732786500258896
-0.29070000000000007,-2.8280078884302084
-0.28969999999999996,-2.7827371268345273
-0.28870000000000007,-2.7360516539389814
-0.28769999999999996,-2.69361031494303
-0.28670000000000007,-2.648339553347349
-0.28569999999999995,-2.6044835030515325
-0.28470000000000006,-2.5606274527557162
-0.28369999999999995,-2.5196008250596305
-0.28270000000000006,-2.4785741973635442
-0.28169999999999995,-2.436132858367593
-0.28070000000000006,-2.392276808071777
-0.27969999999999995,-2.352664891675556
-0.27870000000000006,-2.3130529752793345
-0.27769999999999995,-2.2706116362833835
-0.27670000000000006,-2.2324144311870278
-0.27569999999999995,-2.1913878034909415
-0.27470000000000006,-2.1546053096944506
-0.27369999999999994,-2.116408104598095
-0.27270000000000005,-2.0782108995017388
-0.27169999999999994,-2.0414284057052483
-0.27070000000000005,-2.0032312006088917
-0.26969999999999994,-1.967863418112266
-0.26870000000000005,-1.9324956356156402
-0.26769999999999994,-1.894298430519284
-0.26670000000000005,-1.8589306480226582
-0.26569999999999994,-1.8263922881257622
-0.26470000000000005,-1.7910245056291363
-0.26369999999999993,-1.7599008570321055
-0.26270000000000004,-1.7259477858353447
-0.26169999999999993,-1.690580003338719
-0.26070000000000004,-1.660871066041553
-0.25969999999999993,-1.626917994844792
-0.25870000000000004,-1.5957943462477613
-0.25769999999999993,-1.5660854089505953
-0.25670000000000004,-1.5335470490536998
-0.2556999999999999,-1.5038381117565338
-0.25470000000000004,-1.4741291744593683
-0.2536999999999999,-1.4430055258623373
-0.25270000000000004,-1.4142868864750773
-0.2516999999999999,-1.383304709008033
-0.25070000000000003,-1.3568496077005565
-0.24969999999999992,-1.3274236126633638
-0.24870000000000003,-1.2988464444060903
-0.24769999999999992,-1.273240169878533
-0.24670000000000003,-1.245087415011219
-0.24569999999999992,-1.2173590735338642
-0.24470000000000003,-1.1924601546562394
-0.24369999999999992,-1.1641659286589385
-0.24270000000000003,-1.139549952041287
-0.24169999999999991,-1.1140851486437164
-0.24070000000000003,-1.0879129895962132
-0.2396999999999999,-1.0641458397584806
-0.23870000000000002,-1.0391054497508694
-0.2376999999999999,-1.01562124217311
-0.23670000000000002,-0.9914296789454178
-0.23570000000000013,-0.967662529107685
-0.23470000000000002,-0.9451686194398311
-0.23370000000000013,-0.9236650076818825
-0.23270000000000002,-0.9001808001041228
-0.23170000000000013,-0.8798089573860663
-0.23070000000000002,-0.8573150477182123
-0.22970000000000013,-0.8358114359602636
-0.22870000000000001,-0.8158640066321667
-0.22770000000000012,-0.793228625834326
-0.2267,-0.773847081026175
-0.22570000000000012,-0.7541825939580511
-0.2247,-0.733386337850035
-0.22370000000000012,-0.7149950909517896
-0.2227,-0.6963209017935711
-0.22170000000000012,-0.6753831745555685
-0.2207,-0.6591139946071205
-0.21970000000000012,-0.6405812765788885
-0.2187,-0.6243120966304406
-0.21770000000000012,-0.6053549652122492
-0.2167,-0.5868222471840172
-0.2157000000000001,-0.5685724714157583
-0.2147,-0.5542838872871214
-0.2137000000000001,-0.5361755826488489
-0.2127,-0.521321114000266
-0.2117000000000001,-0.504203107271899
-0.2107,-0.4900559942732487
-0.2097000000000001,-0.47421122771476026
-0.2087,-0.4573761632463663
-0.2077000000000001,-0.444360819287608
-0.2067,-0.43049664854893066
-0.2057000000000001,-0.41366158408053677
-0.2047,-0.40121212464172434
-0.2037000000000001,-0.38536735808323597
-0.2027,-0.37362525429435617
-0.2017000000000001,-0.3589122567757598
-0.2007,-0.34448220151713643
-0.1997000000000001,-0.33373039563816215
-0.1987,-0.32099799393937684
-0.1977000000000001,-0.30685088094072643
-0.19669999999999999,-0.2959576039317657
-0.1957000000000001,-0.2816690198031288
-0.19469999999999998,-0.27148309844410057
-0.1937000000000001,-0.25931658126526125
-0.19269999999999998,-0.2468671218264489
-0.1917000000000001,-0.2365397293374341
-0.1907000000000001,-0.22522203893851384
-0.1897000000000002,-0.21362140627962053
-0.1887000000000001,-0.2037184271805653
-0.1877000000000002,-0.19155191000172597
-0.1867000000000001,-0.18334658446250876
-0.1857000000000002,-0.17358507649344
-0.1847000000000001,-0.16141855931460067
-0.1837000000000002,-0.15349617603535648
-0.18270000000000008,-0.1434517258063147
-0.1817000000000002,-0.13245941900636338
-0.18070000000000008,-0.12452288861412053
-0.1797000000000002,-0.11437940859408821
-0.17870000000000008,-0.10652776087983726
-0.1777000000000002,-0.09861952471359171
-0.17670000000000008,-0.08735842276666603
-0.1757000000000002,-0.08048292584932194
-0.17470000000000008,-0.07178245135515196
-0.1737000000000002,-0.06186532514309807
-0.17270000000000008,-0.05657430488160282
-0.17170000000000019,-0.046614737330552956
-0.17070000000000007,-0.03893285497228581
-0.16970000000000018,-0.0326090954618891
-0.16870000000000007,-0.022564645232847336
-0.16770000000000018,-0.017938539282288665
-0.16670000000000007,-0.009628525106881438
-0.16570000000000018,-0.0011696833027284124
-0.16470000000000007,0.0072744455039060185
-0.16370000000000018,0.012746548811783982
-0.16270000000000007,0.017938539282288665
-0.16170000000000018,0.02467256506964624
-0.16070000000000007,0.03359939337179463
-0.15970000000000018,0.03770205614140323
-0.15870000000000006,0.0442946107987743
-0.15770000000000017,0.051651109558072485
-0.15670000000000006,0.05685724714157582
-0.15570000000000017,0.06286977016600223
-0.15470000000000006,0.06871252783444483
-0.15370000000000017,0.07421575479091982
-0.15270000000000006,0.08027071915434218
-0.15170000000000017,0.0864813017607497
-0.15070000000000006,0.09103667214631511
-0.14970000000000017,0.09738872588270912
-0.14870000000000005,0.10147724153931909
-0.14770000000000016,0.10736244054675763
-0.14670000000000005,0.11275249059924342
-0.14570000000000016,0.11708150717683044
-0.14470000000000005,0.12231593898633109
-0.14370000000000016,0.12634786619094643
-0.14270000000000005,0.13122862017548081
-0.14170000000000016,0.1379909401888357
-0.14070000000000005,0.14065059743258196
-0.13970000000000016,0.14599820614607179
-0.13870000000000005,0.1498179266557074
-0.13770000000000016,0.15547677185516753
-0.13670000000000004,0.15901355010483012
-0.13570000000000015,0.16368209739438472
-0.13470000000000004,0.1667944622540878
-0.13370000000000015,0.17217036519357498
-0.13270000000000004,0.17542420118326454
-0.13170000000000015,0.1805171618627787
-0.13070000000000004,0.18377099785246825
-0.12970000000000015,0.18688336271217135
-0.12870000000000004,0.192966621301591
-0.12770000000000015,0.19409839034148305
-0.12670000000000003,0.19933282215098366
-0.12570000000000014,0.20329401379060577
-0.12470000000000003,0.20569902300037635
-0.12370000000000014,0.21135786819983648
-0.12270000000000003,0.21248963723972852
-0.12170000000000014,0.21659230000933713
-0.12070000000000003,0.22097790503891873
-0.11970000000000014,0.2232414431187028
-0.11870000000000003,0.22635380797840585
-0.11770000000000014,0.23017352848804143
-0.11670000000000003,0.23328589334774452
-0.11570000000000014,0.23753002724733965
-0.11470000000000002,0.2393691519371642
-0.11370000000000013,0.24304740131681332
-0.11270000000000002,0.24700859295643537
-0.11170000000000013,0.24898918877624646
-0.11070000000000024,0.2521015536359495
-0.10970000000000013,0.2554968607556256
-0.10870000000000024,0.2581848122253692
-0.10770000000000013,0.2610142348250993
-0.10670000000000024,0.2628533595149239
-0.10570000000000013,0.26738043567449193
-0.10470000000000024,0.27134162731411404
-0.10370000000000013,0.2724733963540061
-0.10270000000000024,0.27431252104383064
-0.10170000000000012,0.27898106833338526
-0.10070000000000023,0.2806787218932233
-0.09970000000000012,0.2843569712728724
-0.09870000000000023,0.2856302114427509
-0.09770000000000012,0.287893749522535
-0.09670000000000023,0.2924208256821031
-0.09570000000000012,0.29369406585198166
-0.09470000000000023,0.2959576039317657
-0.09370000000000012,0.3004846800913338
-0.09270000000000023,0.30105056461127977
-0.09170000000000011,0.3044458717309559
-0.09070000000000022,0.30543616964086145
-0.08970000000000011,0.308690005630551
-0.08870000000000022,0.3122267838802136
-0.08770000000000011,0.3127926684001596
-0.08670000000000022,0.3156220909998897
-0.08570000000000011,0.31986622489948474
-0.08470000000000022,0.32000769602947127
-0.08370000000000011,0.3234030031491474
-0.08270000000000022,0.3239688876690934
-0.0817000000000001,0.3279300793087155
-0.08070000000000022,0.3311839152984051
-0.0797000000000001,0.3311839152984051
-0.07870000000000021,0.33373039563816215
-0.0777000000000001,0.33769158727778426
-0.07670000000000021,0.3388233563176763
-0.0757000000000001,0.3416527789174064
-0.07470000000000021,0.3432089613472579
-0.0737000000000001,0.3456139705570285
-0.07270000000000021,0.347453095246853
-0.0717000000000001,0.34872633541673154
-0.07070000000000021,0.35169722914644813
-0.0697000000000001,0.3548095940061512
-0.0687000000000002,0.35565842078607024
-0.0677000000000001,0.3589122567757598
-0.0667000000000002,0.36018549694563834
-0.06570000000000009,0.36216609276544937
-0.0647000000000002,0.365702871015112
-0.06370000000000009,0.366551697795031
-0.0627000000000002,0.3689567070048016
-0.06170000000000009,0.3724934852544642
-0.0607000000000002,0.3730593697744102
-0.059700000000000086,0.3753229078541942
-0.058700000000000196,0.37659614802407276
-0.057700000000000085,0.37914262836382984
-0.056700000000000195,0.38168910870358685
-0.05570000000000008,0.3828208777434789
-0.05470000000000019,0.38565030034320896
-0.05370000000000008,0.38833825181295256
-0.05270000000000019,0.3887626652029121
-0.05170000000000008,0.39244091458256114
-0.05070000000000019,0.39314827023249366
-0.04970000000000008,0.3949873949223182
-0.04870000000000019,0.3989485865619403
-0.047700000000000076,0.3990900576919268
-0.046700000000000186,0.4024853648116029
-0.045700000000000074,0.40432448950142746
-0.044700000000000184,0.40573920080129255
-0.04370000000000007,0.4080027388810766
-0.04270000000000018,0.40970039244091466
-0.04170000000000007,0.4121054016506852
-0.04070000000000018,0.4157836510303343
-0.03970000000000007,0.4152177665103883
-0.03870000000000018,0.41833013137009134
-0.03770000000000007,0.4194619004099834
-0.03670000000000018,0.4218669096197539
-0.035700000000000065,0.4254036878694165
-0.034700000000000175,0.42568663012938956
-0.03370000000000006,0.42780869707918706
-0.03270000000000017,0.4310625330688767
-0.03170000000000006,0.4319113598487957
-0.03070000000000017,0.4338919556686068
-0.02970000000000006,0.43742873391826936
-0.02870000000000017,0.4371457916582963
-0.027700000000000058,0.44153139668787794
-0.026700000000000168,0.44238022346779693
-0.025700000000000056,0.44450229041759454
-0.024700000000000166,0.4483220109272302
-0.023700000000000054,0.44775612640728407
-0.022700000000000164,0.4498781933570817
-0.021700000000000053,0.4535564427367308
-0.020700000000000163,0.45341497160674427
-0.01970000000000005,0.4573761632463663
-0.01870000000000016,0.45879087454623135
-0.01770000000000005,0.4606299992360559
-0.01670000000000016,0.46529854652561053
-0.015700000000000047,0.46473266200566454
-0.014700000000000157,0.4672791423454216
-0.013700000000000045,0.4706744494650977
-0.012700000000000156,0.4715232762450167
-0.011700000000000044,0.4744941699747333
-0.010700000000000154,0.47661623692453087
-0.009700000000000042,0.4773235925744634
-0.008700000000000152,0.48227508212399106
-0.00770000000000004,0.4829824377739235
-0.00670000000000015,0.48496303359373455
-0.005700000000000038,0.48835834071341067
-0.0047000000000001485,0.49033893653322164
-0.0037000000000000366,0.49316835913295176
-0.0027000000000001467,0.4928854168729787
-0.0017000000000000348,0.4965636662526278
-0.000700000000000145,0.5001004445022904
0.00029999999999996696,0.501090742412196
0.0012999999999998568,0.50335428049198
0.0022999999999999687,0.5066081164816696
0.0032999999999998586,0.5073154721316021
0.0042999999999999705,0.5112766637712243
0.00529999999999986,0.5128328462010757
0.006299999999999972,0.5148134420208869
0.007299999999999862,0.518208749140563
0.008299999999999974,0.5194819893104415
0.009299999999999864,0.5225943541701447
0.010299999999999976,0.5254237767698746
0.011299999999999866,0.5271214303297127
0.012299999999999978,0.5312240930993213
0.013299999999999867,0.27445399217381716
0.012299999999999978,0.16764328903400685
0.011299999999999866,0.13651964043697606
0.010299999999999976,0.11585070834594786
0.009299999999999864,0.09758678546469024
0.008299999999999974,0.08133175262924096
0.007299999999999862,0.06811834908850152
0.006299999999999972,0.054268325462822814
0.00529999999999986,0.04478975975372706
0.0042999999999999705,0.03323156843382971
0.0032999999999998586,0.0232295595437839
0.0022999999999999687,0.015080822456561293
0.0012999999999998568,0.005361755826488489
0.00029999999999996696,-0.001615600304445872
-0.000700000000000145,-0.010381151518409638
-0.0017000000000000348,-0.018065863299276518
-0.0027000000000001467,-0.023215412430785252
-0.0037000000000000366,-0.02973723152316307
-0.0047000000000001485,-0.03713617162145721
-0.005700000000000038,-0.042780869707918716
-0.00670000000000015,-0.049472454156280335
-0.00770000000000004,-0.05360341115188624
-0.008700000000000152,-0.05903590254336798
-0.009700000000000042,-0.06485036598581327
-0.010700000000000154,-0.06992917955232876
-0.011700000000000044,-0.0730556915250305
-0.012700000000000156,-0.07957751061740831
-0.013700000000000045,-0.08188349003618833
-0.014700000000000157,-0.0874433054446579
-0.015700000000000047,-0.09144693842327598
-0.01670000000000016,-0.09438953792699524
-0.01770000000000005,-0.09888831986056607
-0.01870000000000016,-0.10205727317226375
-0.01970000000000005,-0.10458960639902216
-0.020700000000000163,-0.11080018900542968
-0.021700000000000053,-0.11132363218637975
-0.022700000000000164,-0.1157799727809546
-0.023700000000000054,-0.11935919236961315
-0.024700000000000166,-0.12213202651734863
-0.025700000000000056,-0.1262629835129545
-0.026700000000000168,-0.12762110636082497
-0.027700000000000058,-0.13062029431653882
-0.02870000000000017,-0.13364777649825
-0.02970000000000006,-0.13674599424495446
-0.03070000000000017,-0.14031106672061433
-0.03170000000000006,-0.14175407224647668
-0.03270000000000017,-0.14472496597619325
-0.03370000000000006,-0.14755438857592332
-0.034700000000000175,-0.1499593977856939
-0.035700000000000065,-0.15278882038542396
-0.03670000000000018,-0.15590118524512703
-0.03770000000000007,-0.15660854089505957
-0.03870000000000018,-0.16000384801473563
-0.03970000000000007,-0.1625503283544927
-0.04070000000000018,-0.16438945304431726
-0.04170000000000007,-0.16778476016399335
-0.04270000000000018,-0.16778476016399335
-0.04370000000000007,-0.17146300954364244
-0.044700000000000184,-0.17400948988339954
-0.045700000000000074,-0.17528273005327805
-0.046700000000000186,-0.17797068152302162
-0.047700000000000076,-0.17896097943292713
-0.04870000000000019,-0.18136598864269768
-0.04970000000000008,-0.1849027668923603
-0.05070000000000019,-0.1861760070622388
-0.05170000000000008,-0.18815660288204988
-0.05270000000000019,-0.19042014096183393
-0.05370000000000008,-0.19126896774175295
-0.05470000000000019,-0.19395691921149652
-0.05570000000000008,-0.19678634181122662
-0.056700000000000195,-0.1973522263311726
-0.057700000000000085,-0.20046459119087567
-0.058700000000000196,-0.20202077362072723
-0.059700000000000086,-0.20343548492059227
-0.0607000000000002,-0.20683079204026839
-0.06170000000000009,-0.2088113878600794
-0.0627000000000002,-0.20980168576998495
-0.06370000000000009,-0.21121639706985
-0.0647000000000002,-0.21319699288966104
-0.06570000000000009,-0.21630935774936413
-0.0667000000000002,-0.21630935774936413
-0.0677000000000001,-0.21828995356917516
-0.0687000000000002,-0.22182673181883775
-0.0697000000000001,-0.22239261633878374
-0.07070000000000021,-0.2250805678085273
-0.0717000000000001,-0.22621233684841938
-0.07270000000000021,-0.2279099904082574
-0.0737000000000001,-0.2307394130079875
-0.07470000000000021,-0.23158823978790652
-0.0757000000000001,-0.23413472012766354
-0.07670000000000021,-0.2359738448174881
-0.0777000000000001,-0.23668120046742064
-0.07870000000000021,-0.2388032674172182
-0.0797000000000001,-0.24092533436701574
-0.08070000000000022,-0.24304740131681332
-0.0817000000000001,-0.24502799713662435
-0.08270000000000022,-0.2460182950465299
-0.08370000000000011,-0.24870624651627343
-0.08470000000000022,-0.251111255726044
-0.08570000000000011,-0.252525967025909
-0.08670000000000022,-0.25394067832577405
-0.08770000000000011,-0.25563833188561214
-0.08870000000000022,-0.25691157205549064
-0.08970000000000011,-0.26058982143513976
-0.09070000000000022,-0.26002393691519377
-0.09170000000000011,-0.2622874749949778
-0.09270000000000023,-0.2649754264647214
-0.09370000000000012,-0.2661071955046134
-0.09470000000000023,-0.268229262454411
-0.09570000000000012,-0.2709172139241546
-0.09670000000000023,-0.2724733963540061
-0.09770000000000012,-0.27501987669376315
-0.09870000000000023,-0.2751613478237496
-0.09970000000000012,-0.2774248859035337
-0.10070000000000023,-0.2806787218932233
-0.10170000000000012,-0.2813860775431558
-0.10270000000000024,-0.28336667336296684
-0.10370000000000013,-0.2849228557928184
-0.10470000000000024,-0.2871863938726024
-0.10570000000000013,-0.29044022986229207
-0.10670000000000024,-0.2917134700321706
-0.10770000000000013,-0.2914305277721975
-0.10870000000000024,-0.2955331905418062
-0.10970000000000013,-0.29708937297165766
-0.11070000000000024,-0.2999187955713878
-0.11170000000000013,-0.3007676223513068
-0.11270000000000002,-0.3016164491312258
-0.11370000000000013,-0.30571911190083445
-0.11470000000000002,-0.30571911190083445
-0.11570000000000014,-0.308690005630551
-0.11670000000000003,-0.3110950148403216
-0.11770000000000014,-0.3122267838802136
-0.11870000000000003,-0.31632944664982215
-0.11970000000000014,-0.3161879755198357
-0.12070000000000003,-0.3176026868197007
-0.12170000000000014,-0.3217053495893093
-0.12270000000000003,-0.32283711862920134
-0.12370000000000014,-0.3248177144490124
-0.12470000000000003,-0.32778860817872896
-0.12570000000000014,-0.3279300793087155
-0.12670000000000003,-0.33288156885824316
-0.12770000000000015,-0.3333059822482026
-0.12870000000000004,-0.3348621646780542
-0.12970000000000015,-0.34009659648755486
-0.13070000000000004,-0.34023806761754133
-0.13170000000000015,-0.3420771923073659
-0.13270000000000004,-0.3458969128170015
-0.13370000000000015,-0.346321326206961
-0.13470000000000004,-0.3495751621966506
-0.13570000000000015,-0.35268752705635364
-0.13670000000000004,-0.3542437094862052
-0.13770000000000016,-0.3577804877358678
-0.13870000000000005,-0.35933667016571935
-0.13970000000000016,-0.3611757948555439
-0.14070000000000005,-0.36513698649516596
-0.14170000000000016,-0.366268755535058
-0.14270000000000005,-0.3698055337847206
-0.14370000000000016,-0.3720690718645046
-0.14470000000000005,-0.3737667254243427
-0.14570000000000016,-0.37829380158391085
-0.14670000000000005,-0.38013292627373535
-0.14770000000000016,-0.38197205096355985
-0.14870000000000005,-0.3874894250330335
-0.14970000000000017,-0.3884797229429391
-0.15070000000000006,-0.3917335589326287
-0.15170000000000017,-0.39555327944226426
-0.15270000000000006,-0.3985241731719808
-0.15370000000000017,-0.4019194802916569
-0.15470000000000006,-0.40290977820156243
-0.15570000000000017,-0.4075783254911171
-0.15670000000000006,-0.4119639305206987
-0.15770000000000017,-0.41422746860048276
-0.15870000000000006,-0.41833013137009134
-0.15970000000000018,-0.42158396735978093
-0.16070000000000007,-0.42469633221948405
-0.16170000000000018,-0.4296478217690116
-0.16270000000000007,-0.4321943021087687
-0.16370000000000018,-0.43728726278828284
-0.16470000000000007,-0.442097281207824
-0.16570000000000018,-0.44407787702763507
-0.16670000000000007,-0.4484634820572166
-0.16770000000000018,-0.4527076159568117
-0.16870000000000007,-0.45666880759643386
-0.16970000000000018,-0.46246912392588047
-0.17070000000000007,-0.4650156042656376
-0.17170000000000019,-0.47025003607513816
-0.17270000000000008,-0.47548446788463883
-0.1737000000000002,-0.48001154404420693
-0.17470000000000008,-0.4852459758537076
-0.1757000000000002,-0.4896315808832892
-0.17670000000000008,-0.49387571478288433
-0.1777000000000002,-0.5002419156322769
-0.17870000000000008,-0.5043445784018855
-0.1797000000000002,-0.5107107792512783
-0.18070000000000008,-0.5163696244507384
-0.1817000000000002,-0.521038171740293
-0.18270000000000008,-0.5264140746797802
-0.1837000000000002,-0.5337705734390784
-0.1847000000000001,-0.5399953031584845
-0.1857000000000002,-0.5457956194879312
-0.1867000000000001,-0.5510300512974318
-0.1877000000000002,-0.556688896496892
-0.1887000000000001,-0.5653186354260686
-0.1897000000000002,-0.5705530672355693
-0.1907000000000001,-0.578051037124854
-0.1917000000000001,-0.5839928245842871
-0.19269999999999998,-0.5919152078635314
-0.1937000000000001,-0.600262004532735
-0.19469999999999998,-0.6045061384323301
-0.1957000000000001,-0.6129944062315204
-0.19669999999999999,-0.6230388564605621
-0.1977000000000001,-0.6281318171400763
-0.1987,-0.6388836230190506
-0.1997000000000001,-0.6456742372584027
-0.2007,-0.6537380916676334
-0.2017000000000001,-0.6626507728567832
-0.2027,-0.6700072716160814
-0.2037000000000001,-0.6796273084551637
-0.2047,-0.6888229319042865
-0.2057000000000001,-0.6977356130934361
-0.2067,-0.7074971210625048
-0.2077000000000001,-0.716551273381641
-0.2087,-0.7263127813507099
-0.2097000000000001,-0.7386207696595357
-0.2107,-0.7471090374587258
-0.2117000000000001,-0.7568705454277946
-0.2127,-0.7688955914766474
-0.2137000000000001,-0.7783741571857431
-0.2147,-0.7922383279244205
-0.2157000000000001,-0.8035560183233408
-0.2167,-0.8119028149925446
-0.21770000000000012,-0.8267572836411275
-0.2187,-0.8351040803103312
-0.21970000000000012,-0.8481194242690895
-0.2207,-0.8615591816178074
-0.22170000000000012,-0.8731598142767006
-0.2227,-0.8864581004954319
-0.22370000000000012,-0.8997563867141634
-0.2247,-0.9122058461529757
-0.22570000000000012,-0.9276261993215045
-0.2267,-0.9395097742403707
-0.22770000000000012,-0.9530910027190752
-0.22870000000000001,-0.9695016537975096
-0.22970000000000013,-0.9818096421063355
-0.23070000000000002,-0.9983617643147563
-0.23170000000000013,-1.0126503484433933
-0.23270000000000002,-1.0273633459619895
-0.23370000000000013,-1.0451887083402893
-0.23470000000000002,-1.0604675903788316
-0.23570000000000013,-1.0750391167674413
-0.23670000000000002,-1.0921571234958085
-0.2376999999999999,-1.1096995436141348
-0.23870000000000002,-1.1259687235625826
-0.2396999999999999,-1.1437940859408822
-0.24070000000000003,-1.1619023905791546
-0.24169999999999991,-1.1802936374774
-0.24270000000000003,-1.1968457596858209
-0.24369999999999992,-1.2172176024038774
-0.24470000000000003,-1.236457676082042
-0.24569999999999992,-1.2545659807203144
-0.24670000000000003,-1.274088996658452
-0.24769999999999992,-1.294602310506495
-0.24870000000000003,-1.315115624354538
-0.24969999999999992,-1.3361948227225273
-0.25070000000000003,-1.3555763675306782
-0.2516999999999999,-1.377221450418613
-0.25270000000000004,-1.3991494755665215
-0.2536999999999999,-1.420370145064497
-0.25470000000000004,-1.4430055258623373
-0.2556999999999999,-1.4642261953603128
-0.25670000000000004,-1.4868615761581534
-0.25769999999999993,-1.510911668255859
-0.25870000000000004,-1.5321323377538347
-0.25969999999999993,-1.5575971411514054
-0.26070000000000004,-1.583061944548976
-0.26169999999999993,-1.6042826140469515
-0.26270000000000004,-1.6297474174445223
-0.26369999999999993,-1.655212220842093
-0.26470000000000005,-1.6806770242396636
-0.26569999999999994,-1.7089712502369643
-0.26670000000000005,-1.7358507649344
-0.26769999999999994,-1.7613155683319706
-0.26870000000000005,-1.7896097943292715
-0.26969999999999994,-1.8164893090267071
-0.27070000000000005,-1.8447835350240078
-0.27169999999999994,-1.8716630497214433
-0.27270000000000005,-1.9013719870186092
-0.27369999999999994,-1.9324956356156402
-0.27470000000000006,-1.9607898616129409
-0.27569999999999995,-1.9919135102099716
-0.27670000000000006,-2.023037158807002
-0.27769999999999995,-2.054160807404033
-0.27870000000000006,-2.085284456001064
-0.27969999999999995,-2.116408104598095
-0.28070000000000006,-2.148946464494991
-0.28169999999999995,-2.181484824391887
-0.28270000000000006,-2.2140231842887825
-0.28369999999999995,-2.2465615441856785
-0.28470000000000006,-2.283344037982169
-0.28569999999999995,-2.3158823978790646
-0.28670000000000007,-2.352664891675556
-0.28769999999999996,-2.388032674172182
-0.28870000000000007,-2.4234004566688077
-0.28969999999999996,-2.461597661765164
-0.29070000000000007,-2.4955507329619246
-0.29169999999999996,-2.5351626493581456
-0.29270000000000007,-2.5719451431546365
-0.29369999999999996,-2.6087276369511274
-0.2947000000000001,-2.6497542646472136
-0.29569999999999996,-2.6865367584437045
-0.2967000000000001,-2.7261486748399255
-0.29769999999999996,-2.767175302536012
-0.2987000000000001,-2.8067872189322327
-0.29969999999999997,-2.846399135328454
-0.3007000000000001,-2.888840474324405
-0.30169999999999997,-2.9298671020204905
-0.3027000000000001,-2.973723152316307
-0.30369999999999997,-3.0161644913122583
-0.3047000000000001,-3.0600205416080746
-0.30569999999999997,-3.1038765919038904
-0.3067000000000001,-3.1477326421997063
-0.3077,-3.193003403795388
-0.3087000000000001,-3.238274165391069
-0.3097,-3.2849596382866153
-0.3107000000000001,-3.3330598224820265
-0.3117,-3.3755011614779775
-0.3127000000000001,-3.4250160569732535
-0.3137,-3.473116241168665
-0.3147000000000001,-3.5212164253640763
-0.3157,-3.5707313208593527
-0.3167000000000001,-3.6202462163546287
-0.3177,-3.669761111849905
-0.3187000000000001,-3.7206907186450464
-0.3197,-3.7716203254401877
-0.3207000000000001,-3.823964643535194
-0.3217,-3.8763089616302007
-0.3227000000000001,-3.927238568425342
-0.3237,-3.9809975978202137
-0.3247000000000001,-4.03617133851495
-0.3257,-4.088515656609956
-0.3267000000000001,-4.145104108604558
-0.3277,-4.200277849299294
-0.3287000000000001,-4.25545158999403
-0.3297,-4.313454753288497
-0.3307000000000001,-4.3728726278828285
-0.3317,-4.430875791177296
-0.3327000000000001,-4.488878954471762
-0.3337,-4.546882117766228
-0.3347000000000001,-4.6091294149602895
-0.3357,-4.668547289554621
-0.3367000000000001,-4.729379875448817
-0.3377,-4.790212461343015
-0.3387000000000001,-4.85387446983694
-0.3397,-4.9175364783308675
-0.3407000000000001,-4.981198486824794
-0.3417,-5.046275206618586
-0.3427000000000001,-5.111351926412377
-0.3437,-5.177843357506034
-0.3447000000000001,-5.2457494998995555
-0.3457,-5.310826219693348
-0.3467000000000001,-5.3759029394871405
-0.3477,-5.443809081880661
-0.3487000000000001,-5.515959358173778
-0.3497,-5.5838655005673
-0.3507000000000001,-5.657430488160282
-0.3517,-5.728166053153534
-0.3527000000000001,-5.80031632944665
-0.3537,-5.872466605739767
-0.3547000000000001,-5.94603159333275
-0.3557,-6.023840714825327
-0.35670000000000013,-6.098820413718173
-0.3577,-6.17380011261102
-0.35870000000000013,-6.254438656703328
-0.3597,-6.32517422169658
-0.36070000000000013,-6.400153920589426
-0.3617,-6.483621887281464
-0.3626999999999999,-6.56143100877404
-0.3637,-6.646313686765942
-0.3646999999999999,-6.7283669421581145
-0.3657,-6.809005486250422
-0.3666999999999999,-6.893888164242324
-0.3677,-6.980185553534091
-0.3686999999999999,-7.065068231525992
-0.36970000000000003,-7.152780332117626
-0.3706999999999999,-7.2390777214093935
-0.37170000000000003,-7.329619244600755
-0.3726999999999999,-7.420160767792117
-0.37370000000000003,-7.506458157083885
-0.3746999999999999,-7.599829102874978
-0.37570000000000003,-7.69037062606634
-0.3766999999999999,-7.7837415718574325
-0.37770000000000004,-7.878527228948389
-0.3786999999999999,-7.971898174739481
-0.37970000000000004,-8.070927965730034
-0.3806999999999999,-8.181275447119509
-0.38170000000000004,-8.26615812511141
-0.38269999999999993,-8.365187916101961
-0.38370000000000004,-8.46280299579265
-0.38469999999999993,-8.566076920682798
-0.38570000000000004,-8.672180268172674
-0.38669999999999993,-8.772624770463093
-0.38770000000000004,-8.874483984053375
-0.38869999999999993,-8.982002042843117
-0.38970000000000005,-9.085275967733265
-0.39069999999999994,-9.197038160422604
-0.39170000000000005,-9.307385641812077
-0.39269999999999994,-9.42056254580128
-0.39370000000000005,-9.533739449790483
-0.39469999999999994,-9.644086931179956
-0.39570000000000005,-9.762922680368618
-0.39669999999999994,-9.880343718257414
-0.39770000000000005,-9.99635004484635
-0.39869999999999994,-10.113771082735147
-0.39970000000000006,-10.234021543223676
-0.40069999999999995,-10.355686715012068
-0.40170000000000006,-10.478766598100327
-0.40269999999999995,-10.60043176988872
-0.40370000000000006,-10.723511652976978
-0.40469999999999995,-10.849420958664966
-0.40570000000000006,-10.97957439825255
-0.40669999999999995,-11.118216105639322
-0.40770000000000006,-11.252613679126501
-0.40869999999999995,-11.38418183001395
-0.40970000000000006,-11.521408826100858
-0.41069999999999995,-11.654391688288172
-0.41170000000000007,-11.798692240874407
-0.41269999999999996,-11.937333948261179
-0.41370000000000007,-12.080219789547549
-0.41469999999999996,-12.223105630833915
-0.41570000000000007,-12.368820894720015
-0.41669999999999996,-12.517365581205844
-0.41770000000000007,-12.668739690291403
-0.41869999999999996,-12.817284376777232
-0.4197000000000001,-12.975732042362116
-0.42069999999999996,-13.134179707947
-0.4217000000000001,-13.298286218731345
-0.42269999999999996,-13.449660327816902
-0.4237000000000001,-13.618010972500844
-0.42469999999999997,-13.783532194585053
-0.4257000000000001,-13.947638705369396
-0.42669999999999997,-14.120233483952932
-0.4277000000000001,-14.288584128636872
-0.42869999999999997,-14.472496597619326
-0.4297000000000001,-14.642261953603128
-0.43069999999999997,-14.812027309586934
-0.4317000000000001,-14.995939778569388
-0.4327,-15.179852247551842
-0.4337000000000001,-15.349617603535648
-0.4347,-15.547677185516752
-0.4357000000000001,-15.731589654499205
-0.4367,-15.929649236480316
-0.4377000000000001,-16.11356170546277
-0.4387,-16.325768400442524
-0.4397000000000001,-16.50968086942498
-0.4407,-16.721887564404735
-0.4417000000000001,-16.919947146385837
-0.4427,-17.132153841365596
-0.4437000000000001,-17.34436053634535
-0.4447,-17.556567231325104
-0.4457000000000001,-17.76877392630486
-0.4467,-17.980980621284615
-0.4477000000000001,-18.19318731626437
-0.4487,-18.419541124242777
-0.4497000000000001,-18.645894932221182
-0.4507,-18.872248740199588
-0.4517000000000001,-19.112749661176647
-0.4527,-19.339103469155052
-0.4537000000000001,-19.579604390132108
-0.4547,-19.820105311109163
-0.4557000000000001,-20.06060623208622
-0.4567,-20.315254266061928
-0.4577000000000001,-20.569902300037633
-0.4587,-20.810403221014692
-0.4597000000000001,-21.079198367989047
-0.4607,-21.333846401964752
-0.4617000000000001,-21.602641548939108
-0.4627,-21.871436695913467
-0.4637000000000001,-22.140231842887825
-0.4647,-22.40902698986218
-0.4657000000000001,-22.691969249835186
-0.4667,-22.960764396809545
-0.4677000000000001,-23.24370665678255
-0.4687,-23.526648916755562
-0.4697000000000001,-23.823738289727217
-0.4707,-24.134974775697525
-0.4717000000000001,-24.432064148669184
-0.4727,-24.729153521640843
-0.4737000000000001,-25.026242894612498
-0.4747,-25.337479380582806
-0.4757000000000001,-25.648715866553115
-0.4767,-25.974099465522073
-0.4777000000000001,-26.29948306449103
-0.4787,-26.62486666345999
-0.4797000000000001,-26.95025026242895
-0.4807,-27.289780974396557
-0.48170000000000013,-27.62931168636417
-0.4827,-27.968842398331773
-0.48370000000000013,-28.308373110299385
-0.4847,-28.676198048264297
-0.48570000000000013,-29.029875873230555
-0.4867,-28.944993195238652
-0.48570000000000013,-28.53472691827779
-0.4847,-28.15275486731423
-0.48370000000000013,-27.756635703352025
-0.4827,-27.36051653938981
-0.48170000000000013,-26.97854448842625
-0.4807,-26.59657243746269
-0.4797000000000001,-26.22874749949778
-0.4787,-25.86092256153287
-0.4777000000000001,-25.478950510569312
-0.4767,-25.12527268560305
-0.4757000000000001,-24.771594860636792
-0.4747,-24.40376992267188
-0.4737000000000001,-24.064239210704276
-0.4727,-23.724708498736668
-0.4717000000000001,-23.399324899767706
-0.4707,-23.059794187800097
-0.4697000000000001,-22.734410588831135
-0.4687,-22.40902698986218
-0.4677000000000001,-22.097790503891872
-0.4667,-21.786554017921564
-0.4657000000000001,-21.489464644949905
-0.4647,-21.1782281589796
-0.4637000000000001,-20.881138786007945
-0.4627,-20.598196526034933
-0.4617000000000001,-20.315254266061928
-0.4607,-20.01816489309027
-0.4597000000000001,-19.749369746115914
-0.4587,-19.480574599141555
-0.4577000000000001,-19.211779452167196
-0.4567,-18.94298430519284
-0.4557000000000001,-18.702483384215785
-0.4547,-18.433688237241427
-0.4537000000000001,-18.17904020326572
-0.4527,-17.924392169290012
-0.4517000000000001,-17.683891248312957
-0.4507,-17.45753744033455
-0.4497000000000001,-17.231183632356142
-0.4487,-16.99068271137909
-0.4477000000000001,-16.764328903400685
-0.4467,-16.53797509542228
-0.4457000000000001,-16.325768400442524
-0.4447,-16.11356170546277
-0.4437000000000001,-15.901355010483012
-0.4427,-15.70329542850191
-0.4417000000000001,-15.491088733522153
-0.4407,-15.293029151541045
-0.4397000000000001,-15.080822456561293
-0.4387,-14.882762874580186
-0.4377000000000001,-14.69885040559773
-0.4367,-14.514937936615278
-0.4357000000000001,-14.316878354634172
-0.4347,-14.144283576050634
-0.4337000000000001,-13.961785818368046
-0.4327,-13.787776328484648
-0.4317000000000001,-13.615181549901113
-0.43069999999999997,-13.442586771317579
-0.4297000000000001,-13.267162570134314
-0.42869999999999997,-13.104470770649836
-0.4277000000000001,-12.94036425986549
-0.42669999999999997,-12.783331305580472
-0.4257000000000001,-12.623468928695722
-0.42469999999999997,-12.46785068571057
-0.4237000000000001,-12.317891287924875
-0.42269999999999996,-12.162273044939722
-0.4217000000000001,-12.010898935854163
-0.42069999999999996,-11.862354249368334
-0.4197000000000001,-11.716638985482234
-0.41869999999999996,-11.57516785549573
-0.41770000000000007,-11.430867302909498
-0.41669999999999996,-11.287981461623128
-0.41570000000000007,-11.154998599435814
-0.41469999999999996,-11.016356892049041
-0.41370000000000007,-10.883374029861727
-0.41269999999999996,-10.750391167674413
-0.41170000000000007,-10.62306715068656
-0.41069999999999995,-10.498572556298438
-0.40970000000000006,-10.367004405410988
-0.40869999999999995,-10.23826567712327
-0.40770000000000006,-10.115185794035014
-0.40669999999999995,-9.993520622246619
-0.40570000000000006,-9.873270161758091
-0.40469999999999995,-9.750190278669832
-0.40370000000000006,-9.63701337468063
-0.40269999999999995,-9.522421759391563
-0.40170000000000006,-9.412074278002088
-0.40069999999999995,-9.294653240113291
-0.39970000000000006,-9.184305758723816
-0.39869999999999994,-9.06971414343475
-0.39770000000000005,-8.960781373345142
-0.39669999999999994,-8.853263314555399
-0.39570000000000005,-8.742915833165926
-0.39469999999999994,-8.638227196975913
-0.39370000000000005,-8.539197405985362
-0.39269999999999994,-8.438752903694944
-0.39170000000000005,-8.341137824004257
-0.39069999999999994,-8.242108033013702
-0.38970000000000005,-8.140248819423421
-0.38869999999999993,-8.0440484510326
-0.38770000000000004,-7.946433371341912
-0.38669999999999993,-7.854477136850684
-0.38570000000000004,-7.7582767684598615
-0.38469999999999993,-7.66490582266877
-0.38370000000000004,-7.57294958817754
-0.38269999999999993,-7.4824080649861795
-0.38170000000000004,-7.389037119195086
-0.3806999999999999,-7.304154441203185
-0.37970000000000004,-7.215027629311687
-0.3786999999999999,-7.131559662619649
-0.37770000000000004,-7.045262273327882
-0.3766999999999999,-6.960379595335981
-0.37570000000000003,-6.878326339943808
-0.3746999999999999,-6.7934436619519065
-0.37370000000000003,-6.709975695259868
-0.3726999999999999,-6.629337151167562
-0.37170000000000003,-6.5515280296749845
-0.3706999999999999,-6.472304196882543
-0.36970000000000003,-6.39025094149037
-0.3686999999999999,-6.31385653129766
-0.3677,-6.237462121104946
-0.3666999999999999,-6.161067710912235
-0.3657,-6.081843878119792
-0.3646999999999999,-6.011108313126541
-0.3637,-5.936128614233694
-0.3626999999999999,-5.8682224718401725
-0.3617,-5.79465748424719
-0.36070000000000013,-5.722507207954074
-0.3597,-5.647527509061226
-0.35870000000000013,-5.576791944067974
-0.3577,-5.507471090374587
-0.35670000000000013,-5.439564947981066
-0.3557,-5.368829382987815
-0.3547000000000001,-5.300923240594293
-0.3537,-5.234431809500635
-0.3527000000000001,-5.166525667107114
-0.3517,-5.102863658613187
-0.3507000000000001,-5.03637222751953
-0.3497,-4.9698807964258735
-0.3487000000000001,-4.907633499231812
-0.3477,-4.843971490737885
-0.3467000000000001,-4.7803094822439585
-0.3457,-4.716647473750032
-0.3447000000000001,-4.652985465256107
-0.3437,-4.596397013261504
-0.3427000000000001,-4.535564427367307
-0.3417,-4.471902418873381
-0.3407000000000001,-4.413899255578914
-0.3397,-4.354481380984582
-0.3387000000000001,-4.296478217690116
-0.3377,-4.238475054395651
-0.3367000000000001,-4.180471891101184
-0.3357,-4.126712861706312
-0.3347000000000001,-4.072953832311441
-0.3337,-4.014950669016974
-0.3327000000000001,-3.9597769283222375
-0.3317,-3.9046031876275014
-0.3307000000000001,-3.852258869532495
-0.3297,-3.798499840137624
-0.3287000000000001,-3.744740810742752
-0.3277,-3.693811203947611
-0.3267000000000001,-3.641466885852605
-0.3257,-3.5877078564577327
-0.3247000000000001,-3.539607672262322
-0.3237,-3.4886780654671803
-0.3227000000000001,-3.437748458672039
-0.3217,-3.3882335631767626
-0.3207000000000001,-3.3387186676814866
-0.3197,-3.2920331947859403
-0.3187000000000001,-3.243933010590529
-0.3177,-3.1944181150952526
-0.3167000000000001,-3.1491473534995715
-0.3157,-3.0996324580042955
-0.3147000000000001,-3.055776407708479
-0.3137,-3.009090934812933
-0.3127000000000001,-2.9624054619173865
-0.3117,-2.9213788342213007
-0.3107000000000001,-2.8761080726256196
-0.3097,-2.8308373110299385
-0.3087000000000001,-2.788395972033987
-0.3077,-2.743125210438306
-0.3067000000000001,-2.70209858274222
-0.30569999999999997,-2.659657243746269
-0.3047000000000001,-2.615801193450453
-0.30369999999999997,-2.576189277054232
-0.3027000000000001,-2.5351626493581456
-0.30169999999999997,-2.49413602166206
-0.3007000000000001,-2.4559388165657037
-0.29969999999999997,-2.4134974775697526
-0.2987000000000001,-2.3753002724733965
-0.29769999999999996,-2.3356883560771755
-0.2967000000000001,-2.2974911509808194
-0.29569999999999996,-2.2621233684841937
-0.2947000000000001,-2.2225114520879723
-0.29369999999999996,-2.1857289582914814
-0.29270000000000007,-2.148946464494991
-0.29169999999999996,-2.110749259398635
-0.29070000000000007,-2.076796188201874
-0.28969999999999996,-2.0414284057052483
-0.28870000000000007,-2.004645911908757
-0.28769999999999996,-1.9706928407119961
-0.28670000000000007,-1.93532505821537
-0.28569999999999995,-1.9027866983184742
-0.28470000000000006,-1.8688336271217136
-0.28369999999999995,-1.8362952672248178
-0.28270000000000006,-1.8051716186277869
-0.28169999999999995,-1.774047970030756
-0.28070000000000006,-1.7415096101338603
-0.27969999999999995,-1.7103859615368293
-0.27870000000000006,-1.6806770242396636
-0.27769999999999995,-1.6495533756426328
-0.27670000000000006,-1.6198444383454669
-0.27569999999999995,-1.5887207897484361
-0.27470000000000006,-1.5604265637511354
-0.27369999999999994,-1.5307176264539697
-0.27270000000000005,-1.502423400456669
-0.27169999999999994,-1.4741291744593683
-0.27070000000000005,-1.4458349484620676
-0.26969999999999994,-1.4175407224647667
-0.26870000000000005,-1.3906612077673313
-0.26769999999999994,-1.3620840395100575
-0.26670000000000005,-1.3359118804625543
-0.26569999999999994,-1.310305605934997
-0.26470000000000005,-1.2824357933276558
-0.26369999999999993,-1.25838570122995
-0.26270000000000004,-1.2320720710524604
-0.26169999999999993,-1.2068902099148628
-0.26070000000000004,-1.1839718868570492
-0.25969999999999993,-1.1582241411995053
-0.25870000000000004,-1.1353058181416917
-0.25769999999999993,-1.110972783784013
-0.25670000000000004,-1.0860738649063886
-0.2556999999999999,-1.0652776087983726
-0.25470000000000004,-1.0422178146105725
-0.2536999999999999,-1.0185921359028263
-0.25270000000000004,-0.9982202931847698
-0.2516999999999999,-0.9760093257768889
-0.25070000000000003,-0.9557789541888188
-0.24969999999999992,-0.9339924001708971
-0.24870000000000003,-0.9107911348531107
-0.24769999999999992,-0.8938145992547302
-0.24670000000000003,-0.8735842276666601
-0.24569999999999992,-0.8539197405985361
-0.24470000000000003,-0.8346796669203717
-0.24369999999999992,-0.8152981221122206
-0.24270000000000003,-0.7966239329540021
-0.24169999999999991,-0.7783741571857431
-0.24070000000000003,-0.7578608433377001
-0.2396999999999999,-0.7401769520893872
-0.23870000000000002,-0.7223515897110878
-0.2376999999999999,-0.7033944582928963
-0.23670000000000002,-0.6885399896443134
-0.23570000000000013,-0.6681681469262569
-0.23470000000000002,-0.652747793757728
-0.23370000000000013,-0.6360542004193205
-0.23270000000000002,-0.618228838041021
-0.23170000000000013,-0.6036573116524112
-0.23070000000000002,-0.5872466605739768
-0.22970000000000013,-0.5697042404556503
-0.22870000000000001,-0.5554156563270134
-0.22770000000000012,-0.5394294186385385
-0.2267,-0.5257067190298478
-0.22570000000000012,-0.5111351926412377
-0.2247,-0.49529042608274926
-0.22370000000000012,-0.48199213986401795
-0.2227,-0.46812796912534066
-0.22170000000000012,-0.45242467369683875
-0.2207,-0.4412484544279049
-0.21970000000000012,-0.42554515899940304
-0.2187,-0.41408599747049624
-0.21770000000000012,-0.4010706535117379
-0.2167,-0.3872064827730605
-0.2157000000000001,-0.3720690718645046
-0.2147,-0.3620246216354629
-0.2137000000000001,-0.3497166333266371
-0.2127,-0.3385404140577033
-0.2117000000000001,-0.32623242574887745
-0.2107,-0.31519767760993017
-0.2097000000000001,-0.30487028512091535
-0.2087,-0.29058170099227854
-0.2077000000000001,-0.28223490432307485
-0.2067,-0.27148309844410057
-0.2057000000000001,-0.25974099465522077
-0.2047,-0.24997948668615194
-0.2037000000000001,-0.23908620967719119
-0.2027,-0.22904175944814942
-0.2017000000000001,-0.2189973092191077
-0.2007,-0.20923580125003893
-0.1997000000000001,-0.20004017780091618
-0.1987,-0.19027866983184744
-0.1977000000000001,-0.18094157525273818
-0.19669999999999999,-0.17358507649344
-0.1957000000000001,-0.1628332706144657
-0.19469999999999998,-0.15392058942531597
-0.1937000000000001,-0.14642261953603128
-0.19269999999999998,-0.13612352127301383
-0.1917000000000001,-0.12979976176261712
-0.1907000000000001,-0.12043437295751057
-0.1897000000000002,-0.11191781093232304
-0.1887000000000001,-0.10502816690198033
-0.1877000000000002,-0.09562033675787783
-0.1867000000000001,-0.08882972251852565
-0.1857000000000002,-0.08119028149925445
-0.1847000000000001,-0.07282933771705208
-0.1837000000000002,-0.06634995996367023
-0.18270000000000008,-0.05943202170733019
-0.1817000000000002,-0.05235846520800501
-0.18070000000000008,-0.04597811724561369
-0.1797000000000002,-0.03765961480240728
-0.17870000000000008,-0.03164709177798087
-0.1777000000000002,-0.025365773606580107
-0.17670000000000008,-0.0173019191973494
-0.1757000000000002,-0.012489071355208544
-0.17470000000000008,-0.00537024409428768
-0.1737000000000002,0.001621259149645332
-0.17270000000000008,0.007190977537213981
-0.17170000000000019,0.013011099824858742
-0.17070000000000007,0.01813659886426977
-0.16970000000000018,0.024814036199632745
-0.16870000000000007,0.03144903219599977
-0.16770000000000018,0.035565842078607024
-0.16670000000000007,0.04142274686004828
-0.16570000000000018,0.04841142068138156
-0.16470000000000007,0.0539287947508552
-0.16370000000000018,0.059248109238347745
-0.16270000000000007,0.06354883158993745
-0.16170000000000018,0.06827396733148668
-0.16070000000000007,0.07444210859889823
-0.15970000000000018,0.07802132818755676
-0.15870000000000006,0.08373676183901152
-0.15770000000000017,0.08928243013448246
-0.15670000000000006,0.0929182381751356
-0.15570000000000017,0.09823755266262815
-0.15470000000000006,0.10185921359028265
-0.15370000000000017,0.10685314447880623
-0.15270000000000006,0.11272419637324613
-0.15170000000000017,0.11551117763398025
-0.15070000000000006,0.12030704894052272
-0.14970000000000017,0.12575368744500312
-0.14870000000000005,0.12805966686378314
-0.14770000000000016,0.13421366101819604
-0.14670000000000005,0.13671770001895714
-0.14570000000000016,0.14096183391855227
-0.14470000000000005,0.14613967727605828
-0.14370000000000016,0.14868615761581536
-0.14270000000000005,0.15363764716534298
-0.14170000000000016,0.15675001202504607
-0.14070000000000005,0.16099414592464115
-0.13970000000000016,0.16523827982423628
-0.13870000000000005,0.16820917355395287
-0.13770000000000016,0.17146300954364244
-0.13670000000000004,0.17655597022315658
-0.13570000000000015,0.1783950949129811
-0.13470000000000004,0.18207334429263022
-0.13370000000000015,0.1861760070622388
-0.13270000000000004,0.18858101627200938
-0.13170000000000015,0.192400736781645
-0.13070000000000004,0.19593751503130757
-0.12970000000000015,0.19848399537106462
-0.12870000000000004,0.20286960040064628
-0.12770000000000015,0.20485019622045733
-0.12670000000000003,0.2082455033401334
-0.12570000000000014,0.212065223849769
-0.12470000000000003,0.21404581966958006
-0.12370000000000014,0.21857289582914816
-0.12270000000000003,0.21942172260906717
-0.12170000000000014,0.22409026989862182
-0.12070000000000003,0.22621233684841938
-0.11970000000000014,0.22904175944814942
-0.11870000000000003,0.231729710917893
-0.11770000000000014,0.2356909025575151
-0.11670000000000003,0.23710561385738013
-0.11570000000000014,0.24134974775697526
-0.11470000000000002,0.24318887244679982
-0.11370000000000013,0.24658417956647588
-0.11270000000000002,0.24927213103621945
-0.11170000000000013,0.25040390007611146
-0.11070000000000024,0.25394067832577405
-0.10970000000000013,0.25733598544545017
-0.10870000000000024,0.25903363900528825
-0.10770000000000013,0.2628533595149239
-0.10670000000000024,0.2628533595149239
-0.10570000000000013,0.2659657243746269
-0.10470000000000024,0.27035132940420853
-0.10370000000000013,0.27134162731411404
-0.10270000000000024,0.2740295787838576
-0.10170000000000012,0.2762931168636417
-0.10070000000000023,0.2781322415534663
-0.09970000000000012,0.28223490432307485
-0.09870000000000023,0.28322520223298037
-0.09770000000000012,0.28534726918277786
-0.09670000000000023,0.28930846082239997
-0.09570000000000012,0.289874345342346
-0.09470000000000023,0.2929867102020491
-0.09370000000000012,0.2958161328017792
-0.09270000000000023,0.29751378636161724
-0.09170000000000011,0.2993529110514418
-0.09070000000000022,0.3009090934812933
-0.08970000000000011,0.30430440060096936
-0.08870000000000022,0.3074167654606725
-0.08770000000000011,0.30897294789052404
-0.08670000000000022,0.31052913032037555
-0.08570000000000011,0.3130756106601326
-0.08470000000000022,0.3146317930899841
-0.08370000000000011,0.3184515135996197
-0.08270000000000022,0.31958328263951175
-0.0817000000000001,0.3218468207192958
-0.08070000000000022,0.3243933010590529
-0.0797000000000001,0.32623242574887745
-0.07870000000000021,0.32807155043870195
-0.0777000000000001,0.3313253864283916
-0.07670000000000021,0.3318912709483376
-0.0757000000000001,0.3354280491980002
-0.07470000000000021,0.33755011614779773
-0.0737000000000001,0.3385404140577033
-0.07270000000000021,0.34136983665743337
-0.0717000000000001,0.3430674902172714
-0.07070000000000021,0.3456139705570285
-0.0697000000000001,0.34787750863681255
-0.0687000000000002,0.3495751621966506
-0.0677000000000001,0.3522631136663941
-0.0667000000000002,0.35268752705635364
-0.06570000000000009,0.35509253626612425
-0.0647000000000002,0.3589122567757598
-0.06370000000000009,0.3589122567757598
-0.0627000000000002,0.36273197728539536
-0.06170000000000009,0.365702871015112
-0.0607000000000002,0.3658443421450985
-0.059700000000000086,0.3700884760446936
-0.058700000000000196,0.3688152358748151
-0.057700000000000085,0.3720690718645046
-0.056700000000000195,0.3747570233342482
-0.05570000000000008,0.37617173463411324
-0.05470000000000019,0.37786938819395127
-0.05370000000000008,0.3818305798335734
-0.05270000000000019,0.38197205096355985
-0.05170000000000008,0.38522588695324944
-0.05070000000000019,0.386499127123128
-0.04970000000000008,0.3887626652029121
-0.04870000000000019,0.39215797232258814
-0.047700000000000076,0.39229944345257467
-0.046700000000000186,0.3948459237923317
-0.045700000000000074,0.3979582886520348
-0.044700000000000184,0.3988071154319538
-0.04370000000000007,0.4020609514216434
-0.04270000000000018,0.40333419159152195
-0.04170000000000007,0.4054562585413195
-0.04070000000000018,0.4081442100110631
-0.03970000000000007,0.40998333470088766
-0.03870000000000018,0.4125298150406447
-0.03770000000000007,0.41422746860048276
-0.03670000000000018,0.4163495355502803
-0.035700000000000065,0.4201692560599159
-0.034700000000000175,0.4198863137999429
-0.03370000000000006,0.4231401497896325
-0.03270000000000017,0.42596957238936256
-0.03170000000000006,0.4263939857793221
-0.03070000000000017,0.4296478217690116
-0.02970000000000006,0.4333260711486608
-0.02870000000000017,0.4336090134086337
-0.027700000000000058,0.43686284939832337
-0.026700000000000168,0.43813608956820194
-0.025700000000000056,0.4399752142580264
-0.024700000000000166,0.444360819287608
-0.023700000000000054,0.44506817493754053
-0.022700000000000164,0.4470487707573516
-0.021700000000000053,0.4512929046569467
-0.020700000000000163,0.4514343757869332
-0.01970000000000005,0.45539556742655535
-0.01870000000000016,0.4569517498564068
-0.01770000000000005,0.45907381680620446
-0.01670000000000016,0.4636008929657725
-0.015700000000000047,0.46317647957581304
-0.014700000000000157,0.46657178669548904
-0.013700000000000045,0.4699670938151651
-0.012700000000000156,0.4715232762450167
-0.011700000000000044,0.4753429967546523
-0.010700000000000154,0.47675770805451734
-0.009700000000000042,0.4793041883942744
-0.008700000000000152,0.48312390890391005
-0.00770000000000004,0.4841142068138156
-0.00670000000000015,0.48637774489359964
-0.005700000000000038,0.48949010975330265
-0.0047000000000001485,0.4920365900930598
-0.0037000000000000366,0.49599778173268183
-0.0027000000000001467,0.4971295507725738
-0.0017000000000000348,0.4984027909424524
-0.000700000000000145,0.5040616361419126
0.00029999999999996696,0.5037786938819395
0.0012999999999998568,0.5075984143915752
0.0022999999999999687,0.5109937215112512
0.0032999999999998586,0.5126913750710893
0.0042999999999999705,0.5163696244507384
0.00529999999999986,0.518491691400536
0.006299999999999972,0.5211796428702795
0.007299999999999862,0.5251408345099016
0.008299999999999974,0.5264140746797802
0.009299999999999864,0.5302337951894158
0.010299999999999976,0.5337705734390784
0.011299999999999866,0.5353267558689299
0.012299999999999978,0.539005005248579
0.013299999999999867,0.2856302114427509
0.012299999999999978,0.17782921039303512
0.011299999999999866,0.14727144631595032
0.010299999999999976,0.12535756828104092
0.009299999999999864,0.10545258029193984
0.008299999999999974,0.09030102227038528
0.007299999999999862,0.07642270441870928
0.006299999999999972,0.06286977016600223
0.00529999999999986,0.05200478738303874
0.0042999999999999705,0.040729538323114406
0.0032999999999998586,0.02945428926319007
0.0022999999999999687,0.021008462802995797
0.0012999999999998568,0.01214529650934134
0.00029999999999996696,0.003771620325440188
-0.000700000000000145,-0.004003632978618054
-0.0017000000000000348,-0.012643274886893834
-0.0027000000000001467,-0.017839509491298113
-0.0037000000000000366,-0.024898918877624646
-0.0047000000000001485,-0.032184682071929586
-0.005700000000000038,-0.036923964926477454
-0.00670000000000015,-0.044421934815762155
-0.00770000000000004,-0.04852459758537076
-0.008700000000000152,-0.05421173701082821
-0.009700000000000042,-0.060974057024183084
-0.010700000000000154,-0.06578407544372422
-0.011700000000000044,-0.06895302875542189
-0.012700000000000156,-0.07540411228280645
-0.013700000000000045,-0.07820524065653922
-0.014700000000000157,-0.0829728177370844
-0.015700000000000047,-0.08783942460862013
-0.01670000000000016,-0.09042834628737315
-0.01770000000000005,-0.09611548571283059
-0.01870000000000016,-0.09846390647060656
-0.01970000000000005,-0.10174603668629344
-0.020700000000000163,-0.10565063987392094
-0.021700000000000053,-0.1094845074965552
-0.022700000000000164,-0.11265346080825286
-0.023700000000000054,-0.11610535637992356
-0.024700000000000166,-0.11829815889471437
-0.025700000000000056,-0.1239852983201718
-0.026700000000000168,-0.12489071355208542
-0.027700000000000058,-0.1279464899597939
-0.02870000000000017,-0.13161059222644436
-0.02970000000000006,-0.13354874670725947
-0.03070000000000017,-0.13705723073092474
-0.03170000000000006,-0.13941979860169937
-0.03270000000000017,-0.1423199567664227
-0.03370000000000006,-0.14500790823616627
-0.034700000000000175,-0.14642261953603128
-0.035700000000000065,-0.1499593977856939
-0.03670000000000018,-0.1540620605553025
-0.03770000000000007,-0.15392058942531597
-0.03870000000000018,-0.15731589654499206
-0.03970000000000007,-0.15929649236480314
-0.04070000000000018,-0.1618429727045602
-0.04170000000000007,-0.16481386643427676
-0.04270000000000018,-0.16509680869424978
-0.04370000000000007,-0.16792623129397988
-0.044700000000000184,-0.17188742293360199
-0.045700000000000074,-0.17245330745354798
-0.046700000000000186,-0.17457537440334553
-0.047700000000000076,-0.1772633258730891
-0.04870000000000019,-0.17797068152302162
-0.04970000000000008,-0.18136598864269768
-0.05070000000000019,-0.18292217107254924
-0.05170000000000008,-0.1849027668923603
-0.05270000000000019,-0.18759071836210386
-0.05370000000000008,-0.1890054296619689
-0.05470000000000019,-0.19098602548177993
-0.05570000000000008,-0.1931080924315775
-0.056700000000000195,-0.19409839034148305
-0.057700000000000085,-0.19791811085111863
-0.058700000000000196,-0.1974936974611591
-0.059700000000000086,-0.19989870667092968
-0.0607000000000002,-0.20216224475071373
-0.06170000000000009,-0.20569902300037635
-0.0627000000000002,-0.20683079204026839
-0.06370000000000009,-0.2066893209102819
-0.0647000000000002,-0.20838697447011992
-0.06570000000000009,-0.21277257949970152
-0.0667000000000002,-0.2119237527197825
-0.0677000000000001,-0.2153190598394586
-0.0687000000000002,-0.21744112678925615
-0.0697000000000001,-0.21744112678925615
-0.07070000000000021,-0.22126084729889173
-0.0717000000000001,-0.22239261633878374
-0.07270000000000021,-0.2228170297287433
-0.0737000000000001,-0.22621233684841938
-0.07470000000000021,-0.2267782213683654
-0.0757000000000001,-0.22861734605818995
-0.07670000000000021,-0.23187118204787951
-0.0777000000000001,-0.231729710917893
-0.07870000000000021,-0.23413472012766354
-0.0797000000000001,-0.2354079602975421
-0.08070000000000022,-0.23710561385738013
-0.0817000000000001,-0.24021797871708325
-0.08270000000000022,-0.24021797871708325
-0.08370000000000011,-0.2420571034069078
-0.08470000000000022,-0.24502799713662435
-0.08570000000000011,-0.24502799713662435
-0.08670000000000022,-0.24898918877624646
-0.08770000000000011,-0.25026242894612494
-0.08870000000000022,-0.250545371206098
-0.08970000000000011,-0.2532333226758416
-0.09070000000000022,-0.25422362058574705
-0.09170000000000011,-0.2557798030155986
-0.09270000000000023,-0.2591751101352747
-0.09370000000000012,-0.25903363900528825
-0.09470000000000023,-0.2617215904750318
-0.09570000000000012,-0.26299483064491036
-0.09670000000000023,-0.26412659968480234
-0.09770000000000012,-0.26808779132442445
-0.09870000000000023,-0.2662486666345999
-0.09970000000000012,-0.2695025026242895
-0.10070000000000023,-0.27204898296404656
-0.10170000000000012,-0.27204898296404656
-0.10270000000000024,-0.27601017460366867
-0.10370000000000013,-0.2762931168636417
-0.10470000000000024,-0.2779907704234797
-0.10570000000000013,-0.2806787218932233
-0.10670000000000024,-0.2815275486731423
-0.10770000000000013,-0.2826593177130343
-0.10870000000000024,-0.28591315370272397
-0.10970000000000013,-0.2857716825727374
-0.11070000000000024,-0.288459634042481
-0.11170000000000013,-0.29001581647233254
-0.11270000000000002,-0.29128905664221105
-0.11370000000000013,-0.2946843637618871
-0.11470000000000002,-0.29482583489187364
-0.11570000000000014,-0.2963820173217252
-0.11670000000000003,-0.29949438218142826
-0.11770000000000014,-0.3009090934812933
-0.11870000000000003,-0.30260674704113133
-0.11970000000000014,-0.30260674704113133
-0.12070000000000003,-0.3064264675507669
-0.12170000000000014,-0.308407063370578
-0.12270000000000003,-0.30883147676053746
-0.12370000000000014,-0.310670601450362
-0.12470000000000003,-0.3139244374400516
-0.12570000000000014,-0.3139244374400516
-0.12670000000000003,-0.3173197445597277
-0.12770000000000015,-0.3185929847296063
-0.12870000000000004,-0.31972475376949827
-0.12970000000000015,-0.32255417636922834
-0.13070000000000004,-0.3236859454091204
-0.13170000000000015,-0.3256665412289314
-0.13270000000000004,-0.328637434958648
-0.13370000000000015,-0.328354492698675
-0.13470000000000004,-0.33217421320831064
-0.13570000000000015,-0.3340133378981352
-0.13670000000000004,-0.3352865780680137
-0.13770000000000016,-0.3395307119676088
-0.13870000000000005,-0.3385404140577033
-0.13970000000000016,-0.34122836552744684
-0.14070000000000005,-0.34405778812717697
-0.14170000000000016,-0.3453310282970554
-0.14270000000000005,-0.34886780654671806
-0.14370000000000016,-0.3499995755866101
-0.14470000000000005,-0.3519801714064211
-0.14570000000000016,-0.3548095940061512
-0.14670000000000005,-0.35565842078607024
-0.14770000000000016,-0.35763901660588127
-0.14870000000000005,-0.3616002082455034
-0.14970000000000017,-0.3637222751953009
-0.15070000000000006,-0.36541992875513896
-0.15170000000000017,-0.3678249379649095
-0.15270000000000006,-0.37107877395459915
-0.15370000000000017,-0.3737667254243427
-0.15470000000000006,-0.3740496676843157
-0.15570000000000017,-0.37786938819395127
-0.15670000000000006,-0.3809817530536544
-0.15770000000000017,-0.38310382000345194
-0.15870000000000006,-0.386216184863155
-0.15970000000000018,-0.38833825181295256
-0.16070000000000007,-0.39088473215270964
-0.16170000000000018,-0.39611916396221025
-0.16270000000000007,-0.39668504848215624
-0.16370000000000018,-0.4007877112517649
-0.16470000000000007,-0.40390007611146794
-0.16570000000000018,-0.40531478741133303
-0.16670000000000007,-0.40970039244091466
-0.16770000000000018,-0.4125298150406447
-0.16870000000000007,-0.4150762953804018
-0.16970000000000018,-0.42002778492992937
-0.17070000000000007,-0.42144249622979446
-0.17170000000000019,-0.42596957238936256
-0.17270000000000008,-0.4309210619388902
-0.1737000000000002,-0.43247724436874174
-0.17470000000000008,-0.43686284939832337
-0.1757000000000002,-0.4408240410379454
-0.17670000000000008,-0.4436534636376755
-0.1777000000000002,-0.4498781933570817
-0.17870000000000008,-0.4511514335269602
-0.1797000000000002,-0.45610292307648787
-0.18070000000000008,-0.46091294149602896
-0.1817000000000002,-0.464308248615705
-0.18270000000000008,-0.4703915072051247
-0.1837000000000002,-0.47378681432480074
-0.1847000000000001,-0.47859683274434195
-0.1857000000000002,-0.48368979342385604
-0.1867000000000001,-0.4875095139334916
-0.1877000000000002,-0.4920365900930598
-0.1887000000000001,-0.4981198486824793
-0.1897000000000002,-0.502222511452088
-0.1907000000000001,-0.5085887123014806
-0.1917000000000001,-0.5132572595910353
-0.19269999999999998,-0.5191990470504685
-0.1937000000000001,-0.5247164211199421
-0.19469999999999998,-0.5291020261495237
-0.1957000000000001,-0.535892640388876
-0.19669999999999999,-0.5408441299384036
-0.1977000000000001,-0.5474932730477692
-0.1987,-0.5547083006770809
-0.1997000000000001,-0.5600842036165681
-0.2007,-0.5663089333359742
-0.2017000000000001,-0.5739483743552454
-0.2027,-0.5794657484247191
-0.2037000000000001,-0.5862563626640712
-0.2047,-0.5941787459433153
-0.2057000000000001,-0.600262004532735
-0.2067,-0.6091746857218847
-0.2077000000000001,-0.6146920597913584
-0.2087,-0.6223315008106296
-0.2097000000000001,-0.6319515376497118
-0.2107,-0.6384592096290911
-0.2117000000000001,-0.6455327661284163
-0.2127,-0.6555772163574579
-0.2137000000000001,-0.6630751862467427
-0.2147,-0.673261107605771
-0.2157000000000001,-0.6840129134847454
-0.2167,-0.6902376432041514
-0.21770000000000012,-0.7002820934331931
-0.2187,-0.7077800633224779
-0.21970000000000012,-0.717683042421533
-0.2207,-0.7282933771705209
-0.22170000000000012,-0.7374890006196436
-0.2227,-0.7473919797186989
-0.22370000000000012,-0.7572949588177541
-0.2247,-0.7671979379168093
-0.22570000000000012,-0.7789400417056891
-0.2267,-0.7888430208047444
-0.22770000000000012,-0.8010095379835837
-0.22870000000000001,-0.813458997422396
-0.22970000000000013,-0.8225131497415324
-0.23070000000000002,-0.8353870225703042
-0.23170000000000013,-0.847412068619157
-0.23270000000000002,-0.8592956435380232
-0.23370000000000013,-0.871320689586876
-0.23470000000000002,-0.8829213222457692
-0.23570000000000013,-0.8960781373345142
-0.23670000000000002,-0.9096593658132186
-0.2376999999999999,-0.9218258829920579
-0.23870000000000002,-0.9348412269508163
-0.2396999999999999,-0.9501201089893586
-0.24070000000000003,-0.9632769240781034
-0.24169999999999991,-0.9782728638566729
-0.24270000000000003,-0.9919955634653637
-0.24369999999999992,-1.0060012053340277
-0.24470000000000003,-1.0228362698024216
-0.24569999999999992,-1.0359930848911665
-0.24670000000000003,-1.0533940338795065
-0.24769999999999992,-1.0689558581780219
-0.24870000000000003,-1.0845176824765372
-0.24969999999999992,-1.1023430448548366
-0.25070000000000003,-1.117056042373433
-0.2516999999999999,-1.1348814047517324
-0.25270000000000004,-1.152423824870059
-0.2536999999999999,-1.1706736006383178
-0.25470000000000004,-1.1884989630166172
-0.2556999999999999,-1.2058999120049574
-0.25670000000000004,-1.2233008609932974
-0.25769999999999993,-1.2449459438812323
-0.25870000000000004,-1.2606492393097344
-0.25969999999999993,-1.2801722552478716
-0.26070000000000004,-1.3022417515257663
-0.26169999999999993,-1.3210574118139713
-0.26270000000000004,-1.3415707256620142
-0.26369999999999993,-1.3618010972500845
-0.26470000000000005,-1.381889997708168
-0.26569999999999994,-1.4048083207659814
-0.26670000000000005,-1.426028990263957
-0.26769999999999994,-1.4500790823616625
-0.26870000000000005,-1.471299751859638
-0.26969999999999994,-1.4925204213576138
-0.27070000000000005,-1.5179852247551844
-0.27169999999999994,-1.540620605553025
-0.27270000000000005,-1.5632559863508655
-0.27369999999999994,-1.587306078448571
-0.27470000000000006,-1.6085267479465466
-0.27569999999999995,-1.6354062626439825
-0.27670000000000006,-1.6622857773414181
-0.27769999999999995,-1.6849211581392587
-0.27870000000000006,-1.7118006728366943
-0.27969999999999995,-1.7358507649344
-0.28070000000000006,-1.7641449909317006
-0.28169999999999995,-1.7938539282288664
-0.28270000000000006,-1.8179040203265722
-0.28369999999999995,-1.8461982463238729
-0.28470000000000006,-1.8744924723211736
-0.28569999999999995,-1.9013719870186092
-0.28670000000000007,-1.9310809243157752
-0.28769999999999996,-1.9622045729128061
-0.28870000000000007,-1.9919135102099716
-0.28969999999999996,-2.0216224475071374
-0.29070000000000007,-2.052746096104168
-0.29169999999999996,-2.083869744701199
-0.29270000000000007,-2.113578681998365
-0.29369999999999996,-2.1447023305953956
-0.2947000000000001,-2.178655401792157
-0.29569999999999996,-2.2111937616890525
-0.2967000000000001,-2.2437321215859485
-0.29769999999999996,-2.279099904082574
-0.2987000000000001,-2.3130529752793345
-0.29969999999999997,-2.347006046476096
-0.3007000000000001,-2.382373828972722
-0.30169999999999997,-2.417741611469348
-0.3027000000000001,-2.4559388165657037
-0.30369999999999997,-2.4898918877624645
-0.3047000000000001,-2.5266743815589554
-0.30569999999999997,-2.5648715866553116
-0.3067000000000001,-2.6030687917516673
-0.3077,-2.6426807081478887
-0.3087000000000001,-2.6808779132442444
-0.3097,-2.720489829640466
-0.3107000000000001,-2.7586870347368215
-0.3117,-2.7997136624329078
-0.3127000000000001,-2.840740290128994
-0.3137,-2.8817669178250793
-0.3147000000000001,-2.922793545521166
-0.3157,-2.965234884517117
-0.3167000000000001,-3.009090934812933
-0.3177,-3.0515322738088844
-0.3187000000000001,-3.0953883241047
-0.3197,-3.1392443744005165
-0.3207000000000001,-3.1816857133964676
-0.3217,-3.228371186292014
-0.3227000000000001,-3.27222723658783
-0.3237,-3.3203274207832414
-0.3247000000000001,-3.3670128936787878
-0.3257,-3.412283655274469
-0.3267000000000001,-3.4632132620696097
-0.3277,-3.5113134462650213
-0.3287000000000001,-3.559413630460432
-0.3297,-3.608928525955709
-0.3307000000000001,-3.658443421450985
-0.3317,-3.7093730282461257
-0.3327000000000001,-3.7617173463411326
-0.3337,-3.812646953136274
-0.3347000000000001,-3.8664059825311448
-0.3357,-3.918750300626152
-0.3367000000000001,-3.969679907421293
-0.3377,-4.026268359415894
-0.3387000000000001,-4.078612677510901
-0.3397,-4.132371706905772
-0.3407000000000001,-4.190374870200238
-0.3417,-4.245548610894974
-0.3427000000000001,-4.303551774189442
-0.3437,-4.360140226184043
-0.3447000000000001,-4.419558100778375
-0.3457,-4.480390686672571
-0.3467000000000001,-4.539808561266903
-0.3477,-4.600641147161099
-0.3487000000000001,-4.6614737330552956
-0.3497,-4.719476896349762
-0.3507000000000001,-4.781724193543823
-0.3517,-4.8453862020377505
-0.3527000000000001,-4.909048210531677
-0.3537,-4.976954352925199
-0.3547000000000001,-5.039201650119261
-0.3557,-5.104278369913052
-0.35670000000000013,-5.172184512306574
-0.3577,-5.237261232100366
-0.35870000000000013,-5.305167374493887
-0.3597,-5.371658805587544
-0.36070000000000013,-5.443809081880661
-0.3617,-5.515959358173778
-0.3626999999999999,-5.585280211867165
-0.3637,-5.657430488160282
-0.3646999999999999,-5.732410187053128
-0.3657,-5.804560463346245
-0.3666999999999999,-5.878125450939227
-0.3677,-5.955934572431804
-0.3686999999999999,-6.0323289826245166
-0.36970000000000003,-6.1058939702174975
-0.3706999999999999,-6.18511780300994
-0.37170000000000003,-6.260097501902788
-0.3726999999999999,-6.3407360459950945
-0.37370000000000003,-6.422789301387266
-0.3746999999999999,-6.502013134179709
-0.37570000000000003,-6.585481100871745
-0.3766999999999999,-6.6689490675637835
-0.37770000000000004,-6.756661168155415
-0.3786999999999999,-6.838714423547587
-0.37970000000000004,-6.922182390239625
-0.3806999999999999,-7.009894490831256
-0.38170000000000004,-7.099021302722755
-0.38269999999999993,-7.190977537213982
-0.38370000000000004,-7.280104349105479
-0.38469999999999993,-7.369231160996977
-0.38570000000000004,-7.464016818087933
-0.38669999999999993,-7.554558341279295
-0.38770000000000004,-7.646514575770523
-0.38869999999999993,-7.745544366761076
-0.38970000000000005,-7.838915312552168
-0.39069999999999994,-7.939359814842586
-0.39170000000000005,-8.034145471933543
-0.39269999999999994,-8.13741939682369
-0.39370000000000005,-8.235034476514379
-0.39469999999999994,-8.339723112704391
-0.39570000000000005,-8.44299703759454
-0.39669999999999994,-8.55051509638428
-0.39770000000000005,-8.653789021274429
-0.39869999999999994,-8.758477657464443
-0.39970000000000006,-8.865995716254185
-0.40069999999999995,-8.973513775043926
-0.40170000000000006,-9.088105390332997
-0.40269999999999995,-9.198452871722468
-0.40370000000000006,-9.32011804351086
-0.40469999999999995,-9.436124370099794
-0.40570000000000006,-9.549301274088998
-0.40669999999999995,-9.66813702327766
-0.40770000000000006,-9.789802195066054
-0.40869999999999995,-9.910052655554582
-0.40970000000000006,-10.03030311604311
-0.41069999999999995,-10.151968287831503
-0.41170000000000007,-10.279292304819355
-0.41269999999999996,-10.403786899207478
-0.41370000000000007,-10.533940338795064
-0.41469999999999996,-10.662679067082781
-0.41570000000000007,-10.79424721797023
-0.41669999999999996,-10.925815368857677
-0.41770000000000007,-11.065871787544317
-0.41869999999999996,-11.198854649731631
-0.4197000000000001,-11.336081645818538
-0.42069999999999996,-11.477552775805044
-0.4217000000000001,-11.619023905791545
-0.42269999999999996,-11.759080324478186
-0.4237000000000001,-11.907625010964015
-0.42469999999999997,-12.050510852250381
-0.4257000000000001,-12.203299672635808
-0.42669999999999997,-12.35042964782177
-0.4277000000000001,-12.506047890806924
-0.42869999999999997,-12.658836711192349
-0.4297000000000001,-12.814454954177503
-0.43069999999999997,-12.970073197162657
-0.4317000000000001,-13.13135028534727
-0.4327,-13.29121266223202
-0.4337000000000001,-13.458148595616095
-0.4347,-13.622255106400438
-0.4357000000000001,-13.794849884983973
-0.4367,-13.967444663567507
-0.4377000000000001,-14.137210019551313
-0.4387,-14.30273124163552
-0.4397000000000001,-14.486643710617974
-0.4407,-14.67055617960043
-0.4417000000000001,-14.854468648582884
-0.4427,-15.03838111756534
-0.4437000000000001,-15.222293586547794
-0.4447,-15.4203531685289
-0.4457000000000001,-15.604265637511356
-0.4467,-15.802325219492458
-0.4477000000000001,-16.000384801473565
-0.4487,-16.19844438345467
-0.4497000000000001,-16.396503965435777
-0.4507,-16.59456354741688
-0.4517000000000001,-16.806770242396635
-0.4527,-17.018976937376394
-0.4537000000000001,-17.231183632356142
-0.4547,-17.45753744033455
-0.4557000000000001,-17.683891248312957
-0.4567,-17.896097943292716
-0.4577000000000001,-18.122451751271118
-0.4587,-18.348805559249524
-0.4597000000000001,-18.589306480226583
-0.4607,-18.815660288204988
-0.4617000000000001,-19.056161209182044
-0.4627,-19.296662130159103
-0.4637000000000001,-19.537163051136158
-0.4647,-19.77766397211321
-0.4657000000000001,-20.03231200608892
-0.4667,-20.286960040064624
-0.4677000000000001,-20.541608074040333
-0.4687,-20.810403221014692
-0.4697000000000001,-21.079198367989047
-0.4707,-21.347993514963402
-0.4717000000000001,-21.61678866193776
-0.4727,-21.899730921910766
-0.4737000000000001,-22.168526068885125
-0.4747,-22.451468328858134
-0.4757000000000001,-22.748557701829792
-0.4767,-23.045647074801447
-0.4777000000000001,-23.342736447773106
-0.4787,-23.639825820744765
-0.4797000000000001,-23.92276808071777
-0.4807,-24.23400456668808
-0.48170000000000013,-24.545241052658387
-0.4827,-24.856477538628695
-0.48370000000000013,-25.167714024599
-0.4847,-25.49309762356796
-0.48570000000000013,-25.81848122253692
-0.4867,-25.719451431546364
-0.48570000000000013,-25.351626493581456
-0.4847,-24.997948668615198
-0.48370000000000013,-24.630123730650286
-0.4827,-24.27644590568403
-0.48170000000000013,-23.93691519371642
-0.4807,-23.597384481748815
-0.4797000000000001,-23.257853769781203
-0.4787,-22.91832305781359
-0.4777000000000001,-22.592939458844636
-0.4767,-22.267555859875678
-0.4757000000000001,-21.94217226090672
-0.4747,-21.645082887935057
-0.4737000000000001,-21.333846401964752
-0.4727,-21.036757028993097
-0.4717000000000001,-20.72552054302279
-0.4707,-20.42843117005113
-0.4697000000000001,-20.13134179707947
-0.4687,-19.862546650105116
-0.4677000000000001,-19.579604390132108
-0.4667,-19.31080924315775
-0.4657000000000001,-19.027866983184744
-0.4647,-18.759071836210385
-0.4637000000000001,-18.504423802234676
-0.4627,-18.23562865526032
-0.4617000000000001,-17.980980621284615
-0.4607,-17.74047970030756
-0.4597000000000001,-17.48583166633185
-0.4587,-17.259477858353446
-0.4577000000000001,-17.018976937376394
-0.4567,-16.778476016399335
-0.4557000000000001,-16.55212220842093
-0.4547,-16.325768400442524
-0.4537000000000001,-16.099414592464115
-0.4527,-15.88720789748436
-0.4517000000000001,-15.675001202504609
-0.4507,-15.462794507524851
-0.4497000000000001,-15.250587812545096
-0.4487,-15.03838111756534
-0.4477000000000001,-14.826174422585586
-0.4467,-14.62811484060448
-0.4457000000000001,-14.430055258623375
-0.4447,-14.231995676642269
-0.4437000000000001,-14.050912630259544
-0.4427,-13.858511893477898
-0.4417000000000001,-13.680258269694905
-0.4407,-13.49917522331218
-0.4397000000000001,-13.323751022128915
-0.4387,-13.146912109645786
-0.4377000000000001,-12.97431733106225
-0.4367,-12.805966686378312
-0.4357000000000001,-12.640445464294103
-0.4347,-12.473509530910029
-0.4337000000000001,-12.309403020125684
-0.4327,-12.145296509341339
-0.4317000000000001,-11.992507688955916
-0.43069999999999997,-11.842548291170223
-0.4297000000000001,-11.692588893384528
-0.42869999999999997,-11.54687362949843
-0.4277000000000001,-11.40115836561233
-0.42669999999999997,-11.249784256526773
-0.4257000000000001,-11.106898415240401
-0.42469999999999997,-10.9654272852539
-0.4237000000000001,-10.82820028916699
-0.42269999999999996,-10.690973293080082
-0.4217000000000001,-10.55516100829304
-0.42069999999999996,-10.42359285740559
-0.4197000000000001,-10.292024706518141
-0.41869999999999996,-10.164700689530287
-0.41770000000000007,-10.034547249942705
-0.41669999999999996,-9.910052655554582
-0.41570000000000007,-9.785558061166459
-0.41469999999999996,-9.670966445877392
-0.41370000000000007,-9.547886562789131
-0.41269999999999996,-9.433294947500064
-0.41170000000000007,-9.3144591983114
-0.41069999999999995,-9.201282294322198
-0.40970000000000006,-9.083861256433401
-0.40869999999999995,-8.972099063744063
-0.40770000000000006,-8.861751582354591
-0.40669999999999995,-8.754233523564846
-0.40570000000000006,-8.646715464775104
-0.40469999999999995,-8.543441539884956
-0.40370000000000006,-8.438752903694944
-0.40269999999999995,-8.336893690104661
-0.40170000000000006,-8.235034476514379
-0.40069999999999995,-8.128931129024501
-0.39970000000000006,-8.031316049333814
-0.39869999999999994,-7.940774526142452
-0.39770000000000005,-7.834671178652573
-0.39669999999999994,-7.74130023286148
-0.39570000000000005,-7.649343998370253
-0.39469999999999994,-7.557387763879025
-0.39370000000000005,-7.459772684188338
-0.39269999999999994,-7.3649870270973805
-0.39170000000000005,-7.280104349105479
-0.39069999999999994,-7.185318692014522
-0.38970000000000005,-7.096191880123024
-0.38869999999999993,-7.009894490831256
-0.38770000000000004,-6.922182390239625
-0.38669999999999993,-6.834470289647991
-0.38570000000000004,-6.753831745555685
-0.38469999999999993,-6.6689490675637835
-0.38370000000000004,-6.588310523471475
-0.38269999999999993,-6.507671979379168
-0.38170000000000004,-6.424204012687131
-0.3806999999999999,-6.346394891194555
-0.37970000000000004,-6.270000481001842
-0.3786999999999999,-6.192191359509266
-0.37770000000000004,-6.115796949316553
-0.3766999999999999,-6.040817250423707
-0.37570000000000003,-5.967252262830725
-0.3746999999999999,-5.892272563937878
-0.37370000000000003,-5.818707576344896
-0.3726999999999999,-5.747972011351644
-0.37170000000000003,-5.674407023758662
-0.3706999999999999,-5.6065008813651405
-0.36970000000000003,-5.532935893772159
-0.3686999999999999,-5.463615040078771
-0.3677,-5.40136774288471
-0.3666999999999999,-5.332046889191323
-0.3657,-5.261311324198071
-0.3646999999999999,-5.197649315704145
-0.3637,-5.128328462010757
-0.3626999999999999,-5.066081164816696
-0.3617,-5.002419156322769
-0.36070000000000013,-4.937342436528978
-0.3597,-4.875095139334916
-0.35870000000000013,-4.811433130840991
-0.3577,-4.749185833646928
-0.35670000000000013,-4.688353247752731
-0.3557,-4.623276527958939
-0.3547000000000001,-4.565273364664473
-0.3537,-4.505855490070142
-0.3527000000000001,-4.445022904175945
-0.3517,-4.389849163481209
-0.3507000000000001,-4.3332607114866075
-0.3497,-4.273842836892276
-0.3487000000000001,-4.220083807497405
-0.3477,-4.162080644202938
-0.3467000000000001,-4.108321614808066
-0.3457,-4.05314787411333
-0.3447000000000001,-3.9965594221187284
-0.3437,-3.944215104023722
-0.3427000000000001,-3.889041363328986
-0.3417,-3.833867622634249
-0.3407000000000001,-3.782938015839108
-0.3397,-3.7320084090439667
-0.3387000000000001,-3.681078802248825
-0.3377,-3.6315639067535495
-0.3367000000000001,-3.579219588658543
-0.3357,-3.5297046931632665
-0.3347000000000001,-3.4801897976679905
-0.3337,-3.4292601908728493
-0.3327000000000001,-3.382574717977303
-0.3317,-3.3330598224820265
-0.3307000000000001,-3.2849596382866153
-0.3297,-3.2396888766909337
-0.3287000000000001,-3.1915886924955226
-0.3277,-3.1463179308998415
-0.3267000000000001,-3.0996324580042955
-0.3257,-3.0529469851087487
-0.3247000000000001,-3.0119203574126634
-0.3237,-2.965234884517117
-0.3227000000000001,-2.922793545521166
-0.3217,-2.8803522065252145
-0.3207000000000001,-2.836496156229398
-0.3197,-2.7968842398331777
-0.3187000000000001,-2.754442900837226
-0.3177,-2.7105868505414104
-0.3167000000000001,-2.6723896454450546
-0.3157,-2.631363017748968
-0.3147000000000001,-2.5945805239524775
-0.3137,-2.552139184956526
-0.3127000000000001,-2.5111125572604402
-0.3117,-2.472915352164084
-0.3107000000000001,-2.433303435767863
-0.3097,-2.3936915193716417
-0.3087000000000001,-2.358323736875016
-0.3077,-2.3158823978790646
-0.3067000000000001,-2.2819293266823037
-0.30569999999999997,-2.2437321215859485
-0.3047000000000001,-2.206949627789457
-0.30369999999999997,-2.171581845292831
-0.3027000000000001,-2.1347993514963406
-0.30169999999999997,-2.0994315689997145
-0.3007000000000001,-2.0668932091028185
-0.29969999999999997,-2.0301107153063276
-0.2987000000000001,-1.9975723554094316
-0.29769999999999996,-1.9650339955125358
-0.2967000000000001,-1.9296662130159101
-0.29569999999999996,-1.8985425644188794
-0.2947000000000001,-1.8660042045219833
-0.29369999999999996,-1.8334658446250875
-0.29270000000000007,-1.8023421960280568
-0.29169999999999996,-1.769803836131161
-0.29070000000000007,-1.7400948988339953
-0.28969999999999996,-1.7103859615368293
-0.28870000000000007,-1.6792623129397986
-0.28769999999999996,-1.6509680869424979
-0.28670000000000007,-1.6212591496453321
-0.28569999999999995,-1.5915502123481662
-0.28470000000000006,-1.5646706976507305
-0.28369999999999995,-1.5363764716534298
-0.28270000000000006,-1.5080822456561291
-0.28169999999999995,-1.4797880196588282
-0.28070000000000006,-1.4529085049613928
-0.27969999999999995,-1.427443701563822
-0.27870000000000006,-1.3991494755665215
-0.27769999999999995,-1.372411431999072
-0.27670000000000006,-1.348785753291326
-0.27569999999999995,-1.3221891808538633
-0.27470000000000006,-1.2971487908462522
-0.27369999999999994,-1.272108400838641
-0.27270000000000005,-1.24706801083103
-0.27169999999999994,-1.2234423321232837
-0.27070000000000005,-1.2010898935854162
-0.26969999999999994,-1.174068907757994
-0.26870000000000005,-1.1528482382600183
-0.26769999999999994,-1.1289396172922994
-0.26670000000000005,-1.1054554097145397
-0.26569999999999994,-1.0838103268266046
-0.26470000000000005,-1.0618823016786967
-0.26369999999999993,-1.0402372187907614
-0.26270000000000004,-1.0198653760727048
-0.26169999999999993,-0.9965226396249317
-0.26070000000000004,-0.9777069793367268
-0.25969999999999993,-0.9559204253188053
-0.25870000000000004,-0.9366803516406408
-0.25769999999999993,-0.9158840955326246
-0.25670000000000004,-0.8959366662045278
-0.2556999999999999,-0.8772624770463092
-0.25470000000000004,-0.8584468167581043
-0.2536999999999999,-0.8377920317800748
-0.25270000000000004,-0.8201081405317618
-0.2516999999999999,-0.8004436534636377
-0.25070000000000003,-0.7847403580351359
-0.24969999999999992,-0.7664905822668768
-0.24870000000000003,-0.7476749219786718
-0.24769999999999992,-0.7309813286402644
-0.24670000000000003,-0.7142877353018571
-0.24569999999999992,-0.6968867863135171
-0.24470000000000003,-0.6811834908850152
-0.24369999999999992,-0.6634995996367021
-0.24270000000000003,-0.6485036598581327
-0.24169999999999991,-0.6323759510396714
-0.24070000000000003,-0.6152579443113044
-0.2396999999999999,-0.6012523024426406
-0.23870000000000002,-0.5859734204040982
-0.2376999999999999,-0.5694212981956773
-0.23670000000000002,-0.5558400697169729
-0.23570000000000013,-0.540136774288471
-0.23470000000000002,-0.5274043725896858
-0.23370000000000013,-0.5136816729809948
-0.23270000000000002,-0.4981198486824793
-0.23170000000000013,-0.4853874469836941
-0.23070000000000002,-0.47223063189494924
-0.22970000000000013,-0.4579420477663123
-0.22870000000000001,-0.44549258832750005
-0.22770000000000012,-0.4313454753288497
-0.2267,-0.42101808283983494
-0.22570000000000012,-0.4088515656609956
-0.2247,-0.3942800392723857
-0.22370000000000012,-0.38466000243330345
-0.2227,-0.3717861296045316
-0.22170000000000012,-0.35933667016571935
-0.2207,-0.34900927767670453
-0.21970000000000012,-0.33655981823789227
-0.2187,-0.32736419478876944
-0.21770000000000012,-0.3161879755198357
-0.2167,-0.30402145834099636
-0.2157000000000001,-0.29044022986229207
-0.2147,-0.28364961562293983
-0.2137000000000001,-0.27204898296404656
-0.2127,-0.26327777290488336
-0.2117000000000001,-0.251960082505963
-0.2107,-0.24333034357678635
-0.2097000000000001,-0.23427619125765006
-0.2087,-0.22338291424868928
-0.2077000000000001,-0.21418729079956658
-0.2067,-0.20584049413036284
-0.2057000000000001,-0.19565457277133455
-0.2047,-0.18787366062207686
-0.2037000000000001,-0.1782536237829946
-0.2027,-0.17047271163373692
-0.2017000000000001,-0.1618429727045602
-0.2007,-0.15193999360550495
-0.1997000000000001,-0.14571526388609876
-0.1987,-0.137127966295918
-0.1977000000000001,-0.12855481581873587
-0.19669999999999999,-0.12101440459045523
-0.1957000000000001,-0.11237051854827985
-0.19469999999999998,-0.1059477292468926
-0.1937000000000001,-0.09910052655554581
-0.19269999999999998,-0.08932487147347841
-0.1917000000000001,-0.08465632418392378
-0.1907000000000001,-0.0776676503625905
-0.1897000000000002,-0.06848617402646642
-0.1887000000000001,-0.06284147594000493
-0.1877000000000002,-0.05419758989782956
-0.1867000000000001,-0.04969880796425874
-0.1857000000000002,-0.0424413389959511
-0.1847000000000001,-0.035028251784658314
-0.1837000000000002,-0.029567466167179264
-0.18270000000000008,-0.023965209419713723
-0.1817000000000002,-0.01583061944548976
-0.18070000000000008,-0.011818498199072516
-0.1797000000000002,-0.004225742652696865
-0.17870000000000008,0.00026794632019443794
-0.1777000000000002,0.005892272563937878
-0.17670000000000008,0.01427443701563822
-0.1757000000000002,0.017004829824377742
-0.17470000000000008,0.02204120205189727
-0.1737000000000002,0.030246527591114486
-0.17270000000000008,0.033712570275783824
-0.17170000000000019,0.04119639305206987
-0.17070000000000007,0.04396922719980534
-0.16970000000000018,0.049260247461300574
-0.16870000000000007,0.055541565632701344
-0.16770000000000018,0.05900760831737068
-0.16670000000000007,0.06527477937577279
-0.16570000000000018,0.07021212181230177
-0.16470000000000007,0.0754748478477997
-0.16370000000000018,0.07961995195640426
-0.16270000000000007,0.08338308401404526
-0.16170000000000018,0.0872735400886741
-0.16070000000000007,0.09359729959907082
-0.15970000000000018,0.09658234044178605
-0.15870000000000006,0.10109526948835552
-0.15770000000000017,0.10621652439386696
-0.15670000000000006,0.10956939017454709
-0.15570000000000017,0.11430867302909498
-0.15470000000000006,0.11727956675881154
-0.15370000000000017,0.12133978818942417
-0.15270000000000006,0.12651763154693024
-0.15170000000000017,0.1304080876215591
-0.15070000000000006,0.1335063053682635
-0.14970000000000017,0.13865585449977225
-0.14870000000000005,0.14060815609358598
-0.14770000000000016,0.14557379275611226
-0.14670000000000005,0.14826174422585583
-0.14570000000000016,0.15165705134553195
-0.14470000000000005,0.15660854089505957
-0.14370000000000016,0.15943796349478964
-0.14270000000000005,0.1625503283544927
-0.14170000000000016,0.16750181790402036
-0.14070000000000005,0.16835064468393937
-0.13970000000000016,0.173868018753413
-0.13870000000000005,0.17528273005327805
-0.13770000000000016,0.17881950830294063
-0.13670000000000004,0.18405394011244128
-0.13570000000000015,0.18532718028231981
-0.13470000000000004,0.18858101627200938
-0.13370000000000015,0.1922592656516585
-0.13270000000000004,0.19494721712140206
-0.13170000000000015,0.19919135102099716
-0.13070000000000004,0.2007475334508487
-0.12970000000000015,0.2037184271805653
-0.12870000000000004,0.2079625610801604
-0.12770000000000015,0.20923580125003893
-0.12670000000000003,0.21263110836971502
-0.12570000000000014,0.2160264154893911
-0.12470000000000003,0.2181484824391887
-0.12370000000000014,0.22126084729889173
-0.12270000000000003,0.2239487987686353
-0.12170000000000014,0.22635380797840585
-0.12070000000000003,0.23031499961802795
-0.11970000000000014,0.23116382639794697
-0.11870000000000003,0.23470060464760956
-0.11770000000000014,0.2385203251572452
-0.11670000000000003,0.2396520941971372
-0.11570000000000014,0.24347181470677282
-0.11470000000000002,0.24446211261667833
-0.11370000000000013,0.2477159486063679
-0.11270000000000002,0.25139419798601703
-0.11170000000000013,0.2523844958959225
-0.11070000000000024,0.25436509171573357
-0.10970000000000013,0.2591751101352747
-0.10870000000000024,0.2591751101352747
-0.10770000000000013,0.26327777290488336
-0.10670000000000024,0.26327777290488336
-0.10570000000000013,0.2666730800245595
-0.10470000000000024,0.270209858274222
-0.10370000000000013,0.27077574279416805
-0.10270000000000024,0.2723319252240196
-0.10170000000000012,0.2770004725135742
-0.10070000000000023,0.27784929929349317
-0.09970000000000012,0.2808201930232098
-0.09870000000000023,0.28251784658304785
-0.09770000000000012,0.2844984424028589
-0.09670000000000023,0.2888840474324405
-0.09570000000000012,0.288742576302454
-0.09470000000000023,0.2917134700321706
-0.09370000000000012,0.2932696524620221
-0.09270000000000023,0.29539171941181963
-0.09170000000000011,0.2986455554015092
-0.09070000000000022,0.2992114399214552
-0.08970000000000011,0.3013335068712528
-0.08870000000000022,0.30487028512091535
-0.08770000000000011,0.30628499642078044
-0.08670000000000022,0.308124121110605
-0.08570000000000011,0.31123648597030806
-0.08470000000000022,0.31151942823028106
-0.08370000000000011,0.31576356212987616
-0.08270000000000022,0.31632944664982215
-0.0817000000000001,0.31831004246963324
-0.08070000000000022,0.3219882918492823
-0.0797000000000001,0.32255417636922834
-0.07870000000000021,0.3243933010590529
-0.0777000000000001,0.328354492698675
-0.07670000000000021,0.3293447906085805
-0.0757000000000001,0.33217421320831064
-0.07470000000000021,0.3333059822482026
-0.0737000000000001,0.3341548090281217
-0.07270000000000021,0.3382574717977303
-0.0717000000000001,0.3389648274476628
-0.07070000000000021,0.3408039521374874
-0.0697000000000001,0.34405778812717697
-0.0687000000000002,0.34462367264712296
-0.0677000000000001,0.34872633541673154
-0.0667000000000002,0.3494336910666641
-0.06570000000000009,0.3511313446265021
-0.0647000000000002,0.3548095940061512
-0.06370000000000009,0.35509253626612425
-0.0627000000000002,0.35933667016571935
-0.06170000000000009,0.3610343237255574
-0.0607000000000002,0.3617416793754899
-0.059700000000000086,0.36485404423519296
-0.058700000000000196,0.3652784576251525
-0.057700000000000085,0.36796640909489603
-0.056700000000000195,0.37107877395459915
-0.05570000000000008,0.3709373028246126
-0.05470000000000019,0.37433260994428874
-0.05370000000000008,0.37617173463411324
-0.05270000000000019,0.3773035036740053
-0.05170000000000008,0.38168910870358685
-0.05070000000000019,0.38197205096355985
-0.04970000000000008,0.383952646783371
-0.04870000000000019,0.38805530955297957
-0.047700000000000076,0.38805530955297957
-0.046700000000000186,0.39116767441268263
-0.045700000000000074,0.39385562588242623
-0.044700000000000184,0.3959776928322238
-0.04370000000000007,0.3975338752620753
-0.04270000000000018,0.3990900576919268
-0.04170000000000007,0.4017780091616704
-0.04070000000000018,0.40432448950142746
-0.03970000000000007,0.4051733162813465
-0.03870000000000018,0.4080027388810766
-0.03770000000000007,0.41083216148080665
-0.03670000000000018,0.4126712861706312
-0.035700000000000065,0.4150762953804018
-0.034700000000000175,0.4164910066802668
-0.03370000000000006,0.4187545447600509
-0.03270000000000017,0.4218669096197539
-0.03170000000000006,0.4234230920496055
-0.03070000000000017,0.4263939857793221
-0.02970000000000006,0.4290819372490656
-0.02870000000000017,0.42950635063902515
-0.027700000000000058,0.4334675422786472
-0.026700000000000168,0.4350237247084988
-0.025700000000000056,0.4377116761782423
-0.024700000000000166,0.4405410987779724
-0.023700000000000054,0.44153139668787794
-0.022700000000000164,0.44450229041759454
-0.021700000000000053,0.4480390686672571
-0.020700000000000163,0.4486049531872031
-0.01970000000000005,0.45242467369683875
-0.01870000000000016,0.4535564427367308
-0.01770000000000005,0.4569517498564068
-0.01670000000000016,0.46020558584609644
-0.015700000000000047,0.4604885281060694
-0.014700000000000157,0.464308248615705
-0.013700000000000045,0.4672791423454216
-0.012700000000000156,0.4686938536452867
-0.011700000000000044,0.4730794586748682
-0.010700000000000154,0.47520152562466583
-0.009700000000000042,0.4764747657945444
-0.008700000000000152,0.4804359574341665
-0.00770000000000004,0.4818506687340315
-0.00670000000000015,0.4841142068138156
-0.005700000000000038,0.48835834071341067
-0.0047000000000001485,0.48991452314326217
-0.0037000000000000366,0.49387571478288433
-0.0027000000000001467,0.49529042608274926
-0.0017000000000000348,0.4979783775524929
-0.000700000000000145,0.5019395691921149
0.00029999999999996696,0.503637222751953
0.0012999999999998568,0.5071740010016156
0.0022999999999999687,0.5104278369913052
0.0032999999999998586,0.5136816729809948
0.0042999999999999705,0.5172184512306574
0.00529999999999986,0.5189161047904954
0.006299999999999972,0.5214625851302525
0.007299999999999862,0.5252823056398881
0.008299999999999974,0.5269799591997262
0.009299999999999864,0.5312240930993213
0.010299999999999976,0.5340535156990515
0.011299999999999866,0.535892640388876
0.012299999999999978,0.5411270721983766
