Potential V vs RHE, Current mA cm-2
0.013299999999999867,-0.014147112998650365
0.012299999999999978,-0.019310809243157753
0.011299999999999866,-0.021390434853959358
0.010299999999999976,-0.023328589334774455
0.009299999999999864,-0.023965209419713723
0.008299999999999974,-0.025040390007611147
0.007299999999999862,-0.025747745657543668
0.006299999999999972,-0.025677010092550415
0.00529999999999986,-0.026879514697435696
0.0042999999999999705,-0.02768590013835877
0.0032999999999998586,-0.02902987587323055
0.0022999999999999687,-0.028534726918277787
0.0012999999999998568,-0.02893084608224
0.00029999999999996696,-0.029921143992145526
-0.000700000000000145,-0.029935291105144177
-0.0017000000000000348,-0.0308690005630551
-0.0027000000000001467,-0.030529469851087492
-0.0037000000000000366,-0.030939736128048352
-0.0047000000000001485,-0.030953883241047007
-0.005700000000000038,-0.03120853127502271
-0.00670000000000015,-0.03170368022997547
-0.00770000000000004,-0.03331645111182161
-0.008700000000000152,-0.03352865780680137
-0.009700000000000042,-0.03341548090281216
-0.010700000000000154,-0.03342962801581082
-0.011700000000000044,-0.033726717388782475
-0.012700000000000156,-0.03420771923073659
-0.013700000000000045,-0.03318912709483376
-0.014700000000000157,-0.03359939337179463
-0.015700000000000047,-0.03415113077874199
-0.01670000000000016,-0.0346038383946988
-0.01770000000000005,-0.03548095940061512
-0.01870000000000016,-0.035509253626612426
-0.01970000000000005,-0.03573560743459083
-0.020700000000000163,-0.035947814129570585
-0.021700000000000053,-0.03569316609559487
-0.022700000000000164,-0.03632978618053414
-0.023700000000000054,-0.03607513814655844
-0.024700000000000166,-0.036018549694563834
-0.025700000000000056,-0.036923964926477454
-0.026700000000000168,-0.0366268755535058
-0.027700000000000058,-0.036923964926477454
-0.02870000000000017,-0.037150318734455866
-0.02970000000000006,-0.03754643789841807
-0.03070000000000017,-0.03753229078541943
-0.03170000000000006,-0.037956704175378934
-0.03270000000000017,-0.038112322418364084
-0.03370000000000006,-0.03829623488734655
-0.034700000000000175,-0.03792840994938163
-0.035700000000000065,-0.03819720509635599
-0.03670000000000018,-0.03918750300626152
-0.03770000000000007,-0.03883382518129525
-0.03870000000000018,-0.03922994434525747
-0.03970000000000007,-0.03975338752620753
-0.04070000000000018,-0.039894858656194035
-0.04170000000000007,-0.04012121246417244
-0.04270000000000018,-0.039795828865203484
-0.04370000000000007,-0.04023438936816164
-0.044700000000000184,-0.04006462401217784
-0.045700000000000074,-0.04087100945310092
-0.046700000000000186,-0.04074368543611305
-0.047700000000000076,-0.041012480583087416
-0.04870000000000019,-0.04126712861706312
-0.04970000000000008,-0.04184716025000779
-0.05070000000000019,-0.04147933531204288
-0.05170000000000008,-0.04179057179801319
-0.05270000000000019,-0.042299867865964604
-0.05370000000000008,-0.04231401497896324
-0.05470000000000019,-0.0424130447699538
-0.05570000000000008,-0.042780869707918716
-0.056700000000000195,-0.04224327941396999
-0.057700000000000085,-0.04232816209196189
-0.058700000000000196,-0.04239889765695515
-0.059700000000000086,-0.044266316572777
-0.0607000000000002,-0.044393640589764846
-0.06170000000000009,-0.04453511171975136
-0.0627000000000002,-0.044464376154758095
-0.06370000000000009,-0.043912638747810734
-0.0647000000000002,-0.04372872627882829
-0.06570000000000009,-0.04364384360083638
-0.0667000000000002,-0.043092106193889014
-0.0677000000000001,-0.04401166853880129
-0.0687000000000002,-0.044138992555789146
-0.0697000000000001,-0.04460584728474461
-0.07070000000000021,-0.045115143352696015
-0.0717000000000001,-0.04541223272566768
-0.07270000000000021,-0.04470487707573516
-0.0737000000000001,-0.04599226435861234
-0.07470000000000021,-0.0462044710535921
-0.0757000000000001,-0.04613373548859885
-0.07670000000000021,-0.04647326620056645
-0.0777000000000001,-0.04621861816659075
-0.07870000000000021,-0.04650156042656376
-0.0797000000000001,-0.04681279691253406
-0.08070000000000022,-0.04855289181136806
-0.0817000000000001,-0.0482558024383964
-0.08270000000000022,-0.04720891607649628
-0.08370000000000011,-0.047548446788463886
-0.08470000000000022,-0.0478596832744342
-0.08570000000000011,-0.04858118603736536
-0.08670000000000022,-0.04838312645538425
-0.08770000000000011,-0.04869436294135456
-0.08870000000000022,-0.04884998118433972
-0.08970000000000011,-0.04933098302629382
-0.09070000000000022,-0.04961392528626684
-0.09170000000000011,-0.04965636662526278
-0.09270000000000023,-0.04975539641625334
-0.09370000000000012,-0.050208104032210155
-0.09470000000000023,-0.05068910587416426
-0.09570000000000012,-0.05094375390813997
-0.09670000000000023,-0.050731547213160214
-0.09770000000000012,-0.05117010771611837
-0.09870000000000023,-0.05078813566515482
-0.09970000000000012,-0.05132572595910353
-0.10070000000000023,-0.05182087491405629
-0.10170000000000012,-0.05218869985202121
-0.10270000000000024,-0.05242920077299826
-0.10370000000000013,-0.052697995919972616
-0.10470000000000024,-0.05247164211199421
-0.10570000000000013,-0.05274043725896857
-0.10670000000000024,-0.05286776127595642
-0.10770000000000013,-0.05360341115188624
-0.10870000000000024,-0.05422588412382686
-0.10970000000000013,-0.055074710903745876
-0.11070000000000024,-0.05483420998276882
-0.11170000000000013,-0.05484835709576747
-0.11270000000000002,-0.054791768643772866
-0.11370000000000013,-0.055569859858698646
-0.11470000000000002,-0.05598012613565951
-0.11570000000000014,-0.05593768479666354
-0.11670000000000003,-0.056630893333597415
-0.11770000000000014,-0.05641868663861766
-0.11870000000000003,-0.05697042404556502
-0.11970000000000014,-0.057522161452512384
-0.12070000000000003,-0.05757874990450699
-0.12170000000000014,-0.057875839277478656
-0.12270000000000003,-0.05824366421544356
-0.12370000000000014,-0.058144634424453
-0.12470000000000003,-0.06001205334027486
-0.12570000000000014,-0.05961593417631265
-0.12670000000000003,-0.06008278890526811
-0.12770000000000015,-0.06064867342521412
-0.12870000000000004,-0.06091746857218847
-0.12970000000000015,-0.0615965299961237
-0.13070000000000004,-0.061327734849149336
-0.13170000000000015,-0.06202094338608321
-0.13270000000000004,-0.062289738533057575
-0.13370000000000015,-0.06240291543704677
-0.13470000000000004,-0.06332247778195904
-0.13570000000000015,-0.06391665652790236
-0.13670000000000004,-0.0640439805448902
-0.13770000000000016,-0.06463815929083352
-0.13870000000000005,-0.06537380916676334
-0.13970000000000016,-0.06627922439867698
-0.14070000000000005,-0.06701487427460678
-0.14170000000000016,-0.06712805117859601
-0.14270000000000005,-0.06690169737061757
-0.14370000000000016,-0.06676022624063108
-0.14470000000000005,-0.06783540682852851
-0.14570000000000016,-0.06892473452942459
-0.14670000000000005,-0.0699716208913247
-0.14770000000000016,-0.07004235645631796
-0.14870000000000005,-0.07131559662619649
-0.14970000000000017,-0.07089118323623698
-0.15070000000000006,-0.07147121486918166
-0.15170000000000017,-0.07241907144009123
-0.15270000000000006,-0.07287177905604804
-0.15370000000000017,-0.07444210859889823
-0.15470000000000006,-0.07555973052579161
-0.15570000000000017,-0.07606902659374302
-0.15670000000000006,-0.07663491111368903
-0.15770000000000017,-0.07625293906272547
-0.15870000000000006,-0.07761106191059591
-0.15970000000000018,-0.07871453672449064
-0.16070000000000007,-0.07906821454945691
-0.16170000000000018,-0.07966239329540022
-0.16270000000000007,-0.08046877873632328
-0.16370000000000018,-0.08223716786115459
-0.16470000000000007,-0.08370846761301422
-0.16570000000000018,-0.08418946945496834
-0.16670000000000007,-0.08448655882793998
-0.16770000000000018,-0.08513732602587791
-0.16870000000000007,-0.08486853087890354
-0.16970000000000018,-0.08714621607168627
-0.17070000000000007,-0.0869057151507092
-0.17170000000000019,-0.08899948787450947
-0.17270000000000008,-0.09030102227038528
-0.1737000000000002,-0.0907254356603448
-0.17470000000000008,-0.0929182381751356
-0.1757000000000002,-0.09414903700601819
-0.17670000000000008,-0.09436124370099794
-0.1777000000000002,-0.09678040002376717
-0.17870000000000008,-0.096907724040755
-0.1797000000000002,-0.0979121690636592
-0.18070000000000008,-0.09953908705850398
-0.1817000000000002,-0.10120844639234472
-0.18270000000000008,-0.10317489509915713
-0.1837000000000002,-0.10422178146105725
-0.1847000000000001,-0.1059760234728899
-0.1857000000000002,-0.10821126732667666
-0.1867000000000001,-0.10881959318561862
-0.1877000000000002,-0.11020601025948636
-0.1887000000000001,-0.11152169176836085
-0.1897000000000002,-0.11235637143528121
-0.1907000000000001,-0.11425208457710037
-0.1917000000000001,-0.11631756307490332
-0.19269999999999998,-0.1179727752957454
-0.1937000000000001,-0.11985434132456589
-0.19469999999999998,-0.12160858333639855
-0.1957000000000001,-0.1239004156421799
-0.19669999999999999,-0.12616395372196398
-0.1977000000000001,-0.12820113799376964
-0.1987,-0.12936120125965894
-0.1997000000000001,-0.1318227989214241
-0.2007,-0.13343556980327026
-0.2017000000000001,-0.13677428847095174
-0.2027,-0.13913685634172637
-0.2037000000000001,-0.1414286886475077
-0.2047,-0.14430055258623375
-0.2057000000000001,-0.1467055617960043
-0.2067,-0.14896909987578838
-0.2077000000000001,-0.1513741090855589
-0.2087,-0.15491088733522151
-0.2097000000000001,-0.15774030993495158
-0.2107,-0.16014531914472213
-0.2117000000000001,-0.1628332706144657
-0.2127,-0.1659456354741688
-0.2137000000000001,-0.16863358694391237
-0.2147,-0.17259477858353447
-0.2157000000000001,-0.17584861457322407
-0.2167,-0.17924392169290015
-0.21770000000000012,-0.18263922881257624
-0.2187,-0.18405394011244128
-0.21970000000000012,-0.18787366062207686
-0.2207,-0.192117794521672
-0.22170000000000012,-0.19593751503130757
-0.2227,-0.20018164893090268
-0.22370000000000012,-0.20513313848043033
-0.2247,-0.2076796188201874
-0.22570000000000012,-0.21234816610974203
-0.2267,-0.2181484824391887
-0.22770000000000012,-0.22140231842887825
-0.22870000000000001,-0.22366585650866228
-0.22970000000000013,-0.22918323057813594
-0.23070000000000002,-0.23470060464760956
-0.23170000000000013,-0.2397935653271237
-0.23270000000000002,-0.2437547569667458
-0.23370000000000013,-0.24842330425630044
-0.23470000000000002,-0.25295038041586854
-0.23570000000000013,-0.2591751101352747
-0.23670000000000002,-0.2637021862948429
-0.2376999999999999,-0.269361031494303
-0.23870000000000002,-0.27530281895373615
-0.2396999999999999,-0.28336667336296684
-0.24070000000000003,-0.289874345342346
-0.24169999999999991,-0.2934111235920086
-0.24270000000000003,-0.29822114201154976
-0.24369999999999992,-0.3055776407708479
-0.24470000000000003,-0.3091144190205105
-0.24569999999999992,-0.3174612156897142
-0.24670000000000003,-0.3243933010590529
-0.24769999999999992,-0.33019361738849956
-0.24870000000000003,-0.3350036358080407
-0.24969999999999992,-0.3420771923073659
-0.25070000000000003,-0.34830192202677207
-0.2516999999999999,-0.35551694965608377
-0.25270000000000004,-0.36287344841538194
-0.2536999999999999,-0.3685322936148421
-0.25470000000000004,-0.37631320576409977
-0.2556999999999999,-0.38437706017333045
-0.25670000000000004,-0.3903188476327636
-0.25769999999999993,-0.4014950669016974
-0.25870000000000004,-0.4087100945310091
-0.25969999999999993,-0.4150762953804018
-0.26070000000000004,-0.4234230920496055
-0.26169999999999993,-0.43049664854893066
-0.26270000000000004,-0.4399752142580264
-0.26369999999999993,-0.44874642431718964
-0.26470000000000005,-0.45596145194650134
-0.26569999999999994,-0.4650156042656376
-0.26670000000000005,-0.4736453431948142
-0.26769999999999994,-0.48227508212399106
-0.26870000000000005,-0.4923195323530327
-0.26969999999999994,-0.5046275206618586
-0.27070000000000005,-0.5117010771611837
-0.27169999999999994,-0.519623460440428
-0.27270000000000005,-0.5225943541701447
-0.27369999999999994,-0.5356096981289029
-0.27470000000000006,-0.5521618203373237
-0.27569999999999995,-0.5646112797761362
-0.27670000000000006,-0.5698457115856368
-0.27769999999999995,-0.5781925082548405
-0.27870000000000006,-0.5814463442445301
-0.27969999999999995,-0.5961593417631265
-0.28070000000000006,-0.6084673300719523
-0.28169999999999995,-0.6214826740307106
-0.28270000000000006,-0.6305368263498469
-0.28369999999999995,-0.6415715744887941
-0.28470000000000006,-0.6510501401978899
-0.28569999999999995,-0.6615190038168911
-0.28670000000000007,-0.6748172900356225
-0.28769999999999996,-0.6850032113946508
-0.28870000000000007,-0.6968867863135171
-0.28969999999999996,-0.7066482942825859
-0.29070000000000007,-0.7179659846815062
-0.29169999999999996,-0.7280104349105478
-0.29270000000000007,-0.7417331345192387
-0.29369999999999996,-0.7541825939580511
-0.2947000000000001,-0.7660661688769174
-0.29569999999999996,-0.7773838592758376
-0.2967000000000001,-0.789550376454677
-0.29769999999999996,-0.7997362978137053
-0.2987000000000001,-0.8127516417724636
-0.29969999999999997,-0.8250596300812894
-0.3007000000000001,-0.8376505606500882
-0.30169999999999997,-0.8464217707092515
-0.3027000000000001,-0.863681248567605
-0.30369999999999997,-0.8774039481762959
-0.3047000000000001,-0.889570465355135
-0.30569999999999997,-0.9031516938338394
-0.3067000000000001,-0.9156011532726518
-0.3077,-0.9294653240113291
-0.3087000000000001,-0.9434709658799929
-0.3097,-0.9553545407988592
-0.3107000000000001,-0.9632769240781034
-0.3117,-0.9781313927266864
-0.3127000000000001,-0.9927029191152963
-0.3137,-1.0071329743739197
-0.3147000000000001,-1.020148318332678
-0.3157,-1.0321733643815307
-0.3167000000000001,-1.041227516700667
-0.3177,-1.0562234564792363
-0.3187000000000001,-1.0727755786876572
-0.3197,-1.0908838833259298
-0.3207000000000001,-1.1012112758149446
-0.3217,-1.1122460239538918
-0.3227000000000001,-1.1237051854827986
-0.3237,-1.1340325779718134
-0.3247000000000001,-1.1488870466203962
-0.3257,-1.169824773858399
-0.3267000000000001,-1.1894892609265229
-0.3277,-1.2046266718350787
-0.3287000000000001,-1.2160858333639855
-0.3297,-1.2283938216728114
-0.3307000000000001,-1.240135925461691
-0.3317,-1.2558392208901932
-0.3327000000000001,-1.2702692761488166
-0.3337,-1.2804551975078446
-0.3347000000000001,-1.2971487908462522
-0.3357,-1.310305605934997
-0.3367000000000001,-1.3251600745835799
-0.3377,-1.3337898135127566
-0.3387000000000001,-1.349634580071245
-0.3397,-1.3714211340891667
-0.3407000000000001,-1.382455882228114
-0.3417,-1.3970274086167236
-0.3427000000000001,-1.4118818772653066
-0.3437,-1.423199567664227
-0.3447000000000001,-1.433102546763282
-0.3457,-1.4514937936615278
-0.3467000000000001,-1.4797880196588282
-0.3477,-1.4953498439573436
-0.3487000000000001,-1.5094969569559942
-0.3497,-1.5193999360550492
-0.3507000000000001,-1.5307176264539697
-0.3517,-1.54769416205235
-0.3527000000000001,-1.5561824298515403
-0.3537,-1.587306078448571
-0.3547000000000001,-1.5915502123481662
-0.3557,-1.6085267479465466
-0.35670000000000013,-1.6255032835449272
-0.3577,-1.6382356852437125
-0.35870000000000013,-1.6495533756426328
-0.3597,-1.6651151999411482
-0.36070000000000013,-1.6877505807389888
-0.3617,-1.7061418276372344
-0.3626999999999999,-1.7118006728366943
-0.3637,-1.7245330745354797
-0.3646999999999999,-1.7443390327335901
-0.3657,-1.7599008570321055
-0.3666999999999999,-1.772633258730891
-0.3677,-1.7867803717295414
-0.3686999999999999,-1.8094157525273817
-0.36970000000000003,-1.8249775768258971
-0.3706999999999999,-1.8377099785246829
-0.37170000000000003,-1.8447835350240078
-0.3726999999999999,-1.8631747819222533
-0.37370000000000003,-1.8801513175206337
-0.3746999999999999,-1.8858101627200938
-0.37570000000000003,-1.882980740120364
-0.3766999999999999,-1.891469007919554
-0.37770000000000004,-1.9112749661176645
-0.3786999999999999,-1.9622045729128061
-0.37970000000000004,-1.9749369746115912
-0.3806999999999999,-1.980595819811051
-0.38170000000000004,-1.993328221509837
-0.38269999999999993,-1.9947429328097017
-0.38370000000000004,-2.004645911908757
-0.38469999999999993,-2.0329401379060577
-0.38570000000000004,-2.054160807404033
-0.38669999999999993,-2.0668932091028185
-0.38770000000000004,-2.081040322101469
-0.38869999999999993,-2.0966021463999844
-0.38970000000000005,-2.12914050629688
-0.39069999999999994,-2.1475317531951257
-0.39170000000000005,-2.1602641548939108
-0.39269999999999994,-2.1701671339929662
-0.39370000000000005,-2.1857289582914814
-0.39469999999999994,-2.199876071290132
-0.39570000000000005,-2.1984613599902674
-0.39669999999999994,-2.2196820294882422
-0.39770000000000005,-2.2423174102860832
-0.39869999999999994,-2.276270481482844
-0.39970000000000006,-2.284758749282034
-0.40069999999999995,-2.3003205735805494
-0.40170000000000006,-2.3144676865791998
-0.40269999999999995,-2.33144422217758
-0.40370000000000006,-2.3328589334774454
-0.40469999999999995,-2.3455913351762305
-0.40570000000000006,-2.359738448174881
-0.40669999999999995,-2.380959117672857
-0.40770000000000006,-2.4163269001694827
-0.40869999999999995,-2.4290593018682682
-0.40970000000000006,-2.4432064148669186
-0.41069999999999995,-2.460182950465299
-0.41170000000000007,-2.468671218264489
-0.41269999999999996,-2.472915352164084
-0.41370000000000007,-2.49413602166206
-0.41469999999999996,-2.509697845960575
-0.41570000000000007,-2.5280890928588207
-0.41669999999999996,-2.554968607556256
-0.41770000000000007,-2.5733598544545018
-0.41869999999999996,-2.581848122253692
-0.4197000000000001,-2.600239369151937
-0.42069999999999996,-2.618630616050183
-0.4217000000000001,-2.634192440348698
-0.42269999999999996,-2.659657243746269
-0.4237000000000001,-2.6723896454450546
-0.42469999999999997,-2.6907808923433
-0.4257000000000001,-2.70209858274222
-0.42669999999999997,-2.700683871442355
-0.4277000000000001,-2.7105868505414104
-0.42869999999999997,-2.764345879936282
-0.4297000000000001,-2.7898106833338523
-0.43069999999999997,-2.794054817233447
-0.4317000000000001,-2.8067872189322327
-0.4327,-2.822349043230748
-0.4337000000000001,-2.8308373110299385
-0.4347,-2.8478138466283185
-0.4357000000000001,-2.864790382226699
-0.4367,-2.8761080726256196
-0.4377000000000001,-2.90157287602319
-0.4387,-2.9284523907206257
-0.4397000000000001,-2.9510877715184667
-0.4407,-2.965234884517117
-0.4417000000000001,-2.9850408427152275
-0.4427,-2.999187955713878
-0.4437000000000001,-3.0147497800123935
-0.4447,-3.031726315610774
-0.4457000000000001,-3.054361696408614
-0.4467,-3.076997077206455
-0.4477000000000001,-3.0883147676053753
-0.4487,-3.1038765919038904
-0.4497000000000001,-3.1166089936026755
-0.4507,-3.135000240500921
-0.4517000000000001,-3.153391487399167
-0.4527,-3.160465043898492
-0.4537000000000001,-3.156220909998897
-0.4547,-3.156220909998897
-0.4557000000000001,-3.1760268681970074
-0.4567,-3.243933010590529
-0.4577000000000001,-3.2566654122893146
-0.4587,-3.27222723658783
-0.4597000000000001,-3.28637434958648
-0.4607,-3.2962773286855356
-0.4617000000000001,-3.3118391529840507
-0.4627,-3.3245715546828363
-0.4637000000000001,-3.3457922241808116
-0.4647,-3.3783305840777076
-0.4657000000000001,-3.403795387475278
-0.4667,-3.4207719230736586
-0.4677000000000001,-3.430674902172714
-0.4687,-3.436333747372174
-0.4697000000000001,-3.4830192202677206
-0.4707,-3.5113134462650213
-0.4717000000000001,-3.5297046931632665
-0.4727,-3.545266517461782
-0.4737000000000001,-3.5495106513613774
-0.4747,-3.546681228761647
-0.4757000000000001,-3.559413630460432
-0.4767,-3.5820490112582726
-0.4777000000000001,-3.6372227519530096
-0.4787,-3.664102266650445
-0.4797000000000001,-3.6754199570493657
-0.4807,-3.6895670700480157
-0.48170000000000013,-3.7037141830466664
-0.4827,-3.730593697744102
-0.48370000000000013,-3.7631320576409975
-0.4847,-3.7631320576409975
-0.48570000000000013,-3.8055733966369485
-0.4867,-3.815476375736004
-0.4876999999999999,-3.8395264678337093
-0.4887,-3.840941179133574
-0.4896999999999999,-3.855088292132225
-0.4907,-3.8748942503303354
-0.4916999999999999,-3.9046031876275014
-0.4927,-3.931482702324937
-0.4936999999999999,-3.961191639622102
-0.49470000000000003,-3.9965594221187284
-0.4956999999999999,-4.014950669016974
-0.49670000000000003,-4.026268359415894
-0.4976999999999999,-4.0446596063141405
-0.49870000000000003,-4.085686234010226
-0.4996999999999999,-4.082856811410497
-0.5007,-4.1040774809084715
-0.5016999999999999,-4.126712861706312
-0.5027,-4.133786418205637
-0.5036999999999999,-4.162080644202938
-0.5047,-4.205936694498754
-0.5056999999999999,-4.222913230097134
-0.5067,-4.24413389959511
-0.5076999999999999,-4.2681839916928155
-0.5087,-4.285160527291196
-0.5096999999999999,-4.302137062889576
-0.5107,-4.341748979285797
-0.5116999999999999,-4.362969648783774
-0.5127,-4.396922719980535
-0.5136999999999999,-4.420972812078239
-0.5147,-4.44643761547581
-0.5156999999999999,-4.467658284973785
-0.5167,-4.491708377071491
-0.5176999999999999,-4.518587891768927
-0.5187,-4.535564427367307
-0.5196999999999999,-4.5638586533646075
-0.5207,-4.587908745462314
-0.5216999999999999,-4.61195883756002
-0.5227,-4.613373548859885
-0.5236999999999999,-4.636008929657725
-0.5247,-4.66288844435516
-0.5257,-4.702500360751382
-0.5267000000000001,-4.737868143248008
-0.5277,-4.767577080545174
-0.5287000000000001,-4.787383038743283
-0.5297,-4.781724193543823
-0.5307000000000001,-4.82275082123991
-0.5317,-4.8453862020377505
-0.5327000000000001,-4.880753984534377
-0.5337,-4.907633499231812
-0.5347000000000001,-4.934513013929248
-0.5357,-4.958563106026954
-0.5367000000000001,-4.978369064225063
-0.5377,-5.0052485789225
-0.5387000000000001,-5.043445784018855
-0.5397,-5.067495876116562
-0.5407000000000001,-5.0943753908139975
-0.5417,-5.111351926412377
-0.5427000000000001,-5.133987307210218
-0.5437,-5.167940378406978
-0.5447000000000001,-5.203308160903605
-0.5457,-5.240090654700095
-0.5467000000000001,-5.269799591997262
-0.5477,-5.299508529294427
-0.5487000000000001,-5.2980938179945625
-0.5497,-5.315070353592943
-0.5507000000000001,-5.351852847389433
-0.5517,-5.409856010683901
-0.5527000000000001,-5.440979659280932
-0.5537,-5.480591575677152
-0.5547000000000001,-5.5018122451751275
-0.5557,-5.511715224274183
-0.5567000000000001,-5.5414241615713475
-0.5577,-5.588109634466894
-0.5587000000000001,-5.622062705663656
-0.5597,-5.651771642960822
-0.5607000000000001,-5.695627693256637
-0.5617,-5.740898454852318
-0.5627000000000001,-5.772022103449349
-0.5637,-5.793242772947325
-0.5647000000000001,-5.8229517102444905
-0.5657,-5.8682224718401725
-0.5667000000000001,-5.900760831737068
-0.5677,-5.931884480334099
-0.5687000000000001,-5.96583755153086
-0.5697,-6.016767158326001
-0.5707000000000001,-6.063452631221548
-0.5717,-6.080429166819927
-0.5727000000000001,-6.129944062315205
-0.5737,-6.178044246510615
-0.5747000000000001,-6.228973853305757
-0.5757,-6.260097501902788
-0.5767000000000001,-6.296879995699278
-0.5777,-6.342150757294959
-0.5787000000000001,-6.39025094149037
-0.5797,-6.427033435286861
-0.5807000000000001,-6.469474774282813
-0.5817,-6.504842556779439
-0.5827000000000001,-6.55577216357458
-0.5837,-6.602457636470127
-0.5847000000000001,-6.654801954565133
-0.5857,-6.698658004860949
-0.5867000000000001,-6.745343477756495
-0.5877,-6.792028950652041
-0.5887000000000001,-6.835885000947857
-0.5897,-6.891058741642594
-0.5907000000000001,-6.958964884036115
-0.5917,-7.015553336030716
-0.5927000000000001,-7.063653520226129
-0.5937,-7.093362457523294
-0.5947000000000001,-7.138633219118976
-0.5957,-7.179659846815062
-0.5967000000000001,-7.244736566608854
-0.5977,-7.297080884703859
-0.5987000000000001,-7.379134140096031
-0.5997,-7.438552014690363
-0.6007000000000001,-7.497969889284694
-0.6017,-7.555973052579161
-0.6027000000000001,-7.615390927173493
-0.6037,-7.670564667868228
-0.6047000000000001,-7.727153119862831
-0.6057,-7.776668015358106
-0.6067000000000001,-7.840330023852035
-0.6077,-7.9025773210460954
-0.6087000000000001,-7.961995195640427
-0.6097,-8.031316049333814
-0.6107000000000001,-8.087904501328415
-0.6117,-8.165713622820993
-0.6126999999999999,-8.24918158951303
-0.6137,-8.33406426750493
-0.6146999999999999,-8.417532234196969
-0.6157,-8.482608953990761
-0.6166999999999999,-8.520806159087115
-0.6177,-8.568906343282526
-0.6186999999999999,-8.643886042175374
-0.6197,-8.740086410566196
-0.6206999999999999,-8.823554377258235
-0.6217,-8.87023985015378
-0.6226999999999999,-8.989075599342444
-0.6237,-9.07537298863421
-0.6246999999999999,-9.148937976227192
-0.6257,-9.236650076818824
-0.6266999999999999,-9.310215064411805
-0.6277,-9.390853608504113
-0.6286999999999999,-9.492712822094397
-0.6297,-9.598816169584273
-0.6306999999999999,-9.702090094474421
-0.6317,-9.79404632896565
-0.6326999999999999,-9.876099584357823
-0.6337,-9.962396973649588
-0.6346999999999999,-10.08689156803771
-0.6357,-10.197239049427184
-0.6366999999999999,-10.309001242116523
-0.6377,-10.41793401220613
-0.6386999999999999,-10.542428606594253
-0.6397,-10.664093778382647
-0.6406999999999999,-10.784344238871176
-0.6417,-10.896106431560511
-0.6426999999999999,-10.983818532152144
-0.6437,-11.108313126540267
-0.6446999999999999,-11.238466566127851
-0.6457,-11.388425963913546
-0.6466999999999999,-11.52423824870059
-0.6477,-11.689759470784798
-0.6486999999999999,-11.838304157270626
-0.6497,-11.972701730757805
-0.6507,-12.109928726844714
-0.6517000000000001,-12.268376392429598
-0.6527,-12.442385882312998
-0.6537000000000001,-12.616395372196397
-0.6547,-12.796063707279258
-0.6557000000000001,-12.96299964066333
-0.6567,-13.155400377444975
-0.6577000000000001,-13.318092176929456
-0.6587,-13.49351637811272
-0.6597000000000001,-13.671770001895714
-0.6607,-13.868414872576954
-0.6617000000000001,-14.059400898058735
-0.6627,-14.26028990263957
-0.6637000000000001,-14.472496597619326
-0.6647,-14.69885040559773
-0.6657000000000001,-14.911057100577487
-0.6667,-15.137410908555893
-0.6677000000000001,-15.349617603535648
-0.6687,-15.575971411514052
-0.6697000000000001,-15.816472332491113
-0.6707,-16.085267479465468
-0.6717000000000001,-16.354062626439823
-0.6727,-16.665299112410132
-0.6737000000000001,-16.93409425938449
-0.6747,-17.188742293360193
-0.6757000000000001,-17.4433903273359
-0.6767,-17.71218547431026
-0.6777000000000001,-18.02342196028057
-0.6787,-18.334658446250877
-0.6797000000000001,-18.645894932221182
-0.6807,-18.97127853119014
-0.6817000000000001,-19.3249563561564
-0.6827,-19.636192842126707
-0.6837000000000001,-19.961576441095666
-0.6847,-20.286960040064624
-0.6857000000000001,-20.640637865030882
-0.6867,-21.022609915994444
-0.6877000000000001,-21.404581966958006
-0.6887,-21.800701130920213
-0.6897000000000001,-22.140231842887825
-0.6907,-22.522203893851387
-0.6917000000000001,-22.960764396809545
-0.6927,-23.41347201276636
-0.6937000000000001,-23.86617962872317
-0.6947,-24.290593018682678
-0.6957000000000001,-24.729153521640843
-0.6967,-25.153566911600354
-0.6977000000000001,-25.57798030155986
-0.6987,-26.016540804518023
-0.6997000000000001,-26.455101307476184
-0.7007,-26.936103149430302
-0.7017000000000001,-27.473693443379013
-0.7027,-27.912253946337174
-0.7037000000000001,-28.350814449295335
-0.7047,-28.88840474324405
-0.7057000000000001,-29.510877715184666
-0.7067,-30.07676223513068
-0.7077000000000001,-30.642646755076694
-0.7087,-31.151942823028104
-0.7097000000000001,-31.632944664982226
-0.7107,-32.184682071929586
-0.7117000000000001,-32.693978139881004
-0.7127,-33.11839152984051
-0.7137000000000001,-33.740864501781125
-0.7147,-34.44822015171364
-0.7157000000000001,-34.99995755866101
-0.7167,-35.53754785260972
-0.7177000000000001,-36.03269680756248
-0.7187,-36.570287101511205
-0.7197000000000001,-37.07958316946261
-0.7207,-37.73035036740053
-0.7217000000000001,-38.31038200034519
-0.7227,-39.00359053727906
-0.7237000000000001,-39.71094618721158
-0.7247,-40.34756627215084
-0.7257000000000001,-40.88515656609956
-0.7267,-41.43689397304693
-0.7277000000000001,-41.93204292799969
-0.7287,-42.568663012938956
-0.7297000000000001,-43.27601866287147
-0.7307,-43.87019740881479
-0.7317000000000001,-44.478523267756756
-0.7327,-45.044407787702774
-0.7337000000000001,-45.666880759643384
-0.7347,-46.147882601597495
-0.7357000000000001,-46.60059021755431
-0.7367,-46.92597381652327
-0.7376999999999999,-47.39282854547873
-0.7387,-48.04359574341665
-0.7396999999999999,-48.59533315036401
-0.7407,-48.94901097533027
-0.7416999999999999,-49.571483947270885
-0.7427,-50.109074241219595
-0.7436999999999999,-50.71740010016157
-0.7447,-51.26913750710893
-0.7456999999999999,-51.919904705046854
-0.7467,-52.54237767698746
-0.7476999999999999,-53.051673744938874
-0.7487,-53.56096981289029
-0.7496999999999999,-54.09856010683901
-0.7507,-54.70688596578097
-0.7516999999999999,-55.32935893772159
-0.7527,-55.85280211867165
-0.7536999999999999,-56.63089333359741
-0.7547,-57.16848362754614
-0.7556999999999999,-57.889986390477304
-0.7567,-58.51245936241792
-0.7576999999999999,-59.12078522135989
-0.7587,-59.757405306299155
-0.7596999999999999,-60.46476095623167
-0.7607,-61.05893970217499
-0.7616999999999999,-61.525794431130436
-0.7627,-61.921913595092654
-0.7636999999999999,-62.700004810018434
-0.7647,-63.40736045995095
-0.7656999999999999,-63.98739209289561
-0.7667,-64.73718908182407
-0.7676999999999999,-65.28892648877145
-0.7687,-65.9821350257053
-0.7696999999999999,-66.61875511064459
-0.7707,-67.45343477756495
-0.7716999999999999,-68.35885000947859
-0.7727,-68.96717586842054
-0.7736999999999999,-69.3491479193841
-0.7747,-69.98576800432336
-0.7757,-70.70727076725453
-0.7767000000000001,-71.15997838321134
-0.7777,-71.96636382413442
-0.7787000000000001,-72.77274926505748
-0.7797,-73.59328181897921
-0.7807000000000001,-74.27234324291443
-0.7817,-75.31922960481455
-0.7827000000000001,-75.55973052579161
-0.7837,-75.78608433377002
-0.7847000000000001,-76.79052935667418
-0.7857,-77.59691479759726
-0.7867000000000001,-77.80912149257702
-0.7857,-77.22908985963235
-0.7847000000000001,-76.40855730571064
-0.7837,-75.51728918679565
-0.7827000000000001,-74.61187395488203
-0.7817,-73.83378273995626
-0.7807000000000001,-73.06983863802915
-0.7797,-72.22101185811013
-0.7787000000000001,-71.66927445116276
-0.7777,-70.96191880123024
-0.7767000000000001,-70.11309202131122
-0.7757,-69.39158925838004
-0.7747,-69.05205854641244
-0.7736999999999999,-68.17493754049613
-0.7727,-67.6656414725447
-0.7716999999999999,-66.84510891862298
-0.7707,-66.16604749468777
-0.7696999999999999,-65.670898539735
-0.7687,-65.18989669778088
-0.7676999999999999,-64.69474774282813
-0.7667,-63.88836230190506
-0.7656999999999999,-63.22344799096849
-0.7647,-62.30388564605621
-0.7636999999999999,-61.53994154412909
-0.7627,-61.20041083216149
-0.7616999999999999,-60.66282053821277
-0.7607,-60.12523024426406
-0.7596999999999999,-58.90857852638013
-0.7587,-58.14463442445301
-0.7576999999999999,-57.649485469500235
-0.7567,-57.04115961055828
-0.7556999999999999,-56.26306839563251
-0.7547,-55.82450789267435
-0.7536999999999999,-55.555712745699985
-0.7527,-54.80591575677152
-0.7516999999999999,-53.9005005248579
-0.7507,-53.10826219693348
-0.7496999999999999,-52.528230563988814
-0.7487,-51.63696244507384
-0.7476999999999999,-51.19840194211567
-0.7467,-50.84472411714942
-0.7456999999999999,-50.12322135421825
-0.7447,-49.472454156280335
-0.7436999999999999,-48.66606871535726
-0.7427,-48.1426255344072
-0.7416999999999999,-47.37868143248008
-0.7407,-46.30350084458265
-0.7396999999999999,-45.22832025668522
-0.7387,-44.81805397972436
-0.7376999999999999,-44.45022904175945
-0.7367,-43.87019740881479
-0.7357000000000001,-43.04966485489307
-0.7347,-42.3281620919619
-0.7337000000000001,-41.77642468501453
-0.7327,-41.210540165068515
-0.7317000000000001,-40.616361419125205
-0.7307,-40.135359577171094
-0.7297000000000001,-39.71094618721158
-0.7287,-39.159208780264215
-0.7277000000000001,-38.55088292132225
-0.7267,-37.97085128837759
-0.7257000000000001,-37.54643789841808
-0.7247,-36.90981781347881
-0.7237000000000001,-36.25905061554089
-0.7227,-35.650724756598926
-0.7217000000000001,-35.282899818634014
-0.7207,-34.92922199366775
-0.7197000000000001,-34.58969128170015
-0.7187,-34.207719230736586
-0.7177000000000001,-33.47206935480677
-0.7167,-32.93447906085806
-0.7157000000000001,-32.368594540912035
-0.7147,-31.887592698957924
-0.7137000000000001,-31.505620647994366
-0.7127,-31.151942823028104
-0.7117000000000001,-30.642646755076694
-0.7107,-29.878702653149578
-0.7097000000000001,-29.454289263190066
-0.7087,-29.072317212226505
-0.7077000000000001,-28.704492274261593
-0.7067,-28.11031352831828
-0.7057000000000001,-27.516134782374962
-0.7047,-27.233192522401957
-0.7037000000000001,-26.89366181043435
-0.7027,-26.455101307476184
-0.7017000000000001,-26.087276369511276
-0.7007,-25.761892770542314
-0.6997000000000001,-25.337479380582806
-0.6987,-24.842330425630045
-0.6977000000000001,-24.559388165657033
-0.6967,-24.078386323702922
-0.6957000000000001,-23.738855611735314
-0.6947,-23.187118204787954
-0.6937000000000001,-22.80514615382439
-0.6927,-22.607086571843286
-0.6917000000000001,-22.140231842887825
-0.6907,-21.744112678925614
-0.6897000000000001,-21.461170418952605
-0.6887,-21.036757028993097
-0.6877000000000001,-20.72552054302279
-0.6867,-20.541608074040333
-0.6857000000000001,-20.25866581406732
-0.6847,-19.919135102099716
-0.6837000000000001,-19.452280373144255
-0.6827,-19.141043887173947
-0.6817000000000001,-18.80151317520634
-0.6807,-18.589306480226583
-0.6797000000000001,-18.40539401124413
-0.6787,-18.09415752527382
-0.6777000000000001,-17.669744135314307
-0.6767,-17.37265476234265
-0.6757000000000001,-17.089712502369647
-0.6747,-16.721887564404735
-0.6737000000000001,-16.438945304431726
-0.6727,-16.15600304445872
-0.6717000000000001,-15.929649236480316
-0.6707,-15.604265637511356
-0.6697000000000001,-15.37791182953295
-0.6687,-15.165705134553193
-0.6677000000000001,-14.911057100577487
-0.6667,-14.741291744593681
-0.6657000000000001,-14.486643710617974
-0.6647,-14.175407224647667
-0.6637000000000001,-13.984421199165887
-0.6627,-13.776458638085728
-0.6617000000000001,-13.530298871909212
-0.6607,-13.3364834238277
-0.6597000000000001,-13.11154432714916
-0.6587,-12.906411188668729
-0.6577000000000001,-12.605077681797477
-0.6567,-12.384382719018532
-0.6557000000000001,-12.091537479946469
-0.6547,-11.93167510306172
-0.6537000000000001,-11.736444943680345
-0.6527,-11.57516785549573
-0.6517000000000001,-11.324763955419618
-0.6507,-11.173389846334059
-0.6497,-10.96259786265417
-0.6486999999999999,-10.781514816271445
-0.6477,-10.642873108884672
-0.6466999999999999,-10.478766598100327
-0.6457,-10.283536438718953
-0.6446999999999999,-10.089720990637442
-0.6437,-9.918540923353772
-0.6426999999999999,-9.730384320471723
-0.6417,-9.49695695599399
-0.6406999999999999,-9.3144591983114
-0.6397,-9.160255666626112
-0.6386999999999999,-9.01595511403988
-0.6377,-8.755648234864712
-0.6366999999999999,-8.551929807684147
-0.6357,-8.424605790696294
-0.6346999999999999,-8.329820133605336
-0.6337,-8.128931129024501
-0.6326999999999999,-8.017168936335162
-0.6317,-7.879941940248254
-0.6306999999999999,-7.773838592758376
-0.6297,-7.591340835075788
-0.6286999999999999,-7.387622407895222
-0.6277,-7.258883679607503
-0.6266999999999999,-7.15702446601722
-0.6257,-7.031115160329232
-0.6246999999999999,-6.966038440535441
-0.6237,-6.883985185143269
-0.6226999999999999,-6.75241703425582
-0.6217,-6.599628213870396
-0.6206999999999999,-6.473718908182407
-0.6197,-6.360542004193205
-0.6186999999999999,-6.253023945403462
-0.6177,-6.2756593262013025
-0.6166999999999999,-6.20209433860832
-0.6157,-6.081843878119792
-0.6146999999999999,-5.8682224718401725
-0.6137,-5.790413350347595
-0.6126999999999999,-5.733824898352994
-0.6117,-5.668748178559202
-0.6107000000000001,-5.549912429370539
-0.6097,-5.483420998276882
-0.6087000000000001,-5.487665132176478
-0.6077,-5.3900500524857895
-0.6067000000000001,-5.289605550195372
-0.6057,-5.143890286309273
-0.6047000000000001,-5.122669616811298
-0.6037,-5.03071338232007
-0.6027000000000001,-4.971295507725738
-0.6017,-4.9175364783308675
-0.6007000000000001,-4.8595333150364
-0.5997,-4.773235925744634
-0.5987000000000001,-4.723721030249357
-0.5977,-4.638838352257455
-0.5967000000000001,-4.573761632463664
-0.5957,-4.555370385565419
-0.5947000000000001,-4.473317130173245
-0.5937,-4.4124845442790495
-0.5927000000000001,-4.334675422786473
-0.5917,-4.24413389959511
-0.5907000000000001,-4.23281620919619
-0.5897,-4.24696332219484
-0.5887000000000001,-4.22715736399673
-0.5877,-4.05597729671306
-0.5867000000000001,-3.931482702324937
-0.5857,-3.8664059825311448
-0.5847000000000001,-3.764546768940863
-0.5837,-3.7178612960453163
-0.5827000000000001,-3.7037141830466664
-0.5817,-3.7206907186450464
-0.5807000000000001,-3.669761111849905
-0.5797,-3.5778048773586777
-0.5787000000000001,-3.45472499427042
-0.5777,-3.4179425004739286
-0.5767000000000001,-3.3755011614779775
-0.5757,-3.3443775128809468
-0.5747000000000001,-3.3019361738849957
-0.5737,-3.253835989689584
-0.5727000000000001,-3.232615320191609
-0.5717,-3.1901739811956578
-0.5707000000000001,-3.167538600397817
-0.5697,-3.125097261401866
-0.5687000000000001,-3.050117562509019
-0.5677,-3.010505646112798
-0.5667000000000001,-3.0387998721100984
-0.5657,-2.972308441016442
-0.5647000000000001,-2.990699687914687
-0.5637,-2.9525024828183315
-0.5627000000000001,-2.91289056642211
-0.5617,-2.893084608224
-0.5607000000000001,-2.874693361325755
-0.5597,-2.8280078884302084
-0.5587000000000001,-2.8011283737327726
-0.5577,-2.7516134782374966
-0.5567000000000001,-2.7134162731411404
-0.5557,-2.6879514697435702
-0.5547000000000001,-2.6879514697435702
-0.5537,-2.666730800245594
-0.5527000000000001,-2.6780484906445143
-0.5517,-2.554968607556256
-0.5507000000000001,-2.518186113759765
-0.5497,-2.543650917157336
-0.5487000000000001,-2.4743300634639493
-0.5477,-2.426229879268538
-0.5467000000000001,-2.407838632370292
-0.5457,-2.3738855611735317
-0.5447000000000001,-2.351250180375691
-0.5437,-2.348420757775961
-0.5427000000000001,-2.361153159474746
-0.5417,-2.3158823978790646
-0.5407000000000001,-2.284758749282034
-0.5397,-2.235243853786758
-0.5387000000000001,-2.1913878034909415
-0.5377,-2.1673377113932366
-0.5367000000000001,-2.161678866193776
-0.5357,-2.174411267892561
-0.5347000000000001,-2.13196992889661
-0.5337,-2.10367570289931
-0.5327000000000001,-2.0626490752032236
-0.5317,-2.038598983105518
-0.5307000000000001,-2.0187930249074073
-0.5297,-2.017378313607542
-0.5287000000000001,-2.0357695605057877
-0.5277,-2.007475334508487
-0.5267000000000001,-1.9763516859114565
-0.5257,-1.9664487068124006
-0.5247,-1.9310809243157752
-0.5236999999999999,-1.9027866983184742
-0.5227,-1.9013719870186092
-0.5216999999999999,-1.8702483384215782
-0.5207,-1.8461982463238729
-0.5196999999999999,-1.8249775768258971
-0.5187,-1.7966833508285964
-0.5176999999999999,-1.7910245056291363
-0.5167,-1.7867803717295414
-0.5156999999999999,-1.7485831666331852
-0.5147,-1.7400948988339953
-0.5136999999999999,-1.7316066310348048
-0.5127,-1.701897693737639
-0.5116999999999999,-1.6863358694391237
-0.5107,-1.6721887564404734
-0.5096999999999999,-1.6764328903400685
-0.5087,-1.6665299112410132
-0.5076999999999999,-1.658041643441823
-0.5067,-1.6396503965435776
-0.5056999999999999,-1.6042826140469515
-0.5047,-1.5590118524512704
-0.5036999999999999,-1.543450028152755
-0.5027,-1.5377911829532949
-0.5016999999999999,-1.546279450752485
-0.5007,-1.5377911829532949
-0.4996999999999999,-1.5264734925543744
-0.49870000000000003,-1.5179852247551844
-0.4976999999999999,-1.501008689156804
-0.49670000000000003,-1.4769585970590984
-0.4956999999999999,-1.459982061460718
-0.49470000000000003,-1.4444202371622026
-0.4936999999999999,-1.4401761032626073
-0.4927,-1.4302731241635522
-0.4916999999999999,-1.4175407224647667
-0.4907,-1.407496272235725
-0.4896999999999999,-1.3755237968587752
-0.4887,-1.3533128294508943
-0.4876999999999999,-1.349634580071245
-0.4867,-1.3364777649825001
-0.48570000000000013,-1.3233209498937553
-0.4847,-1.3015343958758336
-0.48370000000000013,-1.289226407567008
-0.4827,-1.2831431489775882
-0.48170000000000013,-1.2644689598193697
-0.4807,-1.2542830384603414
-0.4797000000000001,-1.2661666133792076
-0.4787,-1.2568295188000984
-0.4777000000000001,-1.2467850685710569
-0.4767,-1.2289597061927575
-0.4757000000000001,-1.2050510852250382
-0.4747,-1.1790203973075215
-0.4737000000000001,-1.1839718868570492
-0.4727,-1.1593559102393975
-0.4717000000000001,-1.1553947185997753
-0.4707,-1.1542629495598833
-0.4697000000000001,-1.1320519821520023
-0.4687,-1.1191781093232305
-0.4677000000000001,-1.11394367751373
-0.4667,-1.0986647954751876
-0.4657000000000001,-1.0931474214057137
-0.4647,-1.0849420958664966
-0.4637000000000001,-1.0599017058588855
-0.4627,-1.0434910547804512
-0.4617000000000001,-1.0318904221215577
-0.4607,-1.0217045007625294
-0.4597000000000001,-1.0122259350534337
-0.4587,-1.0002008890045808
-0.4577000000000001,-0.9826584688862544
-0.4567,-0.9737457876971048
-0.4557000000000001,-0.9690772404075502
-0.4547,-0.9726140186572129
-0.4537000000000001,-0.9789802195066053
-0.4527,-0.960871914868333
-0.4517000000000001,-0.9331435733909781
-0.4507,-0.963135452948117
-0.4497000000000001,-0.9071128854734616
-0.4487,-0.8963610795944873
-0.4477000000000001,-0.9047078762636909
-0.4467,-0.9066884720835021
-0.4457000000000001,-0.8865995716254184
-0.4447,-0.8679253824672
-0.4437000000000001,-0.8549100385084417
-0.4427,-0.8417532234196969
-0.4417000000000001,-0.8290208217209115
-0.4407,-0.8120442861225311
-0.4397000000000001,-0.8041219028432868
-0.4387,-0.7947848082641775
-0.4377000000000001,-0.7936530392242855
-0.4367,-0.7827597622153247
-0.4357000000000001,-0.7703103027765125
-0.4347,-0.7611146793273897
-0.4337000000000001,-0.7541825939580511
-0.4327,-0.7529093537881726
-0.4317000000000001,-0.7381963562695761
-0.43069999999999997,-0.731688684290197
-0.4297000000000001,-0.7265957236106829
-0.42869999999999997,-0.7287177905604804
-0.4277000000000001,-0.7227760031010473
-0.42669999999999997,-0.7015553336030717
-0.4257000000000001,-0.6883985185143269
-0.42469999999999997,-0.6779296548953256
-0.4237000000000001,-0.6634995996367021
-0.42269999999999996,-0.6544454473175659
-0.4217000000000001,-0.6473718908182408
-0.42069999999999996,-0.6329418355596174
-0.4197000000000001,-0.6216241451606972
-0.41869999999999996,-0.6260097501902787
-0.41770000000000007,-0.6294050573099549
-0.41669999999999996,-0.6103064547617768
-0.41570000000000007,-0.5987058221028836
-0.41469999999999996,-0.5873881317039633
-0.41370000000000007,-0.5779095659948674
-0.41269999999999996,-0.5845587091042331
-0.41170000000000007,-0.5723921919253939
-0.41069999999999995,-0.5612159726564601
-0.40970000000000006,-0.556688896496892
-0.40869999999999995,-0.5490494554776209
-0.40770000000000006,-0.5460785617479043
-0.40669999999999995,-0.5312240930993213
-0.40570000000000006,-0.5208967006103065
-0.40469999999999995,-0.518774633660509
-0.40370000000000006,-0.5121254905511432
-0.40269999999999995,-0.504768991791845
-0.40170000000000006,-0.4917536478330867
-0.40069999999999995,-0.482558024383964
-0.39970000000000006,-0.4694012092952191
-0.39869999999999994,-0.46699620008544857
-0.39770000000000005,-0.465157075395624
-0.39669999999999994,-0.4619032394059345
-0.39570000000000005,-0.45596145194650134
-0.39469999999999994,-0.4490293665771626
-0.39370000000000005,-0.4422387523378105
-0.39269999999999994,-0.4323357732387552
-0.39170000000000005,-0.4254036878694165
-0.39069999999999994,-0.40927597905095514
-0.38970000000000005,-0.40687096984118454
-0.38869999999999993,-0.40856862340102257
-0.38770000000000004,-0.406729498711198
-0.38669999999999993,-0.42271573639967297
-0.38570000000000004,-0.4122468727806717
-0.38469999999999993,-0.39215797232258814
-0.38370000000000004,-0.38041586853370835
-0.38269999999999993,-0.36994700491470706
-0.38170000000000004,-0.3678249379649095
-0.3806999999999999,-0.3616002082455034
-0.37970000000000004,-0.35792195886585426
-0.3786999999999999,-0.3495751621966506
-0.37770000000000004,-0.34490661490709595
-0.3766999999999999,-0.33995512535756833
-0.37570000000000003,-0.33641834710790575
-0.3746999999999999,-0.3313253864283916
-0.37370000000000003,-0.3239688876690934
-0.3726999999999999,-0.3146317930899841
-0.37170000000000003,-0.308124121110605
-0.3706999999999999,-0.3006261512213203
-0.36970000000000003,-0.3033141026910639
-0.3686999999999999,-0.3011920357412663
-0.3677,-0.30303116043109085
-0.3666999999999999,-0.2959576039317657
-0.3657,-0.2839325578829129
-0.3646999999999999,-0.2726148674839926
-0.3637,-0.26766337793446493
-0.3626999999999999,-0.26455101307476186
-0.3617,-0.26058982143513976
-0.36070000000000013,-0.2562042164055581
-0.3597,-0.2518186113759765
-0.35870000000000013,-0.24842330425630044
-0.3577,-0.24870624651627343
-0.35670000000000013,-0.24615976617651636
-0.3557,-0.2397935653271237
-0.3547000000000001,-0.23158823978790652
-0.3537,-0.23187118204787951
-0.3527000000000001,-0.22974911509808196
-0.3517,-0.2239487987686353
-0.3507000000000001,-0.22564645232847336
-0.3497,-0.2153190598394586
-0.3487000000000001,-0.20994315689997145
-0.3477,-0.2075381476902009
-0.3467000000000001,-0.20838697447011992
-0.3457,-0.2116408104598095
-0.3447000000000001,-0.19027866983184744
-0.3437,-0.1849027668923603
-0.3427000000000001,-0.18037569073279217
-0.3417,-0.17867803717295414
-0.3407000000000001,-0.17966833508285968
-0.3397,-0.17754626813306212
-0.3387000000000001,-0.20004017780091618
-0.3377,-0.19268367904161798
-0.3367000000000001,-0.17556567231325104
-0.3357,-0.16042826140469515
-0.3347000000000001,-0.15703295428501907
-0.3337,-0.1503838111756534
-0.3327000000000001,-0.14613967727605828
-0.3317,-0.14514937936615277
-0.3307000000000001,-0.14727144631595032
-0.3297,-0.15349617603535648
-0.3287000000000001,-0.14472496597619325
-0.3277,-0.13694405382693556
-0.3267000000000001,-0.13175206335643086
-0.3257,-0.12890849364370216
-0.3247000000000001,-0.12419750501515157
-0.3237,-0.1238438271901853
-0.3227000000000001,-0.12210373229135131
-0.3217,-0.118920631866655
-0.3207000000000001,-0.11855280692869007
-0.3197,-0.11351643470117054
-0.3187000000000001,-0.11379937696114355
-0.3177,-0.10880544607261997
-0.3167000000000001,-0.10505646112797762
-0.3157,-0.10625896573286289
-0.3147000000000001,-0.10020400136944055
-0.3137,-0.09673795868477121
-0.3127000000000001,-0.09414903700601819
-0.3117,-0.09209770562121389
-0.3107000000000001,-0.09246553055917879
-0.3097,-0.09318703332210997
-0.3087000000000001,-0.08857507448454995
-0.3077,-0.08510903179988061
-0.3067000000000001,-0.08397726275998857
-0.30569999999999997,-0.0791813914534461
-0.3047000000000001,-0.07755447345860131
-0.30369999999999997,-0.07701688316465259
-0.3027000000000001,-0.07701688316465259
-0.30169999999999997,-0.0756163189777862
-0.3007000000000001,-0.07207954072812363
-0.29969999999999997,-0.07154195043417491
-0.2987000000000001,-0.07287177905604804
-0.29769999999999996,-0.06958964884036115
-0.2967000000000001,-0.06463815929083352
-0.29569999999999996,-0.0619926491600859
-0.2947000000000001,-0.06086088012019387
-0.29369999999999996,-0.06023840714825326
-0.29270000000000007,-0.058144634424453
-0.29169999999999996,-0.05746557300051779
-0.29070000000000007,-0.053419498682903785
-0.28969999999999996,-0.05770607392149485
-0.28870000000000007,-0.052514083450990165
-0.28769999999999996,-0.04979783775524929
-0.28670000000000007,-0.0501373684672169
-0.28569999999999995,-0.04719476896349762
-0.28470000000000006,-0.044393640589764846
-0.28369999999999995,-0.042837458159913314
-0.28270000000000006,-0.040729538323114406
-0.28169999999999995,-0.040361713385149496
-0.28070000000000006,-0.03872064827730605
-0.27969999999999995,-0.03763132057640997
-0.27870000000000006,-0.03552340073961108
-0.27769999999999995,-0.034731162411686646
-0.27670000000000006,-0.033967218309759524
-0.27569999999999995,-0.03734837831643697
-0.27470000000000006,-0.04553955674265553
-0.27369999999999994,-0.031350002405009215
-0.27270000000000005,-0.02973723152316307
-0.27169999999999994,-0.027855665494342572
-0.27070000000000005,-0.026087276369511275
-0.26969999999999994,-0.02537992071957876
-0.26870000000000005,-0.029044022986229205
-0.26769999999999994,-0.0249413602166206
-0.26670000000000005,-0.023172971091789302
-0.26569999999999994,-0.021687524226931015
-0.26470000000000005,-0.02165923000093371
-0.26369999999999993,-0.018051716186277867
-0.26270000000000004,-0.017471684553333203
-0.26169999999999993,-0.017754626813306213
-0.26070000000000004,-0.016863358694391237
-0.25969999999999993,-0.014755438857592333
-0.25870000000000004,-0.012991293866660631
-0.25769999999999993,-0.013271406704033909
-0.25670000000000004,-0.012126905262443095
-0.2556999999999999,-0.010688143870480352
-0.25470000000000004,-0.009738872588270914
-0.2536999999999999,-0.008301525907608036
-0.25270000000000004,-0.008608518259678748
-0.2516999999999999,-0.006528892648877144
-0.25070000000000003,-0.006095990991118443
-0.24969999999999992,-0.004254036878694165
-0.24870000000000003,-0.0099213703459535
-0.24769999999999992,-0.010632970129785617
-0.24670000000000003,-0.007240492432709258
-0.24569999999999992,-0.0022437321215859484
-0.24470000000000003,-0.0024262298792685376
-0.24369999999999992,-0.001658041643441823
-0.24270000000000003,0.0005750801433951374
-0.24169999999999991,0.0017613155683319707
-0.24070000000000003,0.0025988246578520723
-0.2396999999999999,0.0022776851927827093
-0.23870000000000002,0.0006867008649544888
-0.2376999999999999,0.0008542026828585092
-0.23670000000000002,0.0008542026828585092
-0.23570000000000013,0.004650156042656376
-0.23470000000000002,0.00596300812893113
-0.23370000000000013,0.0008123272283825042
-0.23270000000000002,0.00012841334468874938
-0.23170000000000013,0.005083057700415077
-0.23070000000000002,0.007847403580351358
-0.22970000000000013,0.0063110271086979286
-0.22870000000000001,0.00767905293566742
-0.22770000000000012,0.009953908705850398
-0.2267,0.0107914177953705
-0.22570000000000012,0.011419549612510575
-0.2247,0.011433696725509227
-0.22370000000000012,0.011992507688955914
-0.2227,0.011602047370193167
-0.22170000000000012,0.012494730200408003
-0.2207,0.012955926084164005
-0.21970000000000012,0.01097391555305309
-0.2187,0.014486643710617976
-0.21770000000000012,0.014755438857592333
-0.2167,0.015476941620523503
-0.2157000000000001,0.016354062626439823
-0.2147,0.016863358694391237
-0.2137000000000001,0.017118006728366945
-0.2127,0.017584861457322406
-0.2117000000000001,0.016721887564404736
-0.2107,0.013793435173684107
-0.2097000000000001,0.01581647233249111
-0.2087,0.01583061944548976
-0.2077000000000001,0.015561824298515404
-0.2067,0.01693409425938449
-0.2057000000000001,0.020018164893090266
-0.2047,0.02042843117005113
-0.2037000000000001,0.02078210899501739
-0.2027,0.020810403221014687
-0.2017000000000001,0.02048501962204573
-0.2007,0.021546053096944507
-0.1997000000000001,0.021376287740960703
-0.1987,0.021871436695913467
-0.1977000000000001,0.022281702972874327
-0.19669999999999999,0.021729965565926962
-0.1957000000000001,0.021149933932982302
-0.19469999999999998,0.02205534916489592
-0.1937000000000001,0.022974911509808196
-0.19269999999999998,0.023356883560771757
-0.1917000000000001,0.023625678707746112
-0.1907000000000001,0.02356909025575151
-0.1897000000000002,0.024050092097705623
-0.1887000000000001,0.024913065990623297
-0.1877000000000002,0.024559388165657038
-0.1867000000000001,0.02471500640864219
-0.1857000000000002,0.02433303435767863
-0.1847000000000001,0.0249979486686152
-0.1837000000000002,0.0250262428946125
-0.18270000000000008,0.024955507329619247
-0.1817000000000002,0.025790186996539618
-0.18070000000000008,0.026101423482509926
-0.1797000000000002,0.02622874749949778
-0.17870000000000008,0.02723319252240196
-0.1777000000000002,0.027261486748399254
-0.17670000000000008,0.02755857612137091
-0.1757000000000002,0.027473693443379014
-0.17470000000000008,0.027289780974396556
-0.1737000000000002,0.027601017460366868
-0.17270000000000008,0.02772834147735472
-0.17170000000000019,0.027940548172334476
-0.17070000000000007,0.028407402901289937
-0.16970000000000018,0.027841518381343924
-0.16870000000000007,0.028350814449295336
-0.16770000000000018,0.028789374952253494
-0.16670000000000007,0.030373851608102336
-0.16570000000000018,0.03103876591903891
-0.16470000000000007,0.030416292947098293
-0.16370000000000018,0.030274821817111785
-0.16270000000000007,0.030090909348129333
-0.16170000000000018,0.029878702653149573
-0.16070000000000007,0.031180237049025412
-0.15970000000000018,0.031137795710029458
-0.15870000000000006,0.03139244374400516
-0.15770000000000017,0.03222712341092554
-0.15670000000000006,0.03229785897591879
-0.15570000000000017,0.03221297629792688
-0.15470000000000006,0.03139244374400516
-0.15370000000000017,0.03156220909998896
-0.15270000000000006,0.03166123889097952
-0.15170000000000017,0.03177441579496872
-0.15070000000000006,0.031887592698957926
-0.14970000000000017,0.03214224073293363
-0.14870000000000005,0.03259494834889044
-0.14770000000000016,0.03181685713396468
-0.14670000000000005,0.032071505167940384
-0.14570000000000016,0.032708125252879645
-0.14470000000000005,0.03368427604978652
-0.14370000000000016,0.03515557580164616
-0.14270000000000005,0.034108689439746036
-0.14170000000000016,0.033910629857764926
-0.14070000000000005,0.03440577881271769
-0.13970000000000016,0.03525460559263671
-0.13870000000000005,0.03543851806161917
-0.13770000000000016,0.035947814129570585
-0.13670000000000004,0.03563657764360027
-0.13570000000000015,0.03509898734965156
-0.13470000000000004,0.03521216425364076
-0.13370000000000015,0.03541022383562187
-0.13270000000000004,0.03525460559263671
-0.13170000000000015,0.03498581044566235
-0.13070000000000004,0.03504239889765696
-0.12970000000000015,0.03495751621966506
-0.12870000000000004,0.035551694965608366
-0.12770000000000015,0.03652784576251525
-0.12670000000000003,0.03579219588658543
-0.12570000000000014,0.03625905061554088
-0.12470000000000003,0.03733423120343832
-0.12370000000000014,0.03637222751953009
-0.12270000000000003,0.036230756389543595
-0.12170000000000014,0.03744740810742752
-0.12070000000000003,0.036839082248485554
-0.11970000000000014,0.03737667254243427
-0.11870000000000003,0.038055733966369486
-0.11770000000000014,0.037843527271389725
-0.11670000000000003,0.03773035036740053
-0.11570000000000014,0.03873479539030471
-0.11470000000000002,0.03781523304539243
-0.11370000000000013,0.038423558904334396
-0.11270000000000002,0.038522588695324954
-0.11170000000000013,0.03835282333934115
-0.11070000000000024,0.038706501164307405
-0.10970000000000013,0.03884797229429391
-0.10870000000000024,0.03954118083122777
-0.10770000000000013,0.039626063509219676
-0.10670000000000024,0.039244091458256115
-0.10570000000000013,0.03935726836224532
-0.10470000000000024,0.04000803556018324
-0.10370000000000013,0.039795828865203484
-0.10270000000000024,0.0405597729671306
-0.10170000000000012,0.0405597729671306
-0.10070000000000023,0.04091345079209686
-0.09970000000000012,0.04074368543611305
-0.09870000000000023,0.04130956995605907
-0.09770000000000012,0.040899303679098206
-0.09670000000000023,0.04163495355502803
-0.09570000000000012,0.042568663012938955
-0.09470000000000023,0.04186130736300644
-0.09370000000000012,0.04694012092952192
-0.09270000000000023,0.04344578401885528
-0.09170000000000011,0.04180471891101184
-0.09070000000000022,0.04262525146493356
-0.08970000000000011,0.04781724193543824
-0.08870000000000022,0.04411069832979184
-0.08770000000000011,0.04364384360083638
-0.08670000000000022,0.04334675422786472
-0.08570000000000011,0.04710988628550572
-0.08470000000000022,0.044676582849737856
-0.08370000000000011,0.04389849163481209
-0.08270000000000022,0.044025815651799936
-0.0817000000000001,0.04573761632463663
-0.08070000000000022,0.044464376154758095
-0.0797000000000001,0.04355896092284448
-0.07870000000000021,0.04364384360083638
-0.0777000000000001,0.044124845442790495
-0.07670000000000021,0.04593567590661774
-0.0757000000000001,0.04546882117766228
-0.07470000000000021,0.04552540962965688
-0.0737000000000001,0.0478596832744342
-0.07270000000000021,0.04771821214444769
-0.0717000000000001,0.04730794586748682
-0.07070000000000021,0.04662888444355161
-0.0697000000000001,0.04679864979953541
-0.0687000000000002,0.04684109113853137
-0.0677000000000001,0.04694012092952192
-0.0667000000000002,0.04742112277147603
-0.06570000000000009,0.048199213986401805
-0.0647000000000002,0.047689917918450384
-0.06370000000000009,0.04812847842140855
-0.0627000000000002,0.047534299675465234
-0.06170000000000009,0.04773235925744633
-0.0607000000000002,0.04824165532539775
-0.059700000000000086,0.04903389365332217
-0.058700000000000196,0.048920716749332974
-0.057700000000000085,0.04877924561934646
-0.056700000000000195,0.04903389365332217
-0.05570000000000008,0.050024191563227696
-0.05470000000000019,0.050660811648166965
-0.05370000000000008,0.050731547213160214
-0.05270000000000019,0.05412685433283631
-0.05170000000000008,0.05346194002189974
-0.05070000000000019,0.05890857852638014
-0.04970000000000008,0.05302337951894157
-0.04870000000000019,0.052316023869009055
-0.047700000000000076,0.05549912429370539
-0.046700000000000186,0.05288190838895507
-0.045700000000000074,0.05254237767698746
-0.044700000000000184,0.052782878597964523
-0.04370000000000007,0.05480591575677152
-0.04270000000000018,0.05401367742884709
-0.04170000000000007,0.054254178349824156
-0.04070000000000018,0.05408441299384034
-0.03970000000000007,0.054890798434763424
-0.03870000000000018,0.056093303039648705
-0.03770000000000007,0.055202034920733736
-0.03670000000000018,0.05442394370580796
-0.035700000000000065,0.0560367145876541
-0.034700000000000175,0.05504641667774857
-0.03370000000000006,0.05595183190966221
-0.03270000000000017,0.056164038604641954
-0.03170000000000006,0.05811634019845571
-0.03070000000000017,0.05585280211867165
-0.02970000000000006,0.06354883158993745
-0.02870000000000017,0.05844172379742466
-0.027700000000000058,0.059573492837316694
-0.026700000000000168,0.059106638108361226
-0.025700000000000056,0.05947446304632614
-0.024700000000000166,0.05896516697837473
-0.023700000000000054,0.06253023945403462
-0.022700000000000164,0.06739684632557033
-0.021700000000000053,0.06216241451606971
-0.020700000000000163,0.061879472256096704
-0.01970000000000005,0.06298294706999143
-0.01870000000000016,0.0638176267369118
-0.01770000000000005,0.06272829903601573
-0.01670000000000016,0.06217656162906836
-0.015700000000000047,0.06386006807590776
-0.014700000000000157,0.06528892648877145
-0.013700000000000045,0.06644898975466076
-0.012700000000000156,0.06871252783444483
-0.011700000000000044,0.06676022624063108
-0.010700000000000154,0.06455327661284163
-0.009700000000000042,0.06482207175981598
-0.008700000000000152,0.065670898539735
-0.00770000000000004,0.06796273084551636
-0.00670000000000015,0.0672978165345798
-0.005700000000000038,0.06603872347769991
-0.0047000000000001485,0.06667534356263917
-0.0037000000000000366,0.06616604749468777
-0.0027000000000001467,0.06649143109365672
-0.0017000000000000348,0.06677437335362973
-0.000700000000000145,0.06789199528052312
0.00029999999999996696,0.06990088532633146
0.0012999999999998568,0.07015553336030717
0.0022999999999999687,0.06852861536546237
0.0032999999999998586,0.06799102507151367
0.0042999999999999705,0.07352254625398597
0.00529999999999986,0.06875496917344079
0.006299999999999972,0.06899547009441785
0.007299999999999862,0.07226345319710607
0.008299999999999974,0.07181074558114926
0.009299999999999864,0.07155609754717356
0.010299999999999976,0.07315472131602105
0.011299999999999866,0.07189562825914117
0.012299999999999978,0.07281519060405345
0.013299999999999867,0.05770607392149485
0.012299999999999978,0.050208104032210155
0.011299999999999866,0.04490293665771626
0.010299999999999976,0.04126712861706312
0.009299999999999864,0.03819720509635599
0.008299999999999974,0.03481604508967855
0.007299999999999862,0.032453477218903945
0.006299999999999972,0.03044458717309559
0.00529999999999986,0.028817669178250797
0.0042999999999999705,0.028166901980312884
0.0032999999999998586,0.02562042164055581
0.0022999999999999687,0.0230597941878001
0.0012999999999998568,0.021079198367989046
0.00029999999999996696,0.019353250582153703
-0.000700000000000145,0.017980980621284618
-0.0017000000000000348,0.01656626932141958
-0.0027000000000001467,0.015873060784485714
-0.0037000000000000366,0.014113159927453607
-0.0047000000000001485,0.012871043406172103
-0.005700000000000038,0.01161477977189195
-0.00670000000000015,0.010848006247365101
-0.00770000000000004,0.010624481861986425
-0.008700000000000152,0.009856293626159711
-0.009700000000000042,0.00812610170642477
-0.010700000000000154,0.007581437855976732
-0.011700000000000044,0.006381762673691181
-0.012700000000000156,0.005334876311791053
-0.013700000000000045,0.004720891607649627
-0.014700000000000157,0.003700884760446936
-0.015700000000000047,0.0030175792026121235
-0.01670000000000016,0.0022776851927827093
-0.01770000000000005,0.0018730777610213084
-0.01870000000000016,0.001314832682094565
-0.01970000000000005,0.0007285763194304939
-0.020700000000000163,-0.0003740496676843157
-0.021700000000000053,-0.00047180621850498967
-0.022700000000000164,-0.0009603060303483867
-0.023700000000000054,-0.0017556567231325107
-0.024700000000000166,-0.001950886882513886
-0.025700000000000056,-0.0030119203574126632
-0.026700000000000168,-0.0032212976297926886
-0.027700000000000058,-0.0035707313208593527
-0.02870000000000017,-0.004351651958384852
-0.02970000000000006,-0.00443511992507689
-0.03070000000000017,-0.005091545968214267
-0.03170000000000006,-0.005705530672355693
-0.03270000000000017,-0.005929055057734368
-0.03370000000000006,-0.006095990991118443
-0.034700000000000175,-0.006821737887949208
-0.035700000000000065,-0.006947647193637195
-0.03670000000000018,-0.007604073236774573
-0.03770000000000007,-0.008036974894533274
-0.03870000000000018,-0.00826049927991195
-0.03970000000000007,-0.008874483984053376
-0.04070000000000018,-0.008915510611749462
-0.04170000000000007,-0.009628525106881438
-0.04270000000000018,-0.00950261580119345
-0.04370000000000007,-0.009697845960574828
-0.044700000000000184,-0.010283536438718951
-0.045700000000000074,-0.01043773997040424
-0.046700000000000186,-0.011051724674545666
-0.047700000000000076,-0.01133042280061908
-0.04870000000000019,-0.011387011252613679
-0.04970000000000008,-0.011958554617759154
-0.05070000000000019,-0.01215378477714053
-0.05170000000000008,-0.012363162049520557
-0.05270000000000019,-0.012643274886893834
-0.05370000000000008,-0.012767769481281955
-0.05470000000000019,-0.013019588092657932
-0.05570000000000008,-0.013564251943105973
-0.056700000000000195,-0.013480783976413935
-0.057700000000000085,-0.014024033115562108
-0.058700000000000196,-0.014080621567556711
-0.059700000000000086,-0.014486643710617976
-0.0607000000000002,-0.014599820614607179
-0.06170000000000009,-0.015165705134553195
-0.0627000000000002,-0.015250587812545097
-0.06370000000000009,-0.015604265637511355
-0.0647000000000002,-0.01585891367148706
-0.06570000000000009,-0.015604265637511355
-0.0667000000000002,-0.016028679027470863
-0.0677000000000001,-0.016269179948447923
-0.0687000000000002,-0.017966833508285963
-0.0697000000000001,-0.017160448067362895
-0.07070000000000021,-0.0173019191973494
-0.0717000000000001,-0.018080010412275173
-0.07270000000000021,-0.01882980740120364
-0.0737000000000001,-0.018645894932221182
-0.07470000000000021,-0.01922592656516585
-0.0757000000000001,-0.01922592656516585
-0.07670000000000021,-0.018447835350240076
-0.0777000000000001,-0.019070308322180696
-0.07870000000000021,-0.019452280373144254
-0.0797000000000001,-0.01965033995512536
-0.08070000000000022,-0.019126896774175294
-0.0817000000000001,-0.02006060623208622
-0.08270000000000022,-0.020103047571082173
-0.08370000000000011,-0.019523015938137503
-0.08470000000000022,-0.019523015938137503
-0.08570000000000011,-0.01933910346915505
-0.08670000000000022,-0.019791811085111865
-0.08770000000000011,-0.019933282215098366
-0.08870000000000022,-0.021135786819983647
-0.08970000000000011,-0.021333846401964753
-0.09070000000000022,-0.020584049413036282
-0.09170000000000011,-0.020810403221014687
-0.09270000000000023,-0.020513313848043033
-0.09370000000000012,-0.02078210899501739
-0.09470000000000023,-0.020810403221014687
-0.09570000000000012,-0.0212348166109742
-0.09670000000000023,-0.022366585650866227
-0.09770000000000012,-0.02189973092191077
-0.09870000000000023,-0.022126084729889174
-0.09970000000000012,-0.021786554017921567
-0.10070000000000023,-0.021772406904922915
-0.10170000000000012,-0.02287588171881764
-0.10270000000000024,-0.02150361175794856
-0.10370000000000013,-0.022621233684841938
-0.10470000000000024,-0.023371030673770405
-0.10570000000000013,-0.02447450548766513
-0.10670000000000024,-0.025210155363594954
-0.10770000000000013,-0.023158823978790648
-0.10870000000000024,-0.023356883560771757
-0.10970000000000013,-0.024318887244679982
-0.11070000000000024,-0.02338517778676906
-0.11170000000000013,-0.023073941300798748
-0.11270000000000002,-0.02429059301868268
-0.11370000000000013,-0.025988246578520724
-0.11470000000000002,-0.02682292624544109
-0.11570000000000014,-0.025691157205549067
-0.11670000000000003,-0.024729153521640842
-0.11770000000000014,-0.02392276808071777
-0.11870000000000003,-0.024502799713662437
-0.11970000000000014,-0.02628533595149238
-0.12070000000000003,-0.026440954194477534
-0.12170000000000014,-0.027898106833338522
-0.12270000000000003,-0.02770004725135742
-0.12370000000000014,-0.02547895051056931
-0.12470000000000003,-0.025577980301559864
-0.12570000000000014,-0.025295038041586858
-0.12670000000000003,-0.026356071516485634
-0.12770000000000015,-0.02730392808739521
-0.12870000000000004,-0.025422362058574708
-0.12970000000000015,-0.025592127414558512
-0.13070000000000004,-0.026058982143513973
-0.13170000000000015,-0.027063427166418155
-0.13270000000000004,-0.028166901980312884
-0.13370000000000015,-0.028746933613257548
-0.13470000000000004,-0.02775663570335202
-0.13570000000000015,-0.026865367584437045
-0.13670000000000004,-0.027162456957408702
-0.13770000000000016,-0.026794632019443793
-0.13870000000000005,-0.027530281895373616
-0.13970000000000016,-0.027841518381343924
-0.14070000000000005,-0.029991879557138775
-0.14170000000000016,-0.03342962801581082
-0.14270000000000005,-0.03256665412289315
-0.14370000000000016,-0.031151942823028106
-0.14470000000000005,-0.02902987587323055
-0.14570000000000016,-0.029440142150191414
-0.14670000000000005,-0.029765525749160374
-0.14770000000000016,-0.029638201732172516
-0.14870000000000005,-0.028987434534234607
-0.14970000000000017,-0.029185494116215707
-0.15070000000000006,-0.030133350687125283
-0.15170000000000017,-0.0424696332219484
-0.15270000000000006,-0.03816891087035869
-0.15370000000000017,-0.031024618806040256
-0.15470000000000006,-0.030670940981073994
-0.15570000000000017,-0.03193003403795388
-0.15670000000000006,-0.030246527591114486
-0.15770000000000017,-0.030303116043109087
-0.15870000000000006,-0.03140659085700381
-0.15970000000000018,-0.030713382320069947
-0.16070000000000007,-0.030784117885063196
-0.16170000000000018,-0.03137829663100652
-0.16270000000000007,-0.031137795710029458
-0.16370000000000018,-0.031250972614018664
-0.16470000000000007,-0.03228371186292014
-0.16570000000000018,-0.03444822015171364
-0.16670000000000007,-0.03338718667681487
-0.16770000000000018,-0.03228371186292014
-0.16870000000000007,-0.03342962801581082
-0.16970000000000018,-0.03402380676175413
-0.17070000000000007,-0.03560828341760297
-0.17170000000000019,-0.033726717388782475
-0.17270000000000008,-0.034179425004739285
-0.1737000000000002,-0.03406624810075008
-0.17470000000000008,-0.03458969128170015
-0.1757000000000002,-0.03693811203947611
-0.17670000000000008,-0.041620806442029375
-0.1777000000000002,-0.041578365103033435
-0.17870000000000008,-0.03966850484821563
-0.1797000000000002,-0.03600440258156519
-0.18070000000000008,-0.037970851288377586
-0.1817000000000002,-0.03918750300626152
-0.18270000000000008,-0.037673761915405925
-0.1837000000000002,-0.03669761111849905
-0.1847000000000001,-0.03826794066134924
-0.1857000000000002,-0.03874894250330335
-0.1867000000000001,-0.03918750300626152
-0.1877000000000002,-0.03928653279725207
-0.1887000000000001,-0.039003590537279066
-0.1897000000000002,-0.03922994434525747
-0.1907000000000001,-0.041097363261079316
-0.1917000000000001,-0.04040415472414544
-0.19269999999999998,-0.0406163614191252
-0.1937000000000001,-0.043502372470849884
-0.19469999999999998,-0.04091345079209686
-0.1957000000000001,-0.04112565748707661
-0.19669999999999999,-0.042214985187972696
-0.1977000000000001,-0.04268183991692816
-0.1987,-0.04279501682091736
-0.1997000000000001,-0.04290819372490656
-0.2007,-0.0443229050247716
-0.2017000000000001,-0.04545467406466363
-0.2027,-0.04610544126260154
-0.2037000000000001,-0.04684109113853137
-0.2047,-0.04583664611562719
-0.2057000000000001,-0.046430824861570505
-0.2067,-0.046883532477527315
-0.2077000000000001,-0.04773235925744633
-0.2087,-0.04849630335937346
-0.2097000000000001,-0.04938757147828843
-0.2107,-0.05032128093619936
-0.2117000000000001,-0.05064666453516831
-0.2127,-0.051495491315087336
-0.2137000000000001,-0.051863316253052245
-0.2147,-0.053589264038887585
-0.2157000000000001,-0.0540702658808417
-0.2167,-0.053886353411859246
-0.21770000000000012,-0.05551327140670404
-0.2187,-0.0655860158617431
-0.21970000000000012,-0.06656216665864997
-0.2207,-0.062360474098050823
-0.22170000000000012,-0.0579182806164746
-0.2227,-0.05827195844144086
-0.22370000000000012,-0.0601393773572627
-0.2247,-0.06253023945403462
-0.22570000000000012,-0.07193806959813712
-0.2267,-0.07261713102207233
-0.22770000000000012,-0.07390451830494953
-0.22870000000000001,-0.07326789822001026
-0.22970000000000013,-0.07594170257675517
-0.23070000000000002,-0.07666320533968635
-0.23170000000000013,-0.07745544366761076
-0.23270000000000002,-0.07768179747558916
-0.23370000000000013,-0.07840330023852032
-0.23470000000000002,-0.08038389605833138
-0.23570000000000013,-0.08076586810929494
-0.23670000000000002,-0.08263328702511678
-0.2376999999999999,-0.08253425723412625
-0.23870000000000002,-0.08384993874300072
-0.2396999999999999,-0.0851939144778725
-0.24070000000000003,-0.07759691479759726
-0.24169999999999991,-0.07857306559450414
-0.24270000000000003,-0.07971898174739482
-0.24369999999999992,-0.08116198727325716
-0.24470000000000003,-0.08273231681610735
-0.24569999999999992,-0.08392067430799398
-0.24670000000000003,-0.08492511933089815
-0.24769999999999992,-0.0871037747326903
-0.24870000000000003,-0.08798089573860662
-0.24969999999999992,-0.09018784536639608
-0.25070000000000003,-0.09229576520319499
-0.2516999999999999,-0.09515348202892236
-0.25270000000000004,-0.09537983583690077
-0.2536999999999999,-0.0962003683908225
-0.25470000000000004,-0.0987044073915836
-0.2556999999999999,-0.10234021543223674
-0.25670000000000004,-0.10177433091229074
-0.25769999999999993,-0.10484425443299787
-0.25870000000000004,-0.10668337912282241
-0.25969999999999993,-0.10906009410659567
-0.26070000000000004,-0.10944206615755923
-0.26169999999999993,-0.11815668776472787
-0.26270000000000004,-0.11350228758817188
-0.26369999999999993,-0.11565264876396675
-0.26470000000000005,-0.11859524826768601
-0.26569999999999994,-0.12160858333639855
-0.26670000000000005,-0.12554148075002336
-0.26769999999999994,-0.1265600728859262
-0.26870000000000005,-0.12900752343469268
-0.26969999999999994,-0.1291207003386819
-0.27070000000000005,-0.1312569144014781
-0.27169999999999994,-0.1335911880462554
-0.27270000000000005,-0.13647719909798006
-0.27369999999999994,-0.1382172939968141
-0.27470000000000006,-0.1423199567664227
-0.27569999999999995,-0.14529085049613927
-0.27670000000000006,-0.14840321535584233
-0.27769999999999995,-0.15250587812545094
-0.27870000000000006,-0.1543450028152755
-0.27969999999999995,-0.15618412750510002
-0.28070000000000006,-0.16099414592464115
-0.28169999999999995,-0.16467239530429026
-0.28270000000000006,-0.1655212220842093
-0.28369999999999995,-0.16863358694391237
-0.28470000000000006,-0.17061418276372342
-0.28569999999999995,-0.17358507649344
-0.28670000000000007,-0.1772633258730891
-0.28769999999999996,-0.1808001041227517
-0.28870000000000007,-0.1854686514123063
-0.28969999999999996,-0.19155191000172597
-0.29070000000000007,-0.193532505821537
-0.29169999999999996,-0.1966448706812401
-0.29270000000000007,-0.20173783136075424
-0.29369999999999996,-0.21913878034909418
-0.2947000000000001,-0.23427619125765006
-0.29569999999999996,-0.2382373828972722
-0.2967000000000001,-0.2397935653271237
-0.29769999999999996,-0.2151775887094721
-0.2987000000000001,-0.22196820294882427
-0.29969999999999997,-0.22536351006850036
-0.3007000000000001,-0.2279099904082574
-0.30169999999999997,-0.2321541243078525
-0.3027000000000001,-0.2356909025575151
-0.30369999999999997,-0.24347181470677282
-0.3047000000000001,-0.24615976617651636
-0.30569999999999997,-0.25012095781613847
-0.3067000000000001,-0.267946320194438
-0.3077,-0.27898106833338526
-0.3087000000000001,-0.2648339553347349
-0.3097,-0.27162456957408704
-0.3107000000000001,-0.27445399217381716
-0.3117,-0.2796884239833177
-0.3127000000000001,-0.2849228557928184
-0.3137,-0.2949673060218601
-0.3147000000000001,-0.30373851608102337
-0.3157,-0.30755823659065895
-0.3167000000000001,-0.3031726315610774
-0.3177,-0.3119438416202406
-0.3187000000000001,-0.31321708179011915
-0.3197,-0.32000769602947127
-0.3207000000000001,-0.3279300793087155
-0.3217,-0.3350036358080407
-0.3227000000000001,-0.34886780654671806
-0.3237,-0.3502825178465831
-0.3247000000000001,-0.3525460559263671
-0.3257,-0.36343933293532793
-0.3267000000000001,-0.3614587371155169
-0.3277,-0.3655613998851255
-0.3287000000000001,-0.4037586049814815
-0.3297,-0.3897529631128176
-0.3307000000000001,-0.4007877112517649
-0.3317,-0.41054921922083365
-0.3327000000000001,-0.4051733162813465
-0.3337,-0.40955892131092814
-0.3347000000000001,-0.4082856811410496
-0.3357,-0.41380305521052324
-0.3367000000000001,-0.4205936694498755
-0.3377,-0.4276672259492006
-0.3387000000000001,-0.4334675422786472
-0.3397,-0.43955080086806686
-0.3407000000000001,-0.444360819287608
-0.3417,-0.45171731804690624
-0.3427000000000001,-0.45652733646644733
-0.3437,-0.4619032394059345
-0.3447000000000001,-0.4713818051150302
-0.3457,-0.4812847842140855
-0.3467000000000001,-0.48284096664393705
-0.3477,-0.49769543529251986
-0.3487000000000001,-0.49090482105316774
-0.3497,-0.49514895495276273
-0.3507000000000001,-0.5066081164816696
-0.3517,-0.520472287220347
-0.3527000000000001,-0.5278287859796452
-0.3537,-0.5319314487492538
-0.3547000000000001,-0.5346194002189975
-0.3557,-0.5429661968882011
-0.35670000000000013,-0.5470688596578097
-0.3577,-0.5552741851970269
-0.35870000000000013,-0.5600842036165681
-0.3597,-0.5691383559357043
-0.36070000000000013,-0.5755045567850969
-0.3617,-0.5844172379742467
-0.3626999999999999,-0.5905004965636662
-0.3637,-0.6005449467927081
-0.3646999999999999,-0.6088917434619118
-0.3657,-0.6135602907514663
-0.3666999999999999,-0.6245950388904137
-0.3677,-0.6303953552198603
-0.3686999999999999,-0.6400153920589425
-0.36970000000000003,-0.6490695443780788
-0.3706999999999999,-0.6599628213870395
-0.37170000000000003,-0.6612360615569182
-0.3726999999999999,-0.6667534356263918
-0.37370000000000003,-0.672978165345798
-0.3746999999999999,-0.6796273084551637
-0.37570000000000003,-0.6896717586842054
-0.3766999999999999,-0.7154195043417491
-0.37770000000000004,-0.7063653520226129
-0.3786999999999999,-0.7087703612323834
-0.37970000000000004,-0.7130144951319785
-0.3806999999999999,-0.7233418876209933
-0.38170000000000004,-0.7408843077393197
-0.38269999999999993,-0.734518106889927
-0.38370000000000004,-0.7432893169490903
-0.38469999999999993,-0.752484940398213
-0.38570000000000004,-0.7612561504573763
-0.38669999999999993,-0.7653588132269848
-0.38770000000000004,-0.7673394090467959
-0.38869999999999993,-0.7814865220454462
-0.38970000000000005,-0.7908236166245554
-0.39069999999999994,-0.7973312886039347
-0.39170000000000005,-0.8027071915434218
-0.39269999999999994,-0.810912517082639
-0.39370000000000005,-0.8209569673116808
-0.39469999999999994,-0.828030523811006
-0.39570000000000005,-0.8326990711005606
-0.39669999999999994,-0.8399140987298723
-0.39770000000000005,-0.8458558861893055
-0.39869999999999994,-0.8522220870386981
-0.39970000000000006,-0.8583053456281178
-0.40069999999999995,-0.8556173941583741
-0.40170000000000006,-0.8665106711673349
-0.40269999999999995,-0.8721695163667951
-0.40370000000000006,-0.8803748419060125
-0.40469999999999995,-0.8829213222457692
-0.40570000000000006,-0.8921169456948921
-0.40669999999999995,-0.8986246176742713
-0.40770000000000006,-0.9137620285828272
-0.40869999999999995,-0.9137620285828272
-0.40970000000000006,-0.926070016891653
-0.41069999999999995,-0.9320118043510861
-0.41170000000000007,-0.9409244855402358
-0.41269999999999996,-0.9539398294989943
-0.41370000000000007,-0.946583330739696
-0.41469999999999996,-0.9573351366186703
-0.41570000000000007,-0.9662478178078201
-0.41669999999999996,-0.9753019701269563
-0.41770000000000007,-0.9823755266262814
-0.41869999999999996,-0.9818096421063355
-0.4197000000000001,-0.9761507969068753
-0.42069999999999996,-0.98364876679616
-0.4217000000000001,-0.9927029191152963
-0.42269999999999996,-1.00953798358369
-0.4237000000000001,-1.0119429927934607
-0.42469999999999997,-1.0146309442632042
-0.4257000000000001,-1.0229777409324081
-0.42669999999999997,-1.0242509811022864
-0.4277000000000001,-1.0333051334214227
-0.42869999999999997,-1.0532525627495197
-0.4297000000000001,-1.0866397494263347
-0.43069999999999997,-1.1037577561547016
-0.4317000000000001,-1.0879129895962132
-0.4327,-1.093996248185633
-0.4337000000000001,-1.0942791904456057
-0.4347,-1.1082848323142698
-0.4357000000000001,-1.1203098783631227
-0.4367,-1.11960252271319
-0.4377000000000001,-1.1017771603348907
-0.4387,-1.097674497565282
-0.4397000000000001,-1.107718947794324
-0.4407,-1.1149339754236354
-0.4417000000000001,-1.1292225595522725
-0.4427,-1.1334666934518673
-0.4437000000000001,-1.1490285177503827
-0.4447,-1.1801521663474135
-0.4457000000000001,-1.1725127253281424
-0.4467,-1.175766561317832
-0.4477000000000001,-1.1742103788879805
-0.4487,-1.1848207136369682
-0.4497000000000001,-1.1773227437476836
-0.4507,-1.189772203186496
-0.4517000000000001,-1.1992507688955918
-0.4527,-1.1958554617759156
-0.4537000000000001,-1.194016337086091
-0.4547,-1.212549055114323
-0.4557000000000001,-1.2286767639327845
-0.4567,-1.2300914752326495
-0.4577000000000001,-1.274937823438371
-0.4587,-1.2755037079583171
-0.4597000000000001,-1.2859725715773183
-0.4607,-1.2929046569466571
-0.4617000000000001,-1.3037979339556176
-0.4627,-1.31624739339443
-0.4637000000000001,-1.3253015457135664
-0.4647,-1.3398730721021763
-0.4657000000000001,-1.3620840395100575
-0.4667,-1.3422780813119468
-0.4677000000000001,-1.3329409867328375
-0.4687,-1.3530298871909212
-0.4697000000000001,-1.4042424362460353
-0.4707,-1.3929247458471152
-0.4717000000000001,-1.382172939968141
-0.4727,-1.3977347642666564
-0.4737000000000001,-1.3932076881070883
-0.4747,-1.3997153600864674
-0.4757000000000001,-1.408628041275617
-0.4767,-1.4246142789640919
-0.4777000000000001,-1.4486643710617975
-0.4787,-1.427443701563822
-0.4797000000000001,-1.421784856364362
-0.4807,-1.431687835463417
-0.48170000000000013,-1.4472496597619326
-0.4827,-1.4698850405597732
-0.48370000000000013,-1.4967645552572086
-0.4847,-1.462811484060448
-0.48570000000000013,-1.4529085049613928
-0.4867,-1.5151558021554543
-0.4876999999999999,-1.499593977856939
-0.4887,-1.5038381117565338
-0.4896999999999999,-1.5307176264539697
-0.4907,-1.5533530072518102
-0.4916999999999999,-1.5660854089505953
-0.4927,-1.5689148315503256
-0.4936999999999999,-1.5533530072518102
-0.49470000000000003,-1.5703295428501907
-0.4956999999999999,-1.5759883880496508
-0.49670000000000003,-1.5816472332491107
-0.4976999999999999,-1.6000384801473564
-0.49870000000000003,-1.6099414592464116
-0.4996999999999999,-1.6113561705462767
-0.5007,-1.626917994844792
-0.5016999999999999,-1.6368209739438475
-0.5027,-1.6467239530429028
-0.5036999999999999,-1.6651151999411482
-0.5047,-1.6721887564404734
-0.5056999999999999,-1.6919947146385839
-0.5067,-1.694824137238314
-0.5076999999999999,-1.6919947146385839
-0.5087,-1.694824137238314
-0.5096999999999999,-1.7033124050375041
-0.5107,-1.6778476016399335
-0.5116999999999999,-1.6919947146385839
-0.5127,-1.6849211581392587
-0.5136999999999999,-1.6877505807389888
-0.5147,-1.6919947146385839
-0.5156999999999999,-1.7542420118326456
-0.5167,-1.7499978779330503
-0.5176999999999999,-1.7627302796318356
-0.5187,-1.7641449909317006
-0.5196999999999999,-1.769803836131161
-0.5207,-1.781121526530081
-0.5216999999999999,-1.7966833508285964
-0.5227,-1.7881950830294064
-0.5236999999999999,-1.849027668923603
-0.5247,-1.857515936722793
-0.5257,-1.8645894932221183
-0.5267000000000001,-1.8419541124242775
-0.5277,-1.890054296619689
-0.5287000000000001,-1.895713141819149
-0.5297,-1.9183485226169896
-0.5307000000000001,-1.9183485226169896
-0.5317,-1.897127853119014
-0.5327000000000001,-1.9197632339168547
-0.5337,-1.92683679041618
-0.5347000000000001,-1.9155191000172598
-0.5357,-1.9084455435179344
-0.5367000000000001,-1.9141043887173947
-0.5377,-1.92683679041618
-0.5387000000000001,-1.9310809243157752
-0.5397,-1.9494721712140204
-0.5407000000000001,-1.9607898616129409
-0.5417,-1.9975723554094316
-0.5427000000000001,-2.0032312006088917
-0.5437,-2.0216224475071374
-0.5447000000000001,-2.052746096104168
-0.5457,-2.0598196526034935
-0.5467000000000001,-2.0683079204026833
-0.5477,-2.079625610801604
-0.5487000000000001,-2.13762877409607
-0.5497,-2.1206522384976902
-0.5507000000000001,-2.11782281589796
-0.5517,-2.12348166109742
-0.5527000000000001,-2.150361175794856
-0.5537,-2.1758259791924264
-0.5547000000000001,-2.199876071290132
-0.5557,-2.215437895588648
-0.5567000000000001,-2.2437321215859485
-0.5577,-2.2394879876863527
-0.5587000000000001,-2.2479762554855434
-0.5597,-2.253635100685003
-0.5607000000000001,-2.2663675023837886
-0.5617,-2.2748557701829792
-0.5627000000000001,-2.2974911509808194
-0.5637,-2.3328589334774454
-0.5647000000000001,-2.380959117672857
-0.5657,-2.3993503645711023
-0.5667000000000001,-2.417741611469348
-0.5677,-2.4587682391654337
-0.5687000000000001,-2.485647753862869
-0.5697,-2.4743300634639493
-0.5707000000000001,-2.461597661765164
-0.5717,-2.4870624651627344
-0.5727000000000001,-2.4771594860636794
-0.5737,-2.512527268560305
-0.5747000000000001,-2.5280890928588207
-0.5757,-2.5634568753554463
-0.5767000000000001,-2.5988246578520724
-0.5777,-2.618630616050183
-0.5787000000000001,-2.655413109846674
-0.5797,-2.659657243746269
-0.5807000000000001,-2.6525836872469437
-0.5817,-2.666730800245594
-0.5827000000000001,-2.7318075200393857
-0.5837,-2.823763754530613
-0.5847000000000001,-2.791225394633717
-0.5857,-2.794054817233447
-0.5867000000000001,-2.7997136624329078
-0.5877,-2.7827371268345273
-0.5887000000000001,-2.8393255788291283
-0.5897,-2.874693361325755
-0.5907000000000001,-2.9100611438223805
-0.5917,-2.8803522065252145
-0.5927000000000001,-2.866205093526564
-0.5937,-2.888840474324405
-0.5947000000000001,-2.919964122921436
-0.5957,-2.968064307116847
-0.5967000000000001,-3.013335068712528
-0.5977,-3.024652759111448
-0.5987000000000001,-3.1024618806040256
-0.5997,-3.1364149518007864
-0.6007000000000001,-3.125097261401866
-0.6017,-3.160465043898492
-0.6027000000000001,-3.198662248994848
-0.6037,-3.2453477218903943
-0.6047000000000001,-3.276471370487425
-0.6057,-3.2821302156868852
-0.6067000000000001,-3.2920331947859403
-0.6077,-3.287789060886346
-0.6087000000000001,-3.347206935480677
-0.6097,-3.389648274476628
-0.6107000000000001,-3.439163169971904
-0.6117,-3.4490661490709593
-0.6126999999999999,-3.436333747372174
-0.6137,-3.434919036072309
-0.6146999999999999,-3.5113134462650213
-0.6157,-3.507069312365426
-0.6166999999999999,-3.557998919160567
-0.6177,-3.6160020824550334
-0.6186999999999999,-3.6343933293532795
-0.6197,-3.7192760073451816
-0.6206999999999999,-3.8055733966369485
-0.6217,-3.906017898927366
-0.6226999999999999,-3.971094618721158
-0.6237,-4.030512493315489
-0.6246999999999999,-4.029097782015624
-0.6257,-4.0588067193127895
-0.6266999999999999,-4.119639305206987
-0.6277,-4.198863137999429
-0.6286999999999999,-4.173398334601859
-0.6297,-4.203107271899024
-0.6306999999999999,-4.303551774189442
-0.6317,-4.350237247084988
-0.6326999999999999,-4.3728726278828285
-0.6337,-4.463414151074191
-0.6346999999999999,-4.5765910550633935
-0.6357,-4.644497197456915
-0.6366999999999999,-4.703915072051247
-0.6377,-4.705329783351112
-0.6386999999999999,-4.8128478421408545
-0.6397,-4.814262553440719
-0.6406999999999999,-4.933098302629383
-0.6417,-5.037786938819395
-0.6426999999999999,-5.0943753908139975
-0.6437,-5.18208749140563
-0.6446999999999999,-5.293849684094967
-0.6457,-5.41268543328363
-0.6466999999999999,-5.479176864377286
-0.6477,-5.565474253669055
-0.6486999999999999,-5.664504044659607
-0.6497,-5.675821735058527
-0.6507,-5.742313166152184
-0.6517000000000001,-5.841342957142737
-0.6527,-5.998375911427756
-0.6537000000000001,-6.086088012019388
-0.6547,-6.1907766482094
-0.6557000000000001,-6.271415192301707
-0.6567,-6.421374590087401
-0.6577000000000001,-6.511916113278764
-0.6587,-6.592554657371071
-0.6597000000000001,-6.729781653457979
-0.6607,-6.9052058546412445
-0.6617000000000001,-7.100436014022619
-0.6627,-7.223515897110879
-0.6637000000000001,-7.357913470598056
-0.6647,-7.638026307971333
-0.6657000000000001,-7.6733940904679585
-0.6667,-7.734226676362156
-0.6677000000000001,-7.911065588845285
-0.6687,-8.141663530723285
-0.6697000000000001,-8.28313466070979
-0.6707,-8.441582326294675
-0.6717000000000001,-8.669350845572946
-0.6727,-8.805163130359988
-0.6737000000000001,-8.993319733242037
-0.6747,-9.160255666626112
-0.6757000000000001,-9.373877072905733
-0.6767,-9.62003683908225
-0.6777000000000001,-9.711993073573478
-0.6787,-9.919955634653638
-0.6797000000000001,-10.139235886132717
-0.6807,-10.341539602013418
-0.6817000000000001,-10.6174083054871
-0.6827,-10.862153360363752
-0.6837000000000001,-11.064457076244452
-0.6847,-11.32759337801935
-0.6857000000000001,-11.650147554388578
-0.6867,-11.896307320565093
-0.6877000000000001,-12.242911589032026
-0.6887,-12.415506367615562
-0.6897000000000001,-12.711181029287355
-0.6907,-13.070517699453074
-0.6917000000000001,-13.40014543232163
-0.6927,-13.731187876490045
-0.6937000000000001,-14.041009651160486
-0.6947,-14.26028990263957
-0.6957000000000001,-14.599820614607177
-0.6967,-14.812027309586934
-0.6977000000000001,-15.193999360550496
-0.6987,-15.604265637511356
-0.6997000000000001,-15.972090575476265
-0.7007,-16.25503283544927
-0.7017000000000001,-16.679446225408782
-0.7027,-17.03312405037504
-0.7037000000000001,-17.231183632356142
-0.7047,-17.655597022315657
-0.7057000000000001,-18.122451751271118
-0.7067,-18.461982463238726
-0.7077000000000001,-18.815660288204988
-0.7087,-19.197632339168546
-0.7097000000000001,-19.70692840711996
-0.7107,-20.230371588070028
-0.7117000000000001,-20.569902300037633
-0.7127,-20.966021463999844
-0.7137000000000001,-21.376287740960702
-0.7147,-21.871436695913467
-0.7157000000000001,-22.253408746877028
-0.7167,-22.776851927827092
-0.7177000000000001,-23.2012653177866
-0.7187,-23.56909025575151
-0.7197000000000001,-24.00765075870967
-0.7207,-24.64427084364894
-0.7217000000000001,-25.04039000761115
-0.7227,-25.521391849565262
-0.7237000000000001,-26.073129256512626
-0.7247,-26.497542646472137
-0.7257000000000001,-26.992691601424898
-0.7267,-27.487840556377662
-0.7277000000000001,-28.06787218932233
-0.7287,-28.577168257273744
-0.7297000000000001,-29.015728760231898
-0.7307,-29.62405461917387
-0.7317000000000001,-30.10505646112798
-0.7327,-30.7558236590659
-0.7337000000000001,-31.137795710029454
-0.7347,-31.788562907967375
-0.7357000000000001,-32.48177144490124
-0.7367,-32.93447906085806
-0.7376999999999999,-33.274009772825664
-0.7387,-33.68427604978652
-0.7396999999999999,-34.4057788127177
-0.7407,-34.98581044566235
-0.7416999999999999,-35.664871869597576
-0.7427,-36.18831505054764
-0.7436999999999999,-36.5985813275085
-0.7447,-37.235201412447765
-0.7456999999999999,-37.801085932393775
-0.7467,-38.55088292132225
-0.7476999999999999,-39.229944345257465
-0.7487,-39.86656443019674
-0.7496999999999999,-40.31927204615355
-0.7507,-41.06906903508202
-0.7516999999999999,-41.606659329030734
-0.7527,-42.37060343095784
-0.7536999999999999,-43.03551774189442
-0.7547,-43.60140226184043
-0.7556999999999999,-44.16728678178645
-0.7567,-44.80390686672572
-0.7576999999999999,-45.581998081651484
-0.7587,-46.3176479575813
-0.7596999999999999,-47.053297833511124
-0.7607,-47.74650637044499
-0.7616999999999999,-48.36897934238561
-0.7627,-49.076334992318124
-0.7636999999999999,-49.78369064225064
-0.7647,-50.491046292183164
-0.7656999999999999,-51.18425482911703
-0.7667,-51.63696244507384
-0.7676999999999999,-52.66970169397532
-0.7687,-53.19314487492538
-0.7696999999999999,-53.9570889768525
-0.7707,-54.59370906179176
-0.7716999999999999,-55.51327140670405
-0.7727,-56.60259910760012
-0.7736999999999999,-57.36654320952724
-0.7747,-58.14463442445301
-0.7757,-58.76710739639362
-0.7767000000000001,-59.6300812893113
-0.7777,-60.39402539123842
-0.7787000000000001,-61.34188196214799
-0.7797,-61.936060708091304
-0.7807000000000001,-62.75659326201302
-0.7817,-63.7044498329226
-0.7827000000000001,-64.55327661284163
-0.7837,-65.13330824578628
-0.7847000000000001,-65.51528029674984
-0.7857,-66.27922439867696
-0.7867000000000001,-66.47728398065809
-0.7857,-66.39240130266617
-0.7847000000000001,-65.91139946071206
-0.7837,-65.2181909237782
-0.7827000000000001,-64.46839393484973
-0.7817,-64.08642188388616
-0.7807000000000001,-63.49224313794284
-0.7797,-63.02538840898739
-0.7787000000000001,-62.53023945403463
-0.7777,-61.95020782108996
-0.7767000000000001,-61.07308681517363
-0.7757,-60.59208497321952
-0.7747,-60.43646673023436
-0.7736999999999999,-59.47446304632614
-0.7727,-58.69637183140037
-0.7716999999999999,-58.24366421544356
-0.7707,-58.20122287644761
-0.7696999999999999,-57.479720113516436
-0.7687,-56.97042404556503
-0.7676999999999999,-56.27721550863116
-0.7667,-55.7254781016838
-0.7656999999999999,-54.975681112755325
-0.7647,-54.39564947981066
-0.7636999999999999,-54.0136774288471
-0.7627,-53.348763117910536
-0.7616999999999999,-52.54237767698746
-0.7607,-51.962346044042796
-0.7596999999999999,-51.410608637095436
-0.7587,-51.000342360134574
-0.7576999999999999,-50.46275206618586
-0.7567,-49.75539641625335
-0.7556999999999999,-49.23195323530328
-0.7547,-48.567038924366706
-0.7536999999999999,-48.001154404420696
-0.7527,-47.49185833646928
-0.7516999999999999,-46.91182670352462
-0.7507,-46.37423640957591
-0.7496999999999999,-46.091294149602895
-0.7487,-45.46882117766227
-0.7476999999999999,-44.775612640728404
-0.7467,-44.238022346779694
-0.7456999999999999,-43.60140226184043
-0.7447,-43.31846000186743
-0.7436999999999999,-42.85160527291196
-0.7427,-42.483780334947056
-0.7416999999999999,-41.80471891101183
-0.7407,-41.097363261079316
-0.7396999999999999,-40.48903740213735
-0.7387,-40.06462401217784
-0.7376999999999999,-39.51288660523048
-0.7367,-39.10262032826961
-0.7357000000000001,-38.63576559931415
-0.7347,-38.23964643535194
-0.7337000000000001,-37.73035036740053
-0.7327,-37.206907186450465
-0.7317000000000001,-36.725905344496354
-0.7307,-36.17416793754898
-0.7297000000000001,-35.50925362661242
-0.7287,-34.95751621966506
-0.7277000000000001,-34.50480860370825
-0.7267,-34.06624810075008
-0.7257000000000001,-33.358892450817564
-0.7247,-32.92033194785941
-0.7237000000000001,-32.42518299290664
-0.7227,-32.170534958930936
-0.7217000000000001,-31.77441579496872
-0.7207,-31.420737970002463
-0.7197000000000001,-30.982177467044306
-0.7187,-30.571911190083444
-0.7177000000000001,-30.06261512213203
-0.7167,-29.652348845171172
-0.7157000000000001,-29.058170099227848
-0.7147,-28.591315370272387
-0.7137000000000001,-28.294225997300735
-0.7127,-27.813224155346617
-0.7117000000000001,-27.37466365238846
-0.7107,-26.9643973754276
-0.7097000000000001,-26.525836872469437
-0.7087,-26.101423482509926
-0.7077000000000001,-25.662862979551768
-0.7067,-25.323332267584156
-0.7057000000000001,-24.927213103621945
-0.7047,-24.545241052658387
-0.7037000000000001,-24.191563227692125
-0.7027,-23.753002724733967
-0.7017000000000001,-23.427619125765005
-0.7007,-22.80514615382439
-0.6997000000000001,-22.352438537867577
-0.6987,-21.98461359990267
-0.6977000000000001,-21.659230000933714
-0.6967,-21.277257949970153
-0.6957000000000001,-20.93772723800254
-0.6947,-20.569902300037633
-0.6937000000000001,-20.301107153063278
-0.6927,-20.046459119087572
-0.6917000000000001,-19.805958198110513
-0.6907,-19.508868825138855
-0.6897000000000001,-19.112749661176647
-0.6887,-18.78736606220769
-0.6877000000000001,-18.377099785246827
-0.6867,-18.06586329927652
-0.6857000000000001,-17.782921039303513
-0.6847,-17.499978779330505
-0.6837000000000001,-17.217036519357496
-0.6827,-16.90580003338719
-0.6817000000000001,-16.622857773414182
-0.6807,-16.311621287443874
-0.6797000000000001,-16.11356170546277
-0.6787,-15.830619445489761
-0.6777000000000001,-15.561824298515406
-0.6767,-15.293029151541045
-0.6757000000000001,-15.01008689156804
-0.6747,-14.741291744593681
-0.6737000000000001,-14.500790823616628
-0.6727,-14.24614278964092
-0.6717000000000001,-13.999983023464402
-0.6707,-13.736846721689506
-0.6697000000000001,-13.543031273607996
-0.6687,-13.230380076337823
-0.6677000000000001,-13.011099824858743
-0.6667,-12.90924061126846
-0.6657000000000001,-12.612151238296804
-0.6647,-12.371650317319745
-0.6637000000000001,-12.087293346046872
-0.6627,-11.903380877064418
-0.6617000000000001,-11.668538801286822
-0.6607,-11.454917395007202
-0.6597000000000001,-11.242710700027445
-0.6587,-11.0503099632458
-0.6577000000000001,-10.79990606316969
-0.6567,-10.62589657328629
-0.6557000000000001,-10.354272003712204
-0.6547,-10.23826567712327
-0.6537000000000001,-10.017570714344325
-0.6527,-9.866196605258766
-0.6517000000000001,-9.659648755478472
-0.6507,-9.49129811079453
-0.6497,-9.332850445209647
-0.6486999999999999,-9.163085089225842
-0.6477,-8.989075599342444
-0.6466999999999999,-8.77545419306282
-0.6457,-8.666521422973215
-0.6446999999999999,-8.52505029298671
-0.6437,-8.389238008199667
-0.6426999999999999,-8.213813807016404
-0.6417,-8.024242492834487
-0.6406999999999999,-7.8827713628479845
-0.6397,-7.717250140763775
-0.6386999999999999,-7.642270441870928
-0.6377,-7.439966725990228
-0.6366999999999999,-7.302739729903319
-0.6357,-7.1683421564161405
-0.6346999999999999,-7.050921118527342
-0.6337,-6.910864699840705
-0.6326999999999999,-6.786370105452581
-0.6317,-6.677437335362973
-0.6306999999999999,-6.5642604313737705
-0.6297,-6.456742372584028
-0.6286999999999999,-6.34498017989469
-0.6277,-6.2233150081062965
-0.6266999999999999,-6.127114639715473
-0.6257,-6.00262004532735
-0.6246999999999999,-5.878125450939227
-0.6237,-5.760704413050429
-0.6226999999999999,-5.6913835593570425
-0.6217,-5.585280211867165
-0.6206999999999999,-5.483420998276882
-0.6197,-5.380147073386734
-0.6186999999999999,-5.271214303297127
-0.6177,-5.21321114000266
-0.6166999999999999,-5.0943753908139975
-0.6157,-5.0335428049198
-0.6146999999999999,-4.938757147828842
-0.6137,-4.856703892436671
-0.6126999999999999,-4.797286017842339
-0.6117,-4.694012092952192
-0.6107000000000001,-4.685523825153001
-0.6097,-4.650156042656376
-0.6087000000000001,-4.535564427367307
-0.6077,-4.480390686672571
-0.6067000000000001,-4.395508008680669
-0.6057,-4.273842836892276
-0.6047000000000001,-4.197448426699564
-0.6037,-4.112565748707662
-0.6027000000000001,-4.06163614191252
-0.6017,-4.0588067193127895
-0.6007000000000001,-3.9937299995189983
-0.5997,-3.914506166726557
-0.5987000000000001,-3.8649912712312804
-0.5977,-3.7900115723384333
-0.5967000000000001,-3.7461555220426166
-0.5957,-3.6754199570493657
-0.5947000000000001,-3.550925362661242
-0.5937,-3.4858486428674507
-0.5927000000000001,-3.4419925925716344
-0.5917,-3.3967218309759533
-0.5907000000000001,-3.3486216467805416
-0.5897,-3.313253864283916
-0.5887000000000001,-3.27788608178729
-0.5877,-3.2425182992906643
-0.5867000000000001,-3.1632944664982214
-0.5857,-3.1095354371033506
-0.5847000000000001,-3.076997077206455
-0.5837,-3.0359704495103688
-0.5827000000000001,-3.0373851608102336
-0.5817,-3.0387998721100984
-0.5807000000000001,-3.004846800913338
-0.5797,-2.970893729716577
-0.5787000000000001,-2.9284523907206257
-0.5777,-2.897328742123595
-0.5767000000000001,-2.866205093526564
-0.5757,-2.822349043230748
-0.5747000000000001,-2.7813224155346625
-0.5737,-2.740295787838576
-0.5727000000000001,-2.7247339635400607
-0.5717,-2.6879514697435702
-0.5707000000000001,-2.648339553347349
-0.5697,-2.600239369151937
-0.5687000000000001,-2.5747745657543666
-0.5677,-2.5266743815589554
-0.5667000000000001,-2.4842330425630044
-0.5657,-2.460182950465299
-0.5647000000000001,-2.427644590568403
-0.5637,-2.4021797871708324
-0.5627000000000001,-2.3639825820744766
-0.5617,-2.3356883560771755
-0.5607000000000001,-2.310223552679605
-0.5597,-2.280514615382439
-0.5587000000000001,-2.2621233684841937
-0.5577,-2.2366585650866226
-0.5567000000000001,-2.205534916489592
-0.5557,-2.1828995356917518
-0.5547000000000001,-2.1475317531951257
-0.5537,-2.1347993514963406
-0.5527000000000001,-2.116408104598095
-0.5517,-2.085284456001064
-0.5507000000000001,-2.048501962204573
-0.5497,-2.0343548492059225
-0.5487000000000001,-2.014548891007812
-0.5477,-1.9947429328097017
-0.5467000000000001,-1.9735222633117262
-0.5457,-1.9508868825138854
-0.5447000000000001,-1.9282515017160449
-0.5437,-1.9112749661176645
-0.5427000000000001,-1.890054296619689
-0.5417,-1.8631747819222533
-0.5407000000000001,-1.850442380223468
-0.5397,-1.8320511333252225
-0.5387000000000001,-1.8122451751271118
-0.5377,-1.7924392169290013
-0.5367000000000001,-1.776877392630486
-0.5357,-1.7641449909317006
-0.5347000000000001,-1.7400948988339953
-0.5337,-1.7301919197349398
-0.5327000000000001,-1.7103859615368293
-0.5317,-1.6891652920388538
-0.5307000000000001,-1.6707740451406083
-0.5297,-1.656626932141958
-0.5287000000000001,-1.6424798191433077
-0.5277,-1.6226738609451972
-0.5267000000000001,-1.6085267479465466
-0.5257,-1.6014531914472214
-0.5247,-1.587306078448571
-0.5236999999999999,-1.5759883880496508
-0.5227,-1.5561824298515403
-0.5216999999999999,-1.5363764716534298
-0.5207,-1.5179852247551844
-0.5196999999999999,-1.502423400456669
-0.5187,-1.4882762874580184
-0.5176999999999999,-1.471299751859638
-0.5167,-1.462811484060448
-0.5156999999999999,-1.4472496597619326
-0.5147,-1.4359319693630124
-0.5136999999999999,-1.4175407224647667
-0.5127,-1.4059400898058736
-0.5116999999999999,-1.3912270922872771
-0.5107,-1.3719870186091125
-0.5096999999999999,-1.3625084529000169
-0.5087,-1.3483613399013663
-0.5076999999999999,-1.3354874670725945
-0.5067,-1.3231794787637687
-0.5056999999999999,-1.3112959038449024
-0.5047,-1.2967243774562924
-0.5036999999999999,-1.2841334468874939
-0.5027,-1.2668739690291404
-0.5016999999999999,-1.2472094819610162
-0.5007,-1.2370235606019881
-0.4996999999999999,-1.2233008609932974
-0.49870000000000003,-1.2136808241542152
-0.4976999999999999,-1.20052400906547
-0.49670000000000003,-1.1855280692869008
-0.4956999999999999,-1.1722297830681694
-0.49470000000000003,-1.1592144391094112
-0.4936999999999999,-1.1493114600103558
-0.4927,-1.1365790583115707
-0.4916999999999999,-1.1297884440722183
-0.4907,-1.1152169176836084
-0.4896999999999999,-1.097108613045336
-0.4887,-1.0860738649063886
-0.4876999999999999,-1.0739073477275494
-0.4867,-1.0630140707185887
-0.48570000000000013,-1.0511304957997225
-0.4847,-1.0432081125204782
-0.48370000000000013,-1.0286365861318683
-0.4827,-1.0211386162425835
-0.48170000000000013,-1.00953798358369
-0.4807,-0.9986447065747294
-0.4797000000000001,-0.98647818939589
-0.4787,-0.9768581525568079
-0.4777000000000001,-0.9661063466778336
-0.4767,-0.9530910027190752
-0.4757000000000001,-0.9424806679700873
-0.4747,-0.9325776888710322
-0.4737000000000001,-0.9211185273421254
-0.4727,-0.9139034997128136
-0.4717000000000001,-0.9011710980140284
-0.4707,-0.8897119364851216
-0.4697000000000001,-0.8812236686859314
-0.4687,-0.8706133339369435
-0.4677000000000001,-0.8646715464775104
-0.4667,-0.8566076920682798
-0.4657000000000001,-0.845714415059319
-0.4647,-0.8447241171494134
-0.4637000000000001,-0.8223716786115459
-0.4627,-0.811761343862558
-0.4617000000000001,-0.7963409906940291
-0.4607,-0.7853062425550819
-0.4597000000000001,-0.7787985705757027
-0.4587,-0.7683297069567014
-0.4577000000000001,-0.7608317370674167
-0.4567,-0.7541825939580511
-0.4557000000000001,-0.7424404901691712
-0.4547,-0.7343766357599406
-0.4537000000000001,-0.7248980700508447
-0.4527,-0.714004793041884
-0.4517000000000001,-0.7067897654125724
-0.4507,-0.6968867863135171
-0.4497000000000001,-0.6865593938245023
-0.4487,-0.6806176063650692
-0.4477000000000001,-0.6708560983960004
-0.4467,-0.6636410707666887
-0.4457000000000001,-0.6564260431373771
-0.4447,-0.6465230640383217
-0.4437000000000001,-0.638176267369118
-0.4427,-0.6305368263498469
-0.4417000000000001,-0.6224729719406161
-0.4407,-0.6178044246510616
-0.4397000000000001,-0.6095990991118443
-0.4387,-0.6023840714825326
-0.4377000000000001,-0.5926225635134639
-0.4367,-0.5849831224941927
-0.4357000000000001,-0.576070441305043
-0.4347,-0.5698457115856368
-0.4337000000000001,-0.5619233283063926
-0.4327,-0.5541424161571349
-0.4317000000000001,-0.5459370906179177
-0.43069999999999997,-0.540136774288471
-0.4297000000000001,-0.5295264395394833
-0.42869999999999997,-0.5214625851302525
-0.4277000000000001,-0.5132572595910353
-0.42669999999999997,-0.5067495876116561
-0.4257000000000001,-0.5005248578922499
-0.42469999999999997,-0.49260247461300577
-0.4237000000000001,-0.4853874469836941
-0.42269999999999996,-0.4793041883942744
-0.4217000000000001,-0.4749185833646928
-0.42069999999999996,-0.46317647957581304
-0.4197000000000001,-0.4599226435861234
-0.41869999999999996,-0.4546882117766228
-0.41770000000000007,-0.44619994397743257
-0.41669999999999996,-0.43884344521813434
-0.41570000000000007,-0.42978929289899814
-0.41469999999999996,-0.42229132300971345
-0.41370000000000007,-0.41748130459017235
-0.41269999999999996,-0.41465188199044223
-0.41170000000000007,-0.4074368543611306
-0.41069999999999995,-0.3986656443019673
-0.40970000000000006,-0.39060178989273664
-0.40869999999999995,-0.38508441582326297
-0.40770000000000006,-0.3799914551437488
-0.40669999999999995,-0.37617173463411324
-0.40570000000000006,-0.3692396492647746
-0.40469999999999995,-0.36541992875513896
-0.40370000000000006,-0.3584878433858003
-0.40269999999999995,-0.3538192960962457
-0.40170000000000006,-0.34816045089678554
-0.40069999999999995,-0.3416527789174064
-0.39970000000000006,-0.33726717388782473
-0.39869999999999994,-0.3313253864283916
-0.39770000000000005,-0.32651536800885045
-0.39669999999999994,-0.3205735805494173
-0.39570000000000005,-0.3156220909998897
-0.39469999999999994,-0.30925589015049704
-0.39370000000000005,-0.30487028512091535
-0.39269999999999994,-0.2996358533114148
-0.39170000000000005,-0.2960990750617522
-0.39069999999999994,-0.29284523907206256
-0.38970000000000005,-0.2866205093526564
-0.38869999999999993,-0.2818104909331153
-0.38770000000000004,-0.27912253946337173
-0.38669999999999993,-0.2733222231339251
-0.38570000000000004,-0.2686536758443705
-0.38469999999999993,-0.2627118883849373
-0.38370000000000004,-0.25959952352523424
-0.38269999999999993,-0.2552139184956526
-0.38170000000000004,-0.24870624651627343
-0.3806999999999999,-0.2460182950465299
-0.37970000000000004,-0.24149121888696176
-0.3786999999999999,-0.23753002724733965
-0.37770000000000004,-0.23300295108777153
-0.3766999999999999,-0.22861734605818995
-0.37570000000000003,-0.22437321215859482
-0.3746999999999999,-0.21942172260906717
-0.37370000000000003,-0.2156020020994316
-0.3726999999999999,-0.21107492593986346
-0.37170000000000003,-0.20541608074040332
-0.3706999999999999,-0.20173783136075424
-0.36970000000000003,-0.19904987989101067
-0.3686999999999999,-0.19409839034148305
-0.3677,-0.19155191000172597
-0.3666999999999999,-0.18985425644188791
-0.3657,-0.18334658446250876
-0.3646999999999999,-0.18023421960280567
-0.3637,-0.17924392169290015
-0.3626999999999999,-0.17400948988339954
-0.3617,-0.17217036519357498
-0.36070000000000013,-0.1696238848538179
-0.3597,-0.1667944622540878
-0.35870000000000013,-0.1629747417444522
-0.3577,-0.16113561705462764
-0.35670000000000013,-0.15986237688474914
-0.3557,-0.15618412750510002
-0.3547000000000001,-0.1510911668255859
-0.3537,-0.14840321535584233
-0.3527000000000001,-0.14500790823616627
-0.3517,-0.14138624730851176
-0.3507000000000001,-0.13896709098574256
-0.3497,-0.1367884355839504
-0.3487000000000001,-0.1330535977523067
-0.3477,-0.13101641348050105
-0.3467000000000001,-0.12733816410085197
-0.3457,-0.12448044727512457
-0.3447000000000001,-0.12278279371528653
-0.3437,-0.12050510852250383
-0.3427000000000001,-0.11774642148776701
-0.3417,-0.1146623508540612
-0.3407000000000001,-0.11234222432228257
-0.3397,-0.10997965645150796
-0.3387000000000001,-0.10781514816271445
-0.3377,-0.10559405142192634
-0.3367000000000001,-0.10331636622914364
-0.3357,-0.1005859734204041
-0.3347000000000001,-0.09771410948167808
-0.3337,-0.09485639265595071
-0.3327000000000001,-0.0929748266271302
-0.3317,-0.09161670377925978
-0.3307000000000001,-0.09113570193730568
-0.3297,-0.08748574678365387
-0.3287000000000001,-0.0848543837659049
-0.3277,-0.0832840542230547
-0.3267000000000001,-0.08073757388329764
-0.3257,-0.07961995195640426
-0.3247000000000001,-0.07674808801767824
-0.3237,-0.07489481621485504
-0.3227000000000001,-0.07377719428796166
-0.3217,-0.07473919797186988
-0.3207000000000001,-0.07070727076725454
-0.3197,-0.06842958557447182
-0.3187000000000001,-0.06725537519558383
-0.3177,-0.06545869184475524
-0.3167000000000001,-0.06240291543704677
-0.3157,-0.06118626371916283
-0.3147000000000001,-0.059884729323287006
-0.3137,-0.05909249099536258
-0.3127000000000001,-0.05694212981956772
-0.3117,-0.05558400697169729
-0.3107000000000001,-0.05442394370580796
-0.3097,-0.05247164211199421
-0.3087000000000001,-0.05122669616811298
-0.3077,-0.049826131981246594
-0.3067000000000001,-0.048071889969413945
-0.30569999999999997,-0.04662888444355161
-0.3047000000000001,-0.04580835188962989
-0.30369999999999997,-0.04483220109272301
-0.3027000000000001,-0.04287989949890925
-0.30169999999999997,-0.04112565748707661
-0.3007000000000001,-0.04017780091616704
-0.29969999999999997,-0.038961149198283106
-0.2987000000000001,-0.03782938015839108
-0.29769999999999996,-0.03641466885852604
-0.2967000000000001,-0.035028251784658314
-0.29569999999999996,-0.03487263354167316
-0.2947000000000001,-0.033924776970763584
-0.29369999999999996,-0.032085652280939035
-0.29270000000000007,-0.03055776407708479
-0.29169999999999996,-0.02922793545521166
-0.29070000000000007,-0.028761080726256192
-0.28969999999999996,-0.02770004725135742
-0.28870000000000007,-0.026794632019443793
-0.28769999999999996,-0.025719451431546365
-0.28670000000000007,-0.02465841795664759
-0.28569999999999995,-0.024035944984706972
-0.28470000000000006,-0.02313052975279335
-0.28369999999999995,-0.02267782213683654
-0.28270000000000006,-0.021036757028993096
-0.28169999999999995,-0.019989870667092968
-0.28070000000000006,-0.01965033995512536
-0.27969999999999995,-0.01885810162720094
-0.27870000000000006,-0.01851857091523333
-0.27769999999999995,-0.01656626932141958
-0.27670000000000006,-0.015717442541500558
-0.27569999999999995,-0.014981792665570736
-0.27470000000000006,-0.014345172580631472
-0.27369999999999994,-0.013564251943105973
-0.27270000000000005,-0.012363162049520557
-0.27169999999999994,-0.011958554617759154
-0.27070000000000005,-0.011009283335549715
-0.26969999999999994,-0.01045188708340289
-0.26870000000000005,-0.00985063478096025
-0.26769999999999994,-0.009027272804438798
-0.26670000000000005,-0.00826049927991195
-0.26569999999999994,-0.0076465145757705225
-0.26470000000000005,-0.006864179226945159
-0.26369999999999993,-0.006543039761875796
-0.26270000000000004,-0.005691383559357043
-0.26169999999999993,-0.010311830664716254
-0.26070000000000004,-0.007268786658706558
-0.25969999999999993,-0.004087100945310091
-0.25870000000000004,-0.0032495918557899892
-0.25769999999999993,-0.002202705493889862
-0.25670000000000004,-0.0015745736767497859
-0.2556999999999999,-0.0014069303877157788
-0.25470000000000004,-0.0008904192921350541
-0.2536999999999999,-0.00024842330425630044
-0.25270000000000004,0.00047732359257446344
-0.2516999999999999,0.0003516972291464481
-0.25070000000000003,0.001509496956955994
-0.24969999999999992,0.0018589306480226583
-0.24870000000000003,0.002389447385472047
-0.24769999999999992,0.00307275294330686
-0.24670000000000003,0.0032411035879907992
-0.24569999999999992,0.004022024225516299
-0.24470000000000003,0.00403617133851495
-0.24369999999999992,0.004916121767031002
-0.24270000000000003,0.005097204813413728
-0.24169999999999991,0.005670162889859067
-0.24070000000000003,0.006074770321620467
-0.2396999999999999,0.006814664331449882
-0.23870000000000002,0.006688755025761894
-0.2376999999999999,0.00767905293566742
-0.23670000000000002,0.007819109354354058
-0.23570000000000013,0.008335478978804796
-0.23470000000000002,0.008865995716254184
-0.23370000000000013,0.008656618443874161
-0.23270000000000002,0.0095775955000863
-0.23170000000000013,0.009703504805774286
-0.23070000000000002,0.009912882078154312
-0.22970000000000013,0.010303342396917062
-0.22870000000000001,0.010652776087983727
-0.22770000000000012,0.011559606031197215
-0.2267,0.011657221110887902
-0.22570000000000012,0.011964213462958615
-0.2247,0.01232779426702393
-0.22370000000000012,0.01232779426702393
-0.2227,0.012661666133792078
-0.22170000000000012,0.013374680628924057
-0.2207,0.01326291843623472
-0.21970000000000012,0.01366752586799612
-0.2187,0.013694405382693555
-0.21770000000000012,0.014231995676642267
-0.2167,0.014331025467632824
-0.2157000000000001,0.014939351326574786
-0.2147,0.015123263795557243
-0.2137000000000001,0.015547677185516754
-0.2127,0.015943796349478963
-0.2117000000000001,0.01615600304445872
-0.2107,0.016325768400442524
-0.2097000000000001,0.01659456354741688
-0.2087,0.016679446225408782
-0.2077000000000001,0.017018976937376393
-0.2067,0.017075565389370995
-0.2057000000000001,0.017584861457322406
-0.2047,0.01768389124831296
-0.2037000000000001,0.01772633258730891
-0.2027,0.018391246898245478
-0.2017000000000001,0.01851857091523333
-0.2007,0.018603453593225232
-0.1997000000000001,0.018787366062207687
-0.1987,0.019098602548177995
-0.1977000000000001,0.019353250582153703
-0.19669999999999999,0.019353250582153703
-0.1957000000000001,0.01970692840711996
-0.19469999999999998,0.019664487068124008
-0.1937000000000001,0.019834252424107815
-0.19269999999999998,0.02015963602307677
-0.1917000000000001,0.020230371588070024
-0.1907000000000001,0.020513313848043033
-0.1897000000000002,0.020838697447011986
-0.1887000000000001,0.020980168576998495
-0.1877000000000002,0.02119237527197825
-0.1867000000000001,0.021560200209943158
-0.1857000000000002,0.022069496277894573
-0.1847000000000001,0.022366585650866227
-0.1837000000000002,0.02204120205189727
-0.18270000000000008,0.02242317410286083
-0.1817000000000002,0.02238073276386488
-0.18070000000000008,0.02239487987686353
-0.1797000000000002,0.02274855770182979
-0.17870000000000008,0.022522203893851383
-0.1777000000000002,0.02310223552679605
-0.17670000000000008,0.022989058622806844
-0.1757000000000002,0.02318711820478795
-0.17470000000000008,0.0232295595437839
-0.1737000000000002,0.023484207577759608
-0.17270000000000008,0.02392276808071777
-0.17170000000000019,0.024219857453689427
-0.17070000000000007,0.024318887244679982
-0.16970000000000018,0.024191563227692125
-0.16870000000000007,0.024375475696674583
-0.16770000000000018,0.024644270843648942
-0.16670000000000007,0.02468671218264489
-0.16570000000000018,0.0250545371206098
-0.16470000000000007,0.0250545371206098
-0.16370000000000018,0.025323332267584157
-0.16270000000000007,0.025280890928588207
-0.16170000000000018,0.02562042164055581
-0.16070000000000007,0.025719451431546365
-0.15970000000000018,0.025832628335535568
-0.15870000000000006,0.025832628335535568
-0.15770000000000017,0.02614386482150588
-0.15670000000000006,0.026158011934504528
-0.15570000000000017,0.026469248420474833
-0.15470000000000006,0.026356071516485634
-0.15370000000000017,0.026313630177489684
-0.15270000000000006,0.026511689759470786
-0.15170000000000017,0.026752190680447843
-0.15070000000000006,0.027063427166418155
-0.14970000000000017,0.027105868505414105
-0.14870000000000005,0.027204898296404656
-0.14770000000000016,0.027289780974396556
-0.14670000000000005,0.02755857612137091
-0.14570000000000016,0.027530281895373616
-0.14470000000000005,0.028350814449295336
-0.14370000000000016,0.028350814449295336
-0.14270000000000005,0.028265931771303435
-0.14170000000000016,0.02829422599730073
-0.14070000000000005,0.028449844240285887
-0.13970000000000016,0.028746933613257548
-0.13870000000000005,0.028577168257273744
-0.13770000000000016,0.028831816291249444
-0.13670000000000004,0.0289591403082373
-0.13570000000000015,0.029015728760231903
-0.13470000000000004,0.029284523907206258
-0.13370000000000015,0.029143052777219756
-0.13270000000000004,0.02939770081119546
-0.13170000000000015,0.029765525749160374
-0.13070000000000004,0.029850408427152274
-0.12970000000000015,0.029751378636161722
-0.12870000000000004,0.03002017378313608
-0.12770000000000015,0.030359704495103685
-0.12670000000000003,0.030274821817111785
-0.12570000000000014,0.030543616964086147
-0.12470000000000003,0.03047288139909289
-0.12370000000000014,0.030755823659065897
-0.12270000000000003,0.030614352529079396
-0.12170000000000014,0.030812412111060502
-0.12070000000000003,0.030939736128048352
-0.11970000000000014,0.031250972614018664
-0.11870000000000003,0.031420737970002464
-0.11770000000000014,0.03159050332598627
-0.11670000000000003,0.03174612156897143
-0.11570000000000014,0.03144903219599977
-0.11470000000000002,0.03168953311697682
-0.11370000000000013,0.032156387845932284
-0.11270000000000002,0.032467624331902596
-0.11170000000000013,0.03228371186292014
-0.11070000000000024,0.0326090954618891
-0.10970000000000013,0.032623242574887745
-0.10870000000000024,0.03267983102688235
-0.10770000000000013,0.033090097303843206
-0.10670000000000024,0.033146685755837804
-0.10570000000000013,0.03303350885184861
-0.10470000000000024,0.03351451069380272
-0.10370000000000013,0.03321742132083106
-0.10270000000000024,0.033797452953775724
-0.10170000000000012,0.03386818851876898
-0.10070000000000023,0.03393892408376223
-0.09970000000000012,0.03441992592571634
-0.09870000000000023,0.03405210098775143
-0.09770000000000012,0.03436333747372174
-0.09670000000000023,0.0345755441687015
-0.09570000000000012,0.03478775086368125
-0.09470000000000023,0.03498581044566235
-0.09370000000000012,0.034999957558661005
-0.09270000000000023,0.03543851806161917
-0.09170000000000011,0.03549510651361377
-0.09070000000000022,0.03548095940061512
-0.08970000000000011,0.03572146032159217
-0.08870000000000022,0.03589122567757598
-0.08770000000000011,0.036202462163546285
-0.08670000000000022,0.03642881597152469
-0.08570000000000011,0.036570287101511195
-0.08470000000000022,0.03664102266650445
-0.08370000000000011,0.03679664090948961
-0.08270000000000022,0.037221054299449115
-0.0817000000000001,0.037150318734455866
-0.08070000000000022,0.03986656443019673
-0.0797000000000001,0.03736252542943562
-0.07870000000000021,0.037772791706396476
-0.0777000000000001,0.038055733966369486
-0.07670000000000021,0.038154763757360044
-0.0757000000000001,0.03809817530536544
-0.07470000000000021,0.0384518531303317
-0.0737000000000001,0.0384518531303317
-0.07270000000000021,0.03893285497228581
-0.0717000000000001,0.039074326102272315
-0.07070000000000021,0.03887626652029121
-0.0697000000000001,0.03925823857125477
-0.0687000000000002,0.039682651961214274
-0.0677000000000001,0.03976753463920618
-0.0667000000000002,0.039965594221187284
-0.06570000000000009,0.039979741334185935
-0.0647000000000002,0.04014950669016974
-0.06370000000000009,0.04040415472414544
-0.0627000000000002,0.040955892131092804
-0.06170000000000009,0.04084271522710361
-0.0607000000000002,0.04075783254911171
-0.059700000000000086,0.04113980460007527
-0.058700000000000196,0.04098418635709011
-0.057700000000000085,0.04121054016506852
-0.056700000000000195,0.04159251221603208
-0.05570000000000008,0.04183301313700913
-0.05470000000000019,0.04194619004099834
-0.05370000000000008,0.042299867865964604
-0.05270000000000019,0.0423847505439565
-0.05170000000000008,0.04261110435193491
-0.05070000000000019,0.04262525146493356
-0.04970000000000008,0.04307795908089037
-0.04870000000000019,0.04371457916582964
-0.047700000000000076,0.04367213782683368
-0.046700000000000186,0.0445209646067527
-0.045700000000000074,0.04474731841473111
-0.044700000000000184,0.04498781933570817
-0.04370000000000007,0.04521417314368657
-0.04270000000000018,0.04534149716067442
-0.04170000000000007,0.046360089296577256
-0.04070000000000018,0.046147882601597495
-0.03970000000000007,0.04650156042656376
-0.03870000000000018,0.046303500844582644
-0.03770000000000007,0.047166474737500325
-0.03670000000000018,0.04709573917250707
-0.035700000000000065,0.046996709381516524
-0.034700000000000175,0.046996709381516524
-0.03370000000000006,0.04781724193543824
-0.03270000000000017,0.04793041883942745
-0.03170000000000006,0.048750951393349166
-0.03070000000000017,0.048269949551395054
-0.02970000000000006,0.04862362737636131
-0.02870000000000017,0.04899145231432622
-0.027700000000000058,0.04967051373826144
-0.026700000000000168,0.04965636662526278
-0.025700000000000056,0.049727102190256035
-0.024700000000000166,0.05027883959720341
-0.023700000000000054,0.05119840194211568
-0.022700000000000164,0.05133987307210218
-0.021700000000000053,0.05143890286309273
-0.020700000000000163,0.05142475575009409
-0.01970000000000005,0.0519906402700401
-0.01870000000000016,0.052344318095006365
-0.01770000000000005,0.05259896612898206
-0.01670000000000016,0.052938496840949666
-0.015700000000000047,0.053150703535929426
-0.014700000000000157,0.053575116925888934
-0.013700000000000045,0.05382976495986465
-0.012700000000000156,0.054169295671832256
-0.011700000000000044,0.05455126772279582
-0.010700000000000154,0.05460785617479042
-0.009700000000000042,0.05530106471172429
-0.008700000000000152,0.055598154084695935
-0.00770000000000004,0.05596597902266085
-0.00670000000000015,0.05640453952561902
-0.005700000000000038,0.056744070237586625
-0.0047000000000001485,0.056673334672593376
-0.0037000000000000366,0.05695627693256638
-0.0027000000000001467,0.05750801433951374
-0.0017000000000000348,0.057649485469500245
-0.000700000000000145,0.05820122287644761
0.00029999999999996696,0.058300252667438164
0.0012999999999998568,0.058526606475416576
0.0022999999999999687,0.05913493233435853
0.0032999999999998586,0.05961593417631265
0.0042999999999999705,0.05967252262830725
0.00529999999999986,0.06008278890526811
0.006299999999999972,0.06037987827823976
0.007299999999999862,0.06064867342521412
0.008299999999999974,0.06111552815416958
0.009299999999999864,0.061327734849149336
0.010299999999999976,0.06135602907514664
0.011299999999999866,0.06203509049908186
0.012299999999999978,0.06197850204708726
0.013299999999999867,0.0522169940780185
0.012299999999999978,0.04561029230764878
0.011299999999999866,0.04143689397304692
0.010299999999999976,0.038621618486315505
0.009299999999999864,0.03576390166058813
0.008299999999999974,0.03342962801581082
0.007299999999999862,0.030614352529079396
0.006299999999999972,0.028364961562293983
0.00529999999999986,0.026978544488426247
0.0042999999999999705,0.024955507329619247
0.0032999999999998586,0.02355494314275286
0.0022999999999999687,0.021913878034909417
0.0012999999999998568,0.020131341797079472
0.00029999999999996696,0.018631747819222534
-0.000700000000000145,0.01765559702231566
-0.0017000000000000348,0.016637004886412832
-0.0027000000000001467,0.01501008689156804
-0.0037000000000000366,0.013917929768072232
-0.0047000000000001485,0.012759281213482765
-0.005700000000000038,0.011950066349959966
-0.00670000000000015,0.011057383519745126
-0.00770000000000004,0.009884587852157012
-0.008700000000000152,0.009284750261014236
-0.009700000000000042,0.008447241171494134
-0.010700000000000154,0.007497969889284694
-0.011700000000000044,0.00674392876645663
-0.012700000000000156,0.0060323289826245165
-0.013700000000000045,0.005473518019177827
-0.014700000000000157,0.004483220109272302
-0.015700000000000047,0.004119639305206987
-0.01670000000000016,0.003381160006677438
-0.01770000000000005,0.002808201930232098
-0.01870000000000016,0.0020541608074040336
-0.01970000000000005,0.001621259149645332
-0.020700000000000163,0.0012449459438812322
-0.021700000000000053,0.0005610745015264735
-0.022700000000000164,0.0005750801433951374
-0.023700000000000054,-0.00029029875873230553
-0.024700000000000166,-0.0005136816729809948
-0.025700000000000056,-0.0009322947466110592
-0.026700000000000168,-0.0015745736767497859
-0.027700000000000058,-0.001950886882513886
-0.02870000000000017,-0.0025931658126526124
-0.02970000000000006,-0.003137829663100651
-0.03070000000000017,-0.003375501161477977
-0.03170000000000006,-0.0036259050615540887
-0.03270000000000017,-0.0039894858656194035
-0.03370000000000006,-0.004394093297380804
-0.034700000000000175,-0.004784553616143553
-0.035700000000000065,-0.00502222511452088
-0.03670000000000018,-0.005440979659280931
-0.03770000000000007,-0.005691383559357043
-0.03870000000000018,-0.006138432330114394
-0.03970000000000007,-0.006431277569186457
-0.04070000000000018,-0.006780711260253121
-0.04170000000000007,-0.007004235645631797
-0.04270000000000018,-0.007352254625398595
-0.04370000000000007,-0.0074923110440852335
-0.044700000000000184,-0.007896918475846634
-0.045700000000000074,-0.00812044286122531
-0.046700000000000186,-0.0082463521669133
-0.047700000000000076,-0.008581638744981314
-0.04870000000000019,-0.008902778210050675
-0.04970000000000008,-0.009110740771130837
-0.05070000000000019,-0.00944602734919885
-0.05170000000000008,-0.009488468688194801
-0.05270000000000019,-0.009738872588270914
-0.05370000000000008,-0.010116600505334878
-0.05470000000000019,-0.010283536438718951
-0.05570000000000008,-0.01053535505009493
-0.056700000000000195,-0.010842347402165642
-0.057700000000000085,-0.011106898415240403
-0.058700000000000196,-0.011163486867235005
-0.059700000000000086,-0.01140115836561233
-0.0607000000000002,-0.011525652960000453
-0.06170000000000009,-0.01162326803969114
-0.0627000000000002,-0.012015143069753757
-0.06370000000000009,-0.012015143069753757
-0.0647000000000002,-0.012293841195827169
-0.06570000000000009,-0.012377309162519206
-0.0667000000000002,-0.01275503707958317
-0.0677000000000001,-0.01310305605934997
-0.0687000000000002,-0.01310305605934997
-0.0697000000000001,-0.013312433331729994
-0.07070000000000021,-0.013410048411420683
-0.0717000000000001,-0.01338175418542338
-0.07270000000000021,-0.013759482102487347
-0.0737000000000001,-0.01369016124879396
-0.07470000000000021,-0.013702893650492745
-0.0757000000000001,-0.013759482102487347
-0.07670000000000021,-0.01406647445455806
-0.0777000000000001,-0.014331025467632824
-0.07870000000000021,-0.014458349484620674
-0.0797000000000001,-0.014529085049613928
-0.08070000000000022,-0.01461396772760583
-0.0817000000000001,-0.014882762874580187
-0.08270000000000022,-0.014882762874580187
-0.08370000000000011,-0.014967645552572089
-0.08470000000000022,-0.015250587812545097
-0.08570000000000011,-0.015208146473549147
-0.08670000000000022,-0.015377911829532949
-0.08770000000000011,-0.01580232521949246
-0.08870000000000022,-0.01584476655848841
-0.08970000000000011,-0.016000384801473564
-0.09070000000000022,-0.016071120366466816
-0.09170000000000011,-0.016099414592464115
-0.09270000000000023,-0.01615600304445872
-0.09370000000000012,-0.016637004886412832
-0.09470000000000023,-0.01660871066041553
-0.09570000000000012,-0.016764328903400686
-0.09670000000000023,-0.016849211581392583
-0.09770000000000012,-0.017188742293360197
-0.09870000000000023,-0.0172453307453548
-0.09970000000000012,-0.01683506446839394
-0.10070000000000023,-0.0173302134233467
-0.10170000000000012,-0.0173868018753413
-0.10270000000000024,-0.017570714344323755
-0.10370000000000013,-0.01768389124831296
-0.10470000000000024,-0.017627302796318356
-0.10570000000000013,-0.018065863299276518
-0.10670000000000024,-0.01766974413531431
-0.10770000000000013,-0.017938539282288665
-0.10870000000000024,-0.018080010412275173
-0.10970000000000013,-0.01812245175127112
-0.11070000000000024,-0.01851857091523333
-0.11170000000000013,-0.018235628655260322
-0.11270000000000002,-0.01853271802823198
-0.11370000000000013,-0.018773218949209036
-0.11470000000000002,-0.018801513175206338
-0.11570000000000014,-0.018985425644188793
-0.11670000000000003,-0.018674189158218484
-0.11770000000000014,-0.019169338113171244
-0.11870000000000003,-0.01933910346915505
-0.11970000000000014,-0.019423986147146955
-0.12070000000000003,-0.019523015938137503
-0.12170000000000014,-0.01950886882513886
-0.12270000000000003,-0.019862546650105117
-0.12370000000000014,-0.019834252424107815
-0.12470000000000003,-0.01967863418112266
-0.12570000000000014,-0.019961576441095665
-0.12670000000000003,-0.020103047571082173
-0.12770000000000015,-0.02048501962204573
-0.12870000000000004,-0.020357695605057877
-0.12970000000000015,-0.02055575518703898
-0.13070000000000004,-0.020442578283049778
-0.13170000000000015,-0.020668932091028186
-0.13270000000000004,-0.021008462802995797
-0.13370000000000015,-0.020838697447011986
-0.13470000000000004,-0.021164081045980946
-0.13570000000000015,-0.021347993514963404
-0.13670000000000004,-0.021291405062968803
-0.13770000000000016,-0.021489464644949906
-0.13870000000000005,-0.021489464644949906
-0.13970000000000016,-0.021758259791924264
-0.14070000000000005,-0.021701671339929663
-0.14170000000000016,-0.021800701130920214
-0.14270000000000005,-0.022027054938898623
-0.14370000000000016,-0.02238073276386488
-0.14470000000000005,-0.02232414431187028
-0.14570000000000016,-0.022437321215859483
-0.14670000000000005,-0.022663675023837888
-0.14770000000000016,-0.02280514615382439
-0.14870000000000005,-0.022904175944814944
-0.14970000000000017,-0.023031499961802798
-0.15070000000000006,-0.022847587492820343
-0.15170000000000017,-0.023512501803756906
-0.15270000000000006,-0.02355494314275286
-0.15370000000000017,-0.023668120046742062
-0.15470000000000006,-0.024092533436701577
-0.15570000000000017,-0.024021797871708325
-0.15670000000000006,-0.024163269001694826
-0.15770000000000017,-0.02438962280967323
-0.15870000000000006,-0.02453109393965974
-0.15970000000000018,-0.02457353527865569
-0.16070000000000007,-0.024700859295643543
-0.16170000000000018,-0.02479988908663409
-0.16270000000000007,-0.024870624651627343
-0.16370000000000018,-0.025295038041586858
-0.16470000000000007,-0.02543650917157336
-0.16570000000000018,-0.02580433410953827
-0.16670000000000007,-0.02553553896256391
-0.16770000000000018,-0.026073129256512624
-0.16870000000000007,-0.026115570595508578
-0.16970000000000018,-0.02632777729048833
-0.17070000000000007,-0.026313630177489684
-0.17170000000000019,-0.026709749341451892
-0.17270000000000008,-0.02709172139241545
-0.1737000000000002,-0.027219045409403307
-0.17470000000000008,-0.027289780974396556
-0.1757000000000002,-0.027530281895373616
-0.17670000000000008,-0.027671753025360117
-0.1777000000000002,-0.028280078884302083
-0.17870000000000008,-0.028322520223298033
-0.1797000000000002,-0.028647903822266993
-0.18070000000000008,-0.02861960959626969
-0.1817000000000002,-0.029015728760231903
-0.18270000000000008,-0.029624054619173872
-0.1837000000000002,-0.029609907506175218
-0.1847000000000001,-0.030175792026121234
-0.1857000000000002,-0.030246527591114486
-0.1867000000000001,-0.03040214583409964
-0.1877000000000002,-0.030741676546067253
-0.1887000000000001,-0.030911441902051046
-0.1897000000000002,-0.03137829663100652
-0.1907000000000001,-0.03166123889097952
-0.1917000000000001,-0.03214224073293363
-0.19269999999999998,-0.03222712341092554
-0.1937000000000001,-0.03236859454091204
-0.19469999999999998,-0.033005214625851306
-0.1957000000000001,-0.03294862617385671
-0.19669999999999999,-0.03355695203279867
-0.1977000000000001,-0.03383989429277168
-0.1987,-0.03425016056973254
-0.1997000000000001,-0.0348301922026772
-0.2007,-0.03490092776767045
-0.2017000000000001,-0.03514142868864751
-0.2027,-0.035551694965608366
-0.2037000000000001,-0.03606099103355979
-0.2047,-0.036457110197522
-0.2057000000000001,-0.03666931689250175
-0.2067,-0.03717861296045316
-0.2077000000000001,-0.03765961480240728
-0.2087,-0.03833867622634249
-0.2097000000000001,-0.0385650300343209
-0.2107,-0.03920165011926016
-0.2117000000000001,-0.04024853648116029
-0.2127,-0.04084271522710361
-0.2137000000000001,-0.04097003924409146
-0.2147,-0.04180471891101184
-0.2157000000000001,-0.042200838074974045
-0.2167,-0.042738428368922755
-0.21770000000000012,-0.043205283097878217
-0.2187,-0.04379946184382154
-0.21970000000000012,-0.0445209646067527
-0.2207,-0.04518587891768927
-0.22170000000000012,-0.045666880759643376
-0.2227,-0.046331795070579954
-0.22370000000000012,-0.04694012092952192
-0.2247,-0.04767577080545173
-0.22570000000000012,-0.0484538620203775
-0.2267,-0.04884998118433972
-0.22770000000000012,-0.04962807239926549
-0.22870000000000001,-0.05032128093619936
-0.22970000000000013,-0.05107107792512782
-0.23070000000000002,-0.0520189344960374
-0.23170000000000013,-0.05286776127595642
-0.23270000000000002,-0.053518528473894336
-0.23370000000000013,-0.054820062869770175
-0.23470000000000002,-0.05549912429370539
-0.23570000000000013,-0.0563196568476271
-0.23670000000000002,-0.05733824898352994
-0.2376999999999999,-0.058484165136420616
-0.23870000000000002,-0.05896516697837473
-0.2396999999999999,-0.05934713902933829
-0.24070000000000003,-0.06035158405224247
-0.24169999999999991,-0.06169555978711426
-0.24270000000000003,-0.06217656162906836
-0.24369999999999992,-0.06357712581593475
-0.24470000000000003,-0.06476548330782138
-0.24569999999999992,-0.06568504565273366
-0.24670000000000003,-0.06685925603162164
-0.24769999999999992,-0.06782125971552985
-0.24870000000000003,-0.06923597101539489
-0.24969999999999992,-0.07026871026429637
-0.25070000000000003,-0.07140047930418841
-0.2516999999999999,-0.07230589453610202
-0.25270000000000004,-0.07403184232193737
-0.2536999999999999,-0.0750504344578402
-0.25470000000000004,-0.07656417554869578
-0.2556999999999999,-0.07768179747558916
-0.25670000000000004,-0.07926627413143801
-0.25769999999999993,-0.08080830944829089
-0.25870000000000004,-0.08161469488921397
-0.25969999999999993,-0.0831708773190655
-0.26070000000000004,-0.08509488468688196
-0.26169999999999993,-0.08608518259678749
-0.26270000000000004,-0.08805163130359987
-0.26369999999999993,-0.08962196084645008
-0.26470000000000005,-0.09153182110126787
-0.26569999999999994,-0.09301726796612615
-0.26670000000000005,-0.09495542244694127
-0.26769999999999994,-0.09652575198979144
-0.26870000000000005,-0.09818096421063353
-0.26969999999999994,-0.09890246697356471
-0.27070000000000005,-0.10119429927934608
-0.27169999999999994,-0.10345783735913014
-0.27270000000000005,-0.10557990430892769
-0.27369999999999994,-0.10757464724173739
-0.27470000000000006,-0.10927230080157543
-0.27569999999999995,-0.1116207215593514
-0.27670000000000006,-0.11331837511918944
-0.27769999999999995,-0.11573753144195865
-0.27870000000000006,-0.11819912910372382
-0.27969999999999995,-0.12051925563550246
-0.28070000000000006,-0.12240082166432298
-0.28169999999999995,-0.12443800593612864
-0.28270000000000006,-0.12664495556391808
-0.28369999999999995,-0.1294319368246522
-0.28470000000000006,-0.1316813277914376
-0.28569999999999995,-0.13424195524419333
-0.28670000000000007,-0.1368167298099477
-0.28769999999999996,-0.13939150437570205
-0.28870000000000007,-0.14147112998650369
-0.28969999999999996,-0.14486643710617977
-0.29070000000000007,-0.14783733083589634
-0.29169999999999996,-0.1508082245656129
-0.29270000000000007,-0.15392058942531597
-0.29369999999999996,-0.15675001202504607
-0.2947000000000001,-0.15986237688474914
-0.29569999999999996,-0.1624088572245062
-0.2967000000000001,-0.1659456354741688
-0.29769999999999996,-0.16919947146385841
-0.2987000000000001,-0.17146300954364244
-0.29969999999999997,-0.173868018753413
-0.3007000000000001,-0.17782921039303512
-0.30169999999999997,-0.18009274847281917
-0.3027000000000001,-0.18405394011244128
-0.30369999999999997,-0.18787366062207686
-0.3047000000000001,-0.19084455435179343
-0.30569999999999997,-0.19409839034148305
-0.3067000000000001,-0.1976351685911456
-0.3077,-0.20216224475071373
-0.3087000000000001,-0.20513313848043033
-0.3097,-0.2088113878600794
-0.3107000000000001,-0.21263110836971502
-0.3117,-0.21630935774936413
-0.3127000000000001,-0.22111937616890526
-0.3137,-0.22479762554855431
-0.3147000000000001,-0.22918323057813594
-0.3157,-0.23427619125765006
-0.3167000000000001,-0.23837885402725867
-0.3177,-0.24177416114693479
-0.3187000000000001,-0.24573535278655687
-0.3197,-0.24983801555616547
-0.3207000000000001,-0.2526674381558955
-0.3217,-0.2587506967453152
-0.3227000000000001,-0.2639851285548159
-0.3237,-0.26695602228453247
-0.3247000000000001,-0.27176604070407356
-0.3257,-0.2751613478237496
-0.3267000000000001,-0.27827371268345275
-0.3277,-0.2839325578829129
-0.3287000000000001,-0.2886011051724675
-0.3297,-0.2958161328017792
-0.3307000000000001,-0.29949438218142826
-0.3317,-0.3028896893011043
-0.3327000000000001,-0.30727529433068596
-0.3337,-0.3144903219599976
-0.3347000000000001,-0.32029063828944426
-0.3357,-0.3246762433190259
-0.3367000000000001,-0.3306180307784591
-0.3377,-0.33698423162785174
-0.3387000000000001,-0.34108689439746037
-0.3397,-0.346038383946988
-0.3407000000000001,-0.35311194044631317
-0.3417,-0.3572146032159218
-0.3427000000000001,-0.36018549694563834
-0.3437,-0.3672590534449635
-0.3447000000000001,-0.3724934852544642
-0.3457,-0.37772791706396475
-0.3467000000000001,-0.3832452911334384
-0.3477,-0.3890456074628851
-0.3487000000000001,-0.39555327944226426
-0.3497,-0.39993888447184583
-0.3507000000000001,-0.40390007611146794
-0.3517,-0.4104077480908471
-0.3527000000000001,-0.4160665932903073
-0.3537,-0.42271573639967297
-0.3547000000000001,-0.42823311046914664
-0.3557,-0.43516519583848523
-0.35670000000000013,-0.44407787702763507
-0.3577,-0.4501611356170546
-0.35870000000000013,-0.45086849126698714
-0.3597,-0.45596145194650134
-0.36070000000000013,-0.462610595055867
-0.3617,-0.46897679590525965
-0.3626999999999999,-0.47887977500431494
-0.3637,-0.4866606871535727
-0.3646999999999999,-0.49599778173268183
-0.3657,-0.49529042608274926
-0.3666999999999999,-0.5013736846721689
-0.3677,-0.5091545968214266
-0.3686999999999999,-0.5141060863709543
-0.36970000000000003,-0.5224528830401581
-0.3706999999999999,-0.5257067190298478
-0.37170000000000003,-0.5339120445690649
-0.3726999999999999,-0.5407026588084171
-0.37370000000000003,-0.5456541483579447
-0.3746999999999999,-0.5515959358173778
-0.37570000000000003,-0.5541424161571349
-0.3766999999999999,-0.5596597902266085
-0.37770000000000004,-0.5641868663861767
-0.3786999999999999,-0.5701286538456097
-0.37970000000000004,-0.57578749904507
-0.3806999999999999,-0.582295171024449
-0.38170000000000004,-0.595734928373167
-0.38269999999999993,-0.5934713902933829
-0.38370000000000004,-0.6005449467927081
-0.38469999999999993,-0.6066282053821278
-0.38570000000000004,-0.6110138104117093
-0.38669999999999993,-0.6197850204708726
-0.38770000000000004,-0.6250194522803731
-0.38869999999999993,-0.6326588932996443
-0.38970000000000005,-0.637327440589199
-0.39069999999999994,-0.6436936414385916
-0.39170000000000005,-0.6496354288980248
-0.39269999999999994,-0.657557812177269
-0.39370000000000005,-0.6633581285067156
-0.39469999999999994,-0.672129338565879
-0.39570000000000005,-0.6796273084551637
-0.39669999999999994,-0.6871252783444484
-0.39770000000000005,-0.6941988348437735
-0.39869999999999994,-0.6964623729235576
-0.39970000000000006,-0.7014138624730852
-0.40069999999999995,-0.7073556499325184
-0.40170000000000006,-0.713721850781911
-0.40269999999999995,-0.7202295227612902
-0.40370000000000006,-0.7278689637805613
-0.40469999999999995,-0.7389037119195087
-0.40570000000000006,-0.7336692801100081
-0.40669999999999995,-0.7404598943493601
-0.40770000000000006,-0.7473919797186989
-0.40869999999999995,-0.7578608433377001
-0.40970000000000006,-0.7649343998370254
-0.41069999999999995,-0.77243236972631
-0.41170000000000007,-0.7787985705757027
-0.41269999999999996,-0.7843159446451763
-0.41370000000000007,-0.7936530392242855
-0.41469999999999996,-0.8018583647635027
-0.41570000000000007,-0.8082245656128955
-0.41669999999999996,-0.8164298911521127
-0.41770000000000007,-0.8186934292318968
-0.41869999999999996,-0.828030523811006
-0.4197000000000001,-0.8358114359602636
-0.42069999999999996,-0.8438752903694944
-0.4217000000000001,-0.8512317891287926
-0.42269999999999996,-0.8484023665290624
-0.4237000000000001,-0.849109722178995
-0.42469999999999997,-0.8561832786783202
-0.4257000000000001,-0.8625494795277129
-0.42669999999999997,-0.8714621607168627
-0.4277000000000001,-0.8718865741068222
-0.42869999999999997,-0.8761307080064172
-0.4297000000000001,-0.8832042645057423
-0.43069999999999997,-0.8902778210050675
-0.4317000000000001,-0.9017369825339743
-0.4327,-0.9071128854734616
-0.4337000000000001,-0.9144693842327598
-0.4347,-0.9247967767217745
-0.4357000000000001,-0.92861649723141
-0.4367,-0.9325776888710322
-0.4377000000000001,-0.9395097742403707
-0.4387,-0.948563926559507
-0.4397000000000001,-0.9627110395581575
-0.4407,-0.9576180788786434
-0.4417000000000001,-0.9641257508580224
-0.4427,-0.9692187115375367
-0.4437000000000001,-0.9760093257768889
-0.4447,-0.981951113236322
-0.4457000000000001,-0.9894490831256065
-0.4467,-0.9955323417150265
-0.4477000000000001,-1.0074159166338927
-0.4487,-1.018167722512867
-0.4497000000000001,-1.0217045007625294
-0.4507,-1.0325977777714903
-0.4517000000000001,-1.0379736807109774
-0.4527,-1.0436325259104375
-0.4537000000000001,-1.0549502163093578
-0.4547,-1.0610334748987775
-0.4557000000000001,-1.0665508489682511
-0.4567,-1.0573552255191285
-0.4577000000000001,-1.0641458397584806
-0.4587,-1.069238800437995
-0.4597000000000001,-1.0826785577867126
-0.4607,-1.0918741812358355
-0.4617000000000001,-1.0962597862654169
-0.4627,-1.1047480540646073
-0.4637000000000001,-1.1113971971739727
-0.4647,-1.1092751302241752
-0.4657000000000001,-1.1116801394339457
-0.4667,-1.1183292825433113
-0.4677000000000001,-1.1217245896629875
-0.4687,-1.1336081645818537
-0.4697000000000001,-1.1443599704608283
-0.4707,-1.151292055830167
-0.4717000000000001,-1.1493114600103558
-0.4727,-1.1559606031197214
-0.4737000000000001,-1.162043861709141
-0.4747,-1.178030099397616
-0.4757000000000001,-1.175483619057859
-0.4767,-1.180576579737373
-0.4777000000000001,-1.1890648475365633
-0.4787,-1.1969872308158076
-0.4797000000000001,-1.2078805078247683
-0.4807,-1.2146711220641204
-0.48170000000000013,-1.2221690919534054
-0.4827,-1.2395700409417452
-0.48370000000000013,-1.240418867721664
-0.4847,-1.2494730200408002
-0.48570000000000013,-1.2593759991398557
-0.4867,-1.2651763154693023
-0.4876999999999999,-1.27861607281802
-0.4887,-1.2810210820277907
-0.4896999999999999,-1.2675813246790728
-0.4907,-1.2725328142286005
-0.4916999999999999,-1.2691375071089246
-0.4927,-1.2815869665477366
-0.4936999999999999,-1.2837090334975343
-0.49470000000000003,-1.2927631858166704
-0.4956999999999999,-1.2992708577960497
-0.49670000000000003,-1.3124276728847946
-0.4976999999999999,-1.3343556980327025
-0.49870000000000003,-1.3231794787637687
-0.4996999999999999,-1.329121266223202
-0.5007,-1.3343556980327025
-0.5016999999999999,-1.34539044617165
-0.5027,-1.3538787139708401
-0.5036999999999999,-1.3615181549901114
-0.5047,-1.3663281734096524
-0.5056999999999999,-1.369299067139369
-0.5067,-1.3777873349385592
-0.5076999999999999,-1.3932076881070883
-0.5087,-1.3980177065266295
-0.5096999999999999,-1.4288584128636872
-0.5107,-1.427443701563822
-0.5116999999999999,-1.4401761032626073
-0.5127,-1.4529085049613928
-0.5136999999999999,-1.4359319693630124
-0.5147,-1.4514937936615278
-0.5156999999999999,-1.4543232162612578
-0.5167,-1.4656409066601779
-0.5176999999999999,-1.4755438857592333
-0.5187,-1.4854468648582886
-0.5196999999999999,-1.4896909987578837
-0.5207,-1.4854468648582886
-0.5216999999999999,-1.5038381117565338
-0.5227,-1.512326379555724
-0.5236999999999999,-1.506667534356264
-0.5247,-1.502423400456669
-0.5257,-1.512326379555724
-0.5267000000000001,-1.5307176264539697
-0.5277,-1.543450028152755
-0.5287000000000001,-1.5561824298515403
-0.5297,-1.5660854089505953
-0.5307000000000001,-1.5717442541500557
-0.5317,-1.5788178106493809
-0.5327000000000001,-1.6028679027470865
-0.5337,-1.6339915513441174
-0.5347000000000001,-1.6325768400442524
-0.5357,-1.6297474174445223
-0.5367000000000001,-1.6410651078434426
-0.5377,-1.6467239530429028
-0.5387000000000001,-1.6835064468393939
-0.5397,-1.6778476016399335
-0.5407000000000001,-1.701897693737639
-0.5417,-1.7202889406358846
-0.5427000000000001,-1.7217036519357498
-0.5437,-1.7118006728366943
-0.5447000000000001,-1.7188742293360195
-0.5457,-1.72736249713521
-0.5467000000000001,-1.7528273005327806
-0.5477,-1.769803836131161
-0.5487000000000001,-1.7641449909317006
-0.5497,-1.769803836131161
-0.5507000000000001,-1.781121526530081
-0.5517,-1.7938539282288664
-0.5527000000000001,-1.8122451751271118
-0.5537,-1.8362952672248178
-0.5547000000000001,-1.857515936722793
-0.5557,-1.8546865141230628
-0.5567000000000001,-1.850442380223468
-0.5577,-1.8532718028231983
-0.5587000000000001,-1.8603453593225232
-0.5597,-1.8744924723211736
-0.5607000000000001,-1.891469007919554
-0.5617,-1.922592656516585
-0.5627000000000001,-1.9537163051136157
-0.5637,-1.9777663972113213
-0.5647000000000001,-1.9763516859114565
-0.5657,-1.980595819811051
-0.5667000000000001,-1.9904987989101068
-0.5677,-1.9890840876102414
-0.5687000000000001,-1.9947429328097017
-0.5697,-2.013134179707947
-0.5707000000000001,-2.038598983105518
-0.5717,-2.0584049413036287
-0.5727000000000001,-2.081040322101469
-0.5737,-2.0937727238002544
-0.5747000000000001,-2.1206522384976902
-0.5757,-2.110749259398635
-0.5767000000000001,-2.116408104598095
-0.5777,-2.13762877409607
-0.5787000000000001,-2.1602641548939108
-0.5797,-2.1871436695913467
-0.5807000000000001,-2.2210967407881075
-0.5817,-2.2338291424868926
-0.5827000000000001,-2.2592939458844636
-0.5837,-2.2423174102860832
-0.5847000000000001,-2.2677822136836534
-0.5857,-2.2776851927827093
-0.5867000000000001,-2.30597941878001
-0.5877,-2.3682267159740715
-0.5887000000000001,-2.392276808071777
-0.5897,-2.433303435767863
-0.5907000000000001,-2.461597661765164
-0.5917,-2.4814036199632743
-0.5927000000000001,-2.49696544426179
-0.5937,-2.49413602166206
-0.5947000000000001,-2.5210155363594953
-0.5957,-2.543650917157336
-0.5967000000000001,-2.550724473656661
-0.5977,-2.583262833553557
-0.5987000000000001,-2.624289461249643
-0.5997,-2.655413109846674
-0.6007000000000001,-2.712001561841275
-0.6017,-2.734636942639116
-0.6027000000000001,-2.737466365238846
-0.6037,-2.754442900837226
-0.6047000000000001,-2.7926401059335824
-0.6057,-2.852057980527914
-0.6067000000000001,-2.8803522065252145
-0.6077,-2.89025518562427
-0.6087000000000001,-2.8959140308237297
-0.6097,-2.935525947219951
-0.6107000000000001,-2.9793819975157674
-0.6117,-3.031726315610774
-0.6126999999999999,-3.0614352529079394
-0.6137,-3.082655922405915
-0.6146999999999999,-3.125097261401866
-0.6157,-3.1548061986990317
-0.6166999999999999,-3.204321094194308
-0.6177,-3.2609095461889095
-0.6186999999999999,-3.2920331947859403
-0.6197,-3.3316451111821612
-0.6206999999999999,-3.382574717977303
-0.6217,-3.4335043247724437
-0.6226999999999999,-3.46887210726907
-0.6237,-3.492922199366775
-0.6246999999999999,-3.5778048773586777
-0.6257,-3.630149195453684
-0.6266999999999999,-3.6923964926477457
-0.6277,-3.782938015839108
-0.6286999999999999,-3.838111756533844
-0.6297,-3.8593324260318203
-0.6306999999999999,-3.8932854972285815
-0.6317,-3.9767534639206183
-0.6326999999999999,-4.0588067193127895
-0.6337,-4.1238834391065815
-0.6346999999999999,-4.153592376403748
-0.6357,-4.213010250998079
-0.6366999999999999,-4.303551774189442
-0.6377,-4.344578401885528
-0.6386999999999999,-4.375702050482558
-0.6397,-4.527076159568118
-0.6406999999999999,-4.603470569760829
-0.6417,-4.650156042656376
-0.6426999999999999,-4.743526988447469
-0.6437,-4.82275082123991
-0.6446999999999999,-4.856703892436671
-0.6457,-4.961392528626684
-0.6466999999999999,-5.059007608317371
-0.6477,-5.170769801006709
-0.6486999999999999,-5.22735825300131
-0.6497,-5.300923240594293
-0.6507,-5.3631705377883545
-0.6517000000000001,-5.470688596578097
-0.6527,-5.607915592665005
-0.6537000000000001,-5.74938672265151
-0.6547,-5.844172379742466
-0.6557000000000001,-5.899346120437204
-0.6567,-6.057793786022088
-0.6577000000000001,-6.18511780300994
-0.6587,-6.320930087796984
-0.6597000000000001,-6.432692280486322
-0.6607,-6.518989669778089
-0.6617000000000001,-6.673193201463377
-0.6627,-6.756661168155415
-0.6637000000000001,-6.878326339943808
-0.6647,-7.053750541127073
-0.6657000000000001,-7.185318692014522
-0.6667,-7.33386337850035
-0.6677000000000001,-7.520605270082535
-0.6687,-7.669149956568364
-0.6697000000000001,-7.817694643054193
-0.6707,-7.998777689436918
-0.6717000000000001,-8.14873708722261
-0.6727,-8.3312348449052
-0.6737000000000001,-8.492511933089816
-0.6747,-8.675009690772406
-0.6757000000000001,-8.916925323049327
-0.6767,-9.04707876263691
-0.6777000000000001,-9.22674709771977
-0.6787,-9.508274646392913
-0.6797000000000001,-9.65116048767928
-0.6807,-9.881758429557282
-0.6817000000000001,-10.055767919440681
-0.6827,-10.275048170919762
-0.6837000000000001,-10.58628465689007
-0.6847,-10.78292952757131
-0.6857000000000001,-10.997965645150796
-0.6867,-11.188951670632575
-0.6877000000000001,-11.459161528906796
-0.6887,-11.660050533487633
-0.6897000000000001,-11.950066349959965
-0.6907,-12.210373229135131
-0.6917000000000001,-12.431068191914079
-0.6927,-12.739475255284656
-0.6937000000000001,-13.059200009054155
-0.6947,-13.366192361124867
-0.6957000000000001,-13.74674970078856
-0.6967,-14.082036278856576
-0.6977000000000001,-14.30273124163552
-0.6987,-14.557379275611227
-0.6997000000000001,-14.854468648582884
-0.7007,-15.278882038542395
-0.7017000000000001,-15.519382959519453
-0.7027,-15.78817810649381
-0.7037000000000001,-16.141855931460068
-0.7047,-16.453092417430376
-0.7057000000000001,-16.820917355395284
-0.7067,-17.231183632356142
-0.7077000000000001,-17.655597022315657
-0.7087,-18.03756907327922
-0.7097000000000001,-18.391246898245473
-0.7107,-18.759071836210385
-0.7117000000000001,-19.169338113171246
-0.7127,-19.523015938137508
-0.7137000000000001,-19.98987066709297
-0.7147,-20.315254266061928
-0.7157000000000001,-20.711373430024135
-0.7167,-21.079198367989047
-0.7177000000000001,-21.461170418952605
-0.7187,-21.95631937390537
-0.7197000000000001,-22.33829142486893
-0.7207,-22.76270481482844
-0.7217000000000001,-23.1729710917893
-0.7227,-23.49835469075826
-0.7237000000000001,-23.894473854720466
-0.7247,-24.262298792685378
-0.7257000000000001,-24.601829504652986
-0.7267,-25.12527268560305
-0.7277000000000001,-25.662862979551768
-0.7287,-26.370218629484285
-0.7297000000000001,-26.69560222845324
-0.7307,-27.091721392415455
-0.7317000000000001,-27.601017460366865
-0.7327,-28.18104909331153
-0.7337000000000001,-28.619609596269694
-0.7347,-29.086464325225155
-0.7357000000000001,-29.694790184167122
-0.7367,-30.303116043109085
-0.7376999999999999,-30.982177467044306
-0.7387,-31.46317930899841
-0.7396999999999999,-31.887592698957924
-0.7407,-32.5525070098945
-0.7416999999999999,-33.0335088518486
-0.7427,-33.655981823789226
-0.7436999999999999,-34.236013456733886
-0.7447,-34.75945663768395
-0.7456999999999999,-35.48095940061512
-0.7467,-35.90537279057463
-0.7476999999999999,-36.41466885852605
-0.7487,-36.92396492647745
-0.7496999999999999,-37.57473212441538
-0.7507,-38.22549932235329
-0.7516999999999999,-38.97529631128177
-0.7527,-39.52703371822913
-0.7536999999999999,-40.07877112517649
-0.7547,-40.616361419125205
-0.7556999999999999,-41.210540165068515
-0.7567,-42.14424962297944
-0.7576999999999999,-42.93648795090387
-0.7587,-43.68628493983233
-0.7596999999999999,-44.43608192876081
-0.7607,-45.31320293467712
-0.7616999999999999,-46.119588375600195
-0.7627,-46.85523825153001
-0.7636999999999999,-47.71821214444768
-0.7647,-48.46800913337616
-0.7656999999999999,-49.34513013929248
-0.7667,-50.1373684672169
-0.7676999999999999,-50.97204813413727
-0.7687,-51.594521106077885
-0.7696999999999999,-52.24528830401581
-0.7707,-52.88190838895507
-0.7716999999999999,-53.603411151886235
-0.7727,-54.25417834982416
-0.7736999999999999,-55.018122451751275
-0.7747,-55.7820665536784
-0.7757,-56.43283375161632
-0.7767000000000001,-57.493867226515086
-0.7777,-58.39928245842871
-0.7787000000000001,-59.07834388236393
-0.7797,-59.913023549284304
-0.7807000000000001,-60.53549652122492
-0.7817,-61.20041083216149
-0.7827000000000001,-61.95020782108996
-0.7837,-62.92635861799682
-0.7847000000000001,-63.874215188906405
-0.7857,-64.85036598581328
-0.7867000000000001,-65.34551494076604
-0.7857,-64.75133619482273
-0.7847000000000001,-64.27033435286862
-0.7837,-63.59127292893339
-0.7827000000000001,-63.19515376497119
-0.7817,-62.799034601008984
-0.7807000000000001,-62.04923761208051
-0.7797,-61.4267646401399
-0.7787000000000001,-60.87502723319253
-0.7777,-60.39402539123842
-0.7767000000000001,-59.61593417631264
-0.7757,-59.23396212534908
-0.7747,-58.427576684426015
-0.7736999999999999,-57.79095659948675
-0.7727,-57.22507207954074
-0.7716999999999999,-56.67333467259337
-0.7707,-55.994273248658146
-0.7696999999999999,-55.28691759872564
-0.7687,-54.876651321764776
-0.7676999999999999,-54.16929567183226
-0.7667,-53.419498682903786
-0.7656999999999999,-52.853614162957776
-0.7647,-52.30187675601041
-0.7636999999999999,-51.77843357506035
-0.7627,-51.17010771611838
-0.7616999999999999,-50.66081164816696
-0.7607,-50.109074241219595
-0.7596999999999999,-49.30268880029653
-0.7587,-48.538744698369406
-0.7576999999999999,-47.93041883942744
-0.7567,-47.534299675465235
-0.7556999999999999,-46.92597381652327
-0.7547,-46.289353731584
-0.7536999999999999,-45.63858653364609
-0.7527,-45.05855490070142
-0.7516999999999999,-44.33705213777025
-0.7507,-43.71457916582963
-0.7496999999999999,-43.120400419886316
-0.7487,-42.63939857793221
-0.7476999999999999,-41.93204292799969
-0.7467,-41.32371706905772
-0.7456999999999999,-40.43244895014274
-0.7447,-39.83827020419943
-0.7436999999999999,-39.28653279725207
-0.7427,-38.777236729300654
-0.7416999999999999,-38.06988107936814
-0.7407,-37.54643789841808
-0.7396999999999999,-37.02299471746801
-0.7387,-36.52784576251525
-0.7376999999999999,-35.96196124256923
-0.7367,-35.353635383627264
-0.7357000000000001,-34.81604508967855
-0.7347,-34.34919036072309
-0.7337000000000001,-34.00965964875548
-0.7327,-33.64183471079057
-0.7317000000000001,-33.13253864283916
-0.7307,-32.764713704874254
-0.7297000000000001,-32.24127052392419
-0.7287,-31.84515135996197
-0.7277000000000001,-31.47732642199707
-0.7267,-30.897294789052403
-0.7257000000000001,-30.45873428609424
-0.7247,-29.96358533114148
-0.7237000000000001,-29.440142150191413
-0.7227,-29.114758551222454
-0.7217000000000001,-28.732786500258893
-0.7207,-28.435697127287238
-0.7197000000000001,-27.940548172334477
-0.7187,-27.43125210438306
-0.7177000000000001,-27.0775742794168
-0.7167,-26.709749341451893
-0.7157000000000001,-26.34192440348698
-0.7147,-25.846775448534224
-0.7137000000000001,-25.549686075562565
-0.7127,-25.167714024599
-0.7117000000000001,-24.771594860636792
-0.7107,-24.36132858367593
-0.7097000000000001,-24.021797871708326
-0.7087,-23.597384481748815
-0.7077000000000001,-23.15882397879065
-0.7067,-22.76270481482844
-0.7057000000000001,-22.46561544185678
-0.7047,-22.111937616890522
-0.7037000000000001,-21.800701130920213
-0.7027,-21.47531753195126
-0.7017000000000001,-21.093345480987697
-0.7007,-20.78210899501739
-0.6997000000000001,-20.315254266061928
-0.6987,-20.01816489309027
-0.6977000000000001,-19.73522263311726
-0.6967,-19.367397695152352
-0.6957000000000001,-19.042014096183394
-0.6947,-18.80151317520634
-0.6937000000000001,-18.518570915233333
-0.6927,-18.164893090267068
-0.6917000000000001,-17.782921039303513
-0.6907,-17.40094898833995
-0.6897000000000001,-17.061418276372343
-0.6887,-16.820917355395284
-0.6877000000000001,-16.481386643427676
-0.6867,-16.04282614046952
-0.6857000000000001,-15.802325219492458
-0.6847,-15.590118524512702
-0.6837000000000001,-15.264734925543747
-0.6827,-14.967645552572087
-0.6817000000000001,-14.684703292599082
-0.6807,-14.430055258623375
-0.6797000000000001,-14.203701450644967
-0.6787,-13.927832747171284
-0.6777000000000001,-13.653378754997467
-0.6767,-13.408633700120818
-0.6757000000000001,-13.185109314742142
-0.6747,-12.902167054769135
-0.6737000000000001,-12.70410747278803
-0.6727,-12.414091656315696
-0.6717000000000001,-12.283938216728114
-0.6707,-12.061828542649302
-0.6697000000000001,-11.846792425069816
-0.6687,-11.638829863989658
-0.6677000000000001,-11.456332106307068
-0.6667,-11.17056042373433
-0.6657000000000001,-10.931474214057138
-0.6647,-10.706535117378598
-0.6637000000000001,-10.55516100829304
-0.6627,-10.361345560211529
-0.6617000000000001,-10.170359534729748
-0.6607,-10.04727965164149
-0.6597000000000001,-9.895905542555932
-0.6587,-9.692187115375367
-0.6577000000000001,-9.523836470691428
-0.6567,-9.32577688871032
-0.6557000000000001,-9.21542940732085
-0.6547,-9.06688472083502
-0.6537000000000001,-8.853263314555399
-0.6527,-8.68208324727173
-0.6517000000000001,-8.530709138186172
-0.6507,-8.304355330207764
-0.6497,-8.177031313219912
-0.6486999999999999,-8.069513254430168
-0.6477,-7.855891848150549
-0.6466999999999999,-7.724323697263101
-0.6457,-7.568705454277946
-0.6446999999999999,-7.408843077393197
-0.6437,-7.3381075123999455
-0.6426999999999999,-7.164098022516545
-0.6417,-6.983014976133821
-0.6406999999999999,-6.903791143341379
-0.6397,-6.7481729003562245
-0.6386999999999999,-6.651972531965402
-0.6377,-6.545869184475525
-0.6366999999999999,-6.417130456187806
-0.6357,-6.326588932996443
-0.6346999999999999,-6.204923761208051
-0.6337,-6.0917468572188485
-0.6326999999999999,-5.9729111080301855
-0.6317,-5.882369584838822
-0.6306999999999999,-5.757874990450699
-0.6297,-5.636209818662306
-0.6286999999999999,-5.548497718070673
-0.6277,-5.4423943705807964
-0.6266999999999999,-5.3702440942876795
-0.6257,-5.262726035497936
-0.6246999999999999,-5.211796428702795
-0.6237,-5.073154721316022
-0.6226999999999999,-5.003833867622634
-0.6217,-4.896315808832893
-0.6206999999999999,-4.810018419541125
-0.6197,-4.729379875448817
-0.6186999999999999,-4.6218618166590755
-0.6177,-4.580835188962989
-0.6166999999999999,-4.486049531872031
-0.6157,-4.394093297380804
-0.6146999999999999,-4.350237247084988
-0.6137,-4.256866301293895
-0.6126999999999999,-4.1691542007022635
-0.6117,-4.118224593907121
-0.6107000000000001,-4.017780091616704
-0.6097,-3.9555327944226426
-0.6087000000000001,-3.9173355893262864
-0.6077,-3.825379354835059
-0.6067000000000001,-3.7546437898418072
-0.6057,-3.7192760073451816
-0.6047000000000001,-3.6824935135486903
-0.6037,-3.586293145157868
-0.6027000000000001,-3.5495106513613774
-0.6017,-3.504239889765696
-0.6007000000000001,-3.437748458672039
-0.5997,-3.3755011614779775
-0.5987000000000001,-3.317497998183511
-0.5977,-3.267983102688235
-0.5967000000000001,-3.207150516794038
-0.5957,-3.1576356212987617
-0.5947000000000001,-3.110950148403216
-0.5937,-3.074167654606725
-0.5927000000000001,-3.0232380478115832
-0.5917,-2.9581613280177916
-0.5907000000000001,-2.9298671020204905
-0.5897,-2.8959140308237297
-0.5887000000000001,-2.8803522065252145
-0.5877,-2.8096166415319628
-0.5867000000000001,-2.765760591236147
-0.5857,-2.7289780974396556
-0.5847000000000001,-2.720489829640466
-0.5837,-2.659657243746269
-0.5827000000000001,-2.6073129256512626
-0.5817,-2.5620421640555815
-0.5807000000000001,-2.5408214945576058
-0.5797,-2.5196008250596305
-0.5787000000000001,-2.4842330425630044
-0.5777,-2.451694682666109
-0.5767000000000001,-2.4106680549700226
-0.5757,-2.3710561385738016
-0.5747000000000001,-2.349835469075826
-0.5737,-2.3201265317786604
-0.5727000000000001,-2.279099904082574
-0.5717,-2.2409026989862184
-0.5707000000000001,-2.2126084729889177
-0.5697,-2.1857289582914814
-0.5687000000000001,-2.1630935774936413
-0.5677,-2.148946464494991
-0.5667000000000001,-2.1079198367989047
-0.5657,-2.0753814769020087
-0.5647000000000001,-2.0569902300037635
-0.5637,-2.0357695605057877
-0.5627000000000001,-2.014548891007812
-0.5617,-2.0103047571082175
-0.5607000000000001,-1.9862546650105113
-0.5597,-1.9409839034148304
-0.5587000000000001,-1.9070308322180693
-0.5577,-1.8815660288204987
-0.5567000000000001,-1.8603453593225232
-0.5557,-1.8405394011244125
-0.5547000000000001,-1.8164893090267071
-0.5537,-1.8037569073279218
-0.5527000000000001,-1.7952686395287314
-0.5517,-1.7825362378299463
-0.5507000000000001,-1.7400948988339953
-0.5497,-1.7287772084350748
-0.5487000000000001,-1.700482982437774
-0.5477,-1.6707740451406083
-0.5467000000000001,-1.6467239530429028
-0.5457,-1.6297474174445223
-0.5447000000000001,-1.6113561705462767
-0.5437,-1.6113561705462767
-0.5427000000000001,-1.585891367148706
-0.5417,-1.5759883880496508
-0.5407000000000001,-1.5533530072518102
-0.5397,-1.5293029151541047
-0.5387000000000001,-1.5236440699546445
-0.5377,-1.506667534356264
-0.5367000000000001,-1.4812027309586933
-0.5357,-1.4684703292599082
-0.5347000000000001,-1.4500790823616625
-0.5337,-1.4288584128636872
-0.5327000000000001,-1.4175407224647667
-0.5317,-1.3964615240967775
-0.5307000000000001,-1.3862756027377494
-0.5297,-1.3677428847095177
-0.5287000000000001,-1.3564251943105972
-0.5277,-1.332233631082905
-0.5267000000000001,-1.3152570954845246
-0.5257,-1.2985635021461173
-0.5247,-1.282152851067683
-0.5236999999999999,-1.2712595740587218
-0.5227,-1.2612151238296803
-0.5216999999999999,-1.2525853849005035
-0.5207,-1.2425409346714618
-0.5196999999999999,-1.2227349764733513
-0.5187,-1.2090122768646603
-0.5176999999999999,-1.2095781613846064
-0.5167,-1.200241066805497
-0.5156999999999999,-1.1812839353873055
-0.5147,-1.1733615521080614
-0.5136999999999999,-1.1587900257194514
-0.5127,-1.1445014415908148
-0.5116999999999999,-1.1310616842420969
-0.5107,-1.1163486867235004
-0.5096999999999999,-1.101635689204904
-0.5087,-1.090317998805984
-0.5076999999999999,-1.0816882598768072
-0.5067,-1.0678240891381299
-0.5056999999999999,-1.066975262358211
-0.5047,-1.0567893409991824
-0.5036999999999999,-1.0425007568705453
-0.5027,-1.0296268840417737
-0.5016999999999999,-1.0024644270843648
-0.5007,-0.9997764756146215
-0.4996999999999999,-0.9866196605258766
-0.49870000000000003,-0.9904393810355122
-0.4976999999999999,-0.9806778730664433
-0.49670000000000003,-0.963135452948117
-0.4956999999999999,-0.948280984299534
-0.49470000000000003,-0.9419147834501415
-0.4936999999999999,-0.9378121206805329
-0.4927,-0.9239479499418554
-0.4916999999999999,-0.9140449708428002
-0.4907,-0.9040005206137584
-0.4896999999999999,-0.8907022343950269
-0.4887,-0.8793845439961068
-0.4876999999999999,-0.8622665372677398
-0.4867,-0.8527879715586442
-0.48570000000000013,-0.8430264635895753
-0.4847,-0.8355284937002907
-0.48370000000000013,-0.8298696485008306
-0.4827,-0.8267572836411275
-0.48170000000000013,-0.8198251982717888
-0.4807,-0.8107710459526526
-0.4797000000000001,-0.8041219028432868
-0.4787,-0.7952092216541371
-0.4777000000000001,-0.7872868383748929
-0.4767,-0.7763935613659322
-0.4757000000000001,-0.7605487948074438
-0.4747,-0.7482408064986178
-0.4737000000000001,-0.7411672499992927
-0.4727,-0.7338107512399946
-0.4717000000000001,-0.7223515897110878
-0.4707,-0.7200880516313036
-0.4697000000000001,-0.7130144951319785
-0.4687,-0.6994332666532742
-0.4677000000000001,-0.6902376432041514
-0.4667,-0.6828811444448531
-0.4657000000000001,-0.6715634540459329
-0.4647,-0.6627922439867696
-0.4637000000000001,-0.6534551494076605
-0.4627,-0.6436936414385916
-0.4617000000000001,-0.6395909786689831
-0.4607,-0.6313856531297658
-0.4597000000000001,-0.6288391727900088
-0.4587,-0.6216241451606972
-0.4577000000000001,-0.6110138104117093
-0.4567,-0.6022426003525461
-0.4557000000000001,-0.5947446304632614
-0.4547,-0.5878125450939228
-0.4537000000000001,-0.577202210344935
-0.4527,-0.5719677785354343
-0.4517000000000001,-0.5613574437864466
-0.4507,-0.557537723276811
-0.4497000000000001,-0.5494738688675803
-0.4487,-0.5435320814081471
-0.4477000000000001,-0.5327802755291728
-0.4467,-0.5257067190298478
-0.4457000000000001,-0.5152378554108463
-0.4447,-0.5101448947313323
-0.4437000000000001,-0.5075984143915752
-0.4427,-0.5017980980621284
-0.4417000000000001,-0.4971295507725738
-0.4407,-0.4906218787931947
-0.4397000000000001,-0.4826994955139505
-0.4387,-0.4756259390146253
-0.4377000000000001,-0.4678450268653676
-0.4367,-0.46289353731584
-0.4357000000000001,-0.45553703855654176
-0.4347,-0.4494537799671222
-0.4337000000000001,-0.443511992507689
-0.4327,-0.4341748979285798
-0.4317000000000001,-0.4314869464588362
-0.43069999999999997,-0.42469633221948405
-0.4297000000000001,-0.4191789581500104
-0.42869999999999997,-0.41465188199044223
-0.4277000000000001,-0.404183018371441
-0.42669999999999997,-0.39979741334185936
-0.4257000000000001,-0.3965435773521698
-0.42469999999999997,-0.3884797229429391
-0.4237000000000001,-0.3838111756533844
-0.42269999999999996,-0.3773035036740053
-0.4217000000000001,-0.37461555220426174
-0.42069999999999996,-0.3669761111849905
-0.4197000000000001,-0.36060991033559786
-0.41869999999999996,-0.35551694965608377
-0.41770000000000007,-0.35042398897656957
-0.41669999999999996,-0.3433504324772444
-0.41570000000000007,-0.3405210098775144
-0.41469999999999996,-0.33726717388782473
-0.41370000000000007,-0.32976920399854004
-0.41269999999999996,-0.32425182992906637
-0.41170000000000007,-0.32000769602947127
-0.41069999999999995,-0.31576356212987616
-0.40970000000000006,-0.31265119727017304
-0.40869999999999995,-0.30755823659065895
-0.40770000000000006,-0.3009090934812933
-0.40669999999999995,-0.29369406585198166
-0.40570000000000006,-0.2880352206525215
-0.40469999999999995,-0.28294225997300737
-0.40370000000000006,-0.27926401059335826
-0.40269999999999995,-0.2731807520039386
-0.40170000000000006,-0.269361031494303
-0.40069999999999995,-0.2653998398546809
-0.39970000000000006,-0.25988246578520724
-0.39869999999999994,-0.2554968607556256
-0.39770000000000005,-0.252243024765936
-0.39669999999999994,-0.24927213103621945
-0.39570000000000005,-0.2443206414866918
-0.39469999999999994,-0.24248151679686727
-0.39370000000000005,-0.23795444063729917
-0.39269999999999994,-0.23356883560771755
-0.39170000000000005,-0.23059794187800098
-0.39069999999999994,-0.2245146832885813
-0.38970000000000005,-0.22126084729889173
-0.38869999999999993,-0.21715818452928315
-0.38770000000000004,-0.21404581966958006
-0.38669999999999993,-0.21008462802995795
-0.38570000000000004,-0.20598196526034934
-0.38469999999999993,-0.20060606232086217
-0.38370000000000004,-0.1966448706812401
-0.38269999999999993,-0.19423986147146954
-0.38170000000000004,-0.19013719870186094
-0.3806999999999999,-0.18631747819222533
-0.37970000000000004,-0.18362952672248176
-0.3786999999999999,-0.17980980621284617
-0.37770000000000004,-0.17655597022315658
-0.3766999999999999,-0.17400948988339954
-0.37570000000000003,-0.16990682711379093
-0.3746999999999999,-0.1666529911241013
-0.37370000000000003,-0.16311621287443873
-0.3726999999999999,-0.16028679027470866
-0.37170000000000003,-0.15774030993495158
-0.3706999999999999,-0.15448647394526202
-0.36970000000000003,-0.1512326379555724
-0.3686999999999999,-0.14854468648582883
-0.3677,-0.1458567350160853
-0.3666999999999999,-0.1426028990263957
-0.3657,-0.1398866533306548
-0.3646999999999999,-0.13759482102487347
-0.3637,-0.133973160097219
-0.3626999999999999,-0.13163888645244168
-0.3617,-0.12998367423159957
-0.36070000000000013,-0.1265600728859262
-0.3597,-0.1239852983201718
-0.35870000000000013,-0.12184908425737562
-0.3577,-0.11899136743164823
-0.35670000000000013,-0.11619023905791546
-0.3557,-0.11412476056011249
-0.3547000000000001,-0.1117621926893379
-0.3537,-0.1093430363665687
-0.3527000000000001,-0.10747561745074685
-0.3517,-0.10460375351202081
-0.3507000000000001,-0.10320318932515443
-0.3497,-0.10142065308732448
-0.3487000000000001,-0.10276462882219627
-0.3477,-0.11408231922111656
-0.3467000000000001,-0.10069915032439332
-0.3457,-0.09765752102968349
-0.3447000000000001,-0.09457345039597771
-0.3437,-0.09102252503331647
-0.3427000000000001,-0.08966440218544602
-0.3417,-0.08837701490256884
-0.3407000000000001,-0.08169957756720586
-0.3397,-0.08096392769127606
-0.3387000000000001,-0.07844574157751628
-0.3377,-0.07671979379168092
-0.3367000000000001,-0.0752767882658186
-0.3357,-0.07403184232193737
-0.3347000000000001,-0.07094777168823159
-0.3337,-0.0692925594673895
-0.3327000000000001,-0.06748172900356225
-0.3317,-0.06732611076057708
-0.3307000000000001,-0.06554357452274716
-0.3297,-0.06468060062982947
-0.3287000000000001,-0.06284147594000493
-0.3277,-0.06125699928415609
-0.3267000000000001,-0.05958763995031534
-0.3257,-0.05766363258249889
-0.3247000000000001,-0.05639039241262036
-0.3237,-0.05446638504480392
-0.3227000000000001,-0.054254178349824156
-0.3217,-0.05316485064892808
-0.3207000000000001,-0.051184254829117024
-0.3197,-0.050674958761165616
-0.3187000000000001,-0.04896315808832892
-0.3177,-0.04737868143248008
-0.3167000000000001,-0.045681027872642034
-0.3157,-0.044690729962736514
-0.3147000000000001,-0.04330431288886877
-0.3137,-0.04225742652696864
-0.3127000000000001,-0.041451041086045574
-0.3117,-0.04060221430612655
-0.3107000000000001,-0.039003590537279066
-0.3097,-0.03754643789841807
-0.3087000000000001,-0.03641466885852604
-0.3077,-0.03514142868864751
-0.3067000000000001,-0.034278454795729836
-0.30569999999999997,-0.033457922241808116
-0.3047000000000001,-0.032326153201916084
-0.30369999999999997,-0.031533914873991674
-0.3027000000000001,-0.030345557382105034
-0.30169999999999997,-0.029326965246202208
-0.3007000000000001,-0.028393255788291286
-0.29969999999999997,-0.02738881076538711
-0.2987000000000001,-0.026851220471438397
-0.29769999999999996,-0.02547895051056931
-0.2967000000000001,-0.024375475696674583
-0.29569999999999996,-0.023809591176728567
-0.2947000000000001,-0.022890028831816296
-0.29369999999999996,-0.02194217226090672
-0.29270000000000007,-0.0212631108369715
-0.29169999999999996,-0.020216224475071376
-0.29070000000000007,-0.019452280373144254
-0.28969999999999996,-0.018744924723211737
-0.28870000000000007,-0.017839509491298113
-0.28769999999999996,-0.017259477858353446
-0.28670000000000007,-0.016368209739438477
-0.28569999999999995,-0.015717442541500558
-0.28470000000000006,-0.014797880196588285
-0.28369999999999995,-0.014024033115562108
-0.28270000000000006,-0.013438342637417984
-0.28169999999999995,-0.012545659807203145
-0.28070000000000006,-0.01226554696982987
-0.27969999999999995,-0.011261101946925691
-0.27870000000000006,-0.010939962481856328
-0.27769999999999995,-0.010242509811022866
-0.27670000000000006,-0.009614377993882789
-0.27569999999999995,-0.008915510611749462
-0.27470000000000006,-0.008567491631982662
-0.27369999999999994,-0.007896918475846634
-0.27270000000000005,-0.007059409386326533
-0.27169999999999994,-0.0069066205659411095
-0.27070000000000005,-0.0063619567154930695
-0.26969999999999994,-0.005579621366667705
-0.26870000000000005,-0.004924610034830193
-0.26769999999999994,-0.0043233577323875515
-0.26670000000000005,-0.00407295383231144
-0.26569999999999994,-0.002997773244414013
-0.26470000000000005,-0.0029567466167179264
-0.26369999999999993,-0.002076796188201874
-0.26270000000000004,-0.0017415096101338603
-0.26169999999999993,-0.0012115587572044174
-0.26070000000000004,-0.001044056939300397
-0.25969999999999993,-0.00015080822456561293
-0.25870000000000004,0.00017033124050375043
-0.25769999999999993,0.00043544813809845835
-0.25670000000000004,0.0012030704894052272
-0.2556999999999999,0.0014967645552572087
-0.25470000000000004,0.0016495533756426327
-0.2536999999999999,0.0019565457277133454
-0.25270000000000004,0.0025705304318547717
-0.2516999999999999,0.003212809361993498
-0.25070000000000003,0.0033387186676814866
-0.24969999999999992,0.003840941179133575
-0.24870000000000003,0.004231401497896325
-0.24769999999999992,0.004609129414960289
-0.24670000000000003,0.004399752142580264
-0.24569999999999992,0.005166525667107114
-0.24470000000000003,0.005446638504480392
-0.24369999999999992,0.005906419676936528
-0.24270000000000003,0.006493524866380518
-0.24169999999999991,0.006688755025761894
-0.24070000000000003,0.0073168868429019695
-0.2396999999999999,0.007288592616904669
-0.23870000000000002,0.007693200048666069
-0.2376999999999999,0.007971898174739481
-0.23670000000000002,0.008181275447119508
-0.23570000000000013,0.00867076555687281
-0.23470000000000002,0.008711792184568896
-0.23370000000000013,0.009256456035016935
-0.23270000000000002,0.009508274646392912
-0.23170000000000013,0.009758678546469023
-0.23070000000000002,0.009927029191152962
-0.22970000000000013,0.01040095747660775
-0.22870000000000001,0.0103868103636091
-0.22770000000000012,0.010750391167674414
-0.2267,0.01097391555305309
-0.22570000000000012,0.011405402499511925
-0.2247,0.011573753144195864
-0.22370000000000012,0.011602047370193167
-0.2227,0.012257058702030678
-0.22170000000000012,0.012425409346714619
-0.2207,0.012773428326481416
-0.21970000000000012,0.012759281213482765
-0.2187,0.012787575439480068
-0.21770000000000012,0.013234624210237416
-0.2167,0.013596790303002869
-0.2157000000000001,0.013974518220066835
-0.2147,0.014113159927453607
-0.2137000000000001,0.014043839073760219
-0.2127,0.014387613919627423
-0.2117000000000001,0.014896909987578835
-0.2107,0.014571526388609878
-0.2097000000000001,0.015109116682558592
-0.2087,0.014896909987578835
-0.2077000000000001,0.0153637647165343
-0.2067,0.015604265637511355
-0.2057000000000001,0.015703295428501907
-0.2047,0.015986237688474913
-0.2037000000000001,0.016269179948447923
-0.2027,0.016410651078434424
-0.2017000000000001,0.016424798191433075
-0.2007,0.01687750580738989
-0.1997000000000001,0.016721887564404736
-0.1987,0.016764328903400686
-0.1977000000000001,0.017259477858353446
-0.19669999999999999,0.0174150961013386
-0.1957000000000001,0.017613155683319705
-0.19469999999999998,0.017613155683319705
-0.1937000000000001,0.017754626813306213
-0.19269999999999998,0.018023421960280565
-0.1917000000000001,0.01813659886426977
-0.1907000000000001,0.018221481542261674
-0.1897000000000002,0.018362952672248176
-0.1887000000000001,0.018546865141230634
-0.1877000000000002,0.018631747819222534
-0.1867000000000001,0.018843954514202284
-0.1857000000000002,0.018773218949209036
-0.1847000000000001,0.019494721712140204
-0.1837000000000002,0.019367397695152354
-0.18270000000000008,0.01970692840711996
-0.1817000000000002,0.0194098390341483
-0.18070000000000008,0.01959375150313076
-0.1797000000000002,0.01970692840711996
-0.17870000000000008,0.019876693763103765
-0.1777000000000002,0.019890840876102416
-0.17670000000000008,0.020216224475071376
-0.1757000000000002,0.020272812927065977
-0.17470000000000008,0.020400136944053827
-0.1737000000000002,0.020541608074040336
-0.17270000000000008,0.020725520543022787
-0.17170000000000019,0.02088113878600794
-0.17070000000000007,0.020654784978029535
-0.16970000000000018,0.020683079204026837
-0.16870000000000007,0.020994315689997142
-0.16770000000000018,0.021305552175967454
-0.16670000000000007,0.021277257949970152
-0.16570000000000018,0.021602641548939108
-0.16470000000000007,0.021758259791924264
-0.16370000000000018,0.021546053096944507
-0.16270000000000007,0.021744112678925617
-0.16170000000000018,0.021814848243918866
-0.16070000000000007,0.021913878034909417
-0.15970000000000018,0.022210967407881078
-0.15870000000000006,0.02205534916489592
-0.15770000000000017,0.022621233684841938
-0.15670000000000006,0.022493909667854084
-0.15570000000000017,0.022691969249835187
-0.15470000000000006,0.02274855770182979
-0.15370000000000017,0.02274855770182979
-0.15270000000000006,0.022833440379821688
-0.15170000000000017,0.023031499961802798
-0.15070000000000006,0.0230880884137974
-0.14970000000000017,0.023073941300798748
-0.14870000000000005,0.023512501803756906
-0.14770000000000016,0.023300295108777156
-0.14670000000000005,0.023399324899767704
-0.14570000000000016,0.02352664891675556
-0.14470000000000005,0.02378129695073127
-0.14370000000000016,0.023625678707746112
-0.14270000000000005,0.023866179628723165
-0.14170000000000016,0.02378129695073127
-0.14070000000000005,0.024219857453689427
-0.13970000000000016,0.024035944984706972
-0.13870000000000005,0.024432064148669184
-0.13770000000000016,0.02471500640864219
-0.13670000000000004,0.024814036199632745
-0.13570000000000015,0.024545241052658383
-0.13470000000000004,0.024898918877624646
-0.13370000000000015,0.024913065990623297
-0.13270000000000004,0.0249413602166206
-0.13170000000000015,0.025181861137597652
-0.13070000000000004,0.02543650917157336
-0.12970000000000015,0.025309185154585506
-0.12870000000000004,0.025577980301559864
-0.12770000000000015,0.025252596702590904
-0.12670000000000003,0.025719451431546365
-0.12570000000000014,0.02587506967453152
-0.12470000000000003,0.02620045327350048
-0.12370000000000014,0.02590336390052882
-0.12270000000000003,0.025931658126526123
-0.12170000000000014,0.026016540804518026
-0.12070000000000003,0.026101423482509926
-0.11970000000000014,0.02629948306449103
-0.11870000000000003,0.02649754264647214
-0.11770000000000014,0.026667308002455942
-0.11670000000000003,0.026837073358439746
-0.11570000000000014,0.026907808923433
-0.11470000000000002,0.02659657243746269
-0.11370000000000013,0.026893661810434347
-0.11270000000000002,0.027105868505414105
-0.11170000000000013,0.027586870347368214
-0.11070000000000024,0.027530281895373616
-0.10970000000000013,0.027799077042347967
-0.10870000000000024,0.02782737126834527
-0.10770000000000013,0.02762931168636417
-0.10670000000000024,0.028237637545306133
-0.10570000000000013,0.027940548172334476
-0.10470000000000024,0.028463991353284535
-0.10370000000000013,0.02854887403127644
-0.10270000000000024,0.02854887403127644
-0.10170000000000012,0.02860546248327104
-0.10070000000000023,0.02861960959626969
-0.09970000000000012,0.029058170099227856
-0.09870000000000023,0.029326965246202208
-0.09770000000000012,0.029284523907206258
-0.09670000000000023,0.02941184792419411
-0.09570000000000012,0.02935525947219951
-0.09470000000000023,0.029581613280177915
-0.09370000000000012,0.029510877715184666
-0.09270000000000023,0.02970893729716577
-0.09170000000000011,0.03000602667013743
-0.09070000000000022,0.029935291105144177
-0.08970000000000011,0.030288968930110433
-0.08870000000000022,0.0307275294330686
-0.08770000000000011,0.030784117885063196
-0.08670000000000022,0.031024618806040256
-0.08570000000000011,0.031180237049025412
-0.08470000000000022,0.031222678388021355
-0.08370000000000011,0.03157635621298762
-0.08270000000000022,0.03132170817901191
-0.0817000000000001,0.03163294466498222
-0.08070000000000022,0.03168953311697682
-0.0797000000000001,0.03177441579496872
-0.07870000000000021,0.03170368022997547
-0.0777000000000001,0.032255417636922835
-0.07670000000000021,0.032467624331902596
-0.0757000000000001,0.032467624331902596
-0.07470000000000021,0.03294862617385671
-0.0737000000000001,0.0329203319478594
-0.07270000000000021,0.03330230399882296
-0.0717000000000001,0.03340133378981351
-0.07070000000000021,0.03340133378981351
-0.0697000000000001,0.03359939337179463
-0.0687000000000002,0.03383989429277168
-0.0677000000000001,0.03405210098775143
-0.0667000000000002,0.034179425004739285
-0.06570000000000009,0.03415113077874199
-0.0647000000000002,0.03444822015171364
-0.06370000000000009,0.0346604268466934
-0.0627000000000002,0.03470286818568935
-0.06170000000000009,0.03521216425364076
-0.0607000000000002,0.03518387002764346
-0.059700000000000086,0.035679018982596226
-0.058700000000000196,0.03569316609559487
-0.057700000000000085,0.03628734484153819
-0.056700000000000195,0.03617416793754899
-0.05570000000000008,0.036499551536517946
-0.05470000000000019,0.03637222751953009
-0.05370000000000008,0.03681078802248825
-0.05270000000000019,0.03675419957049365
-0.05170000000000008,0.03717861296045316
-0.05070000000000019,0.03703714183046666
-0.04970000000000008,0.037235201412447766
-0.04870000000000019,0.037772791706396476
-0.047700000000000076,0.03773035036740053
-0.046700000000000186,0.03826794066134924
-0.045700000000000074,0.0385650300343209
-0.044700000000000184,0.0386782069383101
-0.04370000000000007,0.039145061667265564
-0.04270000000000018,0.03937141547524397
-0.04170000000000007,0.03966850484821563
-0.04070000000000018,0.03993729999518999
-0.03970000000000007,0.040078771125176486
-0.03870000000000018,0.04023438936816164
-0.03770000000000007,0.04051733162813465
-0.03670000000000018,0.04068709698411845
-0.035700000000000065,0.040715391210115755
-0.034700000000000175,0.04135201129505502
-0.03370000000000006,0.04113980460007527
-0.03270000000000017,0.04208766117098484
-0.03170000000000006,0.04210180828398349
-0.03070000000000017,0.04207351405798619
-0.02970000000000006,0.0424979274479457
-0.02870000000000017,0.04275257548192141
-0.027700000000000058,0.043120400419886316
-0.026700000000000168,0.04343163690585663
-0.025700000000000056,0.043459931131853924
-0.024700000000000166,0.04398337431280399
-0.023700000000000054,0.04436534636376756
-0.022700000000000164,0.044676582849737856
-0.021700000000000053,0.044959525109710866
-0.020700000000000163,0.04534149716067442
-0.01970000000000005,0.04578005766363259
-0.01870000000000016,0.04575176343763528
-0.01770000000000005,0.04638838352257455
-0.01670000000000016,0.0465440017655597
-0.015700000000000047,0.046897679590525966
-0.014700000000000157,0.047350387206482776
-0.013700000000000045,0.047520152562466576
-0.012700000000000156,0.04773235925744633
-0.011700000000000044,0.0481426255344072
-0.010700000000000154,0.04855289181136806
-0.009700000000000042,0.04896315808832892
-0.008700000000000152,0.049203659009305976
-0.00770000000000004,0.049458307043281684
-0.00670000000000015,0.04979783775524929
-0.005700000000000038,0.0501090742412196
-0.0047000000000001485,0.05064666453516831
-0.0037000000000000366,0.05042031072718991
-0.0027000000000001467,0.05136816729809948
-0.0017000000000000348,0.051495491315087336
-0.000700000000000145,0.051778433575060345
0.00029999999999996696,0.05214625851302525
0.0012999999999998568,0.05254237767698746
0.0022999999999999687,0.05313655642293078
0.0032999999999998586,0.05365999960388084
0.0042999999999999705,0.053631705377883546
0.00529999999999986,0.053886353411859246
0.006299999999999972,0.05391464763785655
0.007299999999999862,0.05440979659280931
0.008299999999999974,0.05517374069473643
0.009299999999999864,0.05515959358173778
0.010299999999999976,0.055711330988685144
0.011299999999999866,0.05565474253669054
0.012299999999999978,0.056164038604641954
