Potential V vs RHE, Current mA cm-2
0.013299999999999867,-0.022097790503891875
0.012299999999999978,-0.03160465043898492
0.011299999999999866,-0.0350565460106556
0.010299999999999976,-0.0369098178134788
0.009299999999999864,-0.0383669704523398
0.008299999999999974,-0.03993729999518999
0.007299999999999862,-0.04084271522710361
0.006299999999999972,-0.04205936694498754
0.00529999999999986,-0.042639398577932204
0.0042999999999999705,-0.04336090134086337
0.0032999999999998586,-0.04436534636376756
0.0022999999999999687,-0.04454925883275
0.0012999999999998568,-0.04556785096865284
0.00029999999999996696,-0.04602055858460964
-0.000700000000000145,-0.04668547289554621
-0.0017000000000000348,-0.04747771122347064
-0.0027000000000001467,-0.047633329466455786
-0.0037000000000000366,-0.0483972735683829
-0.0047000000000001485,-0.049203659009305976
-0.005700000000000038,-0.04935927725229113
-0.00670000000000015,-0.04998175022423174
-0.00770000000000004,-0.050462752066185855
-0.008700000000000152,-0.050392016501192606
-0.009700000000000042,-0.05152378554108464
-0.010700000000000154,-0.0519057575920482
-0.011700000000000044,-0.05175013934906304
-0.012700000000000156,-0.05248578922499286
-0.013700000000000045,-0.05259896612898206
-0.014700000000000157,-0.05324973332691998
-0.015700000000000047,-0.053858059185861944
-0.01670000000000016,-0.05435320814081471
-0.01770000000000005,-0.054876651321764766
-0.01870000000000016,-0.055202034920733736
-0.01970000000000005,-0.055626448310693244
-0.020700000000000163,-0.056178185717640605
-0.021700000000000053,-0.05640453952561902
-0.022700000000000164,-0.05773436814749215
-0.023700000000000054,-0.058003163294466496
-0.024700000000000166,-0.05845587091042332
-0.025700000000000056,-0.05920566789935178
-0.026700000000000168,-0.05953105149832075
-0.027700000000000058,-0.05955934572431805
-0.02870000000000017,-0.06019596580925731
-0.02970000000000006,-0.06074770321620467
-0.03070000000000017,-0.06117211660616418
-0.03170000000000006,-0.06163897133511965
-0.03270000000000017,-0.061511647318131794
-0.03370000000000006,-0.06294050573099548
-0.034700000000000175,-0.06315271242597524
-0.035700000000000065,-0.0635346844769388
-0.03670000000000018,-0.06371859694592126
-0.03770000000000007,-0.06438351125685782
-0.03870000000000018,-0.06490695443780789
-0.03970000000000007,-0.06579822255672285
-0.04070000000000018,-0.0657557812177269
-0.04170000000000007,-0.06642069552866348
-0.04270000000000018,-0.06697243293561084
-0.04370000000000007,-0.0673544049865744
-0.044700000000000184,-0.06835885000947857
-0.045700000000000074,-0.06874082206044213
-0.046700000000000186,-0.06899547009441785
-0.047700000000000076,-0.07002820934331933
-0.04870000000000019,-0.07021212181230177
-0.04970000000000008,-0.07152780332117625
-0.05070000000000019,-0.07198051093713306
-0.05170000000000008,-0.07223515897110877
-0.05270000000000019,-0.072914220395044
-0.05370000000000008,-0.0734518106889927
-0.05470000000000019,-0.07441381437290093
-0.05570000000000008,-0.07486652198885775
-0.056700000000000195,-0.0751919055878267
-0.057700000000000085,-0.07638026307971334
-0.058700000000000196,-0.07746959078060942
-0.059700000000000086,-0.07783741571857432
-0.0607000000000002,-0.07857306559450414
-0.06170000000000009,-0.07913895011445016
-0.0627000000000002,-0.08017168936335163
-0.06370000000000009,-0.08066683831830439
-0.0647000000000002,-0.08113369304725986
-0.06570000000000009,-0.08244937455613434
-0.0667000000000002,-0.08285964083309519
-0.0677000000000001,-0.08370846761301422
-0.0687000000000002,-0.08454314727993459
-0.0697000000000001,-0.0850807375738833
-0.07070000000000021,-0.0857597989978185
-0.0717000000000001,-0.08694815648970515
-0.07270000000000021,-0.08751404100965117
-0.0737000000000001,-0.08901363498750811
-0.07470000000000021,-0.09014540402740015
-0.0757000000000001,-0.09086690679033131
-0.07670000000000021,-0.09194208737822873
-0.0777000000000001,-0.09188549892623413
-0.07870000000000021,-0.09246553055917879
-0.0797000000000001,-0.0940641543280263
-0.08070000000000022,-0.0946583330739696
-0.0817000000000001,-0.09595986746984543
-0.08270000000000022,-0.0966530760067793
-0.08370000000000011,-0.09799705174165109
-0.08470000000000022,-0.09944005726751343
-0.08570000000000011,-0.09987861777047159
-0.08670000000000022,-0.10086891568037712
-0.08770000000000011,-0.102128008737257
-0.08870000000000022,-0.10362760271511394
-0.08970000000000011,-0.10491498999799112
-0.09070000000000022,-0.10504231401497897
-0.09170000000000011,-0.1057213754389142
-0.09270000000000023,-0.10748976456374548
-0.09370000000000012,-0.10778685393671714
-0.09470000000000023,-0.10920156523658218
-0.09570000000000012,-0.11071530632743777
-0.09670000000000023,-0.1126393136952542
-0.09770000000000012,-0.11408231922111656
-0.09870000000000023,-0.1140964663341152
-0.09970000000000012,-0.1138984067521341
-0.10070000000000023,-0.11589314968494381
-0.10170000000000012,-0.11718053696782099
-0.10270000000000024,-0.11798692240874405
-0.10370000000000013,-0.11986848843756456
-0.10470000000000024,-0.12053340274850113
-0.10570000000000013,-0.12248570434231489
-0.10670000000000024,-0.12300914752326494
-0.10770000000000013,-0.12463606551810973
-0.10870000000000024,-0.126404454642941
-0.10970000000000013,-0.12764940058682225
-0.11070000000000024,-0.12916314167767784
-0.11170000000000013,-0.13056370586454422
-0.11270000000000002,-0.13227550653738093
-0.11370000000000013,-0.13431269080918656
-0.11470000000000002,-0.13623669817700304
-0.11570000000000014,-0.13823144110981272
-0.11670000000000003,-0.1402120369296238
-0.11770000000000014,-0.14127307040452258
-0.11870000000000003,-0.1424614278964092
-0.11970000000000014,-0.14401761032626076
-0.12070000000000003,-0.14557379275611226
-0.12170000000000014,-0.14712997518596382
-0.12270000000000003,-0.14840321535584233
-0.12370000000000014,-0.1506667534356264
-0.12470000000000003,-0.15222293586547794
-0.12570000000000014,-0.15335470490536995
-0.12670000000000003,-0.1551938295951945
-0.12770000000000015,-0.15703295428501907
-0.12870000000000004,-0.15915502123481662
-0.12970000000000015,-0.1615600304445872
-0.13070000000000004,-0.1622673860945197
-0.13170000000000015,-0.16523827982423628
-0.13270000000000004,-0.1667944622540878
-0.13370000000000015,-0.16849211581392587
-0.13470000000000004,-0.1689165292038854
-0.13570000000000015,-0.17118006728366944
-0.13670000000000004,-0.1731606631034805
-0.13770000000000016,-0.17499978779330505
-0.13870000000000005,-0.17754626813306212
-0.13970000000000016,-0.17938539282288665
-0.14070000000000005,-0.18164893090267073
-0.14170000000000016,-0.18278069994256274
-0.14270000000000005,-0.1843368823724143
-0.14370000000000016,-0.18645894932221183
-0.14470000000000005,-0.18957131418191492
-0.14570000000000016,-0.19126896774175295
-0.14670000000000005,-0.19169338113171247
-0.14770000000000016,-0.19423986147146954
-0.14870000000000005,-0.1965033995512536
-0.14970000000000017,-0.19904987989101067
-0.15070000000000006,-0.20004017780091618
-0.15170000000000017,-0.20046459119087567
-0.15270000000000006,-0.2037184271805653
-0.15370000000000017,-0.20697226317025488
-0.15470000000000006,-0.20951874351001196
-0.15570000000000017,-0.21234816610974203
-0.15670000000000006,-0.21503611757948557
-0.15770000000000017,-0.21843142469916169
-0.15870000000000006,-0.22140231842887825
-0.15970000000000018,-0.22536351006850036
-0.16070000000000007,-0.22522203893851384
-0.16170000000000018,-0.22875881718817642
-0.16270000000000007,-0.2307394130079875
-0.16370000000000018,-0.23371030673770407
-0.16470000000000007,-0.2359738448174881
-0.16570000000000018,-0.23781296950731265
-0.16670000000000007,-0.24177416114693479
-0.16770000000000018,-0.24446211261667833
-0.16870000000000007,-0.24545241052658387
-0.16970000000000018,-0.2485647753862869
-0.17070000000000007,-0.24983801555616547
-0.17170000000000019,-0.2523844958959225
-0.17270000000000008,-0.25493097623567956
-0.1737000000000002,-0.2581848122253692
-0.17470000000000008,-0.2617215904750318
-0.1757000000000002,-0.2653998398546809
-0.17670000000000008,-0.2689366181043435
-0.1777000000000002,-0.27190751183406003
-0.17870000000000008,-0.27035132940420853
-0.1797000000000002,-0.2727563386139791
-0.18070000000000008,-0.27558576121370915
-0.1817000000000002,-0.27898106833338526
-0.18270000000000008,-0.2816690198031288
-0.1837000000000002,-0.2843569712728724
-0.1847000000000001,-0.2874693361325754
-0.1857000000000002,-0.29029875873230554
-0.1867000000000001,-0.29397700811195465
-0.1877000000000002,-0.29652348845171167
-0.1887000000000001,-0.2989284976614822
-0.1897000000000002,-0.3033141026910639
-0.1907000000000001,-0.30826559224059147
-0.1917000000000001,-0.31095354371033507
-0.19269999999999998,-0.3093973612804835
-0.1937000000000001,-0.3136414951800786
-0.19469999999999998,-0.3177441579496872
-0.1957000000000001,-0.31958328263951175
-0.19669999999999999,-0.3251006567089854
-0.1977000000000001,-0.328637434958648
-0.1987,-0.3316083286883646
-0.1997000000000001,-0.3348621646780542
-0.2007,-0.3386818851876898
-0.2017000000000001,-0.3417942500473929
-0.2027,-0.34462367264712296
-0.2037000000000001,-0.34844339315675854
-0.2047,-0.35183870027643466
-0.2057000000000001,-0.35565842078607024
-0.2067,-0.3583463722558138
-0.2077000000000001,-0.3611757948555439
-0.2087,-0.3642881597152469
-0.2097000000000001,-0.36683464005500405
-0.2107,-0.3715031873445586
-0.2117000000000001,-0.37588879237414025
-0.2127,-0.3822549932235329
-0.2137000000000001,-0.3869235405130875
-0.2147,-0.3898944342428041
-0.2157000000000001,-0.3945629815323587
-0.2167,-0.3965435773521698
-0.21770000000000012,-0.40064624012177835
-0.2187,-0.40503184515136
-0.21970000000000012,-0.4084271522710361
-0.2207,-0.41380305521052324
-0.22170000000000012,-0.4187545447600509
-0.2227,-0.42229132300971345
-0.22370000000000012,-0.4268183991692816
-0.2247,-0.4312040041988632
-0.22570000000000012,-0.43573108035843133
-0.2267,-0.4412484544279049
-0.22770000000000012,-0.4483220109272302
-0.22870000000000001,-0.4500196644870682
-0.22970000000000013,-0.4546882117766228
-0.23070000000000002,-0.46020558584609644
-0.23170000000000013,-0.46954268042520564
-0.23270000000000002,-0.4736453431948142
-0.23370000000000013,-0.4793041883942744
-0.23470000000000002,-0.4848215624637481
-0.23570000000000013,-0.49048040766320816
-0.23670000000000002,-0.4958563106026953
-0.2376999999999999,-0.5013736846721689
-0.23870000000000002,-0.5091545968214266
-0.2396999999999999,-0.5177843357506035
-0.24070000000000003,-0.5245749499899556
-0.24169999999999991,-0.5299508529294428
-0.24270000000000003,-0.535892640388876
-0.24369999999999992,-0.5479176864377286
-0.24470000000000003,-0.5530106471172429
-0.24569999999999992,-0.558952434576676
-0.24670000000000003,-0.5636209818662306
-0.24769999999999992,-0.5704115961055828
-0.24870000000000003,-0.5798901618146786
-0.24969999999999992,-0.5871051894439903
-0.25070000000000003,-0.5923396212534908
-0.2516999999999999,-0.6004034756627216
-0.25270000000000004,-0.6128529351015338
-0.2536999999999999,-0.6214826740307106
-0.25470000000000004,-0.6279903460100897
-0.2556999999999999,-0.6383177384991046
-0.25670000000000004,-0.6509086690679033
-0.25769999999999993,-0.6605287059069856
-0.25870000000000004,-0.6697243293561084
-0.25969999999999993,-0.6820323176649342
-0.26070000000000004,-0.6869838072144618
-0.26169999999999993,-0.6957550172736251
-0.26270000000000004,-0.7086288901023969
-0.26369999999999993,-0.7168342156416141
-0.26470000000000005,-0.7264542524806964
-0.26569999999999994,-0.7367816449697111
-0.26670000000000005,-0.7478163931086583
-0.26769999999999994,-0.7604073236774572
-0.26870000000000005,-0.7714420718164045
-0.26969999999999994,-0.7803547530055542
-0.27070000000000005,-0.791813914534461
-0.27169999999999994,-0.8035560183233408
-0.27270000000000005,-0.8178446024519777
-0.27369999999999994,-0.8326990711005606
-0.27470000000000006,-0.8417532234196969
-0.27569999999999995,-0.8547685673784552
-0.27670000000000006,-0.8703303916769705
-0.27769999999999995,-0.8829213222457692
-0.27870000000000006,-0.8952293105545953
-0.27969999999999995,-0.909517894683232
-0.28070000000000006,-0.9206941139521657
-0.28169999999999995,-0.9346997558208296
-0.28270000000000006,-0.9496956955993991
-0.28369999999999995,-0.9601645592184004
-0.28470000000000006,-0.9779899215966998
-0.28569999999999995,-0.9959567551049858
-0.28670000000000007,-1.0069915032439332
-0.28769999999999996,-1.0194409626827452
-0.28870000000000007,-1.0340124890713553
-0.28969999999999996,-1.0470278330301137
-0.29070000000000007,-1.0610334748987775
-0.29169999999999996,-1.0778685393671714
-0.29270000000000007,-1.0958353728754573
-0.29369999999999996,-1.115075446553622
-0.2947000000000001,-1.1343155202317863
-0.29569999999999996,-1.1517164692201263
-0.2967000000000001,-1.1715224274182368
-0.29769999999999996,-1.1866598383267928
-0.2987000000000001,-1.201372835845389
-0.29969999999999997,-1.2231593898633106
-0.3007000000000001,-1.2395700409417452
-0.30169999999999997,-1.2556977497602064
-0.3027000000000001,-1.2755037079583171
-0.30369999999999997,-1.2904996477368864
-0.3047000000000001,-1.3142667975746192
-0.30569999999999997,-1.3359118804625543
-0.3067000000000001,-1.3524640026709753
-0.3077,-1.366469644539639
-0.3087000000000001,-1.388397669687547
-0.3097,-1.407779214495698
-0.3107000000000001,-1.4246142789640919
-0.3117,-1.4444202371622026
-0.3127000000000001,-1.4698850405597732
-0.3137,-1.4882762874580184
-0.3147000000000001,-1.5094969569559942
-0.3157,-1.5293029151541047
-0.3167000000000001,-1.5519382959519452
-0.3177,-1.5717442541500557
-0.3187000000000001,-1.6014531914472214
-0.3197,-1.626917994844792
-0.3207000000000001,-1.6467239530429028
-0.3217,-1.6665299112410132
-0.3227000000000001,-1.6891652920388538
-0.3237,-1.7118006728366943
-0.3247000000000001,-1.7316066310348048
-0.3257,-1.7556567231325106
-0.3267000000000001,-1.776877392630486
-0.3277,-1.8037569073279218
-0.3287000000000001,-1.8292217107254924
-0.3297,-1.8546865141230628
-0.3307000000000001,-1.8858101627200938
-0.3317,-1.9027866983184742
-0.3327000000000001,-1.9310809243157752
-0.3337,-1.9607898616129409
-0.3347000000000001,-1.9904987989101068
-0.3357,-2.0103047571082175
-0.3367000000000001,-2.0343548492059225
-0.3377,-2.0640637865030884
-0.3387000000000001,-2.0866991673009294
-0.3397,-2.116408104598095
-0.3407000000000001,-2.1347993514963406
-0.3417,-2.1602641548939108
-0.3427000000000001,-2.1956319373905373
-0.3437,-2.2239261633878376
-0.3447000000000001,-2.253635100685003
-0.3457,-2.2918323057813597
-0.3467000000000001,-2.30880884137974
-0.3477,-2.339932489976771
-0.3487000000000001,-2.3668120046742067
-0.3497,-2.3993503645711023
-0.3507000000000001,-2.4318887244679983
-0.3517,-2.4700859295643536
-0.3527000000000001,-2.49413602166206
-0.3537,-2.5238449589592253
-0.3547000000000001,-2.557798030155986
-0.3557,-2.591751101352747
-0.35670000000000013,-2.627118883849373
-0.3577,-2.663901377645864
-0.35870000000000013,-2.6865367584437045
-0.3597,-2.7233192522401954
-0.36070000000000013,-2.7615164573365516
-0.3617,-2.7997136624329078
-0.3626999999999999,-2.8322520223298033
-0.3637,-2.8605462483271045
-0.3646999999999999,-2.8987434534234597
-0.3657,-2.9312818133203558
-0.3666999999999999,-2.9666495958169823
-0.3677,-3.004846800913338
-0.3686999999999999,-3.0359704495103688
-0.36970000000000003,-3.069923520707129
-0.3706999999999999,-3.110950148403216
-0.37170000000000003,-3.150562064799437
-0.3726999999999999,-3.1859298472960624
-0.37370000000000003,-3.2184682071929585
-0.3746999999999999,-3.28354492698675
-0.37570000000000003,-3.316083286883646
-0.3766999999999999,-3.358524625879597
-0.37770000000000004,-3.3967218309759533
-0.3786999999999999,-3.436333747372174
-0.37970000000000004,-3.4773603750682605
-0.3806999999999999,-3.515557580164616
-0.38170000000000004,-3.550925362661242
-0.38269999999999993,-3.5976108355567886
-0.38370000000000004,-3.647125731052064
-0.38469999999999993,-3.688152358748151
-0.38570000000000004,-3.7263495638445066
-0.38669999999999993,-3.7716203254401877
-0.38770000000000004,-3.815476375736004
-0.38869999999999993,-3.8579177147319554
-0.38970000000000005,-3.9046031876275014
-0.39069999999999994,-3.9512886605230477
-0.39170000000000005,-3.9965594221187284
-0.39269999999999994,-4.0446596063141405
-0.39370000000000005,-4.089930367909821
-0.39469999999999994,-4.128127573006177
-0.39570000000000005,-4.177642468501453
-0.39669999999999994,-4.231401497896325
-0.39770000000000005,-4.273842836892276
-0.39869999999999994,-4.323357732387552
-0.39970000000000006,-4.370043205283098
-0.40069999999999995,-4.4124845442790495
-0.40170000000000006,-4.461999439774326
-0.40269999999999995,-4.5171731804690625
-0.40370000000000006,-4.565273364664473
-0.40469999999999995,-4.6218618166590755
-0.40570000000000006,-4.655814887855835
-0.40669999999999995,-4.709573917250707
-0.40770000000000006,-4.767577080545174
-0.40869999999999995,-4.81709197604045
-0.40970000000000006,-4.876509850634781
-0.41069999999999995,-4.916121767031002
-0.41170000000000007,-4.975539641625334
-0.41269999999999996,-5.03637222751953
-0.41370000000000007,-5.084472411714942
-0.41469999999999996,-5.145304997609139
-0.41570000000000007,-5.194819893104414
-0.41669999999999996,-5.262726035497936
-0.41770000000000007,-5.312240930993213
-0.41869999999999996,-5.3702440942876795
-0.4197000000000001,-5.426832546282281
-0.42069999999999996,-5.482006286977017
-0.4217000000000001,-5.538594738971618
-0.42269999999999996,-5.60367145876541
-0.4237000000000001,-5.668748178559202
-0.42469999999999997,-5.716848362754614
-0.4257000000000001,-5.7974869068469195
-0.42669999999999997,-5.844172379742466
-0.4277000000000001,-5.9078343882363935
-0.42869999999999997,-5.961593417631265
-0.4297000000000001,-6.037987827823977
-0.43069999999999997,-6.093161568518712
-0.4317000000000001,-6.161067710912235
-0.4327,-6.197850204708726
-0.4337000000000001,-6.2558533680031925
-0.4347,-6.309612397398063
-0.4357000000000001,-6.37327440589199
-0.4367,-6.445424682185107
-0.4377000000000001,-6.509086690679034
-0.4387,-6.591139946071206
-0.4397000000000001,-6.664704933664188
-0.4407,-6.738269921257169
-0.4417000000000001,-6.803346641050961
-0.4427,-6.876911628643944
-0.4437000000000001,-6.944817771037465
-0.4447,-7.008479779531392
-0.4457000000000001,-7.087703612323834
-0.4467,-7.169756867716005
-0.4477000000000001,-7.219271763211282
-0.4487,-7.288592616904668
-0.4497000000000001,-7.363572315797517
-0.4507,-7.445625571189688
-0.4517000000000001,-7.52767882658186
-0.4527,-7.605487948074437
-0.4537000000000001,-7.681882358267148
-0.4547,-7.7582767684598615
-0.4557000000000001,-7.833256467352707
-0.4567,-7.92096856794434
-0.4577000000000001,-7.980386442538672
-0.4587,-8.04121902843287
-0.4597000000000001,-8.12327228382504
-0.4607,-8.209569673116807
-0.4617000000000001,-8.293037639808846
-0.4627,-8.35387022570304
-0.4637000000000001,-8.434508769795347
-0.4647,-8.49958548958914
-0.4657000000000001,-8.583053456281176
-0.4667,-8.66793613427308
-0.4677000000000001,-8.754233523564846
-0.4687,-8.823554377258235
-0.4697000000000001,-8.902778210050675
-0.4707,-8.976343197643658
-0.4717000000000001,-9.078202411233942
-0.4727,-9.165914511825573
-0.4737000000000001,-9.287579683613965
-0.4747,-9.368218227706274
-0.4757000000000001,-9.43753908139966
-0.4767,-9.526665893291156
-0.4777000000000001,-9.6341839520809
-0.4787,-9.747360856070104
-0.4797000000000001,-9.84497593576079
-0.4807,-9.951079283250667
-0.48170000000000013,-10.000594178745946
-0.4827,-10.079818011538388
-0.48370000000000013,-10.168944823429884
-0.4847,-10.259486346621246
-0.48570000000000013,-10.362760271511394
-0.4867,-10.495743133698706
-0.4876999999999999,-10.549502163093578
-0.4887,-10.642873108884672
-0.4896999999999999,-10.724926364276843
-0.4907,-10.816882598768071
-0.4916999999999999,-10.917327101058488
-0.4927,-11.016356892049041
-0.4936999999999999,-11.138022063837434
-0.49470000000000003,-11.268175503425017
-0.4956999999999999,-11.341740491018
-0.49670000000000003,-11.395499520412871
-0.4976999999999999,-11.49877344530302
-0.49870000000000003,-11.611950349292222
-0.4996999999999999,-11.7180536967821
-0.5007,-11.83406002337103
-0.5016999999999999,-11.967042885558346
-0.5027,-12.036363739251732
-0.5036999999999999,-12.121246417243634
-0.5047,-12.257058702030678
-0.5056999999999999,-12.37023560601988
-0.5067,-12.496144911707868
-0.5076999999999999,-12.614980660896533
-0.5087,-12.694204493688973
-0.5096999999999999,-12.865384560972643
-0.5107,-12.929046569466571
-0.5116999999999999,-13.046467607355368
-0.5127,-13.11154432714916
-0.5136999999999999,-13.200671139040656
-0.5147,-13.352045248126215
-0.5156999999999999,-13.445416193917309
-0.5167,-13.605278570802058
-0.5176999999999999,-13.709967206992069
-0.5187,-13.841535357879518
-0.5196999999999999,-13.915100345472501
-0.5207,-14.074962722357249
-0.5216999999999999,-14.147112998650368
-0.5227,-14.30273124163552
-0.5236999999999999,-14.415908145624723
-0.5247,-14.543232162612577
-0.5257,-14.67055617960043
-0.5267000000000001,-14.769585970590983
-0.5277,-14.925204213576137
-0.5287000000000001,-15.208146473549144
-0.5297,-15.321323377538347
-0.5307000000000001,-15.43450028152755
-0.5317,-15.491088733522153
-0.5327000000000001,-15.547677185516752
-0.5337,-15.70329542850191
-0.5347000000000001,-15.77403099349516
-0.5357,-15.957943462477614
-0.5367000000000001,-16.170150157457368
-0.5377,-16.354062626439823
-0.5387000000000001,-16.46723953042903
-0.5397,-16.637004886412832
-0.5407000000000001,-16.820917355395284
-0.5417,-16.90580003338719
-0.5427000000000001,-17.07556538937099
-0.5437,-17.061418276372343
-0.5447000000000001,-17.34436053634535
-0.5457,-17.4433903273359
-0.5467000000000001,-17.584861457322408
-0.5477,-17.71218547431026
-0.5487000000000001,-18.02342196028057
-0.5497,-18.207334429263025
-0.5507000000000001,-18.19318731626437
-0.5517,-18.433688237241427
-0.5527000000000001,-18.589306480226583
-0.5537,-18.80151317520634
-0.5547000000000001,-18.829807401203638
-0.5557,-19.056161209182044
-0.5567000000000001,-19.211779452167196
-0.5577,-19.28251501716045
-0.5587000000000001,-19.466427486142905
-0.5597,-19.678634181122664
-0.5607000000000001,-19.763516859114564
-0.5617,-19.919135102099716
-0.5627000000000001,-20.088900458083522
-0.5637,-20.315254266061928
-0.5647000000000001,-20.159636023076775
-0.5657,-20.315254266061928
-0.5667000000000001,-20.711373430024135
-0.5677,-20.76796188201874
-0.5687000000000001,-20.93772723800254
-0.5697,-21.065051254990397
-0.5707000000000001,-21.13578681998365
-0.5717,-21.390434853959356
-0.5727000000000001,-21.404581966958006
-0.5737,-21.58849443594046
-0.5747000000000001,-21.828995356917517
-0.5757,-21.885583808912116
-0.5767000000000001,-22.04120205189727
-0.5777,-22.140231842887825
-0.5787000000000001,-22.281702972874328
-0.5797,-22.748557701829792
-0.5807000000000001,-22.748557701829792
-0.5817,-22.861734605818995
-0.5827000000000001,-23.215412430785253
-0.5837,-23.24370665678255
-0.5847000000000001,-23.41347201276636
-0.5857,-23.58323736875016
-0.5867000000000001,-23.696414272739364
-0.5877,-23.93691519371642
-0.5887000000000001,-24.078386323702922
-0.5897,-24.37547569667458
-0.5907000000000001,-24.460358374666487
-0.5917,-24.71500640864219
-0.5927000000000001,-24.927213103621945
-0.5937,-25.167714024599
-0.5947000000000001,-25.39406783257741
-0.5957,-25.507244736566612
-0.5967000000000001,-25.91751101352747
-0.5977,-26.016540804518023
-0.5987000000000001,-26.29948306449103
-0.5997,-26.34192440348698
-0.6007000000000001,-26.63901377645864
-0.6017,-26.9643973754276
-0.6027000000000001,-27.36051653938981
-0.6037,-27.37466365238846
-0.6047000000000001,-27.62931168636417
-0.6057,-27.855665494342567
-0.6067000000000001,-28.308373110299385
-0.6077,-28.379108675292635
-0.6087000000000001,-28.718639387260247
-0.6097,-28.944993195238652
-0.6107000000000001,-29.128905664221104
-0.6117,-29.25622968120896
-0.6126999999999999,-29.482583489187363
-0.6137,-29.496730602186016
-0.6146999999999999,-29.96358533114148
-0.6157,-30.17579202612123
-0.6166999999999999,-30.670940981073993
-0.6177,-30.939736128048356
-0.6186999999999999,-31.29341395301461
-0.6197,-31.392443744005163
-0.6206999999999999,-31.703680229975475
-0.6217,-31.887592698957924
-0.6226999999999999,-32.14224073293363
-0.6237,-32.41103587990799
-0.6246999999999999,-32.693978139881004
-0.6257,-32.97692039985401
-0.6266999999999999,-33.330598224820264
-0.6277,-33.655981823789226
-0.6286999999999999,-33.910629857764924
-0.6297,-34.41992592571634
-0.6306999999999999,-34.67457395969205
-0.6317,-34.64627973369475
-0.6326999999999999,-34.90092776767045
-0.6337,-35.226311366639415
-0.6346999999999999,-35.55169496560837
-0.6357,-35.41022383562187
-0.6366999999999999,-35.53754785260972
-0.6377,-35.74975454758948
-0.6386999999999999,-36.06099103355979
-0.6397,-36.48540442351929
-0.6406999999999999,-36.5985813275085
-0.6417,-36.86737647448285
-0.6426999999999999,-37.00884760446935
-0.6437,-37.164465847454515
-0.6446999999999999,-37.50399655942213
-0.6457,-37.99914551437489
-0.6466999999999999,-38.12646953136274
-0.6477,-38.38111756533845
-0.6486999999999999,-38.593324260318205
-0.6497,-38.805530955297954
-0.6507,-39.074326102272316
-0.6517000000000001,-39.30067991025072
-0.6527,-39.739240413208876
-0.6537000000000001,-39.96559422118728
-0.6547,-40.602214306126555
-0.6557000000000001,-40.97003924409146
-0.6567,-41.52177665103883
-0.6577000000000001,-41.606659329030734
-0.6587,-41.59251221603208
-0.6597000000000001,-41.98863137999429
-0.6607,-42.540368786941656
-0.6617000000000001,-42.6111043519349
-0.6627,-42.99307640289846
-0.6637000000000001,-43.36090134086337
-0.6647,-44.153139668787794
-0.6657000000000001,-44.98781933570817
-0.6667,-45.07270201370007
-0.6677000000000001,-44.84634820572166
-0.6687,-45.12929046569467
-0.6697000000000001,-45.53955674265553
-0.6707,-45.79420477663124
-0.6717000000000001,-46.2610595055867
-0.6727,-46.67132578254756
-0.6737000000000001,-47.10988628550572
-0.6747,-47.36453431948143
-0.6757000000000001,-47.47771122347063
-0.6767,-47.70406503144903
-0.6777000000000001,-48.312390890391
-0.6787,-49.13292344431272
-0.6797000000000001,-49.17536478330867
-0.6807,-49.642219512264134
-0.6817000000000001,-49.95345599823444
-0.6827,-50.052485789224995
-0.6837000000000001,-50.37786938819396
-0.6847,-50.83057700415076
-0.6857000000000001,-51.25499039411028
-0.6867,-51.14181349012107
-0.6857000000000001,-50.81642989115212
-0.6847,-50.29298671020206
-0.6837000000000001,-49.86857332024254
-0.6827,-49.84027909424525
-0.6817000000000001,-49.26024746130057
-0.6807,-48.63777448935996
-0.6797000000000001,-48.156772647405845
-0.6787,-47.87383038743284
-0.6777000000000001,-47.421122771476035
-0.6767,-47.095739172507066
-0.6757000000000001,-47.053297833511124
-0.6747,-46.38838352257455
-0.6737000000000001,-45.70932209863933
-0.6727,-45.20002603068792
-0.6717000000000001,-45.17173180469062
-0.6707,-44.95952510971087
-0.6697000000000001,-45.00196644870681
-0.6687,-44.80390686672572
-0.6677000000000001,-44.28046368577565
-0.6667,-43.77116761782423
-0.6657000000000001,-43.77116761782423
-0.6647,-43.077959080890366
-0.6637000000000001,-42.92234083790521
-0.6627,-42.625251464933555
-0.6617000000000001,-42.25742652696865
-0.6607,-41.606659329030734
-0.6597000000000001,-41.182245939071215
-0.6587,-40.800273888107654
-0.6577000000000001,-40.57392008012925
-0.6567,-40.29097782015624
-0.6557000000000001,-39.90900576919269
-0.6547,-39.44215104023723
-0.6537000000000001,-39.35726836224533
-0.6527,-38.8762665202912
-0.6517000000000001,-38.33867622634249
-0.6507,-38.05573396636949
-0.6497,-37.78693881939513
-0.6486999999999999,-37.41911388143023
-0.6477,-36.9381120394761
-0.6466999999999999,-36.64102266650445
-0.6457,-36.37222751953009
-0.6446999999999999,-36.244903502542236
-0.6437,-35.97610835556789
-0.6426999999999999,-35.89122567757598
-0.6417,-35.56584207860703
-0.6406999999999999,-35.014104671659666
-0.6397,-34.8018979766799
-0.6386999999999999,-34.5755441687015
-0.6377,-34.207719230736586
-0.6366999999999999,-33.726717388782475
-0.6357,-33.51451069380272
-0.6346999999999999,-33.245715546828364
-0.6337,-32.764713704874254
-0.6326999999999999,-32.56665412289314
-0.6317,-32.32615320191609
-0.6306999999999999,-32.14224073293363
-0.6297,-31.74612156897142
-0.6286999999999999,-31.392443744005163
-0.6277,-31.109501484032155
-0.6266999999999999,-30.897294789052403
-0.6257,-30.699235207071297
-0.6246999999999999,-30.727529433068593
-0.6237,-30.331410269106385
-0.6226999999999999,-29.892849766148224
-0.6217,-29.411847924194117
-0.6206999999999999,-29.25622968120896
-0.6197,-28.88840474324405
-0.6186999999999999,-28.647903822266994
-0.6177,-28.435697127287238
-0.6166999999999999,-28.265931771303435
-0.6157,-27.756635703352025
-0.6146999999999999,-27.572723234369565
-0.6137,-27.332222313392506
-0.6126999999999999,-26.992691601424898
-0.6117,-27.00683871442355
-0.6107000000000001,-26.469248420474838
-0.6097,-26.242894612496432
-0.6087000000000001,-26.32777729048833
-0.6077,-26.55413109846674
-0.6067000000000001,-26.058982143513976
-0.6057,-25.959952352523427
-0.6047000000000001,-25.563833188561212
-0.6037,-25.12527268560305
-0.6027000000000001,-24.757447747638142
-0.6017,-24.17741611469348
-0.6007000000000001,-24.191563227692125
-0.5997,-23.83788540272587
-0.5987000000000001,-23.54079602975421
-0.5977,-23.385177786769056
-0.5967000000000001,-23.2012653177866
-0.5957,-23.088088413797397
-0.5947000000000001,-22.706116362833843
-0.5937,-22.40902698986218
-0.5927000000000001,-22.111937616890522
-0.5917,-22.097790503891872
-0.5907000000000001,-21.800701130920213
-0.5897,-21.63093577493641
-0.5887000000000001,-21.43287619295531
-0.5877,-21.107492593986347
-0.5867000000000001,-20.89528589900659
-0.5857,-20.640637865030882
-0.5847000000000001,-20.51331384804303
-0.5837,-20.187930249074075
-0.5827000000000001,-20.38598983105518
-0.5817,-19.876693763103766
-0.5807000000000001,-19.890840876102416
-0.5797,-19.678634181122664
-0.5787000000000001,-19.480574599141555
-0.5777,-19.2400736781645
-0.5767000000000001,-19.112749661176647
-0.5757,-18.78736606220769
-0.5747000000000001,-18.645894932221182
-0.5737,-18.306364220253574
-0.5727000000000001,-18.348805559249524
-0.5717,-18.03756907327922
-0.5707000000000001,-17.952686395287316
-0.5697,-17.71218547431026
-0.5687000000000001,-17.542420118326454
-0.5677,-17.3302134233467
-0.5667000000000001,-17.259477858353446
-0.5657,-16.919947146385837
-0.5647000000000001,-16.849211581392588
-0.5637,-16.60871066041553
-0.5627000000000001,-16.382356852437127
-0.5617,-16.354062626439823
-0.5607000000000001,-15.986237688474914
-0.5597,-15.943796349478962
-0.5587000000000001,-15.533530072518102
-0.5577,-15.37791182953295
-0.5567000000000001,-15.491088733522153
-0.5557,-15.208146473549144
-0.5547000000000001,-15.05252823056399
-0.5537,-14.896909987578834
-0.5527000000000001,-15.05252823056399
-0.5517,-14.882762874580186
-0.5507000000000001,-14.65640906660178
-0.5497,-14.316878354634172
-0.5487000000000001,-14.316878354634172
-0.5477,-13.978762353966427
-0.5467000000000001,-14.008471291263595
-0.5457,-13.816070554481948
-0.5447000000000001,-13.62508452900017
-0.5437,-13.557178386606648
-0.5427000000000001,-13.175206335643086
-0.5417,-13.139838553146461
-0.5407000000000001,-12.865384560972643
-0.5397,-12.858311004473318
-0.5387000000000001,-12.763525347382362
-0.5377,-12.702692761488164
-0.5367000000000001,-12.51878029250571
-0.5357,-12.257058702030678
-0.5347000000000001,-12.064657965249033
-0.5337,-11.685515336885203
-0.5327000000000001,-11.675612357786147
-0.5317,-11.473308641905447
-0.5307000000000001,-11.480382198404772
-0.5297,-11.208757628830686
-0.5287000000000001,-11.057383519745128
-0.5277,-11.075774766643372
-0.5267000000000001,-10.79707664056996
-0.5257,-10.607505326388045
-0.5247,-10.751805878974281
-0.5236999999999999,-10.713608673877923
-0.5227,-10.362760271511394
-0.5216999999999999,-10.320318932515441
-0.5207,-10.275048170919762
-0.5196999999999999,-9.956738128450127
-0.5187,-9.83365824536187
-0.5176999999999999,-9.887417274756743
-0.5167,-9.612963282582925
-0.5156999999999999,-9.574766077486567
-0.5147,-9.506859935093045
-0.5136999999999999,-9.301726796612616
-0.5127,-9.188549892623413
-0.5116999999999999,-9.073958277334345
-0.5107,-8.969269641144333
-0.5096999999999999,-8.936731281247436
-0.5087,-8.832042645057424
-0.5076999999999999,-8.71320689586876
-0.5067,-8.663692000373485
-0.5056999999999999,-8.49958548958914
-0.5047,-8.293037639808846
-0.5036999999999999,-8.276061104210465
-0.5027,-8.295867062408576
-0.5016999999999999,-8.113369304725985
-0.5007,-8.038389605833139
-0.4996999999999999,-7.967654040839887
-0.49870000000000003,-7.823353488253653
-0.4976999999999999,-7.864380115949738
-0.49670000000000003,-7.821938776953789
-0.4956999999999999,-7.554558341279295
-0.49470000000000003,-7.551728918679565
-0.4936999999999999,-7.4767492197867185
-0.4927,-7.455528550288744
-0.4916999999999999,-7.260298390907368
-0.4907,-7.216442340611552
-0.4896999999999999,-7.1145831270212705
-0.4887,-6.913694122440434
-0.4876999999999999,-6.859935093045563
-0.4867,-6.807590774950556
-0.48570000000000013,-6.698658004860949
-0.4847,-6.5840663895718805
-0.48370000000000013,-6.560016297474175
-0.4827,-6.527477937577279
-0.48170000000000013,-6.369030271992395
-0.4807,-6.228973853305757
-0.4797000000000001,-6.1511647318131795
-0.4787,-6.149750020513314
-0.4777000000000001,-6.004034756627216
-0.4767,-5.924810923834773
-0.4757000000000001,-5.861148915340847
-0.4747,-5.830025266743816
-0.4737000000000001,-5.820122287644761
-0.4727,-5.701286538456097
-0.4717000000000001,-5.565474253669055
-0.4707,-5.4947386886758025
-0.4697000000000001,-5.42400312368255
-0.4687,-5.479176864377286
-0.4677000000000001,-5.367414671687949
-0.4667,-5.282531993696048
-0.4657000000000001,-5.150963842808599
-0.4647,-5.102863658613187
-0.4637000000000001,-5.152378554108464
-0.4627,-4.876509850634781
-0.4617000000000001,-4.943001281728439
-0.4607,-4.892071674933297
-0.4597000000000001,-4.8312390890391
-0.4587,-4.702500360751382
-0.4577000000000001,-4.634594218357861
-0.4567,-4.578005766363259
-0.4557000000000001,-4.445022904175945
-0.4547,-4.486049531872031
-0.4537000000000001,-4.394093297380804
-0.4527,-4.323357732387552
-0.4517000000000001,-4.297892928989982
-0.4507,-4.21018082839835
-0.4497000000000001,-4.125298150406447
-0.4487,-4.098418635709011
-0.4477000000000001,-4.024853648116029
-0.4467,-4.0319272046153545
-0.4457000000000001,-3.9173355893262864
-0.4447,-3.852258869532495
-0.4437000000000001,-3.782938015839108
-0.4427,-3.7192760073451816
-0.4417000000000001,-3.583463722558138
-0.4407,-3.572146032159218
-0.4397000000000001,-3.576390166058813
-0.4387,-3.541022383562187
-0.4377000000000001,-3.4462367264712297
-0.4367,-3.392477697076358
-0.4357000000000001,-3.389648274476628
-0.4347,-3.381160006677438
-0.4337000000000001,-3.2184682071929585
-0.4327,-3.1449032195999767
-0.4317000000000001,-3.1831004246963324
-0.43069999999999997,-3.135000240500921
-0.4297000000000001,-3.08690005630551
-0.42869999999999997,-3.002017378313608
-0.4277000000000001,-3.000602667013743
-0.42669999999999997,-2.942599503719276
-0.4257000000000001,-2.8803522065252145
-0.42469999999999997,-2.8251784658304784
-0.4237000000000001,-2.8845963404248094
-0.42269999999999996,-2.8096166415319628
-0.4217000000000001,-2.7841518381343926
-0.42069999999999996,-2.712001561841275
-0.4197000000000001,-2.6327777290488332
-0.41869999999999996,-2.5733598544545018
-0.41770000000000007,-2.581848122253692
-0.41669999999999996,-2.552139184956526
-0.41570000000000007,-2.5478950510569307
-0.41469999999999996,-2.4700859295643536
-0.41370000000000007,-2.4559388165657037
-0.41269999999999996,-2.4219857453689424
-0.41170000000000007,-2.392276808071777
-0.41069999999999995,-2.30314999618028
-0.40970000000000006,-2.283344037982169
-0.40869999999999995,-2.2776851927827093
-0.40770000000000006,-2.201290782589997
-0.40669999999999995,-2.201290782589997
-0.40570000000000006,-2.1461170418952604
-0.40469999999999995,-2.1206522384976902
-0.40370000000000006,-2.1079198367989047
-0.40269999999999995,-2.105090414199175
-0.40170000000000006,-2.0598196526034935
-0.40069999999999995,-2.013134179707947
-0.39970000000000006,-1.9607898616129409
-0.39869999999999994,-1.9466427486142908
-0.39770000000000005,-1.8660042045219833
-0.39669999999999994,-1.8617600706223882
-0.39570000000000005,-1.8433688237241426
-0.39469999999999994,-1.8645894932221183
-0.39370000000000005,-1.8179040203265722
-0.39269999999999994,-1.7570714344323757
-0.39170000000000005,-1.7457537440334552
-0.39069999999999994,-1.7287772084350748
-0.38970000000000005,-1.6764328903400685
-0.38869999999999993,-1.655212220842093
-0.38770000000000004,-1.658041643441823
-0.38669999999999993,-1.6368209739438475
-0.38570000000000004,-1.6113561705462767
-0.38469999999999993,-1.54203531685289
-0.38370000000000004,-1.5335470490536998
-0.38269999999999993,-1.4854468648582886
-0.38170000000000004,-1.472714463159503
-0.3806999999999999,-1.461396772760583
-0.37970000000000004,-1.426028990263957
-0.3786999999999999,-1.423199567664227
-0.37770000000000004,-1.4101842237054685
-0.3766999999999999,-1.4007056579963728
-0.37570000000000003,-1.3466636863415284
-0.3746999999999999,-1.318227989214241
-0.37370000000000003,-1.3165303356544031
-0.3726999999999999,-1.3016758670058202
-0.37170000000000003,-1.2648933732093293
-0.3706999999999999,-1.2639030752994236
-0.36970000000000003,-1.2609321815697072
-0.3686999999999999,-1.19486516386601
-0.3677,-1.1831230600771303
-0.3666999999999999,-1.1739274366280075
-0.3657,-1.141247605601125
-0.3646999999999999,-1.1302128574621777
-0.3637,-1.112528966213865
-0.3626999999999999,-1.0935718347956733
-0.3617,-1.0712193962578058
-0.36070000000000013,-1.0399542765307885
-0.3597,-1.0034547249942705
-0.35870000000000013,-1.0020400136944054
-0.3577,-1.0054353208140816
-0.35670000000000013,-0.9929858613752693
-0.3557,-0.986195247135917
-0.3547000000000001,-0.9591742613084948
-0.3537,-0.9291823817513559
-0.3527000000000001,-0.8948048971646357
-0.3517,-0.9020199247939473
-0.3507000000000001,-0.9010296268840418
-0.3497,-0.8890045808351891
-0.3487000000000001,-0.8690571515070921
-0.3477,-0.849109722178995
-0.3467000000000001,-0.8418946945496834
-0.3457,-0.8185519581019103
-0.3447000000000001,-0.792096856794434
-0.3437,-0.7837500601252303
-0.3427000000000001,-0.7775253304058242
-0.3417,-0.7619635061073088
-0.3407000000000001,-0.7520605270082534
-0.3397,-0.7342351646299541
-0.3387000000000001,-0.7275860215205884
-0.3377,-0.7072141788025319
-0.3367000000000001,-0.6685925603162164
-0.3357,-0.658406638957188
-0.3347000000000001,-0.6712805117859599
-0.3337,-0.6618019460768642
-0.3327000000000001,-0.6561431008774039
-0.3317,-0.6441180548285511
-0.3307000000000001,-0.6312441819997794
-0.3297,-0.6049305518222896
-0.3287000000000001,-0.5970081685430455
-0.3277,-0.5838513534543007
-0.3267000000000001,-0.578051037124854
-0.3257,-0.579748690684692
-0.3247000000000001,-0.5639039241262036
-0.3237,-0.5537180027671754
-0.3227000000000001,-0.5361755826488489
-0.3217,-0.5326388043991863
-0.3207000000000001,-0.5259896612898207
-0.3197,-0.5125499039411028
-0.3187000000000001,-0.5288190838895507
-0.3177,-0.4999589733723039
-0.3167000000000001,-0.4890656963633432
-0.3157,-0.47251357415492223
-0.3147000000000001,-0.4667132578254756
-0.3137,-0.45610292307648787
-0.3127000000000001,-0.44931230883713563
-0.3117,-0.44393640589764854
-0.3107000000000001,-0.423281620919619
-0.3097,-0.42978929289899814
-0.3087000000000001,-0.42441338995951106
-0.3077,-0.41054921922083365
-0.3067000000000001,-0.4013535957717109
-0.30569999999999997,-0.3945629815323587
-0.3047000000000001,-0.3823964643535194
-0.30369999999999997,-0.37829380158391085
-0.3027000000000001,-0.36541992875513896
-0.30169999999999997,-0.366268755535058
-0.3007000000000001,-0.36075138146558433
-0.29969999999999997,-0.3497166333266371
-0.2987000000000001,-0.346321326206961
-0.29769999999999996,-0.3359939337179463
-0.2967000000000001,-0.33019361738849956
-0.29569999999999996,-0.32071505167940384
-0.2947000000000001,-0.31434885083001113
-0.29369999999999996,-0.30487028512091535
-0.29270000000000007,-0.3028896893011043
-0.29169999999999996,-0.2972308441016442
-0.29070000000000007,-0.29199641229214357
-0.28969999999999996,-0.2874693361325754
-0.28870000000000007,-0.2796884239833177
-0.28769999999999996,-0.2728978097439656
-0.28670000000000007,-0.26907808923433
-0.28569999999999995,-0.2653998398546809
-0.28470000000000006,-0.2580433410953827
-0.28369999999999995,-0.25167714024599
-0.28270000000000006,-0.24474505487665132
-0.28169999999999995,-0.2395106230671507
-0.28070000000000006,-0.23158823978790652
-0.27969999999999995,-0.23229559543783898
-0.27870000000000006,-0.2267782213683654
-0.27769999999999995,-0.22083643390893223
-0.27670000000000006,-0.21390434853959353
-0.27569999999999995,-0.21277257949970152
-0.27470000000000006,-0.2079625610801604
-0.27369999999999994,-0.2066893209102819
-0.27270000000000005,-0.19862546650105112
-0.27169999999999994,-0.18801513175206336
-0.27070000000000005,-0.19834252424107812
-0.26969999999999994,-0.18532718028231981
-0.26870000000000005,-0.1846198246323873
-0.26769999999999994,-0.17754626813306212
-0.26670000000000005,-0.17202889406358848
-0.26569999999999994,-0.16750181790402036
-0.26470000000000005,-0.16339915513441172
-0.26369999999999993,-0.15759883880496509
-0.26270000000000004,-0.15561824298515403
-0.26169999999999993,-0.16085267479465465
-0.26070000000000004,-0.1502423400456669
-0.25969999999999993,-0.1465640906660178
-0.25870000000000004,-0.1437346680662877
-0.25769999999999993,-0.13963200529667913
-0.25670000000000004,-0.1349917522331218
-0.2556999999999999,-0.13189353448641736
-0.25470000000000004,-0.12885190519170753
-0.2536999999999999,-0.12510292024706518
-0.25270000000000004,-0.1233062368962366
-0.2516999999999999,-0.12183493714437695
-0.25070000000000003,-0.11716638985482233
-0.24969999999999992,-0.11377108273514626
-0.24870000000000003,-0.11072945344043642
-0.24769999999999992,-0.10682485025280893
-0.24670000000000003,-0.1036983382801072
-0.24569999999999992,-0.10031717827342976
-0.24470000000000003,-0.09699260671874692
-0.24369999999999992,-0.09447442060498715
-0.24270000000000003,-0.09204111716921928
-0.24169999999999991,-0.08973513775043927
-0.24070000000000003,-0.08641056619575643
-0.2396999999999999,-0.08021413070234758
-0.23870000000000002,-0.0791248030014515
-0.2376999999999999,-0.08287378794609385
-0.23670000000000002,-0.0773564138766202
-0.23570000000000013,-0.07432893169490903
-0.23470000000000002,-0.07100436014022618
-0.23370000000000013,-0.0691793825634003
-0.23270000000000002,-0.06458157083883892
-0.23170000000000013,-0.06264341635802383
-0.23070000000000002,-0.06511916113278764
-0.22970000000000013,-0.0596300812893113
-0.22870000000000001,-0.057281660531535335
-0.22770000000000012,-0.05596597902266085
-0.2267,-0.05401367742884709
-0.22570000000000012,-0.05249993633799151
-0.2247,-0.049118776331314076
-0.22370000000000012,-0.04865192160235861
-0.2227,-0.04720891607649628
-0.22170000000000012,-0.04399752142580264
-0.2207,-0.04193204292799969
-0.21970000000000012,-0.03966850484821563
-0.2187,-0.037150318734455866
-0.21770000000000012,-0.035664871869597575
-0.2167,-0.03359939337179463
-0.2157000000000001,-0.03184515135996198
-0.2147,-0.030628499642078044
-0.2137000000000001,-0.028718639387260245
-0.2127,-0.026837073358439746
-0.2117000000000001,-0.024106680549700225
-0.2107,-0.02378129695073127
-0.2097000000000001,-0.022140231842887825
-0.2087,-0.020187930249074077
-0.2077000000000001,-0.018674189158218484
-0.2067,-0.022069496277894573
-0.2057000000000001,-0.015703295428501907
-0.2047,-0.01391227092287277
-0.2037000000000001,-0.012210373229135131
-0.2027,-0.010590528790789665
-0.2017000000000001,-0.010200068472026914
-0.2007,-0.011289396172922992
-0.1997000000000001,-0.007478163931086584
-0.1987,-0.0058314399780436815
-0.1977000000000001,-0.0043233577323875515
-0.19669999999999999,-0.0024814036199632744
-0.1957000000000001,-0.0008765551213963767
-0.19469999999999998,0.00017033124050375043
-0.1937000000000001,-0.000988175842955728
-0.19269999999999998,0.0005470688596578097
-0.1917000000000001,0.002877522783925485
-0.1907000000000001,0.004399752142580264
-0.1897000000000002,0.005753630856551104
-0.1887000000000001,0.007079215344524643
-0.1877000000000002,0.008209569673116807
-0.1867000000000001,0.008140248819423422
-0.1857000000000002,0.009927029191152962
-0.1847000000000001,0.011531311805199914
-0.1837000000000002,0.012382968007718667
-0.18270000000000008,0.01315115624354538
-0.1817000000000002,0.01465640906660178
-0.18070000000000008,0.015533530072518101
-0.1797000000000002,0.016453092417430374
-0.17870000000000008,0.01728777208435075
-0.1777000000000002,0.018150745977268422
-0.17670000000000008,0.019466427486142905
-0.1757000000000002,0.020216224475071376
-0.17470000000000008,0.02150361175794856
-0.1737000000000002,0.02272026347583249
-0.17270000000000008,0.023045647074801445
-0.17170000000000019,0.024120827662698876
-0.17070000000000007,0.025167714024599004
-0.16970000000000018,0.026044835030515325
-0.16870000000000007,0.026936103149430297
-0.16770000000000018,0.027544429008372267
-0.16670000000000007,0.028393255788291286
-0.16570000000000018,0.029765525749160374
-0.16470000000000007,0.030883147676053754
-0.16370000000000018,0.031887592698957926
-0.16270000000000007,0.03238274165391069
-0.16170000000000018,0.03290618483486075
-0.16070000000000007,0.03412283655274468
-0.15970000000000018,0.03444822015171364
-0.15870000000000006,0.03511313446265021
-0.15770000000000017,0.03642881597152469
-0.15670000000000006,0.03666931689250175
-0.15570000000000017,0.03765961480240728
-0.15470000000000006,0.038692354051308754
-0.15370000000000017,0.03925823857125477
-0.15270000000000006,0.04013535957717109
-0.15170000000000017,0.04006462401217784
-0.15070000000000006,0.041012480583087416
-0.14970000000000017,0.042002778492992936
-0.14870000000000005,0.04287989949890925
-0.14770000000000016,0.04490293665771626
-0.14670000000000005,0.04443608192876081
-0.14570000000000016,0.045044407787702766
-0.14470000000000005,0.046430824861570505
-0.14370000000000016,0.04737868143248008
-0.14270000000000005,0.04746356411047198
-0.14170000000000016,0.04804359574341665
-0.14070000000000005,0.049811984868247935
-0.13970000000000016,0.05060422319617236
-0.13870000000000005,0.05054763474417776
-0.13770000000000016,0.05126913750710893
-0.13670000000000004,0.0519623460440428
-0.13570000000000015,0.05237261232100365
-0.13470000000000004,0.05326388043991863
-0.13370000000000015,0.0540702658808417
-0.13270000000000004,0.05398538320284981
-0.13170000000000015,0.055216182033732374
-0.13070000000000004,0.056178185717640605
-0.12970000000000015,0.05697042404556502
-0.12870000000000004,0.05770607392149485
-0.12770000000000015,0.05916322656035583
-0.12670000000000003,0.05926225635134639
-0.12570000000000014,0.059757405306299145
-0.12470000000000003,0.06005449467927081
-0.12370000000000014,0.06118626371916283
-0.12270000000000003,0.061440911753138545
-0.12170000000000014,0.061879472256096704
-0.12070000000000003,0.06405812765788886
-0.11970000000000014,0.06649143109365672
-0.11870000000000003,0.06649143109365672
-0.11770000000000014,0.06714219829159464
-0.11670000000000003,0.06688755025761894
-0.11570000000000014,0.0675241703425582
-0.11470000000000002,0.06813249620150016
-0.11370000000000013,0.06874082206044213
-0.11270000000000002,0.06944817771037465
-0.11170000000000013,0.06909449988540839
-0.11070000000000024,0.06975941419634496
-0.10970000000000013,0.07155609754717356
-0.10870000000000024,0.07261713102207233
-0.10770000000000013,0.0730556915250305
-0.10670000000000024,0.07503628734484155
-0.10570000000000013,0.07653588132269848
-0.10470000000000024,0.07618220349773222
-0.10370000000000013,0.07708761872964585
-0.10270000000000024,0.07629538040172142
-0.10170000000000012,0.07793644550956487
-0.10070000000000023,0.07790815128356757
-0.09970000000000012,0.0791530972274488
-0.09870000000000023,0.07933700969643126
-0.09770000000000012,0.08008680668535972
-0.09670000000000023,0.08152981221122206
-0.09570000000000012,0.08212399095716538
-0.09470000000000023,0.08250596300812894
-0.09370000000000012,0.08390652719499532
-0.09270000000000023,0.08441582326294673
-0.09170000000000011,0.08749989389665253
-0.09070000000000022,0.08865995716254185
-0.08970000000000011,0.08714621607168627
-0.08870000000000022,0.08846189758056075
-0.08770000000000011,0.08938145992547303
-0.08670000000000022,0.09054152319136234
-0.08570000000000011,0.09229576520319499
-0.08470000000000022,0.09208355850821524
-0.08370000000000011,0.09313044487011536
-0.08270000000000022,0.09441783215299256
-0.0817000000000001,0.09467248018696825
-0.08070000000000022,0.09757263835169158
-0.0797000000000001,0.09854878914859845
-0.07870000000000021,0.09907223232954852
-0.0777000000000001,0.10068500321139465
-0.07670000000000021,0.10096794547136766
-0.0757000000000001,0.10188750781627993
-0.07470000000000021,0.10265145191820706
-0.0737000000000001,0.10378322095809908
-0.07270000000000021,0.10529696204895468
-0.0717000000000001,0.10635799552385346
-0.07070000000000021,0.10635799552385346
-0.0697000000000001,0.10784344238871174
-0.0687000000000002,0.10853665092564563
-0.0677000000000001,0.11033333427647421
-0.0667000000000002,0.10986647954751874
-0.06570000000000009,0.11055968808445263
-0.0647000000000002,0.11211587051430415
-0.06370000000000009,0.1135305818141692
-0.0627000000000002,0.1156950901029627
-0.06170000000000009,0.11644488709189117
-0.0607000000000002,0.117463479227794
-0.059700000000000086,0.11852451270269278
-0.058700000000000196,0.1193450452566145
-0.057700000000000085,0.12047681429650652
-0.056700000000000195,0.1216227304493972
-0.05570000000000008,0.12224520342133782
-0.05470000000000019,0.12428238769314345
-0.05370000000000008,0.1260790710439721
-0.05270000000000019,0.12624883639995585
-0.05170000000000008,0.1270976631798749
-0.05070000000000019,0.12965829063263062
-0.04970000000000008,0.13189353448641736
-0.04870000000000019,0.13275650837933503
-0.047700000000000076,0.13414292545320278
-0.046700000000000186,0.13374680628924054
-0.045700000000000074,0.13473710419914608
-0.044700000000000184,0.13779288060685457
-0.04370000000000007,0.13823144110981272
-0.04270000000000018,0.14042424362460354
-0.04170000000000007,0.1414286886475077
-0.04070000000000018,0.1421784856364362
-0.03970000000000007,0.1428858412863687
-0.03870000000000018,0.14529085049613927
-0.03770000000000007,0.14727144631595032
-0.03670000000000018,0.14698850405597733
-0.035700000000000065,0.14896909987578838
-0.034700000000000175,0.14854468648582883
-0.03370000000000006,0.1496764555257209
-0.03270000000000017,0.15250587812545094
-0.03170000000000006,0.15250587812545094
-0.03070000000000017,0.1513741090855589
-0.02970000000000006,0.15392058942531597
-0.02870000000000017,0.15703295428501907
-0.027700000000000058,0.16014531914472213
-0.026700000000000168,0.15957943462477614
-0.025700000000000056,0.16099414592464115
-0.024700000000000166,0.16311621287443873
-0.023700000000000054,0.16453092417430376
-0.022700000000000164,0.1667944622540878
-0.021700000000000053,0.1669359333840743
-0.020700000000000163,0.16806770242396638
-0.01970000000000005,0.17089712502369644
-0.01870000000000016,0.173868018753413
-0.01770000000000005,0.17415096101338604
-0.01670000000000016,0.17613155683319706
-0.015700000000000047,0.17570714344323757
-0.014700000000000157,0.17896097943292713
-0.013700000000000045,0.1808001041227517
-0.012700000000000156,0.18179040203265723
-0.011700000000000044,0.18221481542261672
-0.010700000000000154,0.1806586329927652
-0.009700000000000042,0.18348805559249526
-0.008700000000000152,0.1849027668923603
-0.00770000000000004,0.18660042045219835
-0.00670000000000015,0.19013719870186094
-0.005700000000000038,0.1931080924315775
-0.0047000000000001485,0.19438133260145604
-0.0037000000000000366,0.192966621301591
-0.0027000000000001467,0.192966621301591
-0.0017000000000000348,0.19409839034148305
-0.000700000000000145,0.19537163051136155
0.00029999999999996696,0.19593751503130757
0.0012999999999998568,0.1974936974611591
0.0022999999999999687,0.19791811085111863
0.0032999999999998586,0.19777663972113213
0.0042999999999999705,0.19933282215098366
0.00529999999999986,0.20159636023076774
0.006299999999999972,0.20343548492059227
0.007299999999999862,0.20541608074040332
0.008299999999999974,0.2066893209102819
0.009299999999999864,0.2073966765602144
0.010299999999999976,0.2086699167300929
0.011299999999999866,0.20909433012005244
0.012299999999999978,0.21220669497975553
0.013299999999999867,0.16764328903400685
0.012299999999999978,0.154203531685289
0.011299999999999866,0.14316878354634172
0.010299999999999976,0.13677428847095174
0.009299999999999864,0.12012313647154027
0.008299999999999974,0.11048895251945937
0.007299999999999862,0.10584869945590204
0.006299999999999972,0.10052938496840952
0.00529999999999986,0.09346997558208296
0.0042999999999999705,0.08812236686859314
0.0032999999999998586,0.07986045287738132
0.0022999999999999687,0.07465431529387798
0.0012999999999998568,0.06971697285734901
0.00029999999999996696,0.0653313678277674
-0.000700000000000145,0.061073086815173636
-0.0017000000000000348,0.05743727877452049
-0.0027000000000001467,0.05371658805587544
-0.0037000000000000366,0.05026469248420476
-0.0047000000000001485,0.046232765279589395
-0.005700000000000038,0.042299867865964604
-0.00670000000000015,0.039442151040237225
-0.00770000000000004,0.0365136986495166
-0.008700000000000152,0.0345755441687015
-0.009700000000000042,0.03164709177798087
-0.010700000000000154,0.028987434534234607
-0.011700000000000044,0.02632777729048833
-0.012700000000000156,0.023356883560771757
-0.013700000000000045,0.021913878034909417
-0.014700000000000157,0.019381544808151
-0.015700000000000047,0.01776877392630486
-0.01670000000000016,0.01614185593146007
-0.01770000000000005,0.013708552495692205
-0.01870000000000016,0.01214529650934134
-0.01970000000000005,0.011112557260439863
-0.020700000000000163,0.008907022343950272
-0.021700000000000053,0.006883985185143269
-0.022700000000000164,0.005292434972795102
-0.023700000000000054,0.0037999145514374883
-0.024700000000000166,0.0018872248740199587
-0.025700000000000056,-0.0002624289461249643
-0.026700000000000168,-0.001309173836895105
-0.027700000000000058,-0.002997773244414013
-0.02870000000000017,-0.004505855490070141
-0.02970000000000006,-0.005412685433283631
-0.03070000000000017,-0.0059856435097289705
-0.03170000000000006,-0.0074498697050892826
-0.03270000000000017,-0.009124887884129487
-0.03370000000000006,-0.010730585209476303
-0.034700000000000175,-0.011246954833927042
-0.035700000000000065,-0.012293841195827169
-0.03670000000000018,-0.01391227092287277
-0.03770000000000007,-0.015222293586547794
-0.03870000000000018,-0.01650968086942498
-0.03970000000000007,-0.01768389124831296
-0.04070000000000018,-0.018377099785246823
-0.04170000000000007,-0.019240073678164497
-0.04270000000000018,-0.019989870667092968
-0.04370000000000007,-0.020909433012005242
-0.044700000000000184,-0.022239261633878377
-0.045700000000000074,-0.02313052975279335
-0.046700000000000186,-0.02393691519371642
-0.047700000000000076,-0.024870624651627343
-0.04870000000000019,-0.025592127414558512
-0.04970000000000008,-0.02673804356744919
-0.05070000000000019,-0.026992691601424906
-0.05170000000000008,-0.02770004725135742
-0.05270000000000019,-0.02861960959626969
-0.05370000000000008,-0.029185494116215707
-0.05470000000000019,-0.03010505646112798
-0.05570000000000008,-0.03154806198699031
-0.056700000000000195,-0.03157635621298762
-0.057700000000000085,-0.03238274165391069
-0.058700000000000196,-0.032991067512852655
-0.059700000000000086,-0.033457922241808116
-0.0607000000000002,-0.034717015298688
-0.06170000000000009,-0.03570731320859352
-0.0627000000000002,-0.03608928525955708
-0.06370000000000009,-0.03675419957049365
-0.0647000000000002,-0.03748984944642347
-0.06570000000000009,-0.0384518531303317
-0.0667000000000002,-0.03893285497228581
-0.0677000000000001,-0.03930067991025072
-0.0687000000000002,-0.04012121246417244
-0.0697000000000001,-0.041182245939071216
-0.07070000000000021,-0.04169154200702263
-0.0717000000000001,-0.042002778492992936
-0.07270000000000021,-0.042738428368922755
-0.0737000000000001,-0.04333260711486608
-0.07470000000000021,-0.044591700171745956
-0.0757000000000001,-0.04491708377071492
-0.07670000000000021,-0.045624439420647436
-0.0777000000000001,-0.04585079322862584
-0.07870000000000021,-0.04679864979953541
-0.0797000000000001,-0.047237210302493574
-0.08070000000000022,-0.04787383038743284
-0.0817000000000001,-0.04829824377739235
-0.08270000000000022,-0.04870851005435321
-0.08370000000000011,-0.05029298671020205
-0.08470000000000022,-0.05017980980621285
-0.08570000000000011,-0.05095790102113862
-0.08670000000000022,-0.051693550897068445
-0.08770000000000011,-0.051948198931044146
-0.08870000000000022,-0.05248578922499286
-0.08970000000000011,-0.053419498682903785
-0.09070000000000022,-0.05493323977375937
-0.09170000000000011,-0.05493323977375937
-0.09270000000000023,-0.05582450789267435
-0.09370000000000012,-0.05627721550863116
-0.09470000000000023,-0.05668748178559202
-0.09570000000000012,-0.057366543209527235
-0.09670000000000023,-0.058144634424453
-0.09770000000000012,-0.05886613718738417
-0.09870000000000023,-0.05934713902933829
-0.09970000000000012,-0.05965837551530859
-0.10070000000000023,-0.06100235125018039
-0.10170000000000012,-0.06169555978711426
-0.10270000000000024,-0.06231803275905486
-0.10370000000000013,-0.06369030271992396
-0.10470000000000024,-0.06425618723986996
-0.10570000000000013,-0.06502013134179709
-0.10670000000000024,-0.06503427845479573
-0.10770000000000013,-0.06588310523471475
-0.10870000000000024,-0.06589725234771342
-0.10970000000000013,-0.06676022624063108
-0.11070000000000024,-0.06690169737061757
-0.11170000000000013,-0.06780711260253121
-0.11270000000000002,-0.06857105670445833
-0.11370000000000013,-0.06967453151835307
-0.11470000000000002,-0.06971697285734901
-0.11570000000000014,-0.07091947746223429
-0.11670000000000003,-0.07176830424215332
-0.11770000000000014,-0.07138633219118974
-0.11870000000000003,-0.07154195043417491
-0.11970000000000014,-0.07404598943493602
-0.12070000000000003,-0.07415916633892522
-0.12170000000000014,-0.07517775847482806
-0.12270000000000003,-0.0751919055878267
-0.12370000000000014,-0.07638026307971334
-0.12470000000000003,-0.07698858893865529
-0.12570000000000014,-0.07793644550956487
-0.12670000000000003,-0.07956336350440966
-0.12770000000000015,-0.08079416233529225
-0.12870000000000004,-0.0807800152222936
-0.12970000000000015,-0.08102051614327066
-0.13070000000000004,-0.08155810643721936
-0.13170000000000015,-0.08216643229616134
-0.13270000000000004,-0.08380749740400478
-0.13370000000000015,-0.08399140987298723
-0.13470000000000004,-0.08399140987298723
-0.13570000000000015,-0.08501000200889006
-0.13670000000000004,-0.08581638744981313
-0.13770000000000016,-0.08704718628069572
-0.13870000000000005,-0.08717451029768356
-0.13970000000000016,-0.08775454193062822
-0.14070000000000005,-0.09014540402740015
-0.14170000000000016,-0.08974928486343793
-0.14270000000000005,-0.09086690679033131
-0.14370000000000016,-0.09146108553627462
-0.14470000000000005,-0.09195623449122738
-0.14570000000000016,-0.09279091415814776
-0.14670000000000005,-0.09293238528813427
-0.14770000000000016,-0.09397927165003438
-0.14870000000000005,-0.09519592336791832
-0.14970000000000017,-0.09562033675787783
-0.15070000000000006,-0.09714822496173206
-0.15170000000000017,-0.09733213743071452
-0.15270000000000006,-0.09888831986056607
-0.15370000000000017,-0.10084062145437982
-0.15470000000000006,-0.10147724153931909
-0.15570000000000017,-0.10255242212721652
-0.15670000000000006,-0.10277877593519492
-0.15770000000000017,-0.104433988156037
-0.15870000000000006,-0.104433988156037
-0.15970000000000018,-0.10388225074908965
-0.16070000000000007,-0.10456131217302486
-0.16170000000000018,-0.10541013895294389
-0.16270000000000007,-0.10849420958664967
-0.16370000000000018,-0.10869226916863078
-0.16470000000000007,-0.10910253544559163
-0.16570000000000018,-0.10996550933850929
-0.16670000000000007,-0.11128119084738379
-0.16770000000000018,-0.1119319580453217
-0.16870000000000007,-0.11279493193823936
-0.16970000000000018,-0.11350228758817188
-0.17070000000000007,-0.11471893930605583
-0.17170000000000019,-0.11508676424402071
-0.17270000000000008,-0.11504432290502477
-0.1737000000000002,-0.11627512173590737
-0.17470000000000008,-0.11791618684375081
-0.1757000000000002,-0.11900551454464689
-0.17670000000000008,-0.12090122768646602
-0.1777000000000002,-0.12203299672635806
-0.17870000000000008,-0.12160858333639855
-0.1797000000000002,-0.12299500041026629
-0.18070000000000008,-0.12380138585118937
-0.1817000000000002,-0.12428238769314345
-0.18270000000000008,-0.1243106819191408
-0.1837000000000002,-0.12562636342801525
-0.1847000000000001,-0.12620639506095993
-0.1857000000000002,-0.12746548811783978
-0.1867000000000001,-0.12797478418579122
-0.1877000000000002,-0.12871043406172103
-0.1887000000000001,-0.13011099824858743
-0.1897000000000002,-0.13173791624343223
-0.1907000000000001,-0.13326580444728645
-0.1917000000000001,-0.1351898118151029
-0.19269999999999998,-0.13543031273607994
-0.1937000000000001,-0.13623669817700304
-0.19469999999999998,-0.13833047090080328
-0.1957000000000001,-0.13983006487866023
-0.19669999999999999,-0.14110330504853877
-0.1977000000000001,-0.14161260111649018
-0.1987,-0.14571526388609876
-0.1997000000000001,-0.14712997518596382
-0.2007,-0.1458567350160853
-0.2017000000000001,-0.14755438857592332
-0.2027,-0.14911057100577488
-0.2037000000000001,-0.1496764555257209
-0.2047,-0.1506667534356264
-0.2057000000000001,-0.15264734925543746
-0.2067,-0.15392058942531597
-0.2077000000000001,-0.15462794507524852
-0.2087,-0.15689148315503257
-0.2097000000000001,-0.15915502123481662
-0.2107,-0.15957943462477614
-0.2117000000000001,-0.16212591496453319
-0.2127,-0.16396503965435774
-0.2137000000000001,-0.16453092417430376
-0.2147,-0.16750181790402036
-0.2157000000000001,-0.16820917355395287
-0.2167,-0.17174595180361546
-0.21770000000000012,-0.17443390327335903
-0.2187,-0.17528273005327805
-0.21970000000000012,-0.18362952672248176
-0.2207,-0.18249775768258975
-0.22170000000000012,-0.1846198246323873
-0.2227,-0.18702483384215784
-0.22370000000000012,-0.18674189158218485
-0.2247,-0.19027866983184744
-0.22570000000000012,-0.19155191000172597
-0.2267,-0.192966621301591
-0.22770000000000012,-0.19423986147146954
-0.22870000000000001,-0.19622045729128057
-0.22970000000000013,-0.19904987989101067
-0.23070000000000002,-0.20258665814067325
-0.23170000000000013,-0.20569902300037635
-0.23270000000000002,-0.20909433012005244
-0.23370000000000013,-0.21036757028993097
-0.23470000000000002,-0.21432876192955308
-0.23570000000000013,-0.21701671339929662
-0.23670000000000002,-0.2204120205189727
-0.2376999999999999,-0.22225114520879727
-0.23870000000000002,-0.22578792345845985
-0.2396999999999999,-0.2293247017081224
-0.24070000000000003,-0.23356883560771755
-0.24169999999999991,-0.2365397293374341
-0.24270000000000003,-0.2386617962872317
-0.24369999999999992,-0.2423400456668808
-0.24470000000000003,-0.24573535278655687
-0.24569999999999992,-0.25068684233608446
-0.24670000000000003,-0.2535162649358146
-0.24769999999999992,-0.25761892770542316
-0.24870000000000003,-0.2617215904750318
-0.24969999999999992,-0.2646924842047484
-0.25070000000000003,-0.2652583687246944
-0.2516999999999999,-0.268229262454411
-0.25270000000000004,-0.27855665494342574
-0.2536999999999999,-0.2840740290128994
-0.25470000000000004,-0.2874693361325754
-0.2556999999999999,-0.2924208256821031
-0.25670000000000004,-0.2969479018416712
-0.25769999999999993,-0.30147497800123935
-0.25870000000000004,-0.30487028512091535
-0.25969999999999993,-0.3093973612804835
-0.26070000000000004,-0.31378296631006514
-0.26169999999999993,-0.3194418115095253
-0.26270000000000004,-0.3249591855789989
-0.26369999999999993,-0.33344745337818915
-0.26470000000000005,-0.33698423162785174
-0.26569999999999994,-0.3416527789174064
-0.26670000000000005,-0.34844339315675854
-0.26769999999999994,-0.35297046931632664
-0.26870000000000005,-0.36046843920561134
-0.26969999999999994,-0.36683464005500405
-0.27070000000000005,-0.3734837831643697
-0.27169999999999994,-0.3792840994938163
-0.27270000000000005,-0.38565030034320896
-0.27369999999999994,-0.39286532797252066
-0.27470000000000006,-0.4013535957717109
-0.27569999999999995,-0.40503184515136
-0.27670000000000006,-0.4082856811410496
-0.27769999999999995,-0.4118224593907122
-0.27870000000000006,-0.43021370628895766
-0.27969999999999995,-0.43827756069818835
-0.28070000000000006,-0.44464376154758106
-0.28169999999999995,-0.4536979138667173
-0.28270000000000006,-0.45879087454623135
-0.28369999999999995,-0.46444971974569155
-0.28470000000000006,-0.4790212461343014
-0.28569999999999995,-0.4896315808832892
-0.28670000000000007,-0.4965636662526278
-0.28769999999999996,-0.504486049531872
-0.28870000000000007,-0.5162281533207519
-0.28969999999999996,-0.5289605550195372
-0.29070000000000007,-0.5346194002189975
-0.29169999999999996,-0.5439564947981066
-0.29270000000000007,-0.5548497718070674
-0.29369999999999996,-0.5633380396062576
-0.2947000000000001,-0.582295171024449
-0.29569999999999996,-0.5970081685430455
-0.2967000000000001,-0.601959658092573
-0.29769999999999996,-0.620492376120805
-0.2987000000000001,-0.6236047409805081
-0.29969999999999997,-0.639873920928956
-0.3007000000000001,-0.6528892648877144
-0.30169999999999997,-0.6530307360177009
-0.3027000000000001,-0.6606701770369722
-0.30369999999999997,-0.6698658004860949
-0.3047000000000001,-0.6879741051243674
-0.30569999999999997,-0.7234833587509798
-0.3067000000000001,-0.7275860215205884
-0.3077,-0.7369231160996975
-0.3087000000000001,-0.751070229098348
-0.3097,-0.7623879194972683
-0.3107000000000001,-0.771866485206364
-0.3117,-0.7943603948742181
-0.3127000000000001,-0.8093563346527874
-0.3137,-0.8225131497415324
-0.3147000000000001,-0.8369432050001557
-0.3157,-0.8597200569279828
-0.3167000000000001,-0.870188920546984
-0.3177,-0.8837701490256885
-0.3187000000000001,-0.8993319733242039
-0.3197,-0.9202697005622062
-0.3207000000000001,-0.9369632939006136
-0.3217,-0.9687942981475771
-0.3227000000000001,-0.9818096421063355
-0.3237,-1.0034547249942705
-0.3247000000000001,-1.0198653760727048
-0.3257,-1.020148318332678
-0.3267000000000001,-1.0321733643815307
-0.3277,-1.059477292468926
-0.3287000000000001,-1.0924400657557813
-0.3297,-1.1108313126540268
-0.3307000000000001,-1.1229978298328662
-0.3317,-1.1419549612510576
-0.3327000000000001,-1.1604876792792895
-0.3337,-1.1909039722263879
-0.3347000000000001,-1.2203299672635808
-0.3357,-1.240135925461691
-0.3367000000000001,-1.2612151238296803
-0.3377,-1.2735231121385058
-0.3387000000000001,-1.3122862017548078
-0.3397,-1.3432683792218523
-0.3407000000000001,-1.3579813767404485
-0.3417,-1.3677428847095177
-0.3427000000000001,-1.3956126973168586
-0.3437,-1.4246142789640919
-0.3447000000000001,-1.4444202371622026
-0.3457,-1.4585673501608527
-0.3467000000000001,-1.4925204213576138
-0.3477,-1.5137410908555893
-0.3487000000000001,-1.5575971411514054
-0.3497,-1.5561824298515403
-0.3507000000000001,-1.5972090575476263
-0.3517,-1.6467239530429028
-0.3527000000000001,-1.6622857773414181
-0.3537,-1.6877505807389888
-0.3547000000000001,-1.7245330745354797
-0.3557,-1.7386801875341302
-0.35670000000000013,-1.775462681330621
-0.3577,-1.8164893090267071
-0.35870000000000013,-1.850442380223468
-0.3597,-1.8405394011244125
-0.36070000000000013,-1.8660042045219833
-0.3617,-1.9282515017160449
-0.3626999999999999,-1.9749369746115912
-0.3637,-2.008890045808352
-0.3646999999999999,-2.047087250904708
-0.3657,-2.0668932091028185
-0.3666999999999999,-2.085284456001064
-0.3677,-2.10367570289931
-0.3686999999999999,-2.1418729079956655
-0.36970000000000003,-2.1828995356917518
-0.3706999999999999,-2.2394879876863527
-0.37170000000000003,-2.2875881718817643
-0.3726999999999999,-2.33144422217758
-0.37370000000000003,-2.3710561385738016
-0.3746999999999999,-2.3781296950731265
-0.37570000000000003,-2.396520941971372
-0.3766999999999999,-2.4488652600663787
-0.37770000000000004,-2.485647753862869
-0.3786999999999999,-2.50545371206098
-0.37970000000000004,-2.5634568753554463
-0.3806999999999999,-2.6087276369511274
-0.38170000000000004,-2.6426807081478887
-0.38269999999999993,-2.6738043567449195
-0.38370000000000004,-2.7275633861397908
-0.38469999999999993,-2.7572723234369563
-0.38570000000000004,-2.798298951133043
-0.38669999999999993,-2.843569712728724
-0.38770000000000004,-2.8789374952253497
-0.38869999999999993,-2.8732786500258896
-0.38970000000000005,-2.9086464325225156
-0.39069999999999994,-2.9921143992145525
-0.39170000000000005,-3.0642646755076695
-0.39269999999999994,-3.0883147676053753
-0.39370000000000005,-3.1434885083001114
-0.39469999999999994,-3.1901739811956578
-0.39570000000000005,-3.201491671594578
-0.39669999999999994,-3.211394650693633
-0.39770000000000005,-3.2552507009894494
-0.39869999999999994,-3.3443775128809468
-0.39970000000000006,-3.400965964875548
-0.40069999999999995,-3.450480860370824
-0.40170000000000006,-3.4773603750682605
-0.40269999999999995,-3.509898734965156
-0.40370000000000006,-3.590537279057463
-0.40469999999999995,-3.6386374632528744
-0.40570000000000006,-3.67683466834923
-0.40669999999999995,-3.702299471746801
-0.40770000000000006,-3.7772791706396474
-0.40869999999999995,-3.8437706017333046
-0.40970000000000006,-3.8947002085284463
-0.41069999999999995,-3.9088473215270967
-0.41170000000000007,-3.952703371822913
-0.41269999999999996,-4.020609514216435
-0.41370000000000007,-4.121054016506851
-0.41469999999999996,-4.187545447600509
-0.41570000000000007,-4.1833013137009125
-0.41669999999999996,-4.220083807497405
-0.41770000000000007,-4.278086970791871
-0.41869999999999996,-4.358725514884178
-0.4197000000000001,-4.43511992507689
-0.42069999999999996,-4.508684912669872
-0.4217000000000001,-4.510099623969737
-0.42269999999999996,-4.551126251665823
-0.4237000000000001,-4.626105950558669
-0.42469999999999997,-4.710988628550572
-0.4257000000000001,-4.785968327443419
-0.42669999999999997,-4.829824377739236
-0.4277000000000001,-4.85387446983694
-0.42869999999999997,-4.9302688800296535
-0.4297000000000001,-4.996760311123309
-0.43069999999999997,-5.088716545614537
-0.4317000000000001,-5.1467197089090035
-0.4327,-5.152378554108464
-0.4337000000000001,-5.220284696501986
-0.4347,-5.303752663194023
-0.4357000000000001,-5.41268543328363
-0.4367,-5.428247257582146
-0.4377000000000001,-5.452297349679851
-0.4387,-5.491909266076072
-0.4397000000000001,-5.5414241615713475
-0.4407,-5.667333467259336
-0.4417000000000001,-5.661674622059877
-0.4427,-5.722507207954074
-0.4437000000000001,-5.830025266743816
-0.4447,-5.94320217073302
-0.4457000000000001,-5.99130235492843
-0.4467,-6.0790144555200625
-0.4477000000000001,-6.142676464013989
-0.4487,-6.278488748801033
-0.4497000000000001,-6.279903460100898
-0.4507,-6.285562305300359
-0.4517000000000001,-6.386006807590776
-0.4527,-6.465230640383218
-0.4537000000000001,-6.527477937577279
-0.4547,-6.574163410472826
-0.4557000000000001,-6.6562166658649975
-0.4567,-6.75241703425582
-0.4577000000000001,-6.7877848167524455
-0.4587,-6.817493754049612
-0.4597000000000001,-6.9052058546412445
-0.4607,-6.997162089132471
-0.4617000000000001,-7.077800633224777
-0.4627,-7.106094859222079
-0.4637000000000001,-7.256054257007774
-0.4647,-7.264542524806962
-0.4657000000000001,-7.379134140096031
-0.4667,-7.4937257553851
-0.4677000000000001,-7.544655362180241
-0.4687,-7.560217186478756
-0.4697000000000001,-7.663491111368903
-0.4707,-7.731397253762426
-0.4717000000000001,-7.826182910853383
-0.4727,-7.870038961149199
-0.4737000000000001,-7.987459999037997
-0.4747,-7.993118844237457
-0.4757000000000001,-8.140248819423421
-0.4767,-8.167128334120857
-0.4777000000000001,-8.219472652215863
-0.4787,-8.324161288405875
-0.4797000000000001,-8.467047129692245
-0.4807,-8.534953272085767
-0.48170000000000013,-8.605688837079018
-0.4827,-8.652374309974565
-0.48370000000000013,-8.751404100965116
-0.4847,-8.840530912856615
-0.48570000000000013,-8.84477504675621
-0.4867,-9.056981741735965
-0.4876999999999999,-9.086690679033131
-0.4887,-9.181476336124089
-0.4896999999999999,-9.304556219212346
-0.4907,-9.317288620911132
-0.4916999999999999,-9.470077441296555
-0.4927,-9.528080604591022
-0.4936999999999999,-9.570521943586973
-0.49470000000000003,-9.6341839520809
-0.4956999999999999,-9.68794298147577
-0.49670000000000003,-9.83365824536187
-0.4976999999999999,-10.004838312645537
-0.49870000000000003,-9.931273325052558
-0.4996999999999999,-10.06142676464014
-0.5007,-10.1562124217311
-0.5016999999999999,-10.320318932515441
-0.5027,-10.44905766080316
-0.5036999999999999,-10.624481861986427
-0.5047,-10.659849644483053
-0.5056999999999999,-10.724926364276843
-0.5067,-10.792832506670365
-0.5076999999999999,-10.877715184662266
-0.5087,-10.958353728754572
-0.5096999999999999,-11.046065829346206
-0.5107,-11.18470753673298
-0.5116999999999999,-11.309202131121104
-0.5127,-11.31627568762043
-0.5136999999999999,-11.534141227799646
-0.5147,-11.559606031197214
-0.5156999999999999,-11.73503023238048
-0.5167,-11.733615521080614
-0.5176999999999999,-11.810009931273326
-0.5187,-12.122661128543498
-0.5196999999999999,-12.213202651734862
-0.5207,-12.17642015793837
-0.5216999999999999,-12.346185513922174
-0.5227,-12.412676945015832
-0.5236999999999999,-12.565465765401257
-0.5247,-12.57253932190058
-0.5257,-12.810210820277907
-0.5267000000000001,-12.953096661564276
-0.5277,-12.981390887561577
-0.5287000000000001,-13.09173836895105
-0.5297,-13.200671139040656
-0.5307000000000001,-13.320921599529186
-0.5317,-13.448245616517038
-0.5327000000000001,-13.593960880403138
-0.5337,-13.558593097906511
-0.5347000000000001,-13.76089681378721
-0.5357,-13.786361617184783
-0.5367000000000001,-13.888220830775067
-0.5377,-14.053742052859274
-0.5387000000000001,-14.130136463051985
-0.5397,-14.231995676642269
-0.5407000000000001,-14.401761032626075
-0.5417,-14.458349484620674
-0.5427000000000001,-14.557379275611227
-0.5437,-14.684703292599082
-0.5447000000000001,-14.812027309586934
-0.5457,-14.925204213576137
-0.5467000000000001,-15.05252823056399
-0.5477,-15.137410908555893
-0.5487000000000001,-15.250587812545096
-0.5497,-15.307176264539699
-0.5507000000000001,-15.4769416205235
-0.5517,-15.844766558488407
-0.5527000000000001,-15.88720789748436
-0.5537,-16.000384801473565
-0.5547000000000001,-16.056973253468165
-0.5557,-16.141855931460068
-0.5567000000000001,-16.269179948447924
-0.5577,-16.382356852437127
-0.5587000000000001,-16.410651078434423
-0.5597,-16.396503965435777
-0.5607000000000001,-16.453092417430376
-0.5617,-16.70774045140608
-0.5627000000000001,-16.877505807389888
-0.5637,-16.97653559838044
-0.5647000000000001,-17.259477858353446
-0.5657,-17.429243214337255
-0.5667000000000001,-17.556567231325104
-0.5677,-17.542420118326454
-0.5687000000000001,-17.683891248312957
-0.5697,-17.910245056291366
-0.5707000000000001,-17.966833508285966
-0.5717,-18.06586329927652
-0.5727000000000001,-18.27806999425627
-0.5737,-18.391246898245473
-0.5747000000000001,-18.589306480226583
-0.5757,-18.80151317520634
-0.5767000000000001,-18.92883719219419
-0.5777,-19.056161209182044
-0.5787000000000001,-19.2400736781645
-0.5797,-19.409839034148305
-0.5807000000000001,-19.537163051136158
-0.5817,-19.77766397211321
-0.5827000000000001,-19.876693763103766
-0.5837,-20.117194684080822
-0.5847000000000001,-20.301107153063278
-0.5857,-20.42843117005113
-0.5867000000000001,-20.683079204026836
-0.5877,-20.73966765602144
-0.5887000000000001,-21.022609915994444
-0.5897,-21.1782281589796
-0.5907000000000001,-21.58849443594046
-0.5917,-21.602641548939108
-0.5927000000000001,-21.814848243918867
-0.5937,-22.012907825899973
-0.5947000000000001,-22.069496277894572
-0.5957,-22.069496277894572
-0.5967000000000001,-22.111937616890522
-0.5977,-22.437321215859484
-0.5987000000000001,-22.536351006850033
-0.5997,-22.904175944814945
-0.6007000000000001,-23.003205735805498
-0.6017,-23.24370665678255
-0.6027000000000001,-23.371030673770406
-0.6037,-23.48420757775961
-0.6047000000000001,-23.710561385738018
-0.6057,-23.97935653271237
-0.6067000000000001,-23.951062306715073
-0.6077,-24.00765075870967
-0.6087000000000001,-24.24815167968673
-0.6097,-24.67256506964624
-0.6107000000000001,-24.729153521640843
-0.6117,-24.969654442617898
-0.6126999999999999,-25.111125572604404
-0.6137,-25.196008250596304
-0.6146999999999999,-25.39406783257741
-0.6157,-25.478950510569312
-0.6166999999999999,-25.691157205549064
-0.6177,-25.705304318547718
-0.6186999999999999,-26.17215904750318
-0.6197,-26.27118883849373
-0.6206999999999999,-26.412659968480234
-0.6217,-26.808779132442442
-0.6226999999999999,-27.00683871442355
-0.6237,-27.14830984441005
-0.6246999999999999,-27.36051653938981
-0.6257,-27.62931168636417
-0.6266999999999999,-27.78492992934932
-0.6277,-28.09616641531963
-0.6286999999999999,-28.15275486731423
-0.6297,-28.308373110299385
-0.6306999999999999,-28.478138466283188
-0.6317,-28.633756709268344
-0.6326999999999999,-28.8742576302454
-0.6337,-28.88840474324405
-0.6346999999999999,-29.496730602186016
-0.6357,-29.836261314153624
-0.6366999999999999,-29.878702653149578
-0.6377,-30.204086252118536
-0.6386999999999999,-30.303116043109085
-0.6397,-30.71338232006995
-0.6406999999999999,-30.82655922405915
-0.6417,-31.08120725803486
-0.6426999999999999,-31.37829663100651
-0.6437,-31.618797551983565
-0.6446999999999999,-31.76026868197007
-0.6457,-32.01491671594578
-0.6466999999999999,-32.38274165391069
-0.6477,-32.92033194785941
-0.6486999999999999,-33.04765596484726
-0.6497,-33.330598224820264
-0.6507,-33.48621646780542
-0.6517000000000001,-33.726717388782475
-0.6527,-33.85404140577033
-0.6537000000000001,-34.221866343735236
-0.6547,-34.26430768273119
-0.6557000000000001,-34.61798550769744
-0.6567,-34.85848642867451
-0.6577000000000001,-35.297046931632664
-0.6587,-35.353635383627264
-0.6597000000000001,-35.650724756598926
-0.6607,-36.13172659855304
-0.6617000000000001,-36.44296308452335
-0.6627,-36.54199287551389
-0.6637000000000001,-37.00884760446935
-0.6647,-37.249348525446415
-0.6657000000000001,-37.57473212441538
-0.6667,-37.44740810742752
-0.6677000000000001,-37.631320576409976
-0.6687,-37.94255706238028
-0.6697000000000001,-38.763089616302004
-0.6707,-39.01773765027771
-0.6717000000000001,-39.44215104023723
-0.6727,-39.640210622218326
-0.6737000000000001,-39.86656443019674
-0.6747,-40.14950669016974
-0.6757000000000001,-40.07877112517649
-0.6767,-40.43244895014274
-0.6777000000000001,-40.78612677510901
-0.6787,-40.85686234010226
-0.6797000000000001,-41.39445263405098
-0.6807,-41.40859974704962
-0.6817000000000001,-41.53592376403748
-0.6827,-41.79057179801318
-0.6837000000000001,-42.172543848976744
-0.6847,-42.497927447945706
-0.6857000000000001,-42.99307640289846
-0.6867,-43.290165775870115
-0.6857000000000001,-42.3847505439565
-0.6847,-41.81886602401048
-0.6837000000000001,-41.15395171307392
-0.6827,-40.26268359415894
-0.6817000000000001,-40.29097782015624
-0.6807,-39.159208780264215
-0.6797000000000001,-38.8762665202912
-0.6787,-38.98944342428042
-0.6777000000000001,-38.5084415823263
-0.6767,-38.49429446932764
-0.6757000000000001,-38.197205096355994
-0.6747,-37.673761915405926
-0.6737000000000001,-36.92396492647745
-0.6727,-36.5136986495166
-0.6717000000000001,-36.244903502542236
-0.6707,-36.10343237255574
-0.6697000000000001,-35.636577643600276
-0.6687,-35.41022383562187
-0.6677000000000001,-35.12728157564886
-0.6667,-34.84433931567585
-0.6657000000000001,-34.4906614907096
-0.6647,-34.207719230736586
-0.6637000000000001,-33.783305840777075
-0.6627,-33.712570275783825
-0.6617000000000001,-33.47206935480677
-0.6607,-33.288156885824314
-0.6597000000000001,-32.807155043870196
-0.6587,-32.32615320191609
-0.6577000000000001,-32.24127052392419
-0.6567,-31.85929847296063
-0.6557000000000001,-31.434885083001117
-0.6547,-30.982177467044306
-0.6537000000000001,-30.670940981073993
-0.6527,-30.487028512091538
-0.6517000000000001,-30.10505646112798
-0.6507,-29.864555540150924
-0.6497,-29.55331905418062
-0.6486999999999999,-29.510877715184666
-0.6477,-29.242082568210304
-0.6466999999999999,-28.88840474324405
-0.6457,-28.393255788291288
-0.6446999999999999,-28.421550014288584
-0.6437,-28.15275486731423
-0.6426999999999999,-27.855665494342567
-0.6417,-27.742488590353368
-0.6406999999999999,-27.501987669376312
-0.6397,-27.00683871442355
-0.6386999999999999,-26.709749341451893
-0.6377,-26.58242532446404
-0.6366999999999999,-26.440954194477534
-0.6357,-26.14386482150588
-0.6346999999999999,-26.030687917516673
-0.6337,-25.73359854454502
-0.6326999999999999,-25.549686075562565
-0.6317,-25.309185154585506
-0.6306999999999999,-24.870624651627345
-0.6297,-24.70085929564354
-0.6286999999999999,-24.502799713662437
-0.6277,-24.00765075870967
-0.6266999999999999,-23.908620967719123
-0.6257,-23.639825820744765
-0.6246999999999999,-23.356883560771752
-0.6237,-23.045647074801447
-0.6226999999999999,-22.87588171881764
-0.6217,-22.960764396809545
-0.6206999999999999,-22.592939458844636
-0.6197,-22.46561544185678
-0.6186999999999999,-22.15437895588647
-0.6177,-21.91387803490942
-0.6166999999999999,-21.61678866193776
-0.6157,-21.362140627962056
-0.6146999999999999,-21.149933932982297
-0.6137,-21.107492593986347
-0.6126999999999999,-20.78210899501739
-0.6117,-20.626490752032236
-0.6107000000000001,-20.34354849205923
-0.6097,-20.159636023076775
-0.6087000000000001,-19.947429328097016
-0.6077,-19.77766397211321
-0.6067000000000001,-19.636192842126707
-0.6057,-19.381544808151002
-0.6047000000000001,-19.1834852261699
-0.6037,-18.999572757187444
-0.6027000000000001,-18.78736606220769
-0.6017,-18.872248740199588
-0.6007000000000001,-18.617600706223882
-0.5997,-18.561012254229283
-0.5987000000000001,-18.221481542261674
-0.5977,-18.06586329927652
-0.5967000000000001,-17.76877392630486
-0.5957,-17.74047970030756
-0.5947000000000001,-17.471684553333205
-0.5937,-17.301919197349395
-0.5927000000000001,-17.160448067362896
-0.5917,-16.97653559838044
-0.5907000000000001,-16.764328903400685
-0.5897,-16.59456354741688
-0.5887000000000001,-16.453092417430376
-0.5877,-16.269179948447924
-0.5867000000000001,-16.24088572245062
-0.5857,-15.957943462477614
-0.5847000000000001,-15.802325219492458
-0.5837,-15.575971411514052
-0.5827000000000001,-15.448647394526201
-0.5817,-15.193999360550496
-0.5807000000000001,-14.98179266557074
-0.5797,-14.896909987578834
-0.5787000000000001,-14.684703292599082
-0.5777,-14.62811484060448
-0.5767000000000001,-14.486643710617974
-0.5757,-14.401761032626075
-0.5747000000000001,-14.141454153450907
-0.5737,-13.868414872576954
-0.5727000000000001,-13.814655843182084
-0.5717,-13.62508452900017
-0.5707000000000001,-13.435513214818254
-0.5697,-13.377510051523787
-0.5687000000000001,-13.139838553146461
-0.5677,-13.175206335643086
-0.5667000000000001,-13.11720317234862
-0.5657,-12.94036425986549
-0.5647000000000001,-12.839919757575073
-0.5637,-12.614980660896533
-0.5627000000000001,-12.343356091322446
-0.5617,-12.33911195742285
-0.5607000000000001,-12.000995956755107
-0.5597,-11.845377713769953
-0.5587000000000001,-11.808595219973462
-0.5577,-11.783130416575892
-0.5567000000000001,-11.587900257194516
-0.5557,-11.528482382600183
-0.5547000000000001,-11.368620005715435
-0.5537,-11.32759337801935
-0.5527000000000001,-11.17904869153352
-0.5517,-10.887618163761323
-0.5507000000000001,-10.679655602681162
-0.5497,-10.60326119248845
-0.5487000000000001,-10.463204773801811
-0.5477,-10.35285729241234
-0.5467000000000001,-10.236850965823406
-0.5457,-10.125088773134069
-0.5447000000000001,-9.948249860650938
-0.5437,-9.786972772466322
-0.5427000000000001,-9.673795868477121
-0.5417,-9.560618964487917
-0.5407000000000001,-9.511104068992642
-0.5397,-9.423391968401008
-0.5387000000000001,-9.345582846908432
-0.5377,-9.24089421071842
-0.5367000000000001,-9.06688472083502
-0.5357,-8.907022343950272
-0.5347000000000001,-8.820724954658504
-0.5337,-8.751404100965116
-0.5327000000000001,-8.571735765882257
-0.5317,-8.397726275998858
-0.5307000000000001,-8.397726275998858
-0.5297,-8.324161288405875
-0.5287000000000001,-8.096392769127604
-0.5277,-7.998777689436918
-0.5267000000000001,-7.929456835743531
-0.5257,-7.911065588845285
-0.5247,-7.807791663955138
-0.5236999999999999,-7.669149956568364
-0.5227,-7.486652198885773
-0.5216999999999999,-7.387622407895222
-0.5207,-7.3381075123999455
-0.5196999999999999,-7.253224834408043
-0.5187,-7.12307139482046
-0.5176999999999999,-7.096191880123024
-0.5167,-7.026871026429637
-0.5156999999999999,-6.9646237292355755
-0.5147,-6.835885000947857
-0.5136999999999999,-6.701487427460679
-0.5127,-6.591139946071206
-0.5116999999999999,-6.502013134179709
-0.5107,-6.452498238684432
-0.5096999999999999,-6.383177384991045
-0.5087,-6.292635861799683
-0.5076999999999999,-6.214826740307106
-0.5067,-6.129944062315205
-0.5056999999999999,-6.080429166819927
-0.5047,-6.01393773572627
-0.5036999999999999,-5.977155241929781
-0.5027,-5.897931409137338
-0.5016999999999999,-5.769192680849619
-0.5007,-5.697042404556503
-0.4996999999999999,-5.5994273248658155
-0.49870000000000003,-5.564059542369189
-0.4976999999999999,-5.465029751378637
-0.49670000000000003,-5.373073516887409
-0.4956999999999999,-5.259896612898206
-0.49470000000000003,-5.163696244507384
-0.4936999999999999,-5.125499039411029
-0.4927,-5.101448947313322
-0.4916999999999999,-5.0052485789225
-0.4907,-4.923195323530328
-0.4896999999999999,-4.797286017842339
-0.4887,-4.743526988447469
-0.4876999999999999,-4.730794586748683
-0.4867,-4.684109113853137
-0.48570000000000013,-4.610544126260154
-0.4847,-4.568102787264204
-0.48370000000000013,-4.40965512167932
-0.4827,-4.3926785860809385
-0.48170000000000013,-4.334675422786473
-0.4807,-4.27525754819214
-0.4797000000000001,-4.273842836892276
-0.4787,-4.162080644202938
-0.4777000000000001,-4.115395171307392
-0.4767,-4.030512493315489
-0.4757000000000001,-3.9838270204199433
-0.4747,-3.9046031876275014
-0.4737000000000001,-3.8975296311281755
-0.4727,-3.8140616644361387
-0.4717000000000001,-3.7716203254401877
-0.4707,-3.748984944642347
-0.4697000000000001,-3.661272844050715
-0.4687,-3.65702871015112
-0.4677000000000001,-3.542437094862052
-0.4667,-3.5268752705635364
-0.4657000000000001,-3.4872633541673155
-0.4647,-3.400965964875548
-0.4637000000000001,-3.317497998183511
-0.4627,-3.2524212783897193
-0.4617000000000001,-3.228371186292014
-0.4607,-3.119438416202406
-0.4597000000000001,-2.9921143992145525
-0.4587,-2.999187955713878
-0.4577000000000001,-2.922793545521166
-0.4567,-2.91289056642211
-0.4557000000000001,-2.8916698969241352
-0.4547,-2.836496156229398
-0.4537000000000001,-2.7572723234369563
-0.4527,-2.738881076538711
-0.4517000000000001,-2.795469528533313
-0.4507,-2.656827821146539
-0.4497000000000001,-2.584677544853422
-0.4487,-2.5478950510569307
-0.4477000000000001,-2.624289461249643
-0.4467,-2.6172159047503176
-0.4457000000000001,-2.4799889086634095
-0.4447,-2.4446211261667834
-0.4437000000000001,-2.4035944984706976
-0.4427,-2.3427619125765005
-0.4417000000000001,-2.3144676865791998
-0.4407,-2.3158823978790646
-0.4397000000000001,-2.2324144311870278
-0.4387,-2.1857289582914814
-0.4377000000000001,-2.1758259791924264
-0.4367,-2.11782281589796
-0.4357000000000001,-2.178655401792157
-0.4347,-2.0612343639033583
-0.4337000000000001,-2.0329401379060577
-0.4327,-1.9919135102099716
-0.4317000000000001,-1.963619284212671
-0.43069999999999997,-1.9098602548177994
-0.4297000000000001,-1.9070308322180693
-0.42869999999999997,-1.8858101627200938
-0.4277000000000001,-1.8405394011244125
-0.42669999999999997,-1.8122451751271118
-0.4257000000000001,-1.8815660288204987
-0.42469999999999997,-1.776877392630486
-0.4237000000000001,-1.8080010412275167
-0.42269999999999996,-1.769803836131161
-0.4217000000000001,-1.7132153841365596
-0.42069999999999996,-1.6849211581392587
-0.4197000000000001,-1.6368209739438475
-0.41869999999999996,-1.6170150157457368
-0.41770000000000007,-1.5915502123481662
-0.41669999999999996,-1.6283327061446573
-0.41570000000000007,-1.5519382959519452
-0.41469999999999996,-1.5193999360550492
-0.41370000000000007,-1.4939351326574788
-0.41269999999999996,-1.472714463159503
-0.41170000000000007,-1.4387613919627424
-0.41069999999999995,-1.5363764716534298
-0.40970000000000006,-1.407496272235725
-0.40869999999999995,-1.3817485265781813
-0.40770000000000006,-1.4288584128636872
-0.40669999999999995,-1.3562837231806106
-0.40570000000000006,-1.3067688276853344
-0.40469999999999995,-1.2994123289260362
-0.40370000000000006,-1.2851237447973993
-0.40269999999999995,-1.2657421999892482
-0.40170000000000006,-1.239004156421799
-0.40069999999999995,-1.2234423321232837
-0.39970000000000006,-1.2003825379354838
-0.39869999999999994,-1.1841133579870358
-0.39770000000000005,-1.153838536169924
-0.39669999999999994,-1.1340325779718134
-0.39570000000000005,-1.1217245896629875
-0.39469999999999994,-1.1307787419821238
-0.39370000000000005,-1.1589314968494382
-0.39269999999999994,-1.0678240891381299
-0.39170000000000005,-1.0521207937096277
-0.39069999999999994,-1.039246920880856
-0.38970000000000005,-1.0160456555630692
-0.38869999999999993,-0.9924199768553232
-0.38770000000000004,-0.9798290462865243
-0.38669999999999993,-0.9680869424976446
-0.38570000000000004,-0.948280984299534
-0.38469999999999993,-0.9392268319803979
-0.38370000000000004,-0.92861649723141
-0.38269999999999993,-0.9107911348531107
-0.38170000000000004,-0.8899948787450946
-0.3806999999999999,-0.8677839113372136
-0.37970000000000004,-0.8638227196975914
-0.3786999999999999,-0.8406214543798047
-0.37770000000000004,-0.8301525907608036
-0.3766999999999999,-0.8253425723412624
-0.37570000000000003,-0.8029901338033948
-0.3746999999999999,-0.791530972274488
-0.37370000000000003,-0.7807791663955137
-0.3726999999999999,-0.7671979379168093
-0.37170000000000003,-0.749089633278537
-0.3706999999999999,-0.7414501922592658
-0.36970000000000003,-0.7248980700508447
-0.3686999999999999,-0.7104680147922214
-0.3677,-0.6988673821333282
-0.3666999999999999,-0.6862764515645293
-0.3657,-0.6697243293561084
-0.3646999999999999,-0.6545869184475525
-0.3637,-0.6479377753381867
-0.3626999999999999,-0.6360542004193205
-0.3617,-0.6316685953897389
-0.36070000000000013,-0.6127114639715473
-0.3597,-0.601393773572627
-0.35870000000000013,-0.5921981501235044
-0.3577,-0.5834269400643411
-0.35670000000000013,-0.5715433651454748
-0.3557,-0.5620647994363791
-0.3547000000000001,-0.5545668295470944
-0.3537,-0.539005005248579
-0.3527000000000001,-0.5305167374493888
-0.3517,-0.5224528830401581
-0.3507000000000001,-0.5146719708909003
-0.3497,-0.5059007608317371
-0.3487000000000001,-0.5029298671020205
-0.3477,-0.4901974654032352
-0.3467000000000001,-0.4841142068138156
-0.3457,-0.47180621850498966
-0.3447000000000001,-0.462044710535921
-0.3437,-0.45341497160674427
-0.3427000000000001,-0.44549258832750005
-0.3417,-0.4355896092284448
-0.3407000000000001,-0.4268183991692816
-0.3397,-0.4201692560599159
-0.3387000000000001,-0.4193204292799969
-0.3377,-0.4111151037407797
-0.3367000000000001,-0.40390007611146794
-0.3357,-0.39640210622218325
-0.3347000000000001,-0.387347953903047
-0.3337,-0.3798499840137623
-0.3327000000000001,-0.3727764275144372
-0.3317,-0.36329786180534146
-0.3307000000000001,-0.36244903502542236
-0.3297,-0.3533948827062862
-0.3287000000000001,-0.3450480860370824
-0.3277,-0.3355695203279867
-0.3267000000000001,-0.329203319478594
-0.3257,-0.3245347721890394
-0.3247000000000001,-0.31831004246963324
-0.3237,-0.3133585529201056
-0.3227000000000001,-0.30105056461127977
-0.3217,-0.2941184792419411
-0.3207000000000001,-0.288459634042481
-0.3197,-0.28605462483271044
-0.3187000000000001,-0.2808201930232098
-0.3177,-0.27586870347368214
-0.3167000000000001,-0.2689366181043435
-0.3157,-0.2637021862948429
-0.3147000000000001,-0.2594580523952477
-0.3137,-0.25493097623567956
-0.3127000000000001,-0.24884771764625993
-0.3117,-0.24700859295643537
-0.3107000000000001,-0.2443206414866918
-0.3097,-0.24177416114693479
-0.3087000000000001,-0.23286147995778506
-0.3077,-0.22564645232847336
-0.3067000000000001,-0.2206949627789457
-0.30569999999999997,-0.21828995356917516
-0.3047000000000001,-0.2119237527197825
-0.30369999999999997,-0.2089528589900659
-0.3027000000000001,-0.2044257828304978
-0.30169999999999997,-0.19890840876102414
-0.3007000000000001,-0.1922592656516585
-0.29969999999999997,-0.19423986147146954
-0.2987000000000001,-0.19042014096183393
-0.29769999999999996,-0.1854686514123063
-0.2967000000000001,-0.18108304638272468
-0.29569999999999996,-0.18150745977268423
-0.2947000000000001,-0.172736249713521
-0.29369999999999996,-0.17118006728366944
-0.29270000000000007,-0.1655212220842093
-0.29169999999999996,-0.16410651078434427
-0.29070000000000007,-0.15929649236480314
-0.28969999999999996,-0.15377911829532948
-0.28870000000000007,-0.1510911668255859
-0.28769999999999996,-0.1499593977856939
-0.28670000000000007,-0.14557379275611226
-0.28569999999999995,-0.14430055258623375
-0.28470000000000006,-0.1406647445455806
-0.28369999999999995,-0.13603863859502194
-0.28270000000000006,-0.13352045248126215
-0.28169999999999995,-0.13172376913043357
-0.28070000000000006,-0.12825772644576422
-0.27969999999999995,-0.12697033916288702
-0.27870000000000006,-0.12493315489108141
-0.27769999999999995,-0.12005240090654701
-0.27670000000000006,-0.11678441780385877
-0.27569999999999995,-0.11422379035110306
-0.27470000000000006,-0.10890447586361052
-0.27369999999999994,-0.10662679067082782
-0.27270000000000005,-0.10658434933183186
-0.27169999999999994,-0.10341539602013419
-0.27070000000000005,-0.09985032354447429
-0.26969999999999994,-0.09697845960574826
-0.26870000000000005,-0.09526665893291157
-0.26769999999999994,-0.0944036850399939
-0.26670000000000005,-0.09061225875635559
-0.26569999999999994,-0.08833457356357288
-0.26470000000000005,-0.08563247498083068
-0.26369999999999993,-0.08382164451700343
-0.26270000000000004,-0.08210984384416672
-0.26169999999999993,-0.07963409906940291
-0.26070000000000004,-0.07572949588177541
-0.25969999999999993,-0.0733669280110008
-0.25870000000000004,-0.07110338993121673
-0.25769999999999993,-0.06916523545040164
-0.25670000000000004,-0.06810420197550286
-0.2556999999999999,-0.06623678305968102
-0.25470000000000004,-0.06357712581593475
-0.2536999999999999,-0.06197850204708726
-0.25270000000000004,-0.06087502723319253
-0.2516999999999999,-0.05863978337940577
-0.25070000000000003,-0.05694212981956772
-0.24969999999999992,-0.055428388728712134
-0.24870000000000003,-0.053546822699891646
-0.24769999999999992,-0.05225943541701446
-0.24670000000000003,-0.0501090742412196
-0.24569999999999992,-0.04718062185049897
-0.24470000000000003,-0.045072702013700075
-0.24369999999999992,-0.043474078244852575
-0.24270000000000003,-0.04254036878694165
-0.24169999999999991,-0.04075783254911171
-0.24070000000000003,-0.03949873949223183
-0.2396999999999999,-0.039145061667265564
-0.23870000000000002,-0.03664102266650445
-0.2376999999999999,-0.03516972291464481
-0.23670000000000002,-0.034264307682731185
-0.23570000000000013,-0.03361354048479327
-0.23470000000000002,-0.030741676546067253
-0.23370000000000013,-0.029567466167179264
-0.23270000000000002,-0.02782737126834527
-0.23170000000000013,-0.026794632019443793
-0.23070000000000002,-0.026087276369511275
-0.22970000000000013,-0.02461597661765164
-0.22870000000000001,-0.023158823978790648
-0.22770000000000012,-0.021376287740960703
-0.2267,-0.02008890045808352
-0.22570000000000012,-0.019367397695152354
-0.2247,-0.018263922881257624
-0.22370000000000012,-0.01697653559838044
-0.2227,-0.015491088733522153
-0.22170000000000012,-0.01426028990263957
-0.2207,-0.013410048411420683
-0.21970000000000012,-0.01176332445837778
-0.2187,-0.010716438096477652
-0.21770000000000012,-0.009809608153264164
-0.2167,-0.008734427565366736
-0.2157000000000001,-0.006654801954565132
-0.2147,-0.006083258589419657
-0.2137000000000001,-0.005258481901598342
-0.2127,-0.003918750300626152
-0.2117000000000001,-0.0030953883241047002
-0.2107,-0.0024955507329619243
-0.2097000000000001,-0.0014486643710617977
-0.2087,-0.00027629311686364164
-0.2077000000000001,0.0006726952230858249
-0.2067,0.001509496956955994
-0.2057000000000001,0.0027940548172334474
-0.2047,0.003367012893678787
-0.2037000000000001,0.004385605029581614
-0.2027,0.00504203107271899
-0.2017000000000001,0.005851245936241792
-0.2007,0.0069533060388366555
-0.1997000000000001,0.007790815128356756
-0.1987,0.008559003364183472
-0.1977000000000001,0.009382365340704923
-0.19669999999999999,0.010065670898539736
-0.1957000000000001,0.011000795067750525
-0.19469999999999998,0.01174068907757994
-0.1937000000000001,0.01217359073533864
-0.19269999999999998,0.01352746944930948
-0.1917000000000001,0.013750993834688155
-0.1907000000000001,0.014543232162612576
-0.1897000000000002,0.015575971411514053
-0.1887000000000001,0.01611356170546277
-0.1877000000000002,0.016849211581392583
-0.1867000000000001,0.01748583166633185
-0.1857000000000002,0.018419541124242777
-0.1847000000000001,0.019084455435179344
-0.1837000000000002,0.019565457277133456
-0.18270000000000008,0.02038598983105518
-0.1817000000000002,0.02088113878600794
-0.18070000000000008,0.02163093577493641
-0.1797000000000002,0.02198461359990267
-0.17870000000000008,0.022522203893851383
-0.1777000000000002,0.02341347201276636
-0.17670000000000008,0.024134974775697527
-0.1757000000000002,0.02479988908663409
-0.17470000000000008,0.025295038041586858
-0.1737000000000002,0.02632777729048833
-0.17270000000000008,0.02659657243746269
-0.17170000000000019,0.026992691601424906
-0.17070000000000007,0.027813224155346622
-0.16970000000000018,0.02854887403127644
-0.16870000000000007,0.028534726918277787
-0.16770000000000018,0.02893084608224
-0.16670000000000007,0.02970893729716577
-0.16570000000000018,0.03040214583409964
-0.16470000000000007,0.03157635621298762
-0.16370000000000018,0.03174612156897143
-0.16270000000000007,0.03200076960294713
-0.16170000000000018,0.0328637434958648
-0.16070000000000007,0.03361354048479327
-0.15970000000000018,0.033726717388782475
-0.15870000000000006,0.03423601345673389
-0.15770000000000017,0.03532534115762996
-0.15670000000000006,0.03569316609559487
-0.15570000000000017,0.036117579485554385
-0.15470000000000006,0.03666931689250175
-0.15370000000000017,0.03756058501141672
-0.15270000000000006,0.03821135220935464
-0.15170000000000017,0.03792840994938163
-0.15070000000000006,0.03873479539030471
-0.14970000000000017,0.03980997597820213
-0.14870000000000005,0.04002218267318189
-0.14770000000000016,0.039795828865203484
-0.14670000000000005,0.040347566272150845
-0.14570000000000016,0.04113980460007527
-0.14470000000000005,0.04317698887188092
-0.14370000000000016,0.04357310803584313
-0.14270000000000005,0.04395508008680669
-0.14170000000000016,0.0441531396687878
-0.14070000000000005,0.0441531396687878
-0.13970000000000016,0.04549711540365958
-0.13870000000000005,0.04572346921163799
-0.13770000000000016,0.04664303155655026
-0.13670000000000004,0.047619182353457135
-0.13570000000000015,0.04829824377739235
-0.13470000000000004,0.04829824377739235
-0.13370000000000015,0.04944415993028303
-0.13270000000000004,0.048892422523335664
-0.13170000000000015,0.04964221951226414
-0.13070000000000004,0.04933098302629382
-0.12970000000000015,0.04978369064225065
-0.12870000000000004,0.05003833867622635
-0.12770000000000015,0.05033542804919801
-0.12670000000000003,0.05075984143915752
-0.12570000000000014,0.05146719708909004
-0.12470000000000003,0.05167940378406979
-0.12370000000000014,0.053150703535929426
-0.12270000000000003,0.05504641667774857
-0.12170000000000014,0.055145446468739125
-0.12070000000000003,0.05540009450271484
-0.11970000000000014,0.05459370906179176
-0.11870000000000003,0.05494738688675803
-0.11770000000000014,0.05513129935574049
-0.11670000000000003,0.05532935893772159
-0.11570000000000014,0.05573962521468245
-0.11470000000000002,0.05694212981956772
-0.11370000000000013,0.05869637183140037
-0.11270000000000002,0.05862563626640712
-0.11170000000000013,0.05903590254336798
-0.11070000000000024,0.05903590254336798
-0.10970000000000013,0.059488610159324794
-0.10870000000000024,0.059601787063313996
-0.10770000000000013,0.06032328982624517
-0.10670000000000024,0.060775997442201975
-0.10570000000000013,0.06286977016600223
-0.10470000000000024,0.06354883158993745
-0.10370000000000013,0.06243120966304407
-0.10270000000000024,0.06288391727900088
-0.10170000000000012,0.06441180548285513
-0.10070000000000023,0.0653596620537647
-0.09970000000000012,0.0656991927657323
-0.09870000000000023,0.06650557820665538
-0.09770000000000012,0.06734025787357575
-0.09670000000000023,0.0673826992125717
-0.09570000000000012,0.06787784816752446
-0.09470000000000023,0.06916523545040164
-0.09370000000000012,0.07043847562028017
-0.09270000000000023,0.07083459478424238
-0.09170000000000011,0.0709760659142289
-0.09070000000000022,0.07182489269414791
-0.08970000000000011,0.07367816449697111
-0.08870000000000022,0.07462602106788069
-0.08770000000000011,0.07431478458191038
-0.08670000000000022,0.0750221402318429
-0.08570000000000011,0.07523434692682264
-0.08470000000000022,0.07589926123775922
-0.08370000000000011,0.07622464483672817
-0.08270000000000022,0.07465431529387798
-0.0817000000000001,0.0754182593958051
-0.08070000000000022,0.07514946424883075
-0.0797000000000001,0.07650758709670118
-0.07870000000000021,0.07696029471265799
-0.0777000000000001,0.07908236166245554
-0.07670000000000021,0.07947848082641776
-0.0757000000000001,0.07974727597339212
-0.07470000000000021,0.08003021823336513
-0.0737000000000001,0.07963409906940291
-0.07270000000000021,0.08171372468020452
-0.0717000000000001,0.08138834108123556
-0.07070000000000021,0.0812044286122531
-0.0697000000000001,0.08336893690104662
-0.0687000000000002,0.08435923481095214
-0.0677000000000001,0.08517976736487386
-0.0667000000000002,0.08515147313887655
-0.06570000000000009,0.08703303916769706
-0.0647000000000002,0.08880142829252836
-0.06370000000000009,0.08970684352444197
-0.0627000000000002,0.08914095900449596
-0.06170000000000009,0.09301726796612615
-0.0607000000000002,0.09536568872390214
-0.059700000000000086,0.09717651918772936
-0.058700000000000196,0.100387913838423
-0.057700000000000085,0.10296268840417737
-0.056700000000000195,0.09986447065747293
-0.05570000000000008,0.10335880756813957
-0.05470000000000019,0.10453301794702756
-0.05370000000000008,0.10282121727419087
-0.05270000000000019,0.10299098263017467
-0.05170000000000008,0.1038115151840964
-0.05070000000000019,0.10296268840417737
-0.04970000000000008,0.10320318932515443
-0.04870000000000019,0.10607505326388045
-0.047700000000000076,0.10408031033107075
-0.046700000000000186,0.10447642949503295
-0.045700000000000074,0.10706535117378597
-0.044700000000000184,0.11029089293747825
-0.04370000000000007,0.11357302315316514
-0.04270000000000018,0.1135871702661638
-0.04170000000000007,0.11517164692201265
-0.04070000000000018,0.11682685914285473
-0.03970000000000007,0.12166517178839317
-0.03870000000000018,0.12023631337552945
-0.03770000000000007,0.12036363739251733
-0.03670000000000018,0.11907625010964012
-0.035700000000000065,0.11801521663474136
-0.034700000000000175,0.11834060023371032
-0.03370000000000006,0.11869427805867658
-0.03270000000000017,0.12146711220641206
-0.03170000000000006,0.12500389045607466
-0.03070000000000017,0.12377309162519207
-0.02970000000000006,0.12575368744500312
-0.02870000000000017,0.12762110636082497
-0.027700000000000058,0.12880946385271158
-0.026700000000000168,0.1292338772426711
-0.025700000000000056,0.13275650837933503
-0.024700000000000166,0.13410048411420683
-0.023700000000000054,0.13220477097238767
-0.022700000000000164,0.13352045248126215
-0.021700000000000053,0.13428439658318927
-0.020700000000000163,0.13543031273607994
-0.01970000000000005,0.1355859309790651
-0.01870000000000016,0.1367318471319558
-0.01770000000000005,0.14004227157364
-0.01670000000000016,0.1387548842907628
-0.015700000000000047,0.13929247458471153
-0.014700000000000157,0.13963200529667913
-0.013700000000000045,0.14117404061353203
-0.012700000000000156,0.1426028990263957
-0.011700000000000044,0.1428858412863687
-0.010700000000000154,0.14500790823616627
-0.009700000000000042,0.14571526388609876
-0.008700000000000152,0.15250587812545094
-0.00770000000000004,0.1585891367148706
-0.00670000000000015,0.15462794507524852
-0.005700000000000038,0.154203531685289
-0.0047000000000001485,0.155335300725181
-0.0037000000000000366,0.15731589654499206
-0.0027000000000001467,0.1588720789748436
-0.0017000000000000348,0.16000384801473563
-0.000700000000000145,0.1619844438345467
0.00029999999999996696,0.16637004886412832
0.0012999999999998568,0.16651151999411481
0.0022999999999999687,0.17188742293360199
0.0032999999999998586,0.16905800033387192
0.0042999999999999705,0.16028679027470866
0.00529999999999986,0.16085267479465465
0.006299999999999972,0.1628332706144657
0.007299999999999862,0.16637004886412832
0.008299999999999974,0.16608710660415532
0.009299999999999864,0.16778476016399335
0.010299999999999976,0.1693409425938449
0.011299999999999866,0.17033124050375043
0.012299999999999978,0.17146300954364244
0.013299999999999867,0.13933491592370748
0.012299999999999978,0.11846792425069817
0.011299999999999866,0.10760294146773468
0.010299999999999976,0.10031717827342976
0.009299999999999864,0.09372462361605868
0.008299999999999974,0.08768380636563497
0.007299999999999862,0.08312843598006955
0.006299999999999972,0.07812035797854733
0.00529999999999986,0.07332448667200485
0.0042999999999999705,0.0696320901793571
0.0032999999999998586,0.06619434172068506
0.0022999999999999687,0.062275591420058916
0.0012999999999998568,0.05766363258249889
0.00029999999999996696,0.055626448310693244
-0.000700000000000145,0.05145304997609138
-0.0017000000000000348,0.04780309482243959
-0.0027000000000001467,0.04597811724561369
-0.0037000000000000366,0.0464591190875678
-0.0047000000000001485,0.04010706535117379
-0.005700000000000038,0.03799914551437489
-0.00670000000000015,0.03458969128170015
-0.00770000000000004,0.03593366701657193
-0.008700000000000152,0.03167538600397817
-0.009700000000000042,0.027940548172334476
-0.010700000000000154,0.025705304318547718
-0.011700000000000044,0.02277685192782709
-0.012700000000000156,0.020343548492059226
-0.013700000000000045,0.018419541124242777
-0.014700000000000157,0.01638235685243712
-0.015700000000000047,0.015264734925543746
-0.01670000000000016,0.013708552495692205
-0.01770000000000005,0.011754836190578589
-0.01870000000000016,0.010541013895294387
-0.01970000000000005,0.008963610795944873
-0.020700000000000163,0.0074286490355913075
-0.021700000000000053,0.006436936414385917
-0.022700000000000164,0.005306582085793753
-0.023700000000000054,0.0028364961562293983
-0.024700000000000166,0.0011473308641905449
-0.025700000000000056,-0.00023441766238763655
-0.026700000000000168,-0.0011696833027284124
-0.027700000000000058,-0.0021461170418952606
-0.02870000000000017,-0.002997773244414013
-0.02970000000000006,-0.0031930034037953876
-0.03070000000000017,-0.003765961480240728
-0.03170000000000006,-0.005231602386900905
-0.03270000000000017,-0.005943202170733019
-0.03370000000000006,-0.007925212701843936
-0.034700000000000175,-0.009236650076818825
-0.035700000000000065,-0.01043773997040424
-0.03670000000000018,-0.011456332106307067
-0.03770000000000007,-0.011484626332304368
-0.03870000000000018,-0.012586686434899233
-0.03970000000000007,-0.013062029431653884
-0.04070000000000018,-0.014231995676642267
-0.04170000000000007,-0.015745736767497857
-0.04270000000000018,-0.01624088572245062
-0.04370000000000007,-0.017089712502369642
-0.044700000000000184,-0.018094157525273817
-0.045700000000000074,-0.018320511333252226
-0.046700000000000186,-0.019197632339168547
-0.047700000000000076,-0.019523015938137503
-0.04870000000000019,-0.020286960040064625
-0.04970000000000008,-0.020966021463999843
-0.05070000000000019,-0.02157434732294181
-0.05170000000000008,-0.022196820294882423
-0.05270000000000019,-0.022960764396809545
-0.05370000000000008,-0.02338517778676906
-0.05470000000000019,-0.02400765075870967
-0.05570000000000008,-0.02479988908663409
-0.056700000000000195,-0.02506868423360845
-0.057700000000000085,-0.025493097623567964
-0.058700000000000196,-0.026341924403486983
-0.059700000000000086,-0.027219045409403307
-0.0607000000000002,-0.027572723234369562
-0.06170000000000009,-0.02861960959626969
-0.0627000000000002,-0.028563021144275093
-0.06370000000000009,-0.02912890566422111
-0.0647000000000002,-0.029935291105144177
-0.06570000000000009,-0.03047288139909289
-0.0667000000000002,-0.031081207258034853
-0.0677000000000001,-0.031420737970002464
-0.0687000000000002,-0.03211394650693633
-0.0697000000000001,-0.0326656839138837
-0.07070000000000021,-0.03318912709483376
-0.0717000000000001,-0.03361354048479327
-0.07270000000000021,-0.03402380676175413
-0.0737000000000001,-0.0346038383946988
-0.07470000000000021,-0.035198017140642114
-0.0757000000000001,-0.035594136304604326
-0.07670000000000021,-0.03641466885852604
-0.0777000000000001,-0.03632978618053414
-0.07870000000000021,-0.03705128894346531
-0.0797000000000001,-0.037603026350412676
-0.08070000000000022,-0.037871821497387034
-0.0817000000000001,-0.038635765599314156
-0.08270000000000022,-0.038706501164307405
-0.08370000000000011,-0.039442151040237225
-0.08470000000000022,-0.04013535957717109
-0.08570000000000011,-0.04024853648116029
-0.08670000000000022,-0.04094174501809417
-0.08770000000000011,-0.04122468727806717
-0.08870000000000022,-0.04215839673597809
-0.08970000000000011,-0.0424979274479457
-0.09070000000000022,-0.04272428125592411
-0.09170000000000011,-0.04313454753288497
-0.09270000000000023,-0.04409655121679319
-0.09370000000000012,-0.0444077877027635
-0.09470000000000023,-0.045115143352696015
-0.09570000000000012,-0.045313202934677124
-0.09670000000000023,-0.04508684912669872
-0.09770000000000012,-0.04548296829066093
-0.09870000000000023,-0.04602055858460964
-0.09970000000000012,-0.046303500844582644
-0.10070000000000023,-0.04722306318949493
-0.10170000000000012,-0.04756259390146254
-0.10270000000000024,-0.04824165532539775
-0.10370000000000013,-0.04870851005435321
-0.10470000000000024,-0.04876509850634782
-0.10570000000000013,-0.04914707055731138
-0.10670000000000024,-0.049401718591287086
-0.10770000000000013,-0.05012322135421825
-0.10870000000000024,-0.05068910587416426
-0.10970000000000013,-0.05159452110607789
-0.11070000000000024,-0.05262726035497937
-0.11170000000000013,-0.05262726035497937
-0.11270000000000002,-0.05329217466591593
-0.11370000000000013,-0.05360341115188624
-0.11470000000000002,-0.0541834427848309
-0.11570000000000014,-0.053872206298860595
-0.11670000000000003,-0.05452297349679851
-0.11770000000000014,-0.05506056379074723
-0.11870000000000003,-0.055202034920733736
-0.11970000000000014,-0.05639039241262036
-0.12070000000000003,-0.05709774806255288
-0.12170000000000014,-0.05769192680849619
-0.12270000000000003,-0.056899688480571774
-0.12370000000000014,-0.05766363258249889
-0.12470000000000003,-0.058724666057397665
-0.12570000000000014,-0.05902175543036933
-0.12670000000000003,-0.06026670137425057
-0.12770000000000015,-0.06059208497321952
-0.12870000000000004,-0.06134188196214799
-0.12970000000000015,-0.06163897133511965
-0.13070000000000004,-0.06217656162906836
-0.13170000000000015,-0.06238876832404811
-0.13270000000000004,-0.0632800364429631
-0.13370000000000015,-0.06380347962391315
-0.13470000000000004,-0.06445424682185108
-0.13570000000000015,-0.06489280732480923
-0.13670000000000004,-0.06585481100871747
-0.13770000000000016,-0.06576992833072555
-0.13870000000000005,-0.06636410707666887
-0.13970000000000016,-0.06762320013354876
-0.14070000000000005,-0.06818908465349477
-0.14170000000000016,-0.06844373268747048
-0.14270000000000005,-0.0692925594673895
-0.14370000000000016,-0.07059409386326533
-0.14470000000000005,-0.07130144951319785
-0.14570000000000016,-0.07113168415721405
-0.14670000000000005,-0.07169756867716005
-0.14770000000000016,-0.07210783495412092
-0.14870000000000005,-0.07254639545707908
-0.14970000000000017,-0.07258883679607502
-0.15070000000000006,-0.0732254568810143
-0.15170000000000017,-0.0738196356269576
-0.15270000000000006,-0.07418746056492254
-0.15370000000000017,-0.07486652198885775
-0.15470000000000006,-0.07536167094381051
-0.15570000000000017,-0.07581437855976732
-0.15670000000000006,-0.07643685153170793
-0.15770000000000017,-0.0767622351306769
-0.15870000000000006,-0.07809206375255001
-0.15970000000000018,-0.07844574157751628
-0.16070000000000007,-0.07868624249849335
-0.16170000000000018,-0.07949262793941642
-0.16270000000000007,-0.07942189237442315
-0.16370000000000018,-0.0804121902843287
-0.16470000000000007,-0.08102051614327066
-0.16570000000000018,-0.08093563346527875
-0.16670000000000007,-0.08121857572525175
-0.16770000000000018,-0.08133175262924096
-0.16870000000000007,-0.08162884200221261
-0.16970000000000018,-0.08189763714918698
-0.17070000000000007,-0.0824352274431357
-0.17170000000000019,-0.083029406189079
-0.17270000000000008,-0.08331234844905201
-0.1737000000000002,-0.08401970409898453
-0.17470000000000008,-0.08450070594093864
-0.1757000000000002,-0.08585882878880907
-0.17670000000000008,-0.08771210059163227
-0.1777000000000002,-0.08997563867141634
-0.17870000000000008,-0.09044249340037179
-0.1797000000000002,-0.0909517894683232
-0.18070000000000008,-0.091121554824307
-0.1817000000000002,-0.09168743934425302
-0.18270000000000008,-0.092012822943222
-0.1837000000000002,-0.09225332386419903
-0.1847000000000001,-0.09272017859315451
-0.1857000000000002,-0.09332850445209646
-0.1867000000000001,-0.09379535918105193
-0.1877000000000002,-0.0945451561699804
-0.1887000000000001,-0.09547886562789133
-0.1897000000000002,-0.09618622127782384
-0.1907000000000001,-0.09693601826675231
-0.1917000000000001,-0.09799705174165109
-0.19269999999999998,-0.0982234055496295
-0.1937000000000001,-0.09905808521654987
-0.19469999999999998,-0.09973714664048508
-0.1957000000000001,-0.10076988588938657
-0.19669999999999999,-0.1020714202852624
-0.1977000000000001,-0.10282121727419087
-0.1987,-0.10375492673210178
-0.1997000000000001,-0.1047452246420073
-0.2007,-0.10556575719592905
-0.2017000000000001,-0.10647117242784265
-0.2027,-0.10729170498176437
-0.2037000000000001,-0.10784344238871174
-0.2047,-0.10954109594854979
-0.2057000000000001,-0.11051724674545668
-0.2067,-0.11118216105639324
-0.2077000000000001,-0.1133042280061908
-0.2087,-0.11467649796705988
-0.2097000000000001,-0.11527067671300319
-0.2107,-0.11593559102393976
-0.2117000000000001,-0.11658635822187767
-0.2127,-0.11771812726176971
-0.2137000000000001,-0.11868013094567793
-0.2147,-0.11950066349959966
-0.2157000000000001,-0.12146711220641206
-0.2167,-0.12186323137037425
-0.21770000000000012,-0.12235838032532702
-0.2187,-0.12334867823523256
-0.21970000000000012,-0.12571124610600715
-0.2207,-0.12728157564885736
-0.22170000000000012,-0.12903581766069
-0.2227,-0.13018173381358067
-0.22370000000000012,-0.12967243774562928
-0.2247,-0.1303656462825631
-0.22570000000000012,-0.13221891808538633
-0.2267,-0.13320921599529184
-0.22770000000000012,-0.1347653984251434
-0.22870000000000001,-0.13719870186091124
-0.22970000000000013,-0.13973103508766968
-0.23070000000000002,-0.14111745216153743
-0.23170000000000013,-0.1428858412863687
-0.23270000000000002,-0.14415908145624726
-0.23370000000000013,-0.14571526388609876
-0.23470000000000002,-0.1465640906660178
-0.23570000000000013,-0.14698850405597733
-0.23670000000000002,-0.14925204213576138
-0.2376999999999999,-0.1513741090855589
-0.23870000000000002,-0.15363764716534298
-0.2396999999999999,-0.15491088733522151
-0.24070000000000003,-0.15759883880496509
-0.24169999999999991,-0.16000384801473563
-0.24270000000000003,-0.16127708818461417
-0.24369999999999992,-0.16368209739438472
-0.24470000000000003,-0.16608710660415532
-0.24569999999999992,-0.16764328903400685
-0.24670000000000003,-0.17004829824377743
-0.24769999999999992,-0.17245330745354798
-0.24870000000000003,-0.17457537440334553
-0.24969999999999992,-0.1768389124831296
-0.25070000000000003,-0.17910245056291366
-0.2516999999999999,-0.18207334429263022
-0.25270000000000004,-0.1843368823724143
-0.2536999999999999,-0.18730777610213087
-0.25470000000000004,-0.19027866983184744
-0.2556999999999999,-0.19381544808151
-0.25670000000000004,-0.19692781294121312
-0.25769999999999993,-0.19947429328097016
-0.25870000000000004,-0.20173783136075424
-0.25969999999999993,-0.2038598983105518
-0.26070000000000004,-0.2065478497802954
-0.26169999999999993,-0.20909433012005244
-0.26270000000000004,-0.21715818452928315
-0.26369999999999993,-0.22974911509808196
-0.26470000000000005,-0.2273441058883114
-0.26569999999999994,-0.23017352848804143
-0.26670000000000005,-0.2310223552679605
-0.26769999999999994,-0.23229559543783898
-0.26870000000000005,-0.2356909025575151
-0.26969999999999994,-0.2395106230671507
-0.27070000000000005,-0.24502799713662435
-0.27169999999999994,-0.24757447747638137
-0.27270000000000005,-0.2523844958959225
-0.27369999999999994,-0.25634568753554465
-0.27470000000000006,-0.25959952352523424
-0.27569999999999995,-0.2637021862948429
-0.27670000000000006,-0.26738043567449193
-0.27769999999999995,-0.27148309844410057
-0.27870000000000006,-0.27615164573365514
-0.27969999999999995,-0.27954695285333125
-0.28070000000000006,-0.2844984424028589
-0.28169999999999995,-0.289874345342346
-0.28270000000000006,-0.2944014215019141
-0.28369999999999995,-0.2996358533114148
-0.28470000000000006,-0.3064264675507669
-0.28569999999999995,-0.31321708179011915
-0.28670000000000007,-0.31632944664982215
-0.28769999999999996,-0.31972475376949827
-0.28870000000000007,-0.32411035879907985
-0.28969999999999996,-0.3306180307784591
-0.29070000000000007,-0.3354280491980002
-0.29169999999999996,-0.34009659648755486
-0.29270000000000007,-0.3470286818568935
-0.29369999999999996,-0.35551694965608377
-0.2947000000000001,-0.36244903502542236
-0.29569999999999996,-0.3688152358748151
-0.2967000000000001,-0.3750399655942212
-0.29769999999999996,-0.3825379354835059
-0.2987000000000001,-0.3900359053727906
-0.29969999999999997,-0.39696799074212924
-0.3007000000000001,-0.4051733162813465
-0.30169999999999997,-0.40856862340102257
-0.3027000000000001,-0.4147933531204288
-0.30369999999999997,-0.4218669096197539
-0.3047000000000001,-0.42950635063902515
-0.30569999999999997,-0.43813608956820194
-0.3067000000000001,-0.443511992507689
-0.3077,-0.44761465527729766
-0.3087000000000001,-0.4593567590661774
-0.3097,-0.47109886285505725
-0.3107000000000001,-0.48001154404420693
-0.3117,-0.48892422523335666
-0.3127000000000001,-0.4965636662526278
-0.3137,-0.5037786938819395
-0.3147000000000001,-0.5114181349012108
-0.3157,-0.5237261232100366
-0.3167000000000001,-0.5326388043991863
-0.3177,-0.539005005248579
-0.3187000000000001,-0.5515959358173778
-0.3197,-0.5616403860464196
-0.3207000000000001,-0.5684310002857718
-0.3217,-0.5773436814749214
-0.3227000000000001,-0.5861148915340847
-0.3237,-0.596866697413059
-0.3247000000000001,-0.6105893970217499
-0.3257,-0.6223315008106296
-0.3267000000000001,-0.6343565468594824
-0.3277,-0.6446839393484972
-0.3287000000000001,-0.6582651678272016
-0.3297,-0.6728366942158115
-0.3307000000000001,-0.692076767893976
-0.3317,-0.6978770842234225
-0.3327000000000001,-0.7050921118527342
-0.3337,-0.7123071394820459
-0.3347000000000001,-0.7244736566608853
-0.3357,-0.7357913470598055
-0.3367000000000001,-0.7503628734484155
-0.3377,-0.7630952751472008
-0.3387000000000001,-0.7775253304058242
-0.3397,-0.7884186074147849
-0.3407000000000001,-0.810912517082639
-0.3417,-0.8290208217209115
-0.3427000000000001,-0.8338308401404527
-0.3437,-0.8559003364183472
-0.3447000000000001,-0.8741501121866062
-0.3457,-0.8874483984053376
-0.3467000000000001,-0.9028687515738664
-0.3477,-0.9211185273421254
-0.3487000000000001,-0.9349826980808027
-0.3497,-0.9511104068992642
-0.3507000000000001,-0.9615792705182654
-0.3517,-0.9802534596764839
-0.3527000000000001,-0.9951079283250667
-0.3537,-1.0142065308732449
-0.3547000000000001,-1.0306171819516792
-0.3557,-1.0484425443299785
-0.35670000000000013,-1.062872599588602
-0.3577,-1.077161183717239
-0.35870000000000013,-1.0959768440054438
-0.3597,-1.118753695933271
-0.36070000000000013,-1.1351643470117054
-0.3617,-1.1536970650399374
-0.3626999999999999,-1.175766561317832
-0.3637,-1.19486516386601
-0.3646999999999999,-1.21792495805381
-0.3657,-1.2440971171013133
-0.3666999999999999,-1.2607907104397207
-0.3677,-1.277767246038101
-0.3686999999999999,-1.3029491071756987
-0.36970000000000003,-1.3264333147534584
-0.3706999999999999,-1.3526054738009616
-0.37170000000000003,-1.3865585449977225
-0.3726999999999999,-1.3973103508766969
-0.37370000000000003,-1.4189554337646317
-0.3746999999999999,-1.4401761032626073
-0.37570000000000003,-1.4755438857592333
-0.3766999999999999,-1.512326379555724
-0.37770000000000004,-1.5278882038542394
-0.3786999999999999,-1.5491088733522151
-0.37970000000000004,-1.5816472332491107
-0.3806999999999999,-1.612770881846142
-0.38170000000000004,-1.6339915513441174
-0.38269999999999993,-1.6693593338407433
-0.38370000000000004,-1.6976535598380442
-0.38469999999999993,-1.7231183632356148
-0.38570000000000004,-1.7485831666331852
-0.38669999999999993,-1.7924392169290013
-0.38770000000000004,-1.8037569073279218
-0.38869999999999993,-1.8348805559249526
-0.38970000000000005,-1.8702483384215782
-0.39069999999999994,-1.9070308322180693
-0.39170000000000005,-1.92117794521672
-0.39269999999999994,-1.9622045729128061
-0.39370000000000005,-1.980595819811051
-0.39469999999999994,-2.038598983105518
-0.39570000000000005,-2.0569902300037635
-0.39669999999999994,-2.095187435100119
-0.39770000000000005,-2.127725794997015
-0.39869999999999994,-2.178655401792157
-0.39970000000000006,-2.194217226090672
-0.40069999999999995,-2.235243853786758
-0.40170000000000006,-2.2974911509808194
-0.40269999999999995,-2.3229559543783904
-0.40370000000000006,-2.3653972933743415
-0.40469999999999995,-2.417741611469348
-0.40570000000000006,-2.4403769922671885
-0.40669999999999995,-2.472915352164084
-0.40770000000000006,-2.518186113759765
-0.40869999999999995,-2.5719451431546365
-0.40970000000000006,-2.5959952352523423
-0.41069999999999995,-2.637021862948428
-0.41170000000000007,-2.6837073358439745
-0.41269999999999996,-2.709172139241545
-0.41370000000000007,-2.765760591236147
-0.41469999999999996,-2.819519620631018
-0.41570000000000007,-2.8478138466283185
-0.41669999999999996,-2.9100611438223805
-0.41770000000000007,-2.9298671020204905
-0.41869999999999996,-2.968064307116847
-0.4197000000000001,-3.0331410269106387
-0.42069999999999996,-3.08407063370578
-0.4217000000000001,-3.1392443744005165
-0.42269999999999996,-3.171782734297412
-0.4237000000000001,-3.2297858975918787
-0.42469999999999997,-3.27788608178729
-0.4257000000000001,-3.3019361738849957
-0.42669999999999997,-3.3542804919800018
-0.4277000000000001,-3.389648274476628
-0.42869999999999997,-3.447651437771094
-0.4297000000000001,-3.509898734965156
-0.43069999999999997,-3.555169496560837
-0.4317000000000001,-3.608928525955709
-0.4327,-3.647125731052064
-0.4337000000000001,-3.7037141830466664
-0.4347,-3.7702056141403233
-0.4357000000000001,-3.85084415823263
-0.4367,-3.906017898927366
-0.4377000000000001,-3.971094618721158
-0.4387,-4.002218267318188
-0.4397000000000001,-4.06163614191252
-0.4407,-4.081442100110631
-0.4417000000000001,-4.159251221603208
-0.4427,-4.218669096197539
-0.4437000000000001,-4.296478217690116
-0.4447,-4.336090134086337
-0.4457000000000001,-4.406825699079589
-0.4467,-4.422387523378105
-0.4477000000000001,-4.531320293467712
-0.4487,-4.603470569760829
-0.4497000000000001,-4.665717866954891
-0.4507,-4.742112277147603
-0.4517000000000001,-4.773235925744634
-0.4527,-4.85387446983694
-0.4537000000000001,-4.923195323530328
-0.4547,-4.995345599823445
-0.4557000000000001,-5.06466645351683
-0.4567,-5.083057700415077
-0.4577000000000001,-5.163696244507384
-0.4587,-5.2075522948032
-0.4597000000000001,-5.276873148496587
-0.4607,-5.3504381360895685
-0.4617000000000001,-5.414100144583495
-0.4627,-5.449467927080121
-0.4637000000000001,-5.520203492073373
-0.4647,-5.59235376836649
-0.4657000000000001,-5.661674622059877
-0.4667,-5.766363258249889
-0.4677000000000001,-5.8356841119432765
-0.4687,-5.856904781441251
-0.4697000000000001,-5.970081685430455
-0.4707,-6.0464760956231665
-0.4717000000000001,-6.1058939702174975
-0.4727,-6.112967526716823
-0.4737000000000001,-6.163897133511965
-0.4747,-6.241706255004542
-0.4757000000000001,-6.337906623395364
-0.4767,-6.3647861380928
-0.4777000000000001,-6.458157083883892
-0.4787,-6.537380916676335
-0.4797000000000001,-6.612360615569181
-0.4807,-6.684510891862298
-0.48170000000000013,-6.816079042749746
-0.4827,-6.883985185143269
-0.48370000000000013,-6.934914791938409
-0.4847,-7.008479779531392
-0.48570000000000013,-6.997162089132471
-0.4867,-7.087703612323834
-0.4876999999999999,-7.2079540728123614
-0.4887,-7.31405742030224
-0.4896999999999999,-7.387622407895222
-0.4907,-7.483822776286043
-0.4916999999999999,-7.4937257553851
-0.4927,-7.529093537881726
-0.4936999999999999,-7.652173420969983
-0.49470000000000003,-7.727153119862831
-0.4956999999999999,-7.819109354354057
-0.49670000000000003,-7.952092216541371
-0.4976999999999999,-8.0440484510326
-0.49870000000000003,-8.046877873632328
-0.4996999999999999,-8.12044286122531
-0.5007,-8.212399095716538
-0.5016999999999999,-8.267572836411274
-0.5027,-8.328405422305472
-0.5036999999999999,-8.444411748894403
-0.5047,-8.533538560785903
-0.5056999999999999,-8.624080083977264
-0.5067,-8.615591816178071
-0.5076999999999999,-8.740086410566196
-0.5087,-8.863166293654455
-0.5096999999999999,-9.048493473936775
-0.5107,-9.130546729328946
-0.5116999999999999,-9.100837792031781
-0.5127,-9.09800836943205
-0.5136999999999999,-9.267773725415855
-0.5147,-9.348412269508163
-0.5156999999999999,-9.484224554295206
-0.5167,-9.553545407988592
-0.5176999999999999,-9.612963282582925
-0.5187,-9.66530760067793
-0.5196999999999999,-9.784143349866595
-0.5207,-9.897320253855797
-0.5216999999999999,-9.929858613752693
-0.5227,-10.048694362941355
-0.5236999999999999,-10.126503484433933
-0.5247,-10.231192120623945
-0.5257,-10.350027869812608
-0.5267000000000001,-10.42359285740559
-0.5277,-10.439154681704105
-0.5287000000000001,-10.606090615088178
-0.5297,-10.746147033774818
-0.5307000000000001,-10.7631235693732
-0.5317,-10.921571234958083
-0.5327000000000001,-11.072945344043642
-0.5337,-11.217245896629876
-0.5347000000000001,-11.348814047517324
-0.5357,-11.314860976320563
-0.5367000000000001,-11.361546449216108
-0.5377,-11.505847001802342
-0.5387000000000001,-11.6006326588933
-0.5397,-11.640244575289522
-0.5407000000000001,-11.776056860076565
-0.5417,-11.914698567463338
-0.5427000000000001,-11.899136743164824
-0.5437,-11.992507688955916
-0.5447000000000001,-12.150955354540802
-0.5457,-12.360332626920826
-0.5467000000000001,-12.439556459713266
-0.5477,-12.53009798290463
-0.5487000000000001,-12.7012780501883
-0.5497,-12.824357933276557
-0.5507000000000001,-12.834260912375612
-0.5517,-13.056370586454424
-0.5527000000000001,-13.084664812451724
-0.5537,-13.144082687046055
-0.5547000000000001,-13.360533515925406
-0.5557,-13.632158085499492
-0.5567000000000001,-13.601034436902461
-0.5577,-13.824558822281137
-0.5587000000000001,-13.898123809874122
-0.5597,-13.937735726270342
-0.5607000000000001,-14.042424362460354
-0.5617,-14.093353969255496
-0.5627000000000001,-14.217848563643619
-0.5637,-14.359319693630123
-0.5647000000000001,-14.444202371622024
-0.5657,-14.486643710617974
-0.5667000000000001,-14.69885040559773
-0.5677,-14.868615761581536
-0.5687000000000001,-14.939351326574789
-0.5697,-15.10911668255859
-0.5707000000000001,-15.321323377538347
-0.5717,-15.4203531685289
-0.5727000000000001,-15.547677185516752
-0.5737,-15.632559863508657
-0.5747000000000001,-15.660854089505953
-0.5757,-15.77403099349516
-0.5767000000000001,-15.929649236480316
-0.5777,-15.972090575476265
-0.5787000000000001,-16.184297270456018
-0.5797,-16.354062626439823
-0.5807000000000001,-16.382356852437127
-0.5817,-16.481386643427676
-0.5827000000000001,-16.55212220842093
-0.5837,-16.962388485381787
-0.5847000000000001,-17.089712502369647
-0.5857,-17.118006728366943
-0.5867000000000001,-17.259477858353446
-0.5877,-17.316066310348052
-0.5887000000000001,-17.4150961013386
-0.5897,-17.683891248312957
-0.5907000000000001,-17.81121526530081
-0.5917,-18.05171618627787
-0.5927000000000001,-18.009274847281915
-0.5937,-17.980980621284615
-0.5947000000000001,-18.221481542261674
-0.5957,-18.320511333252224
-0.5967000000000001,-18.504423802234676
-0.5977,-18.645894932221182
-0.5987000000000001,-18.900542966196888
-0.5997,-19.084455435179343
-0.6007000000000001,-19.155191000172596
-0.6017,-19.395691921149652
-0.6027000000000001,-19.508868825138855
-0.6037,-19.70692840711996
-0.6047000000000001,-19.93328221509837
-0.6057,-20.202077362072725
-0.6067000000000001,-20.244518701068674
-0.6077,-20.47087250904708
-0.6087000000000001,-20.598196526034933
-0.6097,-20.93772723800254
-0.6107000000000001,-21.050904141991744
-0.6117,-21.54605309694451
-0.6126999999999999,-21.447023305953955
-0.6137,-21.67337711393236
-0.6146999999999999,-21.857289582914817
-0.6157,-22.111937616890522
-0.6166999999999999,-22.210967407881075
-0.6177,-22.451468328858134
-0.6186999999999999,-22.63538079784059
-0.6197,-22.80514615382439
-0.6206999999999999,-23.073941300798747
-0.6217,-23.2012653177866
-0.6226999999999999,-23.2012653177866
-0.6237,-23.427619125765005
-0.6246999999999999,-23.597384481748815
-0.6257,-23.781296950731264
-0.6266999999999999,-24.050092097705623
-0.6277,-24.262298792685378
-0.6286999999999999,-24.44621126166783
-0.6297,-24.729153521640843
-0.6306999999999999,-24.814036199632742
-0.6317,-24.969654442617898
-0.6326999999999999,-25.054537120609798
-0.6337,-25.295038041586857
-0.6346999999999999,-25.535538962563912
-0.6357,-25.77603988354097
-0.6366999999999999,-26.058982143513976
-0.6377,-26.370218629484285
-0.6386999999999999,-26.794632019443796
-0.6397,-26.738043567449193
-0.6406999999999999,-26.752190680447846
-0.6417,-26.921956036431645
-0.6426999999999999,-27.332222313392506
-0.6437,-27.36051653938981
-0.6446999999999999,-27.487840556377662
-0.6457,-27.770782816350668
-0.6466999999999999,-27.926401059335824
-0.6477,-28.09616641531963
-0.6486999999999999,-28.463991353284538
-0.6497,-28.987434534234602
-0.6507,-29.35525947219951
-0.6517000000000001,-29.454289263190066
-0.6527,-29.609907506175215
-0.6537000000000001,-29.525024828183312
-0.6547,-29.73723152316307
-0.6557000000000001,-30.09090934812933
-0.6567,-30.571911190083444
-0.6577000000000001,-30.79826499806185
-0.6587,-31.024618806040255
-0.6597000000000001,-31.16608993602676
-0.6607,-31.54806198699032
-0.6617000000000001,-31.57635621298762
-0.6627,-31.703680229975475
-0.6637000000000001,-32.08565228093904
-0.6647,-32.283711862920136
-0.6657000000000001,-32.42518299290664
-0.6667,-32.62324257488775
-0.6677000000000001,-32.67983102688235
-0.6687,-32.93447906085806
-0.6697000000000001,-33.274009772825664
-0.6707,-33.86818851876898
-0.6717000000000001,-34.06624810075008
-0.6727,-34.67457395969205
-0.6737000000000001,-34.717015298688004
-0.6747,-35.08484023665291
-0.6757000000000001,-35.098987349651566
-0.6767,-35.53754785260972
-0.6777000000000001,-35.721460321592176
-0.6787,-35.664871869597576
-0.6797000000000001,-36.27319772853954
-0.6807,-36.41466885852605
-0.6817000000000001,-36.570287101511205
-0.6827,-36.83908224848555
-0.6837000000000001,-37.06543605646396
-0.6847,-37.093730282461266
-0.6857000000000001,-37.50399655942213
-0.6867,-37.716203254401876
-0.6857000000000001,-37.50399655942213
-0.6847,-37.107877395459916
-0.6837000000000001,-36.92396492647745
-0.6827,-36.52784576251525
-0.6817000000000001,-36.08928525955708
-0.6807,-35.79219588658543
-0.6797000000000001,-35.707313208593526
-0.6787,-35.42437094862052
-0.6777000000000001,-35.014104671659666
-0.6767,-34.5755441687015
-0.6757000000000001,-34.292601908728486
-0.6747,-34.10868943974604
-0.6737000000000001,-33.910629857764924
-0.6727,-33.96721830975953
-0.6717000000000001,-33.61354048479327
-0.6707,-32.97692039985401
-0.6697000000000001,-32.59494834889044
-0.6687,-32.170534958930936
-0.6677000000000001,-31.76026868197007
-0.6667,-31.180237049025404
-0.6657000000000001,-31.29341395301461
-0.6647,-31.22267838802136
-0.6637000000000001,-30.953883241047
-0.6627,-30.656793868075347
-0.6617000000000001,-30.387998721100992
-0.6607,-29.921143992145527
-0.6597000000000001,-29.62405461917387
-0.6587,-29.35525947219951
-0.6577000000000001,-29.213788342213007
-0.6567,-28.86011051724675
-0.6557000000000001,-28.577168257273744
-0.6547,-28.294225997300735
-0.6537000000000001,-28.06787218932233
-0.6527,-28.09616641531963
-0.6517000000000001,-28.011283737327723
-0.6507,-27.64345879936282
-0.6497,-27.530281895373616
-0.6486999999999999,-27.65760591236147
-0.6477,-27.303928087395207
-0.6466999999999999,-27.06342716641815
-0.6457,-26.822926245441096
-0.6446999999999999,-26.29948306449103
-0.6437,-25.86092256153287
-0.6426999999999999,-25.563833188561212
-0.6417,-25.478950510569312
-0.6406999999999999,-25.42236205857471
-0.6397,-25.1394197986017
-0.6386999999999999,-24.799889086634096
-0.6377,-24.417917035670534
-0.6366999999999999,-24.149121888696175
-0.6357,-23.96520941971372
-0.6346999999999999,-23.753002724733967
-0.6337,-23.597384481748815
-0.6326999999999999,-23.399324899767706
-0.6317,-22.91832305781359
-0.6306999999999999,-23.15882397879065
-0.6297,-23.41347201276636
-0.6286999999999999,-23.017352848804148
-0.6277,-22.748557701829792
-0.6266999999999999,-22.508056780852733
-0.6257,-22.253408746877028
-0.6246999999999999,-21.97046648690402
-0.6237,-21.63093577493641
-0.6226999999999999,-21.319699288966106
-0.6217,-21.079198367989047
-0.6206999999999999,-20.95187435100119
-0.6197,-20.72552054302279
-0.6186999999999999,-20.598196526034933
-0.6177,-20.329401379060574
-0.6166999999999999,-20.357695605057877
-0.6157,-20.230371588070028
-0.6146999999999999,-20.01816489309027
-0.6137,-19.791811085111863
-0.6126999999999999,-19.466427486142905
-0.6117,-19.169338113171246
-0.6107000000000001,-18.97127853119014
-0.6097,-18.744924723211735
-0.6087000000000001,-18.546865141230633
-0.6077,-18.362952672248177
-0.6067000000000001,-18.19318731626437
-0.6057,-18.02342196028057
-0.6047000000000001,-17.75462681330621
-0.6037,-17.499978779330505
-0.6027000000000001,-17.34436053634535
-0.6017,-17.231183632356142
-0.6007000000000001,-17.018976937376394
-0.5997,-16.835064468393938
-0.5987000000000001,-16.622857773414182
-0.5977,-16.56626932141958
-0.5967000000000001,-16.29747417444522
-0.5957,-16.127708818461418
-0.5947000000000001,-15.986237688474914
-0.5937,-15.78817810649381
-0.5927000000000001,-15.632559863508657
-0.5917,-15.462794507524851
-0.5907000000000001,-15.250587812545096
-0.5897,-15.094969569559943
-0.5887000000000001,-14.896909987578834
-0.5877,-14.69885040559773
-0.5867000000000001,-14.62811484060448
-0.5857,-14.430055258623375
-0.5847000000000001,-14.189554337646317
-0.5837,-14.02403311556211
-0.5827000000000001,-13.910856211572908
-0.5817,-13.634987508099224
-0.5807000000000001,-13.540201851008266
-0.5797,-13.391657164522437
-0.5787000000000001,-13.285553817032559
-0.5777,-13.206329984240117
-0.5767000000000001,-13.079005967252264
-0.5757,-12.865384560972643
-0.5747000000000001,-12.71259574058722
-0.5737,-12.53292740550436
-0.5727000000000001,-12.452288861412054
-0.5717,-12.385797430318396
-0.5707000000000001,-12.292426484527304
-0.5697,-12.180664291837966
-0.5687000000000001,-12.017972492353486
-0.5677,-11.869427805867657
-0.5667000000000001,-11.504432290502479
-0.5657,-11.388425963913546
-0.5647000000000001,-11.279493193823937
-0.5637,-11.252613679126501
-0.5627000000000001,-11.085677745742426
-0.5617,-11.152169176836084
-0.5607000000000001,-10.95693901745471
-0.5597,-10.840932690865777
-0.5587000000000001,-10.715023385177787
-0.5577,-10.556575719592905
-0.5567000000000001,-10.437739970404241
-0.5557,-10.347198447212879
-0.5547000000000001,-10.190165492927859
-0.5537,-10.065670898539736
-0.5527000000000001,-9.927029191152961
-0.5517,-9.85912304875944
-0.5507000000000001,-9.714822496173207
-0.5497,-9.60306030348387
-0.5487000000000001,-9.450271483098444
-0.5477,-9.338509290409108
-0.5467000000000001,-9.216844118620713
-0.5457,-9.072543566034481
-0.5447000000000001,-8.95795195074541
-0.5437,-8.88438696315243
-0.5427000000000001,-8.802333707760258
-0.5417,-8.646715464775104
-0.5407000000000001,-8.51373260258779
-0.5397,-8.4203616567967
-0.5387000000000001,-8.321331865806146
-0.5377,-8.227960920015054
-0.5367000000000001,-8.08648979002855
-0.5357,-8.11195459342612
-0.5347000000000001,-8.010095379835839
-0.5337,-7.879941940248254
-0.5327000000000001,-7.772423881458511
-0.5317,-7.671979379168095
-0.5307000000000001,-7.540411228280647
-0.5297,-7.4767492197867185
-0.5287000000000001,-7.297080884703859
-0.5277,-7.200880516313037
-0.5267000000000001,-7.178245135515196
-0.5257,-7.031115160329232
-0.5247,-6.966038440535441
-0.5236999999999999,-6.896717586842053
-0.5227,-6.766564147254471
-0.5216999999999999,-6.666119644964053
-0.5207,-6.601042925170261
-0.5196999999999999,-6.494939577680383
-0.5187,-6.499183711579978
-0.5176999999999999,-6.39590978668983
-0.5167,-6.305368263498468
-0.5156999999999999,-6.16531184481183
-0.5147,-6.086088012019388
-0.5136999999999999,-6.018181869625866
-0.5127,-5.954519861131939
-0.5116999999999999,-5.958763995031535
-0.5107,-5.80031632944665
-0.5096999999999999,-5.692798270656908
-0.5087,-5.657430488160282
-0.5076999999999999,-5.610745015264735
-0.5067,-5.497568111275533
-0.5056999999999999,-5.40136774288471
-0.5047,-5.299508529294427
-0.5036999999999999,-5.234431809500635
-0.5027,-5.175013934906304
-0.5016999999999999,-5.114181349012108
-0.5007,-5.111351926412377
-0.4996999999999999,-4.974124930325469
-0.49870000000000003,-4.880753984534377
-0.4976999999999999,-4.787383038743283
-0.49670000000000003,-4.749185833646928
-0.4956999999999999,-4.6614737330552956
-0.49470000000000003,-4.624691239258805
-0.4936999999999999,-4.562443942064744
-0.4927,-4.518587891768927
-0.4916999999999999,-4.433705213777024
-0.4907,-4.3657990713835035
-0.4896999999999999,-4.307795908089036
-0.4887,-4.222913230097134
-0.4876999999999999,-4.1960337153996985
-0.4867,-4.136615840805367
-0.48570000000000013,-4.142274686004828
-0.4847,-4.0121212464172435
-0.48370000000000013,-3.9809975978202137
-0.4827,-3.9088473215270967
-0.48170000000000013,-3.869235405130875
-0.4807,-3.795670417537894
-0.4797000000000001,-3.7546437898418072
-0.4787,-3.696640626547341
-0.4777000000000001,-3.6358080406531443
-0.4767,-3.566487186959758
-0.4757000000000001,-3.5183870027643462
-0.4747,-3.548095940061512
-0.4737000000000001,-3.4094542326747383
-0.4727,-3.3641834710790572
-0.4717000000000001,-3.3203274207832414
-0.4707,-3.270812525287965
-0.4697000000000001,-3.214224073293363
-0.4687,-3.1491473534995715
-0.4677000000000001,-3.1321708179011907
-0.4667,-3.0656793868075347
-0.4657000000000001,-3.0204086252118536
-0.4647,-3.0161644913122583
-0.4637000000000001,-3.004846800913338
-0.4627,-2.900158164723325
-0.4617000000000001,-2.840740290128994
-0.4607,-2.8053725076323675
-0.4597000000000001,-2.842155001428859
-0.4587,-2.767175302536012
-0.4577000000000001,-2.6653160889457292
-0.4567,-2.6257041725495083
-0.4557000000000001,-2.583262833553557
-0.4547,-2.5535538962563913
-0.4537000000000001,-2.5379920719578757
-0.4527,-2.467256506964624
-0.4517000000000001,-2.412082766269888
-0.4507,-2.3767149837732613
-0.4497000000000001,-2.3653972933743415
-0.4487,-2.3413472012766356
-0.4477000000000001,-2.286173460581899
-0.4467,-2.2776851927827093
-0.4457000000000001,-2.2111937616890525
-0.4447,-2.201290782589997
-0.4437000000000001,-2.151775887094721
-0.4427,-2.11782281589796
-0.4417000000000001,-2.1531905983945863
-0.4407,-2.083869744701199
-0.4397000000000001,-2.0032312006088917
-0.4387,-2.1192375271978254
-0.4377000000000001,-1.9494721712140204
-0.4367,-1.9112749661176645
-0.4357000000000001,-1.890054296619689
-0.4347,-1.850442380223468
-0.4337000000000001,-1.8532718028231983
-0.4327,-1.7952686395287314
-0.4317000000000001,-1.7584861457322407
-0.43069999999999997,-1.7443390327335901
-0.4297000000000001,-1.7075565389370995
-0.42869999999999997,-1.6891652920388538
-0.4277000000000001,-1.656626932141958
-0.42669999999999997,-1.6453092417430377
-0.4257000000000001,-1.6184297270456018
-0.42469999999999997,-1.580232521949246
-0.4237000000000001,-1.5618412750510005
-0.42269999999999996,-1.543450028152755
-0.4217000000000001,-1.5137410908555893
-0.42069999999999996,-1.4826174422585585
-0.4197000000000001,-1.461396772760583
-0.41869999999999996,-1.4543232162612578
-0.41770000000000007,-1.4099012814454956
-0.41669999999999996,-1.3736846721689506
-0.41570000000000007,-1.356142252050624
-0.41469999999999996,-1.3477954553814204
-0.41370000000000007,-1.3169547490443627
-0.41269999999999996,-1.2878116962671429
-0.41170000000000007,-1.2639030752994236
-0.41069999999999995,-1.2631957196494912
-0.40970000000000006,-1.2189152559637155
-0.40869999999999995,-1.2104269881645253
-0.40770000000000006,-1.199109297765605
-0.40669999999999995,-1.1858110115468736
-0.40570000000000006,-1.1535555939099509
-0.40469999999999995,-1.1419549612510576
-0.40370000000000006,-1.1064457076244452
-0.40269999999999995,-1.1163486867235004
-0.40170000000000006,-1.0840932690865777
-0.40069999999999995,-1.0638628974985076
-0.39970000000000006,-1.0282121727419087
-0.39869999999999994,-1.0320318932515442
-0.39770000000000005,-1.0030303116043109
-0.39669999999999994,-0.9936932170252017
-0.39570000000000005,-0.9809608153264163
-0.39469999999999994,-0.9519592336791831
-0.39370000000000005,-0.9431880236200199
-0.39269999999999994,-0.9242308922018284
-0.39170000000000005,-0.9023028670539204
-0.39069999999999994,-0.8972099063744062
-0.38970000000000005,-0.8745745255765657
-0.38869999999999993,-0.8536367983385632
-0.38770000000000004,-0.8315673020606686
-0.38669999999999993,-0.8161469488921397
-0.38570000000000004,-0.809497805782774
-0.38469999999999993,-0.8021413070234757
-0.38370000000000004,-0.7986045287738132
-0.38269999999999993,-0.7666320533968634
-0.38170000000000004,-0.7482408064986178
-0.3806999999999999,-0.7366401738397246
-0.37970000000000004,-0.7309813286402644
-0.3786999999999999,-0.7089118323623699
-0.37770000000000004,-0.693491479193841
-0.3766999999999999,-0.694057363713787
-0.37570000000000003,-0.6922182390239625
-0.3746999999999999,-0.670148742746068
-0.37370000000000003,-0.6585481100871745
-0.3726999999999999,-0.6538795627976199
-0.37170000000000003,-0.634780960249442
-0.3706999999999999,-0.6217656162906836
-0.36970000000000003,-0.6107308681517364
-0.3686999999999999,-0.6069111476421007
-0.3677,-0.5923396212534908
-0.3666999999999999,-0.5794657484247191
-0.3657,-0.5762119124350294
-0.3646999999999999,-0.5725336630553803
-0.3637,-0.558669492316703
-0.3626999999999999,-0.5446638504480392
-0.3617,-0.540136774288471
-0.36070000000000013,-0.51792580688059
-0.3597,-0.5070325298716292
-0.35870000000000013,-0.4965636662526278
-0.3577,-0.49260247461300577
-0.35670000000000013,-0.4893486386233161
-0.3557,-0.47166474737500325
-0.3547000000000001,-0.46459119087567796
-0.3537,-0.4621861816659074
-0.3527000000000001,-0.4522832025668522
-0.3517,-0.44549258832750005
-0.3507000000000001,-0.43530666696847176
-0.3497,-0.4273842836892276
-0.3487000000000001,-0.42172543848976746
-0.3477,-0.40701244097117106
-0.3467000000000001,-0.40008035560183236
-0.3457,-0.39116767441268263
-0.3447000000000001,-0.39215797232258814
-0.3437,-0.38565030034320896
-0.3427000000000001,-0.37079583169462615
-0.3417,-0.36343933293532793
-0.3407000000000001,-0.35763901660588127
-0.3397,-0.3494336910666641
-0.3387000000000001,-0.34518955716706895
-0.3377,-0.3382574717977303
-0.3367000000000001,-0.328637434958648
-0.3357,-0.32552507009894494
-0.3347000000000001,-0.328637434958648
-0.3337,-0.31208531275022705
-0.3327000000000001,-0.308124121110605
-0.3317,-0.29949438218142826
-0.3307000000000001,-0.2941184792419411
-0.3297,-0.2843569712728724
-0.3287000000000001,-0.2842155001428859
-0.3277,-0.2843569712728724
-0.3267000000000001,-0.27487840556377663
-0.3257,-0.2665316088945729
-0.3247000000000001,-0.26016540804518024
-0.3237,-0.25436509171573357
-0.3227000000000001,-0.24913065990623293
-0.3217,-0.24318887244679982
-0.3207000000000001,-0.24021797871708325
-0.3197,-0.23286147995778506
-0.3187000000000001,-0.2273441058883114
-0.3177,-0.22366585650866228
-0.3167000000000001,-0.22720263475832486
-0.3157,-0.22776851927827088
-0.3147000000000001,-0.22210967407881074
-0.3137,-0.20852844560010642
-0.3127000000000001,-0.2038598983105518
-0.3117,-0.20018164893090268
-0.3107000000000001,-0.19593751503130757
-0.3097,-0.1931080924315775
-0.3087000000000001,-0.1890054296619689
-0.3077,-0.18391246898245475
-0.3067000000000001,-0.1805171618627787
-0.30569999999999997,-0.17528273005327805
-0.3047000000000001,-0.17457537440334553
-0.30369999999999997,-0.16919947146385841
-0.3027000000000001,-0.16509680869424978
-0.30169999999999997,-0.1585891367148706
-0.3007000000000001,-0.15604265637511353
-0.29969999999999997,-0.154203531685289
-0.2987000000000001,-0.14953498439573437
-0.29769999999999996,-0.14741291744593682
-0.2967000000000001,-0.1437346680662877
-0.29569999999999996,-0.1424614278964092
-0.2947000000000001,-0.13961785818368047
-0.29369999999999996,-0.13567081365705702
-0.29270000000000007,-0.13079005967252266
-0.29169999999999996,-0.131950122938412
-0.29070000000000007,-0.1275220765698344
-0.28969999999999996,-0.12180664291837967
-0.28870000000000007,-0.1176049503577805
-0.28769999999999996,-0.11603462081493031
-0.28670000000000007,-0.11396914231712736
-0.28569999999999995,-0.11290810884222857
-0.28470000000000006,-0.10740488188575359
-0.28369999999999995,-0.10491498999799112
-0.28270000000000006,-0.10466034196401541
-0.28169999999999995,-0.10106697526235821
-0.28070000000000006,-0.09941176304151612
-0.27969999999999995,-0.09693601826675231
-0.27870000000000006,-0.09450271483098445
-0.27769999999999995,-0.08955122528145683
-0.27670000000000006,-0.08806577841659853
-0.27569999999999995,-0.08631153640476588
-0.27470000000000006,-0.08418946945496834
-0.27369999999999994,-0.08233619765214513
-0.27270000000000005,-0.08012924802435568
-0.27169999999999994,-0.07862965404649873
-0.27070000000000005,-0.07557387763879025
-0.26969999999999994,-0.07332448667200485
-0.26870000000000005,-0.07166927445116276
-0.26769999999999994,-0.07015553336030717
-0.26670000000000005,-0.06797687795851501
-0.26569999999999994,-0.06842958557447182
-0.26470000000000005,-0.06936329503238275
-0.26369999999999993,-0.06386006807590776
-0.26270000000000004,-0.060606232086218174
-0.26169999999999993,-0.05933299191633964
-0.26070000000000004,-0.05704115961055828
-0.25969999999999993,-0.05501812245175128
-0.25870000000000004,-0.05291020261495238
-0.25769999999999993,-0.0501656626932142
-0.25670000000000004,-0.04958563106026953
-0.2556999999999999,-0.04821336109940045
-0.25470000000000004,-0.04609129414960289
-0.2536999999999999,-0.044266316572777
-0.25270000000000004,-0.042780869707918716
-0.2516999999999999,-0.04166324778102533
-0.25070000000000003,-0.041012480583087416
-0.24969999999999992,-0.038522588695324954
-0.24870000000000003,-0.036782493796490956
-0.24769999999999992,-0.03543851806161917
-0.24670000000000003,-0.03381160006677438
-0.24569999999999992,-0.0328637434958648
-0.24470000000000003,-0.03194418115095252
-0.24369999999999992,-0.030812412111060502
-0.24270000000000003,-0.029850408427152274
-0.24169999999999991,-0.02854887403127644
-0.24070000000000003,-0.02649754264647214
-0.2396999999999999,-0.025677010092550415
-0.23870000000000002,-0.023767149837732617
-0.2376999999999999,-0.0230032057358055
-0.23670000000000002,-0.02242317410286083
-0.23570000000000013,-0.02078210899501739
-0.23470000000000002,-0.019466427486142905
-0.23370000000000013,-0.01803756907327922
-0.23270000000000002,-0.016679446225408782
-0.23170000000000013,-0.015519382959519455
-0.23070000000000002,-0.014500790823616624
-0.22970000000000013,-0.013773629215486
-0.22870000000000001,-0.012656007288592617
-0.22770000000000012,-0.011344569913617729
-0.2267,-0.010464619485101676
-0.22570000000000012,-0.009823755266262814
-0.2247,-0.008399140987298723
-0.22370000000000012,-0.0076465145757705225
-0.2227,-0.006780711260253121
-0.22170000000000012,-0.0059856435097289705
-0.2207,-0.004770406503144903
-0.21970000000000012,-0.004213010250998079
-0.2187,-0.003542437094862052
-0.21770000000000012,-0.002342761912576501
-0.2167,-0.0014069303877157788
-0.2157000000000001,5.862563626640712e-05
-0.2147,0.00043544813809845835
-0.2137000000000001,0.001314832682094565
-0.2127,0.00173302134233467
-0.2117000000000001,0.0027657605912361468
-0.2107,0.0036315639067535494
-0.2097000000000001,0.004231401497896325
-0.2087,0.005487665132176478
-0.2077000000000001,0.00578051037124854
-0.2067,0.006367615560692531
-0.2057000000000001,0.007483822776286044
-0.2047,0.008140248819423422
-0.2037000000000001,0.008809407264259583
-0.2027,0.009646916353779685
-0.2017000000000001,0.010275048170919761
-0.2007,0.010986647954751875
-0.1997000000000001,0.011545458918198566
-0.1987,0.012299500041026628
-0.1977000000000001,0.012620639506095991
-0.19669999999999999,0.01366752586799612
-0.1957000000000001,0.014161260111649017
-0.19469999999999998,0.01469885040559773
-0.1937000000000001,0.01673603467740338
-0.19269999999999998,0.01615600304445872
-0.1917000000000001,0.01665115199941148
-0.1907000000000001,0.017132153841365592
-0.1897000000000002,0.018320511333252226
-0.1887000000000001,0.018433688237241428
-0.1877000000000002,0.0192683679041618
-0.1867000000000001,0.019721075520118612
-0.1857000000000002,0.020145488910078124
-0.1847000000000001,0.020951874351001196
-0.1837000000000002,0.021376287740960703
-0.18270000000000008,0.02189973092191077
-0.1817000000000002,0.022281702972874327
-0.18070000000000008,0.023116382639794698
-0.1797000000000002,0.02354079602975421
-0.17870000000000008,0.02400765075870967
-0.1777000000000002,0.024884771764625994
-0.17670000000000008,0.025238449589592253
-0.1757000000000002,0.025691157205549067
-0.17470000000000008,0.026313630177489684
-0.1737000000000002,0.027162456957408702
-0.17270000000000008,0.02741710499138441
-0.17170000000000019,0.02750198766937631
-0.17070000000000007,0.02852057980527914
-0.16970000000000018,0.028379108675292634
-0.16870000000000007,0.029143052777219756
-0.16770000000000018,0.029751378636161722
-0.16670000000000007,0.030303116043109087
-0.16570000000000018,0.0309255890150497
-0.16470000000000007,0.03129341395301461
-0.16370000000000018,0.03167538600397817
-0.16270000000000007,0.03184515135996198
-0.16170000000000018,0.032722272365878304
-0.16070000000000007,0.03342962801581082
-0.15970000000000018,0.03352865780680137
-0.15870000000000006,0.033896482744766275
-0.15770000000000017,0.03425016056973254
-0.15670000000000006,0.034731162411686646
-0.15570000000000017,0.03533948827062862
-0.15470000000000006,0.035565842078607024
-0.15370000000000017,0.03608928525955708
-0.15270000000000006,0.03625905061554088
-0.15170000000000017,0.036853229361484205
-0.15070000000000006,0.03713617162145721
-0.14970000000000017,0.03781523304539243
-0.14870000000000005,0.038154763757360044
-0.14770000000000016,0.0386499127123128
-0.14670000000000005,0.03893285497228581
-0.14570000000000016,0.039003590537279066
-0.14470000000000005,0.04017780091616704
-0.14370000000000016,0.0403051249331549
-0.14270000000000005,0.04040415472414544
-0.14170000000000016,0.040729538323114406
-0.14070000000000005,0.04077197966211036
-0.13970000000000016,0.041366158408053674
-0.13870000000000005,0.04130956995605907
-0.13770000000000016,0.04231401497896324
-0.13670000000000004,0.042738428368922755
-0.13570000000000015,0.04286575238591061
-0.13470000000000004,0.04323357732387552
-0.13370000000000015,0.04343163690585663
-0.13270000000000004,0.04395508008680669
-0.13170000000000015,0.04471902418873381
-0.13070000000000004,0.045313202934677124
-0.12970000000000015,0.045695174985640685
-0.12870000000000004,0.046345942183578605
-0.12770000000000015,0.04720891607649628
-0.12670000000000003,0.047265504528490876
-0.12570000000000014,0.04770406503144904
-0.12470000000000003,0.04712403339850437
-0.12370000000000014,0.04767577080545173
-0.12270000000000003,0.049189511896307325
-0.12170000000000014,0.04896315808832892
-0.12070000000000003,0.049203659009305976
-0.11970000000000014,0.0501656626932142
-0.11870000000000003,0.051014489473133216
-0.11770000000000014,0.05108522503812647
-0.11670000000000003,0.050476899179184506
-0.11570000000000014,0.051778433575060345
-0.11470000000000002,0.052245288304015806
-0.11370000000000013,0.05275458437196722
-0.11270000000000002,0.058668077605403074
-0.11170000000000013,0.056843100028577176
-0.11070000000000024,0.05506056379074723
-0.10970000000000013,0.055074710903745876
-0.10870000000000024,0.05532935893772159
-0.10770000000000013,0.05607915592665005
-0.10670000000000024,0.05661674622059877
-0.10570000000000013,0.05757874990450699
-0.10470000000000024,0.05818707576344896
-0.10370000000000013,0.06046476095623167
-0.10270000000000024,0.06111552815416958
-0.10170000000000012,0.06087502723319253
-0.10070000000000023,0.060832585894196586
-0.09970000000000012,0.061073086815173636
-0.09870000000000023,0.06189361936909534
-0.09770000000000012,0.06414301033588077
-0.09670000000000023,0.06197850204708726
-0.09570000000000012,0.06270000481001843
-0.09470000000000023,0.06374689117191855
-0.09370000000000012,0.0640156863188929
-0.09270000000000023,0.06482207175981598
-0.09170000000000011,0.06517574958478224
-0.09070000000000022,0.06585481100871747
-0.08970000000000011,0.06561431008774041
-0.08870000000000022,0.0657274869917296
-0.08770000000000011,0.06700072716160814
-0.08670000000000022,0.06947647193637195
-0.08570000000000011,0.07021212181230177
-0.08470000000000022,0.07046676984627748
-0.08370000000000011,0.07056579963726803
-0.08270000000000022,0.07124486106120324
-0.0817000000000001,0.07275860215205883
-0.08070000000000022,0.07298495596003725
-0.0797000000000001,0.07263127813507098
-0.07870000000000021,0.07274445503906019
-0.0777000000000001,0.07411672499992927
-0.07670000000000021,0.0750504344578402
-0.0757000000000001,0.07499384600584559
-0.07470000000000021,0.07517775847482806
-0.0737000000000001,0.07615390927173492
-0.07270000000000021,0.07625293906272547
-0.0717000000000001,0.07656417554869578
-0.07070000000000021,0.0776676503625905
-0.0697000000000001,0.07817694643054193
-0.0687000000000002,0.07981801153838537
-0.0677000000000001,0.08004436534636378
-0.0667000000000002,0.08128931129024501
-0.06570000000000009,0.08150151798522477
-0.0647000000000002,0.08196837271418023
-0.06370000000000009,0.08368017338701693
-0.0627000000000002,0.08455729439293323
-0.06170000000000009,0.0862832421787686
-0.0607000000000002,0.0866227728907362
-0.059700000000000086,0.08747159967065522
-0.058700000000000196,0.08792430728661203
-0.057700000000000085,0.08776868904362688
-0.056700000000000195,0.09011710980140283
-0.05570000000000008,0.0908103183383367
-0.05470000000000019,0.09140449708428001
-0.05370000000000008,0.0923523536551896
-0.05270000000000019,0.0929182381751356
-0.05170000000000008,0.09351241692107892
-0.05070000000000019,0.09505445223793182
-0.04970000000000008,0.09519592336791832
-0.04870000000000019,0.09653989910279011
-0.047700000000000076,0.09707748939673881
-0.046700000000000186,0.09806778730664434
-0.045700000000000074,0.09876099584357821
-0.044700000000000184,0.09945420438051207
-0.04370000000000007,0.09987861777047159
-0.04270000000000018,0.10118015216634743
-0.04170000000000007,0.10133577040933257
-0.04070000000000018,0.10531110916195333
-0.03970000000000007,0.10494328422398842
-0.03870000000000018,0.10433495836504646
-0.03770000000000007,0.10538184472694657
-0.03670000000000018,0.10675411468781566
-0.035700000000000065,0.10774441259772119
-0.034700000000000175,0.11023430448548364
-0.03370000000000006,0.10802735485769419
-0.03270000000000017,0.11067286498844181
-0.03170000000000006,0.11106898415240402
-0.03070000000000017,0.11098410147441214
-0.02970000000000006,0.1119319580453217
-0.02870000000000017,0.11272419637324613
-0.027700000000000058,0.11351643470117054
-0.026700000000000168,0.11528482382600183
-0.025700000000000056,0.1158648554589465
-0.024700000000000166,0.11890648475365632
-0.023700000000000054,0.11890648475365632
-0.022700000000000164,0.12160858333639855
-0.021700000000000053,0.12380138585118937
-0.020700000000000163,0.12404188677216642
-0.01970000000000005,0.12303744174926225
-0.01870000000000016,0.12466435974410703
-0.01770000000000005,0.12559806920201796
-0.01670000000000016,0.12767769481281957
-0.015700000000000047,0.12955926084164004
-0.014700000000000157,0.13250186034535932
-0.013700000000000045,0.13352045248126215
-0.012700000000000156,0.13110129615849295
-0.011700000000000044,0.1311154432714916
-0.010700000000000154,0.1336760707242473
-0.009700000000000042,0.13473710419914608
-0.008700000000000152,0.13436927926118117
-0.00770000000000004,0.13574154922205028
-0.00670000000000015,0.13633572796799356
-0.005700000000000038,0.13765140947686808
-0.0047000000000001485,0.13876903140376146
-0.0037000000000000366,0.14387613919627423
-0.0027000000000001467,0.14486643710617977
-0.0017000000000000348,0.14514937936615277
-0.000700000000000145,0.14613967727605828
0.00029999999999996696,0.14698850405597733
0.0012999999999998568,0.14741291744593682
0.0022999999999999687,0.14812027309586934
0.0032999999999998586,0.14925204213576138
0.0042999999999999705,0.1508082245656129
0.00529999999999986,0.15307176264539696
0.006299999999999972,0.15476941620523502
0.007299999999999862,0.15632559863508652
0.008299999999999974,0.15689148315503257
0.009299999999999864,0.15788178106493808
0.010299999999999976,0.1585891367148706
0.011299999999999866,0.15972090575476264
0.012299999999999978,0.16325768400442522
