Potential V vs RHE, Current mA cm-2
0.013299999999999867,-0.06244535677604271
0.012299999999999978,-0.09736043165671183
0.011299999999999866,-0.10893277008960783
0.010299999999999976,-0.11487455754904098
0.009299999999999864,-0.11913283856163473
0.008299999999999974,-0.12258473413330541
0.007299999999999862,-0.12518780292505707
0.006299999999999972,-0.12869628694872237
0.00529999999999986,-0.1307193241075294
0.0042999999999999705,-0.13370436495024463
0.0032999999999998586,-0.13642061064598549
0.0022999999999999687,-0.13688746537494095
0.0012999999999998568,-0.13981591776566157
0.00029999999999996696,-0.14189554337646318
-0.000700000000000145,-0.1435931969363012
-0.0017000000000000348,-0.14529085049613927
-0.0027000000000001467,-0.14642261953603128
-0.0037000000000000366,-0.14840321535584233
-0.0047000000000001485,-0.15179852247551845
-0.005700000000000038,-0.15222293586547794
-0.00670000000000015,-0.15392058942531597
-0.00770000000000004,-0.155335300725181
-0.008700000000000152,-0.1584476655848841
-0.009700000000000042,-0.16014531914472213
-0.010700000000000154,-0.16212591496453319
-0.011700000000000044,-0.1628332706144657
-0.012700000000000156,-0.1655212220842093
-0.013700000000000045,-0.1655212220842093
-0.014700000000000157,-0.16863358694391237
-0.015700000000000047,-0.16990682711379093
-0.01670000000000016,-0.17061418276372342
-0.01770000000000005,-0.1731606631034805
-0.01870000000000016,-0.173302134233467
-0.01970000000000005,-0.1769803836131161
-0.020700000000000163,-0.17881950830294063
-0.021700000000000053,-0.17881950830294063
-0.022700000000000164,-0.1808001041227517
-0.023700000000000054,-0.18278069994256274
-0.024700000000000166,-0.18419541124242778
-0.025700000000000056,-0.1858930648022658
-0.026700000000000168,-0.18773218949209036
-0.027700000000000058,-0.18942984305192842
-0.02870000000000017,-0.19141043887173945
-0.02970000000000006,-0.19282515017160448
-0.03070000000000017,-0.19494721712140206
-0.03170000000000006,-0.1965033995512536
-0.03270000000000017,-0.19820105311109162
-0.03370000000000006,-0.19919135102099716
-0.034700000000000175,-0.20187930249074074
-0.035700000000000065,-0.2037184271805653
-0.03670000000000018,-0.20612343639033584
-0.03770000000000007,-0.20640637865030886
-0.03870000000000018,-0.20980168576998495
-0.03970000000000007,-0.21093345480987696
-0.04070000000000018,-0.21277257949970152
-0.04170000000000007,-0.21489464644949907
-0.04270000000000018,-0.2157434732294181
-0.04370000000000007,-0.21786554017921567
-0.044700000000000184,-0.22055349164895924
-0.045700000000000074,-0.22154378955886472
-0.046700000000000186,-0.22380732763864883
-0.047700000000000076,-0.22592939458844638
-0.04870000000000019,-0.22691969249835187
-0.04970000000000008,-0.2307394130079875
-0.05070000000000019,-0.23116382639794697
-0.05170000000000008,-0.23413472012766354
-0.05270000000000019,-0.2356909025575151
-0.05370000000000008,-0.23753002724733965
-0.05470000000000019,-0.24021797871708325
-0.05570000000000008,-0.24191563227692126
-0.056700000000000195,-0.24304740131681332
-0.057700000000000085,-0.24658417956647588
-0.058700000000000196,-0.2474330063463949
-0.059700000000000086,-0.25012095781613847
-0.0607000000000002,-0.25295038041586854
-0.06170000000000009,-0.25464803397570657
-0.0627000000000002,-0.25691157205549064
-0.06370000000000009,-0.2583262833553557
-0.0647000000000002,-0.26016540804518024
-0.06570000000000009,-0.26327777290488336
-0.0667000000000002,-0.26412659968480234
-0.0677000000000001,-0.2662486666345999
-0.0687000000000002,-0.2689366181043435
-0.0697000000000001,-0.27035132940420853
-0.07070000000000021,-0.2728978097439656
-0.0717000000000001,-0.27459546330380363
-0.07270000000000021,-0.2770004725135742
-0.0737000000000001,-0.28025430850326377
-0.07470000000000021,-0.2815275486731423
-0.0757000000000001,-0.28350814449295336
-0.07670000000000021,-0.28732786500258894
-0.0777000000000001,-0.2894499319523865
-0.07870000000000021,-0.2918549411621571
-0.0797000000000001,-0.29425995037192765
-0.08070000000000022,-0.2955331905418062
-0.0817000000000001,-0.29949438218142826
-0.08270000000000022,-0.3006261512213203
-0.08370000000000011,-0.3035970449510369
-0.08470000000000022,-0.30600205416080745
-0.08570000000000011,-0.30826559224059147
-0.08670000000000022,-0.31180237049025405
-0.08770000000000011,-0.3136414951800786
-0.08870000000000022,-0.3176026868197007
-0.08970000000000011,-0.3204321094194308
-0.09070000000000022,-0.3214224073293363
-0.09170000000000011,-0.3239688876690934
-0.09270000000000023,-0.32679831026882344
-0.09370000000000012,-0.3287789060886345
-0.09470000000000023,-0.33259862659827016
-0.09570000000000012,-0.33585246258795975
-0.09670000000000023,-0.33839894292771683
-0.09770000000000012,-0.34151130778741984
-0.09870000000000023,-0.3429260190872849
-0.09970000000000012,-0.346887210726907
-0.10070000000000023,-0.35014104671659657
-0.10170000000000012,-0.35155575801646166
-0.10270000000000024,-0.3545266517461782
-0.10370000000000013,-0.35792195886585426
-0.10470000000000024,-0.36075138146558433
-0.10570000000000013,-0.3647125731052065
-0.10670000000000024,-0.36768346683492303
-0.10770000000000013,-0.37022994717468005
-0.10870000000000024,-0.3747570233342482
-0.10970000000000013,-0.37631320576409977
-0.11070000000000024,-0.3825379354835059
-0.11170000000000013,-0.38536735808323597
-0.11270000000000002,-0.3857917714731955
-0.11370000000000013,-0.38947002085284455
-0.11470000000000002,-0.3898944342428041
-0.11570000000000014,-0.3942800392723857
-0.11670000000000003,-0.4013535957717109
-0.11770000000000014,-0.40602214306126555
-0.11870000000000003,-0.406163614191252
-0.11970000000000014,-0.4125298150406447
-0.12070000000000003,-0.41776424685014535
-0.12170000000000014,-0.4198863137999429
-0.12270000000000003,-0.4201692560599159
-0.12370000000000014,-0.4218669096197539
-0.12470000000000003,-0.42229132300971345
-0.12570000000000014,-0.424130447699538
-0.12670000000000003,-0.4279501682091736
-0.12770000000000015,-0.43021370628895766
-0.12870000000000004,-0.43530666696847176
-0.12970000000000015,-0.4401166853880129
-0.13070000000000004,-0.4447852326775675
-0.13170000000000015,-0.44747318414731113
-0.13270000000000004,-0.4498781933570817
-0.13370000000000015,-0.4520002603068792
-0.13470000000000004,-0.4594982301961639
-0.13570000000000015,-0.463459421835786
-0.13670000000000004,-0.46444971974569155
-0.13770000000000016,-0.46756208460539456
-0.13870000000000005,-0.46968415155519216
-0.13970000000000016,-0.4723721030249357
-0.14070000000000005,-0.47831389048436895
-0.14170000000000016,-0.47972860178423393
-0.14270000000000005,-0.4853874469836941
-0.14370000000000016,-0.4913292344431272
-0.14470000000000005,-0.49147070557311373
-0.14570000000000016,-0.4933098302629383
-0.14670000000000005,-0.4943001281728438
-0.14770000000000016,-0.49741249303254687
-0.14870000000000005,-0.504486049531872
-0.14970000000000017,-0.5070325298716292
-0.15070000000000006,-0.5083057700415077
-0.15170000000000017,-0.5111351926412377
-0.15270000000000006,-0.5156622688008059
-0.15370000000000017,-0.5218869985202121
-0.15470000000000006,-0.5237261232100366
-0.15570000000000017,-0.5251408345099016
-0.15670000000000006,-0.5274043725896858
-0.15770000000000017,-0.5282531993696047
-0.15870000000000006,-0.5317899776192673
-0.15970000000000018,-0.5349023424789704
-0.16070000000000007,-0.5408441299384036
-0.16170000000000018,-0.5466444462678502
-0.16270000000000007,-0.5524447625972969
-0.16370000000000018,-0.5514544646873913
-0.16470000000000007,-0.5537180027671754
-0.16570000000000018,-0.5549912429370539
-0.16670000000000007,-0.5599427324865814
-0.16770000000000018,-0.5619233283063926
-0.16870000000000007,-0.5675821735058527
-0.16970000000000018,-0.5691383559357043
-0.17070000000000007,-0.5735239609652859
-0.17170000000000019,-0.576919268084962
-0.17270000000000008,-0.5762119124350294
-0.1737000000000002,-0.578899863904773
-0.17470000000000008,-0.5820122287644761
-0.1757000000000002,-0.5844172379742467
-0.17670000000000008,-0.5972911108030184
-0.1777000000000002,-0.595734928373167
-0.17870000000000008,-0.6001205334027485
-0.1797000000000002,-0.5924810923834773
-0.18070000000000008,-0.6227559142005892
-0.1817000000000002,-0.6080429166819927
-0.18270000000000008,-0.6141261752714124
-0.1837000000000002,-0.6135602907514663
-0.1847000000000001,-0.6110138104117093
-0.1857000000000002,-0.6172385401311155
-0.1867000000000001,-0.6141261752714124
-0.1877000000000002,-0.6166726556111695
-0.1887000000000001,-0.6200679627308455
-0.1897000000000002,-0.6224729719406161
-0.1907000000000001,-0.6268585769701978
-0.1917000000000001,-0.6286977016600223
-0.19269999999999998,-0.6325174221696578
-0.1937000000000001,-0.6366200849392665
-0.19469999999999998,-0.6332247778195904
-0.1957000000000001,-0.6366200849392665
-0.19669999999999999,-0.6448254104784837
-0.1977000000000001,-0.6466645351683082
-0.1987,-0.6442595259585376
-0.1997000000000001,-0.6476548330782137
-0.2007,-0.6458157083883892
-0.2017000000000001,-0.6475133619482272
-0.2027,-0.6523233803677684
-0.2037000000000001,-0.6564260431373771
-0.2047,-0.6593969368670936
-0.2057000000000001,-0.6634995996367021
-0.2067,-0.6698658004860949
-0.2077000000000001,-0.6670363778863648
-0.2087,-0.6722708096958655
-0.2097000000000001,-0.6818908465349477
-0.2107,-0.6811834908850152
-0.2117000000000001,-0.6777881837653391
-0.2127,-0.6816079042749748
-0.2137000000000001,-0.6811834908850152
-0.2147,-0.6868423360844753
-0.2157000000000001,-0.6908035277240974
-0.2167,-0.6888229319042865
-0.21770000000000012,-0.6961794306635846
-0.2187,-0.6967453151835306
-0.21970000000000012,-0.6997162089132472
-0.2207,-0.7055165252426938
-0.22170000000000012,-0.7196636382413442
-0.2227,-0.7148536198218031
-0.22370000000000012,-0.7162683311216681
-0.2247,-0.7193806959813712
-0.22570000000000012,-0.7185318692014522
-0.2267,-0.7209368784112227
-0.22770000000000012,-0.7271616081306289
-0.22870000000000001,-0.7352254625398595
-0.22970000000000013,-0.7377719428796167
-0.23070000000000002,-0.7418746056492252
-0.23170000000000013,-0.7458357972888473
-0.23270000000000002,-0.749938460058456
-0.23370000000000013,-0.7581437855976731
-0.23470000000000002,-0.7645099864470658
-0.23570000000000013,-0.7691785337366205
-0.23670000000000002,-0.7758276768459861
-0.2376999999999999,-0.7864380115949738
-0.23870000000000002,-0.791248030014515
-0.2396999999999999,-0.7993118844237457
-0.24070000000000003,-0.8053951430131653
-0.24169999999999991,-0.8154395932422072
-0.24270000000000003,-0.82746463929106
-0.24369999999999992,-0.8375090895201018
-0.24470000000000003,-0.8390652719499533
-0.24569999999999992,-0.847129126359184
-0.24670000000000003,-0.8525050292986711
-0.24769999999999992,-0.8676424402072269
-0.24870000000000003,-0.8704718628069571
-0.24969999999999992,-0.8840530912856616
-0.25070000000000003,-0.8932487147347841
-0.2516999999999999,-0.9007466846240689
-0.25270000000000004,-0.9130546729328947
-0.2536999999999999,-0.9161670377925977
-0.25470000000000004,-0.931728862091113
-0.2556999999999999,-0.9429050813600469
-0.25670000000000004,-0.9523836470691426
-0.25769999999999993,-0.9644086931179956
-0.25870000000000004,-0.9743116722170507
-0.25969999999999993,-0.9846390647060654
-0.26070000000000004,-0.9989276488347025
-0.26169999999999993,-1.0102453392336226
-0.26270000000000004,-1.022694798672435
-0.26369999999999993,-1.041793401220613
-0.26470000000000005,-1.0531110916195334
-0.26569999999999994,-1.074331761117509
-0.26670000000000005,-1.0881959318561862
-0.26769999999999994,-1.1026259871148096
-0.26870000000000005,-1.1169145712434463
-0.26969999999999994,-1.1330422800619078
-0.27070000000000005,-1.1486041043604232
-0.27169999999999994,-1.1672782935186419
-0.27270000000000005,-1.1869427805867658
-0.27369999999999994,-1.2068902099148628
-0.27470000000000006,-1.2251399856831218
-0.27569999999999995,-1.2431068191914076
-0.27670000000000006,-1.257819816710004
-0.27769999999999995,-1.280030784117885
-0.27870000000000006,-1.3015343958758336
-0.27969999999999995,-1.3203500561640389
-0.28070000000000006,-1.3439757348717851
-0.28169999999999995,-1.366469644539639
-0.28270000000000006,-1.3882561985575603
-0.28369999999999995,-1.4043839073760218
-0.28470000000000006,-1.4359319693630124
-0.28569999999999995,-1.459982061460718
-0.28670000000000007,-1.4854468648582886
-0.28769999999999996,-1.510911668255859
-0.28870000000000007,-1.5321323377538347
-0.28969999999999996,-1.5590118524512704
-0.29070000000000007,-1.584476655848841
-0.29169999999999996,-1.6156003044458718
-0.29270000000000007,-1.6410651078434426
-0.29369999999999996,-1.6679446225408785
-0.2947000000000001,-1.6976535598380442
-0.29569999999999996,-1.7287772084350748
-0.2967000000000001,-1.7528273005327806
-0.29769999999999996,-1.7910245056291363
-0.2987000000000001,-1.822148154226167
-0.29969999999999997,-1.8532718028231983
-0.3007000000000001,-1.8858101627200938
-0.30169999999999997,-1.9126896774175295
-0.3027000000000001,-1.9565457277133458
-0.30369999999999997,-1.9961576441095665
-0.3047000000000001,-2.0343548492059225
-0.30569999999999997,-2.0598196526034935
-0.3067000000000001,-2.0909433012005243
-0.3077,-2.122066949797555
-0.3087000000000001,-2.156020020994316
-0.3097,-2.1956319373905373
-0.3107000000000001,-2.235243853786758
-0.3117,-2.276270481482844
-0.3127000000000001,-2.3158823978790646
-0.3137,-2.355494314275286
-0.3147000000000001,-2.3908620967719116
-0.3157,-2.433303435767863
-0.3167000000000001,-2.4700859295643536
-0.3177,-2.509697845960575
-0.3187000000000001,-2.5592127414558514
-0.3197,-2.600239369151937
-0.3207000000000001,-2.6497542646472136
-0.3217,-2.6921956036431647
-0.3227000000000001,-2.7318075200393857
-0.3237,-2.7770782816350668
-0.3247000000000001,-2.820934331930883
-0.3257,-2.863375670926834
-0.3267000000000001,-2.9086464325225156
-0.3277,-2.9539171941181968
-0.3287000000000001,-2.996358533114148
-0.3297,-3.044458717309559
-0.3307000000000001,-3.0939736128048354
-0.3317,-3.150562064799437
-0.3327000000000001,-3.202906382894443
-0.3337,-3.2425182992906643
-0.3347000000000001,-3.28637434958648
-0.3357,-3.3443775128809468
-0.3367000000000001,-3.3967218309759533
-0.3377,-3.46887210726907
-0.3387000000000001,-3.512728157564886
-0.3397,-3.576390166058813
-0.3407000000000001,-3.6244903502542236
-0.3417,-3.6683464005500404
-0.3427000000000001,-3.730593697744102
-0.3437,-3.788596861038568
-0.3447000000000001,-3.855088292132225
-0.3457,-3.9088473215270967
-0.3467000000000001,-3.9597769283222375
-0.3477,-4.019194802916569
-0.3487000000000001,-4.081442100110631
-0.3497,-4.143689397304692
-0.3507000000000001,-4.20735140579862
-0.3517,-4.279501682091736
-0.3527000000000001,-4.330431288886877
-0.3537,-4.398337431280399
-0.3547000000000001,-4.454925883275001
-0.3557,-4.520002603068792
-0.35670000000000013,-4.587908745462314
-0.3577,-4.6487413313565105
-0.35870000000000013,-4.718062185049897
-0.3597,-4.787383038743283
-0.36070000000000013,-4.8595333150364
-0.3617,-4.934513013929248
-0.3626999999999999,-4.985442620724389
-0.3637,-5.0491046292183155
-0.3646999999999999,-5.105693081212917
-0.3657,-5.220284696501986
-0.3666999999999999,-5.283946704995913
-0.3677,-5.3575116925888935
-0.3686999999999999,-5.433906102781606
-0.36970000000000003,-5.507471090374587
-0.3706999999999999,-5.5739625214682444
-0.37170000000000003,-5.644698086461496
-0.3726999999999999,-5.723921919253939
-0.37370000000000003,-5.817292865045031
-0.3746999999999999,-5.903590254336798
-0.37570000000000003,-5.967252262830725
-0.3766999999999999,-6.049305518222896
-0.37770000000000004,-6.1186263719162834
-0.3786999999999999,-6.196435493408861
-0.37970000000000004,-6.267171058402113
-0.3806999999999999,-6.34498017989469
-0.38170000000000004,-6.453912949984297
-0.38269999999999993,-6.538795627976199
-0.38370000000000004,-6.634995996367022
-0.38469999999999993,-6.7212933856587895
-0.38570000000000004,-6.801931929751096
-0.38669999999999993,-6.872667494744348
-0.38770000000000004,-7.094777168823159
-0.38869999999999993,-7.094777168823159
-0.38970000000000005,-7.192392248513847
-0.39069999999999994,-7.291422039504399
-0.39170000000000005,-7.345181068899271
-0.39269999999999994,-7.451284416389148
-0.39370000000000005,-7.548899496079835
-0.39469999999999994,-7.646514575770523
-0.39570000000000005,-7.717250140763775
-0.39669999999999994,-7.817694643054193
-0.39770000000000005,-7.930871547043396
-0.39869999999999994,-8.035560183233407
-0.39970000000000006,-8.147322375922746
-0.40069999999999995,-8.220887363515727
-0.40170000000000006,-8.310014175407224
-0.40269999999999995,-8.397726275998858
-0.40370000000000006,-8.517976736487388
-0.40469999999999995,-8.624080083977264
-0.40570000000000006,-8.728768720167276
-0.40669999999999995,-8.85609273715513
-0.40770000000000006,-8.967854929844465
-0.40869999999999995,-9.071128854734614
-0.40970000000000006,-9.184305758723816
-0.41069999999999995,-9.332850445209647
-0.41170000000000007,-9.407830144102494
-0.41269999999999996,-9.502615801193452
-0.41370000000000007,-9.627110395581575
-0.41469999999999996,-9.670966445877392
-0.41570000000000007,-9.839317090561332
-0.41669999999999996,-9.968055818849047
-0.41770000000000007,-10.096794547136765
-0.41869999999999996,-10.24675394492246
-0.4197000000000001,-10.293439417818007
-0.42069999999999996,-10.410860455706805
-0.4217000000000001,-10.502816690198033
-0.42269999999999996,-10.632970129785615
-0.4237000000000001,-10.771611837172388
-0.42469999999999997,-10.832444423066585
-0.4257000000000001,-10.98523324345201
-0.42669999999999997,-11.143680909036894
-0.4277000000000001,-11.235637143528121
-0.42869999999999997,-11.430867302909498
-0.4297000000000001,-11.532726516499778
-0.43069999999999997,-11.703906583783448
-0.4317000000000001,-11.890648475365632
-0.4327,-11.975531153357537
-0.4337000000000001,-12.204714383935672
-0.4347,-12.286767639327845
-0.4357000000000001,-12.415506367615562
-0.4367,-12.559806920201796
-0.4377000000000001,-12.719669297086545
-0.4387,-12.917728879067651
-0.4397000000000001,-13.063444142953749
-0.4407,-13.006855690959148
-0.4417000000000001,-13.185109314742142
-0.4427,-13.34214226902716
-0.4437000000000001,-13.46522215211542
-0.4447,-13.691575960093825
-0.4457000000000001,-13.837291223979923
-0.4467,-13.984421199165887
-0.4477000000000001,-14.175407224647667
-0.4487,-14.331025467632822
-0.4497000000000001,-14.472496597619326
-0.4507,-14.61396772760583
-0.4517000000000001,-14.783733083589633
-0.4527,-14.967645552572087
-0.4537000000000001,-15.094969569559943
-0.4547,-15.250587812545096
-0.4557000000000001,-15.43450028152755
-0.4567,-15.604265637511356
-0.4577000000000001,-15.759883880496508
-0.4587,-15.901355010483012
-0.4597000000000001,-16.02867902747086
-0.4607,-16.311621287443874
-0.4617000000000001,-16.46723953042903
-0.4627,-16.665299112410132
-0.4637000000000001,-16.891652920388537
-0.4647,-17.089712502369647
-0.4657000000000001,-17.2453307453548
-0.4667,-17.45753744033455
-0.4677000000000001,-17.613155683319707
-0.4687,-17.825362378299463
-0.4697000000000001,-18.03756907327922
-0.4707,-18.15074597726842
-0.4717000000000001,-18.391246898245473
-0.4727,-18.77321894920904
-0.4737000000000001,-19.01371987018609
-0.4747,-19.211779452167196
-0.4757000000000001,-19.409839034148305
-0.4767,-19.622045729128057
-0.4777000000000001,-19.678634181122664
-0.4787,-19.862546650105116
-0.4797000000000001,-20.13134179707947
-0.4807,-20.329401379060574
-0.48170000000000013,-20.555755187038983
-0.4827,-20.810403221014692
-0.48370000000000013,-21.050904141991744
-0.4847,-21.291405062968803
-0.48570000000000013,-21.461170418952605
-0.4867,-21.68752422693101
-0.4876999999999999,-21.97046648690402
-0.4887,-22.225114520879725
-0.4896999999999999,-22.39487987686353
-0.4907,-22.621233684841933
-0.4916999999999999,-22.932470170812245
-0.4927,-23.144676865792
-0.4936999999999999,-23.385177786769056
-0.49470000000000003,-23.597384481748815
-0.4956999999999999,-23.86617962872317
-0.49670000000000003,-24.092533436701576
-0.4976999999999999,-24.304740131681328
-0.49870000000000003,-24.65841795664759
-0.4996999999999999,-24.941360216620595
-0.5007,-25.09697845960575
-0.5016999999999999,-25.39406783257741
-0.5027,-25.648715866553115
-0.5036999999999999,-25.931658126526123
-0.5047,-26.18630616050183
-0.5056999999999999,-26.525836872469437
-0.5067,-26.738043567449193
-0.5076999999999999,-26.95025026242895
-0.5087,-27.303928087395207
-0.5096999999999999,-27.558576121370916
-0.5107,-27.841518381343924
-0.5116999999999999,-28.082019302320973
-0.5127,-28.407402901289935
-0.5136999999999999,-28.662050935265643
-0.5147,-29.029875873230555
-0.5156999999999999,-29.284523907206257
-0.5167,-29.652348845171172
-0.5176999999999999,-29.878702653149578
-0.5187,-30.345557382105042
-0.5196999999999999,-30.51532273808884
-0.5207,-30.91144190205105
-0.5216999999999999,-31.265119727017314
-0.5227,-31.46317930899841
-0.5236999999999999,-31.675386003978172
-0.5247,-31.95832826395118
-0.5257,-32.19882918492823
-0.5267000000000001,-32.53835989689585
-0.5277,-32.892037721862096
-0.5287000000000001,-33.18912709483376
-0.5297,-33.358892450817564
-0.5307000000000001,-33.698423162785176
-0.5317,-34.03795387475279
-0.5327000000000001,-34.36333747372174
-0.5337,-34.7453095246853
-0.5347000000000001,-35.05654601065561
-0.5357,-35.53754785260972
-0.5367000000000001,-35.74975454758948
-0.5377,-36.06099103355979
-0.5387000000000001,-36.44296308452335
-0.5397,-36.768346683492304
-0.5407000000000001,-37.15031873445586
-0.5417,-37.53229078541942
-0.5427000000000001,-37.94255706238028
-0.5437,-38.31038200034519
-0.5447000000000001,-38.607471373316855
-0.5457,-38.83382518129526
-0.5467000000000001,-39.30067991025072
-0.5477,-39.66850484821563
-0.5487000000000001,-39.96559422118728
-0.5497,-40.460743176140056
-0.5507000000000001,-40.729538323114404
-0.5517,-41.15395171307392
-0.5527000000000001,-41.52177665103883
-0.5537,-41.81886602401048
-0.5547000000000001,-42.37060343095784
-0.5557,-42.89404661190791
-0.5567000000000001,-43.26187154987282
-0.5577,-43.672137826833676
-0.5587000000000001,-44.110698329791845
-0.5597,-44.36534636376755
-0.5607000000000001,-44.563405945748656
-0.5617,-44.95952510971087
-0.5627000000000001,-45.35564427367308
-0.5637,-45.624439420647434
-0.5647000000000001,-45.78005766363259
-0.5657,-45.53955674265553
-0.5667000000000001,-45.89323456762179
-0.5677,-46.501560426563756
-0.5687000000000001,-46.92597381652327
-0.5697,-47.30794586748683
-0.5707000000000001,-47.67577080545174
-0.5717,-47.80309482243959
-0.5727000000000001,-48.2275082123991
-0.5737,-48.48215624637481
-0.5747000000000001,-48.97730520132757
-0.5757,-49.17536478330867
-0.5767000000000001,-48.79339273234511
-0.5777,-49.33098302629383
-0.5787000000000001,-49.514895495276285
-0.5797,-50.052485789224995
-0.5807000000000001,-50.53348763117911
-0.5817,-50.46275206618586
-0.5827000000000001,-50.87301834314672
-0.5837,-51.31157884610488
-0.5847000000000001,-51.72184512306574
-0.5857,-51.014489473133224
-0.5867000000000001,-51.14181349012107
-0.5857,-50.57592897017506
-0.5847000000000001,-49.72710219025603
-0.5837,-49.34513013929248
-0.5827000000000001,-48.93486386233162
-0.5817,-48.35483222938696
-0.5807000000000001,-47.77480059644228
-0.5797,-47.40697565847737
-0.5787000000000001,-46.91182670352462
-0.5777,-46.44497197456916
-0.5767000000000001,-45.90738168062044
-0.5757,-45.44052695166498
-0.5747000000000001,-45.12929046569467
-0.5737,-44.73317130173246
-0.5727000000000001,-44.66243573673921
-0.5717,-44.3229050247716
-0.5707000000000001,-43.84190318281749
-0.5697,-43.27601866287147
-0.5687000000000001,-42.85160527291196
-0.5677,-42.14424962297944
-0.5667000000000001,-41.80471891101183
-0.5657,-41.33786418205637
-0.5647000000000001,-40.91345079209687
-0.5637,-40.644655645122505
-0.5627000000000001,-40.02218267318189
-0.5617,-39.654357735216976
-0.5607000000000001,-39.41385681423992
-0.5597,-39.03188476327636
-0.5587000000000001,-38.664059825311455
-0.5577,-38.18305798335734
-0.5567000000000001,-37.801085932393775
-0.5557,-37.46155522042617
-0.5547000000000001,-37.02299471746801
-0.5537,-36.61272844050715
-0.5527000000000001,-36.41466885852605
-0.5517,-36.11757948555439
-0.5507000000000001,-35.664871869597576
-0.5497,-35.32534115762997
-0.5487000000000001,-34.84433931567585
-0.5477,-34.51895571670689
-0.5467000000000001,-33.924776970763574
-0.5457,-33.40133378981351
-0.5447000000000001,-32.9486261738567
-0.5437,-32.66568391388369
-0.5427000000000001,-32.24127052392419
-0.5417,-31.788562907967375
-0.5407000000000001,-31.27926684001596
-0.5397,-30.982177467044306
-0.5387000000000001,-30.317263156107735
-0.5377,-29.80796708815632
-0.5367000000000001,-29.567466167179266
-0.5357,-29.18549411621571
-0.5347000000000001,-28.8742576302454
-0.5337,-28.60546248327104
-0.5327000000000001,-28.039577963325023
-0.5317,-27.700047251357418
-0.5307000000000001,-27.813224155346617
-0.5297,-27.572723234369565
-0.5287000000000001,-27.261486748399253
-0.5277,-26.921956036431645
-0.5267000000000001,-26.539983985468087
-0.5257,-25.648715866553115
-0.5247,-24.814036199632742
-0.5236999999999999,-24.559388165657033
-0.5227,-24.34718147067728
-0.5216999999999999,-24.078386323702922
-0.5207,-23.809591176728567
-0.5196999999999999,-23.526648916755562
-0.5187,-23.2012653177866
-0.5176999999999999,-22.932470170812245
-0.5167,-22.691969249835186
-0.5156999999999999,-22.550498119848687
-0.5147,-22.281702972874328
-0.5136999999999999,-21.899730921910766
-0.5127,-21.659230000933714
-0.5116999999999999,-21.461170418952605
-0.5107,-21.2065223849769
-0.5096999999999999,-20.980168576998494
-0.5087,-20.79625610801604
-0.5076999999999999,-20.654784978029536
-0.5067,-20.44257828304978
-0.5056999999999999,-20.14548891007812
-0.5047,-19.876693763103766
-0.5036999999999999,-19.69278129412131
-0.5027,-19.480574599141555
-0.5016999999999999,-19.2400736781645
-0.5007,-18.999572757187444
-0.4996999999999999,-18.815660288204988
-0.49870000000000003,-18.504423802234676
-0.4976999999999999,-18.362952672248177
-0.49670000000000003,-18.221481542261674
-0.4956999999999999,-17.952686395287316
-0.49470000000000003,-17.72633258730891
-0.4936999999999999,-17.45753744033455
-0.4927,-17.231183632356142
-0.4916999999999999,-16.962388485381787
-0.4907,-16.792623129397985
-0.4896999999999999,-16.580416434418233
-0.4887,-16.368209739438473
-0.4876999999999999,-16.19844438345467
-0.4867,-16.11356170546277
-0.48570000000000013,-15.858913671487063
-0.4847,-15.689148315503255
-0.48370000000000013,-15.533530072518102
-0.4827,-15.179852247551842
-0.48170000000000013,-14.868615761581536
-0.4807,-14.684703292599082
-0.4797000000000001,-14.557379275611227
-0.4787,-14.359319693630123
-0.4777000000000001,-14.175407224647667
-0.4767,-14.036765517260893
-0.4757000000000001,-13.898123809874122
-0.4747,-13.708552495692206
-0.4737000000000001,-13.562837231806107
-0.4727,-13.397316009721898
-0.4717000000000001,-13.257259591035258
-0.4707,-13.095982502850644
-0.4697000000000001,-12.967243774562927
-0.4687,-12.747963523083845
-0.4677000000000001,-12.562636342801525
-0.4667,-12.465021263110838
-0.4657000000000001,-12.35042964782177
-0.4647,-12.163687756239584
-0.4637000000000001,-11.96562817425848
-0.4627,-11.862354249368334
-0.4617000000000001,-11.753421479278725
-0.4607,-11.648732843088712
-0.4597000000000001,-11.511505847001803
-0.4587,-11.354472892716785
-0.4577000000000001,-11.261101946925693
-0.4567,-11.139436775137298
-0.4557000000000001,-10.978159686952685
-0.4547,-10.874885762062537
-0.4537000000000001,-10.722096941677114
-0.4527,-10.655605510583456
-0.4517000000000001,-10.58628465689007
-0.4507,-10.474522464200732
-0.4497000000000001,-10.335880756813957
-0.4487,-10.22411856412462
-0.4477000000000001,-10.105282814935956
-0.4467,-9.966641107549185
-0.4457000000000001,-9.85346420355998
-0.4447,-9.736043165671184
-0.4437000000000001,-9.61154857128306
-0.4427,-9.495542244694127
-0.4417000000000001,-9.382365340704922
-0.4407,-9.269188436715721
-0.4397000000000001,-9.157426244026382
-0.4387,-9.059811164335693
-0.4377000000000001,-8.945219549046627
-0.4367,-8.824969088558099
-0.4357000000000001,-8.734427565366737
-0.4347,-8.632568351776454
-0.4337000000000001,-8.533538560785903
-0.4327,-8.433094058495483
-0.4317000000000001,-8.310014175407224
-0.43069999999999997,-8.226546208715188
-0.4297000000000001,-8.138834108123556
-0.42869999999999997,-8.049707296232057
-0.4277000000000001,-7.970483463439617
-0.42669999999999997,-7.892674341947039
-0.4257000000000001,-7.804962241355407
-0.42469999999999997,-7.711591295564315
-0.4237000000000001,-7.609732081974033
-0.42269999999999996,-7.503628734484154
-0.4217000000000001,-7.414501922592657
-0.42069999999999996,-7.306983863802915
-0.4197000000000001,-7.232004164910067
-0.41869999999999996,-7.1414626417187055
-0.41770000000000007,-7.083459478424238
-0.41669999999999996,-6.998576800432337
-0.41570000000000007,-6.847202691346777
-0.41469999999999996,-6.75241703425582
-0.41370000000000007,-6.7481729003562245
-0.41269999999999996,-6.646313686765942
-0.41170000000000007,-6.554357452274714
-0.41069999999999995,-6.4595717951837575
-0.40970000000000006,-6.3803479623913155
-0.40869999999999995,-6.305368263498468
-0.40770000000000006,-6.238876832404812
-0.40669999999999995,-6.155408865712774
-0.40570000000000006,-6.084673300719523
-0.40469999999999995,-6.019596580925731
-0.40370000000000006,-5.94320217073302
-0.40269999999999995,-5.8427576684426015
-0.40170000000000006,-5.7833397938482705
-0.40069999999999995,-5.736654320952724
-0.39970000000000006,-5.653186354260687
-0.39869999999999994,-5.585280211867165
-0.39770000000000005,-5.520203492073373
-0.39669999999999994,-5.449467927080121
-0.39570000000000005,-5.3815617846866
-0.39469999999999994,-5.320729198792402
-0.39370000000000005,-5.241505365999961
-0.39269999999999994,-5.18208749140563
-0.39170000000000005,-5.1212549055114325
-0.39069999999999994,-5.06466645351683
-0.38970000000000005,-5.0094927128220945
-0.38869999999999993,-4.923195323530328
-0.38770000000000004,-4.872265716735186
-0.38669999999999993,-4.80860370824126
-0.38570000000000004,-4.754844678846388
-0.38469999999999993,-4.7010856494515165
-0.38370000000000004,-4.647326620056646
-0.38269999999999993,-4.587908745462314
-0.38170000000000004,-4.522832025668523
-0.3806999999999999,-4.467658284973785
-0.37970000000000004,-4.394093297380804
-0.3786999999999999,-4.358725514884178
-0.37770000000000004,-4.285160527291196
-0.3766999999999999,-4.20735140579862
-0.37570000000000003,-4.122468727806717
-0.3746999999999999,-4.06163614191252
-0.37370000000000003,-4.019194802916569
-0.3726999999999999,-3.9413856814239923
-0.37170000000000003,-3.939970970124127
-0.3706999999999999,-3.910262032826961
-0.36970000000000003,-3.852258869532495
-0.3686999999999999,-3.785767438438838
-0.3677,-3.730593697744102
-0.3666999999999999,-3.6683464005500404
-0.3657,-3.6117579485554394
-0.3646999999999999,-3.543851806161917
-0.3637,-3.515557580164616
-0.3626999999999999,-3.4617985507697444
-0.3617,-3.4193572117737934
-0.36070000000000013,-3.371257027578382
-0.3597,-3.3500363580804073
-0.35870000000000013,-3.2892037721862106
-0.3577,-3.28637434958648
-0.35670000000000013,-3.2156387845932284
-0.3557,-3.1632944664982214
-0.3547000000000001,-3.0982177467044303
-0.3537,-3.074167654606725
-0.3527000000000001,-3.0204086252118536
-0.3517,-2.9878702653149576
-0.3507000000000001,-2.941184792419411
-0.3497,-2.9114758551222453
-0.3487000000000001,-2.874693361325755
-0.3477,-2.8379108675292635
-0.3467000000000001,-2.794054817233447
-0.3457,-2.7487840556377665
-0.3447000000000001,-2.6907808923433
-0.3437,-2.6469248420474836
-0.3427000000000001,-2.6030687917516673
-0.3417,-2.5634568753554463
-0.3407000000000001,-2.539406783257741
-0.3397,-2.50545371206098
-0.3387000000000001,-2.4771594860636794
-0.3377,-2.4318887244679983
-0.3367000000000001,-2.382373828972722
-0.3357,-2.358323736875016
-0.3347000000000001,-2.3328589334774454
-0.3337,-2.3017352848804147
-0.3327000000000001,-2.2677822136836534
-0.3317,-2.238073276386488
-0.3307000000000001,-2.202705493889862
-0.3297,-2.1758259791924264
-0.3287000000000001,-2.122066949797555
-0.3277,-2.082455033401334
-0.3267000000000001,-2.092358012500389
-0.3257,-2.0329401379060577
-0.3247000000000001,-2.014548891007812
-0.3237,-1.963619284212671
-0.3227000000000001,-1.9296662130159101
-0.3217,-1.9070308322180693
-0.3207000000000001,-1.8688336271217136
-0.3197,-1.8320511333252225
-0.3187000000000001,-1.8051716186277869
-0.3177,-1.775462681330621
-0.3167000000000001,-1.7542420118326456
-0.3157,-1.7231183632356148
-0.3147000000000001,-1.6976535598380442
-0.3137,-1.6750181790402037
-0.3127000000000001,-1.6453092417430377
-0.3117,-1.612770881846142
-0.3107000000000001,-1.5816472332491107
-0.3097,-1.5604265637511354
-0.3087000000000001,-1.5250587812545096
-0.3077,-1.4840321535584236
-0.3067000000000001,-1.459982061460718
-0.30569999999999997,-1.4415908145624723
-0.3047000000000001,-1.421784856364362
-0.30369999999999997,-1.4082036278856576
-0.3027000000000001,-1.368167298099477
-0.30169999999999997,-1.3400145432321628
-0.3007000000000001,-1.3190768159941602
-0.29969999999999997,-1.2961584929363463
-0.2987000000000001,-1.2803137263778581
-0.29769999999999996,-1.2568295188000984
-0.2967000000000001,-1.2317891287924876
-0.29569999999999996,-1.216793189013918
-0.2947000000000001,-1.1892063186665498
-0.29369999999999996,-1.1726541964581287
-0.29270000000000007,-1.1551117763398024
-0.29169999999999996,-1.1348814047517324
-0.29070000000000007,-1.1113971971739727
-0.28969999999999996,-1.0883374029861725
-0.28870000000000007,-1.0649946665383996
-0.28769999999999996,-1.0519793225796414
-0.28670000000000007,-1.037266325061045
-0.28569999999999995,-1.0171774246029612
-0.28470000000000006,-0.9970885241448778
-0.28369999999999995,-0.9771410948167809
-0.28270000000000006,-0.9529495315890888
-0.28169999999999995,-0.9403586010202899
-0.28070000000000006,-0.9235235365518959
-0.27969999999999995,-0.9045664051337045
-0.27870000000000006,-0.886741042755405
-0.27769999999999995,-0.8691986226370785
-0.27670000000000006,-0.8525050292986711
-0.27569999999999995,-0.8375090895201018
-0.27470000000000006,-0.8222302074815594
-0.27369999999999994,-0.8114784016025851
-0.27270000000000005,-0.7933700969643125
-0.27169999999999994,-0.7768179747558916
-0.27070000000000005,-0.7619635061073088
-0.26969999999999994,-0.7456943261588609
-0.26870000000000005,-0.7227760031010473
-0.26769999999999994,-0.7157024466017221
-0.26670000000000005,-0.7110338993121675
-0.26569999999999994,-0.6910864699840705
-0.26470000000000005,-0.6834470289647994
-0.26369999999999993,-0.6677437335362972
-0.26270000000000004,-0.6489280732480923
-0.26169999999999993,-0.6346394891194554
-0.26070000000000004,-0.6261512213202652
-0.25969999999999993,-0.6095990991118443
-0.25870000000000004,-0.5936128614233693
-0.25769999999999993,-0.5810219308545705
-0.25670000000000004,-0.5708360094955423
-0.2556999999999999,-0.5559815408469594
-0.25470000000000004,-0.5425417834982416
-0.2536999999999999,-0.5266970169397532
-0.25270000000000004,-0.5165110955807248
-0.2516999999999999,-0.5057592897017505
-0.25070000000000003,-0.4937342436528978
-0.24969999999999992,-0.48213361099400454
-0.24870000000000003,-0.47010856494515163
-0.24769999999999992,-0.45808351889629884
-0.24670000000000003,-0.44747318414731113
-0.24569999999999992,-0.43827756069818835
-0.24470000000000003,-0.4266769280392951
-0.24369999999999992,-0.41451041086045576
-0.24270000000000003,-0.40531478741133303
-0.24169999999999991,-0.39696799074212924
-0.24070000000000003,-0.38777236729300657
-0.2396999999999999,-0.37970851288377583
-0.23870000000000002,-0.36796640909489603
-0.2376999999999999,-0.3584878433858003
-0.23670000000000002,-0.3509898734965156
-0.23570000000000013,-0.34151130778741984
-0.23470000000000002,-0.3306180307784591
-0.23370000000000013,-0.32241270523924187
-0.23270000000000002,-0.31406590857003813
-0.23170000000000013,-0.30755823659065895
-0.23070000000000002,-0.29708937297165766
-0.22970000000000013,-0.28930846082239997
-0.22870000000000001,-0.2805372507632368
-0.22770000000000012,-0.2738881076538711
-0.2267,-0.26780484906445146
-0.22570000000000012,-0.2591751101352747
-0.2247,-0.25012095781613847
-0.22370000000000012,-0.2437547569667458
-0.2227,-0.23738855611735316
-0.22170000000000012,-0.23003205735805496
-0.2207,-0.2229585008587298
-0.21970000000000012,-0.21489464644949907
-0.2187,-0.20852844560010642
-0.21770000000000012,-0.20202077362072723
-0.2167,-0.1965033995512536
-0.2157000000000001,-0.18787366062207686
-0.2147,-0.18405394011244128
-0.2137000000000001,-0.17641449909317006
-0.2127,-0.17174595180361546
-0.2117000000000001,-0.16438945304431726
-0.2107,-0.15929649236480314
-0.2097000000000001,-0.15349617603535648
-0.2087,-0.1509496956955994
-0.2077000000000001,-0.14316878354634172
-0.2067,-0.13784946905884918
-0.2057000000000001,-0.13183694603442275
-0.2047,-0.12733816410085197
-0.2037000000000001,-0.1218207900313783
-0.2027,-0.11678441780385877
-0.2017000000000001,-0.11225734164429065
-0.2007,-0.10582040522990475
-0.1997000000000001,-0.10239680388423136
-0.1987,-0.0984214651316106
-0.1977000000000001,-0.0943470965879993
-0.19669999999999999,-0.08959366662045277
-0.1957000000000001,-0.08284549372009656
-0.19469999999999998,-0.07961995195640426
-0.1937000000000001,-0.0751919055878267
-0.19269999999999998,-0.07101850725322485
-0.1917000000000001,-0.06667534356263917
-0.1907000000000001,-0.06237462121104946
-0.1897000000000002,-0.05716848362754613
-0.1887000000000001,-0.054395649479810654
-0.1877000000000002,-0.05029298671020205
-0.1867000000000001,-0.04787383038743284
-0.1857000000000002,-0.04306381196789172
-0.1847000000000001,-0.039894858656194035
-0.1837000000000002,-0.03791426283638299
-0.18270000000000008,-0.0326090954618891
-0.1817000000000002,-0.028435697127287232
-0.18070000000000008,-0.02553553896256391
-0.1797000000000002,-0.02218267318188378
-0.17870000000000008,-0.02008890045808352
-0.1777000000000002,-0.016410651078434424
-0.17670000000000008,-0.012950267238964546
-0.1757000000000002,-0.00906971414343475
-0.17470000000000008,-0.0059983759114277556
-0.1737000000000002,-0.003040214583409964
-0.17270000000000008,-0.0007509287579683616
-0.17170000000000019,0.002655413109846674
-0.17070000000000007,0.006046476095623166
-0.16970000000000018,0.009116399616330297
-0.16870000000000007,0.011726541964581288
-0.16770000000000018,0.01326291843623472
-0.16670000000000007,0.015929649236480315
-0.16570000000000018,0.018773218949209036
-0.16470000000000007,0.022890028831816296
-0.16370000000000018,0.02468671218264489
-0.16270000000000007,0.027049280053419503
-0.16170000000000018,0.029638201732172516
-0.16070000000000007,0.0326090954618891
-0.15970000000000018,0.03522631136663941
-0.15870000000000006,0.037885968610385685
-0.15770000000000017,0.0403900076111468
-0.15670000000000006,0.04262525146493356
-0.15570000000000017,0.04528490870867982
-0.15470000000000006,0.04713818051150302
-0.15370000000000017,0.04934513013929248
-0.15270000000000006,0.051934051818045494
-0.15170000000000017,0.05316485064892808
-0.15070000000000006,0.05524447625972968
-0.14970000000000017,0.05825781132844222
-0.14870000000000005,0.06019596580925731
-0.14770000000000016,0.0614550588661372
-0.14670000000000005,0.06298294706999143
-0.14570000000000016,0.0656991927657323
-0.14470000000000005,0.06804761352350826
-0.14370000000000016,0.07018382758630445
-0.14270000000000005,0.07257468968307638
-0.14170000000000016,0.07469675663287394
-0.14070000000000005,0.07630952751472009
-0.13970000000000016,0.07823353488253654
-0.13870000000000005,0.07983215865138403
-0.13770000000000016,0.08168543045420722
-0.13670000000000004,0.08450070594093864
-0.13570000000000015,0.08557588652883606
-0.13470000000000004,0.08714621607168627
-0.13370000000000015,0.08813651398159178
-0.13270000000000004,0.09059811164335696
-0.13170000000000015,0.09225332386419903
-0.13070000000000004,0.09537983583690077
-0.12970000000000015,0.09638428085980494
-0.12870000000000004,0.0982516997756268
-0.12770000000000015,0.09986447065747293
-0.12670000000000003,0.10197239049427186
-0.12570000000000014,0.10408031033107075
-0.12470000000000003,0.10613164171587507
-0.12370000000000014,0.1116207215593514
-0.12270000000000003,0.11239881277427716
-0.12170000000000014,0.11123874950838784
-0.12070000000000003,0.11354472892716785
-0.11970000000000014,0.11617609194491682
-0.11870000000000003,0.11759080324478184
-0.11770000000000014,0.11865183671968062
-0.11670000000000003,0.11955725195159424
-0.11570000000000014,0.12375894451219341
-0.11470000000000002,0.1270976631798749
-0.11370000000000013,0.12770598903881686
-0.11270000000000002,0.12814454954177504
-0.11170000000000013,0.12682886803290053
-0.11070000000000024,0.1287245811747197
-0.10970000000000013,0.13387413030622844
-0.10870000000000024,0.1369299067139369
-0.10770000000000013,0.1385568247087817
-0.10670000000000024,0.1394622399406953
-0.10570000000000013,0.13939150437570205
-0.10470000000000024,0.13977347642666563
-0.10370000000000013,0.14024033115562107
-0.10270000000000024,0.14401761032626076
-0.10170000000000012,0.1467055617960043
-0.10070000000000023,0.14557379275611226
-0.09970000000000012,0.14698850405597733
-0.09870000000000023,0.14557379275611226
-0.09770000000000012,0.14613967727605828
-0.09670000000000023,0.14755438857592332
-0.09570000000000012,0.14911057100577488
-0.09470000000000023,0.15278882038542396
-0.09370000000000012,0.15604265637511353
-0.09270000000000023,0.15788178106493808
-0.09170000000000011,0.15972090575476264
-0.09070000000000022,0.15943796349478964
-0.08970000000000011,0.17174595180361546
-0.08870000000000022,0.16750181790402036
-0.08770000000000011,0.16764328903400685
-0.08670000000000022,0.1667944622540878
-0.08570000000000011,0.1693409425938449
-0.08470000000000022,0.17103859615368294
-0.08370000000000011,0.17118006728366944
-0.08270000000000022,0.17259477858353447
-0.0817000000000001,0.1769803836131161
-0.08070000000000022,0.17924392169290015
-0.0797000000000001,0.18193187316264373
-0.07870000000000021,0.18122451751271118
-0.0777000000000001,0.18419541124242778
-0.07670000000000021,0.1856101225422928
-0.0757000000000001,0.18957131418191492
-0.07470000000000021,0.19084455435179343
-0.0737000000000001,0.18985425644188791
-0.07270000000000021,0.19268367904161798
-0.0717000000000001,0.19508868825138856
-0.07070000000000021,0.19947429328097016
-0.0697000000000001,0.21079198367989047
-0.0687000000000002,0.20343548492059227
-0.0677000000000001,0.20555755187038985
-0.0667000000000002,0.20711373430024138
-0.06570000000000009,0.2081040322101469
-0.0647000000000002,0.21036757028993097
-0.06370000000000009,0.2119237527197825
-0.0627000000000002,0.21758259791924262
-0.06170000000000009,0.22253408746877026
-0.0607000000000002,0.22366585650866228
-0.059700000000000086,0.2250805678085273
-0.058700000000000196,0.22338291424868928
-0.057700000000000085,0.22536351006850036
-0.056700000000000195,0.23229559543783898
-0.05570000000000008,0.23088088413797397
-0.05470000000000019,0.23385177786769054
-0.05370000000000008,0.23498354690758255
-0.05270000000000019,0.2359738448174881
-0.05170000000000008,0.24035944984706975
-0.05070000000000019,0.24347181470677282
-0.04970000000000008,0.24573535278655687
-0.04870000000000019,0.24870624651627343
-0.047700000000000076,0.251111255726044
-0.046700000000000186,0.2540821494557606
-0.045700000000000074,0.25761892770542316
-0.044700000000000184,0.25988246578520724
-0.04370000000000007,0.2648339553347349
-0.04270000000000018,0.2662486666345999
-0.04170000000000007,0.2689366181043435
-0.04070000000000018,0.2697854448842625
-0.03970000000000007,0.2723319252240196
-0.03870000000000018,0.2733222231339251
-0.03770000000000007,0.30699235207071296
-0.03670000000000018,0.2929867102020491
-0.035700000000000065,0.2938355369819681
-0.034700000000000175,0.2949673060218601
-0.03370000000000006,0.29256229681208956
-0.03270000000000017,0.3006261512213203
-0.03170000000000006,0.2976552574916037
-0.03070000000000017,0.29850408427152275
-0.02970000000000006,0.30105056461127977
-0.02870000000000017,0.3018993913911988
-0.027700000000000058,0.310670601450362
-0.026700000000000168,0.31180237049025405
-0.025700000000000056,0.31378296631006514
-0.024700000000000166,0.3156220909998897
-0.023700000000000054,0.3133585529201056
-0.022700000000000164,0.31533914873991664
-0.021700000000000053,0.3191588692495523
-0.020700000000000163,0.3236859454091204
-0.01970000000000005,0.326373896878864
-0.01870000000000016,0.3306180307784591
-0.01770000000000005,0.3342962801581082
-0.01670000000000016,0.33995512535756833
-0.015700000000000047,0.34108689439746037
-0.014700000000000157,0.3461798550769745
-0.013700000000000045,0.3492922199366776
-0.012700000000000156,0.346887210726907
-0.011700000000000044,0.35579989191605677
-0.010700000000000154,0.37136171621457215
-0.009700000000000042,0.3744740810742752
-0.008700000000000152,0.37942557062380283
-0.00770000000000004,0.37461555220426174
-0.00670000000000015,0.37687909028404576
-0.005700000000000038,0.3767376191540593
-0.0047000000000001485,0.37588879237414025
-0.0037000000000000366,0.37914262836382984
-0.0027000000000001467,0.38084028192366787
-0.0017000000000000348,0.3828208777434789
-0.000700000000000145,0.37687909028404576
0.00029999999999996696,0.3770205614140323
0.0012999999999998568,0.383952646783371
0.0022999999999999687,0.3874894250330335
0.0032999999999998586,0.387065011643074
0.0042999999999999705,0.3910262032826961
0.00529999999999986,0.3914506166726556
0.006299999999999972,0.3948459237923317
0.007299999999999862,0.40290977820156243
0.008299999999999974,0.4017780091616704
0.009299999999999864,0.39937299995189984
0.010299999999999976,0.40602214306126555
0.011299999999999866,0.406163614191252
0.012299999999999978,0.4078612677510901
0.013299999999999867,0.32283711862920134
0.012299999999999978,0.2806787218932233
0.011299999999999866,0.2591751101352747
0.010299999999999976,0.24078386323702924
0.009299999999999864,0.2242317410286083
0.008299999999999974,0.20951874351001196
0.007299999999999862,0.19848399537106462
0.006299999999999972,0.18744924723211737
0.00529999999999986,0.17768773926304862
0.0042999999999999705,0.16495533756426325
0.0032999999999998586,0.15165705134553195
0.0022999999999999687,0.1427443701563822
0.0012999999999998568,0.13509078202411234
0.00029999999999996696,0.12507462602106792
-0.000700000000000145,0.11810009931273327
-0.0017000000000000348,0.11091336590941887
-0.0027000000000001467,0.10720682230377249
-0.0037000000000000366,0.09952493994550533
-0.0047000000000001485,0.0904990818523664
-0.005700000000000038,0.08595785857979962
-0.00670000000000015,0.07901162609746229
-0.00770000000000004,0.07260298390907369
-0.008700000000000152,0.06896717586842054
-0.009700000000000042,0.06422789301387266
-0.010700000000000154,0.05742313166152184
-0.011700000000000044,0.05235846520800501
-0.012700000000000156,0.047251357415492225
-0.013700000000000045,0.044025815651799936
-0.014700000000000157,0.03891870785928716
-0.015700000000000047,0.03532534115762996
-0.01670000000000016,0.031166089936026757
-0.01770000000000005,0.02730392808739521
-0.01870000000000016,0.02354079602975421
-0.01970000000000005,0.018985425644188793
-0.020700000000000163,0.016000384801473564
-0.021700000000000053,0.01268996035978938
-0.022700000000000164,0.009144693842327595
-0.023700000000000054,0.006088917434619118
-0.024700000000000166,0.0028633756709268345
-0.025700000000000056,-8.09497805782774e-05
-0.026700000000000168,-0.003304765596484726
-0.027700000000000058,-0.005650356931660956
-0.02870000000000017,-0.008776868904362687
-0.02970000000000006,-0.011092751302241754
-0.03070000000000017,-0.013899538521173984
-0.03170000000000006,-0.01625503283544927
-0.03270000000000017,-0.01856101225422928
-0.03370000000000006,-0.0212065223849769
-0.034700000000000175,-0.023215412430785252
-0.035700000000000065,-0.025747745657543668
-0.03670000000000018,-0.02847813846628319
-0.03770000000000007,-0.029850408427152274
-0.03870000000000018,-0.032071505167940384
-0.03970000000000007,-0.03403795387475279
-0.04070000000000018,-0.03606099103355979
-0.04170000000000007,-0.03880553095529796
-0.04270000000000018,-0.0406163614191252
-0.04370000000000007,-0.04187545447600509
-0.044700000000000184,-0.044676582849737856
-0.045700000000000074,-0.04580835188962989
-0.046700000000000186,-0.0483972735683829
-0.047700000000000076,-0.05029298671020205
-0.04870000000000019,-0.05191990470504685
-0.04970000000000008,-0.05317899776192673
-0.05070000000000019,-0.055074710903745876
-0.05170000000000008,-0.05692798270656907
-0.05270000000000019,-0.058724666057397665
-0.05370000000000008,-0.0601393773572627
-0.05470000000000019,-0.062332179872053514
-0.05570000000000008,-0.06309612397398062
-0.056700000000000195,-0.06502013134179709
-0.057700000000000085,-0.0668168146926257
-0.058700000000000196,-0.0676656414725447
-0.059700000000000086,-0.0690662056594111
-0.0607000000000002,-0.07140047930418841
-0.06170000000000009,-0.07380548851395898
-0.0627000000000002,-0.07415916633892522
-0.06370000000000009,-0.07567290742978082
-0.0647000000000002,-0.07671979379168092
-0.06570000000000009,-0.07871453672449064
-0.0667000000000002,-0.079549216391411
-0.0677000000000001,-0.08121857572525175
-0.0687000000000002,-0.0828030523811006
-0.0697000000000001,-0.08362358493502231
-0.07070000000000021,-0.08549100385084417
-0.0717000000000001,-0.0867359497947254
-0.07270000000000021,-0.0885043389195567
-0.0737000000000001,-0.08970684352444197
-0.07470000000000021,-0.09079617122533806
-0.0757000000000001,-0.09247967767217745
-0.07670000000000021,-0.09487053976894937
-0.0777000000000001,-0.09506859935093047
-0.07870000000000021,-0.09695016537975096
-0.0797000000000001,-0.098364876679616
-0.08070000000000022,-0.10052938496840952
-0.0817000000000001,-0.10259486346621245
-0.08270000000000022,-0.10347198447212877
-0.08370000000000011,-0.10410860455706805
-0.08470000000000022,-0.10635799552385346
-0.08570000000000011,-0.10682485025280893
-0.08670000000000022,-0.10890447586361052
-0.08770000000000011,-0.11047480540646071
-0.08870000000000022,-0.11053139385845531
-0.08970000000000011,-0.11208757628830686
-0.09070000000000022,-0.11336081645818537
-0.09170000000000011,-0.11459161528906797
-0.09270000000000023,-0.11716638985482233
-0.09370000000000012,-0.11805765797373731
-0.09470000000000023,-0.11959969329059021
-0.09570000000000012,-0.12057584408749707
-0.09670000000000023,-0.12143881798041474
-0.09770000000000012,-0.12388626852918126
-0.09870000000000023,-0.12484827221308947
-0.09970000000000012,-0.12637616041694374
-0.10070000000000023,-0.12855481581873587
-0.10170000000000012,-0.1289792292086954
-0.10270000000000024,-0.13079005967252266
-0.10370000000000013,-0.13244527189336472
-0.10470000000000024,-0.13370436495024463
-0.10570000000000013,-0.13598205014302733
-0.10670000000000024,-0.1373260258778991
-0.10770000000000013,-0.13833047090080328
-0.10870000000000024,-0.1400847129126359
-0.10970000000000013,-0.14175407224647668
-0.11070000000000024,-0.1428858412863687
-0.11170000000000013,-0.14486643710617977
-0.11270000000000002,-0.14613967727605828
-0.11370000000000013,-0.14826174422585583
-0.11470000000000002,-0.14925204213576138
-0.11570000000000014,-0.1501008689156804
-0.11670000000000003,-0.15236440699546444
-0.11770000000000014,-0.154203531685289
-0.11870000000000003,-0.15660854089505957
-0.11970000000000014,-0.15788178106493808
-0.12070000000000003,-0.15915502123481662
-0.12170000000000014,-0.1618429727045602
-0.12270000000000003,-0.1628332706144657
-0.12370000000000014,-0.16495533756426325
-0.12470000000000003,-0.1667944622540878
-0.12570000000000014,-0.1666529911241013
-0.12670000000000003,-0.17033124050375043
-0.12770000000000015,-0.17103859615368294
-0.12870000000000004,-0.17217036519357498
-0.12970000000000015,-0.17400948988339954
-0.13070000000000004,-0.17570714344323757
-0.13170000000000015,-0.17627302796318356
-0.13270000000000004,-0.17811215265300812
-0.13370000000000015,-0.17881950830294063
-0.13470000000000004,-0.18108304638272468
-0.13570000000000015,-0.18150745977268423
-0.13670000000000004,-0.1844783535024008
-0.13770000000000016,-0.1858930648022658
-0.13870000000000005,-0.18787366062207686
-0.13970000000000016,-0.18957131418191492
-0.14070000000000005,-0.19155191000172597
-0.14170000000000016,-0.19395691921149652
-0.14270000000000005,-0.19494721712140206
-0.14370000000000016,-0.19692781294121312
-0.14470000000000005,-0.19848399537106462
-0.14570000000000016,-0.2008890045808352
-0.14670000000000005,-0.20173783136075424
-0.14770000000000016,-0.20343548492059227
-0.14870000000000005,-0.20541608074040332
-0.14970000000000017,-0.2075381476902009
-0.15070000000000006,-0.2082455033401334
-0.15170000000000017,-0.20923580125003893
-0.15270000000000006,-0.21036757028993097
-0.15370000000000017,-0.21347993514963404
-0.15470000000000006,-0.21461170418952608
-0.15570000000000017,-0.2161678866193776
-0.15670000000000006,-0.2181484824391887
-0.15770000000000017,-0.21843142469916169
-0.15870000000000006,-0.22154378955886472
-0.15970000000000018,-0.2242317410286083
-0.16070000000000007,-0.22536351006850036
-0.16170000000000018,-0.22720263475832486
-0.16270000000000007,-0.2284758749282034
-0.16370000000000018,-0.23059794187800098
-0.16470000000000007,-0.2321541243078525
-0.16570000000000018,-0.23385177786769054
-0.16670000000000007,-0.23611531594747462
-0.16770000000000018,-0.23710561385738013
-0.16870000000000007,-0.2382373828972722
-0.16970000000000018,-0.2399350364571102
-0.17070000000000007,-0.24219857453689428
-0.17170000000000019,-0.2446035837466648
-0.17270000000000008,-0.24644270843648935
-0.1737000000000002,-0.2482818331263139
-0.17470000000000008,-0.24941360216620592
-0.1757000000000002,-0.25096978459605745
-0.17670000000000008,-0.2535162649358146
-0.1777000000000002,-0.25662862979551765
-0.17870000000000008,-0.2611557059550858
-0.1797000000000002,-0.26016540804518024
-0.18070000000000008,-0.2631363017748969
-0.1817000000000002,-0.2649754264647214
-0.18270000000000008,-0.26808779132442445
-0.1837000000000002,-0.269926916014249
-0.1847000000000001,-0.27176604070407356
-0.1857000000000002,-0.27501987669376315
-0.1867000000000001,-0.27601017460366867
-0.1877000000000002,-0.2771419436435607
-0.1887000000000001,-0.2803957796332503
-0.1897000000000002,-0.2826593177130343
-0.1907000000000001,-0.28478138466283187
-0.1917000000000001,-0.28704492274261595
-0.19269999999999998,-0.289874345342346
-0.1937000000000001,-0.2921378834221301
-0.19469999999999998,-0.2946843637618871
-0.1957000000000001,-0.2972308441016442
-0.19669999999999999,-0.3004846800913338
-0.1977000000000001,-0.30303116043109085
-0.1987,-0.30784117885063195
-0.1997000000000001,-0.310387659190389
-0.2007,-0.31208531275022705
-0.2017000000000001,-0.31632944664982215
-0.2027,-0.3181685713396467
-0.2037000000000001,-0.32099799393937684
-0.2047,-0.3248177144490124
-0.2057000000000001,-0.3259494834889044
-0.2067,-0.3300521462585131
-0.2077000000000001,-0.33373039563816215
-0.2087,-0.33670128936787874
-0.2097000000000001,-0.34023806761754133
-0.2107,-0.34434073038714996
-0.2117000000000001,-0.347453095246853
-0.2127,-0.3508484023665291
-0.2137000000000001,-0.35594136304604324
-0.2147,-0.3594781412957058
-0.2157000000000001,-0.36315639067535493
-0.2167,-0.36796640909489603
-0.21770000000000012,-0.37192760073451814
-0.2187,-0.3760302635041267
-0.21970000000000012,-0.3806988107936814
-0.2207,-0.385933242603182
-0.22170000000000012,-0.39088473215270964
-0.2227,-0.3949873949223182
-0.22370000000000012,-0.4007877112517649
-0.2247,-0.405880671931279
-0.22570000000000012,-0.41012480583087413
-0.2267,-0.41465188199044223
-0.22770000000000012,-0.4197448426699564
-0.22870000000000001,-0.4254036878694165
-0.22970000000000013,-0.4310625330688767
-0.23070000000000002,-0.43827756069818835
-0.23170000000000013,-0.44393640589764854
-0.23270000000000002,-0.4500196644870682
-0.23370000000000013,-0.4563858653364608
-0.23470000000000002,-0.46331795070579956
-0.23570000000000013,-0.46968415155519216
-0.23670000000000002,-0.47520152562466583
-0.2376999999999999,-0.480577428564153
-0.23870000000000002,-0.48807539845343767
-0.2396999999999999,-0.49401718591287075
-0.24070000000000003,-0.501656626932142
-0.24169999999999991,-0.5102863658613187
-0.24270000000000003,-0.5167940378406979
-0.24369999999999992,-0.5225943541701447
-0.24470000000000003,-0.5283946704995912
-0.24569999999999992,-0.5365999960388084
-0.24670000000000003,-0.5452297349679852
-0.24769999999999992,-0.5510300512974318
-0.24870000000000003,-0.5593768479666354
-0.24969999999999992,-0.5699871827156233
-0.25070000000000003,-0.576353383565016
-0.2516999999999999,-0.5834269400643411
-0.25270000000000004,-0.5926225635134639
-0.2536999999999999,-0.6025255426125191
-0.25470000000000004,-0.6122870505815878
-0.2556999999999999,-0.6221900296806432
-0.25670000000000004,-0.6294050573099549
-0.25769999999999993,-0.640439805448902
-0.25870000000000004,-0.6492110155080654
-0.25969999999999993,-0.6603872347769991
-0.26070000000000004,-0.6697243293561084
-0.26169999999999993,-0.6803346641050962
-0.26270000000000004,-0.6893888164242324
-0.26369999999999993,-0.7005650356931662
-0.26470000000000005,-0.713438908521938
-0.26569999999999994,-0.7261713102207233
-0.26670000000000005,-0.7360742893197786
-0.26769999999999994,-0.7478163931086583
-0.26870000000000005,-0.7598414391575111
-0.26969999999999994,-0.7717250140763775
-0.27070000000000005,-0.7826182910853382
-0.27169999999999994,-0.7966239329540021
-0.27270000000000005,-0.8096392769127605
-0.27369999999999994,-0.8246352166913299
-0.27470000000000006,-0.8360943782202367
-0.27569999999999995,-0.8495341355689546
-0.27670000000000006,-0.8639641908275778
-0.27769999999999995,-0.8791016017361337
-0.27870000000000006,-0.8919754745649057
-0.27969999999999995,-0.9065470009535155
-0.28070000000000006,-0.9214014696020982
-0.28169999999999995,-0.9375291784205598
-0.28270000000000006,-0.9525251181991291
-0.28369999999999995,-0.9692187115375367
-0.28470000000000006,-0.983082882276214
-0.28569999999999995,-0.9941176304151613
-0.28670000000000007,-1.0116600505334876
-0.28769999999999996,-1.0294854129117872
-0.28870000000000007,-1.0473107752900865
-0.28969999999999996,-1.0658434933183185
-0.29070000000000007,-1.0816882598768072
-0.29169999999999996,-1.097108613045336
-0.29270000000000007,-1.115358388813595
-0.29369999999999996,-1.1323349244119754
-0.2947000000000001,-1.1497358734003151
-0.29569999999999996,-1.1715224274182368
-0.2967000000000001,-1.1942992793460638
-0.29769999999999996,-1.2146711220641204
-0.2987000000000001,-1.2532927405504362
-0.29969999999999997,-1.2685716225889785
-0.3007000000000001,-1.2735231121385058
-0.30169999999999997,-1.29318759920663
-0.3027000000000001,-1.3153985666145112
-0.30369999999999997,-1.3349215825526486
-0.3047000000000001,-1.3535957717108673
-0.30569999999999997,-1.3766555658986672
-0.3067000000000001,-1.3978762353966427
-0.3077,-1.4189554337646317
-0.3087000000000001,-1.4401761032626073
-0.3097,-1.4585673501608527
-0.3107000000000001,-1.4868615761581534
-0.3117,-1.512326379555724
-0.3127000000000001,-1.5307176264539697
-0.3137,-1.5533530072518102
-0.3147000000000001,-1.5759883880496508
-0.3157,-1.6000384801473564
-0.3167000000000001,-1.6297474174445223
-0.3177,-1.6424798191433077
-0.3187000000000001,-1.6651151999411482
-0.3197,-1.6919947146385839
-0.3207000000000001,-1.7174595180361545
-0.3217,-1.7415096101338603
-0.3227000000000001,-1.7655597022315657
-0.3237,-1.7938539282288664
-0.3247000000000001,-1.822148154226167
-0.3257,-1.8447835350240078
-0.3267000000000001,-1.8730777610213083
-0.3277,-1.9013719870186092
-0.3287000000000001,-1.9324956356156402
-0.3297,-1.9622045729128061
-0.3307000000000001,-1.9862546650105113
-0.3317,-2.017378313607542
-0.3327000000000001,-2.044257828304978
-0.3337,-2.0697226317025486
-0.3347000000000001,-2.102260991599445
-0.3357,-2.133384640196476
-0.3367000000000001,-2.1602641548939108
-0.3377,-2.197046648690402
-0.3387000000000001,-2.226755585987568
-0.3397,-2.263538079784059
-0.3407000000000001,-2.2946617283810897
-0.3417,-2.32861479957785
-0.3427000000000001,-2.358323736875016
-0.3437,-2.3908620967719116
-0.3447000000000001,-2.426229879268538
-0.3457,-2.460182950465299
-0.3467000000000001,-2.4884771764625997
-0.3477,-2.5196008250596305
-0.3487000000000001,-2.557798030155986
-0.3497,-2.6016540804518025
-0.3507000000000001,-2.6384365742482934
-0.3517,-2.6723896454450546
-0.3527000000000001,-2.709172139241545
-0.3537,-2.7473693443379013
-0.3547000000000001,-2.7841518381343926
-0.3557,-2.819519620631018
-0.35670000000000013,-2.8534726918277786
-0.3577,-2.897328742123595
-0.35870000000000013,-2.938355369819681
-0.3597,-2.970893729716577
-0.36070000000000013,-3.010505646112798
-0.3617,-3.054361696408614
-0.3626999999999999,-3.08690005630551
-0.3637,-3.135000240500921
-0.3646999999999999,-3.171782734297412
-0.3657,-3.208565228093903
-0.3666999999999999,-3.2524212783897193
-0.3677,-3.3019361738849957
-0.3686999999999999,-3.3443775128809468
-0.36970000000000003,-3.3854041405770325
-0.3706999999999999,-3.4250160569732535
-0.37170000000000003,-3.4717015298688
-0.3726999999999999,-3.519801714064211
-0.37370000000000003,-3.555169496560837
-0.3746999999999999,-3.6004402581565187
-0.37570000000000003,-3.6499551536517942
-0.3766999999999999,-3.6895670700480157
-0.37770000000000004,-3.7376672542434273
-0.3786999999999999,-3.7900115723384333
-0.37970000000000004,-3.835282333934114
-0.3806999999999999,-3.889041363328986
-0.38170000000000004,-3.9371415475243974
-0.38269999999999993,-3.9979741334185936
-0.38370000000000004,-4.040415472414544
-0.38469999999999993,-4.088515656609956
-0.38570000000000004,-4.133786418205637
-0.38669999999999993,-4.180471891101184
-0.38770000000000004,-4.239889765695515
-0.38869999999999993,-4.295063506390251
-0.38970000000000005,-4.357310803584314
-0.39069999999999994,-4.406825699079589
-0.39170000000000005,-4.456340594574866
-0.39269999999999994,-4.562443942064744
-0.39370000000000005,-4.5893234567621795
-0.39469999999999994,-4.636008929657725
-0.39570000000000005,-4.702500360751382
-0.39669999999999994,-4.756259390146253
-0.39770000000000005,-4.80860370824126
-0.39869999999999994,-4.862362737636131
-0.39970000000000006,-4.901974654032353
-0.40069999999999995,-4.962807239926549
-0.40170000000000006,-5.023639825820745
-0.40269999999999995,-5.075984143915751
-0.40370000000000006,-5.149549131508733
-0.40469999999999995,-5.210381717402931
-0.40570000000000006,-5.268384880697396
-0.40669999999999995,-5.329217466591594
-0.40770000000000006,-5.3900500524857895
-0.40869999999999995,-5.463615040078771
-0.40970000000000006,-5.5145446468739125
-0.41069999999999995,-5.5838655005673
-0.41170000000000007,-5.648942220361092
-0.41269999999999996,-5.708360094955423
-0.41370000000000007,-5.764948546950024
-0.41469999999999996,-5.845587091042332
-0.41570000000000007,-5.903590254336798
-0.41669999999999996,-5.9884729323287
-0.41770000000000007,-6.063452631221548
-0.41869999999999996,-6.108723392817228
-0.4197000000000001,-6.182288380410211
-0.42069999999999996,-6.254438656703328
-0.4217000000000001,-6.322344799096849
-0.42269999999999996,-6.404398054489021
-0.4237000000000001,-6.463815929083352
-0.42469999999999997,-6.520404381077953
-0.4257000000000001,-6.591139946071206
-0.42669999999999997,-6.681681469262568
-0.4277000000000001,-6.74392876645663
-0.42869999999999997,-6.827396733148667
-0.4297000000000001,-6.9052058546412445
-0.43069999999999997,-6.992917955232877
-0.4317000000000001,-7.0565799637268025
-0.4327,-7.137218507819109
-0.4337000000000001,-7.2022952276129
-0.4347,-7.295666173403994
-0.4357000000000001,-7.381963562695762
-0.4367,-7.468260951987529
-0.4377000000000001,-7.540411228280647
-0.4387,-7.635196885371603
-0.4397000000000001,-7.715835429463911
-0.4407,-7.803547530055542
-0.4417000000000001,-7.903992032345959
-0.4427,-7.987459999037997
-0.4437000000000001,-8.079416233529225
-0.4447,-8.161469488921396
-0.4457000000000001,-8.267572836411274
-0.4467,-8.351040803103311
-0.4477000000000001,-8.416117522897103
-0.4487,-8.529294426886306
-0.4497000000000001,-8.632568351776454
-0.4507,-8.72169516366795
-0.4517000000000001,-8.809407264259583
-0.4527,-8.907022343950272
-0.4537000000000001,-9.013125691440148
-0.4547,-9.124887884129487
-0.4557000000000001,-9.216844118620713
-0.4567,-9.303141507912482
-0.4577000000000001,-9.410659566702224
-0.4587,-9.519592336791833
-0.4597000000000001,-9.635598663380765
-0.4607,-9.720481341372667
-0.4617000000000001,-9.829414111462276
-0.4627,-9.934102747652288
-0.4637000000000001,-10.052938496840952
-0.4647,-10.173188957329478
-0.4657000000000001,-10.23826567712327
-0.4667,-10.3585161376118
-0.4677000000000001,-10.433495836504646
-0.4687,-10.562234564792364
-0.4697000000000001,-10.662679067082781
-0.4707,-10.790003084070635
-0.4717000000000001,-10.897521142860379
-0.4727,-11.012112758149446
-0.4737000000000001,-11.118216105639322
-0.4747,-11.229978298328662
-0.4757000000000001,-11.362961160515976
-0.4767,-11.467649796705988
-0.4777000000000001,-11.585070834594784
-0.4787,-11.719468408081962
-0.4797000000000001,-11.836889445970762
-0.4807,-11.96845759685821
-0.48170000000000013,-12.090122768646603
-0.4827,-12.214617363034726
-0.48370000000000013,-12.326379555724063
-0.4847,-12.496144911707868
-0.48570000000000013,-12.612151238296804
-0.4867,-12.74371938918425
-0.4876999999999999,-12.89792292086954
-0.4887,-13.036564628256313
-0.4896999999999999,-13.183694603442278
-0.4907,-13.296871507431481
-0.4916999999999999,-13.405804277521089
-0.4927,-13.54444598490786
-0.4936999999999999,-13.656208177597199
-0.49470000000000003,-13.820314688381544
-0.4956999999999999,-13.919344479372096
-0.49670000000000003,-14.053742052859274
-0.4976999999999999,-14.107501082254146
-0.49870000000000003,-14.274437015638219
-0.4996999999999999,-14.430055258623375
-0.5007,-14.585673501608527
-0.5016999999999999,-14.727144631595033
-0.5027,-14.882762874580186
-0.5036999999999999,-14.98179266557074
-0.5047,-15.137410908555893
-0.5056999999999999,-15.278882038542395
-0.5067,-15.448647394526201
-0.5076999999999999,-15.618412750510005
-0.5087,-15.660854089505953
-0.5096999999999999,-15.77403099349516
-0.5107,-15.943796349478962
-0.5116999999999999,-16.127708818461418
-0.5127,-16.269179948447924
-0.5136999999999999,-16.481386643427676
-0.5147,-16.622857773414182
-0.5156999999999999,-16.820917355395284
-0.5167,-16.93409425938449
-0.5176999999999999,-17.146300954364243
-0.5187,-17.316066310348052
-0.5196999999999999,-17.499978779330505
-0.5207,-17.641449909317007
-0.5216999999999999,-17.839509491298113
-0.5227,-17.966833508285966
-0.5236999999999999,-18.19318731626437
-0.5247,-18.419541124242777
-0.5257,-18.589306480226583
-0.5267000000000001,-18.744924723211735
-0.5277,-18.92883719219419
-0.5287000000000001,-19.169338113171246
-0.5297,-19.409839034148305
-0.5307000000000001,-19.565457277133458
-0.5317,-19.820105311109163
-0.5327000000000001,-20.00401778009162
-0.5337,-20.230371588070028
-0.5347000000000001,-20.44257828304978
-0.5357,-20.541608074040333
-0.5367000000000001,-20.72552054302279
-0.5377,-20.90943301200524
-0.5387000000000001,-21.065051254990397
-0.5397,-21.30555217596745
-0.5407000000000001,-21.489464644949905
-0.5417,-21.68752422693101
-0.5427000000000001,-21.885583808912116
-0.5437,-22.069496277894572
-0.5447000000000001,-22.352438537867577
-0.5457,-22.607086571843286
-0.5467000000000001,-22.76270481482844
-0.5477,-23.031499961802798
-0.5487000000000001,-23.215412430785253
-0.5497,-23.427619125765005
-0.5507000000000001,-23.639825820744765
-0.5517,-23.92276808071777
-0.5527000000000001,-24.16326900169483
-0.5537,-24.36132858367593
-0.5547000000000001,-24.630123730650286
-0.5557,-24.9130659906233
-0.5567000000000001,-25.224302476593607
-0.5577,-25.37992071957876
-0.5587000000000001,-25.648715866553115
-0.5597,-25.875069674531517
-0.5607000000000001,-25.974099465522073
-0.5617,-26.20045327350048
-0.5627000000000001,-26.469248420474838
-0.5637,-26.69560222845324
-0.5647000000000001,-27.1058685054141
-0.5657,-27.36051653938981
-0.5667000000000001,-27.601017460366865
-0.5677,-27.883959720339874
-0.5687000000000001,-28.02543085032638
-0.5697,-28.237637545306132
-0.5707000000000001,-28.53472691827779
-0.5717,-28.761080726256196
-0.5727000000000001,-29.086464325225155
-0.5737,-29.34111235920086
-0.5747000000000001,-29.63820173217252
-0.5757,-29.892849766148224
-0.5767000000000001,-30.274821817111786
-0.5777,-30.600205416080744
-0.5787000000000001,-30.854853450056453
-0.5797,-31.067060145036205
-0.5807000000000001,-31.46317930899841
-0.5817,-31.689533116976815
-0.5827000000000001,-31.930034037953877
-0.5837,-32.24127052392419
-0.5847000000000001,-32.56665412289314
-0.5857,-32.8354492698675
-0.5867000000000001,-32.892037721862096
-0.5857,-32.6373896878864
-0.5847000000000001,-32.340300314914735
-0.5837,-31.986622489948477
-0.5827000000000001,-31.675386003978172
-0.5817,-31.420737970002463
-0.5807000000000001,-30.99632458004295
-0.5797,-30.670940981073993
-0.5787000000000001,-30.55776407708479
-0.5777,-30.317263156107735
-0.5767000000000001,-29.878702653149578
-0.5757,-29.482583489187363
-0.5747000000000001,-29.14305277721976
-0.5737,-28.789374952253496
-0.5727000000000001,-28.379108675292635
-0.5717,-28.039577963325023
-0.5707000000000001,-27.64345879936282
-0.5697,-27.601017460366865
-0.5687000000000001,-27.31807520039386
-0.5677,-27.091721392415455
-0.5667000000000001,-26.822926245441096
-0.5657,-26.539983985468087
-0.5647000000000001,-26.28533595149238
-0.5637,-26.044835030515326
-0.5627000000000001,-25.790186996539617
-0.5617,-25.549686075562565
-0.5607000000000001,-25.337479380582806
-0.5597,-25.09697845960575
-0.5587000000000001,-24.828183312631392
-0.5577,-24.559388165657033
-0.5567000000000001,-24.290593018682678
-0.5557,-24.092533436701576
-0.5547000000000001,-23.809591176728567
-0.5537,-23.55494314275286
-0.5527000000000001,-23.371030673770406
-0.5517,-23.1729710917893
-0.5507000000000001,-22.904175944814945
-0.5497,-22.66367502383789
-0.5487000000000001,-22.493909667854084
-0.5477,-22.253408746877028
-0.5467000000000001,-22.04120205189727
-0.5457,-21.758259791924264
-0.5447000000000001,-21.531905983945855
-0.5437,-21.319699288966106
-0.5427000000000001,-21.065051254990397
-0.5417,-20.838697447011988
-0.5407000000000001,-20.598196526034933
-0.5397,-20.414284057052477
-0.5387000000000001,-20.25866581406732
-0.5377,-20.046459119087572
-0.5367000000000001,-19.820105311109163
-0.5357,-19.65033995512536
-0.5347000000000001,-19.49472171214021
-0.5337,-19.3249563561564
-0.5327000000000001,-18.744924723211735
-0.5317,-18.49027668923603
-0.5307000000000001,-18.348805559249524
-0.5297,-18.10830463827247
-0.5287000000000001,-17.910245056291366
-0.5277,-17.698038361311607
-0.5267000000000001,-17.584861457322408
-0.5257,-17.40094898833995
-0.5247,-17.188742293360193
-0.5236999999999999,-16.99068271137909
-0.5227,-16.820917355395284
-0.5216999999999999,-16.622857773414182
-0.5207,-16.396503965435777
-0.5196999999999999,-16.19844438345467
-0.5187,-16.085267479465468
-0.5176999999999999,-15.972090575476265
-0.5167,-15.74573676749786
-0.5156999999999999,-15.533530072518102
-0.5147,-15.349617603535648
-0.5136999999999999,-15.222293586547794
-0.5127,-15.03838111756534
-0.5116999999999999,-14.854468648582884
-0.5107,-14.67055617960043
-0.5096999999999999,-14.514937936615278
-0.5087,-14.387613919627421
-0.5076999999999999,-14.217848563643619
-0.5067,-14.03535080596103
-0.5056999999999999,-13.830217667480598
-0.5047,-13.694405382693555
-0.5036999999999999,-13.574154922205025
-0.5027,-13.405804277521089
-0.5016999999999999,-13.216232963339174
-0.5007,-13.053541163854694
-0.4996999999999999,-12.893678786969945
-0.49870000000000003,-12.747963523083845
-0.4976999999999999,-12.62063950609599
-0.49670000000000003,-12.483412510009083
-0.4956999999999999,-12.302329463626359
-0.49470000000000003,-12.18490842573756
-0.4936999999999999,-12.017972492353486
-0.4927,-11.88640434146604
-0.4916999999999999,-11.804351086073867
-0.4907,-11.624682750991006
-0.4896999999999999,-11.477552775805044
-0.4887,-11.348814047517324
-0.4876999999999999,-11.231393009628526
-0.4867,-11.102654281340808
-0.48570000000000013,-10.958353728754572
-0.4847,-10.835273845666316
-0.48370000000000013,-10.740488188575359
-0.4827,-10.60892003768791
-0.48170000000000013,-10.46886361900127
-0.4807,-10.367004405410988
-0.4797000000000001,-10.250998078822057
-0.4787,-10.113771082735147
-0.4777000000000001,-9.989276488347024
-0.4767,-9.81385228716376
-0.4757000000000001,-9.714822496173207
-0.4747,-9.615792705182653
-0.4737000000000001,-9.508274646392913
-0.4727,-9.399341876303303
-0.4717000000000001,-9.310215064411805
-0.4707,-9.236650076818824
-0.4697000000000001,-9.122058461529756
-0.4687,-9.003222712341092
-0.4677000000000001,-8.909851766550002
-0.4667,-8.80799255295972
-0.4657000000000001,-8.67359497947254
-0.4647,-8.588712301480637
-0.4637000000000001,-8.481194242690894
-0.4627,-8.366602627401825
-0.4617000000000001,-8.30859946410736
-0.4607,-8.186934292318968
-0.4597000000000001,-8.055366141431518
-0.4587,-7.9888747103378615
-0.4577000000000001,-7.92379799054407
-0.4567,-7.860135982050143
-0.4557000000000001,-7.766765036259051
-0.4547,-7.650758709670118
-0.4537000000000001,-7.544655362180241
-0.4527,-7.451284416389148
-0.4517000000000001,-7.332448667200485
-0.4507,-7.220686474511147
-0.4497000000000001,-7.154195043417491
-0.4487,-7.077800633224777
-0.4477000000000001,-6.987259110033416
-0.4467,-6.9052058546412445
-0.4457000000000001,-6.823152599249072
-0.4447,-6.739684632557035
-0.4437000000000001,-6.643484264166212
-0.4427,-6.591139946071206
-0.4417000000000001,-6.506257268079304
-0.4407,-6.432692280486322
-0.4397000000000001,-6.34780960249442
-0.4387,-6.286977016600223
-0.4377000000000001,-6.207753183807781
-0.4367,-6.14833530921345
-0.4357000000000001,-6.0592084973219515
-0.4347,-5.99413177752816
-0.4337000000000001,-5.919152078635313
-0.4327,-5.838513534543006
-0.4317000000000001,-5.7437278774520495
-0.43069999999999997,-5.694212981956773
-0.4297000000000001,-5.629136262162981
-0.42869999999999997,-5.558400697169729
-0.4277000000000001,-5.4947386886758025
-0.42669999999999997,-5.425417834982416
-0.4257000000000001,-5.353267558689299
-0.42469999999999997,-5.286776127595641
-0.4237000000000001,-5.23018767560104
-0.42269999999999996,-5.167940378406978
-0.4217000000000001,-5.090131256914402
-0.42069999999999996,-5.0292986710202054
-0.4197000000000001,-4.961392528626684
-0.41869999999999996,-4.906218787931947
-0.41770000000000007,-4.82558024383964
-0.41669999999999996,-4.774650637044499
-0.41570000000000007,-4.736453431948143
-0.41469999999999996,-4.6614737330552956
-0.41370000000000007,-4.610544126260154
-0.41269999999999996,-4.532735004767577
-0.41170000000000007,-4.493123088371357
-0.41069999999999995,-4.450681749375406
-0.40970000000000006,-4.396922719980535
-0.40869999999999995,-4.327601866287147
-0.40770000000000006,-4.269598702992681
-0.40669999999999995,-4.231401497896325
-0.40570000000000006,-4.1833013137009125
-0.40469999999999995,-4.126712861706312
-0.40370000000000006,-4.065880275812115
-0.40269999999999995,-4.0220242255163
-0.40170000000000006,-3.9597769283222375
-0.40069999999999995,-3.9088473215270967
-0.39970000000000006,-3.849429446932765
-0.39869999999999994,-3.799914551437489
-0.39770000000000005,-3.7588879237414026
-0.39669999999999994,-3.7093730282461257
-0.39570000000000005,-3.65985813275085
-0.39469999999999994,-3.6075138146558436
-0.39370000000000005,-3.5650724756598926
-0.39269999999999994,-3.548095940061512
-0.39170000000000005,-3.475945663768395
-0.39069999999999994,-3.4221866343735234
-0.38970000000000005,-3.3882335631767626
-0.38869999999999993,-3.2524212783897193
-0.38770000000000004,-3.193003403795388
-0.38669999999999993,-3.150562064799437
-0.38570000000000004,-3.1123648597030806
-0.38469999999999993,-3.0670940981073995
-0.38370000000000004,-3.0189939139119883
-0.38269999999999993,-2.976552574916037
-0.38170000000000004,-2.924208256821031
-0.3806999999999999,-2.8831816291249446
-0.37970000000000004,-2.8478138466283185
-0.3786999999999999,-2.8152754867314234
-0.37770000000000004,-2.7530281895373614
-0.3766999999999999,-2.7176604070407357
-0.37570000000000003,-2.6808779132442444
-0.3746999999999999,-2.641265996848024
-0.37370000000000003,-2.6087276369511274
-0.3726999999999999,-2.5747745657543666
-0.37170000000000003,-2.532333226758415
-0.3706999999999999,-2.49696544426179
-0.36970000000000003,-2.4559388165657037
-0.3686999999999999,-2.412082766269888
-0.3677,-2.388032674172182
-0.3666999999999999,-2.352664891675556
-0.3657,-2.3130529752793345
-0.3646999999999999,-2.284758749282034
-0.3637,-2.2451468328858133
-0.3626999999999999,-2.2140231842887825
-0.3617,-2.1800701130920217
-0.36070000000000013,-2.148946464494991
-0.3597,-2.1192375271978254
-0.35870000000000013,-2.092358012500389
-0.3577,-2.0555755187038987
-0.35670000000000013,-2.0301107153063276
-0.3557,-1.9961576441095665
-0.3547000000000001,-1.9692781294121309
-0.3537,-1.9537163051136157
-0.3527000000000001,-1.9070308322180693
-0.3517,-1.8787366062207687
-0.3507000000000001,-1.8561012254229279
-0.3497,-1.8377099785246829
-0.3487000000000001,-1.847612957623738
-0.3477,-1.8631747819222533
-0.3467000000000001,-1.766974413531431
-0.3457,-1.7202889406358846
-0.3447000000000001,-1.6863358694391237
-0.3437,-1.6594563547416883
-0.3427000000000001,-1.6368209739438475
-0.3417,-1.6085267479465466
-0.3407000000000001,-1.5887207897484361
-0.3397,-1.5604265637511354
-0.3387000000000001,-1.53920589425316
-0.3377,-1.512326379555724
-0.3367000000000001,-1.4896909987578837
-0.3357,-1.4656409066601779
-0.3347000000000001,-1.4415908145624723
-0.3337,-1.4144283576050638
-0.3327000000000001,-1.3988665333065484
-0.3317,-1.3831632378780463
-0.3307000000000001,-1.3575569633504891
-0.3297,-1.3320921599529185
-0.3287000000000001,-1.315115624354538
-0.3277,-1.2972902619762388
-0.3267000000000001,-1.275220765698344
-0.3257,-1.2520195003805574
-0.3247000000000001,-1.2341941380022579
-0.3237,-1.2109928726844712
-0.3227000000000001,-1.1920357412662799
-0.3217,-1.1712394851582637
-0.3207000000000001,-1.14832116210045
-0.3197,-1.1336081645818537
-0.3187000000000001,-1.1135192641237703
-0.3177,-1.0870641628162943
-0.3167000000000001,-1.0722096941677113
-0.3157,-1.0570722832591555
-0.3147000000000001,-1.0402372187907614
-0.3137,-1.022128914152489
-0.3127000000000001,-1.0051523785541088
-0.3117,-0.9911467366854447
-0.3107000000000001,-0.9734628454371318
-0.3097,-0.9569107232287108
-0.3087000000000001,-0.9412074278002089
-0.3077,-0.9174402779624763
-0.3067000000000001,-0.9059811164335695
-0.30569999999999997,-0.8901363498750811
-0.3047000000000001,-0.8714621607168627
-0.30369999999999997,-0.8595785857979963
-0.3027000000000001,-0.847977953139103
-0.30169999999999997,-0.8242108033013704
-0.3007000000000001,-0.8107710459526526
-0.29969999999999997,-0.7971898174739481
-0.2987000000000001,-0.7870038961149198
-0.29769999999999996,-0.77243236972631
-0.2967000000000001,-0.7571534876877677
-0.29569999999999996,-0.771017658426445
-0.2947000000000001,-0.729425146210413
-0.29369999999999996,-0.713155966261965
-0.29270000000000007,-0.7001406223032067
-0.29169999999999996,-0.6862764515645293
-0.29070000000000007,-0.671846396305906
-0.28969999999999996,-0.6618019460768642
-0.28870000000000007,-0.6615190038168911
-0.28769999999999996,-0.635912729289334
-0.28670000000000007,-0.6281318171400763
-0.28569999999999995,-0.616814126741156
-0.28470000000000006,-0.6005449467927081
-0.28369999999999995,-0.5892272563937878
-0.28270000000000006,-0.576636325824989
-0.28169999999999995,-0.5752216145251239
-0.28070000000000006,-0.5523032914673103
-0.27969999999999995,-0.5399953031584845
-0.27870000000000006,-0.5337705734390784
-0.27769999999999995,-0.5259896612898207
-0.27670000000000006,-0.5139646152409678
-0.27569999999999995,-0.505334876311791
-0.27470000000000006,-0.4962807239926549
-0.27369999999999994,-0.48793392732345114
-0.27270000000000005,-0.47223063189494924
-0.27169999999999994,-0.465157075395624
-0.27070000000000005,-0.45327350047675774
-0.26969999999999994,-0.44195581007783746
-0.26870000000000005,-0.43403342679859325
-0.26769999999999994,-0.4254036878694165
-0.26670000000000005,-0.4157836510303343
-0.26569999999999994,-0.4054562585413195
-0.26470000000000005,-0.39725093300210224
-0.26369999999999993,-0.3900359053727906
-0.26270000000000004,-0.3823964643535194
-0.26169999999999993,-0.3740496676843157
-0.26070000000000004,-0.36513698649516596
-0.25969999999999993,-0.3545266517461782
-0.25870000000000004,-0.3450480860370824
-0.25769999999999993,-0.33641834710790575
-0.25670000000000004,-0.328354492698675
-0.2556999999999999,-0.32382741653910685
-0.25470000000000004,-0.3170368022997547
-0.2536999999999999,-0.3099632458004295
-0.25270000000000004,-0.3018993913911988
-0.2516999999999999,-0.29510877715184664
-0.25070000000000003,-0.28775227839254847
-0.24969999999999992,-0.28251784658304785
-0.24870000000000003,-0.27601017460366867
-0.24769999999999992,-0.2709172139241546
-0.24670000000000003,-0.2661071955046134
-0.24569999999999992,-0.2560627452755716
-0.24470000000000003,-0.25507244736566614
-0.24369999999999992,-0.27982989511330425
-0.24270000000000003,-0.24318887244679982
-0.24169999999999991,-0.23243706656782553
-0.24070000000000003,-0.22592939458844638
-0.2396999999999999,-0.21800701130920216
-0.23870000000000002,-0.21234816610974203
-0.2376999999999999,-0.20626490752032234
-0.23670000000000002,-0.20159636023076774
-0.23570000000000013,-0.1966448706812401
-0.23470000000000002,-0.19112749661176645
-0.23370000000000013,-0.1850442380223468
-0.23270000000000002,-0.17924392169290015
-0.23170000000000013,-0.17570714344323757
-0.23070000000000002,-0.17146300954364244
-0.22970000000000013,-0.1659456354741688
-0.22870000000000001,-0.1618429727045602
-0.22770000000000012,-0.15675001202504607
-0.2267,-0.15165705134553195
-0.22570000000000012,-0.14698850405597733
-0.2247,-0.1421784856364362
-0.22370000000000012,-0.138585118934779
-0.2227,-0.13337898135127566
-0.22170000000000012,-0.12842749180174803
-0.2207,-0.1239852983201718
-0.21970000000000012,-0.11974116442057671
-0.2187,-0.11644488709189117
-0.21770000000000012,-0.11173389846334059
-0.2167,-0.10838103268266046
-0.2157000000000001,-0.10304757108216928
-0.2147,-0.09960982262349724
-0.2137000000000001,-0.09587498479185352
-0.2127,-0.0924089421071842
-0.2117000000000001,-0.08882972251852565
-0.2107,-0.09099423080731917
-0.2097000000000001,-0.11486041043604232
-0.2087,-0.09505445223793182
-0.2077000000000001,-0.07829012333453113
-0.2067,-0.07203709938912767
-0.2057000000000001,-0.06789199528052312
-0.2047,-0.06537380916676334
-0.2037000000000001,-0.06124285217115744
-0.2027,-0.05929055057734369
-0.2017000000000001,-0.05715433651454749
-0.2007,-0.053405351569905134
-0.1997000000000001,-0.05742313166152184
-0.1987,-0.05150963842808598
-0.1977000000000001,-0.04372872627882829
-0.19669999999999999,-0.04126712861706312
-0.1957000000000001,-0.03821135220935464
-0.19469999999999998,-0.035650724756598924
-0.1937000000000001,-0.034547249942704195
-0.19269999999999998,-0.03211394650693633
-0.1917000000000001,-0.028336667336296688
-0.1907000000000001,-0.028181049093311532
-0.1897000000000002,-0.0249979486686152
-0.1887000000000001,-0.020541608074040336
-0.1877000000000002,-0.03085485345005645
-0.1867000000000001,-0.021956319373905367
-0.1857000000000002,-0.01646723953042903
-0.1847000000000001,-0.013926418035871422
-0.1837000000000002,-0.010590528790789665
-0.18270000000000008,-0.00866510671167335
-0.1817000000000002,-0.0057196777853543435
-0.18070000000000008,-0.001950886882513886
-0.1797000000000002,-0.0015179852247551844
-0.17870000000000008,-6.700072716160814e-05
-0.1777000000000002,0.0024035944984706972
-0.17670000000000008,0.004566688075964338
-0.1757000000000002,0.008042633739732736
-0.17470000000000008,0.01093147421405714
-0.1737000000000002,0.012271205815029329
-0.17270000000000008,0.013694405382693555
-0.17170000000000019,0.01597209057547626
-0.17070000000000007,0.01703312405037504
-0.16970000000000018,0.019890840876102416
-0.16870000000000007,0.02230999719887163
-0.16770000000000018,0.022847587492820343
-0.16670000000000007,0.024700859295643543
-0.16570000000000018,0.02652583687246944
-0.16470000000000007,0.028364961562293983
-0.16370000000000018,0.030713382320069947
-0.16270000000000007,0.031420737970002464
-0.16170000000000018,0.033542804919800016
-0.16070000000000007,0.03507069312365426
-0.15970000000000018,0.03671175823149771
-0.15870000000000006,0.03819720509635599
-0.15770000000000017,0.03993729999518999
-0.15670000000000006,0.0403900076111468
-0.15570000000000017,0.04215839673597809
-0.15470000000000006,0.043742873391826934
-0.15370000000000017,0.044393640589764846
-0.15270000000000006,0.04691182670352462
-0.15170000000000017,0.04855289181136806
-0.15070000000000006,0.05126913750710893
-0.14970000000000017,0.052514083450990165
-0.14870000000000005,0.05309411508393482
-0.14770000000000016,0.054254178349824156
-0.14670000000000005,0.05431076680181876
-0.14570000000000016,0.05658845199460146
-0.14470000000000005,0.058003163294466496
-0.14370000000000016,0.059375433255335584
-0.14270000000000005,0.06129944062315204
-0.14170000000000016,0.062289738533057575
-0.14070000000000005,0.062360474098050823
-0.13970000000000016,0.06459571795183758
-0.13870000000000005,0.06528892648877145
-0.13770000000000016,0.06634995996367023
-0.13670000000000004,0.06867008649544887
-0.13570000000000015,0.0693208536933868
-0.13470000000000004,0.07073556499325184
-0.13370000000000015,0.07260298390907369
-0.13270000000000004,0.07363572315797516
-0.13170000000000015,0.07473919797186988
-0.13070000000000004,0.07517775847482806
-0.12970000000000015,0.08844775046756209
-0.12870000000000004,0.07970483463439616
-0.12770000000000015,0.07909650877545421
-0.12670000000000003,0.08158640066321667
-0.12570000000000014,0.08169957756720586
-0.12470000000000003,0.08244937455613434
-0.12370000000000014,0.08384993874300072
-0.12270000000000003,0.08515147313887655
-0.12170000000000014,0.08600029991879557
-0.12070000000000003,0.08720280452368086
-0.11970000000000014,0.08874483984053375
-0.11870000000000003,0.08899948787450947
-0.11770000000000014,0.09131961440628812
-0.11670000000000003,0.09245138344618015
-0.11570000000000014,0.09501201089893586
-0.11470000000000002,0.09563448387087647
-0.11370000000000013,0.09656819332878741
-0.11270000000000002,0.09786972772466324
-0.11170000000000013,0.09864781893958902
-0.11070000000000024,0.09965226396249319
-0.10970000000000013,0.10108112237535687
-0.10870000000000024,0.10079818011538387
-0.10770000000000013,0.10270804037020166
-0.10670000000000024,0.10367004405410989
-0.10570000000000013,0.10555161008293039
-0.10470000000000024,0.10661264355782916
-0.10370000000000013,0.1078858837277077
-0.10270000000000024,0.1091732710105849
-0.10170000000000012,0.1099089208865147
-0.10070000000000023,0.11054554097145397
-0.09970000000000012,0.11058798231044992
-0.09870000000000023,0.11292225595522724
-0.09770000000000012,0.11460576240206662
-0.09670000000000023,0.11674197646486283
-0.09570000000000012,0.11701077161183718
-0.09470000000000023,0.11753421479278725
-0.09370000000000012,0.12010898935854163
-0.09270000000000023,0.11930260391761856
-0.09170000000000011,0.12142467086741611
-0.09070000000000022,0.12298085329726763
-0.08970000000000011,0.12463606551810973
-0.08870000000000022,0.12514536158606115
-0.08770000000000011,0.12682886803290053
-0.08670000000000022,0.13002611557059554
-0.08570000000000011,0.12940364259865492
-0.08470000000000022,0.13220477097238767
-0.08370000000000011,0.13360533515925405
-0.08270000000000022,0.1338175418542338
-0.0817000000000001,0.13523225315409887
-0.08070000000000022,0.1388397669687547
-0.0797000000000001,0.13977347642666563
-0.07870000000000021,0.1409193925795563
-0.0777000000000001,0.1421784856364362
-0.07670000000000021,0.14401761032626076
-0.0757000000000001,0.14514937936615277
-0.07470000000000021,0.14543232162612577
-0.0737000000000001,0.14684703292599083
-0.07270000000000021,0.14826174422585583
-0.0717000000000001,0.1502423400456669
-0.07070000000000021,0.15208146473549145
-0.0697000000000001,0.15476941620523502
-0.0687000000000002,0.155335300725181
-0.0677000000000001,0.15646706976507307
-0.0667000000000002,0.1584476655848841
-0.06570000000000009,0.16042826140469515
-0.0647000000000002,0.1629747417444522
-0.06370000000000009,0.1629747417444522
-0.0627000000000002,0.16523827982423628
-0.06170000000000009,0.16721887564404736
-0.0607000000000002,0.16820917355395287
-0.059700000000000086,0.17089712502369644
-0.058700000000000196,0.17188742293360199
-0.057700000000000085,0.17457537440334553
-0.056700000000000195,0.17556567231325104
-0.05570000000000008,0.17754626813306212
-0.05470000000000019,0.17995127734283267
-0.05370000000000008,0.18108304638272468
-0.05270000000000019,0.1843368823724143
-0.05170000000000008,0.18660042045219835
-0.05070000000000019,0.1861760070622388
-0.04970000000000008,0.18815660288204988
-0.04870000000000019,0.19084455435179343
-0.047700000000000076,0.19268367904161798
-0.046700000000000186,0.19579604390132105
-0.045700000000000074,0.19848399537106462
-0.044700000000000184,0.19961576441095666
-0.04370000000000007,0.20131341797079472
-0.04270000000000018,0.20216224475071373
-0.04170000000000007,0.20541608074040332
-0.04070000000000018,0.20725520543022788
-0.03970000000000007,0.2076796188201874
-0.03870000000000018,0.20966021463999845
-0.03770000000000007,0.21418729079956658
-0.03670000000000018,0.21729965565926962
-0.035700000000000065,0.21843142469916169
-0.034700000000000175,0.2202705493889862
-0.03370000000000006,0.22168526068885125
-0.03270000000000017,0.22578792345845985
-0.03170000000000006,0.2279099904082574
-0.03070000000000017,0.2284758749282034
-0.02970000000000006,0.23017352848804143
-0.02870000000000017,0.232578537697812
-0.027700000000000058,0.23639825820744764
-0.026700000000000168,0.23809591176728565
-0.025700000000000056,0.24050092097705625
-0.024700000000000166,0.24078386323702924
-0.023700000000000054,0.24120827662698877
-0.022700000000000164,0.24545241052658387
-0.021700000000000053,0.24700859295643537
-0.020700000000000163,0.24941360216620592
-0.01970000000000005,0.25167714024599
-0.01870000000000016,0.25337479380582806
-0.01770000000000005,0.2562042164055581
-0.01670000000000016,0.2594580523952477
-0.015700000000000047,0.2614386482150588
-0.014700000000000157,0.26681455115454594
-0.013700000000000045,0.26554131098466743
-0.012700000000000156,0.267946320194438
-0.011700000000000044,0.2724733963540061
-0.010700000000000154,0.2762931168636417
-0.009700000000000042,0.2774248859035337
-0.008700000000000152,0.27912253946337173
-0.00770000000000004,0.2805372507632368
-0.00670000000000015,0.2840740290128994
-0.005700000000000038,0.2854887403127644
-0.0047000000000001485,0.28761080726256194
-0.0037000000000000366,0.2911475855122245
-0.0027000000000001467,0.2946843637618871
-0.0017000000000000348,0.29652348845171167
-0.000700000000000145,0.2986455554015092
0.00029999999999996696,0.3002017378313608
0.0012999999999998568,0.3013335068712528
0.0022999999999999687,0.30175792026121234
0.0032999999999998586,0.3051532273808884
0.0042999999999999705,0.30784117885063195
0.00529999999999986,0.3110950148403216
0.006299999999999972,0.3146317930899841
0.007299999999999862,0.31321708179011915
0.008299999999999974,0.3176026868197007
0.009299999999999864,0.3161879755198357
0.010299999999999976,0.31958328263951175
0.011299999999999866,0.3208565228093903
0.012299999999999978,0.3222712341092553
0.013299999999999867,0.25507244736566614
0.012299999999999978,0.21942172260906717
0.011299999999999866,0.20286960040064628
0.010299999999999976,0.18942984305192842
0.009299999999999864,0.17627302796318356
0.008299999999999974,0.16495533756426325
0.007299999999999862,0.15731589654499206
0.006299999999999972,0.14698850405597733
0.00529999999999986,0.13787776328484647
0.0042999999999999705,0.12868213983572377
0.0032999999999998586,0.11942992793460638
0.0022999999999999687,0.11317690398920292
0.0012999999999998568,0.10726341075576709
0.00029999999999996696,0.10016156003044459
-0.000700000000000145,0.09341338713008837
-0.0017000000000000348,0.08737256987966466
-0.0027000000000001467,0.08182690158419371
-0.0037000000000000366,0.07472505085887124
-0.0047000000000001485,0.06858520381745697
-0.005700000000000038,0.0634498017989469
-0.00670000000000015,0.05903590254336798
-0.00770000000000004,0.05408441299384034
-0.008700000000000152,0.04941586570428573
-0.009700000000000042,0.04505855490070142
-0.010700000000000154,0.041380305521052325
-0.011700000000000044,0.03835282333934115
-0.012700000000000156,0.03393892408376223
-0.013700000000000045,0.03082655922405915
-0.014700000000000157,0.027473693443379014
-0.015700000000000047,0.02424815167968673
-0.01670000000000016,0.0212348166109742
-0.01770000000000005,0.017938539282288665
-0.01870000000000016,0.014939351326574786
-0.01970000000000005,0.012801722552478717
-0.020700000000000163,0.009620036839082248
-0.021700000000000053,0.006898132298141919
-0.022700000000000164,0.00406446556451225
-0.023700000000000054,0.0014401761032626073
-0.024700000000000166,-0.000848543837659049
-0.025700000000000056,-0.003821135220935464
-0.026700000000000168,-0.005482006286977017
-0.027700000000000058,-0.007966239329540022
-0.02870000000000017,-0.01042359285740559
-0.02970000000000006,-0.013005440979659283
-0.03070000000000017,-0.01465640906660178
-0.03170000000000006,-0.016537975095422278
-0.03270000000000017,-0.019013719870186095
-0.03370000000000006,-0.020923580125003893
-0.034700000000000175,-0.022154378955886473
-0.035700000000000065,-0.024078386323702922
-0.03670000000000018,-0.02652583687246944
-0.03770000000000007,-0.027615164573365516
-0.03870000000000018,-0.029567466167179264
-0.03970000000000007,-0.03130756106601326
-0.04070000000000018,-0.03259494834889044
-0.04170000000000007,-0.034179425004739285
-0.04270000000000018,-0.03514142868864751
-0.04370000000000007,-0.0369664062654734
-0.044700000000000184,-0.039682651961214274
-0.045700000000000074,-0.04005047689917919
-0.046700000000000186,-0.04140859974704963
-0.047700000000000076,-0.043290165775870124
-0.04870000000000019,-0.0442097281207824
-0.04970000000000008,-0.046430824861570505
-0.05070000000000019,-0.046968415155519215
-0.05170000000000008,-0.0482558024383964
-0.05270000000000019,-0.04948660126927898
-0.05370000000000008,-0.05029298671020205
-0.05470000000000019,-0.05235846520800501
-0.05570000000000008,-0.0538439120728633
-0.056700000000000195,-0.05494738688675803
-0.057700000000000085,-0.05668748178559202
-0.058700000000000196,-0.05776266237348945
-0.059700000000000086,-0.05888028430038283
-0.0607000000000002,-0.05967252262830725
-0.06170000000000009,-0.06112967526716823
-0.0627000000000002,-0.06251609234103597
-0.06370000000000009,-0.06281318171400763
-0.0647000000000002,-0.0637610382849172
-0.06570000000000009,-0.06483621887281464
-0.0667000000000002,-0.06500598422879844
-0.0677000000000001,-0.06661875511064458
-0.0687000000000002,-0.06748172900356225
-0.0697000000000001,-0.06811834908850152
-0.07070000000000021,-0.07002820934331933
-0.0717000000000001,-0.07140047930418841
-0.07270000000000021,-0.07298495596003725
-0.0737000000000001,-0.07530508249181589
-0.07470000000000021,-0.07646514575770523
-0.0757000000000001,-0.07703103027765125
-0.07670000000000021,-0.07786570994457162
-0.0777000000000001,-0.07714420718164045
-0.07870000000000021,-0.0789267434194704
-0.0797000000000001,-0.08000192400736782
-0.08070000000000022,-0.08068098543130305
-0.0817000000000001,-0.08233619765214513
-0.08270000000000022,-0.0829445235110871
-0.08370000000000011,-0.08407629255097913
-0.08470000000000022,-0.08660862577773754
-0.08570000000000011,-0.08778283615662552
-0.08670000000000022,-0.0874150112186606
-0.08770000000000011,-0.08827798511157829
-0.08870000000000022,-0.08943804837746762
-0.08970000000000011,-0.09105081925931376
-0.09070000000000022,-0.092012822943222
-0.09170000000000011,-0.09337094579109242
-0.09270000000000023,-0.09530910027190752
-0.09370000000000012,-0.09639842797280361
-0.09470000000000023,-0.09815266998463625
-0.09570000000000012,-0.09949664571950805
-0.09670000000000023,-0.09942591015451478
-0.09770000000000012,-0.10078403300238521
-0.09870000000000023,-0.10089720990637441
-0.09970000000000012,-0.10191580204227724
-0.10070000000000023,-0.104151045896064
-0.10170000000000012,-0.10485840154599652
-0.10270000000000024,-0.10655605510583457
-0.10370000000000013,-0.10664093778382645
-0.10470000000000024,-0.10840932690865775
-0.10570000000000013,-0.10996550933850929
-0.10670000000000024,-0.1109558072484148
-0.10770000000000013,-0.11235637143528121
-0.10870000000000024,-0.11411061344711387
-0.10970000000000013,-0.11453502683707338
-0.11070000000000024,-0.1159780323629357
-0.11170000000000013,-0.11539800072999104
-0.11270000000000002,-0.1161195034929222
-0.11370000000000013,-0.1176615388097751
-0.11470000000000002,-0.1181708348777265
-0.11570000000000014,-0.11918942701362933
-0.11670000000000003,-0.12133978818942417
-0.11770000000000014,-0.12098611036445794
-0.11870000000000003,-0.12275449948928924
-0.11970000000000014,-0.12425409346714618
-0.12070000000000003,-0.12493315489108141
-0.12170000000000014,-0.1265600728859262
-0.12270000000000003,-0.1276069592478263
-0.12370000000000014,-0.12933290703366165
-0.12470000000000003,-0.13033735205656583
-0.12570000000000014,-0.13219062385938904
-0.12670000000000003,-0.13352045248126215
-0.12770000000000015,-0.1346805157471515
-0.12870000000000004,-0.1356425194310597
-0.12970000000000015,-0.1364489048719828
-0.13070000000000004,-0.13705723073092474
-0.13170000000000015,-0.13801923441483296
-0.13270000000000004,-0.13913685634172637
-0.13370000000000015,-0.14939351326574787
-0.13470000000000004,-0.1423199567664227
-0.13570000000000015,-0.14628114840604478
-0.13670000000000004,-0.14500790823616627
-0.13770000000000016,-0.14628114840604478
-0.13870000000000005,-0.14628114840604478
-0.13970000000000016,-0.14755438857592332
-0.14070000000000005,-0.14868615761581536
-0.14170000000000016,-0.14953498439573437
-0.14270000000000005,-0.1508082245656129
-0.14370000000000016,-0.15236440699546444
-0.14470000000000005,-0.15321323377538346
-0.14570000000000016,-0.1551938295951945
-0.14670000000000005,-0.15618412750510002
-0.14770000000000016,-0.15717442541500556
-0.14870000000000005,-0.16028679027470866
-0.14970000000000017,-0.16113561705462764
-0.15070000000000006,-0.1624088572245062
-0.15170000000000017,-0.16424798191433077
-0.15270000000000006,-0.16495533756426325
-0.15370000000000017,-0.1659456354741688
-0.15470000000000006,-0.16651151999411481
-0.15570000000000017,-0.16806770242396638
-0.15670000000000006,-0.17033124050375043
-0.15770000000000017,-0.17146300954364244
-0.15870000000000006,-0.1728777208435075
-0.15970000000000018,-0.173868018753413
-0.16070000000000007,-0.17485831666331855
-0.16170000000000018,-0.17613155683319706
-0.16270000000000007,-0.1771218547431026
-0.16370000000000018,-0.17938539282288665
-0.16470000000000007,-0.18122451751271118
-0.16570000000000018,-0.18136598864269768
-0.16670000000000007,-0.18235628655260325
-0.16770000000000018,-0.18306364220253574
-0.16870000000000007,-0.1850442380223468
-0.16970000000000018,-0.18688336271217135
-0.17070000000000007,-0.18801513175206336
-0.17170000000000019,-0.18942984305192842
-0.17270000000000008,-0.19084455435179343
-0.1737000000000002,-0.19169338113171247
-0.17470000000000008,-0.1936739769515235
-0.1757000000000002,-0.19494721712140206
-0.17670000000000008,-0.19805958198110513
-0.1777000000000002,-0.20004017780091618
-0.17870000000000008,-0.20018164893090268
-0.1797000000000002,-0.20216224475071373
-0.18070000000000008,-0.20428431170051128
-0.1817000000000002,-0.20569902300037635
-0.18270000000000008,-0.20697226317025488
-0.1837000000000002,-0.2081040322101469
-0.1847000000000001,-0.20980168576998495
-0.1857000000000002,-0.21121639706985
-0.1867000000000001,-0.21362140627962053
-0.1877000000000002,-0.2157434732294181
-0.1887000000000001,-0.21758259791924262
-0.1897000000000002,-0.21843142469916169
-0.1907000000000001,-0.22111937616890526
-0.1917000000000001,-0.22196820294882427
-0.19269999999999998,-0.22309997198871628
-0.1937000000000001,-0.22635380797840585
-0.19469999999999998,-0.22720263475832486
-0.1957000000000001,-0.22960764396809544
-0.19669999999999999,-0.232578537697812
-0.1977000000000001,-0.23512501803756908
-0.1987,-0.23738855611735316
-0.1997000000000001,-0.2396520941971372
-0.2007,-0.24177416114693479
-0.2017000000000001,-0.2443206414866918
-0.2027,-0.24559388165657034
-0.2037000000000001,-0.2482818331263139
-0.2047,-0.252243024765936
-0.2057000000000001,-0.25337479380582806
-0.2067,-0.25493097623567956
-0.2077000000000001,-0.2580433410953827
-0.2087,-0.26058982143513976
-0.2097000000000001,-0.2639851285548159
-0.2107,-0.2666730800245595
-0.2117000000000001,-0.2689366181043435
-0.2127,-0.2733222231339251
-0.2137000000000001,-0.27601017460366867
-0.2147,-0.2806787218932233
-0.2157000000000001,-0.28379108675292636
-0.2167,-0.2866205093526564
-0.21770000000000012,-0.2917134700321706
-0.2187,-0.29482583489187364
-0.21970000000000012,-0.2976552574916037
-0.2207,-0.30260674704113133
-0.22170000000000012,-0.3047288139909289
-0.2227,-0.308124121110605
-0.22370000000000012,-0.31236825501020005
-0.2247,-0.3164709177798087
-0.22570000000000012,-0.32128093619934983
-0.2267,-0.3253835989689584
-0.22770000000000012,-0.3300521462585131
-0.22870000000000001,-0.3351451069380272
-0.22970000000000013,-0.3393892408376223
-0.23070000000000002,-0.3450480860370824
-0.23170000000000013,-0.3703714183046666
-0.23270000000000002,-0.36485404423519296
-0.23370000000000013,-0.3616002082455034
-0.23470000000000002,-0.365985813275085
-0.23570000000000013,-0.37136171621457215
-0.23670000000000002,-0.3747570233342482
-0.2376999999999999,-0.3799914551437488
-0.23870000000000002,-0.3855088292132225
-0.2396999999999999,-0.39229944345257467
-0.24070000000000003,-0.39979741334185936
-0.24169999999999991,-0.406446556451225
-0.24270000000000003,-0.4130956995605908
-0.24369999999999992,-0.4176227757201588
-0.24470000000000003,-0.4242719188295245
-0.24569999999999992,-0.4293648795090386
-0.24670000000000003,-0.4362969648783774
-0.24769999999999992,-0.44407787702763507
-0.24870000000000003,-0.45242467369683875
-0.24969999999999992,-0.45907381680620446
-0.25070000000000003,-0.4661473733055296
-0.2516999999999999,-0.4740697565847738
-0.25270000000000004,-0.4810018419541125
-0.2536999999999999,-0.4872265716735187
-0.25470000000000004,-0.49868573320242543
-0.2556999999999999,-0.5060422319617235
-0.25670000000000004,-0.5165110955807248
-0.25769999999999993,-0.5242920077299826
-0.25870000000000004,-0.5306582085793753
-0.25969999999999993,-0.538439120728633
-0.26070000000000004,-0.5497568111275533
-0.26169999999999993,-0.5620647994363791
-0.26270000000000004,-0.5704115961055828
-0.26369999999999993,-0.5779095659948674
-0.26470000000000005,-0.5913493233435854
-0.26569999999999994,-0.600262004532735
-0.26670000000000005,-0.6124285217115744
-0.26769999999999994,-0.6192191359509266
-0.26870000000000005,-0.6275659326201303
-0.26969999999999994,-0.6374689117191855
-0.27070000000000005,-0.6497769000280114
-0.27169999999999994,-0.6619434172068507
-0.27270000000000005,-0.6725537519558386
-0.27369999999999994,-0.6854276247846103
-0.27470000000000006,-0.6971697285734901
-0.27569999999999995,-0.7094777168823159
-0.27670000000000006,-0.7234833587509798
-0.27769999999999995,-0.7360742893197786
-0.27870000000000006,-0.7466846240687663
-0.27969999999999995,-0.7571534876877677
-0.28070000000000006,-0.7708761872964585
-0.28169999999999995,-0.7860135982050144
-0.28270000000000006,-0.7943603948742181
-0.28369999999999995,-0.8097807480427469
-0.28470000000000006,-0.8220887363515729
-0.28569999999999995,-0.8336893690104662
-0.28670000000000007,-0.8464217707092515
-0.28769999999999996,-0.8631153640476589
-0.28870000000000007,-0.8776868904362687
-0.28969999999999996,-0.8948048971646357
-0.29070000000000007,-0.9093764235532455
-0.29169999999999996,-0.9250797189817473
-0.29270000000000007,-0.9409244855402358
-0.29369999999999996,-0.9556374830588322
-0.2947000000000001,-0.9699260671874691
-0.29569999999999996,-0.9857708337459574
-0.2967000000000001,-1.0048694362941357
-0.29769999999999996,-1.0191580204227724
-0.2987000000000001,-1.038398094100937
-0.29969999999999997,-1.0562234564792363
-0.3007000000000001,-1.0734829343375898
-0.30169999999999997,-1.0890447586361052
-0.3027000000000001,-1.1020601025948635
-0.30369999999999997,-1.1296469729422318
-0.3047000000000001,-1.13983289430126
-0.30569999999999997,-1.1539800072999105
-0.3067000000000001,-1.176615388097751
-0.3077,-1.1964213462958615
-0.3087000000000001,-1.2173590735338642
-0.3097,-1.2385797430318397
-0.3107000000000001,-1.2558392208901932
-0.3117,-1.2750792945683578
-0.3127000000000001,-1.291207003386819
-0.3137,-1.310305605934997
-0.3147000000000001,-1.3349215825526486
-0.3157,-1.3572740210905163
-0.3167000000000001,-1.38302176674806
-0.3177,-1.54769416205235
-0.3187000000000001,-1.4359319693630124
-0.3197,-1.4387613919627424
-0.3207000000000001,-1.4642261953603128
-0.3217,-1.4868615761581534
-0.3227000000000001,-1.505252823056399
-0.3237,-1.5335470490536998
-0.3247000000000001,-1.5575971411514054
-0.3257,-1.5816472332491107
-0.3267000000000001,-1.6014531914472214
-0.3277,-1.6283327061446573
-0.3287000000000001,-1.6509680869424979
-0.3297,-1.6806770242396636
-0.3307000000000001,-1.7033124050375041
-0.3317,-1.7245330745354797
-0.3327000000000001,-1.7485831666331852
-0.3337,-1.772633258730891
-0.3347000000000001,-1.7980980621284617
-0.3357,-1.8320511333252225
-0.3367000000000001,-1.8532718028231983
-0.3377,-1.8858101627200938
-0.3387000000000001,-1.9098602548177994
-0.3397,-1.9324956356156402
-0.3407000000000001,-1.9607898616129409
-0.3417,-1.9890840876102414
-0.3427000000000001,-2.017378313607542
-0.3437,-2.044257828304978
-0.3447000000000001,-2.0697226317025486
-0.3457,-2.0980168576998492
-0.3467000000000001,-2.127725794997015
-0.3477,-2.161678866193776
-0.3487000000000001,-2.197046648690402
-0.3497,-2.2196820294882422
-0.3507000000000001,-2.257879234584599
-0.3517,-2.286173460581899
-0.3527000000000001,-2.321541243078525
-0.3537,-2.354079602975421
-0.3547000000000001,-2.380959117672857
-0.3557,-2.414912188869618
-0.35670000000000013,-2.4460358374666487
-0.3577,-2.4870624651627344
-0.35870000000000013,-2.515356691160035
-0.3597,-2.545065628457201
-0.36070000000000013,-2.581848122253692
-0.3617,-2.618630616050183
-0.3626999999999999,-2.655413109846674
-0.3637,-2.6950250262428948
-0.3646999999999999,-2.7261486748399255
-0.3657,-2.7558576121370915
-0.3666999999999999,-2.791225394633717
-0.3677,-2.8379108675292635
-0.3686999999999999,-2.8690345161262942
-0.36970000000000003,-2.9072317212226504
-0.3706999999999999,-2.956746616717927
-0.37170000000000003,-2.9935291105144173
-0.3726999999999999,-3.021823336511718
-0.37370000000000003,-3.0571911190083445
-0.3746999999999999,-3.1024618806040256
-0.37570000000000003,-3.1420737970002466
-0.3766999999999999,-3.1774415794968722
-0.37770000000000004,-3.2198829184928233
-0.3786999999999999,-3.2623242574887747
-0.37970000000000004,-3.3005214625851305
-0.3806999999999999,-3.3429628015810815
-0.38170000000000004,-3.3910629857764927
-0.38269999999999993,-3.4292601908728493
-0.38370000000000004,-3.475945663768395
-0.38469999999999993,-3.5297046931632665
-0.38570000000000004,-3.557998919160567
-0.38669999999999993,-3.6075138146558436
-0.38770000000000004,-3.64288159715247
-0.38869999999999993,-3.696640626547341
-0.38970000000000005,-3.7390819655432916
-0.39069999999999994,-3.7928409949381634
-0.39170000000000005,-3.825379354835059
-0.39269999999999994,-3.8833825181295256
-0.39370000000000005,-3.935726836224532
-0.39469999999999994,-3.979582886520348
-0.39570000000000005,-4.020609514216435
-0.39669999999999994,-4.068709698411845
-0.39770000000000005,-4.139445263405097
-0.39869999999999994,-4.186130736300643
-0.39970000000000006,-4.239889765695515
-0.40069999999999995,-4.286575238591061
-0.40170000000000006,-4.3332607114866075
-0.40269999999999995,-4.428046368577565
-0.40370000000000006,-4.422387523378105
-0.40469999999999995,-4.488878954471762
-0.40570000000000006,-4.545467406466363
-0.40669999999999995,-4.597811724561368
-0.40770000000000006,-4.658644310455566
-0.40869999999999995,-4.712403339850438
-0.40970000000000006,-4.770406503144904
-0.41069999999999995,-4.81709197604045
-0.41170000000000007,-4.879339273234511
-0.41269999999999996,-4.952904260827493
-0.41370000000000007,-4.995345599823445
-0.41469999999999996,-5.068910587416426
-0.41570000000000007,-5.128328462010757
-0.41669999999999996,-5.201893449603739
-0.41770000000000007,-5.252823056398881
-0.41869999999999996,-5.307996797093617
-0.4197000000000001,-5.353267558689299
-0.42069999999999996,-5.42400312368255
-0.4217000000000001,-5.484835709576747
-0.42269999999999996,-5.558400697169729
-0.4237000000000001,-5.613574437864465
-0.42469999999999997,-5.682895291557853
-0.4257000000000001,-5.739483743552454
-0.42669999999999997,-5.813048731145436
-0.4277000000000001,-5.844172379742466
-0.42869999999999997,-5.954519861131939
-0.4297000000000001,-6.016767158326001
-0.43069999999999997,-6.073355610320603
-0.4317000000000001,-6.149750020513314
-0.4327,-6.209167895107646
-0.4337000000000001,-6.292635861799683
-0.4347,-6.361956715493069
-0.4357000000000001,-6.429862857886591
-0.4367,-6.494939577680383
-0.4377000000000001,-6.589725234771341
-0.4387,-6.654801954565133
-0.4397000000000001,-6.731196364757845
-0.4407,-6.797687795851501
-0.4417000000000001,-6.869838072144618
-0.4427,-6.9306706580388155
-0.4437000000000001,-6.988673821333281
-0.4447,-7.099021302722755
-0.4457000000000001,-7.15702446601722
-0.4467,-7.229174742310337
-0.4477000000000001,-7.302739729903319
-0.4487,-7.400354809594007
-0.4497000000000001,-7.4753345084868545
-0.4507,-7.568705454277946
-0.4517000000000001,-7.652173420969983
-0.4527,-7.737056098961886
-0.4537000000000001,-7.806376952655272
-0.4547,-7.901162609746229
-0.4557000000000001,-8.000192400736783
-0.4567,-8.035560183233407
-0.4577000000000001,-8.147322375922746
-0.4587,-8.240693321713838
-0.4597000000000001,-8.34538195790385
-0.4607,-8.44016761499481
-0.4617000000000001,-8.543441539884956
-0.4627,-8.635397774376184
-0.4637000000000001,-8.738671699266332
-0.4647,-8.81931024335864
-0.4657000000000001,-8.898534076151082
-0.4667,-9.003222712341092
-0.4677000000000001,-9.09234952423259
-0.4687,-9.201282294322198
-0.4697000000000001,-9.300312085312752
-0.4707,-9.393683031103844
-0.4717000000000001,-9.537983583690076
-0.4727,-9.610133859983193
-0.4737000000000001,-9.706334228374017
-0.4747,-9.809608153264165
-0.4757000000000001,-9.910052655554582
-0.4767,-9.980788220547833
-0.4777000000000001,-10.106697526235822
-0.4787,-10.21845971892516
-0.4797000000000001,-10.310415953416387
-0.4807,-10.45754592860235
-0.48170000000000013,-10.539599183994524
-0.4827,-10.661264355782917
-0.48370000000000013,-10.751805878974281
-0.4847,-10.835273845666316
-0.48570000000000013,-10.95693901745471
-0.4867,-11.080018900542967
-0.4876999999999999,-11.21583118533001
-0.4887,-11.300713863321914
-0.4896999999999999,-11.411061344711387
-0.4907,-11.534141227799646
-0.4916999999999999,-11.592144391094111
-0.4927,-11.7463479227794
-0.4936999999999999,-11.856695404168873
-0.49470000000000003,-11.97128701945794
-0.4956999999999999,-12.135393530242286
-0.49670000000000003,-12.249985145531353
-0.4976999999999999,-12.317891287924875
-0.49870000000000003,-12.446630016212593
-0.4996999999999999,-12.484827221308949
-0.5007,-12.562636342801525
-0.5016999999999999,-12.602248259197747
-0.5027,-12.828602067176153
-0.5036999999999999,-12.947437816364815
-0.5047,-13.076176544652533
-0.5056999999999999,-13.195012293841197
-0.5067,-13.352045248126215
-0.5076999999999999,-13.394486587122167
-0.5087,-13.497760512012315
-0.5096999999999999,-13.70430836179261
-0.5107,-13.825973533581003
-0.5116999999999999,-13.997153600864674
-0.5127,-14.104671659654418
-0.5136999999999999,-14.26028990263957
-0.5147,-14.401761032626075
-0.5156999999999999,-14.599820614607177
-0.5167,-14.69885040559773
-0.5176999999999999,-14.797880196588284
-0.5187,-14.925204213576137
-0.5196999999999999,-15.080822456561293
-0.5207,-15.236440699546446
-0.5216999999999999,-15.4203531685289
-0.5227,-15.519382959519453
-0.5236999999999999,-15.70329542850191
-0.5247,-15.830619445489761
-0.5257,-15.986237688474914
-0.5267000000000001,-16.071120366466815
-0.5277,-16.19844438345467
-0.5287000000000001,-16.424798191433077
-0.5297,-16.55212220842093
-0.5307000000000001,-16.750181790402035
-0.5317,-16.849211581392588
-0.5327000000000001,-17.018976937376394
-0.5337,-17.188742293360193
-0.5347000000000001,-17.316066310348052
-0.5357,-17.514125892329155
-0.5367000000000001,-17.669744135314307
-0.5377,-17.839509491298113
-0.5387000000000001,-17.867803717295413
-0.5397,-17.966833508285966
-0.5407000000000001,-18.164893090267068
-0.5417,-18.433688237241427
-0.5427000000000001,-18.603453593225233
-0.5437,-18.716630497214435
-0.5447000000000001,-18.858101627200938
-0.5457,-18.999572757187444
-0.5467000000000001,-19.141043887173947
-0.5477,-19.3249563561564
-0.5487000000000001,-19.466427486142905
-0.5497,-19.60789861612941
-0.5507000000000001,-19.763516859114564
-0.5517,-19.97572355409432
-0.5527000000000001,-20.17378313607542
-0.5537,-20.357695605057877
-0.5547000000000001,-20.541608074040333
-0.5557,-20.683079204026836
-0.5567000000000001,-20.86699167300929
-0.5577,-21.121639706984997
-0.5587000000000001,-21.2631108369715
-0.5597,-21.390434853959356
-0.5607000000000001,-21.54605309694451
-0.5617,-21.814848243918867
-0.5627000000000001,-21.98461359990267
-0.5637,-22.126084729889175
-0.5647000000000001,-22.33829142486893
-0.5657,-22.522203893851387
-0.5667000000000001,-22.734410588831135
-0.5677,-22.91832305781359
-0.5687000000000001,-23.031499961802798
-0.5697,-23.215412430785253
-0.5707000000000001,-23.427619125765005
-0.5717,-23.54079602975421
-0.5727000000000001,-23.710561385738018
-0.5737,-24.050092097705623
-0.5747000000000001,-24.17741611469348
-0.5757,-24.31888724467998
-0.5767000000000001,-24.686712182644893
-0.5777,-25.12527268560305
-0.5787000000000001,-25.309185154585506
-0.5797,-25.535538962563912
-0.5807000000000001,-25.549686075562565
-0.5817,-25.705304318547718
-0.5827000000000001,-25.875069674531517
-0.5837,-26.15801193450453
-0.5847000000000001,-26.525836872469437
-0.5857,-26.63901377645864
-0.5867000000000001,-26.63901377645864
-0.5857,-26.356071516485635
-0.5847000000000001,-26.030687917516673
-0.5837,-25.790186996539617
-0.5827000000000001,-25.309185154585506
-0.5817,-25.337479380582806
-0.5807000000000001,-24.95550732961925
-0.5797,-24.601829504652986
-0.5787000000000001,-24.23400456668808
-0.5777,-24.078386323702922
-0.5767000000000001,-23.682267159740714
-0.5757,-23.427619125765005
-0.5747000000000001,-23.144676865792
-0.5737,-22.946617283810895
-0.5727000000000001,-22.790999040825742
-0.5717,-22.607086571843286
-0.5707000000000001,-22.36658565086623
-0.5697,-22.055349164895922
-0.5687000000000001,-21.885583808912116
-0.5677,-21.489464644949905
-0.5667000000000001,-21.2631108369715
-0.5657,-21.022609915994444
-0.5647000000000001,-20.86699167300929
-0.5637,-20.626490752032236
-0.5627000000000001,-20.272812927065978
-0.5617,-20.117194684080822
-0.5607000000000001,-19.820105311109163
-0.5597,-19.508868825138855
-0.5587000000000001,-19.452280373144255
-0.5577,-19.155191000172596
-0.5567000000000001,-19.027866983184744
-0.5557,-18.97127853119014
-0.5547000000000001,-18.674189158218486
-0.5537,-18.53271802823198
-0.5527000000000001,-18.249775768258974
-0.5517,-17.924392169290012
-0.5507000000000001,-17.71218547431026
-0.5497,-17.48583166633185
-0.5487000000000001,-17.37265476234265
-0.5477,-17.118006728366943
-0.5467000000000001,-17.061418276372343
-0.5457,-16.891652920388537
-0.5447000000000001,-16.651151999411482
-0.5437,-16.495533756426326
-0.5427000000000001,-16.269179948447924
-0.5417,-16.056973253468165
-0.5407000000000001,-15.87306078448571
-0.5397,-15.70329542850191
-0.5387000000000001,-15.505235846520803
-0.5377,-15.335470490536997
-0.5367000000000001,-15.165705134553193
-0.5357,-14.98179266557074
-0.5347000000000001,-14.812027309586934
-0.5337,-14.65640906660178
-0.5327000000000001,-14.500790823616628
-0.5317,-14.387613919627421
-0.5307000000000001,-14.189554337646317
-0.5297,-14.045253785060085
-0.5287000000000001,-13.876903140376147
-0.5277,-13.702893650492745
-0.5267000000000001,-13.5387871397084
-0.5257,-13.477954553814206
-0.5247,-13.315262754329725
-0.5236999999999999,-13.152570954845245
-0.5227,-12.965829063263062
-0.5216999999999999,-12.837090334975343
-0.5207,-12.762110636082495
-0.5196999999999999,-12.603662970497613
-0.5187,-12.415506367615562
-0.5176999999999999,-12.309403020125684
-0.5167,-12.162273044939722
-0.5156999999999999,-12.074560944348088
-0.5147,-11.887819052765904
-0.5136999999999999,-11.72654196458129
-0.5127,-11.579411989395325
-0.5116999999999999,-11.477552775805044
-0.5107,-11.36437587181584
-0.5096999999999999,-11.205928206230956
-0.5087,-11.041821695446613
-0.5076999999999999,-10.931474214057138
-0.5067,-10.758879435473604
-0.5056999999999999,-10.655605510583456
-0.5047,-10.52403735969601
-0.5036999999999999,-10.439154681704105
-0.5027,-10.277877593519491
-0.5016999999999999,-10.15904184433083
-0.5007,-10.084062145437981
-0.4996999999999999,-9.952493994550533
-0.49870000000000003,-9.822340554962949
-0.4976999999999999,-9.753019701269562
-0.49670000000000003,-9.624280972981845
-0.4956999999999999,-9.521007048091697
-0.49470000000000003,-9.392268319803978
-0.4936999999999999,-9.31162977571167
-0.4927,-9.195623449122737
-0.4916999999999999,-9.08103183383367
-0.4907,-9.028687515738664
-0.4896999999999999,-8.914095900449595
-0.4887,-8.812236686859313
-0.4876999999999999,-8.758477657464443
-0.4867,-8.585882878880907
-0.48570000000000013,-8.46846184099211
-0.4847,-8.421776368096562
-0.48370000000000013,-8.307184752807496
-0.4827,-8.209569673116807
-0.48170000000000013,-8.09497805782774
-0.4807,-8.019998358934892
-0.4797000000000001,-7.905406743645826
-0.4787,-7.819109354354057
-0.4777000000000001,-7.680467646967284
-0.4767,-7.557387763879025
-0.4757000000000001,-7.489481621485504
-0.4747,-7.413087211292793
-0.4737000000000001,-7.301325018603455
-0.4727,-7.209368784112227
-0.4717000000000001,-7.100436014022619
-0.4707,-7.043847562028017
-0.4697000000000001,-6.9646237292355755
-0.4687,-6.876911628643944
-0.4677000000000001,-6.831640867048262
-0.4667,-6.773637703753796
-0.4657000000000001,-6.667534356263918
-0.4647,-6.568504565273366
-0.4637000000000001,-6.502013134179709
-0.4627,-6.456742372584028
-0.4617000000000001,-6.37044498329226
-0.4607,-6.2954652843994126
-0.4597000000000001,-6.260097501902788
-0.4587,-6.141261752714124
-0.4577000000000001,-6.076185032920332
-0.4567,-6.004034756627216
-0.4557000000000001,-5.927640346434504
-0.4547,-5.855490070141387
-0.4537000000000001,-5.78051037124854
-0.4527,-5.739483743552454
-0.4517000000000001,-5.668748178559202
-0.4507,-5.610745015264735
-0.4497000000000001,-5.548497718070673
-0.4487,-5.457956194879311
-0.4477000000000001,-5.3815617846866
-0.4467,-5.3178997761926725
-0.4457000000000001,-5.309411508393483
-0.4447,-5.235846520800501
-0.4437000000000001,-5.169355089706844
-0.4427,-5.107107792512783
-0.4417000000000001,-5.03071338232007
-0.4407,-4.976954352925199
-0.4397000000000001,-4.904804076632082
-0.4387,-4.862362737636131
-0.4377000000000001,-4.798700729142205
-0.4367,-4.729379875448817
-0.4357000000000001,-4.6572295991557
-0.4347,-4.604885281060694
-0.4337000000000001,-4.5369791386671725
-0.4327,-4.490293665771627
-0.4317000000000001,-4.416728678178644
-0.43069999999999997,-4.3926785860809385
-0.4297000000000001,-4.337504845386203
-0.42869999999999997,-4.282331104691466
-0.4277000000000001,-4.22149851879727
-0.42669999999999997,-4.162080644202938
-0.4257000000000001,-4.122468727806717
-0.42469999999999997,-4.054562585413195
-0.4237000000000001,-4.009291823817514
-0.42269999999999996,-3.958362217022373
-0.4217000000000001,-3.9046031876275014
-0.42069999999999996,-3.87065011643074
-0.4197000000000001,-3.7928409949381634
-0.41869999999999996,-3.7404966768431565
-0.41770000000000007,-3.6923964926477457
-0.41669999999999996,-3.6527845762515243
-0.41570000000000007,-3.6117579485554394
-0.41469999999999996,-3.5707313208593527
-0.41370000000000007,-3.5212164253640763
-0.41269999999999996,-3.4745309524685304
-0.41170000000000007,-3.4292601908728493
-0.41069999999999995,-3.3755011614779775
-0.40970000000000006,-3.328815688582431
-0.40869999999999995,-3.2821302156868852
-0.40770000000000006,-3.2481771444901244
-0.40669999999999995,-3.201491671594578
-0.40570000000000006,-3.1519767760993016
-0.40469999999999995,-3.1095354371033506
-0.40370000000000006,-3.0670940981073995
-0.40269999999999995,-3.002017378313608
-0.40170000000000006,-2.9694790184167124
-0.40069999999999995,-2.932696524620221
-0.39970000000000006,-2.8916698969241352
-0.39869999999999994,-2.8605462483271045
-0.39770000000000005,-2.819519620631018
-0.39669999999999994,-2.7827371268345273
-0.39570000000000005,-2.7289780974396556
-0.39469999999999994,-2.6921956036431647
-0.39370000000000005,-2.661071955046134
-0.39269999999999994,-2.631363017748968
-0.39170000000000005,-2.5959952352523423
-0.39069999999999994,-2.5677010092550416
-0.38970000000000005,-2.5252596702590906
-0.38869999999999993,-2.4828183312631396
-0.38770000000000004,-2.433303435767863
-0.38669999999999993,-2.385203251572452
-0.38570000000000004,-2.355494314275286
-0.38469999999999993,-2.318711820478795
-0.38370000000000004,-2.3017352848804147
-0.38269999999999993,-2.2621233684841937
-0.38170000000000004,-2.2338291424868926
-0.3806999999999999,-2.2210967407881075
-0.37970000000000004,-2.192802514790807
-0.3786999999999999,-2.1432876192955304
-0.37770000000000004,-2.1121639706984996
-0.3766999999999999,-2.0881138786007942
-0.37570000000000003,-2.052746096104168
-0.3746999999999999,-2.0258665814067327
-0.37370000000000003,-1.9975723554094316
-0.3726999999999999,-1.980595819811051
-0.37170000000000003,-1.9423986147146954
-0.3706999999999999,-1.92683679041618
-0.36970000000000003,-1.894298430519284
-0.3686999999999999,-1.8532718028231983
-0.3677,-1.8419541124242775
-0.3666999999999999,-1.8065863299276517
-0.3657,-1.781121526530081
-0.3646999999999999,-1.7613155683319706
-0.3637,-1.7287772084350748
-0.3626999999999999,-1.7061418276372344
-0.3617,-1.6835064468393939
-0.36070000000000013,-1.6594563547416883
-0.3597,-1.6339915513441174
-0.35870000000000013,-1.614185593146007
-0.3577,-1.584476655848841
-0.35670000000000013,-1.5561824298515403
-0.3557,-1.5349617603535646
-0.3547000000000001,-1.512326379555724
-0.3537,-1.4953498439573436
-0.3527000000000001,-1.4684703292599082
-0.3517,-1.4387613919627424
-0.3507000000000001,-1.423199567664227
-0.3497,-1.4019788981662513
-0.3487000000000001,-1.3803338152783162
-0.3477,-1.361376683860125
-0.3467000000000001,-1.3312433331729996
-0.3457,-1.3161059222644436
-0.3447000000000001,-1.2896508209569675
-0.3437,-1.2735231121385058
-0.3427000000000001,-1.2442385882312998
-0.3417,-1.2306573597525956
-0.3407000000000001,-1.2150955354540802
-0.3397,-1.1886404341466037
-0.3387000000000001,-1.1696833027284124
-0.3377,-1.1500188156602882
-0.3367000000000001,-1.1313446265020697
-0.3357,-1.1096995436141348
-0.3347000000000001,-1.0896106431560515
-0.3337,-1.076878241457266
-0.3327000000000001,-1.065419079928359
-0.3317,-1.0441984104303836
-0.3307000000000001,-1.0286365861318683
-0.3297,-1.0178847802528939
-0.3287000000000001,-0.9888831986056607
-0.3277,-0.9700675383174557
-0.3267000000000001,-0.9574766077486568
-0.3257,-0.9375291784205598
-0.3247000000000001,-0.9253626612417204
-0.3237,-0.9105081925931376
-0.3227000000000001,-0.8905607632650405
-0.3217,-0.8731598142767006
-0.3207000000000001,-0.8577394611081718
-0.3197,-0.8435923481095214
-0.3187000000000001,-0.8281719949409925
-0.3177,-0.8121857572525175
-0.3167000000000001,-0.7933700969643125
-0.3157,-0.7812035797854733
-0.3147000000000001,-0.7662076400069039
-0.3137,-0.7653588132269848
-0.3127000000000001,-0.748806691018564
-0.3117,-0.733952222369981
-0.3107000000000001,-0.7188148114614252
-0.3097,-0.7048091695927613
-0.3087000000000001,-0.6862764515645293
-0.3077,-0.672129338565879
-0.3067000000000001,-0.6626507728567832
-0.30569999999999997,-0.6500598422879843
-0.3047000000000001,-0.6395909786689831
-0.30369999999999997,-0.6298294706999144
-0.3027000000000001,-0.6152579443113044
-0.30169999999999997,-0.6079014455520062
-0.3007000000000001,-0.5967252262830725
-0.29969999999999997,-0.5813048731145436
-0.2987000000000001,-0.5723921919253939
-0.29769999999999996,-0.5631965684762711
-0.2967000000000001,-0.5518788780773508
-0.29569999999999996,-0.5456541483579447
-0.2947000000000001,-0.5313655642293078
-0.29369999999999996,-0.518774633660509
-0.29270000000000007,-0.5109937215112512
-0.29169999999999996,-0.4984027909424524
-0.29070000000000007,-0.48835834071341067
-0.28969999999999996,-0.48354832229386957
-0.28870000000000007,-0.4692597381652327
-0.28769999999999996,-0.46105441262601543
-0.28670000000000007,-0.4546882117766228
-0.28569999999999995,-0.44619994397743257
-0.28470000000000006,-0.4391263874781074
-0.28369999999999995,-0.4276672259492006
-0.28270000000000006,-0.42172543848976746
-0.28169999999999995,-0.4133786418205638
-0.28070000000000006,-0.40573920080129255
-0.27969999999999995,-0.39739240413208876
-0.27870000000000006,-0.38961149198283107
-0.27769999999999995,-0.3815476375736004
-0.27670000000000006,-0.37136171621457215
-0.27569999999999995,-0.36301491954536846
-0.27470000000000006,-0.35636577643600276
-0.27369999999999994,-0.347736037506826
-0.27270000000000005,-0.34518955716706895
-0.27169999999999994,-0.3432089613472579
-0.27070000000000005,-0.32821302156868853
-0.26969999999999994,-0.3219882918492823
-0.26870000000000005,-0.31151942823028106
-0.26769999999999994,-0.308124121110605
-0.26670000000000005,-0.30147497800123935
-0.26569999999999994,-0.2969479018416712
-0.26470000000000005,-0.287893749522535
-0.26369999999999993,-0.2826593177130343
-0.26270000000000004,-0.2771419436435607
-0.26169999999999993,-0.27035132940420853
-0.26070000000000004,-0.26412659968480234
-0.25969999999999993,-0.25733598544545017
-0.25870000000000004,-0.25464803397570657
-0.25769999999999993,-0.2477159486063679
-0.25670000000000004,-0.24106680549700227
-0.2556999999999999,-0.23441766238763656
-0.25470000000000004,-0.2279099904082574
-0.2536999999999999,-0.22409026989862182
-0.25270000000000004,-0.21857289582914816
-0.2516999999999999,-0.2119237527197825
-0.25070000000000003,-0.2086699167300929
-0.24969999999999992,-0.20329401379060577
-0.24870000000000003,-0.20018164893090268
-0.24769999999999992,-0.19282515017160448
-0.24670000000000003,-0.18759071836210386
-0.24569999999999992,-0.18136598864269768
-0.24470000000000003,-0.17797068152302162
-0.24369999999999992,-0.17400948988339954
-0.24270000000000003,-0.17075565389370992
-0.24169999999999991,-0.16495533756426325
-0.24070000000000003,-0.15943796349478964
-0.2396999999999999,-0.15547677185516753
-0.23870000000000002,-0.15179852247551845
-0.2376999999999999,-0.14698850405597733
-0.23670000000000002,-0.14472496597619325
-0.23570000000000013,-0.13944809282769668
-0.23470000000000002,-0.13551519541407187
-0.23370000000000013,-0.13216232963339172
-0.23270000000000002,-0.1274088996658452
-0.23170000000000013,-0.12463606551810973
-0.23070000000000002,-0.12170761312738912
-0.22970000000000013,-0.11877916073666848
-0.22870000000000001,-0.11351643470117054
-0.22770000000000012,-0.10914497678458758
-0.2267,-0.10601846481188584
-0.22570000000000012,-0.10316074798615847
-0.2247,-0.09912882078154311
-0.22370000000000012,-0.09603060303483868
-0.2227,-0.09264944302816126
-0.22170000000000012,-0.08948048971646357
-0.2207,-0.08713206895868761
-0.21970000000000012,-0.08321331865806145
-0.2187,-0.08015754225035297
-0.21770000000000012,-0.0772998254246256
-0.2167,-0.07415916633892522
-0.2157000000000001,-0.07066482942825858
-0.2147,-0.06816079042749747
-0.2137000000000001,-0.06591139946071205
-0.2127,-0.06371859694592126
-0.2117000000000001,-0.060478908069230314
-0.2107,-0.05842757668442602
-0.2097000000000001,-0.055357653163718885
-0.2087,-0.052301876756010404
-0.2077000000000001,-0.04961392528626684
-0.2067,-0.047520152562466576
-0.2057000000000001,-0.044577553058747305
-0.2047,-0.04269598702992681
-0.2037000000000001,-0.03976753463920618
-0.2027,-0.03790011572338433
-0.2017000000000001,-0.03545266517461782
-0.2007,-0.03351451069380272
-0.1997000000000001,-0.031505620647994365
-0.1987,-0.028874257630245398
-0.1977000000000001,-0.027162456957408702
-0.19669999999999999,-0.024842330425630044
-0.1957000000000001,-0.022989058622806844
-0.19469999999999998,-0.021093345480987697
-0.1937000000000001,-0.018957131418191494
-0.19269999999999998,-0.016552122208420932
-0.1917000000000001,-0.014868615761581536
-0.1907000000000001,-0.01313135028534727
-0.1897000000000002,-0.010563649276092229
-0.1887000000000001,-0.009293238528813426
-0.1877000000000002,-0.007339522223699811
-0.1867000000000001,-0.005776266237348945
-0.1857000000000002,-0.003849429446932765
-0.1847000000000001,-0.0020909433012005246
-0.1837000000000002,-0.00044379493476766205
-0.18270000000000008,0.001217076131273891
-0.1817000000000002,0.0018306364220253574
-0.18070000000000008,0.0033938924083762234
-0.1797000000000002,0.005237261232100367
-0.17870000000000008,0.006967453151835307
-0.1777000000000002,0.008168543045420721
-0.17670000000000008,0.010429251702605051
-0.1757000000000002,0.011280907905123802
-0.17470000000000008,0.012913484745168053
-0.1737000000000002,0.014628114840604478
-0.17270000000000008,0.016127708818461418
-0.17170000000000019,0.017613155683319705
-0.17070000000000007,0.018603453593225232
-0.16970000000000018,0.020725520543022787
-0.16870000000000007,0.02198461359990267
-0.16770000000000018,0.023017352848804146
-0.16670000000000007,0.02397935653271237
-0.16570000000000018,0.025846775448534223
-0.16470000000000007,0.027120015618412752
-0.16370000000000018,0.028563021144275093
-0.16270000000000007,0.029482583489187364
-0.16170000000000018,0.03126511972701731
-0.16070000000000007,0.03221297629792688
-0.15970000000000018,0.03303350885184861
-0.15870000000000006,0.034349190360723085
-0.15770000000000017,0.03580634299958408
-0.15670000000000006,0.037150318734455866
-0.15570000000000017,0.03782938015839108
-0.15470000000000006,0.03897529631128176
-0.15370000000000017,0.04043244895014275
-0.15270000000000006,0.04194619004099834
-0.15170000000000017,0.042568663012938955
-0.15070000000000006,0.04396922719980534
-0.14970000000000017,0.04522832025668522
-0.14870000000000005,0.045765910550633934
-0.14770000000000016,0.04703915072051247
-0.14670000000000005,0.04774650637044498
-0.14570000000000016,0.04866606871535726
-0.14470000000000005,0.04998175022423174
-0.14370000000000016,0.05087301834314672
-0.14270000000000005,0.052075522948032
-0.14170000000000016,0.05356096981289029
-0.14070000000000005,0.05449467927080121
-0.13970000000000016,0.05524447625972968
-0.13870000000000005,0.056560157768604166
-0.13770000000000016,0.05716848362754613
-0.13670000000000004,0.05879540162239092
-0.13570000000000015,0.05919152078635314
-0.13470000000000004,0.06080429166819928
-0.13370000000000015,0.06195020782108995
-0.13270000000000004,0.06251609234103597
-0.13170000000000015,0.06400153920589426
-0.13070000000000004,0.06439765836985646
-0.12970000000000015,0.0653596620537647
-0.12870000000000004,0.06690169737061757
-0.12770000000000015,0.06705731561360274
-0.12670000000000003,0.06736855209957304
-0.12570000000000014,0.06871252783444483
-0.12470000000000003,0.06956135461436386
-0.12370000000000014,0.07089118323623698
-0.12270000000000003,0.07193806959813712
-0.12170000000000014,0.07190977537213981
-0.12070000000000003,0.07335278089800215
-0.11970000000000014,0.07458357972888473
-0.11870000000000003,0.07656417554869578
-0.11770000000000014,0.07755447345860131
-0.11670000000000003,0.07783741571857432
-0.11570000000000014,0.07755447345860131
-0.11470000000000002,0.07790815128356757
-0.11370000000000013,0.07984630576438266
-0.11270000000000002,0.0808931921262828
-0.11170000000000013,0.08113369304725986
-0.11070000000000024,0.08179860735819641
-0.10970000000000013,0.08334064267504931
-0.10870000000000024,0.08365187916101963
-0.10770000000000013,0.08536367983385632
-0.10670000000000024,0.08656618443874159
-0.10570000000000013,0.08783942460862013
-0.10470000000000024,0.08911266477849866
-0.10370000000000013,0.08946634260346491
-0.10270000000000024,0.08990490310642309
-0.10170000000000012,0.09137620285828273
-0.10070000000000023,0.09214014696020983
-0.09970000000000012,0.09363974093806678
-0.09870000000000023,0.09525251181991291
-0.09770000000000012,0.09638428085980494
-0.09670000000000023,0.09731799031771587
-0.09570000000000012,0.09767166814268213
-0.09470000000000023,0.09918540923353773
-0.09370000000000012,0.10028888404743246
-0.09270000000000023,0.10096794547136766
-0.09170000000000011,0.10197239049427186
-0.09070000000000022,0.10345783735913014
-0.08970000000000011,0.10385395652309233
-0.08870000000000022,0.10501401978898167
-0.08770000000000011,0.10562234564792364
-0.08670000000000022,0.10669752623582107
-0.08570000000000011,0.10741902899875223
-0.08470000000000022,0.10883374029861728
-0.08370000000000011,0.10913082967158892
-0.08270000000000022,0.11096995436141348
-0.0817000000000001,0.1120734291753082
-0.08070000000000022,0.11350228758817188
-0.0797000000000001,0.11459161528906797
-0.07870000000000021,0.11505847001802343
-0.0777000000000001,0.11684100625585338
-0.07670000000000021,0.11620438617091411
-0.0757000000000001,0.11771812726176971
-0.07470000000000021,0.11801521663474136
-0.0737000000000001,0.12034949027951866
-0.07270000000000021,0.12148125931941069
-0.0717000000000001,0.12173590735338641
-0.07070000000000021,0.12274035237629059
-0.0697000000000001,0.12617810083496261
-0.0687000000000002,0.12746548811783978
-0.0677000000000001,0.12879531673971292
-0.0667000000000002,0.12964414351963197
-0.06570000000000009,0.13050711741254964
-0.0647000000000002,0.13221891808538633
-0.06370000000000009,0.13374680628924054
-0.0627000000000002,0.13578399056104623
-0.06170000000000009,0.13677428847095174
-0.0607000000000002,0.13814655843182086
-0.059700000000000086,0.13871244295176685
-0.058700000000000196,0.13927832747171287
-0.057700000000000085,0.14140039442151042
-0.056700000000000195,0.14175407224647668
-0.05570000000000008,0.1433102546763282
-0.05470000000000019,0.14543232162612577
-0.05370000000000008,0.14755438857592332
-0.05270000000000019,0.1509496956955994
-0.05170000000000008,0.1543450028152755
-0.05070000000000019,0.15575971411514053
-0.04970000000000008,0.15632559863508652
-0.04870000000000019,0.15632559863508652
-0.047700000000000076,0.15717442541500556
-0.046700000000000186,0.1574573676749786
-0.045700000000000074,0.16014531914472213
-0.044700000000000184,0.16014531914472213
-0.04370000000000007,0.16396503965435774
-0.04270000000000018,0.16707740451406086
-0.04170000000000007,0.16707740451406086
-0.04070000000000018,0.16877505807389886
-0.03970000000000007,0.173302134233467
-0.03870000000000018,0.17231183632356148
-0.03770000000000007,0.17259477858353447
-0.03670000000000018,0.17443390327335903
-0.035700000000000065,0.1769803836131161
-0.034700000000000175,0.1805171618627787
-0.03370000000000006,0.18136598864269768
-0.03270000000000017,0.18306364220253574
-0.03170000000000006,0.18306364220253574
-0.03070000000000017,0.1860345359322523
-0.02970000000000006,0.18872248740199588
-0.02870000000000017,0.18886395853198237
-0.027700000000000058,0.19169338113171247
-0.026700000000000168,0.19098602548177993
-0.025700000000000056,0.19112749661176645
-0.024700000000000166,0.19523015938137506
-0.023700000000000054,0.19791811085111863
-0.022700000000000164,0.19961576441095666
-0.021700000000000053,0.2011719468408082
-0.020700000000000163,0.20272812927065975
-0.01970000000000005,0.2078210899501739
-0.01870000000000016,0.20951874351001196
-0.01770000000000005,0.21220669497975553
-0.01670000000000016,0.21234816610974203
-0.015700000000000047,0.21390434853959353
-0.014700000000000157,0.2160264154893911
-0.013700000000000045,0.2164508288793506
-0.012700000000000156,0.2167337711393236
-0.011700000000000044,0.22126084729889173
-0.010700000000000154,0.22210967407881074
-0.009700000000000042,0.22380732763864883
-0.008700000000000152,0.22578792345845985
-0.00770000000000004,0.2293247017081224
-0.00670000000000015,0.23512501803756908
-0.005700000000000038,0.23371030673770407
-0.0047000000000001485,0.23583237368750162
-0.0037000000000000366,0.2423400456668808
-0.0027000000000001467,0.24615976617651636
-0.0017000000000000348,0.24446211261667833
-0.000700000000000145,0.2485647753862869
0.00029999999999996696,0.24842330425630044
0.0012999999999998568,0.25139419798601703
0.0022999999999999687,0.2552139184956526
0.0032999999999998586,0.2552139184956526
0.0042999999999999705,0.2567701009255041
0.00529999999999986,0.2580433410953827
0.006299999999999972,0.25974099465522077
0.007299999999999862,0.2627118883849373
0.008299999999999974,0.2768590013835877
0.009299999999999864,0.2728978097439656
0.010299999999999976,0.27204898296404656
0.011299999999999866,0.2728978097439656
0.012299999999999978,0.27473693443379016
