Experiment,Voltage_Ar,Overpotential V at 0.5 mA/cm2_Ar,Current Density 0.5 mA/cm2_Ar,Overpotential V at 1.0 mA/cm2_Ar,Current Density 1.0 mA/cm2_Ar,Overpotential V at 1.5 mA/cm2_Ar,Current Density 1.5 mA/cm2_Ar,Overpotential V at 2.0 mA/cm2_Ar,Current Density 2.0 mA/cm2_Ar,Overpotential V at 2.5 mA/cm2_Ar,Current Density 2.5 mA/cm2_Ar,Overpotential V at 3.0 mA/cm2_Ar,Current Density 3.0 mA/cm2_Ar,Overpotential V at 3.5 mA/cm2_Ar,Current Density 3.5 mA/cm2_Ar,Overpotential V at 4.0 mA/cm2_Ar,Current Density 4.0 mA/cm2_Ar,Overpotential V at 4.5 mA/cm2_Ar,Current Density 4.5 mA/cm2_Ar,Overpotential V at 5.0 mA/cm2_Ar,Current Density 5.0 mA/cm2_Ar,Overpotential V at 5.5 mA/cm2_Ar,Current Density 5.5 mA/cm2_Ar,Overpotential V at 6.0 mA/cm2_Ar,Current Density 6.0 mA/cm2_Ar,Overpotential V at 6.5 mA/cm2_Ar,Current Density 6.5 mA/cm2_Ar,Overpotential V at 7.0 mA/cm2_Ar,Current Density 7.0 mA/cm2_Ar,Overpotential V at 7.5 mA/cm2_Ar,Current Density 7.5 mA/cm2_Ar,Overpotential V at 8.0 mA/cm2_Ar,Current Density 8.0 mA/cm2_Ar,Overpotential V at 8.5 mA/cm2_Ar,Current Density 8.5 mA/cm2_Ar,Overpotential V at 9.0 mA/cm2_Ar,Current Density 9.0 mA/cm2_Ar,Overpotential V at 9.5 mA/cm2_Ar,Current Density 9.5 mA/cm2_Ar,Overpotential V at 10.0 mA/cm2_Ar,Current Density 10.0 mA/cm2_Ar,Overpotential V at 20.0 mA/cm2_Ar,Current Density 20.0 mA/cm2_Ar,Overpotential V at 30.0 mA/cm2_Ar,Current Density 30.0 mA/cm2_Ar,Overpotential V at 40.0 mA/cm2_Ar,Current Density 40.0 mA/cm2_Ar,Overpotential V at 50.0 mA/cm2_Ar,Current Density 50.0 mA/cm2_Ar
exp1,-1600mV,-0.3317,-0.4910462921831541,-0.3657,-0.9955323417150264,-0.3857,-1.4939351326574788,-0.4006999999999999,-2.001816489309027,-0.4117,-2.4842330425630044,-0.4206999999999999,-2.970893729716577,-0.4286999999999999,-3.532534115762996,-0.4347,-4.014950669016974,-0.4397000000000001,-4.501611356170546,-0.4437000000000001,-4.962807239926549,-0.4477000000000001,-5.460785617479042,-0.4517000000000001,-6.016767158326001,-0.4547,-6.493524866380518,-0.4577000000000001,-7.002820934331931,-0.4607,-7.540411228280647,-0.4627,-7.94360394874218,-0.4657000000000001,-8.549100385084417,-0.4677000000000001,-8.998978578441498,-0.4697000000000001,-9.453100905698175,-0.4717000000000001,-9.918540923353772,-0.5036999999999999,-19.862546650105116,-0.5277,-30.17579202612123,-0.5457,-39.83827020419943,-0.5617,-49.98175022423175
exp2,-1800mV,-0.6047000000000001,-0.4991101465923849,-0.6326999999999999,-0.9904393810355122,-0.6477,-1.5080822456561291,-0.6567,-1.9692781294121309,-0.6647,-2.515356691160035,-0.6707,-3.0402145834099636,-0.6747,-3.4518955716706894,-0.6797000000000001,-4.054562585413195,-0.6827,-4.466243573673921,-0.6867,-5.078813566515482,-0.6887,-5.421173701082821,-0.6917000000000001,-5.967252262830725,-0.6947,-6.574163410472826,-0.6967,-7.011309202131122,-0.6987,-7.479578642386449,-0.7007,-7.978971731238807,-0.7027,-8.503829623488736,-0.7047,-9.07537298863421,-0.7057000000000001,-9.366803516406408,-0.7077000000000001,-9.98786177704716,-0.7307,-20.13134179707947,-0.7456999999999999,-30.161644913122583,-0.7576999999999999,-40.29097782015624,-0.7676999999999999,-49.98175022423175
exp3,-1800mV,-0.3537,-0.5032128093619935,-0.3977,-1.0006253023945404,-0.4246999999999999,-1.505252823056399,-0.4447,-1.9989870667092968,-0.4617000000000001,-2.509697845960575,-0.4757000000000001,-3.0119203574126634,-0.4876999999999999,-3.5014104671659654,-0.4987,-4.009291823817514,-0.5087,-4.515758469169198,-0.5176999999999999,-5.0292986710202054,-0.5257,-5.520203492073373,-0.5327000000000001,-5.99696120012789,-0.5397,-6.514745535878494,-0.5457,-6.983014976133821,-0.5517,-7.4753345084868545,-0.5577,-8.022827781534623,-0.5627000000000001,-8.523635581686847,-0.5677,-9.038590494837718,-0.5717,-9.455930328297908,-0.5767000000000001,-10.018985425644187,-0.6366999999999999,-20.046459119087572,-0.6727,-29.878702653149578,-0.7007,-39.95144710818864,-0.7247,-50.1939569192115
exp4,-1700mV,-0.1007000000000002,-0.4988272043324118,-0.0117,1.0057182630740549,-0.2267,-1.4911057100577487,-0.2547,-1.993328221509837,-0.2787,-2.4983801555616547,-0.3027000000000001,-2.997773244414013,0.0092999999999998,3.499995755866101,-0.3866999999999999,-3.9937299995189983,-0.4146999999999999,-4.505855490070142,-0.4297000000000001,-5.002419156322769,-0.4407,-5.493323977375938,-0.4497000000000001,-5.98564350972897,-0.4577000000000001,-6.513330824578629,-0.4647,-7.008479779531392,-0.4707,-7.500799311884425,-0.4767,-8.045463162332464,-0.4817000000000001,-8.539197405985362,-0.4857000000000001,-8.956537239445547,-0.4907,-9.511104068992642,-0.4947,-9.970885241448778,-0.5517,-20.01816489309027,-0.5877,-30.04846800913338,-0.6177,-40.05047689917919,-0.6426999999999999,-49.86857332024254
exp5,-1800mV,-0.4487,-0.501656626932142,-0.4896999999999999,-1.0010497157844995,-0.5167,-1.505252823056399,-0.5367000000000001,-2.0060606232086218,-0.5517,-2.4842330425630044,-0.5647000000000001,-2.9850408427152275,-0.5757,-3.502825178465831,-0.5847000000000001,-3.989485865619403,-0.5937,-4.525661448268252,-0.6007000000000001,-5.020810403221016,-0.6067000000000001,-5.4622003287789065,-0.6126999999999999,-5.9601787063314,-0.6186999999999999,-6.499183711579978,-0.6237,-6.967453151835306,-0.6286999999999999,-7.50221402318429,-0.6326999999999999,-7.942189237442316,-0.6377,-8.522220870386981,-0.6417,-9.034346360938123,-0.6446999999999999,-9.447442060498714,-0.6486999999999999,-9.935517458952152,-0.6987,-19.890840876102416,-0.7307,-30.147497800123933,-0.7536999999999999,-39.95144710818864,-0.7736999999999999,-50.1939569192115
exp6,-1700mV,-0.4237000000000001,-0.4988272043324118,-0.4557000000000001,-0.9911467366854448,-0.4747,-1.5038381117565338,-0.4876999999999999,-2.011719468408082,-0.4976999999999999,-2.5266743815589554,-0.5056999999999999,-3.034555738210504,-0.5116999999999999,-3.4900927767670455,-0.5176999999999999,-4.014950669016974,-0.5227,-4.512929046569467,-0.5267000000000001,-4.952904260827493,-0.5307000000000001,-5.438150236681202,-0.5347000000000001,-5.97432581933005,-0.5387000000000001,-6.55860158617431,-0.5417,-7.031115160329232,-0.5447000000000001,-7.540411228280647,-0.5477,-8.08366036742882,-0.5497,-8.458558861893053,-0.5527000000000001,-9.0555670304361,-0.5547000000000001,-9.47715099779588,-0.5567000000000001,-9.917126212053908,-0.5887000000000001,-19.834252424107817,-0.6097,-29.76552574916037,-0.6266999999999999,-40.092918238175145,-0.6406999999999999,-50.094927128220945
exp7,-1600mV,-0.3227000000000001,-0.502222511452088,-0.3547000000000001,-1.000483831264554,-0.3706999999999999,-1.4953498439573436,-0.3817,-1.980595819811051,-0.3906999999999999,-2.49413602166206,-0.3977,-2.9878702653149576,-0.4037,-3.4816045089678553,-0.4086999999999999,-3.962606350921967,-0.4137,-4.508684912669872,-0.4177,-5.0052485789225,-0.4217000000000001,-5.549912429370539,-0.4246999999999999,-5.97432581933005,-0.4277000000000001,-6.455327661284162,-0.4306999999999999,-6.9646237292355755,-0.4337000000000001,-7.503628734484154,-0.4357000000000001,-7.899747898446365,-0.4387,-8.506659046088465,-0.4407,-8.948048971646358,-0.4427,-9.407830144102494,-0.4447,-9.873270161758091,-0.4747,-19.93328221509837,-0.4956999999999999,-29.892849766148224,-0.5156999999999999,-39.86656443019674,-0.5367000000000001,-49.78369064225064
exp8,-1400mV,-0.0057,-0.4920365900930598,-0.0267000000000001,-0.9902979099055256,-0.1737000000000002,-1.501008689156804,0.0132999999999998,2.017378313607542,-0.2227,-2.5167714024599,-0.2347,-3.0119203574126634,-0.2416999999999999,-3.4915074880669104,-0.2496999999999999,-4.0319272046153545,-0.2547,-4.470487707573516,-0.2596999999999999,-4.972710219025604,-0.2647,-5.540009450271484,-0.2676999999999999,-5.97149639673032,-0.2716999999999999,-6.511916113278764,-0.2756999999999999,-7.077800633224777,-0.2776999999999999,-7.434307880790768,-0.2807,-7.90682145494569,-0.2836999999999999,-8.450070594093864,-0.2867,-9.059811164335692,-0.2887,-9.43753908139966,-0.2916999999999999,-10.102453392336226,-0.3247000000000001,-19.93328221509837,-0.3467000000000001,-29.892849766148224,-0.3646999999999999,-40.191948029165694,-0.3786999999999999,-49.68466085126009
exp9,-1400mV,-0.0137,-0.4992516177223714,-0.1427,-1.003313253864284,-0.1737000000000002,-1.5179852247551844,-0.1917000000000001,-1.9919135102099716,-0.2027,-2.4799889086634095,-0.2127,-3.0161644913122583,-0.2207,-3.5113134462650213,-0.2267,-3.9668504848215624,-0.2327,-4.521417314368658,-0.2376999999999999,-5.006663290222365,-0.2427,-5.549912429370539,-0.2467,-5.995546488828026,-0.2507,-6.502013134179709,-0.2536999999999999,-6.960379595335981,-0.2576999999999999,-7.529093537881726,-0.2607,-7.961995195640427,-0.2636999999999999,-8.50241491218887,-0.2667,-8.977757908943524,-0.2696999999999999,-9.546471851489269,-0.2716999999999999,-9.897320253855796,-0.3097,-20.01816489309027,-0.3337,-29.935291105144177,-0.3527000000000001,-39.96559422118728,-0.3686999999999999,-49.98175022423175
exp10,-1900mV,-0.6466999999999999,-0.4964221951226413,-0.6817000000000001,-1.004727965164149,-0.6997000000000001,-1.498179266557074,-0.7117000000000001,-1.9777663972113213,-0.7217000000000001,-2.5139419798601703,-0.7287,-2.9822114201154974,-0.7347,-3.4646279733694745,-0.7407,-4.037586049814815,-0.7447,-4.457755305874731,-0.7487,-4.938757147828842,-0.7527,-5.469273885278232,-0.7567,-6.036573116524112,-0.7596999999999999,-6.511916113278764,-0.7627,-7.014138624730852,-0.7656999999999999,-7.561631897778621,-0.7676999999999999,-7.945018660042045,-0.7707,-8.554759230283878,-0.7727,-8.982002042843117,-0.7747,-9.427636102300603,-0.7767000000000001,-9.898734965155665,-0.8077,-19.890840876102416,-0.8287000000000001,-30.07676223513068,-0.8447000000000001,-39.83827020419943,-0.8587000000000001,-49.95345599823444
exp11,-1600mV,-0.3287000000000001,-0.5020810403221014,-0.3657,-0.9969470530148912,-0.3846999999999999,-1.4911057100577487,-0.3986999999999999,-2.0004017780091616,-0.4097,-2.515356691160035,-0.4177,-2.9921143992145525,-0.4246999999999999,-3.499995755866101,-0.4306999999999999,-4.014950669016974,-0.4357000000000001,-4.529905582167847,-0.4397000000000001,-5.01090742412196,-0.4437000000000001,-5.5541565632701335,-0.4467,-5.99130235492843,-0.4497000000000001,-6.494939577680383,-0.4527,-7.038188716828557,-0.4547,-7.431478458191038,-0.4577000000000001,-8.055366141431518,-0.4597000000000001,-8.509488468688197,-0.4617000000000001,-8.984831465442848,-0.4637000000000001,-9.515348202892236,-0.4657000000000001,-10.0387913838423,-0.4916999999999999,-19.947429328097016,-0.5107,-30.232380478115836,-0.5257,-39.80997597820213,-0.5397,-50.052485789224995
exp12,-1500mV,-0.0587000000000001,-0.4999589733723039,-0.2247,-1.00953798358369,-0.2487,-1.4797880196588282,-0.2636999999999999,-1.9947429328097015,-0.2736999999999999,-2.467256506964624,-0.2827,-2.997773244414013,-0.2896999999999999,-3.532534115762996,-0.2956999999999999,-4.051733162813465,-0.3007000000000001,-4.531320293467712,-0.3047000000000001,-4.934513013929248,-0.3097,-5.5145446468739125,-0.3137,-6.008278890526811,-0.3167000000000001,-6.448254104784837,-0.3207000000000001,-7.053750541127073,-0.3237,-7.483822776286043,-0.3267000000000001,-8.024242492834487,-0.3297,-8.546270962484687,-0.3317,-8.918340034349193,-0.3347000000000001,-9.49412753339426,-0.3377,-10.081232722838251,-0.3746999999999999,-20.17378313607542,-0.3997,-29.991879557138777,-0.4197000000000001,-40.00803556018324,-0.4367,-50.30713382320071
exp13,-1900mV,-0.5707000000000001,-0.5009492712822095,-0.6087000000000001,-0.9907223232954852,-0.6306999999999999,-1.499593977856939,-0.6446999999999999,-1.9890840876102416,-0.6557000000000001,-2.472915352164084,-0.6647,-2.994943821814283,-0.6727,-3.492922199366775,-0.6787,-3.958362217022373,-0.6847,-4.469072996273651,-0.6897000000000001,-4.959977817326819,-0.6947,-5.528691759872564,-0.6987,-6.026670137425056,-0.7027,-6.55294274097485,-0.7057000000000001,-7.026871026429637,-0.7087,-7.471090374587258,-0.7117000000000001,-7.940774526142452,-0.7147,-8.520806159087115,-0.7167,-8.931072436047977,-0.7197000000000001,-9.50544522379318,-0.7217000000000001,-9.948249860650938,-0.7527,-19.805958198110513,-0.7716999999999999,-30.303116043109085,-0.7857,-40.03632978618054,-0.7967000000000001,-49.62807239926549
exp14,-1800mV,-0.6607,-0.4972710219025603,-0.6807,-1.004586494034163,-0.6907,-1.5094969569559942,-0.6977000000000001,-2.0414284057052483,-0.7027,-2.550724473656661,-0.7067,-3.054361696408614,-0.7097000000000001,-3.5014104671659654,-0.7127,-4.01636538031684,-0.7157000000000001,-4.6020558584609645,-0.7177000000000001,-5.039201650119261,-0.7197000000000001,-5.513129935574048,-0.7217000000000001,-6.029499560024787,-0.7237000000000001,-6.589725234771341,-0.7247,-6.8853998964431335,-0.7267,-7.51353171358321,-0.7277000000000001,-7.845988869051494,-0.7297000000000001,-8.546270962484687,-0.7307,-8.914095900449595,-0.7327,-9.697845960574826,-0.7337000000000001,-10.106697526235822,-0.7516999999999999,-19.820105311109163,-0.7656999999999999,-30.402145834099635,-0.7767000000000001,-40.37586049814815,-0.7857,-49.472454156280335
exp15,-1800mV,-0.4117,-0.4975539641625333,-0.4587,-1.0028888404743244,-0.4867,-1.501008689156804,-0.5067,-1.9975723554094316,-0.5216999999999999,-2.4842330425630044,-0.5347000000000001,-3.003432089613473,-0.5447000000000001,-3.4915074880669104,-0.5537,-4.006462401217783,-0.5607000000000001,-4.471902418873381,-0.5677,-4.9896867546239845,-0.5737,-5.496153399975667,-0.5787000000000001,-5.961593417631265,-0.5837,-6.462401217783487,-0.5887000000000001,-7.014138624730852,-0.5927000000000001,-7.49089633278537,-0.5967000000000001,-8.018583647635028,-0.6007000000000001,-8.570321054582392,-0.6037,-9.01029626884042,-0.6067000000000001,-9.49695695599399,-0.6097,-9.997764756146214,-0.6497,-19.848399537106463,-0.6757000000000001,-30.18993913911989,-0.6947,-40.10706535117379,-0.7107,-50.024191563227696
exp16,-1900mV,-0.4767,-0.5017980980621284,-0.5216999999999999,-1.004586494034163,-0.5477,-1.498179266557074,-0.5667000000000001,-2.011719468408082,-0.5807000000000001,-2.50262428946125,-0.5927000000000001,-3.003432089613473,-0.6027000000000001,-3.4971663332663705,-0.6117,-4.002218267318188,-0.6197,-4.495952510971087,-0.6266999999999999,-4.975539641625334,-0.6337,-5.486250420876612,-0.6406999999999999,-6.040817250423707,-0.6457,-6.462401217783487,-0.6517000000000001,-6.990088532633147,-0.6567,-7.456943261588608,-0.6627,-8.048292584932193,-0.6667,-8.455729439293325,-0.6717000000000001,-8.990490310642308,-0.6767,-9.549301274088998,-0.6807,-10.017570714344323,-0.7467,-20.00401778009162,-0.7907000000000001,-29.878702653149578,-0.8247000000000001,-40.00803556018324,-0.8517,-50.010044450229046
exp17,-1800mV,-0.6166999999999999,-0.5027883959720341,-0.6406999999999999,-1.0027473693443378,-0.6537000000000001,-1.5193999360550492,-0.6617000000000001,-1.9791811085111863,-0.6687,-2.51111255726044,-0.6737000000000001,-2.9793819975157674,-0.6787,-3.5381929609624567,-0.6827,-4.060221430612655,-0.6857000000000001,-4.503026067470412,-0.6887,-4.992516177223715,-0.6917000000000001,-5.532935893772159,-0.6937000000000001,-5.927640346434504,-0.6967,-6.562845720073906,-0.6987,-7.026871026429637,-0.7007,-7.51919055878267,-0.7027,-8.04121902843287,-0.7047,-8.600029991879557,-0.7057000000000001,-8.89004580835189,-0.7077000000000001,-9.49695695599399,-0.7097000000000001,-10.146309442632043,-0.7317000000000001,-20.08890045808352,-0.7467,-30.37385160810234,-0.7576999999999999,-39.85241731719808,-0.7676999999999999,-49.925161772237146
exp18,-1700mV,-0.2527,-0.4969880796425873,-0.3027000000000001,-1.008972099063744,-0.3287000000000001,-1.5151558021554543,-0.3487000000000001,-2.017378313607542,-0.3637,-2.4828183312631396,-0.3777,-2.9878702653149576,-0.3886999999999999,-3.4900927767670455,-0.3986999999999999,-3.9781681752204823,-0.4086999999999999,-4.524246736968387,-0.4166999999999999,-4.9826131981246595,-0.4246999999999999,-5.534350605072024,-0.4317000000000001,-5.992717066228296,-0.4387,-6.54162505057593,-0.4447,-7.025456315129772,-0.4507,-7.503628734484154,-0.4567,-8.012924802435567,-0.4617000000000001,-8.476950108791302,-0.4667,-8.963610795944874,-0.4717000000000001,-9.48280984299534,-0.4767,-10.028888404743244,-0.5337,-20.117194684080825,-0.5627000000000001,-30.03432089613473,-0.5827000000000001,-39.93729999518999,-0.5987000000000001,-50.06663290222365
exp19,-1700mV,-0.2987000000000001,-0.5061837030917101,-0.3307000000000001,-0.9918540923353774,-0.3507000000000001,-1.505252823056399,-0.3646999999999999,-2.001816489309027,-0.3757,-2.4884771764625997,-0.3857,-3.021823336511718,-0.3937,-3.5282899818634013,-0.4006999999999999,-4.01070653511738,-0.4066999999999999,-4.4775612640728415,-0.4126999999999999,-4.98827204332412,-0.4186999999999999,-5.540009450271484,-0.4237000000000001,-6.035158405224247,-0.4286999999999999,-6.5515280296749845,-0.4327,-6.98584439873355,-0.4377000000000001,-7.557387763879025,-0.4417000000000001,-8.025657204134353,-0.4457000000000001,-8.512317891287925,-0.4497000000000001,-9.02161395923934,-0.4537000000000001,-9.53656887239021,-0.4577000000000001,-10.058597342040413,-0.5247,-20.06060623208622,-0.5677,-30.11920357412663,-0.5937,-39.89485865619403,-0.6126999999999999,-49.71295507725739
exp20,-1900mV,-0.4867,-0.4989686754623983,-0.5247,-1.0040206095142166,-0.5497,-1.5038381117565338,-0.5677,-1.9975723554094316,-0.5817,-2.4870624651627344,-0.5937,-2.994943821814283,-0.6037,-3.509898734965156,-0.6117,-3.989485865619403,-0.6197,-4.508684912669872,-0.6266999999999999,-5.0222251145208805,-0.6326999999999999,-5.506056379074723,-0.6386999999999999,-6.033743693924381,-0.6437,-6.5246485149775495,-0.6486999999999999,-7.018382758630446,-0.6527,-7.458357972888473,-0.6567,-7.95775106174083,-0.6617000000000001,-8.530709138186172,-0.6647,-8.94663426034649,-0.6687,-9.488468688194802,-0.6717000000000001,-9.99917946744608,-0.7197000000000001,-20.046459119087572,-0.7476999999999999,-29.96358533114148,-0.7676999999999999,-39.95144710818864,-0.7847000000000001,-50.0807800152223
exp21,-1800mV,-0.5907000000000001,-0.4964221951226413,-0.6237,-1.0057182630740549,-0.6397,-1.502423400456669,-0.6507,-1.9975723554094316,-0.6587,-2.4700859295643536,-0.6657000000000001,-3.009090934812933,-0.6707,-3.4518955716706894,-0.6757000000000001,-3.988071154319539,-0.6797000000000001,-4.46058472847446,-0.6837000000000001,-5.001004445022905,-0.6867,-5.4551267722795815,-0.6897000000000001,-5.933299191633965,-0.6927,-6.452498238684432,-0.6957000000000001,-7.024041603829907,-0.6977000000000001,-7.439966725990228,-0.7007,-8.069513254430168,-0.7027,-8.542026828585092,-0.7047,-9.0555670304361,-0.7067,-9.587498479185356,-0.7077000000000001,-9.877514295657685,-0.7337000000000001,-20.202077362072725,-0.7487,-29.73723152316307,-0.7607,-39.62606350921968,-0.7716999999999999,-50.53348763117911
exp22,-1500mV,-0.0587000000000001,-0.4314869464588362,-0.0517,1.0318904221215577,-0.0497,1.5250587812545096,-0.0677000000000001,-2.0032312006088917,-0.0707000000000002,-2.4828183312631396,-0.0747000000000002,-3.0189939139119883,-0.0787000000000002,-3.5169722914644814,-0.0827000000000002,-3.986656443019674,-0.0877000000000001,-4.534149716067443,-0.0917000000000001,-4.971295507725738,-0.0977000000000001,-5.530106471172428,-0.1027000000000002,-5.9884729323287,-0.1087000000000002,-6.511916113278764,-0.1137000000000001,-6.958964884036115,-0.1197000000000001,-7.503628734484154,-0.1247,-7.963409906940291,-0.0287000000000001,8.512317891287925,-0.1357000000000001,-9.014540402740012,-0.1407,-9.50544522379318,-0.1457000000000001,-10.020400136944057,-0.0087000000000001,19.98987066709297,-0.2647,-29.935291105144177,-0.4177,-39.95144710818864,-0.4387,-49.93930888523579
exp23,-1800mV,-0.3447000000000001,-0.4962807239926549,-0.3866999999999999,-1.001898542564419,-0.4117,-1.4939351326574788,-0.4306999999999999,-1.9989870667092968,-0.4457000000000001,-2.4884771764625997,-0.4597000000000001,-3.009090934812933,-0.4717000000000001,-3.507069312365426,-0.4827,-3.988071154319539,-0.4936999999999999,-4.498781933570816,-0.5036999999999999,-4.998175022423175,-0.5127,-5.476347441777556,-0.5216999999999999,-5.984228798429105,-0.5297,-6.469474774282813,-0.5377,-6.997162089132471,-0.5447000000000001,-7.486652198885773,-0.5517,-8.028486626734082,-0.5577,-8.519391447787251,-0.5637,-9.040005206137584,-0.5687000000000001,-9.508274646392913,-0.5737,-9.989276488347024,-0.6417,-20.08890045808352,-0.6817000000000001,-30.02017378313608,-0.7147,-39.90900576919269,-0.7447,-49.9958973372304
exp24,-1400mV,-0.0037,-0.4971295507725738,-0.0277,-1.005859734204041,-0.1617000000000001,-1.499593977856939,-0.1946999999999999,-2.0032312006088917,-0.2077000000000001,-2.50262428946125,-0.2187,-3.0076762235130676,-0.2257000000000001,-3.4561397055702843,-0.2327,-4.002218267318188,-0.2387,-4.501611356170546,-0.2436999999999999,-4.996760311123309,-0.2476999999999999,-5.465029751378637,-0.2516999999999999,-5.944616882032884,-0.2556999999999999,-6.435521703086052,-0.2596999999999999,-6.980185553534091,-0.2627,-7.479578642386449,-0.2656999999999999,-7.933700969643125,-0.2687,-8.437338192395078,-0.2716999999999999,-8.997563867141633,-0.2747,-9.516762914192102,-0.2767,-9.948249860650938,-0.3137,-19.834252424107817,-0.3387000000000001,-29.949438218142824,-0.3577,-39.88071154319538,-0.3737,-49.81198486824794
exp25,-1900mV,-0.6997000000000001,-0.4985442620724389,-0.7257000000000001,-0.9987861777047158,-0.7387,-1.4783733083589634,-0.7487,-2.0315254266061924,-0.7547,-2.4743300634639493,-0.7607,-3.0260674704113137,-0.7647,-3.46887210726907,-0.7687,-3.9809975978202137,-0.7727,-4.569517498564068,-0.7757,-5.066081164816696,-0.7777,-5.4296619688820105,-0.7807000000000001,-6.021011292225596,-0.7827000000000001,-6.451083527384568,-0.7847000000000001,-6.906620565941108,-0.7867000000000001,-7.393281253094682,-0.7887000000000001,-7.91530972274488,-0.7907000000000001,-8.46563241839238,-0.7927000000000001,-9.0555670304361,-0.7937,-9.365388805106544,-0.7957,-10.003423601345672,-0.8177,-19.721075520118617,-0.8337,-30.07676223513068,-0.8467000000000001,-40.40415472414545,-0.8577,-50.40616361419126
exp26,-1800mV,-0.4936999999999999,-0.504486049531872,-0.5277,-1.0065670898539736,-0.5467000000000001,-1.510911668255859,-0.5597,-2.0103047571082175,-0.5697,-2.5139419798601703,-0.5777,-2.996358533114148,-0.5847000000000001,-3.508484023665291,-0.5907000000000001,-4.003632978618054,-0.5957,-4.478975975372705,-0.6007000000000001,-5.003833867622634,-0.6047000000000001,-5.469273885278232,-0.6087000000000001,-5.98564350972897,-0.6126999999999999,-6.540210339276065,-0.6157,-7.001406223032068,-0.6186999999999999,-7.473919797186989,-0.6217,-7.976142308639078,-0.6246999999999999,-8.533538560785903,-0.6266999999999999,-8.916925323049327,-0.6297,-9.535154161090349,-0.6317,-9.96522639624932,-0.6627,-19.876693763103766,-0.6817000000000001,-29.779672862159025,-0.6967,-40.29097782015624,-0.7087,-50.40616361419126
exp27,-1700mV,-0.0407000000000001,0.4920365900930598,-0.0847000000000002,-1.0037376672542435,-0.1107000000000002,-1.502423400456669,-0.1347,-1.9961576441095663,-0.1557000000000001,-2.50828313466071,-0.0147000000000001,2.9878702653149576,-0.1857000000000002,-3.492922199366775,-0.0087000000000001,4.0121212464172435,-0.2087,-4.483220109272302,-0.3497,-5.002419156322769,-0.2287,-5.506056379074723,-0.3137,-6.00262004532735,-0.2476999999999999,-6.503427845479574,-0.2576999999999999,-7.001406223032068,-0.2927,-7.495140466684964,-0.4177,-7.964824618240158,-0.4237000000000001,-8.486853087890356,-0.4286999999999999,-8.983416754142983,-0.4337000000000001,-9.521007048091697,-0.4377000000000001,-9.958152839749992,-0.4967,-20.03231200608892,-0.5357,-29.921143992145527,-0.5727000000000001,-40.10706535117379,-0.6047000000000001,-49.95345599823444
exp28,-1800mV,-0.4637000000000001,-0.4959977817326818,-0.5007,-0.9949664571950804,-0.5247,-1.4896909987578837,-0.5447000000000001,-1.9904987989101068,-0.5607000000000001,-2.4828183312631396,-0.5747000000000001,-2.9822114201154974,-0.5867000000000001,-3.4773603750682605,-0.5977,-4.026268359415894,-0.6057,-4.4846348205721664,-0.6146999999999999,-5.0222251145208805,-0.6206999999999999,-5.472103307877963,-0.6277,-6.025255426125191,-0.6337,-6.537380916676335,-0.6386999999999999,-7.016968047330582,-0.6437,-7.53616709438105,-0.6477,-7.964824618240158,-0.6527,-8.517976736487388,-0.6567,-9.054152319136236,-0.6597000000000001,-9.45734503959777,-0.6637000000000001,-10.023229559543786,-0.7127,-20.07475334508487,-0.7416999999999999,-30.03432089613473,-0.7616999999999999,-39.80997597820213,-0.7777,-50.12322135421825
exp29,-1700mV,-0.3837,-0.4991101465923849,-0.4407,-0.9980788220547832,-0.4807,-1.4967645552572086,-0.5096999999999999,-2.007475334508487,-0.5287000000000001,-2.4913065990623298,-0.5427000000000001,-2.9864555540150928,-0.5537,-3.5169722914644814,-0.5617,-3.999388844718459,-0.5687000000000001,-4.528490870867983,-0.5737,-4.972710219025604,-0.5787000000000001,-5.482006286977017,-0.5827000000000001,-5.94603159333275,-0.5867000000000001,-6.468060062982947,-0.5907000000000001,-7.060824097626399,-0.5937,-7.550314207379701,-0.5967000000000001,-8.080830944829088,-0.5987000000000001,-8.46563241839238,-0.6017,-9.076787699934076,-0.6037,-9.519592336791831,-0.6057,-9.983617643147564,-0.6337,-19.947429328097016,-0.6507,-30.147497800123933,-0.6627,-39.66850484821563,-0.6737000000000001,-49.86857332024254
exp30,-1800mV,-0.5857,-0.4952904260827492,-0.6107000000000001,-0.9897320253855796,-0.6257,-1.510911668255859,-0.6357,-2.001816489309027,-0.6437,-2.512527268560305,-0.6497,-2.975137863616172,-0.6557000000000001,-3.5297046931632665,-0.6597000000000001,-3.9541180831227782,-0.6647,-4.556785096865283,-0.6677000000000001,-4.961392528626684,-0.6717000000000001,-5.5541565632701335,-0.6747,-6.042231961723571,-0.6777000000000001,-6.575578121772692,-0.6797000000000001,-6.953306038836654,-0.6827,-7.564461320378352,-0.6847,-7.995948266837187,-0.6867,-8.45431472799346,-0.6887,-8.933901858647706,-0.6907,-9.440368503999393,-0.6927,-9.973714664048508,-0.7197000000000001,-20.21622447507137,-0.7367,-30.02017378313608,-0.7507,-40.10706535117379,-0.7627,-50.0807800152223
exp31,-1900mV,-0.6417,-0.4951489549527627,-0.6707,-1.0026058982143515,-0.6857000000000001,-1.4840321535584236,-0.6967,-1.993328221509837,-0.7047,-2.4799889086634095,-0.7117000000000001,-3.009090934812933,-0.7167,-3.4589691281700143,-0.7217000000000001,-3.9725093300210226,-0.7257000000000001,-4.4379493476766205,-0.7297000000000001,-4.955733683427223,-0.7337000000000001,-5.531521182472294,-0.7367,-6.008278890526811,-0.7396999999999999,-6.513330824578629,-0.7427,-7.066482942825859,-0.7447,-7.455528550288744,-0.7476999999999999,-8.08366036742882,-0.7496999999999999,-8.523635581686847,-0.7516999999999999,-8.993319733242037,-0.7536999999999999,-9.47998042039561,-0.7556999999999999,-9.992105910946751,-0.7837,-20.00401778009162,-0.8027000000000001,-30.317263156107735,-0.8167000000000001,-39.92315288219133,-0.8297,-50.34957516219666
exp32,-1900mV,-0.5637,-0.4976954352925198,-0.6007000000000001,-0.9927029191152964,-0.6206999999999999,-1.5094969569559942,-0.6346999999999999,-2.021622447507138,-0.6446999999999999,-2.5196008250596305,-0.6527,-3.0232380478115832,-0.6597000000000001,-3.5282899818634013,-0.6647,-3.956947505722508,-0.6707,-4.5171731804690625,-0.6757000000000001,-5.032128093619936,-0.6797000000000001,-5.511715224274183,-0.6837000000000001,-6.036573116524112,-0.6877000000000001,-6.582651678272015,-0.6907,-6.995747377832608,-0.6937000000000001,-7.418746056492251,-0.6967,-7.953506927841237,-0.6997000000000001,-8.445826460194269,-0.7027,-9.004637423640958,-0.7057000000000001,-9.593157324384812,-0.7077000000000001,-9.97654408664824,-0.7447,-19.904987989101063,-0.7687,-30.00602667013743,-0.7867000000000001,-39.75338752620753,-0.8027000000000001,-49.925161772237146
exp33,-1900mV,-0.5847000000000001,-0.5008078001522229,-0.6157,-1.0088306279337578,-0.6337,-1.5080822456561291,-0.6466999999999999,-1.9947429328097015,-0.6577000000000001,-2.5167714024599,-0.6667,-3.024652759111448,-0.6737000000000001,-3.4830192202677206,-0.6807,-3.999388844718459,-0.6867,-4.493123088371357,-0.6927,-5.03637222751953,-0.6977000000000001,-5.532935893772159,-0.7017000000000001,-5.961593417631265,-0.7067,-6.537380916676335,-0.7107,-7.035359294228828,-0.7147,-7.564461320378352,-0.7177000000000001,-7.984630576438266,-0.7217000000000001,-8.574565188481987,-0.7247,-9.04141991743745,-0.7277000000000001,-9.535154161090349,-0.7307,-10.05010907424122,-0.7707,-19.862546650105116,-0.7957,-29.977732444140123,-0.8137,-39.89485865619403,-0.8287000000000001,-49.88272043324119
exp34,-1700mV,-0.3367000000000001,-0.5013736846721689,-0.3817,-0.9919955634653636,-0.4097,-1.4953498439573436,-0.4306999999999999,-2.0004017780091616,-0.4477000000000001,-2.509697845960575,-0.4617000000000001,-2.9850408427152275,-0.4747,-3.4915074880669104,-0.4867,-4.013535957717109,-0.4967,-4.503026067470412,-0.5056999999999999,-4.991101465923849,-0.5147,-5.5272770485726985,-0.5216999999999999,-6.005449467927082,-0.5287000000000001,-6.504842556779439,-0.5347000000000001,-6.98584439873355,-0.5407000000000001,-7.497969889284694,-0.5457,-7.95775106174083,-0.5507000000000001,-8.461388284492784,-0.5557,-8.982002042843117,-0.5597,-9.455930328297908,-0.5637,-9.956738128450128,-0.6177,-20.01816489309027,-0.6466999999999999,-29.822114201154974,-0.6677000000000001,-40.27683070715759,-0.6837000000000001,-50.30713382320071
exp35,-1700mV,-0.3766999999999999,-0.502222511452088,-0.4146999999999999,-1.0093965124537037,-0.4377000000000001,-1.505252823056399,-0.4547,-2.008890045808352,-0.4677000000000001,-2.4799889086634095,-0.4797000000000001,-3.003432089613473,-0.4896999999999999,-3.492922199366775,-0.4996999999999999,-4.026268359415894,-0.5076999999999999,-4.487464243171897,-0.5156999999999999,-5.002419156322769,-0.5227,-5.474932730477692,-0.5297,-5.995546488828026,-0.5357,-6.460986506483622,-0.5417,-6.966038440535441,-0.5477,-7.5220199813824,-0.5527000000000001,-8.025657204134353,-0.5567000000000001,-8.467047129692245,-0.5617,-9.0555670304361,-0.5657,-9.521007048091697,-0.5687000000000001,-9.925614479853095,-0.6097,-20.10304757108217,-0.6297,-30.260674704113132,-0.6437,-40.36171338514949,-0.6547,-49.89686754623985
exp36,-2000mV,-0.7057000000000001,-0.5037786938819395,-0.7337000000000001,-1.0069915032439332,-0.7476999999999999,-1.4868615761581534,-0.7576999999999999,-1.9947429328097015,-0.7647,-2.4715006408642193,-0.7707,-2.970893729716577,-0.7757,-3.473116241168665,-0.7797,-3.9428003927238575,-0.7837,-4.463414151074191,-0.7877,-5.06466645351683,-0.7907000000000001,-5.564059542369189,-0.7927000000000001,-5.920566789935179,-0.7957,-6.497769000280114,-0.7977,-6.902376432041514,-0.8007000000000001,-7.5743642994774065,-0.8027000000000001,-8.049707296232057,-0.8047000000000001,-8.547685673784551,-0.8067000000000001,-9.071128854734614,-0.8087000000000001,-9.625695684281707,-0.8097,-9.917126212053908,-0.8357,-20.06060623208622,-0.8537,-30.161644913122583,-0.8686999999999999,-40.20609514216434,-0.8817,-50.23639825820745
exp37,-1900mV,-0.5236999999999999,-0.5017980980621284,-0.5597,-1.0076988588938656,-0.5807000000000001,-1.4896909987578837,-0.5977,-2.007475334508487,-0.6107000000000001,-2.512527268560305,-0.6206999999999999,-2.990699687914687,-0.6297,-3.4858486428674507,-0.6377,-3.9937299995189983,-0.6446999999999999,-4.486049531872031,-0.6507,-4.967051373826144,-0.6567,-5.506056379074723,-0.6617000000000001,-5.995546488828026,-0.6667,-6.514745535878494,-0.6707,-6.994332666532741,-0.6747,-7.49655517798483,-0.6787,-8.046877873632328,-0.6817000000000001,-8.475535397491434,-0.6857000000000001,-9.076787699934076,-0.6887,-9.579010211386164,-0.6907,-9.918540923353772,-0.7297000000000001,-19.890840876102416,-0.7527,-29.90699687914687,-0.7696999999999999,-40.00803556018324,-0.7837,-49.86857332024254
exp38,-1700mV,-0.3937,-0.4986857332024254,-0.4206999999999999,-0.9925614479853098,-0.4367,-1.4840321535584236,-0.4487,-1.9989870667092968,-0.4577000000000001,-2.49696544426179,-0.4647,-2.9666495958169823,-0.4717000000000001,-3.5141428688647514,-0.4767,-3.958362217022373,-0.4827,-4.548296829066093,-0.4867,-4.992516177223715,-0.4907,-5.469273885278232,-0.4947,-5.98281408712924,-0.4987,-6.533136782776739,-0.5016999999999999,-6.983014976133821,-0.5047,-7.447040282489553,-0.5076999999999999,-7.933700969643125,-0.5107,-8.457144150593189,-0.5136999999999999,-8.996149155841769,-0.5167,-9.571936654886835,-0.5187,-9.966641107549185,-0.5557,-20.10304757108217,-0.5797,-29.836261314153624,-0.5997,-39.97974133418594,-0.6166999999999999,-50.06663290222365
exp39,-1500mV,-0.1697000000000001,-0.5023639825820745,-0.2317000000000001,-1.0014741291744595,-0.2516999999999999,-1.4911057100577487,-0.2647,-1.9890840876102416,-0.2756999999999999,-2.51111255726044,-0.2836999999999999,-3.010505646112798,-0.2907,-3.5141428688647514,-0.2967000000000001,-4.0050476899179195,-0.3016999999999999,-4.478975975372705,-0.3067000000000001,-5.0052485789225,-0.3107000000000001,-5.487665132176478,-0.3147000000000001,-5.9997906227276205,-0.3187000000000001,-6.54445447317566,-0.3217,-6.960379595335981,-0.3247000000000001,-7.448454993789417,-0.3277,-7.911065588845285,-0.3307000000000001,-8.433094058495483,-0.3337,-8.977757908943524,-0.3367000000000001,-9.522421759391564,-0.3387000000000001,-9.932688036352424,-0.3786999999999999,-20.159636023076775,-0.4066999999999999,-30.03432089613473,-0.4297000000000001,-40.06462401217784,-0.4487,-49.81198486824794
exp40,-1700mV,-0.1717000000000001,-0.4998175022423174,-0.3686999999999999,-0.9983617643147564,-0.3897,-1.501008689156804,-0.4037,-2.017378313607542,-0.4126999999999999,-2.4715006408642193,-0.4206999999999999,-2.9850408427152275,-0.4277000000000001,-3.4971663332663705,-0.4337000000000001,-4.024853648116029,-0.4387,-4.522832025668523,-0.4427,-4.964221951226414,-0.4467,-5.460785617479042,-0.4507,-5.998375911427756,-0.4547,-6.571333987873095,-0.4577000000000001,-7.038188716828557,-0.4607,-7.554558341279295,-0.4637000000000001,-8.079416233529225,-0.4657000000000001,-8.469876552291973,-0.4687,-9.0555670304361,-0.4707,-9.487053976894938,-0.4727,-9.912882078154311,-0.5056999999999999,-20.07475334508487,-0.5267000000000001,-29.85040842715227,-0.5437,-39.68265196121428,-0.5587000000000001,-49.84027909424525
exp41,-1600mV,-0.0407000000000001,-0.4979783775524929,-0.1257000000000001,-1.0023229559543785,-0.2856999999999999,-1.4953498439573436,-0.3107000000000001,-2.014548891007812,-0.3237,-2.4913065990623298,-0.3337,-2.990699687914687,-0.3417,-3.507069312365426,-0.3487000000000001,-4.020609514216435,0.0132999999999998,4.494537799671222,-0.3597,-5.032128093619936,-0.3637,-5.482006286977017,-0.3677,-5.981399375829374,-0.3717,-6.503427845479574,-0.3757,-7.062238808926263,-0.3786999999999999,-7.523434692682265,-0.3817,-8.031316049333814,-0.3846999999999999,-8.52787971558644,-0.3866999999999999,-8.918340034349193,-0.3897,-9.47149215259642,-0.3917,-9.901564387755393,-0.4277000000000001,-20.046459119087572,-0.4517000000000001,-29.822114201154974,-0.4727,-39.78168175220483,-0.4927,-49.76954352925199
exp42,-1900mV,-0.5497,-0.5026469248420475,-0.5817,-0.9917126212053906,-0.6007000000000001,-1.512326379555724,-0.6126999999999999,-1.9975723554094316,-0.6226999999999999,-2.5266743815589554,-0.6297,-2.9822114201154974,-0.6366999999999999,-3.512728157564886,-0.6426999999999999,-4.03900076111468,-0.6477,-4.535564427367307,-0.6517000000000001,-4.975539641625334,-0.6557000000000001,-5.453712060979717,-0.6597000000000001,-5.97149639673032,-0.6637000000000001,-6.527477937577279,-0.6667,-6.984429687433686,-0.6697000000000001,-7.437137303390498,-0.6727,-7.936530392242855,-0.6757000000000001,-8.489682510490084,-0.6787,-9.0838612564334,-0.6807,-9.488468688194802,-0.6827,-9.914296789454175,-0.7167,-19.862546650105116,-0.7396999999999999,-30.00602667013743,-0.7576999999999999,-39.99388844718459,-0.7727,-49.69880796425874
exp43,-1600mV,-0.1977000000000001,-0.4996760311123309,-0.2396999999999999,-0.9958152839749992,-0.2616999999999999,-1.4939351326574788,-0.2756999999999999,-1.9862546650105113,-0.2867,-2.4842330425630044,-0.2956999999999999,-3.0076762235130676,-0.3027000000000001,-3.475945663768395,-0.3097,-4.0446596063141405,-0.3147000000000001,-4.488878954471762,-0.3197,-4.9896867546239845,-0.3247000000000001,-5.537180027671754,-0.3287000000000001,-5.9884729323287,-0.3327000000000001,-6.482207175981599,-0.3367000000000001,-7.026871026429637,-0.3397,-7.466846240687664,-0.3437,-8.052536718831789,-0.3467000000000001,-8.50241491218887,-0.3497,-8.987660888042578,-0.3527000000000001,-9.470077441296556,-0.3557,-10.006253023945405,-0.4017,-19.890840876102416,-0.4387,-30.161644913122583,-0.4707,-39.88071154319538,-0.4996999999999999,-49.74124930325469
exp44,-1800mV,-0.5447000000000001,-0.4934513013929247,-0.6047000000000001,-0.9980788220547832,-0.6277,-1.4967645552572086,-0.6446999999999999,-1.9904987989101068,-0.6557000000000001,-2.4898918877624645,-0.6647,-2.9609907506175217,-0.6717000000000001,-3.4801897976679905,-0.6767,-3.971094618721158,-0.6817000000000001,-4.466243573673921,-0.6857000000000001,-4.99958973372304,-0.6897000000000001,-5.59801261356595,-0.6927,-5.977155241929781,-0.6957000000000001,-6.503427845479574,-0.6977000000000001,-6.886814607742999,-0.7007,-7.595584968975381,-0.7027,-7.959165773040696,-0.7047,-8.427435213296024,-0.7067,-8.936731281247436,-0.7087,-9.506859935093043,-0.7107,-10.088306279337578,-0.7337000000000001,-20.230371588070028,-0.7467,-29.921143992145527,-0.7567,-39.85241731719808,-0.7656999999999999,-50.49104629218317
exp45,-1500mV,-0.0347000000000001,-0.4934513013929247,-0.0457,-1.0102453392336226,-0.0587000000000001,-1.5208146473549145,-0.0737000000000001,-1.982010531110916,-0.0987000000000002,-2.4983801555616547,-0.2287,-3.003432089613473,-0.2427,-3.4844339315675854,-0.2527,-3.988071154319539,-0.2607,-4.508684912669872,-0.2676999999999999,-5.020810403221016,-0.2736999999999999,-5.503226956474993,-0.2787,-6.001205334027486,-0.2836999999999999,-6.504842556779439,-0.2876999999999999,-7.021212181230177,-0.2916999999999999,-7.495140466684964,-0.2956999999999999,-8.062439697930845,-0.2987000000000001,-8.47977953139103,-0.3016999999999999,-8.953707816845819,-0.3056999999999999,-9.576180788786434,-0.3077,-9.89024669735647,-0.3507000000000001,-20.13134179707947,-0.3786999999999999,-29.991879557138777,-0.4017,-40.24853648116029,-0.4206999999999999,-50.1373684672169
exp46,-1900mV,-0.4827,-0.5054763474417775,-0.5136999999999999,-0.9919955634653636,-0.5357,-1.4896909987578837,-0.5547000000000001,-2.0004017780091616,-0.5697,-2.49413602166206,-0.5847000000000001,-3.002017378313608,-0.5967000000000001,-3.4985810445662353,-0.6077,-3.996559422118728,-0.6166999999999999,-4.495952510971087,-0.6257,-5.002419156322769,-0.6337,-5.487665132176478,-0.6417,-6.035158405224247,-0.6486999999999999,-6.503427845479574,-0.6547,-6.974526708334631,-0.6617000000000001,-7.543240650880375,-0.6657000000000001,-7.978971731238807,-0.6707,-8.472705974891705,-0.6757000000000001,-9.006052134940823,-0.6797000000000001,-9.475736286496016,-0.6847,-9.986447065747294,-0.7367,-19.947429328097016,-0.7656999999999999,-30.03432089613473,-0.7847000000000001,-39.86656443019674,-0.8007000000000001,-50.2505453712061
exp47,-1800mV,-0.3786999999999999,-0.501090742412196,-0.4146999999999999,-1.0023229559543785,-0.4357000000000001,-1.502423400456669,-0.4497000000000001,-1.9919135102099716,-0.4607,-2.50545371206098,-0.4697000000000001,-3.0260674704113137,-0.4767,-3.4858486428674507,-0.4837000000000001,-3.9909005769192687,-0.4896999999999999,-4.467658284973785,-0.4956999999999999,-4.975539641625334,-0.5016999999999999,-5.521618203373238,-0.5067,-6.006864179226946,-0.5116999999999999,-6.526063226277413,-0.5167,-7.050921118527342,-0.5207,-7.50221402318429,-0.5247,-7.994533555537323,-0.5287000000000001,-8.46846184099211,-0.5327000000000001,-8.960781373345142,-0.5367000000000001,-9.47715099779588,-0.5407000000000001,-10.023229559543786,-0.5957,-19.93328221509837,-0.6297,-30.13335068712528,-0.6527,-39.92315288219133,-0.6717000000000001,-50.094927128220945
exp48,-1900mV,-0.6446999999999999,-0.4993930888523579,-0.6787,-1.0028888404743244,-0.6957000000000001,-1.4840321535584236,-0.7077000000000001,-1.9890840876102416,-0.7167,-2.5012095781613843,-0.7237000000000001,-3.003432089613473,-0.7297000000000001,-3.5240458479638064,-0.7347,-4.033341915915219,-0.7387,-4.500196644870682,-0.7427,-5.026469248420476,-0.7456999999999999,-5.460785617479042,-0.7487,-5.936128614233694,-0.7516999999999999,-6.453912949984297,-0.7547,-7.018382758630446,-0.7567,-7.425819612991578,-0.7596999999999999,-8.073757388329765,-0.7616999999999999,-8.542026828585092,-0.7636999999999999,-9.031516938338395,-0.7656999999999999,-9.552130696688728,-0.7676999999999999,-10.105282814935956,-0.7927000000000001,-19.919135102099716,-0.8087000000000001,-29.72308441016442,-0.8217,-40.02218267318189,-0.8327000000000001,-50.23639825820745
exp49,-1800mV,-0.4916999999999999,-0.4948660126927898,-0.5236999999999999,-0.9902979099055256,-0.5427000000000001,-1.4925204213576138,-0.5567000000000001,-1.9904987989101068,-0.5677,-2.4814036199632743,-0.5777,-3.0175792026121235,-0.5857,-3.519801714064211,-0.5927000000000001,-4.014950669016974,-0.5987000000000001,-4.490293665771627,-0.6047000000000001,-5.00807800152223,-0.6097,-5.482006286977017,-0.6146999999999999,-5.998375911427756,-0.6197,-6.554357452274714,-0.6237,-7.035359294228828,-0.6277,-7.5474847847799715,-0.6306999999999999,-7.956336350440965,-0.6346999999999999,-8.529294426886306,-0.6377,-8.977757908943524,-0.6406999999999999,-9.450271483098444,-0.6437,-9.952493994550531,-0.6857000000000001,-20.13134179707947,-0.7107,-29.991879557138777,-0.7297000000000001,-40.00803556018324,-0.7456999999999999,-50.20810403221015
exp50,-1800mV,-0.4777000000000001,-0.5006663290222364,-0.5147,-0.9985032354447428,-0.5337,-1.4882762874580184,-0.5477,-1.9989870667092968,-0.5587000000000001,-2.518186113759765,-0.5677,-3.021823336511718,-0.5747000000000001,-3.4773603750682605,-0.5817,-3.975338752620753,-0.5887000000000001,-4.525661448268252,-0.5937,-4.978369064225063,-0.5997,-5.532935893772159,-0.6037,-5.9601787063314,-0.6087000000000001,-6.482207175981599,-0.6126999999999999,-6.975941419634496,-0.6177,-7.563046609078486,-0.6206999999999999,-7.942189237442316,-0.6246999999999999,-8.489682510490084,-0.6286999999999999,-9.05839645303583,-0.6317,-9.509689357692777,-0.6346999999999999,-9.946835149351072,-0.6817000000000001,-20.00401778009162,-0.7127,-30.161644913122583,-0.7367,-40.06462401217784,-0.7576999999999999,-50.1939569192115
exp51,-2000mV,-0.6937000000000001,-0.4951489549527627,-0.7247,-1.00670856098396,-0.7407,-1.499593977856939,-0.7516999999999999,-1.9904987989101068,-0.7607,-2.5238449589592253,-0.7667,-2.9624054619173865,-0.7727,-3.4787750863681253,-0.7777,-3.979582886520348,-0.7827000000000001,-4.558199808165148,-0.7857,-4.941586570428573,-0.7897,-5.503226956474993,-0.7927000000000001,-5.968666974130589,-0.7957,-6.465230640383218,-0.7987000000000001,-7.005650356931662,-0.8017,-7.588511412476056,-0.8037,-8.001607112036647,-0.8057,-8.430264635895755,-0.8077,-8.888631097052025,-0.8107000000000001,-9.61437799388279,-0.8117,-9.873270161758091,-0.8397,-19.791811085111863,-0.8587000000000001,-30.288968930110435,-0.8726999999999999,-40.27683070715759,-0.8846999999999999,-50.3637222751953
exp52,-1500mV,-0.0117,-0.4892071674933296,-0.2407,-1.008972099063744,-0.2687,-1.5038381117565338,-0.2856999999999999,-1.9749369746115912,-0.2967000000000001,-2.4743300634639493,-0.3056999999999999,-2.9822114201154974,-0.3127000000000001,-3.504239889765696,-0.3187000000000001,-4.0050476899179195,-0.3237,-4.480390686672571,-0.3287000000000001,-5.006663290222365,-0.3327000000000001,-5.489079843476342,-0.3367000000000001,-5.97998466452951,-0.3407000000000001,-6.523233803677684,-0.3437,-7.018382758630446,-0.3467000000000001,-7.4824080649861795,-0.3497,-7.984630576438266,-0.3527000000000001,-8.551929807684147,-0.3557,-9.0838612564334,-0.3577,-9.515348202892236,-0.3597,-9.904393810355122,-0.3966999999999999,-20.07475334508487,-0.4217000000000001,-30.04846800913338,-0.4417000000000001,-40.135359577171094,-0.4577000000000001,-49.8261319812466
exp53,-1700mV,-0.3877,-0.4974124930325468,-0.4306999999999999,-1.002181484824392,-0.4557000000000001,-1.4953498439573436,-0.4747,-2.007475334508487,-0.4896999999999999,-2.509697845960575,-0.5016999999999999,-2.9793819975157674,-0.5136999999999999,-3.5212164253640763,-0.5227,-3.9781681752204823,-0.5317,-4.4973672222709515,-0.5397,-5.026469248420476,-0.5457,-5.473518019177827,-0.5517,-5.97432581933005,-0.5577,-6.5317220714768744,-0.5627000000000001,-7.050921118527342,-0.5667000000000001,-7.500799311884425,-0.5707000000000001,-7.990289421637726,-0.5747000000000001,-8.526465004286575,-0.5777,-8.955122528145683,-0.5817,-9.557789541888187,-0.5847000000000001,-10.051523785541084,-0.6246999999999999,-20.159636023076775,-0.6466999999999999,-29.892849766148224,-0.6627,-39.71094618721158,-0.6767,-50.39201650119261
exp54,-1800mV,-0.5076999999999999,-0.5009492712822095,-0.5457,-0.9902979099055256,-0.5647000000000001,-1.5094969569559942,-0.5767000000000001,-2.008890045808352,-0.5857,-2.5139419798601703,-0.5927000000000001,-3.000602667013743,-0.5987000000000001,-3.4943369106666404,-0.6037,-3.971094618721158,-0.6087000000000001,-4.507270201370006,-0.6126999999999999,-4.9826131981246595,-0.6166999999999999,-5.506056379074723,-0.6197,-5.936128614233694,-0.6237,-6.54728389577539,-0.6266999999999999,-7.045262273327882,-0.6297,-7.577193722077136,-0.6317,-7.946433371341912,-0.6346999999999999,-8.534953272085767,-0.6366999999999999,-8.939560703847167,-0.6397,-9.581839633985894,-0.6417,-10.017570714344323,-0.6747,-19.876693763103766,-0.6977000000000001,-29.793819975157668,-0.7167,-39.82412309120078,-0.7337000000000001,-50.1656626932142
exp55,-1800mV,-0.4507,-0.501656626932142,-0.4827,-0.9895905542555932,-0.5016999999999999,-1.4896909987578837,-0.5156999999999999,-2.004645911908757,-0.5257,-2.4743300634639493,-0.5347000000000001,-2.9836261314153627,-0.5427000000000001,-3.515557580164616,-0.5487000000000001,-3.973924041320888,-0.5547000000000001,-4.4846348205721664,-0.5597,-4.955733683427223,-0.5647000000000001,-5.476347441777556,-0.5697,-6.040817250423707,-0.5737,-6.53030736017701,-0.5777,-7.059409386326533,-0.5807000000000001,-7.480993353686313,-0.5847000000000001,-8.076586810929495,-0.5877,-8.543441539884956,-0.5907000000000001,-9.031516938338395,-0.5937,-9.559204253188051,-0.5957,-9.928443902452829,-0.6346999999999999,-20.10304757108217,-0.6587,-29.864555540150924,-0.6777000000000001,-39.85241731719808,-0.6937000000000001,-49.98175022423175
exp56,-1700mV,-0.3986999999999999,-0.5001004445022904,-0.4357000000000001,-0.9907223232954852,-0.4577000000000001,-1.499593977856939,-0.4737000000000001,-2.001816489309027,-0.4867,-2.5196008250596305,-0.4967,-3.000602667013743,-0.5056999999999999,-3.4957516219665052,-0.5136999999999999,-3.9979741334185936,-0.5207,-4.471902418873381,-0.5277,-4.99393088852358,-0.5337,-5.474932730477692,-0.5397,-5.967252262830725,-0.5457,-6.513330824578629,-0.5507000000000001,-7.005650356931662,-0.5557,-7.531922960481456,-0.5597,-7.9690687521397505,-0.5647000000000001,-8.554759230283878,-0.5687000000000001,-9.056981741735964,-0.5717,-9.451686194398311,-0.5757,-10.014741291744594,-0.6186999999999999,-19.97572355409432,-0.6417,-29.90699687914687,-0.6587,-39.85241731719808,-0.6727,-49.656366625262784
exp57,-1900mV,-0.6126999999999999,-0.4978369064225064,-0.6446999999999999,-0.9897320253855796,-0.6617000000000001,-1.4882762874580184,-0.6737000000000001,-2.007475334508487,-0.6827,-2.5196008250596305,-0.6897000000000001,-3.0119203574126634,-0.6957000000000001,-3.507069312365426,-0.7007,-3.9809975978202137,-0.7057000000000001,-4.520002603068792,-0.7097000000000001,-5.006663290222365,-0.7137000000000001,-5.540009450271484,-0.7167,-5.975740530629915,-0.7197000000000001,-6.449668816084703,-0.7227,-6.950476616236925,-0.7257000000000001,-7.48806691018564,-0.7287,-8.070927965730034,-0.7307,-8.472705974891705,-0.7327,-8.90419292135054,-0.7357000000000001,-9.574766077486569,-0.7376999999999999,-10.054353208140816,-0.7676999999999999,-19.93328221509837,-0.7877,-29.80796708815632,-0.8037,-39.68265196121428,-0.8177,-49.656366625262784
exp58,-1800mV,-0.5517,-0.5027883959720341,-0.5857,-1.0054353208140816,-0.6047000000000001,-1.5080822456561291,-0.6177,-2.0032312006088917,-0.6277,-2.50828313466071,-0.6357,-3.013335068712528,-0.6417,-3.4632132620696097,-0.6477,-3.9838270204199433,-0.6527,-4.478975975372705,-0.6577000000000001,-5.040616361419126,-0.6617000000000001,-5.525862337272833,-0.6647,-5.940372748133289,-0.6687,-6.53596620537647,-0.6717000000000001,-7.021212181230177,-0.6747,-7.53899651698078,-0.6767,-7.905406743645826,-0.6797000000000001,-8.498170778289277,-0.6817000000000001,-8.911266477849864,-0.6847,-9.573351366186705,-0.6867,-10.035961961242569,-0.7167,-20.03231200608892,-0.7357000000000001,-30.11920357412663,-0.7496999999999999,-39.80997597820213,-0.7627,-50.34957516219666
exp59,-1400mV,-0.0267000000000001,0.5554156563270134,-0.0257,0.9610133859983194,-0.0327000000000001,-1.6226738609451972,-0.0337,-1.9551310164134803,-0.0357,-2.515356691160035,-0.0377,-3.129341395301461,-0.0387000000000001,-3.4165277891740633,-0.0407000000000001,-3.889041363328986,-0.0427000000000001,-4.42380223467797,-0.0457,-5.091545968214268,-0.0477,-5.571133098868514,-0.0497,-5.981399375829374,-0.0147000000000001,6.405812765788886,-0.0137,7.007065068231526,-0.0577,-7.537581805680916,-0.0607000000000002,-7.998777689436918,-0.0637,-8.567491631982662,-0.0667000000000002,-9.014540402740012,-0.0697000000000001,-9.475736286496016,-0.0727000000000002,-9.942591015451477,0.0012999999999998,20.046459119087572,-0.2217000000000001,-30.02017378313608,-0.2656999999999999,-39.92315288219133,-0.3047000000000001,-50.038338676226346
exp60,-1700mV,-0.3297,-0.5023639825820745,-0.3666999999999999,-0.9968055818849048,-0.3877,-1.5137410908555893,-0.4017,-1.9904987989101068,-0.4137,-2.5210155363594953,-0.4226999999999999,-3.003432089613473,-0.4306999999999999,-3.5212164253640763,-0.4377000000000001,-4.03617133851495,-0.4427,-4.457755305874731,-0.4487,-5.03071338232007,-0.4537000000000001,-5.5541565632701335,-0.4577000000000001,-6.005449467927082,-0.4617000000000001,-6.494939577680383,-0.4657000000000001,-7.0297004490293675,-0.4687,-7.448454993789417,-0.4727,-8.038389605833139,-0.4757000000000001,-8.515147313887656,-0.4787,-9.001808001041228,-0.4817000000000001,-9.50544522379318,-0.4847,-10.045864940341623,-0.5277,-19.93328221509837,-0.5557,-29.892849766148224,-0.5757,-39.97974133418594,-0.5907000000000001,-49.98175022423175
exp61,-1800mV,-0.5947000000000001,-0.5060422319617235,-0.6217,-1.0062841475940008,-0.6366999999999999,-1.5038381117565338,-0.6477,-2.0258665814067327,-0.6557000000000001,-2.5210155363594953,-0.6617000000000001,-2.970893729716577,-0.6677000000000001,-3.499995755866101,-0.6727,-4.007877112517649,-0.6767,-4.467658284973785,-0.6807,-4.975539641625334,-0.6847,-5.538594738971618,-0.6877000000000001,-6.001205334027486,-0.6907,-6.497769000280114,-0.6937000000000001,-7.032529871629097,-0.6957000000000001,-7.413087211292793,-0.6987,-8.015754225035298,-0.7007,-8.444411748894403,-0.7027,-8.891460519651757,-0.7057000000000001,-9.60306030348387,-0.7077000000000001,-10.103868103636094,-0.7357000000000001,-19.919135102099716,-0.7547,-30.21823336511718,-0.7687,-40.02218267318189,-0.7807000000000001,-50.024191563227696
exp62,-1900mV,-0.4847,-0.4950074838227763,-0.5087,-1.0028888404743244,-0.5236999999999999,-1.5179852247551844,-0.5347000000000001,-1.9961576441095663,-0.5447000000000001,-2.50828313466071,-0.5537,-3.024652759111448,-0.5617,-3.5297046931632665,-0.5687000000000001,-4.002218267318188,-0.5757,-4.507270201370006,-0.5817,-4.975539641625334,-0.5877,-5.4622003287789065,-0.5937,-5.981399375829374,-0.5997,-6.521819092377819,-0.6047000000000001,-7.001406223032068,-0.6097,-7.512117002283345,-0.6146999999999999,-8.048292584932193,-0.6186999999999999,-8.495341355689545,-0.6226999999999999,-8.959366662045278,-0.6266999999999999,-9.453100905698175,-0.6317,-10.06142676464014,-0.6837000000000001,-19.919135102099716,-0.7147,-30.00602667013743,-0.7376999999999999,-40.135359577171094,-0.7567,-49.95345599823444
exp63,-1900mV,-0.5196999999999999,-0.503920165011926,-0.5587000000000001,-1.0011911869144865,-0.5837,-1.5038381117565338,-0.6017,-1.9975723554094316,-0.6166999999999999,-2.512527268560305,-0.6286999999999999,-3.003432089613473,-0.6386999999999999,-3.492922199366775,-0.6477,-4.002218267318188,-0.6557000000000001,-4.507270201370006,-0.6627,-5.015151558021555,-0.6687,-5.474932730477692,-0.6747,-5.99130235492843,-0.6797000000000001,-6.455327661284162,-0.6847,-6.9575501727362505,-0.6897000000000001,-7.50221402318429,-0.6937000000000001,-7.961995195640427,-0.6977000000000001,-8.459973573192919,-0.7017000000000001,-8.983416754142983,-0.7057000000000001,-9.518177625491967,-0.7087,-9.951079283250667,-0.7587,-20.046459119087572,-0.7907000000000001,-30.00602667013743,-0.8157,-39.96559422118728,-0.8377,-50.052485789224995
exp64,-1700mV,-0.2807,-0.4991101465923849,-0.3537,-0.9953908705850396,-0.3806999999999999,-1.4896909987578837,-0.3986999999999999,-1.9975723554094316,-0.4117,-2.4955507329619246,-0.4226999999999999,-2.999187955713878,-0.4317000000000001,-3.4858486428674507,-0.4407,-4.030512493315489,-0.4477000000000001,-4.507270201370006,-0.4547,-5.01373684672169,-0.4607,-5.491909266076072,-0.4667,-6.004034756627216,-0.4727,-6.54162505057593,-0.4777000000000001,-7.015553336030716,-0.4827,-7.510702290983478,-0.4876999999999999,-8.031316049333814,-0.4916999999999999,-8.464217707092514,-0.4967,-9.024443381839069,-0.5007,-9.48563926559507,-0.5047,-9.969470530148914,-0.5647000000000001,-19.947429328097016,-0.6017,-30.04846800913338,-0.6277,-39.92315288219133,-0.6497,-50.1656626932142
exp65,-1800mV,-0.4077,-0.4959977817326818,-0.4397000000000001,-1.0069915032439332,-0.4547,-1.4882762874580184,-0.4647,-1.9862546650105113,-0.4727,-2.536577360658011,-0.4787,-3.044458717309559,-0.4837000000000001,-3.5282899818634013,-0.4876999999999999,-3.9498739492231825,-0.4927,-4.5171731804690625,-0.4967,-4.99393088852358,-0.5007,-5.5003975338752635,-0.5047,-6.042231961723571,-0.5076999999999999,-6.463815929083352,-0.5116999999999999,-7.050921118527342,-0.5147,-7.51353171358321,-0.5176999999999999,-7.994533555537323,-0.5207,-8.486853087890356,-0.5236999999999999,-9.01878453663961,-0.5267000000000001,-9.539398294989942,-0.5297,-10.089720990637442,-0.5737,-20.117194684080825,-0.6097,-30.07676223513068,-0.6426999999999999,-39.93729999518999,-0.6707,-49.93930888523579
exp66,-1900mV,-0.4787,-0.4984027909424524,-0.5747000000000001,-1.0014741291744595,-0.6246999999999999,-1.506667534356264,-0.6507,-2.0032312006088917,-0.6667,-2.4913065990623298,-0.6797000000000001,-3.013335068712528,-0.6887,-3.505654601065561,-0.6957000000000001,-3.962606350921967,-0.7037000000000001,-4.512929046569467,-0.7087,-4.981198486824794,-0.7137000000000001,-5.469273885278232,-0.7187,-6.049305518222896,-0.7227,-6.53030736017701,-0.7267,-7.049506407227478,-0.7297000000000001,-7.462602106788069,-0.7337000000000001,-8.025657204134353,-0.7367,-8.515147313887656,-0.7396999999999999,-9.05273760783637,-0.7427,-9.570521943586972,-0.7447,-9.952493994550531,-0.7867000000000001,-19.98987066709297,-0.8157,-29.935291105144177,-0.8387000000000001,-39.96559422118728,-0.8577,-50.23639825820745
exp67,-1500mV,-0.0157,-0.5306582085793753,-0.0197,-0.9924199768553232,-0.0257,-1.5165705134553191,-0.0327000000000001,-1.9947429328097015,-0.0417,-2.4799889086634095,-0.0537,-3.009090934812933,-0.0687000000000002,-3.4985810445662353,-0.0897000000000001,-3.999388844718459,-0.1187,-4.498781933570816,-0.3217,-4.996760311123309,-0.3307000000000001,-5.489079843476342,-0.3377,-6.029499560024787,-0.3427000000000001,-6.455327661284162,-0.3477,-6.975941419634496,-0.3517,-7.439966725990228,-0.3557,-7.9747275973392115,-0.3587000000000001,-8.489682510490084,-0.3617,-8.945219549046627,-0.3646999999999999,-9.539398294989942,-0.3666999999999999,-9.931273325052558,-0.3946999999999999,-20.03231200608892,-0.4097,-29.75137863616172,-0.4246999999999999,-40.092918238175145,-0.4397000000000001,-49.69880796425874
exp68,-1900mV,-0.5277,-0.4967051373826143,-0.5727000000000001,-1.004445022904176,-0.5987000000000001,-1.4967645552572086,-0.6177,-2.008890045808352,-0.6306999999999999,-2.4842330425630044,-0.6417,-2.977967286215902,-0.6517000000000001,-3.5297046931632665,-0.6587,-3.982412309120079,-0.6657000000000001,-4.510099623969737,-0.6717000000000001,-5.020810403221016,-0.6767,-5.4947386886758025,-0.6817000000000001,-6.022426003525461,-0.6857000000000001,-6.475133619482273,-0.6897000000000001,-6.975941419634496,-0.6937000000000001,-7.512117002283345,-0.6967,-7.950677505241506,-0.7007,-8.574565188481987,-0.7037000000000001,-9.071128854734614,-0.7057000000000001,-9.424806679700875,-0.7087,-9.969470530148914,-0.7456999999999999,-20.17378313607542,-0.7676999999999999,-30.17579202612123,-0.7837,-39.80997597820213,-0.7977,-49.89686754623985
exp69,-1800mV,-0.4197000000000001,-0.4971295507725738,-0.4567,-0.9999179467446078,-0.4757000000000001,-1.5165705134553191,-0.4876999999999999,-1.9791811085111863,-0.4976999999999999,-2.4799889086634095,-0.5056999999999999,-2.963820173217252,-0.5127,-3.492922199366775,-0.5187,-3.986656443019674,-0.5236999999999999,-4.467658284973785,-0.5287000000000001,-4.978369064225063,-0.5327000000000001,-5.4423943705807964,-0.5377,-6.042231961723571,-0.5417,-6.516160247178359,-0.5457,-7.026871026429637,-0.5497,-7.5092875796836145,-0.5527000000000001,-7.950677505241506,-0.5577,-8.522220870386981,-0.5617,-9.025858093138934,-0.5657,-9.532324738490615,-0.5687000000000001,-9.955323417150264,-0.6237,-20.07475334508487,-0.6547,-29.878702653149578,-0.6807,-40.14950669016974,-0.7027,-50.109074241219595
exp70,-1900mV,-0.5167,-0.5029298671020205,-0.5657,-1.0023229559543785,-0.5947000000000001,-1.505252823056399,-0.6146999999999999,-2.014548891007812,-0.6286999999999999,-2.4955507329619246,-0.6406999999999999,-3.021823336511718,-0.6497,-3.5113134462650213,-0.6577000000000001,-4.01636538031684,-0.6647,-4.532735004767577,-0.6697000000000001,-4.962807239926549,-0.6757000000000001,-5.525862337272833,-0.6797000000000001,-5.948861015932479,-0.6847,-6.520404381077953,-0.6887,-7.031115160329232,-0.6917000000000001,-7.438552014690363,-0.6957000000000001,-8.015754225035298,-0.6987,-8.489682510490084,-0.7017000000000001,-8.994734444541903,-0.7047,-9.523836470691428,-0.7077000000000001,-10.089720990637442,-0.7427,-19.820105311109163,-0.7656999999999999,-29.96358533114148,-0.7827000000000001,-39.78168175220483,-0.7977,-49.76954352925199
exp71,-1600mV,-0.2867,-0.4951489549527627,-0.3257,-0.9936932170252016,-0.3467000000000001,-1.505252823056399,-0.3617,-2.0103047571082175,-0.3726999999999999,-2.5012095781613843,-0.3817,-2.975137863616172,-0.3897,-3.4858486428674507,-0.3966999999999999,-4.0319272046153545,-0.4017,-4.471902418873381,-0.4066999999999999,-4.968466085126009,-0.4117,-5.530106471172428,-0.4157,-6.015352447026135,-0.4186999999999999,-6.435521703086052,-0.4226999999999999,-7.0297004490293675,-0.4257000000000001,-7.48806691018564,-0.4286999999999999,-8.017168936335162,-0.4317000000000001,-8.55334451898401,-0.4337000000000001,-8.945219549046627,-0.4367,-9.545057140189405,-0.4387,-9.973714664048508,-0.4737000000000001,-20.03231200608892,-0.4996999999999999,-30.09090934812933,-0.5216999999999999,-40.12121246417244,-0.5407000000000001,-49.93930888523579
exp72,-1600mV,-0.2876999999999999,-0.5034957516219666,-0.3237,-1.002181484824392,-0.3427000000000001,-1.5038381117565338,-0.3557,-1.9777663972113213,-0.3666999999999999,-2.5238449589592253,-0.3746999999999999,-3.010505646112798,-0.3817,-3.512728157564886,-0.3877,-4.023438936816164,-0.3926999999999999,-4.4973672222709515,-0.3977,-5.034957516219666,-0.4017,-5.507471090374587,-0.4057,-6.033743693924381,-0.4086999999999999,-6.4850365985813285,-0.4117,-6.949061904937061,-0.4146999999999999,-7.464016818087933,-0.4177,-8.031316049333814,-0.4197000000000001,-8.41470281159724,-0.4226999999999999,-9.05839645303583,-0.4246999999999999,-9.502615801193452,-0.4266999999999999,-9.97654408664824,-0.4557000000000001,-20.14548891007812,-0.4737000000000001,-29.822114201154974,-0.4896999999999999,-40.17780091616704,-0.5036999999999999,-50.06663290222365
exp73,-1900mV,-0.6197,-0.5006663290222364,-0.6527,-0.9932688036352422,-0.6717000000000001,-1.505252823056399,-0.6847,-2.021622447507138,-0.6937000000000001,-2.4814036199632743,-0.7017000000000001,-2.9864555540150928,-0.7087,-3.5113134462650213,-0.7147,-4.0446596063141405,-0.7187,-4.450681749375406,-0.7237000000000001,-5.023639825820745,-0.7277000000000001,-5.525862337272833,-0.7307,-5.9347139029338285,-0.7347,-6.520404381077953,-0.7376999999999999,-7.002820934331931,-0.7407,-7.529093537881726,-0.7436999999999999,-8.087904501328415,-0.7456999999999999,-8.46846184099211,-0.7487,-9.09234952423259,-0.7507,-9.532324738490615,-0.7527,-9.99352062224662,-0.7837,-20.07475334508487,-0.8037,-30.21823336511718,-0.8187000000000001,-39.85241731719808,-0.8327000000000001,-50.37786938819396
exp74,-2000mV,-0.5997,-0.4954318972127358,-0.6386999999999999,-1.007557387763879,-0.6607,-1.5137410908555893,-0.6757000000000001,-1.9919135102099716,-0.6877000000000001,-2.4927213103621946,-0.6977000000000001,-2.9921143992145525,-0.7057000000000001,-3.475945663768395,-0.7137000000000001,-4.01636538031684,-0.7197000000000001,-4.481805397972437,-0.7257000000000001,-4.99958973372304,-0.7307,-5.470688596578097,-0.7357000000000001,-5.984228798429105,-0.7407,-6.543039761875795,-0.7447,-7.035359294228828,-0.7487,-7.53899651698078,-0.7516999999999999,-7.952092216541371,-0.7556999999999999,-8.523635581686847,-0.7587,-8.979172620243387,-0.7616999999999999,-9.464418596097095,-0.7647,-9.959567551049858,-0.8067000000000001,-19.947429328097016,-0.8337,-30.07676223513068,-0.8537,-39.89485865619403,-0.8706999999999999,-49.86857332024254
exp75,-1900mV,-0.6827,-0.4971295507725738,-0.7137000000000001,-0.9977958797948104,-0.7297000000000001,-1.5094969569559942,-0.7396999999999999,-1.9876693763103763,-0.7476999999999999,-2.5012095781613843,-0.7536999999999999,-2.989284976614823,-0.7587,-3.4745309524685304,-0.7636999999999999,-4.04748902891387,-0.7667,-4.4379493476766205,-0.7707,-5.02505453712061,-0.7736999999999999,-5.515959358173778,-0.7767000000000001,-6.057793786022088,-0.7787000000000001,-6.446839393484972,-0.7817,-7.080630055824508,-0.7837,-7.537581805680916,-0.7857,-8.027071915434218,-0.7877,-8.537782694685495,-0.7897,-9.090934812932726,-0.7907000000000001,-9.378121206805329,-0.7927000000000001,-9.969470530148914,-0.8157,-19.834252424107817,-0.8307000000000001,-29.85040842715227,-0.8427000000000001,-40.20609514216434,-0.8527000000000001,-50.42031072718991
exp76,-1900mV,-0.5957,-0.4992516177223714,-0.6237,-0.9963811684949454,-0.6397,-1.4911057100577487,-0.6517000000000001,-2.0159636023076772,-0.6607,-2.5210155363594953,-0.6677000000000001,-2.9822114201154974,-0.6747,-3.533948827062862,-0.6797000000000001,-3.985241731719809,-0.6847,-4.503026067470412,-0.6897000000000001,-5.027883959720341,-0.6937000000000001,-5.506056379074723,-0.6977000000000001,-6.025255426125191,-0.7007,-6.451083527384568,-0.7047,-7.052335829827209,-0.7077000000000001,-7.516361136182939,-0.7107,-8.024242492834487,-0.7137000000000001,-8.546270962484687,-0.7157000000000001,-8.928243013448247,-0.7187,-9.501201089893586,-0.7207,-9.902979099055257,-0.7576999999999999,-19.904987989101063,-0.7827000000000001,-30.02017378313608,-0.8017,-39.76753463920618,-0.8187000000000001,-49.8261319812466
exp77,-1600mV,-0.2916999999999999,-0.5013736846721689,-0.3277,-1.0142065308732449,-0.3467000000000001,-1.4939351326574788,-0.3607000000000001,-1.9975723554094316,-0.3706999999999999,-2.4715006408642193,-0.3797,-3.002017378313608,-0.3866999999999999,-3.492922199366775,-0.3926999999999999,-3.988071154319539,-0.3986999999999999,-4.546882117766228,-0.4026999999999999,-4.964221951226414,-0.4077,-5.548497718070673,-0.4117,-6.053549652122491,-0.4146999999999999,-6.473718908182407,-0.4177,-6.9306706580388155,-0.4217000000000001,-7.561631897778621,-0.4237000000000001,-7.91530972274488,-0.4266999999999999,-8.441582326294675,-0.4297000000000001,-9.01878453663961,-0.4317000000000001,-9.410659566702224,-0.4347,-10.045864940341623,-0.4707,-20.07475334508487,-0.4996999999999999,-29.892849766148224,-0.5277,-39.93729999518999,-0.5537,-49.79783775524929
exp78,-1600mV,-0.3287000000000001,-0.5009492712822095,-0.3617,-0.9922785057253368,-0.3806999999999999,-1.502423400456669,-0.3937,-2.008890045808352,-0.4037,-2.5238449589592253,-0.4117,-3.0331410269106387,-0.4177,-3.504239889765696,-0.4237000000000001,-4.050318451513601,-0.4277000000000001,-4.445022904175945,-0.4327,-4.99393088852358,-0.4367,-5.467859173978367,-0.4407,-5.981399375829374,-0.4447,-6.527477937577279,-0.4477000000000001,-6.947647193637194,-0.4517000000000001,-7.53050824918159,-0.4547,-8.004436534636376,-0.4577000000000001,-8.47129126359184,-0.4607,-8.956537239445547,-0.4637000000000001,-9.46583330739696,-0.4667,-9.968055818849049,-0.5136999999999999,-20.13134179707947,-0.5437,-30.02017378313608,-0.5657,-39.93729999518999,-0.5837,-50.23639825820745
exp79,-1700mV,-0.3177,-0.4976954352925198,-0.3537,-0.9949664571950804,-0.3746999999999999,-1.4939351326574788,-0.3897,-1.9890840876102416,-0.4017,-2.4955507329619246,-0.4117,-3.0274821817111786,-0.4186999999999999,-3.4943369106666404,-0.4257000000000001,-4.01636538031684,-0.4306999999999999,-4.466243573673921,-0.4357000000000001,-4.974124930325469,-0.4407,-5.555571274569999,-0.4437000000000001,-5.954519861131939,-0.4477000000000001,-6.510501401978899,-0.4507,-6.960379595335981,-0.4537000000000001,-7.469675663287394,-0.4567,-7.981801153838537,-0.4597000000000001,-8.551929807684147,-0.4617000000000001,-8.938145992547302,-0.4647,-9.567692520987244,-0.4667,-9.989276488347024,-0.5036999999999999,-20.07475334508487,-0.5357,-30.147497800123933,-0.5637,-39.90900576919269,-0.5887000000000001,-50.1656626932142
exp80,-1900mV,-0.6827,-0.4959977817326818,-0.7147,-0.9904393810355122,-0.7317000000000001,-1.512326379555724,-0.7427,-2.0258665814067327,-0.7507,-2.5295038041586855,-0.7567,-3.004846800913338,-0.7616999999999999,-3.4773603750682605,-0.7667,-4.033341915915219,-0.7707,-4.545467406466363,-0.7736999999999999,-4.976954352925199,-0.7767000000000001,-5.453712060979717,-0.7797,-5.975740530629915,-0.7827000000000001,-6.55294274097485,-0.7847000000000001,-6.967453151835306,-0.7867000000000001,-7.410257788693063,-0.7897,-8.12327228382504,-0.7907000000000001,-8.379335029100613,-0.7927000000000001,-8.907022343950272,-0.7947000000000001,-9.464418596097095,-0.7967000000000001,-10.064256187239872,-0.8197,-19.862546650105116,-0.8347000000000001,-29.72308441016442,-0.8467000000000001,-39.73924041320888,-0.8577,-50.39201650119261
exp81,-1700mV,-0.3597,-0.5040616361419126,-0.3977,-1.0003423601345676,-0.4237000000000001,-1.498179266557074,-0.4457000000000001,-1.9961576441095663,-0.4647,-2.4898918877624645,-0.4827,-3.002017378313608,-0.4987,-3.5141428688647514,-0.5127,-4.009291823817514,-0.5247,-4.490293665771627,-0.5357,-4.986857332024254,-0.5457,-5.506056379074723,-0.5537,-5.98564350972897,-0.5617,-6.533136782776739,-0.5677,-7.002820934331931,-0.5737,-7.548899496079835,-0.5777,-7.954921639141101,-0.5827000000000001,-8.523635581686847,-0.5867000000000001,-9.037175783537856,-0.5897,-9.463003884797232,-0.5927000000000001,-9.918540923353772,-0.6286999999999999,-19.805958198110513,-0.6477,-30.317263156107735,-0.6597000000000001,-39.696799074212926,-0.6707,-50.024191563227696
exp82,-1600mV,-0.2476999999999999,-0.4979783775524929,-0.2916999999999999,-1.0024644270843648,-0.3117,-1.499593977856939,-0.3257,-2.004645911908757,-0.3357,-2.478574197363544,-0.3447000000000001,-2.9935291105144173,-0.3527000000000001,-3.533948827062862,-0.3587000000000001,-3.982412309120079,-0.3646999999999999,-4.463414151074191,-0.3706999999999999,-4.99393088852358,-0.3757,-5.480591575677152,-0.3806999999999999,-5.99696120012789,-0.3857,-6.55294274097485,-0.3897,-7.024041603829907,-0.3937,-7.534752383081187,-0.3977,-8.046877873632328,-0.4006999999999999,-8.44016761499481,-0.4046999999999999,-8.984831465442848,-0.4077,-9.45451561699804,-0.4117,-10.060012053340277,-0.4597000000000001,-19.97572355409432,-0.4916999999999999,-29.90699687914687,-0.5167,-40.03632978618054,-0.5367000000000001,-49.93930888523579
exp83,-2000mV,-0.6397,-0.4996760311123309,-0.6847,-0.999352062224662,-0.7097000000000001,-1.5038381117565338,-0.7257000000000001,-1.9862546650105113,-0.7376999999999999,-2.5295038041586855,-0.7467,-2.972308441016442,-0.7547,-3.5014104671659654,-0.7616999999999999,-4.04748902891387,-0.7667,-4.461999439774326,-0.7716999999999999,-4.9840279094245235,-0.7767000000000001,-5.4947386886758025,-0.7807000000000001,-5.941787459433154,-0.7847000000000001,-6.427033435286861,-0.7887000000000001,-7.057994675026669,-0.7917,-7.534752383081187,-0.7947000000000001,-8.000192400736783,-0.7977,-8.581638744981312,-0.7997,-8.960781373345142,-0.8027000000000001,-9.521007048091697,-0.8047000000000001,-9.939761592851749,-0.8387000000000001,-19.791811085111863,-0.8626999999999999,-30.06261512213203,-0.8817,-40.31927204615355,-0.8977,-50.024191563227696
exp84,-1700mV,-0.3577,-0.505051934051818,-0.3957,-0.9914296789454178,-0.4206999999999999,-1.5094969569559942,-0.4397000000000001,-2.004645911908757,-0.4557000000000001,-2.4884771764625997,-0.4707,-3.0147497800123935,-0.4827,-3.502825178465831,-0.4936999999999999,-3.9979741334185936,-0.5036999999999999,-4.507270201370006,-0.5127,-5.020810403221016,-0.5207,-5.518788780773508,-0.5277,-6.012523024426406,-0.5337,-6.465230640383218,-0.5407000000000001,-7.0367740055286925,-0.5457,-7.48523748758591,-0.5507000000000001,-7.964824618240158,-0.5557,-8.478364820091164,-0.5607000000000001,-9.034346360938123,-0.5647000000000001,-9.513933491592372,-0.5687000000000001,-10.018985425644187,-0.6197,-19.890840876102416,-0.6486999999999999,-29.864555540150924,-0.6697000000000001,-39.92315288219133,-0.6857000000000001,-49.514895495276285
exp85,-1700mV,-0.3877,-0.5026469248420475,-0.4246999999999999,-0.9968055818849048,-0.4447,-1.506667534356264,-0.4587,-2.0258665814067327,-0.4687,-2.512527268560305,-0.4767,-2.972308441016442,-0.4837000000000001,-3.4674573959692045,-0.4907,-4.0220242255163,-0.4956999999999999,-4.4775612640728415,-0.5007,-4.9840279094245235,-0.5056999999999999,-5.545668295470944,-0.5096999999999999,-6.043646673023436,-0.5127,-6.428448146586726,-0.5167,-6.994332666532741,-0.5196999999999999,-7.465431529387798,-0.5227,-7.94360394874218,-0.5257,-8.461388284492784,-0.5287000000000001,-9.014540402740012,-0.5317,-9.587498479185356,-0.5337,-10.006253023945405,-0.5677,-19.93328221509837,-0.5887000000000001,-29.75137863616172,-0.6057,-40.220242255162994,-0.6186999999999999,-49.88272043324119
exp86,-1900mV,-0.6037,-0.4950074838227763,-0.6277,-1.0000594178745943,-0.6406999999999999,-1.4854468648582886,-0.6507,-2.011719468408082,-0.6577000000000001,-2.4870624651627344,-0.6637000000000001,-2.9793819975157674,-0.6687,-3.4589691281700143,-0.6737000000000001,-4.009291823817514,-0.6777000000000001,-4.511514335269602,-0.6817000000000001,-5.066081164816696,-0.6847,-5.520203492073373,-0.6877000000000001,-6.012523024426406,-0.6907,-6.543039761875795,-0.6927,-6.920767678939759,-0.6957000000000001,-7.517775847482805,-0.6977000000000001,-7.940774526142452,-0.7007,-8.612762393578345,-0.7027,-9.08952010163286,-0.7047,-9.58042492268603,-0.7067,-10.099623969736497,-0.7347,-19.791811085111863,-0.7556999999999999,-30.24652759111449,-0.7716999999999999,-39.95144710818864,-0.7867000000000001,-50.29298671020206
exp87,-1500mV,-0.0187000000000001,-0.4995345599823444,-0.2547,-0.9989276488347024,-0.2787,-1.510911668255859,-0.2916999999999999,-1.9848399537106465,-0.3016999999999999,-2.49696544426179,-0.3097,-3.0359704495103688,-0.3157,-3.492922199366775,-0.3217,-3.995144710818863,-0.3267000000000001,-4.490293665771627,-0.3317,-5.03637222751953,-0.3357,-5.540009450271484,-0.3397,-6.057793786022088,-0.3427000000000001,-6.4397658369856465,-0.3467000000000001,-7.046676984627748,-0.3497,-7.534752383081187,-0.3527000000000001,-7.994533555537323,-0.3557,-8.55334451898401,-0.3587000000000001,-9.082446545133534,-0.3607000000000001,-9.48280984299534,-0.3637,-10.045864940341623,-0.4017,-20.08890045808352,-0.4277000000000001,-30.07676223513068,-0.4477000000000001,-39.76753463920618,-0.4657000000000001,-50.052485789224995
exp88,-2000mV,-0.7376999999999999,-0.5001004445022904,-0.7587,-1.0040206095142166,-0.7707,-1.5094969569559942,-0.7787000000000001,-1.967863418112266,-0.7857,-2.467256506964624,-0.7917,-2.973723152316307,-0.7967000000000001,-3.45472499427042,-0.8017,-3.989485865619403,-0.8057,-4.457755305874731,-0.8097,-4.964221951226414,-0.8137,-5.506056379074723,-0.8167000000000001,-5.940372748133289,-0.8207000000000001,-6.543039761875795,-0.8237,-7.025456315129772,-0.8267000000000001,-7.52484940398213,-0.8297,-8.0440484510326,-0.8327000000000001,-8.584468167581042,-0.8347000000000001,-8.952293105545952,-0.8377,-9.529495315890887,-0.8397,-9.919955634653638,-0.8806999999999999,-19.93328221509837,-0.9117,-30.09090934812933,-0.9367,-39.99388844718459,-0.9587,-50.12322135421825
exp89,-1900mV,-0.5737,-0.502505453712061,-0.6206999999999999,-0.9929858613752692,-0.6437,-1.499593977856939,-0.6587,-2.0159636023076772,-0.6697000000000001,-2.515356691160035,-0.6777000000000001,-2.972308441016442,-0.6857000000000001,-3.509898734965156,-0.6917000000000001,-3.995144710818863,-0.6977000000000001,-4.535564427367307,-0.7027,-5.03637222751953,-0.7067,-5.474932730477692,-0.7107,-5.94603159333275,-0.7147,-6.451083527384568,-0.7187,-6.9915032439330105,-0.7217000000000001,-7.435722592090633,-0.7257000000000001,-8.063854409230709,-0.7287,-8.561832786783201,-0.7307,-8.914095900449595,-0.7337000000000001,-9.464418596097095,-0.7367,-10.043035517741895,-0.7736999999999999,-20.01816489309027,-0.7987000000000001,-30.04846800913338,-0.8187000000000001,-39.79582886520348,-0.8377,-50.2788395972034
exp90,-1800mV,-0.3697,-0.4989686754623983,-0.4217000000000001,-0.9951079283250668,-0.4577000000000001,-1.4953498439573436,-0.4857000000000001,-2.0032312006088917,-0.5076999999999999,-2.509697845960575,-0.5247,-2.9850408427152275,-0.5397,-3.4915074880669104,-0.5527000000000001,-4.014950669016974,-0.5627000000000001,-4.483220109272302,-0.5727000000000001,-5.0222251145208805,-0.5807000000000001,-5.515959358173778,-0.5877,-6.001205334027486,-0.5937,-6.473718908182407,-0.5997,-6.980185553534091,-0.6047000000000001,-7.459772684188338,-0.6097,-7.95775106174083,-0.6146999999999999,-8.506659046088465,-0.6186999999999999,-8.996149155841769,-0.6226999999999999,-9.522421759391564,-0.6257,-9.949664571950803,-0.6717000000000001,-19.919135102099716,-0.6977000000000001,-29.921143992145527,-0.7167,-39.79582886520348,-0.7327,-49.69880796425874
exp91,-1600mV,-0.2367,-0.4974124930325468,-0.2687,-0.9939761592851746,-0.2876999999999999,-1.510911668255859,-0.3007000000000001,-1.9961576441095663,-0.3117,-2.506868423360845,-0.3207000000000001,-2.997773244414013,-0.3287000000000001,-3.4900927767670455,-0.3357,-3.964021062221832,-0.3427000000000001,-4.480390686672571,-0.3497,-5.03637222751953,-0.3557,-5.542838872871213,-0.3607000000000001,-5.989887643628566,-0.3666999999999999,-6.54728389577539,-0.3717,-7.035359294228828,-0.3766999999999999,-7.543240650880375,-0.3806999999999999,-7.963409906940291,-0.3857,-8.5052443347886,-0.3897,-8.952293105545952,-0.3946999999999999,-9.529495315890887,-0.3986999999999999,-10.009082446545134,-0.4647,-20.08890045808352,-0.5076999999999999,-29.878702653149578,-0.5407000000000001,-40.02218267318189,-0.5667000000000001,-50.094927128220945
exp95,-1900mV,-0.4637000000000001,-0.4967051373826143,-0.5007,-0.9924199768553232,-0.5277,-1.502423400456669,-0.5497,-2.0103047571082175,-0.5677,-2.49696544426179,-0.5837,-3.0076762235130676,-0.5987000000000001,-3.4872633541673155,-0.6097,-4.0319272046153545,-0.6186999999999999,-4.483220109272302,-0.6297,-4.985442620724389,-0.6397,-5.480591575677152,-0.6477,-6.022426003525461,-0.6557000000000001,-6.500598422879844,-0.6627,-6.983014976133821,-0.6677000000000001,-7.466846240687664,-0.6737000000000001,-7.963409906940291,-0.6797000000000001,-8.489682510490084,-0.6847,-8.990490310642308,-0.6887,-9.451686194398311,-0.6947,-10.011911869144866,-0.7567,-20.046459119087572,-0.7877,-30.161644913122583,-0.8097,-39.90900576919269,-0.8317,-50.23639825820745
exp96,-1900mV,-0.6607,-0.4972710219025603,-0.6867,-1.000766773524527,-0.7007,-1.5179852247551844,-0.7097000000000001,-2.001816489309027,-0.7167,-2.4828183312631396,-0.7227,-2.989284976614823,-0.7277000000000001,-3.4900927767670455,-0.7327,-4.0588067193127895,-0.7357000000000001,-4.43511992507689,-0.7396999999999999,-4.992516177223715,-0.7427,-5.443809081880661,-0.7456999999999999,-5.931884480334099,-0.7487,-6.448254104784837,-0.7516999999999999,-6.999991511732201,-0.7547,-7.592755546375652,-0.7567,-8.004436534636376,-0.7587,-8.430264635895755,-0.7616999999999999,-9.10649663723124,-0.7636999999999999,-9.577595500086298,-0.7656999999999999,-10.064256187239872,-0.7977,-19.919135102099716,-0.8227000000000001,-30.06261512213203,-0.8437,-40.00803556018324,-0.8626999999999999,-49.925161772237146
exp97,-2000mV,-0.5487000000000001,-0.5015151558021554,-0.6237,-0.9949664571950804,-0.6767,-1.4882762874580184,-0.7167,-1.967863418112266,-0.7467,-2.5012095781613843,-0.7636999999999999,-3.010505646112798,-0.7736999999999999,-3.4886780654671803,-0.7857,-3.9767534639206183,-0.7947000000000001,-4.538393849967037,-0.8017,-4.99393088852358,-0.8127000000000001,-5.490494554776207,-0.8197,-5.99696120012789,-0.8257,-6.517574958478224,-0.8307000000000001,-6.949061904937061,-0.8357,-7.461187395488204,-0.8407000000000001,-7.978971731238807,-0.8447000000000001,-8.48543837659049,-0.8487000000000001,-8.939560703847167,-0.8527000000000001,-9.441783215299257,-0.8567000000000001,-10.052938496840952,-0.9057,-20.03231200608892,-0.9327,-29.878702653149578,-0.9547,-40.12121246417244,-0.9727,-50.15151558021555
exp98,-1700mV,-0.2927,-0.4976954352925198,-0.3437,-1.0010497157844995,-0.3717,-1.510911668255859,-0.3917,-1.9919135102099716,-0.4097,-2.515356691160035,-0.4246999999999999,-3.0119203574126634,-0.4377000000000001,-3.4915074880669104,-0.4507,-4.014950669016974,-0.4617000000000001,-4.500196644870682,-0.4717000000000001,-4.981198486824794,-0.4817000000000001,-5.5003975338752635,-0.4907,-6.008278890526811,-0.4987,-6.500598422879844,-0.5056999999999999,-6.968867863135171,-0.5127,-7.480993353686313,-0.5187,-7.959165773040696,-0.5247,-8.482608953990761,-0.5297,-8.956537239445547,-0.5347000000000001,-9.468662729996687,-0.5397,-10.028888404743244,-0.5907000000000001,-19.862546650105116,-0.6177,-30.09090934812933,-0.6366999999999999,-40.24853648116029,-0.6517000000000001,-50.1373684672169
exp99,-1800mV,-0.3877,-0.4967051373826143,-0.4257000000000001,-1.005293849684095,-0.4457000000000001,-1.4953498439573436,-0.4607,-2.0103047571082175,-0.4717000000000001,-2.4828183312631396,-0.4817000000000001,-2.9921143992145525,-0.4907,-3.5141428688647514,-0.4987,-4.01636538031684,-0.5056999999999999,-4.494537799671222,-0.5127,-5.037786938819395,-0.5187,-5.5272770485726985,-0.5236999999999999,-5.967252262830725,-0.5297,-6.506257268079304,-0.5357,-7.032529871629097,-0.5397,-7.456943261588608,-0.5447000000000001,-7.953506927841237,-0.5497,-8.46846184099211,-0.5547000000000001,-9.02161395923934,-0.5587000000000001,-9.47432157519615,-0.5637,-10.02464427084365,-0.6197,-20.03231200608892,-0.6547,-30.07676223513068,-0.6787,-40.092918238175145,-0.7007,-50.1656626932142
exp100,-2000mV,-0.5437,-0.4998175022423174,-0.6097,-1.0023229559543785,-0.6457,-1.498179266557074,-0.6687,-1.9876693763103763,-0.6857000000000001,-2.4898918877624645,-0.6997000000000001,-3.000602667013743,-0.7107,-3.512728157564886,-0.7187,-3.985241731719809,-0.7267,-4.5171731804690625,-0.7327,-4.972710219025604,-0.7387,-5.5003975338752635,-0.7436999999999999,-5.981399375829374,-0.7487,-6.468060062982947,-0.7536999999999999,-6.9915032439330105,-0.7576999999999999,-7.458357972888473,-0.7627,-8.048292584932193,-0.7667,-8.526465004286575,-0.7696999999999999,-9.023028670539205,-0.7727,-9.579010211386164,-0.7757,-10.06142676464014,-0.8247000000000001,-20.01816489309027,-0.8597,-30.161644913122583,-0.8866999999999999,-39.92315288219133,-0.9097,-49.8261319812466
exp101,-1900mV,-0.3886999999999999,-0.4992516177223714,-0.4277000000000001,-0.9980788220547832,-0.4587,-1.502423400456669,-0.4817000000000001,-1.9919135102099716,-0.5016999999999999,-2.5280890928588207,-0.5216999999999999,-3.0076762235130676,-0.5387000000000001,-3.4816045089678553,-0.5547000000000001,-4.009291823817514,-0.5667000000000001,-4.559614519465013,-0.5837,-5.0222251145208805,-0.5957,-5.490494554776207,-0.6087000000000001,-6.016767158326001,-0.6186999999999999,-6.500598422879844,-0.6317,-7.0763859219249134,-0.6417,-7.479578642386449,-0.6527,-8.018583647635028,-0.6597000000000001,-8.52505029298671,-0.6647,-8.959366662045278,-0.6777000000000001,-9.513933491592372,-0.6847,-9.992105910946751,-0.7687,-20.01816489309027,-0.7997,-30.161644913122583,-0.8207000000000001,-39.88071154319538,-0.8387000000000001,-50.15151558021555
exp102,-1800mV,-0.6057,-0.5006663290222364,-0.6306999999999999,-1.0122259350534335,-0.6417,-1.4769585970590984,-0.6497,-1.982010531110916,-0.6557000000000001,-2.49413602166206,-0.6607,-3.0359704495103688,-0.6647,-3.5608283417602973,-0.6677000000000001,-3.9909005769192687,-0.6707,-4.493123088371357,-0.6737000000000001,-5.03071338232007,-0.6757000000000001,-5.421173701082821,-0.6787,-6.047890806923031,-0.6807,-6.511916113278764,-0.6827,-6.994332666532741,-0.6847,-7.49938460058456,-0.6867,-8.049707296232057,-0.6887,-8.614177104878209,-0.6897000000000001,-8.894289942251486,-0.6917000000000001,-9.495542244694128,-0.6937000000000001,-10.120844639234472,-0.7187,-19.93328221509837,-0.7387,-29.864555540150924,-0.7567,-39.93729999518999,-0.7736999999999999,-50.20810403221015
exp103,-1900mV,-0.5027,-0.4969880796425873,-0.5517,-0.9970885241448778,-0.5827000000000001,-1.506667534356264,-0.6037,-2.008890045808352,-0.6197,-2.50262428946125,-0.6346999999999999,-2.997773244414013,-0.6446999999999999,-3.508484023665291,-0.6527,-4.002218267318188,-0.6607,-4.520002603068792,-0.6667,-4.951489549527628,-0.6737000000000001,-5.537180027671754,-0.6787,-5.9884729323287,-0.6837000000000001,-6.490695443780789,-0.6887,-7.039603428128422,-0.6917000000000001,-7.464016818087933,-0.6957000000000001,-8.034145471933543,-0.6997000000000001,-8.51656202518752,-0.7027,-9.014540402740012,-0.7057000000000001,-9.45451561699804,-0.7087,-9.9539087058504,-0.7496999999999999,-20.10304757108217,-0.7727,-30.00602667013743,-0.7897,-39.59776928322238,-0.8047000000000001,-50.010044450229046
exp104,-1800mV,-0.2856999999999999,-0.4984027909424524,-0.3387000000000001,-1.0040206095142166,-0.3737,-1.5038381117565338,-0.4037,-2.004645911908757,-0.4286999999999999,-2.50828313466071,-0.4497000000000001,-3.003432089613473,-0.4677000000000001,-3.499995755866101,-0.4827,-4.0121212464172435,-0.4956999999999999,-4.515758469169198,-0.5056999999999999,-4.99393088852358,-0.5156999999999999,-5.503226956474993,-0.5247,-5.9997906227276205,-0.5327000000000001,-6.494939577680383,-0.5407000000000001,-7.033944582928963,-0.5467000000000001,-7.489481621485504,-0.5527000000000001,-7.991704132937592,-0.5587000000000001,-8.51090317998806,-0.5637,-8.989075599342444,-0.5687000000000001,-9.49129811079453,-0.5737,-10.051523785541084,-0.6337,-19.890840876102416,-0.6687,-30.10505646112798,-0.6957000000000001,-40.12121246417244,-0.7177000000000001,-50.038338676226346
exp105,-1900mV,-0.4767,-0.4982613198124658,-0.5216999999999999,-1.0030303116043109,-0.5487000000000001,-1.512326379555724,-0.5687000000000001,-2.011719468408082,-0.5827000000000001,-2.4898918877624645,-0.5957,-3.0175792026121235,-0.6057,-3.512728157564886,-0.6137,-3.975338752620753,-0.6217,-4.473317130173245,-0.6286999999999999,-5.032128093619936,-0.6337,-5.4551267722795815,-0.6397,-5.9884729323287,-0.6446999999999999,-6.487866021181058,-0.6486999999999999,-6.947647193637194,-0.6537000000000001,-7.531922960481456,-0.6577000000000001,-8.003021823336512,-0.6617000000000001,-8.48543837659049,-0.6647,-8.945219549046627,-0.6677000000000001,-9.475736286496016,-0.6707,-9.9822029318477,-0.7137000000000001,-19.97572355409432,-0.7396999999999999,-29.75137863616172,-0.7607,-40.23438936816165,-0.7767000000000001,-49.8261319812466
exp106,-1900mV,-0.5847000000000001,-0.5006663290222364,-0.6297,-0.9973714664048507,-0.6537000000000001,-1.498179266557074,-0.6697000000000001,-2.0004017780091616,-0.6807,-2.478574197363544,-0.6897000000000001,-2.976552574916037,-0.6977000000000001,-3.519801714064211,-0.7037000000000001,-3.995144710818863,-0.7097000000000001,-4.542637983866633,-0.7137000000000001,-4.950074838227763,-0.7187,-5.5018122451751275,-0.7227,-5.99130235492843,-0.7267,-6.517574958478224,-0.7297000000000001,-6.940573637137869,-0.7337000000000001,-7.534752383081187,-0.7367,-8.003021823336512,-0.7396999999999999,-8.49958548958914,-0.7427,-9.011710980140284,-0.7456999999999999,-9.535154161090349,-0.7487,-10.078403300238522,-0.7907000000000001,-19.890840876102416,-0.8177,-29.90699687914687,-0.8397,-40.00803556018324,-0.8577,-49.8261319812466
exp107,-1500mV,-0.1257000000000001,-0.4967051373826143,-0.1667,-0.9975129375348374,-0.1897000000000002,-1.4868615761581534,-0.2067,-1.993328221509837,-0.2197000000000001,-2.4828183312631396,-0.2307,-2.976552574916037,-0.2407,-3.4915074880669104,-0.2496999999999999,-4.013535957717109,-0.2567,-4.470487707573516,-0.2636999999999999,-4.981198486824794,-0.2707,-5.498982822575398,-0.2767,-5.97998466452951,-0.2827,-6.494939577680383,-0.2887,-7.033944582928963,-0.2936999999999999,-7.507872868383751,-0.2987000000000001,-8.008680668535973,-0.3036999999999999,-8.536367983385631,-0.3077,-8.983416754142983,-0.3117,-9.4601744621975,-0.3157,-9.956738128450128,-0.3737,-19.904987989101063,-0.4126999999999999,-29.878702653149578,-0.4427,-39.99388844718459,-0.4667,-49.85442620724389
exp108,-1500mV,-0.1667,-0.4991101465923849,-0.2267,-0.9921370345953502,-0.2496999999999999,-1.505252823056399,-0.2636999999999999,-1.9834252424107812,-0.2747,-2.4828183312631396,-0.2836999999999999,-2.990699687914687,-0.2916999999999999,-3.5268752705635364,-0.2976999999999999,-3.992315288219133,-0.3036999999999999,-4.510099623969737,-0.3087000000000001,-4.991101465923849,-0.3137,-5.517374069473643,-0.3177,-5.970081685430455,-0.3217,-6.458157083883892,-0.3257,-6.975941419634496,-0.3297,-7.529093537881726,-0.3327000000000001,-7.961995195640427,-0.3367000000000001,-8.574565188481987,-0.3397,-9.0555670304361,-0.3427000000000001,-9.55496011928846,-0.3457,-10.07557387763879,-0.3886999999999999,-19.93328221509837,-0.4197000000000001,-30.04846800913338,-0.4427,-39.78168175220483,-0.4627,-50.22225114520881
exp109,-1700mV,-0.3377,-0.5008078001522229,-0.3777,-0.9966641107549185,-0.3997,-1.4939351326574788,-0.4157,-2.007475334508487,-0.4277000000000001,-2.50262428946125,-0.4377000000000001,-2.994943821814283,-0.4467,-3.512728157564886,-0.4537000000000001,-3.969679907421293,-0.4607,-4.476146552772976,-0.4677000000000001,-5.03637222751953,-0.4727,-5.474932730477692,-0.4787,-6.043646673023436,-0.4837000000000001,-6.5515280296749845,-0.4876999999999999,-6.983014976133821,-0.4916999999999999,-7.441381437290093,-0.4967,-8.0440484510326,-0.5007,-8.557588652883606,-0.5036999999999999,-8.953707816845819,-0.5076999999999999,-9.502615801193452,-0.5107,-9.935517458952152,-0.5607000000000001,-20.06060623208622,-0.5927000000000001,-30.04846800913338,-0.6177,-40.20609514216434,-0.6386999999999999,-50.22225114520881
exp110,-1900mV,-0.6186999999999999,-0.504486049531872,-0.6497,-1.0003423601345676,-0.6667,-1.4826174422585583,-0.6797000000000001,-2.001816489309027,-0.6897000000000001,-2.5167714024599,-0.6977000000000001,-3.010505646112798,-0.7047,-3.5169722914644814,-0.7107,-4.01070653511738,-0.7157000000000001,-4.470487707573516,-0.7207,-4.975539641625334,-0.7257000000000001,-5.535765316371888,-0.7297000000000001,-6.023840714825327,-0.7337000000000001,-6.55011331837512,-0.7367,-6.973111997034766,-0.7407,-7.575779010777271,-0.7436999999999999,-8.061024986630978,-0.7467,-8.571735765882257,-0.7487,-8.929657724748111,-0.7516999999999999,-9.49695695599399,-0.7547,-10.093965124537036,-0.7897,-20.07475334508487,-0.8117,-30.09090934812933,-0.8287000000000001,-40.23438936816165,-0.8427000000000001,-50.2505453712061
exp111,-2000mV,-0.6887,-0.4982613198124658,-0.7217000000000001,-0.9963811684949454,-0.7396999999999999,-1.5165705134553191,-0.7507,-1.980595819811051,-0.7596999999999999,-2.4743300634639493,-0.7676999999999999,-3.0232380478115832,-0.7736999999999999,-3.504239889765696,-0.7787000000000001,-3.961191639622102,-0.7837,-4.469072996273651,-0.7887000000000001,-5.03637222751953,-0.7927000000000001,-5.530106471172428,-0.7967000000000001,-6.064867342521412,-0.7997,-6.489280732480923,-0.8027000000000001,-6.934914791938409,-0.8067000000000001,-7.568705454277946,-0.8097,-8.070927965730034,-0.8117,-8.418946945496833,-0.8147000000000001,-8.960781373345142,-0.8177,-9.529495315890887,-0.8197,-9.918540923353772,-0.8597,-20.01816489309027,-0.8886999999999999,-30.00602667013743,-0.9137,-40.20609514216434,-0.9347,-50.038338676226346
exp112,-1500mV,-0.1557000000000001,-0.4989686754623983,-0.1907000000000001,-1.0027473693443378,-0.2117000000000001,-1.5080822456561291,-0.2267,-1.993328221509837,-0.2387,-2.478574197363544,-0.2496999999999999,-3.0147497800123935,-0.2587,-3.5268752705635364,-0.2656999999999999,-3.975338752620753,-0.2727,-4.476146552772976,-0.2796999999999999,-5.03637222751953,-0.2847,-5.474932730477692,-0.2896999999999999,-5.955934572431804,-0.2947000000000001,-6.480792464681733,-0.2996999999999999,-7.057994675026669,-0.3036999999999999,-7.5474847847799715,-0.3067000000000001,-7.935115680942991,-0.3107000000000001,-8.478364820091164,-0.3147000000000001,-9.04424934003718,-0.3177,-9.492712822094395,-0.3207000000000001,-9.9539087058504,-0.3717,-20.117194684080825,-0.4046999999999999,-30.13335068712528,-0.4306999999999999,-40.191948029165694,-0.4527,-50.23639825820745
exp113,-1800mV,-0.5937,-0.4965636662526278,-0.6157,-0.9877514295657688,-0.6286999999999999,-1.5080822456561291,-0.6377,-2.0258665814067327,-0.6437,-2.467256506964624,-0.6497,-3.004846800913338,-0.6547,-3.5381929609624567,-0.6587,-4.029097782015624,-0.6617000000000001,-4.4393640589764845,-0.6657000000000001,-5.050519340518181,-0.6687,-5.5541565632701335,-0.6707,-5.917737367335448,-0.6737000000000001,-6.500598422879844,-0.6757000000000001,-6.917938256340029,-0.6787,-7.588511412476056,-0.6807,-8.063854409230709,-0.6827,-8.564662209382933,-0.6847,-9.093764235532456,-0.6857000000000001,-9.366803516406408,-0.6877000000000001,-9.932688036352424,-0.7137000000000001,-19.904987989101063,-0.7327,-30.288968930110435,-0.7476999999999999,-40.17780091616704,-0.7607,-49.72710219025603
exp114,-1900mV,-0.6486999999999999,-0.4951489549527627,-0.6727,-1.0142065308732449,-0.6847,-1.4868615761581534,-0.6937000000000001,-1.9876693763103763,-0.7007,-2.4913065990623298,-0.7067,-3.021823336511718,-0.7117000000000001,-3.5381929609624567,-0.7157000000000001,-4.006462401217783,-0.7197000000000001,-4.528490870867983,-0.7227,-4.955733683427223,-0.7257000000000001,-5.419758989782956,-0.7287,-5.917737367335448,-0.7317000000000001,-6.452498238684432,-0.7347,-7.028285737729503,-0.7367,-7.430063746891172,-0.7396999999999999,-8.068098543130306,-0.7416999999999999,-8.51656202518752,-0.7436999999999999,-8.980587331543253,-0.7456999999999999,-9.464418596097095,-0.7476999999999999,-9.968055818849049,-0.7787000000000001,-20.17378313607542,-0.8007000000000001,-30.06261512213203,-0.8197,-40.191948029165694,-0.8357,-49.71295507725739
exp115,-1700mV,-0.2927,-0.4986857332024254,-0.3666999999999999,-1.0030303116043109,-0.4097,-1.506667534356264,-0.4377000000000001,-2.001816489309027,-0.4587,-2.504039000761115,-0.4757000000000001,-3.009090934812933,-0.4896999999999999,-3.5169722914644814,-0.5007,-3.999388844718459,-0.5107,-4.520002603068792,-0.5187,-5.00807800152223,-0.5257,-5.496153399975667,-0.5317,-5.970081685430455,-0.5377,-6.499183711579978,-0.5427000000000001,-6.9915032439330105,-0.5477,-7.534752383081187,-0.5517,-8.008680668535973,-0.5557,-8.51656202518752,-0.5597,-9.06405529823529,-0.5627000000000001,-9.502615801193452,-0.5657,-9.959567551049858,-0.6126999999999999,-19.961576441095666,-0.6426999999999999,-29.90699687914687,-0.6657000000000001,-40.092918238175145,-0.6837000000000001,-50.1939569192115
exp116,-1700mV,-0.2987000000000001,-0.5023639825820745,-0.3357,-0.9904393810355122,-0.3577,-1.5137410908555893,-0.3726999999999999,-2.007475334508487,-0.3846999999999999,-2.50262428946125,-0.3946999999999999,-2.977967286215902,-0.4046999999999999,-3.5297046931632665,-0.4126999999999999,-4.01636538031684,-0.4197000000000001,-4.481805397972437,-0.4266999999999999,-4.975539641625334,-0.4337000000000001,-5.496153399975667,-0.4407,-6.026670137425056,-0.4467,-6.500598422879844,-0.4527,-6.971697285734901,-0.4587,-7.464016818087933,-0.4657000000000001,-8.011510091135703,-0.4717000000000001,-8.464217707092514,-0.4787,-9.017369825339744,-0.4857000000000001,-9.532324738490615,-0.4927,-10.020400136944057,-0.5867000000000001,-20.03231200608892,-0.6226999999999999,-30.13335068712528,-0.6446999999999999,-40.27683070715759,-0.6617000000000001,-50.010044450229046
exp117,-1500mV,-0.0987000000000002,-0.4976954352925198,-0.1907000000000001,-1.0014741291744595,-0.2277000000000001,-1.499593977856939,-0.2487,-2.014548891007812,-0.2616999999999999,-2.485647753862869,-0.2727,-2.996358533114148,-0.2816999999999999,-3.4830192202677206,-0.2896999999999999,-3.975338752620753,-0.2976999999999999,-4.534149716067443,-0.3036999999999999,-4.99958973372304,-0.3097,-5.510300512974317,-0.3147000000000001,-5.97149639673032,-0.3197,-6.4850365985813285,-0.3247000000000001,-7.007065068231526,-0.3287000000000001,-7.454113838988878,-0.3337,-8.052536718831789,-0.3377,-8.55334451898401,-0.3407000000000001,-8.963610795944874,-0.3447000000000001,-9.501201089893586,-0.3477,-9.928443902452829,-0.3986999999999999,-20.01816489309027,-0.4317000000000001,-30.13335068712528,-0.4567,-40.14950669016974,-0.4777000000000001,-50.22225114520881
exp118,-1800mV,-0.5417,-0.5015151558021554,-0.5677,-0.9919955634653636,-0.5817,-1.5165705134553191,-0.5907000000000001,-2.020207736207272,-0.5977,-2.5351626493581456,-0.6027000000000001,-2.9850408427152275,-0.6077,-3.5141428688647514,-0.6117,-4.000803556018323,-0.6157,-4.552540962965688,-0.6186999999999999,-5.012322135421825,-0.6217,-5.515959358173778,-0.6246999999999999,-6.064867342521412,-0.6266999999999999,-6.456742372584028,-0.6297,-7.086288901023969,-0.6317,-7.534752383081187,-0.6337,-8.008680668535973,-0.6357,-8.503829623488736,-0.6377,-9.027272804438798,-0.6397,-9.576180788786434,-0.6406999999999999,-9.860537760059309,-0.6667,-19.919135102099716,-0.6847,-30.17579202612123,-0.6987,-40.10706535117379,-0.7107,-49.88272043324119
exp119,-1700mV,-0.0027000000000001,0.4998175022423174,-0.3307000000000001,-0.9972299952748644,-0.3686999999999999,-1.505252823056399,-0.3857,-2.007475334508487,-0.3977,-2.518186113759765,-0.4066999999999999,-3.0119203574126634,-0.4137,-3.4674573959692045,-0.4206999999999999,-4.000803556018323,-0.4266999999999999,-4.518587891768927,-0.4317000000000001,-5.003833867622634,-0.4367,-5.552741851970269,-0.4407,-5.998375911427756,-0.4447,-6.503427845479574,-0.4487,-7.045262273327882,-0.4517000000000001,-7.455528550288744,-0.4547,-7.929456835743531,-0.4587,-8.530709138186172,-0.4617000000000001,-9.04424934003718,-0.4647,-9.533739449790485,-0.4677000000000001,-10.091135701937308,-0.5136999999999999,-19.890840876102416,-0.5537,-30.13335068712528,-0.5867000000000001,-40.00803556018324,-0.6117,-49.557336834272235
exp120,-1800mV,-0.5707000000000001,-0.50335428049198,-0.5997,-1.007557387763879,-0.6157,-1.4925204213576138,-0.6277,-1.9975723554094316,-0.6366999999999999,-2.4799889086634095,-0.6446999999999999,-3.000602667013743,-0.6517000000000001,-3.539607672262322,-0.6567,-3.9767534639206183,-0.6617000000000001,-4.463414151074191,-0.6667,-5.0052485789225,-0.6707,-5.480591575677152,-0.6747,-5.995546488828026,-0.6787,-6.5515280296749845,-0.6817000000000001,-6.998576800432337,-0.6847,-7.472505085887125,-0.6877000000000001,-7.971898174739481,-0.6907,-8.501000200889004,-0.6937000000000001,-9.062640586935425,-0.6957000000000001,-9.453100905698175,-0.6987,-10.068500321139467,-0.7327,-19.834252424107817,-0.7547,-29.75137863616172,-0.7716999999999999,-39.88071154319538,-0.7857,-50.010044450229046
exp121,-2000mV,-0.6326999999999999,-0.4979783775524929,-0.6757000000000001,-0.9919955634653636,-0.6997000000000001,-1.4925204213576138,-0.7167,-2.014548891007812,-0.7287,-2.4842330425630044,-0.7396999999999999,-3.010505646112798,-0.7487,-3.525460559263671,-0.7556999999999999,-3.995144710818863,-0.7627,-4.524246736968387,-0.7687,-5.0420310727189905,-0.7736999999999999,-5.504641667774858,-0.7787000000000001,-6.019596580925731,-0.7827000000000001,-6.451083527384568,-0.7877,-7.055165252426939,-0.7917,-7.553143629979432,-0.7947000000000001,-7.953506927841237,-0.7987000000000001,-8.526465004286575,-0.8017,-8.982002042843117,-0.8047000000000001,-9.4601744621975,-0.8077,-9.956738128450128,-0.8517,-20.10304757108217,-0.8797,-30.07676223513068,-0.9007,-39.76753463920618,-0.9197,-50.20810403221015
exp122,-2000mV,-0.6917000000000001,-0.4979783775524929,-0.7247,-1.006142676464014,-0.7427,-1.498179266557074,-0.7556999999999999,-1.9791811085111863,-0.7667,-2.515356691160035,-0.7747,-2.975137863616172,-0.7827000000000001,-3.512728157564886,-0.7887000000000001,-3.9668504848215624,-0.7947000000000001,-4.467658284973785,-0.8007000000000001,-5.017980980621284,-0.8057,-5.524447625972968,-0.8097,-5.957349283731669,-0.8147000000000001,-6.523233803677684,-0.8187000000000001,-7.016968047330582,-0.8227000000000001,-7.534752383081187,-0.8257,-7.94360394874218,-0.8297,-8.51656202518752,-0.8327000000000001,-8.973513775043926,-0.8357,-9.440368503999393,-0.8387000000000001,-9.925614479853095,-0.8846999999999999,-19.876693763103766,-0.9137,-29.80796708815632,-0.9357,-40.03632978618054,-0.9537,-50.2505453712061
exp123,-1800mV,-0.5967000000000001,-0.5080228277815346,-0.6146999999999999,-1.020148318332678,-0.6237,-1.4826174422585583,-0.6306999999999999,-1.9848399537106465,-0.6366999999999999,-2.545065628457201,-0.6406999999999999,-2.996358533114148,-0.6446999999999999,-3.5183870027643462,-0.6477,-3.9597769283222375,-0.6507,-4.447852326775675,-0.6537000000000001,-4.985442620724389,-0.6567,-5.57537723276811,-0.6587,-5.998375911427756,-0.6607,-6.441180548285512,-0.6627,-6.913694122440434,-0.6647,-7.410257788693063,-0.6667,-7.93228625834326,-0.6687,-8.47977953139103,-0.6707,-9.05273760783637,-0.6727,-9.65116048767928,-0.6737000000000001,-9.958152839749992,-0.6997000000000001,-20.230371588070028,-0.7187,-30.13335068712528,-0.7347,-39.72509330021023,-0.7507,-50.2505453712061
exp124,-1400mV,-0.0337,-0.4955733683427223,-0.1027000000000002,-1.0003423601345676,-0.1717000000000001,-1.499593977856939,-0.1966999999999999,-1.9989870667092968,-0.2117000000000001,-2.50545371206098,-0.2217000000000001,-3.000602667013743,-0.2297000000000001,-3.522631136663941,-0.2357000000000001,-4.007877112517649,-0.2407,-4.4775612640728415,-0.2456999999999999,-5.017980980621284,-0.2496999999999999,-5.503226956474993,-0.2536999999999999,-6.039402539123842,-0.2567,-6.463815929083352,-0.2596999999999999,-6.929255946738949,-0.2627,-7.421575479091982,-0.2656999999999999,-7.942189237442316,-0.2687,-8.48543837659049,-0.2716999999999999,-9.062640586935425,-0.2736999999999999,-9.464418596097095,-0.2767,-10.088306279337578,-0.3127000000000001,-19.848399537106463,-0.3397,-30.07676223513068,-0.3607000000000001,-40.06462401217784,-0.3786999999999999,-50.30713382320071
exp125,-1800mV,-0.3966999999999999,-0.5046275206618586,-0.4327,-0.9999179467446078,-0.4567,-1.502423400456669,-0.4757000000000001,-1.9989870667092968,-0.4927,-2.4927213103621946,-0.5087,-3.006261512213203,-0.5236999999999999,-3.5141428688647514,-0.5347000000000001,-3.996559422118728,-0.5457,-4.498781933570816,-0.5547000000000001,-4.9896867546239845,-0.5647000000000001,-5.487665132176478,-0.5737,-6.022426003525461,-0.5807000000000001,-6.53596620537647,-0.5867000000000001,-6.994332666532741,-0.5917,-7.503628734484154,-0.5967000000000001,-7.993118844237457,-0.6007000000000001,-8.47129126359184,-0.6047000000000001,-8.973513775043926,-0.6087000000000001,-9.48563926559507,-0.6126999999999999,-10.03030311604311,-0.6507,-20.159636023076775,-0.6707,-30.24652759111449,-0.6847,-39.86656443019674,-0.6977000000000001,-49.85442620724389
exp126,-1800mV,-0.4037,-0.5034957516219666,-0.4477000000000001,-1.0051523785541088,-0.4767,-1.502423400456669,-0.4976999999999999,-2.007475334508487,-0.5227,-2.4983801555616547,-0.5427000000000001,-3.000602667013743,-0.5597,-3.4900927767670455,-0.5757,-3.930067991025071,-0.5827000000000001,-4.495952510971087,-0.5957,-4.979783775524929,-0.6087000000000001,-5.486250420876612,-0.6197,-6.026670137425056,-0.6266999999999999,-6.435521703086052,-0.6317,-7.131559662619649,-0.6366999999999999,-7.469675663287394,-0.6437,-7.966239329540022,-0.6507,-8.526465004286575,-0.6577000000000001,-9.011710980140284,-0.6617000000000001,-9.498371667293856,-0.6657000000000001,-9.946835149351072,-0.7157000000000001,-20.06060623208622,-0.7416999999999999,-29.991879557138777,-0.7596999999999999,-39.83827020419943,-0.7757,-49.79783775524929
exp127,-1400mV,-0.0287000000000001,-0.5005248578922499,-0.0467000000000001,-1.00953798358369,-0.0607000000000002,-1.4939351326574788,-0.0947000000000002,-1.9989870667092968,-0.1557000000000001,-2.49979486686152,0.0102999999999999,2.994943821814283,-0.1966999999999999,-3.512728157564886,-0.2067,-4.014950669016974,-0.2147,-4.524246736968387,-0.2207,-4.979783775524929,-0.2267,-5.497568111275533,-0.2317000000000001,-5.99130235492843,-0.2367,-6.537380916676335,-0.2407,-7.021212181230177,-0.2447,-7.537581805680916,-0.2476999999999999,-7.949262793941642,-0.2516999999999999,-8.539197405985362,-0.2547,-9.011710980140284,-0.2576999999999999,-9.512518780292506,-0.2607,-10.031717827342977,-0.3016999999999999,-19.97572355409432,-0.3297,-30.03432089613473,-0.3507000000000001,-40.12121246417244,-0.3686999999999999,-49.85442620724389
exp128,-1400mV,-0.0337,-0.5006663290222364,-0.1377000000000001,-1.0006253023945404,-0.1697000000000001,-1.4953498439573436,-0.1867000000000001,-1.9834252424107812,-0.1987,-2.4955507329619246,-0.2077000000000001,-2.994943821814283,-0.2147,-3.475945663768395,-0.2217000000000001,-4.029097782015624,-0.2267,-4.486049531872031,-0.2317000000000001,-4.998175022423175,-0.2357000000000001,-5.453712060979717,-0.2396999999999999,-5.94320217073302,-0.2436999999999999,-6.473718908182407,-0.2476999999999999,-7.048091695927613,-0.2507,-7.506458157083885,-0.2536999999999999,-7.988874710337861,-0.2567,-8.50241491218887,-0.2596999999999999,-9.045664051337043,-0.2616999999999999,-9.42056254580128,-0.2647,-10.009082446545134,-0.3016999999999999,-19.876693763103766,-0.3277,-30.18993913911989,-0.3477,-40.23438936816165,-0.3646999999999999,-50.2788395972034
exp129,-1800mV,-0.5387000000000001,-0.503920165011926,-0.5637,-0.9970885241448778,-0.5777,-1.4925204213576138,-0.5877,-1.9989870667092968,-0.5957,-2.5224302476593605,-0.6017,-2.999187955713878,-0.6067000000000001,-3.4617985507697444,-0.6117,-3.9909005769192687,-0.6157,-4.466243573673921,-0.6197,-4.992516177223715,-0.6226999999999999,-5.425417834982416,-0.6266999999999999,-6.056379074722222,-0.6297,-6.569919276573231,-0.6317,-6.9320853693386795,-0.6346999999999999,-7.510702290983478,-0.6366999999999999,-7.918139145344611,-0.6397,-8.566076920682798,-0.6417,-9.023028670539205,-0.6437,-9.499786378593722,-0.6457,-9.997764756146214,-0.6747,-19.93328221509837,-0.6947,-30.00602667013743,-0.7107,-39.76753463920618,-0.7257000000000001,-49.84027909424525
exp130,-1800mV,-0.3267000000000001,-0.5054763474417775,-0.3547000000000001,-0.9917126212053906,-0.3737,-1.4911057100577487,-0.3897,-2.007475334508487,-0.4026999999999999,-2.4884771764625997,-0.4146999999999999,-2.9921143992145525,-0.4266999999999999,-3.5183870027643462,-0.4367,-3.973924041320888,-0.4457000000000001,-4.527076159568118,-0.4537000000000001,-5.0491046292183155,-0.4617000000000001,-5.538594738971618,-0.4697000000000001,-6.012523024426406,-0.4777000000000001,-6.490695443780789,-0.4827,-6.9915032439330105,-0.4907,-7.544655362180241,-0.4936999999999999,-7.994533555537323,-0.4987,-8.455729439293325,-0.5047,-8.949463682946222,-0.5096999999999999,-9.463003884797232,-0.5147,-9.97654408664824,-0.6206999999999999,-19.947429328097016,-0.6837000000000001,-29.977732444140123,-0.7237000000000001,-40.03632978618054,-0.7556999999999999,-49.925161772237146
exp131,-1800mV,-0.5577,-0.5009492712822095,-0.5907000000000001,-1.011235637143528,-0.6067000000000001,-1.5179852247551844,-0.6166999999999999,-2.007475334508487,-0.6237,-2.465841795664759,-0.6306999999999999,-3.028896893011044,-0.6357,-3.505654601065561,-0.6397,-3.9484592379233177,-0.6437,-4.442193481576215,-0.6477,-4.996760311123309,-0.6507,-5.463615040078771,-0.6537000000000001,-5.954519861131939,-0.6567,-6.494939577680383,-0.6597000000000001,-7.074971210625048,-0.6617000000000001,-7.4937257553851,-0.6637000000000001,-7.936530392242855,-0.6657000000000001,-8.394896853399128,-0.6677000000000001,-8.874483984053375,-0.6697000000000001,-9.389438897204249,-0.6717000000000001,-9.917126212053908,-0.6997000000000001,-20.07475334508487,-0.7187,-30.17579202612123,-0.7337000000000001,-39.86656443019674,-0.7476999999999999,-49.78369064225064
exp132,-1600mV,-0.2616999999999999,-0.4992516177223714,-0.3056999999999999,-0.9994935333546484,-0.3287000000000001,-1.502423400456669,-0.3447000000000001,-2.0187930249074073,-0.3567000000000001,-2.5139419798601703,-0.3666999999999999,-3.0076762235130676,-0.3757,-3.525460559263671,-0.3826999999999999,-3.9767534639206183,-0.3897,-4.473317130173245,-0.3966999999999999,-5.01656626932142,-0.4026999999999999,-5.525862337272833,-0.4077,-5.977155241929781,-0.4126999999999999,-6.463815929083352,-0.4177,-6.970282574435036,-0.4226999999999999,-7.517775847482805,-0.4266999999999999,-7.973312886039348,-0.4306999999999999,-8.45148530539373,-0.4347,-8.945219549046627,-0.4387,-9.463003884797232,-0.4427,-10.003423601345672,-0.4967,-20.117194684080825,-0.5297,-30.13335068712528,-0.5537,-39.88071154319538,-0.5747000000000001,-49.68466085126009
exp133,-1700mV,-0.3906999999999999,-0.4984027909424524,-0.4206999999999999,-0.9976544086648236,-0.4387,-1.4953498439573436,-0.4527,-2.020207736207272,-0.4627,-2.478574197363544,-0.4727,-3.021823336511718,-0.4807,-3.508484023665291,-0.4876999999999999,-3.986656443019674,-0.4947,-4.515758469169198,-0.5007,-5.0222251145208805,-0.5056999999999999,-5.472103307877963,-0.5116999999999999,-6.047890806923031,-0.5156999999999999,-6.462401217783487,-0.5207,-7.009894490831256,-0.5247,-7.479578642386449,-0.5287000000000001,-7.973312886039348,-0.5327000000000001,-8.495341355689545,-0.5367000000000001,-9.051322896536504,-0.5397,-9.48563926559507,-0.5427000000000001,-9.939761592851749,-0.5897,-19.961576441095666,-0.6226999999999999,-29.864555540150924,-0.6486999999999999,-40.17780091616704,-0.6707,-49.967603111233096
exp134,-1800mV,-0.3457,-0.5012322135421824,-0.3726999999999999,-1.0113771082735146,-0.3897,-1.506667534356264,-0.4026999999999999,-2.008890045808352,-0.4126999999999999,-2.5012095781613843,-0.4217000000000001,-3.0274821817111786,-0.4286999999999999,-3.4773603750682605,-0.4357000000000001,-4.006462401217783,-0.4417000000000001,-4.495952510971087,-0.4477000000000001,-4.9826131981246595,-0.4537000000000001,-5.493323977375938,-0.4597000000000001,-6.033743693924381,-0.4647,-6.53030736017701,-0.4697000000000001,-7.011309202131122,-0.4737000000000001,-7.458357972888473,-0.4787,-8.008680668535973,-0.4827,-8.491097221789948,-0.4876999999999999,-9.04707876263691,-0.4916999999999999,-9.519592336791831,-0.4956999999999999,-10.003423601345672,-0.5617,-20.00401778009162,-0.6087000000000001,-29.991879557138777,-0.6426999999999999,-39.99388844718459,-0.6677000000000001,-50.06663290222365
exp135,-2000mV,-0.6807,-0.4981198486824793,-0.7047,-0.9952493994550534,-0.7187,-1.5080822456561291,-0.7287,-2.0187930249074073,-0.7367,-2.532333226758415,-0.7427,-2.989284976614823,-0.7487,-3.5113134462650213,-0.7536999999999999,-4.003632978618054,-0.7587,-4.548296829066093,-0.7627,-5.02505453712061,-0.7667,-5.5414241615713475,-0.7696999999999999,-5.951690438532209,-0.7736999999999999,-6.537380916676335,-0.7767000000000001,-7.002820934331931,-0.7797,-7.4937257553851,-0.7827000000000001,-8.008680668535973,-0.7857,-8.547685673784551,-0.7877,-8.922584168248786,-0.7907000000000001,-9.50544522379318,-0.7927000000000001,-9.908637944254718,-0.8307000000000001,-19.876693763103766,-0.8587000000000001,-30.11920357412663,-0.8806999999999999,-39.96559422118728,-0.8997,-49.74124930325469
exp136,-1800mV,-0.5417,-0.4992516177223714,-0.5797,-0.9907223232954852,-0.5997,-1.4967645552572086,-0.6126999999999999,-1.993328221509837,-0.6226999999999999,-2.515356691160035,-0.6297,-2.9850408427152275,-0.6357,-3.4589691281700143,-0.6417,-4.026268359415894,-0.6457,-4.470487707573516,-0.6497,-4.9698807964258735,-0.6537000000000001,-5.532935893772159,-0.6567,-6.001205334027486,-0.6597000000000001,-6.516160247178359,-0.6627,-7.086288901023969,-0.6647,-7.49089633278537,-0.6667,-7.928042124443665,-0.6687,-8.392067430799397,-0.6707,-8.885801674452297,-0.6727,-9.410659566702224,-0.6747,-9.96522639624932,-0.6987,-19.904987989101063,-0.7137000000000001,-29.878702653149578,-0.7257000000000001,-40.20609514216434,-0.7357000000000001,-50.30713382320071
exp137,-1600mV,-0.0227000000000001,-0.5073154721316021,-0.2536999999999999,-1.0014741291744595,-0.3157,-1.498179266557074,-0.3447000000000001,-2.0004017780091616,-0.3626999999999999,-2.5139419798601703,-0.3757,-3.021823336511718,-0.3857,-3.505654601065561,-0.3946999999999999,-4.020609514216435,-0.4017,-4.487464243171897,-0.4086999999999999,-5.002419156322769,-0.4146999999999999,-5.496153399975667,-0.4206999999999999,-6.042231961723571,-0.4257000000000001,-6.534551494076605,-0.4297000000000001,-6.949061904937061,-0.4347,-7.510702290983478,-0.4387,-7.988874710337861,-0.4427,-8.49392664438968,-0.4467,-9.028687515738664,-0.4497000000000001,-9.444612637898985,-0.4537000000000001,-10.031717827342977,-0.5027,-19.947429328097016,-0.5347000000000001,-30.13335068712528,-0.5577,-40.06462401217784,-0.5767000000000001,-49.84027909424525
exp138,-1800mV,-0.5187,-0.4998175022423174,-0.5637,-0.9922785057253368,-0.5877,-1.4925204213576138,-0.6037,-2.0004017780091616,-0.6157,-2.518186113759765,-0.6246999999999999,-3.0119203574126634,-0.6317,-3.4660426846693397,-0.6386999999999999,-3.996559422118728,-0.6446999999999999,-4.515758469169198,-0.6497,-5.0052485789225,-0.6547,-5.542838872871213,-0.6587,-6.019596580925731,-0.6627,-6.54728389577539,-0.6657000000000001,-6.968867863135171,-0.6697000000000001,-7.564461320378352,-0.6727,-8.045463162332464,-0.6757000000000001,-8.554759230283878,-0.6777000000000001,-8.911266477849864,-0.6807,-9.47715099779588,-0.6837000000000001,-10.078403300238522,-0.7177000000000001,-19.961576441095666,-0.7387,-30.21823336511718,-0.7536999999999999,-40.14950669016974,-0.7656999999999999,-49.9110146592385
exp139,-1600mV,-0.2097000000000001,-0.4992516177223714,-0.2747,-0.9956738128450128,-0.3007000000000001,-1.4925204213576138,-0.3187000000000001,-1.9919135102099716,-0.3327000000000001,-2.4927213103621946,-0.3447000000000001,-3.0147497800123935,-0.3547000000000001,-3.5240458479638064,-0.3626999999999999,-3.986656443019674,-0.3706999999999999,-4.490293665771627,-0.3777,-4.976954352925199,-0.3846999999999999,-5.493323977375938,-0.3906999999999999,-5.970081685430455,-0.3966999999999999,-6.480792464681733,-0.4026999999999999,-7.016968047330582,-0.4077,-7.489481621485504,-0.4126999999999999,-7.984630576438266,-0.4177,-8.512317891287925,-0.4226999999999999,-9.054152319136236,-0.4266999999999999,-9.509689357692777,-0.4306999999999999,-9.969470530148914,-0.4927,-19.961576441095666,-0.5297,-29.949438218142824,-0.5587000000000001,-39.93729999518999,-0.5787000000000001,-50.22225114520881
exp140,-1600mV,-0.2247,-0.4992516177223714,-0.2636999999999999,-1.0003423601345676,-0.2847,-1.4953498439573436,-0.2996999999999999,-2.0103047571082175,-0.3107000000000001,-2.50545371206098,-0.3197,-2.9822114201154974,-0.3287000000000001,-3.5240458479638064,-0.3357,-3.9909005769192687,-0.3427000000000001,-4.520002603068792,-0.3487000000000001,-4.991101465923849,-0.3547000000000001,-5.482006286977017,-0.3607000000000001,-5.995546488828026,-0.3657,-6.458157083883892,-0.3717,-7.041018139428288,-0.3757,-7.464016818087933,-0.3806999999999999,-8.015754225035298,-0.3846999999999999,-8.48543837659049,-0.3886999999999999,-8.982002042843117,-0.3926999999999999,-9.492712822094395,-0.3966999999999999,-10.04445022904176,-0.4507,-20.03231200608892,-0.4857000000000001,-30.07676223513068,-0.5107,-39.97974133418594,-0.5307000000000001,-49.93930888523579
exp141,-1700mV,-0.3547000000000001,-0.5017980980621284,-0.3937,-1.001898542564419,-0.4146999999999999,-1.498179266557074,-0.4297000000000001,-2.011719468408082,-0.4407,-2.485647753862869,-0.4507,-3.010505646112798,-0.4587,-3.4985810445662353,-0.4657000000000001,-3.9767534639206183,-0.4727,-4.520002603068792,-0.4787,-5.012322135421825,-0.4837000000000001,-5.4622003287789065,-0.4896999999999999,-6.049305518222896,-0.4936999999999999,-6.449668816084703,-0.4987,-6.9915032439330105,-0.5027,-7.464016818087933,-0.5067,-7.946433371341912,-0.5107,-8.452900016693595,-0.5147,-9.007466846240687,-0.5187,-9.566277809687378,-0.5216999999999999,-10.031717827342977,-0.5697,-19.961576441095666,-0.6017,-30.00602667013743,-0.6257,-39.99388844718459,-0.6446999999999999,-49.93930888523579
exp142,-1800mV,-0.5647000000000001,-0.501090742412196,-0.5887000000000001,-0.9859123048759442,-0.6027000000000001,-1.4939351326574788,-0.6126999999999999,-2.008890045808352,-0.6197,-2.465841795664759,-0.6266999999999999,-3.0189939139119883,-0.6317,-3.4801897976679905,-0.6366999999999999,-4.002218267318188,-0.6406999999999999,-4.469072996273651,-0.6446999999999999,-4.9840279094245235,-0.6486999999999999,-5.549912429370539,-0.6517000000000001,-6.011108313126541,-0.6547,-6.504842556779439,-0.6577000000000001,-7.033944582928963,-0.6597000000000001,-7.406013654793467,-0.6627,-7.998777689436918,-0.6647,-8.41470281159724,-0.6677000000000001,-9.07254356603448,-0.6697000000000001,-9.535154161090349,-0.6717000000000001,-10.018985425644187,-0.7017000000000001,-20.14548891007812,-0.7207,-29.90699687914687,-0.7357000000000001,-39.72509330021023,-0.7487,-49.74124930325469
exp143,-1900mV,-0.6107000000000001,-0.5019395691921149,-0.6466999999999999,-0.9956738128450128,-0.6667,-1.4896909987578837,-0.6807,-1.9890840876102416,-0.6917000000000001,-2.509697845960575,-0.6997000000000001,-2.9850408427152275,-0.7067,-3.4745309524685304,-0.7127,-3.9668504848215624,-0.7187,-4.539808561266903,-0.7227,-4.9698807964258735,-0.7267,-5.440979659280932,-0.7307,-5.957349283731669,-0.7347,-6.518989669778089,-0.7376999999999999,-6.974526708334631,-0.7407,-7.466846240687664,-0.7436999999999999,-7.978971731238807,-0.7467,-8.543441539884956,-0.7487,-8.936731281247436,-0.7516999999999999,-9.556374830588323,-0.7536999999999999,-9.99635004484635,-0.7877,-19.98987066709297,-0.8107000000000001,-29.76552574916037,-0.8297,-39.73924041320888,-0.8467000000000001,-49.98175022423175
exp144,-1700mV,-0.5176999999999999,-0.5012322135421824,-0.5477,-0.989873496515566,-0.5627000000000001,-1.506667534356264,-0.5717,-1.9735222633117264,-0.5787000000000001,-2.464427084364894,-0.5847000000000001,-3.010505646112798,-0.5887000000000001,-3.4575544168701495,-0.5927000000000001,-3.956947505722508,-0.5967000000000001,-4.5369791386671725,-0.5997,-5.0222251145208805,-0.6027000000000001,-5.585280211867165,-0.6047000000000001,-5.989887643628566,-0.6067000000000001,-6.410056899688482,-0.6097,-7.093362457523294,-0.6117,-7.588511412476056,-0.6137,-8.13176055162423,-0.6146999999999999,-8.397726275998858,-0.6166999999999999,-8.997563867141633,-0.6186999999999999,-9.610133859983192,-0.6197,-9.946835149351072,-0.6426999999999999,-20.25866581406732,-0.6577000000000001,-30.232380478115836,-0.6697000000000001,-39.92315288219133,-0.6807,-49.967603111233096
exp145,-1900mV,-0.6337,-0.5001004445022904,-0.6527,-0.991005265555458,-0.6637000000000001,-1.5165705134553191,-0.6707,-1.9989870667092968,-0.6767,-2.5351626493581456,-0.6807,-2.9694790184167124,-0.6847,-3.4745309524685304,-0.6887,-4.060221430612655,-0.6917000000000001,-4.553955674265553,-0.6937000000000001,-4.913292344431272,-0.6967,-5.497568111275533,-0.6987,-5.917737367335448,-0.7017000000000001,-6.601042925170261,-0.7037000000000001,-7.090533034923564,-0.7057000000000001,-7.611146793273897,-0.7067,-7.879941940248254,-0.7087,-8.44299703759454,-0.7107,-9.035761072237989,-0.7117000000000001,-9.342753424308702,-0.7137000000000001,-9.9822029318477,-0.7376999999999999,-19.93328221509837,-0.7556999999999999,-29.892849766148224,-0.7716999999999999,-40.03632978618054,-0.7867000000000001,-50.30713382320071
exp146,-1800mV,-0.5196999999999999,-0.4992516177223714,-0.5447000000000001,-1.001615600304446,-0.5577,-1.4826174422585583,-0.5677,-2.0187930249074073,-0.5747000000000001,-2.5012095781613843,-0.5807000000000001,-2.999187955713878,-0.5857,-3.4787750863681253,-0.5907000000000001,-4.026268359415894,-0.5947000000000001,-4.515758469169198,-0.5987000000000001,-5.056178185717641,-0.6017,-5.4947386886758025,-0.6047000000000001,-5.964422840230995,-0.6077,-6.466645351683083,-0.6107000000000001,-7.005650356931662,-0.6137,-7.5814378559767315,-0.6157,-7.984630576438266,-0.6177,-8.406214543798049,-0.6206999999999999,-9.073958277334343,-0.6226999999999999,-9.543642428889536,-0.6246999999999999,-10.035961961242569,-0.6537000000000001,-19.805958198110513,-0.6737000000000001,-30.161644913122583,-0.6887,-40.33341915915219,-0.7007,-50.06663290222365
exp147,-1800mV,-0.5247,-0.4950074838227763,-0.5517,-0.9965226396249316,-0.5657,-1.4911057100577487,-0.5757,-2.023037158807002,-0.5827000000000001,-2.5139419798601703,-0.5887000000000001,-3.0161644913122583,-0.5937,-3.522631136663941,-0.5977,-3.968265196121428,-0.6017,-4.476146552772976,-0.6057,-5.057592897017507,-0.6087000000000001,-5.525862337272833,-0.6117,-6.053549652122491,-0.6137,-6.427033435286861,-0.6166999999999999,-7.024041603829907,-0.6186999999999999,-7.4498697050892835,-0.6206999999999999,-7.899747898446365,-0.6237,-8.615591816178071,-0.6246999999999999,-8.87306927275351,-0.6266999999999999,-9.405000721502764,-0.6286999999999999,-9.9539087058504,-0.6547,-20.13134179707947,-0.6707,-29.69479018416712,-0.6847,-40.34756627215084,-0.6957000000000001,-50.15151558021555
exp148,-1900mV,-0.6047000000000001,-0.4981198486824793,-0.6306999999999999,-0.9985032354447428,-0.6437,-1.4840321535584236,-0.6527,-1.9848399537106465,-0.6597000000000001,-2.49413602166206,-0.6657000000000001,-3.0274821817111786,-0.6707,-3.543851806161917,-0.6747,-4.014950669016974,-0.6787,-4.544052695166498,-0.6817000000000001,-4.972710219025604,-0.6847,-5.4353208140814715,-0.6877000000000001,-5.931884480334099,-0.6907,-6.469474774282813,-0.6937000000000001,-7.041018139428288,-0.6957000000000001,-7.4427961485899585,-0.6987,-8.0723426770299,-0.7007,-8.515147313887656,-0.7027,-8.977757908943524,-0.7047,-9.458759750897634,-0.7067,-9.956738128450128,-0.7376999999999999,-19.834252424107817,-0.7607,-29.779672862159025,-0.7817,-40.20609514216434,-0.7997,-50.15151558021555
exp149,-1800mV,-0.5597,-0.4989686754623983,-0.6007000000000001,-0.9928443902452826,-0.6206999999999999,-1.499593977856939,-0.6326999999999999,-1.9834252424107812,-0.6417,-2.475744774763814,-0.6486999999999999,-2.9609907506175217,-0.6547,-3.46887210726907,-0.6597000000000001,-3.969679907421293,-0.6647,-4.553955674265553,-0.6677000000000001,-4.943001281728439,-0.6717000000000001,-5.517374069473643,-0.6747,-5.99696120012789,-0.6777000000000001,-6.511916113278764,-0.6807,-7.072141788025317,-0.6827,-7.471090374587258,-0.6847,-7.892674341947039,-0.6877000000000001,-8.561832786783201,-0.6897000000000001,-9.030102227038528,-0.6917000000000001,-9.522421759391564,-0.6937000000000001,-10.045864940341623,-0.7217000000000001,-19.904987989101063,-0.7416999999999999,-29.96358533114148,-0.7587,-40.31927204615355,-0.7727,-49.95345599823444
exp150,-1500mV,-0.0187000000000001,-0.4944415993028303,-0.0507000000000001,-1.0031717827342974,-0.1837000000000002,-1.499593977856939,-0.2057000000000001,-1.9989870667092968,-0.2197000000000001,-2.4955507329619246,-0.2307,-3.002017378313608,-0.2396999999999999,-3.5113134462650213,-0.2467,-3.9668504848215624,-0.2536999999999999,-4.487464243171897,-0.2596999999999999,-4.986857332024254,-0.2656999999999999,-5.537180027671754,-0.2707,-6.033743693924381,-0.2747,-6.455327661284162,-0.2796999999999999,-7.016968047330582,-0.2836999999999999,-7.503628734484154,-0.2876999999999999,-8.001607112036647,-0.2916999999999999,-8.529294426886306,-0.2947000000000001,-8.949463682946222,-0.2987000000000001,-9.526665893291156,-0.3016999999999999,-9.9539087058504,-0.3547000000000001,-20.07475334508487,-0.3917,-29.90699687914687,-0.4206999999999999,-40.10706535117379,-0.4447,-50.010044450229046
exp151,-1700mV,-0.3826999999999999,-0.4969880796425873,-0.4177,-0.9968055818849048,-0.4357000000000001,-1.506667534356264,-0.4477000000000001,-2.0159636023076772,-0.4567,-2.5167714024599,-0.4637000000000001,-2.9921143992145525,-0.4697000000000001,-3.4717015298688,-0.4757000000000001,-4.01070653511738,-0.4807,-4.522832025668523,-0.4847,-4.967051373826144,-0.4887,-5.450882638379986,-0.4927,-5.978569953229646,-0.4967,-6.5515280296749845,-0.4996999999999999,-7.008479779531392,-0.5027,-7.4824080649861795,-0.5056999999999999,-8.010095379835839,-0.5087,-8.546270962484687,-0.5107,-8.922584168248786,-0.5136999999999999,-9.519592336791831,-0.5156999999999999,-9.936932170252016,-0.5537,-20.03231200608892,-0.5827000000000001,-29.935291105144177,-0.6087000000000001,-40.02218267318189,-0.6306999999999999,-50.038338676226346
exp152,-1800mV,-0.5847000000000001,-0.501656626932142,-0.6067000000000001,-0.9904393810355122,-0.6197,-1.5193999360550492,-0.6277,-1.9919135102099716,-0.6346999999999999,-2.5266743815589554,-0.6397,-2.996358533114148,-0.6446999999999999,-3.552340073961107,-0.6486999999999999,-4.065880275812115,-0.6517000000000001,-4.494537799671222,-0.6547,-4.962807239926549,-0.6577000000000001,-5.473518019177827,-0.6607,-6.029499560024787,-0.6627,-6.427033435286861,-0.6657000000000001,-7.060824097626399,-0.6677000000000001,-7.512117002283345,-0.6697000000000001,-7.983215865138402,-0.6717000000000001,-8.47977953139103,-0.6737000000000001,-8.996149155841769,-0.6757000000000001,-9.537983583690076,-0.6777000000000001,-10.102453392336226,-0.7047,-19.93328221509837,-0.7257000000000001,-30.04846800913338,-0.7436999999999999,-40.05047689917919,-0.7596999999999999,-49.72710219025603
exp153,-1400mV,-0.0477,-0.4982613198124658,-0.1027000000000002,-1.006425618723987,-0.1377000000000001,-1.498179266557074,-0.1607,-1.982010531110916,-0.1697000000000001,-2.4884771764625997,-0.1797000000000002,-3.0260674704113137,-0.1877000000000002,-3.507069312365426,-0.1946999999999999,-3.988071154319539,-0.2017000000000001,-4.539808561266903,-0.2067,-4.981198486824794,-0.2117000000000001,-5.457956194879311,-0.2167,-5.989887643628566,-0.2207,-6.448254104784837,-0.2247,-6.936329503238276,-0.2287,-7.468260951987529,-0.2327,-8.01433951373543,-0.2357000000000001,-8.46280299579265,-0.2387,-8.943804837746763,-0.2416999999999999,-9.417733123201549,-0.2447,-9.931273325052558,-0.2876999999999999,-19.98987066709297,-0.3167000000000001,-30.06261512213203,-0.3387000000000001,-39.82412309120078,-0.3577,-49.967603111233096
exp154,-1600mV,-0.2307,-0.4976954352925198,-0.2627,-0.9980788220547832,-0.2816999999999999,-1.4925204213576138,-0.2956999999999999,-1.9919135102099716,-0.3067000000000001,-2.4884771764625997,-0.3157,-2.9836261314153627,-0.3237,-3.499995755866101,-0.3307000000000001,-4.0319272046153545,-0.3357,-4.457755305874731,-0.3417,-5.044860495318721,-0.3457,-5.470688596578097,-0.3497,-5.94320217073302,-0.3537,-6.435521703086052,-0.3577,-6.980185553534091,-0.3607000000000001,-7.439966725990228,-0.3646999999999999,-8.069513254430168,-0.3677,-8.543441539884956,-0.3706999999999999,-9.05839645303583,-0.3726999999999999,-9.440368503999393,-0.3757,-9.951079283250667,-0.4177,-19.890840876102416,-0.4567,-30.07676223513068,-0.4927,-40.03632978618054,-0.5207,-49.88272043324119
exp155,-1700mV,-0.4367,-0.504768991791845,-0.4687,-0.9919955634653636,-0.4887,-1.5080822456561291,-0.5027,-2.017378313607542,-0.5136999999999999,-2.509697845960575,-0.5236999999999999,-3.010505646112798,-0.5327000000000001,-3.525460559263671,-0.5397,-3.9979741334185936,-0.5477,-4.514343757869332,-0.5527000000000001,-5.002419156322769,-0.5597,-5.528691759872564,-0.5647000000000001,-5.98281408712924,-0.5707000000000001,-6.506257268079304,-0.5757,-7.026871026429637,-0.5797,-7.550314207379701,-0.5837,-7.9747275973392115,-0.5877,-8.492511933089816,-0.5907000000000001,-8.945219549046627,-0.5947000000000001,-9.542227717589672,-0.5987000000000001,-10.06142676464014,-0.6426999999999999,-19.93328221509837,-0.6627,-29.822114201154974,-0.6767,-40.10706535117379,-0.6857000000000001,-49.118776331314066
exp156,-1500mV,-0.0667000000000002,-0.4790212461343014,-0.0777000000000001,-1.011942992793461,-0.0867000000000002,-1.501008689156804,-0.0987000000000002,-2.008890045808352,-0.1157000000000001,-2.51111255726044,-0.1357000000000001,-3.002017378313608,-0.1547,-3.505654601065561,-0.1707,-4.009291823817514,-0.1847000000000001,-4.5044407787702765,-0.1977000000000001,-4.995345599823445,-0.2097000000000001,-5.498982822575398,-0.2197000000000001,-5.984228798429105,-0.2297000000000001,-6.526063226277413,-0.2376999999999999,-7.002820934331931,-0.2456999999999999,-7.50504344578402,-0.2536999999999999,-8.025657204134353,-0.2607,-8.491097221789948,-0.2676999999999999,-8.967854929844465,-0.2756999999999999,-9.512518780292506,-0.0027000000000001,9.99352062224662,-0.3726999999999999,-20.06060623208622,-0.4097,-30.10505646112798,-0.4367,-39.86656443019674,-0.4597000000000001,-50.20810403221015
exp157,-1400mV,-0.0827000000000002,-0.4896315808832892,-0.0987000000000002,-0.9911467366854448,-0.1227,-1.4939351326574788,-0.1417000000000001,-1.9876693763103763,-0.1567,-2.50262428946125,-0.1717000000000001,-2.9864555540150928,-0.1857000000000002,-3.4844339315675854,-0.1987,-4.007877112517649,-0.0117,4.478975975372705,-0.0067000000000001,4.998175022423175,-0.0027000000000001,5.487665132176478,0.0002999999999999,5.981399375829374,-0.2396999999999999,-6.521819092377819,-0.2447,-6.970282574435036,0.0062999999999999,7.517775847482805,-0.2547,-8.024242492834487,-0.2587,-8.498170778289277,-0.2627,-9.025858093138934,-0.2656999999999999,-9.444612637898985,0.0112999999999998,9.983617643147564,-0.3117,-20.07475334508487,-0.3387000000000001,-29.878702653149578,-0.3607000000000001,-40.135359577171094,-0.3777,-49.85442620724389
exp158,-1800mV,-0.4046999999999999,-0.4951489549527627,-0.4447,-1.005859734204041,-0.4697000000000001,-1.506667534356264,-0.4896999999999999,-2.0060606232086218,-0.5067,-2.4842330425630044,-0.5216999999999999,-2.989284976614823,-0.5357,-3.4872633541673155,-0.5477,-3.985241731719809,-0.5587000000000001,-4.514343757869332,-0.5687000000000001,-5.020810403221016,-0.5767000000000001,-5.506056379074723,-0.5847000000000001,-6.005449467927082,-0.5917,-6.503427845479574,-0.5987000000000001,-7.024041603829907,-0.6047000000000001,-7.500799311884425,-0.6107000000000001,-8.028486626734082,-0.6157,-8.47977953139103,-0.6206999999999999,-8.989075599342444,-0.6257,-9.535154161090349,-0.6297,-9.975129375348374,-0.6877000000000001,-19.93328221509837,-0.7197000000000001,-30.09090934812933,-0.7416999999999999,-39.83827020419943,-0.7596999999999999,-50.12322135421825
exp159,-1700mV,-0.3197,-0.5003833867622635,-0.3806999999999999,-0.9959567551049858,-0.4097,-1.502423400456669,-0.4277000000000001,-1.9989870667092968,-0.4407,-2.4842330425630044,-0.4517000000000001,-3.004846800913338,-0.4607,-3.5141428688647514,-0.4677000000000001,-3.979582886520348,-0.4747,-4.510099623969737,-0.4807,-5.023639825820745,-0.4857000000000001,-5.5003975338752635,-0.4907,-6.025255426125191,-0.4947,-6.4850365985813285,-0.4987,-6.981600264833956,-0.5027,-7.517775847482805,-0.5056999999999999,-7.945018660042045,-0.5096999999999999,-8.55334451898401,-0.5127,-9.056981741735964,-0.5156999999999999,-9.569107232287108,-0.5176999999999999,-9.929858613752693,-0.5547000000000001,-19.862546650105116,-0.5777,-29.779672862159025,-0.5967000000000001,-40.092918238175145,-0.6117,-50.0807800152223
exp160,-1700mV,-0.3317,-0.5046275206618586,-0.3617,-0.9985032354447428,-0.3777,-1.498179266557074,-0.3886999999999999,-2.001816489309027,-0.3977,-2.5295038041586855,-0.4046999999999999,-3.028896893011044,-0.4106999999999999,-3.5297046931632665,-0.4157,-3.999388844718459,-0.4206999999999999,-4.525661448268252,-0.4246999999999999,-4.9826131981246595,-0.4286999999999999,-5.472103307877963,-0.4327,-5.995546488828026,-0.4367,-6.5515280296749845,-0.4397000000000001,-6.9915032439330105,-0.4427,-7.4753345084868545,-0.4457000000000001,-7.967654040839887,-0.4487,-8.48826779919022,-0.4517000000000001,-9.01595511403988,-0.4547,-9.55496011928846,-0.4567,-9.918540923353772,-0.5016999999999999,-20.03231200608892,-0.5437,-30.10505646112798,-0.5757,-39.80997597820213,-0.6077,-50.1373684672169
exp161,-1500mV,-0.1657000000000001,-0.4993930888523579,-0.2107,-1.0006253023945404,-0.2307,-1.4967645552572086,-0.2447,-2.014548891007812,-0.2547,-2.50828313466071,-0.2627,-3.003432089613473,-0.2696999999999999,-3.515557580164616,-0.2756999999999999,-4.030512493315489,-0.2807,-4.514343757869332,-0.2856999999999999,-5.056178185717641,-0.2896999999999999,-5.535765316371888,-0.2936999999999999,-6.057793786022088,-0.2967000000000001,-6.482207175981599,-0.2996999999999999,-6.9306706580388155,-0.3036999999999999,-7.577193722077136,-0.3056999999999999,-7.922383279244204,-0.3087000000000001,-8.461388284492784,-0.3117,-9.03293164963826,-0.3137,-9.430465524900336,-0.3167000000000001,-10.057182630740549,-0.3527000000000001,-19.97572355409432,-0.3797,-30.07676223513068,-0.4017,-39.92315288219133,-0.4206999999999999,-49.79783775524929
exp162,-1500mV,-0.0617,-0.5032128093619935,-0.0917000000000001,-1.0043035517741894,0.0002999999999999,1.502423400456669,0.0042999999999999,1.9989870667092968,-0.2456999999999999,-2.49413602166206,-0.2616999999999999,-2.9935291105144173,-0.2727,-3.4844339315675854,-0.2816999999999999,-3.988071154319539,-0.2896999999999999,-4.512929046569467,-0.2956999999999999,-4.9698807964258735,-0.3016999999999999,-5.466444462678503,-0.3077,-6.028084848724921,-0.3127000000000001,-6.534551494076605,-0.3167000000000001,-6.9646237292355755,-0.3217,-7.550314207379701,-0.3257,-8.042633739732734,-0.3297,-8.559003364183472,-0.3327000000000001,-8.963610795944874,-0.3367000000000001,-9.566277809687378,-0.3397,-10.014741291744594,-0.3917,-19.93328221509837,-0.4277000000000001,-30.02017378313608,-0.4597000000000001,-39.83827020419943,-0.4817000000000001,-50.010044450229046
exp163,-1800mV,-0.5147,-0.5009492712822095,-0.5457,-0.9941176304151612,-0.5617,-1.4826174422585583,-0.5737,-2.024451870106867,-0.5817,-2.4955507329619246,-0.5887000000000001,-2.9935291105144173,-0.5947000000000001,-3.4943369106666404,-0.5997,-3.965435773521698,-0.6047000000000001,-4.493123088371357,-0.6087000000000001,-4.959977817326819,-0.6126999999999999,-5.467859173978367,-0.6166999999999999,-6.016767158326001,-0.6197,-6.458157083883892,-0.6226999999999999,-6.9306706580388155,-0.6257,-7.430063746891172,-0.6286999999999999,-7.953506927841237,-0.6317,-8.506659046088465,-0.6346999999999999,-9.086690679033133,-0.6366999999999999,-9.49695695599399,-0.6386999999999999,-9.91571150075404,-0.6737000000000001,-19.919135102099716,-0.6977000000000001,-30.232380478115836,-0.7147,-39.90900576919269,-0.7297000000000001,-50.15151558021555
exp164,-1700mV,-0.3557,-0.5002419156322769,-0.4037,-0.9963811684949454,-0.4277000000000001,-1.501008689156804,-0.4437000000000001,-1.9947429328097015,-0.4567,-2.518186113759765,-0.4667,-3.024652759111448,-0.4747,-3.492922199366775,-0.4817000000000001,-3.964021062221832,-0.4887,-4.488878954471762,-0.4947,-4.986857332024254,-0.5007,-5.532935893772159,-0.5056999999999999,-6.019596580925731,-0.5107,-6.54162505057593,-0.5147,-6.984429687433686,-0.5187,-7.455528550288744,-0.5227,-7.952092216541371,-0.5267000000000001,-8.482608953990761,-0.5307000000000001,-9.03293164963826,-0.5337,-9.47149215259642,-0.5367000000000001,-9.936932170252016,-0.5837,-19.98987066709297,-0.6166999999999999,-30.09090934812933,-0.6426999999999999,-40.05047689917919,-0.6647,-50.1939569192115
exp165,-1600mV,-0.2796999999999999,-0.5005248578922499,-0.3117,-1.010952694883555,-0.3297,-1.4868615761581534,-0.3437,-1.9947429328097015,-0.3547000000000001,-2.4983801555616547,-0.3637,-2.9921143992145525,-0.3717,-3.505654601065561,-0.3786999999999999,-4.01636538031684,-0.3846999999999999,-4.5044407787702765,-0.3906999999999999,-5.043445784018855,-0.3957,-5.535765316371888,-0.3997,-5.958763995031535,-0.4046999999999999,-6.526063226277413,-0.4086999999999999,-7.011309202131122,-0.4126999999999999,-7.526264115281995,-0.4157,-7.933700969643125,-0.4197000000000001,-8.508073757388331,-0.4226999999999999,-8.962196084645006,-0.4257000000000001,-9.433294947500064,-0.4286999999999999,-9.92702919115296,-0.4727,-19.93328221509837,-0.5016999999999999,-30.147497800123933,-0.5236999999999999,-40.24853648116029,-0.5417,-50.109074241219595
exp166,-1900mV,-0.5537,-0.4971295507725738,-0.5857,-1.0081232722838251,-0.6027000000000001,-1.4840321535584236,-0.6157,-1.9904987989101068,-0.6257,-2.4884771764625997,-0.6346999999999999,-3.0303116043109086,-0.6417,-3.519801714064211,-0.6477,-3.9937299995189983,-0.6537000000000001,-4.524246736968387,-0.6587,-5.01373684672169,-0.6637000000000001,-5.548497718070673,-0.6677000000000001,-6.01393773572627,-0.6717000000000001,-6.507671979379168,-0.6757000000000001,-7.0367740055286925,-0.6787,-7.458357972888473,-0.6827,-8.045463162332464,-0.6857000000000001,-8.508073757388331,-0.6887,-8.990490310642308,-0.6917000000000001,-9.489883399494666,-0.6947,-10.003423601345672,-0.7387,-19.904987989101063,-0.7707,-30.13335068712528,-0.7957,-40.02218267318189,-0.8177,-50.024191563227696
exp167,-1800mV,-0.4077,-0.4984027909424524,-0.4457000000000001,-0.991005265555458,-0.4697000000000001,-1.512326379555724,-0.4857000000000001,-2.0060606232086218,-0.4987,-2.509697845960575,-0.5087,-2.9822114201154974,-0.5176999999999999,-3.4816045089678553,-0.5257,-3.982412309120079,-0.5327000000000001,-4.4846348205721664,-0.5387000000000001,-4.962807239926549,-0.5447000000000001,-5.487665132176478,-0.5497,-5.96583755153086,-0.5547000000000001,-6.477963042082004,-0.5597,-7.032529871629097,-0.5637,-7.512117002283345,-0.5677,-8.015754225035298,-0.5717,-8.542026828585092,-0.5747000000000001,-8.948048971646358,-0.5787000000000001,-9.529495315890887,-0.5817,-10.004838312645536,-0.6286999999999999,-20.14548891007812,-0.6577000000000001,-29.949438218142824,-0.6817000000000001,-39.95144710818864,-0.7017000000000001,-50.038338676226346
exp168,-1500mV,-0.1777000000000002,-0.503071338232007,-0.2157000000000001,-0.9934102747652288,-0.2337000000000001,-1.4967645552572086,-0.2456999999999999,-1.9961576441095663,-0.2547,-2.49413602166206,-0.2616999999999999,-2.963820173217252,-0.2687,-3.532534115762996,-0.2736999999999999,-4.003632978618054,-0.2787,-4.528490870867983,-0.2827,-4.991101465923849,-0.2867,-5.504641667774858,-0.2907,-6.066282053821277,-0.2936999999999999,-6.521819092377819,-0.2967000000000001,-6.998576800432337,-0.2996999999999999,-7.510702290983478,-0.3027000000000001,-8.048292584932193,-0.3047000000000001,-8.427435213296024,-0.3077,-9.01595511403988,-0.3097,-9.433294947500064,-0.3127000000000001,-10.07274445503906,-0.3487000000000001,-20.06060623208622,-0.3766999999999999,-30.06261512213203,-0.4017,-39.89485865619403,-0.4246999999999999,-50.1373684672169
exp169,-1400mV,-0.0677000000000001,-0.4984027909424524,-0.1317000000000001,-0.9994935333546484,-0.1547,-1.4953498439573436,-0.1687,-2.023037158807002,-0.1777000000000002,-2.49413602166206,-0.1847000000000001,-2.989284976614823,-0.1907000000000001,-3.5113134462650213,-0.1957000000000001,-4.024853648116029,-0.1997000000000001,-4.478975975372705,-0.2037000000000001,-5.006663290222365,-0.2077000000000001,-5.569718387568649,-0.2107,-6.033743693924381,-0.2137000000000001,-6.514745535878494,-0.2167,-7.031115160329232,-0.2197000000000001,-7.598414391575112,-0.2217000000000001,-7.9690687521397505,-0.2247,-8.566076920682798,-0.2267,-8.973513775043926,-0.2287,-9.399341876303303,-0.2317000000000001,-10.06142676464014,-0.2647,-19.820105311109163,-0.2896999999999999,-30.21823336511718,-0.3087000000000001,-40.23438936816165,-0.3247000000000001,-50.109074241219595
exp170,-1500mV,-0.0127000000000001,-0.4924610034830192,-0.1837000000000002,-0.9997764756146216,-0.2467,-1.502423400456669,-0.2647,-2.001816489309027,-0.2756999999999999,-2.478574197363544,-0.2847,-2.997773244414013,-0.2916999999999999,-3.512728157564886,-0.2976999999999999,-4.043244895014275,-0.3016999999999999,-4.450681749375406,-0.3067000000000001,-5.034957516219666,-0.3107000000000001,-5.572547810168379,-0.3137,-6.016767158326001,-0.3167000000000001,-6.509086690679034,-0.3197,-7.042432850728153,-0.3217,-7.435722592090633,-0.3247000000000001,-8.053951430131654,-0.3267000000000001,-8.503829623488736,-0.3287000000000001,-8.976343197643658,-0.3307000000000001,-9.478565709095744,-0.3327000000000001,-10.007667735245269,-0.3597,-20.187930249074075,-0.3766999999999999,-29.73723152316307,-0.3917,-40.06462401217784,-0.4046999999999999,-50.0807800152223
exp171,-1500mV,-0.0497,-0.502505453712061,-0.2137000000000001,-0.9973714664048507,-0.2347,-1.4939351326574788,-0.2476999999999999,-1.9777663972113213,-0.2576999999999999,-2.4927213103621946,-0.2656999999999999,-3.021823336511718,-0.2716999999999999,-3.4971663332663705,-0.2767,-3.9597769283222375,-0.2816999999999999,-4.483220109272302,-0.2856999999999999,-4.951489549527628,-0.2896999999999999,-5.477762153077422,-0.2936999999999999,-6.0464760956231665,-0.2967000000000001,-6.521819092377819,-0.2996999999999999,-7.022626892530043,-0.3027000000000001,-7.560217186478756,-0.3047000000000001,-7.942189237442316,-0.3077,-8.539197405985362,-0.3097,-8.962196084645006,-0.3117,-9.402171298903031,-0.3147000000000001,-10.088306279337578,-0.3477,-20.117194684080825,-0.3726999999999999,-29.949438218142824,-0.3946999999999999,-39.85241731719808,-0.4157,-50.010044450229046
exp172,-1900mV,-0.4066999999999999,-0.4982613198124658,-0.4407,-1.004586494034163,-0.4627,-1.4925204213576138,-0.4827,-2.013134179707947,-0.4987,-2.512527268560305,-0.5116999999999999,-3.002017378313608,-0.5236999999999999,-3.4773603750682605,-0.5357,-4.01636538031684,-0.5467000000000001,-4.510099623969737,-0.5567000000000001,-4.9826131981246595,-0.5667000000000001,-5.490494554776207,-0.5777,-5.992717066228296,-0.5867000000000001,-6.494939577680383,-0.5957,-7.004235645631797,-0.6037,-7.473919797186989,-0.6126999999999999,-7.964824618240158,-0.6206999999999999,-8.47977953139103,-0.6286999999999999,-8.990490310642308,-0.6357,-9.47715099779588,-0.6426999999999999,-10.03313253864284,-0.7407,-20.046459119087572,-0.7907000000000001,-30.04846800913338,-0.8227000000000001,-40.135359577171094,-0.8477,-50.0807800152223
exp173,-1600mV,-0.2247,-0.4979783775524929,-0.2787,-1.0068500321139466,-0.3056999999999999,-1.5094969569559942,-0.3237,-1.9862546650105113,-0.3387000000000001,-2.49979486686152,-0.3507000000000001,-3.006261512213203,-0.3607000000000001,-3.5014104671659654,-0.3697,-4.034756627215084,-0.3766999999999999,-4.470487707573516,-0.3846999999999999,-5.03637222751953,-0.3906999999999999,-5.511715224274183,-0.3966999999999999,-6.028084848724921,-0.4017,-6.506257268079304,-0.4066999999999999,-7.009894490831256,-0.4117,-7.548899496079835,-0.4157,-8.007265957236108,-0.4197000000000001,-8.496756066989409,-0.4237000000000001,-9.027272804438798,-0.4266999999999999,-9.444612637898985,-0.4306999999999999,-10.03313253864284,-0.4777000000000001,-20.01816489309027,-0.5067,-29.977732444140123,-0.5277,-39.82412309120078,-0.5447000000000001,-49.81198486824794
exp174,-1600mV,-0.2257000000000001,-0.4999589733723039,-0.2916999999999999,-1.0010497157844995,-0.3147000000000001,-1.4896909987578837,-0.3307000000000001,-2.017378313607542,-0.3417,-2.50545371206098,-0.3507000000000001,-3.002017378313608,-0.3587000000000001,-3.5268752705635364,-0.3646999999999999,-3.9767534639206183,-0.3706999999999999,-4.4775612640728415,-0.3766999999999999,-5.0420310727189905,-0.3806999999999999,-5.483420998276882,-0.3857,-6.023840714825327,-0.3897,-6.490695443780789,-0.3937,-6.999991511732201,-0.3977,-7.540411228280647,-0.4006999999999999,-7.978971731238807,-0.4037,-8.433094058495483,-0.4077,-9.062640586935425,-0.4106999999999999,-9.559204253188051,-0.4137,-10.081232722838251,-0.4587,-20.07475334508487,-0.4936999999999999,-30.04846800913338,-0.5247,-40.10706535117379,-0.5517,-49.93930888523579
exp175,-1800mV,-0.4547,-0.503071338232007,-0.5036999999999999,-1.0092550413237171,-0.5357,-1.505252823056399,-0.5607000000000001,-2.001816489309027,-0.5817,-2.506868423360845,-0.5967000000000001,-3.010505646112798,-0.6087000000000001,-3.4943369106666404,-0.6186999999999999,-3.982412309120079,-0.6286999999999999,-4.528490870867983,-0.6357,-5.002419156322769,-0.6426999999999999,-5.504641667774858,-0.6486999999999999,-6.025255426125191,-0.6537000000000001,-6.543039761875795,-0.6587,-7.055165252426939,-0.6617000000000001,-7.452699127689013,-0.6667,-8.028486626734082,-0.6707,-8.476950108791302,-0.6737000000000001,-8.95795195074541,-0.6777000000000001,-9.564863098387514,-0.6807,-10.088306279337578,-0.7207,-20.117194684080825,-0.7447,-29.864555540150924,-0.7636999999999999,-40.163653803168394,-0.7787000000000001,-49.8261319812466
exp176,-1900mV,-0.6266999999999999,-0.4959977817326818,-0.6657000000000001,-1.0092550413237171,-0.6837000000000001,-1.4953498439573436,-0.6957000000000001,-1.993328221509837,-0.7047,-2.4983801555616547,-0.7117000000000001,-3.000602667013743,-0.7177000000000001,-3.519801714064211,-0.7227,-4.027683070715759,-0.7267,-4.493123088371357,-0.7307,-5.015151558021555,-0.7337000000000001,-5.448053215780256,-0.7367,-5.920566789935179,-0.7396999999999999,-6.431277569186457,-0.7427,-6.988673821333281,-0.7456999999999999,-7.594170257675517,-0.7476999999999999,-8.024242492834487,-0.7496999999999999,-8.475535397491434,-0.7516999999999999,-8.953707816845819,-0.7536999999999999,-9.45734503959777,-0.7556999999999999,-9.986447065747294,-0.7827000000000001,-20.117194684080825,-0.7997,-29.864555540150924,-0.8137,-39.95144710818864,-0.8257,-50.010044450229046
exp177,-1900mV,-0.5857,-0.502222511452088,-0.6266999999999999,-0.9992105910946756,-0.6507,-1.4953498439573436,-0.6677000000000001,-1.9947429328097015,-0.6807,-2.4884771764625997,-0.6917000000000001,-2.996358533114148,-0.7007,-3.4844339315675854,-0.7087,-3.985241731719809,-0.7157000000000001,-4.4775612640728415,-0.7227,-5.02505453712061,-0.7287,-5.542838872871213,-0.7337000000000001,-6.009693601826676,-0.7387,-6.506257268079304,-0.7436999999999999,-7.050921118527342,-0.7476999999999999,-7.507872868383751,-0.7516999999999999,-8.011510091135703,-0.7556999999999999,-8.52505029298671,-0.7596999999999999,-9.068299432134886,-0.7627,-9.48563926559507,-0.7656999999999999,-9.92702919115296,-0.8147000000000001,-19.947429328097016,-0.8447000000000001,-29.864555540150924,-0.8666999999999999,-40.07877112517649,-0.8837,-50.010044450229046
exp178,-1700mV,-0.3487000000000001,-0.4981198486824793,-0.3966999999999999,-1.004586494034163,-0.4206999999999999,-1.501008689156804,-0.4377000000000001,-2.0103047571082175,-0.4497000000000001,-2.4828183312631396,-0.4607,-3.0076762235130676,-0.4697000000000001,-3.515557580164616,-0.4777000000000001,-4.0319272046153545,-0.4837000000000001,-4.471902418873381,-0.4907,-5.03637222751953,-0.4956999999999999,-5.482006286977017,-0.5007,-5.963008128931129,-0.5056999999999999,-6.487866021181058,-0.5107,-7.055165252426939,-0.5147,-7.546070073480105,-0.5176999999999999,-7.933700969643125,-0.5216999999999999,-8.47977953139103,-0.5257,-9.062640586935425,-0.5287000000000001,-9.525251181991292,-0.5317,-10.014741291744594,-0.5737,-19.904987989101063,-0.5997,-29.878702653149578,-0.6186999999999999,-40.10706535117379,-0.6346999999999999,-49.9110146592385
exp179,-1900mV,-0.6107000000000001,-0.503920165011926,-0.6337,-1.0081232722838251,-0.6466999999999999,-1.5094969569559942,-0.6557000000000001,-1.9975723554094316,-0.6627,-2.4814036199632743,-0.6687,-2.9850408427152275,-0.6737000000000001,-3.4787750863681253,-0.6787,-4.050318451513601,-0.6827,-4.559614519465013,-0.6857000000000001,-4.986857332024254,-0.6887,-5.443809081880661,-0.6917000000000001,-5.940372748133289,-0.6947,-6.470889485582678,-0.6977000000000001,-7.041018139428288,-0.6997000000000001,-7.445625571189688,-0.7027,-8.090733923928145,-0.7047,-8.543441539884956,-0.7067,-9.01878453663961,-0.7087,-9.516762914192102,-0.7107,-10.037376672542434,-0.7387,-19.805958198110513,-0.7587,-29.892849766148224,-0.7747,-39.83827020419943,-0.7887000000000001,-49.74124930325469
exp181,-1500mV,-0.0057,0.5088716545614537,-0.1177000000000001,-1.0010497157844995,-0.1957000000000001,-1.4953498439573436,-0.2267,-1.9862546650105113,-0.2407,-2.5167714024599,-0.2527,-3.0161644913122583,-0.2627,-3.5141428688647514,-0.2707,-3.985241731719809,-0.2787,-4.5369791386671725,-0.2847,-5.00807800152223,-0.2907,-5.535765316371888,-0.2956999999999999,-6.021011292225596,-0.3007000000000001,-6.554357452274714,-0.3047000000000001,-7.011309202131122,-0.3087000000000001,-7.50504344578402,-0.3127000000000001,-8.03273076063368,-0.3157,-8.447241171494134,-0.3197,-9.035761072237989,-0.3227000000000001,-9.501201089893586,-0.3257,-9.986447065747294,-0.3697,-19.947429328097016,-0.3986999999999999,-29.836261314153624,-0.4217000000000001,-39.83827020419943,-0.4417000000000001,-50.20810403221015
exp182,-1800mV,-0.3766999999999999,-0.4981198486824793,-0.4177,-1.001898542564419,-0.4397000000000001,-1.5080822456561291,-0.4547,-2.013134179707947,-0.4657000000000001,-2.509697845960575,-0.4747,-2.996358533114148,-0.4827,-3.507069312365426,-0.4896999999999999,-4.017780091616704,-0.4956999999999999,-4.503026067470412,-0.5016999999999999,-5.037786938819395,-0.5067,-5.521618203373238,-0.5116999999999999,-6.037987827823977,-0.5156999999999999,-6.448254104784837,-0.5207,-6.983014976133821,-0.5257,-7.5418259395805105,-0.5297,-8.022827781534623,-0.5337,-8.467047129692245,-0.5377,-8.974928486343794,-0.5417,-9.47715099779588,-0.5457,-10.065670898539736,-0.6097,-19.97572355409432,-0.6657000000000001,-30.45873428609424,-0.6967,-39.61191639622103,-0.7187,-50.26469248420475
exp183,-1900mV,-0.6277,-0.502222511452088,-0.6537000000000001,-1.0092550413237171,-0.6667,-1.4896909987578837,-0.6757000000000001,-1.972107552011861,-0.6827,-2.468671218264489,-0.6887,-2.997773244414013,-0.6937000000000001,-3.509898734965156,-0.6977000000000001,-3.989485865619403,-0.7017000000000001,-4.538393849967037,-0.7047,-4.998175022423175,-0.7077000000000001,-5.498982822575398,-0.7107,-6.037987827823977,-0.7127,-6.422789301387266,-0.7157000000000001,-7.053750541127073,-0.7177000000000001,-7.49655517798483,-0.7197000000000001,-7.964824618240158,-0.7217000000000001,-8.45431472799346,-0.7237000000000001,-8.969269641144333,-0.7257000000000001,-9.515348202892236,-0.7277000000000001,-10.08689156803771,-0.7536999999999999,-20.08890045808352,-0.7716999999999999,-29.977732444140123,-0.7867000000000001,-39.92315288219133,-0.7997,-49.67051373826144
exp184,-1500mV,-0.0467000000000001,-0.4993930888523579,-0.1717000000000001,-1.0038791383842298,-0.2057000000000001,-1.502423400456669,-0.2237000000000001,-2.007475334508487,-0.2357000000000001,-2.478574197363544,-0.2456999999999999,-2.9822114201154974,-0.2536999999999999,-3.4702868185689346,-0.2607,-3.9668504848215624,-0.2676999999999999,-4.541223272566767,-0.2727,-4.9896867546239845,-0.2776999999999999,-5.480591575677152,-0.2827,-6.019596580925731,-0.2867,-6.4864513098811925,-0.2907,-6.975941419634496,-0.2947000000000001,-7.503628734484154,-0.2987000000000001,-8.063854409230709,-0.3016999999999999,-8.5052443347886,-0.3047000000000001,-8.965025507244738,-0.3077,-9.451686194398311,-0.3107000000000001,-9.952493994550531,-0.3547000000000001,-19.876693763103766,-0.3857,-30.147497800123933,-0.4086999999999999,-39.85241731719808,-0.4286999999999999,-49.81198486824794
exp185,-1800mV,-0.4807,-0.4985442620724389,-0.5187,-1.0081232722838251,-0.5427000000000001,-1.510911668255859,-0.5607000000000001,-2.0032312006088917,-0.5767000000000001,-2.51111255726044,-0.5897,-3.0161644913122583,-0.5997,-3.512728157564886,-0.6107000000000001,-3.999388844718459,-0.6197,-4.535564427367307,-0.6266999999999999,-5.0420310727189905,-0.6326999999999999,-5.508885801674452,-0.6386999999999999,-5.968666974130589,-0.6446999999999999,-6.506257268079304,-0.6486999999999999,-6.970282574435036,-0.6537000000000001,-7.543240650880375,-0.6567,-7.990289421637726,-0.6607,-8.55051509638428,-0.6637000000000001,-9.03293164963826,-0.6667,-9.515348202892236,-0.6697000000000001,-10.040206095142164,-0.7047,-20.202077362072725,-0.7237000000000001,-29.949438218142824,-0.7387,-39.88071154319538,-0.7516999999999999,-50.29298671020206
exp186,-1800mV,-0.3717,-0.4993930888523579,-0.4206999999999999,-1.0010497157844995,-0.4547,-1.505252823056399,-0.4817000000000001,-2.001816489309027,-0.5036999999999999,-2.4913065990623298,-0.5227,-3.013335068712528,-0.5367000000000001,-3.4858486428674507,-0.5487000000000001,-3.989485865619403,-0.5587000000000001,-4.505855490070142,-0.5667000000000001,-5.0052485789225,-0.5737,-5.5272770485726985,-0.5787000000000001,-5.957349283731669,-0.5847000000000001,-6.54728389577539,-0.5887000000000001,-6.994332666532741,-0.5927000000000001,-7.4937257553851,-0.5967000000000001,-8.049707296232057,-0.5997,-8.5052443347886,-0.6027000000000001,-8.994734444541903,-0.6057,-9.549301274088998,-0.6077,-9.910052655554582,-0.6406999999999999,-20.10304757108217,-0.6597000000000001,-30.204086252118536,-0.6737000000000001,-40.00803556018324,-0.6867,-50.30713382320071
exp187,-1800mV,-0.6177,-0.4992516177223714,-0.6357,-0.9881758429557282,-0.6457,-1.4911057100577487,-0.6527,-2.0060606232086218,-0.6577000000000001,-2.4828183312631396,-0.6617000000000001,-2.9482583489187366,-0.6657000000000001,-3.4985810445662353,-0.6687,-3.975338752620753,-0.6717000000000001,-4.511514335269602,-0.6737000000000001,-4.909048210531677,-0.6767,-5.564059542369189,-0.6787,-6.042231961723571,-0.6807,-6.557186874874445,-0.6827,-7.1089242818218095,-0.6837000000000001,-7.400354809594007,-0.6857000000000001,-8.012924802435567,-0.6867,-8.335478978804796,-0.6887,-9.01029626884042,-0.6897000000000001,-9.365388805106544,-0.6917000000000001,-10.110941660135415,-0.7117000000000001,-20.286960040064624,-0.7247,-29.69479018416712,-0.7367,-40.24853648116029,-0.7467,-50.179809806212845
exp188,-1500mV,-0.0317,-0.4958563106026953,-0.2217000000000001,-0.9935517458952152,-0.2516999999999999,-1.510911668255859,-0.2656999999999999,-1.9904987989101068,-0.2756999999999999,-2.50828313466071,-0.2827,-2.9935291105144173,-0.2887,-3.5141428688647514,-0.2936999999999999,-4.026268359415894,-0.2976999999999999,-4.498781933570816,-0.3016999999999999,-5.01090742412196,-0.3047000000000001,-5.4423943705807964,-0.3087000000000001,-6.069111476421008,-0.3117,-6.574163410472826,-0.3137,-6.944817771037465,-0.3167000000000001,-7.517775847482805,-0.3187000000000001,-7.933700969643125,-0.3217,-8.608518259678748,-0.3237,-9.086690679033133,-0.3257,-9.571936654886835,-0.3277,-10.082647434138115,-0.3577,-20.17378313607542,-0.3786999999999999,-29.864555540150924,-0.3966999999999999,-39.82412309120078,-0.4126999999999999,-49.8261319812466
exp189,-1900mV,-0.5977,-0.501656626932142,-0.6206999999999999,-1.000483831264554,-0.6337,-1.499593977856939,-0.6426999999999999,-1.9848399537106465,-0.6497,-2.4700859295643536,-0.6557000000000001,-2.977967286215902,-0.6607,-3.4787750863681253,-0.6657000000000001,-4.05314787411333,-0.6687,-4.4393640589764845,-0.6727,-5.006663290222365,-0.6757000000000001,-5.473518019177827,-0.6787,-5.977155241929781,-0.6817000000000001,-6.520404381077953,-0.6837000000000001,-6.9052058546412445,-0.6867,-7.514946424883075,-0.6887,-7.946433371341912,-0.6907,-8.397726275998858,-0.6937000000000001,-9.1121554824307,-0.6957000000000001,-9.615792705182653,-0.6967,-9.873270161758091,-0.7267,-20.17378313607542,-0.7467,-29.80796708815632,-0.7647,-40.220242255162994,-0.7797,-50.052485789224995
exp190,-1400mV,0.0052999999999998,0.501656626932142,-0.1147,-1.002181484824392,-0.1657000000000001,-1.4939351326574788,-0.1867000000000001,-2.0103047571082175,-0.2027,-2.4927213103621946,-0.2157000000000001,-3.0232380478115832,-0.2257000000000001,-3.525460559263671,-0.2337000000000001,-4.019194802916569,-0.2407,-4.532735004767577,-0.2456999999999999,-4.952904260827493,-0.2516999999999999,-5.528691759872564,-0.2556999999999999,-5.94603159333275,-0.2607,-6.5317220714768744,-0.2647,-7.041018139428288,-0.2676999999999999,-7.464016818087933,-0.2716999999999999,-8.053951430131654,-0.2747,-8.52505029298671,-0.2776999999999999,-9.028687515738664,-0.2807,-9.563448387087648,-0.2827,-9.934102747652288,-0.3217,-20.13134179707947,-0.3467000000000001,-29.921143992145527,-0.3677,-40.23438936816165,-0.3846999999999999,-49.967603111233096
exp191,-1800mV,-0.6117,-0.4951489549527627,-0.6337,-0.9929858613752692,-0.6457,-1.5080822456561291,-0.6537000000000001,-2.014548891007812,-0.6597000000000001,-2.51111255726044,-0.6647,-3.0204086252118536,-0.6687,-3.499995755866101,-0.6727,-4.06163614191252,-0.6757000000000001,-4.538393849967037,-0.6787,-5.0745694326158866,-0.6807,-5.463615040078771,-0.6837000000000001,-6.101649836317904,-0.6857000000000001,-6.565675142673635,-0.6877000000000001,-7.063653520226129,-0.6897000000000001,-7.596999680275248,-0.6907,-7.8771125176485235,-0.6927,-8.46563241839238,-0.6947,-9.093764235532456,-0.6957000000000001,-9.424806679700875,-0.6977000000000001,-10.115185794035014,-0.7177000000000001,-19.791811085111863,-0.7317000000000001,-30.06261512213203,-0.7427,-40.23438936816165,-0.7516999999999999,-49.88272043324119
exp192,-1800mV,-0.4126999999999999,-0.4943001281728438,-0.4437000000000001,-0.9959567551049858,-0.4627,-1.510911668255859,-0.4757000000000001,-1.9904987989101068,-0.4867,-2.49979486686152,-0.4956999999999999,-2.997773244414013,-0.5036999999999999,-3.509898734965156,-0.5107,-4.017780091616704,-0.5167,-4.501611356170546,-0.5227,-5.0335428049198,-0.5277,-5.5145446468739125,-0.5327000000000001,-6.0323289826245166,-0.5367000000000001,-6.475133619482273,-0.5407000000000001,-6.9434030597376,-0.5447000000000001,-7.439966725990228,-0.5487000000000001,-7.964824618240158,-0.5527000000000001,-8.517976736487388,-0.5557,-8.950878394246088,-0.5597,-9.557789541888187,-0.5627000000000001,-10.034547249942705,-0.6097,-20.07475334508487,-0.6406999999999999,-30.03432089613473,-0.6657000000000001,-40.12121246417244,-0.6867,-50.024191563227696
exp193,-1900mV,-0.6446999999999999,-0.5012322135421824,-0.6717000000000001,-1.0060012053340277,-0.6857000000000001,-1.4812027309586933,-0.6967,-2.0258665814067327,-0.7037000000000001,-2.475744774763814,-0.7107,-3.031726315610774,-0.7157000000000001,-3.504239889765696,-0.7207,-4.046074317614004,-0.7247,-4.5369791386671725,-0.7277000000000001,-4.943001281728439,-0.7317000000000001,-5.535765316371888,-0.7347,-6.023840714825327,-0.7376999999999999,-6.54728389577539,-0.7396999999999999,-6.923597101539489,-0.7427,-7.51919055878267,-0.7447,-7.94360394874218,-0.7467,-8.386408585599938,-0.7496999999999999,-9.09234952423259,-0.7516999999999999,-9.59174261308495,-0.7536999999999999,-10.116600505334876,-0.7817,-20.159636023076775,-0.8007000000000001,-30.204086252118536,-0.8157,-40.03632978618054,-0.8287000000000001,-49.8261319812466
exp194,-1800mV,-0.5797,-0.4957148394727089,-0.6087000000000001,-0.9969470530148912,-0.6246999999999999,-1.4925204213576138,-0.6357,-1.9749369746115912,-0.6446999999999999,-2.4828183312631396,-0.6517000000000001,-2.968064307116847,-0.6577000000000001,-3.4561397055702843,-0.6637000000000001,-4.024853648116029,-0.6677000000000001,-4.449267038075541,-0.6727,-5.046275206618586,-0.6757000000000001,-5.438150236681202,-0.6797000000000001,-6.005449467927082,-0.6827,-6.468060062982947,-0.6857000000000001,-6.966038440535441,-0.6887,-7.50221402318429,-0.6917000000000001,-8.0723426770299,-0.6937000000000001,-8.475535397491434,-0.6957000000000001,-8.898534076151082,-0.6987,-9.569107232287108,-0.7007,-10.04727965164149,-0.7307,-20.13134179707947,-0.7496999999999999,-29.991879557138777,-0.7647,-39.78168175220483,-0.7777,-49.62807239926549
exp195,-1900mV,-0.4857000000000001,-0.5006663290222364,-0.5777,-1.0027473693443378,-0.6257,-1.505252823056399,-0.6537000000000001,-2.0032312006088917,-0.6707,-2.4913065990623298,-0.6837000000000001,-2.989284976614823,-0.6937000000000001,-3.5297046931632665,-0.7007,-3.989485865619403,-0.7067,-4.466243573673921,-0.7127,-5.034957516219666,-0.7167,-5.469273885278232,-0.7207,-5.97149639673032,-0.7247,-6.514745535878494,-0.7277000000000001,-6.987259110033416,-0.7307,-7.447040282489553,-0.7337000000000001,-8.068098543130306,-0.7357000000000001,-8.46846184099211,-0.7376999999999999,-8.923998879548652,-0.7396999999999999,-9.382365340704922,-0.7416999999999999,-9.874684873057957,-0.7687,-20.24451870106867,-0.7837,-29.935291105144177,-0.7957,-39.85241731719808,-0.8067000000000001,-50.32128093619935
exp196,-1400mV,-0.0267000000000001,-0.5100034236013458,-0.1177000000000001,-1.0011911869144865,-0.1647,-1.5038381117565338,-0.1907000000000001,-1.9919135102099716,-0.2047,-2.50828313466071,-0.2147,-2.973723152316307,-0.2237000000000001,-3.4773603750682605,-0.2307,-3.973924041320888,-0.2367,-4.459170017174596,-0.2427,-5.02505453712061,-0.2467,-5.460785617479042,-0.2516999999999999,-6.053549652122491,-0.2547,-6.451083527384568,-0.2587,-7.014138624730852,-0.2616999999999999,-7.4753345084868545,-0.2647,-7.973312886039348,-0.2676999999999999,-8.508073757388331,-0.2707,-9.073958277334343,-0.2727,-9.464418596097095,-0.2756999999999999,-10.096794547136763,-0.3087000000000001,-19.919135102099716,-0.3307000000000001,-29.836261314153624,-0.3487000000000001,-40.191948029165694,-0.3637,-50.12322135421825
exp197,-1900mV,-0.5287000000000001,-0.501656626932142,-0.6017,-0.9994935333546484,-0.6377,-1.4967645552572086,-0.6607,-2.007475334508487,-0.6757000000000001,-2.49979486686152,-0.6867,-2.990699687914687,-0.6947,-3.4830192202677206,-0.7027,-4.027683070715759,-0.7087,-4.481805397972437,-0.7147,-5.03071338232007,-0.7187,-5.440979659280932,-0.7237000000000001,-6.028084848724921,-0.7267,-6.446839393484972,-0.7307,-7.059409386326533,-0.7337000000000001,-7.529093537881726,-0.7367,-8.025657204134353,-0.7396999999999999,-8.570321054582392,-0.7416999999999999,-9.008881557540551,-0.7436999999999999,-9.399341876303303,-0.7467,-10.079818011538388,-0.7757,-20.046459119087572,-0.7937,-30.260674704113132,-0.8067000000000001,-39.73924041320888,-0.8187000000000001,-49.93930888523579
exp198,-1700mV,-0.2227,-0.4976954352925198,-0.3007000000000001,-1.0013326580444728,-0.3297,-1.501008689156804,-0.3487000000000001,-1.9876693763103763,-0.3646999999999999,-2.504039000761115,-0.3777,-2.990699687914687,-0.3897,-3.4943369106666404,-0.4006999999999999,-4.007877112517649,-0.4106999999999999,-4.515758469169198,-0.4197000000000001,-5.015151558021555,-0.4277000000000001,-5.490494554776207,-0.4357000000000001,-6.004034756627216,-0.4427,-6.476548330782138,-0.4497000000000001,-6.975941419634496,-0.4567,-7.507872868383751,-0.4627,-7.987459999037997,-0.4687,-8.496756066989409,-0.4747,-9.034346360938123,-0.4797000000000001,-9.501201089893586,-0.4847,-9.992105910946751,-0.5517,-19.904987989101063,-0.5887000000000001,-30.06261512213203,-0.6137,-40.05047689917919,-0.6326999999999999,-49.967603111233096
exp199,-1900mV,-0.5967000000000001,-0.4992516177223714,-0.6317,-1.0027473693443378,-0.6507,-1.5137410908555893,-0.6627,-1.980595819811051,-0.6727,-2.4913065990623298,-0.6807,-3.004846800913338,-0.6867,-3.4646279733694745,-0.6927,-3.995144710818863,-0.6977000000000001,-4.5044407787702765,-0.7017000000000001,-4.959977817326819,-0.7057000000000001,-5.4622003287789065,-0.7097000000000001,-6.015352447026135,-0.7127,-6.468060062982947,-0.7157000000000001,-6.954720750136521,-0.7187,-7.4767492197867185,-0.7217000000000001,-8.038389605833139,-0.7237000000000001,-8.434508769795347,-0.7267,-9.06405529823529,-0.7287,-9.506859935093043,-0.7307,-9.970885241448778,-0.7607,-19.904987989101063,-0.7807000000000001,-30.17579202612123,-0.7957,-39.89485865619403,-0.8097,-50.34957516219666
exp200,-1900mV,-0.6757000000000001,-0.504768991791845,-0.7057000000000001,-0.9973714664048507,-0.7227,-1.5151558021554543,-0.7337000000000001,-2.0187930249074073,-0.7416999999999999,-2.478574197363544,-0.7487,-2.996358533114148,-0.7547,-3.515557580164616,-0.7596999999999999,-4.03617133851495,-0.7636999999999999,-4.490293665771627,-0.7676999999999999,-5.012322135421825,-0.7707,-5.426832546282281,-0.7747,-6.037987827823977,-0.7777,-6.538795627976199,-0.7807000000000001,-7.084874189724104,-0.7827000000000001,-7.466846240687664,-0.7857,-8.087904501328415,-0.7877,-8.520806159087115,-0.7897,-8.976343197643658,-0.7917,-9.451686194398311,-0.7937,-9.958152839749992,-0.8227000000000001,-20.08890045808352,-0.8417,-29.977732444140123,-0.8567000000000001,-39.71094618721158,-0.8706999999999999,-50.23639825820745
exp201,-1600mV,-0.2727,-0.5019395691921149,-0.3287000000000001,-1.0043035517741894,-0.3547000000000001,-1.4953498439573436,-0.3726999999999999,-1.9890840876102416,-0.3877,-2.515356691160035,-0.3986999999999999,-2.9864555540150928,-0.4086999999999999,-3.4816045089678553,-0.4177,-3.992315288219133,-0.4257000000000001,-4.505855490070142,-0.4327,-5.003833867622634,-0.4387,-5.482006286977017,-0.4447,-5.989887643628566,-0.4497000000000001,-6.455327661284162,-0.4547,-6.953306038836654,-0.4597000000000001,-7.492311044085233,-0.4637000000000001,-7.959165773040696,-0.4677000000000001,-8.45148530539373,-0.4717000000000001,-8.979172620243387,-0.4757000000000001,-9.545057140189405,-0.4787,-9.994935333546485,-0.5216999999999999,-20.00401778009162,-0.5447000000000001,-29.80796708815632,-0.5617,-40.14950669016974,-0.5747000000000001,-50.038338676226346
exp202,-1900mV,-0.4627,-0.5008078001522229,-0.5307000000000001,-0.9985032354447428,-0.5697,-1.5094969569559942,-0.5947000000000001,-2.0004017780091616,-0.6126999999999999,-2.504039000761115,-0.6257,-2.9878702653149576,-0.6377,-3.5113134462650213,-0.6466999999999999,-3.999388844718459,-0.6547,-4.461999439774326,-0.6627,-4.99958973372304,-0.6687,-5.4622003287789065,-0.6747,-5.995546488828026,-0.6797000000000001,-6.4850365985813285,-0.6837000000000001,-6.963209017935711,-0.6887,-7.506458157083885,-0.6927,-8.062439697930845,-0.6957000000000001,-8.457144150593189,-0.6997000000000001,-9.03293164963826,-0.7027,-9.516762914192102,-0.7057000000000001,-9.979373509247967,-0.7427,-19.93328221509837,-0.7627,-30.00602667013743,-0.7767000000000001,-39.88071154319538,-0.7887000000000001,-50.39201650119261
exp203,-1600mV,-0.0917000000000001,-0.4993930888523579,-0.2297000000000001,-0.9965226396249316,-0.2636999999999999,-1.501008689156804,-0.2836999999999999,-1.9975723554094316,-0.2987000000000001,-2.506868423360845,-0.3107000000000001,-3.0147497800123935,-0.3207000000000001,-3.5141428688647514,-0.3287000000000001,-3.9767534639206183,-0.3367000000000001,-4.478975975372705,-0.3437,-4.962807239926549,-0.3507000000000001,-5.479176864377286,-0.3577,-6.026670137425056,-0.3637,-6.5246485149775495,-0.3686999999999999,-6.968867863135171,-0.3746999999999999,-7.512117002283345,-0.3797,-7.976142308639078,-0.3846999999999999,-8.476950108791302,-0.3897,-8.989075599342444,-0.3946999999999999,-9.521007048091697,-0.3986999999999999,-9.970885241448778,-0.4637000000000001,-20.08890045808352,-0.5027,-30.04846800913338,-0.5307000000000001,-40.00803556018324,-0.5527000000000001,-50.1373684672169
exp204,-1800mV,-0.4777000000000001,-0.4979783775524929,-0.5257,-0.9945420438051208,-0.5607000000000001,-1.501008689156804,-0.5887000000000001,-2.013134179707947,-0.6087000000000001,-2.4842330425630044,-0.6257,-3.004846800913338,-0.6397,-3.492922199366775,-0.6507,-3.979582886520348,-0.6607,-4.501611356170546,-0.6687,-4.986857332024254,-0.6757000000000001,-5.548497718070673,-0.6807,-5.968666974130589,-0.6867,-6.520404381077953,-0.6917000000000001,-7.038188716828557,-0.6957000000000001,-7.51353171358321,-0.6997000000000001,-8.046877873632328,-0.7027,-8.475535397491434,-0.7057000000000001,-8.956537239445547,-0.7087,-9.441783215299257,-0.7117000000000001,-10.02464427084365,-0.7436999999999999,-20.17378313607542,-0.7596999999999999,-29.779672862159025,-0.7716999999999999,-39.654357735216976,-0.7817,-49.79783775524929
exp205,-1900mV,-0.6217,-0.4967051373826143,-0.6587,-0.9999179467446078,-0.6797000000000001,-1.510911668255859,-0.6937000000000001,-2.007475334508487,-0.7047,-2.5224302476593605,-0.7127,-2.9807967088156326,-0.7207,-3.5297046931632665,-0.7267,-4.01070653511738,-0.7317000000000001,-4.463414151074191,-0.7367,-4.974124930325469,-0.7416999999999999,-5.5414241615713475,-0.7456999999999999,-6.021011292225596,-0.7487,-6.435521703086052,-0.7527,-7.016968047330582,-0.7556999999999999,-7.483822776286043,-0.7587,-7.9690687521397505,-0.7616999999999999,-8.509488468688197,-0.7647,-9.073958277334343,-0.7667,-9.47432157519615,-0.7696999999999999,-10.098209258436633,-0.8027000000000001,-19.834252424107817,-0.8247000000000001,-30.09090934812933,-0.8407000000000001,-39.76753463920618,-0.8557,-50.3637222751953
exp206,-1800mV,-0.4717000000000001,-0.4999589733723039,-0.5147,-1.0011911869144865,-0.5397,-1.4925204213576138,-0.5567000000000001,-1.9834252424107812,-0.5697,-2.515356691160035,-0.5787000000000001,-2.994943821814283,-0.5867000000000001,-3.5169722914644814,-0.5927000000000001,-3.982412309120079,-0.5987000000000001,-4.5171731804690625,-0.6037,-5.023639825820745,-0.6077,-5.474932730477692,-0.6117,-5.967252262830725,-0.6157,-6.507671979379168,-0.6186999999999999,-6.9434030597376,-0.6226999999999999,-7.570120165577812,-0.6257,-8.082245656128954,-0.6277,-8.44016761499481,-0.6306999999999999,-9.001808001041228,-0.6326999999999999,-9.399341876303303,-0.6357,-10.018985425644187,-0.6707,-20.07475334508487,-0.6947,-30.04846800913338,-0.7147,-39.75338752620753,-0.7307,-49.78369064225064
exp207,-1400mV,-0.0157,-0.4996760311123309,-0.0227000000000001,-0.9820925843663084,-0.0447000000000001,-1.502423400456669,-0.1397000000000001,-1.9947429328097015,-0.1687,-2.512527268560305,-0.1827,-2.9864555540150928,-0.1937000000000001,-3.5141428688647514,-0.2017000000000001,-4.000803556018323,-0.2087,-4.522832025668523,-0.2137000000000001,-4.951489549527628,-0.2197000000000001,-5.5414241615713475,-0.2237000000000001,-5.97432581933005,-0.2277000000000001,-6.453912949984297,-0.2317000000000001,-6.967453151835306,-0.2357000000000001,-7.53616709438105,-0.2387,-7.988874710337861,-0.2416999999999999,-8.46846184099211,-0.2447,-8.966440218544603,-0.2476999999999999,-9.498371667293856,-0.2507,-10.065670898539736,-0.2887,-19.97572355409432,-0.3147000000000001,-29.921143992145527,-0.3367000000000001,-39.96559422118728,-0.3567000000000001,-50.23639825820745
exp208,-1700mV,-0.3427000000000001,-0.4955733683427223,-0.3706999999999999,-0.9955323417150264,-0.3897,-1.5038381117565338,-0.4037,-1.9890840876102416,-0.4157,-2.4898918877624645,-0.4266999999999999,-2.976552574916037,-0.4367,-3.4886780654671803,-0.4457000000000001,-3.9909005769192687,-0.4537000000000001,-4.514343757869332,-0.4607,-5.01656626932142,-0.4677000000000001,-5.486250420876612,-0.4747,-5.98564350972897,-0.4807,-6.503427845479574,-0.4867,-7.024041603829907,-0.4927,-7.50504344578402,-0.4976999999999999,-7.976142308639078,-0.5036999999999999,-8.517976736487388,-0.5087,-8.976343197643658,-0.5136999999999999,-9.53656887239021,-0.5187,-10.043035517741895,-0.5857,-19.961576441095666,-0.6297,-29.949438218142824,-0.6577000000000001,-40.20609514216434,-0.6797000000000001,-49.86857332024254
exp209,-1500mV,-0.0597,-0.4862362737636131,-0.0667000000000002,-0.9678040002376715,-0.0737000000000001,-1.5151558021554543,-0.0817000000000001,-2.0060606232086218,-0.0357,2.4983801555616547,-0.1107000000000002,-2.999187955713878,-0.0317,3.492922199366775,-0.0297,3.992315288219133,-0.1587,-4.495952510971087,-0.1707,-5.012322135421825,-0.1807,-5.482006286977017,-0.1907000000000001,-5.99130235492843,-0.1997000000000001,-6.482207175981599,-0.2087,-6.994332666532741,-0.0127000000000001,7.486652198885773,-0.2257000000000001,-8.004436534636376,-0.2337000000000001,-8.478364820091164,-0.2427,-9.001808001041228,-0.2516999999999999,-9.515348202892236,-0.2607,-10.026058982143516,-0.3607000000000001,-19.93328221509837,-0.3946999999999999,-30.11920357412663,-0.4177,-39.82412309120078,-0.4387,-50.1939569192115
exp210,-1600mV,-0.1557000000000001,-0.5002419156322769,-0.2656999999999999,-1.0009082446545134,-0.3067000000000001,-1.499593977856939,-0.3327000000000001,-2.0103047571082175,-0.3517,-2.509697845960575,-0.3666999999999999,-3.000602667013743,-0.3797,-3.508484023665291,-0.3906999999999999,-4.009291823817514,-0.3997,-4.4775612640728415,-0.4086999999999999,-5.006663290222365,-0.4157,-5.465029751378637,-0.4226999999999999,-5.978569953229646,-0.4286999999999999,-6.460986506483622,-0.4347,-6.990088532633147,-0.4397000000000001,-7.4753345084868545,-0.4447,-8.003021823336512,-0.4487,-8.457144150593189,-0.4527,-8.948048971646358,-0.4567,-9.47149215259642,-0.4607,-10.0387913838423,-0.5036999999999999,-19.834252424107817,-0.5277,-30.161644913122583,-0.5437,-39.68265196121428,-0.5567000000000001,-49.62807239926549
exp211,-1800mV,-0.5236999999999999,-0.502222511452088,-0.5717,-0.9994935333546484,-0.5947000000000001,-1.4854468648582886,-0.6107000000000001,-2.013134179707947,-0.6217,-2.5196008250596305,-0.6297,-2.9850408427152275,-0.6366999999999999,-3.4900927767670455,-0.6426999999999999,-4.009291823817514,-0.6477,-4.524246736968387,-0.6517000000000001,-4.996760311123309,-0.6557000000000001,-5.531521182472294,-0.6587,-5.964422840230995,-0.6617000000000001,-6.444009970885243,-0.6647,-6.967453151835306,-0.6677000000000001,-7.53050824918159,-0.6697000000000001,-7.936530392242855,-0.6727,-8.598615280579693,-0.6747,-9.07254356603448,-0.6767,-9.559204253188051,-0.6787,-10.069915032439331,-0.7047,-19.919135102099716,-0.7217000000000001,-29.90699687914687,-0.7357000000000001,-40.10706535117379,-0.7476999999999999,-50.024191563227696
exp212,-1500mV,-0.1507,-0.5029298671020205,-0.1926999999999999,-1.0031717827342974,-0.2127,-1.4967645552572086,-0.2267,-1.993328221509837,-0.2376999999999999,-2.49696544426179,-0.2467,-2.996358533114148,-0.2547,-3.4900927767670455,-0.2616999999999999,-3.9838270204199433,-0.2676999999999999,-4.456340594574866,-0.2736999999999999,-4.974124930325469,-0.2836999999999999,-5.535765316371888,-0.2887,-6.033743693924381,-0.2927,-6.466645351683083,-0.2976999999999999,-7.042432850728153,-0.3016999999999999,-7.50504344578402,-0.3056999999999999,-8.003021823336512,-0.3097,-8.55334451898401,-0.3117,-9.000393289741364,-0.3147000000000001,-9.523836470691428,-0.3177,-10.06142676464014,-0.3677,-20.08890045808352,-0.4026999999999999,-30.06261512213203,-0.4317000000000001,-40.135359577171094,-0.4557000000000001,-49.9958973372304
exp213,-1600mV,-0.1837000000000002,-0.4941586570428573,-0.2287,-1.0035961961242568,-0.2516999999999999,-1.4967645552572086,-0.2687,-1.993328221509837,-0.2827,-2.49413602166206,-0.2947000000000001,-3.013335068712528,-0.3047000000000001,-3.4872633541673155,-0.3147000000000001,-4.003632978618054,-0.3237,-4.5044407787702765,-0.3317,-4.985442620724389,-0.3397,-5.510300512974317,-0.3477,-6.0323289826245166,-0.3537,-6.468060062982947,-0.3607000000000001,-6.987259110033416,-0.3677,-7.53333767178132,-0.3737,-8.035560183233407,-0.3797,-8.546270962484687,-0.3846999999999999,-9.011710980140284,-0.3897,-9.475736286496016,-0.3946999999999999,-9.956738128450128,-0.4697000000000001,-19.947429328097016,-0.5147,-29.892849766148224,-0.5477,-39.93729999518999,-0.5747000000000001,-50.024191563227696
exp215,-1900mV,-0.5216999999999999,-0.504203107271899,-0.5757,-0.9959567551049858,-0.6126999999999999,-1.4939351326574788,-0.6386999999999999,-1.993328221509837,-0.6587,-2.4983801555616547,-0.6747,-3.0175792026121235,-0.6877000000000001,-3.5141428688647514,-0.6977000000000001,-3.986656443019674,-0.7067,-4.469072996273651,-0.7157000000000001,-5.017980980621284,-0.7227,-5.515959358173778,-0.7297000000000001,-6.005449467927082,-0.7357000000000001,-6.475133619482273,-0.7416999999999999,-7.046676984627748,-0.7467,-7.480993353686313,-0.7516999999999999,-8.018583647635028,-0.7556999999999999,-8.48543837659049,-0.7596999999999999,-8.994734444541903,-0.7636999999999999,-9.499786378593722,-0.7676999999999999,-10.06142676464014,-0.8157,-20.13134179707947,-0.8447000000000001,-30.04846800913338,-0.8666999999999999,-39.90900576919269,-0.8857,-50.1373684672169
exp216,-1700mV,-0.3107000000000001,-0.4992516177223714,-0.3477,-0.9987861777047158,-0.3686999999999999,-1.498179266557074,-0.3837,-2.001816489309027,-0.3957,-2.5224302476593605,-0.4046999999999999,-2.9793819975157674,-0.4137,-3.492922199366775,-0.4217000000000001,-3.9909005769192687,-0.4297000000000001,-4.521417314368658,-0.4367,-5.01090742412196,-0.4437000000000001,-5.521618203373238,-0.4497000000000001,-5.97149639673032,-0.4567,-6.521819092377819,-0.4627,-7.009894490831256,-0.4687,-7.51353171358321,-0.4747,-8.039804317133003,-0.4797000000000001,-8.501000200889004,-0.4847,-8.972099063744063,-0.4896999999999999,-9.464418596097095,-0.4947,-9.963811684949455,-0.5627000000000001,-20.03231200608892,-0.5987000000000001,-30.11920357412663,-0.6226999999999999,-39.83827020419943,-0.6417,-49.9110146592385
exp218,-1800mV,-0.4026999999999999,-0.5029298671020205,-0.4477000000000001,-1.0009082446545134,-0.4767,-1.4939351326574788,-0.4996999999999999,-2.011719468408082,-0.5167,-2.50828313466071,-0.5307000000000001,-3.0175792026121235,-0.5417,-3.507069312365426,-0.5517,-4.027683070715759,-0.5597,-4.493123088371357,-0.5667000000000001,-4.9896867546239845,-0.5737,-5.525862337272833,-0.5797,-6.043646673023436,-0.5847000000000001,-6.521819092377819,-0.5897,-7.043847562028017,-0.5937,-7.49938460058456,-0.5977,-7.981801153838537,-0.6017,-8.506659046088465,-0.6057,-9.059811164335692,-0.6087000000000001,-9.502615801193452,-0.6117,-9.986447065747294,-0.6557000000000001,-20.046459119087572,-0.6817000000000001,-29.892849766148224,-0.7037000000000001,-40.03632978618054,-0.7207,-49.76954352925199
exp220,-1800mV,-0.4587,-0.501090742412196,-0.5007,-1.0085476856737847,-0.5247,-1.4882762874580184,-0.5427000000000001,-1.9848399537106465,-0.5577,-2.5196008250596305,-0.5687000000000001,-2.999187955713878,-0.5787000000000001,-3.512728157564886,-0.5867000000000001,-3.9838270204199433,-0.5947000000000001,-4.518587891768927,-0.6007000000000001,-4.961392528626684,-0.6077,-5.532935893772159,-0.6126999999999999,-5.981399375829374,-0.6177,-6.4595717951837575,-0.6226999999999999,-6.980185553534091,-0.6277,-7.543240650880375,-0.6317,-8.0440484510326,-0.6357,-8.551929807684147,-0.6386999999999999,-8.955122528145683,-0.6426999999999999,-9.521007048091697,-0.6457,-9.958152839749992,-0.6927,-19.876693763103766,-0.7237000000000001,-30.13335068712528,-0.7467,-39.97974133418594,-0.7667,-49.95345599823444
exp221,-1900mV,-0.6166999999999999,-0.505617818571764,-0.6386999999999999,-0.9856293626159712,-0.6517000000000001,-1.502423400456669,-0.6607,-2.0301107153063276,-0.6667,-2.4913065990623298,-0.6717000000000001,-2.956746616717927,-0.6767,-3.508484023665291,-0.6807,-4.023438936816164,-0.6837000000000001,-4.461999439774326,-0.6867,-4.945830704328168,-0.6897000000000001,-5.472103307877963,-0.6927,-6.054964363422357,-0.6947,-6.470889485582678,-0.6967,-6.919352967639894,-0.7556999999999999,-7.438552014690363,-0.7007,-7.892674341947039,-0.7027,-8.431679347195619,-0.7047,-8.997563867141633,-0.7067,-9.58042492268603,-0.7077000000000001,-9.89024669735647,-0.7317000000000001,-19.961576441095666,-0.7487,-29.921143992145527,-0.7647,-40.630508532123855,-0.7817,-50.20810403221015
exp222,-1900mV,-0.4887,-0.4995345599823444,-0.5367000000000001,-0.9980788220547832,-0.5717,-1.499593977856939,-0.5987000000000001,-2.0032312006088917,-0.6206999999999999,-2.50262428946125,-0.6377,-2.999187955713878,-0.6517000000000001,-3.4943369106666404,-0.6637000000000001,-3.9809975978202137,-0.6737000000000001,-4.508684912669872,-0.6817000000000001,-4.986857332024254,-0.6897000000000001,-5.5018122451751275,-0.6967,-6.035158405224247,-0.7017000000000001,-6.452498238684432,-0.7077000000000001,-7.031115160329232,-0.7127,-7.531922960481456,-0.7167,-7.970483463439617,-0.7207,-8.434508769795347,-0.7247,-8.967854929844465,-0.7287,-9.525251181991292,-0.7317000000000001,-9.966641107549185,-0.7747,-19.93328221509837,-0.7997,-30.03432089613473,-0.8187000000000001,-39.93729999518999,-0.8347000000000001,-49.88272043324119
exp223,-1600mV,-0.3397,-0.4955733683427223,-0.3737,-0.9934102747652288,-0.3926999999999999,-1.506667534356264,-0.4057,-2.0103047571082175,-0.4157,-2.5266743815589554,-0.4226999999999999,-2.9793819975157674,-0.4297000000000001,-3.5311194044631313,-0.4347,-3.996559422118728,-0.4397000000000001,-4.5369791386671725,-0.4437000000000001,-5.032128093619936,-0.4467,-5.448053215780256,-0.4507,-6.0592084973219515,-0.4537000000000001,-6.568504565273366,-0.4557000000000001,-6.929255946738949,-0.4587,-7.5220199813824,-0.4607,-7.945018660042045,-0.4637000000000001,-8.61134768227848,-0.4657000000000001,-9.102252503331648,-0.4677000000000001,-9.610133859983192,-0.4687,-9.871855450458227,-0.4967,-19.876693763103766,-0.5167,-29.73723152316307,-0.5347000000000001,-40.00803556018324,-0.5497,-49.656366625262784
exp224,-1600mV,-0.3307000000000001,-0.4985442620724389,-0.3646999999999999,-0.9948249860650936,-0.3837,-1.4911057100577487,-0.3966999999999999,-1.9834252424107812,-0.4066999999999999,-2.4814036199632743,-0.4146999999999999,-2.972308441016442,-0.4217000000000001,-3.4816045089678553,-0.4277000000000001,-3.9809975978202137,-0.4337000000000001,-4.544052695166498,-0.4377000000000001,-4.955733683427223,-0.4427,-5.510300512974317,-0.4467,-5.995546488828026,-0.4507,-6.513330824578629,-0.4547,-7.052335829827209,-0.4577000000000001,-7.49089633278537,-0.4607,-7.939359814842586,-0.4647,-8.564662209382933,-0.4677000000000001,-9.06688472083502,-0.4707,-9.583254345285756,-0.4727,-9.939761592851749,-0.5147,-20.13134179707947,-0.5397,-30.11920357412663,-0.5577,-39.93729999518999,-0.5717,-49.67051373826144
exp226,-1700mV,-0.1897000000000002,-0.5023639825820745,-0.2317000000000001,-0.9959567551049858,-0.4647,-1.4882762874580184,-0.2716999999999999,-1.993328221509837,-0.2707,-2.4983801555616547,-0.2776999999999999,-2.972308441016442,-0.2856999999999999,-3.5014104671659654,-0.2907,-3.961191639622102,-0.2967000000000001,-4.528490870867983,-0.3016999999999999,-4.9840279094245235,-0.2747,-5.6984571158563675,-0.3097,-5.9729111080301855,-0.4797000000000001,-6.493524866380518,-0.3207000000000001,-7.0565799637268025,-0.3197,-7.216442340611552,-0.3067000000000001,-7.942189237442316,-0.3277,-8.517976736487388,-0.3307000000000001,-9.04424934003718,-0.3347000000000001,-9.567692520987244,-0.3377,-10.062841475940006,-0.6217,-19.947429328097016,-0.4226999999999999,-29.864555540150924,-0.4557000000000001,-39.86656443019674,-0.4867,-50.2505453712061
exp230,-1700mV,-0.4026999999999999,-0.5002419156322769,-0.4397000000000001,-0.9980788220547832,-0.4607,-1.4911057100577487,-0.4767,-2.007475334508487,-0.4887,-2.50828313466071,-0.4987,-2.997773244414013,-0.5076999999999999,-3.5141428688647514,-0.5147,-3.979582886520348,-0.5216999999999999,-4.512929046569467,-0.5277,-4.991101465923849,-0.5327000000000001,-5.491909266076072,-0.5377,-5.998375911427756,-0.6346999999999999,-6.4864513098811925,-0.5467000000000001,-7.039603428128422,-0.5507000000000001,-7.758276768459861,-0.5527000000000001,-7.995948266837187,-0.5557,-8.570321054582392,-0.5577,-8.962196084645006,-0.5607000000000001,-9.518177625491967,-0.5637,-10.011911869144866,-0.5947000000000001,-20.03231200608892,-0.6137,-30.232380478115836,-0.6266999999999999,-39.97974133418594,-0.6406999999999999,-50.57592897017506
exp232,-2000mV,-0.7587,-0.5064666453516832,-0.7777,-0.999352062224662,-0.7877,-1.4741291744593683,-0.7957,-2.0258665814067327,-0.8007000000000001,-2.467256506964624,-0.8057,-3.010505646112798,-0.8097,-3.508484023665291,-0.8127000000000001,-3.930067991025071,-0.8167000000000001,-4.580835188962989,-0.8187000000000001,-4.933098302629383,-0.8217,-5.484835709576747,-0.8247000000000001,-6.077599744220197,-0.8267000000000001,-6.527477937577279,-0.8287000000000001,-7.015553336030716,-0.8307000000000001,-7.514946424883075,-0.8327000000000001,-7.981801153838537,-0.8347000000000001,-8.501000200889004,-0.8367000000000001,-9.05273760783637,-0.8377,-9.352656403407758,-0.8397,-9.983617643147564,-0.8657,-20.24451870106867,-0.8846999999999999,-30.00602667013743,-0.9007,-40.26268359415894,-0.9147,-49.967603111233096
exp233,-1800mV,-0.4517000000000001,-0.4971295507725738,-0.4817000000000001,-1.010103868103636,-0.4996999999999999,-1.5080822456561291,-0.5127,-1.9890840876102416,-0.5236999999999999,-2.4842330425630044,-0.5337,-3.024652759111448,-0.5417,-3.5297046931632665,-0.5487000000000001,-4.002218267318188,-0.5547000000000001,-4.480390686672571,-0.5607000000000001,-4.998175022423175,-0.5657,-5.452297349679851,-0.5707000000000001,-5.955934572431804,-0.5757,-6.492110155080653,-0.5807000000000001,-7.038188716828557,-0.5847000000000001,-7.52484940398213,-0.5887000000000001,-8.059610275331114,-0.5927000000000001,-8.549100385084417,-0.5957,-8.987660888042578,-0.5987000000000001,-9.440368503999393,-0.6017,-9.942591015451477,-0.6486999999999999,-19.961576441095666,-0.6797000000000001,-30.06261512213203,-0.7047,-40.12121246417244,-0.7247,-50.23639825820745
exp234,-1900mV,-0.6877000000000001,-0.5075984143915752,-0.7077000000000001,-1.0146309442632042,-0.7187,-1.5222293586547797,-0.7257000000000001,-1.9763516859114565,-0.7317000000000001,-2.4743300634639493,-0.7367,-2.9836261314153627,-0.7407,-3.450480860370824,-0.7447,-3.9937299995189983,-0.7476999999999999,-4.453511171975136,-0.7507,-4.955733683427223,-0.7536999999999999,-5.493323977375938,-0.7567,-6.090332145918983,-0.7587,-6.521819092377819,-0.7607,-6.975941419634496,-0.7627,-7.451284416389148,-0.7647,-7.94360394874218,-0.7667,-8.46563241839238,-0.7687,-9.023028670539205,-0.7707,-9.60871914868333,-0.7716999999999999,-9.917126212053908,-0.7977,-20.187930249074075,-0.8157,-30.21823336511718,-0.8307000000000001,-40.220242255162994,-0.8447000000000001,-50.29298671020206
exp235,-1900mV,-0.5247,-0.501656626932142,-0.5937,-1.0014741291744595,-0.6277,-1.498179266557074,-0.6497,-1.9876693763103763,-0.6667,-2.515356691160035,-0.6787,-3.013335068712528,-0.6877000000000001,-3.502825178465831,-0.6957000000000001,-3.988071154319539,-0.7027,-4.4846348205721664,-0.7087,-4.955733683427223,-0.7147,-5.5414241615713475,-0.7187,-5.953105149832074,-0.7227,-6.449668816084703,-0.7267,-6.968867863135171,-0.7307,-7.53899651698078,-0.7337000000000001,-8.028486626734082,-0.7367,-8.52787971558644,-0.7396999999999999,-9.06405529823529,-0.7416999999999999,-9.402171298903031,-0.7447,-10.03030311604311,-0.7767000000000001,-20.13134179707947,-0.7967000000000001,-30.147497800123933,-0.8127000000000001,-40.06462401217784,-0.8267000000000001,-50.23639825820745
exp237,-1700mV,-0.3966999999999999,-0.5012322135421824,-0.4297000000000001,-1.0076988588938656,-0.4487,-1.5094969569559942,-0.4617000000000001,-1.9947429328097015,-0.4717000000000001,-2.475744774763814,-0.4807,-3.009090934812933,-0.4876999999999999,-3.505654601065561,-0.4936999999999999,-3.9809975978202137,-0.4996999999999999,-4.534149716067443,-0.5047,-5.032128093619936,-0.5087,-5.448053215780256,-0.5136999999999999,-6.043646673023436,-0.5176999999999999,-6.528892648877145,-0.5216999999999999,-7.042432850728153,-0.5247,-7.465431529387798,-0.5287000000000001,-8.066683831830439,-0.5317,-8.539197405985362,-0.5347000000000001,-9.038590494837718,-0.5377,-9.440368503999393,-0.5407000000000001,-9.966641107549185,-0.5887000000000001,-19.961576441095666,-0.6257,-30.10505646112798,-0.6547,-39.75338752620753,-0.6807,-49.85442620724389
exp238,-1700mV,-0.3607000000000001,-0.5003833867622635,-0.4006999999999999,-0.9996350044846348,-0.4217000000000001,-1.4939351326574788,-0.4367,-2.0032312006088917,-0.4477000000000001,-2.5012095781613843,-0.4567,-2.9921143992145525,-0.4647,-3.505654601065561,-0.4717000000000001,-4.027683070715759,-0.4777000000000001,-4.541223272566767,-0.4827,-4.978369064225063,-0.4876999999999999,-5.506056379074723,-0.4927,-6.036573116524112,-0.4967,-6.489280732480923,-0.5007,-6.9646237292355755,-0.5047,-7.49089633278537,-0.5087,-8.012924802435567,-0.5127,-8.547685673784551,-0.5156999999999999,-8.963610795944874,-0.5196999999999999,-9.571936654886835,-0.5227,-10.065670898539736,-0.5737,-19.904987989101063,-0.6097,-30.11920357412663,-0.6346999999999999,-40.092918238175145,-0.6537000000000001,-49.78369064225064
exp239,-1700mV,-0.3697,-0.5019395691921149,-0.4046999999999999,-0.9985032354447428,-0.4237000000000001,-1.4882762874580184,-0.4387,-2.0159636023076772,-0.4497000000000001,-2.485647753862869,-0.4607,-3.0189939139119883,-0.4697000000000001,-3.507069312365426,-0.4777000000000001,-3.982412309120079,-0.4857000000000001,-4.494537799671222,-0.4927,-4.995345599823445,-0.4996999999999999,-5.513129935574048,-0.5056999999999999,-6.015352447026135,-0.5116999999999999,-6.543039761875795,-0.5167,-7.014138624730852,-0.5216999999999999,-7.534752383081187,-0.5257,-7.970483463439617,-0.5307000000000001,-8.52787971558644,-0.5347000000000001,-9.023028670539205,-0.5387000000000001,-9.550715985388862,-0.5417,-9.935517458952152,-0.5907000000000001,-19.947429328097016,-0.6186999999999999,-30.147497800123933,-0.6377,-39.86656443019674,-0.6537000000000001,-50.038338676226346
exp240,-1800mV,-0.2787,-0.4996760311123309,-0.4507,-0.9987861777047158,-0.4827,-1.4896909987578837,-0.4996999999999999,-1.9848399537106465,-0.5116999999999999,-2.4955507329619246,-0.5207,-2.9822114201154974,-0.5287000000000001,-3.4971663332663705,-0.5357,-4.0050476899179195,-0.5417,-4.486049531872031,-0.5477,-4.979783775524929,-0.5537,-5.530106471172428,-0.5587000000000001,-5.98281408712924,-0.5637,-6.476548330782138,-0.5687000000000001,-6.997162089132471,-0.5737,-7.51353171358321,-0.5777,-7.967654040839887,-0.5817,-8.444411748894403,-0.5867000000000001,-9.014540402740012,-0.5907000000000001,-9.522421759391564,-0.5947000000000001,-10.057182630740549,-0.6527,-20.03231200608892,-0.6927,-30.147497800123933,-0.7207,-39.85241731719808,-0.7436999999999999,-49.86857332024254
exp241,-1900mV,-0.5577,-0.5363170537788354,-0.5957,-1.0023229559543785,-0.6297,-1.499593977856939,-0.6357,-1.9975723554094316,-0.6657000000000001,-2.3993503645711023,-0.6587,-3.024652759111448,-0.6677000000000001,-3.536778249662592,-0.6747,-4.020609514216435,-0.6817000000000001,-4.466243573673921,-0.6867,-4.9826131981246595,-0.6917000000000001,-5.483420998276882,-0.6967,-6.050720229522762,-0.7007,-6.557186874874445,-0.7037000000000001,-6.9646237292355755,-0.7057000000000001,-7.263127813507099,-0.7147,-8.406214543798049,-0.7137000000000001,-8.467047129692245,-0.7177000000000001,-8.973513775043926,-0.8077,-9.488468688194802,-0.7227,-10.04445022904176,-0.7607,-20.994315689997144,-0.7797,-30.17579202612123,-0.7947000000000001,-39.88071154319538,-0.8097,-49.656366625262784
exp242,-1800mV,-0.5136999999999999,-0.503637222751953,-0.5407000000000001,-0.9953908705850396,-0.5567000000000001,-1.502423400456669,-0.5667000000000001,-1.993328221509837,-0.5747000000000001,-2.5266743815589554,-0.5807000000000001,-3.006261512213203,-0.5857,-3.4589691281700143,-0.5917,-4.048903740213735,-0.5957,-4.476146552772976,-0.6007000000000001,-5.057592897017507,-0.6047000000000001,-5.5598154084695945,-0.6077,-5.955934572431804,-0.6117,-6.5246485149775495,-0.6146999999999999,-6.988673821333281,-0.6177,-7.452699127689013,-0.6206999999999999,-7.954921639141101,-0.6237,-8.496756066989409,-0.6266999999999999,-9.062640586935425,-0.6286999999999999,-9.47149215259642,-0.6317,-10.057182630740549,-0.6667,-19.848399537106463,-0.6907,-29.779672862159025,-0.7097000000000001,-39.78168175220483,-0.7257000000000001,-49.79783775524929
exp243,-1600mV,-0.3217,-0.503637222751953,-0.3547000000000001,-1.005010907424122,-0.3737,-1.499593977856939,-0.3877,-2.021622447507138,-0.3977,-2.512527268560305,-0.4057,-3.000602667013743,-0.4126999999999999,-3.5014104671659654,-0.4186999999999999,-3.999388844718459,-0.4237000000000001,-4.470487707573516,-0.4286999999999999,-4.986857332024254,-0.4337000000000001,-5.5541565632701335,-0.4377000000000001,-6.042231961723571,-0.4417000000000001,-6.568504565273366,-0.4447,-6.990088532633147,-0.4477000000000001,-7.424404901691712,-0.4517000000000001,-8.017168936335162,-0.4547,-8.484023665290625,-0.4577000000000001,-8.976343197643658,-0.4607,-9.467248018696829,-0.4637000000000001,-9.994935333546485,-0.5116999999999999,-19.93328221509837,-0.5437,-30.161644913122583,-0.5657,-39.99388844718459,-0.5837,-50.26469248420475
exp244,-1900mV,-0.6107000000000001,-0.504486049531872,-0.6457,-1.0041620806442029,-0.6637000000000001,-1.4854468648582886,-0.6767,-1.9848399537106465,-0.6867,-2.5309185154585507,-0.6937000000000001,-2.977967286215902,-0.6997000000000001,-3.4518955716706894,-0.7057000000000001,-4.019194802916569,-0.7107,-4.548296829066093,-0.7147,-5.0420310727189905,-0.7177000000000001,-5.449467927080121,-0.7217000000000001,-6.011108313126541,-0.7247,-6.494939577680383,-0.7277000000000001,-7.039603428128422,-0.7297000000000001,-7.414501922592657,-0.7327,-7.987459999037997,-0.7347,-8.433094058495483,-0.7376999999999999,-9.105081925931376,-0.7396999999999999,-9.605889726083598,-0.7416999999999999,-10.112356371435284,-0.7696999999999999,-20.230371588070028,-0.7877,-30.11920357412663,-0.8017,-40.02218267318189,-0.8137,-49.514895495276285
exp245,-1600mV,-0.2856999999999999,-0.4985442620724389,-0.3227000000000001,-1.0081232722838251,-0.3437,-1.5151558021554543,-0.3577,-1.9848399537106465,-0.3697,-2.4927213103621946,-0.3797,-2.9864555540150928,-0.3886999999999999,-3.4915074880669104,-0.3966999999999999,-3.995144710818863,-0.4046999999999999,-4.528490870867983,-0.4106999999999999,-4.965636662526279,-0.4177,-5.507471090374587,-0.4237000000000001,-5.99696120012789,-0.4297000000000001,-6.5246485149775495,-0.4347,-6.977356130934361,-0.4397000000000001,-7.479578642386449,-0.4447,-7.984630576438266,-0.4497000000000001,-8.530709138186172,-0.4537000000000001,-8.996149155841769,-0.4577000000000001,-9.48563926559507,-0.4617000000000001,-9.96522639624932,-0.5167,-20.08890045808352,-0.5487000000000001,-30.03432089613473,-0.5697,-39.76753463920618,-0.5857,-49.59977817326819
exp246,-2000mV,-0.6417,-0.4964221951226413,-0.6797000000000001,-1.004727965164149,-0.6987,-1.4896909987578837,-0.7127,-2.011719468408082,-0.7227,-2.49696544426179,-0.7307,-3.0161644913122583,-0.7376999999999999,-3.519801714064211,-0.7436999999999999,-4.023438936816164,-0.7487,-4.5044407787702765,-0.7527,-4.958563106026954,-0.7576999999999999,-5.504641667774858,-0.7616999999999999,-6.056379074722222,-0.7647,-6.442595259585377,-0.7687,-7.032529871629097,-0.7716999999999999,-7.537581805680916,-0.7747,-8.028486626734082,-0.7777,-8.536367983385631,-0.7797,-8.902778210050675,-0.7827000000000001,-9.553545407988592,-0.7847000000000001,-9.932688036352424,-0.8207000000000001,-19.93328221509837,-0.8457,-29.96358533114148,-0.8657,-40.14950669016974,-0.8837,-50.06663290222365
exp247,-1900mV,-0.6617000000000001,-0.5077398855215616,-0.6817000000000001,-1.012084463923447,-0.6917000000000001,-1.472714463159503,-0.6997000000000001,-2.017378313607542,-0.7047,-2.461597661765164,-0.7097000000000001,-3.0175792026121235,-0.7137000000000001,-3.5381929609624567,-0.7167,-3.992315288219133,-0.7197000000000001,-4.514343757869332,-0.7227,-5.087301834314672,-0.7247,-5.513129935574048,-0.7267,-5.96583755153086,-0.7287,-6.452498238684432,-0.7307,-6.975941419634496,-0.7327,-7.543240650880375,-0.7347,-8.145907664622882,-0.7357000000000001,-8.469876552291973,-0.7376999999999999,-9.12347317282962,-0.7387,-9.45451561699804,-0.7407,-10.167530112130018,-0.7607,-19.70692840711996,-0.7767000000000001,-30.02017378313608,-0.7897,-40.00803556018324,-0.8017,-49.86857332024254
exp249,-1800mV,-0.5607000000000001,-0.4974124930325468,-0.5947000000000001,-1.004586494034163,-0.6117,-1.5094969569559942,-0.6226999999999999,-2.0004017780091616,-0.6317,-2.532333226758415,-0.6377,-2.977967286215902,-0.6437,-3.4745309524685304,-0.6486999999999999,-3.975338752620753,-0.6537000000000001,-4.5497115403659585,-0.6577000000000001,-5.03637222751953,-0.6607,-5.457956194879311,-0.6647,-6.0790144555200625,-0.6677000000000001,-6.54728389577539,-0.6707,-7.0367740055286925,-0.6727,-7.418746056492251,-0.6757000000000001,-8.005851245936244,-0.6777000000000001,-8.426020501996158,-0.6797000000000001,-8.902778210050675,-0.6827,-9.560618964487915,-0.6847,-9.951079283250667,-0.7147,-19.97572355409432,-0.7337000000000001,-29.69479018416712,-0.7496999999999999,-39.92315288219133,-0.7636999999999999,-50.1373684672169
exp252,-1700mV,-0.3797,-0.502222511452088,-0.4086999999999999,-0.9924199768553232,-0.4257000000000001,-1.4896909987578837,-0.4387,-2.001816489309027,-0.4487,-2.4828183312631396,-0.4577000000000001,-3.013335068712528,-0.4647,-3.4702868185689346,-0.4717000000000001,-3.9979741334185936,-0.4777000000000001,-4.483220109272302,-0.4837000000000001,-5.039201650119261,-0.4887,-5.513129935574048,-0.4927,-5.967252262830725,-0.4967,-6.441180548285512,-0.5016999999999999,-7.009894490831256,-0.5056999999999999,-7.561631897778621,-0.5087,-8.012924802435567,-0.5116999999999999,-8.457144150593189,-0.5156999999999999,-9.01595511403988,-0.5187,-9.529495315890887,-0.5216999999999999,-10.076988588938656,-0.5647000000000001,-20.14548891007812,-0.5927000000000001,-30.00602667013743,-0.6177,-39.78168175220483,-0.6406999999999999,-49.61392528626684
exp253,-1800mV,-0.4057,-0.4998175022423174,-0.5167,-1.008972099063744,-0.5607000000000001,-1.5080822456561291,-0.5927000000000001,-2.045672539604843,-0.5997,-2.5662862979551764,-0.6137,-3.006261512213203,-0.6237,-3.512728157564886,-0.6286999999999999,-4.105492192208336,-0.6377,-4.508684912669872,-0.6426999999999999,-4.99958973372304,-0.6457,-5.503226956474993,-0.6547,-6.049305518222896,-0.6567,-6.612360615569181,-0.6607,-7.018382758630446,-0.6667,-7.451284416389148,-0.6697000000000001,-8.169957756720587,-0.6727,-8.638227196975913,-0.6777000000000001,-9.01878453663961,-0.6817000000000001,-9.58042492268603,-0.6837000000000001,-9.997764756146214,-0.7257000000000001,-20.06060623208622,-0.7527,-29.977732444140123,-0.7716999999999999,-40.191948029165694,-0.7857,-49.571483947270885
exp254,-1800mV,-0.5147,-0.5040616361419126,-0.5567000000000001,-0.9973714664048507,-0.5817,-1.501008689156804,-0.5987000000000001,-1.9961576441095663,-0.6117,-2.49696544426179,-0.6226999999999999,-3.0232380478115832,-0.6306999999999999,-3.505654601065561,-0.6377,-3.982412309120079,-0.6446999999999999,-4.532735004767577,-0.6497,-4.986857332024254,-0.6547,-5.490494554776207,-0.6597000000000001,-6.037987827823977,-0.6637000000000001,-6.533136782776739,-0.6677000000000001,-7.057994675026669,-0.6707,-7.50504344578402,-0.6737000000000001,-7.936530392242855,-0.6767,-8.411873388997508,-0.6797000000000001,-8.936731281247436,-0.6827,-9.49129811079453,-0.6857000000000001,-10.0670856098396,-0.7217000000000001,-20.08890045808352,-0.7436999999999999,-29.822114201154974,-0.7607,-39.73924041320888,-0.7757,-50.34957516219666
exp255,-1800mV,-0.5337,-0.4993930888523579,-0.5737,-1.005859734204041,-0.5917,-1.505252823056399,-0.6037,-1.9848399537106465,-0.6137,-2.5224302476593605,-0.6197,-2.965234884517117,-0.6266999999999999,-3.5311194044631313,-0.6317,-4.01636538031684,-0.6357,-4.495952510971087,-0.6397,-5.0335428049198,-0.6426999999999999,-5.4622003287789065,-0.6457,-5.981399375829374,-0.6486999999999999,-6.466645351683083,-0.6517000000000001,-7.052335829827209,-0.6537000000000001,-7.489481621485504,-0.6557000000000001,-7.92096856794434,-0.6577000000000001,-8.383579163000208,-0.6607,-9.119229038930026,-0.6617000000000001,-9.38660947460452,-0.6637000000000001,-9.941176304151613,-0.6887,-20.159636023076775,-0.7047,-29.977732444140123,-0.7167,-39.90900576919269,-0.7277000000000001,-49.8261319812466
exp256,-1700mV,-0.3397,-0.504768991791845,-0.4487,-0.9758678546469024,-0.3946999999999999,-1.499593977856939,-0.4106999999999999,-2.0060606232086218,-0.4237000000000001,-2.5351626493581456,-0.4317000000000001,-2.9921143992145525,-0.4397000000000001,-3.4702868185689346,-0.4477000000000001,-4.003632978618054,-0.4557000000000001,-4.500196644870682,-0.4597000000000001,-4.950074838227763,-0.4647,-5.4551267722795815,-0.4697000000000001,-5.98281408712924,-0.4747,-6.54728389577539,-0.4787,-7.049506407227478,-0.4817000000000001,-7.434307880790768,-0.4857000000000001,-7.9690687521397505,-0.4896999999999999,-8.464217707092514,-0.4936999999999999,-9.07537298863421,-0.4967,-9.530910027190751,-0.4996999999999999,-10.007667735245269,-0.5577,-20.08890045808352,-0.5907000000000001,-29.85040842715227,-0.6197,-40.30512493315489,-0.6406999999999999,-49.59977817326819
exp258,-1900mV,-0.6126999999999999,-0.50335428049198,-0.6426999999999999,-1.0190165492927858,-0.6587,-1.5491088733522151,-0.6677000000000001,-1.970692840711996,-0.6747,-2.4545241052658384,-0.6847,-3.0331410269106387,-0.6887,-3.46887210726907,-0.6927,-3.952703371822913,-0.6967,-4.494537799671222,-0.6997000000000001,-4.943001281728439,-0.8387000000000001,-5.459370906179177,-0.7057000000000001,-5.958763995031535,-0.7127,-6.830226155748398,-0.7137000000000001,-6.960379595335981,-0.7157000000000001,-7.411672499992927,-0.7177000000000001,-7.916724434044746,-0.7197000000000001,-8.435923481095214,-0.7217000000000001,-8.970684352444197,-0.7237000000000001,-9.543642428889536,-0.7257000000000001,-10.137821174832853,-0.8177,-19.69278129412131,-0.8217,-30.24652759111449,-0.7867000000000001,-40.00803556018324,-0.7977,-50.010044450229046
exp259,-1900mV,-0.6246999999999999,-0.5008078001522229,-0.6547,-1.0020400136944054,-0.6777000000000001,-1.5080822456561291,-0.6887,-2.004645911908757,-0.7007,-2.506868423360845,-0.7037000000000001,-2.972308441016442,-0.7117000000000001,-3.5495106513613774,-0.7147,-3.8989443424280408,-0.7167,-4.471902418873381,-0.7197000000000001,-5.03637222751953,-0.7237000000000001,-5.497568111275533,-0.7267,-6.039402539123842,-0.7297000000000001,-6.534551494076605,-0.7327,-6.922182390239625,-0.7347,-7.390451830494952,-0.7376999999999999,-8.09497805782774,-0.7387,-8.403385121198317,-0.7396999999999999,-8.853263314555399,-0.7427,-9.553545407988592,-0.7436999999999999,-10.154797710431232,-0.7687,-19.77766397211321,-0.7857,-29.90699687914687,-0.7997,-39.92315288219133,-0.8117,-49.472454156280335
exp260,-1900mV,-0.6947,-0.5003833867622635,-0.7177000000000001,-0.9911467366854448,-0.7307,-1.5038381117565338,-0.7396999999999999,-2.0187930249074073,-0.7456999999999999,-2.464427084364894,-0.7516999999999999,-3.006261512213203,-0.7567,-3.556584207860702,-0.7607,-4.0588067193127895,-0.7636999999999999,-4.4775612640728415,-0.7667,-4.945830704328168,-0.7696999999999999,-5.460785617479042,-0.7727,-6.022426003525461,-0.7747,-6.411471610988346,-0.7777,-7.065068231525992,-0.7797,-7.53616709438105,-0.7817,-8.029901338033948,-0.7837,-8.559003364183472,-0.7857,-9.09517894683232,-0.7867000000000001,-9.366803516406408,-0.7887000000000001,-9.959567551049858,-0.8127000000000001,-19.763516859114564,-0.8297,-30.07676223513068,-0.8437,-40.191948029165694,-0.8567000000000001,-49.75539641625335
exp261,-1600mV,-0.2967000000000001,-0.503071338232007,-0.3327000000000001,-0.9973714664048507,-0.3517,-1.502423400456669,-0.3646999999999999,-2.011719468408082,-0.3746999999999999,-2.5295038041586855,-0.3826999999999999,-3.0303116043109086,-0.3886999999999999,-3.4702868185689346,-0.3946999999999999,-3.964021062221832,-0.4006999999999999,-4.527076159568118,-0.4057,-5.03071338232007,-0.4097,-5.493323977375938,-0.4137,-5.975740530629915,-0.4177,-6.516160247178359,-0.4217000000000001,-6.978770842234226,-0.4246999999999999,-7.464016818087933,-0.4277000000000001,-7.936530392242855,-0.4306999999999999,-8.426020501996158,-0.4337000000000001,-8.929657724748111,-0.4367,-9.413488989301952,-0.4397000000000001,-9.970885241448778,-0.4817000000000001,-20.117194684080825,-0.5116999999999999,-30.161644913122583,-0.5367000000000001,-39.96559422118728,-0.5567000000000001,-50.15151558021555
exp262,-1900mV,-0.6747,-0.5043445784018855,-0.6957000000000001,-1.0054353208140816,-0.7067,-1.501008689156804,-0.7147,-2.0329401379060577,-0.7197000000000001,-2.464427084364894,-0.7247,-3.003432089613473,-0.7287,-3.5268752705635364,-0.7317000000000001,-3.964021062221832,-0.7347,-4.454925883275001,-0.7376999999999999,-5.0222251145208805,-0.7396999999999999,-5.436735525381336,-0.7427,-6.111552815416958,-0.7447,-6.615190038168912,-0.7467,-7.103265436622349,-0.7476999999999999,-7.379134140096031,-0.7496999999999999,-7.970483463439617,-0.7516999999999999,-8.597200569279828,-0.7527,-8.932487147347842,-0.7547,-9.621451550382114,-0.7556999999999999,-9.979373509247967,-0.7767000000000001,-20.00401778009162,-0.7917,-30.10505646112798,-0.8047000000000001,-40.40415472414545,-0.8157,-49.95345599823444
exp263,-1900mV,-0.4916999999999999,-0.501090742412196,-0.5857,-1.0014741291744595,-0.5827000000000001,-1.506667534356264,-0.6577000000000001,-1.965033995512536,-0.6257,-2.504039000761115,-0.6386999999999999,-2.9836261314153627,-0.6547,-3.508484023665291,-0.6647,-3.982412309120079,-0.6747,-4.5044407787702765,-0.6817000000000001,-5.020810403221016,-0.6887,-5.507471090374587,-0.8657,-5.964422840230995,-0.7007,-6.476548330782138,-0.7057000000000001,-7.009894490831256,-0.7127,-7.739885521561616,-0.8646999999999999,-7.977557019938943,-0.7187,-8.561832786783201,-0.7217000000000001,-8.984831465442848,-0.7247,-9.470077441296556,-0.7277000000000001,-10.014741291744594,-0.7647,-19.834252424107817,-0.7867000000000001,-29.921143992145527,-0.8037,-40.092918238175145,-0.8187000000000001,-50.47689917918451
exp265,-1600mV,-0.2936999999999999,-0.501656626932142,-0.3817,-1.0031717827342974,-0.2716999999999999,-1.5590118524512704,-0.3607000000000001,-1.9975723554094316,-0.3717,-2.5747745657543666,-0.3797,-3.0274821817111786,-0.3866999999999999,-3.532534115762996,-0.3917,-3.9767534639206183,-0.3697,-4.4379493476766205,-0.3846999999999999,-5.03637222751953,-0.4077,-5.549912429370539,-0.4106999999999999,-6.009693601826676,-0.4137,-6.482207175981599,-0.4166999999999999,-6.978770842234226,-0.4197000000000001,-7.495140466684964,-0.4226999999999999,-7.991704132937592,-0.4487,-8.817895532058774,-0.4327,-8.952293105545952,-0.4347,-9.468662729996687,-0.4367,-10.04727965164149,-0.4777000000000001,-19.947429328097016,-0.5096999999999999,-30.161644913122583,-0.5357,-40.00803556018324,-0.5577,-49.86857332024254
exp266,-1900mV,-0.0067000000000001,-0.4984027909424524,-0.0697000000000001,-0.999352062224662,-0.4927,-1.498179266557074,-0.5517,-2.0103047571082175,-0.5777,-2.4983801555616547,-0.6027000000000001,-3.006261512213203,-0.6097,-3.4957516219665052,-0.6157,-4.03900076111468,-0.6377,-4.46058472847446,-0.6386999999999999,-4.934513013929248,-0.6517000000000001,-5.483420998276882,-0.6527,-5.897931409137338,-0.6627,-6.507671979379168,-0.6667,-6.922182390239625,-0.6677000000000001,-7.540411228280647,-0.6707,-8.09780748042747,-0.6787,-8.498170778289277,-0.6817000000000001,-8.824969088558099,-0.6827,-9.294653240113291,-0.6847,-9.962396973649588,-0.7257000000000001,-20.01816489309027,-0.7467,-30.600205416080744,-0.7596999999999999,-39.55532794422642,-0.7676999999999999,-49.68466085126009
exp267,-1900mV,-0.6927,-0.4638838352257455,-0.7247,-0.9925614479853098,-0.7436999999999999,-1.4967645552572086,-0.7516999999999999,-1.9890840876102416,-0.7567,-2.50828313466071,-0.7667,-2.963820173217252,-0.7696999999999999,-3.519801714064211,-0.7727,-4.095589213109282,-0.7747,-4.490293665771627,-0.7837,-4.962807239926549,-0.7857,-5.579621366667705,-0.7867000000000001,-5.944616882032884,-0.7887000000000001,-6.657631377164862,-0.7897,-7.011309202131122,-0.7907000000000001,-7.369231160996977,-0.8477,-7.980386442538672,-0.7937,-8.403385121198317,-0.8017,-9.202697005622063,-0.8017,-9.202697005622063,-0.8027000000000001,-9.887417274756745,-0.8217,-20.14548891007812,-0.8367000000000001,-30.387998721100992,-0.8507000000000001,-40.75783254911171,-0.8557,-49.62807239926549
exp270,-2100mV,-0.5407000000000001,-0.4829824377739235,-0.5767000000000001,-0.9927029191152964,-0.5947000000000001,-1.5038381117565338,-0.9317,-1.9480574599141556,-0.6047000000000001,-2.552139184956526,-0.6237,-3.034555738210504,-0.6306999999999999,-3.5183870027643462,-0.6707,-4.157836510303343,-0.6397,-4.463414151074191,-0.6446999999999999,-4.98827204332412,-0.6477,-5.339120445690648,-0.6477,-5.339120445690648,-0.6567,-6.823152599249072,-0.6587,-7.059409386326533,-0.6617000000000001,-7.567290742978082,-0.6647,-8.042633739732734,-0.7487,-8.604274125779153,-0.7487,-8.604274125779153,-0.7656999999999999,-9.461589173497366,-0.6727,-10.091135701937308,-0.7047,-20.371842718056527,-0.7257000000000001,-30.260674704113132,-0.7407,-39.92315288219133,-0.9527,-49.18951189630732
exp271,-1900mV,-0.3877,-0.5012322135421824,-0.4137,-1.0069915032439332,-0.4297000000000001,-1.506667534356264,-0.4417000000000001,-2.021622447507138,-0.4507,-2.4715006408642193,-0.4597000000000001,-3.0147497800123935,-0.4677000000000001,-3.5268752705635364,-0.4737000000000001,-3.973924041320888,-0.4807,-4.511514335269602,-0.4867,-5.0222251145208805,-0.4927,-5.479176864377286,-0.4987,-6.057793786022088,-0.5036999999999999,-6.514745535878494,-0.5087,-6.933500080638546,-0.5147,-7.52484940398213,-0.5196999999999999,-8.008680668535973,-0.5236999999999999,-8.47412068619157,-0.5287000000000001,-9.001808001041228,-0.5327000000000001,-9.488468688194802,-0.5377,-9.989276488347024,-0.6077,-19.93328221509837,-0.6607,-30.232380478115836,-0.6967,-40.191948029165694,-0.7267,-50.052485789224995
exp272,-2100mV,-0.6246999999999999,-0.5006663290222364,-0.6597000000000001,-0.9989276488347024,-0.6777000000000001,-1.4925204213576138,-0.6897000000000001,-1.9791811085111863,-0.6997000000000001,-2.5295038041586855,-0.7067,-3.010505646112798,-0.7127,-3.519801714064211,-0.7177000000000001,-4.0220242255163,-0.7217000000000001,-4.46058472847446,-0.7257000000000001,-4.962807239926549,-0.7297000000000001,-5.5272770485726985,-0.7327,-6.009693601826676,-0.7357000000000001,-6.540210339276065,-0.7376999999999999,-6.90944998854084,-0.7407,-7.4427961485899585,-0.7436999999999999,-8.079416233529225,-0.7456999999999999,-8.542026828585092,-0.7476999999999999,-9.05273760783637,-0.7496999999999999,-9.598816169584271,-0.7507,-9.877514295657685,-0.7777,-20.06060623208622,-0.7937,-30.03432089613473,-0.8077,-40.02218267318189,-0.8187000000000001,-49.61392528626684
exp273,-1700mV,-0.1667,-0.520189344960374,-0.3706999999999999,-1.0048694362941355,-0.3217,-1.512326379555724,-0.4066999999999999,-1.9890840876102416,-0.4186999999999999,-2.515356691160035,-0.3846999999999999,-3.0996324580042955,-0.4427,-3.508484023665291,-0.4417000000000001,-3.922994434525747,-0.4497000000000001,-4.4648288623740555,-0.4547,-5.034957516219666,-0.5056999999999999,-5.630550973462847,-0.4657000000000001,-5.99696120012789,-0.4317000000000001,-6.473718908182407,-0.4717000000000001,-6.9915032439330105,-0.4757000000000001,-7.534752383081187,-0.4787,-7.970483463439617,-0.4817000000000001,-8.418946945496833,-0.4857000000000001,-9.011710980140284,-0.4876999999999999,-9.28050612711464,-0.4956999999999999,-10.000594178745946,-0.5577,-19.97572355409432,-0.6087000000000001,-30.06261512213203,-0.6426999999999999,-40.12121246417244,-0.6827,-50.59007608317371
exp275,-1400mV,0.0072999999999998,-0.4897730520132756,-0.1777000000000002,-1.0023229559543785,-0.2067,-1.4953498439573436,-0.2227,-2.004645911908757,-0.2327,-2.4955507329619246,-0.2407,-3.006261512213203,-0.2476999999999999,-3.5183870027643462,-0.2536999999999999,-4.029097782015624,-0.2576999999999999,-4.469072996273651,-0.2627,-5.037786938819395,-0.2667,-5.547083006770809,-0.2696999999999999,-5.978569953229646,-0.2727,-6.425618723986997,-0.2756999999999999,-6.963209017935711,-0.2796999999999999,-7.53899651698078,-0.2816999999999999,-7.935115680942991,-0.2847,-8.554759230283878,-0.2867,-8.967854929844465,-0.2887,-9.390853608504113,-0.2907,-9.905808521654986,-0.3247000000000001,-19.862546650105116,-0.3477,-30.204086252118536,-0.3646999999999999,-39.99388844718459,-0.3797,-49.84027909424525
exp276,-2100mV,-0.6017,-0.4992516177223714,-0.6266999999999999,-1.014489473133218,-0.6397,-1.5080822456561291,-0.6486999999999999,-1.9989870667092968,-0.6557000000000001,-2.49979486686152,-0.6617000000000001,-3.0232380478115832,-0.6667,-3.543851806161917,-0.6707,-4.024853648116029,-0.6737000000000001,-4.4393640589764845,-0.6777000000000001,-5.050519340518181,-0.6807,-5.540009450271484,-0.6837000000000001,-6.080429166819927,-0.6857000000000001,-6.476548330782138,-0.6877000000000001,-6.913694122440434,-0.6907,-7.605487948074437,-0.6927,-8.08648979002855,-0.6947,-8.556173941583742,-0.6967,-9.119229038930026,-0.6977000000000001,-9.402171298903031,-0.6997000000000001,-9.9822029318477,-0.7237000000000001,-20.00401778009162,-0.7396999999999999,-30.274821817111786,-0.7516999999999999,-39.71094618721158,-0.7616999999999999,-49.85442620724389
exp277,-2100mV,-0.5507000000000001,-0.4978369064225064,-0.6087000000000001,-0.9959567551049858,-0.6426999999999999,-1.499593977856939,-0.6687,-2.013134179707947,-0.6827,-2.485647753862869,-0.6967,-3.0189939139119883,-0.7077000000000001,-3.4872633541673155,-0.7177000000000001,-4.023438936816164,-0.7257000000000001,-4.493123088371357,-0.7327,-4.9698807964258735,-0.7396999999999999,-5.5145446468739125,-0.7456999999999999,-6.012523024426406,-0.7496999999999999,-6.533136782776739,-0.7556999999999999,-7.125900817420191,-0.7587,-7.430063746891172,-0.7636999999999999,-8.09780748042747,-0.7667,-8.399140987298722,-0.7696999999999999,-8.919754745649056,-0.7736999999999999,-9.523836470691428,-0.7757,-9.881758429557282,-0.8147000000000001,-20.046459119087572,-0.8367000000000001,-29.581613280177915,-0.8537,-39.28653279725207,-0.8706999999999999,-50.094927128220945
exp278,-1600mV,-0.0167000000000001,-0.4954318972127358,-0.1817000000000002,-0.9999179467446078,-0.3016999999999999,-1.506667534356264,-0.3207000000000001,-1.9904987989101068,-0.3337,-2.4898918877624645,-0.3437,-3.004846800913338,-0.3517,-3.5113134462650213,-0.3577,-3.973924041320888,-0.3637,-4.487464243171897,-0.3686999999999999,-5.017980980621284,-0.3726999999999999,-5.470688596578097,-0.3766999999999999,-5.9601787063314,-0.3806999999999999,-6.506257268079304,-0.3837,-6.956135461436385,-0.3866999999999999,-7.435722592090633,-0.3897,-7.9690687521397505,-0.3937,-8.546270962484687,-0.3957,-8.983416754142983,-0.3977,-9.444612637898985,-0.4006999999999999,-10.102453392336226,-0.4347,-19.890840876102416,-0.4617000000000001,-29.892849766148224,-0.4896999999999999,-39.83827020419943,-0.5176999999999999,-49.95345599823444
exp279,-1700mV,-0.3427000000000001,-0.4991101465923849,-0.3766999999999999,-1.0030303116043109,-0.3977,-1.499593977856939,-0.4137,-2.007475334508487,-0.4257000000000001,-2.4898918877624645,-0.4367,-3.0161644913122583,-0.4447,-3.5212164253640763,-0.4517000000000001,-3.999388844718459,-0.4577000000000001,-4.538393849967037,-0.4627,-5.039201650119261,-0.4677000000000001,-5.542838872871213,-0.4717000000000001,-6.062037919921682,-0.4747,-6.526063226277413,-0.4777000000000001,-6.994332666532741,-0.4807,-7.4753345084868545,-0.4837000000000001,-7.945018660042045,-0.4867,-8.52787971558644,-0.5007,-9.028687515738664,-0.4916999999999999,-9.545057140189405,-0.4936999999999999,-9.969470530148914,-0.5357,-19.848399537106463,-0.5947000000000001,-30.02017378313608,-0.5847000000000001,-39.59776928322238,-0.6037,-50.038338676226346
exp280,-1900mV,-0.5927000000000001,-0.4979783775524929,-0.6377,-1.0327392489014768,-0.6527,-1.459982061460718,-0.6657000000000001,-2.0032312006088917,-0.6707,-2.4983801555616547,-0.6767,-2.989284976614823,-0.6837000000000001,-3.5268752705635364,-0.6867,-3.947044526623453,-0.6907,-4.4775612640728415,-0.6957000000000001,-4.996760311123309,-0.6987,-5.469273885278232,-0.7007,-6.019596580925731,-0.7027,-6.3803479623913155,-0.7057000000000001,-7.014138624730852,-0.7087,-7.455528550288744,-0.7107,-7.92096856794434,-0.7137000000000001,-8.594371146680096,-0.7157000000000001,-9.12347317282962,-0.7167,-9.545057140189405,-0.7177000000000001,-9.919955634653638,-0.7427,-19.919135102099716,-0.7587,-30.34555738210504,-0.7696999999999999,-40.4183018371441,-0.7797,-49.84027909424525
exp281,-1800mV,-0.3937,-0.4947245415628032,-0.4246999999999999,-0.988741727475674,-0.4407,-1.4925204213576138,-0.4517000000000001,-1.9919135102099716,-0.4617000000000001,-2.506868423360845,-0.4707,-2.994943821814283,-0.4787,-3.4886780654671803,-0.4867,-3.9909005769192687,-0.4936999999999999,-4.480390686672571,-0.5007,-4.979783775524929,-0.5076999999999999,-5.525862337272833,-0.5147,-6.012523024426406,-0.5196999999999999,-6.473718908182407,-0.5257,-7.039603428128422,-0.5317,-7.472505085887125,-0.6927,-7.9690687521397505,-0.5407000000000001,-8.47977953139103,-0.5477,-9.06688472083502,-0.5517,-9.49412753339426,-0.5557,-10.009082446545134,-0.6277,-20.03231200608892,-0.6797000000000001,-30.04846800913338,-0.7097000000000001,-40.02218267318189,-0.7416999999999999,-50.37786938819396
exp282,-1800mV,-0.4277000000000001,-0.5017980980621284,-0.4607,-1.004727965164149,-0.4807,-1.506667534356264,-0.4956999999999999,-2.017378313607542,-0.5067,-2.4771594860636794,-0.5167,-2.973723152316307,-0.5257,-3.4985810445662353,-0.5337,-3.9809975978202137,-0.5407000000000001,-4.46058472847446,-0.5477,-4.98827204332412,-0.5547000000000001,-5.535765316371888,-0.5597,-5.97149639673032,-0.5657,-6.469474774282813,-0.5707000000000001,-6.998576800432337,-0.5757,-7.514946424883075,-0.5797,-7.959165773040696,-0.5847000000000001,-8.46563241839238,-0.5897,-9.062640586935425,-0.5937,-9.515348202892236,-0.5977,-10.04445022904176,-0.6517000000000001,-19.93328221509837,-0.6867,-30.00602667013743,-0.7167,-40.17780091616704,-0.7407,-49.89686754623985
exp283,-1500mV,-0.2157000000000001,-0.4976954352925198,-0.2487,-0.9987861777047158,-0.2667,-1.501008689156804,-0.2796999999999999,-2.023037158807002,-0.2887,-2.4828183312631396,-0.2967000000000001,-3.0232380478115832,-0.3027000000000001,-3.46887210726907,-0.3087000000000001,-4.024853648116029,-0.3137,-4.528490870867983,-0.3177,-4.950074838227763,-0.3217,-5.456541483579446,-0.3257,-5.998375911427756,-0.3297,-6.54162505057593,-0.3327000000000001,-7.018382758630446,-0.3357,-7.50504344578402,-0.3387000000000001,-7.987459999037997,-0.3417,-8.533538560785903,-0.3447000000000001,-9.088105390332997,-0.3467000000000001,-9.453100905698175,-0.3497,-9.931273325052558,-0.3906999999999999,-20.08890045808352,-0.4217000000000001,-29.836261314153624,-0.4467,-40.14950669016974,-0.4687,-49.81198486824794
exp284,-1900mV,-0.3637,-0.4995345599823444,-0.4106999999999999,-0.9966641107549185,-0.5357,-1.4755438857592331,-0.4687,-1.9904987989101068,-0.4907,-2.4927213103621946,-0.5076999999999999,-2.9822114201154974,-0.5236999999999999,-3.607513814655843,-0.5347000000000001,-4.000803556018323,-0.5447000000000001,-4.514343757869332,-0.5537,-5.023639825820745,-0.5607000000000001,-5.504641667774858,-0.8427000000000001,-6.0790144555200625,-0.5747000000000001,-6.475133619482273,-0.6607,-7.007065068231526,-0.5867000000000001,-7.585681989876327,-0.5917,-8.01433951373543,-0.5967000000000001,-8.482608953990761,-0.6007000000000001,-8.987660888042578,-0.6047000000000001,-9.495542244694128,-0.6087000000000001,-10.03313253864284,-0.6637000000000001,-19.862546650105116,-0.6987,-30.04846800913338,-0.7257000000000001,-39.99388844718459,-0.7447,-50.335428049198
exp285,-1400mV,-0.0027000000000001,-0.5115596060311972,-0.0197,-0.9959567551049858,-0.2416999999999999,-1.499593977856939,-0.2696999999999999,-2.004645911908757,-0.2816999999999999,-2.50545371206098,-0.2896999999999999,-3.0232380478115832,-0.2947000000000001,-3.4603838394698796,-0.2996999999999999,-4.003632978618054,-0.3027000000000001,-4.44077877027635,-0.3056999999999999,-4.928854168729788,-0.3087000000000001,-5.4947386886758025,-0.3117,-6.087502723319252,-0.3137,-6.55011331837512,-0.3157,-7.125900817420191,-0.3167000000000001,-7.393281253094682,-0.3187000000000001,-7.995948266837187,-0.3207000000000001,-8.618421238777803,-0.3217,-8.967854929844465,-0.3237,-9.607304437383464,-0.3257,-10.19016549292786,-0.3467000000000001,-20.30110715306328,-0.3617,-30.161644913122583,-0.3746999999999999,-40.54562585413195,-0.3857,-50.26469248420475
exp286,-1800mV,-0.3686999999999999,-0.5006663290222364,-0.3946999999999999,-1.0023229559543785,-0.4106999999999999,-1.4967645552572086,-0.4226999999999999,-1.9876693763103763,-0.4327,-2.506868423360845,-0.4417000000000001,-3.0147497800123935,-0.4487,-3.4773603750682605,-0.4567,-4.030512493315489,-0.4627,-4.5044407787702765,-0.4687,-4.958563106026954,-0.4747,-5.497568111275533,-0.4807,-6.025255426125191,-0.4857000000000001,-6.496354288980249,-0.4907,-7.035359294228828,-0.4956999999999999,-7.459772684188338,-0.5007,-7.953506927841237,-0.5056999999999999,-8.554759230283878,-0.5107,-8.998978578441498,-0.5156999999999999,-9.564863098387514,-0.5187,-9.975129375348374,-0.5887000000000001,-20.046459119087572,-0.6397,-30.03432089613473,-0.6827,-39.92315288219133,-0.7177000000000001,-49.925161772237146
exp287,-1800mV,-0.3966999999999999,-0.4979783775524929,-0.4277000000000001,-1.006425618723987,-0.4447,-1.4953498439573436,-0.4577000000000001,-2.013134179707947,-0.4677000000000001,-2.5167714024599,-0.4757000000000001,-3.004846800913338,-0.4827,-3.512728157564886,-0.4887,-3.9838270204199433,-0.4947,-4.495952510971087,-0.5007,-5.0094927128220945,-0.5056999999999999,-5.518788780773508,-0.5107,-6.028084848724921,-0.5147,-6.456742372584028,-0.5196999999999999,-7.069312365425588,-0.5236999999999999,-7.51353171358321,-0.5267000000000001,-7.950677505241506,-0.5317,-8.574565188481987,-0.5347000000000001,-9.0838612564334,-0.5387000000000001,-9.44602734919885,-0.5427000000000001,-9.946835149351072,-0.6027000000000001,-20.117194684080825,-0.6446999999999999,-29.836261314153624,-0.6757000000000001,-39.83827020419943,-0.7007,-49.74124930325469
exp288,-1900mV,-0.6017,-0.5017980980621284,-0.6397,-1.007274445503906,-0.6607,-1.499593977856939,-0.6757000000000001,-1.9947429328097015,-0.6877000000000001,-2.506868423360845,-0.6967,-2.990699687914687,-0.7047,-3.4801897976679905,-0.7117000000000001,-3.9767534639206183,-0.7187,-4.548296829066093,-0.7237000000000001,-5.01939569192115,-0.7287,-5.528691759872564,-0.7327,-5.975740530629915,-0.7367,-6.477963042082004,-0.7407,-6.949061904937061,-0.7447,-7.540411228280647,-0.7476999999999999,-8.025657204134353,-0.7507,-8.52787971558644,-0.7536999999999999,-8.953707816845819,-0.7567,-9.45734503959777,-0.7587,-9.92702919115296,-0.8007000000000001,-19.98987066709297,-0.8187000000000001,-30.02017378313608,-0.8347000000000001,-39.78168175220483,-0.8517,-49.98175022423175
exp289,-1600mV,-0.0467000000000001,-0.5008078001522229,-0.2767,-0.9928443902452826,-0.3027000000000001,-1.4939351326574788,-0.3187000000000001,-2.0159636023076772,-0.3297,-2.506868423360845,-0.3387000000000001,-3.0175792026121235,-0.3457,-3.4801897976679905,-0.3527000000000001,-4.034756627215084,-0.3577,-4.473317130173245,-0.3626999999999999,-4.950074838227763,-0.3677,-5.479176864377286,-0.3726999999999999,-6.066282053821277,-0.3766999999999999,-6.527477937577279,-0.3797,-6.954720750136521,-0.3837,-7.5092875796836145,-0.3866999999999999,-7.937945103542721,-0.3906999999999999,-8.46846184099211,-0.3937,-9.008881557540551,-0.3966999999999999,-9.532324738490615,-0.3997,-10.051523785541084,-0.4437000000000001,-19.904987989101063,-0.4797000000000001,-29.864555540150924,-0.5107,-40.33341915915219,-0.5397,-50.1373684672169
exp290,-1800mV,-0.5236999999999999,-0.4968466085126009,-0.5627000000000001,-1.006142676464014,-0.5817,-1.4854468648582886,-0.5947000000000001,-2.0032312006088917,-0.6037,-2.4814036199632743,-0.6117,-3.0260674704113137,-0.6177,-3.5268752705635364,-0.6226999999999999,-4.030512493315489,-0.6266999999999999,-4.515758469169198,-0.6306999999999999,-5.0335428049198,-0.6337,-5.445223793180525,-0.6377,-6.033743693924381,-0.6406999999999999,-6.5246485149775495,-0.6437,-7.052335829827209,-0.6457,-7.451284416389148,-0.6486999999999999,-8.099222191727335,-0.6507,-8.509488468688197,-0.6527,-8.907022343950272,-0.6547,-9.424806679700875,-0.6567,-9.935517458952152,-0.6837000000000001,-19.848399537106463,-0.7007,-29.864555540150924,-0.7137000000000001,-39.85241731719808,-0.7247,-49.33098302629383
exp291,-1900mV,-0.6707,-0.4948660126927898,-0.6967,-1.001898542564419,-0.7097000000000001,-1.499593977856939,-0.7187,-2.0159636023076772,-0.7247,-2.4743300634639493,-0.7307,-3.050117562509019,-0.7347,-3.499995755866101,-0.7387,-4.027683070715759,-0.7416999999999999,-4.478975975372705,-0.7447,-4.978369064225063,-0.7476999999999999,-5.532935893772159,-0.7496999999999999,-5.94320217073302,-0.7516999999999999,-6.388836230190505,-0.7536999999999999,-6.878326339943808,-0.7556999999999999,-7.398940098294142,-0.7576999999999999,-7.899747898446365,-0.7596999999999999,-8.448655882793998,-0.7616999999999999,-9.06688472083502,-0.7627,-9.385194763304654,-0.7647,-10.088306279337578,-0.7857,-19.805958198110513,-0.7997,-30.06261512213203,-0.8117,-40.531478741133306,-0.8217,-50.448604953187214
exp292,-1800mV,-0.3637,-0.5032128093619935,-0.4037,-1.003313253864284,-0.4286999999999999,-1.5038381117565338,-0.4477000000000001,-2.011719468408082,-0.4627,-2.504039000761115,-0.4757000000000001,-2.989284976614823,-0.4876999999999999,-3.508484023665291,-0.4976999999999999,-3.9909005769192687,-0.5076999999999999,-4.5044407787702765,-0.5167,-5.01656626932142,-0.5247,-5.504641667774858,-0.5327000000000001,-5.99413177752816,-0.5397,-6.4793777533818675,-0.5477,-7.016968047330582,-0.5537,-7.459772684188338,-0.5597,-7.981801153838537,-0.5657,-8.503829623488736,-0.5707000000000001,-9.01595511403988,-0.5757,-9.53656887239021,-0.5807000000000001,-9.997764756146214,-0.6297,-19.876693763103766,-0.6557000000000001,-29.991879557138777,-0.6767,-40.17780091616704,-0.6917000000000001,-49.84027909424525
exp293,-2100mV,-0.5707000000000001,-0.4996760311123309,-0.6037,-0.9900149676455526,-0.6237,-1.5179852247551844,-0.6366999999999999,-2.017378313607542,-0.6466999999999999,-2.532333226758415,-0.6547,-3.009090934812933,-0.6617000000000001,-3.541022383562187,-0.6677000000000001,-4.046074317614004,-0.6727,-4.491708377071491,-0.6767,-4.948660126927899,-0.6817000000000001,-5.542838872871213,-0.6847,-5.950275727232344,-0.6887,-6.4793777533818675,-0.6927,-7.055165252426939,-0.6947,-7.4498697050892835,-0.6977000000000001,-7.993118844237457,-0.7007,-8.559003364183472,-0.7027,-8.997563867141633,-0.7047,-9.434709658799928,-0.7077000000000001,-10.102453392336226,-0.7387,-19.763516859114564,-0.7576999999999999,-30.07676223513068,-0.7736999999999999,-40.06462401217784,-0.7847000000000001,-49.925161772237146
exp294,-1900mV,-0.5457,-0.5020810403221014,-0.5897,-1.0079818011538386,-0.6157,-1.506667534356264,-0.6346999999999999,-2.004645911908757,-0.6497,-2.50828313466071,-0.6617000000000001,-3.0204086252118536,-0.6717000000000001,-3.509898734965156,-0.6807,-4.019194802916569,-0.6877000000000001,-4.501611356170546,-0.6947,-5.001004445022905,-0.6997000000000001,-5.466444462678503,-0.7047,-6.073355610320603,-0.7107,-6.54162505057593,-0.7137000000000001,-6.958964884036115,-0.7187,-7.52767882658186,-0.7217000000000001,-7.954921639141101,-0.7257000000000001,-8.540612117285226,-0.7287,-8.95795195074541,-0.7327,-9.540813006289808,-0.7357000000000001,-10.068500321139467,-0.7757,-20.14548891007812,-0.7987000000000001,-29.921143992145527,-0.8167000000000001,-40.17780091616704,-0.8307000000000001,-49.79783775524929
exp295,-1800mV,-0.5787000000000001,-0.502222511452088,-0.6117,-1.0096794547136767,-0.6286999999999999,-1.512326379555724,-0.6406999999999999,-2.007475334508487,-0.6497,-2.49979486686152,-0.6577000000000001,-3.024652759111448,-0.6637000000000001,-3.515557580164616,-0.6687,-3.9498739492231825,-0.6737000000000001,-4.4775612640728415,-0.6777000000000001,-4.962807239926549,-0.6817000000000001,-5.438150236681202,-0.6857000000000001,-6.008278890526811,-0.6887,-6.489280732480923,-0.6917000000000001,-6.974526708334631,-0.6947,-7.4824080649861795,-0.6977000000000001,-8.042633739732734,-0.6997000000000001,-8.438752903694944,-0.7027,-9.062640586935425,-0.7047,-9.523836470691428,-0.7067,-10.007667735245269,-0.7357000000000001,-20.03231200608892,-0.7536999999999999,-29.921143992145527,-0.7676999999999999,-40.24853648116029,-0.7777,-50.53348763117911
exp296,-1600mV,-0.3147000000000001,-0.5029298671020205,-0.0577,-0.9999179467446078,-0.0117,-1.5137410908555893,-0.3137,-1.9975723554094316,-0.1147,-2.49413602166206,-0.2687,-2.999187955713878,-0.0607000000000002,-3.499995755866101,-0.1347,-4.000803556018323,-0.5196999999999999,-4.505855490070142,-0.4467,-4.9896867546239845,-0.2496999999999999,5.498982822575398,-0.0147000000000001,-5.96583755153086,-0.4817000000000001,-6.504842556779439,-0.4887,-7.008479779531392,-0.5367000000000001,-7.571534876877676,-0.0827000000000002,-7.911065588845285,-0.4876999999999999,-8.51373260258779,-0.5207,-8.972099063744063,-0.0367000000000001,-9.547886562789133,-0.5167,-10.060012053340277,-0.5517,-20.34354849205923,-0.5687000000000001,-30.614352529079397,-0.5787000000000001,-39.47044526623452,,
exp298,-1900mV,-0.6497,-0.5001004445022904,-0.6807,-1.005010907424122,-0.6957000000000001,-1.4882762874580184,-0.7067,-2.0286960040064623,-0.7137000000000001,-2.4983801555616547,-0.7197000000000001,-2.994943821814283,-0.7247,-3.499995755866101,-0.7287,-3.9725093300210226,-0.7327,-4.5044407787702765,-0.7357000000000001,-4.965636662526279,-0.7387,-5.474932730477692,-0.7416999999999999,-6.0323289826245166,-0.7436999999999999,-6.4199598787875365,-0.7467,-7.087703612323834,-0.7487,-7.57294958817754,-0.7507,-8.08648979002855,-0.7527,-8.635397774376184,-0.7536999999999999,-8.915510611749461,-0.7556999999999999,-9.453100905698175,-0.7576999999999999,-10.060012053340277,-0.7797,-20.00401778009162,-0.7947000000000001,-30.10505646112798,-0.8067000000000001,-40.163653803168394,-0.8177,-50.46275206618586
exp299,-1400mV,0.0032999999999998,-0.5071740010016156,-0.1547,-0.9987861777047158,-0.1827,-1.498179266557074,-0.1987,-2.008890045808352,-0.2097000000000001,-2.512527268560305,-0.2177000000000001,-3.010505646112798,-0.2257000000000001,-3.5212164253640763,-0.2297000000000001,-3.965435773521698,-0.2357000000000001,-4.548296829066093,-0.2407,-5.032128093619936,-0.2447,-5.5414241615713475,-0.2476999999999999,-6.006864179226946,-0.2507,-6.425618723986997,-0.2547,-7.063653520226129,-0.2576999999999999,-7.473919797186989,-0.2607,-7.912480300145149,-0.2627,-8.55051509638428,-0.2656999999999999,-8.963610795944874,-0.2687,-9.532324738490615,-0.2707,-9.983617643147564,-0.3067000000000001,-20.06060623208622,-0.3317,-29.949438218142824,-0.3507000000000001,-40.07877112517649,-0.3666999999999999,-49.8261319812466
exp302,-1800mV,-0.4507,-0.4978369064225064,-0.4876999999999999,-0.9948249860650936,-0.5087,-1.4953498439573436,-0.5236999999999999,-1.9975723554094316,-0.5357,-2.509697845960575,-0.5447000000000001,-2.972308441016442,-0.5537,-3.5268752705635364,-0.5607000000000001,-4.024853648116029,-0.5667000000000001,-4.510099623969737,-0.5727000000000001,-5.0292986710202054,-0.5777,-5.528691759872564,-0.5817,-5.964422840230995,-0.5867000000000001,-6.507671979379168,-0.5907000000000001,-7.025456315129772,-0.5947000000000001,-7.563046609078486,-0.5977,-7.953506927841237,-0.6017,-8.52505029298671,-0.6047000000000001,-9.027272804438798,-0.6077,-9.522421759391564,-0.6107000000000001,-10.054353208140816,-0.6527,-20.03231200608892,-0.6787,-29.935291105144177,-0.6997000000000001,-39.68265196121428,-0.7157000000000001,-49.86857332024254
exp303,-1600mV,-0.2387,-0.5057592897017505,-0.2807,-0.9996350044846348,-0.3027000000000001,-1.4854468648582886,-0.3187000000000001,-2.011719468408082,-0.3297,-2.485647753862869,-0.3397,-3.000602667013743,-0.3477,-3.5212164253640763,-0.3547000000000001,-4.014950669016974,-0.3607000000000001,-4.527076159568118,-0.3657,-4.965636662526279,-0.3717,-5.477762153077422,-0.3766999999999999,-6.0323289826245166,-0.3806999999999999,-6.455327661284162,-0.3857,-7.008479779531392,-0.3906999999999999,-7.53899651698078,-0.3946999999999999,-8.028486626734082,-0.3986999999999999,-8.515147313887656,-0.4037,-8.997563867141633,-0.4077,-9.587498479185356,-0.4106999999999999,-9.99352062224662,-0.4737000000000001,-19.919135102099716,-0.5187,-30.02017378313608,-0.5447000000000001,-40.17780091616704,-0.5687000000000001,-50.06663290222365
exp304,-1800mV,-0.3906999999999999,-0.5017980980621284,-0.4286999999999999,-1.001615600304446,-0.4477000000000001,-1.4840321535584236,-0.4627,-1.9975723554094316,-0.4757000000000001,-2.51111255726044,-0.4857000000000001,-3.002017378313608,-0.4967,-3.4943369106666404,-0.5056999999999999,-4.006462401217783,-0.5127,-4.490293665771627,-0.5207,-4.964221951226414,-0.5277,-5.474932730477692,-0.5357,-5.968666974130589,-0.5437,-6.4864513098811925,-0.5507000000000001,-6.992917955232877,-0.5557,-7.455528550288744,-0.5617,-7.987459999037997,-0.5687000000000001,-8.444411748894403,-0.5747000000000001,-8.987660888042578,-0.5787000000000001,-9.49129811079453,-0.5847000000000001,-9.980788220547833,-0.6497,-19.904987989101063,-0.6867,-30.21823336511718,-0.7157000000000001,-39.82412309120078,-0.7367,-50.61837030917101
exp305,-1600mV,-0.2496999999999999,-0.4988272043324118,-0.2896999999999999,-0.9919955634653636,-0.3107000000000001,-1.5080822456561291,-0.3247000000000001,-1.9961576441095663,-0.3357,-2.4842330425630044,-0.3457,-3.0260674704113137,-0.3537,-3.5183870027643462,-0.3607000000000001,-4.014950669016974,-0.3666999999999999,-4.474731841473111,-0.3726999999999999,-4.9698807964258735,-0.3786999999999999,-5.503226956474993,-0.3837,-5.989887643628566,-0.3886999999999999,-6.487866021181058,-0.3937,-7.019797469930312,-0.3977,-7.462602106788069,-0.4017,-7.94360394874218,-0.4066999999999999,-8.556173941583742,-0.4106999999999999,-9.007466846240687,-0.4146999999999999,-9.560618964487915,-0.4177,-9.980788220547833,-0.4727,-19.97572355409432,-0.5087,-29.949438218142824,-0.5357,-40.12121246417244,-0.5547000000000001,-50.1656626932142
exp311,-1700mV,-0.3657,-0.4965636662526278,-0.4046999999999999,-1.0060012053340277,-0.4257000000000001,-1.4939351326574788,-0.4417000000000001,-2.0159636023076772,-0.4527,-2.4898918877624645,-0.4627,-3.000602667013743,-0.4707,-3.4773603750682605,-0.4777000000000001,-3.9767534639206183,-0.4847,-4.507270201370006,-0.4907,-5.039201650119261,-0.4956999999999999,-5.535765316371888,-0.5007,-5.9997906227276205,-0.5047,-6.446839393484972,-0.5096999999999999,-7.060824097626399,-0.5136999999999999,-7.526264115281995,-0.5176999999999999,-8.038389605833139,-0.5207,-8.482608953990761,-0.5247,-9.0555670304361,-0.5277,-9.509689357692777,-0.5307000000000001,-9.951079283250667,-0.5767000000000001,-19.93328221509837,-0.6067000000000001,-29.892849766148224,-0.6457,-40.10706535117379,-0.6507,-49.76954352925199
exp317,-1900mV,-0.4587,-0.5064666453516832,-0.4857000000000001,-1.0031717827342974,-0.5056999999999999,-1.502423400456669,-0.5247,-2.001816489309027,-0.5397,-2.4884771764625997,-0.5537,-3.006261512213203,-0.5677,-3.512728157564886,-0.5807000000000001,-4.0050476899179195,-0.5907000000000001,-4.476146552772976,-0.5997,-5.015151558021555,-0.6077,-5.552741851970269,-0.6166999999999999,-5.995546488828026,-0.6217,-6.509086690679034,-0.6286999999999999,-6.9434030597376,-0.6346999999999999,-7.456943261588608,-0.6406999999999999,-8.005851245936244,-0.6457,-8.482608953990761,-0.6497,-8.969269641144333,-0.6527,-9.47149215259642,-0.6607,-10.020400136944057,-0.7177000000000001,-20.00401778009162,-0.7496999999999999,-29.892849766148224,-0.7747,-39.71094618721158,-0.7947000000000001,-49.84027909424525
exp318,-2000mV,-0.6326999999999999,-0.4982613198124658,-0.6717000000000001,-0.9962396973649588,-0.6947,-1.505252823056399,-0.7107,-2.008890045808352,-0.7227,-2.51111255726044,-0.7327,-3.024652759111448,-0.7407,-3.5014104671659654,-0.7476999999999999,-4.009291823817514,-0.7536999999999999,-4.481805397972437,-0.7596999999999999,-5.032128093619936,-0.7647,-5.537180027671754,-0.7687,-5.97149639673032,-0.7727,-6.451083527384568,-0.7767000000000001,-6.9646237292355755,-0.7807000000000001,-7.507872868383751,-0.7837,-7.956336350440965,-0.7867000000000001,-8.433094058495483,-0.7897,-8.93531656994757,-0.7937,-9.53656887239021,-0.7967000000000001,-10.079818011538388,-0.8337,-20.07475334508487,-0.8597,-30.04846800913338,-0.8777,-39.85241731719808,-0.8946999999999999,-50.052485789224995
exp319,-1900mV,-0.6607,-0.4972710219025603,-0.6957000000000001,-1.0076988588938656,-0.7137000000000001,-1.4826174422585583,-0.7267,-1.980595819811051,-0.7367,-2.4913065990623298,-0.7447,-2.990699687914687,-0.7516999999999999,-3.5212164253640763,-0.7567,-3.9597769283222375,-0.7616999999999999,-4.46058472847446,-0.7667,-5.03071338232007,-0.7707,-5.532935893772159,-0.7736999999999999,-5.944616882032884,-0.7777,-6.545869184475525,-0.7807000000000001,-7.057994675026669,-0.7837,-7.577193722077136,-0.7857,-7.952092216541371,-0.7887000000000001,-8.55051509638428,-0.7907000000000001,-8.989075599342444,-0.7927000000000001,-9.441783215299257,-0.7947000000000001,-9.902979099055257,-0.8247000000000001,-20.046459119087572,-0.8437,-29.935291105144177,-0.8597,-40.02218267318189,-0.8737,-49.95345599823444
exp320,-1500mV,-0.0167000000000001,-0.4947245415628032,-0.2367,-1.005293849684095,-0.2587,-1.499593977856939,-0.2716999999999999,-1.982010531110916,-0.2816999999999999,-2.4842330425630044,-0.2896999999999999,-2.9836261314153627,-0.2967000000000001,-3.508484023665291,-0.3027000000000001,-4.037586049814815,-0.3077,-4.532735004767577,-0.3117,-4.971295507725738,-0.3167000000000001,-5.551327140670404,-0.3197,-5.948861015932479,-0.3237,-6.502013134179709,-0.3267000000000001,-6.947647193637194,-0.3307000000000001,-7.560217186478756,-0.3337,-8.063854409230709,-0.3357,-8.4203616567967,-0.3387000000000001,-8.943804837746763,-0.3417,-9.481395131695477,-0.3447000000000001,-10.089720990637442,-0.3846999999999999,-19.93328221509837,-0.4157,-30.161644913122583,-0.4397000000000001,-39.85241731719808,-0.4617000000000001,-49.9110146592385
exp321,-1900mV,-0.6647,-0.5012322135421824,-0.6987,-0.9976544086648236,-0.7167,-1.506667534356264,-0.7287,-2.001816489309027,-0.7376999999999999,-2.5012095781613843,-0.7447,-2.996358533114148,-0.7507,-3.536778249662592,-0.7556999999999999,-4.04748902891387,-0.7596999999999999,-4.525661448268252,-0.7636999999999999,-5.046275206618586,-0.7667,-5.4947386886758025,-0.7696999999999999,-5.984228798429105,-0.7727,-6.55011331837512,-0.7747,-6.927841235439085,-0.7777,-7.553143629979432,-0.7797,-8.000192400736783,-0.7817,-8.484023665290625,-0.7837,-8.990490310642308,-0.7857,-9.522421759391564,-0.7877,-10.058597342040413,-0.8137,-20.01816489309027,-0.8317,-29.935291105144177,-0.8467000000000001,-39.79582886520348,-0.8607000000000001,-49.93930888523579
exp322,-1600mV,-0.2357000000000001,-0.5013736846721689,-0.2827,-0.9948249860650936,-0.3056999999999999,-1.512326379555724,-0.3207000000000001,-2.013134179707947,-0.3317,-2.4955507329619246,-0.3407000000000001,-2.9793819975157674,-0.3487000000000001,-3.4844339315675854,-0.3557,-3.9909005769192687,-0.3617,-4.473317130173245,-0.3677,-4.995345599823445,-0.3726999999999999,-5.466444462678503,-0.3777,-5.9601787063314,-0.3826999999999999,-6.492110155080653,-0.3877,-7.039603428128422,-0.3917,-7.503628734484154,-0.3957,-7.998777689436918,-0.3997,-8.481194242690894,-0.4037,-8.996149155841769,-0.4077,-9.530910027190751,-0.4106999999999999,-9.962396973649588,-0.4667,-19.947429328097016,-0.5047,-29.921143992145527,-0.5337,-39.90900576919269,-0.5577,-50.094927128220945
exp323,-1500mV,-0.0297,-0.5493323977375938,-0.0347000000000001,-1.0184506647728395,-0.0417,-1.5165705134553191,-0.0507000000000001,-1.993328221509837,-0.0667000000000002,-2.504039000761115,-0.0947000000000002,-3.004846800913338,-0.0067000000000001,3.5014104671659654,-0.1487,-4.007877112517649,-0.1657000000000001,-4.4973672222709515,-0.1817000000000002,-5.015151558021555,-0.1946999999999999,-5.484835709576747,-0.2077000000000001,-5.995546488828026,-0.2207,-6.518989669778089,-0.2327,-6.992917955232877,-0.2456999999999999,-7.489481621485504,-0.2616999999999999,-8.001607112036647,-0.2776999999999999,-8.508073757388331,-0.2916999999999999,-8.984831465442848,-0.3027000000000001,-9.49129811079453,-0.3107000000000001,-10.017570714344323,-0.3686999999999999,-19.876693763103766,-0.3986999999999999,-29.864555540150924,-0.4237000000000001,-40.163653803168394,-0.4437000000000001,-49.79783775524929
exp324,-1600mV,-0.2847,-0.501090742412196,-0.3187000000000001,-0.9905808521654984,-0.3397,-1.502423400456669,-0.3547000000000001,-2.001816489309027,-0.3666999999999999,-2.51111255726044,-0.3766999999999999,-3.0189939139119883,-0.3846999999999999,-3.4816045089678553,-0.3926999999999999,-4.000803556018323,-0.3997,-4.493123088371357,-0.4066999999999999,-5.0292986710202054,-0.4126999999999999,-5.508885801674452,-0.4186999999999999,-6.0323289826245166,-0.4237000000000001,-6.483621887281464,-0.4286999999999999,-6.950476616236925,-0.4337000000000001,-7.456943261588608,-0.4387,-7.9690687521397505,-0.4437000000000001,-8.51373260258779,-0.4477000000000001,-8.967854929844465,-0.4527,-9.547886562789133,-0.4567,-10.06142676464014,-0.5116999999999999,-20.117194684080825,-0.5427000000000001,-30.06261512213203,-0.5647000000000001,-39.73924041320888,-0.5837,-49.95345599823444
exp325,-1700mV,-0.4637000000000001,-0.4976954352925198,-0.5056999999999999,-0.9932688036352422,-0.5207,-1.4911057100577487,-0.5307000000000001,-1.9989870667092968,-0.5387000000000001,-2.512527268560305,-0.5447000000000001,-2.9624054619173865,-0.5507000000000001,-3.4844339315675854,-0.5557,-3.9767534639206183,-0.5607000000000001,-4.553955674265553,-0.5637,-4.947245415628033,-0.5677,-5.5272770485726985,-0.5707000000000001,-6.0323289826245166,-0.5737,-6.586895812171611,-0.5757,-6.975941419634496,-0.5777,-7.396110675694412,-0.5807000000000001,-8.055366141431518,-0.5827000000000001,-8.532123849486036,-0.5847000000000001,-9.037175783537856,-0.5867000000000001,-9.55496011928846,-0.5887000000000001,-10.069915032439331,-0.6206999999999999,-20.03231200608892,-0.6457,-30.06261512213203,-0.6657000000000001,-39.76753463920618,-0.6857000000000001,-50.0807800152223
exp326,-1900mV,-0.5737,-0.4952904260827492,-0.6037,-0.9996350044846348,-0.6246999999999999,-1.5151558021554543,-0.6397,-1.9989870667092968,-0.6527,-2.515356691160035,-0.6627,-2.997773244414013,-0.6717000000000001,-3.499995755866101,-0.6797000000000001,-4.01636538031684,-0.6867,-4.521417314368658,-0.6927,-4.99958973372304,-0.6987,-5.540009450271484,-0.7037000000000001,-6.039402539123842,-0.7077000000000001,-6.465230640383218,-0.7127,-7.050921118527342,-0.7157000000000001,-7.431478458191038,-0.7197000000000001,-7.9690687521397505,-0.7237000000000001,-8.536367983385631,-0.7267,-9.017369825339744,-0.7297000000000001,-9.518177625491967,-0.7327,-10.007667735245269,-0.7707,-20.00401778009162,-0.7937,-30.204086252118536,-0.8107000000000001,-39.95144710818864,-0.8257,-49.75539641625335
exp327,-1700mV,-0.3437,-0.4985442620724389,-0.3777,-0.9996350044846348,-0.3986999999999999,-1.499593977856939,-0.4146999999999999,-1.993328221509837,-0.4286999999999999,-2.518186113759765,-0.4397000000000001,-2.9836261314153627,-0.4507,-3.4872633541673155,-0.4607,-4.002218267318188,-0.4697000000000001,-4.491708377071491,-0.4777000000000001,-4.972710219025604,-0.4857000000000001,-5.482006286977017,-0.4927,-5.9729111080301855,-0.4996999999999999,-6.4864513098811925,-0.5067,-7.038188716828557,-0.5127,-7.53899651698078,-0.5176999999999999,-7.995948266837187,-0.5227,-8.481194242690894,-0.5277,-8.996149155841769,-0.5327000000000001,-9.557789541888187,-0.5367000000000001,-10.007667735245269,-0.5917,-19.919135102099716,-0.6246999999999999,-29.892849766148224,-0.6497,-40.05047689917919,-0.6747,-50.010044450229046
exp328,-1600mV,-0.2516999999999999,-0.5015151558021554,-0.3047000000000001,-1.006142676464014,-0.3257,-1.499593977856939,-0.3397,-1.9890840876102416,-0.3507000000000001,-2.5012095781613843,-0.3597,-3.0189939139119883,-0.3666999999999999,-3.499995755866101,-0.3726999999999999,-3.965435773521698,-0.3786999999999999,-4.4846348205721664,-0.3837,-4.958563106026954,-0.3886999999999999,-5.473518019177827,-0.3937,-6.033743693924381,-0.3977,-6.504842556779439,-0.4017,-6.998576800432337,-0.4057,-7.514946424883075,-0.4097,-8.059610275331114,-0.4126999999999999,-8.48543837659049,-0.4166999999999999,-9.06971414343475,-0.4197000000000001,-9.523836470691428,-0.4226999999999999,-9.979373509247967,-0.4767,-19.890840876102416,-0.5196999999999999,-29.977732444140123,-0.5547000000000001,-39.86656443019674,-0.5847000000000001,-49.89686754623985
exp329,-1500mV,-0.1537000000000001,-0.4995345599823444,-0.2157000000000001,-1.0071329743739197,-0.2376999999999999,-1.5038381117565338,-0.2516999999999999,-2.004645911908757,-0.2616999999999999,-2.4771594860636794,-0.2707,-3.003432089613473,-0.2776999999999999,-3.4702868185689346,-0.2847,-4.020609514216435,-0.2907,-4.544052695166498,-0.2956999999999999,-5.017980980621284,-0.3007000000000001,-5.532935893772159,-0.3047000000000001,-5.968666974130589,-0.3097,-6.54162505057593,-0.3137,-7.035359294228828,-0.3177,-7.555973052579161,-0.3207000000000001,-7.937945103542721,-0.3247000000000001,-8.498170778289277,-0.3287000000000001,-9.06405529823529,-0.3317,-9.516762914192102,-0.3347000000000001,-9.958152839749992,-0.3866999999999999,-19.961576441095666,-0.4237000000000001,-29.878702653149578,-0.4537000000000001,-39.90900576919269,-0.4787,-50.1373684672169
exp330,-1800mV,-0.5277,-0.5032128093619935,-0.5637,-0.9986447065747294,-0.5817,-1.4896909987578837,-0.5937,-1.980595819811051,-0.6027000000000001,-2.4743300634639493,-0.6107000000000001,-3.0274821817111786,-0.6166999999999999,-3.5268752705635364,-0.6217,-4.0121212464172435,-0.6257,-4.45209646067527,-0.6306999999999999,-5.057592897017507,-0.6337,-5.465029751378637,-0.6377,-6.0592084973219515,-0.6406999999999999,-6.528892648877145,-0.6437,-7.046676984627748,-0.6457,-7.414501922592657,-0.6486999999999999,-7.995948266837187,-0.6507,-8.407629255097913,-0.6537000000000001,-9.045664051337043,-0.6557000000000001,-9.49695695599399,-0.6577000000000001,-9.9822029318477,-0.6877000000000001,-19.791811085111863,-0.7087,-30.03432089613473,-0.7247,-39.71094618721158,-0.7396999999999999,-49.85442620724389
exp331,-1900mV,-0.6657000000000001,-0.5001004445022904,-0.7037000000000001,-0.9908637944254716,-0.7227,-1.510911668255859,-0.7347,-1.9947429328097015,-0.7436999999999999,-2.5196008250596305,-0.7507,-3.0232380478115832,-0.7556999999999999,-3.4900927767670455,-0.7607,-3.9809975978202137,-0.7647,-4.442193481576215,-0.7687,-4.976954352925199,-0.7727,-5.562644831069325,-0.7757,-6.053549652122491,-0.7787000000000001,-6.5769928330725556,-0.7807000000000001,-6.9575501727362505,-0.7837,-7.5418259395805105,-0.7857,-7.984630576438266,-0.7877,-8.410458677697642,-0.7897,-8.914095900449595,-0.7917,-9.385194763304654,-0.7937,-9.931273325052558,-0.8217,-19.805958198110513,-0.8417,-29.935291105144177,-0.8577,-39.71094618721158,-0.8726999999999999,-49.967603111233096
exp332,-1400mV,-0.0197,-0.4988272043324118,-0.1307,-1.0003423601345676,-0.1587,-1.4911057100577487,-0.1747,-2.0004017780091616,-0.1857000000000002,-2.5012095781613843,-0.1937000000000001,-2.968064307116847,-0.2007,-3.4617985507697444,-0.2067,-3.958362217022373,-0.2127,-4.531320293467712,-0.2167,-4.958563106026954,-0.2217000000000001,-5.548497718070673,-0.2247,-5.94320217073302,-0.2287,-6.490695443780789,-0.2317000000000001,-6.939158925838006,-0.2357000000000001,-7.57294958817754,-0.2376999999999999,-7.91530972274488,-0.2407,-8.447241171494134,-0.2436999999999999,-9.014540402740012,-0.2456999999999999,-9.39509774240371,-0.2487,-10.01615600304446,-0.2847,-20.14548891007812,-0.3087000000000001,-29.878702653149578,-0.3287000000000001,-39.80997597820213,-0.3467000000000001,-50.094927128220945
exp333,-1900mV,-0.4797000000000001,-0.4965636662526278,-0.5307000000000001,-0.9962396973649588,-0.5607000000000001,-1.510911668255859,-0.5807000000000001,-2.001816489309027,-0.5957,-2.4870624651627344,-0.6087000000000001,-3.010505646112798,-0.6186999999999999,-3.502825178465831,-0.6277,-4.003632978618054,-0.6357,-4.511514335269602,-0.6426999999999999,-5.023639825820745,-0.6486999999999999,-5.510300512974317,-0.6537000000000001,-5.955934572431804,-0.6597000000000001,-6.54445447317566,-0.6637000000000001,-6.960379595335981,-0.6687,-7.489481621485504,-0.6737000000000001,-8.0440484510326,-0.6777000000000001,-8.526465004286575,-0.6817000000000001,-9.04141991743745,-0.6857000000000001,-9.547886562789133,-0.6887,-9.959567551049858,-0.7447,-20.01816489309027,-0.7847000000000001,-29.977732444140123,-0.8167000000000001,-40.12121246417244,-0.8437,-50.15151558021555
exp334,-2000mV,-0.6877000000000001,-0.5005248578922499,-0.7217000000000001,-1.008972099063744,-0.7387,-1.498179266557074,-0.7507,-1.9975723554094316,-0.7596999999999999,-2.51111255726044,-0.7667,-3.0402145834099636,-0.7716999999999999,-3.4561397055702843,-0.7767000000000001,-3.968265196121428,-0.7817,-4.556785096865283,-0.7847000000000001,-4.954318972127359,-0.7887000000000001,-5.532935893772159,-0.7917,-6.011108313126541,-0.7947000000000001,-6.528892648877145,-0.7967000000000001,-6.9052058546412445,-0.7997,-7.5092875796836145,-0.8017,-7.933700969643125,-0.8037,-8.383579163000208,-0.8067000000000001,-9.096593658132186,-0.8087000000000001,-9.607304437383464,-0.8097,-9.877514295657685,-0.8377,-20.00401778009162,-0.8567000000000001,-29.878702653149578,-0.8726999999999999,-39.85241731719808,-0.8877,-50.20810403221015
exp335,-1400mV,-0.1247,-0.503071338232007,-0.1647,-0.9928443902452826,-0.1847000000000001,-1.499593977856939,-0.1977000000000001,-1.9904987989101068,-0.2077000000000001,-2.4884771764625997,-0.2157000000000001,-2.9836261314153627,-0.2227,-3.4717015298688,-0.2287,-3.9597769283222375,-0.2347,-4.511514335269602,-0.2396999999999999,-5.02505453712061,-0.2436999999999999,-5.473518019177827,-0.2476999999999999,-5.950275727232344,-0.2516999999999999,-6.468060062982947,-0.2556999999999999,-7.021212181230177,-0.2587,-7.461187395488204,-0.2627,-8.07800152222936,-0.2656999999999999,-8.577394611081719,-0.2676999999999999,-8.918340034349193,-0.2707,-9.44602734919885,-0.2736999999999999,-10.01332658044473,-0.3137,-20.07475334508487,-0.3407000000000001,-29.864555540150924,-0.3637,-40.06462401217784,-0.3837,-50.20810403221015
exp336,-1900mV,-0.5397,-0.5012322135421824,-0.5877,-0.9965226396249316,-0.6177,-1.506667534356264,-0.6377,-2.0032312006088917,-0.6527,-2.504039000761115,-0.6647,-3.0161644913122583,-0.6737000000000001,-3.4816045089678553,-0.6817000000000001,-3.969679907421293,-0.6897000000000001,-4.534149716067443,-0.6957000000000001,-5.020810403221016,-0.7017000000000001,-5.547083006770809,-0.7067,-6.0464760956231665,-0.7107,-6.476548330782138,-0.7147,-6.949061904937061,-0.7187,-7.473919797186989,-0.7227,-8.005851245936244,-0.7257000000000001,-8.444411748894403,-0.7297000000000001,-9.06971414343475,-0.7327,-9.540813006289808,-0.7357000000000001,-10.07557387763879,-0.7757,-20.03231200608892,-0.8027000000000001,-30.21823336511718,-0.8237,-40.220242255162994,-0.8417,-49.86857332024254
exp337,-1800mV,-0.4527,-0.502505453712061,-0.4857000000000001,-1.00953798358369,-0.5016999999999999,-1.498179266557074,-0.5136999999999999,-1.9904987989101068,-0.5236999999999999,-2.49696544426179,-0.5327000000000001,-3.0303116043109086,-0.5397,-3.499995755866101,-0.5467000000000001,-4.0220242255163,-0.5527000000000001,-4.512929046569467,-0.5577,-4.9571483947270885,-0.5637,-5.521618203373238,-0.5687000000000001,-6.0323289826245166,-0.5727000000000001,-6.452498238684432,-0.5777,-7.014138624730852,-0.5817,-7.492311044085233,-0.5857,-7.976142308639078,-0.5897,-8.486853087890356,-0.5937,-9.014540402740012,-0.5977,-9.562033675787784,-0.6007000000000001,-9.99069119964689,-0.6557000000000001,-19.904987989101063,-0.6957000000000001,-30.03432089613473,-0.7267,-40.06462401217784,-0.7516999999999999,-49.84027909424525
exp338,-2000mV,-0.5787000000000001,-0.4992516177223714,-0.6246999999999999,-0.999352062224662,-0.6537000000000001,-1.502423400456669,-0.6737000000000001,-1.9961576441095663,-0.6897000000000001,-2.4983801555616547,-0.7027,-3.002017378313608,-0.7137000000000001,-3.5282899818634013,-0.7217000000000001,-3.992315288219133,-0.7307,-4.524246736968387,-0.7376999999999999,-5.040616361419126,-0.7436999999999999,-5.496153399975667,-0.7487,-5.955934572431804,-0.7547,-6.511916113278764,-0.7596999999999999,-7.035359294228828,-0.7636999999999999,-7.471090374587258,-0.7687,-8.034145471933543,-0.7727,-8.554759230283878,-0.7757,-8.970684352444197,-0.7797,-9.515348202892236,-0.7827000000000001,-9.952493994550531,-0.8327000000000001,-20.14548891007812,-0.8646999999999999,-29.836261314153624,-0.8917,-40.14950669016974,-0.9137,-50.23639825820745
exp339,-1700mV,-0.2687,-0.5003833867622635,-0.3137,-1.0040206095142166,-0.3347000000000001,-1.4953498439573436,-0.3497,-2.0032312006088917,-0.3617,-2.5238449589592253,-0.3706999999999999,-2.989284976614823,-0.3797,-3.525460559263671,-0.3866999999999999,-3.985241731719809,-0.3937,-4.494537799671222,-0.4006999999999999,-5.03637222751953,-0.4066999999999999,-5.532935893772159,-0.4117,-5.98281408712924,-0.4177,-6.527477937577279,-0.4226999999999999,-7.024041603829907,-0.4277000000000001,-7.516361136182939,-0.4327,-8.038389605833139,-0.4367,-8.46846184099211,-0.4417000000000001,-9.028687515738664,-0.4457000000000001,-9.484224554295206,-0.4497000000000001,-9.956738128450128,-0.5187,-20.08890045808352,-0.5647000000000001,-29.892849766148224,-0.5977,-40.02218267318189,-0.6217,-50.038338676226346
exp340,-1700mV,-0.3217,-0.4986857332024254,-0.3587000000000001,-1.003313253864284,-0.3806999999999999,-1.498179266557074,-0.3966999999999999,-1.9862546650105113,-0.4097,-2.4898918877624645,-0.4206999999999999,-2.999187955713878,-0.4297000000000001,-3.4915074880669104,-0.4377000000000001,-3.995144710818863,-0.4447,-4.494537799671222,-0.4507,-4.978369064225063,-0.4567,-5.506056379074723,-0.4617000000000001,-5.98281408712924,-0.4667,-6.499183711579978,-0.4717000000000001,-7.046676984627748,-0.4757000000000001,-7.529093537881726,-0.4797000000000001,-8.005851245936244,-0.4837000000000001,-8.52505029298671,-0.4876999999999999,-9.04707876263691,-0.4907,-9.447442060498714,-0.4947,-10.006253023945405,-0.5587000000000001,-20.01816489309027,-0.6107000000000001,-30.02017378313608,-0.6497,-40.06462401217784,-0.6857000000000001,-50.038338676226346
exp341,-1900mV,-0.6647,-0.505617818571764,-0.6927,-0.9986447065747294,-0.7077000000000001,-1.4840321535584236,-0.7177000000000001,-1.9904987989101068,-0.7257000000000001,-2.51111255726044,-0.7317000000000001,-2.989284976614823,-0.7367,-3.4617985507697444,-0.7416999999999999,-4.013535957717109,-0.7456999999999999,-4.520002603068792,-0.7487,-4.941586570428573,-0.7527,-5.556985985869864,-0.7556999999999999,-6.066282053821277,-0.7576999999999999,-6.431277569186457,-0.7607,-7.022626892530043,-0.7627,-7.4427961485899585,-0.7647,-7.885600785447715,-0.7676999999999999,-8.597200569279828,-0.7696999999999999,-9.10083779203178,-0.7716999999999999,-9.625695684281707,-0.7727,-9.895905542555932,-0.8007000000000001,-20.14548891007812,-0.8197,-30.21823336511718,-0.8347000000000001,-39.76753463920618,-0.8497,-50.2788395972034
exp342,-1700mV,-0.3167000000000001,-0.4958563106026953,-0.3547000000000001,-0.9907223232954852,-0.3766999999999999,-1.4911057100577487,-0.3926999999999999,-1.993328221509837,-0.4057,-2.509697845960575,-0.4157,-3.000602667013743,-0.4237000000000001,-3.473116241168665,-0.4317000000000001,-4.029097782015624,-0.4377000000000001,-4.524246736968387,-0.4427,-4.9896867546239845,-0.4477000000000001,-5.523032914673103,-0.4517000000000001,-5.975740530629915,-0.4557000000000001,-6.468060062982947,-0.4597000000000001,-7.011309202131122,-0.4627,-7.430063746891172,-0.4667,-8.011510091135703,-0.4697000000000001,-8.48543837659049,-0.4727,-8.983416754142983,-0.4757000000000001,-9.484224554295206,-0.4787,-9.989276488347024,-0.5236999999999999,-20.14548891007812,-0.5547000000000001,-30.00602667013743,-0.5787000000000001,-39.93729999518999,-0.5987000000000001,-50.052485789224995
exp343,-1600mV,-0.2147,-0.4972710219025603,-0.2636999999999999,-1.002181484824392,-0.2847,-1.5038381117565338,-0.2987000000000001,-1.9862546650105113,-0.3087000000000001,-2.4898918877624645,-0.3187000000000001,-3.0161644913122583,-0.3257,-3.550925362661242,-0.3317,-3.969679907421293,-0.3377,-4.524246736968387,-0.3427000000000001,-4.991101465923849,-0.3467000000000001,-5.463615040078771,-0.3517,-5.98564350972897,-0.3567000000000001,-6.514745535878494,-0.3597,-7.059409386326533,-0.3637,-7.49655517798483,-0.3677,-8.049707296232057,-0.3706999999999999,-8.591541724080368,-0.3737,-8.963610795944874,-0.3777,-9.535154161090349,-0.3806999999999999,-10.102453392336226,-0.4317000000000001,-20.06060623208622,-0.4677000000000001,-29.96358533114148,-0.4976999999999999,-39.79582886520348,-0.5236999999999999,-50.30713382320071
exp344,-1900mV,-0.4747,-0.5020810403221014,-0.5127,-0.9921370345953502,-0.5357,-1.4925204213576138,-0.5527000000000001,-1.9961576441095663,-0.5667000000000001,-2.518186113759765,-0.5777,-3.0076762235130676,-0.5877,-3.515557580164616,-0.5957,-3.9725093300210226,-0.6037,-4.474731841473111,-0.6117,-5.02505453712061,-0.6177,-5.479176864377286,-0.6246999999999999,-6.036573116524112,-0.6297,-6.463815929083352,-0.6357,-7.015553336030716,-0.6406999999999999,-7.4937257553851,-0.6457,-7.998777689436918,-0.6507,-8.52787971558644,-0.6547,-8.95795195074541,-0.6597000000000001,-9.53656887239021,-0.6637000000000001,-10.01615600304446,-0.7277000000000001,-20.06060623208622,-0.7716999999999999,-30.09090934812933,-0.8057,-40.092918238175145,-0.8337,-50.1656626932142
exp345,-1900mV,-0.6226999999999999,-0.5043445784018855,-0.6547,-1.009820925843663,-0.6727,-1.5080822456561291,-0.6857000000000001,-2.0159636023076772,-0.6957000000000001,-2.5210155363594953,-0.7037000000000001,-3.010505646112798,-0.7107,-3.508484023665291,-0.7167,-3.999388844718459,-0.7217000000000001,-4.456340594574866,-0.7267,-4.961392528626684,-0.7317000000000001,-5.5145446468739125,-0.7357000000000001,-5.9997906227276205,-0.7396999999999999,-6.523233803677684,-0.7427,-6.93774421453814,-0.7467,-7.53333767178132,-0.7496999999999999,-8.004436534636376,-0.7527,-8.498170778289277,-0.7556999999999999,-9.028687515738664,-0.7587,-9.577595500086298,-0.7607,-9.963811684949455,-0.7987000000000001,-19.919135102099716,-0.8247000000000001,-30.04846800913338,-0.8457,-40.17780091616704,-0.8637,-50.20810403221015
exp346,-2000mV,-0.6797000000000001,-0.4950074838227763,-0.7117000000000001,-0.9968055818849048,-0.7297000000000001,-1.4953498439573436,-0.7427,-2.0060606232086218,-0.7527,-2.5139419798601703,-0.7607,-3.0076762235130676,-0.7676999999999999,-3.5169722914644814,-0.7736999999999999,-4.014950669016974,-0.7787000000000001,-4.4846348205721664,-0.7837,-5.002419156322769,-0.7877,-5.453712060979717,-0.7917,-5.941787459433154,-0.7957,-6.469474774282813,-0.7997,-7.048091695927613,-0.8027000000000001,-7.50221402318429,-0.8057,-7.991704132937592,-0.8087000000000001,-8.508073757388331,-0.8117,-9.0555670304361,-0.8137,-9.43753908139966,-0.8167000000000001,-10.03313253864284,-0.8527000000000001,-20.08890045808352,-0.8757,-29.864555540150924,-0.8946999999999999,-39.92315288219133,-0.9107,-49.68466085126009
exp347,-2000mV,-0.6747,-0.5005248578922499,-0.7037000000000001,-1.005010907424122,-0.7197000000000001,-1.5151558021554543,-0.7307,-2.017378313607542,-0.7387,-2.4884771764625997,-0.7456999999999999,-2.9864555540150928,-0.7516999999999999,-3.4886780654671803,-0.7567,-3.9668504848215624,-0.7616999999999999,-4.503026067470412,-0.7656999999999999,-4.978369064225063,-0.7696999999999999,-5.496153399975667,-0.7736999999999999,-6.060623208621817,-0.7767000000000001,-6.513330824578629,-0.7797,-6.995747377832608,-0.7827000000000001,-7.512117002283345,-0.7857,-8.049707296232057,-0.7877,-8.427435213296024,-0.7907000000000001,-9.020199247939471,-0.7927000000000001,-9.433294947500064,-0.7957,-10.078403300238522,-0.8297,-19.834252424107817,-0.8557,-30.161644913122583,-0.8766999999999999,-40.163653803168394,-0.8946999999999999,-49.925161772237146
exp348,-1900mV,-0.6357,-0.4978369064225064,-0.6727,-1.0026058982143515,-0.6917000000000001,-1.502423400456669,-0.7047,-2.020207736207272,-0.7137000000000001,-2.504039000761115,-0.7207,-2.965234884517117,-0.7277000000000001,-3.533948827062862,-0.7327,-4.009291823817514,-0.7376999999999999,-4.556785096865283,-0.7416999999999999,-5.050519340518181,-0.7447,-5.469273885278232,-0.7476999999999999,-5.921981501235043,-0.7507,-6.414301033588076,-0.7536999999999999,-6.954720750136521,-0.7567,-7.5418259395805105,-0.7587,-7.960580484340561,-0.7607,-8.40904396639778,-0.7636999999999999,-9.11781432763016,-0.7647,-9.376706495505465,-0.7667,-9.897320253855796,-0.7937,-20.03231200608892,-0.8117,-30.260674704113132,-0.8257,-39.78168175220483,-0.8387000000000001,-49.69880796425874
exp349,-1400mV,0.0082999999999999,-0.5167940378406979,-0.0027000000000001,-0.9992105910946756,-0.0837000000000001,-1.502423400456669,-0.1617000000000001,-2.0032312006088917,-0.1847000000000001,-2.4927213103621946,-0.1997000000000001,-3.000602667013743,-0.2097000000000001,-3.4787750863681253,-0.2187,-4.023438936816164,-0.2257000000000001,-4.512929046569467,-0.2317000000000001,-5.02505453712061,-0.2367,-5.490494554776207,-0.2407,-5.948861015932479,-0.2456999999999999,-6.513330824578629,-0.2496999999999999,-7.049506407227478,-0.2527,-7.49089633278537,-0.2556999999999999,-7.947848082641776,-0.2596999999999999,-8.557588652883606,-0.2616999999999999,-8.950878394246088,-0.2647,-9.495542244694128,-0.2676999999999999,-10.065670898539736,-0.3036999999999999,-19.890840876102416,-0.3287000000000001,-30.11920357412663,-0.3487000000000001,-40.06462401217784,-0.3666999999999999,-50.0807800152223
exp350,-1700mV,-0.2696999999999999,-0.501090742412196,-0.3287000000000001,-1.005010907424122,-0.3567000000000001,-1.499593977856939,-0.3766999999999999,-1.993328221509837,-0.3926999999999999,-2.49696544426179,-0.4066999999999999,-2.999187955713878,-0.4197000000000001,-3.515557580164616,-0.4306999999999999,-3.9838270204199433,-0.4417000000000001,-4.478975975372705,-0.4527,-5.00807800152223,-0.4627,-5.513129935574048,-0.4717000000000001,-5.987058221028835,-0.4807,-6.493524866380518,-0.4887,-6.981600264833956,-0.4967,-7.49089633278537,-0.5036999999999999,-7.973312886039348,-0.5107,-8.482608953990761,-0.5176999999999999,-9.006052134940823,-0.5236999999999999,-9.523836470691428,-0.5287000000000001,-9.958152839749992,-0.5967000000000001,-20.13134179707947,-0.6277,-29.80796708815632,-0.6497,-39.80997597820213,-0.6667,-50.052485789224995
exp351,-1800mV,-0.6087000000000001,-0.5059007608317371,-0.6317,-0.9891661408656336,-0.6457,-1.5151558021554543,-0.6547,-2.0004017780091616,-0.6617000000000001,-2.4828183312631396,-0.6677000000000001,-2.9878702653149576,-0.6727,-3.4900927767670455,-0.6777000000000001,-4.060221430612655,-0.6807,-4.459170017174596,-0.6847,-5.0335428049198,-0.6877000000000001,-5.5018122451751275,-0.6907,-6.015352447026135,-0.6937000000000001,-6.585481100871745,-0.6957000000000001,-6.984429687433686,-0.6977000000000001,-7.403184232193737,-0.7007,-8.058195564031248,-0.7027,-8.529294426886306,-0.7047,-9.03293164963826,-0.7067,-9.577595500086298,-0.7087,-10.133577040933258,-0.7347,-19.791811085111863,-0.7536999999999999,-29.708937297165768,-0.7696999999999999,-40.26268359415894,-0.7827000000000001,-49.81198486824794
exp352,-1900mV,-0.5887000000000001,-0.4995345599823444,-0.6266999999999999,-1.0048694362941355,-0.6477,-1.4911057100577487,-0.6637000000000001,-2.014548891007812,-0.6747,-2.4799889086634095,-0.6847,-2.996358533114148,-0.6927,-3.4844339315675854,-0.6997000000000001,-3.9767534639206183,-0.7067,-4.5369791386671725,-0.7117000000000001,-4.9840279094245235,-0.7167,-5.472103307877963,-0.7217000000000001,-6.016767158326001,-0.7257000000000001,-6.475133619482273,-0.7297000000000001,-6.975941419634496,-0.7337000000000001,-7.51919055878267,-0.7367,-7.949262793941642,-0.7407,-8.551929807684147,-0.7436999999999999,-9.040005206137584,-0.7467,-9.549301274088998,-0.7496999999999999,-10.08406214543798,-0.7887000000000001,-19.862546650105116,-0.8157,-30.11920357412663,-0.8367000000000001,-40.12121246417244,-0.8547000000000001,-49.93930888523579
exp353,-1700mV,-0.4057,-0.5001004445022904,-0.4457000000000001,-0.9932688036352422,-0.4657000000000001,-1.4868615761581534,-0.4797000000000001,-2.007475334508487,-0.4896999999999999,-2.49979486686152,-0.4976999999999999,-2.975137863616172,-0.5056999999999999,-3.5381929609624567,-0.5116999999999999,-4.024853648116029,-0.5167,-4.476146552772976,-0.5216999999999999,-4.979783775524929,-0.5267000000000001,-5.531521182472294,-0.5307000000000001,-6.016767158326001,-0.5347000000000001,-6.53596620537647,-0.5377,-6.95189132753679,-0.5417,-7.553143629979432,-0.5447000000000001,-8.045463162332464,-0.5477,-8.563247498083067,-0.5497,-8.916925323049327,-0.5527000000000001,-9.47715099779588,-0.5557,-10.07274445503906,-0.5907000000000001,-20.159636023076775,-0.6126999999999999,-29.878702653149578,-0.6306999999999999,-39.96559422118728,-0.6466999999999999,-50.30713382320071
exp354,-1600mV,-0.2227,-0.50335428049198,-0.2636999999999999,-1.004445022904176,-0.2847,-1.4967645552572086,-0.2996999999999999,-2.001816489309027,-0.3107000000000001,-2.4927213103621946,-0.3197,-2.9793819975157674,-0.3277,-3.492922199366775,-0.3347000000000001,-4.003632978618054,-0.3407000000000001,-4.488878954471762,-0.3467000000000001,-5.01373684672169,-0.3517,-5.491909266076072,-0.3567000000000001,-5.99696120012789,-0.3617,-6.53030736017701,-0.3657,-6.973111997034766,-0.3706999999999999,-7.555973052579161,-0.3746999999999999,-8.018583647635028,-0.3786999999999999,-8.509488468688197,-0.3826999999999999,-9.01878453663961,-0.3866999999999999,-9.542227717589672,-0.3897,-9.939761592851749,-0.4507,-19.961576441095666,-0.4947,-30.10505646112798,-0.5247,-39.96559422118728,-0.5487000000000001,-49.86857332024254
exp355,-1700mV,-0.2856999999999999,-0.4998175022423174,-0.3307000000000001,-1.0013326580444728,-0.3527000000000001,-1.4925204213576138,-0.3686999999999999,-2.0103047571082175,-0.3806999999999999,-2.5210155363594953,-0.3897,-2.9935291105144173,-0.3977,-3.4844339315675854,-0.4046999999999999,-3.982412309120079,-0.4117,-4.539808561266903,-0.4166999999999999,-4.978369064225063,-0.4217000000000001,-5.463615040078771,-0.4266999999999999,-5.958763995031535,-0.4317000000000001,-6.503427845479574,-0.4357000000000001,-6.963209017935711,-0.4407,-7.548899496079835,-0.4447,-8.049707296232057,-0.4477000000000001,-8.438752903694944,-0.4517000000000001,-8.969269641144333,-0.4557000000000001,-9.508274646392913,-0.4587,-9.944005726751344,-0.5127,-19.919135102099716,-0.5477,-29.878702653149578,-0.5727000000000001,-40.092918238175145,-0.5917,-50.12322135421825
exp356,-1800mV,-0.5236999999999999,-0.5015151558021554,-0.5557,-0.9890246697356472,-0.5737,-1.506667534356264,-0.5857,-2.013134179707947,-0.5947000000000001,-2.50828313466071,-0.6017,-2.9793819975157674,-0.6077,-3.4575544168701495,-0.6137,-4.01070653511738,-0.6186999999999999,-4.535564427367307,-0.6226999999999999,-5.001004445022905,-0.6266999999999999,-5.520203492073373,-0.6297,-5.9347139029338285,-0.6337,-6.540210339276065,-0.6366999999999999,-7.024041603829907,-0.6397,-7.548899496079835,-0.6417,-7.916724434044746,-0.6446999999999999,-8.48543837659049,-0.6466999999999999,-8.90419292135054,-0.6497,-9.540813006289808,-0.6517000000000001,-9.99917946744608,-0.6827,-19.919135102099716,-0.7027,-30.00602667013743,-0.7177000000000001,-39.696799074212926,-0.7307,-49.71295507725739
exp357,-1700mV,-0.3127000000000001,-0.5023639825820745,-0.3497,-0.9935517458952152,-0.3726999999999999,-1.505252823056399,-0.3886999999999999,-1.9919135102099716,-0.4017,-2.4955507329619246,-0.4126999999999999,-3.0204086252118536,-0.4217000000000001,-3.5268752705635364,-0.4286999999999999,-3.975338752620753,-0.4357000000000001,-4.481805397972437,-0.4417000000000001,-4.968466085126009,-0.4477000000000001,-5.504641667774858,-0.4527,-5.99696120012789,-0.4577000000000001,-6.5317220714768744,-0.4617000000000001,-6.9915032439330105,-0.4657000000000001,-7.464016818087933,-0.4697000000000001,-7.9747275973392115,-0.4737000000000001,-8.509488468688197,-0.4777000000000001,-9.062640586935425,-0.4807,-9.50544522379318,-0.4837000000000001,-9.951079283250667,-0.5397,-19.904987989101063,-0.5857,-30.06261512213203,-0.6197,-40.06462401217784,-0.6477,-49.79783775524929
exp358,-1800mV,-0.5227,-0.503637222751953,-0.5647000000000001,-1.0034547249942705,-0.5867000000000001,-1.505252823056399,-0.6017,-1.9890840876102416,-0.6126999999999999,-2.4927213103621946,-0.6206999999999999,-2.9624054619173865,-0.6277,-3.4971663332663705,-0.6337,-3.9767534639206183,-0.6386999999999999,-4.542637983866633,-0.6426999999999999,-4.98827204332412,-0.6466999999999999,-5.493323977375938,-0.6497,-5.953105149832074,-0.6527,-6.462401217783487,-0.6567,-7.073556499325184,-0.6587,-7.445625571189688,-0.6617000000000001,-8.046877873632328,-0.6637000000000001,-8.532123849486036,-0.6657000000000001,-9.045664051337043,-0.6677000000000001,-9.489883399494666,-0.6697000000000001,-9.970885241448778,-0.6977000000000001,-19.890840876102416,-0.7167,-30.204086252118536,-0.7307,-39.654357735216976,-0.7436999999999999,-49.8261319812466
exp359,-1800mV,-0.5507000000000001,-0.4978369064225064,-0.5877,-0.9939761592851746,-0.6057,-1.499593977856939,-0.6177,-2.017378313607542,-0.6257,-2.472915352164084,-0.6326999999999999,-2.965234884517117,-0.6386999999999999,-3.4745309524685304,-0.6437,-3.971094618721158,-0.6486999999999999,-4.528490870867983,-0.6527,-5.03637222751953,-0.6557000000000001,-5.448053215780256,-0.6597000000000001,-6.0592084973219515,-0.6627,-6.54728389577539,-0.6657000000000001,-7.080630055824508,-0.6677000000000001,-7.458357972888473,-0.6707,-8.049707296232057,-0.6727,-8.476950108791302,-0.6747,-8.914095900449595,-0.6777000000000001,-9.59174261308495,-0.6797000000000001,-10.065670898539736,-0.7107,-20.07475334508487,-0.7317000000000001,-29.892849766148224,-0.7496999999999999,-39.99388844718459,-0.7656999999999999,-50.12322135421825
exp360,-1900mV,-0.6947,-0.4952904260827492,-0.7207,-1.007274445503906,-0.7327,-1.4769585970590984,-0.7416999999999999,-2.0032312006088917,-0.7476999999999999,-2.4771594860636794,-0.7527,-2.965234884517117,-0.7576999999999999,-3.5608283417602973,-0.7607,-3.9767534639206183,-0.7636999999999999,-4.442193481576215,-0.7667,-4.959977817326819,-0.7696999999999999,-5.537180027671754,-0.7716999999999999,-5.958763995031535,-0.7736999999999999,-6.407227477088751,-0.7757,-6.8853998964431335,-0.7777,-7.3975253869942765,-0.7797,-7.945018660042045,-0.7817,-8.526465004286575,-0.7837,-9.143279131027732,-0.7847000000000001,-9.46583330739696,-0.7867000000000001,-10.139235886132717,-0.8087000000000001,-20.10304757108217,-0.8247000000000001,-30.18993913911989,-0.8377,-39.80997597820213,-0.8507000000000001,-50.42031072718991
exp361,-1800mV,-0.4747,-0.4967051373826143,-0.5047,-0.9936932170252016,-0.5216999999999999,-1.4840321535584236,-0.5347000000000001,-2.021622447507138,-0.5437,-2.51111255726044,-0.5507000000000001,-2.972308441016442,-0.5577,-3.5141428688647514,-0.5627000000000001,-3.958362217022373,-0.5677,-4.459170017174596,-0.5727000000000001,-5.017980980621284,-0.5767000000000001,-5.518788780773508,-0.5807000000000001,-6.057793786022088,-0.5837,-6.492110155080653,-0.5867000000000001,-6.960379595335981,-0.5897,-7.452699127689013,-0.5927000000000001,-7.977557019938943,-0.5957,-8.536367983385631,-0.5977,-8.925413590848516,-0.6007000000000001,-9.537983583690076,-0.6027000000000001,-9.966641107549185,-0.6366999999999999,-19.834252424107817,-0.6607,-29.935291105144177,-0.6807,-40.24853648116029,-0.6977000000000001,-50.23639825820745
exp362,-1600mV,-0.2187,-0.5013736846721689,-0.2576999999999999,-1.0002008890045808,-0.2787,-1.4953498439573436,-0.2936999999999999,-1.9876693763103763,-0.3056999999999999,-2.485647753862869,-0.3167000000000001,-3.0189939139119883,-0.3257,-3.525460559263671,-0.3337,-4.0220242255163,-0.3407000000000001,-4.491708377071491,-0.3477,-4.996760311123309,-0.3547000000000001,-5.538594738971618,-0.3607000000000001,-6.026670137425056,-0.3666999999999999,-6.538795627976199,-0.3717,-6.988673821333281,-0.3766999999999999,-7.455528550288744,-0.3826999999999999,-8.042633739732734,-0.3877,-8.546270962484687,-0.3917,-8.969269641144333,-0.3966999999999999,-9.519592336791831,-0.4006999999999999,-9.973714664048508,-0.4667,-20.046459119087572,-0.5087,-30.147497800123933,-0.5397,-39.93729999518999,-0.5657,-50.15151558021555
exp363,-1600mV,-0.2347,-0.4985442620724389,0.0132999999999998,0.9999179467446078,-0.3077,-1.512326379555724,-0.3207000000000001,-2.011719468408082,-0.3307000000000001,-2.5224302476593605,-0.3387000000000001,-3.0274821817111786,-0.3447000000000001,-3.4844339315675854,-0.3507000000000001,-4.0050476899179195,-0.3557,-4.495952510971087,-0.3607000000000001,-5.043445784018855,-0.3646999999999999,-5.5272770485726985,-0.3686999999999999,-6.0521349408226275,-0.3717,-6.476548330782138,-0.3746999999999999,-6.923597101539489,-0.3786999999999999,-7.561631897778621,-0.3817,-8.082245656128954,-0.3837,-8.431679347195619,-0.3866999999999999,-8.987660888042578,-0.3897,-9.570521943586972,-0.3917,-9.979373509247967,-0.4306999999999999,-20.07475334508487,-0.4607,-30.147497800123933,-0.4867,-40.092918238175145,-0.5096999999999999,-49.79783775524929
exp364,-1600mV,-0.3027000000000001,-0.4998175022423174,-0.3477,-0.9927029191152964,-0.3697,-1.4896909987578837,-0.3857,-2.0159636023076772,-0.3966999999999999,-2.4884771764625997,-0.4066999999999999,-3.0175792026121235,-0.4146999999999999,-3.533948827062862,-0.4206999999999999,-3.992315288219133,-0.4266999999999999,-4.522832025668523,-0.4317000000000001,-5.026469248420476,-0.4357000000000001,-5.482006286977017,-0.4397000000000001,-5.984228798429105,-0.4437000000000001,-6.538795627976199,-0.4467,-7.002820934331931,-0.4497000000000001,-7.48806691018564,-0.4527,-8.011510091135703,-0.4557000000000001,-8.573150477182121,-0.4577000000000001,-8.976343197643658,-0.4607,-9.59174261308495,-0.4627,-10.031717827342977,-0.4967,-19.97572355409432,-0.5207,-29.977732444140123,-0.5407000000000001,-40.191948029165694,-0.5567000000000001,-49.74124930325469
exp365,-2000mV,-0.6557000000000001,-0.5019395691921149,-0.6847,-0.9907223232954852,-0.7017000000000001,-1.5080822456561291,-0.7127,-1.9862546650105113,-0.7217000000000001,-2.49696544426179,-0.7287,-2.9836261314153627,-0.7347,-3.473116241168665,-0.7407,-4.033341915915219,-0.7447,-4.46058472847446,-0.7496999999999999,-5.043445784018855,-0.7536999999999999,-5.5668889649689195,-0.7567,-5.99130235492843,-0.7596999999999999,-6.445424682185107,-0.7627,-6.922182390239625,-0.7656999999999999,-7.435722592090633,-0.7687,-7.973312886039348,-0.7716999999999999,-8.544856251184823,-0.7736999999999999,-8.945219549046627,-0.7767000000000001,-9.559204253188051,-0.7787000000000001,-9.986447065747294,-0.8137,-19.98987066709297,-0.8397,-29.949438218142824,-0.8617,-39.88071154319538,-0.8826999999999999,-50.1939569192115
exp366,-1800mV,-0.4927,-1.0962597862654169,-0.4927,-1.0962597862654169,-0.4936999999999999,-1.5179852247551844,-0.4197000000000001,-1.7910245056291365,-0.3317,-2.50262428946125,-0.4217000000000001,-2.9921143992145525,-0.2227,-3.5014104671659654,-0.1557000000000001,-3.999388844718459,-0.5076999999999999,-4.490293665771627,-0.4257000000000001,-4.99958973372304,-0.5747000000000001,-5.5003975338752635,-0.5977,-6.019596580925731,-0.6077,-6.506257268079304,-0.6097,-7.005650356931662,-0.6466999999999999,-7.516361136182939,-0.6217,-7.990289421637726,-0.6386999999999999,-8.459973573192919,-0.5877,-8.922584168248786,-0.6326999999999999,-9.481395131695477,-0.6346999999999999,-9.69643124927496,-0.6697000000000001,-19.862546650105116,,,,,-0.6947,-50.66081164816696
exp367,-1900mV,-0.4507,-0.5032128093619935,-0.5047,-1.0010497157844995,-0.5437,-1.506667534356264,-0.5757,-1.9919135102099716,-0.5987000000000001,-2.4814036199632743,-0.6177,-3.0175792026121235,-0.6337,-3.504239889765696,-0.6466999999999999,-4.003632978618054,-0.6587,-4.495952510971087,-0.6687,-5.017980980621284,-0.6787,-5.506056379074723,-0.6877000000000001,-5.9884729323287,-0.6947,-6.466645351683083,-0.7027,-7.018382758630446,-0.7087,-7.468260951987529,-0.7147,-8.022827781534623,-0.7197000000000001,-8.478364820091164,-0.7257000000000001,-9.038590494837718,-0.7307,-9.519592336791831,-0.7347,-10.020400136944057,-0.7907000000000001,-20.00401778009162,-0.8207000000000001,-29.977732444140123,-0.8417,-40.03632978618054,-0.8597,-49.81198486824794
exp369,-1600mV,-0.2667,-0.5032128093619935,-0.3087000000000001,-1.004727965164149,-0.3317,-1.5137410908555893,-0.3467000000000001,-2.0103047571082175,-0.3577,-2.50828313466071,-0.3666999999999999,-3.0204086252118536,-0.3737,-3.4985810445662353,-0.3806999999999999,-4.033341915915219,-0.3866999999999999,-4.541223272566767,-0.3917,-4.99958973372304,-0.3966999999999999,-5.486250420876612,-0.4017,-5.97998466452951,-0.4066999999999999,-6.504842556779439,-0.4117,-7.050921118527342,-0.4157,-7.48523748758591,-0.4197000000000001,-7.946433371341912,-0.4246999999999999,-8.540612117285226,-0.4286999999999999,-9.03293164963826,-0.4327,-9.513933491592372,-0.4367,-10.031717827342977,-0.4956999999999999,-19.904987989101063,-0.5327000000000001,-30.03432089613473,-0.5587000000000001,-40.191948029165694,-0.5787000000000001,-49.9958973372304
exp370,-1700mV,-0.4297000000000001,-0.4988272043324118,-0.4947,-1.004586494034163,-0.5136999999999999,-1.4826174422585583,-0.5247,-2.004645911908757,-0.5327000000000001,-2.515356691160035,-0.5397,-3.0359704495103688,-0.5457,-3.5282899818634013,-0.5507000000000001,-4.000803556018323,-0.5557,-4.528490870867983,-0.5597,-5.00807800152223,-0.5627000000000001,-5.426832546282281,-0.5667000000000001,-6.0464760956231665,-0.5697,-6.5670898539735,-0.5717,-6.9575501727362505,-0.5747000000000001,-7.589926123775921,-0.5767000000000001,-8.0440484510326,-0.5787000000000001,-8.506659046088465,-0.5807000000000001,-9.007466846240687,-0.5827000000000001,-9.542227717589672,-0.5847000000000001,-10.112356371435284,-0.6146999999999999,-19.862546650105116,-0.6406999999999999,-30.147497800123933,-0.6617000000000001,-40.092918238175145,-0.6807,-50.22225114520881
exp371,-1700mV,-0.3977,-0.4958563106026953,-0.4297000000000001,-0.999352062224662,-0.4467,-1.499593977856939,-0.4587,-2.014548891007812,-0.4677000000000001,-2.518186113759765,-0.4747,-3.002017378313608,-0.4807,-3.4858486428674507,-0.4867,-4.03900076111468,-0.4907,-4.466243573673921,-0.4956999999999999,-5.0547634744177765,-0.4987,-5.436735525381336,-0.5027,-5.995546488828026,-0.5056999999999999,-6.453912949984297,-0.5087,-6.9320853693386795,-0.5116999999999999,-7.448454993789417,-0.5147,-8.008680668535973,-0.5176999999999999,-8.590127012780503,-0.5196999999999999,-8.997563867141633,-0.5216999999999999,-9.424806679700875,-0.5247,-10.096794547136763,-0.5567000000000001,-20.187930249074075,-0.5777,-29.892849766148224,-0.5957,-40.24853648116029,-0.6097,-49.88272043324119
exp372,-1400mV,-0.0067000000000001,-0.4928854168729787,-0.0617,-1.000483831264554,-0.1657000000000001,-1.5038381117565338,-0.2047,-1.9947429328097015,-0.2237000000000001,-2.4842330425630044,-0.2357000000000001,-3.006261512213203,-0.2447,-3.5353635383627267,-0.2507,-4.009291823817514,-0.2556999999999999,-4.5171731804690625,-0.2596999999999999,-5.03637222751953,-0.2627,-5.490494554776207,-0.2656999999999999,-6.066282053821277,-0.2676999999999999,-6.466645351683083,-0.2696999999999999,-6.999991511732201,-0.2716999999999999,-7.564461320378352,-0.2727,-7.8771125176485235,-0.2747,-8.537782694685495,-0.2756999999999999,-8.89287523095162,-0.2776999999999999,-9.64267221988009,-0.2787,-10.026058982143516,-0.3027000000000001,-20.06060623208622,-0.3237,-29.793819975157668,-0.3417,-39.92315288219133,-0.3587000000000001,-50.06663290222365
exp373,-1700mV,-0.2687,-0.5005248578922499,-0.3137,-1.00953798358369,-0.3347000000000001,-1.4967645552572086,-0.3497,-1.993328221509837,-0.3617,-2.49979486686152,-0.3717,-2.999187955713878,-0.3806999999999999,-3.509898734965156,-0.3886999999999999,-4.003632978618054,-0.3957,-4.470487707573516,-0.4026999999999999,-4.967051373826144,-0.4097,-5.4947386886758025,-0.4157,-5.968666974130589,-0.4217000000000001,-6.4595717951837575,-0.4277000000000001,-6.974526708334631,-0.4337000000000001,-7.506458157083885,-0.4387,-7.976142308639078,-0.4437000000000001,-8.45148530539373,-0.4487,-8.952293105545952,-0.4537000000000001,-9.468662729996687,-0.4587,-10.00200889004581,-0.5297,-20.01816489309027,-0.5747000000000001,-29.892849766148224,-0.6067000000000001,-39.95144710818864,-0.6317,-49.8261319812466
exp374,-1800mV,-0.3806999999999999,-0.4967051373826143,-0.4197000000000001,-0.9951079283250668,-0.4427,-1.498179266557074,-0.4597000000000001,-2.017378313607542,-0.4717000000000001,-2.4884771764625997,-0.4827,-2.996358533114148,-0.4916999999999999,-3.473116241168665,-0.5007,-4.009291823817514,-0.5087,-4.531320293467712,-0.5147,-4.972710219025604,-0.5216999999999999,-5.517374069473643,-0.5277,-6.022426003525461,-0.5327000000000001,-6.476548330782138,-0.5377,-6.963209017935711,-0.5427000000000001,-7.468260951987529,-0.5477,-8.004436534636376,-0.5517,-8.444411748894403,-0.5567000000000001,-9.014540402740012,-0.5607000000000001,-9.499786378593722,-0.5647000000000001,-9.973714664048508,-0.6266999999999999,-19.947429328097016,-0.6707,-29.991879557138777,-0.7067,-39.88071154319538,-0.7297000000000001,-50.47689917918451
exp375,-1800mV,-0.4457000000000001,-0.4991101465923849,-0.4737000000000001,-1.0126503484433933,-0.4896999999999999,-1.512326379555724,-0.5016999999999999,-2.020207736207272,-0.5107,-2.4927213103621946,-0.5187,-2.9822114201154974,-0.5257,-3.4745309524685304,-0.5327000000000001,-4.0220242255163,-0.5377,-4.456340594574866,-0.5437,-5.01939569192115,-0.5487000000000001,-5.531521182472294,-0.5527000000000001,-5.961593417631265,-0.5577,-6.53596620537647,-0.5617,-7.024041603829907,-0.5657,-7.534752383081187,-0.5687000000000001,-7.937945103542721,-0.5727000000000001,-8.48543837659049,-0.5767000000000001,-9.062640586935425,-0.5797,-9.515348202892236,-0.5827000000000001,-9.966641107549185,-0.6346999999999999,-20.03231200608892,-0.6717000000000001,-29.921143992145527,-0.7017000000000001,-39.80997597820213,-0.7287,-50.052485789224995
exp376,-1700mV,-0.2807,-0.4958563106026953,-0.3267000000000001,-0.9927029191152964,-0.3507000000000001,-1.4953498439573436,-0.3666999999999999,-2.004645911908757,-0.3786999999999999,-2.515356691160035,-0.3877,-2.997773244414013,-0.3957,-3.507069312365426,-0.4026999999999999,-4.03900076111468,-0.4077,-4.459170017174596,-0.4137,-5.02505453712061,-0.4186999999999999,-5.548497718070673,-0.4226999999999999,-6.009693601826676,-0.4266999999999999,-6.490695443780789,-0.4306999999999999,-7.005650356931662,-0.4347,-7.554558341279295,-0.4377000000000001,-7.998777689436918,-0.4407,-8.44299703759454,-0.4447,-9.06122587563556,-0.4477000000000001,-9.552130696688728,-0.4507,-10.058597342040413,-0.5016999999999999,-19.97572355409432,-0.5457,-30.00602667013743,-0.5797,-40.10706535117379,-0.6057,-49.89686754623985
exp377,-1900mV,-0.6827,-0.4982613198124658,-0.7067,-1.011518579403501,-0.7197000000000001,-1.505252823056399,-0.7287,-1.9848399537106465,-0.7367,-2.533747938058281,-0.7427,-3.0373851608102336,-0.7476999999999999,-3.5240458479638064,-0.7516999999999999,-3.964021062221832,-0.7556999999999999,-4.453511171975136,-0.7596999999999999,-4.998175022423175,-0.7627,-5.440979659280932,-0.7667,-6.0790144555200625,-0.7687,-6.425618723986997,-0.7716999999999999,-6.975941419634496,-0.7747,-7.561631897778621,-0.7767000000000001,-7.973312886039348,-0.7787000000000001,-8.40904396639778,-0.7817,-9.09234952423259,-0.7837,-9.576180788786434,-0.7857,-10.079818011538388,-0.8157,-20.117194684080825,-0.8367000000000001,-30.13335068712528,-0.8537,-39.95144710818864,-0.8686999999999999,-49.78369064225064
exp378,-1500mV,-0.0467000000000001,-0.503637222751953,-0.1857000000000002,-0.9989276488347024,-0.2287,-1.4967645552572086,-0.2467,-1.9904987989101068,-0.2587,-2.49696544426179,-0.2676999999999999,-3.028896893011044,-0.2747,-3.5113134462650213,-0.2807,-4.023438936816164,-0.2856999999999999,-4.4973672222709515,-0.2907,-5.037786938819395,-0.2947000000000001,-5.5145446468739125,-0.2987000000000001,-6.01393773572627,-0.3027000000000001,-6.5670898539735,-0.3056999999999999,-6.999991511732201,-0.3087000000000001,-7.4498697050892835,-0.3117,-7.929456835743531,-0.3147000000000001,-8.41470281159724,-0.3177,-8.936731281247436,-0.3207000000000001,-9.45451561699804,-0.3237,-10.00200889004581,-0.3666999999999999,-19.919135102099716,-0.3997,-30.18993913911989,-0.4246999999999999,-39.86656443019674,-0.4467,-49.81198486824794
exp379,-1600mV,-0.0467000000000001,-0.4879339273234511,-0.2387,-0.999352062224662,-0.2816999999999999,-1.4868615761581534,-0.3036999999999999,-2.0004017780091616,-0.3147000000000001,-2.49413602166206,-0.3257,-3.010505646112798,-0.3347000000000001,-3.532534115762996,-0.3427000000000001,-4.026268359415894,-0.3467000000000001,-4.4322905024771595,-0.3537,-5.037786938819395,-0.3597,-5.532935893772159,-0.3626999999999999,-6.043646673023436,-0.3666999999999999,-6.4850365985813285,-0.3706999999999999,-6.974526708334631,-0.3746999999999999,-7.510702290983478,-0.3786999999999999,-8.003021823336512,-0.3846999999999999,-8.515147313887656,-0.3866999999999999,-9.0838612564334,-0.3886999999999999,-9.47715099779588,-0.3926999999999999,-10.007667735245269,-0.4437000000000001,-20.06060623208622,-0.4807,-30.06261512213203,-0.5096999999999999,-39.85241731719808,-0.5337,-49.98175022423175
exp380,-1900mV,-0.5527000000000001,-0.4965636662526278,-0.5917,-1.0009082446545134,-0.6107000000000001,-1.501008689156804,-0.6237,-1.9961576441095663,-0.6337,-2.49979486686152,-0.6417,-2.9807967088156326,-0.6486999999999999,-3.4674573959692045,-0.6557000000000001,-4.034756627215084,-0.6607,-4.512929046569467,-0.6657000000000001,-5.0292986710202054,-0.6697000000000001,-5.473518019177827,-0.6737000000000001,-5.975740530629915,-0.6777000000000001,-6.487866021181058,-0.6817000000000001,-7.048091695927613,-0.6847,-7.512117002283345,-0.6877000000000001,-8.019998358934892,-0.6907,-8.52787971558644,-0.6927,-8.901363498750811,-0.6957000000000001,-9.512518780292506,-0.6987,-10.048694362941356,-0.7347,-20.117194684080825,-0.7576999999999999,-29.921143992145527,-0.7767000000000001,-40.20609514216434,-0.7927000000000001,-50.179809806212845
exp381,-1800mV,-0.5067,-0.5032128093619935,-0.5547000000000001,-0.9932688036352422,-0.5807000000000001,-1.4925204213576138,-0.5967000000000001,-1.9989870667092968,-0.6087000000000001,-2.5012095781613843,-0.6177,-3.028896893011044,-0.6246999999999999,-3.4886780654671803,-0.6306999999999999,-3.956947505722508,-0.6366999999999999,-4.511514335269602,-0.6417,-5.050519340518181,-0.6457,-5.537180027671754,-0.6486999999999999,-5.929055057734368,-0.6527,-6.537380916676335,-0.6557000000000001,-7.028285737729503,-0.6587,-7.558802475178892,-0.6607,-7.936530392242855,-0.6637000000000001,-8.557588652883606,-0.6657000000000001,-8.993319733242037,-0.6677000000000001,-9.453100905698175,-0.6697000000000001,-9.935517458952152,-0.6987,-20.187930249074075,-0.7167,-29.90699687914687,-0.7317000000000001,-40.03632978618054,-0.7447,-49.71295507725739
exp382,-1800mV,-0.3547000000000001,-0.502222511452088,-0.4126999999999999,-0.9955323417150264,-0.4477000000000001,-1.4911057100577487,-0.4747,-2.017378313607542,-0.4927,-2.49413602166206,-0.5067,-3.013335068712528,-0.5207,-3.4632132620696097,-0.5337,-3.9781681752204823,-0.5427000000000001,-4.511514335269602,-0.5517,-5.026469248420476,-0.5597,-5.474932730477692,-0.5707000000000001,-6.074770321620467,-0.5777,-6.521819092377819,-0.5847000000000001,-6.9575501727362505,-0.5907000000000001,-7.444210859889823,-0.5987000000000001,-7.945018660042045,-0.6037,-8.397726275998858,-0.6077,-9.035761072237989,-0.6126999999999999,-9.499786378593722,-0.6186999999999999,-9.936932170252016,-0.6777000000000001,-20.13134179707947,-0.7037000000000001,-30.13335068712528,-0.7217000000000001,-40.06462401217784,-0.7357000000000001,-49.88272043324119
exp383,-1900mV,-0.6317,-0.5023639825820745,-0.6587,-1.0010497157844995,-0.6747,-1.4911057100577487,-0.6867,-1.9975723554094316,-0.6957000000000001,-2.478574197363544,-0.7037000000000001,-2.990699687914687,-0.7107,-3.515557580164616,-0.7167,-4.0319272046153545,-0.7217000000000001,-4.514343757869332,-0.7267,-5.046275206618586,-0.7307,-5.5145446468739125,-0.7347,-6.015352447026135,-0.7387,-6.55294274097485,-0.7416999999999999,-6.983014976133821,-0.7447,-7.441381437290093,-0.7476999999999999,-7.919553856644475,-0.7507,-8.423191079396428,-0.7536999999999999,-8.960781373345142,-0.7567,-9.515348202892236,-0.7587,-9.907223232954852,-0.7967000000000001,-19.947429328097016,-0.8227000000000001,-30.11920357412663,-0.8437,-40.05047689917919,-0.8617,-49.925161772237146
exp384,-1900mV,-0.5767000000000001,-0.5019395691921149,-0.6237,-1.0002008890045808,-0.6486999999999999,-1.5151558021554543,-0.6647,-2.004645911908757,-0.6767,-2.4884771764625997,-0.6867,-2.977967286215902,-0.6957000000000001,-3.5183870027643462,-0.7027,-4.000803556018323,-0.7087,-4.481805397972437,-0.7147,-5.023639825820745,-0.7197000000000001,-5.520203492073373,-0.7237000000000001,-6.008278890526811,-0.7277000000000001,-6.4864513098811925,-0.7307,-6.9306706580388155,-0.7347,-7.503628734484154,-0.7376999999999999,-7.970483463439617,-0.7407,-8.484023665290625,-0.7436999999999999,-9.013125691440148,-0.7467,-9.569107232287108,-0.7487,-9.98786177704716,-0.7837,-20.00401778009162,-0.8057,-29.96358533114148,-0.8237,-40.092918238175145,-0.8397,-50.30713382320071
exp385,-1900mV,-0.6486999999999999,-0.4951489549527627,-0.6797000000000001,-1.0068500321139466,-0.6947,-1.4826174422585583,-0.7057000000000001,-1.9961576441095663,-0.7137000000000001,-2.504039000761115,-0.7197000000000001,-2.9850408427152275,-0.7247,-3.4561397055702843,-0.7297000000000001,-4.007877112517649,-0.7337000000000001,-4.5171731804690625,-0.7367,-4.943001281728439,-0.7407,-5.57820665536784,-0.7427,-5.926225635134639,-0.7456999999999999,-6.480792464681733,-0.7487,-7.0891183236236985,-0.7507,-7.529093537881726,-0.7527,-8.000192400736783,-0.7547,-8.486853087890356,-0.7567,-9.001808001041228,-0.7587,-9.553545407988592,-0.7607,-10.130747618333528,-0.7857,-20.117194684080825,-0.8027000000000001,-29.949438218142824,-0.8167000000000001,-39.76753463920618,-0.8297,-49.89686754623985
exp386,-1900mV,-0.4817000000000001,-0.4984027909424524,-0.5487000000000001,-0.9958152839749992,-0.5817,-1.506667534356264,-0.6017,-1.9904987989101068,-0.6177,-2.512527268560305,-0.6297,-3.009090934812933,-0.6397,-3.4900927767670455,-0.6486999999999999,-4.007877112517649,-0.6547,-4.473317130173245,-0.6617000000000001,-5.040616361419126,-0.6677000000000001,-5.472103307877963,-0.6737000000000001,-5.984228798429105,-0.6797000000000001,-6.517574958478224,-0.6857000000000001,-7.041018139428288,-0.6897000000000001,-7.50504344578402,-0.6947,-8.022827781534623,-0.6977000000000001,-8.461388284492784,-0.7017000000000001,-8.93531656994757,-0.7057000000000001,-9.512518780292506,-0.7097000000000001,-10.003423601345672,-0.7667,-19.862546650105116,-0.7987000000000001,-29.90699687914687,-0.8237,-39.76753463920618,-0.8447000000000001,-50.22225114520881
exp387,-1900mV,-0.5056999999999999,-0.4993930888523579,-0.5787000000000001,-0.9951079283250668,-0.6077,-1.4925204213576138,-0.6257,-2.014548891007812,-0.6377,-2.51111255726044,-0.6466999999999999,-2.994943821814283,-0.6547,-3.525460559263671,-0.6607,-3.9979741334185936,-0.6667,-4.546882117766228,-0.6707,-4.962807239926549,-0.6757000000000001,-5.542838872871213,-0.6797000000000001,-6.057793786022088,-0.6827,-6.480792464681733,-0.6857000000000001,-6.934914791938409,-0.6887,-7.418746056492251,-0.6917000000000001,-7.942189237442316,-0.6947,-8.50241491218887,-0.6977000000000001,-9.099423080731915,-0.6997000000000001,-9.523836470691428,-0.7017000000000001,-9.968055818849049,-0.7337000000000001,-20.10304757108217,-0.7536999999999999,-29.878702653149578,-0.7707,-40.20609514216434,-0.7847000000000001,-50.0807800152223
exp388,-1900mV,-0.5747000000000001,-0.5008078001522229,-0.6197,-1.0003423601345676,-0.6437,-1.5094969569559942,-0.6587,-1.9834252424107812,-0.6707,-2.4884771764625997,-0.6807,-3.0189939139119883,-0.6877000000000001,-3.46887210726907,-0.6947,-3.995144710818863,-0.7007,-4.514343757869332,-0.7057000000000001,-5.001004445022905,-0.7097000000000001,-5.440979659280932,-0.7147,-6.033743693924381,-0.7187,-6.5670898539735,-0.7217000000000001,-6.994332666532741,-0.7247,-7.451284416389148,-0.7277000000000001,-7.949262793941642,-0.7307,-8.469876552291973,-0.7337000000000001,-9.020199247939471,-0.7357000000000001,-9.41490370060182,-0.7387,-10.040206095142164,-0.7727,-20.187930249074075,-0.7937,-29.779672862159025,-0.8117,-40.07877112517649,-0.8267000000000001,-49.88272043324119
exp389,-2000mV,-0.6887,-0.5013736846721689,-0.7167,-0.9941176304151612,-0.7327,-1.502423400456669,-0.7436999999999999,-2.007475334508487,-0.7516999999999999,-2.4799889086634095,-0.7587,-2.9836261314153627,-0.7647,-3.4957516219665052,-0.7696999999999999,-3.9809975978202137,-0.7747,-4.529905582167847,-0.7787000000000001,-5.0222251145208805,-0.7827000000000001,-5.5668889649689195,-0.7857,-6.00262004532735,-0.7887000000000001,-6.469474774282813,-0.7917,-6.974526708334631,-0.7947000000000001,-7.506458157083885,-0.7977,-8.076586810929495,-0.7997,-8.481194242690894,-0.8017,-8.89570465355135,-0.8047000000000001,-9.552130696688728,-0.8067000000000001,-10.011911869144866,-0.8387000000000001,-19.93328221509837,-0.8617,-30.147497800123933,-0.8797,-39.78168175220483,-0.8966999999999999,-50.010044450229046
exp390,-1900mV,-0.6097,-0.4975539641625333,-0.6346999999999999,-0.9891661408656336,-0.6486999999999999,-1.4854468648582886,-0.6587,-1.9947429328097015,-0.6667,-2.533747938058281,-0.6727,-3.0303116043109086,-0.6777000000000001,-3.522631136663941,-0.6817000000000001,-3.969679907421293,-0.6857000000000001,-4.473317130173245,-0.6897000000000001,-5.03637222751953,-0.6927,-5.497568111275533,-0.6957000000000001,-6.005449467927082,-0.6987,-6.543039761875795,-0.7007,-6.926426524139219,-0.7037000000000001,-7.550314207379701,-0.7057000000000001,-7.987459999037997,-0.7077000000000001,-8.441582326294675,-0.7097000000000001,-8.919754745649056,-0.7117000000000001,-9.429050813600467,-0.7137000000000001,-9.959567551049858,-0.7416999999999999,-20.01816489309027,-0.7616999999999999,-30.274821817111786,-0.7777,-40.135359577171094,-0.7917,-49.79783775524929
exp391,-1500mV,-0.0547000000000001,-0.5003833867622635,-0.2017000000000001,-1.0020400136944054,-0.2327,-1.498179266557074,-0.2496999999999999,-1.9890840876102416,-0.2627,-2.5238449589592253,-0.2716999999999999,-2.9864555540150928,-0.2796999999999999,-3.4702868185689346,-0.2867,-3.973924041320888,-0.2936999999999999,-4.525661448268252,-0.2987000000000001,-4.955733683427223,-0.3047000000000001,-5.530106471172428,-0.3097,-6.040817250423707,-0.3137,-6.480792464681733,-0.3177,-6.9575501727362505,-0.3227000000000001,-7.557387763879025,-0.3267000000000001,-8.066683831830439,-0.3297,-8.48543837659049,-0.3337,-9.027272804438798,-0.3367000000000001,-9.45734503959777,-0.3407000000000001,-10.074159166338926,-0.3917,-20.08890045808352,-0.4266999999999999,-30.04846800913338,-0.4547,-40.20609514216434,-0.4777000000000001,-50.179809806212845
exp392,-1900mV,-0.5887000000000001,-0.4979783775524929,-0.6277,-1.006142676464014,-0.6466999999999999,-1.5137410908555893,-0.6587,-1.9947429328097015,-0.6677000000000001,-2.472915352164084,-0.6757000000000001,-3.006261512213203,-0.6817000000000001,-3.4943369106666404,-0.6867,-3.964021062221832,-0.6917000000000001,-4.5044407787702765,-0.6957000000000001,-4.99393088852358,-0.6997000000000001,-5.532935893772159,-0.7027,-5.981399375829374,-0.7057000000000001,-6.460986506483622,-0.7087,-6.981600264833956,-0.7117000000000001,-7.5418259395805105,-0.7137000000000001,-7.94360394874218,-0.7167,-8.577394611081719,-0.7187,-9.027272804438798,-0.7207,-9.50544522379318,-0.7227,-9.994935333546485,-0.7516999999999999,-20.202077362072725,-0.7696999999999999,-29.69479018416712,-0.7857,-40.23438936816165,-0.7987000000000001,-50.010044450229046
exp393,-1600mV,-0.0177,-0.503071338232007,-0.2496999999999999,-1.0003423601345676,-0.2847,-1.502423400456669,-0.3016999999999999,-1.993328221509837,-0.3137,-2.4913065990623298,-0.3237,-3.024652759111448,-0.3307000000000001,-3.4830192202677206,-0.3377,-4.027683070715759,-0.3427000000000001,-4.470487707573516,-0.3487000000000001,-5.050519340518181,-0.3527000000000001,-5.486250420876612,-0.3567000000000001,-5.961593417631265,-0.3607000000000001,-6.468060062982947,-0.3646999999999999,-7.028285737729503,-0.3677,-7.462602106788069,-0.3706999999999999,-7.918139145344611,-0.3746999999999999,-8.571735765882257,-0.3766999999999999,-8.919754745649056,-0.3797,-9.43753908139966,-0.3826999999999999,-10.020400136944057,-0.4266999999999999,-20.08890045808352,-0.4597000000000001,-29.977732444140123,-0.4876999999999999,-39.97974133418594,-0.5127,-49.93930888523579
exp394,-1900mV,-0.6927,-0.4957148394727089,-0.7167,-1.00953798358369,-0.7277000000000001,-1.4755438857592331,-0.7357000000000001,-1.9777663972113213,-0.7416999999999999,-2.4870624651627344,-0.7467,-3.0232380478115832,-0.7507,-3.5381929609624567,-0.7536999999999999,-3.986656443019674,-0.7567,-4.494537799671222,-0.7596999999999999,-5.060422319617237,-0.7616999999999999,-5.477762153077422,-0.7636999999999999,-5.926225635134639,-0.7656999999999999,-6.411471610988346,-0.7676999999999999,-6.9320853693386795,-0.7696999999999999,-7.492311044085233,-0.7716999999999999,-8.09497805782774,-0.7727,-8.406214543798049,-0.7747,-9.04707876263691,-0.7757,-9.393683031103844,-0.7777,-10.12933290703366,-0.7977,-19.805958198110513,-0.8127000000000001,-29.779672862159025,-0.8257,-39.86656443019674,-0.8377,-50.094927128220945
exp395,-1900mV,-0.6377,-0.5015151558021554,-0.6837000000000001,-0.9901564387755392,-0.7057000000000001,-1.5094969569559942,-0.7197000000000001,-1.982010531110916,-0.7307,-2.4743300634639493,-0.7407,-3.021823336511718,-0.7476999999999999,-3.525460559263671,-0.7536999999999999,-4.002218267318188,-0.7587,-4.529905582167847,-0.7627,-5.026469248420476,-0.7667,-5.555571274569999,-0.7696999999999999,-5.99413177752816,-0.7727,-6.429862857886591,-0.7757,-6.963209017935711,-0.7787000000000001,-7.51919055878267,-0.7807000000000001,-7.91530972274488,-0.7837,-8.530709138186172,-0.7857,-8.936731281247436,-0.7877,-9.406415432802628,-0.7897,-9.945420438051208,-0.8187000000000001,-19.93328221509837,-0.8387000000000001,-29.991879557138777,-0.8557,-40.12121246417244,-0.8706999999999999,-50.094927128220945
exp401,-1700mV,-0.3077,-0.4976954352925198,-0.3487000000000001,-1.002181484824392,-0.3757,-1.505252823056399,-0.3966999999999999,-2.0060606232086218,-0.4137,-2.504039000761115,-0.4277000000000001,-2.994943821814283,-0.4397000000000001,-3.4872633541673155,-0.4507,-4.014950669016974,-0.4597000000000001,-4.498781933570816,-0.4677000000000001,-4.99393088852358,-0.4757000000000001,-5.535765316371888,-0.4817000000000001,-5.9884729323287,-0.4876999999999999,-6.4793777533818675,-0.4936999999999999,-7.024041603829907,-0.4987,-7.49938460058456,-0.5036999999999999,-8.03273076063368,-0.5076999999999999,-8.475535397491434,-0.5127,-9.051322896536504,-0.5156999999999999,-9.44319792659912,-0.5196999999999999,-9.959567551049858,-0.5707000000000001,-19.876693763103766,-0.6027000000000001,-29.96358533114148,-0.6266999999999999,-39.80997597820213,-0.6486999999999999,-50.1939569192115
exp402,-1800mV,-0.4567,-0.4957148394727089,-0.4887,-0.9986447065747294,-0.5076999999999999,-1.5151558021554543,-0.5207,-2.013134179707947,-0.5307000000000001,-2.504039000761115,-0.5387000000000001,-2.973723152316307,-0.5467000000000001,-3.5353635383627267,-0.5527000000000001,-4.019194802916569,-0.5577,-4.467658284973785,-0.5627000000000001,-4.965636662526279,-0.5677,-5.513129935574048,-0.5717,-5.992717066228296,-0.5757,-6.513330824578629,-0.5797,-7.069312365425588,-0.5827000000000001,-7.5092875796836145,-0.5857,-7.978971731238807,-0.5887000000000001,-8.482608953990761,-0.5917,-8.998978578441498,-0.5947000000000001,-9.550715985388862,-0.5967000000000001,-9.936932170252016,-0.6346999999999999,-20.10304757108217,-0.6597000000000001,-30.00602667013743,-0.6797000000000001,-39.93729999518999,-0.6977000000000001,-49.95345599823444
exp403,-1700mV,-0.2936999999999999,-0.4989686754623983,-0.3347000000000001,-1.008689156803771,-0.3567000000000001,-1.506667534356264,-0.3717,-1.982010531110916,-0.3846999999999999,-2.509697845960575,-0.3946999999999999,-2.996358533114148,-0.4037,-3.505654601065561,-0.4117,-4.013535957717109,-0.4186999999999999,-4.507270201370006,-0.4246999999999999,-4.9698807964258735,-0.4306999999999999,-5.465029751378637,-0.4367,-5.99696120012789,-0.4417000000000001,-6.460986506483622,-0.4467,-6.966038440535441,-0.4517000000000001,-7.480993353686313,-0.4567,-8.038389605833139,-0.4607,-8.498170778289277,-0.4647,-8.983416754142983,-0.4687,-9.48280984299534,-0.4727,-10.007667735245269,-0.5297,-20.10304757108217,-0.5677,-30.147497800123933,-0.5967000000000001,-40.02218267318189,-0.6206999999999999,-50.06663290222365
exp404,-1800mV,-0.3157,-0.5006663290222364,-0.3517,-0.9932688036352422,-0.3757,-1.505252823056399,-0.3937,-2.008890045808352,-0.4077,-2.4955507329619246,-0.4197000000000001,-2.9864555540150928,-0.4306999999999999,-3.5268752705635364,-0.4387,-3.971094618721158,-0.4467,-4.474731841473111,-0.4537000000000001,-4.965636662526279,-0.4607,-5.508885801674452,-0.4667,-6.019596580925731,-0.4717000000000001,-6.470889485582678,-0.4777000000000001,-7.022626892530043,-0.4827,-7.4937257553851,-0.4876999999999999,-7.9747275973392115,-0.4927,-8.461388284492784,-0.4987,-9.035761072237989,-0.5036999999999999,-9.498371667293856,-0.5087,-9.977958797948103,-0.6197,-19.947429328097016,-0.6767,-30.02017378313608,-0.7157000000000001,-40.135359577171094,-0.7487,-50.22225114520881
exp405,-1700mV,-0.2967000000000001,-0.4986857332024254,-0.3457,-1.005576791944068,-0.3717,-1.5080822456561291,-0.3897,-2.0060606232086218,-0.4037,-2.50262428946125,-0.4157,-2.996358533114148,-0.4266999999999999,-3.5014104671659654,-0.4367,-3.992315288219133,-0.4467,-4.5044407787702765,-0.4557000000000001,-4.979783775524929,-0.4657000000000001,-5.521618203373238,-0.4747,-6.026670137425056,-0.4827,-6.477963042082004,-0.4916999999999999,-7.007065068231526,-0.4996999999999999,-7.4937257553851,-0.5076999999999999,-7.994533555537323,-0.5156999999999999,-8.523635581686847,-0.5227,-9.006052134940823,-0.5297,-9.526665893291156,-0.5357,-9.977958797948103,-0.6047000000000001,-19.890840876102416,-0.6326999999999999,-29.977732444140123,-0.6507,-39.85241731719808,-0.6647,-49.68466085126009
exp406,-1700mV,-0.2907,-0.4972710219025603,-0.3277,-1.007274445503906,-0.3487000000000001,-1.4967645552572086,-0.3646999999999999,-2.0060606232086218,-0.3766999999999999,-2.478574197363544,-0.3877,-2.9793819975157674,-0.3977,-3.4943369106666404,-0.4066999999999999,-3.992315288219133,-0.4146999999999999,-4.470487707573516,-0.4226999999999999,-4.978369064225063,-0.4306999999999999,-5.5145446468739125,-0.4377000000000001,-6.006864179226946,-0.4447,-6.516160247178359,-0.4507,-6.987259110033416,-0.4567,-7.473919797186989,-0.4627,-7.990289421637726,-0.4687,-8.530709138186172,-0.4737000000000001,-8.994734444541903,-0.4787,-9.509689357692777,-0.4837000000000001,-10.031717827342977,-0.5447000000000001,-20.01816489309027,-0.5767000000000001,-30.17579202612123,-0.5977,-39.90900576919269,-0.6157,-49.76954352925199
exp407,-1800mV,-0.6057,-0.505051934051818,-0.6306999999999999,-0.9979373509247969,-0.6437,-1.4840321535584236,-0.6527,-1.982010531110916,-0.6597000000000001,-2.5012095781613843,-0.6647,-2.965234884517117,-0.6697000000000001,-3.519801714064211,-0.6737000000000001,-4.0446596063141405,-0.6767,-4.490293665771627,-0.6797000000000001,-4.985442620724389,-0.6827,-5.534350605072024,-0.6847,-5.9347139029338285,-0.6877000000000001,-6.588310523471475,-0.6897000000000001,-7.062238808926263,-0.6917000000000001,-7.564461320378352,-0.6937000000000001,-8.104881036926795,-0.6947,-8.386408585599938,-0.6967,-8.979172620243387,-0.6987,-9.60871914868333,-0.6997000000000001,-9.932688036352424,-0.7217000000000001,-19.820105311109163,-0.7376999999999999,-30.24652759111449,-0.7496999999999999,-39.640210622218326,-0.7616999999999999,-50.15151558021555
exp408,-1800mV,-0.4006999999999999,-0.4967051373826143,-0.4437000000000001,-1.0060012053340277,-0.4677000000000001,-1.4868615761581534,-0.4867,-1.9862546650105113,-0.5016999999999999,-2.5012095781613843,-0.5156999999999999,-3.031726315610774,-0.5267000000000001,-3.5113134462650213,-0.5367000000000001,-4.0050476899179195,-0.5457,-4.470487707573516,-0.5537,-4.99393088852358,-0.5617,-5.484835709576747,-0.5697,-6.016767158326001,-0.5757,-6.4793777533818675,-0.5827000000000001,-7.0367740055286925,-0.5887000000000001,-7.50504344578402,-0.5937,-7.966239329540022,-0.5997,-8.515147313887656,-0.6027000000000001,-9.02161395923934,-0.6077,-9.509689357692777,-0.6117,-9.942591015451477,-0.6727,-20.01816489309027,-0.7037000000000001,-30.232380478115836,-0.7257000000000001,-40.29097782015624,-0.7427,-50.22225114520881
exp409,-1800mV,-0.5937,-0.4944415993028303,-0.6226999999999999,-1.0091135701937306,-0.6366999999999999,-1.4812027309586933,-0.6477,-2.024451870106867,-0.6547,-2.4814036199632743,-0.6607,-2.956746616717927,-0.6667,-3.525460559263671,-0.6707,-3.964021062221832,-0.6747,-4.453511171975136,-0.6787,-5.003833867622634,-0.6817000000000001,-5.4551267722795815,-0.6847,-5.94603159333275,-0.6877000000000001,-6.477963042082004,-0.6907,-7.055165252426939,-0.6927,-7.458357972888473,-0.6957000000000001,-8.10629574822666,-0.6977000000000001,-8.567491631982662,-0.6997000000000001,-9.048493473936777,-0.7017000000000001,-9.550715985388862,-0.7037000000000001,-10.078403300238522,-0.7317000000000001,-20.14548891007812,-0.7507,-30.03432089613473,-0.7667,-40.27683070715759,-0.7797,-49.67051373826144
exp410,-1900mV,-0.5807000000000001,-0.4974124930325468,-0.6126999999999999,-1.0003423601345676,-0.6297,-1.501008689156804,-0.6417,-2.017378313607542,-0.6507,-2.5295038041586855,-0.6577000000000001,-3.0189939139119883,-0.6637000000000001,-3.519801714064211,-0.6687,-3.995144710818863,-0.6737000000000001,-4.5369791386671725,-0.6777000000000001,-5.0222251145208805,-0.6817000000000001,-5.551327140670404,-0.6847,-5.987058221028835,-0.6877000000000001,-6.448254104784837,-0.6907,-6.947647193637194,-0.6937000000000001,-7.48523748758591,-0.6967,-8.052536718831789,-0.6987,-8.450070594093864,-0.7017000000000001,-9.086690679033133,-0.7037000000000001,-9.528080604591022,-0.7057000000000001,-9.994935333546485,-0.7367,-19.820105311109163,-0.7587,-29.892849766148224,-0.7767000000000001,-39.97974133418594,-0.7927000000000001,-50.052485789224995
exp411,-1800mV,-0.4447,-0.5051934051818046,-0.4847,-1.0057182630740549,-0.5087,-1.4911057100577487,-0.5277,-2.007475334508487,-0.5427000000000001,-2.4814036199632743,-0.5567000000000001,-2.9836261314153627,-0.5697,-3.4900927767670455,-0.5817,-4.013535957717109,-0.5917,-4.518587891768927,-0.6007000000000001,-4.9840279094245235,-0.6097,-5.506056379074723,-0.6166999999999999,-5.98281408712924,-0.6237,-6.4864513098811925,-0.6297,-6.949061904937061,-0.6357,-7.50504344578402,-0.6406999999999999,-8.005851245936244,-0.6457,-8.515147313887656,-0.6507,-9.056981741735964,-0.6547,-9.475736286496016,-0.6577000000000001,-9.958152839749992,-0.7047,-20.14548891007812,-0.7297000000000001,-30.04846800913338,-0.7487,-39.88071154319538,-0.7656999999999999,-50.22225114520881
exp412,-1700mV,-0.0817000000000001,-0.4972710219025603,-0.1037000000000001,-1.005010907424122,-0.1267,-1.498179266557074,-0.1477000000000001,-2.0060606232086218,-0.1647,-2.5139419798601703,-0.1787,-3.000602667013743,-0.3837,-3.4957516219665052,-0.2007,-3.985241731719809,-0.4006999999999999,-4.495952510971087,-0.3077,-5.0052485789225,-0.4126999999999999,-5.497568111275533,-0.2536999999999999,-6.00262004532735,0.0072999999999998,6.497769000280114,0.0092999999999998,6.999991511732201,0.0112999999999998,7.517775847482805,-0.4357000000000001,-8.056780852731386,-0.4387,-8.467047129692245,-0.4427,-9.01029626884042,-0.4467,-9.529495315890887,-0.4497000000000001,-9.98503235444743,-0.5076999999999999,-20.00401778009162,-0.5597,-29.991879557138777,-0.6107000000000001,-39.99388844718459,-0.6587,-50.010044450229046
exp413,-1900mV,-0.6137,-0.4975539641625333,-0.6426999999999999,-1.0038791383842298,-0.6577000000000001,-1.4840321535584236,-0.6687,-1.9890840876102416,-0.6767,-2.467256506964624,-0.6837000000000001,-2.9822114201154974,-0.6897000000000001,-3.505654601065561,-0.6947,-4.009291823817514,-0.6987,-4.459170017174596,-0.7027,-4.962807239926549,-0.7067,-5.506056379074723,-0.7097000000000001,-5.958763995031535,-0.7127,-6.446839393484972,-0.7157000000000001,-6.954720750136521,-0.7187,-7.514946424883075,-0.7207,-7.913895011445016,-0.7237000000000001,-8.532123849486036,-0.7257000000000001,-8.969269641144333,-0.7277000000000001,-9.42622139100074,-0.7297000000000001,-9.901564387755393,-0.7607,-20.10304757108217,-0.7807000000000001,-29.822114201154974,-0.7977,-39.78168175220483,-0.8127000000000001,-49.86857332024254
exp414,-1700mV,-0.2767,-0.5005248578922499,-0.3197,-1.0038791383842298,-0.3427000000000001,-1.512326379555724,-0.3587000000000001,-2.014548891007812,-0.3706999999999999,-2.4955507329619246,-0.3817,-3.021823336511718,-0.3906999999999999,-3.522631136663941,-0.3986999999999999,-4.020609514216435,-0.4057,-4.512929046569467,-0.4117,-4.975539641625334,-0.4177,-5.477762153077422,-0.4237000000000001,-6.021011292225596,-0.4286999999999999,-6.502013134179709,-0.4337000000000001,-7.005650356931662,-0.4387,-7.537581805680916,-0.4427,-7.993118844237457,-0.4467,-8.457144150593189,-0.4507,-8.939560703847167,-0.4547,-9.44885677179858,-0.4587,-9.97654408664824,-0.5196999999999999,-20.046459119087572,-0.5607000000000001,-29.935291105144177,-0.5907000000000001,-39.97974133418594,-0.6137,-49.89686754623985
exp415,-1700mV,0.0072999999999998,0.5019395691921149,-0.2587,-0.9985032354447428,-0.2807,-1.5137410908555893,-0.2956999999999999,-2.0032312006088917,-0.3077,-2.4884771764625997,-0.3187000000000001,-3.0076762235130676,-0.3277,-3.4957516219665052,-0.3367000000000001,-4.024853648116029,-0.3437,-4.470487707573516,-0.3517,-5.00807800152223,-0.3587000000000001,-5.5003975338752635,-0.3657,-6.016767158326001,-0.3717,-6.477963042082004,-0.3786999999999999,-7.018382758630446,-0.3846999999999999,-7.500799311884425,-0.3906999999999999,-7.990289421637726,-0.3966999999999999,-8.49958548958914,-0.4026999999999999,-9.01029626884042,-0.4086999999999999,-9.525251181991292,-0.4137,-9.963811684949455,-0.5047,-19.947429328097016,-0.5587000000000001,-29.935291105144177,-0.5937,-40.20609514216434,-0.6186999999999999,-50.109074241219595
exp416,-1800mV,-0.4066999999999999,-0.4992516177223714,-0.4767,-1.001898542564419,-0.5167,-1.506667534356264,-0.5407000000000001,-1.9989870667092968,-0.5577,-2.5167714024599,-0.5697,-3.013335068712528,-0.5797,-3.4915074880669104,-0.5877,-3.982412309120079,-0.5947000000000001,-4.510099623969737,-0.6007000000000001,-5.0420310727189905,-0.6057,-5.535765316371888,-0.6097,-5.968666974130589,-0.6137,-6.442595259585377,-0.6177,-6.953306038836654,-0.6217,-7.510702290983478,-0.6246999999999999,-7.954921639141101,-0.6286999999999999,-8.577394611081719,-0.6317,-9.073958277334343,-0.6346999999999999,-9.571936654886835,-0.6366999999999999,-9.935517458952152,-0.6787,-20.117194684080825,-0.7067,-29.864555540150924,-0.7307,-40.02218267318189,-0.7507,-50.010044450229046
exp418,-1500mV,-0.1597000000000001,-0.4969880796425873,-0.2157000000000001,-0.9939761592851746,-0.2387,-1.501008689156804,-0.2536999999999999,-2.0187930249074073,-0.2636999999999999,-2.4884771764625997,-0.2727,-3.0161644913122583,-0.2796999999999999,-3.4971663332663705,-0.2856999999999999,-3.973924041320888,-0.2916999999999999,-4.5171731804690625,-0.2967000000000001,-5.012322135421825,-0.3007000000000001,-5.445223793180525,-0.3056999999999999,-6.023840714825327,-0.3097,-6.516160247178359,-0.3137,-7.045262273327882,-0.3167000000000001,-7.465431529387798,-0.3207000000000001,-8.053951430131654,-0.3237,-8.503829623488736,-0.3267000000000001,-8.989075599342444,-0.3297,-9.48280984299534,-0.3327000000000001,-9.986447065747294,-0.3786999999999999,-19.98987066709297,-0.4117,-30.10505646112798,-0.4377000000000001,-40.191948029165694,-0.4597000000000001,-50.20810403221015
exp419,-1700mV,-0.3187000000000001,-0.5023639825820745,-0.3597,-0.9973714664048507,-0.3846999999999999,-1.502423400456669,-0.4037,-2.008890045808352,-0.4186999999999999,-2.4842330425630044,-0.4327,-2.9921143992145525,-0.4447,-3.4801897976679905,-0.4567,-4.017780091616704,-0.4667,-4.512929046569467,-0.4757000000000001,-5.003833867622634,-0.4837000000000001,-5.480591575677152,-0.4916999999999999,-6.001205334027486,-0.4987,-6.492110155080653,-0.5047,-6.961794306635846,-0.5116999999999999,-7.53333767178132,-0.5167,-7.991704132937592,-0.5216999999999999,-8.46846184099211,-0.5267000000000001,-8.984831465442848,-0.5317,-9.553545407988592,-0.5357,-10.017570714344323,-0.5857,-19.848399537106463,-0.6126999999999999,-30.232380478115836,-0.6306999999999999,-39.92315288219133,-0.6457,-49.74124930325469
exp420,-1400mV,-0.0217,-0.5013736846721689,-0.1657000000000001,-0.9925614479853098,-0.1907000000000001,-1.5094969569559942,-0.2047,-2.001816489309027,-0.2147,-2.4898918877624645,-0.2227,-2.977967286215902,-0.2297000000000001,-3.4844339315675854,-0.2357000000000001,-3.999388844718459,-0.2407,-4.4775612640728415,-0.2456999999999999,-5.006663290222365,-0.2496999999999999,-5.479176864377286,-0.2536999999999999,-5.977155241929781,-0.2576999999999999,-6.53030736017701,-0.2607,-6.971697285734901,-0.2636999999999999,-7.430063746891172,-0.2676999999999999,-8.08366036742882,-0.2696999999999999,-8.431679347195619,-0.2727,-8.974928486343794,-0.2756999999999999,-9.543642428889536,-0.2776999999999999,-9.919955634653638,-0.3167000000000001,-20.17378313607542,-0.3427000000000001,-29.80796708815632,-0.3657,-40.191948029165694,-0.3846999999999999,-50.12322135421825
exp421,-1800mV,-0.3417,-0.5020810403221014,-0.3937,-0.999352062224662,-0.4347,-1.502423400456669,-0.4647,-2.0032312006088917,-0.4867,-2.4955507329619246,-0.5036999999999999,-2.997773244414013,-0.5167,-3.4858486428674507,-0.5277,-3.986656443019674,-0.5367000000000001,-4.478975975372705,-0.5447000000000001,-4.976954352925199,-0.5527000000000001,-5.534350605072024,-0.5587000000000001,-6.021011292225596,-0.5637,-6.456742372584028,-0.5697,-7.028285737729503,-0.5737,-7.452699127689013,-0.5787000000000001,-8.01433951373543,-0.5827000000000001,-8.486853087890356,-0.5867000000000001,-8.997563867141633,-0.5907000000000001,-9.532324738490615,-0.5937,-9.948249860650938,-0.6426999999999999,-20.10304757108217,-0.6747,-30.18993913911989,-0.6997000000000001,-40.00803556018324,-0.7217000000000001,-49.9110146592385
exp422,-1800mV,-0.4017,-0.4961392528626683,-0.4377000000000001,-1.0091135701937306,-0.4587,-1.5080822456561291,-0.4747,-1.9876693763103763,-0.4887,-2.49696544426179,-0.5016999999999999,-3.004846800913338,-0.5127,-3.508484023665291,-0.5227,-4.0050476899179195,-0.5327000000000001,-4.527076159568118,-0.5417,-5.01090742412196,-0.5497,-5.482006286977017,-0.5577,-5.987058221028835,-0.5647000000000001,-6.475133619482273,-0.5717,-6.988673821333281,-0.5787000000000001,-7.472505085887125,-0.5857,-8.02141307023476,-0.5917,-8.496756066989409,-0.5977,-8.991905021942173,-0.6037,-9.516762914192102,-0.6087000000000001,-9.977958797948103,-0.6867,-20.046459119087572,-0.7307,-29.864555540150924,-0.7616999999999999,-39.97974133418594,-0.7857,-49.58563106026953
exp423,-1900mV,-0.6567,-0.504768991791845,-0.6807,-1.0006253023945404,-0.6947,-1.5208146473549145,-0.7037000000000001,-1.9975723554094316,-0.7107,-2.4715006408642193,-0.7167,-2.963820173217252,-0.7227,-3.548095940061512,-0.7267,-3.995144710818863,-0.7307,-4.4973672222709515,-0.7347,-5.053348763117911,-0.7376999999999999,-5.507471090374587,-0.7407,-5.9997906227276205,-0.7436999999999999,-6.523233803677684,-0.7467,-7.087703612323834,-0.7487,-7.48523748758591,-0.7507,-7.899747898446365,-0.7536999999999999,-8.560418075483337,-0.7556999999999999,-9.020199247939471,-0.7576999999999999,-9.501201089893586,-0.7596999999999999,-9.997764756146214,-0.7907000000000001,-20.10304757108217,-0.8137,-30.10505646112798,-0.8337,-40.163653803168394,-0.8517,-50.024191563227696
exp424,-1900mV,-0.6767,-0.5032128093619935,-0.7027,-0.9925614479853098,-0.7167,-1.498179266557074,-0.7257000000000001,-1.982010531110916,-0.7327,-2.4799889086634095,-0.7387,-3.0147497800123935,-0.7436999999999999,-3.556584207860702,-0.7476999999999999,-4.063050853212385,-0.7507,-4.487464243171897,-0.7536999999999999,-4.958563106026954,-0.7567,-5.480591575677152,-0.7596999999999999,-6.054964363422357,-0.7616999999999999,-6.466645351683083,-0.7636999999999999,-6.903791143341379,-0.7667,-7.612561504573763,-0.7687,-8.119028149925446,-0.7696999999999999,-8.386408585599938,-0.7716999999999999,-8.938145992547302,-0.7736999999999999,-9.526665893291156,-0.7757,-10.146309442632043,-0.7987000000000001,-19.805958198110513,-0.8157,-30.11920357412663,-0.8287000000000001,-39.61191639622103,-0.8417,-50.3637222751953
exp425,-1800mV,-0.6117,-0.4992516177223714,-0.6357,-1.0048694362941355,-0.6486999999999999,-1.501008689156804,-0.6577000000000001,-1.9961576441095663,-0.6647,-2.4955507329619246,-0.6707,-3.0232380478115832,-0.6757000000000001,-3.545266517461782,-0.6797000000000001,-4.027683070715759,-0.6837000000000001,-4.568102787264204,-0.6867,-5.020810403221016,-0.6897000000000001,-5.513129935574048,-0.6927,-6.0464760956231665,-0.6947,-6.429862857886591,-0.6977000000000001,-7.043847562028017,-0.6997000000000001,-7.486652198885773,-0.7017000000000001,-7.952092216541371,-0.7037000000000001,-8.437338192395078,-0.7057000000000001,-8.940975415147031,-0.7077000000000001,-9.48280984299534,-0.7097000000000001,-10.057182630740549,-0.7357000000000001,-20.00401778009162,-0.7536999999999999,-29.864555540150924,-0.7687,-39.71094618721158,-0.7827000000000001,-50.024191563227696
exp426,-1800mV,-0.4286999999999999,-0.5005248578922499,-0.4747,-1.0006253023945404,-0.5036999999999999,-1.498179266557074,-0.5257,-1.9989870667092968,-0.5437,-2.4870624651627344,-0.5587000000000001,-2.9850408427152275,-0.5717,-3.4943369106666404,-0.5877,-4.023438936816164,-0.5967000000000001,-4.493123088371357,-0.6057,-5.003833867622634,-0.6137,-5.5272770485726985,-0.6197,-5.98281408712924,-0.6266999999999999,-6.4864513098811925,-0.6326999999999999,-7.014138624730852,-0.6377,-7.479578642386449,-0.6437,-8.04121902843287,-0.6477,-8.489682510490084,-0.6517000000000001,-8.967854929844465,-0.6557000000000001,-9.441783215299257,-0.6597000000000001,-10.000594178745946,-0.7087,-19.876693763103766,-0.7387,-29.921143992145527,-0.7627,-40.07877112517649,-0.7827000000000001,-49.81198486824794
exp427,-1500mV,-0.0107000000000001,-0.501656626932142,-0.1537000000000001,-1.0014741291744595,-0.2077000000000001,-1.505252823056399,-0.2297000000000001,-1.9890840876102416,-0.2456999999999999,-2.5167714024599,-0.2567,-3.002017378313608,-0.2656999999999999,-3.5014104671659654,-0.2736999999999999,-4.0319272046153545,-0.2796999999999999,-4.4973672222709515,-0.2856999999999999,-5.015151558021555,-0.2907,-5.498982822575398,-0.2956999999999999,-6.0464760956231665,-0.2996999999999999,-6.502013134179709,-0.3036999999999999,-7.018382758630446,-0.3077,-7.557387763879025,-0.3107000000000001,-8.003021823336512,-0.3137,-8.47977953139103,-0.3167000000000001,-8.94663426034649,-0.3197,-9.472906863896286,-0.3227000000000001,-10.010497157845,-0.3607000000000001,-19.834252424107817,-0.3866999999999999,-30.17579202612123,-0.4066999999999999,-40.00803556018324,-0.4246999999999999,-50.1373684672169
exp428,-1900mV,-0.6257,-0.50335428049198,-0.6607,-0.9992105910946756,-0.6797000000000001,-1.506667534356264,-0.6927,-2.020207736207272,-0.7017000000000001,-2.4870624651627344,-0.7097000000000001,-3.002017378313608,-0.7167,-3.542437094862052,-0.7217000000000001,-3.985241731719809,-0.7267,-4.491708377071491,-0.7317000000000001,-5.057592897017507,-0.7357000000000001,-5.564059542369189,-0.7387,-5.975740530629915,-0.7427,-6.565675142673635,-0.7456999999999999,-7.050921118527342,-0.7487,-7.565876031678216,-0.7507,-7.929456835743531,-0.7536999999999999,-8.50241491218887,-0.7556999999999999,-8.907022343950272,-0.7587,-9.549301274088998,-0.7607,-10.000594178745946,-0.7927000000000001,-19.97572355409432,-0.8147000000000001,-30.147497800123933,-0.8317,-39.76753463920618,-0.8477,-49.9110146592385
exp429,-1800mV,-0.3946999999999999,-0.503071338232007,-0.4447,-0.9934102747652288,-0.4807,-1.502423400456669,-0.5076999999999999,-1.9975723554094316,-0.5277,-2.4870624651627344,-0.5437,-3.006261512213203,-0.5557,-3.505654601065561,-0.5647000000000001,-3.9809975978202137,-0.5727000000000001,-4.4775612640728415,-0.5797,-4.975539641625334,-0.5857,-5.453712060979717,-0.5917,-6.023840714825327,-0.5967000000000001,-6.554357452274714,-0.6007000000000001,-7.022626892530043,-0.6047000000000001,-7.50504344578402,-0.6087000000000001,-8.007265957236108,-0.6126999999999999,-8.566076920682798,-0.6157,-9.020199247939471,-0.6186999999999999,-9.515348202892236,-0.6217,-10.04445022904176,-0.6657000000000001,-20.00401778009162,-0.6977000000000001,-30.02017378313608,-0.7247,-39.99388844718459,-0.7467,-50.1656626932142
exp430,-1500mV,-0.1377000000000001,-0.4995345599823444,-0.2027,-0.9968055818849048,-0.2247,-1.506667534356264,-0.2387,-1.9975723554094316,-0.2496999999999999,-2.50828313466071,-0.2587,-3.010505646112798,-0.2656999999999999,-3.473116241168665,-0.2727,-3.9909005769192687,-0.2787,-4.491708377071491,-0.2847,-5.0420310727189905,-0.2896999999999999,-5.545668295470944,-0.2936999999999999,-5.96583755153086,-0.2987000000000001,-6.528892648877145,-0.3027000000000001,-7.016968047330582,-0.3067000000000001,-7.526264115281995,-0.3107000000000001,-8.059610275331114,-0.3137,-8.476950108791302,-0.3177,-9.06122587563556,-0.3207000000000001,-9.519592336791831,-0.3237,-9.99069119964689,-0.3737,-20.117194684080825,-0.4086999999999999,-29.96358533114148,-0.4367,-39.83827020419943,-0.4617000000000001,-50.1656626932142
exp431,-1600mV,0.0082999999999999,-0.5080228277815346,-0.0097,-0.9968055818849048,-0.2087,-1.498179266557074,-0.2507,-1.9961576441095663,-0.2736999999999999,-2.51111255726044,-0.2887,-2.989284976614823,-0.3007000000000001,-3.4801897976679905,-0.3117,-4.013535957717109,-0.3197,-4.473317130173245,-0.3277,-5.032128093619936,-0.3337,-5.476347441777556,-0.3397,-5.950275727232344,-0.3457,-6.533136782776739,-0.3507000000000001,-7.015553336030716,-0.3557,-7.51919055878267,-0.3597,-7.997362978137053,-0.3637,-8.452900016693595,-0.3686999999999999,-9.056981741735964,-0.3717,-9.45734503959777,-0.3757,-9.952493994550531,-0.4357000000000001,-19.904987989101063,-0.4777000000000001,-30.06261512213203,-0.5087,-39.83827020419943,-0.5337,-49.85442620724389
exp432,-1500mV,-0.0097,-0.5132572595910353,-0.0247000000000001,-1.0093965124537037,-0.0917000000000001,-1.498179266557074,-0.2107,-2.004645911908757,-0.2347,-2.49413602166206,-0.2496999999999999,-3.006261512213203,-0.2607,-3.519801714064211,-0.2687,-3.9937299995189983,-0.2756999999999999,-4.46058472847446,-0.2827,-5.006663290222365,-0.2887,-5.525862337272833,-0.2936999999999999,-6.005449467927082,-0.2987000000000001,-6.514745535878494,-0.3027000000000001,-6.981600264833956,-0.3067000000000001,-7.465431529387798,-0.3107000000000001,-7.949262793941642,-0.3147000000000001,-8.45148530539373,-0.3187000000000001,-9.05839645303583,-0.3217,-9.467248018696829,-0.3247000000000001,-9.966641107549185,-0.3746999999999999,-20.117194684080825,-0.4097,-30.04846800913338,-0.4387,-40.14950669016974,-0.4627,-49.89686754623985
exp433,-1800mV,-0.5887000000000001,-0.4992516177223714,-0.6337,-1.00953798358369,-0.6517000000000001,-1.4896909987578837,-0.6637000000000001,-2.001816489309027,-0.6717000000000001,-2.4828183312631396,-0.6787,-3.0274821817111786,-0.6837000000000001,-3.505654601065561,-0.6877000000000001,-3.9541180831227782,-0.6917000000000001,-4.473317130173245,-0.6957000000000001,-5.068910587416426,-0.6987,-5.57537723276811,-0.7007,-5.944616882032884,-0.7037000000000001,-6.540210339276065,-0.7057000000000001,-6.967453151835306,-0.7077000000000001,-7.430063746891172,-0.7097000000000001,-7.93228625834326,-0.7117000000000001,-8.464217707092514,-0.7137000000000001,-9.034346360938123,-0.7157000000000001,-9.62852510688144,-0.7167,-9.948249860650938,-0.7387,-19.749369746115914,-0.7536999999999999,-29.69479018416712,-0.7656999999999999,-39.99388844718459,-0.7767000000000001,-50.23639825820745
exp434,-1700mV,-0.2067,-0.5009492712822095,-0.2627,-0.9986447065747294,-0.2887,-1.4925204213576138,-0.3067000000000001,-1.9919135102099716,-0.3207000000000001,-2.49696544426179,-0.3317,-2.9836261314153627,-0.3417,-3.502825178465831,-0.3497,-3.973924041320888,-0.3577,-4.4973672222709515,-0.3646999999999999,-4.9896867546239845,-0.3717,-5.513129935574048,-0.3777,-5.984228798429105,-0.3837,-6.468060062982947,-0.3897,-6.963209017935711,-0.3957,-7.471090374587258,-0.4017,-7.984630576438266,-0.4077,-8.492511933089816,-0.4137,-9.01595511403988,-0.4197000000000001,-9.528080604591022,-0.4246999999999999,-9.973714664048508,-0.5277,-20.046459119087572,-0.5837,-29.977732444140123,-0.6157,-40.02218267318189,-0.6386999999999999,-50.052485789224995
exp435,-1700mV,-0.2127,-0.503071338232007,-0.2516999999999999,-0.9987861777047158,-0.2727,-1.502423400456669,-0.2867,-1.9904987989101068,-0.2976999999999999,-2.4913065990623298,-0.3067000000000001,-2.990699687914687,-0.3147000000000001,-3.502825178465831,-0.3217,-4.01636538031684,-0.3277,-4.4973672222709515,-0.3337,-5.01090742412196,-0.3387000000000001,-5.473518019177827,-0.3447000000000001,-6.042231961723571,-0.3497,-6.543039761875795,-0.3537,-6.953306038836654,-0.3587000000000001,-7.469675663287394,-0.3637,-8.007265957236108,-0.3686999999999999,-8.534953272085767,-0.3726999999999999,-8.974928486343794,-0.3777,-9.519592336791831,-0.3817,-9.9539087058504,-0.4717000000000001,-20.03231200608892,-0.5467000000000001,-29.921143992145527,-0.5957,-39.88071154319538,-0.6297,-50.094927128220945
exp436,-1700mV,-0.4137,-0.5003833867622635,-0.4507,-0.9956738128450128,-0.4727,-1.5137410908555893,-0.4876999999999999,-2.007475334508487,-0.4996999999999999,-2.509697845960575,-0.5096999999999999,-3.0189939139119883,-0.5176999999999999,-3.5014104671659654,-0.5247,-3.9809975978202137,-0.5317,-4.524246736968387,-0.5377,-5.043445784018855,-0.5427000000000001,-5.521618203373238,-0.5477,-6.042231961723571,-0.5517,-6.493524866380518,-0.5557,-6.971697285734901,-0.5597,-7.486652198885773,-0.5637,-8.038389605833139,-0.5667000000000001,-8.47129126359184,-0.5707000000000001,-9.078202411233942,-0.5737,-9.576180788786434,-0.5757,-9.919955634653638,-0.6177,-19.862546650105116,-0.6457,-30.13335068712528,-0.6667,-39.86656443019674,-0.6857000000000001,-50.179809806212845
exp437,-1600mV,-0.2636999999999999,-0.4986857332024254,-0.3147000000000001,-1.000766773524527,-0.3367000000000001,-1.502423400456669,-0.3517,-2.0060606232086218,-0.3626999999999999,-2.485647753862869,-0.3726999999999999,-3.028896893011044,-0.3797,-3.4830192202677206,-0.3866999999999999,-4.007877112517649,-0.3926999999999999,-4.527076159568118,-0.3977,-5.020810403221016,-0.4017,-5.4551267722795815,-0.4066999999999999,-6.0464760956231665,-0.4106999999999999,-6.565675142673635,-0.4137,-6.983014976133821,-0.4166999999999999,-7.422990190391848,-0.4206999999999999,-8.061024986630978,-0.4237000000000001,-8.55334451898401,-0.4266999999999999,-9.08103183383367,-0.4286999999999999,-9.450271483098444,-0.4317000000000001,-10.014741291744594,-0.4727,-19.98987066709297,-0.5027,-29.793819975157668,-0.5277,-39.88071154319538,-0.5487000000000001,-49.95345599823444
exp438,-1900mV,-0.6386999999999999,-0.5026469248420475,-0.6617000000000001,-0.9908637944254716,-0.6747,-1.5137410908555893,-0.6827,-1.9848399537106465,-0.6897000000000001,-2.533747938058281,-0.6947,-3.0232380478115832,-0.6987,-3.4872633541673155,-0.7027,-4.020609514216435,-0.7057000000000001,-4.476146552772976,-0.7087,-4.9826131981246595,-0.7117000000000001,-5.542838872871213,-0.7137000000000001,-5.950275727232344,-0.7157000000000001,-6.387421518890641,-0.7187,-7.101850725322484,-0.7207,-7.612561504573763,-0.7217000000000001,-7.879941940248254,-0.7237000000000001,-8.441582326294675,-0.7257000000000001,-9.040005206137584,-0.7267,-9.352656403407758,-0.7287,-10.007667735245269,-0.7507,-19.721075520118617,-0.7667,-29.66649595816982,-0.7807000000000001,-39.97974133418594,-0.7927000000000001,-49.69880796425874
exp439,-1800mV,-0.5797,-0.503071338232007,-0.6097,-0.9958152839749992,-0.6266999999999999,-1.502423400456669,-0.6386999999999999,-2.021622447507138,-0.6466999999999999,-2.4715006408642193,-0.6547,-3.0274821817111786,-0.6607,-3.5268752705635364,-0.6657000000000001,-4.006462401217783,-0.6707,-4.553955674265553,-0.6747,-5.0420310727189905,-0.6777000000000001,-5.440979659280932,-0.6817000000000001,-6.021011292225596,-0.6847,-6.494939577680383,-0.6877000000000001,-7.004235645631797,-0.6907,-7.550314207379701,-0.6927,-7.933700969643125,-0.6957000000000001,-8.543441539884956,-0.6977000000000001,-8.977757908943524,-0.6997000000000001,-9.42056254580128,-0.7017000000000001,-9.894490831256066,-0.7327,-20.06060623208622,-0.7527,-29.80796708815632,-0.7696999999999999,-39.96559422118728,-0.7847000000000001,-50.26469248420475
exp440,-1900mV,-0.6426999999999999,-0.4954318972127358,-0.6687,-0.9932688036352422,-0.6827,-1.4882762874580184,-0.6927,-2.001816489309027,-0.6997000000000001,-2.4715006408642193,-0.7057000000000001,-2.965234884517117,-0.7107,-3.450480860370824,-0.7157000000000001,-4.014950669016974,-0.7197000000000001,-4.531320293467712,-0.7227,-4.958563106026954,-0.7257000000000001,-5.4225884123826855,-0.7287,-5.929055057734368,-0.7317000000000001,-6.477963042082004,-0.7347,-7.069312365425588,-0.7367,-7.492311044085233,-0.7387,-7.939359814842586,-0.7407,-8.400555698598588,-0.7427,-8.888631097052025,-0.7447,-9.39792716500344,-0.7467,-9.938346881551883,-0.7747,-20.13134179707947,-0.7937,-29.935291105144177,-0.8107000000000001,-40.17780091616704,-0.8247000000000001,-49.67051373826144
exp441,-1500mV,-0.1517000000000001,-0.5020810403221014,-0.1966999999999999,-1.0071329743739197,-0.2177000000000001,-1.506667534356264,-0.2327,-2.021622447507138,-0.2436999999999999,-2.5167714024599,-0.2527,-3.000602667013743,-0.2607,-3.492922199366775,-0.2676999999999999,-4.013535957717109,-0.2736999999999999,-4.498781933570816,-0.2796999999999999,-5.032128093619936,-0.2847,-5.534350605072024,-0.2887,-5.957349283731669,-0.2936999999999999,-6.5317220714768744,-0.2976999999999999,-7.022626892530043,-0.3016999999999999,-7.546070073480105,-0.3047000000000001,-7.940774526142452,-0.3087000000000001,-8.51373260258779,-0.3117,-8.955122528145683,-0.3157,-9.556374830588323,-0.3187000000000001,-10.058597342040413,-0.3697,-20.046459119087572,-0.4117,-30.06261512213203,-0.4507,-40.092918238175145,-0.4797000000000001,-49.967603111233096
exp442,-1700mV,-0.2647,-0.4969880796425873,-0.3137,-1.0043035517741894,-0.3377,-1.4967645552572086,-0.3557,-2.014548891007812,-0.3686999999999999,-2.49979486686152,-0.3797,-2.994943821814283,-0.3886999999999999,-3.4801897976679905,-0.3966999999999999,-3.9781681752204823,-0.4037,-4.466243573673921,-0.4106999999999999,-5.03637222751953,-0.4157,-5.474932730477692,-0.4217000000000001,-6.0464760956231665,-0.4257000000000001,-6.465230640383218,-0.4306999999999999,-7.018382758630446,-0.4347,-7.478163931086583,-0.4387,-7.9690687521397505,-0.4427,-8.48543837659049,-0.4467,-9.014540402740012,-0.4497000000000001,-9.430465524900336,-0.4537000000000001,-10.01332658044473,-0.5067,-20.01816489309027,-0.5437,-30.09090934812933,-0.5707000000000001,-39.90900576919269,-0.5937,-50.15151558021555
exp443,-1600mV,-0.2137000000000001,-0.4950074838227763,-0.2516999999999999,-1.000766773524527,-0.2716999999999999,-1.498179266557074,-0.2856999999999999,-1.9989870667092968,-0.2967000000000001,-2.506868423360845,-0.3056999999999999,-3.0119203574126634,-0.3137,-3.5282899818634013,-0.3207000000000001,-4.030512493315489,-0.3267000000000001,-4.508684912669872,-0.3327000000000001,-5.02505453712061,-0.3377,-5.493323977375938,-0.3427000000000001,-5.968666974130589,-0.3477,-6.4864513098811925,-0.3527000000000001,-7.025456315129772,-0.3567000000000001,-7.469675663287394,-0.3607000000000001,-7.94360394874218,-0.3657,-8.557588652883606,-0.3697,-9.0555670304361,-0.3726999999999999,-9.447442060498714,-0.3766999999999999,-9.952493994550531,-0.4387,-19.947429328097016,-0.4847,-29.921143992145527,-0.5196999999999999,-39.93729999518999,-0.5487000000000001,-50.0807800152223
exp444,-1500mV,0.0022999999999999,-0.505334876311791,-0.1827,-1.004445022904176,-0.2197000000000001,-1.505252823056399,-0.2387,-2.008890045808352,-0.2516999999999999,-2.50262428946125,-0.2616999999999999,-3.002017378313608,-0.2696999999999999,-3.5014104671659654,-0.2767,-4.007877112517649,-0.2827,-4.508684912669872,-0.2876999999999999,-4.979783775524929,-0.2927,-5.518788780773508,-0.2967000000000001,-5.975740530629915,-0.3007000000000001,-6.4864513098811925,-0.3047000000000001,-7.025456315129772,-0.3077,-7.437137303390498,-0.3117,-8.039804317133003,-0.3147000000000001,-8.503829623488736,-0.3177,-9.020199247939471,-0.3207000000000001,-9.535154161090349,-0.3237,-10.06142676464014,-0.3677,-20.03231200608892,-0.4006999999999999,-30.161644913122583,-0.4266999999999999,-39.93729999518999,-0.4497000000000001,-50.06663290222365
exp445,-1800mV,-0.4437000000000001,-0.4988272043324118,-0.5127,-0.9990691199646888,-0.5447000000000001,-1.505252823056399,-0.5627000000000001,-1.9848399537106465,-0.5757,-2.50262428946125,-0.5857,-3.0232380478115832,-0.5927000000000001,-3.4872633541673155,-0.5997,-4.033341915915219,-0.6047000000000001,-4.481805397972437,-0.6097,-4.991101465923849,-0.6146999999999999,-5.5541565632701335,-0.6186999999999999,-6.040817250423707,-0.6217,-6.4397658369856465,-0.6257,-7.002820934331931,-0.6286999999999999,-7.455528550288744,-0.6317,-7.976142308639078,-0.6346999999999999,-8.452900016693595,-0.6377,-9.011710980140284,-0.6397,-9.410659566702224,-0.6426999999999999,-10.000594178745946,-0.6777000000000001,-20.07475334508487,-0.7007,-29.822114201154974,-0.7197000000000001,-40.17780091616704,-0.7357000000000001,-50.26469248420475
exp446,-1900mV,-0.6486999999999999,-0.4965636662526278,-0.6727,-0.9987861777047158,-0.6857000000000001,-1.4939351326574788,-0.6947,-1.9848399537106465,-0.7017000000000001,-2.4870624651627344,-0.7077000000000001,-3.0204086252118536,-0.7127,-3.552340073961107,-0.7167,-4.040415472414544,-0.7197000000000001,-4.44643761547581,-0.7237000000000001,-5.051934051818047,-0.7267,-5.564059542369189,-0.7287,-5.927640346434504,-0.7317000000000001,-6.510501401978899,-0.7337000000000001,-6.927841235439085,-0.7367,-7.599829102874978,-0.7387,-8.079416233529225,-0.7407,-8.580224033681448,-0.7427,-9.105081925931376,-0.7436999999999999,-9.376706495505465,-0.7456999999999999,-9.936932170252016,-0.7727,-20.159636023076775,-0.7917,-30.00602667013743,-0.8087000000000001,-40.24853648116029,-0.8237,-50.010044450229046
exp447,-1800mV,-0.4497000000000001,-0.5001004445022904,-0.4907,-0.9928443902452826,-0.5127,-1.4896909987578837,-0.5277,-1.9834252424107812,-0.5397,-2.5012095781613843,-0.5487000000000001,-2.9878702653149576,-0.5567000000000001,-3.509898734965156,-0.5627000000000001,-3.962606350921967,-0.5687000000000001,-4.481805397972437,-0.5737,-4.965636662526279,-0.5787000000000001,-5.507471090374587,-0.5827000000000001,-5.978569953229646,-0.5867000000000001,-6.487866021181058,-0.5907000000000001,-7.038188716828557,-0.5937,-7.479578642386449,-0.5967000000000001,-7.946433371341912,-0.5997,-8.44299703759454,-0.6027000000000001,-8.950878394246088,-0.6057,-9.49412753339426,-0.6087000000000001,-10.069915032439331,-0.6466999999999999,-19.98987066709297,-0.6727,-30.02017378313608,-0.6937000000000001,-39.83827020419943,-0.7127,-50.15151558021555
exp448,-1800mV,-0.5567000000000001,-0.4974124930325468,-0.5837,-1.0013326580444728,-0.5987000000000001,-1.512326379555724,-0.6087000000000001,-2.0004017780091616,-0.6166999999999999,-2.5012095781613843,-0.6226999999999999,-2.9595760393176564,-0.6286999999999999,-3.4943369106666404,-0.6337,-4.009291823817514,-0.6377,-4.467658284973785,-0.6417,-4.976954352925199,-0.6457,-5.534350605072024,-0.6486999999999999,-5.99130235492843,-0.6517000000000001,-6.477963042082004,-0.6547,-6.999991511732201,-0.6577000000000001,-7.555973052579161,-0.6597000000000001,-7.949262793941642,-0.6627,-8.564662209382933,-0.6647,-8.998978578441498,-0.6667,-9.453100905698175,-0.6687,-9.922785057253368,-0.6997000000000001,-19.820105311109163,-0.7217000000000001,-30.17579202612123,-0.7387,-40.191948029165694,-0.7536999999999999,-50.1373684672169
exp449,-1700mV,-0.2636999999999999,-0.4965636662526278,-0.3036999999999999,-1.0035961961242568,-0.3257,-1.499593977856939,-0.3427000000000001,-2.013134179707947,-0.3557,-2.49979486686152,-0.3677,-3.010505646112798,-0.3777,-3.4830192202677206,-0.3877,-3.999388844718459,-0.3966999999999999,-4.501611356170546,-0.4057,-5.0292986710202054,-0.4137,-5.5145446468739125,-0.4206999999999999,-5.981399375829374,-0.4286999999999999,-6.520404381077953,-0.4347,-6.960379595335981,-0.4417000000000001,-7.480993353686313,-0.4487,-8.029901338033948,-0.4547,-8.534953272085767,-0.4607,-9.04424934003718,-0.4657000000000001,-9.48563926559507,-0.4707,-9.958152839749992,-0.5457,-19.947429328097016,-0.5877,-30.161644913122583,-0.6137,-40.00803556018324,-0.6337,-50.179809806212845
exp450,-1500mV,-0.1277000000000001,-0.4996760311123309,-0.1907000000000001,-0.9958152839749992,-0.2127,-1.5080822456561291,-0.2257000000000001,-1.9890840876102416,-0.2357000000000001,-2.50545371206098,-0.2436999999999999,-2.965234884517117,-0.2516999999999999,-3.539607672262322,-0.2567,-3.964021062221832,-0.2627,-4.491708377071491,-0.2676999999999999,-5.01373684672169,-0.2727,-5.535765316371888,-0.2767,-6.033743693924381,-0.2807,-6.494939577680383,-0.2836999999999999,-6.954720750136521,-0.2876999999999999,-7.4767492197867185,-0.2916999999999999,-8.004436534636376,-0.2956999999999999,-8.557588652883606,-0.2987000000000001,-9.0555670304361,-0.3007000000000001,-9.412074278002088,-0.3047000000000001,-10.018985425644187,-0.3527000000000001,-20.10304757108217,-0.3886999999999999,-30.11920357412663,-0.4157,-40.12121246417244,-0.4417000000000001,-49.93930888523579
exp451,-1700mV,-0.3477,-0.501090742412196,-0.4286999999999999,-1.008406214543798,-0.4587,-1.502423400456669,-0.4787,-2.014548891007812,-0.4927,-2.49979486686152,-0.5036999999999999,-2.9807967088156326,-0.5136999999999999,-3.5141428688647514,-0.5216999999999999,-4.019194802916569,-0.5287000000000001,-4.532735004767577,-0.5347000000000001,-5.046275206618586,-0.5397,-5.508885801674452,-0.5447000000000001,-6.028084848724921,-0.5487000000000001,-6.470889485582678,-0.5527000000000001,-6.970282574435036,-0.5567000000000001,-7.49089633278537,-0.5597,-7.929456835743531,-0.5637,-8.501000200889004,-0.5667000000000001,-8.993319733242037,-0.5697,-9.513933491592372,-0.5727000000000001,-10.017570714344323,-0.6117,-20.00401778009162,-0.6377,-30.13335068712528,-0.6577000000000001,-40.12121246417244,-0.6747,-50.094927128220945
exp452,-1700mV,-0.4037,-0.4992516177223714,-0.4427,-0.9949664571950804,-0.4657000000000001,-1.5038381117565338,-0.4807,-1.980595819811051,-0.4927,-2.478574197363544,-0.5027,-2.9935291105144173,-0.5107,-3.4858486428674507,-0.5176999999999999,-3.988071154319539,-0.5236999999999999,-4.480390686672571,-0.5297,-5.0292986710202054,-0.5347000000000001,-5.542838872871213,-0.5387000000000001,-5.99130235492843,-0.5427000000000001,-6.476548330782138,-0.5467000000000001,-6.998576800432337,-0.5507000000000001,-7.561631897778621,-0.5537,-8.011510091135703,-0.5567000000000001,-8.491097221789948,-0.5597,-8.994734444541903,-0.5627000000000001,-9.528080604591022,-0.5657,-10.089720990637442,-0.6037,-20.06060623208622,-0.6286999999999999,-30.04846800913338,-0.6486999999999999,-40.05047689917919,-0.6657000000000001,-49.76954352925199
exp453,-1900mV,-0.5867000000000001,-0.501656626932142,-0.6126999999999999,-1.0082647434138117,-0.6266999999999999,-1.4896909987578837,-0.6377,-2.0258665814067327,-0.6457,-2.533747938058281,-0.6517000000000001,-2.9921143992145525,-0.6577000000000001,-3.5268752705635364,-0.6627,-4.040415472414544,-0.6667,-4.495952510971087,-0.6707,-5.001004445022905,-0.6747,-5.552741851970269,-0.6777000000000001,-6.005449467927082,-0.6807,-6.4864513098811925,-0.6837000000000001,-6.999991511732201,-0.6867,-7.548899496079835,-0.6887,-7.930871547043396,-0.6917000000000001,-8.537782694685495,-0.6937000000000001,-8.962196084645006,-0.6957000000000001,-9.407830144102494,-0.6987,-10.096794547136763,-0.7307,-20.00401778009162,-0.7536999999999999,-29.864555540150924,-0.7736999999999999,-40.135359577171094,-0.7907000000000001,-49.84027909424525
exp454,-1700mV,-0.3147000000000001,-0.4954318972127358,-0.3537,-0.9997764756146216,-0.3786999999999999,-1.4911057100577487,-0.3997,-2.008890045808352,-0.4166999999999999,-2.4927213103621946,-0.4327,-3.0147497800123935,-0.4457000000000001,-3.4957516219665052,-0.4577000000000001,-3.985241731719809,-0.4687,-4.498781933570816,-0.4787,-5.026469248420476,-0.4867,-5.497568111275533,-0.4947,-6.029499560024787,-0.5007,-6.475133619482273,-0.5076999999999999,-7.035359294228828,-0.5127,-7.473919797186989,-0.5176999999999999,-7.960580484340561,-0.5227,-8.472705974891705,-0.5277,-9.037175783537856,-0.5317,-9.535154161090349,-0.5357,-10.04727965164149,-0.5827000000000001,-20.13134179707947,-0.6077,-30.06261512213203,-0.6257,-39.696799074212926,-0.6417,-50.0807800152223
exp455,-1900mV,-0.5687000000000001,-0.4975539641625333,-0.6027000000000001,-1.0099623969736498,-0.6197,-1.4967645552572086,-0.6317,-1.9975723554094316,-0.6406999999999999,-2.4870624651627344,-0.6486999999999999,-3.024652759111448,-0.6547,-3.5014104671659654,-0.6597000000000001,-3.956947505722508,-0.6647,-4.467658284973785,-0.6697000000000001,-5.0420310727189905,-0.6737000000000001,-5.552741851970269,-0.6767,-5.968666974130589,-0.6807,-6.56143100877404,-0.6837000000000001,-7.041018139428288,-0.6867,-7.548899496079835,-0.6887,-7.909650877545419,-0.6917000000000001,-8.47412068619157,-0.6947,-9.07537298863421,-0.6967,-9.49695695599399,-0.6987,-9.932688036352424,-0.7327,-20.046459119087572,-0.7556999999999999,-29.892849766148224,-0.7747,-39.78168175220483,-0.7917,-50.0807800152223
exp456,-1800mV,-0.6057,-0.5012322135421824,-0.6246999999999999,-1.012084463923447,-0.6346999999999999,-1.4826174422585583,-0.6426999999999999,-2.013134179707947,-0.6486999999999999,-2.5280890928588207,-0.6537000000000001,-3.0515322738088844,-0.6577000000000001,-3.539607672262322,-0.6607,-3.9541180831227782,-0.6647,-4.572346921163798,-0.6667,-4.914707055731138,-0.6697000000000001,-5.473518019177827,-0.6727,-6.081843878119792,-0.6747,-6.520404381077953,-0.6767,-6.988673821333281,-0.6787,-7.479578642386449,-0.6807,-8.000192400736783,-0.6827,-8.55051509638428,-0.6847,-9.133376151928676,-0.6857000000000001,-9.434709658799928,-0.6877000000000001,-10.062841475940006,-0.7117000000000001,-20.230371588070028,-0.7287,-30.204086252118536,-0.7427,-39.83827020419943,-0.7556999999999999,-49.71295507725739
exp457,-1800mV,-0.5967000000000001,-0.4972710219025603,-0.6137,-0.9801119885464974,-0.6237,-1.4967645552572086,-0.6306999999999999,-2.024451870106867,-0.6357,-2.51111255726044,-0.6397,-2.9836261314153627,-0.6437,-3.539607672262322,-0.6466999999999999,-4.019194802916569,-0.6497,-4.556785096865283,-0.6517000000000001,-4.951489549527628,-0.6547,-5.600842036165679,-0.6567,-6.0719408990207375,-0.6587,-6.575578121772692,-0.6607,-7.115997838321134,-0.6617000000000001,-7.398940098294142,-0.6637000000000001,-7.990289421637726,-0.6657000000000001,-8.621250661377534,-0.6667,-8.950878394246088,-0.6687,-9.638428085980497,-0.6697000000000001,-9.997764756146214,-0.6907,-19.791811085111863,-0.7067,-29.90699687914687,-0.7207,-40.220242255162994,-0.7327,-49.86857332024254
exp458,-1900mV,-0.6787,-0.4993930888523579,-0.7017000000000001,-1.0123674061834202,-0.7137000000000001,-1.4854468648582886,-0.7227,-1.9834252424107812,-0.7297000000000001,-2.4814036199632743,-0.7357000000000001,-3.000602667013743,-0.7407,-3.5113134462650213,-0.7447,-3.9725093300210226,-0.7487,-4.488878954471762,-0.7527,-5.0618370309171015,-0.7556999999999999,-5.531521182472294,-0.7587,-6.0323289826245166,-0.7616999999999999,-6.574163410472826,-0.7636999999999999,-6.956135461436385,-0.7667,-7.561631897778621,-0.7687,-7.987459999037997,-0.7707,-8.430264635895755,-0.7727,-8.891460519651757,-0.7757,-9.618622127782384,-0.7777,-10.126503484433933,-0.8077,-19.98987066709297,-0.8307000000000001,-30.204086252118536,-0.8497,-40.12121246417244,-0.8666999999999999,-49.98175022423175
exp459,-1400mV,-0.1367,-0.4968466085126009,-0.1717000000000001,-0.9897320253855796,-0.1897000000000002,-1.4939351326574788,-0.2017000000000001,-1.9919135102099716,-0.2107,-2.485647753862869,-0.2177000000000001,-2.968064307116847,-0.2247,-3.5381929609624567,-0.2297000000000001,-4.009291823817514,-0.2347,-4.541223272566767,-0.2387,-5.015151558021555,-0.2427,-5.5272770485726985,-0.2456999999999999,-5.936128614233694,-0.2496999999999999,-6.533136782776739,-0.2527,-7.008479779531392,-0.2556999999999999,-7.50504344578402,-0.2587,-8.038389605833139,-0.2616999999999999,-8.588712301480637,-0.2636999999999999,-8.979172620243387,-0.2667,-9.58042492268603,-0.2687,-10.000594178745946,-0.3056999999999999,-19.98987066709297,-0.3327000000000001,-30.06261512213203,-0.3547000000000001,-40.00803556018324,-0.3737,-49.85442620724389
exp460,-1900mV,-0.6157,-0.4967051373826143,-0.6426999999999999,-1.0088306279337578,-0.6577000000000001,-1.501008689156804,-0.6687,-2.0032312006088917,-0.6777000000000001,-2.5295038041586855,-0.6847,-3.0274821817111786,-0.6907,-3.522631136663941,-0.6957000000000001,-3.9909005769192687,-0.7007,-4.514343757869332,-0.7047,-4.976954352925199,-0.7087,-5.476347441777556,-0.7127,-6.019596580925731,-0.7157000000000001,-6.458157083883892,-0.7187,-6.920767678939759,-0.7227,-7.5814378559767315,-0.7247,-7.929456835743531,-0.7277000000000001,-8.476950108791302,-0.7307,-9.054152319136236,-0.7327,-9.455930328297908,-0.7357000000000001,-10.082647434138115,-0.7707,-19.904987989101063,-0.7957,-29.90699687914687,-0.8167000000000001,-40.12121246417244,-0.8347000000000001,-50.038338676226346
exp461,-1900mV,-0.6386999999999999,-0.4940171859128707,-0.6607,-0.9949664571950804,-0.6737000000000001,-1.5193999360550492,-0.6817000000000001,-1.970692840711996,-0.6887,-2.4715006408642193,-0.6947,-2.9921143992145525,-0.6997000000000001,-3.502825178465831,-0.7037000000000001,-3.9668504848215624,-0.7077000000000001,-4.481805397972437,-0.7117000000000001,-5.0547634744177765,-0.7147,-5.524447625972968,-0.7177000000000001,-6.029499560024787,-0.7207,-6.569919276573231,-0.7227,-6.950476616236925,-0.7257000000000001,-7.558802475178892,-0.7277000000000001,-7.986045287738133,-0.7297000000000001,-8.428849924595887,-0.7317000000000001,-8.891460519651757,-0.7347,-9.62286626168198,-0.7357000000000001,-9.873270161758091,-0.7667,-20.07475334508487,-0.7887000000000001,-29.949438218142824,-0.8077,-40.00803556018324,-0.8247000000000001,-50.024191563227696
exp462,-1500mV,-0.1457000000000001,-0.5027883959720341,-0.1977000000000001,-0.9953908705850396,-0.2217000000000001,-1.502423400456669,-0.2376999999999999,-2.004645911908757,-0.2496999999999999,-2.49979486686152,-0.2596999999999999,-2.996358533114148,-0.2687,-3.5212164253640763,-0.2756999999999999,-3.982412309120079,-0.2827,-4.490293665771627,-0.2887,-4.967051373826144,-0.2947000000000001,-5.487665132176478,-0.2996999999999999,-5.950275727232344,-0.3056999999999999,-6.55011331837512,-0.3097,-6.966038440535441,-0.3147000000000001,-7.52767882658186,-0.3187000000000001,-7.998777689436918,-0.3227000000000001,-8.498170778289277,-0.3267000000000001,-9.013125691440148,-0.3307000000000001,-9.550715985388862,-0.3337,-9.97654408664824,-0.3877,-19.961576441095666,-0.4246999999999999,-30.04846800913338,-0.4537000000000001,-40.07877112517649,-0.4777000000000001,-49.925161772237146
exp463,-1700mV,-0.4186999999999999,-0.5015151558021554,-0.4487,-0.9914296789454178,-0.4667,-1.4939351326574788,-0.4797000000000001,-1.9975723554094316,-0.4896999999999999,-2.4955507329619246,-0.4976999999999999,-2.9807967088156326,-0.5047,-3.4632132620696097,-0.5116999999999999,-4.0220242255163,-0.5167,-4.466243573673921,-0.5216999999999999,-4.951489549527628,-0.5267000000000001,-5.483420998276882,-0.5317,-6.0592084973219515,-0.5357,-6.55577216357458,-0.5387000000000001,-6.954720750136521,-0.5427000000000001,-7.51919055878267,-0.5457,-7.961995195640427,-0.5487000000000001,-8.434508769795347,-0.5517,-8.922584168248786,-0.5547000000000001,-9.436124370099794,-0.5577,-9.980788220547833,-0.5977,-20.03231200608892,-0.6246999999999999,-30.204086252118536,-0.6446999999999999,-39.75338752620753,-0.6637000000000001,-50.1656626932142
exp464,-1900mV,-0.6166999999999999,-0.5020810403221014,-0.6446999999999999,-0.9956738128450128,-0.6607,-1.5094969569559942,-0.6707,-1.9735222633117264,-0.6797000000000001,-2.5139419798601703,-0.6867,-3.0387998721100984,-0.6917000000000001,-3.4745309524685304,-0.6967,-3.9725093300210226,-0.7017000000000001,-4.535564427367307,-0.7057000000000001,-5.040616361419126,-0.7087,-5.452297349679851,-0.7127,-6.047890806923031,-0.7157000000000001,-6.53030736017701,-0.7187,-7.045262273327882,-0.7207,-7.410257788693063,-0.7237000000000001,-7.983215865138402,-0.7267,-8.595785857979964,-0.7287,-9.024443381839069,-0.7307,-9.470077441296556,-0.7327,-9.934102747652288,-0.7647,-19.876693763103766,-0.7877,-30.00602667013743,-0.8067000000000001,-40.06462401217784,-0.8237,-50.179809806212845
exp465,-1700mV,-0.3487000000000001,-0.5032128093619935,-0.3757,-0.9992105910946756,-0.3917,-1.4896909987578837,-0.4037,-2.004645911908757,-0.4126999999999999,-2.49696544426179,-0.4206999999999999,-3.0147497800123935,-0.4266999999999999,-3.4702868185689346,-0.4327,-3.968265196121428,-0.4387,-4.521417314368658,-0.4437000000000001,-5.040616361419126,-0.4477000000000001,-5.482006286977017,-0.4517000000000001,-5.961593417631265,-0.4557000000000001,-6.502013134179709,-0.4597000000000001,-7.028285737729503,-0.4627,-7.462602106788069,-0.4667,-8.015754225035298,-0.4697000000000001,-8.475535397491434,-0.4737000000000001,-9.0555670304361,-0.4767,-9.458759750897634,-0.4797000000000001,-9.939761592851749,-0.5387000000000001,-20.08890045808352,-0.5867000000000001,-30.07676223513068,-0.6257,-40.07877112517649,-0.6557000000000001,-49.93930888523579
exp466,-1500mV,-0.1957000000000001,-0.50335428049198,-0.2407,-1.0076988588938656,-0.2596999999999999,-1.4826174422585583,-0.2727,-1.9777663972113213,-0.2836999999999999,-2.5167714024599,-0.2916999999999999,-3.004846800913338,-0.2987000000000001,-3.4801897976679905,-0.3056999999999999,-4.0446596063141405,-0.3107000000000001,-4.483220109272302,-0.3157,-4.967051373826144,-0.3207000000000001,-5.487665132176478,-0.3257,-6.050720229522762,-0.3297,-6.5317220714768744,-0.3337,-7.0367740055286925,-0.3367000000000001,-7.445625571189688,-0.3407000000000001,-8.011510091135703,-0.3437,-8.45148530539373,-0.3467000000000001,-8.923998879548652,-0.3507000000000001,-9.566277809687378,-0.3537,-10.069915032439331,-0.3977,-19.890840876102416,-0.4286999999999999,-30.09090934812933,-0.4517000000000001,-39.76753463920618,-0.4717000000000001,-50.052485789224995
exp467,-1700mV,-0.4457000000000001,-0.5009492712822095,-0.4827,-1.002181484824392,-0.5007,-1.4882762874580184,-0.5127,-1.9876693763103763,-0.5216999999999999,-2.4842330425630044,-0.5287000000000001,-2.970893729716577,-0.5347000000000001,-3.4617985507697444,-0.5407000000000001,-4.033341915915219,-0.5447000000000001,-4.471902418873381,-0.5487000000000001,-4.955733683427223,-0.5527000000000001,-5.480591575677152,-0.5567000000000001,-6.062037919921682,-0.5597,-6.54445447317566,-0.5627000000000001,-7.048091695927613,-0.5647000000000001,-7.4173313451923875,-0.5677,-7.983215865138402,-0.5707000000000001,-8.597200569279828,-0.5727000000000001,-9.027272804438798,-0.5747000000000001,-9.489883399494666,-0.5767000000000001,-9.951079283250667,-0.6087000000000001,-19.820105311109163,-0.6326999999999999,-30.17579202612123,-0.6517000000000001,-40.17780091616704,-0.6677000000000001,-49.88272043324119
exp468,-1900mV,-0.6317,-0.5017980980621284,-0.6607,-1.0088306279337578,-0.6767,-1.5151558021554543,-0.6877000000000001,-2.0159636023076772,-0.6957000000000001,-2.4884771764625997,-0.7027,-2.9921143992145525,-0.7087,-3.508484023665291,-0.7137000000000001,-4.003632978618054,-0.7177000000000001,-4.447852326775675,-0.7217000000000001,-4.940171859128707,-0.7257000000000001,-5.484835709576747,-0.7287,-5.929055057734368,-0.7327,-6.571333987873095,-0.7347,-6.917938256340029,-0.7376999999999999,-7.465431529387798,-0.7407,-8.053951430131654,-0.7427,-8.467047129692245,-0.7447,-8.899948787450944,-0.7476999999999999,-9.583254345285756,-0.7496999999999999,-10.064256187239872,-0.7797,-19.848399537106463,-0.8017,-30.24652759111449,-0.8187000000000001,-39.97974133418594,-0.8347000000000001,-50.29298671020206
exp469,-1400mV,-0.0267000000000001,-0.5049104629218315,-0.1267,-1.0002008890045808,-0.1657000000000001,-1.4939351326574788,-0.1837000000000002,-2.0103047571082175,-0.1946999999999999,-2.4743300634639493,-0.2037000000000001,-2.990699687914687,-0.2107,-3.475945663768395,-0.2167,-3.9937299995189983,-0.2217000000000001,-4.473317130173245,-0.2267,-5.01939569192115,-0.2307,-5.504641667774858,-0.2347,-6.035158405224247,-0.2376999999999999,-6.506257268079304,-0.2407,-6.958964884036115,-0.2436999999999999,-7.4753345084868545,-0.2467,-8.005851245936244,-0.2496999999999999,-8.588712301480637,-0.2516999999999999,-8.983416754142983,-0.2536999999999999,-9.410659566702224,-0.2567,-10.074159166338926,-0.2896999999999999,-19.848399537106463,-0.3137,-29.80796708815632,-0.3347000000000001,-40.03632978618054,-0.3517,-49.75539641625335
exp470,-1800mV,-0.6097,-0.4971295507725738,-0.6337,-0.9912882078154313,-0.6466999999999999,-1.4868615761581534,-0.6557000000000001,-1.982010531110916,-0.6627,-2.485647753862869,-0.6687,-3.0161644913122583,-0.6737000000000001,-3.541022383562187,-0.6777000000000001,-4.027683070715759,-0.6817000000000001,-4.569517498564068,-0.6847,-5.023639825820745,-0.6877000000000001,-5.518788780773508,-0.6907,-6.053549652122491,-0.6927,-6.438351125685783,-0.6957000000000001,-7.050921118527342,-0.6977000000000001,-7.49089633278537,-0.6997000000000001,-7.947848082641776,-0.7017000000000001,-8.430264635895755,-0.7037000000000001,-8.936731281247436,-0.7057000000000001,-9.467248018696829,-0.7077000000000001,-10.023229559543786,-0.7347,-20.17378313607542,-0.7527,-29.708937297165768,-0.7687,-39.86656443019674,-0.7827000000000001,-49.84027909424525
exp471,-1700mV,-0.3337,-0.4992516177223714,-0.3737,-1.00670856098396,-0.3957,-1.4911057100577487,-0.4117,-1.9848399537106465,-0.4246999999999999,-2.506868423360845,-0.4347,-2.997773244414013,-0.4437000000000001,-3.5141428688647514,-0.4507,-3.975338752620753,-0.4577000000000001,-4.486049531872031,-0.4637000000000001,-4.968466085126009,-0.4697000000000001,-5.5018122451751275,-0.4747,-5.98281408712924,-0.4797000000000001,-6.502013134179709,-0.4837000000000001,-6.944817771037465,-0.4887,-7.53899651698078,-0.4927,-8.052536718831789,-0.4956999999999999,-8.457144150593189,-0.4996999999999999,-9.02161395923934,-0.5027,-9.47149215259642,-0.5056999999999999,-9.945420438051208,-0.5497,-19.890840876102416,-0.5777,-29.90699687914687,-0.5997,-39.96559422118728,-0.6186999999999999,-50.0807800152223
exp472,-1900mV,-0.5777,-0.5013736846721689,-0.6057,-0.9955323417150264,-0.6217,-1.505252823056399,-0.6326999999999999,-2.0004017780091616,-0.6417,-2.5196008250596305,-0.6486999999999999,-3.002017378313608,-0.6547,-3.4816045089678553,-0.6607,-4.024853648116029,-0.6657000000000001,-4.532735004767577,-0.6697000000000001,-4.976954352925199,-0.6737000000000001,-5.457956194879311,-0.6777000000000001,-5.975740530629915,-0.6817000000000001,-6.5317220714768744,-0.6847,-6.974526708334631,-0.6877000000000001,-7.441381437290093,-0.6907,-7.93228625834326,-0.6937000000000001,-8.447241171494134,-0.6967,-8.987660888042578,-0.6997000000000001,-9.557789541888187,-0.7017000000000001,-9.949664571950803,-0.7396999999999999,-19.876693763103766,-0.7667,-30.07676223513068,-0.7877,-39.83827020419943,-0.8067000000000001,-49.9110146592385
exp473,-1800mV,-0.4857000000000001,-0.502222511452088,-0.5297,-1.0065670898539736,-0.5537,-1.4896909987578837,-0.5707000000000001,-1.9961576441095663,-0.5837,-2.5139419798601703,-0.5937,-3.009090934812933,-0.6017,-3.4858486428674507,-0.6097,-4.0319272046153545,-0.6157,-4.5044407787702765,-0.6217,-5.01939569192115,-0.6266999999999999,-5.490494554776207,-0.6317,-6.00262004532735,-0.6357,-6.448254104784837,-0.6397,-6.944817771037465,-0.6437,-7.461187395488204,-0.6477,-8.03273076063368,-0.6507,-8.475535397491434,-0.6537000000000001,-8.942390126446897,-0.6567,-9.44319792659912,-0.6597000000000001,-9.958152839749992,-0.6987,-19.947429328097016,-0.7227,-29.80796708815632,-0.7427,-40.14950669016974,-0.7596999999999999,-50.23639825820745
exp474,-1500mV,0.0012999999999998,-0.5060422319617235,-0.1847000000000001,-0.9979373509247969,-0.2237000000000001,-1.501008689156804,-0.2416999999999999,-2.0004017780091616,-0.2536999999999999,-2.4898918877624645,-0.2636999999999999,-3.0161644913122583,-0.2707,-3.475945663768395,-0.2776999999999999,-3.985241731719809,-0.2836999999999999,-4.510099623969737,-0.2887,-4.991101465923849,-0.2936999999999999,-5.520203492073373,-0.2976999999999999,-5.989887643628566,-0.3016999999999999,-6.468060062982947,-0.3056999999999999,-7.018382758630446,-0.3087000000000001,-7.448454993789417,-0.3127000000000001,-8.0440484510326,-0.3157,-8.543441539884956,-0.3187000000000001,-9.031516938338395,-0.3217,-9.557789541888187,-0.3237,-9.918540923353772,-0.3657,-19.919135102099716,-0.3957,-30.03432089613473,-0.4197000000000001,-39.93729999518999,-0.4407,-49.8261319812466
exp475,-1500mV,-0.1707,-0.4999589733723039,-0.2147,-1.0122259350534335,-0.2347,-1.510911668255859,-0.2476999999999999,-1.9904987989101068,-0.2587,-2.509697845960575,-0.2667,-2.9850408427152275,-0.2747,-3.525460559263671,-0.2807,-3.9838270204199433,-0.2867,-4.487464243171897,-0.2916999999999999,-4.955733683427223,-0.2967000000000001,-5.452297349679851,-0.3016999999999999,-5.9884729323287,-0.3067000000000001,-6.548698607075254,-0.3107000000000001,-7.042432850728153,-0.3147000000000001,-7.529093537881726,-0.3187000000000001,-8.051122007531923,-0.3217,-8.458558861893053,-0.3247000000000001,-8.965025507244738,-0.3287000000000001,-9.526665893291156,-0.3317,-9.977958797948103,-0.3846999999999999,-19.890840876102416,-0.4246999999999999,-30.147497800123933,-0.4557000000000001,-40.03632978618054,-0.4827,-49.8261319812466
exp476,-1900mV,-0.6166999999999999,-0.504768991791845,-0.6457,-1.006142676464014,-0.6617000000000001,-1.505252823056399,-0.6727,-1.9890840876102416,-0.6817000000000001,-2.49979486686152,-0.6887,-2.9921143992145525,-0.6947,-3.4787750863681253,-0.7007,-4.033341915915219,-0.7047,-4.447852326775675,-0.7097000000000001,-5.01939569192115,-0.7137000000000001,-5.525862337272833,-0.7177000000000001,-6.067696765121143,-0.7207,-6.504842556779439,-0.7237000000000001,-6.970282574435036,-0.7267,-7.461187395488204,-0.7297000000000001,-7.978971731238807,-0.7327,-8.526465004286575,-0.7347,-8.907022343950272,-0.7376999999999999,-9.501201089893586,-0.7396999999999999,-9.911467366854446,-0.7767000000000001,-19.97572355409432,-0.8037,-30.17579202612123,-0.8257,-40.17780091616704,-0.8447000000000001,-50.0807800152223
exp477,-1800mV,-0.4797000000000001,-0.5026469248420475,-0.5267000000000001,-0.9996350044846348,-0.5537,-1.4939351326574788,-0.5727000000000001,-2.013134179707947,-0.5857,-2.4983801555616547,-0.5957,-2.977967286215902,-0.6047000000000001,-3.515557580164616,-0.6117,-4.020609514216435,-0.6177,-4.532735004767577,-0.6226999999999999,-5.023639825820745,-0.6266999999999999,-5.466444462678503,-0.6306999999999999,-5.954519861131939,-0.6346999999999999,-6.494939577680383,-0.6377,-6.93774421453814,-0.6406999999999999,-7.428649035591308,-0.6437,-7.954921639141101,-0.6466999999999999,-8.526465004286575,-0.6486999999999999,-8.931072436047977,-0.6517000000000001,-9.576180788786434,-0.6537000000000001,-10.0387913838423,-0.6827,-19.904987989101063,-0.7017000000000001,-30.04846800913338,-0.7167,-39.93729999518999,-0.7297000000000001,-49.68466085126009
exp478,-1900mV,-0.6687,-0.4981198486824793,-0.6957000000000001,-0.9935517458952152,-0.7107,-1.4882762874580184,-0.7217000000000001,-2.0103047571082175,-0.7297000000000001,-2.50262428946125,-0.7367,-3.0274821817111786,-0.7416999999999999,-3.4646279733694745,-0.7467,-3.958362217022373,-0.7516999999999999,-4.5171731804690625,-0.7556999999999999,-5.015151558021555,-0.7596999999999999,-5.5598154084695945,-0.7627,-5.9997906227276205,-0.7656999999999999,-6.469474774282813,-0.7687,-6.970282574435036,-0.7716999999999999,-7.50221402318429,-0.7747,-8.068098543130306,-0.7767000000000001,-8.46280299579265,-0.7797,-9.08952010163286,-0.7817,-9.526665893291156,-0.7837,-9.977958797948103,-0.8167000000000001,-19.93328221509837,-0.8397,-29.76552574916037,-0.8597,-40.220242255162994,-0.8757,-49.84027909424525
exp479,-1600mV,-0.2297000000000001,-0.5001004445022904,-0.2727,-0.9958152839749992,-0.2947000000000001,-1.498179266557074,-0.3097,-1.9947429328097015,-0.3217,-2.50262428946125,-0.3317,-3.0147497800123935,-0.3397,-3.4858486428674507,-0.3477,-4.027683070715759,-0.3537,-4.474731841473111,-0.3607000000000001,-5.034957516219666,-0.3657,-5.477762153077422,-0.3717,-6.045061384323302,-0.3757,-6.455327661284162,-0.3806999999999999,-6.994332666532741,-0.3846999999999999,-7.461187395488204,-0.3886999999999999,-7.94360394874218,-0.3926999999999999,-8.450070594093864,-0.3966999999999999,-8.970684352444197,-0.4006999999999999,-9.535154161090349,-0.4037,-9.939761592851749,-0.4567,-19.93328221509837,-0.4936999999999999,-30.10505646112798,-0.5207,-40.191948029165694,-0.5427000000000001,-49.86857332024254
exp480,-1800mV,-0.4527,-0.5002419156322769,-0.4987,-1.009820925843663,-0.5196999999999999,-1.5151558021554543,-0.5327000000000001,-2.008890045808352,-0.5427000000000001,-2.5252596702590906,-0.5497,-2.9822114201154974,-0.5567000000000001,-3.5141428688647514,-0.5617,-3.956947505722508,-0.5667000000000001,-4.45209646067527,-0.5717,-5.01656626932142,-0.5757,-5.515959358173778,-0.5797,-6.056379074722222,-0.5827000000000001,-6.4864513098811925,-0.5857,-6.940573637137869,-0.5887000000000001,-7.430063746891172,-0.5917,-7.939359814842586,-0.5947000000000001,-8.476950108791302,-0.5977,-9.020199247939471,-0.5997,-9.403586010202895,-0.6027000000000001,-9.992105910946751,-0.6426999999999999,-20.159636023076775,-0.6707,-30.10505646112798,-0.6937000000000001,-40.02218267318189,-0.7137000000000001,-49.78369064225064
exp481,-1900mV,-0.6037,-0.4964221951226413,-0.6306999999999999,-1.0024644270843648,-0.6446999999999999,-1.4854468648582886,-0.6557000000000001,-2.0258665814067327,-0.6627,-2.475744774763814,-0.6697000000000001,-3.0303116043109086,-0.6747,-3.5014104671659654,-0.6797000000000001,-4.046074317614004,-0.6837000000000001,-4.535564427367307,-0.6867,-4.940171859128707,-0.6907,-5.524447625972968,-0.6937000000000001,-6.004034756627216,-0.6967,-6.533136782776739,-0.6997000000000001,-7.090533034923564,-0.7017000000000001,-7.473919797186989,-0.7037000000000001,-7.89550376454677,-0.7067,-8.546270962484687,-0.7087,-9.000393289741364,-0.7107,-9.489883399494666,-0.7127,-9.979373509247967,-0.7427,-19.904987989101063,-0.7647,-29.892849766148224,-0.7837,-39.96559422118728,-0.8007000000000001,-49.86857332024254
exp482,-1500mV,-0.0037,-0.4928854168729787,-0.2157000000000001,-1.0071329743739197,-0.2396999999999999,-1.4840321535584236,-0.2536999999999999,-1.9777663972113213,-0.2647,-2.5210155363594953,-0.2716999999999999,-2.968064307116847,-0.2787,-3.4745309524685304,-0.2847,-3.992315288219133,-0.2896999999999999,-4.474731841473111,-0.2947000000000001,-5.015151558021555,-0.2987000000000001,-5.486250420876612,-0.3027000000000001,-6.005449467927082,-0.3067000000000001,-6.55860158617431,-0.3097,-6.98584439873355,-0.3127000000000001,-7.458357972888473,-0.3157,-7.947848082641776,-0.3187000000000001,-8.457144150593189,-0.3217,-9.008881557540551,-0.3247000000000001,-9.557789541888187,-0.3267000000000001,-9.960982262349724,-0.3657,-19.93328221509837,-0.3937,-29.991879557138777,-0.4166999999999999,-40.05047689917919,-0.4367,-50.109074241219595
exp483,-1800mV,-0.5617,-0.4982613198124658,-0.6027000000000001,-0.9922785057253368,-0.6226999999999999,-1.502423400456669,-0.6357,-2.020207736207272,-0.6446999999999999,-2.509697845960575,-0.6517000000000001,-2.9935291105144173,-0.6577000000000001,-3.504239889765696,-0.6627,-4.006462401217783,-0.6667,-4.470487707573516,-0.6707,-4.9896867546239845,-0.6747,-5.571133098868514,-0.6777000000000001,-6.054964363422357,-0.6807,-6.591139946071206,-0.6827,-6.975941419634496,-0.6857000000000001,-7.5814378559767315,-0.6877000000000001,-8.017168936335162,-0.6897000000000001,-8.47129126359184,-0.6917000000000001,-8.940975415147031,-0.6937000000000001,-9.45451561699804,-0.6957000000000001,-9.99635004484635,-0.7227,-20.14548891007812,-0.7407,-30.147497800123933,-0.7547,-39.654357735216976,-0.7687,-50.23639825820745
exp484,-1800mV,-0.4487,-0.4982613198124658,-0.4857000000000001,-1.007840330023852,-0.5056999999999999,-1.5080822456561291,-0.5196999999999999,-2.021622447507138,-0.5297,-2.50545371206098,-0.5377,-2.9793819975157674,-0.5447000000000001,-3.4717015298688,-0.5507000000000001,-3.961191639622102,-0.5567000000000001,-4.522832025668523,-0.5617,-5.050519340518181,-0.5657,-5.5145446468739125,-0.5697,-6.018181869625866,-0.5737,-6.5670898539735,-0.5767000000000001,-7.007065068231526,-0.5797,-7.4767492197867185,-0.5827000000000001,-7.973312886039348,-0.5857,-8.503829623488736,-0.5887000000000001,-9.062640586935425,-0.5907000000000001,-9.453100905698175,-0.5937,-10.05576791944068,-0.6286999999999999,-19.862546650105116,-0.6537000000000001,-29.977732444140123,-0.6737000000000001,-39.97974133418594,-0.6917000000000001,-50.179809806212845
exp485,-1900mV,-0.5297,-0.4982613198124658,-0.5747000000000001,-0.9976544086648236,-0.6007000000000001,-1.506667534356264,-0.6177,-1.9876693763103763,-0.6306999999999999,-2.4870624651627344,-0.6417,-3.0161644913122583,-0.6497,-3.473116241168665,-0.6577000000000001,-4.003632978618054,-0.6647,-4.539808561266903,-0.6697000000000001,-4.9826131981246595,-0.6757000000000001,-5.538594738971618,-0.6797000000000001,-5.970081685430455,-0.6847,-6.534551494076605,-0.6887,-7.028285737729503,-0.6917000000000001,-7.448454993789417,-0.6957000000000001,-8.008680668535973,-0.6987,-8.45431472799346,-0.7017000000000001,-8.948048971646358,-0.7047,-9.423391968401008,-0.7077000000000001,-9.9539087058504,-0.7487,-20.046459119087572,-0.7757,-29.85040842715227,-0.7987000000000001,-39.79582886520348,-0.8187000000000001,-49.88272043324119
exp486,-1500mV,-0.1617000000000001,-0.4995345599823444,-0.2376999999999999,-0.9985032354447428,-0.2607,-1.506667534356264,-0.2747,-2.0032312006088917,-0.2856999999999999,-2.515356691160035,-0.2936999999999999,-2.9864555540150928,-0.3016999999999999,-3.525460559263671,-0.3077,-3.996559422118728,-0.3137,-4.5171731804690625,-0.3187000000000001,-4.996760311123309,-0.3237,-5.507471090374587,-0.3277,-5.961593417631265,-0.3327000000000001,-6.554357452274714,-0.3367000000000001,-7.066482942825859,-0.3397,-7.465431529387798,-0.3437,-8.029901338033948,-0.3467000000000001,-8.481194242690894,-0.3497,-8.928243013448247,-0.3527000000000001,-9.424806679700875,-0.3557,-9.928443902452829,-0.4006999999999999,-19.961576441095666,-0.4306999999999999,-29.935291105144177,-0.4547,-40.00803556018324,-0.4747,-50.109074241219595
exp487,-1900mV,-0.6087000000000001,-0.4967051373826143,-0.6317,-0.9997764756146216,-0.6437,-1.4882762874580184,-0.6527,-2.021622447507138,-0.6587,-2.4870624651627344,-0.6637000000000001,-2.9595760393176564,-0.6687,-3.512728157564886,-0.6727,-4.029097782015624,-0.6757000000000001,-4.466243573673921,-0.6787,-4.9444159930283025,-0.6817000000000001,-5.469273885278232,-0.6847,-6.047890806923031,-0.6867,-6.458157083883892,-0.6887,-6.891058741642594,-0.6917000000000001,-7.589926123775921,-0.6937000000000001,-8.093563346527874,-0.6957000000000001,-8.614177104878209,-0.6967,-8.891460519651757,-0.6987,-9.455930328297908,-0.7007,-10.048694362941356,-0.7267,-20.230371588070028,-0.7447,-29.779672862159025,-0.7616999999999999,-40.220242255162994,-0.7767000000000001,-50.2505453712061
exp488,-1700mV,-0.3487000000000001,-0.4998175022423174,-0.3837,-0.9979373509247969,-0.4046999999999999,-1.4925204213576138,-0.4206999999999999,-2.0103047571082175,-0.4327,-2.506868423360845,-0.4427,-2.996358533114148,-0.4517000000000001,-3.509898734965156,-0.4587,-3.973924041320888,-0.4657000000000001,-4.486049531872031,-0.4717000000000001,-4.998175022423175,-0.4767,-5.459370906179177,-0.4817000000000001,-5.97998466452951,-0.4867,-6.548698607075254,-0.4907,-7.042432850728153,-0.4936999999999999,-7.438552014690363,-0.4976999999999999,-8.011510091135703,-0.5007,-8.46563241839238,-0.5036999999999999,-8.960781373345142,-0.5067,-9.47432157519615,-0.5096999999999999,-10.017570714344323,-0.5477,-19.98987066709297,-0.5727000000000001,-30.11920357412663,-0.5917,-40.20609514216434,-0.6077,-50.20810403221015
exp489,-1600mV,-0.2836999999999999,-0.4976954352925198,-0.3217,-1.0088306279337578,-0.3417,-1.5080822456561291,-0.3557,-2.007475334508487,-0.3666999999999999,-2.509697845960575,-0.3757,-3.021823336511718,-0.3826999999999999,-3.4915074880669104,-0.3897,-4.024853648116029,-0.3957,-4.5369791386671725,-0.4006999999999999,-5.01656626932142,-0.4057,-5.537180027671754,-0.4097,-5.998375911427756,-0.4137,-6.475133619482273,-0.4177,-6.983014976133821,-0.4217000000000001,-7.52484940398213,-0.4246999999999999,-7.954921639141101,-0.4286999999999999,-8.560418075483337,-0.4317000000000001,-9.01595511403988,-0.4347,-9.509689357692777,-0.4377000000000001,-10.006253023945405,-0.4857000000000001,-20.03231200608892,-0.5207,-29.949438218142824,-0.5477,-39.80997597820213,-0.5717,-50.22225114520881
exp490,-1600mV,-0.2796999999999999,-0.5012322135421824,-0.3157,-0.9985032354447428,-0.3347000000000001,-1.499593977856939,-0.3477,-1.9763516859114565,-0.3587000000000001,-2.5139419798601703,-0.3666999999999999,-2.9793819975157674,-0.3746999999999999,-3.5381929609624567,-0.3806999999999999,-4.002218267318188,-0.3866999999999999,-4.518587891768927,-0.3917,-4.995345599823445,-0.3966999999999999,-5.506056379074723,-0.4006999999999999,-5.94603159333275,-0.4057,-6.521819092377819,-0.4097,-7.025456315129772,-0.4137,-7.537581805680916,-0.4166999999999999,-7.937945103542721,-0.4206999999999999,-8.503829623488736,-0.4237000000000001,-8.939560703847167,-0.4277000000000001,-9.547886562789133,-0.4306999999999999,-10.023229559543786,-0.4787,-20.03231200608892,-0.5107,-29.921143992145527,-0.5357,-39.85241731719808,-0.5567000000000001,-49.9110146592385
exp491,-1800mV,-0.6166999999999999,-0.4934513013929247,-0.6377,-0.987609958435782,-0.6497,-1.505252823056399,-0.6577000000000001,-2.0103047571082175,-0.6637000000000001,-2.4983801555616547,-0.6687,-2.999187955713878,-0.6727,-3.4674573959692045,-0.6767,-4.006462401217783,-0.6797000000000001,-4.46058472847446,-0.6827,-4.965636662526279,-0.6857000000000001,-5.517374069473643,-0.6877000000000001,-5.914907944735719,-0.6907,-6.5642604313737705,-0.6927,-7.031115160329232,-0.6947,-7.52484940398213,-0.6967,-8.045463162332464,-0.6987,-8.595785857979964,-0.6997000000000001,-8.882972251852566,-0.7017000000000001,-9.484224554295206,-0.7037000000000001,-10.108112237535686,-0.7277000000000001,-20.10304757108217,-0.7447,-29.779672862159025,-0.7607,-40.24853648116029,-0.7747,-50.3637222751953
exp492,-1800mV,-0.5337,-0.4978369064225064,-0.5647000000000001,-1.0074159166338927,-0.5807000000000001,-1.505252823056399,-0.5917,-2.0032312006088917,-0.5997,-2.472915352164084,-0.6067000000000001,-2.9850408427152275,-0.6126999999999999,-3.502825178465831,-0.6177,-4.009291823817514,-0.6217,-4.461999439774326,-0.6257,-4.9698807964258735,-0.6297,-5.538594738971618,-0.6326999999999999,-6.001205334027486,-0.6357,-6.497769000280114,-0.6386999999999999,-7.038188716828557,-0.6406999999999999,-7.421575479091982,-0.6437,-8.045463162332464,-0.6457,-8.486853087890356,-0.6477,-8.939560703847167,-0.6497,-9.410659566702224,-0.6517000000000001,-9.914296789454175,-0.6807,-20.17378313607542,-0.6997000000000001,-30.147497800123933,-0.7157000000000001,-40.23438936816165,-0.7297000000000001,-50.26469248420475
exp493,-1700mV,-0.2627,-0.5019395691921149,-0.3036999999999999,-1.004445022904176,-0.3277,-1.5080822456561291,-0.3447000000000001,-2.0032312006088917,-0.3587000000000001,-2.5196008250596305,-0.3697,-3.0204086252118536,-0.3786999999999999,-3.4971663332663705,-0.3866999999999999,-3.979582886520348,-0.3946999999999999,-4.528490870867983,-0.4006999999999999,-4.975539641625334,-0.4077,-5.537180027671754,-0.4126999999999999,-5.964422840230995,-0.4186999999999999,-6.506257268079304,-0.4237000000000001,-6.980185553534091,-0.4286999999999999,-7.473919797186989,-0.4337000000000001,-7.984630576438266,-0.4387,-8.509488468688197,-0.4437000000000001,-9.05273760783637,-0.4477000000000001,-9.501201089893586,-0.4517000000000001,-9.956738128450128,-0.5176999999999999,-19.98987066709297,-0.5567000000000001,-30.13335068712528,-0.5837,-40.092918238175145,-0.6057,-50.06663290222365
exp494,-1800mV,-0.4417000000000001,-0.504486049531872,-0.4767,-1.0013326580444728,-0.4987,-1.5137410908555893,-0.5136999999999999,-1.9876693763103763,-0.5267000000000001,-2.49979486686152,-0.5377,-3.009090934812933,-0.5467000000000001,-3.4830192202677206,-0.5547000000000001,-3.975338752620753,-0.5627000000000001,-4.522832025668523,-0.5687000000000001,-4.974124930325469,-0.5747000000000001,-5.483420998276882,-0.5807000000000001,-6.006864179226946,-0.5857,-6.500598422879844,-0.5907000000000001,-6.990088532633147,-0.5957,-7.540411228280647,-0.5997,-8.004436534636376,-0.6037,-8.489682510490084,-0.6077,-8.982002042843117,-0.6117,-9.450271483098444,-0.6157,-10.006253023945405,-0.6697000000000001,-20.01816489309027,-0.7017000000000001,-30.147497800123933,-0.7267,-39.86656443019674,-0.7467,-49.98175022423175
exp495,-1800mV,-0.6047000000000001,-0.5005248578922499,-0.6257,-1.0122259350534335,-0.6366999999999999,-1.4840321535584236,-0.6457,-2.0286960040064623,-0.6517000000000001,-2.49413602166206,-0.6567,-2.9510877715184667,-0.6617000000000001,-3.4886780654671803,-0.6657000000000001,-3.975338752620753,-0.6697000000000001,-4.522832025668523,-0.6727,-4.9698807964258735,-0.6757000000000001,-5.457956194879311,-0.6787,-5.98564350972897,-0.6817000000000001,-6.554357452274714,-0.6837000000000001,-6.954720750136521,-0.6867,-7.588511412476056,-0.6887,-8.039804317133003,-0.6907,-8.512317891287925,-0.6927,-8.998978578441498,-0.6947,-9.508274646392913,-0.6967,-10.035961961242569,-0.7257000000000001,-20.187930249074075,-0.7467,-30.06261512213203,-0.7647,-39.85241731719808,-0.7817,-50.1373684672169
exp496,-1500mV,-0.1577000000000001,-0.4924610034830192,-0.1926999999999999,-1.014489473133218,-0.2107,-1.4868615761581534,-0.2247,-2.011719468408082,-0.2357000000000001,-2.50828313466071,-0.2447,-3.006261512213203,-0.2527,-3.4985810445662353,-0.2596999999999999,-3.979582886520348,-0.2667,-4.501611356170546,-0.2727,-4.991101465923849,-0.2787,-5.528691759872564,-0.2836999999999999,-5.99413177752816,-0.2887,-6.489280732480923,-0.2936999999999999,-7.004235645631797,-0.2987000000000001,-7.555973052579161,-0.3027000000000001,-8.015754225035298,-0.3067000000000001,-8.47977953139103,-0.3107000000000001,-8.990490310642308,-0.3147000000000001,-9.509689357692777,-0.3187000000000001,-10.05010907424122,-0.3737,-19.961576441095666,-0.4106999999999999,-29.96358533114148,-0.4387,-39.92315288219133,-0.4627,-50.1939569192115
exp497,-1600mV,-0.2936999999999999,-0.5027883959720341,-0.3287000000000001,-0.9999179467446078,-0.3487000000000001,-1.4925204213576138,-0.3637,-2.0032312006088917,-0.3746999999999999,-2.4814036199632743,-0.3846999999999999,-2.996358533114148,-0.3926999999999999,-3.4717015298688,-0.4006999999999999,-4.01636538031684,-0.4066999999999999,-4.46058472847446,-0.4137,-5.039201650119261,-0.4186999999999999,-5.486250420876612,-0.4237000000000001,-5.963008128931129,-0.4286999999999999,-6.469474774282813,-0.4337000000000001,-7.009894490831256,-0.4377000000000001,-7.461187395488204,-0.4417000000000001,-7.94360394874218,-0.4457000000000001,-8.448655882793998,-0.4497000000000001,-8.979172620243387,-0.4537000000000001,-9.533739449790485,-0.4567,-9.963811684949455,-0.5067,-19.919135102099716,-0.5387000000000001,-29.864555540150924,-0.5627000000000001,-39.85241731719808,-0.5827000000000001,-50.0807800152223
exp498,-1600mV,-0.2647,-0.4964221951226413,-0.2927,-1.0048694362941355,-0.3087000000000001,-1.4840321535584236,-0.3207000000000001,-1.9848399537106465,-0.3307000000000001,-2.5210155363594953,-0.3377,-2.976552574916037,-0.3447000000000001,-3.505654601065561,-0.3507000000000001,-4.026268359415894,-0.3557,-4.500196644870682,-0.3607000000000001,-5.03071338232007,-0.3646999999999999,-5.487665132176478,-0.3686999999999999,-5.98564350972897,-0.3726999999999999,-6.514745535878494,-0.3757,-6.93774421453814,-0.3797,-7.516361136182939,-0.3826999999999999,-7.990289421637726,-0.3857,-8.458558861893053,-0.3886999999999999,-8.950878394246088,-0.3917,-9.468662729996687,-0.3946999999999999,-9.979373509247967,-0.4437000000000001,-19.93328221509837,-0.4857000000000001,-29.878702653149578,-0.5227,-39.90900576919269,-0.5527000000000001,-50.43445784018856
exp499,-1700mV,-0.3557,-0.5029298671020205,-0.3906999999999999,-0.9979373509247969,-0.4106999999999999,-1.4882762874580184,-0.4246999999999999,-1.982010531110916,-0.4357000000000001,-2.4814036199632743,-0.4447,-2.999187955713878,-0.4517000000000001,-3.4702868185689346,-0.4587,-4.013535957717109,-0.4647,-4.545467406466363,-0.4697000000000001,-5.0292986710202054,-0.4737000000000001,-5.450882638379986,-0.4787,-6.012523024426406,-0.4827,-6.494939577680383,-0.4867,-7.008479779531392,-0.4907,-7.5474847847799715,-0.4936999999999999,-7.980386442538672,-0.4967,-8.426020501996158,-0.5007,-9.048493473936777,-0.5036999999999999,-9.547886562789133,-0.5067,-10.05576791944068,-0.5487000000000001,-20.08890045808352,-0.5747000000000001,-29.878702653149578,-0.5947000000000001,-39.78168175220483,-0.6126999999999999,-50.22225114520881
exp500,-1600mV,0.0132999999999998,0.4993930888523579,-0.3507000000000001,-0.9952493994550534,-0.3697,-1.4939351326574788,-0.3826999999999999,-1.9848399537106465,-0.3926999999999999,-2.4898918877624645,-0.4006999999999999,-2.990699687914687,-0.4077,-3.512728157564886,-0.4137,-4.037586049814815,-0.4186999999999999,-4.534149716067443,-0.4226999999999999,-4.974124930325469,-0.4266999999999999,-5.460785617479042,-0.4306999999999999,-5.995546488828026,-0.4337000000000001,-6.441180548285512,-0.4377000000000001,-7.067897654125724,-0.4397000000000001,-7.415916633892522,-0.4427,-7.950677505241506,-0.4457000000000001,-8.536367983385631,-0.4477000000000001,-8.940975415147031,-0.4507,-9.58891319048522,-0.4527,-10.05576791944068,-0.4847,-20.202077362072725,-0.5076999999999999,-30.18993913911989,-0.5267000000000001,-39.76753463920618,-0.5457,-50.20810403221015
exp501,-1700mV,0.0112999999999998,-0.4926024746130057,-0.3806999999999999,-1.0060012053340277,-0.4126999999999999,-1.506667534356264,-0.4297000000000001,-1.982010531110916,-0.4457000000000001,-2.518186113759765,-0.4587,-3.002017378313608,-0.4687,-3.499995755866101,-0.4777000000000001,-4.01636538031684,-0.4847,-4.481805397972437,-0.4967,-5.03637222751953,-0.4947,-5.480591575677152,-0.5036999999999999,-5.94320217073302,-0.5107,-6.497769000280114,-0.5156999999999999,-6.971697285734901,-0.5207,-7.461187395488204,-0.5257,-7.981801153838537,-0.5307000000000001,-8.526465004286575,-0.5347000000000001,-8.991905021942173,-0.5377,-9.405000721502764,-0.5437,-10.02464427084365,-0.5987000000000001,-20.06060623208622,-0.6357,-29.991879557138777,-0.6607,-40.135359577171094,-0.6807,-49.81198486824794
exp502,-1600mV,-0.3187000000000001,-0.4927439457429922,-0.3507000000000001,-1.0024644270843648,-0.3686999999999999,-1.4840321535584236,-0.3826999999999999,-2.017378313607542,-0.3926999999999999,-2.50828313466071,-0.4006999999999999,-2.9878702653149576,-0.4086999999999999,-3.5240458479638064,-0.4146999999999999,-3.995144710818863,-0.4206999999999999,-4.514343757869332,-0.4257000000000001,-4.9840279094245235,-0.4306999999999999,-5.490494554776207,-0.4357000000000001,-6.037987827823977,-0.4397000000000001,-6.500598422879844,-0.4437000000000001,-6.992917955232877,-0.4477000000000001,-7.523434692682265,-0.4507,-7.950677505241506,-0.4547,-8.532123849486036,-0.4577000000000001,-8.990490310642308,-0.4607,-9.47149215259642,-0.4637000000000001,-9.952493994550531,-0.5067,-19.848399537106463,-0.5337,-29.977732444140123,-0.5537,-40.07877112517649,-0.5717,-49.89686754623985
exp503,-1900mV,-0.5917,-0.4975539641625333,-0.6297,-1.0024644270843648,-0.6486999999999999,-1.4868615761581534,-0.6617000000000001,-1.980595819811051,-0.6717000000000001,-2.4927213103621946,-0.6797000000000001,-3.0204086252118536,-0.6857000000000001,-3.4957516219665052,-0.6907,-3.956947505722508,-0.6957000000000001,-4.483220109272302,-0.6997000000000001,-4.964221951226414,-0.7037000000000001,-5.490494554776207,-0.7067,-5.926225635134639,-0.7107,-6.574163410472826,-0.7127,-6.915108833740299,-0.7157000000000001,-7.478163931086583,-0.7187,-8.079416233529225,-0.7207,-8.51090317998806,-0.7227,-8.953707816845819,-0.7247,-9.436124370099794,-0.7267,-9.928443902452829,-0.7547,-19.848399537106463,-0.7736999999999999,-30.17579202612123,-0.7877,-39.72509330021023,-0.8007000000000001,-50.038338676226346
exp504,-1900mV,-0.5607000000000001,-0.4951489549527627,-0.6017,-0.9938346881551884,-0.6246999999999999,-1.4953498439573436,-0.6406999999999999,-1.9834252424107812,-0.6537000000000001,-2.5139419798601703,-0.6637000000000001,-3.003432089613473,-0.6727,-3.5141428688647514,-0.6797000000000001,-3.9725093300210226,-0.6867,-4.474731841473111,-0.6927,-4.961392528626684,-0.6987,-5.489079843476342,-0.7037000000000001,-5.961593417631265,-0.7087,-6.465230640383218,-0.7137000000000001,-7.004235645631797,-0.7177000000000001,-7.452699127689013,-0.7227,-8.056780852731386,-0.7267,-8.560418075483337,-0.7297000000000001,-8.966440218544603,-0.7337000000000001,-9.526665893291156,-0.7367,-9.949664571950803,-0.7857,-19.890840876102416,-0.8167000000000001,-29.921143992145527,-0.8397,-39.80997597820213,-0.8587000000000001,-49.74124930325469
exp505,-1400mV,-0.0147000000000001,0.5368829382987814,-0.0227000000000001,-0.9826584688862544,-0.0257,-1.5236440699546443,-0.0297,-2.0612343639033583,-0.0337,-2.4488652600663787,-0.0397,-3.041629294709829,-0.0477,-3.512728157564886,-0.0547000000000001,-4.05314787411333,-0.0637,-4.495952510971087,-0.0737000000000001,-5.046275206618586,-0.0827000000000002,-5.497568111275533,-0.0897000000000001,-6.016767158326001,-0.0987000000000002,-6.500598422879844,-0.2357000000000001,-6.998576800432337,-0.2107,-7.49938460058456,-0.2017000000000001,-8.015754225035298,-0.1957000000000001,-8.49958548958914,-0.1387,-8.984831465442848,-0.1797000000000002,-9.49695695599399,-0.2696999999999999,-9.977958797948103,-0.3077,-19.890840876102416,-0.3297,-29.779672862159025,-0.3477,-39.90900576919269,-0.3626999999999999,-50.094927128220945
exp506,-1800mV,-0.3857,-0.5061837030917101,-0.4126999999999999,-1.000766773524527,-0.4297000000000001,-1.5038381117565338,-0.4427,-2.020207736207272,-0.4527,-2.4955507329619246,-0.4617000000000001,-2.9807967088156326,-0.4707,-3.5311194044631313,-0.4777000000000001,-4.0050476899179195,-0.4847,-4.507270201370006,-0.4907,-4.967051373826144,-0.4967,-5.460785617479042,-0.5027,-5.987058221028835,-0.5087,-6.5317220714768744,-0.5136999999999999,-7.011309202131122,-0.5187,-7.507872868383751,-0.5236999999999999,-8.022827781534623,-0.5277,-8.457144150593189,-0.5327000000000001,-8.994734444541903,-0.5377,-9.528080604591022,-0.5417,-9.970885241448778,-0.6117,-19.961576441095666,-0.6577000000000001,-29.878702653149578,-0.6907,-40.06462401217784,-0.7177000000000001,-49.95345599823444
exp507,-1500mV,-0.1327,-0.4989686754623983,-0.1727,-0.9979373509247969,-0.1937000000000001,-1.4953498439573436,-0.2067,-1.9848399537106465,-0.2187,-2.485647753862869,-0.2277000000000001,-2.9921143992145525,-0.2357000000000001,-3.4745309524685304,-0.2436999999999999,-4.014950669016974,-0.2496999999999999,-4.474731841473111,-0.2556999999999999,-4.998175022423175,-0.2616999999999999,-5.549912429370539,-0.2667,-6.040817250423707,-0.2716999999999999,-6.56143100877404,-0.2756999999999999,-6.981600264833956,-0.2807,-7.564461320378352,-0.2847,-8.038389605833139,-0.2876999999999999,-8.45148530539373,-0.2916999999999999,-8.989075599342444,-0.2956999999999999,-9.525251181991292,-0.2987000000000001,-9.944005726751344,-0.3507000000000001,-19.93328221509837,-0.3857,-29.836261314153624,-0.4137,-40.135359577171094,-0.4357000000000001,-50.038338676226346
exp508,-1900mV,-0.5347000000000001,-0.501090742412196,-0.5927000000000001,-0.9979373509247969,-0.6217,-1.501008689156804,-0.6397,-2.0060606232086218,-0.6527,-2.515356691160035,-0.6627,-3.028896893011044,-0.6707,-3.5282899818634013,-0.6767,-3.961191639622102,-0.6827,-4.4648288623740555,-0.6887,-5.050519340518181,-0.6927,-5.479176864377286,-0.6967,-5.94320217073302,-0.7007,-6.445424682185107,-0.7047,-6.987259110033416,-0.7077000000000001,-7.4427961485899585,-0.7117000000000001,-8.0723426770299,-0.7147,-8.568906343282526,-0.7167,-8.923998879548652,-0.7197000000000001,-9.47149215259642,-0.7227,-10.07274445503906,-0.7587,-20.06060623208622,-0.7827000000000001,-30.161644913122583,-0.8007000000000001,-39.71094618721158,-0.8177,-50.1939569192115
exp509,-1800mV,-0.3777,-0.4982613198124658,-0.4057,-0.9945420438051208,-0.4237000000000001,-1.4896909987578837,-0.4387,-2.001816489309027,-0.4507,-2.4927213103621946,-0.4617000000000001,-3.0076762235130676,-0.4717000000000001,-3.502825178465831,-0.4807,-3.992315288219133,-0.4887,-4.491708377071491,-0.4956999999999999,-4.98827204332412,-0.5036999999999999,-5.524447625972968,-0.5107,-6.008278890526811,-0.5176999999999999,-6.509086690679034,-0.5236999999999999,-6.998576800432337,-0.5297,-7.486652198885773,-0.5357,-7.967654040839887,-0.5427000000000001,-8.5052443347886,-0.5487000000000001,-8.977757908943524,-0.5547000000000001,-9.511104068992642,-0.5597,-9.986447065747294,-0.6527,-19.98987066709297,-0.7127,-30.00602667013743,-0.7527,-39.96559422118728,-0.7857,-49.93930888523579
exp510,-1900mV,-0.4006999999999999,-0.5013736846721689,-0.4286999999999999,-1.0103868103636091,-0.4467,-1.499593977856939,-0.4617000000000001,-1.9975723554094316,-0.4747,-2.5196008250596305,-0.4857000000000001,-3.0119203574126634,-0.4956999999999999,-3.505654601065561,-0.5047,-3.986656443019674,-0.5136999999999999,-4.5044407787702765,-0.5216999999999999,-4.991101465923849,-0.5297,-5.4947386886758025,-0.5377,-6.00262004532735,-0.5447000000000001,-6.500598422879844,-0.5517,-7.004235645631797,-0.5577,-7.48523748758591,-0.5647000000000001,-7.997362978137053,-0.5717,-8.532123849486036,-0.5777,-9.008881557540551,-0.5847000000000001,-9.533739449790485,-0.5897,-9.962396973649588,-0.6917000000000001,-19.97572355409432,-0.7516999999999999,-30.02017378313608,-0.8037,-40.05047689917919,-0.8357,-50.038338676226346
exp511,-2100mV,-0.7476999999999999,-0.5060422319617235,-0.7736999999999999,-0.9955323417150264,-0.7877,-1.4797880196588282,-0.7987000000000001,-2.024451870106867,-0.8067000000000001,-2.5224302476593605,-0.8127000000000001,-2.965234884517117,-0.8187000000000001,-3.473116241168665,-0.8247000000000001,-4.043244895014275,-0.8287000000000001,-4.457755305874731,-0.8337,-5.023639825820745,-0.8377,-5.508885801674452,-0.8417,-6.025255426125191,-0.8447000000000001,-6.4397658369856465,-0.8487000000000001,-7.019797469930312,-0.8517,-7.471090374587258,-0.8547000000000001,-7.953506927841237,-0.8577,-8.441582326294675,-0.8607000000000001,-8.95795195074541,-0.8637,-9.49412753339426,-0.8666999999999999,-10.04727965164149,-0.9087,-20.08890045808352,-0.9387,-30.04846800913338,-0.9627,-40.00803556018324,-0.9837,-50.1939569192115
exp512,-1500mV,-0.2616999999999999,-0.5029298671020205,-0.2856999999999999,-1.0020400136944054,-0.2987000000000001,-1.5165705134553191,-0.3067000000000001,-1.970692840711996,-0.3137,-2.4884771764625997,-0.3197,-3.0402145834099636,-0.3237,-3.4844339315675854,-0.3277,-3.986656443019674,-0.3317,-4.5497115403659585,-0.3347000000000001,-5.017980980621284,-0.3377,-5.538594738971618,-0.3407000000000001,-6.081843878119792,-0.3427000000000001,-6.4864513098811925,-0.3447000000000001,-6.893888164242324,-0.3477,-7.568705454277946,-0.3497,-8.029901338033948,-0.3517,-8.52505029298671,-0.3537,-9.065470009535154,-0.3557,-9.595986746984543,-0.3567000000000001,-9.880343718257414,-0.3837,-19.805958198110513,-0.4037,-29.878702653149578,-0.4206999999999999,-40.17780091616704,-0.4357000000000001,-50.20810403221015
exp514,-1400mV,-0.0007000000000001,-0.5262726035497938,-0.0057,-1.023826567712327,-0.0137,-1.4642261953603128,-0.0257,-2.001816489309027,-0.0507000000000001,-2.4955507329619246,-0.0877000000000001,-3.004846800913338,-0.1137000000000001,-3.499995755866101,-0.1297000000000001,-3.989485865619403,-0.1427,-4.498781933570816,-0.1517000000000001,-4.99393088852358,-0.1607,-5.5541565632701335,-0.1667,-6.00262004532735,-0.1727,-6.477963042082004,-0.1777000000000002,-6.977356130934361,-0.1817000000000002,-7.466846240687664,-0.1857000000000002,-7.971898174739481,-0.1897000000000002,-8.484023665290625,-0.1926999999999999,-8.943804837746763,-0.1957000000000001,-9.492712822094395,-0.1987,-9.972299952748642,-0.2307,-20.25866581406732,-0.2476999999999999,-30.288968930110435,-0.2607,-40.43244895014274,-0.2716999999999999,-50.29298671020206
exp515,-1800mV,-0.4086999999999999,-0.4989686754623983,-0.4377000000000001,-0.989873496515566,-0.4557000000000001,-1.4882762874580184,-0.4697000000000001,-2.017378313607542,-0.4797000000000001,-2.4842330425630044,-0.4887,-2.972308441016442,-0.4976999999999999,-3.5297046931632665,-0.5047,-4.0050476899179195,-0.5107,-4.46058472847446,-0.5176999999999999,-5.03071338232007,-0.5227,-5.463615040078771,-0.5287000000000001,-6.01393773572627,-0.5337,-6.500598422879844,-0.5387000000000001,-7.019797469930312,-0.5427000000000001,-7.472505085887125,-0.5477,-8.045463162332464,-0.5517,-8.532123849486036,-0.5557,-9.027272804438798,-0.5597,-9.550715985388862,-0.5627000000000001,-9.945420438051208,-0.6157,-20.10304757108217,-0.6466999999999999,-30.13335068712528,-0.6687,-40.00803556018324,-0.6867,-50.1939569192115
exp516,-1500mV,-0.0477,-0.4975539641625333,-0.1207,-0.9948249860650936,0.0102999999999999,1.4953498439573436,-0.1926999999999999,-2.0159636023076772,-0.2087,-2.518186113759765,-0.2217000000000001,-2.996358533114148,-0.2317000000000001,-3.512728157564886,-0.2407,-4.003632978618054,-0.2487,-4.535564427367307,-0.2547,-4.975539641625334,-0.2616999999999999,-5.489079843476342,-0.2676999999999999,-6.025255426125191,-0.2727,-6.506257268079304,-0.2776999999999999,-6.997162089132471,-0.2827,-7.534752383081187,-0.2867,-8.027071915434218,-0.2907,-8.482608953990761,-0.2947000000000001,-9.000393289741364,-0.2987000000000001,-9.519592336791831,-0.3027000000000001,-10.03313253864284,-0.3577,-20.03231200608892,-0.3946999999999999,-30.00602667013743,-0.4257000000000001,-39.93729999518999,-0.4497000000000001,-49.75539641625335
exp517,-1900mV,-0.6597000000000001,-0.501656626932142,-0.6857000000000001,-0.9914296789454178,-0.7007,-1.4797880196588282,-0.7117000000000001,-1.9848399537106465,-0.7207,-2.5167714024599,-0.7277000000000001,-3.0232380478115832,-0.7337000000000001,-3.5297046931632665,-0.7387,-4.0121212464172435,-0.7436999999999999,-4.552540962965688,-0.7476999999999999,-5.034957516219666,-0.7516999999999999,-5.556985985869864,-0.7547,-5.975740530629915,-0.7576999999999999,-6.428448146586726,-0.7616999999999999,-7.070727076725453,-0.7647,-7.584267278576461,-0.7667,-7.950677505241506,-0.7696999999999999,-8.515147313887656,-0.7716999999999999,-8.918340034349193,-0.7747,-9.535154161090349,-0.7767000000000001,-9.973714664048508,-0.8107000000000001,-19.961576441095666,-0.8337,-29.85040842715227,-0.8527000000000001,-40.05047689917919,-0.8686999999999999,-50.010044450229046
exp518,-1400mV,-0.2067,-0.4964221951226413,-0.2277000000000001,-0.9949664571950804,-0.2367,-1.5307176264539697,-0.2416999999999999,-2.0301107153063276,-0.2456999999999999,-2.5776039883540967,-0.2476999999999999,-2.941184792419411,-0.2507,-3.542437094862052,-0.2527,-4.017780091616704,-0.2547,-4.488878954471762,-0.2567,-4.992516177223715,-0.2587,-5.476347441777556,-0.2607,-5.941787459433154,-0.2627,-6.424204012687131,-0.2656999999999999,-7.111753704421539,-0.2676999999999999,-7.616805638473357,-0.2696999999999999,-8.10912517082639,-0.2707,-8.368017338701693,-0.2727,-8.912681189149732,-0.2747,-9.45451561699804,-0.2767,-10.048694362941356,-0.3047000000000001,-19.890840876102416,-0.3277,-29.935291105144177,-0.3477,-40.14950669016974,-0.3646999999999999,-49.93930888523579
exp519,-2000mV,-0.7067,-0.4982613198124658,-0.7337000000000001,-1.003313253864284,-0.7487,-1.4967645552572086,-0.7596999999999999,-2.013134179707947,-0.7676999999999999,-2.4955507329619246,-0.7747,-3.0119203574126634,-0.7807000000000001,-3.5282899818634013,-0.7857,-4.01636538031684,-0.7897,-4.449267038075541,-0.7947000000000001,-5.047689917918451,-0.7977,-5.436735525381336,-0.8017,-5.995546488828026,-0.8047000000000001,-6.438351125685783,-0.8087000000000001,-7.072141788025317,-0.8117,-7.584267278576461,-0.8137,-7.930871547043396,-0.8167000000000001,-8.48543837659049,-0.8197,-9.06405529823529,-0.8217,-9.472906863896286,-0.8247000000000001,-10.098209258436633,-0.8607000000000001,-20.117194684080825,-0.8857,-30.10505646112798,-0.9057,-40.06462401217784,-0.9227,-50.010044450229046
exp520,-1900mV,-0.4357000000000001,-0.4957148394727089,-0.4777000000000001,-1.0017570714344324,-0.5076999999999999,-1.4953498439573436,-0.5317,-1.9890840876102416,-0.5517,-2.4913065990623298,-0.5707000000000001,-2.9822114201154974,-0.5877,-3.507069312365426,-0.6037,-4.002218267318188,-0.6157,-4.4846348205721664,-0.6297,-5.0094927128220945,-0.6406999999999999,-5.525862337272833,-0.6527,-6.011108313126541,-0.6617000000000001,-6.475133619482273,-0.6707,-7.019797469930312,-0.6787,-7.473919797186989,-0.6857000000000001,-7.994533555537323,-0.6917000000000001,-8.48826779919022,-0.6977000000000001,-8.977757908943524,-0.7037000000000001,-9.547886562789133,-0.7087,-9.980788220547833,-0.7707,-19.93328221509837,-0.8037,-29.90699687914687,-0.8267000000000001,-40.14950669016974,-0.8437,-50.024191563227696
exp521,-2000mV,-0.6867,-0.501090742412196,-0.7247,-0.9997764756146216,-0.7447,-1.499593977856939,-0.7576999999999999,-1.980595819811051,-0.7687,-2.5196008250596305,-0.7767000000000001,-3.003432089613473,-0.7837,-3.499995755866101,-0.7897,-3.9809975978202137,-0.7957,-4.518587891768927,-0.8007000000000001,-5.012322135421825,-0.8057,-5.551327140670404,-0.8097,-6.016767158326001,-0.8137,-6.511916113278764,-0.8177,-7.035359294228828,-0.8207000000000001,-7.445625571189688,-0.8247000000000001,-8.028486626734082,-0.8277,-8.491097221789948,-0.8307000000000001,-8.963610795944874,-0.8337,-9.468662729996687,-0.8367000000000001,-9.986447065747294,-0.8797,-20.08890045808352,-0.9077,-29.85040842715227,-0.9307,-40.07877112517649,-0.9497,-50.12322135421825
exp522,-1500mV,-0.1617000000000001,-0.501090742412196,-0.2017000000000001,-0.9870440739158362,-0.2217000000000001,-1.4797880196588282,-0.2357000000000001,-1.9947429328097015,-0.2467,-2.509697845960575,-0.2547,-2.996358533114148,-0.2627,-3.508484023665291,-0.2687,-3.973924041320888,-0.2756999999999999,-4.524246736968387,-0.2807,-4.9698807964258735,-0.2867,-5.530106471172428,-0.2916999999999999,-6.039402539123842,-0.2956999999999999,-6.480792464681733,-0.3007000000000001,-7.048091695927613,-0.3047000000000001,-7.540411228280647,-0.3087000000000001,-8.034145471933543,-0.3127000000000001,-8.523635581686847,-0.3167000000000001,-9.042834628737316,-0.3197,-9.488468688194802,-0.3237,-10.052938496840952,-0.3786999999999999,-20.10304757108217,-0.4157,-30.09090934812933,-0.4437000000000001,-39.86656443019674,-0.4667,-49.75539641625335
exp523,-1800mV,-0.5547000000000001,-0.4959977817326818,-0.5937,-0.9900149676455526,-0.6137,-1.4826174422585583,-0.6277,-2.0004017780091616,-0.6377,-2.49413602166206,-0.6457,-2.9878702653149576,-0.6527,-3.4971663332663705,-0.6587,-4.007877112517649,-0.6637000000000001,-4.494537799671222,-0.6687,-5.0420310727189905,-0.6727,-5.5272770485726985,-0.6767,-6.063452631221548,-0.6797000000000001,-6.494939577680383,-0.6827,-6.953306038836654,-0.6857000000000001,-7.455528550288744,-0.6887,-7.976142308639078,-0.6917000000000001,-8.540612117285226,-0.6937000000000001,-8.933901858647706,-0.6967,-9.560618964487915,-0.6987,-9.994935333546485,-0.7307,-19.947429328097016,-0.7516999999999999,-30.21823336511718,-0.7667,-39.76753463920618,-0.7797,-49.62807239926549
exp524,-1800mV,-0.4757000000000001,-0.4998175022423174,-0.5107,-0.9973714664048507,-0.5287000000000001,-1.4840321535584236,-0.5417,-2.013134179707947,-0.5507000000000001,-2.512527268560305,-0.5577,-2.9921143992145525,-0.5637,-3.4872633541673155,-0.5687000000000001,-3.9668504848215624,-0.5737,-4.507270201370006,-0.5777,-4.992516177223715,-0.5817,-5.538594738971618,-0.5847000000000001,-5.98564350972897,-0.5877,-6.466645351683083,-0.5907000000000001,-7.009894490831256,-0.5937,-7.5743642994774065,-0.5957,-7.986045287738133,-0.5977,-8.413288100297372,-0.6007000000000001,-9.107911348531106,-0.6027000000000001,-9.581839633985894,-0.6047000000000001,-10.089720990637442,-0.6317,-19.961576441095666,-0.6486999999999999,-29.75137863616172,-0.6627,-40.3900076111468,-0.6727,-49.514895495276285
exp525,-1500mV,-0.0917000000000001,-0.5006663290222364,-0.2627,-0.999352062224662,-0.2856999999999999,-1.4953498439573436,-0.2996999999999999,-2.007475334508487,-0.3097,-2.51111255726044,-0.3167000000000001,-2.9878702653149576,-0.3237,-3.4872633541673155,-0.3297,-3.989485865619403,-0.3347000000000001,-4.486049531872031,-0.3397,-5.03637222751953,-0.3437,-5.545668295470944,-0.3467000000000001,-5.958763995031535,-0.3507000000000001,-6.507671979379168,-0.3537,-6.981600264833956,-0.3567000000000001,-7.48806691018564,-0.3597,-7.980386442538672,-0.3626999999999999,-8.574565188481987,-0.3646999999999999,-8.929657724748111,-0.3677,-9.586083767885489,-0.3697,-9.983617643147564,-0.4037,-20.08890045808352,-0.4266999999999999,-29.864555540150924,-0.4467,-39.90900576919269,-0.4647,-49.86857332024254
exp526,-1800mV,-0.4217000000000001,-0.5013736846721689,-0.4457000000000001,-1.0048694362941355,-0.4607,-1.510911668255859,-0.4717000000000001,-2.004645911908757,-0.4807,-2.4927213103621946,-0.4887,-3.010505646112798,-0.4956999999999999,-3.5297046931632665,-0.5016999999999999,-4.01070653511738,-0.5076999999999999,-4.522832025668523,-0.5127,-5.001004445022905,-0.5176999999999999,-5.477762153077422,-0.5227,-5.978569953229646,-0.5277,-6.506257268079304,-0.5317,-6.990088532633147,-0.5357,-7.439966725990228,-0.5407000000000001,-8.065269120530575,-0.5447000000000001,-8.547685673784551,-0.5487000000000001,-9.065470009535154,-0.5527000000000001,-9.55496011928846,-0.5567000000000001,-10.0387913838423,-0.6197,-20.00401778009162,-0.6627,-29.991879557138777,-0.6937000000000001,-39.93729999518999,-0.7157000000000001,-49.89686754623985
exp527,-1900mV,-0.6357,-0.5005248578922499,-0.6697000000000001,-0.9989276488347024,-0.6887,-1.498179266557074,-0.7017000000000001,-1.9862546650105113,-0.7117000000000001,-2.475744774763814,-0.7207,-3.0232380478115832,-0.7277000000000001,-3.533948827062862,-0.7337000000000001,-4.03617133851495,-0.7387,-4.508684912669872,-0.7436999999999999,-5.037786938819395,-0.7476999999999999,-5.5018122451751275,-0.7516999999999999,-6.005449467927082,-0.7556999999999999,-6.55577216357458,-0.7587,-6.999991511732201,-0.7616999999999999,-7.469675663287394,-0.7647,-7.967654040839887,-0.7676999999999999,-8.49958548958914,-0.7707,-9.0555670304361,-0.7727,-9.455930328297908,-0.7757,-10.069915032439331,-0.8097,-20.07475334508487,-0.8307000000000001,-29.864555540150924,-0.8467000000000001,-39.79582886520348,-0.8607000000000001,-50.37786938819396
exp528,-1900mV,-0.4707,-0.4979783775524929,-0.5147,-1.0011911869144865,-0.5437,-1.4911057100577487,-0.5667000000000001,-2.0004017780091616,-0.5857,-2.4842330425630044,-0.5997,-2.976552574916037,-0.6126999999999999,-3.4830192202677206,-0.6237,-3.995144710818863,-0.6326999999999999,-4.488878954471762,-0.6426999999999999,-4.975539641625334,-0.6497,-5.491909266076072,-0.6557000000000001,-5.99130235492843,-0.6627,-6.469474774282813,-0.6677000000000001,-6.9250118128393545,-0.6727,-7.49089633278537,-0.6767,-8.007265957236108,-0.6827,-8.519391447787251,-0.6867,-8.972099063744063,-0.6917000000000001,-9.424806679700875,-0.6957000000000001,-10.043035517741895,-0.7507,-19.947429328097016,-0.7837,-30.161644913122583,-0.8067000000000001,-39.88071154319538,-0.8247000000000001,-49.78369064225064
exp529,-1800mV,-0.4527,-0.5043445784018855,-0.4936999999999999,-0.9987861777047158,-0.5207,-1.4911057100577487,-0.5427000000000001,-2.004645911908757,-0.5597,-2.4955507329619246,-0.5737,-2.997773244414013,-0.5847000000000001,-3.4872633541673155,-0.5937,-3.979582886520348,-0.6017,-4.514343757869332,-0.6077,-4.996760311123309,-0.6126999999999999,-5.466444462678503,-0.6177,-6.001205334027486,-0.6217,-6.4864513098811925,-0.6257,-7.032529871629097,-0.6286999999999999,-7.478163931086583,-0.6317,-7.967654040839887,-0.6346999999999999,-8.537782694685495,-0.6366999999999999,-8.916925323049327,-0.6397,-9.53656887239021,-0.6417,-9.963811684949455,-0.6707,-19.93328221509837,-0.6887,-30.13335068712528,-0.7027,-40.30512493315489,-0.7137000000000001,-49.925161772237146
exp530,-1900mV,-0.5327000000000001,-0.50335428049198,-0.5787000000000001,-0.9959567551049858,-0.6067000000000001,-1.498179266557074,-0.6266999999999999,-2.008890045808352,-0.6417,-2.5167714024599,-0.6537000000000001,-3.0204086252118536,-0.6627,-3.4872633541673155,-0.6707,-3.988071154319539,-0.6777000000000001,-4.473317130173245,-0.6847,-5.039201650119261,-0.6897000000000001,-5.511715224274183,-0.6947,-6.009693601826676,-0.6987,-6.456742372584028,-0.7037000000000001,-7.060824097626399,-0.7067,-7.451284416389148,-0.7107,-8.025657204134353,-0.7137000000000001,-8.492511933089816,-0.7167,-8.991905021942173,-0.7197000000000001,-9.516762914192102,-0.7227,-10.04727965164149,-0.7607,-19.862546650105116,-0.7877,-30.21823336511718,-0.8087000000000001,-40.191948029165694,-0.8277,-50.2788395972034
exp531,-1500mV,-0.0797000000000001,-0.5003833867622635,-0.2347,-1.0009082446545134,-0.2647,-1.506667534356264,-0.2807,-1.9989870667092968,-0.2927,-2.475744774763814,-0.3016999999999999,-3.000602667013743,-0.3087000000000001,-3.4702868185689346,-0.3147000000000001,-3.971094618721158,-0.3207000000000001,-4.514343757869332,-0.3257,-5.017980980621284,-0.3297,-5.452297349679851,-0.3347000000000001,-6.050720229522762,-0.3387000000000001,-6.540210339276065,-0.3417,-6.971697285734901,-0.3447000000000001,-7.425819612991578,-0.3487000000000001,-8.01433951373543,-0.3517,-8.517976736487388,-0.3547000000000001,-9.04424934003718,-0.3577,-9.542227717589672,-0.3597,-9.951079283250667,-0.4006999999999999,-20.01816489309027,-0.4286999999999999,-29.935291105144177,-0.4507,-39.99388844718459,-0.4687,-49.79783775524929
exp532,-1700mV,-0.3387000000000001,-0.50335428049198,-0.3826999999999999,-1.0068500321139466,-0.4077,-1.4925204213576138,-0.4277000000000001,-2.008890045808352,-0.4437000000000001,-2.5167714024599,-0.4567,-2.9921143992145525,-0.4687,-3.509898734965156,-0.4787,-3.992315288219133,-0.4876999999999999,-4.471902418873381,-0.4967,-5.00807800152223,-0.5036999999999999,-5.470688596578097,-0.5116999999999999,-6.012523024426406,-0.5176999999999999,-6.466645351683083,-0.5236999999999999,-6.960379595335981,-0.5297,-7.48523748758591,-0.5357,-8.045463162332464,-0.5397,-8.45431472799346,-0.5447000000000001,-8.984831465442848,-0.5497,-9.529495315890887,-0.5537,-10.009082446545134,-0.6137,-20.01816489309027,-0.6466999999999999,-30.09090934812933,-0.6677000000000001,-40.03632978618054,-0.6837000000000001,-50.29298671020206
exp533,-1500mV,-0.1647,-0.4998175022423174,-0.1977000000000001,-1.0057182630740549,-0.2177000000000001,-1.512326379555724,-0.2317000000000001,-1.9763516859114565,-0.2436999999999999,-2.5012095781613843,-0.2536999999999999,-3.002017378313608,-0.2627,-3.5183870027643462,-0.2707,-4.0050476899179195,-0.2776999999999999,-4.518587891768927,-0.2836999999999999,-4.974124930325469,-0.2907,-5.518788780773508,-0.2956999999999999,-5.955934572431804,-0.3016999999999999,-6.514745535878494,-0.3067000000000001,-7.007065068231526,-0.3117,-7.52484940398213,-0.3157,-7.953506927841237,-0.3207000000000001,-8.517976736487388,-0.3247000000000001,-9.008881557540551,-0.3287000000000001,-9.516762914192102,-0.3327000000000001,-10.023229559543786,-0.3897,-19.98987066709297,-0.4257000000000001,-29.85040842715227,-0.4527,-39.86656443019674,-0.4747,-50.06663290222365
exp534,-1800mV,-0.3666999999999999,-0.5001004445022904,-0.4206999999999999,-0.9992105910946756,-0.4597000000000001,-1.4939351326574788,-0.4947,-1.993328221509837,-0.5227,-2.49413602166206,-0.5427000000000001,-3.006261512213203,-0.5577,-3.519801714064211,-0.5677,-3.9767534639206183,-0.5777,-4.524246736968387,-0.5847000000000001,-4.9896867546239845,-0.5917,-5.5272770485726985,-0.5967000000000001,-5.961593417631265,-0.6027000000000001,-6.53030736017701,-0.6067000000000001,-6.98584439873355,-0.6107000000000001,-7.4498697050892835,-0.6146999999999999,-7.998777689436918,-0.6186999999999999,-8.564662209382933,-0.6217,-9.030102227038528,-0.6246999999999999,-9.552130696688728,-0.6266999999999999,-9.918540923353772,-0.6637000000000001,-20.07475334508487,-0.6847,-29.949438218142824,-0.7017000000000001,-39.86656443019674,-0.7177000000000001,-50.26469248420475
exp535,-1800mV,-0.3217,-0.4992516177223714,-0.4817000000000001,-1.0013326580444728,-0.5087,-1.5080822456561291,-0.5236999999999999,-2.013134179707947,-0.5337,-2.485647753862869,-0.5427000000000001,-3.013335068712528,-0.5497,-3.512728157564886,-0.5557,-3.999388844718459,-0.5617,-4.532735004767577,-0.5667000000000001,-5.02505453712061,-0.5717,-5.548497718070673,-0.5757,-6.009693601826676,-0.5797,-6.468060062982947,-0.5837,-6.954720750136521,-0.5877,-7.468260951987529,-0.5917,-8.007265957236108,-0.5947000000000001,-8.428849924595887,-0.5987000000000001,-8.990490310642308,-0.6017,-9.45451561699804,-0.6047000000000001,-9.942591015451477,-0.6537000000000001,-19.890840876102416,-0.6877000000000001,-29.977732444140123,-0.7147,-39.78168175220483,-0.7407,-50.26469248420475
exp536,-1800mV,-0.4086999999999999,-0.5006663290222364,-0.4627,-1.0006253023945404,-0.5007,-1.502423400456669,-0.5287000000000001,-1.9975723554094316,-0.5507000000000001,-2.4983801555616547,-0.5677,-3.004846800913338,-0.5807000000000001,-3.512728157564886,-0.5907000000000001,-3.989485865619403,-0.5997,-4.510099623969737,-0.6067000000000001,-4.971295507725738,-0.6137,-5.510300512974317,-0.6186999999999999,-5.9601787063314,-0.6237,-6.453912949984297,-0.6286999999999999,-7.0297004490293675,-0.6326999999999999,-7.51353171358321,-0.6366999999999999,-8.068098543130306,-0.6397,-8.495341355689545,-0.6426999999999999,-8.948048971646358,-0.6457,-9.430465524900336,-0.6486999999999999,-9.941176304151613,-0.6857000000000001,-19.862546650105116,-0.7077000000000001,-29.864555540150924,-0.7237000000000001,-40.31927204615355,-0.7347,-50.1939569192115
exp537,-1700mV,-0.3387000000000001,-0.5005248578922499,-0.3877,-0.9904393810355122,-0.4146999999999999,-1.505252823056399,-0.4337000000000001,-2.004645911908757,-0.4477000000000001,-2.50262428946125,-0.4587,-2.9921143992145525,-0.4687,-3.5240458479638064,-0.4767,-4.024853648116029,-0.4837000000000001,-4.505855490070142,-0.4896999999999999,-4.9840279094245235,-0.4956999999999999,-5.498982822575398,-0.5016999999999999,-6.037987827823977,-0.5067,-6.540210339276065,-0.5107,-6.975941419634496,-0.5156999999999999,-7.53616709438105,-0.5196999999999999,-8.017168936335162,-0.5236999999999999,-8.506659046088465,-0.5277,-9.038590494837718,-0.5307000000000001,-9.47715099779588,-0.5347000000000001,-10.06142676464014,-0.5817,-20.10304757108217,-0.6087000000000001,-29.779672862159025,-0.6297,-40.10706535117379,-0.6466999999999999,-49.89686754623985
exp538,-1500mV,-0.1077000000000001,-0.4992516177223714,-0.1957000000000001,-0.9969470530148912,-0.2207,-1.505252823056399,-0.2367,-2.021622447507138,-0.2487,-2.4842330425630044,-0.2587,-3.004846800913338,-0.2656999999999999,-3.4702868185689346,-0.2736999999999999,-3.986656443019674,-0.2796999999999999,-4.459170017174596,-0.2856999999999999,-4.996760311123309,-0.2907,-5.4622003287789065,-0.2956999999999999,-5.958763995031535,-0.3007000000000001,-6.494939577680383,-0.3056999999999999,-7.063653520226129,-0.3097,-7.520605270082535,-0.3137,-8.02141307023476,-0.3167000000000001,-8.464217707092514,-0.3207000000000001,-9.007466846240687,-0.3247000000000001,-9.564863098387514,-0.3277,-10.023229559543786,-0.3777,-20.10304757108217,-0.4106999999999999,-29.85040842715227,-0.4377000000000001,-40.12121246417244,-0.4587,-49.89686754623985
exp539,-1800mV,-0.0167000000000001,0.4998175022423174,-0.4277000000000001,-0.9999179467446078,-0.4667,-1.501008689156804,-0.4976999999999999,-2.004645911908757,-0.5216999999999999,-2.50828313466071,-0.5447000000000001,-3.0076762235130676,-0.5637,-3.4886780654671803,-0.5837,-4.020609514216435,-0.6027000000000001,-4.500196644870682,-0.6186999999999999,-4.9896867546239845,-0.6337,-5.486250420876612,-0.6457,-6.018181869625866,-0.6587,-6.511916113278764,-0.6667,-7.009894490831256,-0.6737000000000001,-7.543240650880375,-0.6787,-8.001607112036647,-0.6837000000000001,-8.492511933089816,-0.6877000000000001,-9.001808001041228,-0.6917000000000001,-9.547886562789133,-0.6947,-10.031717827342977,-0.7267,-19.97572355409432,-0.7416999999999999,-29.73723152316307,-0.7527,-39.640210622218326,-0.7616999999999999,-49.458307043281685
exp540,-1700mV,-0.4597000000000001,-0.4992516177223714,-0.5156999999999999,-0.9973714664048507,-0.5377,-1.4925204213576138,-0.5507000000000001,-1.9848399537106465,-0.5597,-2.4715006408642193,-0.5667000000000001,-2.9624054619173865,-0.5727000000000001,-3.4801897976679905,-0.5777,-3.996559422118728,-0.5817,-4.470487707573516,-0.5857,-5.01090742412196,-0.5887000000000001,-5.467859173978367,-0.5917,-5.961593417631265,-0.5947000000000001,-6.507671979379168,-0.5967000000000001,-6.898132298141919,-0.5997,-7.53050824918159,-0.6017,-7.984630576438266,-0.6037,-8.467047129692245,-0.6057,-8.969269641144333,-0.6077,-9.508274646392913,-0.6097,-10.07557387763879,-0.6346999999999999,-20.202077362072725,-0.6507,-30.03432089613473,-0.6637000000000001,-40.05047689917919,-0.6747,-49.93930888523579
exp541,-1800mV,-0.5457,-0.5017980980621284,-0.6027000000000001,-1.0062841475940008,-0.6237,-1.5137410908555893,-0.6357,-2.0004017780091616,-0.6437,-2.472915352164084,-0.6507,-3.0119203574126634,-0.6557000000000001,-3.508484023665291,-0.6597000000000001,-3.9767534639206183,-0.6637000000000001,-4.510099623969737,-0.6667,-4.971295507725738,-0.6697000000000001,-5.490494554776207,-0.6727,-6.076185032920332,-0.6747,-6.500598422879844,-0.6767,-6.975941419634496,-0.6787,-7.495140466684964,-0.6807,-8.027071915434218,-0.6827,-8.621250661377534,-0.6837000000000001,-8.938145992547302,-0.6857000000000001,-9.604475014783732,-0.6867,-9.9539087058504,-0.7057000000000001,-19.890840876102416,-0.7177000000000001,-30.04846800913338,-0.7267,-39.93729999518999,-0.7347,-50.30713382320071
exp542,-1800mV,-0.5927000000000001,-0.4943001281728438,-0.6137,-1.0092550413237171,-0.6237,-1.4882762874580184,-0.6306999999999999,-1.9834252424107812,-0.6357,-2.4502799713662435,-0.6406999999999999,-3.044458717309559,-0.6437,-3.4702868185689346,-0.6466999999999999,-3.964021062221832,-0.6497,-4.538393849967037,-0.6517000000000001,-4.962807239926549,-0.6537000000000001,-5.42400312368255,-0.6557000000000001,-5.9347139029338285,-0.6577000000000001,-6.487866021181058,-0.6597000000000001,-7.104680147922214,-0.6607,-7.431478458191038,-0.6627,-8.12327228382504,-0.6637000000000001,-8.491097221789948,-0.6647,-8.875898695353241,-0.6667,-9.6907724040755,-0.6677000000000001,-10.122259350534335,-0.6837000000000001,-19.69278129412131,-0.6947,-29.510877715184662,-0.7037000000000001,-39.59776928322238,-0.7117000000000001,-49.95345599823444
exp543,-1800mV,-0.3527000000000001,-0.5003833867622635,-0.4237000000000001,-1.0013326580444728,-0.4667,-1.501008689156804,-0.4987,-2.0004017780091616,-0.5236999999999999,-2.506868423360845,-0.5427000000000001,-3.0147497800123935,-0.5567000000000001,-3.4943369106666404,-0.5687000000000001,-4.014950669016974,-0.5777,-4.486049531872031,-0.5857,-4.978369064225063,-0.5927000000000001,-5.486250420876612,-0.5987000000000001,-5.989887643628566,-0.6037,-6.463815929083352,-0.6087000000000001,-7.009894490831256,-0.6126999999999999,-7.478163931086583,-0.6166999999999999,-8.012924802435567,-0.6197,-8.448655882793998,-0.6226999999999999,-8.916925323049327,-0.6257,-9.4318802362002,-0.6286999999999999,-9.99069119964689,-0.6617000000000001,-20.117194684080825,-0.6787,-29.69479018416712,-0.6917000000000001,-39.640210622218326,-0.7027,-49.71295507725739
exp544,-1700mV,-0.3886999999999999,-0.4969880796425873,-0.4266999999999999,-0.9962396973649588,-0.4477000000000001,-1.5094969569559942,-0.4617000000000001,-2.007475334508487,-0.4727,-2.5280890928588207,-0.4807,-2.9836261314153627,-0.4887,-3.5311194044631313,-0.4947,-3.996559422118728,-0.5007,-4.5171731804690625,-0.5056999999999999,-5.001004445022905,-0.5107,-5.534350605072024,-0.5147,-6.001205334027486,-0.5187,-6.502013134179709,-0.5227,-7.039603428128422,-0.5257,-7.455528550288744,-0.5297,-8.058195564031248,-0.5327000000000001,-8.534953272085767,-0.5357,-9.042834628737316,-0.5377,-9.416318411901685,-0.5407000000000001,-9.997764756146214,-0.5737,-19.791811085111863,-0.5947000000000001,-29.779672862159025,-0.6107000000000001,-39.68265196121428,-0.6277,-50.052485789224995
exp545,-1900mV,-0.4657000000000001,-0.5032128093619935,-0.5236999999999999,-0.9944005726751344,-0.5577,-1.506667534356264,-0.5817,-1.9961576441095663,-0.6007000000000001,-2.4842330425630044,-0.6166999999999999,-3.0161644913122583,-0.6297,-3.4971663332663705,-0.6406999999999999,-4.003632978618054,-0.6507,-4.5171731804690625,-0.6577000000000001,-4.976954352925199,-0.6657000000000001,-5.511715224274183,-0.6717000000000001,-5.9884729323287,-0.6777000000000001,-6.475133619482273,-0.6837000000000001,-7.0367740055286925,-0.6877000000000001,-7.464016818087933,-0.6927,-7.961995195640427,-0.6967,-8.51656202518752,-0.7007,-9.000393289741364,-0.7047,-9.549301274088998,-0.7077000000000001,-10.031717827342977,-0.7476999999999999,-19.961576441095666,-0.7687,-29.864555540150924,-0.7847000000000001,-40.30512493315489,-0.7967000000000001,-50.2788395972034
exp546,-1800mV,-0.5227,-0.4995345599823444,-0.5737,-1.0034547249942705,-0.6017,-1.4896909987578837,-0.6197,-1.9975723554094316,-0.6317,-2.4983801555616547,-0.6406999999999999,-3.009090934812933,-0.6477,-3.515557580164616,-0.6527,-3.996559422118728,-0.6577000000000001,-4.521417314368658,-0.6617000000000001,-5.047689917918451,-0.6647,-5.469273885278232,-0.6677000000000001,-5.950275727232344,-0.6707,-6.511916113278764,-0.6737000000000001,-7.100436014022619,-0.6757000000000001,-7.510702290983478,-0.6777000000000001,-7.984630576438266,-0.6797000000000001,-8.519391447787251,-0.6817000000000001,-9.078202411233942,-0.6827,-9.36397409380668,-0.6847,-9.928443902452829,-0.7057000000000001,-19.98987066709297,-0.7187,-30.47288139909289,-0.7277000000000001,-40.34756627215084,-0.7347,-49.543189721273585
exp547,-1900mV,-0.6567,-0.4964221951226413,-0.6847,-0.988741727475674,-0.6997000000000001,-1.4882762874580184,-0.7097000000000001,-1.9777663972113213,-0.7177000000000001,-2.49979486686152,-0.7237000000000001,-2.9850408427152275,-0.7287,-3.4660426846693397,-0.7337000000000001,-4.024853648116029,-0.7376999999999999,-4.535564427367307,-0.7407,-4.959977817326819,-0.7436999999999999,-5.426832546282281,-0.7467,-5.930469769034234,-0.7496999999999999,-6.482207175981599,-0.7527,-7.079215344524644,-0.7547,-7.506458157083885,-0.7567,-7.954921639141101,-0.7587,-8.430264635895755,-0.7607,-8.923998879548652,-0.7627,-9.451686194398311,-0.7647,-10.000594178745946,-0.7907000000000001,-19.791811085111863,-0.8087000000000001,-29.73723152316307,-0.8237,-39.93729999518999,-0.8367000000000001,-50.010044450229046
exp548,-2800mV,-1.7847,-0.0325808012358917,-1.7847,-0.0325808012358917,,,,,,,,,,,,,,,,,,,,,,,,,,,,,,,,,,,,,,,,,,,,
exp549,-2800mV,-1.4427,0.0005889443141338,-1.4427,0.0005889443141338,,,,,,,,,,,,,,,,,,,,,,,,,,,,,,,,,,,,,,,,,,,,
exp550,-2800mV,-1.2386999999999997,0.0005610745015264,-1.2386999999999997,0.0005610745015264,,,,,,,,,,,,,,,,,,,,,,,,,,,,,,,,,,,,,,,,,,,,
exp551,-1400mV,-0.0487000000000001,-0.5003833867622635,-0.0527000000000001,-1.045188708340289,-0.0557,-1.4939351326574788,-0.0597,-2.044257828304978,-0.0637,-2.5224302476593605,-0.0677000000000001,-2.927037679420761,-0.0727000000000002,-3.475945663768395,-0.0777000000000001,-3.986656443019674,-0.0827000000000002,-4.487464243171897,-0.0877000000000001,-4.9840279094245235,-0.0227000000000001,5.470688596578097,-0.0977000000000001,-5.957349283731669,-0.0197,6.463815929083352,-0.1077000000000001,-6.954720750136521,-0.1127,-7.458357972888473,-0.1177000000000001,-7.973312886039348,-0.1227,-8.512317891287925,-0.1267,-8.990490310642308,-0.1307,-9.53656887239021,-0.1337000000000001,-9.942591015451477,-0.1867000000000001,-19.98987066709297,-0.2157000000000001,-29.878702653149578,-0.2467,-40.03632978618054,-0.3377,-49.68466085126009
exp552,-1500mV,-0.0817000000000001,-0.4971295507725738,-0.1577000000000001,-1.0002008890045808,-0.1937000000000001,-1.502423400456669,-0.2177000000000001,-2.001816489309027,-0.2357000000000001,-2.4870624651627344,-0.2487,-3.003432089613473,-0.2616999999999999,-3.504239889765696,-0.2716999999999999,-3.985241731719809,-0.2807,-4.473317130173245,-0.2887,-5.00807800152223,-0.2967000000000001,-5.489079843476342,-0.3027000000000001,-5.957349283731669,-0.3097,-6.502013134179709,-0.3157,-6.981600264833956,-0.3217,-7.52767882658186,-0.3267000000000001,-8.01433951373543,-0.3317,-8.523635581686847,-0.3357,-8.956537239445547,-0.3407000000000001,-9.525251181991292,-0.3447000000000001,-10.03030311604311,-0.4026999999999999,-19.876693763103766,-0.4387,-29.892849766148224,-0.4647,-39.86656443019674,-0.4857000000000001,-50.109074241219595
exp553,-1700mV,-0.2576999999999999,-0.5005248578922499,-0.3027000000000001,-1.0028888404743244,-0.3317,-1.506667534356264,-0.3537,-2.0032312006088917,-0.3746999999999999,-2.50545371206098,-0.3917,-2.989284976614823,-0.4066999999999999,-3.504239889765696,-0.4186999999999999,-3.9937299995189983,-0.4297000000000001,-4.4846348205721664,-0.4397000000000001,-4.9896867546239845,-0.4487,-5.484835709576747,-0.4577000000000001,-6.019596580925731,-0.4657000000000001,-6.514745535878494,-0.4727,-7.012723913430986,-0.4797000000000001,-7.520605270082535,-0.4857000000000001,-7.986045287738133,-0.4916999999999999,-8.492511933089816,-0.4976999999999999,-9.042834628737316,-0.5027,-9.513933491592372,-0.5076999999999999,-10.02181484824392,-0.5677,-20.046459119087572,-0.5997,-30.17579202612123,-0.6206999999999999,-40.24853648116029,-0.6366999999999999,-49.67051373826144
exp554,-1800mV,-0.5587000000000001,-0.501656626932142,-0.6077,-0.9919955634653636,-0.6277,-1.502423400456669,-0.6386999999999999,-1.9763516859114565,-0.6466999999999999,-2.4715006408642193,-0.6527,-2.9864555540150928,-0.6577000000000001,-3.504239889765696,-0.6617000000000001,-4.009291823817514,-0.6647,-4.445022904175945,-0.6677000000000001,-4.952904260827493,-0.6707,-5.521618203373238,-0.6727,-5.950275727232344,-0.6747,-6.404398054489021,-0.6767,-6.9122794111405685,-0.6787,-7.461187395488204,-0.6807,-8.055366141431518,-0.6817000000000001,-8.370846761301422,-0.6837000000000001,-9.04707876263691,-0.6847,-9.39509774240371,-0.6867,-10.133577040933258,-0.7047,-20.272812927065974,-0.7157000000000001,-30.07676223513068,-0.7247,-40.4183018371441,-0.7317000000000001,-49.85442620724389
exp555,-1700mV,-0.0807000000000002,-0.5026469248420475,-0.1417000000000001,-0.9980788220547832,-0.2776999999999999,-1.498179266557074,-0.3107000000000001,-2.011719468408082,-0.3267000000000001,-2.512527268560305,-0.3387000000000001,-2.997773244414013,-0.3497,-3.4943369106666404,-0.3577,-4.013535957717109,-0.3666999999999999,-4.541223272566767,-0.3737,-5.001004445022905,-0.3817,-5.530106471172428,-0.3877,-6.008278890526811,-0.3937,-6.451083527384568,-0.3997,-6.963209017935711,-0.4046999999999999,-7.489481621485504,-0.4106999999999999,-7.994533555537323,-0.4157,-8.47412068619157,-0.4206999999999999,-9.006052134940823,-0.4257000000000001,-9.46583330739696,-0.4297000000000001,-9.975129375348374,-0.5076999999999999,-20.01816489309027,-0.5647000000000001,-29.991879557138777,-0.6107000000000001,-39.85241731719808,-0.6517000000000001,-50.06663290222365
exp556,-1900mV,-0.6306999999999999,-0.4975539641625333,-0.6687,-1.0000594178745943,-0.6887,-1.5137410908555893,-0.7017000000000001,-2.0103047571082175,-0.7117000000000001,-2.506868423360845,-0.7197000000000001,-3.000602667013743,-0.7267,-3.519801714064211,-0.7327,-4.01636538031684,-0.7376999999999999,-4.503026067470412,-0.7427,-5.0547634744177765,-0.7467,-5.5414241615713475,-0.7496999999999999,-5.94603159333275,-0.7536999999999999,-6.526063226277413,-0.7567,-6.998576800432337,-0.7596999999999999,-7.506458157083885,-0.7627,-8.0440484510326,-0.7647,-8.424605790696294,-0.7676999999999999,-9.04990818523664,-0.7696999999999999,-9.492712822094395,-0.7716999999999999,-9.951079283250667,-0.8017,-20.117194684080825,-0.8197,-30.17579202612123,-0.8337,-40.20609514216434,-0.8457,-50.26469248420475
exp557,-1900mV,-0.4177,-0.5008078001522229,-0.4617000000000001,-1.0040206095142166,-0.4827,-1.4911057100577487,-0.4987,-2.013134179707947,-0.5096999999999999,-2.4771594860636794,-0.5207,-3.0260674704113137,-0.5287000000000001,-3.4957516219665052,-0.5367000000000001,-4.014950669016974,-0.5437,-4.522832025668523,-0.5497,-4.992516177223715,-0.5557,-5.498982822575398,-0.5617,-6.0323289826245166,-0.5667000000000001,-6.494939577680383,-0.5717,-6.9915032439330105,-0.5767000000000001,-7.506458157083885,-0.5817,-8.035560183233407,-0.5857,-8.47129126359184,-0.5897,-8.959366662045278,-0.5947000000000001,-9.498371667293856,-0.5987000000000001,-10.035961961242569,-0.6637000000000001,-19.98987066709297,-0.7107,-30.11920357412663,-0.7456999999999999,-39.90900576919269,-0.7736999999999999,-49.925161772237146
exp558,-1700mV,-0.2387,-0.4998175022423174,-0.3067000000000001,-1.007840330023852,-0.3357,-1.502423400456669,-0.3567000000000001,-1.9904987989101068,-0.3726999999999999,-2.4771594860636794,-0.3877,-3.0119203574126634,-0.3986999999999999,-3.475945663768395,-0.4106999999999999,-4.0121212464172435,-0.4206999999999999,-4.510099623969737,-0.4297000000000001,-5.006663290222365,-0.4387,-5.523032914673103,-0.4467,-6.001205334027486,-0.4537000000000001,-6.4793777533818675,-0.4607,-6.975941419634496,-0.4677000000000001,-7.49938460058456,-0.4737000000000001,-8.008680668535973,-0.4797000000000001,-8.543441539884956,-0.4847,-9.01029626884042,-0.4896999999999999,-9.508274646392913,-0.4947,-10.037376672542434,-0.5527000000000001,-19.97572355409432,-0.5817,-29.892849766148224,-0.6017,-40.20609514216434,-0.6157,-49.72710219025603
exp559,-1500mV,-0.2776999999999999,-0.4992516177223714,-0.3117,-1.011235637143528,-0.3237,-1.4967645552572086,-0.3307000000000001,-1.9890840876102416,-0.3357,-2.515356691160035,-0.3397,-3.0670940981073995,-0.3427000000000001,-3.584878433858002,-0.3447000000000001,-3.927238568425342,-0.3477,-4.542637983866633,-0.3497,-4.965636662526279,-0.3517,-5.431076680181876,-0.3537,-5.905004965636663,-0.3557,-6.386006807590776,-0.3577,-6.919352967639894,-0.3597,-7.445625571189688,-0.3617,-8.018583647635028,-0.3637,-8.598615280579693,-0.3646999999999999,-8.891460519651757,-0.3666999999999999,-9.521007048091697,-0.3677,-9.85063478096025,-0.3926999999999999,-20.202077362072725,-0.4097,-29.864555540150924,-0.4257000000000001,-40.20609514216434,-0.4397000000000001,-50.1656626932142
exp560,-1900mV,-0.6927,-0.4976954352925198,-0.7187,-1.0134991752233122,-0.7317000000000001,-1.5151558021554543,-0.7407,-2.0286960040064623,-0.7467,-2.478574197363544,-0.7527,-3.0331410269106387,-0.7567,-3.4773603750682605,-0.7607,-3.986656443019674,-0.7647,-4.569517498564068,-0.7676999999999999,-5.0618370309171015,-0.7696999999999999,-5.419758989782956,-0.7727,-6.004034756627216,-0.7747,-6.424204012687131,-0.7777,-7.1089242818218095,-0.7797,-7.6069026593743025,-0.7817,-8.13176055162423,-0.7827000000000001,-8.403385121198317,-0.7847000000000001,-8.982002042843117,-0.7867000000000001,-9.601645592184004,-0.7877,-9.919955634653638,-0.8107000000000001,-20.08890045808352,-0.8257,-30.06261512213203,-0.8377,-40.092918238175145,-0.8477,-49.67051373826144
exp561,-1900mV,-0.6797000000000001,-0.5026469248420475,-0.7077000000000001,-1.005293849684095,-0.7227,-1.5038381117565338,-0.7327,-1.9848399537106465,-0.7407,-2.4828183312631396,-0.7476999999999999,-3.0232380478115832,-0.7527,-3.4787750863681253,-0.7576999999999999,-3.9979741334185936,-0.7616999999999999,-4.466243573673921,-0.7656999999999999,-4.985442620724389,-0.7696999999999999,-5.561230119769459,-0.7727,-6.033743693924381,-0.7757,-6.53596620537647,-0.7787000000000001,-7.082044767124374,-0.7807000000000001,-7.464016818087933,-0.7837,-8.07517209962963,-0.7857,-8.503829623488736,-0.7877,-8.955122528145683,-0.7897,-9.42056254580128,-0.7917,-9.914296789454175,-0.8217,-20.07475334508487,-0.8417,-30.24652759111449,-0.8567000000000001,-39.72509330021023,-0.8706999999999999,-49.967603111233096
exp562,-1800mV,-0.3946999999999999,-0.5034957516219666,-0.4477000000000001,-0.9972299952748644,-0.4867,-1.4967645552572086,-0.5216999999999999,-2.004645911908757,-0.5497,-2.4799889086634095,-0.5667000000000001,-3.003432089613473,-0.5817,-3.5297046931632665,-0.5927000000000001,-4.003632978618054,-0.5997,-4.498781933570816,-0.6097,-4.9840279094245235,-0.6166999999999999,-5.504641667774858,-0.6226999999999999,-6.037987827823977,-0.6277,-6.516160247178359,-0.6326999999999999,-7.048091695927613,-0.6366999999999999,-7.51353171358321,-0.6406999999999999,-8.000192400736783,-0.6437,-8.455729439293325,-0.6477,-8.989075599342444,-0.6507,-9.416318411901685,-0.6537000000000001,-9.975129375348374,-0.6927,-19.919135102099716,-0.7167,-30.07676223513068,-0.7347,-40.31927204615355,-0.7467,-49.656366625262784
exp563,-1500mV,-0.1647,-0.5005248578922499,-0.2297000000000001,-1.0030303116043109,-0.2536999999999999,-1.4896909987578837,-0.2687,-1.9947429328097015,-0.2796999999999999,-2.509697845960575,-0.2887,-2.9935291105144173,-0.2956999999999999,-3.4900927767670455,-0.3027000000000001,-3.996559422118728,-0.3087000000000001,-4.518587891768927,-0.3137,-4.998175022423175,-0.3187000000000001,-5.520203492073373,-0.3227000000000001,-5.967252262830725,-0.3267000000000001,-6.466645351683083,-0.3307000000000001,-6.990088532633147,-0.3347000000000001,-7.526264115281995,-0.3377,-7.942189237442316,-0.3417,-8.556173941583742,-0.3447000000000001,-9.030102227038528,-0.3477,-9.511104068992642,-0.3507000000000001,-10.065670898539736,-0.3937,-19.862546650105116,-0.4237000000000001,-29.892849766148224,-0.4477000000000001,-40.17780091616704,-0.4667,-49.98175022423175
exp564,-1400mV,0.0102999999999999,-0.5006663290222364,-0.1047000000000002,-0.9990691199646888,-0.1537000000000001,-1.4826174422585583,-0.1767,-2.0060606232086218,-0.1877000000000002,-2.4898918877624645,-0.1977000000000001,-3.043044006009694,-0.2037000000000001,-3.4900927767670455,-0.2107,-4.0121212464172435,-0.2157000000000001,-4.507270201370006,-0.2207,-5.0292986710202054,-0.2247,-5.547083006770809,-0.2287,-6.080429166819927,-0.2317000000000001,-6.441180548285512,-0.2347,-6.975941419634496,-0.2376999999999999,-7.422990190391848,-0.2407,-7.949262793941642,-0.2436999999999999,-8.547685673784551,-0.2456999999999999,-8.908437055250136,-0.2487,-9.559204253188051,-0.2507,-9.969470530148914,-0.2836999999999999,-20.187930249074075,-0.3047000000000001,-29.977732444140123,-0.3217,-39.96559422118728,-0.3367000000000001,-50.23639825820745
exp565,-1500mV,-0.0547000000000001,-0.5020810403221014,-0.1707,-0.9956738128450128,-0.2067,-1.5080822456561291,-0.2297000000000001,-1.9961576441095663,-0.2447,-2.4814036199632743,-0.2567,-3.013335068712528,-0.2667,-3.522631136663941,-0.2756999999999999,-4.0319272046153545,-0.2816999999999999,-4.480390686672571,-0.2887,-4.972710219025604,-0.2947000000000001,-5.477762153077422,-0.2996999999999999,-5.948861015932479,-0.3047000000000001,-6.455327661284162,-0.3097,-7.007065068231526,-0.3137,-7.495140466684964,-0.3177,-8.018583647635028,-0.3217,-8.55051509638428,-0.3247000000000001,-8.933901858647706,-0.3287000000000001,-9.522421759391564,-0.3317,-10.011911869144866,-0.3797,-19.904987989101063,-0.4126999999999999,-29.921143992145527,-0.4387,-39.80997597820213,-0.4617000000000001,-50.15151558021555
exp566,-1400mV,-0.1827,-0.4999589733723039,-0.2367,-0.9938346881551884,-0.2516999999999999,-1.4868615761581534,-0.2596999999999999,-1.9763516859114565,-0.2656999999999999,-2.475744774763814,-0.2707,-3.024652759111448,-0.2747,-3.556584207860702,-0.2776999999999999,-4.0050476899179195,-0.2807,-4.491708377071491,-0.2836999999999999,-5.051934051818047,-0.2856999999999999,-5.426832546282281,-0.2887,-6.081843878119792,-0.2907,-6.509086690679034,-0.2927,-6.995747377832608,-0.2947000000000001,-7.483822776286043,-0.2967000000000001,-7.990289421637726,-0.2987000000000001,-8.557588652883606,-0.3007000000000001,-9.096593658132186,-0.3016999999999999,-9.393683031103844,-0.3036999999999999,-9.980788220547833,-0.3297,-20.10304757108217,-0.3497,-29.864555540150924,-0.3677,-40.02218267318189,-0.3826999999999999,-49.71295507725739
exp567,-1700mV,-0.2767,-0.502505453712061,-0.3327000000000001,-0.9931273325052556,-0.3597,-1.510911668255859,-0.3786999999999999,-2.007475334508487,-0.3926999999999999,-2.4955507329619246,-0.4046999999999999,-3.0232380478115832,-0.4146999999999999,-3.5113134462650213,-0.4237000000000001,-3.9909005769192687,-0.4317000000000001,-4.483220109272302,-0.4397000000000001,-5.015151558021555,-0.4467,-5.510300512974317,-0.4537000000000001,-6.035158405224247,-0.4597000000000001,-6.533136782776739,-0.4647,-6.966038440535441,-0.4707,-7.5220199813824,-0.4757000000000001,-8.004436534636376,-0.4807,-8.51090317998806,-0.4857000000000001,-9.042834628737316,-0.4896999999999999,-9.47998042039561,-0.4947,-10.05576791944068,-0.5507000000000001,-19.890840876102416,-0.5817,-30.09090934812933,-0.6017,-39.93729999518999,-0.6177,-50.2788395972034
exp568,-1700mV,-0.2107,-0.4992516177223714,-0.2776999999999999,-1.0110941660135415,-0.3056999999999999,-1.4911057100577487,-0.3237,-2.0032312006088917,-0.3377,-2.4955507329619246,-0.3497,-3.0076762235130676,-0.3587000000000001,-3.4971663332663705,-0.3677,-4.030512493315489,-0.3746999999999999,-4.4973672222709515,-0.3817,-5.01939569192115,-0.3877,-5.548497718070673,-0.3926999999999999,-6.016767158326001,-0.3977,-6.507671979379168,-0.4026999999999999,-7.063653520226129,-0.4066999999999999,-7.53333767178132,-0.4106999999999999,-8.024242492834487,-0.4146999999999999,-8.557588652883606,-0.4177,-8.95795195074541,-0.4217000000000001,-9.519592336791831,-0.4246999999999999,-9.994935333546485,-0.4757000000000001,-19.97572355409432,-0.5127,-29.921143992145527,-0.5417,-39.95144710818864,-0.5667000000000001,-50.052485789224995
exp569,-1600mV,-0.2807,-0.4991101465923849,-0.3207000000000001,-0.9884587852157012,-0.3407000000000001,-1.4925204213576138,-0.3547000000000001,-1.9919135102099716,-0.3657,-2.5266743815589554,-0.3737,-2.973723152316307,-0.3817,-3.539607672262322,-0.3877,-3.995144710818863,-0.3937,-4.473317130173245,-0.3997,-5.02505453712061,-0.4046999999999999,-5.5272770485726985,-0.4086999999999999,-5.950275727232344,-0.4137,-6.520404381077953,-0.4177,-7.019797469930312,-0.4217000000000001,-7.543240650880375,-0.4257000000000001,-8.059610275331114,-0.4286999999999999,-8.481194242690894,-0.4327,-9.06405529823529,-0.4357000000000001,-9.530910027190751,-0.4387,-9.986447065747294,-0.4847,-19.93328221509837,-0.5136999999999999,-29.822114201154974,-0.5347000000000001,-39.78168175220483,-0.5527000000000001,-50.010044450229046
exp571,-1600mV,-0.2696999999999999,-0.4961392528626683,-0.3047000000000001,-0.987609958435782,-0.3157,-1.4882762874580184,-0.3217,-2.024451870106867,-0.3257,-2.5776039883540967,-0.3277,-2.9171347003217054,-0.3307000000000001,-3.572146032159218,-0.3327000000000001,-4.06163614191252,-0.3337,-4.353066669684718,-0.3357,-4.975539641625334,-0.3377,-5.62064799436379,-0.3387000000000001,-5.967252262830725,-0.3397,-6.318100665197254,-0.3417,-7.049506407227478,-0.3427000000000001,-7.404598943493602,-0.3447000000000001,-8.12327228382504,-0.3457,-8.486853087890356,-0.3477,-9.15176739882692,-0.3487000000000001,-9.47432157519615,-0.3507000000000001,-10.110941660135415,-0.3886999999999999,-20.03231200608892,-0.4206999999999999,-30.06261512213203,-0.4497000000000001,-40.02218267318189,-0.4747,-50.12322135421825
exp572,-2000mV,-0.6847,-0.4962807239926549,-0.7257000000000001,-0.9960982262349724,-0.7487,-1.499593977856939,-0.7647,-2.0060606232086218,-0.7767000000000001,-2.5252596702590906,-0.7857,-3.0189939139119883,-0.7927000000000001,-3.4787750863681253,-0.7997,-4.014950669016974,-0.8047000000000001,-4.46058472847446,-0.8097,-4.961392528626684,-0.8147000000000001,-5.525862337272833,-0.8187000000000001,-6.021011292225596,-0.8227000000000001,-6.5670898539735,-0.8257,-7.014138624730852,-0.8287000000000001,-7.48806691018564,-0.8317,-7.994533555537323,-0.8347000000000001,-8.533538560785903,-0.8367000000000001,-8.915510611749461,-0.8397,-9.519592336791831,-0.8417,-9.960982262349724,-0.8746999999999999,-20.07475334508487,-0.8946999999999999,-30.232380478115836,-0.9087,-39.76753463920618,-0.9207,-49.58563106026953
exp573,-1600mV,-0.2117000000000001,-0.4964221951226413,-0.2436999999999999,-0.9992105910946756,-0.2607,-1.4967645552572086,-0.2716999999999999,-1.9834252424107812,-0.2807,-2.49979486686152,-0.2876999999999999,-3.010505646112798,-0.2936999999999999,-3.519801714064211,-0.2987000000000001,-4.003632978618054,-0.3036999999999999,-4.544052695166498,-0.3077,-5.046275206618586,-0.3117,-5.5668889649689195,-0.3147000000000001,-5.998375911427756,-0.3177,-6.468060062982947,-0.3207000000000001,-6.939158925838006,-0.3237,-7.48806691018564,-0.3267000000000001,-8.04121902843287,-0.3287000000000001,-8.399140987298722,-0.3317,-9.038590494837718,-0.3337,-9.438953792699524,-0.3357,-9.918540923353772,-0.3717,-20.13134179707947,-0.3997,-29.96358533114148,-0.4246999999999999,-39.92315288219133,-0.4477000000000001,-50.024191563227696
exp574,-1500mV,-0.1877000000000002,-0.4995345599823444,-0.2237000000000001,-1.0034547249942705,-0.2407,-1.4953498439573436,-0.2516999999999999,-1.972107552011861,-0.2607,-2.467256506964624,-0.2687,-3.028896893011044,-0.2747,-3.508484023665291,-0.2796999999999999,-3.971094618721158,-0.2847,-4.491708377071491,-0.2887,-4.959977817326819,-0.2927,-5.459370906179177,-0.2967000000000001,-5.987058221028835,-0.3007000000000001,-6.56143100877404,-0.3036999999999999,-7.0367740055286925,-0.3067000000000001,-7.514946424883075,-0.3097,-8.018583647635028,-0.3127000000000001,-8.564662209382933,-0.3147000000000001,-8.918340034349193,-0.3177,-9.511104068992642,-0.3207000000000001,-10.093965124537036,-0.3587000000000001,-19.961576441095666,-0.3866999999999999,-30.18993913911989,-0.4086999999999999,-39.90900576919269,-0.4297000000000001,-49.89686754623985
exp575,-2800mV,-0.3447000000000001,-0.0018122451751271,-0.3447000000000001,-0.0018122451751271,,,,,,,,,,,,,,,,,,,,,,,,,,,,,,,,,,,,,,,,,,,,
exp576,-1900mV,-0.4297000000000001,-0.5020810403221014,-0.4896999999999999,-1.0037376672542435,-0.5307000000000001,-1.501008689156804,-0.5587000000000001,-1.993328221509837,-0.5787000000000001,-2.4870624651627344,-0.5937,-2.9850408427152275,-0.6057,-3.492922199366775,-0.6157,-4.009291823817514,-0.6237,-4.503026067470412,-0.6306999999999999,-5.006663290222365,-0.6366999999999999,-5.477762153077422,-0.6426999999999999,-6.01393773572627,-0.6477,-6.506257268079304,-0.6527,-7.046676984627748,-0.6567,-7.510702290983478,-0.6607,-8.018583647635028,-0.6647,-8.556173941583742,-0.6677000000000001,-8.982002042843117,-0.6707,-9.429050813600467,-0.6747,-10.060012053340277,-0.7187,-19.97572355409432,-0.7476999999999999,-29.90699687914687,-0.7716999999999999,-39.99388844718459,-0.7927000000000001,-50.109074241219595
exp577,-1600mV,-0.2636999999999999,-0.5040616361419126,-0.3077,-1.002181484824392,-0.3277,-1.510911668255859,-0.3397,-1.9989870667092968,-0.3497,-2.5351626493581456,-0.3567000000000001,-2.9935291105144173,-0.3626999999999999,-3.4646279733694745,-0.3686999999999999,-4.020609514216435,-0.3737,-4.542637983866633,-0.3777,-4.986857332024254,-0.3817,-5.482006286977017,-0.3857,-6.016767158326001,-0.3886999999999999,-6.428448146586726,-0.3926999999999999,-7.008479779531392,-0.3957,-7.50221402318429,-0.3986999999999999,-7.984630576438266,-0.4017,-8.495341355689545,-0.4046999999999999,-9.056981741735964,-0.4066999999999999,-9.41490370060182,-0.4097,-10.011911869144866,-0.4477000000000001,-19.97572355409432,-0.4737000000000001,-30.09090934812933,-0.4947,-40.27683070715759,-0.5116999999999999,-49.98175022423175
exp578,-1900mV,-0.5617,-0.4935927725229112,-0.6047000000000001,-1.000766773524527,-0.6266999999999999,-1.5038381117565338,-0.6406999999999999,-1.9862546650105113,-0.6517000000000001,-2.49696544426179,-0.6597000000000001,-2.9878702653149576,-0.6667,-3.504239889765696,-0.6727,-4.03900076111468,-0.6767,-4.450681749375406,-0.6817000000000001,-5.0292986710202054,-0.6857000000000001,-5.493323977375938,-0.6887,-5.950275727232344,-0.6927,-6.578407544372421,-0.6957000000000001,-7.048091695927613,-0.6977000000000001,-7.439966725990228,-0.7007,-8.027071915434218,-0.7027,-8.416117522897103,-0.7057000000000001,-9.078202411233942,-0.7077000000000001,-9.560618964487915,-0.7097000000000001,-10.028888404743244,-0.7387,-20.202077362072725,-0.7567,-29.977732444140123,-0.7707,-40.00803556018324,-0.7827000000000001,-50.43445784018856
exp579,-1600mV,-0.3367000000000001,-0.5037786938819395,-0.3617,-0.987609958435782,-0.3717,-1.4868615761581534,-0.3786999999999999,-2.0004017780091616,-0.3846999999999999,-2.512527268560305,-0.3897,-2.9807967088156326,-0.3946999999999999,-3.4971663332663705,-0.3986999999999999,-3.944215104023722,-0.4037,-4.561029230764878,-0.4066999999999999,-4.940171859128707,-0.4106999999999999,-5.515959358173778,-0.4137,-5.99130235492843,-0.4166999999999999,-6.453912949984297,-0.4197000000000001,-6.992917955232877,-0.4226999999999999,-7.53616709438105,-0.4246999999999999,-7.933700969643125,-0.4277000000000001,-8.52505029298671,-0.4297000000000001,-8.974928486343794,-0.4317000000000001,-9.406415432802628,-0.4337000000000001,-9.877514295657685,-0.4657000000000001,-19.820105311109163,-0.4867,-29.90699687914687,-0.5027,-39.696799074212926,-0.5187,-50.06663290222365
exp580,-1700mV,-0.2507,-0.4943001281728438,-0.2827,-1.0000594178745943,-0.3007000000000001,-1.4925204213576138,-0.3127000000000001,-1.9919135102099716,-0.3247000000000001,-2.506868423360845,-0.3337,-2.9666495958169823,-0.3417,-3.509898734965156,-0.3487000000000001,-3.982412309120079,-0.3537,-4.4846348205721664,-0.3577,-4.98827204332412,-0.3657,-5.4947386886758025,-0.3677,-6.026670137425056,-0.3746999999999999,-6.483621887281464,-0.3757,-6.9646237292355755,-0.3786999999999999,-7.604073236774572,-0.3806999999999999,-7.967654040839887,-0.3857,-8.532123849486036,-0.3877,-8.969269641144333,-0.3906999999999999,-9.478565709095744,-0.3937,-10.091135701937308,-0.4487,-20.30110715306328,-0.4867,-30.11920357412663,-0.5247,-39.95144710818864,-0.5717,-49.89686754623985
exp581,-1400mV,-0.0337,-0.5029298671020205,-0.1267,-1.003313253864284,-0.1607,-1.4896909987578837,-0.1777000000000002,-2.0187930249074073,-0.1897000000000002,-2.51111255726044,-0.1977000000000001,-2.9878702653149576,-0.2057000000000001,-3.512728157564886,-0.2117000000000001,-4.029097782015624,-0.2167,-4.508684912669872,-0.2217000000000001,-5.066081164816696,-0.2257000000000001,-5.490494554776207,-0.2297000000000001,-5.984228798429105,-0.2327,-6.482207175981599,-0.2367,-7.059409386326533,-0.2396999999999999,-7.526264115281995,-0.2416999999999999,-7.946433371341912,-0.2447,-8.441582326294675,-0.2476999999999999,-9.08952010163286,-0.2496999999999999,-9.4601744621975,-0.2516999999999999,-9.932688036352424,-0.2847,-20.17378313607542,-0.3047000000000001,-29.878702653149578,-0.3217,-39.83827020419943,-0.3367000000000001,-50.26469248420475
exp582,-1700mV,-0.3877,-0.5026469248420475,-0.4177,-1.0076988588938656,-0.4357000000000001,-1.501008689156804,-0.4497000000000001,-2.020207736207272,-0.4597000000000001,-2.478574197363544,-0.4697000000000001,-3.0189939139119883,-0.4777000000000001,-3.5183870027643462,-0.4847,-4.0050476899179195,-0.4907,-4.46058472847446,-0.4967,-4.968466085126009,-0.5027,-5.506056379074723,-0.5076999999999999,-5.9997906227276205,-0.5127,-6.53030736017701,-0.5167,-6.970282574435036,-0.5207,-7.459772684188338,-0.5247,-7.95775106174083,-0.5287000000000001,-8.476950108791302,-0.5327000000000001,-9.048493473936777,-0.5357,-9.487053976894938,-0.5387000000000001,-9.962396973649588,-0.5827000000000001,-19.93328221509837,-0.6087000000000001,-30.161644913122583,-0.6286999999999999,-40.24853648116029,-0.6457,-50.1373684672169
exp583,-1700mV,-0.4126999999999999,-0.5032128093619935,-0.4347,-0.9874684873057956,-0.4477000000000001,-1.4812027309586933,-0.4577000000000001,-2.0103047571082175,-0.4647,-2.485647753862869,-0.4707,-2.973723152316307,-0.4757000000000001,-3.4490661490709593,-0.4807,-3.988071154319539,-0.4847,-4.480390686672571,-0.4887,-5.015151558021555,-0.4916999999999999,-5.445223793180525,-0.4956999999999999,-6.081843878119792,-0.4976999999999999,-6.4199598787875365,-0.5007,-6.958964884036115,-0.5036999999999999,-7.543240650880375,-0.5056999999999999,-7.92379799054407,-0.5087,-8.559003364183472,-0.5107,-8.993319733242037,-0.5127,-9.44885677179858,-0.5147,-9.912882078154311,-0.5487000000000001,-19.961576441095666,-0.5757,-30.11920357412663,-0.5997,-39.76753463920618,-0.6206999999999999,-49.642219512264134
exp584,-1500mV,-0.2357000000000001,-0.4982613198124658,-0.2967000000000001,-1.0103868103636091,-0.3157,-1.499593977856939,-0.3267000000000001,-1.9975723554094316,-0.3347000000000001,-2.485647753862869,-0.3407000000000001,-2.973723152316307,-0.3457,-3.4717015298688,-0.3497,-3.9428003927238575,-0.3537,-4.505855490070142,-0.3567000000000001,-4.971295507725738,-0.3597,-5.482006286977017,-0.3626999999999999,-6.080429166819927,-0.3646999999999999,-6.483621887281464,-0.3666999999999999,-6.949061904937061,-0.3686999999999999,-7.437137303390498,-0.3706999999999999,-7.940774526142452,-0.3726999999999999,-8.515147313887656,-0.3746999999999999,-9.082446545133534,-0.3757,-9.399341876303303,-0.3777,-10.062841475940006,-0.3997,-20.01816489309027,-0.4146999999999999,-29.921143992145527,-0.4266999999999999,-39.68265196121428,-0.4377000000000001,-49.656366625262784
exp590,-2000mV,-0.6497,-0.502505453712061,-0.7157000000000001,-0.9932688036352422,-0.7476999999999999,-1.4939351326574788,-0.7676999999999999,-2.013134179707947,-0.7807000000000001,-2.50545371206098,-0.7907000000000001,-3.000602667013743,-0.7997,-3.508484023665291,-0.8067000000000001,-4.006462401217783,-0.8127000000000001,-4.505855490070142,-0.8177,-4.965636662526279,-0.8227000000000001,-5.497568111275533,-0.8277,-6.037987827823977,-0.8317,-6.55011331837512,-0.8347000000000001,-6.954720750136521,-0.8397,-7.517775847482805,-0.8427000000000001,-7.980386442538672,-0.8467000000000001,-8.534953272085767,-0.8497,-9.0555670304361,-0.8517,-9.406415432802628,-0.8547000000000001,-10.041620806442031,-0.8877,-19.93328221509837,-0.9077,-29.779672862159025,-0.9237,-39.66850484821563,-0.9377,-49.69880796425874
exp597,-2200mV,-0.7647,-0.4988272043324118,-0.8037,-1.0031717827342974,-0.8257,-1.501008689156804,-0.8417,-2.004645911908757,-0.8537,-2.4870624651627344,-0.8646999999999999,-3.021823336511718,-0.8726999999999999,-3.4717015298688,-0.8806999999999999,-3.985241731719809,-0.8877,-4.494537799671222,-0.8937,-4.976954352925199,-0.8997,-5.506056379074723,-0.9047,-5.987058221028835,-0.9097,-6.503427845479574,-0.9137,-6.944817771037465,-0.9187,-7.53333767178132,-0.9227,-8.035560183233407,-0.9257,-8.434508769795347,-0.9297,-8.993319733242037,-0.9327,-9.4318802362002,-0.9367,-10.04727965164149,-0.9827,-20.00401778009162,-1.0126999999999995,-29.96358533114148,-1.0366999999999995,-40.06462401217784,-1.0566999999999998,-49.95345599823444
exp598,-2200mV,-0.7716999999999999,-0.5032128093619935,-0.8127000000000001,-0.9997764756146216,-0.8367000000000001,-1.502423400456669,-0.8537,-1.9975723554094316,-0.8666999999999999,-2.4799889086634095,-0.8786999999999999,-3.021823336511718,-0.8877,-3.5014104671659654,-0.8957,-3.986656443019674,-0.9037,-4.535564427367307,-0.9097,-4.986857332024254,-0.9157,-5.480591575677152,-0.9217,-6.022426003525461,-0.9267,-6.507671979379168,-0.9317,-7.038188716828557,-0.9357,-7.483822776286043,-0.9397,-7.961995195640427,-0.9437,-8.461388284492784,-0.9477,-8.989075599342444,-0.9517,-9.543642428889536,-0.9547,-9.983617643147564,-1.0036999999999998,-19.919135102099716,-1.0366999999999995,-30.04846800913338,-1.0627,-40.17780091616704,-1.0837,-49.925161772237146
exp600,-2300mV,-0.7757,-0.5020810403221014,-0.8167000000000001,-1.006425618723987,-0.8407000000000001,-1.510911668255859,-0.8577,-2.0004017780091616,-0.8717,-2.50262428946125,-0.8826999999999999,-2.976552574916037,-0.8926999999999999,-3.4745309524685304,-0.9017,-3.9767534639206183,-0.9097,-4.473317130173245,-0.9177,-5.023639825820745,-0.9237,-5.472103307877963,-0.9307,-6.037987827823977,-0.9357,-6.472304196882543,-0.9417,-7.031115160329232,-0.9467,-7.5220199813824,-0.9517,-8.049707296232057,-0.9557,-8.48826779919022,-0.9597,-8.949463682946222,-0.9647,-9.556374830588323,-0.9687,-10.062841475940006,-1.0267,-20.07475334508487,-1.0657,-30.00602667013743,-1.0977,-40.135359577171094,-1.1246999999999998,-50.179809806212845
exp601,-2300mV,-0.7987000000000001,-0.4976954352925198,-0.8397,-0.9939761592851746,-0.8646999999999999,-1.499593977856939,-0.8837,-2.013134179707947,-0.8986999999999999,-2.5139419798601703,-0.9107,-2.9793819975157674,-0.9227,-3.512728157564886,-0.9327,-4.0121212464172435,-0.9417,-4.515758469169198,-0.9497,-5.006663290222365,-0.9567,-5.474932730477692,-0.9637,-5.975740530629915,-0.9707,-6.514745535878494,-0.9767,-7.009894490831256,-0.9827,-7.534752383081187,-0.9877,-7.998777689436918,-0.9926999999999998,-8.47977953139103,-0.9977,-8.987660888042578,-1.0027,-9.521007048091697,-1.0067,-9.960982262349724,-1.0747,-20.07475334508487,-1.1206999999999998,-30.06261512213203,-1.1566999999999998,-39.95144710818864,-1.1877,-49.93930888523579
exp602,-2400mV,-0.7887000000000001,-0.4967051373826143,-0.8317,-1.0038791383842298,-0.8567000000000001,-1.506667534356264,-0.8746999999999999,-1.9904987989101068,-0.8906999999999999,-2.5167714024599,-0.9037,-3.010505646112798,-0.9157,-3.5183870027643462,-0.9257,-3.9838270204199433,-0.9357,-4.483220109272302,-0.9447,-4.978369064225063,-0.9537,-5.503226956474993,-0.9617,-6.00262004532735,-0.9697,-6.528892648877145,-0.9767,-7.021212181230177,-0.9837,-7.53616709438105,-0.9897,-7.997362978137053,-0.9957,-8.482608953990761,-1.0017,-8.991905021942173,-1.0076999999999998,-9.518177625491967,-1.0126999999999995,-9.969470530148914,-1.0957,-19.961576441095666,-1.1536999999999995,-29.977732444140123,-1.1997,-40.00803556018324,-1.2386999999999997,-49.86857332024254
exp603,-2400mV,-0.8027000000000001,-0.4974124930325468,-0.8437,-1.006425618723987,-0.8666999999999999,-1.5094969569559942,-0.8826999999999999,-1.9904987989101068,-0.8966999999999999,-2.5196008250596305,-0.9077,-3.006261512213203,-0.9177,-3.508484023665291,-0.9267,-4.0050476899179195,-0.9347,-4.486049531872031,-0.9427,-4.996760311123309,-0.9497,-5.477762153077422,-0.9567,-5.981399375829374,-0.9637,-6.509086690679034,-0.9697,-6.987259110033416,-0.9757,-7.48523748758591,-0.9817,-8.001607112036647,-0.9877,-8.542026828585092,-0.9926999999999998,-9.008881557540551,-0.9977,-9.489883399494666,-1.0027,-9.986447065747294,-1.0806999999999998,-20.01816489309027,-1.1366999999999998,-30.00602667013743,-1.1816999999999998,-39.90900576919269,-1.2227,-50.109074241219595
exp604,-2900mV,-0.9467,-0.5008078001522229,-1.0417,-0.9997764756146216,-1.1037,-1.4953498439573436,-1.1507,-1.9975723554094316,-1.1896999999999998,-2.4955507329619246,-1.2227,-2.9935291105144173,-1.2527,-3.505654601065561,-1.2797,-3.999388844718459,-1.3047,-4.511514335269602,-1.3277,-5.01373684672169,-1.3477,-5.489079843476342,-1.3676999999999997,-5.99413177752816,-1.3866999999999998,-6.500598422879844,-1.4047,-6.987259110033416,-1.4227,-7.5092875796836145,-1.4387,-7.981801153838537,-1.4556999999999998,-8.496756066989409,-1.4707,-8.993319733242037,-1.4876999999999998,-9.512518780292506,-1.5036999999999998,-10.009082446545134,-1.7466999999999997,-19.98987066709297,-1.8497,-30.04846800913338,,,,
exp610,-1700mV,-0.3127000000000001,-0.4974124930325468,-0.3217,-1.0176018379929208,-0.3257,-1.5590118524512704,-0.3277,-1.9480574599141556,-0.3297,-2.433303435767863,-0.3317,-3.0161644913122583,-0.3337,-3.641466885852605,-0.3347000000000001,-3.941385681423992,-0.3367000000000001,-4.4973672222709515,-0.3387000000000001,-4.955733683427223,-0.3417,-5.520203492073373,-0.3457,-5.992717066228296,-0.3507000000000001,-6.537380916676335,-0.3547000000000001,-6.988673821333281,-0.3587000000000001,-7.462602106788069,-0.3646999999999999,-8.024242492834487,-0.3686999999999999,-8.55051509638428,-0.3737,-8.979172620243387,-0.3766999999999999,-9.4601744621975,-0.3817,-9.944005726751344,-0.4507,-20.00401778009162,-0.4987,-30.11920357412663,-0.5367000000000001,-39.83827020419943,-0.5727000000000001,-50.15151558021555
exp611,-1500mV,-0.0167000000000001,-0.5313655642293078,-0.0107000000000001,0.9127717306729216,-0.0087000000000001,1.5264734925543744,-0.0247000000000001,-1.93249563561564,-0.0287000000000001,-2.4743300634639493,-0.0327000000000001,-2.990699687914687,-0.0377,-3.5381929609624567,-0.0417,-3.9838270204199433,-0.0467000000000001,-4.481805397972437,-0.0517,-4.9698807964258735,-0.0577,-5.535765316371888,-0.0627000000000002,-6.022426003525461,-0.0677000000000001,-6.483621887281464,-0.0727000000000002,-7.005650356931662,-0.0777000000000001,-7.478163931086583,-0.0827000000000002,-8.03273076063368,-0.0877000000000001,-8.517976736487388,-0.0917000000000001,-8.990490310642308,-0.0967000000000002,-9.508274646392913,-0.1007000000000002,-9.9539087058504,-0.2187,-20.03231200608892,-0.4017,-30.11920357412663,-0.4086999999999999,-39.39970970124127,-0.4146999999999999,-49.514895495276285
exp612,-1600mV,0.0042999999999999,0.4992516177223714,-0.0917000000000001,-0.9986447065747294,-0.1277000000000001,-1.5038381117565338,-0.2616999999999999,-2.0004017780091616,-0.1926999999999999,-2.49979486686152,-0.4026999999999999,-2.9836261314153627,-0.4077,-3.46887210726907,-0.4117,-4.081442100110631,-0.4137,-4.511514335269602,-0.4157,-4.998175022423175,-0.4177,-5.630550973462847,-0.4186999999999999,-6.037987827823977,-0.4197000000000001,-6.480792464681733,-0.4206999999999999,-6.978770842234226,-0.4217000000000001,-7.529093537881726,-0.4226999999999999,-8.17420189062018,-0.4226999999999999,-8.17420189062018,-0.4237000000000001,-8.905607632650405,-0.4246999999999999,-9.666722311977797,-0.4246999999999999,-9.666722311977797,-0.4387,-20.06060623208622,-0.4547,-30.303116043109085,-0.4717000000000001,-39.92315288219133,-0.4887,-49.84027909424525
exp613,-1500mV,-0.2416999999999999,-0.4991101465923849,-0.2727,-1.0062841475940008,-0.2856999999999999,-1.5038381117565338,-0.2936999999999999,-2.0103047571082175,-0.2996999999999999,-2.5280890928588207,-0.3036999999999999,-2.972308441016442,-0.3077,-3.5014104671659654,-0.3107000000000001,-3.969679907421293,-0.3137,-4.525661448268252,-0.3157,-4.920365900930598,-0.3187000000000001,-5.609330303964871,-0.3207000000000001,-6.107308681517363,-0.3217,-6.374689117191855,-0.3237,-6.958964884036115,-0.3257,-7.568705454277946,-0.3267000000000001,-7.894089053246905,-0.3287000000000001,-8.601444703179425,-0.3297,-8.966440218544603,-0.3307000000000001,-9.341338713008836,-0.3327000000000001,-10.144894731332178,-0.3507000000000001,-19.98987066709297,-0.3637,-30.03432089613473,-0.3746999999999999,-40.29097782015624,-0.3846999999999999,-50.46275206618586
exp614,-1800mV,-0.4077,-0.4967051373826143,-0.4237000000000001,-0.9955323417150264,-0.4337000000000001,-1.4840321535584236,-0.4417000000000001,-1.9961576441095663,-0.4477000000000001,-2.461597661765164,-0.4537000000000001,-3.009090934812933,-0.4587,-3.525460559263671,-0.4627,-3.969679907421293,-0.4667,-4.4648288623740555,-0.4707,-4.968466085126009,-0.4747,-5.496153399975667,-0.4777000000000001,-5.947446304632614,-0.4817000000000001,-6.571333987873095,-0.4847,-7.041018139428288,-0.4876999999999999,-7.520605270082535,-0.4907,-8.01433951373543,-0.4936999999999999,-8.543441539884956,-0.4967,-9.06971414343475,-0.4987,-9.413488989301952,-0.5016999999999999,-9.958152839749992,-0.5457,-19.961576441095666,-0.5807000000000001,-30.06261512213203,-0.6107000000000001,-39.92315288219133,-0.6377,-50.010044450229046
exp615,-1500mV,-0.0797000000000001,-0.4991101465923849,-0.2907,-1.000483831264554,-0.3036999999999999,-1.4939351326574788,-0.3117,-1.9777663972113213,-0.3187000000000001,-2.5295038041586855,-0.3237,-3.0387998721100984,-0.3277,-3.541022383562187,-0.3307000000000001,-3.965435773521698,-0.3337,-4.4379493476766205,-0.3367000000000001,-4.9896867546239845,-0.3397,-5.582450789267434,-0.3417,-6.035158405224247,-0.3437,-6.502013134179709,-0.3457,-7.015553336030716,-0.3477,-7.568705454277946,-0.3487000000000001,-7.850233002951088,-0.3507000000000001,-8.469876552291973,-0.3527000000000001,-9.119229038930026,-0.3537,-9.433294947500064,-0.3557,-10.132162329633392,-0.3757,-19.70692840711996,-0.3906999999999999,-30.13335068712528,-0.4026999999999999,-40.37586049814815,-0.4126999999999999,-49.9110146592385
exp616,-1400mV,-0.0497,-0.6775052415053661,-0.0507000000000001,-1.1094166013541618,-0.0517,-1.5632559863508655,-0.0527000000000001,-2.020207736207272,-0.0537,-2.4700859295643536,-0.0547000000000001,-2.8944993195238653,-0.0407000000000001,3.546681228761647,-0.0397,3.849429446932765,-0.0587000000000001,-4.583664611562719,-0.0597,-4.981198486824794,-0.0367000000000001,5.480591575677152,-0.0357,6.049305518222896,-0.0637,-6.582651678272015,-0.0647000000000002,-6.9575501727362505,-0.0657,-7.323960399401294,-0.0677000000000001,-8.100636903027201,-0.0687000000000002,-8.481194242690894,-0.0307000000000001,9.096593658132186,-0.0717000000000001,-9.559204253188051,-0.0727000000000002,-9.931273325052558,-0.1027000000000002,-19.890840876102416,-0.1367,-30.07676223513068,-0.1737000000000002,-39.88071154319538,-0.2307,-49.98175022423175
exp617,-1800mV,-0.2567,-0.4879339273234511,-0.4747,-1.0034547249942705,-0.4936999999999999,-1.4882762874580184,-0.5076999999999999,-1.993328221509837,-0.5187,-2.5238449589592253,-0.5257,-2.972308441016442,-0.5337,-3.522631136663941,-0.5397,-3.9725093300210226,-0.5447000000000001,-4.467658284973785,-0.5517,-4.99393088852358,-0.5587000000000001,-5.542838872871213,-0.5637,-6.016767158326001,-0.5677,-6.487866021181058,-0.5737,-6.995747377832608,-0.5767000000000001,-7.550314207379701,-0.5807000000000001,-8.019998358934892,-0.5847000000000001,-8.554759230283878,-0.5877,-9.1121554824307,-0.5887000000000001,-9.502615801193452,-0.5947000000000001,-9.99352062224662,-0.6426999999999999,-19.876693763103766,-0.6827,-30.02017378313608,-0.7117000000000001,-40.24853648116029,-0.7367,-49.89686754623985
exp618,-1500mV,-0.2476999999999999,-0.5001004445022904,-0.2727,-0.981668170976349,-0.2816999999999999,-1.5363764716534298,-0.2856999999999999,-1.9607898616129409,-0.2896999999999999,-2.5280890928588207,-0.2927,-3.0515322738088844,-0.2947000000000001,-3.436333747372174,-0.2967000000000001,-3.886211940729256,-0.2987000000000001,-4.377116761782423,-0.3007000000000001,-4.866606871535726,-0.3027000000000001,-5.431076680181876,-0.3047000000000001,-6.112967526716823,-0.3056999999999999,-6.428448146586726,-0.3077,-7.082044767124374,-0.3087000000000001,-7.445625571189688,-0.3097,-7.824768199553517,-0.3117,-8.6226653726774,-0.3127000000000001,-9.013125691440148,-0.3137,-9.403586010202895,-0.3157,-10.19016549292786,-0.3407000000000001,-19.876693763103766,-0.3637,-29.991879557138777,-0.3837,-40.135359577171094,-0.4046999999999999,-49.79783775524929
exp619,-1600mV,-0.3527000000000001,-0.4943001281728438,-0.3697,-0.9849220069660384,-0.3797,-1.4854468648582886,-0.3866999999999999,-1.970692840711996,-0.3926999999999999,-2.50262428946125,-0.3977,-3.0359704495103688,-0.4017,-3.5297046931632665,-0.4046999999999999,-3.9371415475243974,-0.4086999999999999,-4.558199808165148,-0.4117,-5.070325298716291,-0.4137,-5.432491391481741,-0.4166999999999999,-6.026670137425056,-0.4186999999999999,-6.435521703086052,-0.4217000000000001,-7.103265436622349,-0.4237000000000001,-7.578608433377001,-0.4257000000000001,-8.089319212628281,-0.4277000000000001,-8.600029991879557,-0.4286999999999999,-8.868825138853914,-0.4306999999999999,-9.42056254580128,-0.4327,-9.983617643147564,-0.4597000000000001,-20.07475334508487,-0.4797000000000001,-30.03432089613473,-0.4996999999999999,-40.03632978618054,-0.5187,-49.925161772237146
exp620,-1500mV,-0.1997000000000001,-0.501090742412196,-0.2496999999999999,-0.9908637944254716,-0.2656999999999999,-1.4925204213576138,-0.2756999999999999,-2.011719468408082,-0.2816999999999999,-2.465841795664759,-0.2876999999999999,-3.0303116043109086,-0.2916999999999999,-3.509898734965156,-0.2956999999999999,-4.065880275812115,-0.2987000000000001,-4.544052695166498,-0.3007000000000001,-4.913292344431272,-0.3036999999999999,-5.5003975338752635,-0.3056999999999999,-5.947446304632614,-0.3077,-6.4199598787875365,-0.3097,-6.920767678939759,-0.3117,-7.483822776286043,-0.3137,-8.055366141431518,-0.3147000000000001,-8.363773204802097,-0.3167000000000001,-9.030102227038528,-0.3177,-9.372462361605868,-0.3197,-10.081232722838251,-0.3397,-19.904987989101063,-0.3537,-29.793819975157668,-0.3657,-40.05047689917919,-0.3757,-49.74124930325469
exp621,-1500mV,-0.0077,-0.4904804076632081,-0.0167000000000001,-0.9973714664048507,-0.0307000000000001,-1.498179266557074,-0.2867,-1.9975723554094316,-0.2956999999999999,-2.506868423360845,-0.3007000000000001,-2.9482583489187366,-0.3056999999999999,-3.556584207860702,-0.3087000000000001,-4.03617133851495,-0.3107000000000001,-4.402581565179994,-0.3137,-5.06466645351683,-0.3157,-5.564059542369189,-0.3167000000000001,-5.863978337940577,-0.3187000000000001,-6.470889485582678,-0.3207000000000001,-7.14853619821803,-0.3217,-7.52767882658186,-0.3227000000000001,-7.916724434044746,-0.3237,-8.322746577106011,-0.3257,-9.208355850821524,-0.3267000000000001,-9.70209009447442,-0.3277,-10.205727317226374,-0.3427000000000001,-20.17378313607542,-0.3537,-29.878702653149578,-0.3646999999999999,-40.30512493315489,-0.3746999999999999,-49.9110146592385
exp622,-1600mV,-0.0587000000000001,0.5034957516219666,-0.0527000000000001,1.018167722512867,-0.0887000000000002,-1.4882762874580184,-0.0427000000000001,1.9876693763103763,-0.1087000000000002,-2.51111255726044,-0.1187,-2.9836261314153627,-0.1297000000000001,-3.509898734965156,-0.1397000000000001,-4.0050476899179195,-0.1487,-4.490293665771627,-0.1577000000000001,-4.981198486824794,-0.0177,5.506056379074723,-0.1737000000000002,-6.026670137425056,-0.0127000000000001,6.517574958478224,-0.1867000000000001,-7.008479779531392,-0.3417,-7.4937257553851,-0.3597,-7.959165773040696,-0.0047000000000001,8.484023665290625,-0.2077000000000001,-8.982002042843117,-0.2127,-9.533739449790485,-0.2167,-9.979373509247967,-0.4217000000000001,-20.00401778009162,-0.4517000000000001,-29.977732444140123,-0.4797000000000001,-40.135359577171094,-0.5067,-49.9110146592385
exp623,-1500mV,-0.2667,-0.4991101465923849,-0.2907,-1.0122259350534335,-0.3016999999999999,-1.499593977856939,-0.3087000000000001,-1.959375150313076,-0.3147000000000001,-2.4884771764625997,-0.3197,-3.0373851608102336,-0.3237,-3.562243053060162,-0.3267000000000001,-4.01636538031684,-0.3297,-4.529905582167847,-0.3327000000000001,-5.0943753908139975,-0.3347000000000001,-5.510300512974317,-0.3367000000000001,-5.958763995031535,-0.3387000000000001,-6.434106991786186,-0.3407000000000001,-6.954720750136521,-0.3427000000000001,-7.489481621485504,-0.3447000000000001,-8.076586810929495,-0.3457,-8.377920317800747,-0.3477,-9.013125691440148,-0.3487000000000001,-9.352656403407758,-0.3507000000000001,-10.058597342040413,-0.3717,-19.97572355409432,-0.3866999999999999,-30.02017378313608,-0.3986999999999999,-39.73924041320888,-0.4097,-49.79783775524929
exp624,-1500mV,-0.0317,-0.5281117282396182,-0.0247000000000001,1.0559405142192635,-0.0367000000000001,-1.5547677185516753,-0.0387000000000001,-1.9310809243157752,-0.0417,-2.478574197363544,-0.0447000000000001,-2.9807967088156326,-0.0477,-3.4518955716706894,-0.0507000000000001,-3.9428003927238575,-0.0137,4.469072996273651,-0.0577,-4.991101465923849,-0.0617,-5.562644831069325,-0.0107000000000001,6.018181869625866,-0.0097,6.494939577680383,-0.0087000000000001,6.987259110033416,-0.0767000000000002,-7.531922960481456,-0.0807000000000002,-8.008680668535973,-0.0837000000000001,-8.469876552291973,-0.0877000000000001,-9.01595511403988,-0.0927000000000002,-9.543642428889536,-0.0947000000000002,-9.958152839749992,-0.1607,-20.13134179707947,-0.2876999999999999,-30.03432089613473,-0.4407,-39.640210622218326,-0.4457000000000001,-50.42031072718991
exp625,-1400mV,0.0102999999999999,-0.4688353247752731,0.0092999999999998,-0.9163085089225844,0.0062999999999999,-1.5533530072518102,0.0012999999999998,-1.9862546650105113,-0.0157,-2.4927213103621946,-0.1347,-2.996358533114148,-0.1707,-3.512728157564886,-0.1887000000000001,-3.989485865619403,-0.1997000000000001,-4.471902418873381,-0.2087,-4.968466085126009,-0.2157000000000001,-5.5145446468739125,-0.2217000000000001,-5.977155241929781,-0.2277000000000001,-6.523233803677684,-0.2317000000000001,-6.963209017935711,-0.2367,-7.561631897778621,-0.2396999999999999,-7.928042124443665,-0.2436999999999999,-8.48826779919022,-0.2467,-8.984831465442848,-0.2496999999999999,-9.440368503999393,-0.2527,-10.057182630740549,-0.2907,-20.117194684080825,-0.3137,-30.13335068712528,-0.3317,-40.12121246417244,-0.3467000000000001,-50.0807800152223
exp626,-1600mV,-0.1207,-0.4965636662526278,-0.1017000000000001,0.9908637944254716,-0.0957000000000001,1.4911057100577487,-0.0897000000000001,1.9961576441095663,-0.1477000000000001,-2.4913065990623298,-0.1547,-2.9822114201154974,-0.1617000000000001,-3.4872633541673155,-0.1687,-3.979582886520348,-0.1757000000000002,-4.500196644870682,-0.0587000000000001,5.01656626932142,-0.1887000000000001,-5.517374069473643,-0.0507000000000001,5.975740530629915,-0.0467000000000001,6.509086690679034,-0.2047,-6.967453151835306,-0.2097000000000001,-7.492311044085233,-0.0367000000000001,7.984630576438266,-0.2187,-8.52787971558644,-0.0307000000000001,9.013125691440148,-0.2267,-9.564863098387514,-0.0257,9.972299952748642,-0.2787,-19.947429328097016,-0.4137,-30.04846800913338,-0.3307000000000001,-40.07877112517649,-0.4967,-49.9958973372304
exp627,-1500mV,-0.2747,-0.4985442620724389,-0.3097,-1.0079818011538386,-0.3197,-1.5264734925543744,-0.3247000000000001,-1.959375150313076,-0.3287000000000001,-2.49413602166206,-0.3317,-3.054361696408614,-0.3337,-3.4702868185689346,-0.3357,-4.0588067193127895,-0.3367000000000001,-4.3926785860809385,-0.3387000000000001,-5.01656626932142,-0.3397,-5.41834427848309,-0.3407000000000001,-5.837098823243141,-0.3427000000000001,-6.725537519558384,-0.3437,-7.188148114614252,-0.3447000000000001,-7.679052935667419,-0.3457,-8.218057940915998,-0.3467000000000001,-8.778283615662552,-0.3467000000000001,-8.778283615662552,-0.3477,-9.31162977571167,-0.3487000000000001,-9.798290462865245,-0.3766999999999999,-19.947429328097016,-0.4037,-30.03432089613473,-0.4237000000000001,-39.78168175220483,-0.4407,-49.93930888523579
exp628,-1500mV,-0.0407000000000001,-0.4712403339850436,-0.0437,-0.9689357692775638,-0.0307000000000001,1.4925204213576138,-0.0287000000000001,1.967863418112266,-0.0537,-2.509697845960575,-0.0567000000000001,-2.9553319054180616,-0.0607000000000002,-3.512728157564886,-0.0207000000000001,3.989485865619403,-0.0687000000000002,-4.5497115403659585,-0.0717000000000001,-4.940171859128707,-0.0157,5.497568111275533,-0.0807000000000002,-6.062037919921682,-0.0847000000000002,-6.510501401978899,-0.0887000000000002,-6.992917955232877,-0.0927000000000002,-7.465431529387798,-0.0977000000000001,-8.035560183233407,-0.1017000000000001,-8.517976736487388,-0.0067000000000001,9.014540402740012,-0.1107000000000002,-9.526665893291156,-0.0047000000000001,9.979373509247967,-0.2087,-19.97572355409432,-0.3917,-29.822114201154974,-0.4086999999999999,-40.03632978618054,-0.4177,-50.109074241219595
exp629,-1600mV,-0.0877000000000001,-0.4976954352925198,-0.3637,-0.9963811684949454,0.0132999999999998,1.5377911829532949,-0.3757,-2.0343548492059225,-0.3786999999999999,-2.5634568753554463,-0.3806999999999999,-3.034555738210504,-0.3826999999999999,-3.5961961242569234,-0.3837,-3.922994434525747,-0.3857,-4.679864979953542,-0.3866999999999999,-5.101448947313322,-0.3877,-5.551327140670404,-0.3886999999999999,-6.029499560024787,-0.3897,-6.543039761875795,-0.3906999999999999,-7.100436014022619,-0.3917,-7.686126492166744,-0.3926999999999999,-8.288793505909249,-0.3926999999999999,-8.288793505909249,-0.3937,-8.908437055250136,-0.3946999999999999,-9.560618964487915,-0.3957,-10.214215585025563,-0.4117,-20.202077362072725,-0.4327,-29.80796708815632,-0.4507,-39.89485865619403,-0.4667,-50.109074241219595
exp630,-1400mV,0.0022999999999999,0.4764747657945444,0.0032999999999998,1.0125088773134068,-0.0027000000000001,-1.5759883880496508,-0.2267,-1.9975723554094316,-0.1087000000000002,-2.4955507329619246,-0.2567,-3.003432089613473,-0.0857000000000001,-3.509898734965156,-0.0777000000000001,-4.003632978618054,-0.2747,-4.507270201370006,-0.0227000000000001,-5.003833867622634,-0.0317,-5.498982822575398,-0.2847,-6.019596580925731,-0.2867,-6.434106991786186,-0.2896999999999999,-7.059409386326533,-0.2916999999999999,-7.570120165577812,0.0112999999999998,7.93228625834326,-0.2947000000000001,-8.352455514403177,-0.2967000000000001,-8.974928486343794,0.0122999999999999,9.424806679700875,-0.2996999999999999,-9.96522639624932,-0.3187000000000001,-20.14548891007812,-0.3297,-29.72308441016442,-0.3387000000000001,-39.654357735216976,-0.3467000000000001,-49.69880796425874
exp631,-1500mV,-0.2157000000000001,-0.4979783775524929,-0.2496999999999999,-0.9922785057253368,-0.2636999999999999,-1.4911057100577487,-0.2727,-1.9862546650105113,-0.2796999999999999,-2.504039000761115,-0.2847,-2.976552574916037,-0.2896999999999999,-3.5495106513613774,-0.2927,-3.956947505722508,-0.2967000000000001,-4.555370385565419,-0.2996999999999999,-5.06466645351683,-0.3016999999999999,-5.440979659280932,-0.3047000000000001,-6.050720229522762,-0.3067000000000001,-6.494939577680383,-0.3087000000000001,-6.974526708334631,-0.3107000000000001,-7.472505085887125,-0.3127000000000001,-8.019998358934892,-0.3147000000000001,-8.583053456281176,-0.3157,-8.878728117952969,-0.3177,-9.515348202892236,-0.3187000000000001,-9.84214651316106,-0.3417,-20.25866581406732,-0.3567000000000001,-30.260674704113132,-0.3686999999999999,-40.10706535117379,-0.3797,-50.1939569192115
exp632,-1800mV,-0.4367,-0.5020810403221014,-0.4597000000000001,-1.0043035517741894,-0.4727,-1.501008689156804,-0.4827,-2.0286960040064623,-0.4896999999999999,-2.4983801555616547,-0.4956999999999999,-2.976552574916037,-0.5016999999999999,-3.5297046931632665,-0.5067,-4.051733162813465,-0.5107,-4.5171731804690625,-0.5147,-5.01090742412196,-0.5176999999999999,-5.419758989782956,-0.5216999999999999,-5.99696120012789,-0.5247,-6.435521703086052,-0.5277,-6.944817771037465,-0.5307000000000001,-7.459772684188338,-0.5337,-7.997362978137053,-0.5367000000000001,-8.568906343282526,-0.5387000000000001,-8.95795195074541,-0.5417,-9.566277809687378,-0.5437,-9.992105910946751,-0.5807000000000001,-19.834252424107817,-0.6107000000000001,-30.00602667013743,-0.6366999999999999,-39.85241731719808,-0.6597000000000001,-49.88272043324119
exp633,-1400mV,-0.0217,-0.5066081164816696,-0.1307,-1.0041620806442029,-0.1987,-1.5080822456561291,-0.2217000000000001,-1.9890840876102416,-0.2347,-2.49413602166206,-0.2447,-3.0387998721100984,-0.2516999999999999,-3.5169722914644814,-0.2567,-3.9597769283222375,-0.2616999999999999,-4.487464243171897,-0.2656999999999999,-4.995345599823445,-0.2696999999999999,-5.572547810168379,-0.2727,-6.022426003525461,-0.2756999999999999,-6.5840663895718805,-0.2776999999999999,-6.953306038836654,-0.2796999999999999,-7.403184232193737,-0.2827,-8.066683831830439,-0.2847,-8.598615280579693,-0.2867,-9.11781432763016,-0.2876999999999999,-9.392268319803978,-0.2896999999999999,-10.018985425644187,-0.3127000000000001,-20.25866581406732,-0.3267000000000001,-29.892849766148224,-0.3387000000000001,-39.99388844718459,-0.3497,-50.50519340518181
exp634,-1500mV,-0.2456999999999999,-0.4976954352925198,-0.2716999999999999,-0.9990691199646888,-0.2836999999999999,-1.5137410908555893,-0.2916999999999999,-2.024451870106867,-0.2967000000000001,-2.4545241052658384,-0.3016999999999999,-2.9878702653149576,-0.3056999999999999,-3.4943369106666404,-0.3087000000000001,-3.9428003927238575,-0.3117,-4.428046368577565,-0.3147000000000001,-4.978369064225063,-0.3177,-5.590939057066626,-0.3197,-6.0464760956231665,-0.3217,-6.518989669778089,-0.3237,-7.038188716828557,-0.3257,-7.577193722077136,-0.3267000000000001,-7.86155069335001,-0.3287000000000001,-8.47412068619157,-0.3307000000000001,-9.10649663723124,-0.3317,-9.444612637898985,-0.3337,-10.146309442632043,-0.3547000000000001,-20.00401778009162,-0.3697,-30.00602667013743,-0.3817,-39.68265196121428,-0.3926999999999999,-49.59977817326819
exp635,-1500mV,-0.2167,-0.5027883959720341,-0.2736999999999999,-1.010811223753569,-0.2896999999999999,-1.5080822456561291,-0.2967000000000001,-1.9579604390132104,-0.3016999999999999,-2.504039000761115,-0.3047000000000001,-2.9694790184167124,-0.3077,-3.532534115762996,-0.3097,-3.986656443019674,-0.3117,-4.490293665771627,-0.3137,-5.057592897017507,-0.3147000000000001,-5.360341115188624,-0.3167000000000001,-6.029499560024787,-0.3177,-6.39025094149037,-0.3197,-7.174001001615601,-0.3207000000000001,-7.578608433377001,-0.3217,-8.010095379835839,-0.3227000000000001,-8.455729439293325,-0.3237,-8.918340034349193,-0.3247000000000001,-9.38378005200479,-0.3257,-9.849220069660385,-0.3467000000000001,-20.230371588070028,-0.3677,-30.04846800913338,-0.3877,-39.71094618721158,-0.4066999999999999,-49.72710219025603
exp636,-1700mV,-0.3607000000000001,-0.5019395691921149,-0.3837,-1.0040206095142166,-0.3966999999999999,-1.5222293586547797,-0.4066999999999999,-2.0187930249074073,-0.4146999999999999,-2.4955507329619246,-0.4217000000000001,-2.9935291105144173,-0.4277000000000001,-3.4603838394698796,-0.4337000000000001,-4.007877112517649,-0.4397000000000001,-4.551126251665823,-0.4437000000000001,-4.991101465923849,-0.4487,-5.558400697169729,-0.4517000000000001,-5.955934572431804,-0.4557000000000001,-6.452498238684432,-0.4597000000000001,-7.035359294228828,-0.4627,-7.49655517798483,-0.4657000000000001,-7.939359814842586,-0.4697000000000001,-8.587297590180773,-0.4717000000000001,-8.912681189149732,-0.4747,-9.525251181991292,-0.4777000000000001,-10.071329743739197,-0.5196999999999999,-19.98987066709297,-0.5497,-30.04846800913338,-0.5767000000000001,-40.220242255162994,-0.6007000000000001,-49.81198486824794
exp637,-1700mV,-0.4157,-0.4993930888523579,-0.4266999999999999,-0.9733213743071454,-0.4337000000000001,-1.5193999360550492,-0.4417000000000001,-2.011719468408082,-0.4487,-2.5238449589592253,-0.4547,-3.0076762235130676,-0.4587,-3.4434073038714996,-0.4637000000000001,-4.037586049814815,-0.4667,-4.43511992507689,-0.4707,-4.9826131981246595,-0.4737000000000001,-5.493323977375938,-0.4767,-6.021011292225596,-0.4797000000000001,-6.5769928330725556,-0.4817000000000001,-6.929255946738949,-0.4847,-7.4767492197867185,-0.4876999999999999,-7.988874710337861,-0.4907,-8.5052443347886,-0.4936999999999999,-9.09800836943205,-0.4956999999999999,-9.50544522379318,-0.4976999999999999,-9.922785057253368,-0.5327000000000001,-19.834252424107817,-0.5597,-30.09090934812933,-0.5827000000000001,-39.95144710818864,-0.6057,-50.1939569192115
exp638,-1600mV,-0.2996999999999999,-0.4906218787931947,-0.3087000000000001,-0.9536568872390212,-0.3137,-1.5533530072518102,-0.3167000000000001,-2.048501962204573,-0.3187000000000001,-2.4219857453689424,-0.3217,-3.043044006009694,-0.3237,-3.508484023665291,-0.3257,-3.992315288219133,-0.3277,-4.473317130173245,-0.3297,-4.9444159930283025,-0.3327000000000001,-5.571133098868514,-0.3347000000000001,-5.96583755153086,-0.3377,-6.518989669778089,-0.3407000000000001,-7.050921118527342,-0.3437,-7.49938460058456,-0.3467000000000001,-7.991704132937592,-0.3497,-8.448655882793998,-0.3527000000000001,-8.973513775043926,-0.3557,-9.498371667293856,-0.3587000000000001,-9.989276488347024,-0.4086999999999999,-20.06060623208622,-0.4447,-30.09090934812933,-0.4787,-40.10706535117379,-0.5116999999999999,-49.89686754623985
exp639,-1400mV,0.0102999999999999,-0.521038171740293,0.0072999999999998,-0.9854878914859844,-0.0087000000000001,-1.5038381117565338,-0.1027000000000002,-1.9989870667092968,-0.1557000000000001,-2.5139419798601703,-0.1747,-3.010505646112798,-0.1857000000000002,-3.4702868185689346,-0.1957000000000001,-4.026268359415894,-0.2017000000000001,-4.467658284973785,-0.2087,-5.026469248420476,-0.2137000000000001,-5.515959358173778,-0.2177000000000001,-5.97998466452951,-0.2217000000000001,-6.456742372584028,-0.2257000000000001,-6.975941419634496,-0.2297000000000001,-7.5474847847799715,-0.2327,-8.076586810929495,-0.2357000000000001,-8.566076920682798,-0.2376999999999999,-8.952293105545952,-0.2407,-9.557789541888187,-0.2427,-9.973714664048508,-0.2767,-20.07475334508487,-0.2976999999999999,-29.991879557138777,-0.3147000000000001,-40.23438936816165,-0.3287000000000001,-50.1373684672169
exp640,-1600mV,-0.2267,-0.4971295507725738,-0.2796999999999999,-0.9886002563456876,-0.2996999999999999,-1.498179266557074,-0.3127000000000001,-2.0103047571082175,-0.3217,-2.4884771764625997,-0.3297,-2.9935291105144173,-0.3367000000000001,-3.541022383562187,-0.3417,-3.988071154319539,-0.3467000000000001,-4.495952510971087,-0.3507000000000001,-4.9444159930283025,-0.3547000000000001,-5.431076680181876,-0.3587000000000001,-5.977155241929781,-0.3617,-6.438351125685783,-0.3657,-7.077800633224777,-0.3686999999999999,-7.5814378559767315,-0.3706999999999999,-7.947848082641776,-0.3737,-8.491097221789948,-0.3766999999999999,-9.085275967733264,-0.3786999999999999,-9.468662729996687,-0.3817,-10.099623969736497,-0.4186999999999999,-19.93328221509837,-0.4447,-29.793819975157668,-0.4657000000000001,-39.76753463920618,-0.4837000000000001,-49.75539641625335
exp641,-1400mV,0.0032999999999998,0.5139646152409678,0.0052999999999998,0.9973714664048507,-0.0117,-1.510911668255859,-0.0187000000000001,-2.0187930249074073,-0.0287000000000001,-2.5139419798601703,-0.0437,-3.0119203574126634,-0.0677000000000001,-3.4830192202677206,-0.1077000000000001,-4.000803556018323,-0.1437000000000001,-4.514343757869332,-0.1657000000000001,-5.01373684672169,-0.1797000000000002,-5.523032914673103,-0.1897000000000002,-6.01393773572627,-0.1977000000000001,-6.456742372584028,-0.2037000000000001,-6.953306038836654,-0.2097000000000001,-7.507872868383751,0.0132999999999998,7.993118844237457,-0.2187,-8.557588652883606,-0.2217000000000001,-8.953707816845819,-0.2247,-9.461589173497366,-0.2277000000000001,-9.952493994550531,-0.2596999999999999,-20.00401778009162,-0.2756999999999999,-30.17579202612123,-0.2867,-39.96559422118728,-0.2956999999999999,-49.59977817326819
exp642,-1500mV,0.0032999999999998,0.5098619524713591,0.0062999999999999,1.002181484824392,0.0082999999999999,1.505252823056399,-0.2137000000000001,-2.0004017780091616,-0.1757000000000002,-2.50262428946125,-0.3067000000000001,-2.989284976614823,-0.3137,-3.4830192202677206,-0.3197,-3.986656443019674,-0.3247000000000001,-4.532735004767577,-0.3287000000000001,-5.071740010016156,-0.3317,-5.503226956474993,-0.3347000000000001,-6.039402539123842,-0.3367000000000001,-6.405812765788886,-0.3397,-7.066482942825859,-0.3417,-7.523434692682265,-0.3437,-8.062439697930845,-0.3457,-8.590127012780503,-0.3467000000000001,-8.887216385752161,-0.3487000000000001,-9.533739449790485,-0.3497,-9.85063478096025,-0.3706999999999999,-20.286960040064624,-0.3826999999999999,-30.04846800913338,-0.3926999999999999,-40.12121246417244,-0.4006999999999999,-49.41586570428573
exp643,-1400mV,0.0112999999999998,-0.6629337151167561,0.0102999999999999,-1.174351850017967,0.0092999999999998,-1.4939351326574788,0.0042999999999999,-2.0032312006088917,-0.1197000000000001,-2.49979486686152,-0.1817000000000002,-3.0119203574126634,-0.2017000000000001,-3.5169722914644814,-0.2137000000000001,-3.9767534639206183,-0.2227,-4.514343757869332,-0.2297000000000001,-4.9896867546239845,-0.2347,-5.440979659280932,-0.2396999999999999,-5.940372748133289,-0.2447,-6.517574958478224,-0.2487,-7.0367740055286925,-0.2516999999999999,-7.507872868383751,-0.2547,-7.954921639141101,-0.2576999999999999,-8.47129126359184,-0.2607,-9.035761072237989,-0.2636999999999999,-9.570521943586972,-0.2656999999999999,-10.035961961242569,-0.2976999999999999,-20.03231200608892,-0.3177,-29.935291105144177,-0.3337,-39.95144710818864,-0.3477,-50.22225114520881
exp644,-1400mV,0.0022999999999999,-0.4672791423454216,0.0002999999999999,-1.0333051334214227,-0.0017,-1.4684703292599082,-0.0047000000000001,-2.040013694405383,-0.1707,-2.536577360658011,-0.0127000000000001,-3.002017378313608,-0.1007000000000002,-3.5014104671659654,-0.0317,-3.995144710818863,-0.2476999999999999,-4.532735004767577,-0.2527,-4.979783775524929,-0.2576999999999999,-5.525862337272833,-0.2616999999999999,-6.054964363422357,-0.2647,-6.521819092377819,-0.2676999999999999,-7.093362457523294,-0.2696999999999999,-7.49089633278537,-0.2716999999999999,-7.936530392242855,-0.2736999999999999,-8.469876552291973,-0.2756999999999999,-8.987660888042578,-0.2776999999999999,-9.64267221988009,-0.2787,-9.986447065747294,-0.2967000000000001,-19.890840876102416,-0.3067000000000001,-30.06261512213203,-0.3147000000000001,-40.6729498711198,-0.3207000000000001,-49.58563106026953
exp645,-1500mV,-0.0387000000000001,-0.5668748178559202,-0.0417,-1.023543625452354,-0.0267000000000001,1.5561824298515403,-0.0247000000000001,1.9848399537106465,-0.0537,-2.504039000761115,-0.0587000000000001,-3.034555738210504,-0.0187000000000001,3.4816045089678553,-0.0167000000000001,4.017780091616704,-0.0737000000000001,-4.481805397972437,-0.0797000000000001,-5.015151558021555,-0.0857000000000001,-5.532935893772159,-0.0917000000000001,-6.025255426125191,-0.0977000000000001,-6.483621887281464,-0.1037000000000001,-6.954720750136521,-0.1107000000000002,-7.5474847847799715,-0.1167,-8.019998358934892,-0.1227,-8.47977953139103,-0.1297000000000001,-9.031516938338395,-0.1357000000000001,-9.530910027190751,-0.1417000000000001,-10.009082446545134,-0.3637,-19.890840876102416,-0.3906999999999999,-29.793819975157668,-0.4106999999999999,-40.27683070715759,-0.4257000000000001,-49.9958973372304
exp646,-1400mV,-0.0097,-0.5466444462678502,-0.0147000000000001,-0.9692187115375368,-0.0237,-1.4868615761581534,-0.0397,-2.001816489309027,-0.1287,-2.5012095781613843,-0.1887000000000001,-3.002017378313608,-0.2097000000000001,-3.4957516219665052,-0.2227,-4.0220242255163,-0.2307,-4.494537799671222,-0.2376999999999999,-5.012322135421825,-0.2427,-5.523032914673103,0.0132999999999998,5.981399375829374,-0.2496999999999999,-6.456742372584028,-0.2527,-6.953306038836654,-0.2556999999999999,-7.555973052579161,-0.2576999999999999,-8.015754225035298,-0.2596999999999999,-8.523635581686847,-0.2616999999999999,-9.11498490503043,-0.2627,-9.412074278002088,-0.2647,-10.120844639234472,-0.2807,-20.25866581406732,-0.2896999999999999,-29.609907506175215,-0.3007000000000001,-40.092918238175145,-0.3127000000000001,-49.98175022423175
exp647,-1400mV,0.0022999999999999,-0.4372872627882828,0.0062999999999999,1.0054353208140816,-0.2556999999999999,-1.501008689156804,-0.2736999999999999,-1.9919135102099716,-0.0807000000000002,-2.49696544426179,-0.0637,-2.9935291105144173,-0.2956999999999999,-3.522631136663941,-0.2996999999999999,-4.03900076111468,-0.3027000000000001,-4.538393849967037,-0.3056999999999999,-5.107107792512783,-0.3077,-5.585280211867165,-0.3097,-6.066282053821277,-0.3107000000000001,-6.35912729289334,-0.3127000000000001,-6.968867863135171,-0.3147000000000001,-7.592755546375652,-0.3157,-7.94360394874218,-0.3167000000000001,-8.31991715450628,-0.3187000000000001,-9.054152319136236,-0.3197,-9.44602734919885,-0.3207000000000001,-9.873270161758091,-0.3367000000000001,-20.187930249074075,-0.3457,-29.42599503719276,-0.3537,-39.41385681423992,-0.3617,-50.335428049198
exp648,-1600mV,-0.3577,-0.4933098302629383,-0.3817,-0.9900149676455526,-0.3937,-1.4826174422585583,-0.4026999999999999,-2.017378313607542,-0.4086999999999999,-2.49696544426179,-0.4137,-2.975137863616172,-0.4186999999999999,-3.555169496560837,-0.4217000000000001,-3.941385681423992,-0.4257000000000001,-4.534149716067443,-0.4286999999999999,-5.0335428049198,-0.4317000000000001,-5.569718387568649,-0.4337000000000001,-5.96583755153086,-0.4367,-6.579822255672285,-0.4387,-7.038188716828557,-0.4407,-7.50504344578402,-0.4427,-8.008680668535973,-0.4447,-8.536367983385631,-0.4467,-9.093764235532456,-0.4477000000000001,-9.385194763304654,-0.4497000000000001,-9.977958797948103,-0.4757000000000001,-20.13134179707947,-0.4936999999999999,-30.21823336511718,-0.5087,-40.10706535117379,-0.5216999999999999,-49.925161772237146
exp649,-1400mV,-0.0147000000000001,-0.536458524908822,-0.0007000000000001,1.000766773524527,-0.0347000000000001,-1.4939351326574788,-0.0617,-2.0004017780091616,-0.1297000000000001,-2.504039000761115,-0.1697000000000001,-2.999187955713878,-0.1946999999999999,-3.504239889765696,-0.2097000000000001,-3.986656443019674,-0.2207,-4.511514335269602,-0.2287,-4.998175022423175,-0.2347,-5.463615040078771,-0.2396999999999999,-5.964422840230995,-0.2436999999999999,-6.442595259585377,-0.2476999999999999,-7.025456315129772,-0.2507,-7.517775847482805,-0.2527,-7.90682145494569,-0.2556999999999999,-8.542026828585092,-0.2576999999999999,-9.040005206137584,-0.2596999999999999,-9.584669056585623,-0.2607,-9.888831986056603,-0.2776999999999999,-19.919135102099716,-0.2856999999999999,-29.525024828183312,-0.2956999999999999,-39.76753463920618,-0.3097,-49.9958973372304
exp650,-1500mV,-0.0087000000000001,0.5105693081212918,-0.0177,-0.9775655082067404,-0.0047000000000001,1.4514937936615278,-0.0027000000000001,1.982010531110916,-0.0327000000000001,-2.50828313466071,0.0002999999999999,2.989284976614823,-0.0467000000000001,-3.545266517461782,-0.0537,-3.9909005769192687,-0.0617,-4.508684912669872,-0.0697000000000001,-4.971295507725738,-0.0777000000000001,-5.479176864377286,-0.0867000000000002,-6.015352447026135,-0.0947000000000002,-6.483621887281464,-0.1027000000000002,-7.009894490831256,-0.1107000000000002,-7.495140466684964,-0.1177000000000001,-7.994533555537323,-0.1257000000000001,-8.534953272085767,-0.1317000000000001,-9.01878453663961,-0.1377000000000001,-9.519592336791831,-0.1437000000000001,-10.010497157845,-0.2476999999999999,-19.98987066709297,-0.4497000000000001,-30.487028512091538,-0.4547,-39.90900576919269,-0.4587,-49.090482105316774
exp651,-1400mV,-0.0067000000000001,-0.4916121767031001,-0.0357,-1.006142676464014,-0.0997000000000001,-1.5038381117565338,-0.1527,-2.007475334508487,-0.1777000000000002,-2.4913065990623298,-0.1937000000000001,-3.024652759111448,-0.2037000000000001,-3.4830192202677206,-0.2127,-4.029097782015624,-0.2187,-4.528490870867983,-0.2237000000000001,-4.99393088852358,-0.2287,-5.534350605072024,-0.2327,-6.043646673023436,-0.2357000000000001,-6.438351125685783,-0.2387,-6.9646237292355755,-0.2416999999999999,-7.445625571189688,-0.2447,-8.046877873632328,-0.2467,-8.430264635895755,-0.2487,-8.905607632650405,-0.2516999999999999,-9.595986746984543,-0.2527,-9.876099584357824,-0.2787,-20.24451870106867,-0.2936999999999999,-30.359704495103685,-0.3047000000000001,-40.07877112517649,-0.3147000000000001,-50.50519340518181
exp652,-1400mV,-0.0037,-0.5407026588084171,-0.0017,1.0931474214057135,-0.0047000000000001,-1.2906411188668732,-0.0007000000000001,2.014548891007812,-0.0067000000000001,-2.7247339635400607,0.0002999999999999,2.970893729716577,-0.1887000000000001,-3.4858486428674507,-0.1597000000000001,-3.9838270204199433,-0.1407,-4.503026067470412,0.0022999999999999,4.98827204332412,-0.1157000000000001,-5.504641667774858,-0.2976999999999999,-6.01393773572627,-0.0137,-6.494939577680383,-0.3056999999999999,-7.005650356931662,-0.0897000000000001,-7.4937257553851,-0.3117,-8.036974894533273,-0.0807000000000002,-8.547685673784551,-0.0207000000000001,-8.933901858647706,-0.0227000000000001,-9.458759750897634,-0.0687000000000002,-10.004838312645536,0.0122999999999999,20.159636023076775,-0.3527000000000001,-30.37385160810234,-0.3607000000000001,-40.10706535117379,-0.3677,-50.64666453516831
exp653,-1500mV,-0.0057,0.4930268880029652,-0.0267000000000001,-0.9924199768553232,-0.0377,-1.462811484060448,0.0042999999999999,1.9989870667092968,-0.1627,-2.468671218264489,-0.2227,-3.0232380478115832,-0.2287,-3.4830192202677206,-0.2347,-4.006462401217783,-0.2436999999999999,-4.5044407787702765,-0.2507,-4.98827204332412,-0.2556999999999999,-5.460785617479042,-0.2596999999999999,-5.99413177752816,-0.2647,-6.569919276573231,-0.2667,-6.944817771037465,-0.2696999999999999,-7.5220199813824,-0.2716999999999999,-7.918139145344611,-0.2747,-8.626909506576993,-0.2756999999999999,-8.865995716254185,-0.2776999999999999,-9.441783215299257,-0.2796999999999999,-10.017570714344323,-0.3027000000000001,-19.636192842126707,-0.3197,-30.232380478115836,-0.3367000000000001,-39.89485865619403,-0.3597,-50.052485789224995
exp654,-1400mV,-0.0087000000000001,-0.4911877633131407,-0.0207000000000001,-1.001898542564419,-0.0447000000000001,-1.499593977856939,-0.2487,-1.9890840876102416,0.0122999999999999,2.5210155363594953,-0.2596999999999999,-2.9609907506175217,-0.2636999999999999,-3.4787750863681253,-0.2667,-3.9781681752204823,-0.2696999999999999,-4.527076159568118,-0.2716999999999999,-4.971295507725738,-0.2736999999999999,-5.432491391481741,-0.2756999999999999,-5.975740530629915,-0.2776999999999999,-6.5515280296749845,-0.2787,-6.861349804345428,-0.2807,-7.555973052579161,-0.2816999999999999,-7.92096856794434,-0.2836999999999999,-8.679253824672001,-0.2847,-9.103667214631512,-0.2856999999999999,-9.546471851489269,-0.2867,-10.00200889004581,-0.3027000000000001,-19.848399537106463,-0.3147000000000001,-29.66649595816982,-0.3257,-40.460743176140056,-0.3347000000000001,-50.22225114520881
exp655,-1700mV,-0.4146999999999999,-0.4971295507725738,-0.4407,-0.9890246697356472,-0.4567,-1.501008689156804,-0.4677000000000001,-1.9848399537106465,-0.4767,-2.4898918877624645,-0.4847,-3.031726315610774,-0.4907,-3.508484023665291,-0.4967,-4.04748902891387,-0.5016999999999999,-4.551126251665823,-0.5056999999999999,-4.992516177223715,-0.5096999999999999,-5.469273885278232,-0.5136999999999999,-5.9884729323287,-0.5176999999999999,-6.543039761875795,-0.5207,-6.990088532633147,-0.5236999999999999,-7.459772684188338,-0.5267000000000001,-7.95775106174083,-0.5297,-8.476950108791302,-0.5327000000000001,-9.028687515738664,-0.5347000000000001,-9.40924485540236,-0.5377,-10.009082446545134,-0.5747000000000001,-20.06060623208622,-0.5997,-29.921143992145527,-0.6197,-39.82412309120078,-0.6377,-50.29298671020206
exp656,-2000mV,-0.6297,-0.5027883959720341,-0.6657000000000001,-1.000483831264554,-0.6867,-1.4911057100577487,-0.7027,-2.013134179707947,-0.7147,-2.5167714024599,-0.7247,-3.0232380478115832,-0.7327,-3.4985810445662353,-0.7396999999999999,-3.965435773521698,-0.7467,-4.490293665771627,-0.7527,-4.9896867546239845,-0.7587,-5.537180027671754,-0.7636999999999999,-6.033743693924381,-0.7676999999999999,-6.456742372584028,-0.7727,-7.025456315129772,-0.7767000000000001,-7.506458157083885,-0.7807000000000001,-8.018583647635028,-0.7847000000000001,-8.559003364183472,-0.7877,-8.986246176742714,-0.7907000000000001,-9.430465524900336,-0.7947000000000001,-10.04727965164149,-0.8417,-20.07475334508487,-0.8726999999999999,-30.02017378313608,-0.8966999999999999,-39.83827020419943,-0.9177,-50.179809806212845
exp657,-2000mV,-0.3837,-0.4995345599823444,-0.4427,-1.002181484824392,-0.4687,-1.5080822456561291,-0.4867,-2.0004017780091616,-0.5007,-2.49696544426179,-0.5147,-3.013335068712528,-0.5257,-3.4872633541673155,-0.5357,-3.999388844718459,-0.5457,-4.476146552772976,-0.5547000000000001,-4.971295507725738,-0.5627000000000001,-5.470688596578097,-0.5717,-6.01393773572627,-0.5797,-6.5317220714768744,-0.5867000000000001,-7.016968047330582,-0.5937,-7.543240650880375,-0.5997,-8.01433951373543,-0.6067000000000001,-8.51373260258779,-0.6137,-8.989075599342444,-0.6206999999999999,-9.519592336791831,-0.6277,-9.96522639624932,-0.7217000000000001,-20.00401778009162,-0.7877,-30.09090934812933,-0.8387000000000001,-39.85241731719808,-0.8737,-50.109074241219595
exp658,-1600mV,-0.3407000000000001,-0.4957148394727089,-0.3587000000000001,-1.005293849684095,-0.3666999999999999,-1.472714463159503,-0.3726999999999999,-1.9947429328097015,-0.3766999999999999,-2.4545241052658384,-0.3806999999999999,-3.0161644913122583,-0.3837,-3.5212164253640763,-0.3866999999999999,-4.085686234010226,-0.3886999999999999,-4.490293665771627,-0.3906999999999999,-4.933098302629383,-0.3926999999999999,-5.409856010683901,-0.3946999999999999,-5.909249099536258,-0.3966999999999999,-6.445424682185107,-0.3986999999999999,-7.005650356931662,-0.4006999999999999,-7.594170257675517,-0.4017,-7.90682145494569,-0.4037,-8.533538560785903,-0.4046999999999999,-8.854678025855264,-0.4066999999999999,-9.515348202892236,-0.4077,-9.843561224460924,-0.4317000000000001,-19.876693763103766,-0.4517000000000001,-29.822114201154974,-0.4727,-40.14950669016974,-0.4927,-49.85442620724389
exp659,-1400mV,-0.0127000000000001,-0.5117010771611837,-0.0357,-1.0035961961242568,-0.0727000000000002,-1.4967645552572086,-0.1307,-1.9947429328097015,-0.1607,-2.485647753862869,-0.1767,-2.9864555540150928,-0.1877000000000002,-3.5212164253640763,-0.1957000000000001,-3.995144710818863,-0.2017000000000001,-4.501611356170546,-0.2067,-4.967051373826144,-0.2117000000000001,-5.518788780773508,-0.2157000000000001,-6.039402539123842,-0.2187,-6.458157083883892,-0.2217000000000001,-6.93774421453814,-0.2247,-7.432893169490902,-0.2277000000000001,-8.0440484510326,-0.2297000000000001,-8.426020501996158,-0.2317000000000001,-8.878728117952969,-0.2347,-9.553545407988592,-0.2367,-10.068500321139467,-0.2627,-20.06060623208622,-0.2776999999999999,-29.80796708815632,-0.2896999999999999,-40.00803556018324,-0.2996999999999999,-50.335428049198
exp660,-1500mV,-0.1507,-0.4979783775524929,-0.2217000000000001,-1.0028888404743244,-0.2427,-1.512326379555724,-0.2556999999999999,-2.007475334508487,-0.2656999999999999,-2.5139419798601703,-0.2736999999999999,-3.0331410269106387,-0.2796999999999999,-3.4844339315675854,-0.2856999999999999,-3.995144710818863,-0.2907,-4.4973672222709515,-0.2947000000000001,-4.965636662526279,-0.2987000000000001,-5.453712060979717,-0.3027000000000001,-5.984228798429105,-0.3056999999999999,-6.432692280486322,-0.3087000000000001,-6.926426524139219,-0.3117,-7.408843077393197,-0.3147000000000001,-7.991704132937592,-0.3177,-8.557588652883606,-0.3197,-8.993319733242037,-0.3217,-9.396512453703574,-0.3247000000000001,-10.109526948835551,-0.3567000000000001,-20.13134179707947,-0.3786999999999999,-29.977732444140123,-0.3977,-40.24853648116029,-0.4137,-50.2505453712061
exp661,-1400mV,-0.0057,-0.5365999960388084,-0.0087000000000001,-1.0538184472694658,-0.0117,-1.4925204213576138,-0.0157,-1.9876693763103763,-0.0207000000000001,-2.4927213103621946,-0.0277,-3.0161644913122583,-0.0347000000000001,-3.4773603750682605,-0.0457,-4.003632978618054,-0.0597,-4.511514335269602,-0.0827000000000002,-5.001004445022905,-0.2287,-5.489079843476342,-0.2436999999999999,-6.004034756627216,-0.2516999999999999,-6.4850365985813285,-0.2576999999999999,-6.958964884036115,-0.2627,-7.495140466684964,-0.2667,-8.042633739732734,-0.2696999999999999,-8.519391447787251,-0.2727,-9.071128854734614,-0.2747,-9.540813006289808,-0.2767,-10.040206095142164,-0.2936999999999999,-19.721075520118617,-0.3016999999999999,-29.76552574916037,-0.3087000000000001,-39.696799074212926,-0.3167000000000001,-50.34957516219666
exp662,-1700mV,-0.3387000000000001,-0.5027883959720341,-0.3646999999999999,-1.010811223753569,-0.3777,-1.5137410908555893,-0.3866999999999999,-2.017378313607542,-0.3937,-2.5280890928588207,-0.3986999999999999,-2.956746616717927,-0.4037,-3.4490661490709593,-0.4086999999999999,-4.002218267318188,-0.4126999999999999,-4.495952510971087,-0.4166999999999999,-5.026469248420476,-0.4197000000000001,-5.465029751378637,-0.4226999999999999,-5.930469769034234,-0.4266999999999999,-6.5670898539735,-0.4286999999999999,-6.915108833740299,-0.4317000000000001,-7.444210859889823,-0.4347,-8.01433951373543,-0.4367,-8.400555698598588,-0.4397000000000001,-9.007466846240687,-0.4417000000000001,-9.42622139100074,-0.4447,-10.08689156803771,-0.4817000000000001,-20.117194684080825,-0.5107,-30.13335068712528,-0.5367000000000001,-39.95144710818864,-0.5597,-49.85442620724389
exp663,-1400mV,-0.0247000000000001,-0.4702500360751381,-0.0347000000000001,-0.9669551734577524,-0.0477,-1.506667534356264,-0.0627000000000002,-1.9961576441095663,-0.0817000000000001,-2.50262428946125,-0.1027000000000002,-2.994943821814283,-0.1257000000000001,-3.515557580164616,-0.1447,-3.985241731719809,-0.1607,-4.505855490070142,-0.1737000000000002,-4.975539641625334,-0.1847000000000001,-5.5003975338752635,-0.1926999999999999,-5.98564350972897,-0.1997000000000001,-6.4595717951837575,-0.2057000000000001,-6.973111997034766,-0.2107,-7.4498697050892835,-0.2157000000000001,-8.035560183233407,-0.2197000000000001,-8.48543837659049,-0.2237000000000001,-9.051322896536504,-0.2267,-9.577595500086298,-0.2297000000000001,-10.064256187239872,-0.2596999999999999,-19.848399537106463,-0.2747,-30.204086252118536,-0.2847,-39.80997597820213,-0.2936999999999999,-50.0807800152223
exp664,-1500mV,-0.0537,0.5019395691921149,-0.0717000000000001,-1.0198653760727048,-0.0777000000000001,-1.5080822456561291,-0.0837000000000001,-1.9947429328097015,-0.0897000000000001,-2.50828313466071,-0.0957000000000001,-3.0119203574126634,-0.0237,3.532534115762996,-0.0197,4.05314787411333,-0.0167000000000001,4.480390686672571,-0.1187,-5.0335428049198,-0.1237000000000001,-5.4622003287789065,-0.1297000000000001,-6.045061384323302,-0.0057,6.503427845479574,-0.0037,6.999991511732201,-0.0017,7.50504344578402,-0.1507,-8.056780852731386,-0.1557000000000001,-8.508073757388331,-0.1597000000000001,-8.956537239445547,-0.1647,-9.47715099779588,-0.1697000000000001,-9.979373509247967,-0.4246999999999999,-20.06060623208622,-0.4357000000000001,-30.13335068712528,-0.4407,-40.26268359415894,-0.4447,-49.68466085126009
exp665,-1500mV,-0.0037,-0.4770406503144904,-0.3137,-0.9977958797948104,0.0052999999999998,1.5094969569559942,-0.0667000000000002,-2.007475334508487,-0.3467000000000001,-2.485647753862869,0.0092999999999998,2.976552574916037,-0.3527000000000001,-3.532534115762996,0.0112999999999998,3.989485865619403,0.0122999999999999,4.6091294149602895,-0.3577,-5.059007608317371,-0.3587000000000001,-5.456541483579446,-0.3597,-5.886613718738418,-0.3607000000000001,-6.363371426792935,-0.3617,-6.878326339943808,-0.3626999999999999,-7.441381437290093,-0.3637,-8.052536718831789,-0.3646999999999999,-8.675009690772406,-0.3646999999999999,-8.675009690772406,-0.3657,-9.372462361605868,-0.3666999999999999,-10.112356371435284,-0.3766999999999999,-19.820105311109163,-0.3857,-30.402145834099635,-0.3946999999999999,-40.4465960631414,-0.4046999999999999,-49.642219512264134
exp666,-1500mV,-0.0157,-0.5017980980621284,-0.1917000000000001,-0.9997764756146216,-0.3227000000000001,-1.4882762874580184,-0.3327000000000001,-1.9848399537106465,-0.3377,-2.5224302476593605,-0.3407000000000001,-3.07841178850632,-0.3427000000000001,-3.6202462163546287,-0.3437,-3.9498739492231825,-0.3447000000000001,-4.337504845386203,-0.3457,-4.784553616143554,-0.3467000000000001,-5.306582085793753,-0.3477,-5.903590254336798,-0.3487000000000001,-6.602457636470127,-0.3497,-7.357913470598056,-0.3497,-7.357913470598056,-0.3507000000000001,-8.219472652215863,-0.3507000000000001,-8.219472652215863,-0.3517,-9.180061624824225,-0.3517,-9.180061624824225,-0.3527000000000001,-10.222703852824754,-0.3607000000000001,-20.456725396048434,-0.3717,-30.24652759111449,-0.3926999999999999,-39.96559422118728,-0.4157,-50.1373684672169
exp667,-1800mV,-0.4186999999999999,-0.5057592897017505,-0.4266999999999999,-0.9936932170252016,-0.4337000000000001,-1.5250587812545096,-0.4397000000000001,-1.965033995512536,-0.4467,-2.4884771764625997,-0.4537000000000001,-2.989284976614823,-0.4597000000000001,-3.46887210726907,-0.4667,-4.04183018371441,-0.4717000000000001,-4.510099623969737,-0.4757000000000001,-4.950074838227763,-0.4797000000000001,-5.493323977375938,-0.4837000000000001,-5.902175543036933,-0.4887,-6.493524866380518,-0.4916999999999999,-6.919352967639894,-0.4956999999999999,-7.523434692682265,-0.4996999999999999,-7.991704132937592,-0.5027,-8.482608953990761,-0.5056999999999999,-8.965025507244738,-0.5087,-9.472906863896286,-0.5127,-9.977958797948103,-0.5567000000000001,-19.862546650105116,-0.5927000000000001,-30.02017378313608,-0.6226999999999999,-39.99388844718459,-0.6477,-50.038338676226346
exp668,-1400mV,-0.0657,0.4030512493315489,-0.0697000000000001,-1.0068500321139466,-0.0627000000000002,1.5491088733522151,-0.0727000000000002,-2.0301107153063276,-0.0737000000000001,-2.358323736875016,-0.0757000000000001,-3.0402145834099636,-0.0577,3.586293145157868,-0.0567000000000001,3.995144710818863,-0.0557,4.428046368577565,-0.0817000000000001,-4.907633499231812,-0.0837000000000001,-5.467859173978367,-0.0857000000000001,-6.081843878119792,-0.0867000000000002,-6.37044498329226,-0.0887000000000002,-6.906620565941108,-0.0907000000000002,-7.486652198885773,-0.0927000000000002,-8.017168936335162,-0.0947000000000002,-8.543441539884956,-0.0967000000000002,-9.09800836943205,-0.0987000000000002,-9.59740145828441,-0.0997000000000001,-9.87892900695755,-0.0287000000000001,19.97572355409432,-0.1837000000000002,-30.02017378313608,-0.2157000000000001,-40.05047689917919,-0.0007000000000001,50.15151558021555
exp669,-1400mV,-0.0827000000000002,0.6291221150499817,-0.0817000000000001,1.0715023385177789,-0.0857000000000001,-1.6170150157457368,-0.0867000000000002,-1.792439216929001,-0.0787000000000002,2.6327777290488332,-0.0887000000000002,-3.1067060145036205,-0.0777000000000001,3.552340073961107,-0.0897000000000001,-3.992315288219133,-0.0917000000000001,-4.558199808165148,-0.0927000000000002,-4.965636662526279,-0.0737000000000001,5.629136262162981,-0.0937000000000001,-5.847001802342197,-0.0727000000000002,6.585481100871745,-0.0717000000000001,7.063653520226129,-0.0967000000000002,-7.302739729903319,-0.0697000000000001,7.787985705757026,-0.0987000000000002,-8.592956435380232,-0.0687000000000002,8.744330544465791,-0.0997000000000001,-9.45734503959777,-0.1017000000000001,-9.9539087058504,-0.0527000000000001,19.97572355409432,-0.1407,-30.147497800123933,-0.1617000000000001,-39.92315288219133,-0.1797000000000002,-49.9958973372304
exp670,-1500mV,-0.3127000000000001,-0.4897730520132756,-0.3297,-1.0198653760727048,-0.3387000000000001,-1.4840321535584236,-0.3457,-2.013134179707947,-0.3507000000000001,-2.4898918877624645,-0.3557,-3.0614352529079394,-0.3587000000000001,-3.437748458672039,-0.3626999999999999,-4.023438936816164,-0.3657,-4.586494034162449,-0.3677,-4.909048210531677,-0.3706999999999999,-5.57537723276811,-0.3726999999999999,-5.961593417631265,-0.3746999999999999,-6.470889485582678,-0.3766999999999999,-6.967453151835306,-0.3786999999999999,-7.466846240687664,-0.3806999999999999,-8.087904501328415,-0.3826999999999999,-8.619835950077668,-0.3837,-8.938145992547302,-0.3857,-9.65681933287874,-0.3866999999999999,-9.968055818849049,-0.4086999999999999,-19.791811085111863,-0.4246999999999999,-30.18993913911989,-0.4377000000000001,-40.34756627215084,-0.4487,-50.1939569192115
exp671,-1700mV,-0.0367000000000001,0.5150963842808599,-0.0217,1.0245339233622597,-0.1047000000000002,-1.5038381117565338,-0.1187,-1.9919135102099716,0.0032999999999998,2.515356691160035,-0.1527,-3.003432089613473,-0.1717000000000001,-3.505654601065561,-0.2436999999999999,-3.9979741334185936,-0.3677,-4.495952510971087,-0.4066999999999999,-4.971295507725738,-0.4126999999999999,-5.4423943705807964,-0.4177,-6.086088012019388,-0.4197000000000001,-6.560016297474175,-0.4217000000000001,-7.082044767124374,-0.4226999999999999,-7.387622407895222,-0.4237000000000001,-7.823353488253653,-0.4257000000000001,-8.691986226370785,-0.4266999999999999,-9.29748266271302,-0.4266999999999999,-9.29748266271302,-0.4277000000000001,-10.03313253864284,-0.4407,-20.159636023076775,-0.4717000000000001,-30.147497800123933,-0.5096999999999999,-39.88071154319538,-0.5587000000000001,-50.1939569192115
exp672,-1400mV,-0.0867000000000002,-0.5104278369913052,-0.0837000000000001,1.0764538280673064,-0.0827000000000002,1.5236440699546443,-0.0897000000000001,-1.9367397695152353,-0.0907000000000002,-2.460182950465299,-0.0917000000000001,-3.1052913032037557,-0.0797000000000001,3.3641834710790572,-0.0937000000000001,-4.1238834391065815,-0.0947000000000002,-4.490293665771627,-0.0957000000000001,-4.99393088852358,-0.0757000000000001,5.5598154084695945,-0.0747000000000002,6.135602907514665,-0.0737000000000001,6.562845720073906,-0.0997000000000001,-7.028285737729503,-0.1007000000000002,-7.53333767178132,-0.1017000000000001,-8.158640066321666,-0.0707000000000002,8.386408585599938,-0.0697000000000001,8.970684352444197,-0.1047000000000002,-9.515348202892236,-0.1057000000000001,-10.017570714344323,-0.0517,20.159636023076775,-0.0387000000000001,29.991879557138777,-0.1667,-40.14950669016974,-0.1857000000000002,-49.8261319812466
exp673,-1400mV,-0.0847000000000002,-0.5208967006103065,-0.0817000000000001,1.0770197125872525,-0.0807000000000002,1.5675001202504606,-0.0877000000000001,-2.004645911908757,-0.0887000000000002,-2.5295038041586855,-0.0897000000000001,-3.1420737970002466,-0.0777000000000001,3.3953071196760884,-0.0767000000000002,3.84518531303317,-0.0927000000000002,-4.558199808165148,-0.0747000000000002,4.998175022423175,-0.0947000000000002,-5.59518319096622,-0.0957000000000001,-5.852660647541658,-0.0977000000000001,-6.540210339276065,-0.0987000000000002,-7.015553336030716,-0.0997000000000001,-7.592755546375652,-0.0697000000000001,7.935115680942991,-0.1017000000000001,-8.574565188481987,-0.1027000000000002,-8.973513775043926,-0.1037000000000001,-9.470077441296556,-0.1047000000000002,-10.082647434138115,-0.0517,19.876693763103766,-0.1467,-29.949438218142824,-0.0287000000000001,39.99388844718459,-0.1877000000000002,-50.15151558021555
exp674,-1400mV,-0.0487000000000001,-0.3771620325440187,-0.0497,-1.0709364539978328,-0.0457,1.3932076881070885,-0.0447000000000001,2.047087250904708,-0.0527000000000001,-2.659657243746269,-0.0437,2.8166901980312877,-0.0427000000000001,3.556584207860702,-0.0547000000000001,-3.886211940729256,-0.0557,-4.420972812078239,-0.0567000000000001,-4.879339273234511,-0.0397,5.58952434576676,-0.0587000000000001,-5.893687275237743,-0.0597,-6.487866021181058,-0.0607000000000002,-6.984429687433686,-0.0617,-7.36215760449765,-0.0367000000000001,8.019998358934892,-0.0637,-8.24918158951303,-0.0647000000000002,-8.827798511157829,-0.0667000000000002,-9.593157324384812,-0.0677000000000001,-9.994935333546485,-0.0957000000000001,-20.06060623208622,-0.1287,-29.935291105144177,-0.1597000000000001,-39.96559422118728,-0.1897000000000002,-50.052485789224995
exp675,-1500mV,-0.0327000000000001,0.533346160049119,-0.0477,-1.0057182630740549,-0.0247000000000001,1.5250587812545096,-0.0597,-2.023037158807002,-0.0657,-2.4771594860636794,-0.0737000000000001,-3.0303116043109086,-0.0137,3.4872633541673155,-0.0887000000000002,-4.0220242255163,-0.0947000000000002,-4.548296829066093,-0.0077,4.863777448935997,-0.1077000000000001,-5.515959358173778,-0.0037,5.978569953229646,-0.1197000000000001,-6.432692280486322,-0.1277000000000001,-7.019797469930312,0.0002999999999999,7.497969889284694,-0.1397000000000001,-7.993118844237457,-0.1447,-8.520806159087115,0.0042999999999999,9.068299432134886,-0.1577000000000001,-9.61720741648252,-0.1627,-10.05576791944068,-0.4337000000000001,-19.919135102099716,-0.4437000000000001,-29.708937297165768,-0.4507,-40.191948029165694,-0.4577000000000001,-50.915459682142675
exp676,-1700mV,-0.1367,-0.4998175022423174,-0.2576999999999999,-1.000483831264554,-0.4467,-1.472714463159503,-0.4497000000000001,-2.0286960040064623,-0.4517000000000001,-2.648339553347349,-0.4527,-3.0614352529079394,-0.4537000000000001,-3.593366701657193,-0.4547,-4.21018082839835,-0.4547,-4.21018082839835,-0.4557000000000001,-4.9175364783308675,-0.4567,-5.582450789267434,-0.4577000000000001,-6.230388564605621,-0.4577000000000001,-6.230388564605621,-0.4587,-6.970282574435036,-0.4597000000000001,-7.691785337366205,-0.4597000000000001,-7.691785337366205,-0.4607,-8.444411748894403,-0.4617000000000001,-9.191379315223145,-0.4617000000000001,-9.191379315223145,-0.4627,-10.07557387763879,-0.4807,-20.13134179707947,-0.5107,-30.03432089613473,-0.5387000000000001,-40.02218267318189,-0.5627000000000001,-50.12322135421825
exp677,-1400mV,-0.0847000000000002,-0.462044710535921,-0.0827000000000002,0.8464217707092515,-0.0817000000000001,1.5632559863508655,-0.0867000000000002,-1.894298430519284,-0.0877000000000001,-2.586092256153287,-0.0797000000000001,3.0303116043109086,-0.0787000000000002,3.698055337847206,-0.0897000000000001,-3.849429446932765,-0.0907000000000002,-4.512929046569467,-0.0767000000000002,5.148134420208869,-0.0917000000000001,-5.221699407801851,-0.0757000000000001,5.929055057734368,-0.0937000000000001,-6.5246485149775495,-0.0947000000000002,-7.131559662619649,-0.0737000000000001,7.366401738397246,-0.0727000000000002,8.087904501328415,-0.0967000000000002,-8.478364820091164,-0.0717000000000001,8.865995716254185,-0.0707000000000002,9.66530760067793,-0.0987000000000002,-9.724725475272262,-0.1157000000000001,-20.14548891007812,-0.1327,-30.204086252118536,-0.0377,39.89485865619403,-0.1667,-50.32128093619935
exp678,-1600mV,-0.0417,-0.5001004445022904,-0.0747000000000002,-0.9997764756146216,-0.1087000000000002,-1.4953498439573436,-0.1357000000000001,-2.0004017780091616,-0.1567,-2.4927213103621946,-0.1747,-3.024652759111448,-0.3437,-3.492922199366775,-0.4257000000000001,-4.000803556018323,-0.2187,-4.500196644870682,-0.2367,-5.001004445022905,-0.4377000000000001,-5.491909266076072,-0.4387,-5.893687275237743,-0.4397000000000001,-6.407227477088751,-0.4407,-7.052335829827209,-0.4417000000000001,-7.824768199553517,-0.4417000000000001,-7.824768199553517,-0.4427,-8.748574678365387,-0.4427,-8.748574678365387,-0.4437000000000001,-9.86195247135917,-0.4437000000000001,-9.86195247135917,-0.4507,-20.329401379060577,-0.4597000000000001,-29.66649595816982,-0.4767,-40.3900076111468,-0.4947,-49.86857332024254
exp679,-1500mV,-0.0537,0.5114181349012108,-0.0627000000000002,-0.9904393810355122,-0.0657,-1.4741291744593683,-0.0697000000000001,-2.0159636023076772,-0.0737000000000001,-2.5648715866553116,-0.0767000000000002,-2.990699687914687,-0.0817000000000001,-3.546681228761647,-0.0847000000000002,-4.01070653511738,-0.0887000000000002,-4.493123088371357,-0.0927000000000002,-5.001004445022905,-0.0967000000000002,-5.467859173978367,-0.1007000000000002,-6.009693601826676,-0.1047000000000002,-6.453912949984297,-0.1097000000000001,-6.980185553534091,-0.0197,7.558802475178892,-0.1187,-7.95775106174083,-0.1237000000000001,-8.46846184099211,-0.1287,-9.003222712341092,-0.1337000000000001,-9.523836470691428,-0.1387,-9.99917946744608,-0.2527,-20.01816489309027,-0.4037,-30.03432089613473,-0.4317000000000001,-39.99388844718459,-0.4487,-50.29298671020206
exp680,-1400mV,-0.0387000000000001,-0.4921780612230462,-0.2647,-0.9969470530148912,-0.2776999999999999,-1.4882762874580184,-0.2836999999999999,-1.9749369746115912,-0.2876999999999999,-2.4234004566688077,-0.2916999999999999,-3.0685088094072643,-0.2936999999999999,-3.4717015298688,-0.2956999999999999,-3.9428003927238575,-0.2976999999999999,-4.450681749375406,-0.2996999999999999,-5.092960679514132,-0.3007000000000001,-5.4353208140814715,-0.3027000000000001,-6.161067710912235,-0.3036999999999999,-6.581236966972151,-0.3047000000000001,-7.024041603829907,-0.3056999999999999,-7.4824080649861795,-0.3067000000000001,-7.940774526142452,-0.3077,-8.426020501996158,-0.3087000000000001,-8.949463682946222,-0.3097,-9.489883399494666,-0.3107000000000001,-10.037376672542434,-0.3267000000000001,-20.24451870106867,-0.3387000000000001,-30.13335068712528,-0.3487000000000001,-39.93729999518999,-0.3577,-49.78369064225064
exp681,-1400mV,-0.0777000000000001,-0.3163294466498221,-0.0787000000000002,-0.7919553856644476,-0.0737000000000001,1.7160448067362897,-0.0727000000000002,2.201290782589997,-0.0817000000000001,-2.296076439680954,-0.0827000000000002,-2.7770782816350668,-0.0847000000000002,-3.698055337847206,-0.0697000000000001,3.799914551437489,-0.0687000000000002,4.310625330688767,-0.0877000000000001,-5.201893449603739,-0.0887000000000002,-5.647527509061226,-0.0897000000000001,-6.100235125018038,-0.0647000000000002,6.448254104784837,-0.0637,6.967453151835306,-0.0627000000000002,7.473919797186989,-0.0937000000000001,-8.02141307023476,-0.0947000000000002,-8.48543837659049,-0.0957000000000001,-8.974928486343794,-0.0967000000000002,-9.47715099779588,-0.0977000000000001,-9.951079283250667,-0.1187,-19.834252424107817,-0.0297,30.06261512213203,-0.1607,-40.03632978618054,-0.0107000000000001,50.109074241219595
exp682,-1500mV,-0.0497,-0.4944415993028303,-0.0357,1.0365589694111124,-0.0607000000000002,-1.5193999360550492,-0.0287000000000001,1.9989870667092968,-0.0727000000000002,-2.5224302476593605,-0.0787000000000002,-3.0260674704113137,-0.0847000000000002,-3.4858486428674507,-0.0907000000000002,-4.003632978618054,-0.0967000000000002,-4.500196644870682,-0.1027000000000002,-4.9826131981246595,-0.1087000000000002,-5.483420998276882,-0.1147,-6.012523024426406,-0.0077,6.507671979379168,-0.1257000000000001,-7.007065068231526,-0.1307,-7.466846240687664,-0.1367,-8.01433951373543,-0.0017,8.495341355689545,-0.1457000000000001,-8.993319733242037,-0.1517000000000001,-9.539398294989942,-0.1557000000000001,-10.00200889004581,-0.2367,-20.00401778009162,-0.4417000000000001,-30.09090934812933,-0.4477000000000001,-39.66850484821563,-0.4527,-49.27439457429922
exp683,-1900mV,-0.5797,-0.5019395691921149,-0.6126999999999999,-1.0074159166338927,-0.6326999999999999,-1.499593977856939,-0.6477,-1.993328221509837,-0.6597000000000001,-2.4870624651627344,-0.6697000000000001,-2.976552574916037,-0.6787,-3.4915074880669104,-0.6867,-4.01636538031684,-0.6937000000000001,-4.529905582167847,-0.6997000000000001,-5.0222251145208805,-0.7047,-5.470688596578097,-0.7097000000000001,-5.955934572431804,-0.7147,-6.482207175981599,-0.7197000000000001,-7.052335829827209,-0.7237000000000001,-7.540411228280647,-0.7277000000000001,-8.063854409230709,-0.7307,-8.47977953139103,-0.7347,-9.062640586935425,-0.7376999999999999,-9.523836470691428,-0.7407,-10.007667735245269,-0.7837,-19.876693763103766,-0.8117,-30.02017378313608,-0.8327000000000001,-39.95144710818864,-0.8507000000000001,-50.20810403221015
exp684,-1400mV,-0.0727000000000002,0.3334474533781891,-0.0717000000000001,0.8987660888042578,-0.0707000000000002,1.4302731241635522,-0.0697000000000001,1.970692840711996,-0.0687000000000002,2.5379920719578757,-0.0787000000000002,-2.8761080726256196,-0.0797000000000001,-3.379745295377573,-0.0807000000000002,-3.8607471373316855,-0.0817000000000001,-4.345993113185393,-0.0647000000000002,4.880753984534377,-0.0637,5.487665132176478,-0.0627000000000002,6.115796949316553,-0.0857000000000001,-6.318100665197254,-0.0867000000000002,-6.7877848167524455,-0.0607000000000002,7.370645872296841,-0.0597,7.988874710337861,-0.0587000000000001,8.652374309974565,-0.0917000000000001,-9.156011532726518,-0.0927000000000002,-9.624280972981843,-0.0567000000000001,9.977958797948103,-0.1167,-20.01816489309027,-0.1407,-29.991879557138777,-0.1637000000000001,-39.86656443019674,-0.1867000000000001,-50.1656626932142
exp685,-1400mV,-0.0387000000000001,-0.519340518180455,-0.0397,-1.093571834795673,-0.0407000000000001,-1.6382356852437123,-0.0417,-2.1461170418952604,-0.0337,2.4474505487665135,-0.0327000000000001,3.0161644913122583,-0.0317,3.553754785260972,-0.0307000000000001,4.128127573006177,-0.0467000000000001,-4.66005902175543,-0.0477,-5.117010771611838,-0.0287000000000001,5.446638504480391,-0.0497,-6.0719408990207375,-0.0507000000000001,-6.4850365985813285,-0.0267000000000001,6.981600264833956,-0.0537,-7.708761872964584,-0.0547000000000001,-8.182690158419373,-0.0247000000000001,8.55051509638428,-0.0567000000000001,-8.965025507244738,-0.0237,9.421977257101144,-0.0597,-10.093965124537036,-0.0937000000000001,-19.904987989101063,-0.1327,-30.04846800913338,-0.1687,-40.14950669016974,-0.2017000000000001,-50.038338676226346
exp686,-1400mV,-0.0657,0.4896315808832892,-0.0647000000000002,0.9922785057253368,-0.0637,1.5363764716534298,-0.0627000000000002,2.110749259398635,-0.0717000000000001,-2.6129717708507227,-0.0727000000000002,-3.1406590857003813,-0.0737000000000001,-3.6655169779503103,-0.0747000000000002,-4.139445263405097,-0.0757000000000001,-4.596397013261504,-0.0577,4.998175022423175,-0.0777000000000001,-5.5668889649689195,-0.0787000000000002,-6.0790144555200625,-0.0797000000000001,-6.5317220714768744,-0.0807000000000002,-6.963209017935711,-0.0537,7.4173313451923875,-0.0527000000000001,8.07800152222936,-0.0837000000000001,-8.370846761301422,-0.0847000000000002,-8.817895532058774,-0.0507000000000001,9.379535918105192,-0.0497,10.017570714344323,-0.1107000000000002,-19.820105311109163,-0.1357000000000001,-29.991879557138777,-0.0167000000000001,40.10706535117379,-0.1807,-49.88272043324119
exp687,-1600mV,-0.0017,0.4992516177223714,-0.1337000000000001,-0.9996350044846348,-0.1757000000000002,-1.4911057100577487,-0.2037000000000001,-1.9989870667092968,-0.2267,-2.5139419798601703,-0.3177,-3.000602667013743,-0.3507000000000001,-3.4943369106666404,-0.3766999999999999,-4.003632978618054,-0.3917,-4.491708377071491,-0.3977,-4.955733683427223,-0.4026999999999999,-5.4947386886758025,-0.4066999999999999,-6.074770321620467,-0.4097,-6.54162505057593,-0.4117,-6.934914791938409,-0.4146999999999999,-7.49089633278537,-0.4166999999999999,-7.939359814842586,-0.4186999999999999,-8.384993874300074,-0.4217000000000001,-9.12347317282962,-0.4226999999999999,-9.390853608504113,-0.4246999999999999,-9.928443902452829,-0.4527,-20.00401778009162,-0.4747,-30.06261512213203,-0.4927,-39.93729999518999,-0.5096999999999999,-50.15151558021555
exp688,-1400mV,-0.0557,-0.3617416793754899,-0.0567000000000001,-0.865378902127443,-0.0577,-1.3418536679219872,-0.0587000000000001,-1.8080010412275167,-0.0507000000000001,2.3144676865792,-0.0497,2.8987434534234597,-0.0487000000000001,3.4957516219665052,-0.0477,4.067294987111981,-0.0467000000000001,4.623276527958939,-0.0657,-5.118425482911703,-0.0667000000000002,-5.544253584171079,-0.0677000000000001,-5.957349283731669,-0.0437,6.509086690679034,-0.0427000000000001,7.144292064318436,-0.0717000000000001,-7.653588132269849,-0.0727000000000002,-8.0440484510326,-0.0737000000000001,-8.430264635895755,-0.0397,9.150352687527056,-0.0767000000000002,-9.663892889378063,-0.0777000000000001,-10.009082446545134,-0.1047000000000002,-19.98987066709297,-0.1327,-29.80796708815632,-0.1587,-40.02218267318189,-0.1817000000000002,-49.93930888523579
exp689,-1700mV,-0.0187000000000001,0.4968466085126009,-0.1267,-1.0051523785541088,-0.1567,-1.4925204213576138,-0.2867,-1.9989870667092968,-0.3777,-2.49979486686152,-0.4137,-2.9666495958169823,-0.4217000000000001,-3.450480860370824,-0.4237000000000001,-3.83103820003452,-0.4297000000000001,-4.542637983866633,-0.4306999999999999,-5.00807800152223,-0.4327,-5.457956194879311,-0.4347,-5.941787459433154,-0.4367,-6.5967987912706665,-0.4377000000000001,-7.091947746223429,-0.4387,-7.342351646299541,-0.4397000000000001,-7.959165773040696,-0.4417000000000001,-8.733012854066871,-0.4427,-9.15176739882692,-0.4437000000000001,-9.6907724040755,-0.4457000000000001,-10.256656924021517,-0.4976999999999999,-20.14548891007812,-0.5337,-29.90699687914687,-0.5647000000000001,-40.03632978618054,-0.5897,-50.06663290222365
exp690,-1600mV,-0.0587000000000001,0.4958563106026953,-0.0507000000000001,1.010103868103636,-0.0917000000000001,-1.505252823056399,-0.0367000000000001,1.9749369746115912,-0.0297,2.509697845960575,-0.1187,-2.996358533114148,-0.1277000000000001,-3.5141428688647514,-0.1357000000000001,-4.0050476899179195,-0.1447,-4.503026067470412,-0.0077,4.991101465923849,-0.3197,-5.5003975338752635,-0.1647,-5.99130235492843,-0.1727,-6.517574958478224,-0.3577,-6.994332666532741,-0.1837000000000002,-7.52484940398213,-0.3097,-8.02141307023476,-0.1937000000000001,-8.503829623488736,-0.3077,-8.948048971646358,-0.2027,-9.518177625491967,-0.2067,-10.01615600304446,-0.4146999999999999,-20.08890045808352,-0.4397000000000001,-29.68064307116847,-0.4607,-39.83827020419943,-0.4827,-50.22225114520881
exp691,-1400mV,-0.0307000000000001,0.5975740530629915,-0.0297,1.0715023385177789,-0.0287000000000001,1.5915502123481662,-0.0367000000000001,-2.008890045808352,-0.0377,-2.4007650758709675,-0.0387000000000001,-2.8152754867314234,-0.0407000000000001,-3.555169496560837,-0.0417,-3.8932854972285815,-0.0437,-4.610544126260154,-0.0227000000000001,4.9826131981246595,-0.0467000000000001,-5.568303676268785,-0.0477,-5.885199007438552,-0.0497,-6.543039761875795,-0.0517,-7.077800633224777,-0.0187000000000001,7.548899496079835,-0.0547000000000001,-7.947848082641776,-0.0567000000000001,-8.452900016693595,-0.0167000000000001,9.004637423640958,-0.0607000000000002,-9.488468688194802,-0.0627000000000002,-9.979373509247967,-0.0047000000000001,19.961576441095666,-0.1547,-30.10505646112798,-0.2027,-40.03632978618054,-0.2647,-50.06663290222365
exp692,-1500mV,-0.0657,-0.5323558621392133,-0.0707000000000002,-0.9972299952748644,-0.0757000000000001,-1.501008689156804,-0.0407000000000001,1.9989870667092968,-0.0367000000000001,2.4842330425630044,-0.0327000000000001,3.000602667013743,-0.0977000000000001,-3.542437094862052,-0.0257,3.9909005769192687,-0.1077000000000001,-4.491708377071491,-0.0197,4.998175022423175,-0.1177000000000001,-5.473518019177827,-0.0147000000000001,5.975740530629915,-0.1277000000000001,-6.4864513098811925,-0.1327,-6.990088532633147,-0.1377000000000001,-7.4824080649861795,-0.1427,-7.988874710337861,-0.0047000000000001,8.503829623488736,-0.1517000000000001,-8.965025507244738,-0.1567,-9.502615801193452,-0.1617000000000001,-10.03313253864284,-0.4106999999999999,-19.98987066709297,-0.4327,-30.03432089613473,-0.4407,-39.68265196121428,-0.4487,-50.0807800152223
exp693,-1400mV,-0.0697000000000001,-0.2860546248327104,-0.0707000000000002,-0.8806577841659853,-0.0717000000000001,-1.4500790823616625,-0.0727000000000002,-1.9961576441095663,-0.0737000000000001,-2.518186113759765,-0.0747000000000002,-3.054361696408614,-0.0757000000000001,-3.623075638954359,-0.0767000000000002,-4.167739489402398,-0.0617,4.447852326775675,-0.0607000000000002,5.117010771611838,-0.0797000000000001,-5.678651157658257,-0.0597,5.786169216448,-0.0587000000000001,6.438351125685783,-0.0577,7.072141788025317,-0.0837000000000001,-7.703103027765124,-0.0847000000000002,-8.198251982717888,-0.0557,8.404799832498183,-0.0547000000000001,9.116399616330296,-0.0877000000000001,-9.6907724040755,-0.0887000000000002,-10.144894731332178,-0.0407000000000001,19.93328221509837,-0.1337000000000001,-30.161644913122583,-0.1557000000000001,-40.14950669016974,-0.0137,50.0807800152223
exp694,-1500mV,-0.0317,-0.466005902175543,-0.0367000000000001,-1.0014741291744595,-0.0417,-1.4769585970590984,-0.0147000000000001,1.9975723554094316,-0.0537,-2.4771594860636794,-0.0097,2.999187955713878,-0.0677000000000001,-3.4872633541673155,-0.0057,4.000803556018323,-0.0837000000000001,-4.534149716067443,-0.0907000000000002,-5.0052485789225,-0.0997000000000001,-5.524447625972968,-0.1067000000000002,-6.022426003525461,-0.1127,-6.470889485582678,-0.1197000000000001,-7.0297004490293675,-0.1257000000000001,-7.489481621485504,-0.1317000000000001,-8.004436534636376,-0.1387,-8.542026828585092,-0.1447,-9.037175783537856,-0.1497000000000001,-9.489883399494666,-0.1557000000000001,-10.006253023945405,-0.4257000000000001,-19.805958198110513,-0.4387,-30.50117562509019,-0.4447,-39.93729999518999,-0.4497000000000001,-49.69880796425874
exp695,-1400mV,-0.0657,0.5459370906179177,-0.0647000000000002,1.0161871266930558,-0.0637,1.512326379555724,-0.0627000000000002,1.965033995512536,-0.0727000000000002,-2.5295038041586855,-0.0737000000000001,-2.977967286215902,-0.0747000000000002,-3.4434073038714996,-0.0757000000000001,-3.8989443424280408,-0.0577,4.334675422786473,-0.0787000000000002,-5.150963842808599,-0.0797000000000001,-5.609330303964871,-0.0807000000000002,-6.064867342521412,-0.0817000000000001,-6.475133619482273,-0.0827000000000002,-6.881155762543538,-0.0837000000000001,-7.32820453330089,-0.0847000000000002,-7.789400417056893,-0.0867000000000002,-8.650959598674698,-0.0877000000000001,-9.040005206137584,-0.0887000000000002,-9.451686194398311,-0.0897000000000001,-9.914296789454175,-0.1127,-19.93328221509837,-0.1347,-29.949438218142824,-0.0097,39.89485865619403,-0.1767,-49.9110146592385
exp696,-1500mV,-0.0167000000000001,-0.4136615840805367,-0.0197,-1.0528281493595604,-0.0217,-1.4741291744593683,-0.0247000000000001,-1.9947429328097015,-0.0277,-2.4870624651627344,-0.0307000000000001,-2.945428926319006,-0.0047000000000001,3.509898734965156,-0.0037,3.971094618721158,-0.0437,-4.454925883275001,-0.0487000000000001,-4.948660126927899,-0.0547000000000001,-5.518788780773508,-0.0597,-5.953105149832074,-0.0657,-6.477963042082004,-0.0717000000000001,-6.967453151835306,-0.0787000000000002,-7.497969889284694,0.0032999999999998,7.994533555537323,-0.0907000000000002,-8.47412068619157,-0.0977000000000001,-9.01029626884042,-0.1037000000000001,-9.501201089893586,-0.1097000000000001,-9.9822029318477,-0.2177000000000001,-20.00401778009162,-0.3817,-29.836261314153624,-0.3966999999999999,-39.88071154319538,-0.4077,-50.49104629218317
exp697,-1400mV,-0.0297,-0.4838312645538425,-0.0257,0.9562033675787782,-0.0327000000000001,-1.426028990263957,-0.0347000000000001,-2.0555755187038987,-0.0367000000000001,-2.6087276369511274,-0.0207000000000001,3.0755823659065897,-0.0197,3.583463722558138,-0.0427000000000001,-4.065880275812115,-0.0447000000000001,-4.568102787264204,-0.0467000000000001,-5.015151558021555,-0.0487000000000001,-5.4169295671832245,-0.0517,-6.049305518222896,-0.0537,-6.429862857886591,-0.0567000000000001,-7.018382758630446,-0.0597,-7.53899651698078,-0.0627000000000002,-8.055366141431518,-0.0107000000000001,8.566076920682798,-0.0687000000000002,-9.030102227038528,-0.0717000000000001,-9.529495315890887,-0.0747000000000002,-9.980788220547833,-0.1407,-20.03231200608892,-0.1926999999999999,-29.96358533114148,-0.2337000000000001,-40.12121246417244,-0.2676999999999999,-50.010044450229046
exp698,-1400mV,-0.0737000000000001,-0.558952434576676,-0.0747000000000002,-1.0840932690865777,-0.0757000000000001,-1.5972090575476263,-0.0767000000000002,-2.113578681998365,-0.0777000000000001,-2.656827821146539,-0.0787000000000002,-3.214224073293363,-0.0667000000000002,3.323156843382971,-0.0657,3.8664059825311448,-0.0647000000000002,4.399752142580264,-0.0637,4.968466085126009,-0.0627000000000002,5.556985985869864,-0.0617,6.17380011261102,-0.0847000000000002,-6.323759510396714,-0.0857000000000001,-6.797687795851501,-0.0597,7.308398575102779,-0.0587000000000001,7.892674341947039,-0.0577,8.509488468688197,-0.0567000000000001,9.137620285828271,-0.0907000000000002,-9.341338713008836,-0.0917000000000001,-9.84780535836052,-0.0407000000000001,19.791811085111863,-0.1327,-30.00602667013743,-0.0187000000000001,39.90900576919269,-0.0107000000000001,49.967603111233096
exp699,-1800mV,-0.4117,-0.5019395691921149,-0.4537000000000001,-0.9945420438051208,-0.4757000000000001,-1.5080822456561291,-0.4896999999999999,-2.0004017780091616,-0.5007,-2.50545371206098,-0.5096999999999999,-3.0260674704113137,-0.5167,-3.5014104671659654,-0.5227,-3.9767534639206183,-0.5287000000000001,-4.512929046569467,-0.5337,-5.023639825820745,-0.5377,-5.466444462678503,-0.5417,-5.953105149832074,-0.5457,-6.472304196882543,-0.5497,-7.043847562028017,-0.5527000000000001,-7.497969889284694,-0.5557,-7.991704132937592,-0.5587000000000001,-8.51090317998806,-0.5617,-9.040005206137584,-0.5637,-9.412074278002088,-0.5667000000000001,-9.983617643147564,-0.6057,-20.06060623208622,-0.6366999999999999,-30.07676223513068,-0.6627,-39.82412309120078,-0.6847,-49.9958973372304
exp700,-1400mV,-0.0447000000000001,-0.4927439457429922,-0.0427000000000001,0.8847604469355939,-0.0417,1.5689148315503256,-0.0467000000000001,-1.7485831666331852,-0.0477,-2.359738448174881,-0.0487000000000001,-2.989284976614823,-0.0497,-3.6018549694563835,-0.0507000000000001,-4.171983623301993,-0.0377,4.542637983866633,-0.0527000000000001,-5.262726035497936,-0.0367000000000001,5.3178997761926725,-0.0357,6.101649836317904,-0.0547000000000001,-6.381762673691181,-0.0347000000000001,6.933500080638546,-0.0567000000000001,-7.374890006196437,-0.0577,-7.853062425550818,-0.0587000000000001,-8.359529070902502,-0.0597,-8.89287523095162,-0.0317,9.563448387087648,-0.0617,-9.8364876679616,-0.0877000000000001,-20.01816489309027,-0.1177000000000001,-30.04846800913338,-0.1467,-40.092918238175145,-0.1747,-49.925161772237146
exp701,-1400mV,-0.0507000000000001,-0.6892473452942459,-0.0517,-1.1329008089319217,-0.0527000000000001,-1.5703295428501909,-0.0537,-2.0315254266061924,-0.0547000000000001,-2.4983801555616547,-0.0557,-2.922793545521166,-0.0427000000000001,3.440577881271769,-0.0417,3.985241731719809,-0.0407000000000001,4.541223272566767,-0.0607000000000002,-4.9840279094245235,-0.0617,-5.3631705377883545,-0.0637,-6.129944062315205,-0.0647000000000002,-6.5246485149775495,-0.0367000000000001,6.998576800432337,-0.0677000000000001,-7.6012438141748415,-0.0687000000000002,-7.973312886039348,-0.0697000000000001,-8.346796669203718,-0.0717000000000001,-9.004637423640958,-0.0727000000000002,-9.327191600010188,-0.0747000000000002,-10.0387913838423,-0.1057000000000001,-19.876693763103766,-0.1377000000000001,-30.11920357412663,-0.1657000000000001,-40.10706535117379,-0.1897000000000002,-49.95345599823444
exp702,-1400mV,-0.0597,-0.5051934051818046,-0.0557,1.0944206615755925,-0.0547000000000001,1.4868615761581534,-0.0637,-2.0584049413036287,-0.0647000000000002,-2.465841795664759,-0.0657,-2.8478138466283185,-0.0677000000000001,-3.566487186959758,-0.0687000000000002,-3.962606350921967,-0.0477,4.503026067470412,-0.0467000000000001,4.933098302629383,-0.0727000000000002,-5.433906102781606,-0.0737000000000001,-5.8356841119432765,-0.0757000000000001,-6.602457636470127,-0.0767000000000002,-6.944817771037465,-0.0787000000000002,-7.69037062606634,-0.0797000000000001,-8.061024986630978,-0.0807000000000002,-8.426020501996158,-0.0827000000000002,-9.136205574528407,-0.0837000000000001,-9.523836470691428,-0.0847000000000002,-9.904393810355122,-0.1127,-20.13134179707947,-0.1387,-30.00602667013743,-0.1657000000000001,-40.17780091616704,-0.1937000000000001,-50.179809806212845
exp703,-1500mV,-0.0137,-0.4749185833646928,-0.0047000000000001,0.9826584688862544,-0.0237,-1.512326379555724,-0.0297,-1.9975723554094316,-0.0377,-2.49413602166206,-0.0457,-2.9935291105144173,-0.0557,-3.5268752705635364,-0.0647000000000002,-3.982412309120079,-0.0747000000000002,-4.481805397972437,-0.0847000000000002,-4.992516177223715,-0.0947000000000002,-5.518788780773508,-0.1037000000000001,-5.975740530629915,-0.1127,-6.483621887281464,-0.1207,-6.98584439873355,-0.1287,-7.461187395488204,-0.1357000000000001,-7.980386442538672,-0.1437000000000001,-8.51373260258779,-0.1497000000000001,-9.011710980140284,-0.1557000000000001,-9.530910027190751,-0.1607,-9.955323417150264,-0.3547000000000001,-19.98987066709297,-0.3946999999999999,-30.21823336511718,-0.4086999999999999,-40.26268359415894,-0.4197000000000001,-50.46275206618586
exp704,-1400mV,-0.0547000000000001,-0.6175214823910884,-0.0527000000000001,0.8046877873632328,-0.0517,1.5094969569559942,-0.0567000000000001,-2.0414284057052483,-0.0577,-2.69361031494303,-0.0497,3.0713382320069944,-0.0587000000000001,-3.3302303998822964,-0.0597,-3.989485865619403,-0.0477,4.647326620056646,-0.0617,-5.2980938179945625,-0.0467000000000001,5.446638504480391,-0.0627000000000002,-5.902175543036933,-0.0637,-6.477963042082004,-0.0647000000000002,-7.087703612323834,-0.0657,-7.720079563363504,-0.0437,8.03273076063368,-0.0667000000000002,-8.295867062408576,-0.0427000000000001,8.901363498750811,-0.0687000000000002,-9.342753424308702,-0.0697000000000001,-9.897320253855796,-0.0907000000000002,-20.046459119087572,-0.1157000000000001,-30.02017378313608,-0.1427,-40.14950669016974,-0.1687,-49.9958973372304
exp705,-1400mV,-0.0477,-0.6543039761875794,-0.0457,0.9946835149351072,-0.0487000000000001,-1.4967645552572086,-0.0447000000000001,1.8461982463238729,-0.0497,-2.32861479957785,-0.0507000000000001,-3.0968030354045655,-0.0427000000000001,3.67966409094896,-0.0517,-3.8395264678337098,-0.0527000000000001,-4.586494034162449,-0.0537,-5.346194002189974,-0.0407000000000001,5.503226956474993,-0.0547000000000001,-6.16814126741156,-0.0397,6.460986506483622,-0.0557,-6.9122794111405685,-0.0387000000000001,7.464016818087933,-0.0577,-8.242108033013702,-0.0377,8.496756066989409,-0.0587000000000001,-8.923998879548652,-0.0367000000000001,9.49695695599399,-0.0607000000000002,-10.22128914152489,-0.0787000000000002,-20.159636023076775,-0.1017000000000001,-29.822114201154974,-0.1317000000000001,-39.88071154319538,-0.1647,-50.024191563227696
exp706,-1400mV,-0.0587000000000001,-0.4938757147828843,-0.2596999999999999,-1.0026058982143515,0.0132999999999998,1.4868615761581534,-0.2796999999999999,-1.980595819811051,-0.2847,-2.472915352164084,-0.2887,-2.973723152316307,-0.2916999999999999,-3.430674902172714,-0.2947000000000001,-3.9767534639206183,-0.2976999999999999,-4.583664611562719,-0.2996999999999999,-5.0618370309171015,-0.3016999999999999,-5.555571274569999,-0.3036999999999999,-6.1058939702174975,-0.3047000000000001,-6.404398054489021,-0.3067000000000001,-7.012723913430986,-0.3077,-7.332448667200485,-0.3097,-8.036974894533273,-0.3107000000000001,-8.401970409898452,-0.3127000000000001,-9.157426244026382,-0.3137,-9.571936654886835,-0.3147000000000001,-9.99917946744608,-0.3327000000000001,-20.10304757108217,-0.3447000000000001,-29.68064307116847,-0.3557,-40.36171338514949,-0.3646999999999999,-50.2505453712061
exp707,-1500mV,-0.0257,0.5324973332691998,-0.0247000000000001,1.0116600505334876,-0.0237,1.4896909987578837,-0.0317,-1.9791811085111863,-0.0217,2.4347181470677284,-0.0207000000000001,2.9850408427152275,-0.0197,3.5495106513613774,-0.0377,-4.03617133851495,-0.0397,-4.61195883756002,-0.0407000000000001,-4.916121767031002,-0.0427000000000001,-5.473518019177827,-0.0447000000000001,-5.963008128931129,-0.0467000000000001,-6.497769000280114,-0.0487000000000001,-6.934914791938409,-0.0507000000000001,-7.381963562695762,-0.0537,-7.990289421637726,-0.0567000000000001,-8.604274125779153,-0.0587000000000001,-8.93531656994757,-0.0617,-9.49695695599399,-0.0647000000000002,-9.910052655554582,-0.1647,-20.046459119087572,-0.3906999999999999,-30.02017378313608,-0.4186999999999999,-39.86656443019674,-0.4367,-50.2788395972034
exp708,-1400mV,-0.0337,0.3685322936148421,-0.0327000000000001,0.9249382478517608,-0.0317,1.4684703292599082,-0.0307000000000001,1.993328221509837,-0.0397,-2.49979486686152,-0.0407000000000001,-2.9143052777219753,-0.0417,-3.3061803077845906,-0.0437,-4.147933531204288,-0.0447000000000001,-4.544052695166498,-0.0257,5.0547634744177765,-0.0477,-5.602256747465545,-0.0487000000000001,-5.987058221028835,-0.0237,6.53596620537647,-0.0517,-6.970282574435036,-0.0537,-7.635196885371603,-0.0547000000000001,-7.964824618240158,-0.0567000000000001,-8.51373260258779,-0.0587000000000001,-9.131961440628812,-0.0597,-9.4318802362002,-0.0617,-9.935517458952152,-0.1057000000000001,-20.00401778009162,-0.1517000000000001,-30.03432089613473,-0.1917000000000001,-40.092918238175145,-0.2257000000000001,-50.0807800152223
exp709,-1400mV,-0.0647000000000002,0.4345993113185392,-0.0677000000000001,-0.888721638575216,-0.0687000000000002,-1.328838323963229,-0.0617,1.7952686395287314,-0.0717000000000001,-2.6808779132442444,-0.0727000000000002,-3.1364149518007864,-0.0737000000000001,-3.555169496560837,-0.0747000000000002,-3.973924041320888,-0.0757000000000001,-4.416728678178644,-0.0767000000000002,-4.860948026336266,-0.0777000000000001,-5.302337951894157,-0.0797000000000001,-6.095990991118443,-0.0807000000000002,-6.5246485149775495,-0.0817000000000001,-6.977356130934361,-0.0827000000000002,-7.398940098294142,-0.0497,7.912480300145149,-0.0487000000000001,8.444411748894403,-0.0477,8.982002042843117,-0.0877000000000001,-9.447442060498714,-0.0457,10.1562124217311,-0.1147,-20.159636023076775,-0.0187000000000001,29.90699687914687,-0.1637000000000001,-39.95144710818864,-0.1877000000000002,-49.9958973372304
exp710,-1400mV,-0.0457,0.5266970169397532,-0.0477,-0.9081031833833668,-0.0487000000000001,-1.6028679027470865,-0.0437,1.967863418112266,-0.0427000000000001,2.737466365238846,-0.0507000000000001,-2.850643269228049,-0.0517,-3.4943369106666404,-0.0527000000000001,-4.135201129505503,-0.0407000000000001,4.336090134086337,-0.0397,5.131157884610488,-0.0547000000000001,-5.341949868290378,-0.0387000000000001,5.948861015932479,-0.0567000000000001,-6.53596620537647,-0.0577,-7.1414626417187055,-0.0587000000000001,-7.693200048666069,-0.0597,-8.202496116617484,-0.0357,8.653789021274429,-0.0617,-9.247967767217744,-0.0347000000000001,9.539398294989942,-0.0627000000000002,-9.798290462865245,-0.0847000000000002,-19.97572355409432,-0.1127,-30.02017378313608,-0.1417000000000001,-39.93729999518999,-0.1717000000000001,-50.024191563227696
exp711,-1400mV,-0.0297,-0.6090332145918983,-0.0257,1.0093965124537037,-0.0247000000000001,1.423199567664227,-0.0337,-2.0258665814067327,-0.0227000000000001,2.3653972933743415,-0.0367000000000001,-2.941184792419411,-0.0387000000000001,-3.5650724756598926,-0.0407000000000001,-4.126712861706312,-0.0417,-4.391263874781075,-0.0177,4.962807239926549,-0.0167000000000001,5.562644831069325,-0.0477,-5.876710739639362,-0.0507000000000001,-6.578407544372421,-0.0527000000000001,-7.026871026429637,-0.0547000000000001,-7.462602106788069,-0.0577,-8.059610275331114,-0.0597,-8.46280299579265,-0.0627000000000002,-9.04141991743745,-0.0107000000000001,9.492712822094395,-0.0677000000000001,-9.958152839749992,-0.1267,-20.07475334508487,-0.1797000000000002,-30.04846800913338,-0.2237000000000001,-40.10706535117379,-0.2787,-49.98175022423175
exp712,-1500mV,-0.0357,0.4607714703660424,-0.0337,1.1306372708521373,-0.0327000000000001,1.4854468648582886,-0.0437,-2.072552054302279,-0.0457,-2.6356071516485633,-0.0287000000000001,3.0359704495103688,-0.0487000000000001,-3.4787750863681253,-0.0507000000000001,-3.9838270204199433,-0.0527000000000001,-4.538393849967037,-0.0547000000000001,-5.023639825820745,-0.0567000000000001,-5.525862337272833,-0.0587000000000001,-6.012523024426406,-0.0607000000000002,-6.446839393484972,-0.0627000000000002,-6.968867863135171,-0.0657,-7.6069026593743025,-0.0677000000000001,-8.10346632562693,-0.0697000000000001,-8.536367983385631,-0.0717000000000001,-8.986246176742714,-0.0157,9.519592336791831,-0.0767000000000002,-10.078403300238522,-0.1217000000000001,-20.117194684080825,-0.1627,-30.04846800913338,-0.3607000000000001,-39.96559422118728,-0.4066999999999999,-49.79783775524929
exp713,-1400mV,-0.0667000000000002,-0.6049305518222896,-0.0677000000000001,-1.0947036038355653,-0.0687000000000002,-1.5547677185516753,-0.0697000000000001,-1.9862546650105113,-0.0707000000000002,-2.4446211261667834,-0.0717000000000001,-2.9171347003217054,-0.0727000000000002,-3.408039521374873,-0.0737000000000001,-3.857917714731955,-0.0567000000000001,4.329016577587013,-0.0557,4.876509850634781,-0.0547000000000001,5.394294186385385,-0.0537,5.902175543036933,-0.0797000000000001,-6.514745535878494,-0.0517,6.999991511732201,-0.0507000000000001,7.584267278576461,-0.0497,8.13741939682369,-0.0847000000000002,-8.683497958571595,-0.0857000000000001,-9.102252503331648,-0.0867000000000002,-9.574766077486569,-0.0877000000000001,-10.02464427084365,-0.1117000000000001,-20.01816489309027,-0.0197,30.10505646112798,-0.1597000000000001,-40.05047689917919,-0.1827,-50.1373684672169
exp714,-1400mV,-0.0407000000000001,-0.5142475575009409,-0.0417,-1.0174603668629345,-0.0427000000000001,-1.4769585970590984,-0.0437,-1.9098602548177992,-0.0447000000000001,-2.362567870774611,-0.0457,-2.823763754530613,-0.0477,-3.683908224848555,-0.0487000000000001,-4.075783254911171,-0.0497,-4.486049531872031,-0.0307000000000001,5.068910587416426,-0.0527000000000001,-5.667333467259336,-0.0537,-6.008278890526811,-0.0287000000000001,6.402983343189156,-0.0277,7.053750541127073,-0.0577,-7.454113838988878,-0.0597,-8.10912517082639,-0.0257,8.47129126359184,-0.0627000000000002,-9.116399616330296,-0.0637,-9.399341876303303,-0.0657,-10.010497157845,-0.1057000000000001,-19.93328221509837,-0.1507,-29.921143992145527,-0.1926999999999999,-40.07877112517649,-0.2287,-50.038338676226346
exp715,-1400mV,-0.0647000000000002,0.6896717586842054,-0.0667000000000002,-0.753050824918159,-0.0677000000000001,-1.4967645552572086,-0.0687000000000002,-2.2210967407881075,-0.0627000000000002,2.238073276386488,-0.0617,3.0402145834099636,-0.0707000000000002,-3.584878433858002,-0.0607000000000002,3.821135220935464,-0.0597,4.572346921163798,-0.0727000000000002,-4.958563106026954,-0.0737000000000001,-5.630550973462847,-0.0577,6.112967526716823,-0.0747000000000002,-6.257268079303058,-0.0567000000000001,6.960379595335981,-0.0767000000000002,-7.514946424883075,-0.0777000000000001,-8.152981221122205,-0.0547000000000001,8.655203732574295,-0.0787000000000002,-8.783942460862013,-0.0537,9.506859935093043,-0.0807000000000002,-9.924199768553231,-0.0427000000000001,20.10304757108217,-0.1207,-30.06261512213203,-0.1437000000000001,-40.163653803168394,-0.1667,-49.925161772237146
exp716,-1400mV,-0.0307000000000001,0.5326388043991863,-0.0297,0.9726140186572128,-0.0357,-1.5222293586547797,-0.0277,1.9466427486142908,-0.0267000000000001,2.4417917035670533,-0.0397,-2.9666495958169823,-0.0417,-3.5877078564577327,-0.0237,3.961191639622102,-0.0447000000000001,-4.529905582167847,-0.0467000000000001,-5.100034236013457,-0.0477,-5.377317650787004,-0.0497,-5.9729111080301855,-0.0517,-6.499183711579978,-0.0537,-7.021212181230177,-0.0557,-7.529093537881726,-0.0577,-8.029901338033948,-0.0597,-8.530709138186172,-0.0157,9.006052134940823,-0.0637,-9.41490370060182,-0.0667000000000002,-10.020400136944057,-0.1217000000000001,-19.961576441095666,-0.1717000000000001,-29.935291105144177,-0.2147,-39.96559422118728,-0.2516999999999999,-49.9958973372304
exp717,-1600mV,-0.3626999999999999,-0.5043445784018855,-0.3826999999999999,-1.0153382999131368,-0.3937,-1.4925204213576138,-0.4017,-1.9692781294121309,-0.4086999999999999,-2.50262428946125,-0.4137,-2.9624054619173865,-0.4186999999999999,-3.5014104671659654,-0.4226999999999999,-3.995144710818863,-0.4266999999999999,-4.5497115403659585,-0.4297000000000001,-5.003833867622634,-0.4327,-5.5003975338752635,-0.4357000000000001,-6.040817250423707,-0.4377000000000001,-6.422789301387266,-0.4407,-7.0367740055286925,-0.4427,-7.472505085887125,-0.4447,-7.926627413143801,-0.4467,-8.411873388997508,-0.4487,-8.911266477849864,-0.4507,-9.438953792699524,-0.4527,-9.989276488347024,-0.4797000000000001,-20.00401778009162,-0.4987,-30.07676223513068,-0.5136999999999999,-39.78168175220483,-0.5277,-50.1656626932142
exp718,-1600mV,-0.0167000000000001,0.4978369064225064,-0.0467000000000001,-0.9989276488347024,-0.0617,-1.4868615761581534,-0.0027000000000001,1.9989870667092968,-0.0957000000000001,-2.50545371206098,-0.1087000000000002,-2.999187955713878,-0.1287,-3.5353635383627267,-0.1407,-4.0220242255163,-0.1547,-4.528490870867983,-0.1667,-5.003833867622634,-0.1787,-5.5003975338752635,-0.2936999999999999,-5.998375911427756,-0.2727,-6.497769000280114,-0.2396999999999999,-7.002820934331931,-0.4126999999999999,-7.567290742978082,-0.4166999999999999,-8.049707296232057,-0.4186999999999999,-8.40904396639778,-0.4206999999999999,-8.874483984053375,-0.4217000000000001,-9.361144671206947,-0.4237000000000001,-9.888831986056603,-0.4397000000000001,-20.01816489309027,-0.4517000000000001,-29.59576039317657,-0.4687,-40.26268359415894,-0.4936999999999999,-50.2505453712061
exp719,-1400mV,-0.0517,0.4497367222270951,-0.0557,-1.1327593378019347,-0.0567000000000001,-1.5222293586547797,-0.0577,-1.8815660288204987,-0.0467000000000001,2.6143864821505876,-0.0607000000000002,-3.009090934812933,-0.0447000000000001,3.543851806161917,-0.0437,4.027683070715759,-0.0427000000000001,4.522832025668523,-0.0417,4.998175022423175,-0.0407000000000001,5.496153399975667,-0.0397,6.043646673023436,-0.0387000000000001,6.582651678272015,-0.0727000000000002,-7.016968047330582,-0.0367000000000001,7.635196885371603,-0.0757000000000001,-7.990289421637726,-0.0787000000000002,-8.615591816178071,-0.0797000000000001,-8.95795195074541,-0.0337,9.405000721502764,-0.0327000000000001,10.014741291744594,-0.1177000000000001,-20.10304757108217,-0.1497000000000001,-29.878702653149578,-0.1787,-39.80997597820213,-0.2047,-49.9110146592385
exp720,-1500mV,-0.0227000000000001,-0.5272629014596992,-0.0267000000000001,-1.0267974614420434,-0.0307000000000001,-1.4868615761581534,-0.0087000000000001,1.9961576441095663,-0.0067000000000001,2.5196008250596305,-0.0487000000000001,-2.997773244414013,-0.0567000000000001,-3.499995755866101,-0.0647000000000002,-3.9937299995189983,-0.0737000000000001,-4.473317130173245,-0.0847000000000002,-5.00807800152223,-0.0957000000000001,-5.511715224274183,-0.1067000000000002,-5.99413177752816,-0.1177000000000001,-6.510501401978899,-0.1277000000000001,-6.994332666532741,-0.1377000000000001,-7.51919055878267,-0.1457000000000001,-7.986045287738133,-0.1537000000000001,-8.484023665290625,-0.1617000000000001,-8.993319733242037,-0.1687,-9.523836470691428,-0.1747,-10.03030311604311,-0.2527,-19.919135102099716,-0.3726999999999999,-30.00602667013743,-0.4137,-39.85241731719808,-0.4286999999999999,-49.8261319812466
exp721,-1500mV,-0.0187000000000001,-0.4797286017842339,-0.0047000000000001,0.9980788220547832,-0.0357,-1.5094969569559942,-0.0477,-1.9947429328097015,-0.0597,-2.4828183312631396,-0.0737000000000001,-2.9793819975157674,-0.0877000000000001,-3.4915074880669104,-0.1007000000000002,-3.9809975978202137,-0.1137000000000001,-4.494537799671222,-0.1257000000000001,-5.01373684672169,-0.1367,-5.508885801674452,-0.1467,-5.984228798429105,-0.1557000000000001,-6.477963042082004,-0.1647,-7.004235645631797,-0.1727,-7.472505085887125,-0.1797000000000002,-7.966239329540022,-0.1877000000000002,-8.464217707092514,-0.1946999999999999,-8.965025507244738,-0.2017000000000001,-9.48563926559507,-0.2097000000000001,-10.041620806442031,-0.3726999999999999,-20.00401778009162,-0.4017,-29.836261314153624,-0.4186999999999999,-40.220242255162994,-0.4327,-50.3637222751953
exp722,-1600mV,-0.0507000000000001,-0.4993930888523579,-0.1037000000000001,-0.9948249860650936,-0.1437000000000001,-1.4882762874580184,-0.1747,-2.001816489309027,-0.3567000000000001,-2.4983801555616547,-0.3846999999999999,-3.000602667013743,-0.4077,-3.5169722914644814,-0.4146999999999999,-3.9979741334185936,-0.4186999999999999,-4.559614519465013,-0.4206999999999999,-4.965636662526279,-0.4226999999999999,-5.585280211867165,-0.4237000000000001,-5.958763995031535,-0.4246999999999999,-6.404398054489021,-0.4257000000000001,-6.9434030597376,-0.4266999999999999,-7.598414391575112,-0.4277000000000001,-8.393482142099263,-0.4277000000000001,-8.393482142099263,-0.4286999999999999,-9.344168135608566,-0.4286999999999999,-9.344168135608566,-0.4286999999999999,-9.344168135608566,-0.4407,-19.890840876102416,-0.4687,-30.161644913122583,-0.4916999999999999,-40.03632978618054,-0.5167,-50.0807800152223
exp723,-1400mV,-0.0487000000000001,0.4459170017174596,-0.0527000000000001,-1.099938035645066,-0.0537,-1.4939351326574788,-0.0547000000000001,-1.8688336271217136,-0.0567000000000001,-2.536577360658011,-0.0427000000000001,3.0727529433068597,-0.0417,3.557998919160567,-0.0407000000000001,4.034756627215084,-0.0397,4.495952510971087,-0.0387000000000001,4.996760311123309,-0.0657,-5.476347441777556,-0.0677000000000001,-6.023840714825327,-0.0357,6.5840663895718805,-0.0707000000000002,-6.888229319042864,-0.0727000000000002,-7.427234324291442,-0.0747000000000002,-7.983215865138402,-0.0767000000000002,-8.46846184099211,-0.0787000000000002,-9.000393289741364,-0.0807000000000002,-9.488468688194802,-0.0827000000000002,-9.962396973649588,-0.0167000000000001,20.00401778009162,-0.1737000000000002,-29.90699687914687,-0.2077000000000001,-39.88071154319538,-0.2347,-50.1939569192115
exp724,-1500mV,-0.0737000000000001,-0.521321114000266,-0.0757000000000001,-0.9421977257101144,-0.0777000000000001,-1.420370145064497,-0.0597,2.0753814769020087,-0.0837000000000001,-2.506868423360845,-0.0847000000000002,-3.0515322738088844,-0.0887000000000002,-3.6103432372555737,-0.0917000000000001,-4.121054016506851,-0.0557,4.520002603068792,-0.0437,5.0420310727189905,-0.0977000000000001,-5.469273885278232,-0.0517,6.011108313126541,-0.1037000000000001,-6.489280732480923,-0.1057000000000001,-7.217857051911418,-0.1137000000000001,-7.53899651698078,-0.1157000000000001,-7.945018660042045,-0.0377,8.554759230283878,-0.1167,-8.963610795944874,-0.1127,-9.46583330739696,-0.0347000000000001,10.04445022904176,-0.0217,20.03231200608892,-0.1907000000000001,-29.96358533114148,-0.2796999999999999,-39.86656443019674,-0.3646999999999999,-50.010044450229046
exp725,-1800mV,-0.4387,-0.4957148394727089,-0.4727,-0.9996350044846348,-0.4896999999999999,-1.501008689156804,-0.5016999999999999,-2.0187930249074073,-0.5096999999999999,-2.475744774763814,-0.5176999999999999,-3.0232380478115832,-0.5236999999999999,-3.5268752705635364,-0.5287000000000001,-3.992315288219133,-0.5337,-4.521417314368658,-0.5377,-4.9840279094245235,-0.5417,-5.504641667774858,-0.5457,-6.069111476421008,-0.5487000000000001,-6.521819092377819,-0.5517,-7.019797469930312,-0.5547000000000001,-7.53050824918159,-0.5577,-8.082245656128954,-0.5597,-8.467047129692245,-0.5627000000000001,-9.045664051337043,-0.5647000000000001,-9.484224554295206,-0.5667000000000001,-9.910052655554582,-0.6007000000000001,-19.919135102099716,-0.6246999999999999,-30.161644913122583,-0.6437,-39.73924041320888,-0.6617000000000001,-50.22225114520881
exp726,-1400mV,-0.0067000000000001,-0.5694212981956773,-0.0077,-0.8520806159087115,-0.0097,-1.426028990263957,-0.0127000000000001,-2.054160807404033,-0.0147000000000001,-2.4842330425630044,-0.0177,-2.963820173217252,-0.0217,-3.539607672262322,-0.0247000000000001,-3.969679907421293,0.0042999999999999,4.487464243171897,-0.0347000000000001,-5.034957516219666,-0.0397,-5.506056379074723,-0.0457,-6.001205334027486,-0.2987000000000001,-6.487866021181058,-0.2447,-7.007065068231526,-0.3137,-7.526264115281995,-0.0707000000000002,-7.993118844237457,-0.0777000000000001,-8.484023665290625,-0.0847000000000002,-9.007466846240687,-0.0927000000000002,-9.508274646392913,-0.1007000000000002,-10.020400136944057,-0.3477,-20.30110715306328,-0.3567000000000001,-30.58605830308209,-0.3626999999999999,-39.55532794422642,-0.3686999999999999,-50.1939569192115
exp727,-1500mV,-0.0207000000000001,0.5102863658613187,-0.0257,-0.8989075599342444,-0.0177,1.499593977856939,-0.0307000000000001,-2.0895285899006595,-0.0327000000000001,-2.4828183312631396,-0.0137,3.0076762235130676,-0.0377,-3.4660426846693397,-0.0407000000000001,-4.033341915915219,-0.0437,-4.522832025668523,-0.0467000000000001,-5.026469248420476,-0.0497,-5.535765316371888,-0.0527000000000001,-5.927640346434504,-0.0567000000000001,-6.560016297474175,-0.0057,7.015553336030716,-0.0627000000000002,-7.418746056492251,-0.0667000000000002,-8.052536718831789,-0.0707000000000002,-8.50241491218887,-0.0727000000000002,-8.986246176742714,-0.0017,9.519592336791831,-0.0797000000000001,-9.977958797948103,-0.1417000000000001,-20.01816489309027,-0.3897,-30.13335068712528,-0.4046999999999999,-39.71094618721158,-0.4146999999999999,-50.29298671020206
exp728,-1400mV,-0.0407000000000001,0.5960178706331399,-0.0427000000000001,-0.7645099864470658,-0.0437,-1.4557379275611226,-0.0387000000000001,2.0654784978029537,-0.0457,-2.7473693443379013,-0.0377,2.846399135328454,-0.0367000000000001,3.607513814655843,-0.0477,-3.9597769283222375,-0.0487000000000001,-4.580835188962989,-0.0497,-5.196234604404279,-0.0507000000000001,-5.756460279150835,-0.0337,6.053549652122491,-0.0517,-6.296879995699278,-0.0327000000000001,6.919352967639894,-0.0537,-7.369231160996977,-0.0547000000000001,-7.92096856794434,-0.0557,-8.447241171494134,-0.0567000000000001,-8.93531656994757,-0.0297,9.587498479185356,-0.0587000000000001,-9.911467366854446,-0.0837000000000001,-20.01816489309027,-0.1147,-30.06261512213203,-0.1467,-40.05047689917919,-0.1787,-49.88272043324119
exp729,-1900mV,-0.4797000000000001,-0.4975539641625333,-0.5116999999999999,-0.9999179467446078,-0.5317,-1.5038381117565338,-0.5467000000000001,-1.9989870667092968,-0.5587000000000001,-2.4842330425630044,-0.5697,-2.999187955713878,-0.5787000000000001,-3.4801897976679905,-0.5877,-4.01070653511738,-0.5947000000000001,-4.466243573673921,-0.6027000000000001,-5.032128093619936,-0.6087000000000001,-5.487665132176478,-0.6146999999999999,-5.970081685430455,-0.6206999999999999,-6.4793777533818675,-0.6266999999999999,-7.032529871629097,-0.6317,-7.516361136182939,-0.6366999999999999,-8.019998358934892,-0.6417,-8.546270962484687,-0.6457,-8.990490310642308,-0.6497,-9.444612637898985,-0.6547,-10.045864940341623,-0.7167,-20.03231200608892,-0.7576999999999999,-29.892849766148224,-0.7897,-39.92315288219133,-0.8167000000000001,-49.98175022423175
exp730,-1700mV,-0.3637,-0.4984027909424524,-0.3897,-0.9918540923353774,-0.4046999999999999,-1.512326379555724,-0.4146999999999999,-2.0187930249074073,-0.4217000000000001,-2.475744774763814,-0.4286999999999999,-3.041629294709829,-0.4337000000000001,-3.507069312365426,-0.4387,-4.037586049814815,-0.4427,-4.493123088371357,-0.4467,-5.01939569192115,-0.4507,-5.5598154084695945,-0.4537000000000001,-6.015352447026135,-0.4567,-6.494939577680383,-0.4597000000000001,-6.953306038836654,-0.4627,-7.4824080649861795,-0.4657000000000001,-8.051122007531923,-0.4677000000000001,-8.427435213296024,-0.4707,-9.030102227038528,-0.4727,-9.438953792699524,-0.4757000000000001,-10.04445022904176,-0.5127,-19.93328221509837,-0.5477,-29.822114201154974,-0.5817,-40.00803556018324,-0.6117,-49.89686754623985
exp731,-1600mV,-0.2867,-0.5001004445022904,-0.3357,-1.0081232722838251,-0.3537,-1.4953498439573436,-0.3657,-2.0159636023076772,-0.3737,-2.4842330425630044,-0.3806999999999999,-3.009090934812933,-0.3866999999999999,-3.545266517461782,-0.3906999999999999,-3.971094618721158,-0.3946999999999999,-4.443608192876081,-0.3986999999999999,-4.972710219025604,-0.4026999999999999,-5.5668889649689195,-0.4057,-6.074770321620467,-0.4077,-6.422789301387266,-0.4106999999999999,-7.014138624730852,-0.4126999999999999,-7.411672499992927,-0.4157,-8.090733923928145,-0.4177,-8.556173941583742,-0.4197000000000001,-9.062640586935425,-0.4217000000000001,-9.581839633985894,-0.4237000000000001,-10.134991752233123,-0.4497000000000001,-20.159636023076775,-0.4677000000000001,-30.303116043109085,-0.4817000000000001,-39.96559422118728,-0.4947,-49.967603111233096
exp732,-1700mV,-0.3886999999999999,-0.504203107271899,-0.4166999999999999,-0.9881758429557282,-0.4317000000000001,-1.4797880196588282,-0.4427,-2.0258665814067327,-0.4497000000000001,-2.4884771764625997,-0.4557000000000001,-2.972308441016442,-0.4617000000000001,-3.550925362661242,-0.4657000000000001,-3.9909005769192687,-0.4697000000000001,-4.487464243171897,-0.4737000000000001,-5.039201650119261,-0.4767,-5.487665132176478,-0.4797000000000001,-5.97149639673032,-0.4827,-6.489280732480923,-0.4857000000000001,-7.045262273327882,-0.4876999999999999,-7.439966725990228,-0.4907,-8.056780852731386,-0.4927,-8.495341355689545,-0.4947,-8.953707816845819,-0.4967,-9.42622139100074,-0.4987,-9.914296789454175,-0.5297,-20.01816489309027,-0.5517,-30.04846800913338,-0.5697,-39.86656443019674,-0.5857,-49.75539641625335
exp733,-1500mV,0.0112999999999998,-0.4776065348344364,-0.0487000000000001,-1.0000594178745943,-0.2077000000000001,-1.4953498439573436,-0.2277000000000001,-1.9848399537106465,-0.2396999999999999,-2.4842330425630044,-0.2496999999999999,-3.031726315610774,-0.2567,-3.499995755866101,-0.2627,-4.002218267318188,-0.2676999999999999,-4.488878954471762,-0.2727,-5.044860495318721,-0.2756999999999999,-5.449467927080121,-0.2796999999999999,-5.98281408712924,-0.2836999999999999,-6.574163410472826,-0.2867,-7.048091695927613,-0.2887,-7.391866541794816,-0.2916999999999999,-7.939359814842586,-0.2947000000000001,-8.566076920682798,-0.2967000000000001,-8.939560703847167,-0.2996999999999999,-9.604475014783732,-0.3016999999999999,-10.062841475940006,-0.3327000000000001,-19.97572355409432,-0.3547000000000001,-30.00602667013743,-0.3726999999999999,-39.79582886520348,-0.3886999999999999,-49.72710219025603
exp734,-1700mV,-0.3367000000000001,-0.4982613198124658,-0.3886999999999999,-1.0020400136944054,-0.4086999999999999,-1.510911668255859,-0.4206999999999999,-2.017378313607542,-0.4297000000000001,-2.5309185154585507,-0.4357000000000001,-2.9878702653149576,-0.4417000000000001,-3.5495106513613774,-0.4457000000000001,-3.9979741334185936,-0.4497000000000001,-4.503026067470412,-0.4537000000000001,-5.053348763117911,-0.4567,-5.508885801674452,-0.4597000000000001,-5.970081685430455,-0.4627,-6.431277569186457,-0.4657000000000001,-6.9646237292355755,-0.4687,-7.438552014690363,-0.4717000000000001,-7.993118844237457,-0.4747,-8.537782694685495,-0.4767,-8.926828302148381,-0.4797000000000001,-9.530910027190751,-0.4817000000000001,-9.936932170252016,-0.5167,-20.14548891007812,-0.5387000000000001,-29.921143992145527,-0.5577,-40.10706535117379,-0.5737,-50.23639825820745
exp735,-1700mV,-0.3626999999999999,-0.4992516177223714,-0.3946999999999999,-1.0085476856737847,-0.4117,-1.502423400456669,-0.4246999999999999,-2.017378313607542,-0.4337000000000001,-2.4799889086634095,-0.4427,-3.031726315610774,-0.4497000000000001,-3.5240458479638064,-0.4557000000000001,-4.0050476899179195,-0.4617000000000001,-4.541223272566767,-0.4667,-5.032128093619936,-0.4707,-5.466444462678503,-0.4757000000000001,-6.026670137425056,-0.4797000000000001,-6.510501401978899,-0.4837000000000001,-7.0367740055286925,-0.4867,-7.435722592090633,-0.4907,-8.03273076063368,-0.4936999999999999,-8.48543837659049,-0.4967,-8.967854929844465,-0.4996999999999999,-9.508274646392913,-0.5027,-10.037376672542434,-0.5447000000000001,-20.00401778009162,-0.5737,-30.06261512213203,-0.5967000000000001,-39.95144710818864,-0.6166999999999999,-49.925161772237146
exp736,-1400mV,0.0002999999999999,-0.3651369864951659,-0.0017,-0.9051322896536504,0.0052999999999998,1.580232521949246,-0.1517000000000001,-2.007475334508487,-0.1137000000000001,-2.4983801555616547,-0.0147000000000001,-3.003432089613473,-0.0227000000000001,-3.519801714064211,0.0092999999999998,4.01636538031684,-0.2876999999999999,-4.4393640589764845,-0.2927,-5.070325298716291,-0.2956999999999999,-5.523032914673103,-0.2987000000000001,-6.098820413718173,-0.3007000000000001,-6.502013134179709,-0.3027000000000001,-6.994332666532741,-0.3047000000000001,-7.560217186478756,-0.3056999999999999,-7.847403580351358,-0.3077,-8.540612117285226,-0.3087000000000001,-8.940975415147031,-0.3097,-9.348412269508165,-0.3107000000000001,-9.779899215967,-0.3257,-20.371842718056527,-0.3347000000000001,-30.10505646112798,-0.3427000000000001,-40.5880671931279,-0.3497,-50.1656626932142
exp737,-1500mV,0.0062999999999999,-0.4944415993028303,-0.2157000000000001,-0.9955323417150264,-0.2467,-1.498179266557074,-0.2627,-1.9975723554094316,-0.2747,-2.504039000761115,-0.2827,-2.997773244414013,-0.2896999999999999,-3.473116241168665,-0.2956999999999999,-3.965435773521698,-0.3007000000000001,-4.45209646067527,-0.3056999999999999,-5.01090742412196,-0.3097,-5.4622003287789065,-0.3137,-6.053549652122491,-0.3167000000000001,-6.504842556779439,-0.3207000000000001,-7.070727076725453,-0.3227000000000001,-7.448454993789417,-0.3257,-7.963409906940291,-0.3287000000000001,-8.533538560785903,-0.3307000000000001,-8.926828302148381,-0.3337,-9.610133859983192,-0.3357,-10.01615600304446,-0.3677,-20.17378313607542,-0.3886999999999999,-29.864555540150924,-0.4066999999999999,-40.02218267318189,-0.4217000000000001,-49.86857332024254
exp738,-1700mV,-0.3677,-0.5019395691921149,-0.4066999999999999,-0.9992105910946756,-0.4286999999999999,-1.512326379555724,-0.4437000000000001,-1.9975723554094316,-0.4557000000000001,-2.4898918877624645,-0.4657000000000001,-3.004846800913338,-0.4737000000000001,-3.505654601065561,-0.4807,-3.988071154319539,-0.4867,-4.466243573673921,-0.4927,-5.002419156322769,-0.4976999999999999,-5.496153399975667,-0.5027,-6.033743693924381,-0.5067,-6.490695443780789,-0.5107,-6.994332666532741,-0.5147,-7.534752383081187,-0.5176999999999999,-7.95775106174083,-0.5216999999999999,-8.559003364183472,-0.5247,-9.048493473936777,-0.5277,-9.549301274088998,-0.5307000000000001,-10.078403300238522,-0.5717,-20.117194684080825,-0.5997,-30.09090934812933,-0.6217,-39.97974133418594,-0.6417,-49.8261319812466
exp739,-1600mV,-0.2167,-0.4999589733723039,-0.3016999999999999,-0.9942591015451476,-0.3267000000000001,-1.4953498439573436,-0.3427000000000001,-2.014548891007812,-0.3537,-2.485647753862869,-0.3637,-3.0076762235130676,-0.3717,-3.492922199366775,-0.3786999999999999,-4.03617133851495,-0.3846999999999999,-4.5369791386671725,-0.3897,-5.003833867622634,-0.3946999999999999,-5.537180027671754,-0.3986999999999999,-6.006864179226946,-0.4026999999999999,-6.490695443780789,-0.4066999999999999,-7.007065068231526,-0.4097,-7.452699127689013,-0.4137,-8.07800152222936,-0.4166999999999999,-8.536367983385631,-0.4197000000000001,-9.06405529823529,-0.4217000000000001,-9.417733123201549,-0.4246999999999999,-9.98786177704716,-0.4617000000000001,-20.046459119087572,-0.4847,-29.991879557138777,-0.5027,-40.092918238175145,-0.5176999999999999,-49.925161772237146
exp740,-1600mV,-0.0877000000000001,-0.5449467927080122,-0.0727000000000002,1.0030303116043109,-0.0987000000000002,-1.512326379555724,-0.0647000000000002,1.9919135102099716,-0.1117000000000001,-2.512527268560305,-0.0577,3.0189939139119883,-0.0547000000000001,3.4801897976679905,-0.1327,-3.992315288219133,-0.1397000000000001,-4.503026067470412,-0.0467000000000001,4.9896867546239845,-0.1547,-5.493323977375938,-0.0417,6.023840714825327,-0.0397,6.472304196882543,-0.1757000000000002,-6.988673821333281,-0.0357,7.520605270082535,-0.1877000000000002,-7.953506927841237,-0.1926999999999999,-8.464217707092514,-0.1977000000000001,-8.959366662045278,-0.2027,-9.537983583690076,-0.2067,-9.99352062224662,-0.2587,-20.08890045808352,-0.2887,-29.822114201154974,-0.3577,-40.00803556018324,-0.4617000000000001,-49.78369064225064
exp741,-1600mV,-0.3127000000000001,-0.5015151558021554,-0.3697,-0.9985032354447428,-0.3937,-1.4826174422585583,-0.4077,-1.9876693763103763,-0.4166999999999999,-2.5210155363594953,-0.4226999999999999,-3.031726315610774,-0.4266999999999999,-3.505654601065561,-0.4297000000000001,-3.956947505722508,-0.4327,-4.500196644870682,-0.4347,-4.951489549527628,-0.4367,-5.450882638379986,-0.4387,-6.01393773572627,-0.4407,-6.647728398065807,-0.4417000000000001,-6.968867863135171,-0.4437000000000001,-7.671979379168095,-0.4447,-8.052536718831789,-0.4457000000000001,-8.433094058495483,-0.4467,-8.815066109459044,-0.4487,-9.594572035684678,-0.4497000000000001,-9.992105910946751,-0.4787,-20.01816489309027,-0.5036999999999999,-30.02017378313608,-0.5236999999999999,-40.05047689917919,-0.5407000000000001,-50.179809806212845
exp742,-1500mV,0.0052999999999998,-0.5080228277815346,-0.2987000000000001,-0.9941176304151612,-0.3267000000000001,-1.4868615761581534,-0.3417,-1.9834252424107812,-0.3517,-2.478574197363544,-0.3597,-3.021823336511718,-0.3657,-3.5212164253640763,-0.3706999999999999,-4.043244895014275,-0.3746999999999999,-4.555370385565419,-0.3777,-4.9840279094245235,-0.3806999999999999,-5.433906102781606,-0.3837,-5.989887643628566,-0.3866999999999999,-6.5515280296749845,-0.3886999999999999,-7.005650356931662,-0.3906999999999999,-7.444210859889823,-0.3926999999999999,-7.95775106174083,-0.3946999999999999,-8.47977953139103,-0.3966999999999999,-9.037175783537856,-0.3977,-9.352656403407758,-0.3997,-9.975129375348374,-0.4226999999999999,-20.21622447507137,-0.4377000000000001,-30.00602667013743,-0.4497000000000001,-39.640210622218326,-0.4607,-49.9958973372304
exp743,-1500mV,-0.0247000000000001,-0.5160866821907654,0.0002999999999999,1.0006253023945404,-0.1757000000000002,-1.502423400456669,-0.2207,-2.004645911908757,-0.2416999999999999,-2.506868423360845,-0.2536999999999999,-2.990699687914687,-0.2636999999999999,-3.4943369106666404,-0.2716999999999999,-3.975338752620753,-0.2776999999999999,-4.450681749375406,-0.2836999999999999,-5.020810403221016,-0.2887,-5.545668295470944,-0.2927,-5.998375911427756,-0.2967000000000001,-6.499183711579978,-0.2996999999999999,-6.9646237292355755,-0.3036999999999999,-7.565876031678216,-0.3067000000000001,-8.034145471933543,-0.3087000000000001,-8.421776368096562,-0.3117,-8.932487147347842,-0.3147000000000001,-9.566277809687378,-0.3167000000000001,-9.948249860650938,-0.3517,-19.834252424107817,-0.3766999999999999,-29.90699687914687,-0.3977,-40.26268359415894,-0.4146999999999999,-50.1373684672169
exp744,-1700mV,-0.4037,-0.501656626932142,-0.4327,-0.9928443902452826,-0.4497000000000001,-1.5165705134553191,-0.4607,-1.9904987989101068,-0.4697000000000001,-2.4898918877624645,-0.4777000000000001,-3.0274821817111786,-0.4837000000000001,-3.505654601065561,-0.4896999999999999,-4.0446596063141405,-0.4947,-4.548296829066093,-0.4987,-4.9896867546239845,-0.5027,-5.465029751378637,-0.5067,-5.978569953229646,-0.5107,-6.537380916676335,-0.5136999999999999,-6.983014976133821,-0.5167,-7.444210859889823,-0.5196999999999999,-7.942189237442316,-0.5227,-8.444411748894403,-0.5257,-8.989075599342444,-0.5287000000000001,-9.553545407988592,-0.5307000000000001,-9.942591015451477,-0.5697,-20.046459119087572,-0.5967000000000001,-30.13335068712528,-0.6177,-40.07877112517649,-0.6357,-49.85442620724389
exp745,-1400mV,-0.0867000000000002,-0.4988272043324118,-0.1317000000000001,-0.9990691199646888,-0.1527,-1.501008689156804,-0.1667,-1.9749369746115912,-0.1777000000000002,-2.539406783257741,-0.1857000000000002,-3.004846800913338,-0.1917000000000001,-3.45472499427042,-0.1977000000000001,-3.985241731719809,-0.2027,-4.473317130173245,-0.2077000000000001,-5.0222251145208805,-0.2117000000000001,-5.474932730477692,-0.2157000000000001,-6.009693601826676,-0.2187,-6.463815929083352,-0.2227,-7.067897654125724,-0.2257000000000001,-7.52767882658186,-0.2277000000000001,-7.90682145494569,-0.2307,-8.411873388997508,-0.2337000000000001,-9.034346360938123,-0.2357000000000001,-9.392268319803978,-0.2387,-10.08689156803771,-0.2716999999999999,-19.961576441095666,-0.2927,-29.72308441016442,-0.3097,-39.75338752620753,-0.3237,-49.62807239926549
exp746,-1800mV,-0.4217000000000001,-0.4996760311123309,-0.4547,-0.9966641107549185,-0.4737000000000001,-1.499593977856939,-0.4867,-1.9791811085111863,-0.4976999999999999,-2.4898918877624645,-0.5067,-2.9878702653149576,-0.5147,-3.492922199366775,-0.5216999999999999,-3.988071154319539,-0.5287000000000001,-4.520002603068792,-0.5347000000000001,-5.0052485789225,-0.5407000000000001,-5.524447625972968,-0.5457,-5.989887643628566,-0.5507000000000001,-6.475133619482273,-0.5557,-6.998576800432337,-0.5597,-7.4427961485899585,-0.5647000000000001,-8.036974894533273,-0.5687000000000001,-8.549100385084417,-0.5717,-8.948048971646358,-0.5757,-9.501201089893586,-0.5787000000000001,-9.931273325052558,-0.6277,-20.117194684080825,-0.6587,-30.09090934812933,-0.6817000000000001,-40.02218267318189,-0.7007,-50.26469248420475
exp747,-1400mV,0.0022999999999999,-0.6476548330782137,0.0012999999999998,-1.0211386162425835,0.0062999999999999,1.4797880196588282,-0.0017,-2.0272812927065975,-0.0037,-2.485647753862869,0.0082999999999999,3.0175792026121235,-0.1787,-3.5608283417602973,0.0092999999999998,3.995144710818863,-0.2376999999999999,-4.494537799671222,-0.2487,-4.998175022423175,-0.2556999999999999,-5.510300512974317,-0.2607,-5.968666974130589,-0.2656999999999999,-6.527477937577279,-0.2696999999999999,-7.063653520226129,-0.2716999999999999,-7.445625571189688,-0.2747,-7.966239329540022,-0.2767,-8.469876552291973,-0.2787,-8.908437055250136,-0.2807,-9.492712822094395,-0.2827,-10.0953798358369,-0.2987000000000001,-20.315254266061928,-0.3056999999999999,-29.652348845171172,-0.3117,-40.559772967130606,,
exp748,-1700mV,-0.3637,-0.4974124930325468,-0.3926999999999999,-0.9891661408656336,-0.4086999999999999,-1.4840321535584236,-0.4197000000000001,-1.9919135102099716,-0.4277000000000001,-2.4927213103621946,-0.4347,-3.024652759111448,-0.4397000000000001,-3.4632132620696097,-0.4447,-3.962606350921967,-0.4497000000000001,-4.551126251665823,-0.4527,-4.943001281728439,-0.4567,-5.504641667774858,-0.4597000000000001,-5.961593417631265,-0.4627,-6.449668816084703,-0.4657000000000001,-6.947647193637194,-0.4687,-7.500799311884425,-0.4717000000000001,-8.073757388329765,-0.4737000000000001,-8.478364820091164,-0.4757000000000001,-8.894289942251486,-0.4787,-9.525251181991292,-0.4807,-9.975129375348374,-0.5147,-19.93328221509837,-0.5407000000000001,-29.90699687914687,-0.5637,-40.135359577171094,-0.5847000000000001,-49.95345599823444
exp749,-1700mV,-0.4086999999999999,-0.5046275206618586,-0.4186999999999999,-0.9438953792699524,-0.4226999999999999,-1.5901355010483011,-0.4246999999999999,-1.9862546650105113,-0.4357000000000001,-2.5139419798601703,-0.4437000000000001,-2.997773244414013,-0.4517000000000001,-3.4745309524685304,-0.4587,-3.9979741334185936,-0.4667,-4.528490870867983,-0.4727,-4.979783775524929,-0.4787,-5.552741851970269,-0.4827,-5.975740530629915,-0.4876999999999999,-6.462401217783487,-0.4907,-7.069312365425588,-0.4947,-7.540411228280647,-0.4987,-8.028486626734082,-0.5016999999999999,-8.450070594093864,-0.5047,-8.95795195074541,-0.5087,-9.546471851489269,-0.5107,-9.901564387755393,-0.5537,-20.08890045808352,-0.5807000000000001,-30.17579202612123,-0.6007000000000001,-40.163653803168394,-0.6197,-50.1373684672169
exp750,-1500mV,-0.0227000000000001,-0.5947446304632614,-0.0247000000000001,-1.0143480020032312,-0.0147000000000001,1.5307176264539697,-0.0297,-1.9735222633117264,-0.0327000000000001,-2.515356691160035,-0.0357,-2.9694790184167124,-0.0387000000000001,-3.45472499427042,-0.0427000000000001,-4.0050476899179195,-0.0467000000000001,-4.511514335269602,-0.0507000000000001,-5.027883959720341,-0.0047000000000001,5.5003975338752635,-0.0037,5.98281408712924,-0.0627000000000002,-6.4864513098811925,-0.0677000000000001,-7.055165252426939,-0.0717000000000001,-7.459772684188338,-0.0767000000000002,-8.028486626734082,-0.0807000000000002,-8.496756066989409,-0.0857000000000001,-9.042834628737316,-0.0897000000000001,-9.516762914192102,-0.0937000000000001,-9.960982262349724,-0.1647,-19.98987066709297,-0.3937,-30.00602667013743,-0.4327,-39.696799074212926,-0.4417000000000001,-49.35927725229113
exp751,-1500mV,0.0102999999999999,-0.8161469488921397,0.0102999999999999,-0.8161469488921397,0.0092999999999998,-1.4585673501608527,0.0082999999999999,-1.8985425644188791,0.0062999999999999,-2.5252596702590906,0.0032999999999998,-2.945428926319006,-0.0077,-3.519801714064211,-0.1937000000000001,-3.999388844718459,-0.2137000000000001,-4.487464243171897,-0.2257000000000001,-4.9840279094245235,-0.2357000000000001,-5.556985985869864,-0.2416999999999999,-5.961593417631265,-0.2476999999999999,-6.526063226277413,-0.2527,-7.005650356931662,-0.2567,-7.451284416389148,-0.2607,-8.031316049333814,-0.2636999999999999,-8.458558861893053,-0.2667,-8.948048971646358,-0.2696999999999999,-9.45734503959777,-0.2727,-9.934102747652288,-0.3077,-19.947429328097016,-0.3287000000000001,-29.878702653149578,-0.3457,-39.90900576919269,-0.3597,-49.93930888523579
exp752,-1400mV,-0.0507000000000001,-0.4338919556686068,-0.0487000000000001,0.965398991027901,-0.0477,1.73302134233467,-0.0527000000000001,-1.9112749661176645,-0.0467000000000001,2.552139184956526,-0.0547000000000001,-3.243933010590529,-0.0457,3.3655981823789225,-0.0447000000000001,4.132371706905772,-0.0567000000000001,-4.534149716067443,-0.0437,4.924610034830192,-0.0427000000000001,5.764948546950024,-0.0587000000000001,-5.8752960283394975,-0.0597,-6.480792464681733,-0.0607000000000002,-7.084874189724104,-0.0407000000000001,7.430063746891172,-0.0397,8.216643229616132,-0.0627000000000002,-8.365187916101961,-0.0387000000000001,9.037175783537856,-0.0647000000000002,-9.519592336791831,-0.0377,9.972299952748642,-0.0847000000000002,-19.961576441095666,-0.1057000000000001,-29.949438218142824,-0.0107000000000001,40.191948029165694,-0.1597000000000001,-49.95345599823444
exp753,-1400mV,-0.0227000000000001,-0.4181886602401048,-0.0247000000000001,-1.1648732843088712,-0.0257,-1.4826174422585583,-0.0167000000000001,2.113578681998365,-0.0287000000000001,-2.5705304318547717,-0.0147000000000001,2.9935291105144173,-0.0137,3.4801897976679905,-0.0127000000000001,4.014950669016974,-0.0117,4.580835188962989,-0.0367000000000001,-4.9571483947270885,-0.0387000000000001,-5.5838655005673,-0.0407000000000001,-6.060623208621817,-0.0427000000000001,-6.616604749468776,-0.0077,6.954720750136521,-0.0457,-7.3975253869942765,-0.0477,-7.93228625834326,-0.0497,-8.428849924595887,-0.0047000000000001,8.976343197643658,-0.0537,-9.403586010202895,-0.0567000000000001,-10.01332658044473,-0.1167,-20.01816489309027,0.0112999999999998,30.04846800913338,-0.3307000000000001,-39.82412309120078,-0.3417,-50.30713382320071
exp754,-1500mV,-0.0257,-0.4981198486824793,-0.0307000000000001,-0.9731799031771587,-0.0097,1.501008689156804,-0.0437,-2.0103047571082175,-0.0497,-2.4884771764625997,-0.0577,-3.0204086252118536,-0.0647000000000002,-3.5212164253640763,-0.0727000000000002,-3.995144710818863,-0.0807000000000002,-4.510099623969737,-0.0897000000000001,-4.996760311123309,-0.0997000000000001,-5.506056379074723,-0.1107000000000002,-6.009693601826676,-0.1237000000000001,-6.482207175981599,-0.1397000000000001,-7.011309202131122,-0.1617000000000001,-7.503628734484154,-0.1897000000000002,-7.997362978137053,-0.2237000000000001,-8.50241491218887,-0.2556999999999999,-8.998978578441498,-0.2956999999999999,-9.487053976894938,-0.3237,-10.004838312645536,-0.3706999999999999,-19.791811085111863,-0.3906999999999999,-29.977732444140123,-0.4057,-39.89485865619403,-0.4186999999999999,-50.34957516219666
exp755,-1500mV,-0.0077,-0.4884998118433972,-0.1187,-0.9960982262349724,-0.0607000000000002,-1.501008689156804,0.0102999999999999,2.004645911908757,-0.2996999999999999,-2.4814036199632743,-0.3036999999999999,-2.941184792419411,0.0132999999999998,3.4943369106666404,-0.3097,-3.964021062221832,-0.3117,-4.45209646067527,-0.3137,-5.0745694326158866,-0.3147000000000001,-5.397123608985115,-0.3167000000000001,-6.158238288312504,-0.3177,-6.603872347769991,-0.3187000000000001,-7.067897654125724,-0.3197,-7.53616709438105,-0.3207000000000001,-8.027071915434218,-0.3217,-8.566076920682798,-0.3227000000000001,-9.12347317282962,-0.3237,-9.679454713676584,-0.3247000000000001,-10.239680388423135,-0.3397,-19.890840876102416,-0.3527000000000001,-29.567466167179266,-0.3657,-40.135359577171094,-0.3777,-50.2505453712061
exp756,-1400mV,0.0112999999999998,-0.5856904781441251,0.0122999999999999,0.6964623729235576,0.0102999999999999,-1.366752586799612,0.0092999999999998,-1.8688336271217136,0.0062999999999999,-2.433303435767863,-0.0047000000000001,-3.0204086252118536,-0.1357000000000001,-3.4971663332663705,-0.1747,-4.002218267318188,-0.1907000000000001,-4.515758469169198,-0.2017000000000001,-5.01090742412196,-0.2097000000000001,-5.523032914673103,-0.2147,-5.937543325533559,-0.2207,-6.504842556779439,-0.2257000000000001,-7.053750541127073,-0.2297000000000001,-7.523434692682265,-0.2337000000000001,-8.059610275331114,-0.2367,-8.533538560785903,-0.2396999999999999,-9.056981741735964,-0.2427,-9.571936654886835,-0.2447,-10.006253023945405,-0.2776999999999999,-20.202077362072725,-0.2967000000000001,-30.13335068712528,-0.3107000000000001,-39.61191639622103,-0.3237,-49.8261319812466
exp757,-1400mV,-0.0217,0.5298093817994564,-0.0237,-0.7980386442538671,-0.0247000000000001,-1.4868615761581534,-0.0197,1.9565457277133456,-0.0267000000000001,-2.7105868505414104,-0.0187000000000001,2.743125210438306,-0.0177,3.532534115762996,-0.0287000000000001,-3.838111756533844,-0.0297,-4.44077877027635,-0.0307000000000001,-5.00807800152223,-0.0317,-5.479176864377286,-0.0147000000000001,6.001205334027486,-0.0337,-6.456742372584028,-0.0137,6.970282574435036,-0.0357,-7.447040282489553,-0.0367000000000001,-7.862965404649874,-0.0387000000000001,-8.662277289073618,-0.0397,-9.082446545133534,-0.0407000000000001,-9.502615801193452,-0.0417,-9.871855450458227,-0.0987000000000002,-20.00401778009162,0.0052999999999998,30.00602667013743,-0.2247,-39.82412309120078,-0.2556999999999999,-50.094927128220945
exp758,-1400mV,0.0062999999999999,0.5191990470504685,-0.0097,-0.9869026027858494,-0.0467000000000001,-1.499593977856939,-0.2057000000000001,-2.007475334508487,-0.2267,-2.506868423360845,-0.2407,-3.031726315610774,-0.2487,-3.473116241168665,-0.2556999999999999,-4.03617133851495,-0.2596999999999999,-4.4124845442790495,-0.2636999999999999,-4.950074838227763,-0.2667,-5.460785617479042,-0.2696999999999999,-6.070526187720873,-0.2716999999999999,-6.601042925170261,-0.2727,-6.869838072144618,-0.2747,-7.4937257553851,-0.2756999999999999,-7.929456835743531,-0.2767,-8.35387022570304,-0.2776999999999999,-8.841945624156478,-0.2787,-9.378121206805329,-0.2796999999999999,-9.96522639624932,-0.2876999999999999,-20.01816489309027,-0.2927,-30.288968930110435,-0.2987000000000001,-40.163653803168394,-0.3067000000000001,-50.3637222751953
exp759,-1800mV,-0.5087,-0.5005248578922499,-0.5347000000000001,-1.0006253023945404,-0.5507000000000001,-1.512326379555724,-0.5617,-2.0004017780091616,-0.5707000000000001,-2.509697845960575,-0.5777,-2.9921143992145525,-0.5837,-3.473116241168665,-0.5897,-4.0220242255163,-0.5947000000000001,-4.541223272566767,-0.5987000000000001,-5.003833867622634,-0.6027000000000001,-5.5018122451751275,-0.6067000000000001,-6.0464760956231665,-0.6097,-6.489280732480923,-0.6126999999999999,-6.960379595335981,-0.6157,-7.458357972888473,-0.6186999999999999,-7.995948266837187,-0.6217,-8.544856251184823,-0.6237,-8.950878394246088,-0.6266999999999999,-9.58042492268603,-0.6286999999999999,-10.023229559543786,-0.6617000000000001,-20.13134179707947,-0.6817000000000001,-29.73723152316307,-0.6977000000000001,-39.92315288219133,-0.7107,-49.967603111233096
exp760,-1600mV,-0.3016999999999999,-0.4941586570428573,-0.3407000000000001,-0.9986447065747294,-0.3587000000000001,-1.5165705134553191,-0.3686999999999999,-1.9919135102099716,-0.3766999999999999,-2.50545371206098,-0.3826999999999999,-2.970893729716577,-0.3886999999999999,-3.548095940061512,-0.3926999999999999,-3.989485865619403,-0.3966999999999999,-4.507270201370006,-0.3997,-4.926024746130058,-0.4037,-5.538594738971618,-0.4066999999999999,-6.066282053821277,-0.4086999999999999,-6.425618723986997,-0.4117,-7.0297004490293675,-0.4137,-7.444210859889823,-0.4157,-7.912480300145149,-0.4186999999999999,-8.615591816178071,-0.4197000000000001,-8.880142829252835,-0.4217000000000001,-9.406415432802628,-0.4237000000000001,-9.948249860650938,-0.4497000000000001,-19.93328221509837,-0.4677000000000001,-29.892849766148224,-0.4827,-40.02218267318189,-0.4956999999999999,-49.967603111233096
exp761,-1900mV,-0.4567,-0.505617818571764,-0.4916999999999999,-0.9941176304151612,-0.5156999999999999,-1.502423400456669,-0.5347000000000001,-2.001816489309027,-0.5507000000000001,-2.50545371206098,-0.5647000000000001,-2.9935291105144173,-0.5787000000000001,-3.492922199366775,-0.5917,-4.003632978618054,-0.6027000000000001,-4.522832025668523,-0.6126999999999999,-4.995345599823445,-0.6226999999999999,-5.507471090374587,-0.6306999999999999,-6.057793786022088,-0.6366999999999999,-6.483621887281464,-0.6446999999999999,-6.999991511732201,-0.6507,-7.53050824918159,-0.6567,-8.025657204134353,-0.6617000000000001,-8.48826779919022,-0.6667,-8.979172620243387,-0.6717000000000001,-9.467248018696829,-0.6767,-9.956738128450128,-0.7357000000000001,-19.876693763103766,-0.7647,-29.96358533114148,-0.7837,-39.654357735216976,-0.7987000000000001,-50.20810403221015
exp762,-1600mV,0.0072999999999998,-0.4944415993028303,-0.3047000000000001,-0.9973714664048507,-0.3417,-1.5264734925543744,-0.3617,-2.0272812927065975,-0.3757,-2.5295038041586855,-0.3846999999999999,-2.9935291105144173,-0.3917,-3.542437094862052,-0.3966999999999999,-3.964021062221832,-0.4017,-4.456340594574866,-0.4066999999999999,-5.027883959720341,-0.4106999999999999,-5.521618203373238,-0.4137,-5.954519861131939,-0.4166999999999999,-6.477963042082004,-0.4197000000000001,-6.9320853693386795,-0.4226999999999999,-7.5474847847799715,-0.4257000000000001,-8.11195459342612,-0.4277000000000001,-8.568906343282526,-0.4297000000000001,-8.950878394246088,-0.4317000000000001,-9.475736286496016,-0.4337000000000001,-9.912882078154311,-0.4637000000000001,-19.961576441095666,-0.4837000000000001,-29.935291105144177,-0.4996999999999999,-39.72509330021023,-0.5147,-50.1656626932142
exp763,-1500mV,-0.0247000000000001,0.4504440778770276,-0.0317,-0.9919955634653636,-0.0207000000000001,1.471299751859638,-0.0187000000000001,1.9537163051136155,-0.0397,-2.461597661765164,-0.0427000000000001,-2.9624054619173865,-0.0457,-3.4094542326747383,-0.0487000000000001,-3.945629815323587,-0.0107000000000001,4.4775612640728415,-0.0567000000000001,-5.051934051818047,-0.0597,-5.538594738971618,-0.0067000000000001,6.01393773572627,-0.0057,6.489280732480923,-0.0717000000000001,-7.065068231525992,-0.0757000000000001,-7.554558341279295,-0.0787000000000002,-8.015754225035298,-0.0827000000000002,-8.450070594093864,-0.0867000000000002,-8.914095900449595,-0.0917000000000001,-9.487053976894938,-0.0967000000000002,-10.062841475940006,-0.3737,-20.046459119087572,-0.3877,-30.54361696408614,-0.3946999999999999,-39.76753463920618,-0.3997,-49.458307043281685
exp764,-1900mV,-0.3437,-0.4975539641625333,-0.3877,-1.0038791383842298,-0.4146999999999999,-1.4925204213576138,-0.4337000000000001,-1.9975723554094316,-0.4507,-2.5210155363594953,-0.4637000000000001,-3.0119203574126634,-0.4757000000000001,-3.508484023665291,-0.4847,-3.986656443019674,-0.4967,-4.498781933570816,-0.5076999999999999,-5.020810403221016,-0.5196999999999999,-5.524447625972968,-0.5287000000000001,-5.964422840230995,-0.5397,-6.489280732480923,-0.5517,-7.016968047330582,-0.5607000000000001,-7.529093537881726,-0.5717,-7.990289421637726,-0.5807000000000001,-8.49392664438968,-0.5917,-9.024443381839069,-0.5987000000000001,-9.429050813600467,-0.6067000000000001,-9.992105910946751,-0.7117000000000001,-20.01816489309027,-0.7536999999999999,-30.13335068712528,-0.7747,-40.02218267318189,-0.7877,-49.41586570428573
exp765,-1800mV,-0.4507,-0.5081642989115212,-0.4817000000000001,-0.9941176304151612,-0.4996999999999999,-1.4868615761581534,-0.5116999999999999,-2.0159636023076772,-0.5207,-2.49979486686152,-0.5287000000000001,-3.0260674704113137,-0.5347000000000001,-3.4943369106666404,-0.5407000000000001,-4.054562585413195,-0.5447000000000001,-4.450681749375406,-0.5497,-5.020810403221016,-0.5537,-5.528691759872564,-0.5567000000000001,-5.955934572431804,-0.5607000000000001,-6.537380916676335,-0.5637,-7.015553336030716,-0.5667000000000001,-7.551728918679565,-0.5697,-8.08366036742882,-0.5717,-8.491097221789948,-0.5747000000000001,-9.093764235532456,-0.5767000000000001,-9.559204253188051,-0.5787000000000001,-10.011911869144866,-0.6087000000000001,-20.117194684080825,-0.6277,-30.07676223513068,-0.6426999999999999,-40.27683070715759,-0.6547,-49.72710219025603
exp766,-1500mV,-0.0407000000000001,0.424696332219484,-0.0457,-0.9472906863896284,-0.0477,-1.3964615240967777,-0.0357,2.0329401379060577,-0.0527000000000001,-2.4799889086634095,-0.0547000000000001,-2.91571998902184,-0.0317,3.5268752705635364,-0.0607000000000002,-4.002218267318188,-0.0637,-4.416728678178644,-0.0677000000000001,-5.0335428049198,-0.0707000000000002,-5.473518019177827,-0.0757000000000001,-6.030914271324651,-0.0797000000000001,-6.565675142673635,-0.0847000000000002,-7.077800633224777,-0.0877000000000001,-7.427234324291442,-0.0937000000000001,-8.024242492834487,-0.0987000000000002,-8.575979899781853,-0.1037000000000001,-8.989075599342444,-0.1087000000000002,-9.529495315890887,-0.0187000000000001,10.02181484824392,-0.1797000000000002,-20.00401778009162,0.0042999999999999,30.10505646112798,-0.3737,-40.03632978618054,-0.3897,-50.15151558021555
exp767,-1700mV,-0.4157,-0.4991101465923849,-0.4597000000000001,-1.001898542564419,-0.4777000000000001,-1.505252823056399,-0.4896999999999999,-1.9749369746115912,-0.4987,-2.4828183312631396,-0.5067,-3.0402145834099636,-0.5116999999999999,-3.4561397055702843,-0.5176999999999999,-4.03617133851495,-0.5216999999999999,-4.46058472847446,-0.5257,-4.937342436528978,-0.5297,-5.469273885278232,-0.5337,-6.070526187720873,-0.5367000000000001,-6.533136782776739,-0.5397,-7.041018139428288,-0.5417,-7.413087211292793,-0.5447000000000001,-7.978971731238807,-0.5477,-8.597200569279828,-0.5497,-9.001808001041228,-0.5517,-9.455930328297908,-0.5537,-9.911467366854446,-0.5877,-20.159636023076775,-0.6117,-29.921143992145527,-0.6317,-39.88071154319538,-0.6486999999999999,-49.88272043324119
exp768,-1500mV,0.0092999999999998,-0.3883382518129525,0.0062999999999999,-0.9581839633985894,-0.0017,-1.5038381117565338,-0.0237,-2.0032312006088917,-0.2047,-2.5012095781613843,-0.2277000000000001,-3.034555738210504,-0.2396999999999999,-3.502825178465831,-0.2496999999999999,-4.027683070715759,-0.2567,-4.463414151074191,-0.2627,-5.043445784018855,-0.2676999999999999,-5.504641667774858,-0.2716999999999999,-5.953105149832074,-0.2767,-6.55860158617431,-0.2796999999999999,-6.922182390239625,-0.2827,-7.48523748758591,-0.2856999999999999,-7.94360394874218,-0.2887,-8.475535397491434,-0.2916999999999999,-8.948048971646358,-0.2947000000000001,-9.576180788786434,-0.2967000000000001,-9.876099584357824,-0.3307000000000001,-20.01816489309027,-0.3527000000000001,-29.949438218142824,-0.3706999999999999,-40.23438936816165,-0.3866999999999999,-50.010044450229046
exp769,-1500mV,0.0052999999999998,0.5697042404556503,-0.1177000000000001,-1.0000594178745943,-0.3117,-1.501008689156804,-0.3237,-1.9975723554094316,-0.3317,-2.50262428946125,-0.0197,-3.009090934812933,-0.3417,-3.539607672262322,0.0112999999999998,4.000803556018323,-0.3477,-4.5171731804690625,-0.3497,-5.001004445022905,-0.3517,-5.473518019177827,-0.3537,-6.083258589419658,-0.3547000000000001,-6.442595259585377,-0.3567000000000001,-7.137218507819109,-0.3577,-7.5092875796836145,-0.3587000000000001,-7.937945103542721,-0.3597,-8.382164451700342,-0.3607000000000001,-8.816480820758908,-0.3626999999999999,-9.713407784873342,-0.3637,-10.242509811022863,-0.3766999999999999,-19.65033995512536,-0.3866999999999999,-30.487028512091538,-0.3937,-39.58362217022373,-0.4017,-50.42031072718991
exp770,-1500mV,0.0082999999999999,-0.4890656963633432,-0.0087000000000001,-0.9929858613752692,-0.2047,-1.4967645552572086,-0.2516999999999999,-2.0272812927065975,-0.2676999999999999,-2.4870624651627344,-0.2807,-3.003432089613473,-0.2896999999999999,-3.508484023665291,-0.2976999999999999,-3.965435773521698,-0.3047000000000001,-4.532735004767577,-0.3097,-4.972710219025604,-0.3147000000000001,-5.469273885278232,-0.3197,-6.047890806923031,-0.3237,-6.5670898539735,-0.3267000000000001,-6.9320853693386795,-0.3297,-7.48806691018564,-0.3327000000000001,-7.936530392242855,-0.3357,-8.503829623488736,-0.3377,-8.92116945694892,-0.3407000000000001,-9.546471851489269,-0.3427000000000001,-10.03030311604311,-0.3757,-19.876693763103766,-0.3986999999999999,-30.00602667013743,-0.4166999999999999,-40.135359577171094,-0.4317000000000001,-50.094927128220945
exp771,-1700mV,-0.3147000000000001,-0.4979783775524929,-0.3587000000000001,-0.9938346881551884,-0.3786999999999999,-1.4925204213576138,-0.3926999999999999,-2.004645911908757,-0.4026999999999999,-2.49696544426179,-0.4106999999999999,-3.0076762235130676,-0.4177,-3.4844339315675854,-0.4237000000000001,-3.989485865619403,-0.4286999999999999,-4.45209646067527,-0.4337000000000001,-4.964221951226414,-0.4387,-5.534350605072024,-0.4427,-6.021011292225596,-0.4457000000000001,-6.448254104784837,-0.4497000000000001,-7.0297004490293675,-0.4527,-7.469675663287394,-0.4557000000000001,-7.987459999037997,-0.4587,-8.496756066989409,-0.4617000000000001,-9.048493473936777,-0.4637000000000001,-9.43753908139966,-0.4667,-10.045864940341623,-0.5016999999999999,-20.07475334508487,-0.5247,-29.921143992145527,-0.5437,-39.83827020419943,-0.5607000000000001,-49.72710219025603
exp772,-1500mV,-0.0587000000000001,-0.4529905582167847,-0.0607000000000002,-0.930880035311194,-0.0637,-1.5561824298515403,-0.0657,-2.024451870106867,-0.0457,2.549309762356796,-0.0437,3.076997077206455,-0.0727000000000002,-3.515557580164616,-0.0757000000000001,-4.121054016506851,-0.0777000000000001,-4.556785096865283,-0.0797000000000001,-4.920365900930598,-0.0347000000000001,5.523032914673103,-0.0327000000000001,6.040817250423707,-0.0867000000000002,-6.448254104784837,-0.0897000000000001,-6.974526708334631,-0.0917000000000001,-7.465431529387798,-0.0947000000000002,-8.02141307023476,-0.0967000000000002,-8.458558861893053,-0.0237,8.990490310642308,-0.1017000000000001,-9.508274646392913,-0.1047000000000002,-10.031717827342977,-0.1547,-20.046459119087572,-0.3157,-30.02017378313608,-0.4026999999999999,-39.97974133418594,-0.4097,-50.179809806212845
exp773,-1500mV,-0.0317,-0.4913292344431272,-0.0367000000000001,-0.9979373509247969,-0.0427000000000001,-1.5179852247551844,-0.0487000000000001,-2.0187930249074073,-0.0537,-2.4799889086634095,-0.0087000000000001,2.9935291105144173,-0.0667000000000002,-3.5212164253640763,-0.0047000000000001,3.973924041320888,-0.0797000000000001,-4.521417314368658,-0.0857000000000001,-5.0222251145208805,0.0002999999999999,5.503226956474993,-0.0987000000000002,-6.005449467927082,-0.1047000000000002,-6.490695443780789,-0.1107000000000002,-6.967453151835306,-0.1187,-7.516361136182939,-0.1247,-7.963409906940291,-0.1337000000000001,-8.508073757388331,-0.2767,-9.007466846240687,-0.2867,-9.498371667293856,-0.1767,-10.007667735245269,-0.3946999999999999,-20.612343639033583,,,-0.4026999999999999,-40.05047689917919,-0.4066999999999999,-50.88716545614537
exp774,-1700mV,-0.3977,-0.4954318972127358,-0.4266999999999999,-0.9966641107549185,-0.4417000000000001,-1.4967645552572086,-0.4517000000000001,-1.9735222633117264,-0.4597000000000001,-2.4771594860636794,-0.4667,-2.997773244414013,-0.4717000000000001,-3.4518955716706894,-0.4767,-3.9668504848215624,-0.4807,-4.4393640589764845,-0.4847,-4.968466085126009,-0.4887,-5.5541565632701335,-0.4916999999999999,-6.022426003525461,-0.4947,-6.557186874874445,-0.4967,-6.917938256340029,-0.4996999999999999,-7.52767882658186,-0.5016999999999999,-7.939359814842586,-0.5036999999999999,-8.403385121198317,-0.5067,-9.107911348531106,-0.5076999999999999,-9.368218227706274,-0.5096999999999999,-9.904393810355122,-0.5367000000000001,-20.17378313607542,-0.5537,-30.232380478115836,-0.5667000000000001,-39.83827020419943,-0.5787000000000001,-49.88272043324119
exp775,-1800mV,-0.4246999999999999,-0.5001004445022904,-0.4887,-0.9989276488347024,-0.5056999999999999,-1.4755438857592331,-0.5167,-2.014548891007812,-0.5236999999999999,-2.4927213103621946,-0.5297,-2.990699687914687,-0.5347000000000001,-3.508484023665291,-0.5387000000000001,-3.9979741334185936,-0.5427000000000001,-4.525661448268252,-0.5457,-4.947245415628033,-0.5487000000000001,-5.4296619688820105,-0.5517,-5.937543325533559,-0.5547000000000001,-6.482207175981599,-0.5577,-7.100436014022619,-0.5597,-7.489481621485504,-0.5617,-7.936530392242855,-0.5637,-8.392067430799397,-0.5667000000000001,-9.096593658132186,-0.5687000000000001,-9.612963282582925,-0.5707000000000001,-10.118015216634742,-0.6017,-20.14548891007812,-0.6257,-30.10505646112798,-0.6446999999999999,-40.27683070715759,-0.6597000000000001,-50.1656626932142
exp776,-1400mV,0.0102999999999999,-0.4372872627882828,0.0082999999999999,-1.020431260592651,0.0062999999999999,-1.4854468648582886,0.0012999999999998,-2.001816489309027,-0.0097,-2.4799889086634095,-0.1807,-2.990699687914687,-0.2057000000000001,-3.5240458479638064,-0.2167,-3.975338752620753,-0.2267,-4.480390686672571,-0.2337000000000001,-5.06466645351683,-0.2387,-5.479176864377286,-0.2436999999999999,-5.957349283731669,-0.2487,-6.526063226277413,-0.2527,-6.995747377832608,-0.2567,-7.514946424883075,-0.2596999999999999,-8.056780852731386,-0.2627,-8.551929807684147,-0.2656999999999999,-9.05273760783637,-0.2676999999999999,-9.508274646392913,-0.2696999999999999,-9.935517458952152,-0.3016999999999999,-19.77766397211321,-0.3217,-29.708937297165768,-0.3377,-39.93729999518999,-0.3517,-50.29298671020206
exp777,-1500mV,-0.0027000000000001,-0.481709197604045,-0.0187000000000001,-1.0028888404743244,-0.0827000000000002,-1.498179266557074,-0.1867000000000001,-2.0060606232086218,-0.2307,-2.4870624651627344,-0.2547,-2.999187955713878,-0.2676999999999999,-3.475945663768395,-0.2767,-3.989485865619403,-0.2836999999999999,-4.508684912669872,-0.2887,-4.947245415628033,-0.2936999999999999,-5.493323977375938,-0.2976999999999999,-5.96583755153086,-0.3016999999999999,-6.543039761875795,-0.3036999999999999,-6.903791143341379,-0.3067000000000001,-7.424404901691712,-0.3097,-8.051122007531923,-0.3117,-8.469876552291973,-0.3137,-8.974928486343794,-0.3157,-9.557789541888187,-0.3177,-10.014741291744594,-0.3417,-19.961576441095666,-0.3597,-29.793819975157668,-0.3757,-39.66850484821563,-0.3906999999999999,-50.1373684672169
exp778,-1500mV,-0.0557,-0.4887827541033701,-0.0467000000000001,0.9985032354447428,-0.0627000000000002,-1.55052358465208,-0.0407000000000001,1.959375150313076,-0.0687000000000002,-2.509697845960575,-0.0347000000000001,2.9836261314153627,-0.0747000000000002,-3.4702868185689346,-0.0787000000000002,-4.033341915915219,-0.0817000000000001,-4.454925883275001,-0.0847000000000002,-4.985442620724389,-0.0887000000000002,-5.5272770485726985,-0.0197,6.026670137425056,-0.0947000000000002,-6.463815929083352,-0.0987000000000002,-7.005650356931662,-0.1027000000000002,-7.543240650880375,-0.1047000000000002,-7.9690687521397505,-0.1087000000000002,-8.472705974891705,-0.1127,-8.987660888042578,-0.1157000000000001,-9.481395131695477,-0.0057,9.977958797948103,0.0112999999999998,19.961576441095666,-0.3557,-29.991879557138777,-0.3877,-39.99388844718459,-0.4026999999999999,-49.8261319812466
exp779,-1600mV,-0.1027000000000002,-0.5008078001522229,-0.2676999999999999,-1.0068500321139466,-0.2927,-1.4868615761581534,-0.3097,-1.965033995512536,-0.3207000000000001,-2.4842330425630044,-0.3297,-2.9624054619173865,-0.3367000000000001,-3.4957516219665052,-0.3437,-3.985241731719809,-0.3497,-4.4846348205721664,-0.3547000000000001,-4.9698807964258735,-0.3597,-5.5018122451751275,-0.3637,-5.98281408712924,-0.3677,-6.520404381077953,-0.3717,-7.0367740055286925,-0.3757,-7.544655362180241,-0.3786999999999999,-7.987459999037997,-0.3817,-8.478364820091164,-0.3857,-9.068299432134886,-0.3877,-9.44602734919885,-0.3906999999999999,-9.905808521654986,-0.4357000000000001,-19.876693763103766,-0.4677000000000001,-30.09090934812933,-0.4916999999999999,-39.89485865619403,-0.5116999999999999,-49.9958973372304
exp780,-1400mV,0.0112999999999998,-0.2632777729048833,0.0102999999999999,-1.2654592577292754,0.0122999999999999,1.3605278570802055,0.0092999999999998,-1.8858101627200936,0.0072999999999998,-2.637021862948428,0.0062999999999999,-2.9298671020204905,0.0012999999999998,-3.4886780654671803,-0.0657,-4.000803556018323,-0.1667,-4.511514335269602,-0.1837000000000002,-4.9896867546239845,-0.1946999999999999,-5.480591575677152,-0.2037000000000001,-5.97432581933005,-0.2127,-6.537380916676335,-0.2177000000000001,-6.981600264833956,-0.2227,-7.507872868383751,-0.2277000000000001,-8.01433951373543,-0.2307,-8.481194242690894,-0.2337000000000001,-8.956537239445547,-0.2376999999999999,-9.521007048091697,-0.2396999999999999,-9.921370345953502,-0.2756999999999999,-20.07475334508487,-0.2956999999999999,-29.836261314153624,-0.3117,-40.02218267318189,-0.3247000000000001,-49.9958973372304
exp781,-1500mV,-0.0117,-0.4979783775524929,-0.2307,-1.008406214543798,-0.2567,-1.4911057100577487,-0.2707,-1.9947429328097015,-0.2827,-2.5139419798601703,-0.2896999999999999,-3.0076762235130676,-0.2956999999999999,-3.46887210726907,-0.3027000000000001,-4.024853648116029,-0.3077,-4.529905582167847,-0.3117,-5.015151558021555,-0.3157,-5.5003975338752635,-0.3197,-6.008278890526811,-0.3237,-6.543039761875795,-0.3267000000000001,-7.049506407227478,-0.3297,-7.50221402318429,-0.3327000000000001,-7.961995195640427,-0.3357,-8.583053456281176,-0.3387000000000001,-9.082446545133534,-0.3407000000000001,-9.571936654886835,-0.3437,-10.108112237535686,-0.3797,-20.01816489309027,-0.4046999999999999,-30.07676223513068,-0.4246999999999999,-40.06462401217784,-0.4417000000000001,-50.1656626932142
exp782,-1700mV,-0.3407000000000001,-0.4957148394727089,-0.3817,-0.9960982262349724,-0.3986999999999999,-1.4826174422585583,-0.4097,-2.020207736207272,-0.4166999999999999,-2.478574197363544,-0.4237000000000001,-3.000602667013743,-0.4286999999999999,-3.4632132620696097,-0.4337000000000001,-3.9909005769192687,-0.4377000000000001,-4.4775612640728415,-0.4417000000000001,-5.01939569192115,-0.4447,-5.433906102781606,-0.4487,-6.030914271324651,-0.4517000000000001,-6.57274869917296,-0.4547,-7.083459478424238,-0.4567,-7.479578642386449,-0.4597000000000001,-8.053951430131654,-0.4617000000000001,-8.496756066989409,-0.4637000000000001,-8.899948787450944,-0.4667,-9.60871914868333,-0.4687,-10.062841475940006,-0.4996999999999999,-20.10304757108217,-0.5207,-30.11920357412663,-0.5367000000000001,-39.78168175220483,-0.5517,-49.58563106026953
exp783,-1400mV,0.0062999999999999,0.50335428049198,0.0012999999999998,-0.9934102747652288,-0.1307,-1.502423400456669,-0.0057,-2.0004017780091616,-0.0697000000000001,-2.51111255726044,-0.0227000000000001,-3.000602667013743,-0.2896999999999999,-3.512728157564886,-0.2927,-3.9385562588242617,0.0122999999999999,4.511514335269602,-0.2987000000000001,-5.108522503812647,-0.3007000000000001,-5.523032914673103,-0.3027000000000001,-6.146920597913584,-0.3036999999999999,-6.482207175981599,-0.3056999999999999,-7.079215344524644,-0.3067000000000001,-7.447040282489553,-0.3077,-7.878527228948389,-0.3087000000000001,-8.312843598006955,-0.3107000000000001,-9.122058461529756,-0.3117,-9.586083767885489,-0.3127000000000001,-10.120844639234472,-0.3267000000000001,-19.565457277133454,-0.3367000000000001,-30.303116043109085,-0.3437,-39.75338752620753,-0.3507000000000001,-49.88272043324119
exp784,-1500mV,0.0112999999999998,-0.2588921678753017,0.0102999999999999,-0.9434709658799928,0.0082999999999999,-1.614185593146007,0.0062999999999999,-2.076796188201874,0.0012999999999998,-2.506868423360845,0.0132999999999998,2.997773244414013,-0.2027,-3.4985810445662353,-0.2177000000000001,-3.973924041320888,-0.2277000000000001,-4.44643761547581,-0.2367,-4.985442620724389,-0.2427,-5.498982822575398,-0.2476999999999999,-5.96583755153086,-0.2527,-6.503427845479574,-0.2567,-6.941988348437734,-0.2607,-7.52484940398213,-0.2636999999999999,-8.01433951373543,-0.2667,-8.424605790696294,-0.2696999999999999,-9.020199247939471,-0.2727,-9.530910027190751,-0.2747,-9.972299952748642,-0.3087000000000001,-20.202077362072725,-0.3297,-30.04846800913338,-0.3467000000000001,-40.14950669016974,-0.3617,-50.20810403221015
exp785,-1400mV,-0.0217,-0.483972735683829,-0.0577,-1.000483831264554,-0.0977000000000001,-1.499593977856939,-0.1227,-1.9890840876102416,-0.1407,-2.50262428946125,-0.1517000000000001,-3.013335068712528,-0.1587,-3.505654601065561,-0.1667,-3.973924041320888,-0.1727,-4.522832025668523,-0.1777000000000002,-4.992516177223715,-0.1827,-5.520203492073373,-0.1867000000000001,-5.929055057734368,-0.1917000000000001,-6.579822255672285,-0.1946999999999999,-7.053750541127073,-0.1977000000000001,-7.5220199813824,-0.2007,-7.91530972274488,-0.2037000000000001,-8.534953272085767,-0.2067,-8.972099063744063,-0.2087,-9.47998042039561,-0.2117000000000001,-9.986447065747294,-0.2467,-20.117194684080825,-0.2687,-29.921143992145527,-0.2867,-40.17780091616704,-0.3007000000000001,-50.024191563227696
exp786,-1900mV,-0.4537000000000001,-0.4979783775524929,-0.5307000000000001,-1.0006253023945404,-0.5747000000000001,-1.4967645552572086,-0.5997,-1.9904987989101068,-0.6166999999999999,-2.5167714024599,-0.6277,-3.002017378313608,-0.6366999999999999,-3.5240458479638064,-0.6437,-4.040415472414544,-0.6486999999999999,-4.463414151074191,-0.6537000000000001,-4.9698807964258735,-0.6587,-5.555571274569999,-0.6617000000000001,-5.950275727232344,-0.6657000000000001,-6.533136782776739,-0.6687,-7.022626892530043,-0.6717000000000001,-7.53899651698078,-0.6737000000000001,-7.919553856644475,-0.6767,-8.533538560785903,-0.6787,-8.950878394246088,-0.6807,-9.40924485540236,-0.6827,-9.901564387755393,-0.7127,-19.890840876102416,-0.7327,-29.85040842715227,-0.7487,-39.89485865619403,-0.7627,-50.2788395972034
exp787,-1600mV,-0.0187000000000001,0.5266970169397532,-0.0157,0.9983617643147564,-0.0467000000000001,-1.5137410908555893,-0.0597,-2.004645911908757,-0.0077,2.4955507329619246,-0.0057,2.996358533114148,-0.0037,3.475945663768395,-0.2947000000000001,-3.992315288219133,-0.2647,-4.501611356170546,-0.1487,-4.998175022423175,0.0022999999999999,5.520203492073373,-0.1677000000000001,-6.015352447026135,-0.1757000000000002,-6.4850365985813285,-0.1837000000000002,-7.005650356931662,-0.1907000000000001,-7.456943261588608,-0.3367000000000001,-7.998777689436918,-0.2337000000000001,-8.512317891287925,-0.3427000000000001,-9.006052134940823,0.0102999999999999,9.512518780292506,-0.3477,-10.04445022904176,-0.3837,-19.862546650105116,-0.4097,-30.147497800123933,-0.4306999999999999,-39.93729999518999,-0.4497000000000001,-49.84027909424525
exp788,-1700mV,-0.3367000000000001,-0.4967051373826143,-0.3786999999999999,-1.0006253023945404,-0.3986999999999999,-1.4840321535584236,-0.4126999999999999,-1.9777663972113213,-0.4226999999999999,-2.461597661765164,-0.4317000000000001,-3.000602667013743,-0.4387,-3.505654601065561,-0.4447,-4.01636538031684,-0.4497000000000001,-4.469072996273651,-0.4547,-4.976954352925199,-0.4587,-5.4169295671832245,-0.4637000000000001,-6.070526187720873,-0.4667,-6.489280732480923,-0.4697000000000001,-6.920767678939759,-0.4737000000000001,-7.560217186478756,-0.4767,-8.079416233529225,-0.4797000000000001,-8.566076920682798,-0.4817000000000001,-8.972099063744063,-0.4847,-9.573351366186705,-0.4867,-10.00200889004581,-0.5207,-19.947429328097016,-0.5437,-29.96358533114148,-0.5627000000000001,-39.85241731719808,-0.5797,-50.1373684672169
exp789,-1400mV,0.0002999999999999,-0.4097003924409146,-0.0017,-0.9730384320471724,-0.0047000000000001,-1.5335470490536998,-0.0067000000000001,-1.9664487068124008,-0.0107000000000001,-2.6087276369511274,-0.0147000000000001,-3.044458717309559,0.0092999999999998,3.4617985507697444,-0.0247000000000001,-3.9838270204199433,0.0102999999999999,4.498781933570816,-0.0417,-5.006663290222365,-0.0627000000000002,-5.493323977375938,-0.1377000000000001,-5.99696120012789,-0.1607,-6.507671979379168,-0.1767,-6.975941419634496,-0.1897000000000002,-7.531922960481456,-0.1977000000000001,-8.007265957236108,-0.2047,-8.557588652883606,-0.2097000000000001,-8.991905021942173,-0.2147,-9.489883399494666,-0.2197000000000001,-10.06142676464014,-0.2656999999999999,-19.876693763103766,-0.2896999999999999,-29.878702653149578,-0.3067000000000001,-39.89485865619403,-0.3207000000000001,-50.15151558021555
exp790,-1400mV,0.0012999999999998,-0.4928854168729787,-0.0007000000000001,-0.947149215259642,0.0082999999999999,1.5179852247551844,-0.0097,-1.972107552011861,-0.0157,-2.5719451431546365,-0.0217,-2.994943821814283,-0.0317,-3.5141428688647514,-0.0477,-3.989485865619403,-0.0737000000000001,-4.501611356170546,-0.1047000000000002,-4.98827204332412,-0.1377000000000001,-5.510300512974317,-0.1547,-5.995546488828026,-0.1677000000000001,-6.499183711579978,-0.1757000000000002,-7.049506407227478,-0.1837000000000002,-7.4498697050892835,-0.1897000000000002,-8.007265957236108,-0.1946999999999999,-8.459973573192919,-0.1997000000000001,-9.040005206137584,-0.2037000000000001,-9.403586010202895,-0.2077000000000001,-9.969470530148914,-0.2507,-20.07475334508487,-0.2747,-30.147497800123933,-0.2916999999999999,-39.97974133418594,-0.3056999999999999,-49.72710219025603
exp791,-1400mV,0.0062999999999999,-0.5453712060979717,0.0052999999999998,-1.2254229279430946,0.0092999999999998,1.614185593146007,0.0042999999999999,-1.8461982463238729,0.0022999999999999,-2.386617962872317,0.0002999999999999,-3.0755823659065897,-0.0007000000000001,-3.4985810445662353,-0.0037,-3.9215797232258818,-0.0057,-4.590738168062044,-0.0097,-5.091545968214268,-0.0137,-5.498982822575398,-0.0157,-6.004034756627216,-0.0217,-6.477963042082004,-0.0327000000000001,-7.004235645631797,-0.0487000000000001,-7.49655517798483,-0.0697000000000001,-8.003021823336512,-0.1177000000000001,-8.5052443347886,-0.1307,-9.007466846240687,-0.1457000000000001,-9.495542244694128,-0.1597000000000001,-10.017570714344323,-0.2227,-20.00401778009162,-0.2456999999999999,-30.274821817111786,-0.2607,-39.97974133418594,-0.2727,-49.81198486824794
exp792,-1500mV,-0.0167000000000001,0.4851045047237211,-0.0437,-1.0000594178745943,-0.0637,-1.501008689156804,-0.0017,2.0032312006088917,0.0022999999999999,2.50262428946125,-0.1957000000000001,-3.003432089613473,-0.2167,-3.5141428688647514,-0.2357000000000001,-4.0050476899179195,-0.2436999999999999,-4.449267038075541,-0.2556999999999999,-4.9840279094245235,-0.2616999999999999,-5.489079843476342,-0.2676999999999999,-6.042231961723571,-0.2736999999999999,-6.5246485149775495,-0.2776999999999999,-6.978770842234226,-0.2827,-7.550314207379701,-0.2867,-7.995948266837187,-0.2907,-8.44299703759454,-0.2936999999999999,-8.984831465442848,-0.2967000000000001,-9.44319792659912,-0.3007000000000001,-10.0387913838423,-0.3407000000000001,-20.06060623208622,-0.3657,-30.09090934812933,-0.3857,-40.26268359415894,-0.4017,-49.84027909424525
exp793,-1500mV,-0.0437,-0.4954318972127358,-0.1177000000000001,-0.9986447065747294,-0.2027,-1.501008689156804,-0.2396999999999999,-2.004645911908757,-0.2516999999999999,-2.509697845960575,-0.2656999999999999,-2.9935291105144173,-0.2756999999999999,-3.525460559263671,-0.2816999999999999,-3.992315288219133,-0.2907,-4.5497115403659585,-0.2956999999999999,-4.9698807964258735,-0.3007000000000001,-5.4353208140814715,-0.3056999999999999,-5.944616882032884,-0.3107000000000001,-6.506257268079304,-0.3147000000000001,-6.927841235439085,-0.3187000000000001,-7.49655517798483,-0.3217,-8.02141307023476,-0.3257,-8.51656202518752,-0.3287000000000001,-8.979172620243387,-0.3317,-9.579010211386164,-0.3347000000000001,-9.956738128450128,-0.3757,-20.159636023076775,-0.4026999999999999,-30.17579202612123,-0.4246999999999999,-40.14950669016974,-0.4427,-49.85442620724389
exp794,-1500mV,-0.0217,-0.4967051373826143,-0.0257,-1.000483831264554,-0.0307000000000001,-1.6028679027470865,-0.0097,2.0004017780091616,-0.0407000000000001,-2.49979486686152,-0.0497,-3.004846800913338,-0.0597,-3.5113134462650213,-0.0667000000000002,-3.962606350921967,-0.0827000000000002,-4.488878954471762,-0.0977000000000001,-5.001004445022905,-0.1117000000000001,-5.504641667774858,-0.1267,-6.006864179226946,-0.1417000000000001,-6.4850365985813285,-0.1637000000000001,-7.032529871629097,-0.1847000000000001,-7.497969889284694,-0.2337000000000001,-8.000192400736783,-0.2496999999999999,-8.51090317998806,-0.2567,-9.004637423640958,-0.2647,-9.417733123201549,-0.2707,-10.091135701937308,-0.3187000000000001,-19.919135102099716,-0.3437,-29.949438218142824,-0.3626999999999999,-39.97974133418594,-0.3797,-50.32128093619935
exp795,-1800mV,-0.4936999999999999,-0.4999589733723039,-0.5637,-0.9976544086648236,-0.5987000000000001,-1.4925204213576138,-0.6197,-2.0060606232086218,-0.6337,-2.5196008250596305,-0.6437,-3.028896893011044,-0.6507,-3.4943369106666404,-0.6567,-3.968265196121428,-0.6627,-4.532735004767577,-0.6667,-4.976954352925199,-0.6707,-5.480591575677152,-0.6747,-6.040817250423707,-0.6777000000000001,-6.511916113278764,-0.6807,-7.033944582928963,-0.6837000000000001,-7.587096701176192,-0.6857000000000001,-8.003021823336512,-0.6877000000000001,-8.427435213296024,-0.6907,-9.113570193730569,-0.6927,-9.60306030348387,-0.6947,-10.115185794035014,-0.7197000000000001,-20.25866581406732,-0.7337000000000001,-30.288968930110435,-0.7436999999999999,-40.05047689917919,-0.7516999999999999,-49.67051373826144
exp796,-1500mV,-0.0217,-0.5175013934906304,-0.0097,1.023826567712327,-0.0357,-1.431687835463417,-0.0497,-1.9961576441095663,-0.0617,-2.4870624651627344,-0.0907000000000002,-2.996358533114148,-0.1187,-3.5113134462650213,-0.1437000000000001,-3.996559422118728,-0.1647,-4.491708377071491,0.0072999999999998,4.99958973372304,-0.2187,-5.507471090374587,-0.2387,-5.995546488828026,0.0102999999999999,6.513330824578629,-0.2596999999999999,-6.994332666532741,-0.2656999999999999,-7.53333767178132,-0.2707,-7.997362978137053,-0.2756999999999999,-8.583053456281176,-0.2796999999999999,-8.973513775043926,-0.2836999999999999,-9.521007048091697,-0.2856999999999999,-9.97654408664824,-0.3237,-19.848399537106463,-0.3467000000000001,-30.07676223513068,-0.3646999999999999,-39.96559422118728,-0.3797,-49.61392528626684
exp797,-1500mV,-0.0017,0.5143890286309274,-0.0117,-1.037266325061045,0.0022999999999999,1.4953498439573436,-0.0247000000000001,-2.023037158807002,-0.0337,-2.49413602166206,-0.0487000000000001,-2.9822114201154974,-0.0727000000000002,-3.4801897976679905,-0.1067000000000002,-3.979582886520348,-0.1407,-4.501611356170546,-0.1677000000000001,-4.976954352925199,-0.1887000000000001,-5.5018122451751275,-0.2027,-5.9601787063314,-0.2147,-6.473718908182407,-0.2287,-7.001406223032068,-0.2347,-7.431478458191038,-0.2436999999999999,-7.970483463439617,-0.2496999999999999,-8.575979899781853,-0.2547,-9.065470009535154,-0.2587,-9.421977257101144,-0.2636999999999999,-10.02747369344338,-0.3067000000000001,-19.98987066709297,-0.3307000000000001,-30.09090934812933,-0.3497,-40.31927204615355,-0.3646999999999999,-50.0807800152223
exp798,-1400mV,0.0032999999999998,0.6278488748801032,0.0012999999999998,-0.713721850781911,0.0042999999999999,1.5236440699546443,0.0002999999999999,-1.6056973253468163,-0.0007000000000001,-2.4828183312631396,-0.0017,-3.076997077206455,-0.0027000000000001,-3.432089613472579,-0.0037,-3.9173355893262864,-0.0047000000000001,-4.62044710535921,-0.0057,-5.326388043991862,0.0072999999999998,5.411270721983764,-0.0077,-5.924810923834773,-0.0087000000000001,-6.270000481001842,-0.0097,-6.855690959145968,-0.0107000000000001,-7.438552014690363,-0.0137,-8.090733923928145,-0.0147000000000001,-8.597200569279828,-0.0157,-9.06971414343475,-0.0187000000000001,-9.458759750897634,-0.0197,-9.912882078154311,-0.1787,-20.00401778009162,-0.2247,-30.13335068712528,-0.2456999999999999,-40.06462401217784,-0.2607,-50.024191563227696
exp800,-1500mV,-0.0037,-0.4955733683427223,-0.0227000000000001,-0.9914296789454178,-0.1217000000000001,-1.505252823056399,-0.2607,-1.9735222633117264,-0.2756999999999999,-2.4502799713662435,0.0132999999999998,2.999187955713878,-0.2956999999999999,-3.4830192202677206,-0.3036999999999999,-3.9484592379233177,-0.3097,-4.569517498564068,-0.3147000000000001,-5.0745694326158866,-0.3187000000000001,-5.446638504480391,-0.3227000000000001,-5.9347139029338285,-0.3257,-6.499183711579978,-0.3297,-7.041018139428288,-0.3327000000000001,-7.447040282489553,-0.3357,-8.102051614327065,-0.3387000000000001,-8.52787971558644,-0.3407000000000001,-9.06405529823529,-0.3437,-9.563448387087648,-0.3447000000000001,-9.86761131655863,-0.3766999999999999,-19.862546650105116,-0.3986999999999999,-30.18993913911989,-0.4157,-39.88071154319538,-0.4317000000000001,-49.76954352925199
exp801,-1600mV,-0.3317,-0.5064666453516832,-0.3567000000000001,-1.0010497157844995,-0.3706999999999999,-1.4741291744593683,-0.3806999999999999,-1.970692840711996,-0.3886999999999999,-2.50262428946125,-0.3957,-3.041629294709829,-0.4006999999999999,-3.508484023665291,-0.4057,-4.046074317614004,-0.4097,-4.531320293467712,-0.4126999999999999,-4.950074838227763,-0.4166999999999999,-5.5145446468739125,-0.4197000000000001,-5.98281408712924,-0.4226999999999999,-6.510501401978899,-0.4257000000000001,-7.031115160329232,-0.4277000000000001,-7.4427961485899585,-0.4306999999999999,-8.028486626734082,-0.4327,-8.486853087890356,-0.4347,-8.92116945694892,-0.4367,-9.39509774240371,-0.4387,-9.900149676455523,-0.4687,-19.961576441095666,-0.4896999999999999,-30.232380478115836,-0.5056999999999999,-39.92315288219133,-0.5196999999999999,-49.86857332024254
exp802,-1500mV,-0.0387000000000001,-0.5102863658613187,-0.0227000000000001,0.9922785057253368,-0.0517,-1.465640906660178,-0.0577,-1.9848399537106465,-0.0657,-2.50545371206098,-0.0077,2.975137863616172,-0.0777000000000001,-3.499995755866101,-0.0847000000000002,-3.9979741334185936,-0.0917000000000001,-4.532735004767577,-0.0967000000000002,-4.934513013929248,-0.1027000000000002,-5.498982822575398,-0.1087000000000002,-5.99696120012789,-0.1157000000000001,-6.473718908182407,-0.1217000000000001,-7.001406223032068,-0.1267,-7.428649035591308,-0.1327,-8.001607112036647,-0.1397000000000001,-8.506659046088465,-0.1467,-9.051322896536504,-0.2536999999999999,-9.488468688194802,-0.1607,-9.98786177704716,-0.4046999999999999,-20.01816489309027,-0.4097,-29.76552574916037,-0.4137,-40.531478741133306,,
exp803,-1500mV,-0.0107000000000001,-0.4981198486824793,-0.0187000000000001,-0.9922785057253368,-0.0277,-1.5193999360550492,-0.0357,-1.9975723554094316,-0.0497,-2.4814036199632743,-0.0647000000000002,-3.003432089613473,-0.0797000000000001,-3.522631136663941,-0.0917000000000001,-3.9781681752204823,-0.1077000000000001,-4.505855490070142,-0.1167,-4.965636662526279,-0.1297000000000001,-5.508885801674452,-0.1397000000000001,-6.009693601826676,-0.1497000000000001,-6.54728389577539,-0.1567,-7.001406223032068,-0.1647,-7.464016818087933,-0.1737000000000002,-7.961995195640427,-0.1807,-8.547685673784551,-0.1897000000000002,-9.0555670304361,-0.1957000000000001,-9.506859935093043,-0.3047000000000001,-10.018985425644187,-0.3837,-19.97572355409432,-0.4017,-29.75137863616172,-0.4146999999999999,-39.61191639622103,-0.4257000000000001,-49.67051373826144
exp804,-1600mV,-0.0147000000000001,0.5067495876116561,-0.0097,1.0164700689530288,-0.0657,-1.502423400456669,-0.1087000000000002,-1.9975723554094316,-0.1367,-2.4955507329619246,-0.1926999999999999,-3.009090934812933,-0.2416999999999999,-3.4985810445662353,-0.2707,-4.009291823817514,-0.2847,-4.459170017174596,-0.2947000000000001,-5.002419156322769,0.0102999999999999,5.504641667774858,-0.3087000000000001,-6.005449467927082,0.0122999999999999,6.55011331837512,-0.3187000000000001,-6.892473452942459,-0.3237,-7.526264115281995,-0.3277,-8.053951430131654,-0.3307000000000001,-8.503829623488736,-0.3347000000000001,-8.970684352444197,-0.3387000000000001,-9.481395131695477,-0.3417,-10.065670898539736,-0.3877,-20.07475334508487,-0.4186999999999999,-29.76552574916037,-0.4447,-39.85241731719808,-0.4697000000000001,-50.34957516219666
exp805,-1500mV,-0.0087000000000001,-0.540136774288471,-0.0137,-0.9322947466110592,-0.0247000000000001,-1.506667534356264,-0.0497,-1.9989870667092968,-0.0867000000000002,-2.5012095781613843,-0.1197000000000001,-2.970893729716577,-0.1577000000000001,-3.4971663332663705,0.0102999999999999,4.01070653511738,-0.2767,-4.495952510971087,-0.2836999999999999,-5.01090742412196,-0.2887,-5.496153399975667,-0.2927,-5.94603159333275,-0.2967000000000001,-6.523233803677684,-0.2996999999999999,-6.94623248233733,-0.3036999999999999,-7.459772684188338,-0.3067000000000001,-8.012924802435567,-0.3097,-8.532123849486036,-0.3127000000000001,-9.017369825339744,-0.3147000000000001,-9.498371667293856,-0.3177,-10.03030311604311,-0.3507000000000001,-20.187930249074075,-0.3717,-29.864555540150924,-0.3897,-40.33341915915219,-0.4046999999999999,-50.2788395972034
exp806,-1700mV,-0.4046999999999999,-0.4931683591329517,-0.4297000000000001,-1.010811223753569,-0.4437000000000001,-1.5179852247551844,-0.4527,-1.9735222633117264,-0.4607,-2.4913065990623298,-0.4677000000000001,-3.0274821817111786,-0.4727,-3.473116241168665,-0.4777000000000001,-3.975338752620753,-0.4827,-4.535564427367307,-0.4867,-5.040616361419126,-0.4896999999999999,-5.433906102781606,-0.4936999999999999,-6.001205334027486,-0.4967,-6.475133619482273,-0.4996999999999999,-6.956135461436385,-0.5027,-7.473919797186989,-0.5056999999999999,-8.028486626734082,-0.5087,-8.588712301480637,-0.5107,-9.004637423640958,-0.5127,-9.40924485540236,-0.5156999999999999,-10.07274445503906,-0.5497,-19.848399537106463,-0.5747000000000001,-30.10505646112798,-0.5937,-39.80997597820213,-0.6107000000000001,-50.1373684672169
exp807,-1500mV,-0.0587000000000001,-0.4943001281728438,-0.0727000000000002,-1.0030303116043109,-0.0857000000000001,-1.4939351326574788,-0.0977000000000001,-1.9791811085111863,0.0012999999999998,2.50545371206098,-0.1237000000000001,-3.0147497800123935,-0.1377000000000001,-3.492922199366775,-0.1567,-3.999388844718459,-0.2996999999999999,-4.508684912669872,-0.3437,-4.996760311123309,-0.3757,-5.479176864377286,-0.3837,-6.033743693924381,-0.3877,-6.463815929083352,-0.3917,-7.080630055824508,-0.3937,-7.578608433377001,-0.3957,-8.140248819423421,-0.3966999999999999,-8.512317891287925,-0.3977,-8.974928486343794,-0.3986999999999999,-9.47998042039561,-0.3997,-10.035961961242569,-0.4086999999999999,-19.77766397211321,-0.4166999999999999,-29.892849766148224,-0.4266999999999999,-39.654357735216976,-0.4397000000000001,-50.1939569192115
exp808,-1500mV,0.0022999999999999,0.4821336109940045,-0.0367000000000001,-0.9969470530148912,-0.0617,-1.4769585970590984,-0.0907000000000002,-2.024451870106867,-0.1087000000000002,-2.4955507329619246,-0.1297000000000001,-2.997773244414013,-0.1467,-3.4745309524685304,-0.1627,-4.003632978618054,-0.2237000000000001,-4.4973672222709515,-0.3177,-5.017980980621284,-0.3267000000000001,-5.452297349679851,-0.3367000000000001,-6.0323289826245166,-0.3437,-6.509086690679034,-0.3517,-7.002820934331931,-0.3567000000000001,-7.49089633278537,-0.3607000000000001,-7.977557019938943,-0.3637,-8.539197405985362,-0.3666999999999999,-9.096593658132186,-0.3686999999999999,-9.62003683908225,-0.3706999999999999,-10.074159166338926,-0.3937,-19.947429328097016,-0.4086999999999999,-30.03432089613473,-0.4206999999999999,-39.76753463920618,-0.4337000000000001,-50.335428049198
exp809,-1500mV,-0.2427,-0.4995345599823444,-0.2767,-0.9945420438051208,-0.2887,-1.510911668255859,-0.2956999999999999,-1.9607898616129409,-0.3016999999999999,-2.512527268560305,-0.3056999999999999,-2.949673060218602,-0.3097,-3.4900927767670455,-0.3127000000000001,-3.973924041320888,-0.3157,-4.470487707573516,-0.3187000000000001,-5.078813566515482,-0.3207000000000001,-5.489079843476342,-0.3227000000000001,-5.97432581933005,-0.3247000000000001,-6.451083527384568,-0.3267000000000001,-6.981600264833956,-0.3287000000000001,-7.570120165577812,-0.3297,-7.855891848150549,-0.3317,-8.48826779919022,-0.3337,-9.158840955326248,-0.3347000000000001,-9.504030512493316,-0.3357,-9.857708337459576,-0.3567000000000001,-20.10304757108217,-0.3706999999999999,-29.90699687914687,-0.3826999999999999,-40.33341915915219,-0.3926999999999999,-50.23639825820745
exp810,-1600mV,-0.0347000000000001,-0.5009492712822095,-0.2547,-1.0006253023945404,-0.2876999999999999,-1.4967645552572086,-0.3036999999999999,-1.9834252424107812,-0.3147000000000001,-2.50545371206098,-0.3237,-2.9793819975157674,-0.3307000000000001,-3.5381929609624567,-0.3367000000000001,-4.006462401217783,-0.3417,-4.470487707573516,-0.3467000000000001,-4.995345599823445,-0.3507000000000001,-5.496153399975667,-0.3547000000000001,-5.977155241929781,-0.3587000000000001,-6.510501401978899,-0.3617,-7.018382758630446,-0.3646999999999999,-7.50504344578402,-0.3677,-8.003021823336512,-0.3697,-8.407629255097913,-0.3726999999999999,-8.967854929844465,-0.3746999999999999,-9.429050813600467,-0.3777,-10.054353208140816,-0.4097,-20.13134179707947,-0.4306999999999999,-30.00602667013743,-0.4487,-40.163653803168394,-0.4647,-50.1373684672169
exp811,-1500mV,-0.0307000000000001,-0.4300722351589711,-0.0327000000000001,-0.9794046328965648,-0.0237,1.4854468648582886,-0.0367000000000001,-1.9027866983184745,-0.0207000000000001,2.485647753862869,-0.0417,-2.975137863616172,-0.0177,3.4816045089678553,-0.0467000000000001,-3.9937299995189983,-0.0497,-4.459170017174596,-0.0137,5.098619524713592,-0.0127000000000001,5.506056379074723,-0.0577,-6.021011292225596,-0.0107000000000001,6.494939577680383,-0.0097,6.988673821333281,-0.0657,-7.459772684188338,-0.0687000000000002,-8.001607112036647,-0.0717000000000001,-8.51373260258779,-0.0747000000000002,-8.984831465442848,-0.0777000000000001,-9.523836470691428,-0.0807000000000002,-9.98786177704716,-0.1657000000000001,-20.00401778009162,-0.3706999999999999,-30.00602667013743,-0.3817,-40.26268359415894,-0.3877,-50.010044450229046
exp812,-1800mV,-0.4137,-0.504768991791845,-0.4547,-1.004445022904176,-0.4787,-1.4939351326574788,-0.4967,-1.9975723554094316,-0.5107,-2.506868423360845,-0.5227,-3.000602667013743,-0.5327000000000001,-3.473116241168665,-0.5427000000000001,-3.9979741334185936,-0.5517,-4.521417314368658,-0.5587000000000001,-4.965636662526279,-0.5667000000000001,-5.5018122451751275,-0.5737,-6.025255426125191,-0.5797,-6.497769000280114,-0.5857,-6.997162089132471,-0.5917,-7.526264115281995,-0.5967000000000001,-8.008680668535973,-0.6017,-8.51373260258779,-0.6057,-8.949463682946222,-0.6107000000000001,-9.525251181991292,-0.6146999999999999,-10.014741291744594,-0.6697000000000001,-20.046459119087572,-0.7007,-30.09090934812933,-0.7237000000000001,-40.14950669016974,-0.7416999999999999,-49.75539641625335
exp813,-1400mV,-0.0227000000000001,0.5940372748133289,-0.0217,1.1296469729422318,-0.0267000000000001,-1.3073347122052803,-0.0287000000000001,-2.156020020994316,-0.0297,-2.5408214945576058,-0.0307000000000001,-2.973723152316307,-0.0317,-3.417942500473929,-0.0167000000000001,4.019194802916569,-0.0347000000000001,-4.480390686672571,-0.0357,-4.876509850634781,-0.0147000000000001,5.399953031584845,-0.0137,6.050720229522762,-0.0407000000000001,-6.579822255672285,-0.0417,-6.950476616236925,-0.0437,-7.53333767178132,-0.0457,-8.133175262924096,-0.0467000000000001,-8.486853087890356,-0.0487000000000001,-9.014540402740012,-0.0507000000000001,-9.562033675787784,-0.0087000000000001,9.902979099055257,-0.0957000000000001,-20.046459119087572,-0.1527,-30.00602667013743,-0.3457,-40.05047689917919,-0.3587000000000001,-50.038338676226346
exp814,-1800mV,-0.3427000000000001,-0.4993930888523579,-0.4286999999999999,-1.004586494034163,-0.4577000000000001,-1.5080822456561291,-0.4757000000000001,-2.0103047571082175,-0.4876999999999999,-2.4743300634639493,-0.4987,-3.009090934812933,-0.5076999999999999,-3.515557580164616,-0.5147,-3.9937299995189983,-0.5216999999999999,-4.520002603068792,-0.5277,-5.047689917918451,-0.5327000000000001,-5.517374069473643,-0.5377,-6.047890806923031,-0.5417,-6.482207175981599,-0.5457,-6.983014976133821,-0.5497,-7.503628734484154,-0.5527000000000001,-7.928042124443665,-0.5567000000000001,-8.506659046088465,-0.5597,-9.013125691440148,-0.5627000000000001,-9.508274646392913,-0.5657,-9.99635004484635,-0.6057,-20.00401778009162,-0.6317,-29.949438218142824,-0.6517000000000001,-39.86656443019674,-0.6687,-49.76954352925199
exp815,-1500mV,-0.0177,-0.4882168695834242,-0.0207000000000001,-1.0256656924021514,-0.0237,-1.5816472332491107,-0.0267000000000001,-1.9749369746115912,-0.0297,-2.457353527865569,-0.0337,-3.010505646112798,-0.0037,3.4943369106666404,-0.0427000000000001,-4.003632978618054,-0.0467000000000001,-4.44643761547581,-0.0527000000000001,-5.0491046292183155,-0.0577,-5.534350605072024,-0.0627000000000002,-6.021011292225596,-0.0677000000000001,-6.4850365985813285,-0.0727000000000002,-6.9320853693386795,-0.0787000000000002,-7.489481621485504,-0.0837000000000001,-7.973312886039348,-0.0907000000000002,-8.481194242690894,-0.2416999999999999,-9.01878453663961,-0.1027000000000002,-9.47998042039561,-0.2787,-10.000594178745946,-0.3906999999999999,-20.202077362072725,-0.3977,-30.37385160810234,-0.4017,-40.95589213109281,-0.4046999999999999,-49.58563106026953
exp816,-1400mV,-0.0307000000000001,-0.3467457395969205,-0.0317,-0.8798089573860663,-0.0327000000000001,-1.346239272951569,-0.0267000000000001,1.8461982463238729,-0.0257,2.4502799713662435,-0.0247000000000001,3.1166089936026755,-0.0377,-3.586293145157868,-0.0387000000000001,-3.956947505722508,-0.0227000000000001,4.385605029581614,-0.0217,5.040616361419126,-0.0427000000000001,-5.5272770485726985,-0.0437,-5.851245936241792,-0.0197,6.57274869917296,-0.0467000000000001,-6.953306038836654,-0.0487000000000001,-7.492311044085233,-0.0177,8.07517209962963,-0.0517,-8.496756066989409,-0.0537,-9.035761072237989,-0.0557,-9.625695684281707,-0.0567000000000001,-9.963811684949455,-0.0987000000000002,-19.98987066709297,-0.1397000000000001,-30.07676223513068,-0.1757000000000002,-39.95144710818864,0.0112999999999998,50.052485789224995
exp817,-1400mV,-0.0307000000000001,0.4340334267985932,-0.0297,0.9743116722170508,-0.0287000000000001,1.588720789748436,-0.0357,-2.1475317531951257,-0.0367000000000001,-2.5705304318547717,-0.0377,-3.0232380478115832,-0.0387000000000001,-3.512728157564886,-0.0397,-3.9725093300210226,-0.0407000000000001,-4.379946184382153,-0.0427000000000001,-5.132572595910353,-0.0227000000000001,5.508885801674452,-0.0447000000000001,-5.984228798429105,-0.0457,-6.3407360459950945,-0.0477,-7.019797469930312,-0.0487000000000001,-7.415916633892522,-0.0507000000000001,-8.10629574822666,-0.0187000000000001,8.566076920682798,-0.0537,-9.06405529823529,-0.0177,9.434709658799928,-0.0567000000000001,-10.011911869144866,-0.0947000000000002,-20.06060623208622,-0.1377000000000001,-30.07676223513068,-0.1946999999999999,-39.99388844718459,-0.2736999999999999,-49.93930888523579
exp818,-1600mV,-0.0327000000000001,-0.4979783775524929,-0.0727000000000002,-1.001615600304446,-0.1067000000000002,-1.4868615761581534,-0.2656999999999999,-1.9975723554094316,-0.1897000000000002,-2.5012095781613843,-0.3177,-2.9864555540150928,-0.3327000000000001,-3.4816045089678553,-0.3477,-3.986656443019674,-0.3577,-4.505855490070142,-0.3626999999999999,-4.9840279094245235,-0.3666999999999999,-5.530106471172428,-0.3697,-6.060623208621817,-0.3717,-6.411471610988346,-0.3746999999999999,-7.063653520226129,-0.3766999999999999,-7.489481621485504,-0.3786999999999999,-8.008680668535973,-0.3806999999999999,-8.544856251184823,-0.3826999999999999,-9.099423080731915,-0.3837,-9.39792716500344,-0.3857,-10.01332658044473,-0.4097,-19.98987066709297,-0.4286999999999999,-29.921143992145527,-0.4467,-40.10706535117379,-0.4627,-49.98175022423175
exp819,-1600mV,-0.0077,-0.5013736846721689,-0.0187000000000001,-1.0265145191820706,0.0092999999999998,1.4953498439573436,-0.1977000000000001,-2.0004017780091616,-0.2887,-2.485647753862869,-0.3047000000000001,-3.0076762235130676,-0.3157,-3.507069312365426,-0.3247000000000001,-4.03900076111468,-0.3317,-4.486049531872031,-0.3377,-4.975539641625334,-0.3427000000000001,-5.446638504480391,-0.3477,-5.964422840230995,-0.3527000000000001,-6.543039761875795,-0.3557,-6.960379595335981,-0.3597,-7.517775847482805,-0.3626999999999999,-7.9082361662455565,-0.3666999999999999,-8.543441539884956,-0.3686999999999999,-8.908437055250136,-0.3717,-9.407830144102494,-0.3746999999999999,-10.037376672542434,-0.4106999999999999,-19.862546650105116,-0.4337000000000001,-29.75137863616172,-0.4517000000000001,-39.78168175220483,-0.4677000000000001,-50.15151558021555
exp820,-1700mV,-0.4057,-0.5017980980621284,-0.4357000000000001,-0.9917126212053906,-0.4507,-1.505252823056399,-0.4597000000000001,-1.9749369746115912,-0.4667,-2.467256506964624,-0.4727,-2.9935291105144173,-0.4777000000000001,-3.519801714064211,-0.4817000000000001,-4.002218267318188,-0.4857000000000001,-4.551126251665823,-0.4887,-5.017980980621284,-0.4916999999999999,-5.523032914673103,-0.4947,-6.070526187720873,-0.4967,-6.468060062982947,-0.4996999999999999,-7.101850725322484,-0.5016999999999999,-7.557387763879025,-0.5036999999999999,-8.038389605833139,-0.5056999999999999,-8.536367983385631,-0.5076999999999999,-9.073958277334343,-0.5096999999999999,-9.621451550382114,-0.5107,-9.908637944254718,-0.5367000000000001,-20.159636023076775,-0.5537,-29.977732444140123,-0.5677,-39.76753463920618,-0.5807000000000001,-50.024191563227696
exp821,-1400mV,-0.0307000000000001,-0.4750600544946793,-0.0317,-0.8550515096384281,-0.0267000000000001,1.2982805598861442,-0.0347000000000001,-2.082455033401334,-0.0357,-2.4191563227692128,-0.0377,-3.1406590857003813,-0.0387000000000001,-3.5141428688647514,-0.0407000000000001,-4.109736326107932,-0.0207000000000001,4.44643761547581,-0.0197,4.9840279094245235,-0.0187000000000001,5.609330303964871,-0.0467000000000001,-5.879540162239093,-0.0487000000000001,-6.476548330782138,-0.0507000000000001,-6.9434030597376,-0.0527000000000001,-7.473919797186989,-0.0547000000000001,-7.947848082641776,-0.0567000000000001,-8.383579163000208,-0.0587000000000001,-8.911266477849864,-0.0617,-9.566277809687378,-0.0637,-10.069915032439331,-0.1117000000000001,-19.919135102099716,-0.1587,-30.09090934812933,-0.2107,-39.97974133418594,-0.2876999999999999,-49.85442620724389
exp822,-1500mV,-0.0517,-0.4985442620724389,-0.0257,1.010811223753569,-0.0707000000000002,-1.499593977856939,-0.0127000000000001,1.9777663972113213,-0.0897000000000001,-2.512527268560305,-0.0987000000000002,-3.0119203574126634,-0.1067000000000002,-3.4787750863681253,-0.1167,-4.0220242255163,0.0062999999999999,4.498781933570816,-0.1367,-5.023639825820745,-0.1487,-5.506056379074723,-0.2107,-5.998375911427756,-0.3016999999999999,-6.511916113278764,-0.3347000000000001,-7.012723913430986,-0.3726999999999999,-7.500799311884425,-0.3817,-7.998777689436918,-0.3866999999999999,-8.532123849486036,-0.3897,-8.987660888042578,-0.3917,-9.423391968401008,-0.3937,-9.946835149351072,-0.4057,-19.395691921149652,-0.4117,-29.567466167179266,-0.4186999999999999,-39.696799074212926,-0.4277000000000001,-50.2788395972034
exp823,-1600mV,-0.0197,-0.4787383038743284,-0.0327000000000001,-1.001898542564419,-0.0487000000000001,-1.502423400456669,-0.0647000000000002,-2.008890045808352,-0.0797000000000001,-2.5167714024599,-0.0927000000000002,-2.9935291105144173,-0.1057000000000001,-3.492922199366775,-0.1187,-4.000803556018323,-0.2487,-4.503026067470412,-0.1417000000000001,-5.006663290222365,-0.3317,-5.498982822575398,-0.1677000000000001,-5.998375911427756,-0.3977,-6.504842556779439,-0.4017,-6.940573637137869,-0.4046999999999999,-7.445625571189688,-0.4066999999999999,-8.001607112036647,-0.4086999999999999,-8.693400937670651,-0.4097,-9.158840955326248,-0.4106999999999999,-9.743116722170509,-0.4106999999999999,-9.743116722170509,-0.4197000000000001,-19.791811085111863,-0.4266999999999999,-30.487028512091538,-0.4357000000000001,-39.90900576919269,-0.4567,-49.93930888523579
exp824,-1900mV,-0.5937,-0.4957148394727089,-0.6266999999999999,-0.9956738128450128,-0.6457,-1.5080822456561291,-0.6587,-2.0032312006088917,-0.6687,-2.4842330425630044,-0.6777000000000001,-3.0147497800123935,-0.6847,-3.504239889765696,-0.6907,-3.986656443019674,-0.6967,-4.535564427367307,-0.7017000000000001,-5.050519340518181,-0.7057000000000001,-5.507471090374587,-0.7097000000000001,-6.001205334027486,-0.7137000000000001,-6.540210339276065,-0.7167,-6.981600264833956,-0.7197000000000001,-7.447040282489553,-0.7227,-7.94360394874218,-0.7257000000000001,-8.47977953139103,-0.7287,-9.04141991743745,-0.7307,-9.444612637898985,-0.7337000000000001,-10.071329743739197,-0.7667,-20.13134179707947,-0.7877,-30.274821817111786,-0.8037,-40.12121246417244,-0.8177,-50.1656626932142
exp825,-1900mV,-0.5617,-0.5046275206618586,-0.5917,-1.0000594178745943,-0.6107000000000001,-1.5080822456561291,-0.6237,-1.9791811085111863,-0.6346999999999999,-2.4814036199632743,-0.6437,-2.975137863616172,-0.6517000000000001,-3.4858486428674507,-0.6587,-4.003632978618054,-0.6647,-4.5044407787702765,-0.6697000000000001,-4.962807239926549,-0.6747,-5.466444462678503,-0.6797000000000001,-6.015352447026135,-0.6837000000000001,-6.489280732480923,-0.6877000000000001,-6.999991511732201,-0.6917000000000001,-7.5474847847799715,-0.6947,-7.987459999037997,-0.6977000000000001,-8.438752903694944,-0.7007,-8.923998879548652,-0.7037000000000001,-9.42622139100074,-0.7067,-9.959567551049858,-0.7467,-19.97572355409432,-0.7716999999999999,-29.935291105144177,-0.7907000000000001,-39.96559422118728,-0.8067000000000001,-50.1656626932142
exp826,-1500mV,-0.0307000000000001,-0.5630550973462846,-0.0327000000000001,-0.9936932170252016,-0.0227000000000001,1.5179852247551844,-0.0377,-1.9904987989101068,-0.0407000000000001,-2.532333226758415,-0.0437,-3.004846800913338,-0.0467000000000001,-3.505654601065561,-0.0507000000000001,-4.051733162813465,-0.0547000000000001,-4.532735004767577,-0.0587000000000001,-5.00807800152223,-0.0627000000000002,-5.467859173978367,-0.0687000000000002,-6.025255426125191,-0.0737000000000001,-6.470889485582678,-0.0807000000000002,-7.032529871629097,-0.0877000000000001,-7.507872868383751,-0.0957000000000001,-7.966239329540022,-0.1057000000000001,-8.478364820091164,-0.1177000000000001,-9.011710980140284,-0.1307,-9.475736286496016,-0.1457000000000001,-10.02464427084365,-0.3567000000000001,-20.07475334508487,-0.3897,-29.977732444140123,-0.4146999999999999,-39.97974133418594,-0.4367,-50.094927128220945
exp827,-1400mV,-0.0417,-0.5439564947981066,-0.0367000000000001,0.9325776888710322,-0.0347000000000001,1.5745736767497858,-0.0467000000000001,-1.895713141819149,-0.0317,2.5408214945576058,-0.0297,3.08407063370578,-0.0527000000000001,-3.427845479572984,-0.0557,-4.013535957717109,-0.0257,4.522832025668523,-0.0597,-4.9840279094245235,-0.0617,-5.445223793180525,-0.0217,6.054964363422357,-0.0207000000000001,6.493524866380518,-0.0687000000000002,-6.968867863135171,-0.0177,7.472505085887125,-0.0737000000000001,-7.993118844237457,-0.0767000000000002,-8.51373260258779,-0.0797000000000001,-9.06688472083502,-0.0817000000000001,-9.453100905698175,-0.0847000000000002,-9.979373509247967,-0.1627,-19.97572355409432,0.0122999999999999,29.977732444140123,-0.3617,-40.24853648116029,-0.3737,-49.88272043324119
exp828,-1400mV,-0.0247000000000001,0.5240090654700096,-0.0287000000000001,-0.9247967767217744,-0.0307000000000001,-1.5179852247551844,-0.0207000000000001,2.113578681998365,-0.0337,-2.460182950465299,-0.0357,-2.976552574916037,-0.0377,-3.555169496560837,-0.0397,-3.995144710818863,-0.0417,-4.500196644870682,-0.0147000000000001,4.996760311123309,-0.0137,5.4947386886758025,-0.0487000000000001,-6.009693601826676,-0.0517,-6.589725234771341,-0.0537,-6.961794306635846,-0.0567000000000001,-7.537581805680916,-0.0597,-8.065269120530575,-0.0087000000000001,8.50241491218887,-0.0657,-9.054152319136236,-0.0677000000000001,-9.481395131695477,-0.0707000000000002,-9.948249860650938,-0.1327,-20.01816489309027,-0.2277000000000001,-30.03432089613473,-0.2927,-39.96559422118728,-0.3217,-50.109074241219595
exp829,-1400mV,-0.0347000000000001,-0.3748984944642347,-0.0357,-0.9689357692775638,-0.0367000000000001,-1.501008689156804,-0.0377,-2.013134179707947,-0.0387000000000001,-2.552139184956526,-0.0397,-3.1081207258034858,-0.0287000000000001,3.4632132620696097,-0.0417,-4.091345079209686,-0.0427000000000001,-4.538393849967037,-0.0437,-5.0222251145208805,-0.0447000000000001,-5.5145446468739125,-0.0457,-5.97998466452951,-0.0467000000000001,-6.397324497989696,-0.0237,7.1457067756183,-0.0497,-7.66490582266877,-0.0227000000000001,7.93228625834326,-0.0517,-8.417532234196969,-0.0537,-9.150352687527056,-0.0207000000000001,9.571936654886835,-0.0557,-9.99069119964689,-0.0897000000000001,-20.14548891007812,-0.1267,-30.07676223513068,-0.1687,-39.97974133418594,-0.2347,-49.93930888523579
exp830,-1700mV,-0.0837000000000001,-0.5005248578922499,-0.1327,-1.0038791383842298,-0.3127000000000001,-1.498179266557074,-0.3587000000000001,-1.9975723554094316,-0.3686999999999999,-2.478574197363544,-0.3757,-2.994943821814283,-0.3806999999999999,-3.4561397055702843,-0.3846999999999999,-4.0050476899179195,-0.3877,-4.559614519465013,-0.3897,-5.0094927128220945,-0.3917,-5.565474253669055,-0.3926999999999999,-5.906419676936528,-0.3946999999999999,-6.581236966972151,-0.3957,-6.939158925838006,-0.3966999999999999,-7.33952222369981,-0.3986999999999999,-8.134589974223962,-0.3997,-8.563247498083067,-0.4006999999999999,-8.960781373345142,-0.4017,-9.38378005200479,-0.4037,-10.208556739826104,-0.4507,-20.14548891007812,-0.4936999999999999,-29.878702653149578,-0.5357,-39.85241731719808,-0.5637,-49.89686754623985
exp831,-1500mV,-0.0197,-0.4624691239258804,-0.0077,0.9873270161758092,-0.0327000000000001,-1.505252823056399,-0.0407000000000001,-1.9876693763103763,-0.0487000000000001,-2.49696544426179,-0.0577,-3.0119203574126634,-0.0667000000000002,-3.502825178465831,-0.0757000000000001,-3.9937299995189983,-0.0847000000000002,-4.500196644870682,-0.0937000000000001,-5.001004445022905,0.0082999999999999,5.511715224274183,-0.2776999999999999,-5.987058221028835,-0.2976999999999999,-6.496354288980249,-0.3197,-7.005650356931662,-0.1767,-7.500799311884425,0.0122999999999999,8.003021823336512,-0.3697,-8.536367983385631,0.0132999999999998,9.027272804438798,-0.3766999999999999,-9.519592336791831,-0.3786999999999999,-9.97654408664824,-0.3937,-19.53716305113616,-0.3997,-29.284523907206257,-0.4057,-40.24853648116029,-0.4117,-49.9110146592385
exp832,-1500mV,-0.0507000000000001,0.5186331625305225,-0.0587000000000001,-0.9747360856070102,-0.0617,-1.5137410908555893,-0.0647000000000002,-2.0881138786007942,-0.0677000000000001,-2.5776039883540967,-0.0397,2.996358533114148,-0.0377,3.426430768273119,-0.0757000000000001,-3.956947505722508,-0.0337,4.467658284973785,-0.0327000000000001,4.9698807964258735,-0.0847000000000002,-5.465029751378637,-0.0877000000000001,-5.941787459433154,-0.0907000000000002,-6.456742372584028,-0.0947000000000002,-7.080630055824508,-0.0177,7.500799311884425,-0.1007000000000002,-8.008680668535973,-0.1037000000000001,-8.4203616567967,-0.1077000000000001,-8.962196084645006,-0.0117,9.495542244694128,-0.0097,10.000594178745946,0.0092999999999998,19.947429328097016,-0.3917,-30.147497800123933,-0.4006999999999999,-39.88071154319538,-0.4066999999999999,-50.957901021138625
exp833,-1700mV,-0.0597,-0.4955733683427223,-0.0967000000000002,-0.9972299952748644,-0.1697000000000001,-1.498179266557074,-0.3746999999999999,-1.982010531110916,-0.3866999999999999,-2.5252596702590906,-0.3906999999999999,-2.990699687914687,-0.3937,-3.4448220151713644,-0.3966999999999999,-4.0050476899179195,-0.3986999999999999,-4.469072996273651,-0.4006999999999999,-5.01939569192115,-0.4026999999999999,-5.5994273248658155,-0.4037,-5.981399375829374,-0.4057,-6.667534356263918,-0.4066999999999999,-7.038188716828557,-0.4077,-7.420160767792117,-0.4086999999999999,-7.93228625834326,-0.4106999999999999,-8.583053456281176,-0.4117,-8.993319733242037,-0.4126999999999999,-9.429050813600467,-0.4146999999999999,-10.161871266930556,-0.4627,-20.07475334508487,-0.5016999999999999,-30.04846800913338,-0.5317,-40.00803556018324,-0.5577,-49.9958973372304
exp834,-1500mV,-0.0117,-0.4911877633131407,-0.0217,-1.0011911869144865,-0.0367000000000001,-1.5264734925543744,0.0072999999999998,2.0159636023076772,-0.0727000000000002,-2.5139419798601703,-0.0907000000000002,-2.9822114201154974,-0.1067000000000002,-3.4915074880669104,-0.1217000000000001,-3.999388844718459,-0.1357000000000001,-4.508684912669872,-0.1467,-5.0335428049198,-0.1557000000000001,-5.4622003287789065,-0.3127000000000001,-5.998375911427756,-0.1737000000000002,-6.487866021181058,-0.2576999999999999,-6.997162089132471,-0.2476999999999999,-7.49655517798483,-0.2337000000000001,-8.012924802435567,-0.3477,-8.536367983385631,-0.3527000000000001,-9.040005206137584,-0.3577,-9.546471851489269,-0.3617,-9.959567551049858,-0.3926999999999999,-20.371842718056527,-0.4037,-30.232380478115836,-0.4126999999999999,-39.83827020419943,-0.4217000000000001,-50.54763474417776
exp835,-1600mV,-0.0277,-0.5074569432615886,-0.0657,-0.9927029191152964,-0.1027000000000002,-1.501008689156804,-0.1357000000000001,-1.993328221509837,-0.1607,-2.4913065990623298,-0.1817000000000002,-2.996358533114148,-0.2047,-3.5014104671659654,-0.3177,-4.009291823817514,-0.3297,-4.494537799671222,-0.3407000000000001,-4.98827204332412,-0.3527000000000001,-5.537180027671754,-0.3657,-6.00262004532735,-0.3737,-6.518989669778089,-0.3777,-6.913694122440434,-0.3817,-7.4767492197867185,-0.3846999999999999,-7.990289421637726,-0.3877,-8.570321054582392,-0.3897,-9.003222712341092,-0.3917,-9.481395131695477,-0.3937,-10.011911869144866,-0.4206999999999999,-19.93328221509837,-0.4407,-29.85040842715227,-0.4587,-39.97974133418594,-0.4757000000000001,-50.094927128220945
exp836,-1400mV,-0.0537,-0.4882168695834242,-0.0547000000000001,-0.9434709658799928,-0.0497,1.5632559863508655,-0.0487000000000001,2.048501962204573,-0.0477,2.5719451431546365,-0.0587000000000001,-2.8761080726256196,-0.0597,-3.314668575583781,-0.0607000000000002,-3.7574732124415378,-0.0617,-4.25828101259376,-0.0637,-5.175013934906304,-0.0647000000000002,-5.588109634466894,-0.0657,-6.022426003525461,-0.0667000000000002,-6.493524866380518,-0.0677000000000001,-6.966038440535441,-0.0687000000000002,-7.396110675694412,-0.0707000000000002,-8.213813807016404,-0.0717000000000001,-8.672180268172674,-0.0367000000000001,8.984831465442848,-0.0737000000000001,-9.571936654886835,-0.0747000000000002,-9.958152839749992,-0.0987000000000002,-19.919135102099716,-0.1227,-29.935291105144177,-0.1457000000000001,-39.92315288219133,-0.1677000000000001,-50.094927128220945
exp837,-1400mV,-0.0327000000000001,0.4286575238591061,-0.0367000000000001,-1.0422178146105725,-0.0377,-1.375099383468816,-0.0397,-1.9876693763103763,-0.0277,2.430474013168133,-0.0427000000000001,-2.9850408427152275,-0.0447000000000001,-3.556584207860702,-0.0457,-3.8763089616302007,-0.0477,-4.466243573673921,-0.0497,-4.986857332024254,-0.0517,-5.588109634466894,-0.0537,-6.063452631221548,-0.0557,-6.5967987912706665,-0.0577,-7.1145831270212705,-0.0597,-7.5474847847799715,-0.0617,-8.092148635228009,-0.0637,-8.509488468688197,-0.0657,-8.998978578441498,-0.0677000000000001,-9.453100905698175,-0.0707000000000002,-10.125088773134069,-0.0007000000000001,20.00401778009162,-0.2137000000000001,-29.991879557138777,-0.3117,-39.95144710818864,-0.3387000000000001,-49.98175022423175
exp838,-1700mV,-0.0597,-0.5006663290222364,-0.0997000000000001,-1.001615600304446,-0.1827,-1.499593977856939,0.0132999999999998,1.993328221509837,-0.3917,-2.4842330425630044,-0.3957,-2.9369406585198163,-0.3997,-3.5183870027643462,-0.4017,-3.880553095529795,-0.4037,-4.357310803584314,-0.4057,-4.951489549527628,-0.4077,-5.60367145876541,-0.4086999999999999,-5.948861015932479,-0.4106999999999999,-6.511916113278764,-0.4117,-7.223515897110879,-0.4126999999999999,-7.343766357599406,-0.4137,-7.92096856794434,-0.4157,-8.566076920682798,-0.4186999999999999,-9.105081925931376,-0.4177,-9.515348202892236,-0.4217000000000001,-10.03030311604311,-0.4867,-20.00401778009162,-0.5287000000000001,-29.822114201154974,-0.5597,-39.93729999518999,-0.5977,-50.179809806212845
exp839,-1400mV,-0.0757000000000001,0.4457755305874731,-0.0747000000000002,0.9675210579776986,-0.0737000000000001,1.4812027309586933,-0.0727000000000002,2.0357695605057877,-0.0717000000000001,2.6115570595508575,-0.0707000000000002,3.1703680229975473,-0.0697000000000001,3.715031873445586,-0.0847000000000002,-4.23281620919619,-0.0857000000000001,-4.712403339850438,-0.0677000000000001,4.83406851163883,-0.0667000000000002,5.439564947981066,-0.0657,6.023840714825327,-0.0647000000000002,6.588310523471475,-0.0637,7.161268599916816,-0.0917000000000001,-7.681882358267148,-0.0927000000000002,-8.195422560118157,-0.0617,8.382164451700342,-0.0607000000000002,9.017369825339744,-0.0957000000000001,-9.598816169584271,-0.0967000000000002,-10.085476856737849,-0.0447000000000001,19.805958198110513,-0.1407,-30.00602667013743,-0.0217,39.80997597820213,-0.1867000000000001,-50.12322135421825
exp840,-1600mV,-0.0767000000000002,-0.4866606871535727,-0.0477,0.9970885241448778,-0.0387000000000001,1.498179266557074,-0.0307000000000001,1.9947429328097015,-0.0237,2.4842330425630044,-0.1277000000000001,-3.009090934812933,-0.1377000000000001,-3.507069312365426,-0.1487,-4.003632978618054,-0.1597000000000001,-4.511514335269602,-0.1717000000000001,-5.01939569192115,0.0022999999999999,5.5018122451751275,-0.1966999999999999,-5.99696120012789,-0.2117000000000001,-6.493524866380518,-0.2287,-6.992917955232877,-0.2456999999999999,-7.506458157083885,-0.2607,-7.993118844237457,-0.2747,-8.491097221789948,-0.2867,-9.014540402740012,-0.2967000000000001,-9.530910027190751,-0.3047000000000001,-9.9822029318477,-0.3766999999999999,-19.834252424107817,-0.4077,-29.949438218142824,-0.4417000000000001,-40.02218267318189,-0.4677000000000001,-50.1656626932142
exp841,-1500mV,-0.0027000000000001,0.4944415993028303,-0.0267000000000001,-1.012084463923447,-0.0407000000000001,-1.5094969569559942,-0.0597,-1.9947429328097015,-0.0827000000000002,-2.4898918877624645,-0.0997000000000001,-3.002017378313608,-0.1187,-3.4957516219665052,-0.1337000000000001,-3.988071154319539,-0.1477000000000001,-4.481805397972437,-0.1587,-4.981198486824794,-0.1697000000000001,-5.517374069473643,-0.1787,-5.967252262830725,-0.1887000000000001,-6.494939577680383,-0.3036999999999999,-7.001406223032068,-0.3227000000000001,-7.492311044085233,-0.2187,-8.004436534636376,-0.2527,-8.5052443347886,-0.3437,-9.04141991743745,-0.3487000000000001,-9.498371667293856,-0.3547000000000001,-9.99352062224662,-0.4046999999999999,-20.202077362072725,-0.4186999999999999,-29.864555540150924,-0.4297000000000001,-39.61191639622103,-0.4397000000000001,-49.72710219025603
exp842,-1600mV,-0.2616999999999999,-0.5002419156322769,-0.4046999999999999,-0.98647818939589,-0.4126999999999999,-1.472714463159503,-0.4157,-1.9282515017160449,-0.4177,-2.4219857453689424,-0.4197000000000001,-3.1038765919038904,-0.4206999999999999,-3.5282899818634013,-0.4217000000000001,-3.995144710818863,-0.4226999999999999,-4.495952510971087,-0.4237000000000001,-5.056178185717641,-0.4246999999999999,-5.653186354260687,-0.4257000000000001,-6.309612397398063,-0.4257000000000001,-6.309612397398063,-0.4266999999999999,-7.026871026429637,-0.4277000000000001,-7.796473973556218,-0.4277000000000001,-7.796473973556218,-0.4286999999999999,-8.597200569279828,-0.4286999999999999,-8.597200569279828,-0.4297000000000001,-9.424806679700875,-0.4306999999999999,-10.256656924021517,-0.4537000000000001,-20.06060623208622,-0.4817000000000001,-29.822114201154974,-0.5067,-40.05047689917919,-0.5287000000000001,-49.8261319812466
exp843,-1400mV,-0.0267000000000001,0.384518531303317,-0.0307000000000001,-1.0576381677791014,-0.0317,-1.3925003324571557,-0.0337,-2.0683079204026833,-0.0217,2.557798030155986,-0.0207000000000001,3.0685088094072643,-0.0197,3.608928525955709,-0.0397,-3.891870785928716,-0.0417,-4.4973672222709515,-0.0437,-4.974124930325469,-0.0457,-5.469273885278232,-0.0477,-5.975740530629915,-0.0147000000000001,6.428448146586726,-0.0527000000000001,-7.063653520226129,-0.0547000000000001,-7.432893169490902,-0.0577,-8.0723426770299,-0.0597,-8.41470281159724,-0.0107000000000001,8.959366662045278,-0.0657,-9.60306030348387,-0.0677000000000001,-9.986447065747294,-0.1227,-19.97572355409432,-0.1807,-29.949438218142824,-0.2787,-40.00803556018324,-0.3187000000000001,-50.1939569192115
exp844,-1600mV,-0.3067000000000001,-0.5008078001522229,-0.3537,-1.0062841475940008,-0.3666999999999999,-1.5222293586547797,-0.3746999999999999,-1.9791811085111863,-0.3817,-2.515356691160035,-0.3866999999999999,-2.9807967088156326,-0.3917,-3.5297046931632665,-0.3957,-4.026268359415894,-0.3986999999999999,-4.4322905024771595,-0.4026999999999999,-5.0292986710202054,-0.4057,-5.517374069473643,-0.4086999999999999,-6.023840714825327,-0.4117,-6.585481100871745,-0.4137,-6.981600264833956,-0.4157,-7.403184232193737,-0.4186999999999999,-8.053951430131654,-0.4206999999999999,-8.522220870386981,-0.4226999999999999,-9.01595511403988,-0.4246999999999999,-9.535154161090349,-0.4266999999999999,-10.103868103636094,-0.4547,-20.10304757108217,-0.4747,-30.24652759111449,-0.4907,-39.93729999518999,-0.5056999999999999,-50.010044450229046
exp845,-1600mV,-0.1247,-0.4978369064225064,-0.3237,-0.9994935333546484,-0.3467000000000001,-1.4882762874580184,-0.3577,-2.0187930249074073,-0.3646999999999999,-2.4927213103621946,-0.3706999999999999,-2.994943821814283,-0.3757,-3.499995755866101,-0.3797,-3.973924041320888,-0.3837,-4.503026067470412,-0.3866999999999999,-4.938757147828842,-0.3906999999999999,-5.57820665536784,-0.3926999999999999,-5.913493233435854,-0.3957,-6.453912949984297,-0.3986999999999999,-7.032529871629097,-0.4006999999999999,-7.447040282489553,-0.4037,-8.110539882126256,-0.4057,-8.573150477182121,-0.4077,-9.04990818523664,-0.4097,-9.564863098387514,-0.4117,-10.096794547136763,-0.4387,-20.08890045808352,-0.4577000000000001,-29.878702653149578,-0.4737000000000001,-39.88071154319538,-0.4876999999999999,-50.010044450229046
exp846,-1600mV,0.0052999999999998,0.4954318972127358,-0.0927000000000002,-0.9921370345953502,-0.1347,-1.506667534356264,-0.1747,-1.9989870667092968,-0.3637,-2.4955507329619246,-0.3786999999999999,-3.0175792026121235,-0.3846999999999999,-3.4801897976679905,-0.3897,-4.034756627215084,-0.3926999999999999,-4.457755305874731,-0.3957,-5.0052485789225,-0.3977,-5.4169295671832245,-0.3997,-5.910663810836123,-0.4017,-6.438351125685783,-0.4037,-7.033944582928963,-0.4046999999999999,-7.4498697050892835,-0.4066999999999999,-8.07517209962963,-0.4077,-8.380749740400477,-0.4097,-9.16732922312544,-0.4106999999999999,-9.581839633985894,-0.4117,-10.006253023945405,-0.4306999999999999,-20.30110715306328,-0.4447,-29.892849766148224,-0.4577000000000001,-40.05047689917919,-0.4687,-49.81198486824794
exp847,-1500mV,-0.0427000000000001,-0.519906402700401,-0.0557,-1.0103868103636091,-0.0687000000000002,-1.505252823056399,-0.0827000000000002,-2.0032312006088917,-0.0967000000000002,-2.51111255726044,-0.1087000000000002,-3.003432089613473,-0.1217000000000001,-3.5183870027643462,-0.1327,-4.003632978618054,-0.1447,-4.498781933570816,-0.1567,-5.02505453712061,-0.1667,-5.479176864377286,-0.1777000000000002,-5.987058221028835,-0.1897000000000002,-6.502013134179709,-0.2017000000000001,-6.98584439873355,-0.2147,-7.492311044085233,-0.2307,-7.990289421637726,-0.2496999999999999,-8.506659046088465,-0.2716999999999999,-8.990490310642308,-0.2887,-9.488468688194802,-0.3007000000000001,-10.000594178745946,-0.3826999999999999,-20.14548891007812,-0.4046999999999999,-29.90699687914687,-0.4237000000000001,-39.75338752620753,-0.4407,-49.93930888523579
exp848,-1500mV,-0.0237,-0.4955733683427223,-0.0477,-0.9894490831256064,-0.0727000000000002,-1.4967645552572086,-0.0947000000000002,-2.0103047571082175,-0.1157000000000001,-2.51111255726044,-0.1347,-3.021823336511718,-0.1527,-3.5014104671659654,-0.3377,-3.992315288219133,-0.2496999999999999,-4.500196644870682,-0.3837,-5.017980980621284,-0.3886999999999999,-5.511715224274183,-0.3917,-5.9997906227276205,-0.3937,-6.55011331837512,-0.3946999999999999,-6.903791143341379,-0.3957,-7.312642709002375,-0.3966999999999999,-7.793644550956487,-0.3977,-8.396311564698992,-0.3986999999999999,-9.107911348531106,-0.3986999999999999,-9.107911348531106,-0.3997,-9.912882078154311,-0.4077,-19.73522263311726,-0.4137,-29.25622968120896,-0.4217000000000001,-40.27683070715759,-0.4297000000000001,-49.74124930325469
exp849,-1900mV,-0.5447000000000001,-0.5023639825820745,-0.5737,-1.0034547249942705,-0.5907000000000001,-1.4854468648582886,-0.6037,-1.9791811085111863,-0.6146999999999999,-2.5012095781613843,-0.6237,-3.009090934812933,-0.6317,-3.532534115762996,-0.6377,-3.968265196121428,-0.6446999999999999,-4.529905582167847,-0.6497,-4.972710219025604,-0.6557000000000001,-5.549912429370539,-0.6597000000000001,-5.963008128931129,-0.6647,-6.510501401978899,-0.6687,-6.981600264833956,-0.6727,-7.480993353686313,-0.6767,-8.011510091135703,-0.6807,-8.570321054582392,-0.6837000000000001,-9.011710980140284,-0.6867,-9.472906863896286,-0.6897000000000001,-9.949664571950803,-0.7347,-20.03231200608892,-0.7627,-29.90699687914687,-0.7847000000000001,-40.03632978618054,-0.8027000000000001,-49.9958973372304
exp850,-1500mV,-0.0287000000000001,-0.464874133135651,-0.0167000000000001,1.0161871266930558,-0.0397,-1.502423400456669,-0.0107000000000001,1.9763516859114565,-0.0527000000000001,-2.5196008250596305,-0.0587000000000001,-2.996358533114148,-0.0657,-3.4830192202677206,-0.0017,4.002218267318188,-0.0807000000000002,-4.508684912669872,-0.0877000000000001,-4.979783775524929,-0.0947000000000002,-5.486250420876612,0.0042999999999999,5.98564350972897,-0.1117000000000001,-6.513330824578629,-0.1197000000000001,-7.016968047330582,-0.1287,-7.53333767178132,-0.1377000000000001,-7.987459999037997,-0.1487,-8.51090317998806,-0.1607,-8.994734444541903,-0.1807,-9.528080604591022,-0.2217000000000001,-10.000594178745946,-0.3537,-20.14548891007812,-0.3717,-29.75137863616172,-0.3826999999999999,-39.66850484821563,-0.3917,-50.1656626932142
exp851,-1500mV,-0.0267000000000001,-0.4969880796425873,-0.0627000000000002,-0.9934102747652288,-0.1027000000000002,-1.499593977856939,-0.3587000000000001,-1.9947429328097015,-0.3777,-2.512527268560305,-0.3837,-3.050117562509019,-0.3866999999999999,-3.4985810445662353,-0.3886999999999999,-3.9215797232258818,-0.3906999999999999,-4.505855490070142,-0.3917,-4.85387446983694,-0.3926999999999999,-5.274043725896856,-0.3937,-5.7706073921494845,-0.3946999999999999,-6.343565468594824,-0.3957,-6.995747377832608,-0.3966999999999999,-7.721494274663371,-0.3966999999999999,-7.721494274663371,-0.3977,-8.537782694685495,-0.3986999999999999,-9.45734503959777,-0.3986999999999999,-9.45734503959777,-0.3997,-10.458960639902216,-0.4077,-19.579604390132108,-0.4206999999999999,-30.359704495103685,-0.4347,-39.71094618721158,-0.4497000000000001,-50.094927128220945
exp852,-1600mV,-0.0307000000000001,-0.4976954352925198,-0.0517,-0.9987861777047158,-0.0897000000000001,-1.502423400456669,-0.2527,-2.0004017780091616,-0.3357,-2.4898918877624645,-0.3487000000000001,-3.000602667013743,-0.3577,-3.504239889765696,-0.3646999999999999,-3.986656443019674,-0.3706999999999999,-4.4775612640728415,-0.3766999999999999,-5.027883959720341,-0.3817,-5.547083006770809,-0.3857,-6.016767158326001,-0.3897,-6.504842556779439,-0.3937,-7.041018139428288,-0.3966999999999999,-7.495140466684964,-0.3997,-7.952092216541371,-0.4026999999999999,-8.44016761499481,-0.4057,-8.980587331543253,-0.4086999999999999,-9.512518780292506,-0.4106999999999999,-9.911467366854446,-0.4497000000000001,-20.117194684080825,-0.4777000000000001,-30.161644913122583,-0.5027,-39.96559422118728,-0.5257,-50.1373684672169
exp853,-1600mV,-0.0087000000000001,0.5063251742216967,-0.0047000000000001,1.0184506647728395,-0.0467000000000001,-1.5094969569559942,-0.0707000000000002,-2.001816489309027,-0.1017000000000001,-2.4884771764625997,0.0052999999999998,3.004846800913338,-0.3097,-3.4816045089678553,-0.3217,-3.9809975978202137,-0.3317,-4.498781933570816,-0.3397,-5.0052485789225,-0.3457,-5.460785617479042,-0.3517,-5.99413177752816,-0.3567000000000001,-6.4850365985813285,0.0132999999999998,6.984429687433686,-0.3587000000000001,-7.568705454277946,-0.3626999999999999,-8.04121902843287,-0.3657,-8.48543837659049,-0.3706999999999999,-9.06688472083502,-0.3737,-9.522421759391564,-0.3766999999999999,-9.958152839749992,-0.4166999999999999,-19.876693763103766,-0.4407,-30.13335068712528,-0.4587,-39.76753463920618,-0.4747,-49.85442620724389
exp854,-1900mV,-0.6266999999999999,-0.5012322135421824,-0.6517000000000001,-0.9859123048759442,-0.6657000000000001,-1.506667534356264,-0.6747,-2.004645911908757,-0.6817000000000001,-2.5210155363594953,-0.6867,-2.970893729716577,-0.6917000000000001,-3.502825178465831,-0.6957000000000001,-3.996559422118728,-0.6997000000000001,-4.559614519465013,-0.7027,-5.0335428049198,-0.7057000000000001,-5.551327140670404,-0.7077000000000001,-5.924810923834773,-0.7107,-6.5246485149775495,-0.7127,-6.961794306635846,-0.7147,-7.415916633892522,-0.7167,-7.902577321046096,-0.7187,-8.417532234196969,-0.7207,-8.953707816845819,-0.7227,-9.526665893291156,-0.7247,-10.127918195733796,-0.7487,-19.97572355409432,-0.7656999999999999,-30.02017378313608,-0.7797,-40.00803556018324,-0.7917,-49.81198486824794
exp855,-1500mV,-0.0327000000000001,-0.4909048210531677,-0.0237,0.9989276488347024,-0.0407000000000001,-1.4670556179600431,-0.0187000000000001,2.0103047571082175,-0.0167000000000001,2.4898918877624645,-0.0527000000000001,-3.0204086252118536,-0.0567000000000001,-3.509898734965156,-0.0607000000000002,-4.0220242255163,-0.0647000000000002,-4.510099623969737,-0.0077,4.971295507725738,-0.0727000000000002,-5.459370906179177,-0.0047000000000001,6.001205334027486,-0.0817000000000001,-6.460986506483622,-0.0867000000000002,-7.035359294228828,-0.0907000000000002,-7.512117002283345,-0.0947000000000002,-7.983215865138402,-0.0997000000000001,-8.537782694685495,-0.1037000000000001,-8.969269641144333,-0.1087000000000002,-9.518177625491967,-0.1127,-9.951079283250667,-0.3467000000000001,-20.00401778009162,-0.3837,-29.878702653149578,-0.3946999999999999,-40.602214306126555,-0.4006999999999999,-49.444159930283035
exp856,-1500mV,-0.0407000000000001,-0.4952904260827492,0.0002999999999999,0.9955323417150264,-0.0857000000000001,-1.499593977856939,-0.1077000000000001,-1.9947429328097015,-0.1307,-2.515356691160035,-0.2736999999999999,-3.000602667013743,-0.3087000000000001,-3.502825178465831,-0.3377,-3.9979741334185936,-0.3587000000000001,-4.491708377071491,-0.3666999999999999,-4.996760311123309,-0.3706999999999999,-5.446638504480391,-0.3737,-5.98281408712924,-0.3757,-6.468060062982947,-0.3777,-7.021212181230177,-0.3797,-7.595584968975381,-0.3806999999999999,-7.896918475846635,-0.3826999999999999,-8.542026828585092,-0.3837,-8.89004580835189,-0.3857,-9.66813702327766,-0.3866999999999999,-10.102453392336226,-0.3997,-19.947429328097016,-0.4097,-30.43044006009694,-0.4217000000000001,-40.06462401217784,-0.4357000000000001,-49.72710219025603
exp857,-1600mV,-0.0687000000000002,-0.5240090654700096,-0.0767000000000002,-1.0074159166338927,-0.0857000000000001,-1.4911057100577487,-0.0957000000000001,-1.9919135102099716,-0.1057000000000001,-2.4799889086634095,-0.1167,-3.003432089613473,-0.1267,-3.505654601065561,-0.1367,-4.020609514216435,-0.1457000000000001,-4.5171731804690625,-0.0117,5.02505453712061,-0.1617000000000001,-5.5272770485726985,-0.1687,-6.01393773572627,-0.1747,-6.468060062982947,-0.1807,-6.9646237292355755,-0.1867000000000001,-7.462602106788069,0.0012999999999998,8.007265957236108,-0.3257,-8.482608953990761,-0.3686999999999999,-9.008881557540551,-0.2067,-9.49412753339426,-0.3107000000000001,-10.020400136944057,-0.4206999999999999,-20.046459119087572,-0.4487,-30.06261512213203,-0.4727,-40.12121246417244,-0.4947,-50.179809806212845
exp858,-1600mV,-0.0277,-0.518208749140563,-0.0517,-0.9983617643147564,-0.0917000000000001,-1.5038381117565338,-0.3157,-1.9989870667092968,-0.3417,-2.49413602166206,-0.3597,-2.994943821814283,-0.3717,-3.5183870027643462,-0.3797,-3.973924041320888,-0.3866999999999999,-4.548296829066093,-0.3917,-5.057592897017507,-0.3957,-5.5272770485726985,-0.3986999999999999,-5.9729111080301855,-0.4017,-6.438351125685783,-0.4046999999999999,-6.9320853693386795,-0.4077,-7.49089633278537,-0.4086999999999999,-7.69037062606634,-0.4097,-8.532123849486036,-0.4146999999999999,-9.08952010163286,-0.4166999999999999,-9.546471851489269,-0.4186999999999999,-10.009082446545134,-0.4527,-19.890840876102416,-0.4797000000000001,-30.13335068712528,-0.5047,-39.99388844718459,-0.5307000000000001,-50.1656626932142
exp859,-1500mV,-0.0117,-0.4869436294135456,-0.0377,-1.0027473693443378,-0.1077000000000001,-1.499593977856939,-0.1966999999999999,-1.9947429328097015,-0.2447,-2.5012095781613843,-0.2676999999999999,-2.994943821814283,-0.2796999999999999,-3.5240458479638064,-0.2867,-3.9937299995189983,-0.2916999999999999,-4.4648288623740555,-0.2956999999999999,-4.9571483947270885,-0.2996999999999999,-5.57820665536784,-0.3016999999999999,-5.931884480334099,-0.3047000000000001,-6.571333987873095,-0.3067000000000001,-7.043847562028017,-0.3087000000000001,-7.584267278576461,-0.3097,-7.870038961149199,-0.3117,-8.47129126359184,-0.3137,-9.150352687527056,-0.3147000000000001,-9.499786378593722,-0.3157,-9.860537760059309,-0.3367000000000001,-19.890840876102416,-0.3527000000000001,-29.72308441016442,-0.3666999999999999,-39.75338752620753,-0.3797,-49.89686754623985
exp860,-1800mV,-0.1907000000000001,-0.4995345599823444,-0.2647,-1.003313253864284,-0.3297,-1.498179266557074,-0.3877,-1.9947429328097015,-0.4186999999999999,-2.51111255726044,-0.4377000000000001,-2.989284976614823,-0.4517000000000001,-3.509898734965156,-0.4617000000000001,-3.986656443019674,-0.4707,-4.494537799671222,-0.4787,-5.0335428049198,-0.4847,-5.490494554776207,-0.4907,-6.011108313126541,-0.4956999999999999,-6.4793777533818675,-0.5007,-6.990088532633147,-0.5056999999999999,-7.546070073480105,-0.5096999999999999,-8.028486626734082,-0.5136999999999999,-8.544856251184823,-0.5167,-8.955122528145683,-0.5207,-9.545057140189405,-0.5236999999999999,-10.017570714344323,-0.5677,-20.01816489309027,-0.5957,-29.878702653149578,-0.6186999999999999,-40.23438936816165,-0.6366999999999999,-49.86857332024254
exp861,-1400mV,-0.0127000000000001,-0.5568303676268785,-0.0147000000000001,-1.0505646112797762,-0.0167000000000001,-1.5250587812545096,-0.0047000000000001,1.9862546650105113,-0.0217,-2.559212741455851,-0.0237,-2.9284523907206257,-0.0267000000000001,-3.45472499427042,-0.0297,-3.932897413624801,-0.0337,-4.546882117766228,-0.0367000000000001,-4.978369064225063,-0.0407000000000001,-5.498982822575398,-0.0447000000000001,-5.995546488828026,-0.0487000000000001,-6.473718908182407,-0.0537,-7.028285737729503,-0.0577,-7.464016818087933,-0.0627000000000002,-7.983215865138402,-0.0687000000000002,-8.52505029298671,-0.0737000000000001,-8.969269641144333,-0.0807000000000002,-9.537983583690076,-0.0867000000000002,-10.003423601345672,-0.2816999999999999,-19.98987066709297,-0.3237,-29.90699687914687,-0.3347000000000001,-39.640210622218326,-0.3427000000000001,-49.86857332024254
exp862,-1400mV,0.0122999999999999,-0.3773035036740053,0.0112999999999998,-1.0273633459619895,0.0102999999999999,-1.4288584128636872,0.0082999999999999,-1.9438133260145605,0.0052999999999998,-2.436132858367593,0.0002999999999999,-3.021823336511718,-0.0047000000000001,-3.473116241168665,-0.0117,-3.975338752620753,-0.0217,-4.5171731804690625,-0.0337,-5.006663290222365,-0.0507000000000001,-5.5003975338752635,-0.0697000000000001,-5.984228798429105,-0.1057000000000001,-6.517574958478224,-0.1317000000000001,-6.995747377832608,-0.1497000000000001,-7.4824080649861795,-0.1677000000000001,-7.986045287738133,-0.1807,-8.482608953990761,-0.1907000000000001,-8.987660888042578,-0.1997000000000001,-9.489883399494666,-0.2077000000000001,-10.011911869144866,-0.2627,-19.904987989101063,-0.2836999999999999,-30.07676223513068,-0.2987000000000001,-40.33341915915219,-0.3107000000000001,-50.010044450229046
exp863,-1400mV,0.0072999999999998,-0.5329217466591593,-0.0087000000000001,-0.9938346881551884,-0.1127,-1.502423400456669,-0.1527,-2.0060606232086218,-0.1697000000000001,-2.5012095781613843,-0.1817000000000002,-3.0119203574126634,-0.1907000000000001,-3.504239889765696,-0.1977000000000001,-3.971094618721158,-0.2037000000000001,-4.5044407787702765,-0.2097000000000001,-4.995345599823445,-0.2137000000000001,-5.465029751378637,-0.2187,-6.026670137425056,-0.2217000000000001,-6.432692280486322,-0.2257000000000001,-6.968867863135171,-0.2287,-7.455528550288744,-0.2317000000000001,-7.94360394874218,-0.2357000000000001,-8.566076920682798,-0.2376999999999999,-8.994734444541903,-0.2407,-9.58042492268603,-0.2427,-9.952493994550531,-0.2776999999999999,-19.98987066709297,-0.3007000000000001,-29.708937297165768,-0.3197,-39.99388844718459,-0.3357,-49.72710219025603
exp864,-1700mV,-0.0627000000000002,-0.5013736846721689,-0.1117000000000001,-0.989873496515566,-0.1397000000000001,-1.505252823056399,-0.1627,-1.9989870667092968,-0.1877000000000002,-2.4955507329619246,-0.3766999999999999,-3.000602667013743,-0.4006999999999999,-3.4886780654671803,-0.4126999999999999,-4.014950669016974,-0.4206999999999999,-4.510099623969737,-0.4266999999999999,-4.964221951226414,-0.4327,-5.503226956474993,-0.4377000000000001,-6.016767158326001,-0.4417000000000001,-6.468060062982947,-0.4457000000000001,-6.968867863135171,-0.4497000000000001,-7.517775847482805,-0.4527,-7.946433371341912,-0.4567,-8.567491631982662,-0.4597000000000001,-9.071128854734614,-0.4617000000000001,-9.41490370060182,-0.4647,-9.980788220547833,-0.5036999999999999,-20.13134179707947,-0.5287000000000001,-29.991879557138777,-0.5497,-40.17780091616704,-0.5677,-50.23639825820745
exp865,-1500mV,0.0132999999999998,0.3976753463920618,0.0112999999999998,-1.0915912389758624,0.0102999999999999,-1.4082036278856576,0.0062999999999999,-2.0357695605057877,0.0002999999999999,-2.5252596702590906,-0.0087000000000001,-2.9921143992145525,-0.0217,-3.505654601065561,-0.0387000000000001,-3.992315288219133,-0.0627000000000002,-4.501611356170546,-0.1117000000000001,-4.995345599823445,-0.2137000000000001,-5.480591575677152,-0.2427,-5.97998466452951,-0.2587,-6.516160247178359,-0.2696999999999999,-7.026871026429637,-0.2776999999999999,-7.469675663287394,-0.2847,-8.015754225035298,-0.2907,-8.51373260258779,-0.2956999999999999,-9.076787699934076,-0.2996999999999999,-9.543642428889536,-0.3036999999999999,-10.04727965164149,-0.3417,-19.93328221509837,-0.3617,-29.75137863616172,-0.3777,-39.86656443019674,-0.3917,-49.89686754623985
exp866,-1500mV,-0.0517,-0.5002419156322769,-0.1757000000000002,-1.0065670898539736,-0.2017000000000001,-1.5193999360550492,-0.2167,-2.0187930249074073,-0.2277000000000001,-2.4828183312631396,-0.2367,-3.0161644913122583,-0.2436999999999999,-3.502825178465831,-0.2507,-4.03617133851495,-0.2556999999999999,-4.4775612640728415,-0.2607,-5.0222251145208805,-0.2656999999999999,-5.525862337272833,-0.2687,-5.9601787063314,-0.2727,-6.442595259585377,-0.2767,-7.045262273327882,-0.2796999999999999,-7.428649035591308,-0.2827,-7.94360394874218,-0.2867,-8.564662209382933,-0.2887,-8.907022343950272,-0.2916999999999999,-9.478565709095744,-0.2947000000000001,-10.02747369344338,-0.3367000000000001,-20.117194684080825,-0.3686999999999999,-30.11920357412663,-0.3946999999999999,-39.85241731719808,-0.4177,-49.88272043324119
exp867,-1500mV,-0.0017,-0.503920165011926,-0.0377,-0.9996350044846348,-0.1377000000000001,-1.5038381117565338,-0.1966999999999999,-2.008890045808352,-0.2197000000000001,-2.504039000761115,-0.2347,-3.0119203574126634,-0.2456999999999999,-3.5240458479638064,-0.2536999999999999,-4.006462401217783,-0.2607,-4.501611356170546,-0.2667,-5.01939569192115,-0.2716999999999999,-5.498982822575398,-0.2767,-6.0521349408226275,-0.2807,-6.548698607075254,-0.2836999999999999,-6.954720750136521,-0.2876999999999999,-7.558802475178892,-0.2907,-8.038389605833139,-0.2936999999999999,-8.566076920682798,-0.2956999999999999,-8.943804837746763,-0.2987000000000001,-9.540813006289808,-0.3007000000000001,-9.958152839749992,-0.3337,-19.961576441095666,-0.3567000000000001,-30.147497800123933,-0.3757,-40.220242255162994,-0.3926999999999999,-50.2788395972034
exp868,-1800mV,-0.4157,-0.4968466085126009,-0.4437000000000001,-1.0074159166338927,-0.4597000000000001,-1.4911057100577487,-0.4727,-2.0187930249074073,-0.4817000000000001,-2.478574197363544,-0.4907,-3.0147497800123935,-0.4976999999999999,-3.4915074880669104,-0.5047,-4.0220242255163,-0.5107,-4.524246736968387,-0.5156999999999999,-4.9826131981246595,-0.5207,-5.469273885278232,-0.5257,-5.987058221028835,-0.5307000000000001,-6.548698607075254,-0.5347000000000001,-7.018382758630446,-0.5387000000000001,-7.506458157083885,-0.5427000000000001,-8.038389605833139,-0.5457,-8.45431472799346,-0.5497,-9.025858093138934,-0.5527000000000001,-9.464418596097095,-0.5557,-9.92702919115296,-0.6027000000000001,-19.97572355409432,-0.6326999999999999,-29.836261314153624,-0.6557000000000001,-40.17780091616704,-0.6737000000000001,-50.22225114520881
exp869,-1600mV,-0.3097,-0.4989686754623983,-0.3347000000000001,-1.0079818011538386,-0.3477,-1.5151558021554543,-0.3567000000000001,-2.008890045808352,-0.3637,-2.4927213103621946,-0.3697,-2.9935291105144173,-0.3746999999999999,-3.4717015298688,-0.3797,-4.019194802916569,-0.3837,-4.5044407787702765,-0.3877,-5.0335428049198,-0.3906999999999999,-5.472103307877963,-0.3937,-5.924810923834773,-0.3977,-6.5769928330725556,-0.3997,-6.913694122440434,-0.4026999999999999,-7.461187395488204,-0.4057,-8.065269120530575,-0.4077,-8.464217707092514,-0.4106999999999999,-9.08103183383367,-0.4126999999999999,-9.523836470691428,-0.4146999999999999,-9.977958797948103,-0.4497000000000001,-20.046459119087572,-0.4787,-30.17579202612123,-0.5047,-39.696799074212926,-0.5277,-49.93930888523579
exp870,-1400mV,0.0112999999999998,-0.3357109914579732,0.0102999999999999,-1.0590528790789666,0.0092999999999998,-1.5349617603535646,0.0072999999999998,-2.0640637865030884,0.0032999999999998,-2.4799889086634095,-0.0377,-3.000602667013743,-0.1267,-3.4971663332663705,-0.1477000000000001,-3.989485865619403,-0.1607,-4.5044407787702765,-0.1697000000000001,-5.00807800152223,-0.1767,-5.493323977375938,-0.1827,-6.019596580925731,-0.1877000000000002,-6.509086690679034,-0.1917000000000001,-6.966038440535441,-0.1957000000000001,-7.4753345084868545,-0.1997000000000001,-8.042633739732734,-0.2027,-8.5052443347886,-0.2057000000000001,-9.011710980140284,-0.2087,-9.560618964487915,-0.2107,-9.936932170252016,-0.2447,-19.904987989101063,-0.2667,-30.274821817111786,-0.2836999999999999,-40.31927204615355,-0.2976999999999999,-49.88272043324119
exp871,-1600mV,-0.2907,-0.4989686754623983,-0.3247000000000001,-0.9924199768553232,-0.3417,-1.4868615761581534,-0.3537,-2.013134179707947,-0.3617,-2.4715006408642193,-0.3686999999999999,-2.9666495958169823,-0.3746999999999999,-3.4646279733694745,-0.3797,-3.9484592379233177,-0.3846999999999999,-4.500196644870682,-0.3886999999999999,-4.99958973372304,-0.3926999999999999,-5.551327140670404,-0.3957,-5.998375911427756,-0.3986999999999999,-6.490695443780789,-0.4017,-7.016968047330582,-0.4046999999999999,-7.585681989876327,-0.4066999999999999,-7.990289421637726,-0.4086999999999999,-8.418946945496833,-0.4117,-9.096593658132186,-0.4137,-9.583254345285756,-0.4157,-10.088306279337578,-0.4427,-19.904987989101063,-0.4607,-30.04846800913338,-0.4747,-39.96559422118728,-0.4876999999999999,-50.30713382320071
exp872,-1800mV,-0.4126999999999999,-0.4992516177223714,-0.4387,-0.9921370345953502,-0.4547,-1.5038381117565338,-0.4667,-2.020207736207272,-0.4757000000000001,-2.4743300634639493,-0.4837000000000001,-2.975137863616172,-0.4907,-3.4561397055702843,-0.4976999999999999,-4.024853648116029,-0.5036999999999999,-4.521417314368658,-0.5087,-5.006663290222365,-0.5136999999999999,-5.511715224274183,-0.5187,-5.99413177752816,-0.5227,-6.455327661284162,-0.5277,-7.0367740055286925,-0.5317,-7.4937257553851,-0.5357,-8.063854409230709,-0.5397,-8.508073757388331,-0.5427000000000001,-8.973513775043926,-0.5467000000000001,-9.519592336791831,-0.5497,-10.0387913838423,-0.6037,-20.01816489309027,-0.6417,-30.147497800123933,-0.6707,-40.092918238175145,-0.6937000000000001,-49.78369064225064
exp873,-1400mV,-0.0417,-0.5043445784018855,-0.1147,-0.9912882078154313,-0.1397000000000001,-1.4967645552572086,-0.1547,-2.007475334508487,-0.1647,-2.4955507329619246,-0.1737000000000002,-3.0204086252118536,-0.1797000000000002,-3.4646279733694745,-0.1857000000000002,-3.9781681752204823,-0.1907000000000001,-4.46058472847446,-0.1957000000000001,-4.99958973372304,-0.1997000000000001,-5.480591575677152,-0.2037000000000001,-6.009693601826676,-0.2067,-6.446839393484972,-0.2107,-7.060824097626399,-0.2137000000000001,-7.560217186478756,-0.2157000000000001,-7.946433371341912,-0.2187,-8.49392664438968,-0.2217000000000001,-9.08103183383367,-0.2237000000000001,-9.487053976894938,-0.2267,-10.102453392336226,-0.2596999999999999,-20.10304757108217,-0.2816999999999999,-29.864555540150924,-0.2996999999999999,-39.85241731719808,-0.3157,-50.2788395972034
exp874,-1400mV,-0.0107000000000001,0.4610544126260154,-0.0087000000000001,1.0076988588938656,-0.0207000000000001,-1.4486643710617977,-0.0247000000000001,-1.952301593813751,-0.0297,-2.4715006408642193,-0.0357,-2.9807967088156326,-0.0437,-3.4943369106666404,-0.0527000000000001,-3.992315288219133,-0.0627000000000002,-4.490293665771627,-0.0727000000000002,-4.979783775524929,-0.0827000000000002,-5.477762153077422,0.0032999999999998,6.004034756627216,-0.1007000000000002,-6.472304196882543,-0.1097000000000001,-6.998576800432337,-0.1177000000000001,-7.500799311884425,-0.1257000000000001,-8.005851245936244,-0.1337000000000001,-8.506659046088465,-0.1417000000000001,-9.008881557540551,-0.1957000000000001,-9.512518780292506,-0.1867000000000001,-9.997764756146214,-0.2947000000000001,-20.07475334508487,-0.3167000000000001,-29.96358533114148,-0.3347000000000001,-40.092918238175145,-0.3497,-49.89686754623985
exp875,-1600mV,-0.0297,-0.4999589733723039,-0.2756999999999999,-1.0057182630740549,-0.3027000000000001,-1.498179266557074,-0.3197,-1.9947429328097015,-0.3317,-2.509697845960575,-0.3407000000000001,-2.997773244414013,-0.3487000000000001,-3.5014104671659654,-0.3547000000000001,-3.9937299995189983,-0.3597,-4.463414151074191,-0.3646999999999999,-4.981198486824794,-0.3697,-5.537180027671754,-0.3726999999999999,-5.955934572431804,-0.3766999999999999,-6.499183711579978,-0.3797,-7.018382758630446,-0.3826999999999999,-7.52484940398213,-0.3857,-8.048292584932193,-0.3877,-8.48543837659049,-0.3906999999999999,-9.088105390332997,-0.3926999999999999,-9.495542244694128,-0.3946999999999999,-9.99635004484635,-0.4246999999999999,-20.00401778009162,-0.4457000000000001,-30.13335068712528,-0.4627,-40.12121246417244,-0.4787,-49.95345599823444
exp876,-1400mV,0.0092999999999998,0.4184716025000778,0.0062999999999999,-1.2152370065840663,0.0052999999999998,-1.5646706976507303,0.0032999999999998,-2.0966021463999844,0.0112999999999998,2.4983801555616547,-0.0027000000000001,-2.996358533114148,-0.0107000000000001,-3.5014104671659654,-0.2287,-3.9909005769192687,-0.2476999999999999,-4.490293665771627,-0.2607,-5.017980980621284,-0.2696999999999999,-5.507471090374587,-0.2776999999999999,-6.030914271324651,-0.2836999999999999,-6.516160247178359,-0.2887,-6.970282574435036,-0.2936999999999999,-7.4937257553851,-0.2976999999999999,-7.964824618240158,-0.3016999999999999,-8.476950108791302,-0.3047000000000001,-8.93531656994757,-0.3087000000000001,-9.583254345285756,-0.3107000000000001,-9.92702919115296,-0.3417,-20.25866581406732,-0.3547000000000001,-30.416292947098288,-0.3626999999999999,-39.92315288219133,-0.3697,-50.60422319617236
exp877,-1500mV,-0.0797000000000001,-0.4764747657945444,-0.0817000000000001,-0.9907223232954852,-0.0837000000000001,-1.465640906660178,-0.0707000000000002,2.0357695605057877,-0.0887000000000002,-2.5959952352523423,-0.0907000000000002,-3.0260674704113137,-0.0927000000000002,-3.440577881271769,-0.0647000000000002,3.9809975978202137,-0.0987000000000002,-4.569517498564068,-0.0617,5.01939569192115,-0.1037000000000001,-5.449467927080121,-0.1067000000000002,-5.96583755153086,-0.0577,6.53596620537647,-0.1137000000000001,-7.062238808926263,-0.1167,-7.50221402318429,-0.1197000000000001,-7.939359814842586,-0.1237000000000001,-8.532123849486036,-0.0517,9.017369825339744,-0.0507000000000001,9.472906863896286,-0.1337000000000001,-9.966641107549185,-0.1847000000000001,-19.961576441095666,-0.2147,-29.85040842715227,-0.2367,-40.07877112517649,-0.0007000000000001,50.010044450229046
exp878,-1700mV,-0.3447000000000001,-0.5015151558021554,-0.3946999999999999,-1.004445022904176,-0.4197000000000001,-1.501008689156804,-0.4377000000000001,-2.0032312006088917,-0.4517000000000001,-2.5139419798601703,-0.4627,-3.0119203574126634,-0.4717000000000001,-3.515557580164616,-0.4787,-3.9937299995189983,-0.4847,-4.480390686672571,-0.4896999999999999,-4.961392528626684,-0.4947,-5.525862337272833,-0.4987,-6.043646673023436,-0.5016999999999999,-6.468060062982947,-0.5047,-6.9306706580388155,-0.5076999999999999,-7.437137303390498,-0.5107,-7.976142308639078,-0.5136999999999999,-8.559003364183472,-0.5156999999999999,-8.969269641144333,-0.5176999999999999,-9.388024185904383,-0.5207,-10.07274445503906,-0.5517,-20.08890045808352,-0.5717,-30.274821817111786,-0.5867000000000001,-40.07877112517649,-0.5997,-49.93930888523579
exp879,-1600mV,-0.3036999999999999,-0.4988272043324118,-0.3407000000000001,-1.008689156803771,-0.3597,-1.4854468648582886,-0.3737,-1.9862546650105113,-0.3846999999999999,-2.4983801555616547,-0.3937,-3.024652759111448,-0.4006999999999999,-3.507069312365426,-0.4066999999999999,-3.986656443019674,-0.4126999999999999,-4.5369791386671725,-0.4166999999999999,-4.945830704328168,-0.4217000000000001,-5.5145446468739125,-0.4257000000000001,-6.015352447026135,-0.4297000000000001,-6.560016297474175,-0.4327,-7.007065068231526,-0.4357000000000001,-7.478163931086583,-0.4387,-7.988874710337861,-0.4417000000000001,-8.522220870386981,-0.4437000000000001,-8.90419292135054,-0.4467,-9.502615801193452,-0.4487,-9.922785057253368,-0.4827,-19.848399537106463,-0.5076999999999999,-30.03432089613473,-0.5277,-39.88071154319538,-0.5457,-50.0807800152223
exp880,-1400mV,0.0102999999999999,0.4974124930325468,0.0042999999999999,-0.9740287299570778,-0.0017,-1.5335470490536998,-0.0157,-1.9961576441095663,-0.1517000000000001,-2.49696544426179,-0.1807,-2.994943821814283,-0.1946999999999999,-3.4773603750682605,-0.2047,-4.0319272046153545,-0.2107,-4.4973672222709515,-0.2157000000000001,-5.015151558021555,-0.2197000000000001,-5.4622003287789065,-0.2237000000000001,-6.037987827823977,-0.2267,-6.579822255672285,-0.2287,-6.960379595335981,-0.2307,-7.387622407895222,-0.2327,-7.8771125176485235,-0.2347,-8.413288100297372,-0.2367,-9.024443381839069,-0.2376999999999999,-9.339924001708972,-0.2396999999999999,-10.096794547136763,-0.2556999999999999,-20.30110715306328,-0.2636999999999999,-30.232380478115836,-0.2696999999999999,-40.07877112517649,-0.2747,-49.17536478330867
exp881,-1500mV,-0.1507,-0.5017980980621284,-0.2087,-1.000766773524527,-0.2317000000000001,-1.5094969569559942,-0.2456999999999999,-1.9848399537106465,-0.2567,-2.4927213103621946,-0.2656999999999999,-3.006261512213203,-0.2727,-3.492922199366775,-0.2787,-3.975338752620753,-0.2847,-4.507270201370006,-0.2896999999999999,-5.01656626932142,-0.2936999999999999,-5.469273885278232,-0.2976999999999999,-5.9601787063314,-0.3016999999999999,-6.477963042082004,-0.3056999999999999,-7.055165252426939,-0.3087000000000001,-7.53899651698078,-0.3117,-8.011510091135703,-0.3147000000000001,-8.534953272085767,-0.3177,-9.099423080731915,-0.3197,-9.475736286496016,-0.3227000000000001,-10.092550413237172,-0.3587000000000001,-20.07475334508487,-0.3826999999999999,-29.892849766148224,-0.4026999999999999,-40.05047689917919,-0.4197000000000001,-50.29298671020206
exp882,-1400mV,0.0132999999999998,0.4965636662526278,0.0062999999999999,-0.9927029191152964,-0.1407,-1.499593977856939,-0.1727,-1.9904987989101068,-0.1887000000000001,-2.5139419798601703,-0.1987,-2.9921143992145525,-0.2067,-3.4957516219665052,-0.2137000000000001,-4.034756627215084,-0.2187,-4.501611356170546,-0.2237000000000001,-5.037786938819395,-0.2277000000000001,-5.517374069473643,-0.2317000000000001,-6.053549652122491,-0.2347,-6.534551494076605,-0.2376999999999999,-6.997162089132471,-0.2407,-7.52484940398213,-0.2436999999999999,-8.076586810929495,-0.2456999999999999,-8.476950108791302,-0.2487,-9.10083779203178,-0.2507,-9.557789541888187,-0.2527,-10.014741291744594,-0.2827,-19.919135102099716,-0.3027000000000001,-29.977732444140123,-0.3187000000000001,-40.092918238175145,-0.3317,-49.642219512264134
exp883,-1500mV,-0.2107,-0.4988272043324118,-0.2507,-1.011942992793461,-0.2656999999999999,-1.5137410908555893,-0.2747,-2.0032312006088917,-0.2807,-2.468671218264489,-0.2856999999999999,-2.9581613280177916,-0.2907,-3.5650724756598926,-0.2936999999999999,-3.9838270204199433,-0.2967000000000001,-4.459170017174596,-0.2996999999999999,-4.981198486824794,-0.3027000000000001,-5.571133098868514,-0.3047000000000001,-5.99130235492843,-0.3067000000000001,-6.442595259585377,-0.3087000000000001,-6.913694122440434,-0.3107000000000001,-7.414501922592657,-0.3127000000000001,-7.946433371341912,-0.3147000000000001,-8.491097221789948,-0.3167000000000001,-9.0838612564334,-0.3177,-9.385194763304654,-0.3197,-10.007667735245269,-0.3437,-20.00401778009162,-0.3617,-30.288968930110435,-0.3757,-39.83827020419943,-0.3886999999999999,-50.06663290222365
exp884,-1800mV,-0.5557,-0.4998175022423174,-0.5857,-0.9905808521654984,-0.6027000000000001,-1.505252823056399,-0.6137,-1.9919135102099716,-0.6226999999999999,-2.5295038041586855,-0.6286999999999999,-2.976552574916037,-0.6346999999999999,-3.504239889765696,-0.6397,-4.01636538031684,-0.6437,-4.483220109272302,-0.6477,-5.003833867622634,-0.6507,-5.432491391481741,-0.6547,-6.067696765121143,-0.6577000000000001,-6.582651678272015,-0.6597000000000001,-6.958964884036115,-0.6627,-7.558802475178892,-0.6647,-7.980386442538672,-0.6667,-8.410458677697642,-0.6697000000000001,-9.119229038930026,-0.6717000000000001,-9.621451550382114,-0.6727,-9.884587852157011,-0.7007,-19.805958198110513,-0.7207,-30.274821817111786,-0.7357000000000001,-39.86656443019674,-0.7496999999999999,-49.98175022423175
exp885,-1500mV,-0.0837000000000001,0.5845587091042331,-0.0887000000000002,-0.939226831980398,-0.0907000000000002,-1.4925204213576138,-0.0927000000000002,-2.0286960040064623,-0.0947000000000002,-2.5535538962563913,-0.0967000000000002,-3.0331410269106387,-0.0987000000000002,-3.502825178465831,-0.1007000000000002,-3.9555327944226426,-0.1037000000000001,-4.603470569760829,-0.1057000000000001,-5.00807800152223,-0.0707000000000002,5.452297349679851,-0.1107000000000002,-5.97432581933005,-0.1137000000000001,-6.520404381077953,-0.1167,-7.016968047330582,-0.1197000000000001,-7.543240650880375,-0.1227,-8.015754225035298,-0.1257000000000001,-8.503829623488736,-0.1287,-8.980587331543253,-0.1317000000000001,-9.450271483098444,-0.1347,-9.936932170252016,-0.1837000000000002,-19.97572355409432,-0.2127,-29.822114201154974,-0.2337000000000001,-40.00803556018324,-0.0137,50.010044450229046
exp886,-1500mV,-0.0217,0.5353267558689299,-0.0197,1.052969620489547,-0.0307000000000001,-1.5080822456561291,-0.0337,-2.085284456001064,-0.0147000000000001,2.5012095781613843,-0.0387000000000001,-3.013335068712528,-0.0117,3.4830192202677206,-0.0447000000000001,-4.0121212464172435,-0.0477,-4.469072996273651,-0.0077,5.01939569192115,-0.0547000000000001,-5.532935893772159,-0.0577,-5.941787459433154,-0.0617,-6.482207175981599,-0.0657,-6.98584439873355,-0.0697000000000001,-7.464016818087933,-0.0747000000000002,-8.048292584932193,-0.0787000000000002,-8.472705974891705,0.0002999999999999,8.993319733242037,-0.0887000000000002,-9.523836470691428,-0.0937000000000001,-10.01615600304446,-0.2916999999999999,-19.97572355409432,-0.3407000000000001,-30.04846800913338,-0.3626999999999999,-39.99388844718459,-0.3746999999999999,-49.78369064225064
exp887,-1400mV,-0.0197,-0.5486250420876613,-0.0227000000000001,-1.0828200289166992,-0.0257,-1.5632559863508655,-0.0097,2.0357695605057877,-0.0337,-2.546480339757066,-0.0387000000000001,-3.0204086252118536,-0.0447000000000001,-3.502825178465831,-0.0527000000000001,-4.020609514216435,-0.0607000000000002,-4.498781933570816,-0.0707000000000002,-4.985442620724389,-0.0797000000000001,-5.523032914673103,-0.0877000000000001,-5.97149639673032,0.0002999999999999,6.496354288980249,-0.1047000000000002,-7.039603428128422,-0.1117000000000001,-7.514946424883075,-0.1187,-8.022827781534623,-0.1247,-8.49392664438968,-0.1307,-8.976343197643658,-0.2327,-9.481395131695477,-0.1427,-9.99069119964689,0.0132999999999998,19.848399537106463,-0.3217,-29.96358533114148,-0.3387000000000001,-39.88071154319538,-0.3537,-49.967603111233096
exp888,-1600mV,-0.2347,-0.501090742412196,-0.2867,-1.0040206095142166,-0.3097,-1.502423400456669,-0.3247000000000001,-1.9961576441095663,-0.3357,-2.4814036199632743,-0.3447000000000001,-2.994943821814283,-0.3517,-3.4816045089678553,-0.3577,-3.968265196121428,-0.3637,-4.534149716067443,-0.3677,-4.961392528626684,-0.3717,-5.439564947981066,-0.3757,-5.978569953229646,-0.3797,-6.55577216357458,-0.3826999999999999,-7.026871026429637,-0.3857,-7.555973052579161,-0.3877,-7.911065588845285,-0.3906999999999999,-8.520806159087115,-0.3926999999999999,-8.942390126446897,-0.3957,-9.601645592184004,-0.3977,-10.06142676464014,-0.4277000000000001,-20.187930249074075,-0.4477000000000001,-30.00602667013743,-0.4647,-39.82412309120078,-0.4817000000000001,-50.2505453712061
exp889,-1500mV,0.0092999999999998,-0.4522832025668522,0.0122999999999999,0.9760093257768888,-0.1397000000000001,-1.506667534356264,-0.2307,-2.0032312006088917,-0.2567,-2.4884771764625997,-0.2736999999999999,-3.002017378313608,-0.2856999999999999,-3.4971663332663705,-0.2947000000000001,-4.000803556018323,-0.3016999999999999,-4.474731841473111,-0.3077,-4.992516177223715,-0.3127000000000001,-5.482006286977017,-0.3177,-6.050720229522762,-0.3207000000000001,-6.436936414385917,-0.3247000000000001,-7.042432850728153,-0.3277,-7.548899496079835,-0.3297,-7.911065588845285,-0.3327000000000001,-8.52505029298671,-0.3347000000000001,-8.952293105545952,-0.3367000000000001,-9.44319792659912,-0.3387000000000001,-9.955323417150264,-0.3626999999999999,-20.06060623208622,-0.3757,-29.68064307116847,-0.3866999999999999,-39.696799074212926,-0.3977,-50.40616361419126
exp890,-1400mV,-0.0657,0.4590738168062044,-0.0627000000000002,0.986195247135917,-0.0777000000000001,-1.540620605553025,-0.0807000000000002,-1.980595819811051,-0.0837000000000001,-2.433303435767863,-0.0877000000000001,-3.000602667013743,-0.0507000000000001,3.507069312365426,-0.0487000000000001,3.962606350921967,-0.0987000000000002,-4.4648288623740555,-0.1027000000000002,-4.9840279094245235,-0.0427000000000001,5.476347441777556,-0.1107000000000002,-5.954519861131939,-0.1157000000000001,-6.55294274097485,-0.1197000000000001,-7.038188716828557,-0.1237000000000001,-7.531922960481456,-0.1277000000000001,-8.01433951373543,-0.1317000000000001,-8.496756066989409,-0.1357000000000001,-8.990490310642308,-0.1397000000000001,-9.508274646392913,-0.1437000000000001,-10.037376672542434,-0.1997000000000001,-20.01816489309027,-0.2337000000000001,-29.935291105144177,-0.2636999999999999,-39.92315288219133,-0.3377,-49.95345599823444
exp891,-1400mV,-0.0077,-0.502505453712061,-0.0147000000000001,-1.0024644270843648,-0.0247000000000001,-1.502423400456669,-0.0397,-2.0004017780091616,-0.0607000000000002,-2.506868423360845,-0.0867000000000002,-2.999187955713878,-0.1117000000000001,-3.4985810445662353,-0.1327,-3.999388844718459,-0.1477000000000001,-4.494537799671222,-0.1587,-4.986857332024254,-0.1677000000000001,-5.508885801674452,-0.1747,-6.028084848724921,-0.1797000000000002,-6.463815929083352,-0.1847000000000001,-6.990088532633147,-0.1887000000000001,-7.495140466684964,-0.1917000000000001,-7.947848082641776,-0.1957000000000001,-8.581638744981312,-0.1977000000000001,-8.948048971646358,-0.2007,-9.553545407988592,-0.2027,-10.004838312645536,-0.2257000000000001,-19.664487068124007,-0.2367,-30.288968930110435,-0.2436999999999999,-40.05047689917919,-0.2507,-50.42031072718991
exp892,-1500mV,-0.2467,-0.4995345599823444,-0.2967000000000001,-0.9918540923353774,-0.3147000000000001,-1.4953498439573436,-0.3257,-2.0272812927065975,-0.3327000000000001,-2.5210155363594953,-0.3377,-2.9822114201154974,-0.3427000000000001,-3.562243053060162,-0.3457,-3.982412309120079,-0.3487000000000001,-4.461999439774326,-0.3517,-5.012322135421825,-0.3537,-5.419758989782956,-0.3567000000000001,-6.073355610320603,-0.3587000000000001,-6.526063226277413,-0.3607000000000001,-7.001406223032068,-0.3626999999999999,-7.480993353686313,-0.3646999999999999,-7.978971731238807,-0.3666999999999999,-8.51090317998806,-0.3686999999999999,-9.051322896536504,-0.3697,-9.345582846908432,-0.3717,-9.979373509247967,-0.3977,-19.791811085111863,-0.4166999999999999,-29.90699687914687,-0.4327,-39.83827020419943,-0.4487,-50.20810403221015
exp893,-1400mV,0.0112999999999998,-0.8728768720167276,0.0112999999999998,-0.8728768720167276,0.0082999999999999,-1.53920589425316,-0.0037,-1.9975723554094316,-0.1047000000000002,-2.4927213103621946,-0.1447,-2.9878702653149576,-0.1617000000000001,-3.5014104671659654,-0.1727,-3.979582886520348,-0.1817000000000002,-4.522832025668523,-0.1877000000000002,-4.978369064225063,-0.1937000000000001,-5.537180027671754,-0.1987,-6.057793786022088,-0.2027,-6.53596620537647,-0.2057000000000001,-6.95189132753679,-0.2097000000000001,-7.53899651698078,-0.2127,-8.010095379835839,-0.2157000000000001,-8.570321054582392,-0.2177000000000001,-8.929657724748111,-0.2207,-9.530910027190751,-0.2227,-9.935517458952152,-0.2547,-20.14548891007812,-0.2727,-29.793819975157668,-0.2876999999999999,-39.92315288219133,-0.3007000000000001,-49.74124930325469
exp894,-1400mV,-0.0037,-0.5255652478998613,-0.0057,-1.0525452070995875,-0.0077,-1.5250587812545096,-0.0097,-1.9551310164134803,-0.0127000000000001,-2.5012095781613843,-0.0157,-2.968064307116847,-0.0197,-3.5240458479638064,-0.0237,-3.973924041320888,-0.0297,-4.524246736968387,-0.0367000000000001,-5.01656626932142,0.0082999999999999,5.483420998276882,-0.0577,-6.018181869625866,-0.0727000000000002,-6.4864513098811925,-0.0937000000000001,-6.98584439873355,-0.1177000000000001,-7.51353171358321,-0.1427,-8.012924802435567,-0.1597000000000001,-8.491097221789948,-0.1737000000000002,-8.996149155841769,-0.1837000000000002,-9.47432157519615,-0.1926999999999999,-9.99352062224662,-0.2567,-20.046459119087572,-0.2816999999999999,-29.977732444140123,-0.2976999999999999,-39.66850484821563,-0.3107000000000001,-49.95345599823444
exp895,-1400mV,0.0012999999999998,-0.5460785617479043,-0.0037,-0.9934102747652288,-0.0117,-1.4826174422585583,-0.0237,-1.9975723554094316,-0.0377,-2.49413602166206,-0.0527000000000001,-2.9836261314153627,-0.0677000000000001,-3.5169722914644814,-0.0797000000000001,-4.01636538031684,-0.0887000000000002,-4.4846348205721664,-0.0977000000000001,-5.003833867622634,-0.1047000000000002,-5.523032914673103,-0.1107000000000002,-6.018181869625866,-0.1157000000000001,-6.510501401978899,-0.1207,-6.971697285734901,-0.1257000000000001,-7.544655362180241,-0.1287,-7.978971731238807,-0.1327,-8.540612117285226,-0.1357000000000001,-9.004637423640958,-0.1387,-9.4601744621975,-0.1417000000000001,-9.963811684949455,-0.1797000000000002,-20.06060623208622,-0.2027,-30.07676223513068,-0.2197000000000001,-40.14950669016974,-0.2347,-50.30713382320071
exp896,-1400mV,-0.0197,0.4744941699747333,-0.0177,1.0845176824765372,-0.0277,-1.5533530072518102,-0.0297,-1.9480574599141556,-0.0327000000000001,-2.506868423360845,-0.0127000000000001,2.9298671020204905,-0.0387000000000001,-3.4674573959692045,-0.0437,-4.030512493315489,-0.0487000000000001,-4.545467406466363,-0.0537,-5.03071338232007,-0.0597,-5.520203492073373,-0.0657,-6.008278890526811,-0.0727000000000002,-6.504842556779439,-0.0047000000000001,7.004235645631797,-0.0857000000000001,-7.451284416389148,-0.0917000000000001,-7.960580484340561,-0.0977000000000001,-8.464217707092514,-0.1037000000000001,-9.008881557540551,-0.1097000000000001,-9.546471851489269,-0.1147,-10.009082446545134,-0.2936999999999999,-20.06060623208622,-0.3167000000000001,-30.10505646112798,-0.3337,-39.85241731719808,-0.3487000000000001,-50.1939569192115
exp897,-1600mV,-0.2816999999999999,-0.5012322135421824,-0.3217,-0.9935517458952152,-0.3407000000000001,-1.5151558021554543,-0.3517,-1.9749369746115912,-0.3607000000000001,-2.4743300634639493,-0.3677,-2.968064307116847,-0.3737,-3.4702868185689346,-0.3786999999999999,-3.9498739492231825,-0.3837,-4.4973672222709515,-0.3877,-5.001004445022905,-0.3917,-5.547083006770809,-0.3946999999999999,-5.998375911427756,-0.3977,-6.482207175981599,-0.4006999999999999,-7.011309202131122,-0.4037,-7.594170257675517,-0.4057,-7.995948266837187,-0.4077,-8.416117522897103,-0.4106999999999999,-9.10083779203178,-0.4126999999999999,-9.590327901785084,-0.4146999999999999,-10.093965124537036,-0.4417000000000001,-20.159636023076775,-0.4587,-30.303116043109085,-0.4717000000000001,-39.97974133418594,-0.4837000000000001,-49.69880796425874
exp898,-1500mV,-0.1517000000000001,-0.4958563106026953,-0.1977000000000001,-0.9985032354447428,-0.2167,-1.4797880196588282,-0.2297000000000001,-1.9947429328097015,-0.2387,-2.475744774763814,-0.2467,-2.9864555540150928,-0.2536999999999999,-3.536778249662592,-0.2587,-3.986656443019674,-0.2636999999999999,-4.508684912669872,-0.2676999999999999,-4.945830704328168,-0.2716999999999999,-5.450882638379986,-0.2756999999999999,-6.025255426125191,-0.2787,-6.483621887281464,-0.2816999999999999,-6.954720750136521,-0.2847,-7.472505085887125,-0.2876999999999999,-8.028486626734082,-0.2896999999999999,-8.401970409898452,-0.2927,-9.030102227038528,-0.2947000000000001,-9.461589173497366,-0.2967000000000001,-9.900149676455523,-0.3277,-19.805958198110513,-0.3487000000000001,-30.00602667013743,-0.3657,-40.07877112517649,-0.3806999999999999,-50.23639825820745
exp899,-1400mV,-0.0167000000000001,-0.4950074838227763,-0.1307,-1.0027473693443378,-0.1857000000000002,-1.4967645552572086,-0.2037000000000001,-1.9890840876102416,-0.2137000000000001,-2.472915352164084,-0.2207,-2.9666495958169823,-0.2267,-3.5381929609624567,-0.2307,-4.037586049814815,-0.2337000000000001,-4.494537799671222,-0.2367,-5.01090742412196,-0.2387,-5.426832546282281,-0.2416999999999999,-6.110138104117093,-0.2427,-6.361956715493069,-0.2447,-6.9306706580388155,-0.2467,-7.529093537881726,-0.2476999999999999,-7.871453672449064,-0.2496999999999999,-8.581638744981312,-0.2507,-8.940975415147031,-0.2516999999999999,-9.327191600010188,-0.2536999999999999,-10.166115400830154,-0.2716999999999999,-19.749369746115914,-0.2867,-29.935291105144177,-0.2996999999999999,-39.83827020419943,-0.3107000000000001,-49.79783775524929
exp900,-1500mV,-0.1987,-0.5003833867622635,-0.2387,-1.0071329743739197,-0.2507,-1.4925204213576138,-0.2576999999999999,-2.0103047571082175,-0.2627,-2.5478950510569307,-0.2656999999999999,-2.9510877715184667,-0.2687,-3.430674902172714,-0.2716999999999999,-3.971094618721158,-0.2747,-4.570932209863933,-0.2767,-5.01939569192115,-0.2787,-5.476347441777556,-0.2807,-5.958763995031535,-0.2827,-6.465230640383218,-0.2847,-6.974526708334631,-0.2867,-7.514946424883075,-0.2887,-8.062439697930845,-0.2907,-8.632568351776454,-0.2916999999999999,-8.92116945694892,-0.2936999999999999,-9.512518780292506,-0.2956999999999999,-10.130747618333528,-0.3227000000000001,-19.876693763103766,-0.3477,-29.977732444140123,-0.3697,-39.97974133418594,-0.3917,-50.024191563227696
exp901,-1400mV,-0.0217,-0.6062037919921682,-0.0227000000000001,-1.2105684592945118,-0.0187000000000001,1.3161059222644436,-0.0177,1.9777663972113213,-0.0247000000000001,-2.354079602975421,-0.0257,-2.9100611438223805,-0.0267000000000001,-3.432089613472579,-0.0277,-3.935726836224532,-0.0287000000000001,-4.430875791177296,-0.0297,-4.931683591329518,-0.0307000000000001,-5.4225884123826855,-0.0317,-5.873881317039633,-0.0117,6.527477937577279,-0.0347000000000001,-7.179659846815062,-0.0107000000000001,7.394695964394547,-0.0367000000000001,-8.011510091135703,-0.0377,-8.397726275998858,-0.0397,-9.171573357025034,-0.0407000000000001,-9.550715985388862,-0.0417,-9.949664571950803,-0.0817000000000001,-20.01816489309027,-0.2396999999999999,-30.02017378313608,0.0122999999999999,40.17780091616704,-0.2967000000000001,-49.78369064225064
exp902,-1500mV,-0.0577,-0.5293849684094968,-0.0597,-1.0205727317226374,-0.0617,-1.5137410908555893,-0.0637,-1.93532505821537,-0.0477,2.509697845960575,-0.0687000000000002,-2.9440142150191413,-0.0717000000000001,-3.505654601065561,-0.0437,3.9838270204199433,-0.0777000000000001,-4.443608192876081,-0.0817000000000001,-5.060422319617237,-0.0847000000000002,-5.490494554776207,-0.0887000000000002,-6.036573116524112,-0.0927000000000002,-6.527477937577279,-0.0957000000000001,-6.934914791938409,-0.0997000000000001,-7.471090374587258,-0.1037000000000001,-7.9690687521397505,-0.1077000000000001,-8.50241491218887,-0.1117000000000001,-8.991905021942173,-0.1147,-9.478565709095744,-0.1187,-10.08406214543798,-0.0177,19.98987066709297,-0.2776999999999999,-29.977732444140123,0.0042999999999999,40.135359577171094,-0.3737,-50.26469248420475
exp903,-1500mV,0.0092999999999998,0.4992516177223714,-0.1347,-1.0031717827342974,-0.2077000000000001,-1.5038381117565338,-0.2277000000000001,-2.017378313607542,-0.2376999999999999,-2.518186113759765,-0.2436999999999999,-2.990699687914687,-0.2476999999999999,-3.4518955716706894,-0.2516999999999999,-4.074368543611305,-0.2536999999999999,-4.473317130173245,-0.2556999999999999,-4.9698807964258735,-0.2576999999999999,-5.564059542369189,-0.2587,-5.8682224718401725,-0.2607,-6.639240130266617,-0.2616999999999999,-7.059409386326533,-0.2627,-7.548899496079835,-0.2636999999999999,-7.983215865138402,-0.2647,-8.536367983385631,-0.2656999999999999,-9.05839645303583,-0.2667,-9.58042492268603,-0.2676999999999999,-10.170359534729748,-0.2867,-20.01816489309027,-0.3087000000000001,-30.13335068712528,-0.3297,-40.17780091616704,-0.3497,-50.2505453712061
exp904,-1600mV,-0.3207000000000001,-0.50335428049198,-0.3437,-1.014489473133218,-0.3567000000000001,-1.501008689156804,-0.3666999999999999,-2.008890045808352,-0.3746999999999999,-2.5196008250596305,-0.3806999999999999,-2.976552574916037,-0.3866999999999999,-3.5014104671659654,-0.3917,-3.9838270204199433,-0.3966999999999999,-4.531320293467712,-0.4006999999999999,-4.981198486824794,-0.4046999999999999,-5.460785617479042,-0.4086999999999999,-5.9729111080301855,-0.4126999999999999,-6.538795627976199,-0.4157,-6.988673821333281,-0.4186999999999999,-7.447040282489553,-0.4217000000000001,-7.918139145344611,-0.4257000000000001,-8.551929807684147,-0.4286999999999999,-9.09800836943205,-0.4306999999999999,-9.48563926559507,-0.4337000000000001,-10.058597342040413,-0.4727,-19.862546650105116,-0.5016999999999999,-29.96358533114148,-0.5257,-39.96559422118728,-0.5457,-50.038338676226346
exp905,-1400mV,0.0022999999999999,-0.4790212461343014,-0.0037,-1.0137821174832853,-0.0117,-1.4896909987578837,-0.0257,-1.9919135102099716,-0.0477,-2.49696544426179,-0.0787000000000002,-3.000602667013743,-0.1107000000000002,-3.4886780654671803,-0.1357000000000001,-3.989485865619403,-0.1527,-4.511514335269602,-0.1637000000000001,-5.0094927128220945,-0.1717000000000001,-5.483420998276882,-0.1787,-6.037987827823977,-0.1837000000000002,-6.523233803677684,-0.1877000000000002,-6.997162089132471,-0.1917000000000001,-7.52767882658186,-0.1946999999999999,-7.987459999037997,-0.1977000000000001,-8.537782694685495,-0.1997000000000001,-8.916925323049327,-0.2027,-9.566277809687378,-0.2047,-10.0387913838423,-0.2277000000000001,-19.77766397211321,-0.2396999999999999,-29.708937297165768,-0.2487,-39.76753463920618,-0.2567,-49.9110146592385
exp906,-1800mV,-0.5277,-0.4999589733723039,-0.5587000000000001,-1.009820925843663,-0.5757,-1.498179266557074,-0.5887000000000001,-2.023037158807002,-0.5977,-2.4927213103621946,-0.6057,-2.997773244414013,-0.6126999999999999,-3.5240458479638064,-0.6186999999999999,-4.03900076111468,-0.6237,-4.528490870867983,-0.6277,-4.961392528626684,-0.6326999999999999,-5.552741851970269,-0.6357,-5.938958036833425,-0.6397,-6.492110155080653,-0.6426999999999999,-6.940573637137869,-0.6466999999999999,-7.5814378559767315,-0.6486999999999999,-7.918139145344611,-0.6517000000000001,-8.455729439293325,-0.6547,-9.023028670539205,-0.6567,-9.423391968401008,-0.6597000000000001,-10.04727965164149,-0.6937000000000001,-19.97572355409432,-0.7167,-30.161644913122583,-0.7337000000000001,-39.696799074212926,-0.7496999999999999,-50.20810403221015
exp907,-1500mV,0.0012999999999998,-0.5224528830401581,-0.0127000000000001,-1.003313253864284,-0.2247,-1.501008689156804,-0.2656999999999999,-2.0032312006088917,-0.2847,-2.50262428946125,-0.2967000000000001,-2.990699687914687,-0.3056999999999999,-3.505654601065561,-0.3127000000000001,-4.0121212464172435,-0.3177,-4.503026067470412,-0.3217,-4.9571483947270885,-0.3257,-5.545668295470944,-0.3287000000000001,-6.057793786022088,-0.3307000000000001,-6.446839393484972,-0.3327000000000001,-6.865593938245023,-0.3347000000000001,-7.3975253869942765,-0.3367000000000001,-8.019998358934892,-0.3377,-8.328405422305472,-0.3397,-9.119229038930026,-0.3407000000000001,-9.579010211386164,-0.3417,-10.098209258436633,-0.3527000000000001,-20.371842718056527,-0.3597,-30.614352529079397,-0.3657,-39.37141547524397,-0.3746999999999999,-50.1939569192115
exp908,-1400mV,-0.0017,0.519340518180455,-0.0347000000000001,-1.0127918195733798,-0.0557,-1.505252823056399,-0.0787000000000002,-1.9989870667092968,-0.0997000000000001,-2.49413602166206,-0.1167,-3.0076762235130676,-0.1287,-3.5169722914644814,-0.1377000000000001,-3.9937299995189983,-0.1447,-4.473317130173245,-0.1517000000000001,-5.0094927128220945,-0.1567,-5.491909266076072,-0.1617000000000001,-6.030914271324651,-0.1657000000000001,-6.54728389577539,-0.1687,-6.947647193637194,-0.1727,-7.543240650880375,-0.1757000000000002,-8.07517209962963,-0.1787,-8.601444703179425,-0.1807,-8.990490310642308,-0.1827,-9.379535918105192,-0.1857000000000002,-10.028888404743244,-0.2147,-19.763516859114564,-0.2327,-29.878702653149578,-0.2456999999999999,-39.68265196121428,-0.2567,-49.62807239926549
exp909,-1400mV,0.0082999999999999,-0.3174612156897142,0.0102999999999999,1.0166115400830154,0.0052999999999998,-1.4543232162612578,0.0112999999999998,2.045672539604843,-0.0017,-2.5309185154585507,-0.0107000000000001,-3.006261512213203,-0.1897000000000002,-3.502825178465831,-0.2227,-4.013535957717109,-0.2376999999999999,-4.473317130173245,-0.2487,-4.991101465923849,-0.2567,-5.469273885278232,-0.2636999999999999,-6.016767158326001,-0.2687,-6.483621887281464,-0.2736999999999999,-7.031115160329232,-0.2776999999999999,-7.52767882658186,-0.2807,-7.984630576438266,-0.2836999999999999,-8.461388284492784,-0.2867,-8.994734444541903,-0.2896999999999999,-9.605889726083598,-0.2916999999999999,-10.03313253864284,-0.3167000000000001,-19.890840876102416,-0.3297,-30.387998721100992,-0.3377,-39.47044526623452,-0.3457,-50.60422319617236
exp910,-1400mV,-0.0007000000000001,-0.5019395691921149,-0.0167000000000001,-1.000483831264554,-0.1537000000000001,-1.5038381117565338,-0.1987,-2.0060606232086218,-0.2147,-2.509697845960575,-0.2237000000000001,-2.9850408427152275,-0.2307,-3.507069312365426,-0.2357000000000001,-4.027683070715759,-0.2387,-4.43511992507689,-0.2416999999999999,-4.935927725229114,-0.2447,-5.5272770485726985,-0.2467,-6.018181869625866,-0.2487,-6.606701770369722,-0.2496999999999999,-6.923597101539489,-0.2516999999999999,-7.676223513067688,-0.2527,-8.079416233529225,-0.2536999999999999,-8.604274125779153,-0.2547,-9.090934812932726,-0.2556999999999999,-9.65681933287874,-0.2567,-10.296268840417738,-0.2656999999999999,-19.49472171214021,-0.2727,-30.37385160810234,-0.2796999999999999,-40.06462401217784,-0.2887,-50.50519340518181
exp911,-1900mV,-0.5647000000000001,-0.503071338232007,-0.5927000000000001,-1.0081232722838251,-0.6077,-1.4882762874580184,-0.6186999999999999,-1.9862546650105113,-0.6277,-2.5224302476593605,-0.6346999999999999,-3.034555738210504,-0.6397,-3.4660426846693397,-0.6446999999999999,-3.9484592379233177,-0.6497,-4.498781933570816,-0.6537000000000001,-4.98827204332412,-0.6577000000000001,-5.530106471172428,-0.6607,-5.968666974130589,-0.6637000000000001,-6.431277569186457,-0.6667,-6.9306706580388155,-0.6697000000000001,-7.469675663287394,-0.6727,-8.027071915434218,-0.6747,-8.428849924595887,-0.6777000000000001,-9.059811164335692,-0.6797000000000001,-9.499786378593722,-0.6817000000000001,-9.955323417150264,-0.7147,-20.046459119087572,-0.7376999999999999,-30.17579202612123,-0.7567,-40.27683070715759,-0.7727,-49.925161772237146
exp912,-1600mV,-0.2487,-0.5059007608317371,-0.2847,-0.9986447065747294,-0.3056999999999999,-1.4953498439573436,-0.3207000000000001,-1.9961576441095663,-0.3327000000000001,-2.518186113759765,-0.3417,-2.990699687914687,-0.3497,-3.4915074880669104,-0.3567000000000001,-3.988071154319539,-0.3626999999999999,-4.478975975372705,-0.3686999999999999,-5.03637222751953,-0.3737,-5.544253584171079,-0.3777,-5.99413177752816,-0.3817,-6.469474774282813,-0.3857,-6.994332666532741,-0.3897,-7.544655362180241,-0.3926999999999999,-7.981801153838537,-0.3957,-8.433094058495483,-0.3997,-9.076787699934076,-0.4026999999999999,-9.563448387087648,-0.4057,-10.079818011538388,-0.4527,-20.117194684080825,-0.4857000000000001,-29.80796708815632,-0.5116999999999999,-39.82412309120078,-0.5327000000000001,-50.024191563227696
exp913,-1500mV,-0.2327,-0.5015151558021554,-0.2647,-1.0013326580444728,-0.2787,-1.5080822456561291,-0.2876999999999999,-2.0159636023076772,-0.2936999999999999,-2.461597661765164,-0.2996999999999999,-3.0161644913122583,-0.3036999999999999,-3.4518955716706894,-0.3077,-3.939970970124127,-0.3117,-4.501611356170546,-0.3147000000000001,-4.975539641625334,-0.3177,-5.498982822575398,-0.3207000000000001,-6.067696765121143,-0.3227000000000001,-6.475133619482273,-0.3247000000000001,-6.9052058546412445,-0.3277,-7.598414391575112,-0.3297,-8.092148635228009,-0.3317,-8.615591816178071,-0.3327000000000001,-8.888631097052025,-0.3347000000000001,-9.45451561699804,-0.3367000000000001,-10.052938496840952,-0.3607000000000001,-19.73522263311726,-0.3777,-30.10505646112798,-0.3906999999999999,-39.96559422118728,-0.4017,-49.61392528626684
exp914,-1400mV,0.0102999999999999,0.5515959358173778,0.0072999999999998,-1.2025046048852812,0.0112999999999998,1.5278882038542394,0.0042999999999999,-2.082455033401334,0.0022999999999999,-2.4587682391654337,-0.1897000000000002,-2.994943821814283,-0.2227,-3.508484023665291,-0.2407,-3.989485865619403,-0.2527,-4.486049531872031,-0.2616999999999999,-4.965636662526279,-0.2696999999999999,-5.511715224274183,-0.2756999999999999,-6.009693601826676,-0.2807,-6.499183711579978,-0.2847,-6.939158925838006,-0.2896999999999999,-7.553143629979432,-0.2927,-8.063854409230709,-0.2956999999999999,-8.44016761499481,-0.2987000000000001,-8.956537239445547,-0.3016999999999999,-9.58042492268603,-0.3036999999999999,-9.983617643147564,-0.3327000000000001,-20.187930249074075,-0.3477,-30.11920357412663,-0.3587000000000001,-40.12121246417244,-0.3666999999999999,-49.40171859128708
exp915,-1700mV,-0.1457000000000001,-0.5005248578922499,-0.2516999999999999,-1.0079818011538386,-0.2916999999999999,-1.499593977856939,-0.3177,-2.0032312006088917,-0.3367000000000001,-2.51111255726044,-0.3517,-2.996358533114148,-0.3646999999999999,-3.5014104671659654,-0.3757,-3.9937299995189983,-0.3857,-4.514343757869332,-0.3946999999999999,-5.023639825820745,-0.4017,-5.482006286977017,-0.4097,-6.037987827823977,-0.4157,-6.513330824578629,-0.4217000000000001,-7.002820934331931,-0.4266999999999999,-7.469675663287394,-0.4327,-8.035560183233407,-0.4367,-8.459973573192919,-0.4417000000000001,-9.03293164963826,-0.4457000000000001,-9.501201089893586,-0.4497000000000001,-10.007667735245269,-0.4976999999999999,-19.961576441095666,-0.5267000000000001,-29.991879557138777,-0.5487000000000001,-40.23438936816165,-0.5657,-50.2788395972034
exp916,-1400mV,-0.0067000000000001,-0.4962807239926549,0.0122999999999999,0.9996350044846348,-0.0837000000000001,-1.5080822456561291,0.0132999999999998,2.008890045808352,-0.1667,-2.50262428946125,-0.1837000000000002,-2.989284976614823,-0.1966999999999999,-3.4900927767670455,-0.2067,-4.009291823817514,-0.2147,-4.534149716067443,-0.2207,-4.9698807964258735,-0.2267,-5.486250420876612,-0.2317000000000001,-5.97432581933005,-0.2367,-6.514745535878494,-0.2407,-6.995747377832608,-0.2436999999999999,-7.432893169490902,-0.2476999999999999,-7.990289421637726,-0.2507,-8.452900016693595,-0.2536999999999999,-8.970684352444197,-0.2567,-9.461589173497366,-0.2596999999999999,-10.041620806442031,-0.2947000000000001,-19.961576441095666,-0.3167000000000001,-30.232380478115836,-0.3327000000000001,-40.05047689917919,-0.3467000000000001,-50.22225114520881
exp917,-1400mV,0.0112999999999998,0.4976954352925198,-0.0527000000000001,-0.999352062224662,-0.1247,-1.498179266557074,-0.1717000000000001,-1.9904987989101068,-0.1937000000000001,-2.50545371206098,-0.2087,-2.9878702653149576,-0.2187,-3.473116241168665,-0.2267,-3.968265196121428,-0.2337000000000001,-4.495952510971087,-0.2396999999999999,-5.026469248420476,-0.2436999999999999,-5.433906102781606,-0.2487,-6.094576279818578,-0.2527,-6.56143100877404,-0.2556999999999999,-7.066482942825859,-0.2587,-7.503628734484154,-0.2607,-7.940774526142452,-0.2636999999999999,-8.529294426886306,-0.2656999999999999,-9.006052134940823,-0.2676999999999999,-9.393683031103844,-0.2696999999999999,-9.905808521654986,-0.2967000000000001,-19.73522263311726,-0.3157,-30.02017378313608,-0.3307000000000001,-39.62606350921968,-0.3447000000000001,-49.571483947270885
exp918,-1400mV,-0.0237,-0.5009492712822095,-0.1407,-0.9989276488347024,-0.1937000000000001,-1.501008689156804,-0.2127,-2.0060606232086218,-0.2227,-2.4884771764625997,-0.2297000000000001,-2.994943821814283,-0.2347,-3.4886780654671803,-0.2387,-3.9937299995189983,-0.2416999999999999,-4.463414151074191,-0.2447,-5.03637222751953,-0.2467,-5.4551267722795815,-0.2487,-5.94603159333275,-0.2507,-6.469474774282813,-0.2527,-7.038188716828557,-0.2547,-7.647929287070388,-0.2556999999999999,-7.946433371341912,-0.2576999999999999,-8.588712301480637,-0.2587,-8.923998879548652,-0.2607,-9.624280972981843,-0.2616999999999999,-10.004838312645536,-0.2816999999999999,-19.820105311109163,-0.2987000000000001,-29.991879557138777,-0.3127000000000001,-40.03632978618054,-0.3257,-49.81198486824794
exp919,-1400mV,-0.1207,-0.4962807239926549,-0.1717000000000001,-0.9931273325052556,-0.1917000000000001,-1.510911668255859,-0.2037000000000001,-1.993328221509837,-0.2127,-2.4983801555616547,-0.2197000000000001,-2.972308441016442,-0.2257000000000001,-3.4787750863681253,-0.2307,-3.9597769283222375,-0.2357000000000001,-4.515758469169198,-0.2396999999999999,-5.012322135421825,-0.2427,-5.431076680181876,-0.2467,-6.029499560024787,-0.2496999999999999,-6.507671979379168,-0.2527,-7.038188716828557,-0.2556999999999999,-7.587096701176192,-0.2576999999999999,-7.991704132937592,-0.2607,-8.604274125779153,-0.2627,-9.04990818523664,-0.2647,-9.492712822094395,-0.2667,-9.979373509247967,-0.2976999999999999,-19.834252424107817,-0.3197,-29.90699687914687,-0.3377,-40.27683070715759,-0.3517,-49.69880796425874
exp920,-1900mV,-0.5397,-0.4996760311123309,-0.5747000000000001,-1.006142676464014,-0.5937,-1.498179266557074,-0.6067000000000001,-1.9834252424107812,-0.6166999999999999,-2.4743300634639493,-0.6257,-3.0260674704113137,-0.6317,-3.4660426846693397,-0.6377,-3.969679907421293,-0.6426999999999999,-4.45209646067527,-0.6477,-4.996760311123309,-0.6517000000000001,-5.479176864377286,-0.6557000000000001,-6.011108313126541,-0.6587,-6.4397658369856465,-0.6627,-7.065068231525992,-0.6657000000000001,-7.575779010777271,-0.6677000000000001,-7.933700969643125,-0.6707,-8.501000200889004,-0.6727,-8.90419292135054,-0.6757000000000001,-9.545057140189405,-0.6777000000000001,-9.997764756146214,-0.7087,-19.98987066709297,-0.7287,-30.07676223513068,-0.7436999999999999,-39.696799074212926,-0.7576999999999999,-50.1939569192115
exp921,-1500mV,-0.1377000000000001,-0.501090742412196,-0.2337000000000001,-1.0057182630740549,-0.2527,-1.5137410908555893,-0.2627,-2.0060606232086218,-0.2696999999999999,-2.512527268560305,-0.2747,-2.9921143992145525,-0.2787,-3.4617985507697444,-0.2827,-4.009291823817514,-0.2856999999999999,-4.473317130173245,-0.2887,-5.003833867622634,-0.2916999999999999,-5.588109634466894,-0.2936999999999999,-6.01393773572627,-0.2956999999999999,-6.462401217783487,-0.2976999999999999,-6.94623248233733,-0.2996999999999999,-7.452699127689013,-0.3016999999999999,-7.998777689436918,-0.3036999999999999,-8.567491631982662,-0.3047000000000001,-8.857507448454994,-0.3067000000000001,-9.484224554295206,-0.3087000000000001,-10.137821174832853,-0.3317,-20.13134179707947,-0.3477,-29.977732444140123,-0.3607000000000001,-39.71094618721158,-0.3726999999999999,-49.98175022423175
exp922,-1400mV,-0.0407000000000001,-0.4918951189630732,-0.0857000000000001,-1.0054353208140816,-0.1167,-1.502423400456669,-0.1367,-1.9876693763103763,-0.1517000000000001,-2.5139419798601703,-0.1617000000000001,-2.975137863616172,-0.1697000000000001,-3.4773603750682605,-0.1777000000000002,-4.029097782015624,-0.1837000000000002,-4.515758469169198,-0.1897000000000002,-5.027883959720341,-0.1946999999999999,-5.5272770485726985,-0.1987,-6.035158405224247,-0.2027,-6.445424682185107,-0.2067,-7.004235645631797,-0.2107,-7.452699127689013,-0.2137000000000001,-8.034145471933543,-0.2167,-8.476950108791302,-0.2207,-9.02161395923934,-0.2227,-9.50544522379318,-0.2257000000000001,-10.040206095142164,-0.2636999999999999,-19.834252424107817,-0.2887,-29.921143992145527,-0.3087000000000001,-40.05047689917919,-0.3247000000000001,-49.95345599823444
exp923,-1600mV,-0.2787,-0.4984027909424524,-0.3087000000000001,-0.9968055818849048,-0.3247000000000001,-1.4896909987578837,-0.3357,-1.9749369746115912,-0.3447000000000001,-2.49413602166206,-0.3517,-2.990699687914687,-0.3577,-3.4858486428674507,-0.3626999999999999,-3.9555327944226426,-0.3677,-4.473317130173245,-0.3717,-4.941586570428573,-0.3757,-5.443809081880661,-0.3797,-5.99130235492843,-0.3837,-6.571333987873095,-0.3866999999999999,-7.033944582928963,-0.3897,-7.507872868383751,-0.3926999999999999,-8.036974894533273,-0.3957,-8.587297590180773,-0.3977,-8.974928486343794,-0.4006999999999999,-9.583254345285756,-0.4026999999999999,-10.009082446545134,-0.4367,-20.03231200608892,-0.4587,-30.11920357412663,-0.4757000000000001,-40.00803556018324,-0.4907,-49.78369064225064
exp924,-1500mV,-0.1977000000000001,-0.4968466085126009,-0.2297000000000001,-1.02128008737257,-0.2387,-1.471299751859638,-0.2447,-2.0187930249074073,-0.2476999999999999,-2.4318887244679983,-0.2507,-2.949673060218602,-0.2527,-3.3981365422758185,-0.2547,-3.931482702324937,-0.2567,-4.535564427367307,-0.2576999999999999,-4.896315808832893,-0.2596999999999999,-5.664504044659607,-0.2607,-6.155408865712774,-0.2616999999999999,-6.626507728567832,-0.2627,-7.0891183236236985,-0.2636999999999999,-7.680467646967284,-0.2647,-8.17420189062018,-0.2656999999999999,-8.691986226370785,-0.2656999999999999,-8.691986226370785,-0.2667,-9.356900537307352,-0.2676999999999999,-9.968055818849049,-0.2927,-20.187930249074075,-0.3147000000000001,-29.80796708815632,-0.3347000000000001,-39.654357735216976,-0.3537,-50.052485789224995
exp925,-1400mV,-0.0077,-0.4982613198124658,-0.1687,-0.9989276488347024,-0.2037000000000001,-1.498179266557074,-0.2177000000000001,-2.014548891007812,-0.2257000000000001,-2.509697845960575,-0.2317000000000001,-3.041629294709829,-0.2357000000000001,-3.5282899818634013,-0.2387,-3.951288660523048,-0.2416999999999999,-4.500196644870682,-0.2447,-5.114181349012108,-0.2467,-5.5994273248658155,-0.2487,-6.114382238016689,-0.2496999999999999,-6.39025094149037,-0.2516999999999999,-7.012723913430986,-0.2527,-7.35932818189792,-0.2547,-8.055366141431518,-0.2556999999999999,-8.426020501996158,-0.2567,-8.815066109459044,-0.2587,-9.672381157177256,-0.2596999999999999,-10.149138865231771,-0.2756999999999999,-19.60789861612941,-0.2887,-30.02017378313608,-0.2996999999999999,-40.14950669016974,-0.3097,-49.48660126927898
exp926,-1400mV,-0.0507000000000001,-0.5001004445022904,-0.1497000000000001,-0.987609958435782,-0.1727,-1.499593977856939,-0.1857000000000002,-2.001816489309027,-0.1957000000000001,-2.50828313466071,-0.2037000000000001,-3.0175792026121235,-0.2097000000000001,-3.509898734965156,-0.2147,-3.973924041320888,-0.2197000000000001,-4.505855490070142,-0.2237000000000001,-4.972710219025604,-0.2277000000000001,-5.507471090374587,-0.2307,-5.970081685430455,-0.2337000000000001,-6.429862857886591,-0.2367,-6.947647193637194,-0.2396999999999999,-7.49938460058456,-0.2427,-8.082245656128954,-0.2447,-8.51373260258779,-0.2467,-8.949463682946222,-0.2487,-9.403586010202895,-0.2507,-9.893076119956202,-0.2816999999999999,-20.187930249074075,-0.3016999999999999,-29.892849766148224,-0.3187000000000001,-40.220242255162994,-0.3327000000000001,-50.2788395972034
exp927,-1500mV,-0.1847000000000001,-0.4924610034830192,-0.2197000000000001,-0.9972299952748644,-0.2367,-1.4882762874580184,-0.2487,-1.972107552011861,-0.2587,-2.51111255726044,-0.2656999999999999,-2.9864555540150928,-0.2727,-3.525460559263671,-0.2776999999999999,-3.975338752620753,-0.2827,-4.490293665771627,-0.2867,-4.952904260827493,-0.2907,-5.472103307877963,-0.2947000000000001,-6.036573116524112,-0.2976999999999999,-6.497769000280114,-0.3007000000000001,-7.012723913430986,-0.3036999999999999,-7.548899496079835,-0.3056999999999999,-7.954921639141101,-0.3087000000000001,-8.563247498083067,-0.3107000000000001,-9.025858093138934,-0.3127000000000001,-9.47715099779588,-0.3147000000000001,-9.970885241448778,-0.3427000000000001,-20.00401778009162,-0.3617,-30.288968930110435,-0.3766999999999999,-40.12121246417244,-0.3906999999999999,-50.22225114520881
exp928,-1500mV,-0.2207,-0.4961392528626683,-0.2396999999999999,-0.9761507969068752,-0.2476999999999999,-1.5236440699546443,-0.2516999999999999,-1.980595819811051,-0.2547,-2.4403769922671885,-0.2576999999999999,-3.031726315610774,-0.2596999999999999,-3.4886780654671803,-0.2616999999999999,-3.986656443019674,-0.2636999999999999,-4.515758469169198,-0.2656999999999999,-5.166525667107114,-0.2667,-5.428247257582146,-0.2687,-5.978569953229646,-0.2707,-6.578407544372421,-0.2727,-7.035359294228828,-0.2747,-7.653588132269849,-0.2756999999999999,-7.92096856794434,-0.2776999999999999,-8.44299703759454,-0.2796999999999999,-9.028687515738664,-0.2816999999999999,-9.511104068992642,-0.2836999999999999,-10.035961961242569,-0.3197,-20.14548891007812,-0.3457,-30.17579202612123,,,-0.3826999999999999,-50.15151558021555
exp929,-1400mV,-0.0267000000000001,-0.4988272043324118,-0.1946999999999999,-0.9951079283250668,-0.2187,-1.4826174422585583,-0.2297000000000001,-1.9919135102099716,-0.2367,-2.5309185154585507,-0.2407,-2.965234884517117,-0.2447,-3.522631136663941,-0.2476999999999999,-4.03900076111468,-0.2496999999999999,-4.453511171975136,-0.2516999999999999,-4.916121767031002,-0.2536999999999999,-5.4225884123826855,-0.2556999999999999,-6.004034756627216,-0.2576999999999999,-6.619434172068506,-0.2587,-6.9575501727362505,-0.2596999999999999,-7.31688684290197,-0.2616999999999999,-8.063854409230709,-0.2627,-8.45148530539373,-0.2636999999999999,-8.865995716254185,-0.2647,-9.310215064411803,-0.2667,-10.195824338127318,-0.2847,-20.187930249074075,-0.2996999999999999,-30.02017378313608,-0.3137,-39.83827020419943,-0.3257,-49.59977817326819
exp930,-1400mV,-0.1747,-0.503920165011926,-0.2347,-0.9953908705850396,-0.2547,-1.5080822456561291,-0.2647,-1.9735222633117264,-0.2727,-2.532333226758415,-0.2776999999999999,-2.999187955713878,-0.2816999999999999,-3.4617985507697444,-0.2856999999999999,-4.0050476899179195,-0.2887,-4.469072996273651,-0.2916999999999999,-5.003833867622634,-0.2947000000000001,-5.5994273248658155,-0.2967000000000001,-6.035158405224247,-0.2987000000000001,-6.509086690679034,-0.3007000000000001,-7.0297004490293675,-0.3027000000000001,-7.575779010777271,-0.3036999999999999,-7.868624249849334,-0.3056999999999999,-8.47977953139103,-0.3077,-9.127717306729217,-0.3087000000000001,-9.475736286496016,-0.3097,-9.8364876679616,-0.3307000000000001,-20.24451870106867,-0.3437,-29.69479018416712,-0.3557,-40.40415472414545,-0.3646999999999999,-49.48660126927898
exp931,-1400mV,-0.0037,-0.4981198486824793,-0.0417,-0.9999179467446078,-0.2387,-1.5080822456561291,-0.2536999999999999,-2.014548891007812,-0.2616999999999999,-2.5252596702590906,-0.2667,-3.000602667013743,-0.2707,-3.509898734965156,-0.2736999999999999,-3.9668504848215624,-0.2767,-4.5044407787702765,-0.2787,-4.931683591329518,-0.2807,-5.394294186385385,-0.2827,-5.913493233435854,-0.2847,-6.513330824578629,-0.2867,-7.144292064318436,-0.2876999999999999,-7.49089633278537,-0.2887,-7.86155069335001,-0.2907,-8.63964190827578,-0.2916999999999999,-9.04990818523664,-0.2927,-9.484224554295206,-0.2936999999999999,-9.942591015451477,-0.3107000000000001,-19.862546650105116,-0.3237,-29.836261314153624,-0.3347000000000001,-39.92315288219133,-0.3447000000000001,-49.98175022423175
exp932,-1400mV,0.0002999999999999,-0.5070325298716292,-0.0217,-0.9946835149351072,-0.0837000000000001,-1.4939351326574788,-0.1507,-1.9989870667092968,-0.1777000000000002,-2.506868423360845,-0.1917000000000001,-3.0189939139119883,-0.1997000000000001,-3.4646279733694745,-0.2067,-4.03900076111468,-0.2117000000000001,-4.555370385565419,-0.2147,-4.934513013929248,-0.2187,-5.530106471172428,-0.2217000000000001,-6.077599744220197,-0.2237000000000001,-6.4793777533818675,-0.2257000000000001,-6.949061904937061,-0.2277000000000001,-7.448454993789417,-0.2297000000000001,-8.003021823336512,-0.2317000000000001,-8.635397774376184,-0.2327,-8.966440218544603,-0.2347,-9.67379586847712,-0.2357000000000001,-10.081232722838251,-0.2516999999999999,-19.636192842126707,-0.2627,-29.836261314153624,-0.2727,-40.51733162813464,-0.2807,-49.43001281728438
exp933,-1500mV,-0.2796999999999999,-0.5026469248420475,-0.2987000000000001,-1.0122259350534335,-0.3087000000000001,-1.5250587812545096,-0.3157,-2.0343548492059225,-0.3207000000000001,-2.5139419798601703,-0.3247000000000001,-2.975137863616172,-0.3287000000000001,-3.519801714064211,-0.3317,-3.9809975978202137,-0.3347000000000001,-4.5044407787702765,-0.3377,-5.085887123014808,-0.3397,-5.508885801674452,-0.3417,-5.963008128931129,-0.3437,-6.448254104784837,-0.3457,-6.967453151835306,-0.3477,-7.517775847482805,-0.3497,-8.10346632562693,-0.3507000000000001,-8.407629255097913,-0.3527000000000001,-9.048493473936777,-0.3537,-9.380950629405058,-0.3557,-10.081232722838251,-0.3766999999999999,-19.904987989101063,-0.3917,-29.921143992145527,-0.4037,-39.75338752620753,-0.4146999999999999,-50.038338676226346
exp934,-1400mV,-0.0237,-0.4998175022423174,-0.2057000000000001,-0.9975129375348374,-0.2247,-1.5080822456561291,-0.2337000000000001,-2.001816489309027,-0.2396999999999999,-2.515356691160035,-0.2436999999999999,-2.9878702653149576,-0.2467,-3.4236013456733887,-0.2496999999999999,-3.956947505722508,-0.2527,-4.610544126260154,-0.2547,-5.107107792512783,-0.2556999999999999,-5.391464763785655,-0.2576999999999999,-5.992717066228296,-0.2587,-6.309612397398063,-0.2607,-7.0367740055286925,-0.2616999999999999,-7.418746056492251,-0.2627,-7.864380115949738,-0.2647,-8.67359497947254,-0.2656999999999999,-9.184305758723816,-0.2667,-9.675210579776984,-0.2676999999999999,-10.106697526235822,-0.2847,-20.315254266061928,-0.2976999999999999,-29.822114201154974,-0.3087000000000001,-39.696799074212926,-0.3197,-49.8261319812466
exp935,-1700mV,-0.3507000000000001,-0.50335428049198,-0.3726999999999999,-1.0038791383842298,-0.3857,-1.4896909987578837,-0.3957,-1.993328221509837,-0.4037,-2.50545371206098,-0.4106999999999999,-3.0402145834099636,-0.4157,-3.4787750863681253,-0.4206999999999999,-3.969679907421293,-0.4257000000000001,-4.515758469169198,-0.4297000000000001,-4.99393088852358,-0.4337000000000001,-5.535765316371888,-0.4367,-5.94603159333275,-0.4407,-6.538795627976199,-0.4437000000000001,-7.021212181230177,-0.4467,-7.53050824918159,-0.4497000000000001,-8.065269120530575,-0.4517000000000001,-8.435923481095214,-0.4547,-9.024443381839069,-0.4567,-9.436124370099794,-0.4597000000000001,-10.04727965164149,-0.4956999999999999,-20.06060623208622,-0.5216999999999999,-30.161644913122583,-0.5427000000000001,-40.12121246417244,-0.5597,-49.76954352925199
exp936,-1600mV,-0.1417000000000001,-0.4999589733723039,-0.2616999999999999,-0.9970885241448778,-0.2927,-1.4896909987578837,-0.3127000000000001,-2.0060606232086218,-0.3267000000000001,-2.5196008250596305,-0.3377,-3.024652759111448,-0.3457,-3.4872633541673155,-0.3537,-4.0121212464172435,-0.3597,-4.4648288623740555,-0.3657,-5.01939569192115,-0.3706999999999999,-5.506056379074723,-0.3746999999999999,-5.950275727232344,-0.3797,-6.521819092377819,-0.3837,-7.039603428128422,-0.3866999999999999,-7.465431529387798,-0.3906999999999999,-8.045463162332464,-0.3937,-8.52505029298671,-0.3966999999999999,-8.998978578441498,-0.3997,-9.502615801193452,-0.4026999999999999,-10.058597342040413,-0.4447,-20.03231200608892,-0.4747,-29.836261314153624,-0.4996999999999999,-39.88071154319538,-0.5216999999999999,-49.9958973372304
exp937,-1500mV,-0.2816999999999999,-0.4978369064225064,-0.3007000000000001,-1.0009082446545134,-0.3107000000000001,-1.5094969569559942,-0.3177,-2.0286960040064623,-0.3227000000000001,-2.5139419798601703,-0.3267000000000001,-2.9822114201154974,-0.3307000000000001,-3.5282899818634013,-0.3337,-4.002218267318188,-0.3367000000000001,-4.534149716067443,-0.3387000000000001,-4.921780612230462,-0.3417,-5.564059542369189,-0.3437,-6.030914271324651,-0.3457,-6.528892648877145,-0.3477,-7.062238808926263,-0.3497,-7.638026307971333,-0.3507000000000001,-7.936530392242855,-0.3527000000000001,-8.557588652883606,-0.3537,-8.888631097052025,-0.3557,-9.583254345285756,-0.3567000000000001,-9.939761592851749,-0.3777,-20.06060623208622,-0.3917,-29.85040842715227,-0.4037,-40.12121246417244,-0.4137,-49.81198486824794
exp938,-1400mV,-0.0217,-0.4988272043324118,-0.1917000000000001,-0.9966641107549185,-0.2127,-1.4797880196588282,-0.2237000000000001,-1.9735222633117264,-0.2307,-2.4799889086634095,-0.2357000000000001,-2.9921143992145525,-0.2396999999999999,-3.566487186959758,-0.2416999999999999,-3.884797229429391,-0.2447,-4.466243573673921,-0.2467,-4.9840279094245235,-0.2487,-5.508885801674452,-0.2507,-6.101649836317904,-0.2516999999999999,-6.431277569186457,-0.2536999999999999,-7.135803796519245,-0.2547,-7.492311044085233,-0.2556999999999999,-7.912480300145149,-0.2567,-8.349626091803447,-0.2576999999999999,-8.78252774956215,-0.2596999999999999,-9.726140186572128,-0.2607,-10.24392452232273,-0.2776999999999999,-20.30110715306328,-0.2927,-30.274821817111786,-0.3056999999999999,-40.163653803168394,-0.3177,-50.2505453712061
exp939,-1500mV,-0.2257000000000001,-0.504486049531872,-0.2467,-0.9951079283250668,-0.2576999999999999,-1.5179852247551844,-0.2647,-1.9975723554094316,-0.2707,-2.5351626493581456,-0.2747,-2.924208256821031,-0.2796999999999999,-3.532534115762996,-0.2836999999999999,-4.050318451513601,-0.2867,-4.510099623969737,-0.2896999999999999,-4.979783775524929,-0.2927,-5.467859173978367,-0.2956999999999999,-6.028084848724921,-0.2987000000000001,-6.56143100877404,-0.3007000000000001,-7.046676984627748,-0.3027000000000001,-7.489481621485504,-0.3056999999999999,-8.140248819423421,-0.3077,-8.578809322381582,-0.3097,-9.139034997128135,-0.3107000000000001,-9.423391968401008,-0.3127000000000001,-9.942591015451477,-0.3397,-20.06060623208622,-0.3597,-29.90699687914687,-0.3777,-40.17780091616704,-0.3917,-49.88272043324119
exp940,-1900mV,-0.5687000000000001,-0.502505453712061,-0.5967000000000001,-0.9917126212053906,-0.6126999999999999,-1.5038381117565338,-0.6246999999999999,-2.013134179707947,-0.6337,-2.512527268560305,-0.6406999999999999,-2.977967286215902,-0.6477,-3.507069312365426,-0.6527,-3.9555327944226426,-0.6577000000000001,-4.461999439774326,-0.6627,-5.043445784018855,-0.6667,-5.540009450271484,-0.6697000000000001,-5.947446304632614,-0.6737000000000001,-6.5246485149775495,-0.6767,-7.012723913430986,-0.6797000000000001,-7.500799311884425,-0.6827,-8.03273076063368,-0.6847,-8.428849924595887,-0.6877000000000001,-9.007466846240687,-0.6897000000000001,-9.436124370099794,-0.6927,-10.060012053340277,-0.7257000000000001,-20.117194684080825,-0.7467,-29.878702653149578,-0.7636999999999999,-39.79582886520348,-0.7787000000000001,-50.22225114520881
exp941,-1500mV,-0.2676999999999999,-0.5078813566515481,-0.2827,-0.9843561224460924,-0.2907,-1.4670556179600431,-0.2967000000000001,-1.9763516859114565,-0.3016999999999999,-2.5295038041586855,-0.3056999999999999,-3.0656793868075347,-0.3087000000000001,-3.532534115762996,-0.3117,-4.05597729671306,-0.3137,-4.443608192876081,-0.3167000000000001,-5.075984143915751,-0.3187000000000001,-5.538594738971618,-0.3207000000000001,-6.033743693924381,-0.3227000000000001,-6.5642604313737705,-0.3247000000000001,-7.12873024001992,-0.3257,-7.422990190391848,-0.3277,-8.039804317133003,-0.3287000000000001,-8.362358493502233,-0.3307000000000001,-9.035761072237989,-0.3317,-9.385194763304654,-0.3337,-10.120844639234472,-0.3547000000000001,-20.24451870106867,-0.3686999999999999,-29.836261314153624,-0.3806999999999999,-39.56947505722508,-0.3917,-49.84027909424525
exp942,-1600mV,-0.2787,-0.4954318972127358,-0.3177,-0.9997764756146216,-0.3367000000000001,-1.499593977856939,-0.3497,-1.9989870667092968,-0.3597,-2.5210155363594953,-0.3666999999999999,-2.973723152316307,-0.3737,-3.5113134462650213,-0.3786999999999999,-3.951288660523048,-0.3837,-4.469072996273651,-0.3886999999999999,-5.03637222751953,-0.3926999999999999,-5.5414241615713475,-0.3957,-5.957349283731669,-0.3997,-6.534551494076605,-0.4026999999999999,-7.012723913430986,-0.4057,-7.520605270082535,-0.4086999999999999,-8.052536718831789,-0.4106999999999999,-8.441582326294675,-0.4137,-9.031516938338395,-0.4157,-9.464418596097095,-0.4186999999999999,-10.081232722838251,-0.4527,-19.961576441095666,-0.4817000000000001,-30.13335068712528,-0.5076999999999999,-39.96559422118728,-0.5307000000000001,-50.094927128220945
exp943,-1800mV,-0.4936999999999999,-0.504486049531872,-0.5176999999999999,-1.0065670898539736,-0.5307000000000001,-1.4896909987578837,-0.5407000000000001,-2.0032312006088917,-0.5487000000000001,-2.5351626493581456,-0.5547000000000001,-3.0189939139119883,-0.5597,-3.4872633541673155,-0.5647000000000001,-4.023438936816164,-0.5687000000000001,-4.507270201370006,-0.5727000000000001,-5.046275206618586,-0.5757,-5.486250420876612,-0.5787000000000001,-5.958763995031535,-0.5817,-6.476548330782138,-0.5847000000000001,-7.031115160329232,-0.5867000000000001,-7.414501922592657,-0.5897,-8.0440484510326,-0.5917,-8.48826779919022,-0.5937,-8.939560703847167,-0.5957,-9.417733123201549,-0.5977,-9.929858613752693,-0.6257,-19.834252424107817,-0.6446999999999999,-30.147497800123933,-0.6587,-39.95144710818864,-0.6707,-49.71295507725739
exp944,-1900mV,-0.6177,-0.4984027909424524,-0.6466999999999999,-1.0102453392336226,-0.6617000000000001,-1.4925204213576138,-0.6727,-2.001816489309027,-0.6807,-2.4898918877624645,-0.6877000000000001,-3.0175792026121235,-0.6927,-3.4660426846693397,-0.6977000000000001,-3.9725093300210226,-0.7027,-4.559614519465013,-0.7057000000000001,-4.951489549527628,-0.7097000000000001,-5.528691759872564,-0.7127,-5.9997906227276205,-0.7157000000000001,-6.507671979379168,-0.7187,-7.059409386326533,-0.7207,-7.448454993789417,-0.7237000000000001,-8.073757388329765,-0.7257000000000001,-8.509488468688197,-0.7277000000000001,-8.974928486343794,-0.7297000000000001,-9.45451561699804,-0.7317000000000001,-9.959567551049858,-0.7607,-20.117194684080825,-0.7797,-29.90699687914687,-0.7957,-40.20609514216434,-0.8087000000000001,-50.0807800152223
exp945,-1600mV,-0.1997000000000001,-0.4999589733723039,-0.2607,-1.0057182630740549,-0.2727,-1.4868615761581534,-0.2796999999999999,-1.967863418112266,-0.2847,-2.461597661765164,-0.2887,-2.949673060218602,-0.2927,-3.555169496560837,-0.2947000000000001,-3.9215797232258818,-0.2976999999999999,-4.505855490070142,-0.2996999999999999,-5.006663290222365,-0.3016999999999999,-5.477762153077422,-0.3036999999999999,-6.047890806923031,-0.3056999999999999,-6.316685953897389,-0.3067000000000001,-6.842958557447183,-0.3077,-7.340936934999675,-0.3097,-8.124686995124907,-0.3107000000000001,-8.40904396639778,-0.3127000000000001,-9.10649663723124,-0.3137,-9.45451561699804,-0.3147000000000001,-10.062841475940006,-0.3317,-19.77766397211321,-0.3447000000000001,-29.75137863616172,-0.3567000000000001,-40.4748902891387,-0.3677,-50.038338676226346
exp946,-1500mV,-0.2476999999999999,-0.5077398855215616,-0.2616999999999999,-0.9846390647060654,-0.2676999999999999,-1.4925204213576138,-0.2716999999999999,-2.047087250904708,-0.2736999999999999,-2.424815167968673,-0.2767,-3.0939736128048354,-0.2787,-3.608928525955709,-0.2796999999999999,-3.8989443424280408,-0.2816999999999999,-4.461999439774326,-0.2836999999999999,-5.100034236013457,-0.2856999999999999,-5.6065008813651405,-0.2876999999999999,-6.057793786022088,-0.2896999999999999,-6.376103828491721,-0.2916999999999999,-6.93774421453814,-0.2947000000000001,-7.401769520893872,-0.2976999999999999,-8.065269120530575,-0.3007000000000001,-8.533538560785903,-0.3027000000000001,-9.027272804438798,-0.3047000000000001,-9.46583330739696,-0.3077,-10.102453392336226,-0.3457,-20.159636023076775,-0.3757,-30.10505646112798,-0.3997,-40.27683070715759,-0.4226999999999999,-49.84027909424525
exp947,-1900mV,-0.4727,-0.4998175022423174,-0.5007,-1.0071329743739197,-0.5176999999999999,-1.5094969569559942,-0.5307000000000001,-2.020207736207272,-0.5407000000000001,-2.49696544426179,-0.5497,-2.9836261314153627,-0.5577,-3.475945663768395,-0.5657,-4.020609514216435,-0.5717,-4.461999439774326,-0.5787000000000001,-5.01939569192115,-0.5847000000000001,-5.528691759872564,-0.5897,-5.975740530629915,-0.5947000000000001,-6.465230640383218,-0.5997,-6.953306038836654,-0.6047000000000001,-7.495140466684964,-0.6097,-8.039804317133003,-0.6137,-8.503829623488736,-0.6177,-8.976343197643658,-0.6217,-9.468662729996687,-0.6257,-10.014741291744594,-0.6837000000000001,-19.876693763103766,-0.7227,-30.07676223513068,-0.7516999999999999,-39.99388844718459,-0.7757,-50.094927128220945
exp948,-1400mV,-0.0367000000000001,-0.4978369064225064,-0.2067,-0.9989276488347024,-0.2367,-1.5038381117565338,-0.2487,-1.9919135102099716,-0.2556999999999999,-2.461597661765164,-0.2607,-2.963820173217252,-0.2647,-3.509898734965156,-0.2676999999999999,-4.029097782015624,-0.2696999999999999,-4.43511992507689,-0.2716999999999999,-4.901974654032353,-0.2736999999999999,-5.449467927080121,-0.2756999999999999,-6.036573116524112,-0.2767,-6.369030271992395,-0.2787,-7.087703612323834,-0.2796999999999999,-7.466846240687664,-0.2807,-7.865794827249602,-0.2816999999999999,-8.29728177370844,-0.2836999999999999,-9.21542940732085,-0.2847,-9.699260671874692,-0.2856999999999999,-10.208556739826104,-0.2996999999999999,-19.622045729128057,-0.3107000000000001,-29.977732444140123,-0.3197,-40.34756627215084,-0.3267000000000001,-49.31683591329518
exp949,-1900mV,-0.4197000000000001,-0.5027883959720341,-0.4477000000000001,-0.9924199768553232,-0.4667,-1.498179266557074,-0.4807,-1.9876693763103763,-0.4927,-2.4898918877624645,-0.5036999999999999,-2.9666495958169823,-0.5127,-3.505654601065561,-0.5216999999999999,-4.01070653511738,-0.5287000000000001,-4.476146552772976,-0.5367000000000001,-4.9896867546239845,-0.5447000000000001,-5.507471090374587,-0.5497,-5.995546488828026,-0.5567000000000001,-6.492110155080653,-0.5627000000000001,-6.980185553534091,-0.5687000000000001,-7.50221402318429,-0.5747000000000001,-8.04121902843287,-0.5797,-8.444411748894403,-0.5857,-9.001808001041228,-0.5907000000000001,-9.526665893291156,-0.5947000000000001,-9.973714664048508,-0.6727,-20.06060623208622,-0.7287,-30.10505646112798,-0.7676999999999999,-39.96559422118728,-0.7987000000000001,-49.8261319812466
exp950,-1500mV,-0.2567,-0.4935927725229112,-0.2727,-1.001615600304446,-0.2787,-1.5321323377538347,-0.2816999999999999,-1.9763516859114565,-0.2836999999999999,-2.386617962872317,-0.2856999999999999,-2.9072317212226504,-0.2876999999999999,-3.543851806161917,-0.2887,-3.907432610227231,-0.2907,-4.684109113853137,-0.2916999999999999,-5.077398855215616,-0.2927,-5.4551267722795815,-0.2936999999999999,-5.848416513642062,-0.2956999999999999,-6.54728389577539,-0.2967000000000001,-6.876911628643944,-0.2987000000000001,-7.480993353686313,-0.3007000000000001,-8.029901338033948,-0.3027000000000001,-8.571735765882257,-0.3047000000000001,-9.076787699934076,-0.3067000000000001,-9.569107232287108,-0.3087000000000001,-10.071329743739197,-0.3467000000000001,-20.08890045808352,-0.3757,-30.07676223513068,-0.4017,-39.89485865619403,-0.4257000000000001,-50.0807800152223
exp951,-1600mV,-0.2337000000000001,-0.5032128093619935,-0.2567,-0.9863367182659036,-0.2647,-1.5165705134553191,-0.2687,-1.9466427486142908,-0.2727,-2.5535538962563913,-0.2756999999999999,-3.08124121110605,-0.2776999999999999,-3.502825178465831,-0.2796999999999999,-3.969679907421293,-0.2816999999999999,-4.459170017174596,-0.2836999999999999,-4.975539641625334,-0.2856999999999999,-5.5414241615713475,-0.2876999999999999,-6.094576279818578,-0.2887,-6.3548831589937445,-0.2907,-6.968867863135171,-0.2927,-7.564461320378352,-0.2947000000000001,-8.09497805782774,-0.2967000000000001,-8.638227196975913,-0.2976999999999999,-8.926828302148381,-0.2996999999999999,-9.430465524900336,-0.3016999999999999,-9.942591015451477,-0.3537,-20.17378313607542,-0.4077,-30.00602667013743,-0.4387,-39.97974133418594,-0.4717000000000001,-49.514895495276285
exp952,-1900mV,-0.5347000000000001,-0.4992516177223714,-0.5837,-1.0076988588938656,-0.6117,-1.499593977856939,-0.6326999999999999,-2.0032312006088917,-0.6497,-2.5238449589592253,-0.6617000000000001,-2.989284976614823,-0.6717000000000001,-3.4717015298688,-0.6817000000000001,-4.0220242255163,-0.6897000000000001,-4.521417314368658,-0.6967,-5.012322135421825,-0.7027,-5.525862337272833,-0.7077000000000001,-5.955934572431804,-0.7127,-6.465230640383218,-0.7177000000000001,-6.988673821333281,-0.7217000000000001,-7.434307880790768,-0.7267,-8.058195564031248,-0.7297000000000001,-8.484023665290625,-0.7337000000000001,-9.023028670539205,-0.7367,-9.433294947500064,-0.7407,-10.041620806442031,-0.7847000000000001,-19.961576441095666,-0.8127000000000001,-30.13335068712528,-0.8327000000000001,-39.86656443019674,-0.8497,-49.88272043324119
exp953,-1400mV,-0.2177000000000001,-0.5006663290222364,-0.2476999999999999,-0.9994935333546484,-0.2576999999999999,-1.5363764716534298,-0.2627,-2.038598983105518,-0.2656999999999999,-2.4898918877624645,-0.2676999999999999,-2.88742576302454,-0.2696999999999999,-3.3839894292771677,-0.2716999999999999,-3.9979741334185936,-0.2727,-4.362969648783774,-0.2747,-5.204722872203471,-0.2756999999999999,-5.688554136757313,-0.2767,-6.213412029007241,-0.2776999999999999,-6.782125971552985,-0.2776999999999999,-6.782125971552985,-0.2787,-7.390451830494952,-0.2796999999999999,-8.02141307023476,-0.2807,-8.67642440207227,-0.2807,-8.67642440207227,-0.2816999999999999,-9.36397409380668,-0.2827,-10.04445022904176,-0.2987000000000001,-19.820105311109163,-0.3167000000000001,-30.260674704113132,-0.3317,-39.83827020419943,-0.3447000000000001,-49.642219512264134
exp954,-1400mV,0.0032999999999998,-0.44266316572777,0.0082999999999999,0.9423391968401008,-0.0037,-1.4529085049613928,-0.0097,-2.0301107153063276,-0.0157,-2.4700859295643536,-0.0257,-2.999187955713878,-0.0387000000000001,-3.4900927767670455,-0.0547000000000001,-4.009291823817514,-0.0747000000000002,-4.493123088371357,-0.0957000000000001,-4.992516177223715,-0.1167,-5.511715224274183,-0.1367,-6.023840714825327,-0.1547,-6.4793777533818675,-0.1707,-7.011309202131122,-0.1817000000000002,-7.49938460058456,-0.1907000000000001,-7.997362978137053,-0.1977000000000001,-8.472705974891705,-0.2037000000000001,-8.970684352444197,-0.2097000000000001,-9.521007048091697,-0.2137000000000001,-9.935517458952152,-0.2536999999999999,-20.21622447507137,-0.2647,-30.642646755076697,-0.2707,-39.78168175220483,-0.2756999999999999,-49.04804076632082
exp955,-1500mV,-0.2436999999999999,-0.5059007608317371,-0.2636999999999999,-0.9945420438051208,-0.2747,-1.5094969569559942,-0.2816999999999999,-1.9890840876102416,-0.2876999999999999,-2.533747938058281,-0.2916999999999999,-2.963820173217252,-0.2956999999999999,-3.4674573959692045,-0.2996999999999999,-4.04183018371441,-0.3027000000000001,-4.527076159568118,-0.3056999999999999,-5.067495876116562,-0.3077,-5.448053215780256,-0.3107000000000001,-6.074770321620467,-0.3127000000000001,-6.526063226277413,-0.3147000000000001,-6.999991511732201,-0.3167000000000001,-7.529093537881726,-0.3187000000000001,-8.058195564031248,-0.3197,-8.351040803103311,-0.3217,-8.959366662045278,-0.3237,-9.594572035684678,-0.3247000000000001,-9.929858613752693,-0.3477,-19.93328221509837,-0.3637,-29.949438218142824,-0.3777,-39.92315288219133,-0.3906999999999999,-50.20810403221015
exp956,-1500mV,-0.2947000000000001,-0.5066081164816696,-0.3147000000000001,-0.9952493994550534,-0.3247000000000001,-1.472714463159503,-0.3317,-1.9579604390132104,-0.3377,-2.5210155363594953,-0.3417,-2.9807967088156326,-0.3457,-3.5297046931632665,-0.3487000000000001,-4.0050476899179195,-0.3517,-4.5369791386671725,-0.3537,-4.931683591329518,-0.3567000000000001,-5.571133098868514,-0.3587000000000001,-6.0464760956231665,-0.3607000000000001,-6.538795627976199,-0.3626999999999999,-7.073556499325184,-0.3637,-7.36215760449765,-0.3657,-7.952092216541371,-0.3677,-8.584468167581042,-0.3686999999999999,-8.928243013448247,-0.3706999999999999,-9.635598663380764,-0.3717,-10.004838312645536,-0.3917,-20.01816489309027,-0.4046999999999999,-29.59576039317657,-0.4157,-39.55532794422642,-0.4257000000000001,-50.109074241219595
exp957,-1500mV,-0.1847000000000001,-0.4951489549527627,-0.2347,-1.001898542564419,-0.2556999999999999,-1.5137410908555893,-0.2687,-1.9919135102099716,-0.2787,-2.4870624651627344,-0.2867,-2.9850408427152275,-0.2936999999999999,-3.4886780654671803,-0.2996999999999999,-4.0050476899179195,-0.3047000000000001,-4.471902418873381,-0.3097,-5.00807800152223,-0.3137,-5.477762153077422,-0.3177,-5.9884729323287,-0.3217,-6.53596620537647,-0.3247000000000001,-6.968867863135171,-0.3277,-7.425819612991578,-0.3317,-8.073757388329765,-0.3337,-8.416117522897103,-0.3367000000000001,-8.969269641144333,-0.3397,-9.509689357692777,-0.3417,-9.914296789454175,-0.3797,-19.904987989101063,-0.4057,-30.00602667013743,-0.4266999999999999,-40.20609514216434,-0.4437000000000001,-50.024191563227696
exp958,-1800mV,-0.4126999999999999,-0.5006663290222364,-0.4537000000000001,-1.0031717827342974,-0.4767,-1.501008689156804,-0.4947,-2.001816489309027,-0.5096999999999999,-2.512527268560305,-0.5216999999999999,-2.9807967088156326,-0.5327000000000001,-3.4886780654671803,-0.5427000000000001,-3.992315288219133,-0.5517,-4.515758469169198,-0.5587000000000001,-4.979783775524929,-0.5657,-5.5018122451751275,-0.5717,-5.964422840230995,-0.5777,-6.490695443780789,-0.5827000000000001,-6.95189132753679,-0.5877,-7.464016818087933,-0.5927000000000001,-7.993118844237457,-0.5977,-8.546270962484687,-0.6017,-9.0555670304361,-0.6047000000000001,-9.458759750897634,-0.6077,-9.9539087058504,-0.6567,-20.046459119087572,-0.6857000000000001,-29.96358533114148,-0.7087,-39.72509330021023,-0.7307,-49.98175022423175
exp959,-1400mV,-0.1157000000000001,-0.4999589733723039,-0.2387,-1.007840330023852,-0.2556999999999999,-1.505252823056399,-0.2636999999999999,-2.0103047571082175,-0.2687,-2.512527268560305,-0.2727,-3.0586058303082093,-0.2756999999999999,-3.582049011258273,-0.2776999999999999,-3.992315288219133,-0.2796999999999999,-4.453511171975136,-0.2816999999999999,-4.959977817326819,-0.2836999999999999,-5.525862337272833,-0.2856999999999999,-6.131358773615069,-0.2867,-6.455327661284162,-0.2887,-7.147121486918166,-0.2896999999999999,-7.503628734484154,-0.2907,-7.870038961149199,-0.2927,-8.660862577773754,-0.2936999999999999,-9.07254356603448,-0.2947000000000001,-9.495542244694128,-0.2956999999999999,-9.92702919115296,-0.3137,-19.763516859114564,-0.3277,-29.921143992145527,-0.3397,-40.12121246417244,-0.3497,-49.75539641625335
exp960,-1500mV,-0.2727,-0.4937342436528978,-0.2927,-0.9829414111462276,-0.3036999999999999,-1.5222293586547797,-0.3097,-1.963619284212671,-0.3157,-2.542236205857471,-0.3197,-3.0274821817111786,-0.3227000000000001,-3.45472499427042,-0.3257,-3.944215104023722,-0.3287000000000001,-4.498781933570816,-0.3307000000000001,-4.9175364783308675,-0.3337,-5.59518319096622,-0.3357,-6.110138104117093,-0.3367000000000001,-6.376103828491721,-0.3387000000000001,-6.934914791938409,-0.3407000000000001,-7.53899651698078,-0.3417,-7.862965404649874,-0.3437,-8.529294426886306,-0.3447000000000001,-8.885801674452297,-0.3467000000000001,-9.624280972981843,-0.3477,-10.011911869144866,-0.3666999999999999,-19.70692840711996,-0.3806999999999999,-29.708937297165768,-0.3926999999999999,-40.03632978618054,-0.4026999999999999,-50.024191563227696
exp961,-1700mV,-0.3197,-0.501090742412196,-0.3567000000000001,-1.003313253864284,-0.3757,-1.4868615761581534,-0.3897,-2.011719468408082,-0.3997,-2.5210155363594953,-0.4077,-3.006261512213203,-0.4146999999999999,-3.5240458479638064,-0.4206999999999999,-4.03900076111468,-0.4257000000000001,-4.520002603068792,-0.4297000000000001,-4.9444159930283025,-0.4347,-5.504641667774858,-0.4387,-6.012523024426406,-0.4427,-6.538795627976199,-0.4457000000000001,-6.981600264833956,-0.4487,-7.430063746891172,-0.4527,-8.062439697930845,-0.4547,-8.404799832498183,-0.4577000000000001,-8.90419292135054,-0.4607,-9.49129811079453,-0.4637000000000001,-10.082647434138115,-0.5027,-20.10304757108217,-0.5297,-29.80796708815632,-0.5547000000000001,-39.97974133418594,-0.5767000000000001,-49.9958973372304
exp962,-1600mV,-0.2436999999999999,-0.5032128093619935,-0.2707,-0.9897320253855796,-0.2867,-1.4840321535584236,-0.2987000000000001,-2.0159636023076772,-0.3067000000000001,-2.4870624651627344,-0.3137,-3.009090934812933,-0.3197,-3.4858486428674507,-0.3247000000000001,-3.9725093300210226,-0.3297,-4.522832025668523,-0.3337,-5.006663290222365,-0.3377,-5.544253584171079,-0.3407000000000001,-5.97149639673032,-0.3437,-6.438351125685783,-0.3467000000000001,-6.926426524139219,-0.3497,-7.462602106788069,-0.3527000000000001,-8.068098543130306,-0.3547000000000001,-8.418946945496833,-0.3577,-9.037175783537856,-0.3597,-9.49695695599399,-0.3617,-9.908637944254718,-0.3977,-19.834252424107817,-0.4286999999999999,-29.90699687914687,-0.4587,-40.06462401217784,-0.4867,-50.0807800152223
exp963,-1600mV,-0.2636999999999999,-0.501656626932142,-0.2907,-0.9884587852157012,-0.3067000000000001,-1.4967645552572086,-0.3177,-1.9834252424107812,-0.3267000000000001,-2.515356691160035,-0.3337,-3.0232380478115832,-0.3397,-3.5169722914644814,-0.3447000000000001,-4.013535957717109,-0.3487000000000001,-4.46058472847446,-0.3537,-5.063251742216966,-0.3567000000000001,-5.482006286977017,-0.3597,-5.94320217073302,-0.3626999999999999,-6.432692280486322,-0.3657,-6.9434030597376,-0.3697,-7.57294958817754,-0.3717,-8.000192400736783,-0.3737,-8.508073757388331,-0.3766999999999999,-9.088105390332997,-0.3786999999999999,-9.535154161090349,-0.3806999999999999,-10.040206095142164,-0.4117,-19.834252424107817,-0.4357000000000001,-30.274821817111786,-0.4587,-39.79582886520348,-0.4817000000000001,-49.93930888523579
exp964,-1600mV,-0.1197000000000001,-0.4968466085126009,-0.1907000000000001,-1.0013326580444728,-0.2197000000000001,-1.505252823056399,-0.2376999999999999,-2.0286960040064623,-0.2507,-2.4842330425630044,-0.2616999999999999,-2.997773244414013,-0.2707,-3.4957516219665052,-0.2787,-4.024853648116029,-0.2847,-4.470487707573516,-0.2907,-4.978369064225063,-0.2956999999999999,-5.453712060979717,-0.3007000000000001,-5.953105149832074,-0.3056999999999999,-6.514745535878494,-0.3097,-7.063653520226129,-0.3137,-7.503628734484154,-0.3177,-8.059610275331114,-0.3207000000000001,-8.469876552291973,-0.3247000000000001,-9.04424934003718,-0.3267000000000001,-9.40924485540236,-0.3307000000000001,-10.04727965164149,-0.3737,-19.947429328097016,-0.4046999999999999,-29.822114201154974,-0.4306999999999999,-40.02218267318189,-0.4557000000000001,-49.9958973372304
exp965,-1900mV,-0.4337000000000001,-0.5001004445022904,-0.4607,-0.9966641107549185,-0.4787,-1.5080822456561291,-0.4927,-1.9989870667092968,-0.5047,-2.478574197363544,-0.5156999999999999,-2.9850408427152275,-0.5257,-3.492922199366775,-0.5347000000000001,-3.975338752620753,-0.5437,-4.525661448268252,-0.5517,-5.0052485789225,-0.5587000000000001,-5.467859173978367,-0.5657,-5.99130235492843,-0.5727000000000001,-6.499183711579978,-0.5797,-7.039603428128422,-0.5857,-7.471090374587258,-0.5917,-7.970483463439617,-0.5977,-8.52787971558644,-0.6027000000000001,-9.028687515738664,-0.6077,-9.530910027190751,-0.6126999999999999,-10.054353208140816,-0.6787,-20.00401778009162,-0.7147,-29.864555540150924,-0.7396999999999999,-39.89485865619403,-0.7587,-49.656366625262784
exp966,-1500mV,-0.2787,-0.5077398855215616,-0.2976999999999999,-1.003313253864284,-0.3077,-1.4953498439573436,-0.3147000000000001,-1.9961576441095663,-0.3197,-2.468671218264489,-0.3247000000000001,-3.045873428609424,-0.3277,-3.4589691281700143,-0.3307000000000001,-3.927238568425342,-0.3337,-4.44643761547581,-0.3367000000000001,-5.039201650119261,-0.3387000000000001,-5.463615040078771,-0.3407000000000001,-5.931884480334099,-0.3427000000000001,-6.424204012687131,-0.3447000000000001,-6.956135461436385,-0.3467000000000001,-7.52767882658186,-0.3487000000000001,-8.138834108123556,-0.3497,-8.459973573192919,-0.3517,-9.126302595429353,-0.3527000000000001,-9.472906863896286,-0.3537,-9.83365824536187,-0.3746999999999999,-20.24451870106867,-0.3886999999999999,-30.10505646112798,-0.3997,-39.54118083122778,-0.4106999999999999,-49.76954352925199
exp967,-1500mV,-0.2647,-0.4995345599823444,-0.2847,-0.9977958797948104,-0.2947000000000001,-1.4953498439573436,-0.3016999999999999,-2.020207736207272,-0.3067000000000001,-2.5210155363594953,-0.3107000000000001,-3.009090934812933,-0.3137,-3.440577881271769,-0.3167000000000001,-3.931482702324937,-0.3197,-4.476146552772976,-0.3217,-4.892071674933297,-0.3247000000000001,-5.581036077967569,-0.3267000000000001,-6.087502723319252,-0.3287000000000001,-6.626507728567832,-0.3297,-6.917938256340029,-0.3317,-7.534752383081187,-0.3327000000000001,-7.854477136850684,-0.3347000000000001,-8.533538560785903,-0.3357,-8.89004580835189,-0.3377,-9.618622127782384,-0.3387000000000001,-9.994935333546485,-0.3577,-19.721075520118617,-0.3726999999999999,-30.331410269106385,-0.3846999999999999,-40.24853648116029,-0.3946999999999999,-49.58563106026953
exp968,-1600mV,-0.2796999999999999,-0.5051934051818046,-0.3097,-0.9987861777047158,-0.3277,-1.5165705134553191,-0.3397,-2.007475334508487,-0.3487000000000001,-2.485647753862869,-0.3567000000000001,-3.0161644913122583,-0.3626999999999999,-3.4872633541673155,-0.3686999999999999,-4.0446596063141405,-0.3726999999999999,-4.470487707573516,-0.3766999999999999,-4.951489549527628,-0.3806999999999999,-5.487665132176478,-0.3846999999999999,-6.067696765121143,-0.3877,-6.5515280296749845,-0.3906999999999999,-7.073556499325184,-0.3926999999999999,-7.452699127689013,-0.3957,-8.035560183233407,-0.3977,-8.450070594093864,-0.3997,-8.894289942251486,-0.4026999999999999,-9.58891319048522,-0.4046999999999999,-10.071329743739197,-0.4367,-20.01816489309027,-0.4617000000000001,-29.85040842715227,-0.4847,-40.17780091616704,-0.5036999999999999,-49.84027909424525
exp969,-1500mV,-0.2596999999999999,-0.4944415993028303,-0.2807,-0.9863367182659036,-0.2907,-1.5179852247551844,-0.2967000000000001,-1.9961576441095663,-0.3016999999999999,-2.5167714024599,-0.3056999999999999,-3.0303116043109086,-0.3087000000000001,-3.4717015298688,-0.3117,-3.973924041320888,-0.3147000000000001,-4.541223272566767,-0.3167000000000001,-4.954318972127359,-0.3187000000000001,-5.4027824541845755,-0.3207000000000001,-5.882369584838822,-0.3227000000000001,-6.398739209289561,-0.3247000000000001,-6.949061904937061,-0.3267000000000001,-7.534752383081187,-0.3277,-7.8431594464517636,-0.3297,-8.501000200889004,-0.3307000000000001,-8.843360335456342,-0.3327000000000001,-9.552130696688728,-0.3337,-9.92702919115296,-0.3537,-20.00401778009162,-0.3677,-30.17579202612123,-0.3786999999999999,-39.95144710818864,-0.3886999999999999,-50.094927128220945
exp970,-2000mV,-0.5076999999999999,-0.5003833867622635,-0.5417,-1.0069915032439332,-0.5637,-1.505252823056399,-0.5797,-2.011719468408082,-0.5927000000000001,-2.49979486686152,-0.6037,-3.006261512213203,-0.6126999999999999,-3.4985810445662353,-0.6206999999999999,-3.9909005769192687,-0.6277,-4.476146552772976,-0.6346999999999999,-5.006663290222365,-0.6406999999999999,-5.528691759872564,-0.6457,-6.016767158326001,-0.6507,-6.534551494076605,-0.6547,-6.954720750136521,-0.6597000000000001,-7.544655362180241,-0.6637000000000001,-8.055366141431518,-0.6667,-8.448655882793998,-0.6707,-9.014540402740012,-0.6737000000000001,-9.47149215259642,-0.6767,-9.945420438051208,-0.7217000000000001,-19.93328221509837,-0.7496999999999999,-29.80796708815632,-0.7727,-40.14950669016974,-0.7917,-50.1939569192115
exp971,-1600mV,-0.3087000000000001,-0.504768991791845,-0.3347000000000001,-0.9982202931847698,-0.3507000000000001,-1.4854468648582886,-0.3637,-2.020207736207272,-0.3726999999999999,-2.4828183312631396,-0.3817,-3.0303116043109086,-0.3886999999999999,-3.5297046931632665,-0.3946999999999999,-4.007877112517649,-0.4006999999999999,-4.546882117766228,-0.4057,-5.0420310727189905,-0.4097,-5.474932730477692,-0.4137,-5.940372748133289,-0.4177,-6.441180548285512,-0.4217000000000001,-6.983014976133821,-0.4257000000000001,-7.563046609078486,-0.4286999999999999,-8.029901338033948,-0.4317000000000001,-8.517976736487388,-0.4347,-9.04141991743745,-0.4377000000000001,-9.587498479185356,-0.4397000000000001,-9.968055818849049,-0.4767,-20.17378313607542,-0.4987,-29.921143992145527,-0.5156999999999999,-39.80997597820213,-0.5307000000000001,-50.37786938819396
exp972,-1500mV,-0.3047000000000001,-0.4972710219025603,-0.3227000000000001,-1.007274445503906,-0.3327000000000001,-1.4939351326574788,-0.3397,-1.9664487068124008,-0.3457,-2.4842330425630044,-0.3507000000000001,-3.010505646112798,-0.3547000000000001,-3.507069312365426,-0.3587000000000001,-4.074368543611305,-0.3617,-4.553955674265553,-0.3646999999999999,-5.087301834314672,-0.3666999999999999,-5.469273885278232,-0.3697,-6.097405702418309,-0.3717,-6.545869184475525,-0.3737,-7.028285737729503,-0.3757,-7.537581805680916,-0.3777,-8.08366036742882,-0.3786999999999999,-8.366602627401825,-0.3806999999999999,-8.962196084645006,-0.3826999999999999,-9.590327901785084,-0.3837,-9.919955634653638,-0.4057,-19.77766397211321,-0.4206999999999999,-29.96358533114148,-0.4327,-40.3900076111468,-0.4417000000000001,-49.458307043281685
exp973,-2000mV,-0.6386999999999999,-0.4974124930325468,-0.6677000000000001,-0.9924199768553232,-0.6837000000000001,-1.4967645552572086,-0.6947,-1.9919135102099716,-0.7037000000000001,-2.5266743815589554,-0.7107,-3.0359704495103688,-0.7157000000000001,-3.4674573959692045,-0.7207,-3.951288660523048,-0.7257000000000001,-4.4973672222709515,-0.7297000000000001,-4.9896867546239845,-0.7337000000000001,-5.537180027671754,-0.7367,-5.977155241929781,-0.7396999999999999,-6.448254104784837,-0.7427,-6.953306038836654,-0.7456999999999999,-7.48806691018564,-0.7487,-8.070927965730034,-0.7507,-8.472705974891705,-0.7527,-8.894289942251486,-0.7556999999999999,-9.562033675787784,-0.7576999999999999,-10.02747369344338,-0.7887000000000001,-19.890840876102416,-0.8107000000000001,-30.09090934812933,-0.8277,-39.90900576919269,-0.8427000000000001,-49.68466085126009
exp974,-1800mV,-0.4587,-0.5013736846721689,-0.4837000000000001,-1.0002008890045808,-0.4987,-1.4882762874580184,-0.5107,-1.972107552011861,-0.5207,-2.49413602166206,-0.5287000000000001,-2.994943821814283,-0.5357,-3.4801897976679905,-0.5417,-3.969679907421293,-0.5477,-4.491708377071491,-0.5527000000000001,-4.958563106026954,-0.5577,-5.498982822575398,-0.5627000000000001,-6.053549652122491,-0.5667000000000001,-6.516160247178359,-0.5707000000000001,-7.032529871629097,-0.5747000000000001,-7.548899496079835,-0.5777,-7.981801153838537,-0.5817,-8.580224033681448,-0.5847000000000001,-9.000393289741364,-0.5877,-9.513933491592372,-0.5907000000000001,-10.06142676464014,-0.6357,-20.00401778009162,-0.6667,-29.90699687914687,-0.6917000000000001,-40.24853648116029,-0.7107,-49.88272043324119
exp975,-2000mV,-0.6117,-0.504203107271899,-0.6446999999999999,-1.0099623969736498,-0.6637000000000001,-1.5080822456561291,-0.6777000000000001,-2.020207736207272,-0.6877000000000001,-2.4898918877624645,-0.6967,-3.002017378313608,-0.7037000000000001,-3.473116241168665,-0.7107,-4.0121212464172435,-0.7167,-4.539808561266903,-0.7217000000000001,-5.027883959720341,-0.7257000000000001,-5.457956194879311,-0.7307,-6.039402539123842,-0.7347,-6.54728389577539,-0.7376999999999999,-6.95189132753679,-0.7416999999999999,-7.52767882658186,-0.7447,-7.990289421637726,-0.7476999999999999,-8.46846184099211,-0.7507,-8.984831465442848,-0.7536999999999999,-9.521007048091697,-0.7567,-10.08406214543798,-0.7957,-20.14548891007812,-0.8217,-29.935291105144177,-0.8427000000000001,-39.85241731719808,-0.8617,-50.1373684672169
exp976,-1400mV,-0.2427,-0.5027883959720341,-0.2636999999999999,-1.0074159166338927,-0.2727,-1.4939351326574788,-0.2787,-1.9848399537106465,-0.2836999999999999,-2.543650917157336,-0.2867,-2.9581613280177916,-0.2896999999999999,-3.437748458672039,-0.2927,-3.9979741334185936,-0.2947000000000001,-4.413899255578914,-0.2967000000000001,-4.876509850634781,-0.2987000000000001,-5.384391207286329,-0.3007000000000001,-5.94320217073302,-0.3027000000000001,-6.55294274097485,-0.3036999999999999,-6.874082206044213,-0.3056999999999999,-7.550314207379701,-0.3067000000000001,-7.913895011445016,-0.3087000000000001,-8.693400937670651,-0.3097,-9.109326059830972,-0.3107000000000001,-9.537983583690076,-0.3117,-9.979373509247967,-0.3287000000000001,-20.03231200608892,-0.3407000000000001,-30.04846800913338,-0.3507000000000001,-40.26268359415894,-0.3587000000000001,-49.58563106026953
exp977,-1900mV,-0.6477,-0.4961392528626683,-0.6767,-1.004727965164149,-0.6927,-1.510911668255859,-0.7037000000000001,-2.0060606232086218,-0.7117000000000001,-2.4700859295643536,-0.7187,-2.9624054619173865,-0.7247,-3.4589691281700143,-0.7307,-4.034756627215084,-0.7347,-4.467658284973785,-0.7387,-4.941586570428573,-0.7427,-5.4622003287789065,-0.7467,-6.029499560024787,-0.7496999999999999,-6.487866021181058,-0.7527,-6.980185553534091,-0.7556999999999999,-7.49938460058456,-0.7587,-8.056780852731386,-0.7607,-8.444411748894403,-0.7636999999999999,-9.06122587563556,-0.7656999999999999,-9.487053976894938,-0.7676999999999999,-9.931273325052558,-0.8007000000000001,-19.98987066709297,-0.8227000000000001,-29.921143992145527,-0.8407000000000001,-40.20609514216434,-0.8547000000000001,-49.76954352925199
exp978,-1500mV,-0.2696999999999999,-0.4920365900930598,-0.2916999999999999,-1.0096794547136767,-0.3027000000000001,-1.498179266557074,-0.3107000000000001,-2.0159636023076772,-0.3167000000000001,-2.506868423360845,-0.3217,-3.0076762235130676,-0.3257,-3.4575544168701495,-0.3297,-3.999388844718459,-0.3327000000000001,-4.463414151074191,-0.3357,-4.920365900930598,-0.3387000000000001,-5.438150236681202,-0.3417,-6.039402539123842,-0.3437,-6.453912949984297,-0.3467000000000001,-7.091947746223429,-0.3487000000000001,-7.598414391575112,-0.3507000000000001,-8.048292584932193,-0.3527000000000001,-8.563247498083067,-0.3547000000000001,-9.109326059830972,-0.3557,-9.39792716500344,-0.3577,-9.992105910946751,-0.3837,-20.046459119087572,-0.4026999999999999,-29.85040842715227,-0.4186999999999999,-39.72509330021023,-0.4337000000000001,-49.48660126927898
exp979,-2000mV,-0.6097,-0.4957148394727089,-0.6406999999999999,-1.0092550413237171,-0.6577000000000001,-1.5137410908555893,-0.6697000000000001,-2.013134179707947,-0.6787,-2.4983801555616547,-0.6867,-3.0175792026121235,-0.6927,-3.4702868185689346,-0.6987,-3.9781681752204823,-0.7037000000000001,-4.450681749375406,-0.7087,-4.971295507725738,-0.7137000000000001,-5.542838872871213,-0.7177000000000001,-6.033743693924381,-0.7217000000000001,-6.562845720073906,-0.7247,-6.984429687433686,-0.7277000000000001,-7.425819612991578,-0.7317000000000001,-8.0440484510326,-0.7347,-8.540612117285226,-0.7376999999999999,-9.051322896536504,-0.7396999999999999,-9.407830144102494,-0.7427,-9.975129375348374,-0.7827000000000001,-19.97572355409432,-0.8097,-29.892849766148224,-0.8317,-39.88071154319538,-0.8507000000000001,-49.84027909424525
exp980,-1900mV,-0.5227,-0.4968466085126009,-0.5527000000000001,-0.9955323417150264,-0.5707000000000001,-1.4826174422585583,-0.5847000000000001,-1.982010531110916,-0.5957,-2.4828183312631396,-0.6057,-3.0274821817111786,-0.6137,-3.5113134462650213,-0.6206999999999999,-3.999388844718459,-0.6266999999999999,-4.473317130173245,-0.6326999999999999,-4.964221951226414,-0.6386999999999999,-5.490494554776207,-0.6437,-5.98281408712924,-0.6486999999999999,-6.509086690679034,-0.6537000000000001,-7.0367740055286925,-0.6577000000000001,-7.540411228280647,-0.6617000000000001,-8.053951430131654,-0.6647,-8.445826460194269,-0.6687,-8.997563867141633,-0.6717000000000001,-9.440368503999393,-0.6757000000000001,-10.051523785541084,-0.7237000000000001,-20.06060623208622,-0.7536999999999999,-30.03432089613473,-0.7767000000000001,-40.06462401217784,-0.7957,-49.98175022423175
exp981,-1900mV,-0.5367000000000001,-0.502505453712061,-0.5857,-0.9934102747652288,-0.6137,-1.498179266557074,-0.6326999999999999,-1.993328221509837,-0.6477,-2.51111255726044,-0.6587,-2.9822114201154974,-0.6687,-3.492922199366775,-0.6777000000000001,-4.029097782015624,-0.6847,-4.500196644870682,-0.6907,-4.955733683427223,-0.6967,-5.465029751378637,-0.7027,-6.036573116524112,-0.7067,-6.462401217783487,-0.7117000000000001,-7.022626892530043,-0.7157000000000001,-7.5092875796836145,-0.7197000000000001,-8.038389605833139,-0.7227,-8.461388284492784,-0.7267,-9.04990818523664,-0.7297000000000001,-9.516762914192102,-0.7327,-10.026058982143516,-0.7736999999999999,-20.01816489309027,-0.7997,-29.991879557138777,-0.8197,-39.92315288219133,-0.8377,-49.84027909424525
exp982,-1500mV,-0.0337,-0.4998175022423174,-0.2467,-0.9966641107549185,-0.2687,-1.4896909987578837,-0.2816999999999999,-1.9862546650105113,-0.2916999999999999,-2.51111255726044,-0.2987000000000001,-2.9666495958169823,-0.3056999999999999,-3.5297046931632665,-0.3107000000000001,-3.992315288219133,-0.3157,-4.508684912669872,-0.3197,-4.978369064225063,-0.3237,-5.486250420876612,-0.3277,-6.0464760956231665,-0.3307000000000001,-6.483621887281464,-0.3337,-6.958964884036115,-0.3367000000000001,-7.468260951987529,-0.3397,-7.998777689436918,-0.3427000000000001,-8.571735765882257,-0.3447000000000001,-8.963610795944874,-0.3477,-9.587498479185356,-0.3497,-10.011911869144866,-0.3846999999999999,-20.08890045808352,-0.4086999999999999,-29.921143992145527,-0.4286999999999999,-39.99388844718459,-0.4457000000000001,-50.024191563227696
exp983,-1500mV,-0.0017,-0.5255652478998613,-0.0067000000000001,-0.985063478096025,-0.0147000000000001,-1.501008689156804,-0.2047,-2.0004017780091616,-0.2297000000000001,-2.4884771764625997,-0.2436999999999999,-2.997773244414013,-0.2536999999999999,-3.515557580164616,-0.2607,-3.999388844718459,-0.2667,-4.473317130173245,-0.2716999999999999,-4.950074838227763,-0.2767,-5.518788780773508,-0.2807,-6.028084848724921,-0.2836999999999999,-6.435521703086052,-0.2876999999999999,-7.041018139428288,-0.2907,-7.554558341279295,-0.2936999999999999,-8.090733923928145,-0.2956999999999999,-8.482608953990761,-0.2987000000000001,-9.109326059830972,-0.3007000000000001,-9.540813006289808,-0.3027000000000001,-9.98786177704716,-0.3327000000000001,-20.14548891007812,-0.3517,-30.06261512213203,-0.3666999999999999,-39.76753463920618,-0.3806999999999999,-50.32128093619935
exp984,-1400mV,0.0122999999999999,-0.4077197966211036,0.0102999999999999,-0.9880343718257416,-0.0027000000000001,-1.505252823056399,-0.1687,-2.004645911908757,-0.2007,-2.504039000761115,-0.2167,-3.006261512213203,-0.2277000000000001,-3.508484023665291,-0.2357000000000001,-4.017780091616704,-0.2416999999999999,-4.4973672222709515,-0.2476999999999999,-5.020810403221016,-0.2516999999999999,-5.465029751378637,-0.2556999999999999,-5.941787459433154,-0.2596999999999999,-6.458157083883892,-0.2636999999999999,-7.055165252426939,-0.2667,-7.561631897778621,-0.2696999999999999,-8.063854409230709,-0.2716999999999999,-8.448655882793998,-0.2747,-9.04707876263691,-0.2767,-9.488468688194802,-0.2787,-9.922785057253368,-0.3097,-20.13134179707947,-0.3287000000000001,-29.991879557138777,-0.3437,-39.88071154319538,-0.3567000000000001,-49.9958973372304
exp985,-1900mV,-0.5957,-0.5023639825820745,-0.6306999999999999,-1.011801521663474,-0.6486999999999999,-1.5080822456561291,-0.6617000000000001,-2.017378313607542,-0.6717000000000001,-2.51111255726044,-0.6797000000000001,-3.0274821817111786,-0.6857000000000001,-3.4900927767670455,-0.6917000000000001,-4.01636538031684,-0.6967,-4.510099623969737,-0.7007,-4.974124930325469,-0.7047,-5.446638504480391,-0.7087,-6.006864179226946,-0.7127,-6.571333987873095,-0.7157000000000001,-7.035359294228828,-0.7187,-7.544655362180241,-0.7217000000000001,-8.080830944829088,-0.7237000000000001,-8.481194242690894,-0.7267,-9.08103183383367,-0.7287,-9.504030512493316,-0.7307,-9.969470530148914,-0.7627,-19.93328221509837,-0.7837,-30.260674704113132,-0.7987000000000001,-40.12121246417244,-0.8117,-50.1373684672169
exp986,-1700mV,-0.3016999999999999,-0.503071338232007,-0.3307000000000001,-0.9929858613752692,-0.3467000000000001,-1.4896909987578837,-0.3587000000000001,-1.9947429328097015,-0.3686999999999999,-2.5210155363594953,-0.3766999999999999,-3.0175792026121235,-0.3837,-3.5212164253640763,-0.3897,-4.013535957717109,-0.3957,-4.532735004767577,-0.4006999999999999,-5.01939569192115,-0.4057,-5.5541565632701335,-0.4097,-5.9997906227276205,-0.4137,-6.475133619482273,-0.4177,-6.992917955232877,-0.4217000000000001,-7.5220199813824,-0.4246999999999999,-7.964824618240158,-0.4286999999999999,-8.549100385084417,-0.4317000000000001,-9.054152319136236,-0.4347,-9.518177625491967,-0.4377000000000001,-10.064256187239872,-0.4797000000000001,-20.06060623208622,-0.5076999999999999,-30.21823336511718,-0.5287000000000001,-39.75338752620753,-0.5477,-49.925161772237146
exp987,-1700mV,-0.3686999999999999,-0.4982613198124658,-0.3946999999999999,-0.9966641107549185,-0.4086999999999999,-1.5038381117565338,-0.4186999999999999,-2.0272812927065975,-0.4257000000000001,-2.51111255726044,-0.4317000000000001,-3.0076762235130676,-0.4367,-3.4957516219665052,-0.4407,-3.941385681423992,-0.4447,-4.4393640589764845,-0.4487,-4.99958973372304,-0.4517000000000001,-5.457956194879311,-0.4547,-5.963008128931129,-0.4577000000000001,-6.500598422879844,-0.4607,-7.100436014022619,-0.4627,-7.5092875796836145,-0.4647,-7.954921639141101,-0.4667,-8.407629255097913,-0.4687,-8.89287523095162,-0.4707,-9.42622139100074,-0.4727,-9.958152839749992,-0.4996999999999999,-20.187930249074075,-0.5167,-29.977732444140123,-0.5307000000000001,-40.00803556018324,-0.5427000000000001,-49.93930888523579
exp988,-1600mV,-0.2956999999999999,-0.4986857332024254,-0.3377,-1.0062841475940008,-0.3577,-1.510911668255859,-0.3706999999999999,-2.0004017780091616,-0.3806999999999999,-2.49979486686152,-0.3886999999999999,-2.9921143992145525,-0.3957,-3.508484023665291,-0.4017,-4.037586049814815,-0.4066999999999999,-4.535564427367307,-0.4106999999999999,-4.978369064225063,-0.4146999999999999,-5.472103307877963,-0.4186999999999999,-6.022426003525461,-0.4217000000000001,-6.460986506483622,-0.4246999999999999,-6.936329503238276,-0.4277000000000001,-7.462602106788069,-0.4306999999999999,-8.011510091135703,-0.4327,-8.400555698598588,-0.4357000000000001,-9.014540402740012,-0.4377000000000001,-9.444612637898985,-0.4397000000000001,-9.900149676455523,-0.4717000000000001,-19.834252424107817,-0.4947,-29.75137863616172,-0.5147,-39.92315288219133,-0.5317,-49.95345599823444
exp989,-2000mV,-0.6067000000000001,-0.501656626932142,-0.6446999999999999,-1.004586494034163,-0.6657000000000001,-1.4953498439573436,-0.6807,-1.993328221509837,-0.6927,-2.515356691160035,-0.7017000000000001,-2.9921143992145525,-0.7097000000000001,-3.4971663332663705,-0.7167,-3.9937299995189983,-0.7227,-4.4846348205721664,-0.7287,-5.02505453712061,-0.7337000000000001,-5.524447625972968,-0.7376999999999999,-5.954519861131939,-0.7427,-6.534551494076605,-0.7467,-7.031115160329232,-0.7496999999999999,-7.434307880790768,-0.7536999999999999,-8.007265957236108,-0.7567,-8.455729439293325,-0.7596999999999999,-8.919754745649056,-0.7627,-9.419147834501414,-0.7656999999999999,-9.928443902452829,-0.8067000000000001,-19.947429328097016,-0.8327000000000001,-29.85040842715227,-0.8527000000000001,-39.85241731719808,-0.8697,-49.85442620724389
exp990,-1500mV,-0.0087000000000001,0.5515959358173778,-0.0207000000000001,-1.0081232722838251,-0.0037,1.4868615761581534,-0.0317,-1.982010531110916,-0.0387000000000001,-2.4814036199632743,-0.0467000000000001,-2.9850408427152275,-0.0557,-3.4787750863681253,-0.0657,-3.9838270204199433,0.0062999999999999,4.498781933570816,-0.0907000000000002,-4.985442620724389,-0.2107,-5.5003975338752635,-0.1467,-5.992717066228296,-0.3097,-6.528892648877145,-0.3137,-6.978770842234226,-0.3167000000000001,-7.471090374587258,-0.3187000000000001,-7.91530972274488,-0.3207000000000001,-8.424605790696294,-0.3227000000000001,-9.031516938338395,0.0132999999999998,9.644086931179956,-0.3257,-10.0387913838423,-0.3447000000000001,-20.07475334508487,-0.3557,-30.402145834099635,-0.3637,-40.4748902891387,-0.3706999999999999,-49.93930888523579
exp991,-1500mV,-0.0057,-0.4903389365332216,-0.2707,-1.000483831264554,-0.3107000000000001,-1.4911057100577487,-0.3287000000000001,-1.982010531110916,-0.3397,-2.4870624651627344,-0.3477,-3.0331410269106387,-0.3527000000000001,-3.5014104671659654,-0.3567000000000001,-3.971094618721158,-0.3607000000000001,-4.565273364664473,-0.3626999999999999,-4.933098302629383,-0.3657,-5.59235376836649,-0.3677,-6.131358773615069,-0.3686999999999999,-6.432692280486322,-0.3706999999999999,-7.125900817420191,-0.3717,-7.51919055878267,-0.3726999999999999,-7.966239329540022,-0.3737,-8.426020501996158,-0.3746999999999999,-8.945219549046627,-0.3757,-9.512518780292506,-0.3766999999999999,-10.133577040933258,-0.3877,-19.919135102099716,-0.3986999999999999,-30.387998721100992,-0.4117,-39.99388844718459,-0.4257000000000001,-50.3637222751953
exp992,-1600mV,-0.1157000000000001,-0.4999589733723039,-0.0137,-0.9997764756146216,-0.0407000000000001,-1.499593977856939,-0.4037,-2.011719468408082,-0.4097,-2.460182950465299,-0.4146999999999999,-3.024652759111448,-0.4177,-3.4816045089678553,-0.4206999999999999,-4.0588067193127895,-0.4226999999999999,-4.518587891768927,-0.4246999999999999,-5.06466645351683,-0.4257000000000001,-5.377317650787004,-0.4277000000000001,-6.015352447026135,-0.4286999999999999,-6.391665652790236,-0.4306999999999999,-7.130144951319785,-0.4317000000000001,-7.526264115281995,-0.4327,-7.829012333453114,-0.4337000000000001,-8.305770041507632,-0.4347,-8.745745255765657,-0.4367,-9.714822496173207,-0.4377000000000001,-10.22411856412462,-0.4547,-20.187930249074075,-0.4697000000000001,-30.03432089613473,-0.4837000000000001,-39.68265196121428,-0.4976999999999999,-50.06663290222365
exp993,-1500mV,-0.3197,-0.4959977817326818,-0.3357,-1.0105282814935956,-0.3427000000000001,-1.471299751859638,-0.3477,-1.9480574599141556,-0.3517,-2.464427084364894,-0.3547000000000001,-2.945428926319006,-0.3577,-3.5311194044631313,-0.3597,-3.979582886520348,-0.3617,-4.488878954471762,-0.3637,-5.0292986710202054,-0.3657,-5.6263068395632505,-0.3666999999999999,-5.954519861131939,-0.3686999999999999,-6.639240130266617,-0.3697,-6.988673821333281,-0.3706999999999999,-7.355084047998325,-0.3726999999999999,-8.121857572525176,-0.3737,-8.51090317998806,-0.3746999999999999,-8.916925323049327,-0.3757,-9.346997558208296,-0.3766999999999999,-9.80536401936457,-0.3966999999999999,-19.98987066709297,-0.4137,-30.147497800123933,-0.4297000000000001,-40.24853648116029,-0.4467,-49.81198486824794
exp994,-1400mV,-0.0467000000000001,0.5515959358173778,-0.0497,-1.0795661929270095,-0.0507000000000001,-1.5957943462477613,-0.0517,-2.12914050629688,-0.0527000000000001,-2.6440954194477535,-0.0427000000000001,2.8732786500258896,-0.0417,3.4773603750682605,-0.0407000000000001,4.1040774809084715,-0.0567000000000001,-4.61761768275948,-0.0577,-5.114181349012108,-0.0587000000000001,-5.569718387568649,-0.0597,-6.025255426125191,-0.0607000000000002,-6.482207175981599,-0.0617,-6.954720750136521,-0.0627000000000002,-7.421575479091982,-0.0347000000000001,8.113369304725985,-0.0647000000000002,-8.317087731906552,-0.0337,8.80799255295972,-0.0327000000000001,9.535154161090349,-0.0687000000000002,-10.045864940341623,-0.0207000000000001,19.890840876102416,-0.0117,29.96358533114148,-0.1437000000000001,-39.92315288219133,-0.1687,-49.93930888523579
exp995,-1500mV,0.0012999999999998,0.5278287859796452,0.0022999999999999,1.0143480020032312,-0.1757000000000002,-1.499593977856939,-0.1317000000000001,-2.0032312006088917,-0.3217,-2.504039000761115,-0.0957000000000001,-2.9836261314153627,-0.0137,-3.4886780654671803,-0.0177,-4.002218267318188,-0.0227000000000001,-4.493123088371357,-0.0567000000000001,-5.00807800152223,-0.3457,-5.4296619688820105,-0.3477,-5.99130235492843,-0.3497,-6.667534356263918,-0.3507000000000001,-7.0297004490293675,-0.3517,-7.431478458191038,0.0112999999999998,7.984630576438266,-0.3537,-8.336893690104661,-0.3547000000000001,-8.865995716254185,-0.3557,-9.385194763304654,-0.3567000000000001,-9.958152839749992,-0.3677,-19.77766397211321,-0.3746999999999999,-29.652348845171172,-0.3806999999999999,-39.640210622218326,-0.3866999999999999,-50.51934051818046
exp996,-1500mV,0.0062999999999999,-0.6277074037501167,0.0052999999999998,-0.9147523264927326,0.0032999999999998,-1.4021203692962378,-0.0007000000000001,-2.0371842718056525,-0.2407,-2.5012095781613843,-0.0577,-2.999187955713878,-0.2747,-3.4830192202677206,-0.2847,-4.007877112517649,-0.2916999999999999,-4.481805397972437,-0.2987000000000001,-5.0222251145208805,0.0132999999999998,5.491909266076072,-0.3087000000000001,-6.011108313126541,-0.3127000000000001,-6.503427845479574,-0.3167000000000001,-7.077800633224777,-0.3197,-7.516361136182939,-0.3227000000000001,-8.04121902843287,-0.3257,-8.595785857979964,-0.3277,-9.056981741735964,-0.3297,-9.4318802362002,-0.3317,-9.898734965155665,-0.3577,-20.187930249074075,-0.3706999999999999,-29.779672862159025,-0.3806999999999999,-40.135359577171094,-0.3886999999999999,-50.15151558021555
exp997,-1900mV,-0.5417,-0.5059007608317371,-0.5687000000000001,-0.9942591015451476,-0.5857,-1.502423400456669,-0.5977,-1.9848399537106465,-0.6077,-2.4913065990623298,-0.6166999999999999,-3.031726315610774,-0.6237,-3.512728157564886,-0.6297,-3.9809975978202137,-0.6357,-4.495952510971087,-0.6406999999999999,-4.965636662526279,-0.6457,-5.473518019177827,-0.6507,-6.030914271324651,-0.6547,-6.499183711579978,-0.6587,-7.008479779531392,-0.6627,-7.544655362180241,-0.6657000000000001,-7.970483463439617,-0.6697000000000001,-8.561832786783201,-0.6727,-9.038590494837718,-0.6757000000000001,-9.53656887239021,-0.6787,-10.057182630740549,-0.7197000000000001,-20.06060623208622,-0.7456999999999999,-30.06261512213203,-0.7647,-39.71094618721158,-0.7817,-50.20810403221015
exp998,-1500mV,-0.0207000000000001,0.5374488228187275,-0.0187000000000001,1.02693893257203,-0.0307000000000001,-1.5307176264539697,-0.0337,-2.0598196526034935,-0.0367000000000001,-2.588921678753017,-0.0117,2.973723152316307,-0.0427000000000001,-3.5381929609624567,-0.0457,-3.989485865619403,-0.0497,-4.569517498564068,-0.0527000000000001,-4.99958973372304,-0.0567000000000001,-5.551327140670404,-0.0037,6.023840714825327,-0.0027000000000001,6.483621887281464,-0.0677000000000001,-6.981600264833956,-0.0007000000000001,7.503628734484154,-0.0757000000000001,-7.971898174739481,-0.0797000000000001,-8.434508769795347,-0.0847000000000002,-9.013125691440148,-0.0887000000000002,-9.475736286496016,-0.0937000000000001,-10.003423601345672,-0.2516999999999999,-19.97572355409432,-0.3746999999999999,-29.921143992145527,-0.3866999999999999,-39.654357735216976,-0.3957,-49.62807239926549
exp999,-1500mV,-0.1497000000000001,-0.5003833867622635,-0.1937000000000001,-1.0134991752233122,-0.2127,-1.512326379555724,-0.2247,-1.982010531110916,-0.2347,-2.5167714024599,-0.2416999999999999,-2.989284976614823,-0.2476999999999999,-3.46887210726907,-0.2536999999999999,-4.027683070715759,-0.2576999999999999,-4.45209646067527,-0.2627,-5.034957516219666,-0.2667,-5.535765316371888,-0.2696999999999999,-5.964422840230995,-0.2736999999999999,-6.5840663895718805,-0.2767,-7.065068231525992,-0.2787,-7.427234324291442,-0.2816999999999999,-7.9747275973392115,-0.2847,-8.546270962484687,-0.2867,-8.963610795944874,-0.2887,-9.402171298903031,-0.2916999999999999,-10.052938496840952,-0.3237,-19.820105311109163,-0.3467000000000001,-29.836261314153624,-0.3657,-39.90900576919269,-0.3826999999999999,-49.98175022423175
exp1000,-1600mV,-0.2787,-0.4995345599823444,-0.3367000000000001,-0.9959567551049858,-0.3567000000000001,-1.4939351326574788,-0.3686999999999999,-2.021622447507138,-0.3766999999999999,-2.50545371206098,-0.3826999999999999,-2.9609907506175217,-0.3886999999999999,-3.4830192202677206,-0.3937,-3.992315288219133,-0.3977,-4.45209646067527,-0.4017,-4.950074838227763,-0.4057,-5.5003975338752635,-0.4086999999999999,-5.937543325533559,-0.4126999999999999,-6.493524866380518,-0.4157,-6.994332666532741,-0.4186999999999999,-7.51353171358321,-0.4217000000000001,-8.082245656128954,-0.4237000000000001,-8.461388284492784,-0.4266999999999999,-9.038590494837718,-0.4286999999999999,-9.46583330739696,-0.4317000000000001,-10.106697526235822,-0.4687,-20.10304757108217,-0.4967,-30.24652759111449,-0.5196999999999999,-39.85241731719808,-0.5397,-50.094927128220945
exp1001,-1400mV,0.0012999999999998,0.5091545968214266,-0.0037,-1.0548087451793715,-0.0057,-1.4911057100577487,-0.0087000000000001,-2.0032312006088917,-0.0127000000000001,-2.5139419798601703,-0.0197,-3.0260674704113137,-0.1517000000000001,-3.4957516219665052,-0.1757000000000002,-4.002218267318188,-0.1907000000000001,-4.503026067470412,-0.2017000000000001,-5.006663290222365,-0.2117000000000001,-5.532935893772159,-0.2197000000000001,-6.012523024426406,-0.2267,-6.506257268079304,0.0102999999999999,7.0297004490293675,-0.2396999999999999,-7.50504344578402,-0.2456999999999999,-8.045463162332464,-0.2507,-8.50241491218887,-0.2556999999999999,-8.983416754142983,-0.2607,-9.506859935093043,-0.2656999999999999,-10.052938496840952,-0.3167000000000001,-20.10304757108217,-0.3337,-30.10505646112798,-0.3457,-40.092918238175145,-0.3557,-49.67051373826144
exp1002,-1500mV,-0.0267000000000001,-0.4014950669016974,-0.0217,0.9363974093806676,-0.0197,1.5222293586547797,-0.0337,-2.023037158807002,-0.0167000000000001,2.5648715866553116,-0.0387000000000001,-3.021823336511718,-0.0407000000000001,-3.4094542326747383,-0.0437,-3.969679907421293,-0.0467000000000001,-4.486049531872031,-0.0107000000000001,5.02505453712061,-0.0097,5.5003975338752635,-0.0087000000000001,6.018181869625866,-0.0077,6.55011331837512,-0.0607000000000002,-6.94623248233733,-0.0637,-7.48523748758591,-0.0667000000000002,-7.952092216541371,-0.0687000000000002,-8.379335029100613,-0.0717000000000001,-9.003222712341092,-0.0747000000000002,-9.530910027190751,-0.0767000000000002,-9.908637944254718,-0.2807,-19.98987066709297,-0.2037000000000001,-30.02017378313608,-0.4106999999999999,-40.10706535117379,-0.4157,-50.22225114520881
exp1003,-1500mV,-0.0087000000000001,0.5023639825820745,-0.0267000000000001,-1.00670856098396,-0.0347000000000001,-1.4868615761581534,-0.0447000000000001,-2.008890045808352,-0.0547000000000001,-2.4927213103621946,-0.0657,-2.9878702653149576,-0.0777000000000001,-3.504239889765696,-0.0907000000000002,-4.01636538031684,-0.2456999999999999,-4.500196644870682,-0.2057000000000001,-4.99958973372304,-0.1527,-5.498982822575398,-0.3507000000000001,-5.981399375829374,-0.3607000000000001,-6.468060062982947,-0.3657,-6.939158925838006,-0.3697,-7.51353171358321,-0.3717,-7.902577321046096,-0.3746999999999999,-8.578809322381582,-0.3766999999999999,-9.113570193730569,-0.3777,-9.412074278002088,-0.3797,-10.04727965164149,-0.3966999999999999,-20.329401379060577,-0.4046999999999999,-30.50117562509019,-0.4117,-40.34756627215084,-0.4197000000000001,-49.52904260827494
exp1004,-1500mV,0.0082999999999999,-0.4804359574341665,0.0002999999999999,-1.013357704093326,-0.0307000000000001,-1.501008689156804,-0.2147,-2.001816489309027,-0.2367,-2.51111255726044,-0.2496999999999999,-2.994943821814283,-0.2587,-3.4830192202677206,-0.2656999999999999,-3.962606350921967,-0.2727,-4.542637983866633,-0.2776999999999999,-5.02505453712061,-0.2816999999999999,-5.466444462678503,-0.2856999999999999,-5.940372748133289,-0.2896999999999999,-6.472304196882543,-0.2927,-6.934914791938409,-0.2967000000000001,-7.560217186478756,-0.2996999999999999,-8.070927965730034,-0.3016999999999999,-8.457144150593189,-0.3047000000000001,-9.025858093138934,-0.3067000000000001,-9.472906863896286,-0.3097,-10.108112237535686,-0.3407000000000001,-19.876693763103766,-0.3617,-29.90699687914687,-0.3786999999999999,-39.89485865619403,-0.3937,-49.84027909424525
exp1005,-1500mV,-0.0337,0.6576992833072556,-0.0327000000000001,1.1348814047517324,-0.0317,1.6240885722450622,-0.0397,-2.0598196526034935,-0.0407000000000001,-2.4927213103621946,-0.0417,-2.9143052777219753,-0.0437,-3.696640626547341,-0.0447000000000001,-4.09275979050955,-0.0457,-4.483220109272302,-0.0467000000000001,-4.879339273234511,-0.0247000000000001,5.41834427848309,-0.0497,-5.9884729323287,-0.0227000000000001,6.625093017267967,-0.0527000000000001,-7.057994675026669,-0.0537,-7.376304717496302,-0.0557,-8.029901338033948,-0.0197,8.580224033681448,-0.0587000000000001,-9.001808001041228,-0.0597,-9.332850445209647,-0.0617,-10.006253023945405,-0.0977000000000001,-19.919135102099716,-0.2827,-30.00602667013743,-0.3697,-39.97974133418594,-0.3957,-49.69880796425874
exp1006,-1600mV,0.0012999999999998,-0.4910462921831541,-0.2536999999999999,-0.9999179467446078,-0.2896999999999999,-1.512326379555724,-0.3067000000000001,-1.9904987989101068,-0.3197,-2.504039000761115,-0.3287000000000001,-2.975137863616172,-0.3367000000000001,-3.4971663332663705,-0.3437,-4.0121212464172435,-0.3487000000000001,-4.456340594574866,-0.3537,-4.952904260827493,-0.3587000000000001,-5.503226956474993,-0.3626999999999999,-5.9997906227276205,-0.3666999999999999,-6.533136782776739,-0.3697,-6.953306038836654,-0.3737,-7.568705454277946,-0.3766999999999999,-8.082245656128954,-0.3786999999999999,-8.4203616567967,-0.3817,-8.980587331543253,-0.3846999999999999,-9.556374830588323,-0.3866999999999999,-9.9822029318477,-0.4217000000000001,-19.848399537106463,-0.4457000000000001,-30.147497800123933,-0.4647,-40.220242255162994,-0.4817000000000001,-50.32128093619935
exp1007,-1700mV,-0.4026999999999999,-0.5051934051818046,-0.4297000000000001,-1.0123674061834202,-0.4427,-1.4826174422585583,-0.4527,-2.0159636023076772,-0.4597000000000001,-2.51111255726044,-0.4657000000000001,-3.031726315610774,-0.4707,-3.546681228761647,-0.4747,-4.0220242255163,-0.4787,-4.556785096865283,-0.4817000000000001,-4.998175022423175,-0.4847,-5.482006286977017,-0.4876999999999999,-6.009693601826676,-0.4907,-6.5769928330725556,-0.4927,-6.984429687433686,-0.4947,-7.4173313451923875,-0.4976999999999999,-8.110539882126256,-0.4996999999999999,-8.590127012780503,-0.5016999999999999,-9.103667214631512,-0.5027,-9.369632939006138,-0.5047,-9.928443902452829,-0.5307000000000001,-19.77766397211321,-0.5487000000000001,-29.72308441016442,-0.5637,-39.83827020419943,-0.5767000000000001,-49.967603111233096
exp1008,-1500mV,-0.1477000000000001,-0.5156622688008059,-0.2767,-1.0009082446545134,-0.3056999999999999,-1.506667534356264,-0.3227000000000001,-1.9848399537106465,-0.3347000000000001,-2.5139419798601703,-0.3427000000000001,-2.997773244414013,-0.3487000000000001,-3.4971663332663705,-0.3537,-4.020609514216435,-0.3577,-4.5171731804690625,-0.3607000000000001,-4.955733683427223,-0.3637,-5.439564947981066,-0.3666999999999999,-5.977155241929781,-0.3697,-6.581236966972151,-0.3717,-6.9915032439330105,-0.3737,-7.438552014690363,-0.3757,-7.912480300145149,-0.3777,-8.403385121198317,-0.3797,-8.93531656994757,-0.3817,-9.475736286496016,-0.3837,-10.054353208140816,-0.4086999999999999,-19.791811085111863,-0.4266999999999999,-30.13335068712528,-0.4397000000000001,-39.72509330021023,-0.4527,-49.967603111233096
exp1009,-1500mV,-0.0197,0.4737868143248007,-0.0347000000000001,-1.0153382999131368,-0.0427000000000001,-1.506667534356264,-0.0537,-2.004645911908757,-0.0677000000000001,-2.4955507329619246,-0.0847000000000002,-3.002017378313608,-0.0047000000000001,3.5268752705635364,-0.1117000000000001,-3.995144710818863,-0.0017,4.520002603068792,-0.2936999999999999,-4.998175022423175,-0.2727,-5.486250420876612,-0.1497000000000001,-5.99696120012789,-0.1567,-6.497769000280114,-0.2636999999999999,-7.011309202131122,-0.1707,-7.531922960481456,0.0062999999999999,7.993118844237457,-0.2567,-8.5052443347886,-0.1897000000000002,-9.038590494837718,-0.3287000000000001,-9.492712822094395,-0.2487,-9.977958797948103,-0.3657,-19.97572355409432,-0.3897,-30.09090934812933,-0.4097,-40.20609514216434,-0.4277000000000001,-50.06663290222365
exp1010,-1500mV,-0.0247000000000001,0.5077398855215616,-0.0217,1.0143480020032312,-0.0437,-1.5335470490536998,-0.0167000000000001,1.9904987989101068,-0.0597,-2.4884771764625997,-0.0717000000000001,-3.0175792026121235,-0.0107000000000001,3.4900927767670455,-0.0957000000000001,-4.009291823817514,-0.1067000000000002,-4.487464243171897,-0.1167,-4.9896867546239845,-0.1257000000000001,-5.497568111275533,-0.2907,-6.004034756627216,-0.3016999999999999,-6.482207175981599,-0.3067000000000001,-6.977356130934361,-0.1547,-7.506458157083885,-0.3147000000000001,-7.998777689436918,-0.1667,-8.543441539884956,-0.1717000000000001,-8.998978578441498,-0.1767,-9.499786378593722,-0.1817000000000002,-10.00200889004581,-0.3617,-19.876693763103766,-0.3857,-30.11920357412663,-0.4046999999999999,-39.88071154319538,-0.4226999999999999,-50.22225114520881
exp1011,-1500mV,-0.0427000000000001,-0.4536979138667173,-0.0447000000000001,-0.9675210579776986,-0.0357,1.505252823056399,-0.0487000000000001,-1.959375150313076,-0.0507000000000001,-2.460182950465299,-0.0307000000000001,3.045873428609424,-0.0557,-3.5976108355567886,-0.0577,-4.050318451513601,-0.0597,-4.461999439774326,-0.0617,-4.9175364783308675,-0.0237,5.4947386886758025,-0.0667000000000002,-5.981399375829374,-0.0697000000000001,-6.54162505057593,-0.0717000000000001,-6.9646237292355755,-0.0187000000000001,7.543240650880375,-0.0177,7.970483463439617,-0.0797000000000001,-8.592956435380232,-0.0817000000000001,-9.068299432134886,-0.0847000000000002,-9.550715985388862,-0.0877000000000001,-10.082647434138115,-0.1547,-19.93328221509837,-0.3427000000000001,-30.147497800123933,-0.3757,-40.00803556018324,-0.3866999999999999,-50.34957516219666
exp1012,-1400mV,0.0112999999999998,-0.57578749904507,0.0002999999999999,-0.9983617643147564,-0.1297000000000001,-1.498179266557074,-0.1667,-1.9989870667092968,-0.1837000000000002,-2.4870624651627344,-0.1946999999999999,-2.996358533114148,-0.2027,-3.4971663332663705,-0.2097000000000001,-4.024853648116029,-0.2147,-4.486049531872031,-0.2197000000000001,-5.017980980621284,-0.2237000000000001,-5.476347441777556,-0.2277000000000001,-6.025255426125191,-0.2307,-6.492110155080653,-0.2337000000000001,-6.922182390239625,-0.2367,-7.454113838988878,-0.2396999999999999,-7.993118844237457,-0.2416999999999999,-8.410458677697642,-0.2447,-9.01029626884042,-0.2467,-9.47149215259642,-0.2487,-9.901564387755393,-0.2787,-19.862546650105116,-0.2987000000000001,-30.09090934812933,-0.3137,-39.96559422118728,-0.3267000000000001,-49.71295507725739
exp1013,-1500mV,-0.1577000000000001,-0.4998175022423174,-0.2476999999999999,-0.9952493994550534,-0.2687,-1.4882762874580184,-0.2827,-2.008890045808352,-0.2916999999999999,-2.478574197363544,-0.2996999999999999,-3.0232380478115832,-0.3056999999999999,-3.502825178465831,-0.3107000000000001,-3.958362217022373,-0.3157,-4.478975975372705,-0.3197,-4.955733683427223,-0.3237,-5.463615040078771,-0.3277,-6.018181869625866,-0.3307000000000001,-6.496354288980249,-0.3337,-6.974526708334631,-0.3367000000000001,-7.489481621485504,-0.3397,-8.059610275331114,-0.3417,-8.441582326294675,-0.3447000000000001,-9.06405529823529,-0.3467000000000001,-9.48280984299534,-0.3487000000000001,-9.936932170252016,-0.3826999999999999,-20.187930249074075,-0.4057,-30.161644913122583,-0.4237000000000001,-39.89485865619403,-0.4397000000000001,-49.95345599823444
exp1014,-1600mV,-0.2456999999999999,-0.503071338232007,-0.2807,-0.9921370345953502,-0.2916999999999999,-1.506667534356264,-0.2976999999999999,-2.044257828304978,-0.3007000000000001,-2.437547569667458,-0.3047000000000001,-3.09255890150497,-0.3067000000000001,-3.4943369106666404,-0.3087000000000001,-3.930067991025071,-0.3107000000000001,-4.413899255578914,-0.3127000000000001,-4.941586570428573,-0.3147000000000001,-5.480591575677152,-0.3167000000000001,-6.086088012019388,-0.3177,-6.408642188388616,-0.3197,-7.024041603829907,-0.3217,-7.646514575770523,-0.3227000000000001,-7.980386442538672,-0.3247000000000001,-8.55334451898401,-0.3257,-8.871654561453646,-0.3277,-9.440368503999393,-0.3307000000000001,-10.115185794035014,-0.3677,-20.07475334508487,-0.3966999999999999,-30.00602667013743,-0.4226999999999999,-39.85241731719808,-0.4437000000000001,-49.86857332024254
exp1015,-1500mV,0.0042999999999999,0.5029298671020205,-0.2367,-1.0003423601345676,-0.3157,-1.501008689156804,-0.1057000000000001,-1.9989870667092968,-0.3547000000000001,-2.4927213103621946,-0.0087000000000001,-2.9878702653149576,-0.0717000000000001,-3.4830192202677206,-0.0617,-3.9979741334185936,-0.0447000000000001,-4.4973672222709515,-0.3897,-4.98827204332412,-0.3937,-5.548497718070673,-0.3966999999999999,-6.0323289826245166,-0.3997,-6.569919276573231,-0.4017,-7.015553336030716,-0.4037,-7.497969889284694,-0.4057,-8.025657204134353,-0.4066999999999999,-8.336893690104661,-0.4086999999999999,-8.990490310642308,-0.4097,-9.342753424308702,-0.4117,-10.140650597432582,-0.4257000000000001,-19.65033995512536,-0.4347,-30.670940981073993,-0.4407,-40.4183018371441,-0.4457000000000001,-49.58563106026953
exp1016,-1400mV,0.0122999999999999,0.5500397533875263,0.0092999999999998,-0.9424806679700872,0.0032999999999998,-1.4882762874580184,-0.0177,-2.0032312006088917,-0.1187,-2.49979486686152,-0.1637000000000001,-2.997773244414013,-0.1837000000000002,-3.507069312365426,-0.1957000000000001,-3.975338752620753,-0.2047,-4.4846348205721664,-0.2127,-5.040616361419126,-0.2177000000000001,-5.472103307877963,-0.2227,-5.957349283731669,-0.2277000000000001,-6.492110155080653,-0.2317000000000001,-6.990088532633147,-0.2357000000000001,-7.5418259395805105,-0.2387,-8.015754225035298,-0.2416999999999999,-8.481194242690894,-0.2447,-9.025858093138934,-0.2476999999999999,-9.58891319048522,-0.2496999999999999,-10.010497157845,-0.2827,-20.06060623208622,-0.3027000000000001,-30.00602667013743,-0.3187000000000001,-40.31927204615355,-0.3317,-50.2788395972034
exp1017,-1600mV,-0.0147000000000001,-0.5023639825820745,-0.2836999999999999,-1.0023229559543785,-0.3127000000000001,-1.505252823056399,-0.3297,-2.0103047571082175,-0.3417,-2.485647753862869,-0.3517,-2.997773244414013,-0.3597,-3.505654601065561,-0.3666999999999999,-4.019194802916569,-0.3726999999999999,-4.529905582167847,-0.3777,-5.01373684672169,-0.3826999999999999,-5.552741851970269,-0.3866999999999999,-6.026670137425056,-0.3906999999999999,-6.5515280296749845,-0.3937,-6.967453151835306,-0.3977,-7.554558341279295,-0.4006999999999999,-8.053951430131654,-0.4037,-8.557588652883606,-0.4057,-8.92116945694892,-0.4086999999999999,-9.48280984299534,-0.4117,-10.08406214543798,-0.4467,-19.904987989101063,-0.4707,-30.06261512213203,-0.4896999999999999,-40.220242255162994,-0.5047,-49.74124930325469
exp1018,-1500mV,-0.2396999999999999,-0.4992516177223714,-0.2796999999999999,-0.9891661408656336,-0.2916999999999999,-1.4755438857592331,-0.2976999999999999,-1.9494721712140204,-0.3016999999999999,-2.4531093939659736,-0.3047000000000001,-3.0161644913122583,-0.3067000000000001,-3.5212164253640763,-0.3087000000000001,-4.136615840805367,-0.3097,-4.494537799671222,-0.3107000000000001,-4.877924561934646,-0.3117,-5.299508529294427,-0.3137,-6.214826740307106,-0.3147000000000001,-6.712805117859599,-0.3157,-7.258883679607503,-0.3157,-7.258883679607503,-0.3167000000000001,-7.826182910853383,-0.3177,-8.41470281159724,-0.3187000000000001,-8.989075599342444,-0.3197,-9.601645592184004,-0.3207000000000001,-10.191580204227725,-0.3417,-19.834252424107817,-0.3677,-30.10505646112798,-0.3906999999999999,-39.80997597820213,-0.4106999999999999,-50.23639825820745
exp1019,-1800mV,-0.4157,-0.4964221951226413,-0.4447,-0.9980788220547832,-0.4607,-1.498179266557074,-0.4717000000000001,-2.001816489309027,-0.4797000000000001,-2.468671218264489,-0.4876999999999999,-3.0402145834099636,-0.4927,-3.4674573959692045,-0.4987,-4.04748902891387,-0.5027,-4.486049531872031,-0.5067,-4.955733683427223,-0.5107,-5.472103307877963,-0.5147,-6.019596580925731,-0.5176999999999999,-6.463815929083352,-0.5207,-6.936329503238276,-0.5247,-7.53616709438105,-0.5277,-8.012924802435567,-0.5307000000000001,-8.49958548958914,-0.5337,-8.993319733242037,-0.5367000000000001,-9.4318802362002,-0.5397,-9.959567551049858,-0.5857,-19.97572355409432,-0.6177,-29.90699687914687,-0.6437,-40.00803556018324,-0.6627,-50.052485789224995
exp1020,-1500mV,-0.0087000000000001,-0.4996760311123309,0.0012999999999998,0.9929858613752692,0.0032999999999998,1.4882762874580184,-0.0317,-2.0004017780091616,-0.0427000000000001,-2.4898918877624645,-0.0557,-3.0076762235130676,-0.0677000000000001,-3.5014104671659654,-0.0797000000000001,-3.995144710818863,-0.2956999999999999,-4.501611356170546,-0.1027000000000002,-5.002419156322769,-0.3217,-5.503226956474993,-0.1227,-5.99696120012789,-0.3367000000000001,-6.489280732480923,-0.1417000000000001,-6.994332666532741,-0.1517000000000001,-7.512117002283345,-0.2127,-8.003021823336512,-0.1767,-8.49392664438968,-0.3617,-8.945219549046627,-0.3657,-9.44885677179858,-0.3697,-10.006253023945405,-0.3986999999999999,-19.919135102099716,-0.4066999999999999,-29.90699687914687,-0.4117,-39.145061667265566,-0.4166999999999999,-50.094927128220945
exp1021,-1600mV,-0.0237,-0.5043445784018855,-0.2787,-1.0068500321139466,-0.3087000000000001,-1.5137410908555893,-0.3247000000000001,-2.004645911908757,-0.3357,-2.4913065990623298,-0.3437,-2.972308441016442,-0.3517,-3.5381929609624567,-0.3567000000000001,-3.9725093300210226,-0.3617,-4.46058472847446,-0.3666999999999999,-5.01373684672169,-0.3706999999999999,-5.508885801674452,-0.3746999999999999,-6.066282053821277,-0.3777,-6.504842556779439,-0.3806999999999999,-6.970282574435036,-0.3837,-7.492311044085233,-0.3866999999999999,-8.017168936335162,-0.3886999999999999,-8.413288100297372,-0.3917,-8.997563867141633,-0.3937,-9.429050813600467,-0.3966999999999999,-10.07557387763879,-0.4297000000000001,-20.01816489309027,-0.4527,-29.949438218142824,-0.4717000000000001,-39.76753463920618,-0.4887,-49.76954352925199
exp1022,-1700mV,-0.3357,-0.5020810403221014,-0.3877,-1.004727965164149,-0.4106999999999999,-1.4967645552572086,-0.4257000000000001,-1.9919135102099716,-0.4377000000000001,-2.5224302476593605,-0.4467,-3.0175792026121235,-0.4537000000000001,-3.4702868185689346,-0.4607,-3.999388844718459,-0.4667,-4.524246736968387,-0.4717000000000001,-5.01656626932142,-0.4757000000000001,-5.448053215780256,-0.4807,-6.042231961723571,-0.4847,-6.560016297474175,-0.4876999999999999,-6.994332666532741,-0.4907,-7.430063746891172,-0.4947,-8.069513254430168,-0.4967,-8.416117522897103,-0.4996999999999999,-8.94663426034649,-0.5027,-9.523836470691428,-0.5047,-9.914296789454175,-0.5417,-20.159636023076775,-0.5647000000000001,-29.935291105144177,-0.5837,-40.191948029165694,-0.5997,-50.34957516219666
exp1023,-1500mV,-0.0317,0.4947245415628032,-0.0447000000000001,-1.0399542765307883,-0.0497,-1.4797880196588282,-0.0567000000000001,-1.9862546650105113,-0.0207000000000001,2.4898918877624645,-0.0737000000000001,-2.9793819975157674,-0.0847000000000002,-3.515557580164616,-0.0947000000000002,-3.996559422118728,-0.1047000000000002,-4.491708377071491,-0.1137000000000001,-4.9826131981246595,-0.1227,-5.523032914673103,-0.1297000000000001,-5.97432581933005,-0.1367,-6.473718908182407,-0.2976999999999999,-7.011309202131122,-0.3127000000000001,-7.507872868383751,-0.3167000000000001,-7.990289421637726,-0.2887,-8.51090317998806,-0.1647,-8.976343197643658,-0.1697000000000001,-9.501201089893586,0.0002999999999999,9.99069119964689,-0.3646999999999999,-19.904987989101063,-0.3886999999999999,-30.00602667013743,-0.4086999999999999,-40.17780091616704,-0.4257000000000001,-49.78369064225064
exp1024,-1500mV,-0.0437,-0.539570889768525,-0.0467000000000001,-1.0166115400830154,-0.0497,-1.4755438857592331,-0.0537,-1.9975723554094316,-0.0577,-2.467256506964624,-0.0627000000000002,-3.0274821817111786,-0.0677000000000001,-3.4632132620696097,-0.0737000000000001,-3.985241731719809,-0.0807000000000002,-4.490293665771627,-0.0877000000000001,-4.979783775524929,-0.0947000000000002,-5.480591575677152,-0.1027000000000002,-5.964422840230995,-0.1097000000000001,-6.516160247178359,-0.1167,-6.999991511732201,-0.1227,-7.466846240687664,-0.0157,8.02141307023476,-0.0147000000000001,8.49958548958914,-0.1397000000000001,-8.973513775043926,-0.1447,-9.47998042039561,-0.1497000000000001,-9.98503235444743,-0.2127,-20.01816489309027,-0.3597,-29.864555540150924,-0.3817,-40.23438936816165,-0.3977,-49.8261319812466
exp1025,-1500mV,0.0102999999999999,-0.5473518019177827,-0.0237,-1.0011911869144865,-0.2087,-1.4939351326574788,-0.2317000000000001,-1.9961576441095663,-0.2447,-2.49979486686152,-0.2547,-3.0600205416080746,-0.2616999999999999,-3.4900927767670455,-0.2676999999999999,-3.989485865619403,-0.2736999999999999,-4.556785096865283,-0.2776999999999999,-4.975539641625334,-0.2827,-5.549912429370539,-0.2856999999999999,-5.933299191633965,-0.2896999999999999,-6.528892648877145,-0.2927,-6.954720750136521,-0.2956999999999999,-7.468260951987529,-0.2987000000000001,-8.000192400736783,-0.3016999999999999,-8.585882878880907,-0.3036999999999999,-8.969269641144333,-0.3067000000000001,-9.594572035684678,-0.3087000000000001,-10.0387913838423,-0.3417,-19.961576441095666,-0.3646999999999999,-30.04846800913338,-0.3837,-39.88071154319538,-0.4006999999999999,-49.81198486824794
exp1026,-1600mV,-0.0457,-0.5001004445022904,-0.2696999999999999,-0.9931273325052556,-0.2916999999999999,-1.512326379555724,-0.3047000000000001,-1.9975723554094316,-0.3147000000000001,-2.5012095781613843,-0.3227000000000001,-3.013335068712528,-0.3297,-3.525460559263671,-0.3347000000000001,-3.9597769283222375,-0.3397,-4.449267038075541,-0.3447000000000001,-4.99393088852358,-0.3487000000000001,-5.480591575677152,-0.3527000000000001,-6.009693601826676,-0.3557,-6.428448146586726,-0.3597,-7.055165252426939,-0.3626999999999999,-7.570120165577812,-0.3646999999999999,-7.912480300145149,-0.3677,-8.49392664438968,-0.3706999999999999,-9.076787699934076,-0.3726999999999999,-9.516762914192102,-0.3746999999999999,-9.932688036352424,-0.4077,-20.046459119087572,-0.4297000000000001,-29.80796708815632,-0.4487,-40.10706535117379,-0.4657000000000001,-50.26469248420475
exp1027,-1500mV,0.0112999999999998,-0.4955733683427223,0.0092999999999998,-1.0293439417818009,0.0022999999999999,-1.4911057100577487,-0.1757000000000002,-1.9919135102099716,-0.2097000000000001,-2.4898918877624645,-0.2257000000000001,-2.9878702653149576,-0.2367,-3.519801714064211,-0.2447,-4.01070653511738,-0.2507,-4.487464243171897,-0.2567,-5.039201650119261,-0.2607,-5.4551267722795815,-0.2656999999999999,-6.037987827823977,-0.2687,-6.463815929083352,-0.2727,-7.045262273327882,-0.2756999999999999,-7.5092875796836145,-0.2787,-8.034145471933543,-0.2816999999999999,-8.594371146680096,-0.2836999999999999,-8.974928486343794,-0.2867,-9.60306030348387,-0.2887,-10.04445022904176,-0.3197,-19.820105311109163,-0.3407000000000001,-29.90699687914687,-0.3577,-40.06462401217784,-0.3717,-49.62807239926549
exp1028,-1500mV,0.0032999999999998,-0.5167940378406979,-0.0647000000000002,-0.9994935333546484,-0.2097000000000001,-1.4953498439573436,-0.2347,-2.013134179707947,-0.2487,-2.515356691160035,-0.2587,-3.010505646112798,-0.2656999999999999,-3.4787750863681253,-0.2727,-3.979582886520348,-0.2787,-4.508684912669872,-0.2836999999999999,-5.017980980621284,-0.2876999999999999,-5.474932730477692,-0.2916999999999999,-5.992717066228296,-0.2956999999999999,-6.538795627976199,-0.2987000000000001,-6.970282574435036,-0.3016999999999999,-7.473919797186989,-0.3047000000000001,-7.971898174739481,-0.3077,-8.522220870386981,-0.3097,-8.916925323049327,-0.3127000000000001,-9.529495315890887,-0.3147000000000001,-9.938346881551883,-0.3487000000000001,-20.117194684080825,-0.3706999999999999,-29.90699687914687,-0.3897,-40.27683070715759,-0.4046999999999999,-49.76954352925199
exp1029,-1400mV,-0.0217,-0.4545467406466362,-0.0167000000000001,1.0048694362941355,-0.0257,-1.427443701563822,-0.0287000000000001,-2.024451870106867,-0.0317,-2.5210155363594953,-0.0347000000000001,-3.0147497800123935,-0.0387000000000001,-3.541022383562187,-0.0427000000000001,-3.968265196121428,-0.0497,-4.493123088371357,-0.0547000000000001,-4.99958973372304,-0.0617,-5.525862337272833,-0.0687000000000002,-5.989887643628566,-0.0047000000000001,6.520404381077953,-0.0847000000000002,-6.9915032439330105,-0.0927000000000002,-7.462602106788069,-0.1007000000000002,-7.984630576438266,-0.1087000000000002,-8.532123849486036,-0.1147,-8.996149155841769,-0.1217000000000001,-9.501201089893586,-0.1277000000000001,-10.010497157845,-0.2037000000000001,-19.93328221509837,0.0132999999999998,30.09090934812933,-0.3287000000000001,-39.80997597820213,-0.3427000000000001,-50.2505453712061
exp1030,-1600mV,-0.2847,-0.5057592897017505,-0.3237,-1.005293849684095,-0.3447000000000001,-1.506667534356264,-0.3597,-2.013134179707947,-0.3706999999999999,-2.50262428946125,-0.3797,-2.989284976614823,-0.3877,-3.509898734965156,-0.3937,-3.9668504848215624,-0.3997,-4.493123088371357,-0.4046999999999999,-4.979783775524929,-0.4097,-5.525862337272833,-0.4137,-6.001205334027486,-0.4177,-6.521819092377819,-0.4206999999999999,-6.950476616236925,-0.4246999999999999,-7.544655362180241,-0.4277000000000001,-8.019998358934892,-0.4306999999999999,-8.536367983385631,-0.4337000000000001,-9.062640586935425,-0.4357000000000001,-9.438953792699524,-0.4387,-10.01332658044473,-0.4777000000000001,-19.961576441095666,-0.5067,-30.13335068712528,-0.5287000000000001,-39.88071154319538,-0.5467000000000001,-49.71295507725739
exp1031,-1500mV,-0.0357,0.4780309482243958,-0.0407000000000001,-1.0753220590274144,-0.0327000000000001,1.4783733083589634,-0.0437,-1.963619284212671,-0.0457,-2.50262428946125,-0.0477,-3.0614352529079394,-0.0497,-3.573560743459083,-0.0517,-4.099833347008876,-0.0247000000000001,4.548296829066093,-0.0237,5.01939569192115,-0.0577,-5.515959358173778,-0.0217,5.936128614233694,-0.0617,-6.417130456187806,-0.0637,-6.967453151835306,-0.0667000000000002,-7.621049772372953,-0.0687000000000002,-7.991704132937592,-0.0167000000000001,8.461388284492784,-0.0737000000000001,-9.099423080731915,-0.0147000000000001,9.50544522379318,-0.0137,10.054353208140816,-0.1317000000000001,-19.97572355409432,-0.1987,-30.00602667013743,-0.3477,-39.92315288219133,-0.4066999999999999,-49.93930888523579
exp1032,-1500mV,0.0062999999999999,0.5012322135421824,-0.1377000000000001,-0.999352062224662,-0.0307000000000001,-1.499593977856939,-0.3047000000000001,-2.023037158807002,-0.3107000000000001,-2.4898918877624645,-0.3157,-2.9850408427152275,-0.3197,-3.453310282970554,-0.3237,-4.027683070715759,-0.3267000000000001,-4.541223272566767,-0.3287000000000001,-4.927439457429923,-0.3317,-5.600842036165679,-0.3337,-6.086088012019388,-0.3347000000000001,-6.3676155606925295,-0.3367000000000001,-6.960379595335981,-0.3387000000000001,-7.568705454277946,-0.3397,-7.925212701843934,-0.3417,-8.629738929176723,-0.3427000000000001,-9.01029626884042,-0.3437,-9.392268319803978,-0.3447000000000001,-9.82799940016241,-0.3617,-19.848399537106463,-0.3737,-29.72308441016442,-0.3846999999999999,-40.191948029165694,-0.3946999999999999,-50.024191563227696
exp1033,-1500mV,0.0022999999999999,0.5320729198792403,-0.0037,-0.9560618964487916,-0.0067000000000001,-1.4826174422585583,-0.0107000000000001,-2.023037158807002,-0.0157,-2.5210155363594953,-0.0217,-2.9822114201154974,-0.1797000000000002,-3.4971663332663705,-0.2636999999999999,-3.9937299995189983,-0.2876999999999999,-4.500196644870682,-0.3016999999999999,-5.015151558021555,-0.3127000000000001,-5.5003975338752635,-0.3207000000000001,-5.984228798429105,-0.3277,-6.456742372584028,-0.3357,-6.984429687433686,-0.3407000000000001,-7.492311044085233,-0.3457,-8.011510091135703,-0.3497,-8.459973573192919,-0.3547000000000001,-8.963610795944874,-0.3577,-9.533739449790485,-0.3617,-10.079818011538388,-0.3977,-20.00401778009162,-0.4097,-30.232380478115836,-0.4157,-40.29097782015624,-0.4206999999999999,-50.78813566515482
exp1034,-1400mV,0.0122999999999999,-0.5494738688675803,-0.0197,-1.0002008890045808,-0.1727,-1.5038381117565338,-0.1957000000000001,-2.0032312006088917,-0.2077000000000001,-2.4898918877624645,-0.2167,-2.9666495958169823,-0.2247,-3.5282899818634013,-0.2307,-4.037586049814815,-0.2357000000000001,-4.548296829066093,-0.2396999999999999,-5.002419156322769,-0.2436999999999999,-5.540009450271484,-0.2467,-5.954519861131939,-0.2507,-6.56143100877404,-0.2527,-6.926426524139219,-0.2556999999999999,-7.444210859889823,-0.2587,-8.051122007531923,-0.2607,-8.445826460194269,-0.2627,-8.907022343950272,-0.2656999999999999,-9.584669056585623,-0.2676999999999999,-10.096794547136763,-0.2956999999999999,-19.763516859114564,-0.3147000000000001,-29.708937297165768,-0.3297,-39.68265196121428,-0.3427000000000001,-49.58563106026953
exp1035,-1500mV,-0.0147000000000001,-0.4795871306542474,-0.0267000000000001,-1.016753011213002,-0.0427000000000001,-1.4967645552572086,-0.0657,-2.008890045808352,-0.0907000000000002,-2.509697845960575,-0.2367,-3.004846800913338,-0.1817000000000002,-3.5014104671659654,0.0122999999999999,3.992315288219133,-0.3507000000000001,-4.501611356170546,-0.3597,-4.981198486824794,-0.3666999999999999,-5.503226956474993,-0.3717,-5.97998466452951,-0.3757,-6.463815929083352,-0.3797,-7.080630055824508,-0.3817,-7.465431529387798,-0.3846999999999999,-8.099222191727335,-0.3866999999999999,-8.605688837079018,-0.3877,-8.863166293654455,-0.3897,-9.427636102300603,-0.3917,-10.105282814935956,-0.4106999999999999,-20.187930249074075,-0.4246999999999999,-29.96358533114148,-0.4377000000000001,-40.36171338514949,-0.4487,-50.15151558021555
exp1036,-1800mV,-0.4367,-0.4958563106026953,-0.4627,-1.0130747618333529,-0.4767,-1.4812027309586933,-0.4876999999999999,-1.9848399537106465,-0.4967,-2.4898918877624645,-0.5047,-3.0189939139119883,-0.5107,-3.4717015298688,-0.5167,-3.9668504848215624,-0.5227,-4.5369791386671725,-0.5267000000000001,-4.948660126927899,-0.5317,-5.511715224274183,-0.5357,-6.012523024426406,-0.5397,-6.528892648877145,-0.5427000000000001,-6.94623248233733,-0.5467000000000001,-7.5418259395805105,-0.5497,-7.993118844237457,-0.5527000000000001,-8.464217707092514,-0.5557,-8.977757908943524,-0.5587000000000001,-9.49129811079453,-0.5617,-10.04445022904176,-0.6007000000000001,-19.93328221509837,-0.6257,-30.10505646112798,-0.6437,-40.24853648116029,-0.6577000000000001,-50.038338676226346
exp1037,-1600mV,0.0002999999999999,-0.5077398855215616,-0.0337,-0.9997764756146216,-0.3047000000000001,-1.4925204213576138,-0.3267000000000001,-2.007475334508487,-0.3397,-2.4927213103621946,-0.3497,-3.009090934812933,-0.3567000000000001,-3.512728157564886,-0.3626999999999999,-4.05314787411333,-0.3666999999999999,-4.532735004767577,-0.3697,-4.9571483947270885,-0.3726999999999999,-5.415514855883361,-0.3757,-5.929055057734368,-0.3786999999999999,-6.575578121772692,-0.3806999999999999,-7.1145831270212705,-0.3826999999999999,-7.575779010777271,-0.3837,-7.7978886848560816,-0.3857,-8.437338192395078,-0.3877,-9.09234952423259,-0.3886999999999999,-9.379535918105192,-0.3906999999999999,-10.137821174832853,-0.4106999999999999,-20.046459119087572,-0.4257000000000001,-30.317263156107735,-0.4397000000000001,-39.79582886520348,-0.4547,-49.8261319812466
exp1038,-1900mV,-0.6397,-0.5001004445022904,-0.6657000000000001,-1.0051523785541088,-0.6797000000000001,-1.5080822456561291,-0.6897000000000001,-2.023037158807002,-0.6967,-2.4913065990623298,-0.7027,-2.977967286215902,-0.7077000000000001,-3.453310282970554,-0.7127,-3.9979741334185936,-0.7167,-4.494537799671222,-0.7207,-5.046275206618586,-0.7237000000000001,-5.5018122451751275,-0.7267,-5.99130235492843,-0.7297000000000001,-6.516160247178359,-0.7327,-7.084874189724104,-0.7347,-7.48806691018564,-0.7367,-7.90682145494569,-0.7396999999999999,-8.564662209382933,-0.7416999999999999,-9.035761072237989,-0.7436999999999999,-9.530910027190751,-0.7456999999999999,-10.048694362941356,-0.7747,-20.03231200608892,-0.7947000000000001,-29.85040842715227,-0.8117,-39.95144710818864,-0.8267000000000001,-49.967603111233096
exp1039,-1400mV,-0.0427000000000001,0.8404799832498183,-0.0447000000000001,-1.1123874950838784,-0.0417,1.8433688237241423,-0.0457,-2.072552054302279,-0.0407000000000001,2.8944993195238653,-0.0467000000000001,-3.013335068712528,-0.0477,-3.8989443424280408,-0.0397,3.9909005769192687,-0.0487000000000001,-4.766162369245309,-0.0387000000000001,5.067495876116562,-0.0497,-5.641868663861766,-0.0377,6.182288380410211,-0.0507000000000001,-6.489280732480923,-0.0367000000000001,7.311227997702509,-0.0517,-7.323960399401294,-0.0527000000000001,-8.117613438625579,-0.0357,8.508073757388331,-0.0537,-8.945219549046627,-0.0547000000000001,-9.713407784873342,-0.0347000000000001,9.740287299570776,-0.0707000000000002,-20.17378313607542,-0.0907000000000002,-30.18993913911989,-0.0147000000000001,40.163653803168394,-0.1367,-50.052485789224995
exp1040,-1600mV,-0.0297,-0.4958563106026953,-0.0987000000000002,-1.000766773524527,-0.2587,-1.4967645552572086,-0.2807,-1.9904987989101068,-0.2947000000000001,-2.5224302476593605,-0.3036999999999999,-2.972308441016442,-0.3117,-3.4575544168701495,0.0132999999999998,3.9838270204199433,-0.3237,-4.490293665771627,-0.3287000000000001,-5.01656626932142,-0.3327000000000001,-5.472103307877963,-0.3367000000000001,-5.97998466452951,-0.3407000000000001,-6.548698607075254,-0.3437,-7.031115160329232,-0.3467000000000001,-7.424404901691712,-0.3497,-8.018583647635028,-0.3527000000000001,-8.551929807684147,-0.3547000000000001,-8.894289942251486,-0.3577,-9.49695695599399,-0.3597,-10.04727965164149,-0.3937,-19.834252424107817,-0.4177,-30.317263156107735,-0.4367,-39.85241731719808,-0.4557000000000001,-49.98175022423175
exp1041,-1500mV,-0.3027000000000001,-0.504768991791845,-0.3217,-1.0040206095142166,-0.3317,-1.4882762874580184,-0.3387000000000001,-1.967863418112266,-0.3447000000000001,-2.5012095781613843,-0.3497,-3.055776407708479,-0.3527000000000001,-3.440577881271769,-0.3567000000000001,-4.023438936816164,-0.3597,-4.520002603068792,-0.3626999999999999,-5.067495876116562,-0.3646999999999999,-5.465029751378637,-0.3666999999999999,-5.890857852638012,-0.3697,-6.578407544372421,-0.3717,-7.074971210625048,-0.3737,-7.605487948074437,-0.3746999999999999,-7.882771362847984,-0.3766999999999999,-8.457144150593189,-0.3786999999999999,-9.06688472083502,-0.3797,-9.385194763304654,-0.3817,-10.051523785541084,-0.4037,-19.763516859114564,-0.4197000000000001,-29.991879557138777,-0.4327,-40.23438936816165,-0.4437000000000001,-49.925161772237146
exp1042,-1500mV,-0.2576999999999999,-0.5005248578922499,-0.2947000000000001,-0.9911467366854448,-0.3087000000000001,-1.502423400456669,-0.3177,-2.021622447507138,-0.3237,-2.4913065990623298,-0.3287000000000001,-2.972308441016442,-0.3337,-3.5353635383627267,-0.3377,-4.0715391210115754,-0.3407000000000001,-4.503026067470412,-0.3437,-4.996760311123309,-0.3467000000000001,-5.520203492073373,-0.3487000000000001,-5.913493233435854,-0.3517,-6.511916113278764,-0.3537,-6.960379595335981,-0.3557,-7.3975253869942765,-0.3577,-7.916724434044746,-0.3597,-8.424605790696294,-0.3617,-8.983416754142983,-0.3637,-9.47998042039561,-0.3657,-10.037376672542434,-0.3917,-19.77766397211321,-0.4117,-30.06261512213203,-0.4286999999999999,-40.06462401217784,-0.4447,-50.61837030917101
exp1043,-1500mV,-0.0167000000000001,-0.5071740010016156,-0.0707000000000002,-0.9999179467446078,-0.2376999999999999,-1.4967645552572086,-0.2627,-1.9961576441095663,-0.2756999999999999,-2.512527268560305,-0.2847,-2.9864555540150928,-0.2927,-3.5141428688647514,-0.2987000000000001,-3.985241731719809,-0.3036999999999999,-4.463414151074191,-0.3087000000000001,-5.006663290222365,-0.3127000000000001,-5.438150236681202,-0.3167000000000001,-6.023840714825327,-0.3197,-6.4128863222882115,-0.3237,-7.008479779531392,-0.3267000000000001,-7.53333767178132,-0.3297,-8.059610275331114,-0.3317,-8.403385121198317,-0.3347000000000001,-9.031516938338395,-0.3367000000000001,-9.40075658760317,-0.3397,-10.078403300238522,-0.3737,-20.07475334508487,-0.3966999999999999,-29.864555540150924,-0.4157,-39.83827020419943,-0.4327,-50.23639825820745
exp1044,-1700mV,-0.3817,-0.5046275206618586,-0.4057,-0.9958152839749992,-0.4197000000000001,-1.4925204213576138,-0.4297000000000001,-1.9876693763103763,-0.4377000000000001,-2.49979486686152,-0.4437000000000001,-2.9595760393176564,-0.4497000000000001,-3.499995755866101,-0.4547,-4.01636538031684,-0.4587,-4.480390686672571,-0.4627,-4.995345599823445,-0.4667,-5.556985985869864,-0.4697000000000001,-6.015352447026135,-0.4727,-6.509086690679034,-0.4757000000000001,-7.0367740055286925,-0.4777000000000001,-7.414501922592657,-0.4807,-7.990289421637726,-0.4827,-8.401970409898452,-0.4857000000000001,-9.0555670304361,-0.4876999999999999,-9.518177625491967,-0.4896999999999999,-9.98786177704716,-0.5207,-20.202077362072725,-0.5407000000000001,-30.13335068712528,-0.5557,-39.66850484821563,-0.5697,-50.37786938819396
exp1045,-1500mV,-0.2436999999999999,-0.4959977817326818,-0.2736999999999999,-1.0113771082735146,-0.2847,-1.4826174422585583,-0.2927,-2.013134179707947,-0.2976999999999999,-2.468671218264489,-0.3027000000000001,-3.034555738210504,-0.3056999999999999,-3.4490661490709593,-0.3097,-4.085686234010226,-0.3117,-4.443608192876081,-0.3147000000000001,-5.044860495318721,-0.3167000000000001,-5.486250420876612,-0.3187000000000001,-5.961593417631265,-0.3207000000000001,-6.476548330782138,-0.3227000000000001,-7.0297004490293675,-0.3247000000000001,-7.629538040172143,-0.3257,-7.94360394874218,-0.3277,-8.604274125779153,-0.3287000000000001,-8.972099063744063,-0.3297,-9.32011804351086,-0.3317,-10.08406214543798,-0.3507000000000001,-19.93328221509837,-0.3637,-29.793819975157668,-0.3746999999999999,-39.71094618721158,-0.3846999999999999,-50.038338676226346
exp1046,-1700mV,-0.1867000000000001,-0.4995345599823444,-0.3677,-1.0027473693443378,-0.3757,-1.5222293586547797,-0.3797,-2.0060606232086218,-0.3826999999999999,-2.5210155363594953,-0.3846999999999999,-2.973723152316307,-0.3866999999999999,-3.553754785260972,-0.3877,-3.904603187627502,-0.3897,-4.672791423454216,-0.3906999999999999,-5.0618370309171015,-0.3917,-5.457956194879311,-0.3926999999999999,-5.866807760540307,-0.3937,-6.326588932996443,-0.3957,-7.070727076725453,-0.3966999999999999,-7.435722592090633,-0.3977,-7.829012333453114,-0.3997,-8.508073757388331,-0.4017,-9.12347317282962,-0.4026999999999999,-9.42056254580128,-0.4046999999999999,-9.92702919115296,-0.4527,-19.919135102099716,-0.4916999999999999,-29.935291105144177,-0.5236999999999999,-40.02218267318189,-0.5547000000000001,-49.9958973372304
exp1047,-1400mV,-0.1917000000000001,-0.4999589733723039,-0.2627,-0.9894490831256064,-0.2727,-1.4769585970590984,-0.2787,-1.993328221509837,-0.2827,-2.50262428946125,-0.2856999999999999,-2.9935291105144173,-0.2887,-3.591951990357328,-0.2907,-4.065880275812115,-0.2927,-4.596397013261504,-0.2936999999999999,-4.877924561934646,-0.2956999999999999,-5.498982822575398,-0.2967000000000001,-5.83143997804368,-0.2987000000000001,-6.5246485149775495,-0.2996999999999999,-6.898132298141919,-0.3016999999999999,-7.693200048666069,-0.3027000000000001,-8.10912517082639,-0.3036999999999999,-8.534953272085767,-0.3047000000000001,-8.980587331543253,-0.3056999999999999,-9.44602734919885,-0.3067000000000001,-9.928443902452829,-0.3227000000000001,-19.890840876102416,-0.3347000000000001,-30.487028512091538,-0.3437,-40.02218267318189,-0.3517,-49.71295507725739
exp1048,-1600mV,-0.3577,-0.4972710219025603,-0.3797,-1.0028888404743244,-0.3926999999999999,-1.5080822456561291,-0.4017,-1.9876693763103763,-0.4097,-2.5351626493581456,-0.4157,-3.031726315610774,-0.4206999999999999,-3.5113134462650213,-0.4246999999999999,-3.944215104023722,-0.4297000000000001,-4.5497115403659585,-0.4327,-4.9571483947270885,-0.4367,-5.5414241615713475,-0.4397000000000001,-6.023840714825327,-0.4427,-6.5317220714768744,-0.4457000000000001,-7.086288901023969,-0.4477000000000001,-7.48806691018564,-0.4507,-8.092148635228009,-0.4527,-8.526465004286575,-0.4547,-8.989075599342444,-0.4567,-9.468662729996687,-0.4587,-9.962396973649588,-0.4876999999999999,-19.919135102099716,-0.5076999999999999,-29.935291105144177,-0.5236999999999999,-40.27683070715759,-0.5367000000000001,-49.9110146592385
exp1049,-1500mV,-0.2347,-0.4986857332024254,-0.2667,-0.9869026027858494,-0.2787,-1.5094969569559942,-0.2856999999999999,-2.0060606232086218,-0.2907,-2.4828183312631396,-0.2947000000000001,-2.9525024828183315,-0.2987000000000001,-3.5212164253640763,-0.3016999999999999,-4.020609514216435,-0.3047000000000001,-4.587908745462314,-0.3067000000000001,-5.01090742412196,-0.3087000000000001,-5.4622003287789065,-0.3107000000000001,-5.9601787063314,-0.3127000000000001,-6.489280732480923,-0.3147000000000001,-7.072141788025317,-0.3157,-7.376304717496302,-0.3177,-7.997362978137053,-0.3187000000000001,-8.339723112704391,-0.3207000000000001,-9.04424934003718,-0.3217,-9.419147834501414,-0.3227000000000001,-9.80536401936457,-0.3417,-19.69278129412131,-0.3557,-30.359704495103685,-0.3657,-39.654357735216976,-0.3757,-50.109074241219595
exp1050,-1800mV,-0.4417000000000001,-0.5040616361419126,-0.4787,-1.0002008890045808,-0.4956999999999999,-1.4854468648582886,-0.5076999999999999,-1.9876693763103763,-0.5167,-2.4870624651627344,-0.5247,-3.0359704495103688,-0.5307000000000001,-3.5311194044631313,-0.5357,-4.002218267318188,-0.5407000000000001,-4.531320293467712,-0.5447000000000001,-5.001004445022905,-0.5487000000000001,-5.521618203373238,-0.5517,-5.9347139029338285,-0.5557,-6.514745535878494,-0.5587000000000001,-6.98584439873355,-0.5617,-7.516361136182939,-0.5647000000000001,-8.045463162332464,-0.5667000000000001,-8.40904396639778,-0.5697,-8.950878394246088,-0.5727000000000001,-9.564863098387514,-0.5747000000000001,-9.99069119964689,-0.6126999999999999,-20.06060623208622,-0.6417,-30.09090934812933,-0.6637000000000001,-39.93729999518999,-0.6827,-49.93930888523579
exp1051,-1700mV,-0.3826999999999999,-0.4981198486824793,-0.4086999999999999,-0.9999179467446078,-0.4237000000000001,-1.4967645552572086,-0.4347,-2.0004017780091616,-0.4427,-2.467256506964624,-0.4507,-3.0373851608102336,-0.4567,-3.542437094862052,-0.4617000000000001,-4.020609514216435,-0.4657000000000001,-4.443608192876081,-0.4707,-5.03637222751953,-0.4747,-5.5541565632701335,-0.4777000000000001,-5.97149639673032,-0.4817000000000001,-6.578407544372421,-0.4847,-7.057994675026669,-0.4876999999999999,-7.558802475178892,-0.4896999999999999,-7.922383279244204,-0.4927,-8.49392664438968,-0.4956999999999999,-9.076787699934076,-0.4976999999999999,-9.50544522379318,-0.4996999999999999,-9.945420438051208,-0.5347000000000001,-20.13134179707947,-0.5577,-29.85040842715227,-0.5777,-40.23438936816165,-0.5947000000000001,-50.29298671020206
exp1052,-1700mV,-0.0487000000000001,-0.4992516177223714,-0.0937000000000001,-0.9990691199646888,-0.1497000000000001,-1.499593977856939,-0.2127,-1.9961576441095663,-0.3337,-2.49413602166206,0.0062999999999999,2.999187955713878,-0.3777,-3.505654601065561,-0.3886999999999999,-4.026268359415894,-0.3966999999999999,-4.480390686672571,-0.4046999999999999,-5.043445784018855,-0.4106999999999999,-5.5414241615713475,-0.4166999999999999,-6.016767158326001,-0.4206999999999999,-6.458157083883892,-0.4266999999999999,-7.018382758630446,-0.4306999999999999,-7.543240650880375,-0.4347,-7.964824618240158,-0.4387,-8.549100385084417,-0.4417000000000001,-9.000393289741364,-0.4447,-9.402171298903031,-0.4487,-10.07557387763879,-0.4967,-20.10304757108217,-0.5357,-29.921143992145527,-0.5747000000000001,-40.17780091616704,-0.6077,-50.15151558021555
exp1053,-1900mV,-0.6097,-0.504768991791845,-0.6346999999999999,-1.00670856098396,-0.6486999999999999,-1.510911668255859,-0.6587,-2.017378313607542,-0.6657000000000001,-2.4700859295643536,-0.6727,-3.0204086252118536,-0.6777000000000001,-3.4844339315675854,-0.6827,-4.0121212464172435,-0.6867,-4.490293665771627,-0.6907,-5.01939569192115,-0.6937000000000001,-5.452297349679851,-0.6967,-5.921981501235043,-0.6997000000000001,-6.425618723986997,-0.7027,-6.968867863135171,-0.7057000000000001,-7.558802475178892,-0.7077000000000001,-7.970483463439617,-0.7097000000000001,-8.407629255097913,-0.7127,-9.10083779203178,-0.7147,-9.590327901785084,-0.7167,-10.101038681036362,-0.7447,-20.13134179707947,-0.7627,-29.991879557138777,-0.7767000000000001,-39.76753463920618,-0.7897,-50.3637222751953
exp1054,-1500mV,-0.0117,-0.5266970169397532,-0.0017,1.0202897894626646,0.0002999999999999,1.4854468648582886,0.0022999999999999,1.9975723554094316,-0.0387000000000001,-2.4913065990623298,0.0052999999999998,3.0076762235130676,-0.0597,-3.5014104671659654,-0.0707000000000002,-4.019194802916569,-0.0807000000000002,-4.478975975372705,-0.0917000000000001,-5.015151558021555,-0.1017000000000001,-5.5003975338752635,-0.1117000000000001,-6.019596580925731,-0.1197000000000001,-6.469474774282813,-0.1287,-7.026871026429637,-0.1357000000000001,-7.510702290983478,-0.1417000000000001,-7.961995195640427,-0.1487,-8.496756066989409,-0.1547,-8.998978578441498,-0.3327000000000001,-9.516762914192102,-0.3407000000000001,-9.98786177704716,-0.4297000000000001,-19.381544808151,-0.4357000000000001,-29.369406585198163,-0.4407,-40.48903740213735,-0.4437000000000001,-50.179809806212845
exp1055,-1400mV,-0.0307000000000001,0.5006663290222364,-0.0297,1.1507261713102208,-0.0337,-1.3492101666812857,-0.0347000000000001,-1.9141043887173947,-0.0357,-2.4814036199632743,-0.0367000000000001,-3.0387998721100984,-0.0377,-3.580634299958408,-0.0257,3.9003590537279056,-0.0397,-4.590738168062044,-0.0407000000000001,-5.092960679514132,-0.0417,-5.593768479666355,-0.0427000000000001,-6.066282053821277,-0.0437,-6.5317220714768744,-0.0217,7.031115160329232,-0.0457,-7.393281253094682,-0.0207000000000001,7.889844919347309,-0.0487000000000001,-8.672180268172674,-0.0497,-9.0555670304361,-0.0507000000000001,-9.45451561699804,-0.0517,-9.863367182659037,-0.0827000000000002,-19.862546650105116,-0.1207,-30.02017378313608,-0.1597000000000001,-39.90900576919269,-0.2027,-49.9110146592385
exp1056,-1700mV,-0.4137,-0.5034957516219666,-0.4387,-0.9917126212053906,-0.4517000000000001,-1.5038381117565338,-0.4597000000000001,-1.970692840711996,-0.4667,-2.5139419798601703,-0.4717000000000001,-2.996358533114148,-0.4757000000000001,-3.4518955716706894,-0.4797000000000001,-3.968265196121428,-0.4837000000000001,-4.5638586533646075,-0.4867,-5.0618370309171015,-0.4887,-5.421173701082821,-0.4916999999999999,-6.011108313126541,-0.4936999999999999,-6.425618723986997,-0.4967,-7.093362457523294,-0.4987,-7.577193722077136,-0.5007,-8.104881036926795,-0.5016999999999999,-8.372261472601286,-0.5036999999999999,-8.916925323049327,-0.5056999999999999,-9.506859935093043,-0.5076999999999999,-10.137821174832853,-0.5307000000000001,-19.763516859114564,-0.5477,-30.10505646112798,-0.5607000000000001,-39.59776928322238,-0.5727000000000001,-49.68466085126009
exp1057,-1600mV,-0.3646999999999999,-0.5040616361419126,-0.3866999999999999,-1.0030303116043109,-0.3997,-1.4911057100577487,-0.4097,-2.004645911908757,-0.4177,-2.5295038041586855,-0.4237000000000001,-3.000602667013743,-0.4286999999999999,-3.453310282970554,-0.4337000000000001,-3.965435773521698,-0.4387,-4.541223272566767,-0.4427,-5.0547634744177765,-0.4457000000000001,-5.472103307877963,-0.4497000000000001,-6.077599744220197,-0.4527,-6.562845720073906,-0.4547,-6.9122794111405685,-0.4577000000000001,-7.454113838988878,-0.4607,-8.039804317133003,-0.4627,-8.441582326294675,-0.4657000000000001,-9.09517894683232,-0.4677000000000001,-9.537983583690076,-0.4697000000000001,-10.011911869144866,-0.5007,-20.00401778009162,-0.5216999999999999,-30.06261512213203,-0.5377,-39.68265196121428,-0.5527000000000001,-50.29298671020206
exp1058,-1900mV,-0.5457,-0.4964221951226413,-0.5737,-0.9904393810355122,-0.5897,-1.4911057100577487,-0.6007000000000001,-1.982010531110916,-0.6097,-2.509697845960575,-0.6166999999999999,-3.0147497800123935,-0.6226999999999999,-3.5297046931632665,-0.6277,-4.0220242255163,-0.6317,-4.466243573673921,-0.6357,-4.9444159930283025,-0.6397,-5.480591575677152,-0.6437,-6.062037919921682,-0.6466999999999999,-6.527477937577279,-0.6497,-7.0367740055286925,-0.6527,-7.575779010777271,-0.6547,-7.952092216541371,-0.6577000000000001,-8.551929807684147,-0.6597000000000001,-8.966440218544603,-0.6617000000000001,-9.39509774240371,-0.6647,-10.07557387763879,-0.6967,-19.961576441095666,-0.7187,-30.06261512213203,-0.7367,-40.06462401217784,-0.7527,-50.1939569192115
exp1059,-1600mV,-0.0427000000000001,-0.4995345599823444,-0.2847,-0.9980788220547832,-0.3137,-1.4939351326574788,-0.3297,-1.9876693763103763,-0.3417,-2.504039000761115,-0.3507000000000001,-3.0189939139119883,-0.3577,-3.473116241168665,-0.3637,-3.952703371822913,-0.3697,-4.5044407787702765,-0.3746999999999999,-5.027883959720341,-0.3786999999999999,-5.476347441777556,-0.3826999999999999,-5.981399375829374,-0.3866999999999999,-6.540210339276065,-0.3897,-6.994332666532741,-0.3926999999999999,-7.465431529387798,-0.3957,-8.000192400736783,-0.3986999999999999,-8.551929807684147,-0.4006999999999999,-8.949463682946222,-0.4037,-9.560618964487915,-0.4057,-10.006253023945405,-0.4377000000000001,-20.117194684080825,-0.4577000000000001,-29.836261314153624,-0.4747,-40.12121246417244,-0.4896999999999999,-50.2505453712061
exp1060,-1600mV,-0.0757000000000001,-0.5107107792512783,-0.0557,1.010669752623582,-0.0887000000000002,-1.4967645552572086,-0.0457,2.013134179707947,-0.1027000000000002,-2.485647753862869,-0.0357,2.989284976614823,-0.0307000000000001,3.502825178465831,-0.1247,-3.9979741334185936,-0.0227000000000001,4.454925883275001,-0.1377000000000001,-5.01656626932142,-0.1437000000000001,-5.486250420876612,-0.0127000000000001,5.967252262830725,-0.1557000000000001,-6.540210339276065,-0.3227000000000001,-6.994332666532741,-0.3417,-7.50221402318429,-0.1717000000000001,-8.001607112036647,-0.3477,-8.506659046088465,0.0002999999999999,9.02161395923934,-0.1857000000000002,-9.499786378593722,-0.1887000000000001,-10.000594178745946,-0.4006999999999999,-19.904987989101063,-0.4237000000000001,-29.921143992145527,-0.4447,-40.03632978618054,-0.4647,-50.29298671020206
exp1061,-1600mV,-0.3527000000000001,-0.5005248578922499,-0.3746999999999999,-0.9919955634653636,-0.3806999999999999,-1.5193999360550492,-0.3837,-2.051331384804303,-0.3857,-2.5677010092550416,-0.3866999999999999,-2.874693361325755,-0.3886999999999999,-3.543851806161917,-0.3897,-3.8734795390304706,-0.3917,-4.495952510971087,-0.3937,-4.9571483947270885,-0.3966999999999999,-5.528691759872564,-0.3986999999999999,-5.938958036833425,-0.4017,-6.523233803677684,-0.4037,-6.936329503238276,-0.4057,-7.400354809594007,-0.4077,-7.885600785447715,-0.4106999999999999,-8.575979899781853,-0.4126999999999999,-9.065470009535154,-0.4146999999999999,-9.55496011928846,-0.4166999999999999,-10.0953798358369,-0.4467,-19.919135102099716,-0.4717000000000001,-29.977732444140123,-0.4936999999999999,-40.12121246417244,-0.5136999999999999,-49.71295507725739
exp1062,-1500mV,-0.2716999999999999,-0.4955733683427223,-0.2936999999999999,-1.011235637143528,-0.3036999999999999,-1.4925204213576138,-0.3107000000000001,-1.9763516859114565,-0.3167000000000001,-2.5280890928588207,-0.3207000000000001,-2.9793819975157674,-0.3247000000000001,-3.512728157564886,-0.3277,-3.973924041320888,-0.3307000000000001,-4.491708377071491,-0.3337,-5.071740010016156,-0.3357,-5.5003975338752635,-0.3377,-5.958763995031535,-0.3397,-6.444009970885243,-0.3417,-6.973111997034766,-0.3437,-7.531922960481456,-0.3457,-8.13741939682369,-0.3467000000000001,-8.450070594093864,-0.3487000000000001,-9.1121554824307,-0.3497,-9.458759750897634,-0.3507000000000001,-9.81951113236322,-0.3717,-20.14548891007812,-0.3857,-30.288968930110435,-0.3966999999999999,-40.163653803168394,-0.4066999999999999,-50.47689917918451
exp1063,-1600mV,-0.1717000000000001,-0.4992516177223714,-0.4046999999999999,-1.0198653760727048,-0.4106999999999999,-1.5293029151541049,-0.4137,-1.9848399537106465,-0.4157,-2.4488652600663787,-0.4177,-2.990699687914687,-0.4197000000000001,-3.5282899818634013,-0.4217000000000001,-4.026268359415894,-0.4237000000000001,-4.503026067470412,-0.4257000000000001,-4.961392528626684,-0.4286999999999999,-5.602256747465545,-0.4306999999999999,-6.037987827823977,-0.4327,-6.470889485582678,-0.4347,-6.927841235439085,-0.4367,-7.420160767792117,-0.4387,-7.909650877545419,-0.4407,-8.41470281159724,-0.4427,-8.949463682946222,-0.4447,-9.528080604591022,-0.4467,-10.115185794035014,-0.4727,-20.046459119087572,-0.4916999999999999,-30.274821817111786,-0.5076999999999999,-40.163653803168394,-0.5227,-50.20810403221015
exp1064,-2000mV,-0.6246999999999999,-0.503071338232007,-0.6507,-0.9922785057253368,-0.6667,-1.5165705134553191,-0.6777000000000001,-2.017378313607542,-0.6857000000000001,-2.472915352164084,-0.6937000000000001,-3.0189939139119883,-0.6997000000000001,-3.499995755866101,-0.7057000000000001,-4.043244895014275,-0.7107,-4.551126251665823,-0.7147,-4.996760311123309,-0.7187,-5.483420998276882,-0.7227,-6.008278890526811,-0.7267,-6.57274869917296,-0.7297000000000001,-7.0297004490293675,-0.7327,-7.5092875796836145,-0.7357000000000001,-8.017168936335162,-0.7387,-8.554759230283878,-0.7407,-8.928243013448247,-0.7436999999999999,-9.512518780292506,-0.7456999999999999,-9.919955634653638,-0.7817,-20.07475334508487,-0.8057,-30.232380478115836,-0.8237,-39.78168175220483,-0.8407000000000001,-50.179809806212845
exp1065,-1600mV,-0.0297,-0.5070325298716292,-0.0607000000000002,-1.0017570714344324,-0.0887000000000002,-1.4967645552572086,-0.1137000000000001,-1.993328221509837,-0.2407,-2.4983801555616547,-0.2247,-3.002017378313608,-0.1797000000000002,-3.499995755866101,-0.4117,-3.962606350921967,-0.4137,-4.416728678178644,-0.4146999999999999,-4.7803094822439585,-0.4157,-5.223114119101715,-0.4166999999999999,-5.807389885945976,-0.4177,-6.54162505057593,-0.4186999999999999,-7.418746056492251,-0.4186999999999999,-7.418746056492251,-0.4197000000000001,-8.4203616567967,-0.4197000000000001,-8.4203616567967,-0.4206999999999999,-9.458759750897634,-0.4206999999999999,-9.458759750897634,-0.4217000000000001,-10.515549091896816,-0.4317000000000001,-20.34354849205923,-0.4447,-30.288968930110435,-0.4647,-40.07877112517649,-0.4896999999999999,-50.06663290222365
exp1066,-1400mV,-0.0597,0.7271616081306289,-0.0637,-1.2015143069753758,-0.0647000000000002,-1.6736034677403384,-0.0657,-2.12631108369715,-0.0667000000000002,-2.5677010092550416,-0.0677000000000001,-3.0189939139119883,-0.0687000000000002,-3.46887210726907,-0.0697000000000001,-3.896114919828311,-0.0527000000000001,4.375702050482558,-0.0517,4.923195323530328,-0.0507000000000001,5.477762153077422,-0.0497,6.029499560024787,-0.0767000000000002,-6.526063226277413,-0.0777000000000001,-6.823152599249072,-0.0797000000000001,-7.681882358267148,-0.0807000000000002,-8.099222191727335,-0.0817000000000001,-8.484023665290625,-0.0447000000000001,9.023028670539205,-0.0847000000000002,-9.644086931179956,-0.0857000000000001,-10.02747369344338,-0.1127,-19.862546650105116,-0.0187000000000001,29.935291105144177,-0.1677000000000001,-39.96559422118728,-0.1937000000000001,-50.094927128220945
exp1067,-1800mV,-0.4747,-0.4950074838227763,-0.5036999999999999,-0.9962396973649588,-0.5216999999999999,-1.502423400456669,-0.5347000000000001,-1.993328221509837,-0.5457,-2.515356691160035,-0.5547000000000001,-3.024652759111448,-0.5617,-3.4816045089678553,-0.5687000000000001,-3.9937299995189983,-0.5747000000000001,-4.486049531872031,-0.5807000000000001,-5.032128093619936,-0.5857,-5.528691759872564,-0.5897,-5.957349283731669,-0.5947000000000001,-6.5317220714768744,-0.5987000000000001,-7.025456315129772,-0.6027000000000001,-7.553143629979432,-0.6057,-7.971898174739481,-0.6097,-8.559003364183472,-0.6126999999999999,-9.028687515738664,-0.6157,-9.516762914192102,-0.6186999999999999,-10.02747369344338,-0.6597000000000001,-19.890840876102416,-0.6857000000000001,-29.793819975157668,-0.7057000000000001,-39.86656443019674,-0.7217000000000001,-49.72710219025603
exp1068,-1600mV,-0.3517,-0.5063251742216967,-0.3706999999999999,-1.0013326580444728,-0.3826999999999999,-1.5250587812545096,-0.3906999999999999,-2.0004017780091616,-0.3977,-2.5224302476593605,-0.4026999999999999,-2.9624054619173865,-0.4077,-3.4660426846693397,-0.4126999999999999,-4.03900076111468,-0.4166999999999999,-4.553955674265553,-0.4197000000000001,-4.974124930325469,-0.4226999999999999,-5.4296619688820105,-0.4266999999999999,-6.086088012019388,-0.4286999999999999,-6.431277569186457,-0.4317000000000001,-6.983014976133821,-0.4347,-7.571534876877676,-0.4367,-7.988874710337861,-0.4387,-8.423191079396428,-0.4417000000000001,-9.103667214631512,-0.4437000000000001,-9.583254345285756,-0.4457000000000001,-10.079818011538388,-0.4757000000000001,-19.919135102099716,-0.4967,-29.80796708815632,-0.5147,-40.14950669016974,-0.5297,-50.26469248420475
exp1069,-1500mV,-0.0097,-0.5083057700415077,-0.0207000000000001,-1.022694798672435,-0.0357,-1.501008689156804,-0.0547000000000001,-1.9947429328097015,0.0102999999999999,2.4898918877624645,-0.0987000000000002,-2.997773244414013,-0.1727,-3.509898734965156,-0.3387000000000001,-4.003632978618054,-0.3447000000000001,-4.450681749375406,-0.3497,-5.051934051818047,-0.3527000000000001,-5.57820665536784,-0.3547000000000001,-6.028084848724921,-0.3567000000000001,-6.601042925170261,-0.3577,-6.913694122440434,-0.3597,-7.679052935667419,-0.3607000000000001,-8.13741939682369,-0.3617,-8.6226653726774,-0.3626999999999999,-9.141864419727868,-0.3637,-9.713407784873342,-0.3637,-9.713407784873342,-0.3746999999999999,-20.187930249074075,-0.3806999999999999,-29.19964122921435,-0.3877,-40.163653803168394,-0.3957,-49.571483947270885
exp1070,-1600mV,-0.3666999999999999,-0.4976954352925198,-0.3877,-1.0010497157844995,-0.3997,-1.4826174422585583,-0.4086999999999999,-1.9735222633117264,-0.4157,-2.461597661765164,-0.4217000000000001,-2.963820173217252,-0.4266999999999999,-3.450480860370824,-0.4317000000000001,-4.002218267318188,-0.4357000000000001,-4.5044407787702765,-0.4397000000000001,-5.057592897017507,-0.4427,-5.508885801674452,-0.4457000000000001,-5.998375911427756,-0.4487,-6.520404381077953,-0.4517000000000001,-7.080630055824508,-0.4537000000000001,-7.473919797186989,-0.4567,-8.10629574822666,-0.4587,-8.547685673784551,-0.4607,-9.008881557540551,-0.4627,-9.49129811079453,-0.4647,-9.994935333546485,-0.4936999999999999,-19.848399537106463,-0.5136999999999999,-29.72308441016442,-0.5307000000000001,-40.23438936816165,-0.5447000000000001,-50.22225114520881
exp1071,-1500mV,-0.0157,-0.5593768479666354,-0.0177,-0.9871855450458225,-0.0207000000000001,-1.54486473945262,-0.0067000000000001,1.9791811085111863,-0.0267000000000001,-2.485647753862869,-0.0307000000000001,-3.024652759111448,-0.0347000000000001,-3.492922199366775,-0.0397,-4.048903740213735,-0.0437,-4.46058472847446,-0.0497,-5.03637222751953,-0.0547000000000001,-5.507471090374587,-0.0597,-5.957349283731669,-0.0637,-6.468060062982947,-0.0697000000000001,-7.026871026429637,-0.0747000000000002,-7.483822776286043,-0.0807000000000002,-7.995948266837187,-0.0867000000000002,-8.543441539884956,-0.0917000000000001,-9.020199247939471,-0.0967000000000002,-9.475736286496016,-0.1017000000000001,-9.97654408664824,-0.3267000000000001,-20.08890045808352,-0.3597,-29.878702653149578,-0.3746999999999999,-39.76753463920618,-0.3826999999999999,-49.62807239926549
exp1072,-1600mV,-0.4097,-0.502505453712061,-0.4447,-0.9877514295657688,-0.4577000000000001,-1.498179266557074,-0.4647,-2.0004017780091616,-0.4697000000000001,-2.504039000761115,-0.4737000000000001,-2.990699687914687,-0.4777000000000001,-3.572146032159218,-0.4807,-4.0715391210115754,-0.4827,-4.4393640589764845,-0.4857000000000001,-5.050519340518181,-0.4876999999999999,-5.490494554776207,-0.4896999999999999,-5.981399375829374,-0.4916999999999999,-6.494939577680383,-0.4936999999999999,-7.048091695927613,-0.4956999999999999,-7.630952751472008,-0.4967,-7.945018660042045,-0.4987,-8.591541724080368,-0.4996999999999999,-8.949463682946222,-0.5016999999999999,-9.65116048767928,-0.5027,-10.031717827342977,-0.5227,-19.805958198110513,-0.5377,-30.00602667013743,-0.5497,-39.76753463920618,-0.5607000000000001,-49.58563106026953
exp1073,-1700mV,-0.4186999999999999,-0.4940171859128707,-0.4427,-1.010811223753569,-0.4567,-1.5179852247551844,-0.4667,-2.011719468408082,-0.4747,-2.51111255726044,-0.4817000000000001,-3.031726315610774,-0.4867,-3.4603838394698796,-0.4927,-4.040415472414544,-0.4967,-4.473317130173245,-0.5007,-4.9444159930283025,-0.5047,-5.4551267722795815,-0.5087,-6.011108313126541,-0.5116999999999999,-6.453912949984297,-0.5147,-6.9250118128393545,-0.5176999999999999,-7.424404901691712,-0.5207,-7.953506927841237,-0.5236999999999999,-8.51090317998806,-0.5267000000000001,-9.09234952423259,-0.5287000000000001,-9.501201089893586,-0.5307000000000001,-9.918540923353772,-0.5667000000000001,-20.17378313607542,-0.5907000000000001,-30.147497800123933,-0.6097,-40.03632978618054,-0.6257,-49.75539641625335
exp1074,-1600mV,-0.0267000000000001,-0.4965636662526278,-0.1317000000000001,-0.9999179467446078,-0.2916999999999999,-1.502423400456669,-0.3127000000000001,-2.001816489309027,-0.3257,-2.485647753862869,-0.3357,-3.0119203574126634,-0.3437,-3.5297046931632665,-0.3497,-3.986656443019674,-0.3557,-4.518587891768927,-0.3607000000000001,-5.026469248420476,-0.3646999999999999,-5.497568111275533,-0.3686999999999999,-6.005449467927082,-0.3726999999999999,-6.533136782776739,-0.3757,-6.983014976133821,-0.3786999999999999,-7.465431529387798,-0.3817,-7.959165773040696,-0.3846999999999999,-8.503829623488736,-0.3877,-9.076787699934076,-0.3897,-9.49695695599399,-0.3917,-9.895905542555932,-0.4266999999999999,-20.159636023076775,-0.4507,-30.17579202612123,-0.4707,-40.00803556018324,-0.4887,-49.72710219025603
exp1075,-1900mV,-0.6317,-0.501090742412196,-0.6587,-0.9934102747652288,-0.6737000000000001,-1.502423400456669,-0.6837000000000001,-1.9989870667092968,-0.6917000000000001,-2.5280890928588207,-0.6977000000000001,-3.021823336511718,-0.7027,-3.512728157564886,-0.7067,-3.962606350921967,-0.7107,-4.474731841473111,-0.7147,-5.059007608317371,-0.7177000000000001,-5.548497718070673,-0.7207,-6.088917434619118,-0.7227,-6.475133619482273,-0.7257000000000001,-7.107509570521944,-0.7277000000000001,-7.560217186478756,-0.7297000000000001,-8.046877873632328,-0.7317000000000001,-8.556173941583742,-0.7337000000000001,-9.105081925931376,-0.7347,-9.389438897204249,-0.7367,-9.989276488347024,-0.7596999999999999,-19.947429328097016,-0.7747,-30.317263156107735,-0.7857,-40.220242255162994,-0.7947000000000001,-49.75539641625335
exp1076,-1900mV,-0.6177,-0.5005248578922499,-0.6426999999999999,-1.0139235886132718,-0.6557000000000001,-1.505252823056399,-0.6647,-1.993328221509837,-0.6717000000000001,-2.4842330425630044,-0.6777000000000001,-3.002017378313608,-0.6827,-3.5212164253640763,-0.6867,-3.992315288219133,-0.6907,-4.529905582167847,-0.6937000000000001,-4.9840279094245235,-0.6967,-5.479176864377286,-0.6997000000000001,-6.021011292225596,-0.7017000000000001,-6.414301033588076,-0.7047,-7.045262273327882,-0.7067,-7.503628734484154,-0.7087,-7.993118844237457,-0.7107,-8.496756066989409,-0.7127,-9.0555670304361,-0.7147,-9.60871914868333,-0.7157000000000001,-9.908637944254718,-0.7396999999999999,-19.97572355409432,-0.7547,-29.708937297165768,-0.7667,-39.640210622218326,-0.7777,-50.30713382320071
exp1077,-1500mV,-0.0277,-0.4996760311123309,-0.0627000000000002,-0.9985032354447428,-0.1247,-1.501008689156804,-0.1946999999999999,-1.9989870667092968,-0.3157,-2.485647753862869,-0.3277,-3.0119203574126634,-0.3347000000000001,-3.504239889765696,-0.3407000000000001,-4.037586049814815,-0.3447000000000001,-4.447852326775675,-0.3497,-5.060422319617237,-0.3527000000000001,-5.480591575677152,-0.3557,-5.947446304632614,-0.3587000000000001,-6.448254104784837,-0.3617,-7.035359294228828,-0.3637,-7.439966725990228,-0.3657,-7.899747898446365,-0.3686999999999999,-8.614177104878209,-0.3697,-8.8815575405527,-0.3717,-9.44319792659912,-0.3737,-10.031717827342977,-0.3957,-19.77766397211321,-0.4106999999999999,-30.161644913122583,-0.4217000000000001,-39.89485865619403,-0.4317000000000001,-50.2505453712061
exp1078,-1500mV,-0.0057,0.4998175022423174,-0.0477,-1.004445022904176,-0.0737000000000001,-1.510911668255859,-0.1007000000000002,-2.004645911908757,-0.1237000000000001,-2.50828313466071,-0.1427,-2.996358533114148,-0.1587,-3.4900927767670455,-0.2907,-4.002218267318188,-0.2727,-4.4973672222709515,-0.2576999999999999,-5.002419156322769,-0.3507000000000001,-5.504641667774858,-0.3597,-6.015352447026135,-0.3686999999999999,-6.510501401978899,-0.3766999999999999,-7.016968047330582,-0.3817,-7.523434692682265,-0.3846999999999999,-8.003021823336512,-0.3866999999999999,-8.411873388997508,-0.3886999999999999,-8.973513775043926,-0.3906999999999999,-9.678040002376717,-0.3917,-10.08406214543798,-0.4046999999999999,-19.876693763103766,-0.4146999999999999,-29.991879557138777,-0.4246999999999999,-39.59776928322238,-0.4377000000000001,-50.2505453712061
exp1079,-1900mV,-0.5937,-0.5057592897017505,-0.6186999999999999,-0.9985032354447428,-0.6326999999999999,-1.505252823056399,-0.6426999999999999,-2.024451870106867,-0.6497,-2.49696544426179,-0.6557000000000001,-2.9878702653149576,-0.6607,-3.4717015298688,-0.6657000000000001,-4.027683070715759,-0.6697000000000001,-4.534149716067443,-0.6727,-4.955733683427223,-0.6767,-5.57537723276811,-0.6787,-5.909249099536258,-0.6817000000000001,-6.466645351683083,-0.6847,-7.063653520226129,-0.6867,-7.48806691018564,-0.6887,-7.92379799054407,-0.6907,-8.390652719499533,-0.6927,-8.897119364851218,-0.6947,-9.42056254580128,-0.6967,-9.966641107549185,-0.7227,-20.187930249074075,-0.7387,-30.09090934812933,-0.7516999999999999,-40.40415472414545,-0.7616999999999999,-49.93930888523579
exp1080,-1500mV,0.0002999999999999,0.4873680428035051,-0.0367000000000001,-0.9986447065747294,-0.0607000000000002,-1.498179266557074,-0.0827000000000002,-1.993328221509837,-0.1037000000000001,-2.506868423360845,-0.2516999999999999,-2.996358533114148,-0.2376999999999999,-3.507069312365426,-0.3766999999999999,-4.002218267318188,-0.2097000000000001,-4.507270201370006,-0.4006999999999999,-5.053348763117911,-0.4037,-5.565474253669055,-0.4057,-6.050720229522762,-0.4066999999999999,-6.374689117191855,-0.4077,-6.7693935698542,-0.4086999999999999,-7.237663010109527,-0.4097,-7.799303396155947,-0.4106999999999999,-8.45431472799346,-0.4117,-9.21542940732085,-0.4117,-9.21542940732085,-0.4126999999999999,-10.118015216634742,-0.4197000000000001,-20.42843117005113,-0.4246999999999999,-30.55776407708479,-0.4306999999999999,-40.4748902891387,-0.4387,-50.06663290222365
exp1081,-1800mV,-0.4077,-0.4890656963633432,-0.4166999999999999,-0.9557789541888188,-0.4217000000000001,-1.4840321535584236,-0.4257000000000001,-2.017378313607542,-0.4297000000000001,-2.550724473656661,-0.4337000000000001,-2.9836261314153627,-0.4377000000000001,-3.505654601065561,-0.4427,-4.01636538031684,-0.4457000000000001,-4.529905582167847,-0.4507,-4.940171859128707,-0.4547,-5.473518019177827,-0.4577000000000001,-5.947446304632614,-0.4657000000000001,-6.497769000280114,-0.4707,-6.975941419634496,-0.4747,-7.410257788693063,-0.4807,-8.034145471933543,-0.4847,-8.421776368096562,-0.4896999999999999,-8.929657724748111,-0.4967,-9.463003884797232,-0.5027,-10.279292304819355,-0.5687000000000001,-20.01816489309027,-0.6277,-29.80796708815632,-0.6627,-39.72509330021023,-0.6947,-50.39201650119261
exp1082,-1600mV,-0.3626999999999999,-0.4995345599823444,-0.3846999999999999,-1.0137821174832853,-0.3966999999999999,-1.4911057100577487,-0.4057,-1.9834252424107812,-0.4126999999999999,-2.4700859295643536,-0.4186999999999999,-2.972308441016442,-0.4237000000000001,-3.4632132620696097,-0.4286999999999999,-4.026268359415894,-0.4327,-4.531320293467712,-0.4357000000000001,-4.948660126927899,-0.4397000000000001,-5.555571274569999,-0.4427,-6.056379074722222,-0.4457000000000001,-6.589725234771341,-0.4477000000000001,-6.970282574435036,-0.4507,-7.580023144676867,-0.4527,-8.010095379835839,-0.4547,-8.458558861893053,-0.4567,-8.931072436047977,-0.4587,-9.416318411901685,-0.4607,-9.934102747652288,-0.4896999999999999,-20.13134179707947,-0.5087,-29.878702653149578,-0.5247,-39.95144710818864,-0.5387000000000001,-50.2788395972034
exp1083,-1700mV,-0.3757,-0.4930268880029652,-0.4006999999999999,-1.000483831264554,-0.4146999999999999,-1.501008689156804,-0.4246999999999999,-1.9919135102099716,-0.4327,-2.4814036199632743,-0.4397000000000001,-3.0260674704113137,-0.4447,-3.4603838394698796,-0.4497000000000001,-3.9809975978202137,-0.4547,-4.4775612640728415,-0.4587,-5.003833867622634,-0.4627,-5.549912429370539,-0.4667,-6.077599744220197,-0.4687,-6.453912949984297,-0.4717000000000001,-6.9646237292355755,-0.4757000000000001,-7.588511412476056,-0.4777000000000001,-7.9690687521397505,-0.4807,-8.544856251184823,-0.4827,-9.0555670304361,-0.4857000000000001,-9.59174261308495,-0.4876999999999999,-10.026058982143516,-0.5216999999999999,-20.07475334508487,-0.5467000000000001,-30.260674704113132,-0.5667000000000001,-39.696799074212926,-0.5827000000000001,-49.543189721273585
exp1084,-1400mV,-0.0327000000000001,-0.5029298671020205,-0.2427,-1.005576791944068,-0.2596999999999999,-1.506667534356264,-0.2676999999999999,-2.020207736207272,-0.2727,-2.515356691160035,-0.2767,-3.045873428609424,-0.2796999999999999,-3.5608283417602973,-0.2816999999999999,-3.9498739492231825,-0.2836999999999999,-4.406825699079589,-0.2856999999999999,-4.899145231432622,-0.2876999999999999,-5.467859173978367,-0.2896999999999999,-6.1186263719162834,-0.2907,-6.463815929083352,-0.2916999999999999,-6.831640867048262,-0.2936999999999999,-7.6408557305710625,-0.2947000000000001,-8.070927965730034,-0.2956999999999999,-8.517976736487388,-0.2967000000000001,-8.991905021942173,-0.2976999999999999,-9.492712822094395,-0.2987000000000001,-10.01332658044473,-0.3137,-20.07475334508487,-0.3247000000000001,-29.949438218142824,-0.3337,-39.61191639622103,-0.3417,-49.472454156280335
exp1085,-1400mV,-0.0437,-0.1112246023953891,-0.0427000000000001,0.909800836943205,-0.0447000000000001,-1.0978159686952689,-0.0417,1.965033995512536,-0.0457,-2.0668932091028185,-0.0467000000000001,-3.034555738210504,-0.0407000000000001,3.0656793868075347,-0.0477,-3.968265196121428,-0.0397,4.197448426699564,-0.0487000000000001,-4.868021582835592,-0.0387000000000001,5.322143910092268,-0.0497,-5.772022103449349,-0.0377,6.462401217783487,-0.0507000000000001,-6.657631377164862,-0.0517,-7.51919055878267,-0.0367000000000001,7.687541203466609,-0.0527000000000001,-8.348211380503582,-0.0357,8.962196084645006,-0.0537,-9.156011532726518,-0.0547000000000001,-9.969470530148914,-0.0697000000000001,-20.230371588070028,-0.0877000000000001,-29.864555540150924,-0.1107000000000002,-39.96559422118728,-0.1357000000000001,-49.86857332024254
exp1086,-1500mV,-0.0427000000000001,-0.4678450268653676,-0.0487000000000001,-1.0151968287831503,-0.0547000000000001,-1.4741291744593683,-0.0627000000000002,-2.017378313607542,-0.0707000000000002,-2.49979486686152,-0.0807000000000002,-2.9935291105144173,-0.0907000000000002,-3.4900927767670455,-0.1007000000000002,-3.9979741334185936,-0.1097000000000001,-4.4846348205721664,-0.1187,-5.015151558021555,-0.1267,-5.507471090374587,-0.2927,-5.998375911427756,-0.0067000000000001,6.483621887281464,-0.1467,-7.026871026429637,-0.3187000000000001,-7.479578642386449,-0.0027000000000001,8.03273076063368,-0.0017,8.469876552291973,-0.1667,-8.948048971646358,-0.1717000000000001,-9.521007048091697,-0.1757000000000002,-9.99069119964689,-0.3686999999999999,-19.890840876102416,-0.3926999999999999,-29.935291105144177,-0.4126999999999999,-40.06462401217784,-0.4306999999999999,-50.26469248420475
exp1087,-1900mV,-0.6346999999999999,-0.4986857332024254,-0.6577000000000001,-0.986195247135917,-0.6717000000000001,-1.502423400456669,-0.6817000000000001,-2.0187930249074073,-0.6887,-2.475744774763814,-0.6957000000000001,-3.0260674704113137,-0.7007,-3.4858486428674507,-0.7057000000000001,-4.0050476899179195,-0.7097000000000001,-4.469072996273651,-0.7137000000000001,-4.981198486824794,-0.7177000000000001,-5.542838872871213,-0.7207,-6.00262004532735,-0.7237000000000001,-6.489280732480923,-0.7267,-7.014138624730852,-0.7297000000000001,-7.571534876877676,-0.7317000000000001,-7.966239329540022,-0.7347,-8.584468167581042,-0.7367,-9.01878453663961,-0.7387,-9.475736286496016,-0.7407,-9.951079283250667,-0.7716999999999999,-20.07475334508487,-0.7917,-29.779672862159025,-0.8087000000000001,-40.17780091616704,-0.8227000000000001,-50.109074241219595
exp1088,-1800mV,-0.3917,-0.4986857332024254,-0.4447,-1.0057182630740549,-0.4687,-1.5151558021554543,-0.4837000000000001,-2.004645911908757,-0.4947,-2.4828183312631396,-0.5047,-3.0204086252118536,-0.5127,-3.532534115762996,-0.5187,-3.9809975978202137,-0.5247,-4.486049531872031,-0.5297,-4.964221951226414,-0.5347000000000001,-5.486250420876612,-0.5387000000000001,-5.937543325533559,-0.5437,-6.568504565273366,-0.5467000000000001,-6.974526708334631,-0.5507000000000001,-7.553143629979432,-0.5537,-8.008680668535973,-0.5567000000000001,-8.508073757388331,-0.5597,-9.035761072237989,-0.5617,-9.406415432802628,-0.5647000000000001,-9.992105910946751,-0.6027000000000001,-20.17378313607542,-0.6266999999999999,-29.85040842715227,-0.6466999999999999,-40.10706535117379,-0.6627,-50.109074241219595
exp1089,-1400mV,0.0102999999999999,0.4985442620724389,-0.2756999999999999,-1.008406214543798,-0.2847,-1.5264734925543744,-0.2896999999999999,-2.0159636023076772,-0.2936999999999999,-2.560627452755716,-0.2967000000000001,-3.08124121110605,-0.2987000000000001,-3.473116241168665,-0.3007000000000001,-3.918750300626152,-0.3027000000000001,-4.396922719980535,-0.3047000000000001,-4.923195323530328,-0.3067000000000001,-5.493323977375938,-0.3087000000000001,-6.100235125018038,-0.3097,-6.424204012687131,-0.3117,-7.110338993121674,-0.3127000000000001,-7.465431529387798,-0.3137,-7.834671178652573,-0.3157,-8.624080083977264,-0.3167000000000001,-9.042834628737316,-0.3177,-9.467248018696829,-0.3187000000000001,-9.902979099055257,-0.3357,-19.749369746115914,-0.3477,-29.609907506175215,-0.3577,-39.62606350921968,-0.3666999999999999,-49.925161772237146
exp1090,-1500mV,-0.0077,0.4911877633131407,-0.0147000000000001,-1.0570722832591557,-0.0177,-1.5604265637511354,-0.0207000000000001,-2.013134179707947,-0.0247000000000001,-2.506868423360845,-0.0287000000000001,-2.963820173217252,-0.0337,-3.4632132620696097,-0.0397,-4.01070653511738,-0.0457,-4.548296829066093,-0.0507000000000001,-4.9840279094245235,-0.0567000000000001,-5.477762153077422,-0.0627000000000002,-5.992717066228296,-0.0687000000000002,-6.487866021181058,-0.0747000000000002,-7.004235645631797,-0.0807000000000002,-7.540411228280647,-0.0857000000000001,-8.012924802435567,-0.0907000000000002,-8.48543837659049,-0.0957000000000001,-8.989075599342444,-0.1007000000000002,-9.478565709095744,-0.1057000000000001,-9.99917946744608,-0.3487000000000001,-19.93328221509837,-0.3786999999999999,-29.76552574916037,-0.3877,-39.51288660523048,-0.3946999999999999,-49.9958973372304
exp1091,-1500mV,0.0012999999999998,0.4890656963633432,-0.0317,-0.9917126212053906,-0.0527000000000001,-1.499593977856939,-0.0717000000000001,-2.008890045808352,-0.2887,-2.4983801555616547,-0.3177,-2.997773244414013,-0.3527000000000001,-3.504239889765696,-0.1926999999999999,-3.999388844718459,-0.1747,-4.5044407787702765,-0.3897,-5.01656626932142,-0.3917,-5.4622003287789065,-0.3937,-6.197850204708726,-0.3946999999999999,-6.678852046662837,-0.3957,-7.243321855308987,-0.3957,-7.243321855308987,-0.3966999999999999,-7.899747898446365,-0.3977,-8.65944786647389,-0.3977,-8.65944786647389,-0.3986999999999999,-9.546471851489269,-0.3986999999999999,-9.546471851489269,-0.4066999999999999,-20.824550334013335,,,-0.4157,-40.828568114104954,-0.4197000000000001,-49.98175022423175
exp1092,-1500mV,-0.0137,-0.5012322135421824,-0.0297,-0.9908637944254716,-0.0497,-1.4953498439573436,-0.0687000000000002,-2.007475334508487,-0.2327,-2.50262428946125,-0.3087000000000001,-2.996358533114148,-0.3367000000000001,-3.5014104671659654,-0.1926999999999999,-4.003632978618054,-0.1467,-4.507270201370006,-0.3886999999999999,-4.964221951226414,-0.3917,-5.58952434576676,-0.3926999999999999,-5.886613718738418,-0.3946999999999999,-6.711390406559734,-0.3946999999999999,-6.711390406559734,-0.3957,-7.302739729903319,-0.3966999999999999,-8.04121902843287,-0.3977,-8.925413590848516,-0.3977,-8.925413590848516,-0.3986999999999999,-9.958152839749992,-0.3986999999999999,-9.958152839749992,-0.4046999999999999,-19.027866983184744,-0.4097,-30.04846800913338,-0.4137,-39.71094618721158,-0.4177,-49.458307043281685
exp1093,-1400mV,-0.0337,-0.5073154721316021,-0.2476999999999999,-1.0074159166338927,-0.2627,-1.5038381117565338,-0.2696999999999999,-1.9947429328097015,-0.2747,-2.5379920719578757,-0.2776999999999999,-2.9694790184167124,-0.2807,-3.5141428688647514,-0.2827,-3.958362217022373,-0.2847,-4.473317130173245,-0.2867,-5.0491046292183155,-0.2876999999999999,-5.371658805587544,-0.2896999999999999,-6.084673300719523,-0.2907,-6.469474774282813,-0.2916999999999999,-6.889644030342729,-0.2927,-7.343766357599406,-0.2936999999999999,-7.819109354354057,-0.2947000000000001,-8.318502443206416,-0.2956999999999999,-8.83911620155675,-0.2967000000000001,-9.393683031103844,-0.2976999999999999,-9.9822029318477,-0.3117,-20.400136944053827,-0.3217,-30.00602667013743,-0.3307000000000001,-40.29097782015624,-0.3387000000000001,-50.3637222751953
exp1094,-1700mV,-0.4337000000000001,-0.5008078001522229,-0.4847,-0.9929858613752692,-0.5047,-1.4868615761581534,-0.5156999999999999,-1.9961576441095663,-0.5236999999999999,-2.5252596702590906,-0.5297,-3.0402145834099636,-0.5337,-3.4518955716706894,-0.5387000000000001,-4.060221430612655,-0.5417,-4.481805397972437,-0.5447000000000001,-4.947245415628033,-0.5477,-5.469273885278232,-0.5507000000000001,-6.042231961723571,-0.5527000000000001,-6.455327661284162,-0.5547000000000001,-6.898132298141919,-0.5577,-7.609732081974033,-0.5597,-8.12327228382504,-0.5607000000000001,-8.394896853399128,-0.5627000000000001,-8.962196084645006,-0.5647000000000001,-9.556374830588323,-0.5657,-9.86761131655863,-0.5897,-19.961576441095666,-0.6067000000000001,-30.24652759111449,-0.6197,-39.71094618721158,-0.6317,-49.557336834272235
exp1095,-1600mV,-0.0077,0.4945830704328167,-0.0527000000000001,-0.9944005726751344,-0.1067000000000002,-1.499593977856939,-0.1657000000000001,-2.0004017780091616,-0.2676999999999999,-2.50262428946125,-0.2867,-2.996358533114148,-0.2996999999999999,-3.5212164253640763,-0.3087000000000001,-3.996559422118728,-0.3167000000000001,-4.522832025668523,-0.3237,-5.034957516219666,-0.3287000000000001,-5.450882638379986,-0.3347000000000001,-6.018181869625866,-0.3397,-6.53596620537647,-0.3437,-6.967453151835306,-0.3487000000000001,-7.564461320378352,-0.3517,-7.946433371341912,-0.3557,-8.46846184099211,-0.3597,-9.028687515738664,-0.3626999999999999,-9.46583330739696,-0.3657,-9.942591015451477,-0.4146999999999999,-20.10304757108217,-0.4487,-29.977732444140123,-0.4767,-39.85241731719808,-0.5027,-49.9110146592385
exp1096,-1600mV,-0.3527000000000001,-0.4934513013929247,-0.3766999999999999,-0.9942591015451476,-0.3906999999999999,-1.4854468648582886,-0.4017,-2.0187930249074073,-0.4097,-2.515356691160035,-0.4166999999999999,-3.0359704495103688,-0.4217000000000001,-3.46887210726907,-0.4266999999999999,-3.951288660523048,-0.4317000000000001,-4.494537799671222,-0.4357000000000001,-4.975539641625334,-0.4397000000000001,-5.5018122451751275,-0.4427,-5.930469769034234,-0.4467,-6.537380916676335,-0.4497000000000001,-7.0297004490293675,-0.4527,-7.555973052579161,-0.4547,-7.922383279244204,-0.4577000000000001,-8.501000200889004,-0.4597000000000001,-8.907022343950272,-0.4627,-9.549301274088998,-0.4647,-9.99635004484635,-0.4967,-19.805958198110513,-0.5187,-29.96358533114148,-0.5357,-40.07877112517649,-0.5497,-49.9110146592385
exp1097,-1800mV,-0.4066999999999999,-0.4984027909424524,-0.4537000000000001,-1.0079818011538386,-0.4757000000000001,-1.506667534356264,-0.4907,-2.017378313607542,-0.5016999999999999,-2.518186113759765,-0.5096999999999999,-2.970893729716577,-0.5176999999999999,-3.5141428688647514,-0.5236999999999999,-3.9937299995189983,-0.5297,-4.539808561266903,-0.5347000000000001,-5.046275206618586,-0.5387000000000001,-5.487665132176478,-0.5427000000000001,-5.970081685430455,-0.5467000000000001,-6.490695443780789,-0.5507000000000001,-7.069312365425588,-0.5537,-7.5418259395805105,-0.5567000000000001,-8.024242492834487,-0.5597,-8.540612117285226,-0.5627000000000001,-9.08103183383367,-0.5647000000000001,-9.470077441296556,-0.5677,-10.060012053340277,-0.6027000000000001,-19.876693763103766,-0.6266999999999999,-29.793819975157668,-0.6457,-39.75338752620753,-0.6617000000000001,-49.79783775524929
exp1098,-1700mV,-0.3077,-0.5005248578922499,-0.3477,-1.0034547249942705,-0.3677,-1.4967645552572086,-0.3817,-1.9919135102099716,-0.3926999999999999,-2.504039000761115,-0.4017,-3.0204086252118536,-0.4086999999999999,-3.4915074880669104,-0.4157,-4.04183018371441,-0.4206999999999999,-4.491708377071491,-0.4257000000000001,-4.985442620724389,-0.4306999999999999,-5.537180027671754,-0.4347,-6.023840714825327,-0.4387,-6.55577216357458,-0.4417000000000001,-6.9915032439330105,-0.4447,-7.444210859889823,-0.4477000000000001,-7.940774526142452,-0.4507,-8.459973573192919,-0.4537000000000001,-9.011710980140284,-0.4557000000000001,-9.399341876303303,-0.4587,-10.02747369344338,-0.4927,-20.01816489309027,-0.5156999999999999,-30.09090934812933,-0.5347000000000001,-39.76753463920618,-0.5537,-50.12322135421825
exp1099,-1900mV,-0.5187,-0.4999589733723039,-0.5537,-0.9915711500754044,-0.5747000000000001,-1.5038381117565338,-0.5897,-2.014548891007812,-0.6007000000000001,-2.49413602166206,-0.6107000000000001,-3.0175792026121235,-0.6186999999999999,-3.505654601065561,-0.6257,-3.989485865619403,-0.6326999999999999,-4.534149716067443,-0.6377,-4.958563106026954,-0.6437,-5.521618203373238,-0.6486999999999999,-6.025255426125191,-0.6527,-6.466645351683083,-0.6577000000000001,-7.0565799637268025,-0.6607,-7.437137303390498,-0.6647,-7.9747275973392115,-0.6687,-8.540612117285226,-0.6717000000000001,-8.993319733242037,-0.6747,-9.468662729996687,-0.6777000000000001,-9.972299952748642,-0.7197000000000001,-20.01816489309027,-0.7456999999999999,-29.892849766148224,-0.7667,-40.23438936816165,-0.7837,-50.12322135421825
exp1100,-1500mV,0.0082999999999999,-0.5081642989115212,0.0002999999999999,-1.005293849684095,-0.0317,-1.499593977856939,-0.1877000000000002,-2.007475334508487,-0.2187,-2.4898918877624645,-0.2357000000000001,-3.003432089613473,-0.2467,-3.522631136663941,-0.2547,-4.01070653511738,-0.2616999999999999,-4.520002603068792,-0.2667,-4.965636662526279,-0.2716999999999999,-5.452297349679851,-0.2767,-6.009693601826676,-0.2807,-6.510501401978899,-0.2836999999999999,-6.941988348437734,-0.2876999999999999,-7.531922960481456,-0.2907,-8.007265957236108,-0.2936999999999999,-8.551929807684147,-0.2956999999999999,-8.907022343950272,-0.2987000000000001,-9.513933491592372,-0.3007000000000001,-9.910052655554582,-0.3347000000000001,-20.13134179707947,-0.3557,-29.878702653149578,-0.3726999999999999,-39.80997597820213,-0.3877,-49.98175022423175
exp1101,-1800mV,-0.4677000000000001,-0.5049104629218315,-0.4976999999999999,-1.004445022904176,-0.5136999999999999,-1.4854468648582886,-0.5257,-1.9904987989101068,-0.5347000000000001,-2.4814036199632743,-0.5427000000000001,-3.009090934812933,-0.5487000000000001,-3.4787750863681253,-0.5547000000000001,-4.014950669016974,-0.5597,-4.527076159568118,-0.5637,-4.9826131981246595,-0.5677,-5.473518019177827,-0.5717,-6.023840714825327,-0.5747000000000001,-6.462401217783487,-0.5777,-6.933500080638546,-0.5807000000000001,-7.437137303390498,-0.5837,-7.964824618240158,-0.5867000000000001,-8.536367983385631,-0.5887000000000001,-8.938145992547302,-0.5917,-9.55496011928846,-0.5937,-9.994935333546485,-0.6286999999999999,-20.07475334508487,-0.6527,-29.991879557138777,-0.6717000000000001,-39.72509330021023,-0.6887,-49.9110146592385
exp1102,-1800mV,-0.4827,-0.4998175022423174,-0.5156999999999999,-1.0048694362941355,-0.5327000000000001,-1.510911668255859,-0.5437,-1.9763516859114565,-0.5527000000000001,-2.4828183312631396,-0.5597,-2.9807967088156326,-0.5657,-3.4971663332663705,-0.5707000000000001,-3.996559422118728,-0.5747000000000001,-4.443608192876081,-0.5797,-5.060422319617237,-0.5827000000000001,-5.463615040078771,-0.5867000000000001,-6.037987827823977,-0.5897,-6.499183711579978,-0.5927000000000001,-6.992917955232877,-0.5957,-7.51919055878267,-0.5987000000000001,-8.07800152222936,-0.6007000000000001,-8.467047129692245,-0.6037,-9.085275967733264,-0.6057,-9.522421759391564,-0.6077,-9.972299952748642,-0.6397,-20.01816489309027,-0.6607,-29.80796708815632,-0.6787,-40.10706535117379,-0.6937000000000001,-50.0807800152223
exp1103,-1400mV,0.0112999999999998,-0.6451083527384567,0.0092999999999998,-1.0475937175500596,0.0022999999999999,-1.499593977856939,-0.0337,-2.001816489309027,-0.1417000000000001,-2.49979486686152,-0.1687,-3.002017378313608,-0.1837000000000002,-3.5014104671659654,-0.1946999999999999,-3.995144710818863,-0.2027,-4.493123088371357,-0.2097000000000001,-5.01090742412196,-0.2147,-5.486250420876612,-0.2197000000000001,-5.9884729323287,-0.2237000000000001,-6.460986506483622,-0.2277000000000001,-6.960379595335981,-0.2317000000000001,-7.514946424883075,-0.2347,-8.011510091135703,-0.2376999999999999,-8.515147313887656,-0.2407,-9.04141991743745,-0.2427,-9.44602734919885,-0.2456999999999999,-10.031717827342977,-0.2776999999999999,-19.848399537106463,-0.2987000000000001,-30.147497800123933,-0.3147000000000001,-40.24853648116029,-0.3277,-50.12322135421825
exp1104,-1600mV,-0.2396999999999999,-0.503637222751953,-0.2776999999999999,-0.9880343718257416,-0.2987000000000001,-1.4953498439573436,-0.3137,-2.001816489309027,-0.3247000000000001,-2.478574197363544,-0.3347000000000001,-2.9935291105144173,-0.3427000000000001,-3.4674573959692045,-0.3507000000000001,-4.019194802916569,-0.3567000000000001,-4.469072996273651,-0.3626999999999999,-4.965636662526279,-0.3686999999999999,-5.513129935574048,-0.3737,-5.9997906227276205,-0.3786999999999999,-6.518989669778089,-0.3826999999999999,-6.9575501727362505,-0.3877,-7.534752383081187,-0.3917,-8.028486626734082,-0.3957,-8.55334451898401,-0.3986999999999999,-8.952293105545952,-0.4026999999999999,-9.506859935093043,-0.4057,-9.956738128450128,-0.4557000000000001,-20.07475334508487,-0.4857000000000001,-30.04846800913338,-0.5067,-39.85241731719808,-0.5236999999999999,-50.06663290222365
exp1105,-1400mV,0.0052999999999998,-0.5118425482911703,-0.0187000000000001,-0.9915711500754044,-0.1597000000000001,-1.502423400456669,-0.2007,-1.993328221509837,-0.2207,-2.5266743815589554,-0.2317000000000001,-2.989284976614823,-0.2407,-3.475945663768395,-0.2487,-4.006462401217783,-0.2547,-4.539808561266903,-0.2596999999999999,-5.047689917918451,-0.2636999999999999,-5.521618203373238,-0.2667,-5.964422840230995,-0.2707,-6.526063226277413,-0.2736999999999999,-6.995747377832608,-0.2767,-7.580023144676867,-0.2787,-7.925212701843934,-0.2816999999999999,-8.614177104878209,-0.2836999999999999,-9.020199247939471,-0.2856999999999999,-9.533739449790485,-0.2876999999999999,-10.062841475940006,-0.3127000000000001,-20.00401778009162,-0.3287000000000001,-30.03432089613473,-0.3407000000000001,-40.12121246417244,-0.3507000000000001,-50.46275206618586
exp1106,-1400mV,-0.0147000000000001,-0.5015151558021554,-0.1127,-0.9990691199646888,-0.1477000000000001,-1.4967645552572086,-0.1647,-2.014548891007812,-0.1757000000000002,-2.49979486686152,-0.1847000000000001,-2.9807967088156326,-0.1917000000000001,-3.4773603750682605,-0.1987,-4.017780091616704,-0.2037000000000001,-4.4846348205721664,-0.2087,-5.001004445022905,-0.2127,-5.477762153077422,-0.2167,-6.01393773572627,-0.2207,-6.579822255672285,-0.2237000000000001,-6.988673821333281,-0.2267,-7.500799311884425,-0.2297000000000001,-7.994533555537323,-0.2327,-8.52505029298671,-0.2347,-8.909851766550002,-0.2376999999999999,-9.492712822094395,-0.2396999999999999,-9.925614479853095,-0.2747,-20.187930249074075,-0.2967000000000001,-30.03432089613473,-0.3137,-39.71094618721158,-0.3287000000000001,-49.8261319812466
exp1107,-1600mV,-0.2317000000000001,-0.5002419156322769,-0.2716999999999999,-0.9958152839749992,-0.2936999999999999,-1.501008689156804,-0.3087000000000001,-1.9919135102099716,-0.3207000000000001,-2.4983801555616547,-0.3307000000000001,-2.999187955713878,-0.3397,-3.5183870027643462,-0.3467000000000001,-3.973924041320888,-0.3537,-4.470487707573516,-0.3607000000000001,-5.027883959720341,-0.3666999999999999,-5.532935893772159,-0.3717,-5.98281408712924,-0.3777,-6.54445447317566,-0.3817,-6.953306038836654,-0.3866999999999999,-7.478163931086583,-0.3917,-8.03273076063368,-0.3957,-8.49392664438968,-0.3997,-8.965025507244738,-0.4037,-9.45451561699804,-0.4077,-9.963811684949455,-0.4657000000000001,-19.93328221509837,-0.5016999999999999,-30.04846800913338,-0.5257,-39.89485865619403,-0.5447000000000001,-50.30713382320071
exp1108,-1400mV,0.0122999999999999,-0.7101850725322485,0.0112999999999998,-1.191469856746334,0.0092999999999998,-1.540620605553025,0.0012999999999998,-1.9607898616129409,-0.0327000000000001,-2.49696544426179,-0.0987000000000002,-2.994943821814283,-0.1317000000000001,-3.4943369106666404,-0.1477000000000001,-3.958362217022373,-0.1587,-4.487464243171897,-0.1677000000000001,-4.967051373826144,-0.1737000000000002,-5.4296619688820105,-0.1807,-6.033743693924381,-0.1847000000000001,-6.4850365985813285,-0.1897000000000002,-7.046676984627748,-0.1937000000000001,-7.568705454277946,-0.1966999999999999,-7.967654040839887,-0.1997000000000001,-8.46846184099211,-0.2027,-8.880142829252835,-0.2057000000000001,-9.506859935093043,-0.2077000000000001,-9.905808521654986,-0.2396999999999999,-19.820105311109163,-0.2587,-30.17579202612123,-0.2716999999999999,-39.78168175220483,-0.2827,-49.95345599823444
exp1109,-1400mV,0.0122999999999999,-0.4636008929657725,0.0132999999999998,0.9532324738490616,-0.0037,-1.4925204213576138,-0.0837000000000001,-2.0004017780091616,-0.1487,-2.49413602166206,-0.1707,-3.0161644913122583,-0.1847000000000001,-3.492922199366775,-0.1946999999999999,-3.989485865619403,-0.2027,-4.467658284973785,-0.2087,-4.943001281728439,-0.2147,-5.524447625972968,-0.2197000000000001,-6.036573116524112,-0.2237000000000001,-6.455327661284162,-0.2277000000000001,-6.958964884036115,-0.2317000000000001,-7.551728918679565,-0.2347,-8.024242492834487,-0.2376999999999999,-8.472705974891705,-0.2407,-9.068299432134886,-0.2436999999999999,-9.598816169584271,-0.2456999999999999,-10.04727965164149,-0.2796999999999999,-20.159636023076775,-0.2996999999999999,-29.977732444140123,-0.3147000000000001,-39.66850484821563,-0.3277,-49.78369064225064
exp1110,-1800mV,-0.4407,-0.4982613198124658,-0.5216999999999999,-1.0014741291744595,-0.5547000000000001,-1.498179266557074,-0.5737,-2.007475334508487,-0.5857,-2.4828183312631396,-0.5957,-3.000602667013743,-0.6027000000000001,-3.5113134462650213,-0.6097,-4.01636538031684,-0.6137,-4.459170017174596,-0.6206999999999999,-5.032128093619936,-0.6246999999999999,-5.510300512974317,-0.6297,-5.948861015932479,-0.6326999999999999,-6.473718908182407,-0.6366999999999999,-7.011309202131122,-0.6386999999999999,-7.447040282489553,-0.6417,-7.95775106174083,-0.6446999999999999,-8.461388284492784,-0.6477,-9.08103183383367,-0.6497,-9.506859935093043,-0.6517000000000001,-9.989276488347024,-0.6817000000000001,-20.03231200608892,-0.6997000000000001,-29.75137863616172,-0.7137000000000001,-39.80997597820213,-0.7257000000000001,-50.32128093619935
exp1111,-1700mV,-0.3367000000000001,-0.4961392528626683,-0.3837,-1.008689156803771,-0.4017,-1.4896909987578837,-0.4137,-1.9834252424107812,-0.4226999999999999,-2.4799889086634095,-0.4306999999999999,-3.028896893011044,-0.4367,-3.5268752705635364,-0.4417000000000001,-4.0050476899179195,-0.4467,-4.5497115403659585,-0.4507,-5.040616361419126,-0.4537000000000001,-5.448053215780256,-0.4577000000000001,-6.039402539123842,-0.4607,-6.5246485149775495,-0.4637000000000001,-7.057994675026669,-0.4657000000000001,-7.431478458191038,-0.4687,-8.0440484510326,-0.4707,-8.475535397491434,-0.4727,-8.936731281247436,-0.4747,-9.417733123201549,-0.4767,-9.924199768553231,-0.5047,-20.24451870106867,-0.5216999999999999,-29.708937297165768,-0.5367000000000001,-40.07877112517649,-0.5487000000000001,-49.642219512264134
exp1112,-1900mV,-0.5277,-0.4996760311123309,-0.5717,-0.9983617643147564,-0.5927000000000001,-1.5151558021554543,-0.6057,-2.017378313607542,-0.6137,-2.5691157205549064,-0.6206999999999999,-3.013335068712528,-0.6286999999999999,-3.45472499427042,-0.6366999999999999,-3.951288660523048,-0.6426999999999999,-4.510099623969737,-0.6466999999999999,-5.068910587416426,-0.6517000000000001,-5.419758989782956,-0.6567,-5.96583755153086,-0.6597000000000001,-6.421374590087401,-0.6627,-6.9320853693386795,-0.6677000000000001,-7.588511412476056,-0.6707,-7.905406743645826,-0.6737000000000001,-8.520806159087115,-0.6767,-9.09517894683232,-0.6807,-9.433294947500064,-0.6827,-9.874684873057957,-0.7247,-19.97572355409432,-0.7536999999999999,-30.161644913122583,-0.7747,-39.85241731719808,-0.7917,-50.20810403221015
exp1113,-1500mV,-0.0037,0.5088716545614537,-0.0027000000000001,0.9436124370099792,-0.0097,-1.5264734925543744,-0.0117,-2.040013694405383,-0.0137,-2.512527268560305,0.0012999999999998,3.004846800913338,-0.0187000000000001,-3.4985810445662353,-0.0217,-3.9767534639206183,-0.0257,-4.5497115403659585,-0.0287000000000001,-4.954318972127359,-0.0327000000000001,-5.448053215780256,-0.0387000000000001,-6.056379074722222,-0.0427000000000001,-6.4850365985813285,-0.0477,-6.9575501727362505,-0.0537,-7.489481621485504,-0.0597,-8.010095379835839,-0.0657,-8.532123849486036,-0.0717000000000001,-9.004637423640958,-0.0777000000000001,-9.489883399494666,-0.2707,-10.00200889004581,-0.3607000000000001,-19.961576441095666,-0.3797,-29.80796708815632,-0.3886999999999999,-40.43244895014274,-0.3937,-49.27439457429922
exp1114,-2000mV,-0.5617,-0.4969880796425873,-0.6117,-0.9980788220547832,-0.6417,-1.510911668255859,-0.6617000000000001,-1.9890840876102416,-0.6787,-2.485647753862869,-0.6907,-2.972308441016442,-0.7027,-3.4773603750682605,-0.7127,-3.9809975978202137,-0.7217000000000001,-4.473317130173245,-0.7297000000000001,-5.01939569192115,-0.7367,-5.504641667774858,-0.7427,-5.964422840230995,-0.7476999999999999,-6.483621887281464,-0.7536999999999999,-6.984429687433686,-0.7587,-7.49089633278537,-0.7636999999999999,-8.007265957236108,-0.7676999999999999,-8.51373260258779,-0.7707,-8.952293105545952,-0.7757,-9.53656887239021,-0.7797,-10.058597342040413,-0.8267000000000001,-20.14548891007812,-0.8527000000000001,-29.991879557138777,-0.8697,-39.73924041320888,-0.8826999999999999,-50.179809806212845
exp1115,-1700mV,-0.2367,-0.4984027909424524,-0.3207000000000001,-0.9970885241448778,-0.3507000000000001,-1.4953498439573436,-0.3706999999999999,-1.9862546650105113,-0.3866999999999999,-2.4983801555616547,-0.3997,-2.996358533114148,-0.4106999999999999,-3.492922199366775,-0.4206999999999999,-4.007877112517649,-0.4297000000000001,-4.528490870867983,-0.4367,-4.992516177223715,-0.4437000000000001,-5.483420998276882,-0.4507,-6.040817250423707,-0.4557000000000001,-6.475133619482273,-0.4617000000000001,-7.041018139428288,-0.4667,-7.550314207379701,-0.4707,-7.978971731238807,-0.4747,-8.438752903694944,-0.4797000000000001,-9.05839645303583,-0.4827,-9.45451561699804,-0.4867,-10.023229559543786,-0.5347000000000001,-19.904987989101063,-0.5637,-30.161644913122583,-0.5827000000000001,-39.90900576919269,-0.5977,-50.1656626932142
exp1116,-1900mV,-0.5657,-0.4992516177223714,-0.6197,-0.999352062224662,-0.6477,-1.4953498439573436,-0.6647,-2.007475334508487,-0.6767,-2.5252596702590906,-0.6857000000000001,-3.0232380478115832,-0.6927,-3.492922199366775,-0.6987,-3.961191639622102,-0.7047,-4.500196644870682,-0.7097000000000001,-5.012322135421825,-0.7137000000000001,-5.463615040078771,-0.7177000000000001,-5.9601787063314,-0.7217000000000001,-6.499183711579978,-0.7247,-6.941988348437734,-0.7287,-7.5743642994774065,-0.7307,-7.911065588845285,-0.7337000000000001,-8.448655882793998,-0.7367,-9.020199247939471,-0.7387,-9.42056254580128,-0.7416999999999999,-10.05576791944068,-0.7747,-20.187930249074075,-0.7947000000000001,-29.793819975157668,-0.8117,-40.31927204615355,-0.8247000000000001,-49.86857332024254
exp1117,-1400mV,0.0042999999999999,-0.5214625851302525,-0.0137,-0.9994935333546484,-0.0707000000000002,-1.499593977856939,-0.1487,-1.9975723554094316,-0.1717000000000001,-2.5139419798601703,-0.1847000000000001,-2.9850408427152275,-0.1946999999999999,-3.502825178465831,-0.2017000000000001,-3.9809975978202137,-0.2087,-4.532735004767577,-0.2137000000000001,-4.995345599823445,-0.2187,-5.535765316371888,-0.2227,-6.026670137425056,-0.2267,-6.538795627976199,-0.2297000000000001,-6.983014976133821,-0.2327,-7.428649035591308,-0.2357000000000001,-7.929456835743531,-0.2387,-8.450070594093864,-0.2416999999999999,-9.031516938338395,-0.2436999999999999,-9.416318411901685,-0.2467,-10.05010907424122,-0.2796999999999999,-20.03231200608892,-0.3007000000000001,-30.00602667013743,-0.3167000000000001,-39.83827020419943,-0.3307000000000001,-50.1373684672169
exp1118,-1700mV,-0.2476999999999999,-0.502505453712061,-0.2816999999999999,-0.9934102747652288,-0.3016999999999999,-1.5165705134553191,-0.3147000000000001,-1.9834252424107812,-0.3257,-2.5012095781613843,-0.3347000000000001,-3.010505646112798,-0.3417,-3.4816045089678553,-0.3487000000000001,-4.000803556018323,-0.3547000000000001,-4.486049531872031,-0.3607000000000001,-5.032128093619936,-0.3657,-5.523032914673103,-0.3706999999999999,-6.049305518222896,-0.3746999999999999,-6.494939577680383,-0.3786999999999999,-6.967453151835306,-0.3826999999999999,-7.458357972888473,-0.3866999999999999,-7.95775106174083,-0.3906999999999999,-8.47129126359184,-0.3946999999999999,-9.013125691440148,-0.3977,-9.44319792659912,-0.4017,-10.007667735245269,-0.4607,-20.07475334508487,-0.5036999999999999,-29.991879557138777,-0.5357,-39.95144710818864,-0.5597,-49.86857332024254
exp1119,-1900mV,-0.4787,-0.5008078001522229,-0.5236999999999999,-0.9904393810355122,-0.5477,-1.505252823056399,-0.5637,-2.0004017780091616,-0.5757,-2.515356691160035,-0.5847000000000001,-2.968064307116847,-0.5937,-3.5141428688647514,-0.6007000000000001,-4.023438936816164,-0.6067000000000001,-4.495952510971087,-0.6126999999999999,-5.006663290222365,-0.6177,-5.483420998276882,-0.6226999999999999,-5.9997906227276205,-0.6266999999999999,-6.462401217783487,-0.6306999999999999,-6.944817771037465,-0.6346999999999999,-7.451284416389148,-0.6386999999999999,-8.010095379835839,-0.6417,-8.47129126359184,-0.6446999999999999,-8.928243013448247,-0.6477,-9.427636102300603,-0.6507,-9.9539087058504,-0.6927,-19.890840876102416,-0.7197000000000001,-30.21823336511718,-0.7396999999999999,-40.24853648116029,-0.7556999999999999,-49.86857332024254
exp1120,-1800mV,-0.5807000000000001,-0.4944415993028303,-0.6067000000000001,-0.9983617643147564,-0.6206999999999999,-1.4896909987578837,-0.6306999999999999,-2.0329401379060577,-0.6377,-2.5210155363594953,-0.6426999999999999,-2.972308441016442,-0.6477,-3.4886780654671803,-0.6517000000000001,-3.9484592379233177,-0.6557000000000001,-4.481805397972437,-0.6587,-4.975539641625334,-0.6617000000000001,-5.4551267722795815,-0.6647,-6.009693601826676,-0.6667,-6.418545167487672,-0.6697000000000001,-7.072141788025317,-0.6717000000000001,-7.589926123775921,-0.6737000000000001,-8.08648979002855,-0.6757000000000001,-8.618421238777803,-0.6767,-8.905607632650405,-0.6787,-9.488468688194802,-0.6807,-10.069915032439331,-0.7037000000000001,-20.21622447507137,-0.7187,-30.18993913911989,-0.7307,-40.05047689917919,-0.7407,-49.62807239926549
exp1121,-1600mV,-0.2996999999999999,-0.4913292344431272,-0.3267000000000001,-0.9972299952748644,-0.3397,-1.4684703292599082,-0.3497,-2.007475334508487,-0.3567000000000001,-2.50545371206098,-0.3637,-3.0147497800123935,-0.3686999999999999,-3.4589691281700143,-0.3737,-3.947044526623453,-0.3786999999999999,-4.487464243171897,-0.3826999999999999,-4.978369064225063,-0.3866999999999999,-5.498982822575398,-0.3906999999999999,-6.033743693924381,-0.3937,-6.444009970885243,-0.3966999999999999,-6.93774421453814,-0.4006999999999999,-7.577193722077136,-0.4037,-8.076586810929495,-0.4057,-8.455729439293325,-0.4086999999999999,-9.000393289741364,-0.4106999999999999,-9.412074278002088,-0.4137,-10.007667735245269,-0.4497000000000001,-20.117194684080825,-0.4737000000000001,-29.991879557138777,-0.4927,-39.96559422118728,-0.5087,-49.84027909424525
exp1122,-1800mV,-0.4046999999999999,-0.5002419156322769,-0.4407,-1.0096794547136767,-0.4587,-1.4953498439573436,-0.4707,-2.011719468408082,-0.4797000000000001,-2.5012095781613843,-0.4867,-2.976552574916037,-0.4936999999999999,-3.4957516219665052,-0.4996999999999999,-4.009291823817514,-0.5047,-4.457755305874731,-0.5107,-5.039201650119261,-0.5147,-5.482006286977017,-0.5196999999999999,-6.039402539123842,-0.5236999999999999,-6.54162505057593,-0.5277,-7.048091695927613,-0.5307000000000001,-7.441381437290093,-0.5347000000000001,-7.997362978137053,-0.5377,-8.469876552291973,-0.5407000000000001,-8.918340034349193,-0.5447000000000001,-9.546471851489269,-0.5477,-10.062841475940006,-0.5907000000000001,-19.848399537106463,-0.6197,-29.878702653149578,-0.6417,-39.95144710818864,-0.6597000000000001,-50.06663290222365
exp1123,-1700mV,-0.3257,-0.4996760311123309,-0.3637,-1.0062841475940008,-0.3837,-1.498179266557074,-0.3977,-1.9834252424107812,-0.4086999999999999,-2.50262428946125,-0.4177,-3.006261512213203,-0.4246999999999999,-3.4787750863681253,-0.4317000000000001,-4.003632978618054,-0.4377000000000001,-4.538393849967037,-0.4427,-5.02505453712061,-0.4467,-5.439564947981066,-0.4517000000000001,-6.01393773572627,-0.4557000000000001,-6.516160247178359,-0.4587,-6.936329503238276,-0.4627,-7.506458157083885,-0.4657000000000001,-7.976142308639078,-0.4687,-8.51090317998806,-0.4717000000000001,-9.01878453663961,-0.4747,-9.58891319048522,-0.4767,-9.966641107549185,-0.5147,-20.117194684080825,-0.5407000000000001,-30.04846800913338,-0.5617,-39.83827020419943,-0.5817,-50.179809806212845
exp1124,-1500mV,0.0062999999999999,-0.4930268880029652,-0.0037,-0.9827999400162408,-0.0407000000000001,-1.501008689156804,-0.2187,-2.0004017780091616,-0.2456999999999999,-2.5280890928588207,-0.2607,-2.999187955713878,-0.2727,-3.4971663332663705,-0.2807,-4.019194802916569,-0.2876999999999999,-4.480390686672571,-0.2936999999999999,-4.972710219025604,-0.2987000000000001,-5.449467927080121,-0.3036999999999999,-6.011108313126541,-0.3077,-6.499183711579978,-0.3107000000000001,-6.963209017935711,-0.3147000000000001,-7.48806691018564,-0.3177,-7.964824618240158,-0.3207000000000001,-8.47977953139103,-0.3237,-8.965025507244738,-0.3267000000000001,-9.58042492268603,-0.3287000000000001,-9.907223232954852,-0.3646999999999999,-20.07475334508487,-0.3877,-30.02017378313608,-0.4057,-39.76753463920618,-0.4217000000000001,-49.95345599823444
exp1125,-1500mV,0.0082999999999999,-0.5738069032252588,0.0032999999999998,-1.008972099063744,-0.0087000000000001,-1.501008689156804,-0.0327000000000001,-1.9975723554094316,-0.1457000000000001,-2.49696544426179,-0.2037000000000001,-2.9935291105144173,-0.2297000000000001,-3.4943369106666404,-0.2416999999999999,-4.0644655645122505,-0.2516999999999999,-4.578005766363259,-0.2576999999999999,-5.0052485789225,-0.2656999999999999,-5.532935893772159,-0.2707,-6.016767158326001,-0.2756999999999999,-6.534551494076605,-0.2796999999999999,-6.995747377832608,-0.2827,-7.563046609078486,-0.2867,-8.116198727325715,-0.2896999999999999,-8.486853087890356,-0.2916999999999999,-8.936731281247436,-0.2956999999999999,-9.610133859983192,-0.2967000000000001,-9.900149676455523,-0.3307000000000001,-20.202077362072725,-0.3497,-29.73723152316307,-0.3657,-40.10706535117379,-0.3786999999999999,-50.179809806212845
exp1126,-1700mV,-0.3457,-0.5003833867622635,-0.4177,-1.008689156803771,-0.4387,-1.4967645552572086,-0.4527,-1.9735222633117264,-0.4637000000000001,-2.509697845960575,-0.4717000000000001,-2.972308441016442,-0.4787,-3.4858486428674507,-0.4847,-3.986656443019674,-0.4896999999999999,-4.463414151074191,-0.4947,-5.002419156322769,-0.4987,-5.477762153077422,-0.5027,-6.005449467927082,-0.5056999999999999,-6.444009970885243,-0.5087,-6.929255946738949,-0.5116999999999999,-7.431478458191038,-0.5147,-8.015754225035298,-0.5167,-8.400555698598588,-0.5196999999999999,-9.06971414343475,-0.5216999999999999,-9.516762914192102,-0.5236999999999999,-10.02747369344338,-0.5507000000000001,-20.187930249074075,-0.5667000000000001,-29.73723152316307,-0.5807000000000001,-40.30512493315489,-0.5917,-50.024191563227696
exp1127,-1600mV,-0.0177,-0.4999589733723039,-0.2656999999999999,-1.008406214543798,-0.3036999999999999,-1.506667534356264,-0.3197,-2.0187930249074073,-0.3307000000000001,-2.5238449589592253,-0.3387000000000001,-2.973723152316307,-0.3447000000000001,-3.4589691281700143,-0.3507000000000001,-3.995144710818863,-0.3557,-4.501611356170546,-0.3597,-4.955733683427223,-0.3637,-5.419758989782956,-0.3677,-5.947446304632614,-0.3706999999999999,-6.444009970885243,-0.3746999999999999,-7.080630055824508,-0.3777,-7.53899651698078,-0.3797,-7.949262793941642,-0.3826999999999999,-8.464217707092514,-0.3846999999999999,-8.911266477849864,-0.3877,-9.48563926559507,-0.3897,-9.973714664048508,-0.4226999999999999,-19.98987066709297,-0.4437000000000001,-29.921143992145527,-0.4597000000000001,-39.88071154319538,-0.4737000000000001,-50.2788395972034
exp1128,-1800mV,-0.3577,-0.5027883959720341,-0.4117,-1.004445022904176,-0.4387,-1.5080822456561291,-0.4557000000000001,-2.004645911908757,-0.4677000000000001,-2.5224302476593605,-0.4767,-3.0119203574126634,-0.4847,-3.515557580164616,-0.4916999999999999,-3.975338752620753,-0.4987,-4.5171731804690625,-0.5047,-5.026469248420476,-0.5096999999999999,-5.459370906179177,-0.5147,-5.981399375829374,-0.5196999999999999,-6.492110155080653,-0.5247,-7.0565799637268025,-0.5287000000000001,-7.544655362180241,-0.5327000000000001,-8.034145471933543,-0.5367000000000001,-8.52505029298671,-0.5397,-8.960781373345142,-0.5437,-9.540813006289808,-0.5467000000000001,-10.007667735245269,-0.5927000000000001,-19.890840876102416,-0.6246999999999999,-30.09090934812933,-0.6497,-40.06462401217784,-0.6707,-50.1939569192115
exp1129,-1900mV,-0.4907,-0.4981198486824793,-0.5267000000000001,-1.0082647434138117,-0.5437,-1.4896909987578837,-0.5567000000000001,-2.0004017780091616,-0.5667000000000001,-2.4814036199632743,-0.5767000000000001,-3.028896893011044,-0.5847000000000001,-3.5014104671659654,-0.5927000000000001,-3.979582886520348,-0.6007000000000001,-4.486049531872031,-0.6077,-5.01373684672169,-0.6146999999999999,-5.523032914673103,-0.6206999999999999,-6.025255426125191,-0.6266999999999999,-6.510501401978899,-0.6317,-6.995747377832608,-0.6366999999999999,-7.544655362180241,-0.6417,-8.004436534636376,-0.6446999999999999,-8.435923481095214,-0.6507,-9.01595511403988,-0.6537000000000001,-9.47998042039561,-0.6577000000000001,-9.925614479853095,-0.7137000000000001,-19.890840876102416,-0.7487,-29.96358533114148,-0.7747,-39.95144710818864,-0.7967000000000001,-50.20810403221015
exp1130,-1500mV,-0.2416999999999999,-0.501090742412196,-0.2876999999999999,-1.0051523785541088,-0.3087000000000001,-1.5137410908555893,-0.3207000000000001,-2.0060606232086218,-0.3297,-2.49696544426179,-0.3367000000000001,-3.0571911190083445,-0.3417,-3.4872633541673155,-0.3467000000000001,-3.982412309120079,-0.3517,-4.559614519465013,-0.3557,-5.039201650119261,-0.3587000000000001,-5.482006286977017,-0.3617,-5.98281408712924,-0.3646999999999999,-6.431277569186457,-0.3677,-7.049506407227478,-0.3706999999999999,-7.602658525474708,-0.3726999999999999,-8.076586810929495,-0.3746999999999999,-8.457144150593189,-0.3766999999999999,-8.982002042843117,-0.3786999999999999,-9.451686194398311,-0.3806999999999999,-9.956738128450128,-0.4077,-19.820105311109163,-0.4257000000000001,-29.73723152316307,-0.4407,-40.33341915915219,-0.4517000000000001,-49.642219512264134
exp1131,-2000mV,-0.6306999999999999,-0.501656626932142,-0.6687,-1.0057182630740549,-0.6897000000000001,-1.5151558021554543,-0.7037000000000001,-2.0060606232086218,-0.7147,-2.5139419798601703,-0.7237000000000001,-3.0119203574126634,-0.7307,-3.4886780654671803,-0.7376999999999999,-4.007877112517649,-0.7427,-4.466243573673921,-0.7487,-5.050519340518181,-0.7527,-5.449467927080121,-0.7567,-5.963008128931129,-0.7607,-6.442595259585377,-0.7647,-6.960379595335981,-0.7687,-7.571534876877676,-0.7716999999999999,-8.076586810929495,-0.7747,-8.50241491218887,-0.7777,-9.06971414343475,-0.7797,-9.453100905698175,-0.7827000000000001,-10.02747369344338,-0.8197,-20.117194684080825,-0.8427000000000001,-29.864555540150924,-0.8607000000000001,-39.82412309120078,-0.8757,-49.8261319812466
exp1132,-1900mV,-0.5187,-0.504768991791845,-0.5427000000000001,-0.9946835149351072,-0.5577,-1.5137410908555893,-0.5687000000000001,-1.9862546650105113,-0.5787000000000001,-2.4898918877624645,-0.5877,-3.021823336511718,-0.5957,-3.5113134462650213,-0.6027000000000001,-3.9937299995189983,-0.6097,-4.5044407787702765,-0.6157,-4.976954352925199,-0.6226999999999999,-5.538594738971618,-0.6277,-5.9729111080301855,-0.6337,-6.503427845479574,-0.6386999999999999,-6.966038440535441,-0.6437,-7.472505085887125,-0.6486999999999999,-8.007265957236108,-0.6527,-8.46563241839238,-0.6567,-8.977757908943524,-0.6607,-9.498371667293856,-0.6647,-10.0670856098396,-0.7117000000000001,-20.08890045808352,-0.7407,-30.10505646112798,-0.7627,-39.85241731719808,-0.7817,-49.79783775524929
exp1133,-1400mV,0.0082999999999999,0.5282531993696047,0.0032999999999998,-1.004445022904176,0.0012999999999998,-1.4557379275611226,-0.1117000000000001,-1.9975723554094316,-0.2257000000000001,-2.4983801555616547,-0.2467,-3.004846800913338,-0.2567,-3.512728157564886,-0.2627,-3.9668504848215624,-0.2676999999999999,-4.450681749375406,-0.2716999999999999,-4.947245415628033,-0.2747,-5.5272770485726985,-0.2776999999999999,-5.955934572431804,-0.2796999999999999,-6.514745535878494,-0.2816999999999999,-6.872667494744348,-0.2836999999999999,-7.520605270082535,-0.2847,-7.87286838374893,-0.2867,-8.423191079396428,-0.2876999999999999,-8.802333707760258,-0.2887,-9.293238528813426,-0.2907,-10.160456555630692,-0.3047000000000001,-20.06060623208622,-0.3137,-30.147497800123933,-0.3207000000000001,-40.20609514216434,-0.3267000000000001,-50.23639825820745
exp1134,-1700mV,-0.3646999999999999,-0.5032128093619935,-0.3886999999999999,-1.0082647434138117,-0.4026999999999999,-1.5236440699546443,-0.4117,-1.9834252424107812,-0.4197000000000001,-2.5196008250596305,-0.4257000000000001,-2.9878702653149576,-0.4317000000000001,-3.536778249662592,-0.4357000000000001,-3.956947505722508,-0.4407,-4.544052695166498,-0.4437000000000001,-4.940171859128707,-0.4477000000000001,-5.490494554776207,-0.4507,-5.94603159333275,-0.4537000000000001,-6.4397658369856465,-0.4567,-6.94623248233733,-0.4597000000000001,-7.51919055878267,-0.4627,-8.09780748042747,-0.4647,-8.526465004286575,-0.4667,-8.943804837746763,-0.4687,-9.41490370060182,-0.4717000000000001,-10.106697526235822,-0.5027,-20.06060623208622,-0.5247,-30.18993913911989,-0.5427000000000001,-40.05047689917919,-0.5587000000000001,-50.15151558021555
exp1135,-1400mV,-0.0017,-0.4794456595242609,-0.0047000000000001,-0.8956537239445548,-0.0077,-1.4741291744593683,-0.0117,-2.007475334508487,0.0072999999999998,2.50828313466071,-0.0247000000000001,-2.996358533114148,-0.0307000000000001,-3.4816045089678553,-0.0407000000000001,-4.01636538031684,-0.0507000000000001,-4.481805397972437,-0.2297000000000001,-4.998175022423175,-0.0777000000000001,-5.506056379074723,-0.0967000000000002,-6.00262004532735,-0.3056999999999999,-6.526063226277413,-0.3107000000000001,-6.947647193637194,-0.3157,-7.51919055878267,-0.3197,-8.010095379835839,-0.3217,-8.517976736487388,-0.3247000000000001,-9.008881557540551,-0.3267000000000001,-9.648331065079551,-0.3287000000000001,-10.08689156803771,-0.3447000000000001,-19.763516859114564,-0.3527000000000001,-30.685088094072643,-0.3577,-40.5880671931279,-0.3617,-49.98175022423175
exp1136,-1500mV,-0.2856999999999999,-0.4976954352925198,-0.3117,-0.9745946144770238,-0.3237,-1.501008689156804,-0.3317,-2.0371842718056525,-0.3367000000000001,-2.532333226758415,-0.3407000000000001,-3.004846800913338,-0.3437,-3.4632132620696097,-0.3477,-4.089930367909821,-0.3497,-4.428046368577565,-0.3527000000000001,-5.01656626932142,-0.3547000000000001,-5.41834427848309,-0.3577,-6.107308681517363,-0.3597,-6.586895812171611,-0.3617,-7.094777168823159,-0.3626999999999999,-7.391866541794816,-0.3646999999999999,-7.954921639141101,-0.3666999999999999,-8.543441539884956,-0.3677,-8.882972251852566,-0.3697,-9.539398294989942,-0.3706999999999999,-9.857708337459576,-0.3926999999999999,-19.805958198110513,-0.4086999999999999,-30.09090934812933,-0.4217000000000001,-40.23438936816165,-0.4327,-49.9110146592385
exp1137,-1500mV,-0.2836999999999999,-0.5003833867622635,-0.3127000000000001,-0.9854878914859844,-0.3247000000000001,-1.5236440699546443,-0.3327000000000001,-2.040013694405383,-0.3377,-2.4898918877624645,-0.3427000000000001,-3.0402145834099636,-0.3467000000000001,-3.5495106513613774,-0.3497,-4.034756627215084,-0.3527000000000001,-4.505855490070142,-0.3557,-5.057592897017507,-0.3577,-5.446638504480391,-0.3607000000000001,-6.0917468572188485,-0.3626999999999999,-6.54162505057593,-0.3646999999999999,-7.0565799637268025,-0.3666999999999999,-7.534752383081187,-0.3686999999999999,-8.11195459342612,-0.3697,-8.397726275998858,-0.3717,-8.942390126446897,-0.3737,-9.587498479185356,-0.3746999999999999,-9.911467366854446,-0.3986999999999999,-19.947429328097016,-0.4157,-29.991879557138777,-0.4297000000000001,-40.07877112517649,-0.4417000000000001,-49.59977817326819
exp1138,-1700mV,-0.3417,-0.4924610034830192,-0.3657,-0.9854878914859844,-0.3797,-1.501008689156804,-0.3897,-2.017378313607542,-0.3966999999999999,-2.4771594860636794,-0.4037,-3.0402145834099636,-0.4086999999999999,-3.499995755866101,-0.4137,-4.0319272046153545,-0.4177,-4.505855490070142,-0.4217000000000001,-4.995345599823445,-0.4246999999999999,-5.431076680181876,-0.4286999999999999,-6.064867342521412,-0.4317000000000001,-6.5515280296749845,-0.4337000000000001,-6.929255946738949,-0.4367,-7.479578642386449,-0.4397000000000001,-8.089319212628281,-0.4417000000000001,-8.508073757388331,-0.4437000000000001,-8.979172620243387,-0.4457000000000001,-9.427636102300603,-0.4477000000000001,-9.922785057253368,-0.4777000000000001,-19.834252424107817,-0.4987,-30.147497800123933,-0.5147,-39.73924041320888,-0.5297,-49.88272043324119
exp1139,-1500mV,0.0062999999999999,0.5159452110607788,-0.0127000000000001,-0.9997764756146216,-0.0257,-1.5179852247551844,-0.0537,-1.9961576441095663,-0.3047000000000001,-2.504039000761115,-0.3197,-2.997773244414013,-0.3267000000000001,-3.475945663768395,-0.3347000000000001,-4.007877112517649,-0.3387000000000001,-4.501611356170546,-0.3417,-4.954318972127359,-0.3457,-5.57537723276811,-0.3477,-6.086088012019388,-0.3497,-6.460986506483622,-0.3517,-7.103265436622349,-0.3527000000000001,-7.431478458191038,-0.3547000000000001,-7.997362978137053,-0.3557,-8.393482142099263,-0.3567000000000001,-8.865995716254185,-0.3577,-9.30880035311194,-0.3597,-10.151968287831505,-0.3726999999999999,-20.202077362072725,-0.3806999999999999,-30.416292947098288,-0.3866999999999999,-39.75338752620753,-0.3926999999999999,-49.543189721273585
exp1140,-1400mV,-0.1067000000000002,-0.5006663290222364,-0.2687,-0.9959567551049858,-0.2847,-1.4939351326574788,-0.2936999999999999,-1.9480574599141556,-0.2987000000000001,-2.433303435767863,-0.3027000000000001,-3.010505646112798,-0.3047000000000001,-3.439163169971904,-0.3067000000000001,-3.901773765027771,-0.3087000000000001,-4.40965512167932,-0.3107000000000001,-5.189161047904955,-0.3117,-5.5598154084695945,-0.3127000000000001,-5.947446304632614,-0.3137,-6.428448146586726,-0.3147000000000001,-7.015553336030716,-0.3157,-7.642270441870928,-0.3167000000000001,-8.25484043471249,-0.3167000000000001,-8.25484043471249,-0.3177,-8.888631097052025,-0.3187000000000001,-9.632769240781036,-0.3187000000000001,-9.632769240781036,-0.3287000000000001,-20.10304757108217,-0.3367000000000001,-30.43044006009694,-0.3447000000000001,-40.03632978618054,-0.3537,-50.49104629218317
exp1141,-1600mV,-0.3157,-0.502505453712061,-0.3297,-0.9835072956661736,-0.3367000000000001,-1.53920589425316,-0.3407000000000001,-2.0060606232086218,-0.3447000000000001,-2.5634568753554463,-0.3477,-3.0387998721100984,-0.3507000000000001,-3.572146032159218,-0.3537,-4.08710094531009,-0.3557,-4.474731841473111,-0.3587000000000001,-5.01656626932142,-0.3607000000000001,-5.426832546282281,-0.3637,-6.012523024426406,-0.3657,-6.462401217783487,-0.3677,-6.893888164242324,-0.3706999999999999,-7.618220349773223,-0.3726999999999999,-8.099222191727335,-0.3746999999999999,-8.612762393578345,-0.3757,-8.891460519651757,-0.3777,-9.424806679700875,-0.3797,-9.986447065747294,-0.4066999999999999,-19.947429328097016,-0.4266999999999999,-30.03432089613473,-0.4437000000000001,-40.12121246417244,-0.4587,-50.109074241219595
exp1142,-1700mV,-0.3117,-0.4988272043324118,-0.3637,-0.9969470530148912,-0.3886999999999999,-1.5094969569559942,-0.4057,-2.007475334508487,-0.4206999999999999,-2.5266743815589554,-0.4317000000000001,-3.0076762235130676,-0.4427,-3.5141428688647514,-0.4517000000000001,-4.017780091616704,-0.4607,-4.546882117766228,-0.4667,-4.99393088852358,-0.4737000000000001,-5.491909266076072,-0.4797000000000001,-6.004034756627216,-0.4847,-6.4850365985813285,-0.4896999999999999,-7.009894490831256,-0.4936999999999999,-7.469675663287394,-0.4976999999999999,-7.994533555537323,-0.5016999999999999,-8.51373260258779,-0.5056999999999999,-9.024443381839069,-0.5087,-9.440368503999393,-0.5116999999999999,-9.939761592851749,-0.5577,-20.07475334508487,-0.5837,-30.147497800123933,-0.6007000000000001,-39.97974133418594,-0.6137,-49.642219512264134
exp1143,-1700mV,-0.2967000000000001,-0.5049104629218315,-0.3277,-0.9948249860650936,-0.3477,-1.5038381117565338,-0.3626999999999999,-1.9975723554094316,-0.3757,-2.49696544426179,-0.3866999999999999,-2.989284976614823,-0.3977,-3.522631136663941,-0.4066999999999999,-3.985241731719809,-0.4157,-4.467658284973785,-0.4246999999999999,-4.9826131981246595,-0.4327,-5.479176864377286,-0.4407,-5.96583755153086,-0.4487,-6.490695443780789,-0.4567,-7.0367740055286925,-0.4637000000000001,-7.52484940398213,-0.4707,-8.031316049333814,-0.4767,-8.492511933089816,-0.4827,-8.970684352444197,-0.4896999999999999,-9.529495315890887,-0.4956999999999999,-10.031717827342977,-0.5717,-20.046459119087572,-0.6077,-30.03432089613473,-0.6306999999999999,-39.95144710818864,-0.6486999999999999,-50.0807800152223
exp1144,-1600mV,-0.2307,-0.4996760311123309,-0.2936999999999999,-1.0079818011538386,-0.3107000000000001,-1.540620605553025,-0.3237,-1.9579604390132104,-0.3337,-2.509697845960575,-0.3397,-2.9553319054180616,-0.3457,-3.4773603750682605,-0.3517,-3.996559422118728,-0.3567000000000001,-4.491708377071491,-0.3617,-5.043445784018855,-0.3657,-5.534350605072024,-0.3697,-6.012523024426406,-0.3737,-6.548698607075254,-0.3757,-6.947647193637194,-0.3797,-7.5418259395805105,-0.3817,-7.936530392242855,-0.3846999999999999,-8.435923481095214,-0.3877,-9.014540402740012,-0.3897,-9.421977257101144,-0.3926999999999999,-10.065670898539736,-0.4246999999999999,-19.919135102099716,-0.4457000000000001,-30.204086252118536,-0.4617000000000001,-40.23438936816165,-0.4747,-49.656366625262784
exp1145,-1500mV,0.0052999999999998,-0.4917536478330867,0.0012999999999998,-0.9846390647060654,-0.0517,-1.498179266557074,-0.2607,-1.9975723554094316,-0.2756999999999999,-2.49413602166206,-0.2847,-3.000602667013743,-0.2916999999999999,-3.542437094862052,-0.2967000000000001,-3.964021062221832,-0.3016999999999999,-4.483220109272302,-0.3056999999999999,-4.886412829733837,-0.3087000000000001,-5.491909266076072,-0.3117,-5.9078343882363935,-0.3157,-6.568504565273366,-0.3167000000000001,-6.888229319042864,-0.3197,-7.516361136182939,-0.3217,-8.099222191727335,-0.3227000000000001,-8.464217707092514,-0.3247000000000001,-8.887216385752161,-0.3267000000000001,-9.579010211386164,-0.3277,-10.018985425644187,-0.3477,-20.046459119087572,-0.3607000000000001,-30.07676223513068,-0.3706999999999999,-40.06462401217784,-0.3786999999999999,-49.52904260827494
exp1146,-1600mV,-0.2427,-0.4975539641625333,-0.2976999999999999,-0.9951079283250668,-0.3197,-1.501008689156804,-0.3317,-2.0286960040064623,-0.3407000000000001,-2.4700859295643536,-0.3487000000000001,-2.9935291105144173,-0.3557,-3.5311194044631313,-0.3607000000000001,-3.979582886520348,-0.3657,-4.488878954471762,-0.3706999999999999,-5.059007608317371,-0.3746999999999999,-5.552741851970269,-0.3777,-6.019596580925731,-0.3806999999999999,-6.422789301387266,-0.3846999999999999,-7.048091695927613,-0.3866999999999999,-7.432893169490902,-0.3897,-7.929456835743531,-0.3926999999999999,-8.561832786783201,-0.3946999999999999,-8.918340034349193,-0.3966999999999999,-9.390853608504113,-0.3997,-10.017570714344323,-0.4306999999999999,-20.117194684080825,-0.4497000000000001,-29.878702653149578,-0.4647,-39.79582886520348,-0.4777000000000001,-49.9110146592385
exp1147,-1400mV,0.0082999999999999,-0.4971295507725738,-0.0067000000000001,-1.008689156803771,-0.0757000000000001,-1.498179266557074,-0.1367,-2.001816489309027,-0.1667,-2.51111255726044,-0.1817000000000002,-2.990699687914687,-0.1917000000000001,-3.453310282970554,-0.2037000000000001,-4.03617133851495,-0.2067,-4.473317130173245,-0.2147,-5.023639825820745,-0.2197000000000001,-5.558400697169729,-0.2227,-6.006864179226946,-0.2257000000000001,-6.436936414385917,-0.2297000000000001,-6.869838072144618,-0.2337000000000001,-7.472505085887125,-0.2357000000000001,-7.953506927841237,-0.2396999999999999,-8.55051509638428,-0.2416999999999999,-9.110740771130835,-0.2447,-9.53656887239021,-0.2467,-10.123674061834205,-0.2796999999999999,-20.159636023076775,-0.2996999999999999,-29.822114201154974,-0.3157,-40.03632978618054,-0.3297,-50.2788395972034
exp1148,-1700mV,-0.3487000000000001,-0.4941586570428573,-0.3917,-1.0002008890045808,-0.4157,-1.505252823056399,-0.4317000000000001,-2.001816489309027,-0.4447,-2.506868423360845,-0.4557000000000001,-3.0119203574126634,-0.4647,-3.515557580164616,-0.4727,-4.027683070715759,-0.4797000000000001,-4.505855490070142,-0.4857000000000001,-4.962807239926549,-0.4916999999999999,-5.482006286977017,-0.4967,-5.950275727232344,-0.5016999999999999,-6.456742372584028,-0.5067,-7.011309202131122,-0.5107,-7.486652198885773,-0.5147,-8.01433951373543,-0.5187,-8.573150477182121,-0.5216999999999999,-8.990490310642308,-0.5247,-9.467248018696829,-0.5277,-9.958152839749992,-0.5677,-19.848399537106463,-0.5917,-30.04846800913338,-0.6087000000000001,-39.83827020419943,-0.6237,-50.3637222751953
exp1149,-1700mV,-0.2007,-0.4971295507725738,-0.2587,-0.9905808521654984,-0.2856999999999999,-1.4953498439573436,-0.3027000000000001,-1.9763516859114565,-0.3167000000000001,-2.5167714024599,-0.3257,-3.0076762235130676,-0.3337,-3.4957516219665052,-0.3427000000000001,-4.019194802916569,-0.3487000000000001,-4.528490870867983,-0.3547000000000001,-5.03637222751953,-0.3597,-5.482006286977017,-0.3657,-6.016767158326001,-0.3697,-6.494939577680383,-0.3746999999999999,-7.066482942825859,-0.3786999999999999,-7.537581805680916,-0.3826999999999999,-8.005851245936244,-0.3857,-8.458558861893053,-0.3886999999999999,-8.926828302148381,-0.3926999999999999,-9.47998042039561,-0.3957,-10.006253023945405,-0.4437000000000001,-19.97572355409432,-0.4837000000000001,-29.991879557138777,-0.5187,-40.17780091616704,-0.5467000000000001,-49.89686754623985
exp1150,-1800mV,-0.4647,-0.5034957516219666,-0.4956999999999999,-0.9905808521654984,-0.5107,-1.4854468648582886,-0.5216999999999999,-2.0272812927065975,-0.5297,-2.5196008250596305,-0.5357,-2.9581613280177916,-0.5417,-3.4787750863681253,-0.5467000000000001,-3.964021062221832,-0.5517,-4.514343757869332,-0.5557,-5.001004445022905,-0.5597,-5.545668295470944,-0.5627000000000001,-5.99696120012789,-0.5657,-6.452498238684432,-0.5687000000000001,-6.975941419634496,-0.5717,-7.507872868383751,-0.5747000000000001,-8.089319212628281,-0.5767000000000001,-8.489682510490084,-0.5787000000000001,-8.923998879548652,-0.5817,-9.579010211386164,-0.5837,-10.060012053340277,-0.6157,-19.876693763103766,-0.6377,-29.779672862159025,-0.6557000000000001,-39.99388844718459,-0.6707,-50.109074241219595
exp1151,-1600mV,0.0002999999999999,-0.5177843357506035,-0.2037000000000001,-0.9994935333546484,-0.2787,-1.5165705134553191,-0.2987000000000001,-1.9975723554094316,-0.3147000000000001,-2.50828313466071,-0.3247000000000001,-3.0161644913122583,-0.3327000000000001,-3.559413630460432,-0.3407000000000001,-4.01636538031684,-0.3457,-4.454925883275001,-0.3507000000000001,-4.945830704328168,-0.3557,-5.503226956474993,-0.3587000000000001,-6.054964363422357,-0.3626999999999999,-6.55577216357458,-0.3666999999999999,-7.038188716828557,-0.3686999999999999,-7.50221402318429,-0.3726999999999999,-8.145907664622882,-0.3746999999999999,-8.47412068619157,-0.3777,-9.096593658132186,-0.3797,-9.44885677179858,-0.3826999999999999,-10.154797710431232,-0.4137,-19.876693763103766,-0.4347,-30.11920357412663,-0.4507,-39.89485865619403,-0.4657000000000001,-50.30713382320071
exp1152,-2000mV,-0.6827,-0.504486049531872,-0.7087,-1.008972099063744,-0.7227,-1.4812027309586933,-0.7337000000000001,-2.0004017780091616,-0.7416999999999999,-2.49696544426179,-0.7487,-3.0189939139119883,-0.7536999999999999,-3.4617985507697444,-0.7587,-3.965435773521698,-0.7636999999999999,-4.539808561266903,-0.7676999999999999,-5.059007608317371,-0.7707,-5.483420998276882,-0.7736999999999999,-5.936128614233694,-0.7767000000000001,-6.435521703086052,-0.7797,-6.958964884036115,-0.7827000000000001,-7.531922960481456,-0.7847000000000001,-7.925212701843934,-0.7877,-8.573150477182121,-0.7897,-9.014540402740012,-0.7917,-9.499786378593722,-0.7937,-9.98786177704716,-0.8227000000000001,-19.848399537106463,-0.8427000000000001,-29.90699687914687,-0.8587000000000001,-39.75338752620753,-0.8726999999999999,-49.71295507725739
exp1153,-1500mV,-0.0517,0.6066282053821278,-0.0507000000000001,0.9929858613752692,-0.0607000000000002,-1.4529085049613928,-0.0637,-2.0329401379060577,-0.0657,-2.463012373065029,-0.0687000000000002,-2.975137863616172,-0.0427000000000001,3.408039521374873,-0.0747000000000002,-3.897529631128175,-0.0777000000000001,-4.531320293467712,-0.0387000000000001,4.991101465923849,-0.0857000000000001,-5.569718387568649,-0.0897000000000001,-6.045061384323302,-0.0917000000000001,-6.466645351683083,-0.0967000000000002,-7.069312365425588,-0.1007000000000002,-7.51919055878267,-0.1057000000000001,-8.090733923928145,-0.0307000000000001,8.47412068619157,-0.1147,-9.001808001041228,-0.0287000000000001,9.543642428889536,-0.0277,9.972299952748642,-0.1807,-19.848399537106463,-0.0027000000000001,29.977732444140123,-0.2447,-40.092918238175145,-0.2896999999999999,-49.93930888523579
exp1154,-1600mV,-0.3107000000000001,-0.5020810403221014,-0.3307000000000001,-1.0171774246029612,-0.3417,-1.4783733083589634,-0.3507000000000001,-1.9735222633117264,-0.3587000000000001,-2.5266743815589554,-0.3646999999999999,-3.024652759111448,-0.3697,-3.499995755866101,-0.3746999999999999,-4.030512493315489,-0.3786999999999999,-4.491708377071491,-0.3826999999999999,-4.99393088852358,-0.3866999999999999,-5.538594738971618,-0.3897,-5.975740530629915,-0.3926999999999999,-6.435521703086052,-0.3957,-6.916523545040165,-0.3986999999999999,-7.4173313451923875,-0.4017,-7.947848082641776,-0.4046999999999999,-8.5052443347886,-0.4077,-9.088105390332997,-0.4097,-9.492712822094395,-0.4117,-9.914296789454175,-0.4487,-20.046459119087572,-0.4747,-30.06261512213203,-0.4947,-39.75338752620753,-0.5136999999999999,-49.85442620724389
exp1155,-1500mV,-0.0347000000000001,-0.5109937215112512,-0.0237,0.9870440739158362,-0.0437,-1.501008689156804,-0.0177,1.9890840876102416,-0.0547000000000001,-2.4983801555616547,-0.0607000000000002,-2.9793819975157674,-0.0107000000000001,3.4816045089678553,-0.0747000000000002,-4.029097782015624,-0.0817000000000001,-4.487464243171897,-0.0897000000000001,-4.98827204332412,-0.0977000000000001,-5.490494554776207,-0.1077000000000001,-6.021011292225596,-0.1157000000000001,-6.4864513098811925,-0.1267,-7.022626892530043,-0.1357000000000001,-7.53050824918159,-0.1477000000000001,-7.997362978137053,-0.1577000000000001,-8.492511933089816,-0.1707,-8.963610795944874,-0.1827,-9.512518780292506,0.0072999999999998,10.014741291744594,-0.3686999999999999,-20.00401778009162,-0.3986999999999999,-30.13335068712528,-0.4097,-39.75338752620753,-0.4206999999999999,-49.9110146592385
exp1156,-1700mV,-0.3007000000000001,-0.5001004445022904,-0.3107000000000001,-0.9832243534062004,-0.3167000000000001,-1.4840321535584236,-0.3217,-2.024451870106867,-0.3257,-2.542236205857471,-0.3287000000000001,-2.965234884517117,-0.3327000000000001,-3.5650724756598926,-0.3357,-3.969679907421293,-0.3397,-4.456340594574866,-0.3447000000000001,-4.967051373826144,-0.3497,-5.463615040078771,-0.3547000000000001,-5.947446304632614,-0.3597,-6.487866021181058,-0.3637,-6.987259110033416,-0.3677,-7.448454993789417,-0.3726999999999999,-8.001607112036647,-0.3766999999999999,-8.47977953139103,-0.3806999999999999,-9.013125691440148,-0.3846999999999999,-9.468662729996687,-0.3886999999999999,-9.983617643147564,-0.4467,-19.97572355409432,-0.4896999999999999,-30.02017378313608,-0.5277,-39.97974133418594,-0.5577,-50.15151558021555
exp1157,-1400mV,0.0122999999999999,-0.3028896893011043,0.0102999999999999,-1.0250998078822056,-0.0047000000000001,-1.4953498439573436,-0.1287,-1.9904987989101068,-0.1617000000000001,-2.506868423360845,-0.1767,-2.997773244414013,-0.1867000000000001,-3.4787750863681253,-0.1946999999999999,-4.0121212464172435,-0.2007,-4.471902418873381,-0.2067,-5.02505453712061,-0.2107,-5.467859173978367,-0.2147,-5.977155241929781,-0.2187,-6.502013134179709,-0.2217000000000001,-6.929255946738949,-0.2247,-7.444210859889823,-0.2277000000000001,-7.939359814842586,-0.2307,-8.52505029298671,-0.2327,-8.918340034349193,-0.2357000000000001,-9.583254345285756,-0.2376999999999999,-10.010497157845,-0.2676999999999999,-20.14548891007812,-0.2867,-29.949438218142824,-0.3016999999999999,-39.86656443019674,-0.3147000000000001,-50.06663290222365
exp1158,-1600mV,-0.2807,-0.5005248578922499,-0.3067000000000001,-0.9904393810355122,-0.3187000000000001,-1.5193999360550492,-0.3257,-1.9862546650105113,-0.3317,-2.4870624651627344,-0.3367000000000001,-2.9525024828183315,-0.3427000000000001,-3.542437094862052,-0.3467000000000001,-3.9597769283222375,-0.3517,-4.494537799671222,-0.3567000000000001,-5.053348763117911,-0.3607000000000001,-5.548497718070673,-0.3646999999999999,-6.066282053821277,-0.3677,-6.4850365985813285,-0.3717,-7.062238808926263,-0.3746999999999999,-7.537581805680916,-0.3777,-8.017168936335162,-0.3806999999999999,-8.534953272085767,-0.3837,-9.078202411233942,-0.3857,-9.444612637898985,-0.3886999999999999,-10.031717827342977,-0.4257000000000001,-20.07475334508487,-0.4507,-29.921143992145527,-0.4707,-40.05047689917919,-0.4876999999999999,-49.86857332024254
exp1159,-1900mV,-0.6517000000000001,-0.4948660126927898,-0.6827,-1.0054353208140816,-0.6997000000000001,-1.4967645552572086,-0.7117000000000001,-1.982010531110916,-0.7217000000000001,-2.515356691160035,-0.7287,-2.976552574916037,-0.7357000000000001,-3.5240458479638064,-0.7407,-3.9781681752204823,-0.7456999999999999,-4.494537799671222,-0.7496999999999999,-4.958563106026954,-0.7536999999999999,-5.470688596578097,-0.7576999999999999,-6.037987827823977,-0.7607,-6.499183711579978,-0.7636999999999999,-7.002820934331931,-0.7667,-7.540411228280647,-0.7687,-7.928042124443665,-0.7716999999999999,-8.534953272085767,-0.7736999999999999,-8.967854929844465,-0.7757,-9.419147834501414,-0.7777,-9.894490831256066,-0.8067000000000001,-19.805958198110513,-0.8257,-29.836261314153624,-0.8407000000000001,-40.12121246417244,-0.8527000000000001,-49.78369064225064
exp1160,-1400mV,-0.0017,-0.5665918755959471,-0.0027000000000001,-1.0706535117378595,-0.0037,-1.5179852247551844,-0.0047000000000001,-1.92117794521672,0.0032999999999998,2.6653160889457292,-0.0077,-3.082655922405915,0.0042999999999999,3.536778249662592,-0.0107000000000001,-3.9781681752204823,0.0052999999999998,4.471902418873381,-0.0147000000000001,-4.952904260827493,0.0062999999999999,5.470688596578097,-0.0207000000000001,-6.056379074722222,-0.0237,-6.509086690679034,-0.0277,-7.045262273327882,-0.2147,-7.50221402318429,-0.1787,-8.005851245936244,-0.1597000000000001,-8.509488468688197,-0.1447,-8.998978578441498,-0.1287,-9.49412753339426,-0.1017000000000001,-10.000594178745946,-0.3016999999999999,-20.046459119087572,-0.3137,-29.921143992145527,-0.3217,-39.59776928322238,-0.3287000000000001,-50.37786938819396
exp1161,-1500mV,0.0102999999999999,-0.4964221951226413,-0.0207000000000001,-0.9959567551049858,-0.1807,-1.512326379555724,-0.2087,-1.9848399537106465,-0.2237000000000001,-2.4828183312631396,-0.2347,-2.999187955713878,-0.2427,-3.4844339315675854,-0.2496999999999999,-3.986656443019674,-0.2556999999999999,-4.515758469169198,-0.2607,-5.003833867622634,-0.2656999999999999,-5.561230119769459,-0.2696999999999999,-6.029499560024787,-0.2736999999999999,-6.5670898539735,-0.2767,-7.039603428128422,-0.2796999999999999,-7.503628734484154,-0.2827,-8.012924802435567,-0.2856999999999999,-8.574565188481987,-0.2876999999999999,-8.940975415147031,-0.2907,-9.579010211386164,-0.2927,-9.99917946744608,-0.3247000000000001,-20.07475334508487,-0.3447000000000001,-29.779672862159025,-0.3617,-39.92315288219133,-0.3766999999999999,-50.15151558021555
exp1162,-1400mV,0.0062999999999999,0.5283946704995912,-0.0007000000000001,-0.9775655082067404,-0.0047000000000001,-1.4854468648582886,-0.0107000000000001,-1.9961576441095663,-0.0217,-2.50545371206098,-0.0517,-3.006261512213203,-0.1717000000000001,-3.4985810445662353,-0.2047,-4.0121212464172435,-0.2247,-4.512929046569467,-0.2387,-5.001004445022905,-0.2496999999999999,-5.498982822575398,-0.2596999999999999,-6.037987827823977,-0.2676999999999999,-6.500598422879844,-0.2736999999999999,-6.961794306635846,-0.2796999999999999,-7.51919055878267,-0.2836999999999999,-7.945018660042045,-0.2876999999999999,-8.452900016693595,-0.2907,-8.94663426034649,-0.2936999999999999,-9.478565709095744,-0.2967000000000001,-10.101038681036362,-0.3187000000000001,-19.70692840711996,-0.3307000000000001,-29.949438218142824,-0.3397,-39.82412309120078,-0.3477,-49.543189721273585
exp1163,-1500mV,-0.2347,-0.4989686754623983,-0.2887,-1.0057182630740549,-0.3047000000000001,-1.5222293586547797,-0.3137,-1.982010531110916,-0.3207000000000001,-2.509697845960575,-0.3257,-2.9793819975157674,-0.3297,-3.440577881271769,-0.3337,-3.979582886520348,-0.3367000000000001,-4.476146552772976,-0.3397,-5.03071338232007,-0.3417,-5.4423943705807964,-0.3437,-5.886613718738418,-0.3457,-6.39590978668983,-0.3477,-6.908035277240974,-0.3497,-7.500799311884425,-0.3517,-8.134589974223962,-0.3527000000000001,-8.458558861893053,-0.3547000000000001,-9.184305758723816,-0.3557,-9.574766077486569,-0.3567000000000001,-9.968055818849049,-0.3746999999999999,-20.14548891007812,-0.3866999999999999,-30.317263156107735,-0.3966999999999999,-39.93729999518999,-0.4066999999999999,-50.50519340518181
exp1164,-1400mV,0.0012999999999998,-0.6524648514977549,0.0032999999999998,0.8087904501328415,0.0042999999999999,1.658041643441823,-0.0007000000000001,-1.92400736781645,-0.1867000000000001,-2.49979486686152,-0.1247,-3.003432089613473,-0.1067000000000002,-3.4971663332663705,-0.2516999999999999,-3.9979741334185936,-0.2587,-4.510099623969737,-0.2636999999999999,-5.0052485789225,-0.2676999999999999,-5.493323977375938,-0.0677000000000001,-5.977155241929781,-0.0137,-6.543039761875795,-0.0557,-7.021212181230177,-0.2796999999999999,-7.50221402318429,-0.0407000000000001,-8.005851245936244,-0.2836999999999999,-8.46280299579265,-0.2856999999999999,-9.034346360938123,-0.2876999999999999,-9.584669056585623,-0.2887,-9.895905542555932,-0.3087000000000001,-19.93328221509837,-0.3197,-29.62405461917387,-0.3287000000000001,-40.163653803168394,-0.3357,-49.75539641625335
exp1165,-1900mV,-0.5757,-0.5001004445022904,-0.6126999999999999,-1.0000594178745943,-0.6337,-1.5080822456561291,-0.6486999999999999,-2.007475334508487,-0.6607,-2.512527268560305,-0.6707,-3.028896893011044,-0.6787,-3.499995755866101,-0.6857000000000001,-3.986656443019674,-0.6927,-4.534149716067443,-0.6977000000000001,-4.9571483947270885,-0.7037000000000001,-5.544253584171079,-0.7077000000000001,-5.97149639673032,-0.7127,-6.548698607075254,-0.7157000000000001,-6.941988348437734,-0.7197000000000001,-7.48806691018564,-0.7237000000000001,-8.065269120530575,-0.7267,-8.51373260258779,-0.7297000000000001,-9.02161395923934,-0.7327,-9.549301274088998,-0.7347,-9.911467366854446,-0.7716999999999999,-19.961576441095666,-0.7947000000000001,-30.17579202612123,-0.8117,-39.696799074212926,-0.8297,-50.179809806212845
exp1166,-1700mV,-0.3367000000000001,-0.5003833867622635,-0.3786999999999999,-0.9970885241448778,-0.3997,-1.499593977856939,-0.4146999999999999,-2.017378313607542,-0.4257000000000001,-2.50828313466071,-0.4347,-2.9850408427152275,-0.4427,-3.4872633541673155,-0.4497000000000001,-3.979582886520348,-0.4557000000000001,-4.459170017174596,-0.4617000000000001,-5.0094927128220945,-0.4667,-5.5145446468739125,-0.4707,-5.958763995031535,-0.4747,-6.442595259585377,-0.4787,-6.983014976133821,-0.4827,-7.558802475178892,-0.4857000000000001,-8.03273076063368,-0.4887,-8.543441539884956,-0.4916999999999999,-9.08952010163286,-0.4936999999999999,-9.47149215259642,-0.4967,-10.06142676464014,-0.5297,-20.187930249074075,-0.5507000000000001,-30.147497800123933,-0.5687000000000001,-40.24853648116029,-0.5867000000000001,-50.094927128220945
exp1167,-1700mV,-0.3367000000000001,-0.505617818571764,-0.3657,-0.9924199768553232,-0.3817,-1.5165705134553191,-0.3917,-2.0004017780091616,-0.3997,-2.4828183312631396,-0.4066999999999999,-2.996358533114148,-0.4126999999999999,-3.502825178465831,-0.4177,-3.9909005769192687,-0.4226999999999999,-4.542637983866633,-0.4266999999999999,-5.040616361419126,-0.4297000000000001,-5.432491391481741,-0.4337000000000001,-6.011108313126541,-0.4367,-6.4850365985813285,-0.4397000000000001,-6.978770842234226,-0.4427,-7.514946424883075,-0.4457000000000001,-8.080830944829088,-0.4477000000000001,-8.481194242690894,-0.4507,-9.107911348531106,-0.4527,-9.549301274088998,-0.4547,-10.000594178745946,-0.4857000000000001,-19.947429328097016,-0.5067,-30.204086252118536,-0.5227,-40.14950669016974,-0.5367000000000001,-50.109074241219595
exp1168,-1700mV,-0.2827,-0.5008078001522229,-0.3297,-0.9959567551049858,-0.3527000000000001,-1.4896909987578837,-0.3697,-2.014548891007812,-0.3817,-2.506868423360845,-0.3917,-2.990699687914687,-0.4006999999999999,-3.4915074880669104,-0.4086999999999999,-3.989485865619403,-0.4157,-4.469072996273651,-0.4226999999999999,-4.9896867546239845,-0.4297000000000001,-5.532935893772159,-0.4357000000000001,-6.039402539123842,-0.4407,-6.475133619482273,-0.4467,-7.035359294228828,-0.4517000000000001,-7.507872868383751,-0.4567,-8.011510091135703,-0.4617000000000001,-8.529294426886306,-0.4657000000000001,-8.953707816845819,-0.4707,-9.515348202892236,-0.4747,-9.97654408664824,-0.5367000000000001,-19.97572355409432,-0.5717,-30.03432089613473,-0.5947000000000001,-39.99388844718459,-0.6117,-49.72710219025603
exp1169,-1800mV,-0.4197000000000001,-0.4978369064225064,-0.4697000000000001,-1.006142676464014,-0.4956999999999999,-1.512326379555724,-0.5116999999999999,-2.001816489309027,-0.5236999999999999,-2.512527268560305,-0.5327000000000001,-3.006261512213203,-0.5407000000000001,-3.533948827062862,-0.5467000000000001,-3.996559422118728,-0.5527000000000001,-4.531320293467712,-0.5577,-5.039201650119261,-0.5617,-5.497568111275533,-0.5657,-6.001205334027486,-0.5697,-6.5642604313737705,-0.5727000000000001,-7.033944582928963,-0.5757,-7.529093537881726,-0.5787000000000001,-8.079416233529225,-0.5807000000000001,-8.469876552291973,-0.5837,-9.10649663723124,-0.5857,-9.559204253188051,-0.5877,-10.045864940341623,-0.6157,-19.791811085111863,-0.6357,-29.949438218142824,-0.6507,-39.73924041320888,-0.6637000000000001,-49.89686754623985
exp1170,-1700mV,-0.4667,-0.4975539641625333,-0.4967,-1.00670856098396,-0.5116999999999999,-1.5137410908555893,-0.5216999999999999,-2.014548891007812,-0.5287000000000001,-2.475744774763814,-0.5347000000000001,-2.963820173217252,-0.5407000000000001,-3.552340073961107,-0.5447000000000001,-4.009291823817514,-0.5487000000000001,-4.528490870867983,-0.5517,-4.965636662526279,-0.5547000000000001,-5.439564947981066,-0.5577,-5.963008128931129,-0.5607000000000001,-6.537380916676335,-0.5627000000000001,-6.949061904937061,-0.5657,-7.612561504573763,-0.5677,-8.090733923928145,-0.5697,-8.591541724080368,-0.5717,-9.131961440628812,-0.5727000000000001,-9.40924485540236,-0.5747000000000001,-9.992105910946751,-0.5987000000000001,-19.805958198110513,-0.6157,-30.34555738210504,-0.6277,-39.82412309120078,-0.6386999999999999,-49.85442620724389
exp1171,-1600mV,-0.2867,-0.4984027909424524,-0.3277,-0.9917126212053906,-0.3467000000000001,-1.512326379555724,-0.3577,-1.9890840876102416,-0.3666999999999999,-2.49696544426179,-0.3737,-2.972308441016442,-0.3806999999999999,-3.5212164253640763,-0.3857,-3.956947505722508,-0.3917,-4.531320293467712,-0.3957,-4.954318972127359,-0.4006999999999999,-5.5145446468739125,-0.4046999999999999,-6.00262004532735,-0.4086999999999999,-6.513330824578629,-0.4126999999999999,-7.062238808926263,-0.4157,-7.495140466684964,-0.4186999999999999,-7.953506927841237,-0.4217000000000001,-8.426020501996158,-0.4246999999999999,-8.928243013448247,-0.4277000000000001,-9.440368503999393,-0.4306999999999999,-9.994935333546485,-0.4707,-19.93328221509837,-0.4976999999999999,-29.935291105144177,-0.5196999999999999,-40.24853648116029,-0.5377,-49.967603111233096
exp1172,-1600mV,0.0022999999999999,-0.4901974654032352,-0.0267000000000001,-0.9970885241448778,-0.2907,-1.4854468648582886,-0.3157,-2.013134179707947,-0.3307000000000001,-2.50828313466071,-0.3417,-3.0147497800123935,-0.3507000000000001,-3.4844339315675854,-0.3587000000000001,-3.9909005769192687,-0.3657,-4.491708377071491,-0.3717,-4.991101465923849,-0.3777,-5.545668295470944,-0.3826999999999999,-6.036573116524112,-0.3866999999999999,-6.449668816084703,-0.3917,-7.035359294228828,-0.3957,-7.510702290983478,-0.3997,-8.038389605833139,-0.4026999999999999,-8.50241491218887,-0.4057,-8.912681189149732,-0.4097,-9.560618964487915,-0.4117,-9.938346881551883,-0.4507,-20.06060623208622,-0.4727,-30.06261512213203,-0.4887,-39.82412309120078,-0.5016999999999999,-49.67051373826144
exp1173,-1700mV,-0.3117,-0.4971295507725738,-0.3457,-1.0102453392336226,-0.3617,-1.505252823056399,-0.3726999999999999,-1.9890840876102416,-0.3817,-2.509697845960575,-0.3886999999999999,-2.997773244414013,-0.3946999999999999,-3.492922199366775,-0.3997,-3.961191639622102,-0.4046999999999999,-4.4846348205721664,-0.4086999999999999,-4.951489549527628,-0.4126999999999999,-5.460785617479042,-0.4166999999999999,-6.016767158326001,-0.4197000000000001,-6.456742372584028,-0.4226999999999999,-6.936329503238276,-0.4257000000000001,-7.441381437290093,-0.4286999999999999,-7.9747275973392115,-0.4317000000000001,-8.540612117285226,-0.4337000000000001,-8.93531656994757,-0.4367,-9.560618964487915,-0.4387,-9.992105910946751,-0.4727,-20.13134179707947,-0.4956999999999999,-30.18993913911989,-0.5136999999999999,-40.06462401217784,-0.5297,-49.79783775524929
exp1174,-2000mV,-0.5587000000000001,-0.5005248578922499,-0.6197,-1.001615600304446,-0.6507,-1.4967645552572086,-0.7077000000000001,-1.9989870667092968,-0.7177000000000001,-2.4955507329619246,-0.7287,-2.9921143992145525,-0.7267,-3.4971663332663705,-0.7347,-4.006462401217783,-0.7487,-4.508684912669872,-0.7576999999999999,-4.947245415628033,-0.7707,-5.5414241615713475,-0.7716999999999999,-5.944616882032884,-0.7777,-6.517574958478224,-0.7817,-6.970282574435036,-0.7847000000000001,-7.408843077393197,-0.7957,-7.91530972274488,-0.7997,-8.519391447787251,-0.8057,-8.940975415147031,-0.8077,-9.60023088088414,-0.8067000000000001,-9.935517458952152,-0.8537,-19.919135102099716,-0.8866999999999999,-30.03432089613473,-0.9077,-39.90900576919269,-0.9227,-50.84472411714942
exp1175,-1400mV,-0.0037,-0.5487665132176478,-0.0057,-1.017884780252894,0.0022999999999999,1.4684703292599082,-0.0107000000000001,-2.011719468408082,-0.0137,-2.512527268560305,0.0052999999999998,2.9666495958169823,-0.0217,-3.4773603750682605,-0.0267000000000001,-3.986656443019674,-0.0327000000000001,-4.518587891768927,-0.0387000000000001,-5.0420310727189905,-0.0457,-5.518788780773508,-0.0537,-6.018181869625866,-0.2376999999999999,-6.497769000280114,-0.0727000000000002,-7.008479779531392,-0.0847000000000002,-7.497969889284694,-0.1027000000000002,-7.994533555537323,-0.3016999999999999,-8.461388284492784,-0.3077,-8.945219549046627,-0.3127000000000001,-9.424806679700875,-0.3177,-10.02747369344338,-0.3447000000000001,-19.904987989101063,-0.3537,-29.85040842715227,-0.3597,-40.24853648116029,-0.3637,-49.543189721273585
exp1176,-1800mV,-0.5737,-0.504768991791845,-0.5987000000000001,-1.010811223753569,-0.6117,-1.498179266557074,-0.6206999999999999,-1.9848399537106465,-0.6277,-2.49696544426179,-0.6337,-3.0373851608102336,-0.6377,-3.46887210726907,-0.6417,-3.945629815323587,-0.6457,-4.490293665771627,-0.6486999999999999,-4.986857332024254,-0.6517000000000001,-5.483420998276882,-0.6547,-6.0464760956231665,-0.6567,-6.449668816084703,-0.6587,-6.895302875542188,-0.6617000000000001,-7.570120165577812,-0.6637000000000001,-8.087904501328415,-0.6657000000000001,-8.626909506576993,-0.6667,-8.898534076151082,-0.6687,-9.481395131695477,-0.6707,-10.08406214543798,-0.6937000000000001,-20.01816489309027,-0.7097000000000001,-30.34555738210504,-0.7217000000000001,-40.02218267318189,-0.7327,-50.34957516219666
exp1177,-1500mV,-0.0037,-0.5723921919253939,-0.0057,-1.0509890246697358,-0.0077,-1.5151558021554543,0.0032999999999998,2.008890045808352,0.0042999999999999,2.5266743815589554,-0.0167000000000001,-2.9482583489187366,-0.0217,-3.5169722914644814,-0.0267000000000001,-3.9979741334185936,-0.0327000000000001,-4.521417314368658,-0.0387000000000001,-4.9840279094245235,-0.0467000000000001,-5.511715224274183,-0.0547000000000001,-6.028084848724921,-0.0627000000000002,-6.521819092377819,-0.2867,-6.999991511732201,-0.0817000000000001,-7.4937257553851,-0.2277000000000001,-8.001607112036647,-0.2157000000000001,-8.5052443347886,-0.3367000000000001,-8.997563867141633,-0.1857000000000002,-9.48563926559507,-0.3467000000000001,-9.934102747652288,-0.3746999999999999,-19.919135102099716,-0.3826999999999999,-30.09090934812933,-0.3877,-39.046031876275016,-0.3926999999999999,-50.1939569192115
exp1178,-1500mV,-0.2376999999999999,-0.4982613198124658,-0.2787,-1.0010497157844995,-0.2907,-1.506667534356264,-0.2967000000000001,-1.972107552011861,-0.3016999999999999,-2.5705304318547717,-0.3047000000000001,-3.0656793868075347,-0.3067000000000001,-3.4915074880669104,-0.3087000000000001,-3.979582886520348,-0.3107000000000001,-4.575176343763529,-0.3117,-4.904804076632082,-0.3137,-5.646112797761361,-0.3147000000000001,-6.062037919921682,-0.3157,-6.513330824578629,-0.3167000000000001,-6.997162089132471,-0.3177,-7.495140466684964,-0.3187000000000001,-8.017168936335162,-0.3197,-8.574565188481987,-0.3207000000000001,-9.150352687527056,-0.3217,-9.737457876971048,-0.3217,-9.737457876971048,-0.3367000000000001,-19.70692840711996,-0.3507000000000001,-29.80796708815632,-0.3646999999999999,-39.82412309120078,-0.3797,-49.95345599823444
exp1179,-1500mV,0.0002999999999999,-0.5316485064892809,-0.2756999999999999,-0.9987861777047158,-0.0597,-1.499593977856939,-0.3027000000000001,-2.0159636023076772,-0.3087000000000001,-2.485647753862869,-0.3137,-3.013335068712528,-0.3177,-3.548095940061512,-0.3207000000000001,-4.024853648116029,-0.3227000000000001,-4.406825699079589,-0.3257,-5.03637222751953,-0.3277,-5.525862337272833,-0.3297,-6.0521349408226275,-0.3317,-6.639240130266617,-0.3327000000000001,-6.9646237292355755,-0.3347000000000001,-7.629538040172143,-0.3357,-7.976142308639078,-0.3367000000000001,-8.351040803103311,-0.3387000000000001,-9.133376151928676,-0.3397,-9.533739449790485,-0.3407000000000001,-9.956738128450128,-0.3587000000000001,-19.70692840711996,-0.3737,-29.864555540150924,-0.3877,-40.092918238175145,-0.4017,-50.3637222751953
exp1180,-1900mV,-0.5467000000000001,-0.5006663290222364,-0.5797,-1.010669752623582,-0.5977,-1.4812027309586933,-0.6117,-1.993328221509837,-0.6217,-2.4771594860636794,-0.6306999999999999,-2.999187955713878,-0.6386999999999999,-3.525460559263671,-0.6446999999999999,-4.04748902891387,-0.6507,-4.5171731804690625,-0.6557000000000001,-5.023639825820745,-0.6597000000000001,-5.477762153077422,-0.6647,-6.029499560024787,-0.6677000000000001,-6.428448146586726,-0.6717000000000001,-6.999991511732201,-0.6757000000000001,-7.565876031678216,-0.6787,-8.07517209962963,-0.6807,-8.399140987298722,-0.6837000000000001,-8.907022343950272,-0.6867,-9.50544522379318,-0.6897000000000001,-10.101038681036362,-0.7257000000000001,-19.820105311109163,-0.7496999999999999,-30.10505646112798,-0.7676999999999999,-39.83827020419943,-0.7827000000000001,-50.39201650119261
exp1181,-1400mV,0.0092999999999998,-0.5046275206618586,-0.0157,-1.001898542564419,-0.1287,-1.4967645552572086,-0.1637000000000001,-1.9777663972113213,-0.1827,-2.515356691160035,-0.1937000000000001,-3.0387998721100984,-0.2017000000000001,-3.4971663332663705,-0.2087,-4.0220242255163,-0.2137000000000001,-4.457755305874731,-0.2187,-4.955733683427223,-0.2237000000000001,-5.524447625972968,-0.2277000000000001,-6.012523024426406,-0.2307,-6.451083527384568,-0.2347,-7.057994675026669,-0.2376999999999999,-7.50504344578402,-0.2407,-8.065269120530575,-0.2427,-8.387823296899802,-0.2456999999999999,-8.993319733242037,-0.2476999999999999,-9.407830144102494,-0.2507,-10.074159166338926,-0.2827,-19.98987066709297,-0.3036999999999999,-29.977732444140123,-0.3207000000000001,-40.30512493315489,-0.3347000000000001,-50.29298671020206
exp1182,-1500mV,0.0032999999999998,-0.5083057700415077,-0.0157,-1.0069915032439332,-0.1827,-1.5038381117565338,-0.2396999999999999,-1.9890840876102416,-0.2596999999999999,-2.4870624651627344,-0.2727,-2.997773244414013,-0.2816999999999999,-3.4844339315675854,-0.2896999999999999,-3.995144710818863,-0.2956999999999999,-4.480390686672571,-0.3016999999999999,-5.01656626932142,-0.3067000000000001,-5.545668295470944,-0.3107000000000001,-6.009693601826676,-0.3147000000000001,-6.489280732480923,-0.3187000000000001,-7.059409386326533,-0.3217,-7.49938460058456,-0.3247000000000001,-7.967654040839887,-0.3277,-8.457144150593189,-0.3307000000000001,-9.02161395923934,-0.3337,-9.545057140189405,-0.3357,-9.99917946744608,-0.3717,-19.919135102099716,-0.3957,-29.80796708815632,-0.4157,-40.10706535117379,-0.4317000000000001,-49.72710219025603
exp1183,-1600mV,-0.0867000000000002,-0.5005248578922499,-0.2267,-0.987609958435782,-0.2547,-1.4953498439573436,-0.2716999999999999,-2.007475334508487,-0.2827,-2.4814036199632743,-0.2927,-3.0076762235130676,-0.3007000000000001,-3.4915074880669104,-0.3077,-4.024853648116029,-0.3137,-4.532735004767577,-0.3187000000000001,-4.998175022423175,-0.3237,-5.497568111275533,-0.3277,-5.941787459433154,-0.3327000000000001,-6.533136782776739,-0.3367000000000001,-7.033944582928963,-0.3397,-7.454113838988878,-0.3437,-8.042633739732734,-0.3467000000000001,-8.48543837659049,-0.3497,-8.966440218544603,-0.3527000000000001,-9.48280984299534,-0.3557,-9.962396973649588,-0.3977,-19.919135102099716,-0.4277000000000001,-30.161644913122583,-0.4507,-39.96559422118728,-0.4697000000000001,-49.74124930325469
exp1184,-1700mV,-0.2427,-0.5027883959720341,-0.3027000000000001,-1.0074159166338927,-0.3267000000000001,-1.4882762874580184,-0.3437,-2.011719468408082,-0.3557,-2.4927213103621946,-0.3657,-2.9864555540150928,-0.3746999999999999,-3.5212164253640763,-0.3817,-3.9838270204199433,-0.3886999999999999,-4.522832025668523,-0.3946999999999999,-5.026469248420476,-0.3997,-5.484835709576747,-0.4046999999999999,-5.978569953229646,-0.4097,-6.514745535878494,-0.4137,-6.970282574435036,-0.4177,-7.452699127689013,-0.4217000000000001,-7.959165773040696,-0.4257000000000001,-8.50241491218887,-0.4286999999999999,-8.936731281247436,-0.4327,-9.522421759391564,-0.4357000000000001,-9.992105910946751,-0.4827,-20.117194684080825,-0.5116999999999999,-30.00602667013743,-0.5327000000000001,-39.78168175220483,-0.5497,-49.79783775524929
exp1185,-1900mV,-0.4597000000000001,-0.5006663290222364,-0.5107,-0.9987861777047158,-0.5367000000000001,-1.5080822456561291,-0.5537,-1.9975723554094316,-0.5677,-2.5210155363594953,-0.5787000000000001,-2.999187955713878,-0.5887000000000001,-3.4801897976679905,-0.5987000000000001,-4.009291823817514,-0.6067000000000001,-4.4775612640728415,-0.6146999999999999,-4.998175022423175,-0.6217,-5.498982822575398,-0.6277,-5.98281408712924,-0.6337,-6.490695443780789,-0.6386999999999999,-6.956135461436385,-0.6437,-7.455528550288744,-0.6486999999999999,-8.001607112036647,-0.6527,-8.46280299579265,-0.6567,-8.945219549046627,-0.6607,-9.461589173497366,-0.6647,-10.014741291744594,-0.7127,-20.03231200608892,-0.7407,-30.147497800123933,-0.7607,-40.163653803168394,-0.7767000000000001,-50.1373684672169
exp1186,-1600mV,-0.3237,-0.5026469248420475,-0.3497,-0.9852049492260117,-0.3637,-1.4840321535584236,-0.3737,-1.9975723554094316,-0.3817,-2.5309185154585507,-0.3877,-3.003432089613473,-0.3926999999999999,-3.4603838394698796,-0.3977,-3.971094618721158,-0.4026999999999999,-4.545467406466363,-0.4066999999999999,-5.056178185717641,-0.4097,-5.470688596578097,-0.4137,-6.049305518222896,-0.4166999999999999,-6.527477937577279,-0.4197000000000001,-7.032529871629097,-0.4226999999999999,-7.563046609078486,-0.4246999999999999,-7.939359814842586,-0.4277000000000001,-8.522220870386981,-0.4297000000000001,-8.931072436047977,-0.4327,-9.573351366186705,-0.4347,-10.023229559543786,-0.4677000000000001,-19.904987989101063,-0.4907,-29.779672862159025,-0.5096999999999999,-39.73924041320888,-0.5267000000000001,-49.85442620724389
exp1187,-1500mV,-0.0077,0.4677035557353811,-0.0117,-1.0171774246029612,-0.0137,-1.6410651078434426,-0.0147000000000001,-1.9508868825138856,-0.0167000000000001,-2.460182950465299,-0.0187000000000001,-2.941184792419411,-0.0017,3.4872633541673155,-0.0237,-4.01636538031684,-0.0267000000000001,-4.511514335269602,-0.0297,-5.027883959720341,0.0012999999999998,5.460785617479042,-0.0367000000000001,-5.98564350972897,-0.0407000000000001,-6.489280732480923,-0.0447000000000001,-6.987259110033416,-0.0497,-7.546070073480105,-0.0537,-7.961995195640427,-0.0587000000000001,-8.472705974891705,-0.0637,-8.967854929844465,-0.0687000000000002,-9.450271483098444,0.0062999999999999,9.97654408664824,-0.2157000000000001,-19.98987066709297,-0.3717,-29.68064307116847,-0.3846999999999999,-39.42800392723857,-0.3946999999999999,-50.60422319617236
exp1188,-1400mV,0.0012999999999998,-0.4694012092952191,-0.0057,-1.0017570714344324,-0.0157,-1.4812027309586933,-0.0357,-1.9862546650105113,-0.1187,-2.50262428946125,-0.1917000000000001,-3.003432089613473,-0.2187,-3.4957516219665052,-0.2387,-4.0050476899179195,-0.2707,-4.500196644870682,-0.2907,-5.0094927128220945,-0.2976999999999999,-5.484835709576747,-0.3036999999999999,-6.043646673023436,-0.3067000000000001,-6.429862857886591,-0.3107000000000001,-7.0367740055286925,-0.3127000000000001,-7.428649035591308,-0.3157,-8.061024986630978,-0.3177,-8.580224033681448,-0.3197,-9.133376151928676,-0.3207000000000001,-9.450271483098444,-0.3227000000000001,-10.153382999131368,-0.3397,-20.414284057052477,-0.3487000000000001,-29.609907506175215,-0.3567000000000001,-39.41385681423992,-0.3646999999999999,-50.1656626932142
exp1189,-1500mV,-0.0067000000000001,-0.4818506687340315,-0.0237,-0.9968055818849048,-0.0947000000000002,-1.501008689156804,-0.2197000000000001,-2.001816489309027,-0.2887,-2.49696544426179,-0.3087000000000001,-2.999187955713878,-0.3187000000000001,-3.4971663332663705,-0.3257,-3.985241731719809,-0.3317,-4.532735004767577,-0.3357,-5.015151558021555,-0.3387000000000001,-5.42400312368255,-0.3427000000000001,-6.039402539123842,-0.3447000000000001,-6.428448146586726,-0.3477,-7.002820934331931,-0.3497,-7.48806691018564,-0.3517,-7.959165773040696,-0.3537,-8.533538560785903,-0.3557,-9.131961440628812,-0.3567000000000001,-9.440368503999393,-0.3587000000000001,-10.163285978230425,-0.3757,-19.834252424107817,-0.3866999999999999,-30.260674704113132,-0.3957,-40.36171338514949,-0.4037,-49.543189721273585
exp1190,-1800mV,-0.5307000000000001,-0.5005248578922499,-0.5597,-1.0079818011538386,-0.5757,-1.4925204213576138,-0.5877,-2.007475334508487,-0.5967000000000001,-2.5266743815589554,-0.6037,-3.009090934812933,-0.6097,-3.505654601065561,-0.6146999999999999,-3.962606350921967,-0.6197,-4.520002603068792,-0.6237,-4.975539641625334,-0.6277,-5.531521182472294,-0.6306999999999999,-5.933299191633965,-0.6337,-6.428448146586726,-0.6377,-7.065068231525992,-0.6397,-7.478163931086583,-0.6426999999999999,-8.0440484510326,-0.6446999999999999,-8.47129126359184,-0.6477,-9.08103183383367,-0.6497,-9.593157324384812,-0.6517000000000001,-10.007667735245269,-0.6807,-20.00401778009162,-0.6997000000000001,-29.977732444140123,-0.7147,-40.00803556018324,-0.7277000000000001,-50.109074241219595
exp1191,-1500mV,-0.0447000000000001,-0.4984027909424524,-0.3007000000000001,-0.9908637944254716,-0.3217,-1.5094969569559942,-0.3317,-2.0315254266061924,-0.3377,-2.5408214945576058,-0.3417,-3.043044006009694,-0.3447000000000001,-3.509898734965156,-0.3467000000000001,-3.927238568425342,-0.3487000000000001,-4.381360895682018,-0.3507000000000001,-4.959977817326819,-0.3527000000000001,-5.624892128263387,-0.3537,-5.992717066228296,-0.3547000000000001,-6.400153920589426,-0.3557,-6.857105670445833,-0.3567000000000001,-7.342351646299541,-0.3577,-7.840330023852035,-0.3587000000000001,-8.375090895201017,-0.3597,-8.956537239445547,-0.3607000000000001,-9.570521943586972,-0.3617,-10.20431260592651,-0.3757,-20.187930249074075,-0.3877,-29.80796708815632,-0.3986999999999999,-39.95144710818864,-0.4086999999999999,-50.2505453712061
exp1192,-1500mV,-0.0057,0.4300722351589711,-0.0037,1.040378689920748,-0.0137,-1.4373466806628774,-0.0167000000000001,-1.9409839034148304,-0.0207000000000001,-2.4983801555616547,-0.0247000000000001,-2.997773244414013,-0.0297,-3.4462367264712297,-0.0347000000000001,-3.9809975978202137,-0.0407000000000001,-4.534149716067443,-0.0457,-4.954318972127359,-0.0517,-5.466444462678503,-0.0577,-5.978569953229646,-0.0647000000000002,-6.514745535878494,-0.0707000000000002,-7.007065068231526,-0.2927,-7.500799311884425,-0.0827000000000002,-7.997362978137053,-0.3167000000000001,-8.503829623488736,-0.0947000000000002,-9.006052134940823,-0.1007000000000002,-9.504030512493316,-0.3367000000000001,-10.007667735245269,-0.3846999999999999,-20.202077362072725,-0.3966999999999999,-29.73723152316307,-0.4046999999999999,-39.86656443019674,-0.4106999999999999,-50.1939569192115
exp1193,-1800mV,-0.4157,-0.5012322135421824,-0.5056999999999999,-1.002181484824392,-0.5307000000000001,-1.4826174422585583,-0.5417,-2.001816489309027,-0.5487000000000001,-2.5266743815589554,-0.5537,-3.0260674704113137,-0.5577,-3.4971663332663705,-0.5617,-4.01070653511738,-0.5657,-4.566688075964338,-0.5687000000000001,-5.027883959720341,-0.5717,-5.552741851970269,-0.5737,-5.913493233435854,-0.5767000000000001,-6.521819092377819,-0.5787000000000001,-6.950476616236925,-0.5807000000000001,-7.425819612991578,-0.5827000000000001,-7.940774526142452,-0.5847000000000001,-8.467047129692245,-0.5867000000000001,-9.06688472083502,-0.5877,-9.376706495505465,-0.5897,-10.010497157845,-0.6137,-20.07475334508487,-0.6326999999999999,-29.822114201154974,-0.6507,-40.191948029165694,-0.6657000000000001,-49.78369064225064
exp1194,-1900mV,-0.6017,-0.504203107271899,-0.6326999999999999,-1.005576791944068,-0.6537000000000001,-1.512326379555724,-0.6697000000000001,-2.014548891007812,-0.6817000000000001,-2.4842330425630044,-0.6927,-2.9878702653149576,-0.7017000000000001,-3.4702868185689346,-0.7097000000000001,-3.969679907421293,-0.7167,-4.467658284973785,-0.7227,-4.9571483947270885,-0.7287,-5.517374069473643,-0.7337000000000001,-6.040817250423707,-0.7376999999999999,-6.511916113278764,-0.7416999999999999,-7.008479779531392,-0.7456999999999999,-7.555973052579161,-0.7487,-8.008680668535973,-0.7516999999999999,-8.486853087890356,-0.7547,-9.024443381839069,-0.7576999999999999,-9.557789541888187,-0.7596999999999999,-9.944005726751344,-0.7927000000000001,-19.93328221509837,-0.8117,-29.878702653149578,-0.8267000000000001,-40.17780091616704,-0.8387000000000001,-49.86857332024254
exp1195,-1900mV,-0.6547,-0.4954318972127358,-0.6847,-1.0074159166338927,-0.7007,-1.5038381117565338,-0.7117000000000001,-1.9947429328097015,-0.7207,-2.5309185154585507,-0.7267,-2.973723152316307,-0.7327,-3.499995755866101,-0.7376999999999999,-4.01636538031684,-0.7416999999999999,-4.488878954471762,-0.7456999999999999,-5.017980980621284,-0.7487,-5.4551267722795815,-0.7516999999999999,-5.938958036833425,-0.7547,-6.460986506483622,-0.7576999999999999,-7.0297004490293675,-0.7596999999999999,-7.439966725990228,-0.7627,-8.09497805782774,-0.7647,-8.567491631982662,-0.7667,-9.068299432134886,-0.7687,-9.587498479185356,-0.7696999999999999,-9.86761131655863,-0.7957,-20.06060623208622,-0.8117,-29.836261314153624,-0.8247000000000001,-39.96559422118728,-0.8357,-49.88272043324119
exp1196,-2000mV,-0.6747,-0.4965636662526278,-0.7187,-1.0028888404743244,-0.7427,-1.5094969569559942,-0.7576999999999999,-1.9919135102099716,-0.7696999999999999,-2.5238449589592253,-0.7777,-2.973723152316307,-0.7857,-3.5297046931632665,-0.7917,-4.020609514216435,-0.7967000000000001,-4.493123088371357,-0.8017,-5.0292986710202054,-0.8057,-5.511715224274183,-0.8097,-6.037987827823977,-0.8127000000000001,-6.463815929083352,-0.8157,-6.929255946738949,-0.8187000000000001,-7.424404901691712,-0.8217,-7.956336350440965,-0.8247000000000001,-8.529294426886306,-0.8267000000000001,-8.933901858647706,-0.8297,-9.574766077486569,-0.8317,-10.02181484824392,-0.8617,-19.98987066709297,-0.8797,-30.274821817111786,-0.8917,-39.79582886520348,-0.9027,-50.49104629218317
exp1197,-2000mV,-0.6687,-0.5043445784018855,-0.7117000000000001,-1.00670856098396,-0.7367,-1.4953498439573436,-0.7547,-2.0004017780091616,-0.7676999999999999,-2.485647753862869,-0.7787000000000001,-3.000602667013743,-0.7877,-3.5113134462650213,-0.7947000000000001,-3.9767534639206183,-0.8017,-4.512929046569467,-0.8077,-5.034957516219666,-0.8127000000000001,-5.521618203373238,-0.8167000000000001,-5.947446304632614,-0.8217,-6.523233803677684,-0.8257,-7.0367740055286925,-0.8287000000000001,-7.447040282489553,-0.8327000000000001,-8.031316049333814,-0.8357,-8.49958548958914,-0.8387000000000001,-9.004637423640958,-0.8417,-9.533739449790485,-0.8437,-9.914296789454175,-0.8786999999999999,-19.862546650105116,-0.8977,-30.11920357412663,-0.9097,-40.06462401217784,-0.9187,-49.88272043324119
exp1198,-2000mV,-0.6877000000000001,-0.4982613198124658,-0.7387,-1.0035961961242568,-0.7676999999999999,-1.506667534356264,-0.7867000000000001,-1.9862546650105113,-0.8017,-2.49696544426179,-0.8137,-3.0147497800123935,-0.8227000000000001,-3.4858486428674507,-0.8307000000000001,-3.971094618721158,-0.8387000000000001,-4.532735004767577,-0.8447000000000001,-5.01090742412196,-0.8507000000000001,-5.545668295470944,-0.8557,-6.042231961723571,-0.8597,-6.470889485582678,-0.8637,-6.941988348437734,-0.8677,-7.452699127689013,-0.8717,-8.004436534636376,-0.8746999999999999,-8.458558861893053,-0.8777,-8.933901858647706,-0.8806999999999999,-9.451686194398311,-0.8837,-10.003423601345672,-0.9157,-19.876693763103766,-0.9297,-30.10505646112798,-0.9367,-39.258238571254765,,
exp1199,-1700mV,-0.0577,-0.4985442620724389,-0.3397,-1.0003423601345676,-0.3646999999999999,-1.512326379555724,-0.3797,-2.001816489309027,-0.3906999999999999,-2.4983801555616547,-0.3997,-2.989284976614823,-0.4077,-3.492922199366775,-0.4146999999999999,-4.0220242255163,-0.4206999999999999,-4.5171731804690625,-0.4266999999999999,-5.03071338232007,-0.4317000000000001,-5.523032914673103,-0.4367,-6.021011292225596,-0.4417000000000001,-6.540210339276065,-0.4457000000000001,-7.062238808926263,-0.4497000000000001,-7.48523748758591,-0.4537000000000001,-8.012924802435567,-0.4577000000000001,-8.52505029298671,-0.4607,-8.994734444541903,-0.4647,-9.522421759391564,-0.4677000000000001,-10.007667735245269,-0.5127,-20.159636023076775,-0.5347000000000001,-29.779672862159025,-0.5507000000000001,-39.86656443019674,-0.5647000000000001,-49.71295507725739
exp1200,-1600mV,-0.1867000000000001,-0.5003833867622635,-0.2627,-1.0002008890045808,-0.2856999999999999,-1.4967645552572086,-0.3016999999999999,-1.9989870667092968,-0.3127000000000001,-2.49413602166206,-0.3217,-3.013335068712528,-0.3287000000000001,-3.5183870027643462,-0.3347000000000001,-3.988071154319539,-0.3407000000000001,-4.503026067470412,-0.3457,-5.017980980621284,-0.3497,-5.453712060979717,-0.3547000000000001,-6.063452631221548,-0.3587000000000001,-6.557186874874445,-0.3617,-6.970282574435036,-0.3646999999999999,-7.444210859889823,-0.3686999999999999,-8.012924802435567,-0.3717,-8.519391447787251,-0.3746999999999999,-9.03293164963826,-0.3777,-9.549301274088998,-0.3797,-9.932688036352424,-0.4237000000000001,-20.13134179707947,-0.4547,-30.204086252118536,-0.4787,-39.92315288219133,-0.5007,-49.93930888523579
exp1201,-1400mV,0.0112999999999998,-0.4948660126927898,0.0102999999999999,-0.9124887884129486,0.0062999999999999,-1.5547677185516753,-0.0037,-1.9975723554094316,-0.1397000000000001,-2.5012095781613843,-0.1757000000000002,-2.996358533114148,-0.1907000000000001,-3.4872633541673155,-0.2017000000000001,-3.992315288219133,-0.2087,-4.476146552772976,-0.2157000000000001,-5.015151558021555,-0.2217000000000001,-5.5272770485726985,-0.2257000000000001,-5.98281408712924,-0.2297000000000001,-6.445424682185107,-0.2337000000000001,-7.018382758630446,-0.2376999999999999,-7.5743642994774065,-0.2407,-8.046877873632328,-0.2427,-8.411873388997508,-0.2456999999999999,-8.965025507244738,-0.2487,-9.566277809687378,-0.2507,-9.946835149351072,-0.2827,-19.93328221509837,-0.3027000000000001,-29.878702653149578,-0.3187000000000001,-40.26268359415894,-0.3317,-50.1373684672169
exp1202,-1800mV,-0.2716999999999999,-0.5001004445022904,-0.3237,-1.0040206095142166,-0.3537,-1.5080822456561291,-0.3766999999999999,-1.9975723554094316,-0.3946999999999999,-2.4884771764625997,-0.4117,-2.977967286215902,-0.4246999999999999,-3.499995755866101,-0.4377000000000001,-4.0050476899179195,-0.4497000000000001,-4.501611356170546,-0.4597000000000001,-5.01656626932142,-0.4687,-5.535765316371888,-0.4777000000000001,-6.018181869625866,-0.4857000000000001,-6.5317220714768744,-0.4916999999999999,-7.033944582928963,-0.4996999999999999,-7.512117002283345,-0.5047,-8.001607112036647,-0.5107,-8.45431472799346,-0.5167,-9.011710980140284,-0.5227,-9.518177625491967,-0.5267000000000001,-9.959567551049858,-0.6027000000000001,-19.961576441095666,-0.6457,-29.96358533114148,-0.6727,-39.92315288219133,-0.6917000000000001,-49.62807239926549
exp1203,-1400mV,0.0022999999999999,-0.4014950669016974,0.0012999999999998,-0.9047078762636908,0.0052999999999998,1.3908026788973176,-0.0017,-2.011719468408082,-0.0037,-2.6511689759470785,0.0072999999999998,3.0713382320069944,-0.0077,-3.541022383562187,-0.0107000000000001,-4.0644655645122505,-0.0147000000000001,-4.551126251665823,-0.0217,-5.020810403221016,-0.0337,-5.506056379074723,-0.0847000000000002,-5.99413177752816,-0.1277000000000001,-6.492110155080653,-0.1567,-6.995747377832608,-0.1777000000000002,-7.480993353686313,-0.1937000000000001,-8.024242492834487,0.0112999999999998,8.48826779919022,-0.2137000000000001,-9.01029626884042,-0.2207,-9.50544522379318,-0.2267,-9.959567551049858,-0.2816999999999999,-20.03231200608892,-0.3056999999999999,-29.949438218142824,-0.3217,-39.83827020419943,-0.3347000000000001,-50.024191563227696
exp1204,-1400mV,0.0112999999999998,-0.4793041883942744,0.0102999999999999,-0.9709163650973748,0.0082999999999999,-1.4967645552572086,0.0032999999999998,-1.9989870667092968,-0.0117,-2.5012095781613843,-0.1557000000000001,-2.996358533114148,-0.1817000000000002,-3.4971663332663705,-0.1957000000000001,-3.9937299995189983,-0.2057000000000001,-4.512929046569467,-0.2127,-4.98827204332412,-0.2187,-5.459370906179177,-0.2247,-6.043646673023436,-0.2287,-6.518989669778089,-0.2327,-7.035359294228828,-0.2357000000000001,-7.478163931086583,-0.2396999999999999,-8.07517209962963,-0.2416999999999999,-8.467047129692245,-0.2447,-8.980587331543253,-0.2476999999999999,-9.586083767885489,-0.2496999999999999,-9.977958797948103,-0.2807,-19.919135102099716,-0.2996999999999999,-29.708937297165768,-0.3147000000000001,-39.83827020419943,-0.3277,-50.23639825820745
exp1205,-1400mV,0.0092999999999998,-0.4585079322862584,0.0022999999999999,-1.0173188957329478,-0.0097,-1.4911057100577487,-0.0517,-2.0060606232086218,-0.1407,-2.4927213103621946,-0.1727,-3.002017378313608,-0.1887000000000001,-3.4830192202677206,-0.1997000000000001,-3.992315288219133,-0.2087,-4.487464243171897,-0.2157000000000001,-5.03637222751953,-0.2217000000000001,-5.474932730477692,-0.2277000000000001,-6.018181869625866,-0.2317000000000001,-6.460986506483622,-0.2367,-7.045262273327882,-0.2396999999999999,-7.428649035591308,-0.2436999999999999,-7.964824618240158,-0.2467,-8.448655882793998,-0.2496999999999999,-8.929657724748111,-0.2527,-9.421977257101144,-0.2556999999999999,-10.007667735245269,-0.2916999999999999,-19.961576441095666,-0.3137,-29.864555540150924,-0.3307000000000001,-40.06462401217784,-0.3447000000000001,-50.12322135421825
exp1206,-1700mV,-0.0497,-0.4951489549527627,-0.2287,-0.9994935333546484,-0.2967000000000001,-1.5080822456561291,-0.3217,-2.0032312006088917,-0.3387000000000001,-2.51111255726044,-0.3517,-2.997773244414013,-0.3626999999999999,-3.525460559263671,-0.3717,-4.006462401217783,-0.3797,-4.505855490070142,-0.3866999999999999,-4.998175022423175,-0.3926999999999999,-5.469273885278232,-0.3986999999999999,-5.97149639673032,-0.4046999999999999,-6.499183711579978,-0.4097,-6.984429687433686,-0.4146999999999999,-7.49655517798483,-0.4197000000000001,-8.042633739732734,-0.4237000000000001,-8.5052443347886,-0.4277000000000001,-8.982002042843117,-0.4317000000000001,-9.472906863896286,-0.4357000000000001,-9.98503235444743,-0.4927,-20.00401778009162,-0.5297,-30.06261512213203,-0.5567000000000001,-40.07877112517649,-0.5777,-49.95345599823444
exp1207,-1600mV,-0.2376999999999999,-0.5020810403221014,-0.2967000000000001,-1.0026058982143515,-0.3197,-1.4882762874580184,-0.3357,-2.0032312006088917,-0.3467000000000001,-2.4771594860636794,-0.3567000000000001,-3.004846800913338,-0.3646999999999999,-3.4985810445662353,-0.3717,-4.009291823817514,-0.3777,-4.508684912669872,-0.3826999999999999,-4.965636662526279,-0.3877,-5.463615040078771,-0.3926999999999999,-6.01393773572627,-0.3966999999999999,-6.4850365985813285,-0.4006999999999999,-6.9915032439330105,-0.4046999999999999,-7.553143629979432,-0.4077,-8.022827781534623,-0.4106999999999999,-8.482608953990761,-0.4137,-8.994734444541903,-0.4166999999999999,-9.530910027190751,-0.4186999999999999,-9.911467366854446,-0.4557000000000001,-19.890840876102416,-0.4797000000000001,-29.85040842715227,-0.4996999999999999,-40.23438936816165,-0.5167,-50.1373684672169
exp1208,-1400mV,0.0042999999999999,-0.4518587891768927,0.0092999999999998,0.9569107232287108,-0.0037,-1.506667534356264,-0.0107000000000001,-1.9947429328097015,-0.0237,-2.506868423360845,-0.0537,-3.003432089613473,-0.1347,-3.5014104671659654,-0.1777000000000002,-3.996559422118728,-0.1926999999999999,-4.478975975372705,-0.2027,-4.995345599823445,-0.2097000000000001,-5.491909266076072,-0.2157000000000001,-5.99696120012789,-0.2217000000000001,-6.538795627976199,-0.2257000000000001,-7.008479779531392,-0.2297000000000001,-7.52484940398213,-0.2327,-7.939359814842586,-0.2367,-8.540612117285226,-0.2396999999999999,-9.08952010163286,-0.2416999999999999,-9.453100905698175,-0.2447,-10.081232722838251,-0.2767,-20.01816489309027,-0.2956999999999999,-29.96358533114148,-0.3097,-39.86656443019674,-0.3217,-49.68466085126009
exp1209,-1400mV,0.0082999999999999,-0.3311839152984051,0.0062999999999999,-1.0028888404743244,0.0042999999999999,-1.4698850405597732,0.0012999999999998,-1.9537163051136155,-0.0027000000000001,-2.4559388165657037,-0.0087000000000001,-3.0204086252118536,-0.0157,-3.508484023665291,-0.0257,-3.9809975978202137,-0.0417,-4.5171731804690625,-0.0657,-5.01373684672169,-0.0917000000000001,-5.4947386886758025,-0.1237000000000001,-6.00262004532735,-0.1407,-6.482207175981599,-0.1547,-6.981600264833956,-0.1647,-7.506458157083885,-0.1717000000000001,-8.008680668535973,-0.1787,-8.46846184099211,-0.1847000000000001,-8.969269641144333,-0.1897000000000002,-9.532324738490615,-0.1937000000000001,-9.9822029318477,-0.2407,-20.08890045808352,-0.2636999999999999,-30.03432089613473,-0.2796999999999999,-39.66850484821563,-0.2927,-49.68466085126009
exp1210,-1500mV,0.0002999999999999,-0.540419716548444,-0.0037,-0.9728969609171856,-0.0117,-1.5278882038542394,-0.0247000000000001,-1.9890840876102416,-0.0647000000000002,-2.50262428946125,-0.1317000000000001,-2.999187955713878,-0.1627,-3.4971663332663705,-0.1817000000000002,-4.006462401217783,-0.1946999999999999,-4.486049531872031,-0.2047,-4.979783775524929,-0.2127,-5.479176864377286,-0.2207,-6.019596580925731,-0.2267,-6.504842556779439,-0.2327,-7.045262273327882,-0.2376999999999999,-7.53333767178132,-0.2416999999999999,-7.966239329540022,-0.2467,-8.546270962484687,-0.2507,-9.031516938338395,-0.2536999999999999,-9.43753908139966,-0.2576999999999999,-10.026058982143516,-0.3036999999999999,-20.13134179707947,-0.3317,-30.09090934812933,-0.3537,-40.092918238175145,-0.3726999999999999,-49.88272043324119
exp1211,-1400mV,0.0072999999999998,-0.620492376120805,0.0062999999999999,-0.9419147834501416,0.0032999999999998,-1.5491088733522151,0.0012999999999998,-1.952301593813751,-0.0027000000000001,-2.4432064148669186,-0.0087000000000001,-3.0175792026121235,-0.0177,-3.522631136663941,-0.0327000000000001,-4.0121212464172435,-0.0647000000000002,-4.507270201370006,-0.1127,-5.002419156322769,-0.1377000000000001,-5.508885801674452,-0.1527,-5.99130235492843,-0.1637000000000001,-6.527477937577279,-0.1727,-7.022626892530043,-0.1787,-7.469675663287394,-0.1847000000000001,-8.003021823336512,-0.1897000000000002,-8.495341355689545,-0.1946999999999999,-9.05273760783637,-0.1987,-9.543642428889536,-0.2017000000000001,-9.925614479853095,-0.2427,-19.919135102099716,-0.2636999999999999,-29.75137863616172,-0.2796999999999999,-40.06462401217784,-0.2916999999999999,-49.74124930325469
exp1212,-1400mV,0.0082999999999999,0.4556785096865283,0.0022999999999999,-0.9197038160422604,-0.0017,-1.5208146473549145,-0.0057,-1.9763516859114565,-0.0127000000000001,-2.512527268560305,-0.0207000000000001,-3.002017378313608,-0.0347000000000001,-3.5169722914644814,-0.0587000000000001,-3.9767534639206183,-0.0897000000000001,-4.5171731804690625,-0.1147,-5.01373684672169,-0.1307,-5.503226956474993,-0.1437000000000001,-5.97998466452951,-0.1537000000000001,-6.476548330782138,-0.1617000000000001,-6.9915032439330105,-0.1687,-7.456943261588608,-0.1747,-7.9690687521397505,-0.1807,-8.529294426886306,-0.1857000000000002,-9.048493473936777,-0.1897000000000002,-9.47998042039561,-0.1937000000000001,-9.948249860650938,-0.2396999999999999,-19.947429328097016,-0.2636999999999999,-29.991879557138777,-0.2807,-40.23438936816165,-0.2936999999999999,-49.89686754623985
exp1213,-1400mV,-0.0137,-0.5071740010016156,-0.0247000000000001,-0.985346420355998,-0.0427000000000001,-1.498179266557074,-0.0627000000000002,-1.9947429328097015,-0.0827000000000002,-2.49979486686152,-0.0987000000000002,-3.000602667013743,-0.1117000000000001,-3.4943369106666404,-0.1237000000000001,-3.986656443019674,-0.1347,-4.522832025668523,-0.1437000000000001,-4.967051373826144,-0.1527,-5.473518019177827,-0.1607,-5.98564350972897,-0.1687,-6.482207175981599,-0.1757000000000002,-6.994332666532741,-0.1827,-7.495140466684964,-0.1887000000000001,-7.966239329540022,-0.1946999999999999,-8.48543837659049,-0.2007,-9.03293164963826,-0.2057000000000001,-9.495542244694128,-0.2107,-9.99635004484635,-0.2736999999999999,-20.10304757108217,-0.3027000000000001,-30.17579202612123,-0.3227000000000001,-40.191948029165694,-0.3387000000000001,-50.15151558021555
exp1214,-1500mV,-0.0017,-0.5122669616811297,-0.0307000000000001,-1.005293849684095,-0.0757000000000001,-1.4911057100577487,-0.1157000000000001,-2.0032312006088917,-0.1457000000000001,-2.49979486686152,-0.1717000000000001,-3.013335068712528,-0.1937000000000001,-3.502825178465831,-0.2097000000000001,-3.996559422118728,-0.2217000000000001,-4.4973672222709515,-0.2317000000000001,-4.986857332024254,-0.2407,-5.523032914673103,-0.2467,-5.978569953229646,-0.2527,-6.466645351683083,-0.2587,-7.004235645631797,-0.2636999999999999,-7.5418259395805105,-0.2676999999999999,-8.028486626734082,-0.2716999999999999,-8.532123849486036,-0.2756999999999999,-9.06971414343475,-0.2787,-9.48563926559507,-0.2816999999999999,-9.97654408664824,-0.3257,-19.876693763103766,-0.3537,-29.80796708815632,-0.3757,-39.96559422118728,-0.3946999999999999,-50.179809806212845
exp1215,-1400mV,-0.0037,0.5938958036833424,-0.0057,-0.9204111716921928,-0.0027000000000001,1.3990080044365347,-0.0077,-2.249390966785408,-0.0017,2.257879234584599,-0.0087000000000001,-2.8322520223298033,-0.0097,-3.3981365422758185,-0.0107000000000001,-3.971094618721158,-0.0117,-4.494537799671222,-0.0127000000000001,-4.952904260827493,0.0012999999999998,5.382976495986464,-0.0147000000000001,-5.804560463346245,0.0022999999999999,6.554357452274714,-0.0177,-7.001406223032068,-0.0197,-7.6069026593743025,-0.0207000000000001,-7.930871547043396,-0.0227000000000001,-8.515147313887656,-0.0247000000000001,-9.01595511403988,-0.0267000000000001,-9.553545407988592,-0.0287000000000001,-9.956738128450128,-0.1966999999999999,-20.03231200608892,-0.2476999999999999,-30.07676223513068,-0.2707,-40.00803556018324,-0.2867,-49.98175022423175
exp1216,-1600mV,-0.0137,-0.5186331625305225,-0.0417,-0.9975129375348374,-0.0967000000000002,-1.498179266557074,-0.1477000000000001,-1.9876693763103763,-0.1957000000000001,-2.49979486686152,-0.2327,-2.9878702653149576,-0.2547,-3.509898734965156,-0.2696999999999999,-3.9979741334185936,-0.2816999999999999,-4.483220109272302,-0.2916999999999999,-4.995345599823445,-0.2996999999999999,-5.503226956474993,-0.3077,-6.030914271324651,-0.3137,-6.493524866380518,-0.3197,-7.004235645631797,-0.3257,-7.53616709438105,-0.3307000000000001,-8.028486626734082,-0.3357,-8.542026828585092,-0.3397,-8.994734444541903,-0.3437,-9.440368503999393,-0.3487000000000001,-10.051523785541084,-0.4066999999999999,-20.01816489309027,-0.4427,-29.921143992145527,-0.4697000000000001,-39.97974133418594,-0.4916999999999999,-50.1939569192115
exp1217,-1600mV,0.0062999999999999,-0.5051934051818046,-0.0467000000000001,-0.9987861777047158,-0.1977000000000001,-1.502423400456669,-0.2396999999999999,-2.013134179707947,-0.2627,-2.50828313466071,-0.2776999999999999,-2.994943821814283,-0.2887,-3.46887210726907,-0.2987000000000001,-3.9767534639206183,-0.3077,-4.510099623969737,-0.3147000000000001,-5.00807800152223,-0.3217,-5.534350605072024,-0.3277,-6.019596580925731,-0.3327000000000001,-6.470889485582678,-0.3377,-6.9575501727362505,-0.3427000000000001,-7.471090374587258,-0.3477,-8.019998358934892,-0.3517,-8.472705974891705,-0.3557,-8.986246176742714,-0.3597,-9.504030512493316,-0.3637,-10.028888404743244,-0.4177,-19.890840876102416,-0.4547,-30.13335068712528,-0.4817000000000001,-40.03632978618054,-0.5036999999999999,-49.98175022423175
exp1218,-1400mV,0.0102999999999999,-0.041352011295055,0.0092999999999998,-1.195996932905902,0.0112999999999998,1.6382356852437123,0.0082999999999999,-1.9777663972113213,0.0072999999999998,-2.5379920719578757,0.0062999999999999,-2.9539171941181968,0.0042999999999999,-3.580634299958408,0.0022999999999999,-4.0715391210115754,-0.0007000000000001,-4.559614519465013,-0.0047000000000001,-5.002419156322769,-0.0097,-5.4622003287789065,-0.0177,-6.005449467927082,-0.0347000000000001,-6.503427845479574,-0.0597,-6.98584439873355,-0.0937000000000001,-7.51353171358321,-0.1127,-8.005851245936244,-0.1297000000000001,-8.498170778289277,-0.1407,-8.979172620243387,-0.1497000000000001,-9.515348202892236,-0.1557000000000001,-9.997764756146214,-0.2097000000000001,-20.046459119087572,-0.2317000000000001,-30.161644913122583,-0.2467,-40.220242255162994,-0.2576999999999999,-49.88272043324119
exp1219,-1400mV,-0.0017,0.5098619524713591,-0.0197,-1.024958336752219,-0.0287000000000001,-1.4967645552572086,-0.0397,-1.9904987989101068,0.0082999999999999,2.4884771764625997,-0.0667000000000002,-3.004846800913338,-0.0787000000000002,-3.509898734965156,-0.0897000000000001,-4.006462401217783,-0.0997000000000001,-4.527076159568118,-0.1087000000000002,-4.991101465923849,-0.1177000000000001,-5.524447625972968,-0.1247,-6.01393773572627,-0.1317000000000001,-6.502013134179709,-0.1387,-7.009894490831256,-0.1447,-7.52767882658186,-0.1507,-8.008680668535973,-0.1567,-8.491097221789948,-0.1617000000000001,-8.95795195074541,-0.1677000000000001,-9.48280984299534,-0.1727,-9.962396973649588,-0.2516999999999999,-20.03231200608892,-0.2867,-29.977732444140123,-0.3087000000000001,-40.23438936816165,-0.3247000000000001,-50.26469248420475
exp1220,-1400mV,0.0022999999999999,-0.5291020261495237,0.0002999999999999,-0.9792631617665783,-0.0027000000000001,-1.5561824298515403,-0.0057,-1.967863418112266,0.0092999999999998,2.5266743815589554,-0.0157,-2.994943821814283,-0.0227000000000001,-3.4858486428674507,-0.0357,-3.989485865619403,-0.0527000000000001,-4.518587891768927,-0.0777000000000001,-4.99958973372304,-0.1017000000000001,-5.480591575677152,-0.1217000000000001,-5.984228798429105,-0.1367,-6.504842556779439,-0.1487,-7.014138624730852,-0.1587,-7.516361136182939,-0.1667,-8.000192400736783,-0.1747,-8.51656202518752,-0.1807,-8.965025507244738,-0.1867000000000001,-9.487053976894938,-0.1917000000000001,-10.011911869144866,-0.2476999999999999,-20.14548891007812,-0.2736999999999999,-29.96358533114148,-0.2927,-40.24853648116029,-0.3067000000000001,-49.69880796425874
exp1221,-1500mV,0.0072999999999998,0.4984027909424524,-0.0117,-0.9992105910946756,-0.0327000000000001,-1.501008689156804,-0.0927000000000002,-2.004645911908757,-0.1527,-2.49696544426179,-0.1787,-2.997773244414013,-0.1946999999999999,-3.4872633541673155,-0.2067,-3.985241731719809,-0.2167,-4.508684912669872,-0.2247,-4.99393088852358,-0.2317000000000001,-5.4947386886758025,-0.2376999999999999,-5.968666974130589,-0.2436999999999999,-6.504842556779439,-0.2487,-7.007065068231526,-0.2536999999999999,-7.544655362180241,-0.2576999999999999,-8.025657204134353,-0.2616999999999999,-8.532123849486036,-0.2656999999999999,-9.068299432134886,-0.2687,-9.47432157519615,-0.2727,-10.062841475940006,-0.3197,-19.98987066709297,-0.3507000000000001,-29.864555540150924,-0.3757,-39.86656443019674,-0.3977,-50.2788395972034
exp1222,-1400mV,0.0102999999999999,-0.1566085408950595,0.0112999999999998,0.8788186594761607,0.0082999999999999,-1.3483613399013663,0.0062999999999999,-2.116408104598095,0.0122999999999999,2.509697845960575,0.0022999999999999,-2.9694790184167124,-0.0017,-3.4915074880669104,-0.0087000000000001,-4.01636538031684,-0.0237,-4.498781933570816,-0.0757000000000001,-4.996760311123309,-0.1297000000000001,-5.5003975338752635,-0.1537000000000001,-6.018181869625866,-0.1657000000000001,-6.503427845479574,-0.1767,-7.005650356931662,-0.1847000000000001,-7.520605270082535,-0.1907000000000001,-8.027071915434218,-0.1966999999999999,-8.517976736487388,-0.2007,-8.982002042843117,-0.2057000000000001,-9.515348202892236,-0.2097000000000001,-10.05010907424122,-0.2516999999999999,-19.947429328097016,-0.2736999999999999,-29.935291105144177,-0.2896999999999999,-40.07877112517649,-0.3016999999999999,-49.62807239926549
exp1223,-1400mV,0.0092999999999998,0.578333979384827,0.0062999999999999,-1.041793401220613,0.0102999999999999,1.433102546763282,0.0032999999999998,-1.9423986147146952,0.0002999999999999,-2.4983801555616547,-0.0037,-2.9921143992145525,-0.0107000000000001,-3.475945663768395,-0.0267000000000001,-4.006462401217783,-0.0567000000000001,-4.514343757869332,-0.0857000000000001,-4.992516177223715,-0.1057000000000001,-5.487665132176478,-0.1197000000000001,-5.987058221028835,-0.1307,-6.483621887281464,-0.1407,-6.998576800432337,-0.1487,-7.48806691018564,-0.1557000000000001,-7.993118844237457,-0.1627,-8.50241491218887,-0.1687,-9.006052134940823,-0.1747,-9.515348202892236,-0.1797000000000002,-10.031717827342977,-0.2357000000000001,-19.947429328097016,-0.2636999999999999,-30.161644913122583,-0.2827,-40.163653803168394,-0.2976999999999999,-49.93930888523579
exp1224,-1500mV,-0.0647000000000002,0.4896315808832892,-0.0597,0.9921370345953502,-0.0867000000000002,-1.498179266557074,-0.0927000000000002,-1.9919135102099716,-0.0987000000000002,-2.465841795664759,-0.1057000000000001,-2.9921143992145525,-0.1127,-3.5297046931632665,-0.1197000000000001,-4.023438936816164,-0.0307000000000001,4.5369791386671725,-0.0277,4.9826131981246595,-0.1407,-5.5003975338752635,-0.1477000000000001,-6.001205334027486,-0.1547,-6.4793777533818675,-0.1627,-7.026871026429637,-0.1697000000000001,-7.492311044085233,-0.1767,-7.971898174739481,-0.1847000000000001,-8.52505029298671,-0.1917000000000001,-9.030102227038528,-0.1987,-9.495542244694128,-0.2057000000000001,-9.97654408664824,-0.3117,-19.98987066709297,-0.3537,-29.935291105144177,-0.3826999999999999,-39.83827020419943,-0.4077,-49.967603111233096
exp1225,-1700mV,-0.0857000000000001,-0.4991101465923849,-0.1317000000000001,-1.0024644270843648,-0.1797000000000002,-1.498179266557074,-0.2527,-2.001816489309027,-0.3527000000000001,-2.49413602166206,-0.3786999999999999,-2.9935291105144173,-0.3986999999999999,-3.509898734965156,-0.4146999999999999,-3.9909005769192687,-0.4286999999999999,-4.486049531872031,-0.4417000000000001,-5.003833867622634,-0.4527,-5.489079843476342,-0.4627,-5.977155241929781,-0.4727,-6.516160247178359,-0.4807,-6.990088532633147,-0.4887,-7.50504344578402,-0.4956999999999999,-7.995948266837187,-0.5027,-8.52787971558644,-0.5087,-9.023028670539205,-0.5136999999999999,-9.46583330739696,-0.5196999999999999,-10.035961961242569,-0.5797,-19.919135102099716,-0.6097,-30.161644913122583,-0.6297,-40.14950669016974,-0.6457,-50.2505453712061
exp1226,-1400mV,0.0012999999999998,-0.4800115440442069,-0.0047000000000001,-1.020997145112597,-0.0137,-1.510911668255859,-0.0297,-2.008890045808352,-0.0667000000000002,-2.50262428946125,-0.1147,-2.999187955713878,-0.1527,-3.5014104671659654,-0.1747,-4.002218267318188,-0.1907000000000001,-4.503026067470412,-0.2027,-4.996760311123309,-0.2117000000000001,-5.507471090374587,-0.2187,-5.998375911427756,-0.2247,-6.510501401978899,-0.2297000000000001,-6.9646237292355755,-0.2347,-7.4824080649861795,-0.2387,-7.937945103542721,-0.2427,-8.430264635895755,-0.2467,-9.000393289741364,-0.2496999999999999,-9.48280984299534,-0.2527,-9.948249860650938,-0.2907,-19.947429328097016,-0.3137,-30.09090934812933,-0.3307000000000001,-40.00803556018324,-0.3457,-50.2505453712061
exp1227,-1400mV,0.0072999999999998,0.4976954352925198,-0.0087000000000001,-1.0031717827342974,-0.0197,-1.4797880196588282,-0.0407000000000001,-2.013134179707947,-0.0747000000000002,-2.504039000761115,-0.1027000000000002,-2.989284976614823,-0.1257000000000001,-3.4844339315675854,-0.1457000000000001,-4.017780091616704,-0.1607,-4.491708377071491,-0.1747,-5.00807800152223,-0.1857000000000002,-5.503226956474993,-0.1957000000000001,-6.026670137425056,-0.2037000000000001,-6.482207175981599,-0.2107,-6.988673821333281,-0.2177000000000001,-7.520605270082535,-0.2237000000000001,-8.004436534636376,-0.2287,-8.48543837659049,-0.2337000000000001,-9.014540402740012,-0.2376999999999999,-9.47715099779588,-0.2416999999999999,-9.98786177704716,-0.2907,-20.10304757108217,-0.3167000000000001,-30.21823336511718,-0.3347000000000001,-39.75338752620753,-0.3497,-49.68466085126009
exp1228,-1400mV,0.0062999999999999,-0.5668748178559202,0.0002999999999999,-1.0057182630740549,-0.0107000000000001,-1.4967645552572086,-0.0307000000000001,-1.9904987989101068,-0.0677000000000001,-2.4955507329619246,-0.0987000000000002,-2.9921143992145525,-0.1227,-3.473116241168665,-0.1397000000000001,-3.986656443019674,-0.1547,-4.488878954471762,-0.1677000000000001,-5.003833867622634,-0.1777000000000002,-5.513129935574048,-0.1867000000000001,-6.019596580925731,-0.1937000000000001,-6.548698607075254,-0.1997000000000001,-7.001406223032068,-0.2057000000000001,-7.473919797186989,-0.2117000000000001,-8.010095379835839,-0.2157000000000001,-8.506659046088465,-0.2197000000000001,-8.967854929844465,-0.2237000000000001,-9.453100905698175,-0.2277000000000001,-9.942591015451477,-0.2716999999999999,-20.07475334508487,-0.2947000000000001,-29.878702653149578,-0.3117,-39.86656443019674,-0.3257,-50.30713382320071
exp1229,-1400mV,0.0072999999999998,0.4658644310455565,0.0082999999999999,1.0371248539310585,0.0012999999999998,-1.5363764716534298,-0.0007000000000001,-1.9056161209182043,-0.0037,-2.5139419798601703,-0.0077,-3.0727529433068597,0.0112999999999998,3.4985810445662353,-0.0167000000000001,-3.975338752620753,-0.0237,-4.491708377071491,-0.0367000000000001,-4.981198486824794,-0.0617,-5.483420998276882,-0.1027000000000002,-5.9997906227276205,-0.1317000000000001,-6.496354288980249,-0.1477000000000001,-6.998576800432337,-0.1617000000000001,-7.523434692682265,-0.1717000000000001,-8.019998358934892,-0.1787,-8.498170778289277,-0.1867000000000001,-9.011710980140284,-0.1926999999999999,-9.562033675787784,-0.1977000000000001,-10.023229559543786,-0.2507,-19.98987066709297,-0.2756999999999999,-30.21823336511718,-0.2927,-40.33341915915219,-0.3056999999999999,-50.1656626932142
exp1230,-1700mV,-0.0297,-0.4877924561934647,-0.0387000000000001,-1.026373048052084,-0.0487000000000001,-1.499593977856939,-0.0627000000000002,-2.014548891007812,-0.0787000000000002,-2.50262428946125,-0.1017000000000001,-2.996358533114148,-0.1307,-3.4915074880669104,-0.1657000000000001,-4.002218267318188,0.0092999999999998,4.495952510971087,-0.2516999999999999,-4.996760311123309,-0.2807,-5.491909266076072,-0.2967000000000001,-5.995546488828026,-0.3087000000000001,-6.489280732480923,-0.3187000000000001,-6.983014976133821,-0.3277,-7.49655517798483,-0.3357,-7.998777689436918,-0.3427000000000001,-8.503829623488736,-0.3497,-9.02161395923934,-0.3557,-9.506859935093043,-0.3617,-10.03313253864284,-0.4497000000000001,-19.93328221509837,-0.5087,-30.09090934812933,-0.5467000000000001,-39.89485865619403,-0.5737,-50.010044450229046
exp1231,-1400mV,0.0082999999999999,-0.5200478738303875,0.0032999999999998,-0.9873270161758092,-0.0107000000000001,-1.5236440699546443,-0.0437,-2.001816489309027,-0.1127,-2.49979486686152,-0.1537000000000001,-2.989284976614823,-0.1767,-3.512728157564886,-0.1917000000000001,-4.0121212464172435,-0.2027,-4.503026067470412,-0.2117000000000001,-5.001004445022905,-0.2197000000000001,-5.525862337272833,-0.2257000000000001,-6.018181869625866,-0.2307,-6.496354288980249,-0.2357000000000001,-7.002820934331931,-0.2396999999999999,-7.458357972888473,-0.2436999999999999,-7.987459999037997,-0.2476999999999999,-8.571735765882257,-0.2507,-8.979172620243387,-0.2536999999999999,-9.481395131695477,-0.2567,-10.006253023945405,-0.2936999999999999,-19.834252424107817,-0.3167000000000001,-30.24652759111449,-0.3327000000000001,-40.03632978618054,-0.3467000000000001,-50.22225114520881
exp1232,-1500mV,0.0102999999999999,0.4884998118433972,-0.0057,-0.9956738128450128,-0.0277,-1.5080822456561291,-0.0837000000000001,-2.0032312006088917,-0.1617000000000001,-2.51111255726044,-0.1966999999999999,-3.0119203574126634,-0.2157000000000001,-3.519801714064211,-0.2287,-4.014950669016974,-0.2387,-4.505855490070142,-0.2467,-4.979783775524929,-0.2547,-5.524447625972968,-0.2607,-6.008278890526811,-0.2656999999999999,-6.453912949984297,-0.2707,-6.949061904937061,-0.2756999999999999,-7.48806691018564,-0.2796999999999999,-7.953506927841237,-0.2836999999999999,-8.464217707092514,-0.2876999999999999,-9.011710980140284,-0.2916999999999999,-9.577595500086298,-0.2947000000000001,-10.018985425644187,-0.3417,-20.10304757108217,-0.3726999999999999,-29.90699687914687,-0.3977,-39.78168175220483,-0.4197000000000001,-50.038338676226346
exp1233,-1400mV,0.0072999999999998,-0.5037786938819395,0.0012999999999998,-1.036983382801072,-0.0087000000000001,-1.5151558021554543,-0.0267000000000001,-1.993328221509837,-0.0527000000000001,-2.4898918877624645,-0.0837000000000001,-3.000602667013743,-0.1157000000000001,-3.5014104671659654,-0.1367,-3.985241731719809,-0.1527,-4.478975975372705,-0.1667,-4.978369064225063,-0.1777000000000002,-5.477762153077422,-0.1877000000000002,-5.97149639673032,-0.1966999999999999,-6.518989669778089,-0.2027,-6.963209017935711,-0.2087,-7.471090374587258,-0.2147,-8.01433951373543,-0.2197000000000001,-8.51090317998806,-0.2237000000000001,-8.966440218544603,-0.2287,-9.564863098387514,-0.2327,-10.06142676464014,-0.2776999999999999,-19.862546650105116,-0.3027000000000001,-29.822114201154974,-0.3207000000000001,-39.72509330021023,-0.3357,-50.22225114520881
exp1234,-1500mV,-0.0107000000000001,-0.5119840194211568,-0.0167000000000001,-0.9692187115375368,-0.0257,-1.5179852247551844,-0.0357,-1.9919135102099716,-0.0487000000000001,-2.50828313466071,-0.0647000000000002,-2.9822114201154974,-0.0867000000000002,-3.4957516219665052,-0.1157000000000001,-4.013535957717109,-0.1457000000000001,-4.498781933570816,-0.1707,-5.006663290222365,-0.1887000000000001,-5.487665132176478,-0.2037000000000001,-6.008278890526811,-0.2147,-6.4850365985813285,-0.2247,-7.002820934331931,-0.2327,-7.50504344578402,-0.2407,-8.02141307023476,-0.2467,-8.508073757388331,-0.2527,-9.013125691440148,-0.2576999999999999,-9.472906863896286,-0.2627,-9.975129375348374,-0.3257,-20.046459119087572,-0.3637,-30.02017378313608,-0.3937,-40.12121246417244,-0.4177,-49.85442620724389
exp1235,-1400mV,-0.0017,-0.4784553616143554,-0.0057,-0.9615792705182654,-0.0107000000000001,-1.4684703292599082,-0.0167000000000001,-1.9947429328097015,0.0102999999999999,2.4842330425630044,-0.0307000000000001,-2.949673060218602,-0.0397,-3.4971663332663705,-0.0497,-4.007877112517649,-0.0597,-4.449267038075541,-0.0727000000000002,-5.01656626932142,-0.0827000000000002,-5.472103307877963,-0.0927000000000002,-5.977155241929781,-0.1027000000000002,-6.502013134179709,-0.1117000000000001,-7.018382758630446,-0.1197000000000001,-7.49655517798483,-0.1277000000000001,-8.03273076063368,-0.1357000000000001,-8.526465004286575,-0.1427,-9.025858093138934,-0.1497000000000001,-9.53656887239021,-0.1557000000000001,-9.980788220547833,-0.2436999999999999,-20.03231200608892,-0.2816999999999999,-29.921143992145527,-0.3047000000000001,-39.95144710818864,-0.3217,-49.84027909424525
exp1236,-1400mV,-0.0137,-0.5071740010016156,-0.0187000000000001,-0.9996350044846348,-0.0227000000000001,-1.405798618675887,-0.0297,-2.011719468408082,0.0052999999999998,2.4842330425630044,-0.0407000000000001,-2.9624054619173865,-0.0467000000000001,-3.4900927767670455,-0.0547000000000001,-3.9781681752204823,-0.0607000000000002,-4.545467406466363,-0.0667000000000002,-5.002419156322769,-0.0737000000000001,-5.490494554776207,-0.0807000000000002,-6.006864179226946,-0.0867000000000002,-6.456742372584028,-0.0937000000000001,-7.025456315129772,-0.0987000000000002,-7.53899651698078,-0.1047000000000002,-7.960580484340561,-0.1117000000000001,-8.476950108791302,-0.1177000000000001,-9.011710980140284,-0.1217000000000001,-9.546471851489269,-0.1257000000000001,-9.949664571950803,-0.2077000000000001,-20.00401778009162,-0.2547,-29.85040842715227,-0.2816999999999999,-39.75338752620753,-0.3007000000000001,-50.010044450229046
exp1237,-1400mV,-0.0017,0.4788797750043149,0.0002999999999999,0.9680869424976446,-0.0137,-1.4755438857592331,0.0042999999999999,2.013134179707947,-0.0217,-2.50545371206098,-0.0267000000000001,-2.996358533114148,-0.0317,-3.522631136663941,-0.0377,-4.029097782015624,-0.0437,-4.510099623969737,-0.0497,-4.965636662526279,-0.0557,-5.426832546282281,-0.0637,-6.030914271324651,-0.0697000000000001,-6.493524866380518,-0.0757000000000001,-6.98584439873355,-0.0817000000000001,-7.503628734484154,-0.0877000000000001,-8.001607112036647,-0.0937000000000001,-8.506659046088465,-0.0997000000000001,-9.051322896536504,-0.1047000000000002,-9.470077441296556,-0.1097000000000001,-10.017570714344323,-0.1837000000000002,-20.07475334508487,-0.2307,-30.10505646112798,-0.2596999999999999,-39.79582886520348,-0.2807,-50.024191563227696
exp1238,-1400mV,0.0002999999999999,0.5506056379074723,0.0012999999999998,0.9878929006957552,-0.0087000000000001,-1.4812027309586933,-0.0117,-1.9480574599141556,-0.0147000000000001,-2.610142348250993,-0.0177,-2.9044022986229203,-0.0217,-3.4900927767670455,-0.0247000000000001,-3.979582886520348,0.0092999999999998,4.5044407787702765,-0.0347000000000001,-5.075984143915751,-0.0387000000000001,-5.498982822575398,-0.0437,-6.042231961723571,0.0112999999999998,6.4793777533818675,-0.0557,-7.060824097626399,-0.0597,-7.473919797186989,-0.0667000000000002,-8.028486626734082,-0.0727000000000002,-8.52787971558644,-0.0757000000000001,-8.949463682946222,-0.0827000000000002,-9.499786378593722,-0.0867000000000002,-9.925614479853095,-0.1617000000000001,-19.947429328097016,-0.2067,-29.96358533114148,-0.2387,-40.26268359415894,-0.2607,-49.88272043324119
exp1239,-1700mV,-0.0677000000000001,-0.5343364579590244,-0.0727000000000002,-1.0057182630740549,-0.0477,1.510911668255859,-0.0837000000000001,-2.007475334508487,-0.0387000000000001,2.4983801555616547,-0.0957000000000001,-3.0175792026121235,-0.1017000000000001,-3.4971663332663705,-0.0257,3.996559422118728,-0.1147,-4.487464243171897,-0.1217000000000001,-4.9896867546239845,-0.1287,-5.472103307877963,-0.1367,-5.995546488828026,-0.1447,-6.503427845479574,-0.1527,-6.980185553534091,-0.1617000000000001,-7.50221402318429,-0.1707,-8.004436534636376,0.0082999999999999,8.491097221789948,-0.1897000000000002,-9.003222712341092,-0.1997000000000001,-9.508274646392913,-0.2097000000000001,-9.99352062224662,-0.4286999999999999,-19.97572355409432,-0.4967,-30.03432089613473,-0.5387000000000001,-40.03632978618054,-0.5677,-49.79783775524929
exp1240,-1700mV,0.0132999999999998,-1.359820501430273,0.0132999999999998,-1.359820501430273,0.0122999999999999,-1.5264734925543744,0.0052999999999998,-2.0103047571082175,-0.0077,-2.5012095781613843,-0.0247000000000001,-2.990699687914687,-0.0467000000000001,-3.4985810445662353,-0.0707000000000002,-4.007877112517649,-0.0967000000000002,-4.500196644870682,-0.1237000000000001,-4.996760311123309,-0.1537000000000001,-5.493323977375938,-0.1847000000000001,-6.004034756627216,-0.2137000000000001,-6.509086690679034,-0.2396999999999999,-7.007065068231526,-0.2656999999999999,-7.489481621485504,-0.2907,-8.000192400736783,-0.3137,-8.512317891287925,-0.3337,-9.004637423640958,-0.3517,-9.509689357692777,-0.3677,-10.010497157845,-0.4947,-19.93328221509837,-0.5407000000000001,-29.96358533114148,-0.5707000000000001,-40.14950669016974,-0.5927000000000001,-49.98175022423175
exp1241,-1400mV,0.0132999999999998,-0.3572146032159218,0.0122999999999999,-1.202363133755295,0.0112999999999998,-1.5788178106493809,0.0102999999999999,-1.9947429328097015,0.0092999999999998,-2.362567870774611,0.0072999999999998,-2.91289056642211,0.0042999999999999,-3.512728157564886,0.0012999999999998,-3.9809975978202137,-0.0017,-4.503026067470412,-0.0057,-5.03637222751953,-0.0097,-5.440979659280932,-0.0147000000000001,-6.081843878119792,-0.0207000000000001,-6.54445447317566,-0.0277,-6.999991511732201,-0.0347000000000001,-7.50504344578402,-0.0437,-8.000192400736783,-0.0517,-8.486853087890356,-0.0637,-8.974928486343794,-0.0747000000000002,-9.50544522379318,-0.0847000000000002,-9.97654408664824,-0.2636999999999999,-20.046459119087572,-0.3067000000000001,-30.04846800913338,-0.3307000000000001,-39.89485865619403,-0.3497,-50.22225114520881
exp1242,-1400mV,-0.0087000000000001,-0.5624892128263386,-0.0037,1.0323148355115173,-0.0027000000000001,1.423199567664227,-0.0137,-1.9381544808151003,0.0002999999999999,2.5677010092550416,0.0012999999999998,2.9510877715184667,0.0022999999999999,3.4448220151713644,-0.0227000000000001,-4.006462401217783,-0.0247000000000001,-4.41814338947851,-0.0277,-5.0052485789225,-0.0307000000000001,-5.5541565632701335,0.0072999999999998,5.989887643628566,-0.0367000000000001,-6.53596620537647,-0.0397,-7.015553336030716,-0.0437,-7.587096701176192,0.0102999999999999,8.005851245936244,-0.0507000000000001,-8.47977953139103,-0.0547000000000001,-8.969269641144333,-0.0597,-9.542227717589672,-0.0637,-9.952493994550531,-0.1877000000000002,-19.98987066709297,-0.2587,-30.02017378313608,-0.2976999999999999,-40.135359577171094,-0.3227000000000001,-50.20810403221015
exp1243,-1400mV,0.0042999999999999,0.6115796949316553,0.0002999999999999,-1.023543625452354,-0.0007000000000001,-1.4741291744593683,-0.0027000000000001,-2.1065051254990395,-0.0037,-2.4587682391654337,-0.0057,-3.08124121110605,0.0092999999999998,3.5778048773586777,-0.0087000000000001,-3.880553095529795,-0.0107000000000001,-4.44077877027635,-0.0127000000000001,-4.948660126927899,-0.0147000000000001,-5.425417834982416,-0.0177,-6.042231961723571,-0.0197,-6.493524866380518,-0.0227000000000001,-7.002820934331931,-0.0257,-7.520605270082535,-0.0287000000000001,-8.117613438625579,-0.0317,-8.568906343282526,-0.0347000000000001,-9.000393289741364,-0.0377,-9.40924485540236,-0.0417,-9.972299952748642,-0.1507,-20.00401778009162,-0.2197000000000001,-29.96358533114148,-0.2596999999999999,-39.97974133418594,-0.2856999999999999,-50.1373684672169
exp1244,-1500mV,,,,,,,,,,,,,,,,,,,,,0.0132999999999998,-6.17380011261102,0.0132999999999998,-6.17380011261102,0.0122999999999999,-6.575578121772692,0.0102999999999999,-6.919352967639894,0.0062999999999999,-7.465431529387798,0.0002999999999999,-7.998777689436918,-0.0057,-8.491097221789948,-0.0137,-8.982002042843117,-0.0237,-9.519592336791831,-0.0337,-9.975129375348374,-0.2767,-20.046459119087572,-0.3297,-29.96358533114148,-0.3587000000000001,-40.02218267318189,-0.3806999999999999,-50.094927128220945
exp1245,-1500mV,0.0112999999999998,-0.5073154721316021,0.0092999999999998,-1.1237051854827986,0.0072999999999998,-1.53920589425316,0.0042999999999999,-2.079625610801604,0.0012999999999998,-2.4842330425630044,-0.0027000000000001,-2.9624054619173865,-0.0087000000000001,-3.545266517461782,-0.0147000000000001,-3.989485865619403,-0.0247000000000001,-4.512929046569467,-0.0357,-5.0094927128220945,-0.0517,-5.506056379074723,-0.0717000000000001,-6.001205334027486,-0.0937000000000001,-6.490695443780789,-0.1187,-7.001406223032068,-0.1437000000000001,-7.486652198885773,-0.1697000000000001,-7.988874710337861,-0.1957000000000001,-8.51656202518752,-0.2187,-8.997563867141633,-0.2357000000000001,-9.492712822094395,-0.2516999999999999,-9.980788220547833,-0.3457,-20.07475334508487,-0.3837,-29.864555540150924,-0.4126999999999999,-39.88071154319538,-0.4357000000000001,-50.024191563227696
exp1246,-1600mV,0.0092999999999998,0.4955733683427223,0.0002999999999999,-1.0225533275424483,0.0122999999999999,1.4854468648582886,-0.0087000000000001,-2.013134179707947,-0.0137,-2.485647753862869,-0.0207000000000001,-3.0402145834099636,-0.0277,-3.507069312365426,-0.0367000000000001,-4.030512493315489,-0.0447000000000001,-4.469072996273651,-0.0547000000000001,-5.027883959720341,-0.0647000000000002,-5.520203492073373,-0.0737000000000001,-6.030914271324651,-0.0827000000000002,-6.509086690679034,-0.0917000000000001,-7.012723913430986,-0.1007000000000002,-7.53050824918159,-0.1087000000000002,-7.988874710337861,-0.1167,-8.48543837659049,-0.1257000000000001,-8.970684352444197,-0.1337000000000001,-9.49412753339426,-0.1407,-10.004838312645536,-0.3537,-20.01816489309027,-0.4037,-30.07676223513068,-0.4347,-40.06462401217784,-0.4597000000000001,-50.038338676226346
exp1247,-1500mV,-0.0127000000000001,-0.5489079843476343,-0.0047000000000001,1.0134991752233122,-0.0027000000000001,1.5151558021554543,-0.0007000000000001,1.9862546650105113,-0.0257,-2.465841795664759,-0.0307000000000001,-3.0373851608102336,0.0042999999999999,3.492922199366775,-0.0407000000000001,-3.973924041320888,-0.0467000000000001,-4.483220109272302,-0.0547000000000001,-5.012322135421825,-0.0607000000000002,-5.497568111275533,-0.0687000000000002,-5.9729111080301855,-0.0777000000000001,-6.516160247178359,-0.0857000000000001,-7.021212181230177,-0.0937000000000001,-7.503628734484154,-0.1017000000000001,-8.012924802435567,-0.1097000000000001,-8.472705974891705,-0.1177000000000001,-8.977757908943524,-0.1257000000000001,-9.478565709095744,-0.1337000000000001,-9.98786177704716,-0.3077,-20.046459119087572,-0.3547000000000001,-29.878702653149578,-0.3817,-40.06462401217784,-0.4017,-49.8261319812466
exp1248,-1400mV,0.0062999999999999,-0.503637222751953,0.0112999999999998,0.9859123048759442,-0.0007000000000001,-1.4755438857592331,-0.0067000000000001,-2.049916673504438,-0.0127000000000001,-2.478574197363544,-0.0227000000000001,-3.031726315610774,-0.0347000000000001,-3.4943369106666404,-0.0517,-4.026268359415894,-0.0747000000000002,-4.501611356170546,-0.1017000000000001,-5.003833867622634,-0.1337000000000001,-5.524447625972968,-0.1537000000000001,-6.001205334027486,-0.1717000000000001,-6.475133619482273,-0.1847000000000001,-6.992917955232877,-0.1946999999999999,-7.48523748758591,-0.2037000000000001,-8.036974894533273,-0.2107,-8.476950108791302,-0.2167,-9.01029626884042,-0.2217000000000001,-9.47715099779588,-0.2267,-10.02747369344338,-0.2756999999999999,-20.01816489309027,-0.2996999999999999,-30.13335068712528,-0.3167000000000001,-40.14950669016974,-0.3307000000000001,-50.34957516219666
exp1249,-1600mV,,,0.0132999999999998,-1.5561824298515403,0.0132999999999998,-1.5561824298515403,0.0122999999999999,-2.233829142486893,0.0112999999999998,-2.50262428946125,0.0062999999999999,-3.0515322738088844,0.0012999999999998,-3.5183870027643462,-0.0047000000000001,-4.003632978618054,-0.0107000000000001,-4.466243573673921,-0.0197,-4.992516177223715,-0.0287000000000001,-5.504641667774858,-0.0377,-6.006864179226946,-0.0467000000000001,-6.4793777533818675,-0.0567000000000001,-6.98584439873355,-0.0667000000000002,-7.49655517798483,-0.0767000000000002,-8.003021823336512,-0.0867000000000002,-8.526465004286575,-0.0957000000000001,-9.000393289741364,-0.1047000000000002,-9.543642428889536,-0.1127,-10.004838312645536,-0.3766999999999999,-20.00401778009162,-0.4377000000000001,-30.02017378313608,-0.4737000000000001,-40.03632978618054,-0.4967,-49.89686754623985
exp1250,-1400mV,-0.0017,-0.535892640388876,-0.0047000000000001,-1.0481596020700057,-0.0067000000000001,-1.4854468648582886,-0.0097,-1.891469007919554,-0.0137,-2.4814036199632743,-0.0177,-3.013335068712528,-0.0217,-3.453310282970554,-0.0267000000000001,-3.9809975978202137,0.0122999999999999,4.487464243171897,-0.0387000000000001,-4.964221951226414,-0.0457,-5.469273885278232,-0.0527000000000001,-5.958763995031535,-0.0607000000000002,-6.554357452274714,-0.0687000000000002,-7.004235645631797,-0.0757000000000001,-7.5092875796836145,-0.0847000000000002,-7.998777689436918,-0.0927000000000002,-8.46846184099211,-0.1007000000000002,-9.011710980140284,-0.1097000000000001,-9.484224554295206,-0.1197000000000001,-10.035961961242569,-0.2376999999999999,-20.00401778009162,-0.2796999999999999,-29.96358533114148,-0.3027000000000001,-39.78168175220483,-0.3197,-50.20810403221015
exp1251,-1400mV,0.0022999999999999,-0.5027883959720341,-0.0007000000000001,-1.0129332907033664,0.0112999999999998,1.498179266557074,-0.0087000000000001,-2.0004017780091616,-0.0137,-2.5167714024599,-0.0187000000000001,-2.9298671020204905,-0.0247000000000001,-3.515557580164616,-0.0327000000000001,-3.934312124924667,-0.0407000000000001,-4.453511171975136,-0.0497,-5.027883959720341,-0.0577,-5.528691759872564,-0.0677000000000001,-6.00262004532735,-0.0767000000000002,-6.462401217783487,-0.0847000000000002,-6.995747377832608,-0.0967000000000002,-7.540411228280647,-0.1037000000000001,-7.983215865138402,-0.1137000000000001,-8.543441539884956,-0.1217000000000001,-9.042834628737316,-0.1307,-9.504030512493316,-0.1367,-9.966641107549185,-0.2567,-20.01816489309027,-0.2916999999999999,-29.892849766148224,-0.3127000000000001,-39.99388844718459,-0.3277,-49.71295507725739
exp1252,-1600mV,,,0.0132999999999998,-1.55052358465208,0.0132999999999998,-1.55052358465208,0.0112999999999998,-1.982010531110916,0.0032999999999998,-2.4771594860636794,-0.0117,-3.0076762235130676,-0.0297,-3.504239889765696,-0.0527000000000001,-4.009291823817514,-0.0817000000000001,-4.486049531872031,-0.1127,-5.001004445022905,-0.1397000000000001,-5.498982822575398,-0.1657000000000001,-5.99413177752816,-0.1917000000000001,-6.4864513098811925,-0.2237000000000001,-6.9915032439330105,-0.2767,-7.500799311884425,-0.3036999999999999,-8.01433951373543,-0.3177,-8.498170778289277,-0.3287000000000001,-9.000393289741364,-0.3377,-9.48563926559507,-0.3467000000000001,-9.989276488347024,-0.4317000000000001,-20.00401778009162,-0.4767,-29.949438218142824,-0.5076999999999999,-40.07877112517649,-0.5297,-49.85442620724389
exp1253,-1400mV,0.0082999999999999,0.4763332946645578,0.0012999999999998,-0.950544522379318,0.0112999999999998,1.5703295428501909,-0.0057,-2.038598983105518,-0.0097,-2.4234004566688077,-0.0157,-3.0147497800123935,-0.0217,-3.4816045089678553,-0.0277,-4.017780091616704,-0.0347000000000001,-4.494537799671222,-0.0417,-4.978369064225063,-0.0507000000000001,-5.5018122451751275,-0.0617,-5.9997906227276205,-0.0707000000000002,-6.526063226277413,-0.0777000000000001,-7.007065068231526,-0.0887000000000002,-7.49938460058456,-0.0987000000000002,-7.997362978137053,-0.1087000000000002,-8.534953272085767,-0.1187,-8.977757908943524,-0.1277000000000001,-9.504030512493316,-0.1367,-9.956738128450128,-0.2607,-20.046459119087572,-0.2947000000000001,-29.96358533114148,-0.3157,-40.14950669016974,-0.3307000000000001,-50.2505453712061
exp1254,-1600mV,0.0002999999999999,0.4855289181136805,-0.0197,-1.0273633459619895,0.0082999999999999,1.4925204213576138,-0.0387000000000001,-1.9862546650105113,-0.0527000000000001,-2.49979486686152,-0.0697000000000001,-3.002017378313608,-0.0917000000000001,-3.4957516219665052,-0.1177000000000001,-4.003632978618054,-0.1477000000000001,-4.500196644870682,-0.1797000000000002,-4.991101465923849,-0.2177000000000001,-5.5003975338752635,-0.2507,-5.989887643628566,-0.2756999999999999,-6.504842556779439,-0.2936999999999999,-7.001406223032068,-0.3087000000000001,-7.497969889284694,-0.3207000000000001,-7.986045287738133,-0.3317,-8.52787971558644,-0.3407000000000001,-9.014540402740012,-0.3487000000000001,-9.530910027190751,-0.3557,-9.977958797948103,-0.4407,-20.01816489309027,-0.4867,-29.878702653149578,-0.5187,-40.00803556018324,-0.5417,-50.010044450229046
exp1255,-1400mV,0.0122999999999999,-0.9389438897204248,0.0122999999999999,-0.9389438897204248,0.0102999999999999,-1.5575971411514054,0.0082999999999999,-2.048501962204573,0.0052999999999998,-2.5266743815589554,0.0022999999999999,-2.9878702653149576,-0.0017,-3.519801714064211,-0.0067000000000001,-4.084271522710361,-0.0117,-4.5044407787702765,-0.0177,-5.012322135421825,-0.0247000000000001,-5.511715224274183,-0.0307000000000001,-5.9729111080301855,-0.0387000000000001,-6.496354288980249,-0.0477,-7.042432850728153,-0.0567000000000001,-7.464016818087933,-0.0667000000000002,-7.986045287738133,-0.0767000000000002,-8.482608953990761,-0.0867000000000002,-8.987660888042578,-0.0987000000000002,-9.478565709095744,-0.1077000000000001,-9.986447065747294,-0.2516999999999999,-20.046459119087572,-0.2936999999999999,-30.06261512213203,-0.3167000000000001,-40.00803556018324,-0.3347000000000001,-50.20810403221015
exp1256,-1400mV,0.0052999999999998,0.4500196644870682,0.0072999999999998,1.0185921359028265,-0.0027000000000001,-1.5264734925543744,-0.0057,-2.0032312006088917,-0.0087000000000001,-2.515356691160035,-0.0127000000000001,-3.0204086252118536,-0.0157,-3.4660426846693397,-0.0197,-4.0121212464172435,-0.0257,-4.552540962965688,-0.0297,-5.057592897017507,-0.0357,-5.506056379074723,-0.0457,-6.01393773572627,-0.0507000000000001,-6.490695443780789,-0.0527000000000001,-7.032529871629097,-0.0647000000000002,-7.506458157083885,-0.0667000000000002,-7.967654040839887,-0.0777000000000001,-8.574565188481987,-0.0837000000000001,-8.998978578441498,-0.0917000000000001,-9.519592336791831,-0.0987000000000002,-9.983617643147564,-0.2097000000000001,-19.947429328097016,-0.2676999999999999,-29.96358533114148,-0.2936999999999999,-40.163653803168394,-0.3097,-49.93930888523579
exp1257,-1700mV,0.0132999999999998,-1.2708351606687625,0.0132999999999998,-1.2708351606687625,0.0082999999999999,-1.4939351326574788,-0.0267000000000001,-1.9975723554094316,-0.0957000000000001,-2.49696544426179,-0.1946999999999999,-2.9935291105144173,-0.2636999999999999,-3.4957516219665052,-0.2976999999999999,-3.9937299995189983,-0.3187000000000001,-4.490293665771627,-0.3347000000000001,-4.986857332024254,-0.3477,-5.479176864377286,-0.3587000000000001,-5.9729111080301855,-0.3686999999999999,-6.511916113278764,-0.3766999999999999,-7.007065068231526,-0.3837,-7.49089633278537,-0.3906999999999999,-8.017168936335162,-0.3966999999999999,-8.49958548958914,-0.4026999999999999,-9.024443381839069,-0.4077,-9.504030512493316,-0.4126999999999999,-10.00200889004581,-0.4787,-20.046459119087572,-0.5147,-29.935291105144177,-0.5387000000000001,-39.83827020419943,-0.5567000000000001,-49.76954352925199
exp1258,-1400mV,-0.0037,-0.5446638504480392,0.0022999999999999,1.045613121730249,0.0032999999999998,1.3964615240967777,-0.0097,-1.9904987989101068,0.0062999999999999,2.4927213103621946,-0.0157,-3.0189939139119883,-0.0177,-3.3938924083762227,-0.0227000000000001,-4.050318451513601,0.0102999999999999,4.5044407787702765,-0.0297,-4.995345599823445,-0.0337,-5.466444462678503,-0.0387000000000001,-6.033743693924381,0.0122999999999999,6.497769000280114,-0.0497,-6.9646237292355755,-0.0557,-7.472505085887125,-0.0617,-8.036974894533273,-0.0687000000000002,-8.484023665290625,-0.0737000000000001,-8.983416754142983,-0.0837000000000001,-9.49695695599399,-0.0897000000000001,-9.9539087058504,-0.2057000000000001,-20.08890045808352,-0.2547,-30.02017378313608,-0.2807,-40.00803556018324,-0.2976999999999999,-49.67051373826144
