Experiment,V,Cr,Mg,Fe,Co,Ni,Cu,S,Se,P,blank,Volt,Time,Overpotential V at 2.0 mA/cm2_Ar,Overpotential V at 10.0 mA/cm2_Ar,Overpotential V at 20.0 mA/cm2_Ar,Overpotential V at 30.0 mA/cm2_Ar,Overpotential V at 40.0 mA/cm2_Ar,Overpotential @ 50 mA_Ar,Tafel Slope (mV dec-1)_Ar,Exchange Current Density (mA cm-2)_Ar,Cdl mF cm-2_Ar
exp1,5,5,25,0,5,0,10,15,0,5,0,-1.2,90,-0.4007,-0.4717,-0.5037,-0.5277,-0.5457,-0.5617,108.4356194,0.000393359,1.190928071
exp2,0,5,5,10,10,0,0,15,10,0,15,-1.2,60,-0.6567,-0.7077,-0.7307,-0.7457,-0.7577,-0.7677,104.8133903,4.63E-06,0.13330187
exp3,5,10,10,0,10,0,10,5,10,5,5,-1.3,120,-0.4447,-0.5767,-0.6367,-0.6727,-0.7007,-0.7247,186.8436902,0.008378382,1.076413146
exp4,5,0,0,25,0,10,0,10,10,10,0,-1.4,90,-0.2547,-0.4947,-0.5517,-0.5877,-0.6177,-0.6427,712.0106225,2.72971803,7.614066551
exp5,0,10,0,0,5,15,5,10,10,15,0,-1.3,120,-0.5367,-0.6487,-0.6987,-0.7307,-0.7537,-0.7737,172.0520013,0.002236694,0.148320143
exp6,15,0,0,0,5,0,0,0,0,20,30,-1.2,60,-0.4877,-0.5567,-0.5887,-0.6097,-0.6267,-0.6407,117.6872229,0.000257938,0.155947415
exp7,0,0,0,15,5,20,0,5,0,20,5,-1.1,90,-0.3817,-0.4447,-0.4747,-0.4957,-0.5157,-0.5367,104.534993,0.000308147,4.54180887
exp8,0,5,5,5,5,10,5,35,0,0,0,-1.3,150,0.0133,-0.2917,-0.3247,-0.3467,-0.3647,-0.3787,99.57577738,0.009580672,19.03198949
exp9,5,0,0,5,0,15,20,15,5,5,0,-1.3,120,-0.1917,-0.2717,-0.3097,-0.3337,-0.3527,-0.3687,112.3834007,0.027358417,13.06933755
exp10,15,0,5,0,0,0,5,20,0,0,25,-1.5,150,-0.7117,-0.7767,-0.8077,-0.8287,-0.8447,-0.8587,127.8003225,1.18E-05,0.202981402
exp11,0,5,0,0,15,5,15,5,0,25,0,-1.1,60,-0.3987,-0.4657,-0.4917,-0.5107,-0.5257,-0.5397,93.97514204,9.35E-05,2.696428253
exp12,0,0,0,0,10,10,20,10,0,10,10,-1.1,150,-0.2637,-0.3377,-0.3747,-0.3997,-0.4197,-0.4367,112.3009592,0.007589429,8.919352351
exp13,0,0,5,5,0,0,10,35,10,5,0,-1.5,120,-0.6447,-0.7217,-0.7527,-0.7717,-0.7857,-0.7967,113.5947549,9.08E-06,0.219276752
exp14,20,20,0,5,5,0,0,0,20,0,0,-1.4,60,-0.6977,-0.7337,-0.7517,-0.7657,-0.7767,-0.7857,97.48424135,7.64E-07,0.129060544
exp15,20,0,0,0,0,10,0,10,0,15,15,-1.2,150,-0.5067,-0.6097,-0.6497,-0.6757,-0.6947,-0.7107,140.0823531,0.000701185,0.159431361
exp16,10,0,20,0,0,0,5,10,15,5,5,-1.3,120,-0.5667,-0.6807,-0.7467,-0.7907,-0.8247,-0.8517,221.5113805,0.009620435,0.676328124
exp17,5,5,0,10,5,0,5,5,30,0,5,-1.4,150,-0.6617,-0.7097,-0.7317,-0.7467,-0.7577,-0.7677,98.50409411,1.45E-06,0.133181529
exp18,0,0,0,0,0,10,15,10,10,15,10,-1.4,60,-0.3487,-0.4767,-0.5337,-0.5627,-0.5827,-0.5987,156.7866084,0.008652626,4.70665642
exp19,0,5,5,5,0,5,0,25,5,15,5,-1.1,120,-0.3647,-0.4577,-0.5247,-0.5677,-0.5937,-0.6127,151.61828,0.004129864,1.173100954
exp20,0,0,10,5,5,10,5,5,15,10,5,-1.2,150,-0.5677,-0.6717,-0.7197,-0.7477,-0.7677,-0.7847,133.1404135,0.000146449,0.146870397
exp21,5,0,0,5,5,0,15,10,30,0,0,-1.3,60,-0.6507,-0.7077,-0.7337,-0.7487,-0.7607,-0.7717,102.9783063,3.08E-06,0.164120812
exp22,0,5,10,15,5,5,0,0,15,5,10,-1.3,150,-0.0677,-0.1457,-0.0087,-0.2647,-0.4177,-0.4387,71.89167282,11655.87511,69.05928266
exp23,5,15,0,0,0,5,5,25,10,0,5,-1.1,150,-0.4307,-0.5737,-0.6417,-0.6817,-0.7147,-0.7447,188.5960497,0.006512044,0.772880357
exp24,5,0,0,5,10,25,0,15,0,5,5,-1.5,90,-0.1947,-0.2767,-0.3137,-0.3387,-0.3577,-0.3737,108.0863267,0.020114196,19.7292256
exp25,35,0,0,0,0,0,0,30,0,0,5,-1.4,150,-0.7487,-0.7957,-0.8177,-0.8337,-0.8467,-0.8577,122.0550063,7.77E-06,0.135114319
exp26,20,0,0,5,20,5,0,5,5,10,0,-1.3,60,-0.5597,-0.6317,-0.6627,-0.6817,-0.6967,-0.7087,101.1251759,1.50E-05,0.163765172
exp27,0,0,5,20,5,0,0,5,10,20,5,-1.4,150,-0.1347,-0.4377,-0.4967,-0.5357,-0.5727,-0.6047,496.2753604,2.462916079,16.30018333
exp28,0,0,0,0,5,5,15,5,40,0,0,-1.3,150,-0.5447,-0.6637,-0.7127,-0.7417,-0.7617,-0.7777,142.9200067,0.000279506,0.176688562
exp29,20,5,10,0,5,0,10,10,5,5,0,-1.1,150,-0.5097,-0.6057,-0.6337,-0.6507,-0.6627,-0.6737,104.4341533,2.35E-05,1.251982308
exp30,0,15,0,0,10,0,5,0,20,15,5,-1.3,150,-0.6357,-0.6927,-0.7197,-0.7367,-0.7507,-0.7627,128.6119485,0.000139056,0.132089492
exp31,0,0,15,0,0,0,10,5,10,30,0,-1.2,60,-0.6967,-0.7557,-0.7837,-0.8027,-0.8167,-0.8297,123.439744,1.50E-05,0.150495919
exp32,0,5,10,0,5,0,20,5,20,0,5,-1.2,60,-0.6347,-0.7077,-0.7447,-0.7687,-0.7867,-0.8027,144.3514767,0.000251302,0.137003918
exp33,25,0,5,0,0,0,0,20,0,10,10,-1.5,150,-0.6467,-0.7307,-0.7707,-0.7957,-0.8137,-0.8287,151.3446331,0.00021773,0.149633293
exp34,0,0,15,5,15,5,0,15,10,5,0,-1.3,150,-0.4307,-0.5637,-0.6177,-0.6467,-0.6677,-0.6837,125.0294834,0.000178382,1.007615541
exp35,10,5,10,5,15,0,0,5,0,15,5,-1.3,90,-0.4547,-0.5687,-0.6097,-0.6297,-0.6437,-0.6547,102.7082732,2.48E-05,1.243257016
exp36,10,10,0,0,0,5,0,35,10,0,0,-1.1,60,-0.7577,-0.8097,-0.8357,-0.8537,-0.8687,-0.8817,125.8620626,9.11E-06,0.129316664
exp37,10,5,10,15,5,0,0,10,5,10,0,-1.2,150,-0.5977,-0.6907,-0.7297,-0.7527,-0.7697,-0.7837,136.6348076,0.000204901,0.151553071
exp38,15,10,0,0,5,0,5,0,5,15,15,-1.2,60,-0.4487,-0.5187,-0.5557,-0.5797,-0.5997,-0.6167,125.0683968,0.000643704,0.723628139
exp39,0,15,0,0,10,10,5,20,5,0,5,-1.5,90,-0.2647,-0.3387,-0.3787,-0.4067,-0.4297,-0.4487,128.8473132,0.018699018,6.957485247
exp40,0,15,5,5,5,0,5,5,5,10,15,-1.5,120,-0.4037,-0.4727,-0.5057,-0.5267,-0.5437,-0.5587,111.480255,0.000439954,5.997135089
exp41,5,0,0,10,15,0,0,20,0,5,15,-1.4,60,-0.3107,-0.3917,-0.4277,-0.4517,-0.4727,-0.4927,343.0704146,0.77970338,9.166437625
exp42,10,0,0,10,0,0,0,0,0,50,0,-1.4,60,-0.6127,-0.6827,-0.7167,-0.7397,-0.7577,-0.7727,136.1332267,0.000214857,0.128420958
exp43,0,0,0,0,20,20,0,0,20,10,0,-1.3,60,-0.2757,-0.3557,-0.4017,-0.4387,-0.4707,-0.4997,162.5507056,0.044779842,3.879766572
exp44,0,0,0,5,15,5,5,5,35,0,0,-1.1,150,-0.6447,-0.7107,-0.7337,-0.7467,-0.7567,-0.7657,89.15797842,3.04E-07,0.190501985
exp45,0,5,10,5,20,5,5,0,15,5,0,-1.2,120,-0.0737,-0.3077,-0.3507,-0.3787,-0.4017,-0.4207,416.9590577,2.605343191,18.59536139
exp46,5,0,5,5,5,10,10,5,15,0,10,-1.5,120,-0.5547,-0.6847,-0.7367,-0.7657,-0.7847,-0.8007,141.4981771,0.000209642,0.142427255
exp47,15,0,5,10,0,20,0,5,5,10,0,-1.4,60,-0.4497,-0.5407,-0.5957,-0.6297,-0.6527,-0.6717,108.2895777,3.12E-05,0.245175952
exp48,5,10,10,0,0,5,0,35,0,5,0,-1.4,90,-0.7077,-0.7677,-0.7927,-0.8087,-0.8217,-0.8327,118.9355037,9.12E-06,0.133239825
exp49,0,0,35,0,0,0,15,5,0,15,0,-1.5,60,-0.5567,-0.6437,-0.6857,-0.7107,-0.7297,-0.7457,136.6793134,0.000213492,0.50171468
exp50,10,0,10,0,0,0,20,10,0,15,5,-1.5,60,-0.5477,-0.6347,-0.6817,-0.7127,-0.7367,-0.7577,139.152016,0.000237306,0.825242082
exp51,0,10,15,15,0,0,0,0,20,5,5,-1.4,120,-0.7517,-0.8117,-0.8397,-0.8587,-0.8727,-0.8847,129.5652919,1.46E-05,0.106627718
exp52,0,10,5,0,15,0,5,5,5,15,10,-1.3,150,-0.2857,-0.3597,-0.3967,-0.4217,-0.4417,-0.4577,113.9846576,0.004987303,12.89107127
exp53,0,0,15,0,10,5,10,5,15,10,0,-1.4,120,-0.4747,-0.5847,-0.6247,-0.6467,-0.6627,-0.6767,125.4332355,0.000237418,0.694682649
exp54,10,0,10,0,5,0,5,5,10,10,15,-1.1,90,-0.5767,-0.6417,-0.6747,-0.6977,-0.7167,-0.7337,131.5046489,0.000219861,0.165224597
exp55,25,5,5,0,0,10,0,0,0,20,5,-1.4,120,-0.5157,-0.5957,-0.6347,-0.6587,-0.6777,-0.6937,132.1112712,0.000360726,0.179582256
exp56,0,0,0,10,10,0,0,20,5,5,20,-1.1,90,-0.4737,-0.5757,-0.6187,-0.6417,-0.6587,-0.6727,109.188825,4.08E-05,1.433652254
exp57,5,10,0,10,5,5,5,0,30,0,0,-1.4,90,-0.6737,-0.7377,-0.7677,-0.7877,-0.8037,-0.8177,132.2966227,5.45E-05,0.117145672
exp58,0,0,5,5,10,0,25,0,20,0,5,-1.5,120,-0.6177,-0.6867,-0.7167,-0.7357,-0.7497,-0.7627,129.19381,8.68E-05,0.176836127
exp59,0,5,10,20,5,0,0,0,0,30,0,-1.3,150,-0.0337,-0.0727,0.0013,-0.2217,-0.2657,-0.3047,55.79723193,585209.2748,137.0612456
exp60,20,5,0,0,15,5,0,20,0,0,5,-1.2,120,-0.4017,-0.4847,-0.5277,-0.5557,-0.5757,-0.5907,112.4665808,0.000285097,1.691922464
exp61,10,0,5,25,0,0,0,5,0,20,5,-1.1,120,-0.6477,-0.7077,-0.7357,-0.7547,-0.7687,-0.7807,123.8213269,3.49E-05,0.157614555
exp62,0,0,0,10,0,0,10,0,5,45,0,-1.2,60,-0.5347,-0.6317,-0.6837,-0.7147,-0.7377,-0.7567,153.7933364,0.000584451,0.78861229
exp63,10,0,10,10,0,0,20,0,10,10,0,-1.1,150,-0.6017,-0.7087,-0.7587,-0.7907,-0.8157,-0.8377,166.0667748,0.000483607,2.157622185
exp64,0,5,15,5,0,5,0,15,10,10,5,-1.4,120,-0.3987,-0.5047,-0.5647,-0.6017,-0.6277,-0.6497,155.971609,0.003369798,3.401779797
exp65,30,0,10,5,0,5,0,5,0,15,0,-1.1,150,-0.4647,-0.5297,-0.5737,-0.6097,-0.6427,-0.6707,115.16867,7.02E-05,0.348697788
exp66,5,0,0,5,0,5,5,5,20,0,25,-1.5,120,-0.6507,-0.7447,-0.7867,-0.8157,-0.8387,-0.8577,148.9308722,0.000137343,0.264940233
exp67,0,0,10,10,20,10,0,0,5,15,0,-1.3,120,-0.0327,-0.3667,-0.3947,-0.4097,-0.4247,-0.4397,411.7165654,3.026097445,52.14709314
exp68,0,20,0,0,5,20,0,10,5,10,0,-1.2,60,-0.6177,-0.7087,-0.7457,-0.7677,-0.7837,-0.7977,137.9001313,0.000186505,0.141643682
exp69,10,0,0,0,15,10,0,20,5,10,0,-1.4,90,-0.4877,-0.5687,-0.6237,-0.6547,-0.6807,-0.7027,111.4904915,4.42E-05,0.386637949
exp70,5,5,10,10,0,5,0,5,0,15,15,-1.1,60,-0.6147,-0.7077,-0.7427,-0.7657,-0.7827,-0.7977,132.3590004,7.96E-05,0.159220033
exp71,5,0,0,0,5,5,10,5,0,20,20,-1.4,90,-0.3617,-0.4387,-0.4737,-0.4997,-0.5217,-0.5407,113.8057182,0.000932315,3.043175214
exp72,0,5,15,0,0,10,5,0,0,20,15,-1.2,60,-0.3557,-0.4267,-0.4557,-0.4737,-0.4897,-0.5037,116.2389926,0.00202605,2.955614034
exp73,25,0,0,5,0,0,5,5,5,10,15,-1.4,60,-0.6847,-0.7527,-0.7837,-0.8037,-0.8187,-0.8327,130.6922458,3.32E-05,0.220175099
exp74,15,5,5,5,0,0,15,0,15,5,5,-1.3,90,-0.6757,-0.7647,-0.8067,-0.8337,-0.8537,-0.8707,146.9121213,8.54E-05,0.130974093
exp75,0,15,5,5,0,0,0,10,5,5,25,-1.5,150,-0.7397,-0.7927,-0.8157,-0.8307,-0.8427,-0.8527,107.850366,1.09E-06,0.131704214
exp76,20,0,5,0,0,0,15,15,5,10,0,-1.5,150,-0.6517,-0.7207,-0.7577,-0.7827,-0.8017,-0.8187,146.3133116,0.000180089,0.357627614
exp77,0,5,0,5,15,10,10,5,5,10,5,-1.5,60,-0.3607,-0.4347,-0.4707,-0.4997,-0.5277,-0.5537,120.0158379,0.001111741,2.879416481
exp78,0,5,0,0,0,25,5,10,0,10,15,-1.1,90,-0.3937,-0.4667,-0.5137,-0.5437,-0.5657,-0.5837,128.2444675,0.001785426,1.524648872
exp79,10,0,5,5,0,5,5,35,0,5,0,-1.1,150,-0.3897,-0.4667,-0.5037,-0.5357,-0.5637,-0.5887,128.1103676,0.000812273,2.031644698
exp80,0,0,25,10,0,0,0,5,10,10,10,-1.1,150,-0.7427,-0.7967,-0.8197,-0.8347,-0.8467,-0.8577,113.0999261,2.19E-06,0.183836394
exp81,15,0,10,0,20,0,0,15,5,5,0,-1.2,120,-0.4457,-0.5927,-0.6287,-0.6477,-0.6597,-0.6707,100.9371643,1.38E-05,0.710451196
exp82,0,15,0,5,10,10,0,15,10,5,0,-1.2,120,-0.3257,-0.4117,-0.4597,-0.4917,-0.5167,-0.5367,146.5163023,0.009389892,3.147195965
exp83,15,10,5,0,0,0,5,5,25,0,5,-1.1,150,-0.7257,-0.8047,-0.8387,-0.8627,-0.8817,-0.8977,151.724754,8.39E-05,0.151604851
exp84,0,5,0,0,0,10,10,10,20,0,15,-1.1,150,-0.4397,-0.5687,-0.6197,-0.6487,-0.6697,-0.6857,145.4308524,0.00108961,1.265568185
exp85,0,5,5,0,10,0,15,10,15,5,5,-1.5,60,-0.4587,-0.5337,-0.5677,-0.5887,-0.6057,-0.6187,132.5414579,0.002135231,1.804200174
exp86,10,5,25,0,5,0,0,10,0,15,0,-1.5,60,-0.6507,-0.7067,-0.7347,-0.7557,-0.7717,-0.7867,129.8047133,9.20E-05,0.145325128
exp87,0,5,15,0,25,0,0,15,5,5,0,-1.3,90,-0.2917,-0.3637,-0.4017,-0.4277,-0.4477,-0.4657,117.1986604,0.005392333,10.09318348
exp88,10,15,5,0,0,0,0,0,20,15,5,-1.2,90,-0.7787,-0.8397,-0.8807,-0.9117,-0.9367,-0.9587,171.1168666,0.000178105,0.125748013
exp89,5,0,5,5,0,0,15,10,0,10,20,-1.1,60,-0.6587,-0.7367,-0.7737,-0.7987,-0.8187,-0.8377,164.471839,0.000606597,0.43755864
exp90,0,20,0,5,0,10,0,10,10,5,10,-1.5,90,-0.4857,-0.6257,-0.6717,-0.6977,-0.7167,-0.7327,154.3995718,0.001273417,0.39210029
exp91,0,5,5,5,15,10,0,5,20,5,0,-1.4,120,-0.3007,-0.3987,-0.4647,-0.5077,-0.5407,-0.5667,173.9326255,0.023380134,2.098763232
exp92,10,5,15,5,0,0,15,10,5,5,0,-1.3,120,,,,,,,,,
exp93,5,5,5,5,0,15,5,15,0,15,0,-1.2,90,,,,,,,,,
exp94,10,5,0,5,5,5,0,35,0,5,0,-1.4,90,,,,,,,,,
exp95,0,0,5,0,10,5,5,25,10,0,10,-1.2,90,-0.5497,-0.6947,-0.7567,-0.7877,-0.8097,-0.8317,188.1451664,0.002945471,0.141073564
exp96,0,0,10,0,10,0,0,15,20,15,0,-1.3,60,-0.7097,-0.7657,-0.7977,-0.8227,-0.8437,-0.8627,152.6451138,0.000213171,0.143266832
exp97,5,0,0,15,0,5,5,0,10,10,20,-1.1,150,-0.7167,-0.8567,-0.9057,-0.9327,-0.9547,-0.9727,206.635999,0.001136591,0.161464459
exp98,0,20,0,10,5,0,15,10,5,5,0,-1.4,120,-0.3917,-0.5397,-0.5907,-0.6177,-0.6367,-0.6517,142.049057,0.001459202,3.283094607
exp99,5,5,5,5,5,5,0,5,5,25,5,-1.3,150,-0.4607,-0.5637,-0.6197,-0.6547,-0.6787,-0.7007,139.7514407,0.000909035,0.441955295
exp100,5,0,0,0,0,20,10,10,25,0,0,-1.1,90,-0.6687,-0.7757,-0.8247,-0.8597,-0.8867,-0.9097,203.220058,0.001967759,0.140362682
exp101,15,0,0,5,5,15,0,5,25,0,0,-1.5,150,-0.4817,-0.6847,-0.7687,-0.7997,-0.8207,-0.8387,242.1352122,0.020088869,0.174983059
exp102,0,15,0,5,15,10,0,0,5,15,5,-1.1,90,-0.6497,-0.6937,-0.7187,-0.7387,-0.7567,-0.7737,135.1304758,0.000172855,0.137788486
exp103,5,0,0,30,10,5,0,5,15,0,0,-1.3,120,-0.6037,-0.7087,-0.7497,-0.7727,-0.7897,-0.8047,142.2572204,0.00023386,0.294127947
exp104,5,5,15,5,0,5,10,10,10,5,0,-1.1,150,-0.4037,-0.5737,-0.6337,-0.6687,-0.6957,-0.7177,185.7397975,0.00837771,1.300060962
exp105,0,0,0,5,30,10,0,0,25,0,0,-1.2,90,-0.5687,-0.6707,-0.7137,-0.7397,-0.7607,-0.7767,126.9123228,0.000108284,0.207662149
exp106,0,0,0,25,0,0,10,10,20,5,0,-1.3,150,-0.6697,-0.7487,-0.7907,-0.8177,-0.8397,-0.8577,167.839974,0.000469292,0.261635713
exp107,0,0,35,0,0,5,5,20,0,0,5,-1.3,150,-0.2067,-0.3157,-0.3737,-0.4127,-0.4427,-0.4667,183.1764647,0.162051839,5.521180995
exp108,5,0,0,0,5,5,20,10,0,25,0,-1.3,150,-0.2637,-0.3457,-0.3887,-0.4197,-0.4427,-0.4627,128.6545688,0.014385141,8.100664392
exp109,10,10,0,5,0,15,5,0,25,0,0,-1.4,60,-0.4157,-0.5107,-0.5607,-0.5927,-0.6177,-0.6387,154.842406,0.005132552,1.194210906
exp110,5,0,5,30,0,0,0,0,20,0,10,-1.4,60,-0.6797,-0.7547,-0.7897,-0.8117,-0.8287,-0.8427,149.9208514,0.000188181,0.159594952
exp111,5,15,10,0,0,5,0,5,15,10,5,-1.2,150,-0.7507,-0.8197,-0.8597,-0.8887,-0.9137,-0.9347,162.4609225,0.000135108,0.153638886
exp112,0,0,20,0,0,10,5,30,0,0,5,-1.1,120,-0.2267,-0.3207,-0.3717,-0.4047,-0.4307,-0.4527,159.983558,0.080178408,2.5356958
exp113,5,15,0,10,15,0,0,5,20,0,0,-1.3,60,-0.6377,-0.6877,-0.7137,-0.7327,-0.7477,-0.7607,113.1855385,1.87E-05,0.161497709
exp114,5,0,10,10,0,0,0,30,5,5,5,-1.3,60,-0.6937,-0.7477,-0.7787,-0.8007,-0.8197,-0.8357,132.011919,3.82E-05,0.168977431
exp115,0,0,5,25,5,0,15,15,5,0,0,-1.1,90,-0.4377,-0.5657,-0.6127,-0.6427,-0.6657,-0.6837,156.1009938,0.002496936,3.287917013
exp116,0,0,20,10,5,0,0,15,5,0,15,-1.4,90,-0.3727,-0.4927,-0.5867,-0.6227,-0.6447,-0.6617,141.393211,0.001191399,1.445723001
exp117,5,5,0,5,5,25,5,5,5,10,0,-1.3,90,-0.2487,-0.3477,-0.3987,-0.4317,-0.4567,-0.4777,149.605984,0.035511014,8.392338346
exp118,5,5,0,5,5,0,5,10,20,5,10,-1.2,90,-0.5907,-0.6407,-0.6667,-0.6847,-0.6987,-0.7107,104.536929,1.72E-05,0.174373861
exp119,0,5,5,15,0,20,0,15,0,10,0,-1.4,90,-0.3857,-0.4677,-0.5137,-0.5537,-0.5867,-0.6117,147.8325464,0.004194562,3.297196597
exp120,5,10,0,10,0,0,0,0,30,15,0,-1.4,120,-0.6277,-0.6987,-0.7327,-0.7547,-0.7717,-0.7857,141.758642,0.000217084,0.181362471
exp121,20,5,10,5,0,5,5,0,20,0,0,-1.4,150,-0.7167,-0.8077,-0.8517,-0.8797,-0.9007,-0.9197,165.4829215,0.000198165,0.159096742
exp122,5,0,30,0,0,0,5,5,20,0,5,-1.3,90,-0.7557,-0.8387,-0.8847,-0.9137,-0.9357,-0.9537,155.6910085,5.31E-05,0.157617828
exp123,10,10,10,5,10,0,0,15,5,5,0,-1.2,90,-0.6307,-0.6737,-0.6997,-0.7187,-0.7347,-0.7507,114.6409623,2.74E-05,0.176090684
exp124,0,5,0,5,35,0,0,10,10,5,0,-1.2,150,-0.1967,-0.2767,-0.3127,-0.3397,-0.3607,-0.3787,106.5902713,0.021025266,18.3052839
exp125,5,0,0,0,10,5,15,10,25,0,0,-1.1,120,-0.4757,-0.6127,-0.6507,-0.6707,-0.6847,-0.6977,129.8650527,0.00039325,0.219808094
exp126,5,0,0,0,5,30,10,0,20,0,0,-1.3,120,-0.4977,-0.6657,-0.7157,-0.7417,-0.7597,-0.7757,179.6468608,0.003555936,0.196351177
exp127,0,5,0,15,5,15,0,5,0,15,10,-1.5,90,-0.0947,-0.2607,-0.3017,-0.3297,-0.3507,-0.3687,308.78962,1.837726704,29.04229405
exp128,0,20,0,5,15,5,5,10,0,10,0,-1.2,150,-0.1867,-0.2647,-0.3017,-0.3277,-0.3477,-0.3647,109.575997,0.028086046,12.81186597
exp129,10,10,5,0,0,10,5,5,10,5,10,-1.5,60,-0.5877,-0.6457,-0.6747,-0.6947,-0.7107,-0.7257,132.917135,0.000338837,0.167668617
exp130,5,0,5,5,0,15,0,0,10,25,5,-1.2,90,-0.3897,-0.5147,-0.6207,-0.6837,-0.7237,-0.7557,253.356784,0.079352522,0.226550502
exp131,5,15,0,15,0,0,5,5,0,15,10,-1.5,60,-0.6167,-0.6717,-0.6997,-0.7187,-0.7337,-0.7477,112.9491474,2.09E-05,0.240291956
exp132,0,0,5,5,15,0,0,15,5,20,5,-1.1,60,-0.3447,-0.4427,-0.4967,-0.5297,-0.5537,-0.5747,142.233017,0.004620281,2.585700622
exp133,15,0,0,10,0,20,0,0,0,25,0,-1.1,150,-0.4527,-0.5427,-0.5897,-0.6227,-0.6487,-0.6707,148.4595448,0.002308878,0.537696481
exp134,0,5,15,10,5,10,0,0,10,15,0,-1.5,120,-0.4027,-0.4957,-0.5617,-0.6087,-0.6427,-0.6677,156.055355,0.005315598,0.582829949
exp135,0,10,30,0,0,0,0,20,0,0,10,-1.1,60,-0.7287,-0.7927,-0.8307,-0.8587,-0.8807,-0.8997,152.1585359,0.000106675,0.145503948
exp136,0,5,10,0,20,5,5,10,15,0,0,-1.2,90,-0.6127,-0.6747,-0.6987,-0.7137,-0.7257,-0.7357,105.1763463,1.32E-05,0.195722275
exp137,10,5,0,25,0,5,5,20,0,0,0,-1.3,120,-0.3447,-0.4537,-0.5027,-0.5347,-0.5577,-0.5767,144.8576548,0.006148496,8.893080859
exp138,0,0,0,10,0,0,10,15,15,15,5,-1.1,150,-0.6037,-0.6837,-0.7177,-0.7387,-0.7537,-0.7657,125.2107428,5.83E-05,0.91390293
exp139,0,0,5,5,10,0,20,25,0,0,5,-1.2,60,-0.3187,-0.4307,-0.4927,-0.5297,-0.5587,-0.5787,163.2228442,0.015481564,3.795848556
exp140,0,10,15,0,0,15,5,10,0,10,5,-1.2,60,-0.2997,-0.3967,-0.4507,-0.4857,-0.5107,-0.5307,140.8488966,0.009764456,2.648080212
exp141,20,0,0,10,0,10,10,0,5,15,0,-1.4,150,-0.4297,-0.5217,-0.5697,-0.6017,-0.6257,-0.6447,148.5778266,0.002719308,1.130370153
exp142,25,5,5,5,0,0,0,0,10,10,10,-1.2,150,-0.6127,-0.6717,-0.7017,-0.7207,-0.7357,-0.7487,121.9253569,6.63E-05,0.158147506
exp143,5,0,15,0,0,5,0,15,5,20,5,-1.2,90,-0.6807,-0.7537,-0.7877,-0.8107,-0.8297,-0.8467,144.0562242,9.22E-05,0.158137189
exp144,30,5,0,0,5,0,5,25,0,0,0,-1.5,90,-0.5717,-0.6197,-0.6427,-0.6577,-0.6697,-0.6807,97.71017008,9.51E-06,0.220451699
exp145,15,0,20,0,5,0,0,15,10,0,5,-1.5,60,-0.6707,-0.7137,-0.7377,-0.7557,-0.7717,-0.7867,121.8017131,3.40E-05,0.165793883
exp146,5,5,0,5,10,0,0,0,25,20,0,-1.5,120,-0.5677,-0.6247,-0.6537,-0.6737,-0.6887,-0.7007,112.0667335,8.70E-05,0.152816771
exp147,5,5,10,5,15,0,0,10,15,5,0,-1.5,90,-0.5757,-0.6287,-0.6547,-0.6707,-0.6847,-0.6957,102.6075829,2.19E-05,0.188742752
exp148,5,5,5,0,0,5,0,30,15,5,0,-1.3,60,-0.6527,-0.7067,-0.7377,-0.7607,-0.7817,-0.7997,139.8975223,0.000176802,0.137065134
exp149,15,15,0,0,0,5,5,10,10,0,10,-1.4,60,-0.6327,-0.6937,-0.7217,-0.7417,-0.7587,-0.7727,130.9393987,8.34E-05,0.17516788
exp150,5,5,0,10,5,10,0,15,5,10,5,-1.3,150,-0.2057,-0.3017,-0.3547,-0.3917,-0.4207,-0.4447,165.5610578,0.087683354,13.1859557
exp151,5,0,0,0,5,0,15,15,15,0,15,-1.2,90,-0.4477,-0.5157,-0.5537,-0.5827,-0.6087,-0.6307,115.3553708,0.000222905,0.771896109
exp152,0,15,0,0,10,0,0,0,35,10,0,-1.2,90,-0.6277,-0.6777,-0.7047,-0.7257,-0.7437,-0.7597,141.395832,0.000363219,0.14596653
exp153,0,5,0,0,10,20,5,10,10,5,5,-1.2,60,-0.1607,-0.2447,-0.2877,-0.3167,-0.3387,-0.3577,126.9234141,0.105963558,14.29596649
exp154,5,5,5,0,5,15,0,10,0,20,5,-1.5,120,-0.2957,-0.3757,-0.4177,-0.4567,-0.4927,-0.5207,139.8515046,0.010262672,1.312375
exp155,5,5,0,5,30,0,0,0,20,5,0,-1.5,150,-0.5027,-0.5987,-0.6427,-0.6627,-0.6767,-0.6857,117.0836853,0.000122395,0.435499265
exp156,5,0,5,20,0,0,5,20,0,0,15,-1.4,120,-0.0987,-0.0027,-0.3727,-0.4097,-0.4367,-0.4597,129.7414577,0.328325127,32.15795131
exp157,0,15,0,5,0,5,15,5,15,5,5,-1.2,150,-0.1417,0.0113,-0.3117,-0.3387,-0.3607,-0.3777,16.40961358,5.72E-09,21.78695913
exp158,25,5,0,0,0,15,0,0,10,15,0,-1.2,150,-0.4897,-0.6297,-0.6877,-0.7197,-0.7417,-0.7597,169.0289056,0.002263249,0.240958367
exp159,0,0,15,10,0,0,15,0,5,15,10,-1.3,90,-0.4277,-0.5177,-0.5547,-0.5777,-0.5967,-0.6117,123.9753672,0.000684697,3.312020547
exp160,5,5,0,10,5,5,5,0,5,15,15,-1.3,60,-0.3887,-0.4567,-0.5017,-0.5437,-0.5757,-0.6077,146.1285967,0.004961478,1.446684318
exp161,0,20,5,0,5,5,0,25,0,0,10,-1.2,150,-0.2447,-0.3167,-0.3527,-0.3797,-0.4017,-0.4207,118.0791947,0.016242133,4.372880766
exp162,0,5,0,35,0,10,0,0,15,5,0,-1.4,150,0.0043,-0.3397,-0.3917,-0.4277,-0.4597,-0.4817,151.3020402,0.034750301,8.518124583
exp163,0,5,10,0,0,0,25,5,20,5,0,-1.4,120,-0.5737,-0.6387,-0.6737,-0.6977,-0.7147,-0.7297,143.309509,0.000703388,0.175819778
exp164,10,0,5,0,0,0,10,25,5,0,15,-1.1,150,-0.4437,-0.5367,-0.5837,-0.6167,-0.6427,-0.6647,172.6692777,0.010699667,3.130032881
exp165,15,10,15,0,10,0,0,0,0,20,0,-1.3,90,-0.3437,-0.4287,-0.4727,-0.5017,-0.5237,-0.5417,138.4088464,0.009616213,0.237956186
exp166,0,5,25,0,0,0,0,0,5,25,10,-1.1,90,-0.6157,-0.6947,-0.7387,-0.7707,-0.7957,-0.8177,174.1719297,0.001377825,0.145349817
exp167,5,0,10,5,0,0,0,5,0,45,0,-1.5,120,-0.4857,-0.5817,-0.6287,-0.6577,-0.6817,-0.7017,161.2158996,0.003960878,0.24194144
exp168,0,5,0,25,5,0,0,10,0,15,10,-1.1,150,-0.2457,-0.3127,-0.3487,-0.3767,-0.4017,-0.4247,118.5183541,0.011726778,2.963446082
exp169,0,0,0,0,0,30,15,0,5,20,0,-1.3,150,-0.1687,-0.2317,-0.2647,-0.2897,-0.3087,-0.3247,107.6166797,0.062155137,7.246006868
exp170,10,0,5,5,5,0,10,0,0,20,15,-1.3,120,-0.2647,-0.3327,-0.3597,-0.3767,-0.3917,-0.4047,91.62071365,0.002194905,10.81498926
exp171,0,5,5,10,5,10,0,10,0,15,10,-1.2,120,-0.2477,-0.3147,-0.3477,-0.3727,-0.3947,-0.4157,118.295968,0.014166213,8.26820229
exp172,5,10,0,5,5,25,0,0,20,0,0,-1.2,150,-0.4827,-0.6427,-0.7407,-0.7907,-0.8227,-0.8477,251.8384962,0.027296293,0.144116807
exp173,0,10,10,0,0,5,10,10,0,15,10,-1.1,150,-0.3237,-0.4307,-0.4777,-0.5067,-0.5277,-0.5447,143.8479731,0.011334534,4.414037245
exp174,0,0,20,5,5,0,0,25,0,0,15,-1.2,150,-0.3307,-0.4137,-0.4587,-0.4937,-0.5247,-0.5517,136.6866278,0.005020617,4.674827993
exp175,5,5,0,20,0,5,0,10,25,0,0,-1.3,120,-0.5607,-0.6807,-0.7207,-0.7447,-0.7637,-0.7787,169.3751794,0.001682352,0.137956687
exp176,10,0,0,25,0,0,0,15,0,15,5,-1.4,90,-0.6957,-0.7557,-0.7827,-0.7997,-0.8137,-0.8257,140.7598191,0.000145823,0.106807122
exp177,25,5,0,0,0,0,5,25,0,0,10,-1.1,90,-0.6677,-0.7657,-0.8147,-0.8447,-0.8667,-0.8837,163.6482331,0.000261599,0.403624585
exp178,10,5,0,15,5,0,10,15,5,5,0,-1.5,60,-0.4377,-0.5317,-0.5737,-0.5997,-0.6187,-0.6347,142.5447263,0.002228893,2.635376475
exp179,10,0,15,10,5,10,0,0,5,15,0,-1.1,60,-0.6557,-0.7107,-0.7387,-0.7587,-0.7747,-0.7887,117.0147828,1.71E-05,0.149062275
exp180,0,15,0,5,0,10,0,15,0,20,5,-1.1,150,,,,,,,,,
exp181,0,0,5,10,25,5,5,5,10,5,0,-1.2,150,-0.2267,-0.3257,-0.3697,-0.3987,-0.4217,-0.4417,118.2514389,0.013992742,13.41152823
exp182,10,0,0,5,35,0,0,0,15,5,0,-1.5,90,-0.4547,-0.5457,-0.6097,-0.6657,-0.6967,-0.7187,146.9224121,0.001158368,1.617931029
exp183,20,0,10,5,0,5,0,20,0,0,10,-1.2,60,-0.6757,-0.7277,-0.7537,-0.7717,-0.7867,-0.7997,113.0872127,1.02E-05,0.143004311
exp184,0,5,5,5,15,10,0,15,5,5,5,-1.4,90,-0.2237,-0.3107,-0.3547,-0.3857,-0.4087,-0.4287,133.6079564,0.032157115,12.2410443
exp185,0,0,0,0,20,10,0,0,20,15,5,-1.4,60,-0.5607,-0.6697,-0.7047,-0.7237,-0.7387,-0.7517,126.7139645,0.000136411,0.147772016
exp186,0,5,0,10,10,0,10,15,5,5,10,-1.1,60,-0.4817,-0.6077,-0.6407,-0.6597,-0.6737,-0.6867,121.9545959,0.000151567,0.502935582
exp187,0,30,5,0,10,0,0,0,10,10,5,-1.2,90,-0.6527,-0.6917,-0.7117,-0.7247,-0.7367,-0.7467,91.13229807,7.83E-07,0.148978784
exp188,5,0,10,0,10,15,5,0,5,20,0,-1.3,90,-0.2657,-0.3277,-0.3577,-0.3787,-0.3967,-0.4127,99.9248098,0.004466178,10.63253129
exp189,20,0,10,0,5,0,10,15,10,0,0,-1.2,60,-0.6427,-0.6967,-0.7267,-0.7467,-0.7647,-0.7797,124.4483335,5.38E-05,0.152036411
exp190,0,0,10,5,10,10,5,10,5,5,10,-1.2,150,-0.1867,-0.2827,-0.3217,-0.3467,-0.3677,-0.3847,107.3921658,0.017920757,14.75274625
exp191,20,0,0,0,20,5,0,0,25,0,0,-1.5,90,-0.6537,-0.6977,-0.7177,-0.7317,-0.7427,-0.7517,105.279955,1.43E-05,0.139762065
exp192,0,10,0,0,0,5,10,0,0,20,25,-1.3,60,-0.4757,-0.5627,-0.6097,-0.6407,-0.6657,-0.6867,172.4928513,0.007922243,0.802676483
exp193,20,5,0,0,0,10,0,20,0,5,10,-1.4,120,-0.6967,-0.7537,-0.7817,-0.8007,-0.8157,-0.8287,127.536268,2.89E-05,0.14545212
exp194,0,15,0,5,10,0,5,0,15,15,5,-1.2,120,-0.6357,-0.7007,-0.7307,-0.7497,-0.7647,-0.7777,137.2841147,0.000196667,0.142375469
exp195,0,15,0,0,0,0,10,10,30,5,0,-1.2,150,-0.6537,-0.7417,-0.7687,-0.7837,-0.7957,-0.8067,127.2363866,6.40E-05,0.524075013
exp196,0,10,15,0,20,5,0,15,0,5,0,-1.4,150,-0.1907,-0.2757,-0.3087,-0.3307,-0.3487,-0.3637,91.13068855,0.006503463,17.77403562
exp197,5,10,5,10,0,10,0,5,5,10,10,-1.1,150,-0.6607,-0.7467,-0.7757,-0.7937,-0.8067,-0.8187,124.3290935,2.85E-05,0.19974142
exp198,5,0,0,15,0,10,10,15,10,0,5,-1.1,60,-0.3487,-0.4847,-0.5517,-0.5887,-0.6137,-0.6327,161.8715115,0.006428287,4.489218322
exp199,5,5,0,15,0,0,5,10,5,20,5,-1.1,60,-0.6627,-0.7307,-0.7607,-0.7807,-0.7957,-0.8097,131.1168475,5.54E-05,0.251252853
exp200,15,0,5,0,0,10,0,25,5,10,0,-1.3,120,-0.7337,-0.7937,-0.8227,-0.8417,-0.8567,-0.8707,123.8608137,7.53E-06,0.142303454
exp201,5,20,0,0,5,0,20,15,0,5,0,-1.4,90,-0.3727,-0.4787,-0.5217,-0.5447,-0.5617,-0.5747,127.9353107,0.002361147,3.657691712
exp202,5,0,0,5,5,10,0,5,25,15,0,-1.2,150,-0.5947,-0.7057,-0.7427,-0.7627,-0.7767,-0.7887,145.2068924,0.000426131,0.231728599
exp203,0,0,0,10,0,20,15,10,10,0,5,-1.2,90,-0.2837,-0.3987,-0.4637,-0.5027,-0.5307,-0.5527,174.5325199,0.032681885,8.566271246
exp204,5,5,5,0,15,0,0,0,35,5,0,-1.2,120,-0.5887,-0.7117,-0.7437,-0.7597,-0.7717,-0.7817,135.2272804,0.000148419,0.214076194
exp205,0,5,0,15,0,0,5,0,0,45,0,-1.3,90,-0.6937,-0.7697,-0.8027,-0.8247,-0.8407,-0.8557,150.55598,0.000138147,0.174228935
exp206,10,0,0,10,0,0,15,25,5,5,0,-1.4,60,-0.5567,-0.6357,-0.6707,-0.6947,-0.7147,-0.7307,135.0504442,0.000280199,0.90434139
exp207,10,5,15,5,5,5,5,5,0,15,0,-1.4,150,-0.1397,-0.2507,-0.2887,-0.3147,-0.3367,-0.3567,294.5428769,1.785310767,22.89349123
exp208,15,0,5,10,10,10,0,5,10,5,0,-1.5,60,-0.4037,-0.5187,-0.5857,-0.6297,-0.6577,-0.6797,195.5758545,0.02287961,0.272129435
exp209,0,10,0,20,0,0,10,20,0,0,10,-1.5,120,-0.0817,-0.2607,-0.3607,-0.3947,-0.4177,-0.4387,111.2783782,0.22700063,31.59411131
exp210,0,10,0,10,5,0,20,10,5,10,0,-1.1,60,-0.3327,-0.4607,-0.5037,-0.5277,-0.5437,-0.5567,130.1331907,0.003509751,4.747854676
exp211,0,30,0,10,0,0,0,0,20,5,5,-1.2,90,-0.6107,-0.6787,-0.7047,-0.7217,-0.7357,-0.7477,123.7166593,7.73E-05,0.259755671
exp212,0,25,0,0,10,0,0,0,10,25,0,-1.5,150,-0.2267,-0.3177,-0.3677,-0.4027,-0.4317,-0.4557,151.8342196,0.061616591,4.08491879
exp213,0,5,0,0,25,5,10,15,10,0,0,-1.3,60,-0.2687,-0.3947,-0.4697,-0.5147,-0.5477,-0.5747,198.7801006,0.081683327,3.265565841
exp214,0,0,0,0,0,10,15,30,0,0,15,-1.1,150,,,,,,,,,
exp215,5,0,10,0,0,10,0,5,15,0,25,-1.3,60,-0.6387,-0.7677,-0.8157,-0.8447,-0.8667,-0.8857,191.1977278,0.001543894,0.155833713
exp216,5,0,10,5,0,5,15,15,10,0,5,-1.5,60,-0.3837,-0.4947,-0.5627,-0.5987,-0.6227,-0.6417,175.7379507,0.01054611,1.791661609
exp217,10,15,0,5,0,5,0,20,5,0,10,-1.3,60,,,,,,,,,
exp218,0,5,0,5,0,5,15,10,20,0,10,-1.2,90,-0.4997,-0.6117,-0.6557,-0.6817,-0.7037,-0.7207,170.5231211,0.003477812,0.811104455
exp219,5,0,10,5,10,0,0,0,20,10,10,-1.1,150,,,,,,,,,
exp220,10,5,0,0,0,5,5,5,10,30,0,-1.5,150,-0.5427,-0.6457,-0.6927,-0.7237,-0.7467,-0.7667,169.7325686,0.00196663,0.272904736
exp221,0,5,5,0,10,0,0,5,30,5,10,-1.5,150,-0.6607,-0.7077,-0.7317,-0.7487,-0.7647,-0.7817,118.971556,3.53E-05,0.140617095
exp222,10,10,5,15,0,5,0,20,0,0,5,-1.2,90,-0.5987,-0.7317,-0.7747,-0.7997,-0.8187,-0.8347,165.9942268,0.000630141,0.141206002
exp223,15,0,0,5,20,0,5,20,5,0,0,-1.3,60,-0.4057,-0.4687,-0.4967,-0.5167,-0.5347,-0.5497,100.1051883,0.000173168,2.496086777
exp224,5,10,5,0,10,0,0,15,0,15,10,-1.1,60,-0.3967,-0.4727,-0.5147,-0.5397,-0.5577,-0.5717,113.2858876,0.000481048,1.022332128
exp225,10,10,0,0,10,0,10,10,15,5,0,-1.3,90,,,,,,,,,
exp226,0,0,0,5,0,10,15,15,5,0,20,-1.4,120,-0.2717,-0.3377,-0.6217,-0.4227,-0.4557,-0.4867,135.9988151,0.008669311,6.772500075
exp227,0,5,0,5,15,5,5,20,0,15,0,-1.2,60,,,,,,,,,
exp228,0,0,5,0,20,0,0,25,10,10,0,-1.3,90,,,,,,,,,
exp229,10,10,0,0,5,0,10,5,5,20,5,-1.5,90,,,,,,,,,
exp230,15,0,10,0,20,0,0,20,5,0,0,-1.1,90,-0.4767,-0.5637,-0.5947,-0.6137,-0.6267,-0.6407,92.32030483,7.24E-06,0.414797594
exp231,0,0,15,15,0,0,0,0,10,15,15,-1.4,120,,,,,,,,,
exp232,25,5,5,0,0,0,0,25,10,0,0,-1.3,120,-0.7957,-0.8397,-0.8657,-0.8847,-0.9007,-0.9147,122.5804347,2.68E-06,0.138864947
exp233,5,15,0,0,10,0,15,0,10,10,5,-1.3,60,-0.5127,-0.6017,-0.6487,-0.6797,-0.7047,-0.7247,178.9565908,0.006219804,0.722569434
exp234,0,15,5,0,0,0,10,5,30,5,0,-1.4,150,-0.7257,-0.7717,-0.7977,-0.8157,-0.8307,-0.8447,121.6325211,9.81E-06,0.149824266
exp235,0,5,0,0,5,10,5,5,40,0,0,-1.5,90,-0.6497,-0.7447,-0.7767,-0.7967,-0.8127,-0.8267,150.4878068,0.000217083,0.217726972
exp236,0,0,0,15,5,0,15,10,5,15,5,-1.4,90,,,,,,,,,
exp237,0,0,0,10,0,10,25,5,5,10,5,-1.1,150,-0.4617,-0.5407,-0.5887,-0.6257,-0.6547,-0.6807,130.7199898,0.00040843,1.094759098
exp238,0,15,0,15,5,0,5,5,5,10,10,-1.5,150,-0.4367,-0.5227,-0.5737,-0.6097,-0.6347,-0.6537,136.5684083,0.001128149,1.410262171
exp239,5,5,20,10,0,5,5,15,5,0,0,-1.1,90,-0.4387,-0.5417,-0.5907,-0.6187,-0.6377,-0.6537,132.339813,0.000653246,1.604906968
exp240,5,10,5,10,0,0,5,25,0,0,10,-1.4,150,-0.4997,-0.5947,-0.6527,-0.6927,-0.7207,-0.7437,175.1897084,0.003848535,4.405043678
exp241,0,15,0,5,0,0,15,5,5,10,15,-1.3,90,-0.6357,-0.7227,-0.7607,-0.7797,-0.7947,-0.8097,122.3693181,1.54E-05,0.193124157
exp242,0,10,5,5,0,0,15,25,5,5,0,-1.4,150,-0.5667,-0.6317,-0.6667,-0.6907,-0.7097,-0.7257,114.0199075,2.94E-05,1.063719238
exp243,10,0,0,0,5,5,0,10,5,10,25,-1.4,120,-0.3877,-0.4637,-0.5117,-0.5437,-0.5657,-0.5837,123.4928927,0.001101676,0.81546654
exp244,10,5,0,5,0,0,5,5,0,30,10,-1.5,150,-0.6767,-0.7417,-0.7697,-0.7877,-0.8017,-0.8137,118.2520968,1.06E-05,0.180367254
exp245,20,0,5,0,15,10,0,20,0,0,0,-1.1,120,-0.3577,-0.4617,-0.5167,-0.5487,-0.5697,-0.5857,138.3431387,0.003357507,1.581557106
exp246,5,0,5,0,0,10,5,0,25,5,15,-1.4,60,-0.7127,-0.7847,-0.8207,-0.8457,-0.8657,-0.8837,154.7944044,0.000110263,0.170816192
exp247,5,0,5,0,10,0,0,10,15,0,25,-1.1,60,-0.6997,-0.7407,-0.7607,-0.7767,-0.7897,-0.8017,119.5205834,1.93E-05,0.179287248
exp248,0,5,0,0,0,30,0,0,20,10,5,-1.3,90,,,,,,,,,
exp249,0,0,5,0,10,0,5,25,15,5,5,-1.5,60,-0.6227,-0.6847,-0.7147,-0.7337,-0.7497,-0.7637,128.037909,9.27E-05,0.194025706
exp250,0,35,0,0,0,0,0,10,15,0,10,-1.3,150,,,,,,,,,
exp251,5,5,0,20,5,5,5,15,0,5,5,-1.4,90,,,,,,,,,
exp252,5,0,0,0,0,10,35,10,5,5,0,-1.2,90,-0.4387,-0.5217,-0.5647,-0.5927,-0.6177,-0.6407,135.9969881,0.001091283,1.656660028
exp253,10,5,0,5,0,20,10,5,10,5,0,-1.2,120,-0.5927,-0.6837,-0.7257,-0.7527,-0.7717,-0.7857,163.675692,0.000915895,0.344908026
exp254,5,0,0,10,0,15,0,0,0,25,15,-1.1,90,-0.5987,-0.6857,-0.7217,-0.7437,-0.7607,-0.7757,149.8450232,0.000443793,0.277174018
exp255,0,5,10,0,25,0,0,0,10,10,10,-1.2,60,-0.6037,-0.6637,-0.6887,-0.7047,-0.7167,-0.7277,107.6466552,2.52E-05,0.192726559
exp256,0,10,0,0,5,5,15,15,5,0,15,-1.5,60,-0.4107,-0.4997,-0.5577,-0.5907,-0.6197,-0.6407,128.2011939,0.000753434,0.299153926
exp257,5,0,5,10,10,0,5,10,10,0,15,-1.3,150,,,,,,,,,
exp258,0,20,0,0,0,0,0,0,15,30,5,-1.4,60,-0.6677,-0.7257,-0.8177,-0.8217,-0.7867,-0.7977,114.383446,9.99E-06,0.117834703
exp259,20,5,5,10,5,0,0,5,20,0,0,-1.3,120,-0.6887,-0.7437,-0.7687,-0.7857,-0.7997,-0.8117,121.3026994,1.83E-05,0.152356314
exp260,5,25,15,5,0,0,0,15,0,5,0,-1.2,150,-0.7397,-0.7887,-0.8127,-0.8297,-0.8437,-0.8567,112.3025121,1.85E-06,0.169822982
exp261,0,0,0,10,5,5,5,5,0,15,25,-1.3,60,-0.3647,-0.4397,-0.4817,-0.5117,-0.5367,-0.5567,116.7960786,0.000848883,3.07977559
exp262,5,5,10,0,10,0,0,20,10,5,5,-1.2,60,-0.7147,-0.7557,-0.7767,-0.7917,-0.8047,-0.8157,112.5952999,6.56E-06,0.167555347
exp263,0,5,10,20,0,5,5,0,15,5,5,-1.2,90,-0.6577,-0.7277,-0.7647,-0.7867,-0.8037,-0.8187,165.257273,0.000716391,0.124469058
exp264,0,10,15,0,15,0,5,5,10,5,5,-1.4,120,,,,,,,,,
exp265,0,0,0,0,0,15,5,5,5,10,30,-1.1,120,-0.3607,-0.4367,-0.4777,-0.5097,-0.5357,-0.5577,145.7057069,0.007189271,0.78994111
exp266,0,5,0,0,5,10,0,10,15,25,0,-1.2,90,-0.5517,-0.6847,-0.7257,-0.7467,-0.7597,-0.7677,147.1796985,0.000537083,0.355311837
exp267,5,5,5,20,0,0,0,15,10,5,5,-1.5,60,-0.7517,-0.8027,-0.8217,-0.8367,-0.8507,-0.8557,80.23710767,2.68E-09,0.089518271
exp268,0,0,0,0,5,15,10,5,10,10,15,-1.4,120,,,,,,,,,
exp269,10,15,0,10,0,0,10,5,0,20,0,-1.3,120,,,,,,,,,
exp270,0,10,0,5,10,5,15,0,25,0,0,-1.3,120,-0.9317,-0.6727,-0.7047,-0.7257,-0.7407,-0.9527,152.0113226,0.00064451,0.011839926
exp271,10,0,0,10,5,15,0,0,15,10,5,-1.5,60,-0.4417,-0.5377,-0.6077,-0.6607,-0.6967,-0.7267,158.6431444,0.002605936,0.519788998
exp272,0,20,20,0,0,10,0,0,5,15,0,-1.5,60,-0.6897,-0.7507,-0.7777,-0.7937,-0.8077,-0.8187,120.0454341,1.63E-05,0.179629208
exp273,5,0,10,5,10,0,5,10,10,0,15,-1.5,120,-0.4067,-0.4957,-0.5577,-0.6087,-0.6427,-0.6827,157.2725227,0.002953956,3.796169095
exp274,5,5,5,0,5,0,15,15,0,5,15,-1.1,150,,,,,,,,,
exp275,0,5,0,0,15,10,10,20,0,0,10,-1.3,90,-0.2227,-0.2907,-0.3247,-0.3477,-0.3647,-0.3797,98.41821233,0.007937354,13.2205262
exp276,25,0,0,0,10,0,0,15,10,10,0,-1.3,60,-0.6487,-0.6997,-0.7237,-0.7397,-0.7517,-0.7617,108.1033858,1.37E-05,0.167396743
exp277,15,0,0,0,0,5,0,5,20,0,25,-1.3,150,-0.6687,-0.7757,-0.8147,-0.8367,-0.8537,-0.8707,154.9077543,0.000176927,0.166087586
exp278,10,0,0,15,5,10,5,10,10,5,0,-1.5,120,-0.3207,-0.4007,-0.4347,-0.4617,-0.4897,-0.5177,126.7583282,0.002891497,12.94563319
exp279,5,0,0,5,25,0,10,5,5,10,5,-1.2,120,-0.4137,-0.4937,-0.5357,-0.5947,-0.5847,-0.6037,128.6573209,0.000945841,0.96490193
exp280,0,0,5,0,10,0,5,25,5,10,10,-1.4,60,-0.6657,-0.7177,-0.7427,-0.7587,-0.7697,-0.7797,111.3927121,1.13E-05,0.189295389
exp281,5,0,5,10,0,25,0,0,15,5,5,-1.4,120,-0.4517,-0.5557,-0.6277,-0.6797,-0.7097,-0.7417,157.9568362,0.001526882,0.49757903
exp282,0,10,5,5,10,10,0,30,0,0,0,-1.1,120,-0.4957,-0.5977,-0.6517,-0.6867,-0.7167,-0.7407,158.0172611,0.001680962,0.393363104
exp283,0,5,20,0,0,15,10,15,0,5,0,-1.4,90,-0.2797,-0.3497,-0.3907,-0.4217,-0.4467,-0.4687,122.0196817,0.008462874,2.941617118
exp284,5,0,5,0,10,5,10,5,15,0,15,-1.3,90,-0.4687,-0.6087,-0.6637,-0.6987,-0.7257,-0.7447,204.271493,0.011536656,0.606794194
exp285,5,0,0,0,15,0,10,0,5,15,20,-1.1,60,-0.2697,-0.3257,-0.3467,-0.3617,-0.3747,-0.3857,76.41136161,0.000625186,16.5174659
exp286,0,10,5,5,0,15,0,5,15,0,15,-1.4,150,-0.4227,-0.5187,-0.5887,-0.6397,-0.6827,-0.7177,185.8369915,0.011891355,0.295213264
exp287,0,5,20,10,10,0,0,5,5,10,5,-1.2,60,-0.4577,-0.5427,-0.6027,-0.6447,-0.6757,-0.7007,162.2494171,0.00369967,0.861052047
exp288,5,0,10,0,0,0,10,15,25,0,5,-1.3,90,-0.6757,-0.7587,-0.8007,-0.8187,-0.8347,-0.8517,167.2829646,0.000359492,0.227485418
exp289,0,5,0,25,5,0,0,0,10,15,10,-1.2,120,-0.3187,-0.3997,-0.4437,-0.4797,-0.5107,-0.5397,153.620544,0.013122683,6.685520315
exp290,5,5,0,5,10,0,0,0,20,5,20,-1.3,150,-0.5947,-0.6567,-0.6837,-0.7007,-0.7137,-0.7247,108.6577705,2.44E-05,0.248443306
exp291,10,5,0,10,0,0,0,25,10,5,5,-1.2,60,-0.7187,-0.7647,-0.7857,-0.7997,-0.8117,-0.8217,119.1496672,1.02E-05,0.186450214
exp292,0,0,0,10,5,5,10,10,10,20,0,-1.1,150,-0.4477,-0.5807,-0.6297,-0.6557,-0.6767,-0.6917,130.7614196,0.000377499,0.597493393
exp293,15,5,0,0,0,0,5,10,5,30,0,-1.2,120,-0.6367,-0.7077,-0.7387,-0.7577,-0.7737,-0.7847,162.8204232,0.000600498,0.091533593
exp294,10,0,10,15,0,0,10,0,0,25,0,-1.3,120,-0.6347,-0.7357,-0.7757,-0.7987,-0.8167,-0.8307,144.477078,0.000114206,0.19441935
exp295,10,0,0,5,5,0,5,15,15,5,10,-1.1,120,-0.6407,-0.7067,-0.7357,-0.7537,-0.7677,-0.7777,122.9907095,3.49E-05,0.215734648
exp296,10,0,5,5,5,0,10,10,0,15,10,-1.2,60,-0.3137,-0.5167,-0.5517,-0.5687,-0.5787,,432.824445,1.006807941,-113.7005018
exp297,0,0,0,5,20,0,5,0,40,0,0,-1.2,120,,,,,,,,,
exp298,5,0,10,5,0,0,0,0,25,0,25,-1.1,60,-0.7067,-0.7577,-0.7797,-0.7947,-0.8067,-0.8177,120.4559052,1.51E-05,0.20374003
exp299,5,0,5,0,5,10,5,15,5,0,20,-1.5,90,-0.1987,-0.2707,-0.3067,-0.3317,-0.3507,-0.3667,104.4682113,0.016849095,12.77095337
exp300,0,5,0,10,10,0,20,5,10,10,0,-1.5,90,,,,,,,,,
exp301,5,25,0,0,0,0,0,15,5,15,5,-1.2,150,,,,,,,,,
exp302,0,0,5,5,15,0,15,0,15,10,5,-1.2,150,-0.5237,-0.6107,-0.6527,-0.6787,-0.6997,-0.7157,140.6150495,0.00068926,0.459092725
exp303,0,5,0,0,5,15,20,20,0,0,5,-1.1,90,-0.3187,-0.4107,-0.4737,-0.5187,-0.5447,-0.5687,150.6186566,0.00934971,3.605407165
exp304,0,5,0,20,5,20,0,0,15,5,0,-1.3,60,-0.4627,-0.5847,-0.6497,-0.6867,-0.7157,-0.7367,157.8255239,0.001592723,0.918224975
exp305,5,0,20,0,15,0,10,15,0,5,0,-1.2,120,-0.3247,-0.4177,-0.4727,-0.5087,-0.5357,-0.5547,146.5427525,0.00765578,3.344454827
exp306,5,10,15,5,0,5,5,5,15,0,5,-1.3,150,,,,,,,,,
exp307,5,10,5,5,15,10,0,0,20,0,0,-1.5,90,,,,,,,,,
exp308,0,0,5,0,0,10,25,0,5,15,10,-1.3,150,,,,,,,,,
exp309,0,0,0,10,10,10,5,10,5,15,5,-1.2,90,,,,,,,,,
exp310,0,0,0,15,5,15,0,0,10,15,10,-1.1,120,,,,,,,,,
exp311,0,0,0,25,5,0,5,5,0,25,5,-1.2,60,-0.4417,-0.5307,-0.5767,-0.6067,-0.6457,-0.6507,130.7050502,0.000732062,0.773235803
exp312,0,5,15,20,5,5,0,0,10,10,0,-1.1,90,,,,,,,,,
exp313,5,5,10,0,10,0,5,25,10,0,0,-1.4,90,,,,,,,,,
exp314,5,25,0,0,0,5,0,25,0,10,0,-1.4,90,,,,,,,,,
exp315,0,35,0,0,0,0,0,15,5,15,0,-1.3,60,,,,,,,,,
exp316,5,20,0,10,5,10,0,20,0,0,0,-1.5,90,,,,,,,,,
exp317,0,5,0,10,5,10,10,0,5,25,0,-1.5,60,-0.5247,-0.6607,-0.7177,-0.7497,-0.7747,-0.7947,182.4731234,0.003262017,0.164756871
exp318,0,15,15,0,0,0,10,0,10,10,10,-1.4,120,-0.7107,-0.7967,-0.8337,-0.8597,-0.8777,-0.8947,157.9156331,0.000124501,0.086675369
exp319,5,0,5,5,0,10,0,5,25,15,0,-1.5,60,-0.7267,-0.7947,-0.8247,-0.8437,-0.8597,-0.8737,134.7103425,2.40E-05,0.068758849
exp320,0,5,15,0,20,0,5,5,10,5,5,-1.3,120,-0.2717,-0.3447,-0.3847,-0.4157,-0.4397,-0.4617,123.6176291,0.010966514,8.87024627
exp321,10,0,15,10,0,10,0,10,15,0,0,-1.3,120,-0.7287,-0.7877,-0.8137,-0.8317,-0.8467,-0.8607,130.9647435,2.15E-05,0.10784186
exp322,0,10,5,5,0,5,20,10,0,15,0,-1.5,150,-0.3207,-0.4107,-0.4667,-0.5047,-0.5337,-0.5577,163.1985063,0.022647575,3.557502662
exp323,10,5,0,20,5,5,0,5,5,15,0,-1.4,150,-0.0507,-0.3107,-0.3687,-0.3987,-0.4237,-0.4437,236.8022977,1.653253302,38.44472577
exp324,0,15,20,0,10,0,5,10,5,5,0,-1.5,90,-0.3547,-0.4567,-0.5117,-0.5427,-0.5647,-0.5837,149.5097519,0.007685341,1.919826261
exp325,0,0,10,0,0,0,20,40,0,0,0,-1.4,90,-0.5307,-0.5887,-0.6207,-0.6457,-0.6657,-0.6857,96.07332482,5.50E-06,2.792605744
exp326,10,5,15,5,0,0,15,10,5,5,0,-1.4,60,-0.6397,-0.7327,-0.7707,-0.7937,-0.8107,-0.8257,139.4861173,8.02E-05,0.290281867
exp327,0,0,0,15,10,10,0,20,5,5,5,-1.2,60,-0.4147,-0.5367,-0.5917,-0.6247,-0.6497,-0.6747,143.0709554,0.001236412,0.270873023
exp328,0,5,5,5,5,10,0,25,0,15,0,-1.2,120,-0.3397,-0.4227,-0.4767,-0.5197,-0.5547,-0.5847,148.0706282,0.006811005,5.506899599
exp329,0,0,5,10,0,10,15,20,5,0,5,-1.5,60,-0.2517,-0.3347,-0.3867,-0.4237,-0.4537,-0.4787,158.3710132,0.053663817,6.456263568
exp330,5,15,25,0,5,0,0,0,10,10,0,-1.5,120,-0.5937,-0.6577,-0.6877,-0.7087,-0.7247,-0.7397,126.4548686,0.000110831,0.139438485
exp331,15,20,0,10,0,0,5,15,5,0,0,-1.1,150,-0.7347,-0.7937,-0.8217,-0.8417,-0.8577,-0.8727,124.3725111,7.12E-06,0.162901772
exp332,0,5,0,5,0,25,5,10,0,15,5,-1.4,120,-0.1747,-0.2487,-0.2847,-0.3087,-0.3287,-0.3467,104.5307446,0.033824443,13.91576534
exp333,0,20,5,0,0,5,5,10,15,5,5,-1.1,150,-0.5807,-0.6887,-0.7447,-0.7847,-0.8167,-0.8437,200.3486342,0.004074004,0.128163487
exp334,0,0,30,10,0,0,0,5,5,15,5,-1.4,120,-0.7507,-0.8097,-0.8377,-0.8567,-0.8727,-0.8877,129.4918861,1.12E-05,0.101966811
exp335,0,0,10,0,0,30,10,5,5,10,0,-1.5,150,-0.1977,-0.2737,-0.3137,-0.3407,-0.3637,-0.3837,120.7041269,0.045274168,7.039498715
exp336,10,0,0,5,0,5,0,0,0,35,15,-1.4,150,-0.6377,-0.7357,-0.7757,-0.8027,-0.8237,-0.8417,165.7699342,0.000580222,0.122054267
exp337,15,10,0,0,5,0,15,0,0,20,5,-1.5,60,-0.5137,-0.6007,-0.6557,-0.6957,-0.7267,-0.7517,170.2815566,0.002605737,1.019846459
exp338,20,15,5,0,0,0,5,5,15,0,5,-1.2,150,-0.6737,-0.7827,-0.8327,-0.8647,-0.8917,-0.9137,184.2146241,0.000685609,0.151650866
exp339,5,0,0,10,5,0,10,10,0,20,10,-1.1,150,-0.3497,-0.4497,-0.5187,-0.5647,-0.5977,-0.6217,176.9304522,0.016637655,3.918664125
exp340,5,10,5,0,5,5,5,25,0,10,0,-1.4,90,-0.3967,-0.4947,-0.5587,-0.6107,-0.6497,-0.6857,179.6293918,0.012218317,0.767194791
exp341,5,15,10,10,0,5,0,15,5,5,0,-1.3,120,-0.7177,-0.7727,-0.8007,-0.8197,-0.8347,-0.8497,123.6756698,9.72E-06,0.114214475
exp342,0,10,0,0,0,5,10,20,5,0,20,-1.4,60,-0.3927,-0.4787,-0.5237,-0.5547,-0.5787,-0.5987,132.715889,0.001654699,1.955387102
exp343,0,5,15,5,0,10,10,20,0,0,5,-1.1,150,-0.2987,-0.3807,-0.4317,-0.4677,-0.4977,-0.5237,159.918099,0.027887114,5.069081673
exp344,5,20,0,0,0,0,10,5,15,5,10,-1.4,120,-0.5527,-0.6637,-0.7277,-0.7717,-0.8057,-0.8337,228.9829699,0.014647623,0.684484348
exp345,5,20,10,0,0,10,0,10,0,10,5,-1.3,150,-0.6857,-0.7607,-0.7987,-0.8247,-0.8457,-0.8637,156.9339887,0.000225884,0.101344202
exp346,25,0,5,10,0,5,0,0,0,25,0,-1.5,60,-0.7427,-0.8167,-0.8527,-0.8757,-0.8947,-0.9107,140.6620086,2.93E-05,0.087179449
exp347,0,20,10,0,0,5,0,0,0,20,15,-1.3,60,-0.7307,-0.7957,-0.8297,-0.8557,-0.8767,-0.8947,141.6155985,3.25E-05,0.091831029
exp348,10,0,0,5,5,15,0,5,25,5,0,-1.1,60,-0.7047,-0.7667,-0.7937,-0.8117,-0.8257,-0.8387,132.3932703,3.78E-05,0.116871627
exp349,0,0,0,0,20,5,15,15,10,0,5,-1.5,120,-0.1617,-0.2677,-0.3037,-0.3287,-0.3487,-0.3667,93.78033611,0.009613646,29.01214338
exp350,0,0,0,5,15,0,25,10,15,0,0,-1.1,60,-0.3767,-0.5287,-0.5967,-0.6277,-0.6497,-0.6667,166.1476531,0.005279926,4.015007185
exp351,5,5,5,0,5,0,5,0,40,0,5,-1.1,150,-0.6547,-0.7087,-0.7347,-0.7537,-0.7697,-0.7827,126.7000329,5.72E-05,0.098280134
exp352,5,10,0,10,0,15,0,0,0,25,5,-1.1,90,-0.6637,-0.7497,-0.7887,-0.8157,-0.8367,-0.8547,167.4155907,0.00050301,0.109683203
exp353,20,5,5,0,0,0,10,10,0,20,0,-1.1,120,-0.4797,-0.5557,-0.5907,-0.6127,-0.6307,-0.6467,130.7940865,0.000896908,1.739534557
exp354,5,5,5,0,5,10,15,10,5,5,5,-1.4,60,-0.2997,-0.3897,-0.4507,-0.4947,-0.5247,-0.5487,166.1472124,0.030693154,3.782915048
exp355,0,10,0,10,5,0,5,15,5,10,10,-1.2,90,-0.3687,-0.4587,-0.5127,-0.5477,-0.5727,-0.5917,134.3712256,0.00228089,3.284868308
exp356,10,5,0,10,20,0,0,0,5,20,0,-1.1,120,-0.5857,-0.6517,-0.6827,-0.7027,-0.7177,-0.7307,113.0251423,4.28E-05,0.159070383
exp357,0,5,5,5,5,10,5,10,5,15,5,-1.1,90,-0.3887,-0.4837,-0.5397,-0.5857,-0.6197,-0.6477,154.0486342,0.003546055,0.99113839
exp358,10,5,0,0,15,5,10,0,10,10,5,-1.3,120,-0.6017,-0.6697,-0.6977,-0.7167,-0.7307,-0.7437,120.0054614,9.45E-05,0.121570513
exp359,20,5,10,5,5,0,0,20,0,0,5,-1.5,150,-0.6177,-0.6797,-0.7107,-0.7317,-0.7497,-0.7657,128.2348655,8.70E-05,0.123979535
exp360,0,15,10,0,0,0,0,5,30,0,10,-1.5,60,-0.7417,-0.7867,-0.8087,-0.8247,-0.8377,-0.8507,116.5832399,4.57E-06,0.10804501
exp361,5,20,15,0,0,0,5,10,0,15,0,-1.2,60,-0.5347,-0.6027,-0.6367,-0.6607,-0.6807,-0.6977,134.8876734,0.000545034,0.382214971
exp362,0,0,25,0,5,5,5,10,5,10,5,-1.1,150,-0.2937,-0.4007,-0.4667,-0.5087,-0.5397,-0.5657,202.6621763,0.081020063,3.655559291
exp363,0,0,0,30,5,5,0,5,0,15,10,-1.1,150,-0.3207,-0.3917,-0.4307,-0.4607,-0.4867,-0.5097,135.4955299,0.007983139,4.501182015
exp364,10,0,0,5,0,10,15,5,5,20,0,-1.2,120,-0.3857,-0.4627,-0.4967,-0.5207,-0.5407,-0.5567,123.2637209,0.001988122,2.927106222
exp365,0,5,15,5,0,0,0,30,0,5,10,-1.5,60,-0.7127,-0.7787,-0.8137,-0.8397,-0.8617,-0.8827,152.5888647,0.000101497,0.114538781
exp366,5,15,0,20,5,0,5,20,0,0,0,-1.5,150,-0.4197,-0.6347,-0.6697,,,-0.6947,369.1845146,0.239765343,-21.18170838
exp367,5,0,5,10,5,20,0,5,20,0,0,-1.5,60,-0.5757,-0.7347,-0.7907,-0.8207,-0.8417,-0.8597,207.6383537,0.004461702,0.132184157
exp368,25,10,0,0,0,5,5,5,5,10,5,-1.2,150,,,,,,,,,
exp369,15,0,0,0,0,5,5,45,0,0,0,-1.5,120,-0.3467,-0.4367,-0.4957,-0.5327,-0.5587,-0.5787,155.1064899,0.012781164,2.881150395
exp370,0,5,5,0,0,0,30,20,5,5,0,-1.4,60,-0.5247,-0.5847,-0.6147,-0.6407,-0.6617,-0.6807,100.1315692,1.20E-05,3.800164307
exp371,5,5,0,0,10,0,25,0,5,20,0,-1.2,90,-0.4587,-0.5247,-0.5567,-0.5777,-0.5957,-0.6097,117.4615297,0.00049951,1.129968274
exp372,0,0,0,0,10,20,10,0,0,20,10,-1.1,150,-0.2047,-0.2787,-0.3027,-0.3237,-0.3417,-0.3587,89.66976661,0.00637586,16.08182045
exp373,0,10,0,15,0,10,5,10,5,15,0,-1.1,150,-0.3497,-0.4587,-0.5297,-0.5747,-0.6067,-0.6317,181.0125817,0.019689876,2.397579376
exp374,0,5,0,0,20,0,0,5,10,20,10,-1.3,90,-0.4597,-0.5647,-0.6267,-0.6707,-0.7067,-0.7297,157.9859195,0.002275732,0.968535472
exp375,5,5,0,5,5,0,20,0,0,30,0,-1.4,60,-0.5017,-0.5827,-0.6347,-0.6717,-0.7017,-0.7287,171.8618197,0.004030226,0.718096207
exp376,0,0,15,5,0,10,5,10,5,15,5,-1.1,90,-0.3667,-0.4507,-0.5017,-0.5457,-0.5797,-0.6057,180.7183382,0.018794769,3.415269424
exp377,0,15,5,0,0,0,0,10,5,25,10,-1.5,150,-0.7287,-0.7857,-0.8157,-0.8367,-0.8537,-0.8687,131.5063914,1.95E-05,0.101942098
exp378,0,0,0,0,15,0,5,20,10,5,15,-1.3,90,-0.2467,-0.3237,-0.3667,-0.3997,-0.4247,-0.4467,133.3572078,0.029297174,7.386611719
exp379,10,0,0,10,15,0,10,15,0,5,5,-1.5,60,-0.3037,-0.3927,-0.4437,-0.4807,-0.5097,-0.5337,150.9696123,0.014502677,6.581455074
exp380,0,10,0,0,5,5,0,30,0,15,5,-1.5,60,-0.6237,-0.6987,-0.7347,-0.7577,-0.7767,-0.7927,133.4170598,0.00012232,0.081817968
exp381,5,5,10,0,5,20,0,15,0,5,5,-1.3,60,-0.5967,-0.6697,-0.6987,-0.7167,-0.7317,-0.7447,119.0498536,5.64E-05,0.104632735
exp382,5,5,5,0,20,0,0,0,15,10,10,-1.5,120,-0.4747,-0.6187,-0.6777,-0.7037,-0.7217,-0.7357,145.4233342,0.001003511,1.309246539
exp383,0,10,0,0,0,5,15,0,35,5,0,-1.2,120,-0.6867,-0.7587,-0.7967,-0.8227,-0.8437,-0.8617,161.4109775,0.000309194,0.091996053
exp384,0,0,0,20,0,15,5,5,15,5,5,-1.3,60,-0.6647,-0.7487,-0.7837,-0.8057,-0.8237,-0.8397,141.1424768,8.20E-05,0.096529509
exp385,0,0,0,10,5,5,0,0,35,10,5,-1.2,60,-0.7057,-0.7607,-0.7857,-0.8027,-0.8167,-0.8297,128.48666,3.24E-05,0.111561493
exp386,0,0,10,0,0,25,0,5,20,0,10,-1.2,120,-0.6017,-0.7097,-0.7667,-0.7987,-0.8237,-0.8447,199.1651882,0.003770116,0.120645531
exp387,10,15,15,0,0,0,0,15,10,0,5,-1.1,150,-0.6257,-0.7017,-0.7337,-0.7537,-0.7707,-0.7847,147.7806084,0.00047723,0.197239348
exp388,10,0,5,0,0,0,5,0,20,15,15,-1.1,60,-0.6587,-0.7387,-0.7727,-0.7937,-0.8117,-0.8267,146.3435909,0.000198448,0.254452371
exp389,0,30,0,5,0,0,5,0,25,5,0,-1.5,120,-0.7437,-0.8067,-0.8387,-0.8617,-0.8797,-0.8967,133.8554414,1.67E-05,0.09127909
exp390,0,0,0,0,10,0,10,5,20,15,10,-1.3,120,-0.6587,-0.7137,-0.7417,-0.7617,-0.7777,-0.7917,121.3731703,3.41E-05,0.086561577
exp391,0,0,0,5,5,5,10,15,5,0,25,-1.2,150,-0.2497,-0.3407,-0.3917,-0.4267,-0.4547,-0.4777,152.7190221,0.039986391,9.473085545
exp392,5,0,15,0,10,10,0,10,15,5,0,-1.1,60,-0.6587,-0.7227,-0.7517,-0.7697,-0.7857,-0.7987,119.7527961,2.60E-05,0.109274595
exp393,0,15,5,5,5,0,5,30,5,0,0,-1.5,150,-0.3017,-0.3827,-0.4267,-0.4597,-0.4877,-0.5127,136.1757998,0.008874386,9.089123404
exp394,5,10,10,0,0,0,0,30,10,0,5,-1.5,150,-0.7357,-0.7777,-0.7977,-0.8127,-0.8257,-0.8377,111.5809681,3.06E-06,0.106928801
exp395,0,0,10,10,0,0,0,5,0,40,5,-1.2,150,-0.7197,-0.7897,-0.8187,-0.8387,-0.8557,-0.8707,140.0450978,4.51E-05,0.204735148
exp396,0,0,0,0,20,5,5,30,0,5,5,-1.2,90,,,,,,,,,
exp397,0,0,0,0,15,5,5,10,0,15,20,-1.3,120,,,,,,,,,
exp398,5,0,0,0,5,15,0,10,30,0,5,-1.4,150,,,,,,,,,
exp399,5,20,0,0,5,0,5,10,0,20,5,-1.3,60,,,,,,,,,
exp400,0,15,10,10,5,10,0,10,5,5,0,-1.3,120,,,,,,,,,
exp401,0,10,5,0,5,10,5,10,20,0,5,-1.5,90,-0.3967,-0.5197,-0.5707,-0.6027,-0.6267,-0.6487,160.3964336,0.005927865,0.974460142
exp402,10,0,10,5,0,0,15,0,0,20,10,-1.5,120,-0.5207,-0.5967,-0.6347,-0.6597,-0.6797,-0.6977,137.4789713,0.000606807,0.443275357
exp403,0,15,0,5,0,5,5,15,5,20,0,-1.5,90,-0.3717,-0.4727,-0.5297,-0.5677,-0.5967,-0.6207,157.2394884,0.006361373,1.98559311
exp404,5,0,5,10,0,5,5,15,10,15,0,-1.2,120,-0.3937,-0.5087,-0.6197,-0.6767,-0.7157,-0.7487,191.9580436,0.00852125,0.601422637
exp405,0,5,0,5,5,0,10,15,10,0,20,-1.3,90,-0.3897,-0.5357,-0.6047,-0.6327,-0.6507,-0.6647,154.8517345,0.00251516,3.105944087
exp406,20,0,0,0,15,0,5,20,0,10,0,-1.3,60,-0.3647,-0.4837,-0.5447,-0.5767,-0.5977,-0.6157,154.1249164,0.005150485,1.686659476
exp407,20,0,10,0,10,0,0,10,15,5,0,-1.2,60,-0.6527,-0.6997,-0.7217,-0.7377,-0.7497,-0.7617,107.0049553,8.86E-06,0.106342803
exp408,5,0,0,15,15,0,10,0,20,5,0,-1.4,120,-0.4867,-0.6117,-0.6727,-0.7037,-0.7257,-0.7427,145.6784255,0.000733694,1.507415808
exp409,5,5,0,0,5,5,0,0,15,25,10,-1.3,60,-0.6477,-0.7037,-0.7317,-0.7507,-0.7667,-0.7797,132.1935796,0.000103281,0.106095083
exp410,10,0,10,15,0,0,10,0,0,20,5,-1.2,90,-0.6417,-0.7057,-0.7367,-0.7587,-0.7767,-0.7927,147.0544421,0.000394255,0.121727892
exp411,0,15,0,15,10,0,5,5,15,0,5,-1.4,120,-0.5277,-0.6577,-0.7047,-0.7297,-0.7487,-0.7657,153.1553257,0.000723189,0.421351844
exp412,0,0,0,20,5,5,0,10,0,30,0,-1.4,150,-0.1477,-0.4497,-0.5077,-0.5597,-0.6107,-0.6587,617.0748041,2.754251249,7.483584052
exp413,0,0,15,5,0,0,5,5,20,5,15,-1.2,120,-0.6687,-0.7297,-0.7607,-0.7807,-0.7977,-0.8127,132.8415735,6.68E-05,0.129375968
exp414,15,5,5,0,15,0,0,5,10,5,10,-1.5,150,-0.3587,-0.4587,-0.5197,-0.5607,-0.5907,-0.6137,155.8196972,0.005226699,1.683707463
exp415,15,0,0,0,0,10,25,15,0,5,0,-1.4,90,-0.2957,-0.4137,-0.5047,-0.5587,-0.5937,-0.6187,203.8614633,0.055808349,3.016396886
exp416,15,5,5,10,5,5,0,5,5,15,0,-1.1,90,-0.5407,-0.6367,-0.6787,-0.7067,-0.7307,-0.7507,160.4306411,0.001761552,0.378464037
exp417,0,5,0,5,0,10,0,10,15,5,20,-1.1,60,,,,,,,,,
exp418,0,10,0,5,15,10,5,5,15,5,0,-1.1,90,-0.2537,-0.3327,-0.3787,-0.4117,-0.4377,-0.4597,142.0833379,0.035421256,6.774794973
exp419,5,5,0,5,10,0,10,15,0,5,15,-1.1,60,-0.4037,-0.5357,-0.5857,-0.6127,-0.6307,-0.6457,151.1214488,0.003337984,1.684124869
exp420,0,10,0,0,10,5,5,25,0,5,10,-1.4,120,-0.2047,-0.2777,-0.3167,-0.3427,-0.3657,-0.3847,113.9215275,0.029319666,11.32372505
exp421,5,0,5,0,5,15,5,5,20,0,10,-1.1,60,-0.4647,-0.5937,-0.6427,-0.6747,-0.6997,-0.7217,169.1089549,0.004121814,0.314551911
exp422,0,10,0,5,5,20,5,0,15,5,5,-1.1,60,-0.4747,-0.6087,-0.6867,-0.7307,-0.7617,-0.7857,202.5214084,0.009046526,0.359401243
exp423,15,15,0,0,0,0,0,0,35,0,5,-1.2,150,-0.7037,-0.7597,-0.7907,-0.8137,-0.8337,-0.8517,149.5643729,0.000146935,0.112670934
exp424,0,0,10,15,0,0,0,0,25,15,5,-1.2,60,-0.7257,-0.7757,-0.7987,-0.8157,-0.8287,-0.8417,116.4962116,5.80E-06,0.107981518
exp425,15,15,5,0,5,0,0,10,5,5,10,-1.2,90,-0.6577,-0.7097,-0.7357,-0.7537,-0.7687,-0.7827,123.0076407,3.58E-05,0.103060913
exp426,0,0,5,20,0,5,0,0,15,15,10,-1.2,120,-0.5257,-0.6597,-0.7087,-0.7387,-0.7627,-0.7827,154.173667,0.0006107,0.828996018
exp427,0,5,0,20,0,10,10,0,10,15,0,-1.2,120,-0.2297,-0.3227,-0.3607,-0.3867,-0.4067,-0.4247,128.0510979,0.028948774,13.23965668
exp428,25,5,5,0,0,5,0,5,20,0,5,-1.5,60,-0.6927,-0.7607,-0.7927,-0.8147,-0.8317,-0.8477,144.0411804,0.000103716,0.145887639
exp429,0,5,10,5,5,0,0,5,10,20,10,-1.3,60,-0.5077,-0.6217,-0.6657,-0.6977,-0.7247,-0.7467,158.8932507,0.001508315,0.457973109
exp430,0,5,0,5,0,10,20,20,0,0,10,-1.3,120,-0.2387,-0.3237,-0.3737,-0.4087,-0.4367,-0.4617,160.3650664,0.074876277,6.992674348
exp431,5,5,5,0,5,5,20,5,10,5,5,-1.4,150,-0.2507,-0.3757,-0.4357,-0.4777,-0.5087,-0.5337,157.4544072,0.018745655,20.49275383
exp432,0,0,5,15,10,0,0,25,0,15,0,-1.2,150,-0.2107,-0.3247,-0.3747,-0.4097,-0.4387,-0.4627,159.3364767,0.064105455,20.1860078
exp433,5,0,10,10,5,0,0,20,20,0,0,-1.1,120,-0.6637,-0.7167,-0.7387,-0.7537,-0.7657,-0.7767,105.7489116,4.42E-06,0.222290924
exp434,5,5,0,15,5,5,15,10,10,0,0,-1.4,90,-0.3067,-0.4247,-0.5277,-0.5837,-0.6157,-0.6387,224.7874939,0.059616904,5.124335079
exp435,0,0,5,0,0,5,15,15,5,10,15,-1.2,90,-0.2867,-0.3817,-0.4717,-0.5467,-0.5957,-0.6297,247.8544674,0.153781136,2.616120035
exp436,10,0,5,0,0,15,10,0,5,20,5,-1.1,150,-0.4877,-0.5757,-0.6177,-0.6457,-0.6667,-0.6857,149.8507367,0.001722463,0.723211602
exp437,5,5,0,20,5,0,5,15,0,5,10,-1.4,60,-0.3517,-0.4317,-0.4727,-0.5027,-0.5277,-0.5487,118.3129635,0.001300517,3.835792607
exp438,5,0,5,10,10,0,0,5,20,0,15,-1.1,150,-0.6827,-0.7287,-0.7507,-0.7667,-0.7807,-0.7927,105.945153,5.64E-06,0.100947486
exp439,5,30,0,0,0,0,5,10,10,10,0,-1.5,90,-0.6387,-0.7017,-0.7327,-0.7527,-0.7697,-0.7847,139.3249565,0.000178036,0.150575385
exp440,20,5,5,0,0,10,0,20,0,0,10,-1.5,150,-0.6927,-0.7467,-0.7747,-0.7937,-0.8107,-0.8247,128.2295968,3.25E-05,0.10083454
exp441,0,0,5,5,5,25,5,0,20,0,5,-1.2,120,-0.2327,-0.3187,-0.3697,-0.4117,-0.4507,-0.4797,171.9849804,0.105437578,5.261004419
exp442,0,5,15,5,5,0,10,20,0,5,5,-1.3,90,-0.3557,-0.4537,-0.5067,-0.5437,-0.5707,-0.5937,148.3492467,0.005792042,3.887470035
exp443,10,0,0,10,0,5,15,20,5,0,5,-1.5,150,-0.2857,-0.3767,-0.4387,-0.4847,-0.5197,-0.5487,173.2528165,0.037081989,3.367291586
exp444,0,10,0,0,15,15,10,10,10,0,0,-1.2,150,-0.2387,-0.3237,-0.3677,-0.4007,-0.4267,-0.4497,137.4455799,0.029886924,14.01512102
exp445,20,0,10,15,5,0,0,5,5,10,0,-1.1,120,-0.5627,-0.6427,-0.6777,-0.7007,-0.7197,-0.7357,126.3779622,0.000138316,0.314761012
exp446,5,0,20,0,0,0,5,5,30,5,0,-1.3,60,-0.6947,-0.7457,-0.7727,-0.7917,-0.8087,-0.8237,131.4093001,4.94E-05,0.133249415
exp447,0,10,0,0,0,0,15,30,5,10,0,-1.4,150,-0.5277,-0.6087,-0.6467,-0.6727,-0.6937,-0.7127,154.0772425,0.001941417,0.647761725
exp448,0,20,10,5,5,0,0,5,10,5,10,-1.1,120,-0.6087,-0.6687,-0.6997,-0.7217,-0.7387,-0.7537,129.4890785,0.000140736,0.153043883
exp449,5,10,0,0,15,0,0,15,15,10,0,-1.1,150,-0.3427,-0.4707,-0.5457,-0.5877,-0.6137,-0.6337,166.9209644,0.007933936,2.506541082
exp450,0,5,5,0,10,15,5,15,5,0,10,-1.5,90,-0.2257,-0.3047,-0.3527,-0.3887,-0.4157,-0.4417,148.6735631,0.062564403,4.529626799
exp451,0,0,5,0,0,0,25,5,20,15,0,-1.1,90,-0.4787,-0.5727,-0.6117,-0.6377,-0.6577,-0.6747,149.5071392,0.002295804,6.208403707
exp452,15,15,0,5,5,0,5,5,15,5,0,-1.2,120,-0.4807,-0.5657,-0.6037,-0.6287,-0.6487,-0.6657,159.8930879,0.004859711,0.862197814
exp453,5,10,10,5,0,0,0,20,5,15,0,-1.3,60,-0.6377,-0.6987,-0.7307,-0.7537,-0.7737,-0.7907,148.5200074,0.000335926,0.107298695
exp454,0,0,10,10,10,0,0,20,0,10,10,-1.3,90,-0.3997,-0.5357,-0.5827,-0.6077,-0.6257,-0.6417,138.472608,0.001431036,0.744850464
exp455,5,10,0,5,0,20,5,20,0,5,0,-1.1,90,-0.6317,-0.6987,-0.7327,-0.7557,-0.7747,-0.7917,136.5103346,0.000144717,0.126497248
exp456,5,5,0,15,15,0,0,0,30,0,0,-1.5,90,-0.6427,-0.6877,-0.7117,-0.7287,-0.7427,-0.7557,110.5018765,1.67E-05,0.131168569
exp457,5,10,0,5,5,0,0,0,35,5,5,-1.2,120,-0.6307,-0.6697,-0.6907,-0.7067,-0.7207,-0.7327,105.1888184,1.36E-05,0.109155613
exp458,5,5,10,15,0,0,0,15,5,10,5,-1.4,60,-0.7227,-0.7777,-0.8077,-0.8307,-0.8497,-0.8667,139.5414698,5.01E-05,0.115746667
exp459,0,10,10,0,5,15,0,5,5,20,0,-1.3,150,-0.2017,-0.2687,-0.3057,-0.3327,-0.3547,-0.3737,116.9422547,0.043135928,5.811461397
exp460,0,20,5,10,5,0,5,0,0,25,0,-1.2,120,-0.6687,-0.7357,-0.7707,-0.7957,-0.8167,-0.8347,156.4358836,0.000366255,0.116029818
exp461,10,35,0,5,0,0,0,5,10,5,0,-1.5,90,-0.6817,-0.7357,-0.7667,-0.7887,-0.8077,-0.8247,139.1821433,0.00011032,0.127892744
exp462,0,0,0,5,10,15,5,5,15,10,5,-1.5,60,-0.2377,-0.3337,-0.3877,-0.4247,-0.4537,-0.4777,162.2272518,0.068500306,7.211650317
exp463,10,5,5,0,5,5,10,0,5,25,0,-1.5,60,-0.4797,-0.5577,-0.5977,-0.6247,-0.6447,-0.6637,150.6793709,0.002942054,0.53693525
exp464,10,15,0,5,0,5,0,0,5,20,10,-1.5,150,-0.6707,-0.7327,-0.7647,-0.7877,-0.8067,-0.8237,146.3964807,0.00017719,0.108526491
exp465,0,5,0,0,15,15,0,0,0,25,10,-1.5,120,-0.4037,-0.4797,-0.5387,-0.5867,-0.6257,-0.6557,174.5039949,0.011592365,0.471439361
exp466,5,5,0,5,20,0,5,10,0,15,5,-1.4,60,-0.2727,-0.3537,-0.3977,-0.4287,-0.4517,-0.4717,132.4443843,0.016954625,6.285422236
exp467,0,0,0,20,0,0,15,20,0,0,15,-1.5,60,-0.5127,-0.5767,-0.6087,-0.6327,-0.6517,-0.6677,111.0314982,6.71E-05,1.866023556
exp468,5,10,15,5,0,5,0,5,15,10,0,-1.4,90,-0.6877,-0.7497,-0.7797,-0.8017,-0.8187,-0.8347,138.5089293,7.23E-05,0.097916284
exp469,0,20,0,0,15,10,5,0,20,0,0,-1.3,150,-0.1837,-0.2567,-0.2897,-0.3137,-0.3347,-0.3517,98.15362364,0.019929255,14.70223143
exp470,25,0,5,0,5,0,5,10,10,5,5,-1.2,60,-0.6557,-0.7077,-0.7347,-0.7527,-0.7687,-0.7827,120.3617837,2.44E-05,0.112085269
exp471,15,0,0,5,5,5,10,5,15,5,5,-1.4,60,-0.4117,-0.5057,-0.5497,-0.5777,-0.5997,-0.6187,144.8417821,0.003188958,1.5030919
exp472,10,5,0,5,0,0,5,15,30,0,0,-1.4,90,-0.6327,-0.7017,-0.7397,-0.7667,-0.7877,-0.8067,167.1667697,0.000983043,0.168227722
exp473,5,15,0,0,5,10,5,0,0,20,10,-1.3,150,-0.5707,-0.6597,-0.6987,-0.7227,-0.7427,-0.7597,151.485909,0.000815998,0.11893838
exp474,0,0,5,0,20,5,15,15,5,0,5,-1.3,90,-0.2417,-0.3237,-0.3657,-0.3957,-0.4197,-0.4407,124.911027,0.017543092,14.1292918
exp475,5,0,5,0,5,10,20,10,5,10,0,-1.5,150,-0.2477,-0.3317,-0.3847,-0.4247,-0.4557,-0.4827,156.428686,0.049190759,5.52868326
exp476,10,10,5,0,0,0,0,15,10,15,5,-1.3,120,-0.6727,-0.7397,-0.7767,-0.8037,-0.8257,-0.8447,160.932849,0.000316775,0.161066758
exp477,5,5,0,5,5,5,0,25,15,0,5,-1.2,120,-0.5727,-0.6537,-0.6827,-0.7017,-0.7167,-0.7297,126.0529671,0.000158196,0.124207227
exp478,5,5,25,5,0,0,0,5,10,15,0,-1.4,60,-0.7217,-0.7837,-0.8167,-0.8397,-0.8597,-0.8757,142.0407772,4.84E-05,0.11653252
exp479,0,5,5,5,5,5,15,5,5,10,10,-1.5,120,-0.3097,-0.4037,-0.4567,-0.4937,-0.5207,-0.5427,143.7045741,0.010491538,4.012983185
exp480,5,0,5,0,0,0,20,15,0,20,5,-1.2,90,-0.5327,-0.6027,-0.6427,-0.6707,-0.6937,-0.7137,137.3787186,0.00049152,1.644074026
exp481,5,15,0,10,0,0,5,5,20,0,10,-1.1,60,-0.6557,-0.7127,-0.7427,-0.7647,-0.7837,-0.8007,143.4185389,0.000178813,0.142501973
exp482,0,5,0,10,20,0,0,25,0,0,10,-1.4,120,-0.2537,-0.3267,-0.3657,-0.3937,-0.4167,-0.4367,121.5780733,0.016096635,9.996523662
exp483,5,0,5,0,5,5,10,10,25,5,0,-1.5,90,-0.6357,-0.6957,-0.7227,-0.7407,-0.7547,-0.7687,126.18283,7.38E-05,0.138275128
exp484,20,15,0,0,0,0,5,5,15,5,5,-1.1,90,-0.5197,-0.5937,-0.6287,-0.6537,-0.6737,-0.6917,150.2742053,0.002289412,0.569716746
exp485,10,5,0,10,0,0,15,0,25,0,5,-1.3,90,-0.6177,-0.7077,-0.7487,-0.7757,-0.7987,-0.8187,185.2942403,0.002487356,0.953414655
exp486,0,5,10,0,20,0,10,5,0,15,5,-1.4,90,-0.2747,-0.3557,-0.4007,-0.4307,-0.4547,-0.4747,129.8508233,0.013854653,7.771231165
exp487,25,0,15,0,5,0,0,5,15,0,5,-1.1,120,-0.6527,-0.7007,-0.7267,-0.7447,-0.7617,-0.7767,123.1004526,5.29E-05,0.147937468
exp488,0,20,0,5,5,0,10,5,10,15,0,-1.5,90,-0.4207,-0.5097,-0.5477,-0.5727,-0.5917,-0.6077,134.4691067,0.002083978,0.873776066
exp489,0,0,0,20,10,5,5,0,10,20,0,-1.3,60,-0.3557,-0.4377,-0.4857,-0.5207,-0.5477,-0.5717,151.8052593,0.010423112,1.877982636
exp490,0,10,5,15,5,0,0,25,5,0,5,-1.3,120,-0.3477,-0.4307,-0.4787,-0.5107,-0.5357,-0.5567,134.6025841,0.004654334,2.276287029
exp491,10,15,5,0,5,0,0,20,0,5,10,-1.2,90,-0.6577,-0.7037,-0.7277,-0.7447,-0.7607,-0.7747,114.5776409,1.60E-05,0.111846938
exp492,25,0,0,10,0,0,10,15,5,5,0,-1.5,150,-0.5917,-0.6517,-0.6807,-0.6997,-0.7157,-0.7297,118.1610088,7.30E-05,0.170014703
exp493,0,5,0,10,0,5,10,5,20,10,5,-1.4,120,-0.3447,-0.4517,-0.5177,-0.5567,-0.5837,-0.6057,170.242982,0.015525836,2.720794926
exp494,0,5,0,20,5,0,0,30,5,5,0,-1.4,60,-0.5137,-0.6157,-0.6697,-0.7017,-0.7267,-0.7467,157.5839864,0.001530298,0.252993495
exp495,20,0,10,10,5,0,0,15,10,0,0,-1.2,90,-0.6457,-0.6967,-0.7257,-0.7467,-0.7647,-0.7817,137.2037145,0.000156608,0.115623873
exp496,0,0,5,0,5,10,0,10,15,15,10,-1.1,150,-0.2247,-0.3187,-0.3737,-0.4107,-0.4387,-0.4627,168.8457266,0.092298131,5.264905116
exp497,0,0,5,5,25,0,5,10,0,10,10,-1.1,60,-0.3637,-0.4567,-0.5067,-0.5387,-0.5627,-0.5827,138.4541465,0.003781452,1.72497182
exp498,0,10,0,0,5,30,0,5,10,10,0,-1.5,120,-0.3207,-0.3947,-0.4437,-0.4857,-0.5227,-0.5527,155.4542449,0.019910003,0.687454139
exp499,0,10,10,20,5,0,0,15,5,5,0,-1.2,150,-0.4247,-0.5067,-0.5487,-0.5747,-0.5947,-0.6127,126.2221828,0.00084102,0.819524334
exp500,0,5,0,25,10,0,10,0,10,10,0,-1.4,60,-0.3827,-0.4527,-0.4847,-0.5077,-0.5267,-0.5457,119.0662409,0.001641781,3.906942231
exp501,8,0,8,0,8,8,0,0,0,7,31,-1.5,90,-0.4297,-0.5437,-0.5987,-0.6357,-0.6607,-0.6807,171.2911809,0.006503109,-38.40296561
exp502,8,0,0,0,8,0,0,15,0,15,24,-1.4,90,-0.3827,-0.4637,-0.5067,-0.5337,-0.5537,-0.5717,121.5376751,0.00117681,0.460312035
exp503,8,0,8,8,0,0,8,15,15,0,8,-1.5,180,-0.6617,-0.7267,-0.7547,-0.7737,-0.7877,-0.8007,126.1679994,3.10E-05,0.173821666
exp504,8,0,8,0,0,0,8,0,0,15,31,-1.4,60,-0.6407,-0.7367,-0.7857,-0.8167,-0.8397,-0.8587,153.5379369,0.000140037,1.292141038
exp505,0,0,8,8,8,0,0,15,0,0,31,-1.5,150,-0.0297,-0.2697,-0.3077,-0.3297,-0.3477,-0.3627,179.0152727,1.451688954,56.19814721
exp506,0,0,8,8,0,8,8,0,15,0,23,-1.5,60,-0.4427,-0.5417,-0.6117,-0.6577,-0.6907,-0.7177,167.3517618,0.003536594,0.611093864
exp507,8,0,0,0,8,8,0,7,7,7,25,-1.1,150,-0.2067,-0.2987,-0.3507,-0.3857,-0.4137,-0.4357,162.8859336,0.120759322,2.504246076
exp508,8,0,0,0,0,8,0,15,0,0,39,-1.5,60,-0.6397,-0.7227,-0.7587,-0.7827,-0.8007,-0.8177,151.7232692,0.00037635,0.114992664
exp509,8,0,0,0,0,8,8,0,15,0,31,-1.4,180,-0.4387,-0.5597,-0.6527,-0.7127,-0.7527,-0.7857,236.1783029,0.034323437,0.162445321
exp510,8,0,8,0,0,8,0,0,15,15,16,-1.1,180,-0.4617,-0.5897,-0.6917,-0.7517,-0.8037,-0.8357,243.3468439,0.033369231,0.126189746
exp511,8,0,0,0,0,0,0,0,15,0,47,-1.2,90,-0.7987,-0.8667,-0.9087,-0.9387,-0.9627,-0.9837,191.0595863,0.00046573,0.084965239
exp512,0,0,0,0,0,8,8,0,0,15,39,-1.1,90,-0.3067,-0.3567,-0.3837,-0.4037,-0.4207,-0.4357,96.98389402,0.001921855,0.742988063
exp513,0,0,8,0,8,8,8,7,7,7,17,-1.5,180,,,,,,,,,
exp514,0,8,0,0,8,8,8,0,0,7,31,-1.4,150,-0.0257,-0.1987,-0.2307,-0.2477,-0.2607,-0.2717,285.6099771,3.15408165,38.50938111
exp515,0,0,0,0,8,8,0,0,15,15,24,-1.4,60,-0.4697,-0.5627,-0.6157,-0.6467,-0.6687,-0.6867,128.1653324,0.000496513,0.215110719
exp516,8,0,0,8,8,8,0,15,15,0,8,-1.5,180,-0.1927,-0.3027,-0.3577,-0.3947,-0.4257,-0.4497,172.3418168,0.14050662,9.729085625
exp517,0,0,8,0,0,0,0,15,15,15,17,-1.5,90,-0.7117,-0.7767,-0.8107,-0.8337,-0.8527,-0.8687,145.0515755,9.81E-05,0.129534406
exp518,0,0,8,0,8,0,0,0,0,15,39,-1.2,150,-0.2417,-0.2767,-0.3047,-0.3277,-0.3477,-0.3647,91.31885623,0.006944412,3.484945199
exp519,8,0,8,0,0,0,0,15,0,0,39,-1.2,180,-0.7597,-0.8247,-0.8607,-0.8857,-0.9057,-0.9227,159.9647209,0.000185212,0.123596536
exp520,8,0,8,8,0,8,0,15,15,0,8,-1.1,90,-0.5317,-0.7087,-0.7707,-0.8037,-0.8267,-0.8437,206.5712196,0.005748443,0.154152089
exp521,0,8,0,0,0,0,0,0,0,15,47,-1.5,180,-0.7577,-0.8367,-0.8797,-0.9077,-0.9307,-0.9497,167.5433679,0.000171452,0.114517161
exp522,0,0,0,8,0,8,8,15,0,0,31,-1.1,180,-0.2357,-0.3237,-0.3787,-0.4157,-0.4437,-0.4667,164.3933161,0.073829942,4.650670565
exp523,8,0,0,0,0,0,8,15,15,15,9,-1.1,60,-0.6277,-0.6987,-0.7307,-0.7517,-0.7667,-0.7797,119.9909847,2.21E-05,0.496428046
exp524,8,0,0,0,8,0,8,0,15,15,16,-1.5,150,-0.5417,-0.6047,-0.6317,-0.6487,-0.6627,-0.6727,98.16176642,2.82E-05,0.206209133
exp525,0,0,0,8,8,8,0,15,0,0,31,-1.2,90,-0.2997,-0.3697,-0.4037,-0.4267,-0.4467,-0.4647,112.188315,0.003655528,8.071296541
exp526,8,0,0,8,8,8,8,0,15,0,15,-1.1,60,-0.4717,-0.5567,-0.6197,-0.6627,-0.6937,-0.7157,144.0679272,0.00093755,0.338787087
exp527,0,0,8,0,0,0,8,0,15,0,39,-1.1,150,-0.7017,-0.7757,-0.8097,-0.8307,-0.8467,-0.8607,138.993977,5.29E-05,0.120874633
exp528,0,0,0,8,0,8,0,0,15,0,39,-1.5,150,-0.5667,-0.6957,-0.7507,-0.7837,-0.8067,-0.8247,165.03828,0.000862307,0.185731836
exp529,8,0,0,8,8,0,0,7,7,0,32,-1.4,180,-0.5427,-0.6417,-0.6707,-0.6887,-0.7027,-0.7137,113.219446,5.03E-05,0.482036213
exp530,8,0,0,8,0,0,0,15,0,0,39,-1.1,150,-0.6267,-0.7227,-0.7607,-0.7877,-0.8087,-0.8277,157.7918758,0.000477837,0.218958281
exp531,0,0,0,8,8,0,8,15,0,0,31,-1.5,60,-0.2807,-0.3597,-0.4007,-0.4287,-0.4507,-0.4687,122.836517,0.009107726,6.71674723
exp532,8,0,8,0,8,8,8,0,15,15,0,-1.2,90,-0.4277,-0.5537,-0.6137,-0.6467,-0.6677,-0.6837,159.8251408,0.003008163,1.084438198
exp533,8,0,8,0,0,8,8,15,0,15,8,-1.5,150,-0.2317,-0.3327,-0.3897,-0.4257,-0.4527,-0.4747,184.9853113,0.167980092,3.391601743
exp534,0,0,0,0,0,8,0,15,15,15,17,-1.2,150,-0.4947,-0.6267,-0.6637,-0.6847,-0.7017,-0.7177,123.093004,0.000108635,0.171962097
exp535,0,0,0,0,0,0,8,15,0,0,47,-1.4,150,-0.5237,-0.6047,-0.6537,-0.6877,-0.7147,-0.7407,150.7377428,0.000843141,4.721479194
exp536,8,0,0,8,8,0,8,15,15,0,8,-1.2,150,-0.5287,-0.6487,-0.6857,-0.7077,-0.7237,-0.7347,107.3629736,1.44E-05,0.422317546
exp537,0,0,0,0,8,0,8,7,7,7,33,-1.2,60,-0.4337,-0.5347,-0.5817,-0.6087,-0.6297,-0.6467,128.3828292,0.000437602,2.157104497
exp538,0,0,0,0,8,8,8,15,15,0,16,-1.5,90,-0.2367,-0.3277,-0.3777,-0.4107,-0.4377,-0.4587,158.219499,0.081494647,6.906798976
exp539,0,0,0,8,8,0,0,0,15,0,39,-1.1,90,-0.4977,-0.6947,-0.7267,-0.7417,-0.7527,-0.7617,113.7317232,1.97E-05,0.668081383
exp540,0,0,8,0,8,0,8,15,15,15,1,-1.4,180,-0.5507,-0.6097,-0.6347,-0.6507,-0.6637,-0.6747,101.9698177,1.95E-05,0.20065075
exp541,8,0,8,0,8,8,0,15,15,0,8,-1.4,150,-0.6357,-0.6867,-0.7057,-0.7177,-0.7267,-0.7347,82.85750471,2.91E-07,0.156501739
exp542,8,0,8,0,8,0,0,0,15,0,31,-1.5,60,-0.6307,-0.6677,-0.6837,-0.6947,-0.7037,-0.7117,81.38765954,3.45E-07,0.094189228
exp543,0,0,8,0,0,8,0,7,7,7,33,-1.4,90,-0.4987,-0.6287,-0.6617,-0.6787,-0.6917,-0.7027,111.783762,4.46E-05,0.22649385
exp544,0,0,8,0,8,8,0,15,0,15,16,-1.1,60,-0.4617,-0.5407,-0.5737,-0.5947,-0.6107,-0.6277,98.42405687,3.06E-05,0.324136609
exp545,8,0,0,8,0,0,8,7,7,0,32,-1.5,90,-0.5817,-0.7077,-0.7477,-0.7687,-0.7847,-0.7967,146.4835987,0.000271047,0.565787683
exp546,0,0,0,0,8,0,0,15,15,0,32,-1.1,180,-0.6197,-0.6847,-0.7057,-0.7187,-0.7277,-0.7347,84.76781451,4.13E-07,0.151307202
exp547,0,0,0,8,0,0,0,15,15,0,32,-1.4,60,-0.7097,-0.7647,-0.7907,-0.8087,-0.8237,-0.8367,121.9957401,1.33E-05,0.102998579
exp548,8,0,8,0,8,0,8,15,0,0,23,-1.1,90,,,,,,,,,
exp549,0,0,8,8,8,0,8,0,15,0,23,-1.4,90,,,,,,,,,
exp550,8,8,0,0,0,8,0,0,0,7,39,-1.2,60,,,,,,,,,
exp551,0,0,8,8,0,8,0,15,0,0,31,-1.4,180,-0.0597,-0.1337,-0.1867,-0.2157,-0.2467,-0.3377,33.2706818,2179815.374,79.09240616
exp552,8,0,8,8,0,8,8,7,7,0,16,-1.2,150,-0.2177,-0.3447,-0.4027,-0.4387,-0.4647,-0.4857,183.8025125,0.123140942,10.8003638
exp553,0,0,8,0,0,8,8,15,15,0,16,-1.2,60,-0.3537,-0.5077,-0.5677,-0.5997,-0.6207,-0.6367,171.7923907,0.011767438,1.396269324
exp554,8,0,8,8,8,0,0,15,15,0,8,-1.2,60,-0.6387,-0.6867,-0.7047,-0.7157,-0.7247,-0.7317,78.31299805,7.94E-08,0.228307764
exp555,0,0,8,8,8,8,0,0,15,0,23,-1.2,180,-0.3107,-0.4297,-0.5077,-0.5647,-0.6107,-0.6517,235.0192659,0.100019677,5.865046086
exp556,0,0,0,8,0,0,8,0,15,0,39,-1.2,180,-0.7017,-0.7717,-0.8017,-0.8197,-0.8337,-0.8457,140.7574464,6.66E-05,0.190540158
exp557,0,0,8,8,0,0,8,15,0,0,31,-1.2,90,-0.4987,-0.5987,-0.6637,-0.7107,-0.7457,-0.7737,183.9474568,0.005683863,0.342044748
exp558,8,0,0,8,0,8,8,15,15,0,8,-1.4,90,-0.3567,-0.4947,-0.5527,-0.5817,-0.6017,-0.6157,172.1767725,0.015792686,3.284039827
exp559,8,8,8,0,8,0,8,0,0,7,23,-1.1,180,-0.3307,-0.3677,-0.3927,-0.4097,-0.4257,-0.4397,87.66913701,0.000583327,4.697650374
exp560,8,0,8,8,0,0,0,0,15,0,31,-1.4,150,-0.7407,-0.7877,-0.8107,-0.8257,-0.8377,-0.8477,109.1685283,1.39E-06,0.126056037
exp561,0,0,8,8,0,0,0,7,7,0,40,-1.1,60,-0.7327,-0.7917,-0.8217,-0.8417,-0.8567,-0.8707,148.3105907,9.59E-05,0.10995117
exp562,0,0,8,8,8,8,8,15,15,0,0,-1.1,150,-0.5217,-0.6537,-0.6927,-0.7167,-0.7347,-0.7467,113.8191089,2.40E-05,0.317282064
exp563,8,0,8,8,8,8,8,15,0,0,7,-1.4,60,-0.2687,-0.3507,-0.3937,-0.4237,-0.4477,-0.4667,136.8071122,0.022152244,5.609744906
exp564,8,0,0,0,8,8,8,15,0,15,8,-1.2,180,-0.1767,-0.2507,-0.2837,-0.3047,-0.3217,-0.3367,95.5426934,0.017605446,17.96416405
exp565,4,0,4,0,4,4,4,7,7,7,29,-1.3,120,-0.2297,-0.3317,-0.3797,-0.4127,-0.4387,-0.4617,150.3767574,0.061169422,9.25621496
exp566,4,4,4,0,4,4,4,0,0,7,39,-1.3,120,-0.2597,-0.3037,-0.3297,-0.3497,-0.3677,-0.3827,91.3547318,0.004327453,5.269376399
exp567,4,0,4,4,4,4,4,7,7,0,32,-1.3,120,-0.3787,-0.4947,-0.5507,-0.5817,-0.6017,-0.6177,162.613829,0.008932158,2.569765158
exp568,0,20,0,0,0,5,25,20,0,0,0,-1.5,180,-0.3237,-0.4247,-0.4757,-0.5127,-0.5417,-0.5667,128.8022835,0.002205426,6.764771637
exp569,0,0,0,0,25,0,0,0,0,45,45,-1,180,-0.3547,-0.4387,-0.4847,-0.5137,-0.5347,-0.5527,132.6665751,0.003724484,3.988722762
exp571,0,0,0,0,15,15,0,0,0,20,40,-1.5,180,-0.3217,-0.3507,-0.3887,-0.4207,-0.4497,-0.4747,121.4516317,0.009603618,4.476901698
exp572,30,0,0,0,0,0,20,0,0,20,20,-1,180,-0.7647,-0.8417,-0.8747,-0.8947,-0.9087,-0.9207,130.3872818,6.93E-06,0.146373428
exp574,0,0,0,0,0,50,0,20,0,0,0,-1.5,180,-0.2517,-0.3207,-0.3587,-0.3867,-0.4087,-0.4297,123.9955613,0.022313439,4.850061124
exp576,0,0,0,0,0,25,15,30,0,0,0,-1,120,-0.5587,-0.6747,-0.7187,-0.7477,-0.7717,-0.7927,168.2540597,0.001515014,0.18383388
exp577,0,0,0,20,0,20,10,0,0,20,20,-1.5,180,-0.3397,-0.4097,-0.4477,-0.4737,-0.4947,-0.5117,121.8115038,0.00390452,4.661590111
exp578,0,0,0,0,30,20,0,0,20,0,0,-1,180,-0.6407,-0.7097,-0.7387,-0.7567,-0.7707,-0.7827,105.7167131,6.28E-06,0.187019842
exp579,0,0,0,0,0,20,30,0,0,20,20,-1.5,60,-0.3787,-0.4337,-0.4657,-0.4867,-0.5027,-0.5187,95.41023901,0.00022519,2.708678324
exp580,0,0,30,0,0,20,0,15,0,5,5,-1.5,180,-0.3127,-0.3937,-0.4487,-0.4867,-0.5247,-0.5717,185.866111,0.056787848,2.074511038
exp581,0,0,0,5,0,25,10,30,0,0,0,-1.5,180,-0.1777,-0.2517,-0.2847,-0.3047,-0.3217,-0.3367,86.66565607,0.008168173,19.34394984
exp582,0,30,0,0,0,20,0,0,0,20,20,-1,180,-0.4497,-0.5387,-0.5827,-0.6087,-0.6287,-0.6457,124.473355,0.000464335,0.215922444
exp583,0,0,0,0,0,5,45,0,0,20,20,-1,60,-0.4577,-0.5147,-0.5487,-0.5757,-0.5997,-0.6207,115.5841988,0.000203339,1.394163823
exp584,0,0,0,0,0,25,25,0,0,20,20,-1,180,-0.3267,-0.3777,-0.3997,-0.4147,-0.4267,-0.4377,80.63101889,0.000220625,5.776916218
exp585,0,0,0,0,0,25,15,0,0,30,30,-1,180,,,,,,,,,
exp586,0,0,0,0,15,0,35,15,5,0,0,-1,180,,,,,,,,,
exp587,0,0,0,0,0,30,20,20,0,0,0,-1,180,,,,,,,,,
exp589,0,5,25,0,20,0,0,0,0,20,20,-1,180,,,,,,,,,
exp590,0,0,0,0,0,0,45,0,0,25,25,-1.5,180,-0.7677,-0.8547,-0.8877,-0.9077,-0.9237,-0.9377,159.4342048,0.000100963,0.248856227
exp591,0,0,0,5,30,15,0,0,20,0,0,-1.5,180,,,,,,,,,
exp592,0,0,0,0,0,20,0,0,0,50,50,-1,180,,,,,,,,,
exp593,0,0,0,0,5,20,20,5,0,25,20,-1.5,180,,,,,,,,,
exp594,0,5,0,0,0,45,0,0,0,20,20,-1.5,180,,,,,,,,,
exp596,0,5,0,0,0,0,15,0,0,20,50,-1.5,60,,,,,,,,,
exp609,0,0,0,29,23,7,0,0,0,10,11,-1.5,56,,,,,,,,,
exp610,0,0,3,0,25,13,0,0,0,10,29,-1.5,180,-0.3277,-0.3817,-0.4507,-0.4987,-0.5367,-0.5727,224.0800706,0.161213975,2.171754984
exp611,0,0,0,37,23,0,0,0,0,10,10,-1.2,180,-0.0247,-0.1007,-0.2187,-0.4017,-0.4087,-0.4147,236.4922692,63.74121873,85.66874024
exp612,0,0,0,28,18,0,0,0,0,24,24,-1.5,180,-0.2617,-0.4247,-0.4387,-0.4547,-0.4717,-0.4887,102.7581044,0.000964127,17.7631621
exp613,0,0,20,0,0,20,20,0,0,10,10,-1.2,30,-0.2937,-0.3327,-0.3507,-0.3637,-0.3747,-0.3847,79.78207539,0.000787649,4.140447633
exp614,0,0,0,40,0,20,0,0,0,10,10,-1.5,150,-0.4417,-0.5017,-0.5457,-0.5807,-0.6107,-0.6377,173.0305014,0.007649834,0.98346645
exp615,0,1,0,0,22,0,20,0,0,27,27,-1,111,-0.3117,-0.3557,-0.3757,-0.3907,-0.4027,-0.4127,79.51276544,0.000346832,10.56019031
exp616,0,0,0,31,18,11,0,0,0,10,10,-1.5,180,-0.0527,-0.0727,-0.1027,-0.1367,-0.1737,-0.2307,55.54175253,7.92E-05,15.30415568
exp617,0,20,0,40,0,0,0,0,0,10,10,-1.5,180,-0.5077,-0.5947,-0.6427,-0.6827,-0.7117,-0.7367,151.6127426,0.001110897,0.764279672
exp618,0,0,0,0,17,10,0,0,0,37,43,-1.5,180,-0.2857,-0.3157,-0.3407,-0.3637,-0.3837,-0.4047,104.8288554,0.007995239,5.884874017
exp619,0,0,0,0,0,20,0,0,0,50,50,-1.5,30,-0.3867,-0.4327,-0.4597,-0.4797,-0.4997,-0.5187,95.89492945,0.000200781,0.457765708
exp620,0,0,30,0,3,11,16,0,0,10,10,-1,180,-0.2757,-0.3197,-0.3397,-0.3537,-0.3657,-0.3757,82.57176213,0.001260537,6.577556638
exp621,0,0,0,2,25,0,4,0,0,10,39,-1,180,-0.2867,-0.3277,-0.3427,-0.3537,-0.3647,-0.3747,302.8544656,1.354998445,40.3553673
exp622,0,0,0,37,19,0,0,4,0,10,10,-1.4,180,-0.0427,-0.2167,-0.4217,-0.4517,-0.4797,-0.5067,100.8680154,0.0780847,22.22126238
exp623,0,0,30,17,13,0,0,0,0,10,10,-1,90,-0.3087,-0.3507,-0.3717,-0.3867,-0.3987,-0.4097,83.32242506,0.000632358,4.077363898
exp624,0,0,0,40,20,0,0,0,0,10,10,-1.4,84,-0.0387,-0.0947,-0.1607,-0.2877,-0.4407,-0.4457,311.8431838,65.29952785,70.74052033
exp625,0,0,0,0,25,10,0,20,5,10,10,-1.5,180,0.0013,-0.2527,-0.2907,-0.3137,-0.3317,-0.3467,292.4401708,1.65344365,53.45640144
exp626,0,0,0,37,0,3,0,20,0,10,10,-1.5,180,-0.0897,-0.0257,-0.2787,-0.4137,-0.3307,-0.4967,71.07571853,72085.93655,14.24998589
exp627,0,0,0,0,25,6,0,0,0,10,39,-1.5,165,-0.3247,-0.3487,-0.3767,-0.4037,-0.4237,-0.4407,114.6692871,0.008646527,6.977620265
exp628,0,0,0,33,7,20,0,0,0,10,10,-1.3,180,-0.0287,-0.0047,-0.2087,-0.3917,-0.4087,-0.4177,273.8779788,65.26610009,69.5602469
exp629,0,0,0,0,25,0,0,0,0,45,45,-1.5,158,-0.3757,-0.3957,-0.4117,-0.4327,-0.4507,-0.4667,90.2003561,0.000354733,9.274690122
exp630,0,0,0,0,19,0,20,0,0,10,31,-1.4,88,-0.2267,-0.2997,-0.3187,-0.3297,-0.3387,-0.3467,314.8978194,3.040063906,91.115433
exp631,0,0,0,0,11,3,17,0,0,10,39,-1,158,-0.2727,-0.3187,-0.3417,-0.3567,-0.3687,-0.3797,83.33087514,0.001373171,7.535203156
exp632,20,0,0,15,0,18,7,0,0,10,10,-1.5,30,-0.4827,-0.5437,-0.5807,-0.6107,-0.6367,-0.6597,138.9737892,0.000811033,0.380428682
exp633,0,0,0,0,0,20,15,0,0,35,35,-1.4,180,-0.2217,-0.2897,-0.3127,-0.3267,-0.3387,-0.3497,78.36668699,0.002553268,15.33849207
exp634,0,0,29,0,11,0,20,0,0,10,10,-1,75,-0.2917,-0.3337,-0.3547,-0.3697,-0.3817,-0.3927,83.69742891,0.000883562,8.255689081
exp635,0,13,0,0,15,20,12,0,0,10,10,-1.5,180,-0.2967,-0.3257,-0.3467,-0.3677,-0.3877,-0.4067,92.08101792,0.002118057,5.709874365
exp636,0,12,0,28,0,20,0,0,0,10,10,-1.5,91,-0.4067,-0.4777,-0.5197,-0.5497,-0.5767,-0.6007,136.5164712,0.002248308,2.183121802
exp637,0,0,1,40,19,0,0,0,0,10,10,-1.5,76,-0.4417,-0.4977,-0.5327,-0.5597,-0.5827,-0.6057,124.8845366,0.000880472,1.544707037
exp638,0,0,0,0,25,20,0,0,0,25,25,-1.5,66,-0.3167,-0.3587,-0.4087,-0.4447,-0.4787,-0.5117,152.7999485,0.033656149,1.556269926
exp639,0,0,0,0,11,20,20,9,0,10,10,-1.5,180,-0.1027,-0.2427,-0.2767,-0.2977,-0.3147,-0.3287,79.71882769,0.004949919,39.82428134
exp640,0,0,5,0,21,0,0,0,0,10,44,-1,152,-0.3127,-0.3817,-0.4187,-0.4447,-0.4657,-0.4837,117.24879,0.004836548,6.49740992
exp641,0,0,0,0,4,20,16,0,0,10,30,-1.5,159,-0.0187,-0.2277,-0.2597,-0.2757,-0.2867,-0.2957,180.1176395,1.753081834,63.70080567
exp642,0,0,0,8,20,0,0,0,0,10,42,-1,174,-0.2137,-0.3497,-0.3707,-0.3827,-0.3927,-0.4007,441.2741371,2.60497643,41.73230956
exp643,0,0,0,0,23,12,0,20,0,10,15,-1.5,180,0.0043,-0.2657,-0.2977,-0.3177,-0.3337,-0.3477,77.19827815,0.002076613,46.8049995
exp644,0,0,16,0,11,8,16,0,0,19,19,-1.5,129,-0.0047,-0.2787,-0.2967,-0.3067,-0.3147,-0.3207,329.097205,3.425892135,69.476188
exp645,0,0,0,25,20,13,0,2,0,10,10,-1.5,180,-0.0247,-0.1417,-0.3637,-0.3907,-0.4107,-0.4257,119.8370786,304.7116985,63.11635855
exp646,0,0,30,0,12,18,0,0,0,10,10,-1.1,168,-0.0397,-0.2647,-0.2807,-0.2897,-0.3007,-0.3127,337.434048,3.136988523,43.42285747
exp647,0,0,0,0,25,0,0,0,0,45,45,-1,153,-0.2737,-0.3207,-0.3367,-0.3457,-0.3537,-0.3617,377.2099783,2.792754731,53.43338085
exp648,0,0,30,0,6,5,19,0,0,10,10,-1.5,84,-0.4027,-0.4497,-0.4757,-0.4937,-0.5087,-0.5217,96.74340989,0.000236332,1.601963193
exp649,0,0,6,0,11,20,0,0,0,10,33,-1.4,180,-0.0617,-0.2607,-0.2777,-0.2857,-0.2957,-0.3097,320.2429268,3.023395479,32.61274324
exp650,0,0,0,40,15,0,5,0,0,10,10,-1.3,93,-0.0027,-0.1437,-0.2477,-0.4497,-0.4547,-0.4587,191.9211416,102.802145,86.92308594
exp651,0,0,16,0,0,20,17,0,0,10,17,-1.4,135,-0.1527,-0.2527,-0.2787,-0.2937,-0.3047,-0.3147,69.70159301,0.00275441,27.68963291
exp652,0,0,0,0,25,0,0,0,0,16,45,-1.4,146,-0.0007,-0.0687,0.0123,-0.3527,-0.3607,-0.3677,78.68476297,0.264419894,160.0107701
exp653,0,0,0,0,14,18,0,0,0,10,38,-1.3,180,0.0043,-0.2797,-0.3027,-0.3197,-0.3367,-0.3597,323.0944118,2.333477891,24.77013539
exp654,0,0,30,0,5,0,0,0,0,35,35,-1,135,-0.2487,-0.2867,-0.3027,-0.3147,-0.3257,-0.3347,72.80006524,0.001654433,18.9144141
exp655,0,0,27,0,15,0,0,0,0,28,28,-1.5,180,-0.4677,-0.5377,-0.5747,-0.5997,-0.6197,-0.6377,121.1821023,0.000317701,0.153024135
exp656,20,25,0,0,0,0,0,0,0,25,25,-1,38,-0.7027,-0.7947,-0.8417,-0.8727,-0.8967,-0.9177,169.928813,0.000326847,0.100548052
exp657,0,0,0,40,0,0,0,0,0,10,30,-1.2,180,-0.4867,-0.6277,-0.7217,-0.7877,-0.8387,-0.8737,226.4969663,0.015811319,0.415350204
exp658,0,0,0,0,25,0,17,0,0,10,28,-1.4,30,-0.3727,-0.4077,-0.4317,-0.4517,-0.4727,-0.4927,95.10313456,0.000413349,4.682250864
exp659,0,0,0,0,2,19,17,0,0,10,32,-1.5,180,-0.1307,-0.2367,-0.2627,-0.2777,-0.2897,-0.2997,313.6197879,2.922685818,35.2904567
exp660,0,15,0,0,0,20,20,5,0,10,10,-1.5,111,-0.2557,-0.3247,-0.3567,-0.3787,-0.3977,-0.4137,105.1642354,0.00692015,8.447806061
exp661,0,0,0,3,12,20,0,0,0,35,35,-1.2,180,-0.0157,-0.2767,-0.2937,-0.3017,-0.3087,-0.3167,198.7727981,1.976857305,76.16743245
exp662,0,23,0,0,0,15,20,0,0,10,12,-1.5,49,-0.3867,-0.4447,-0.4817,-0.5107,-0.5367,-0.5597,142.5468451,0.006029249,1.496676508
exp663,0,9,0,0,0,20,12,0,0,29,29,-1.5,180,-0.0627,-0.2297,-0.2597,-0.2747,-0.2847,-0.2937,213.8659249,2.257016594,51.74884626
exp664,0,0,0,40,19,1,0,0,0,10,10,-1.5,113,-0.0837,-0.1697,-0.4247,-0.4357,-0.4407,-0.4447,62.54045938,6644.247555,33.40516603
exp665,0,0,0,0,25,0,0,0,0,45,45,-1.5,101,-0.0667,-0.3667,-0.3767,-0.3857,-0.3947,-0.4047,312.6131659,1.329092708,38.58905354
exp666,0,0,0,9,24,5,0,0,0,32,32,-1.5,81,-0.3327,-0.3527,-0.3607,-0.3717,-0.3927,-0.4157,97.28842146,0.003353366,21.61607972
exp667,0,0,0,40,20,0,0,0,0,10,10,-1.5,180,-0.4397,-0.5127,-0.5567,-0.5927,-0.6227,-0.6477,147.0989855,0.00295587,1.242330197
exp668,0,0,0,40,0,0,0,0,0,10,30,-1.5,180,-0.0727,-0.0997,-0.0287,-0.1837,-0.2157,-0.0007,26.08577557,44286538532,82.65153947
exp669,0,0,0,45,15,5,0,0,0,5,5,-1.5,180,-0.0867,-0.1017,-0.0527,-0.1407,-0.1617,-0.1797,22.00704588,8.58757E+12,88.86643086
exp670,0,5,0,45,15,0,0,0,0,5,5,-1,30,-0.3457,-0.3867,-0.4087,-0.4247,-0.4377,-0.4487,84.89277642,0.000362454,0.899435312
exp671,0,0,0,35,25,5,0,0,0,5,5,-1.5,73,-0.1187,-0.4277,-0.4407,-0.4717,-0.5097,-0.5587,522.1739469,2.688684255,13.0580204
exp672,0,5,5,36,19,0,0,0,0,5,5,-1.5,150,-0.0897,-0.1057,-0.0517,-0.0387,-0.1667,-0.1857,29.97059613,2835001774,-8.897937266
exp673,0,5,0,45,15,0,0,0,0,5,5,-1.5,142,-0.0877,-0.1047,-0.0517,-0.1467,-0.0287,-0.1877,32.13665261,1104010380,87.38032841
exp674,5,0,0,45,15,0,0,0,0,5,5,-1.5,180,-0.0447,-0.0677,-0.0957,-0.1287,-0.1597,-0.1897,30.79181061,5769326003,146.9338688
exp675,0,0,0,45,15,0,5,0,0,5,5,-1.5,135,-0.0597,-0.1627,-0.4337,-0.4437,-0.4507,-0.4577,149.1826164,202.9499524,42.92253073
exp676,0,5,0,35,20,0,5,0,0,5,5,-1.5,30,-0.4497,-0.4627,-0.4807,-0.5107,-0.5387,-0.5627,114.4056547,0.000860238,6.326123964
exp677,0,0,5,45,15,0,0,0,0,5,5,-1.5,176,-0.0867,-0.0987,-0.1157,-0.1327,-0.0377,-0.1667,21.80800392,6.27415E+12,117.025398
exp678,0,5,0,45,15,0,0,0,0,5,5,-1.5,30,-0.1357,-0.4437,-0.4507,-0.4597,-0.4767,-0.4947,397.9488722,1.474167656,22.5729418
exp679,0,0,0,45,15,0,0,0,5,5,5,-1.5,180,-0.0697,-0.1387,-0.2527,-0.4037,-0.4317,-0.4487,264.1783632,69.44950241,55.33222996
exp680,0,0,0,35,25,5,0,0,0,5,5,-1,180,-0.2837,-0.3107,-0.3267,-0.3387,-0.3487,-0.3577,72.44706858,0.000864579,14.40579646
exp681,0,0,5,35,25,0,0,0,0,5,5,-1.5,180,-0.0727,-0.0977,-0.1187,-0.0297,-0.1607,-0.0107,143.4770287,433.6918982,42.24326133
exp682,0,0,5,45,15,0,0,0,0,5,5,-1.5,83,-0.0287,-0.1557,-0.2367,-0.4417,-0.4477,-0.4527,224.8859024,85.79346992,32.33372455
exp683,5,0,0,40,15,5,0,0,0,5,5,-1,118,-0.6477,-0.7407,-0.7837,-0.8117,-0.8327,-0.8507,152.1870598,0.000209493,0.114150808
exp684,0,2,5,43,15,0,0,0,0,5,5,-1.5,135,-0.0697,-0.0567,-0.1167,-0.1407,-0.1637,-0.1867,38.88771153,69170130.96,110.2708908
exp685,5,0,5,35,20,0,0,0,0,5,5,-1.5,118,-0.0417,-0.0597,-0.0937,-0.1327,-0.1687,-0.2017,43.63455605,15545356.47,149.1978228
exp686,0,0,5,38,15,0,0,0,0,5,12,-1.5,131,-0.0627,-0.0497,-0.1107,-0.1357,-0.0167,-0.1807,41.9263599,28640495.61,98.71177257
exp687,5,0,5,40,15,0,0,0,0,5,5,-1.3,158,-0.2037,-0.4247,-0.4527,-0.4747,-0.4927,-0.5097,95.67497824,0.000283988,13.08019742
exp688,0,0,5,45,15,0,0,0,0,5,5,-1.5,110,-0.0587,-0.0777,-0.1047,-0.1327,-0.1587,-0.1817,45.3241627,12169432.63,119.2976169
exp689,0,0,5,35,25,0,0,0,0,5,5,-1.5,121,-0.2867,-0.4457,-0.4977,-0.5337,-0.5647,-0.5897,175.6934857,0.028265219,7.504049214
exp690,0,1,0,35,25,0,0,4,0,5,5,-1.5,157,-0.0367,-0.2067,-0.4147,-0.4397,-0.4607,-0.4827,119.1785727,0.231586162,26.29532981
exp691,5,0,0,35,20,5,0,0,0,5,5,-1.5,117,-0.0367,-0.0627,-0.0047,-0.1547,-0.2027,-0.2647,72.52656774,34236.12351,131.6477256
exp692,0,0,5,35,24,0,0,0,0,6,6,-1.5,114,-0.0407,-0.1617,-0.4107,-0.4327,-0.4407,-0.4487,104.0808218,603.3607143,34.46121162
exp693,0,0,5,45,15,0,0,0,0,5,5,-1.5,131,-0.0727,-0.0887,-0.0407,-0.1337,-0.1557,-0.0137,32.74851758,1599513438,126.0239384
exp694,0,4,0,41,15,0,5,0,0,5,5,-1.5,104,-0.0147,-0.1557,-0.4257,-0.4387,-0.4447,-0.4497,139.781015,0.551972238,24.30788514
exp695,0,0,5,35,25,0,0,0,0,5,5,-1.5,138,-0.0627,-0.0897,-0.1127,-0.1347,-0.0097,-0.1767,42.32344371,18139035.34,78.42397157
exp696,5,0,0,35,15,5,5,0,0,5,5,-1.5,30,-0.0247,-0.1097,-0.2177,-0.3817,-0.3967,-0.4077,292.8266528,58.60105404,83.28296911
exp697,5,0,0,45,15,0,0,0,0,5,5,-1.5,96,-0.0347,-0.0747,-0.1407,-0.1927,-0.2337,-0.2677,54.29173073,1020368.421,124.6732667
exp698,0,0,5,40,15,5,0,0,0,5,5,-1.4,180,-0.0767,-0.0917,-0.0407,-0.1327,-0.0187,-0.0107,33.77157171,834760679.8,73.40144353
exp699,0,0,2,38,15,0,5,0,5,5,5,-1.5,30,-0.4897,-0.5667,-0.6057,-0.6367,-0.6627,-0.6847,119.5826915,0.000150226,2.059598109
exp700,4,1,0,35,25,0,0,0,0,5,5,-1.5,112,-0.0467,-0.0617,-0.0877,-0.1177,-0.1467,-0.1747,36.67716588,160416557.6,140.8368022
exp701,0,5,5,40,15,0,0,0,0,5,5,-1.5,90,-0.0537,-0.0747,-0.1057,-0.1377,-0.1657,-0.1897,61.95424668,327018.5757,96.50947987
exp702,0,0,0,35,25,5,0,0,0,5,5,-1.5,128,-0.0637,-0.0847,-0.1127,-0.1387,-0.1657,-0.1937,49.95790634,1502066.034,122.7334619
exp703,5,0,0,35,25,0,0,0,0,5,5,-1.5,30,-0.0297,-0.1607,-0.3547,-0.3947,-0.4087,-0.4197,82.50798011,1510.999629,75.40674458
exp704,3,0,5,42,15,0,0,0,0,5,5,-1.5,143,-0.0567,-0.0697,-0.0907,-0.1157,-0.1427,-0.1687,23.57152789,2.52761E+12,153.0927414
exp705,5,0,5,35,15,0,5,0,0,5,5,-1.5,159,-0.0447,-0.0607,-0.0787,-0.1017,-0.1317,-0.1647,23.45129223,6.25743E+12,168.7600112
exp706,0,5,0,45,15,0,0,0,0,5,5,-1,163,-0.2797,-0.3147,-0.3327,-0.3447,-0.3557,-0.3647,73.7928214,0.000821179,14.7761262
exp707,0,0,5,36,15,0,5,0,4,5,5,-1.5,162,-0.0317,-0.0647,-0.1647,-0.3907,-0.4187,-0.4367,248.0496654,98.19042948,123.7322689
exp708,5,0,5,40,15,0,0,0,0,5,5,-1.5,129,-0.0307,-0.0617,-0.1057,-0.1517,-0.1917,-0.2257,50.28171452,2901090.9,148.9067694
exp709,0,5,0,38,15,5,0,0,0,7,7,-1.5,120,-0.0617,-0.0457,-0.1147,-0.0187,-0.1637,-0.1877,43.47602424,15744947.44,116.9565568
exp710,5,1,2,37,15,5,0,0,0,5,5,-1.5,180,-0.0437,-0.0627,-0.0847,-0.1127,-0.1417,-0.1717,27.70635498,33658900529,156.5537157
exp711,5,5,2,35,19,0,0,0,0,5,4,-1.4,156,-0.0337,-0.0677,-0.1267,-0.1797,-0.2237,-0.2787,73.30480124,45787.05467,120.0414142
exp712,0,5,0,35,25,0,0,0,0,5,5,-1.2,180,-0.0437,-0.0767,-0.1217,-0.1627,-0.3607,-0.4067,134.806843,814.3050443,92.34572545
exp713,0,5,0,40,15,5,0,0,0,5,5,-1.5,121,-0.0697,-0.0877,-0.1117,-0.0197,-0.1597,-0.1827,43.79893002,14822281.53,116.6051984
exp714,5,0,5,40,15,0,0,0,0,5,5,-1.5,167,-0.0437,-0.0657,-0.1057,-0.1507,-0.1927,-0.2287,47.89099686,4743246.815,141.0908534
exp715,2,5,5,38,15,0,0,0,0,5,5,-1.5,131,-0.0687,-0.0807,-0.0427,-0.1207,-0.1437,-0.1667,16.47949591,1.32E+17,129.8372026
exp716,5,0,3,42,15,0,0,0,0,5,5,-1.5,112,-0.0277,-0.0667,-0.1217,-0.1717,-0.2147,-0.2517,52.61911271,1587139.181,135.4031353
exp717,0,5,0,35,25,0,0,0,0,5,5,-1,30,-0.4017,-0.4527,-0.4797,-0.4987,-0.5137,-0.5277,96.26839458,0.000188476,0.225156417
exp718,0,0,5,35,15,5,5,0,0,5,5,-1.5,158,-0.0027,-0.4237,-0.4397,-0.4517,-0.4687,-0.4937,513.023442,3.273734029,23.26244378
exp719,0,5,0,45,15,0,0,0,0,5,5,-1.5,103,-0.0577,-0.0327,-0.1177,-0.1497,-0.1787,-0.2047,55.14941557,987500.0102,105.6652798
exp720,5,0,5,35,20,0,0,0,0,5,5,-1.5,80,-0.0087,-0.1747,-0.2527,-0.3727,-0.4137,-0.4287,181.6552611,140.0764283,74.89109972
exp721,5,0,0,45,15,0,0,0,0,5,5,-1.5,132,-0.0477,-0.2097,-0.3727,-0.4017,-0.4187,-0.4327,224.1413102,1.547157223,54.85610749
exp722,0,0,5,35,25,0,0,0,0,5,5,-1.5,180,-0.1747,-0.4287,-0.4407,-0.4687,-0.4917,-0.5167,103.5974175,0.0007884,15.57999988
exp723,0,0,5,45,15,0,0,0,0,5,5,-1.5,134,-0.0547,-0.0827,-0.0167,-0.1737,-0.2077,-0.2347,36.85092775,237733223.1,117.7192983
exp724,0,0,5,45,15,0,0,0,0,5,5,-1.5,142,-0.0597,-0.0347,-0.0217,-0.1907,-0.2797,-0.3647,108.8219297,3608.821639,3.391445939
exp725,5,5,3,35,15,2,0,0,0,5,5,-1.5,113,-0.5017,-0.5667,-0.6007,-0.6247,-0.6437,-0.6617,117.6423797,0.000152163,0.464274809
exp726,0,4,5,35,15,0,5,0,0,6,6,-1.5,152,-0.0127,-0.1007,-0.3477,-0.3567,-0.3627,-0.3687,113.6343081,173.9791025,112.8773315
exp727,0,0,5,43,15,2,0,0,0,5,5,-1.5,49,-0.0307,-0.0797,-0.1417,-0.3897,-0.4047,-0.4147,308.0147257,56.46216589,92.64697893
exp728,5,0,5,35,15,5,0,0,0,5,5,-1.5,180,-0.0387,-0.0587,-0.0837,-0.1147,-0.1467,-0.1787,34.50005467,546015619.2,164.8084771
exp729,20,0,30,0,0,0,20,0,0,0,0,-1,64,-0.5467,-0.6547,-0.7167,-0.7577,-0.7897,-0.8167,195.5279052,0.003884707,0.216412588
exp730,0,0,17,0,19,0,11,0,0,0,23,-1.2,84,-0.4147,-0.4757,-0.5127,-0.5477,-0.5817,-0.6117,152.3501916,0.006253424,2.204922155
exp731,0,0,0,0,7,17,25,0,0,0,21,-1.5,30,-0.3657,-0.4237,-0.4497,-0.4677,-0.4817,-0.4947,103.0948924,0.000927291,4.066938167
exp732,6,0,30,0,0,25,0,0,0,0,9,-1,136,-0.4427,-0.4987,-0.5297,-0.5517,-0.5697,-0.5857,118.5194427,0.000521637,0.962455044
exp733,0,17,0,0,15,17,0,20,0,0,1,-1.5,180,-0.2277,-0.3017,-0.3327,-0.3547,-0.3727,-0.3887,99.04030614,0.007026061,18.97800874
exp734,0,0,0,0,33,0,0,0,0,0,37,-1.5,180,-0.4207,-0.4817,-0.5167,-0.5387,-0.5577,-0.5737,106.582315,0.000212823,5.726081106
exp735,20,0,0,10,40,0,0,0,0,0,0,-1.5,177,-0.4247,-0.5027,-0.5447,-0.5737,-0.5967,-0.6167,134.9438902,0.001602882,1.48935419
exp736,0,20,28,0,16,0,0,0,0,7,6,-1,180,-0.1517,-0.3107,-0.3257,-0.3347,-0.3427,-0.3497,360.8390655,3.144200138,68.07532541
exp737,0,0,0,0,28,19,0,2,0,0,21,-1.3,180,-0.2627,-0.3357,-0.3677,-0.3887,-0.4067,-0.4217,101.690663,0.003867473,13.97491148
exp738,0,0,30,0,33,0,0,0,7,0,0,-1.5,30,-0.4437,-0.5307,-0.5717,-0.5997,-0.6217,-0.6417,116.1772601,0.000136462,2.296586803
exp739,0,25,0,0,40,0,3,2,0,0,0,-1,180,-0.3427,-0.4247,-0.4617,-0.4847,-0.5027,-0.5177,106.8407752,0.000564592,8.189320809
exp740,0,0,0,20,1,12,7,30,0,0,0,-1.5,180,-0.0647,-0.2067,-0.2587,-0.2887,-0.3577,-0.4617,13.22508523,1.52E-20,30.29804587
exp741,0,24,0,0,40,6,0,0,0,0,0,-1.5,137,-0.4077,-0.4497,-0.4787,-0.5037,-0.5237,-0.5407,110.7164782,0.000828228,6.470818049
exp742,0,0,0,0,25,16,15,0,0,0,14,-1.2,180,-0.3417,-0.3997,-0.4227,-0.4377,-0.4497,-0.4607,84.50008796,0.000265164,13.22373071
exp743,0,16,0,0,27,0,0,14,14,0,-1,-1.5,180,-0.2207,-0.3167,-0.3517,-0.3767,-0.3977,-0.4147,348.8279357,1.677059438,19.26043693
exp744,0,0,30,0,0,25,15,0,0,0,0,-1.4,30,-0.4607,-0.5307,-0.5697,-0.5967,-0.6177,-0.6357,129.1416599,0.000579263,1.15640047
exp745,0,0,0,0,1,25,3,17,0,0,24,-1.5,61,-0.1667,-0.2387,-0.2717,-0.2927,-0.3097,-0.3237,84.04064743,0.009329646,20.58301223
exp746,0,0,0,0,0,25,0,0,0,0,45,-1.3,180,-0.4867,-0.5787,-0.6277,-0.6587,-0.6817,-0.7007,131.6555174,0.000329534,0.401927691
exp747,0,0,25,0,10,7,8,0,0,20,20,-1.5,180,-0.0017,-0.2827,-0.2987,-0.3057,-0.3117,,170.110482,1.806119279,84.82808885
exp748,0,23,0,0,22,25,0,0,0,0,0,-1.5,180,-0.4197,-0.4807,-0.5147,-0.5407,-0.5637,-0.5847,123.3995268,0.000952534,1.145126781
exp749,0,0,0,20,23,0,0,0,0,0,27,-1.1,180,-0.4247,-0.5107,-0.5537,-0.5807,-0.6007,-0.6197,128.9217168,0.000971701,2.178114656
exp750,0,0,0,20,6,0,9,0,0,0,35,-1.5,136,-0.0297,-0.0937,-0.1647,-0.3937,-0.4327,-0.4417,337.7879882,62.7884797,95.22863489
exp751,0,0,0,0,38,0,0,15,0,0,17,-1.5,180,0.0083,-0.2727,-0.3077,-0.3287,-0.3457,-0.3597,404.5795812,3.037348352,65.82847088
exp752,0,0,4,20,26,0,0,0,0,20,20,-1.5,180,-0.0527,-0.0377,-0.0847,-0.1057,-0.0107,-0.1597,52.4369043,639268.8478,154.6781856
exp753,0,0,0,20,0,25,15,0,0,0,10,-1.5,165,-0.0167,-0.0567,-0.1167,0.0113,-0.3307,-0.3417,235.4135958,77.02515592,173.2294771
exp754,0,0,30,20,0,20,0,0,0,0,0,-1.5,180,-0.0437,-0.3237,-0.3707,-0.3907,-0.4057,-0.4187,143.5617764,0.632349086,75.43259098
exp755,0,0,30,0,26,0,8,0,0,6,6,-1,180,0.0103,-0.3247,-0.3397,-0.3527,-0.3657,-0.3777,79.16080036,0.001040209,25.83417769
exp756,0,0,0,0,20,20,0,30,0,0,0,-1.5,180,0.0093,-0.2447,-0.2777,-0.2967,-0.3107,-0.3237,356.5612544,2.851245607,62.71178277
exp757,8,24,0,0,38,0,0,0,0,0,0,-1.5,180,-0.0197,-0.0417,-0.0987,0.0053,-0.2247,-0.2557,114.5294987,496.9172827,153.1528294
exp758,0,0,26,0,14,25,0,0,0,5,5,-1.1,180,-0.2057,-0.2797,-0.2877,-0.2927,-0.2987,-0.3067,229.3495697,1.16957474,25.0173875
exp759,20,25,5,0,20,0,0,0,0,0,0,-1.5,180,-0.5617,-0.6287,-0.6617,-0.6817,-0.6977,-0.7107,111.9103067,5.73E-05,0.100838238
exp760,0,0,0,0,0,12,25,0,0,0,33,-1.3,65,-0.3687,-0.4237,-0.4497,-0.4677,-0.4827,-0.4957,100.0924391,0.000545637,3.205444634
exp761,0,25,0,0,13,0,0,0,32,0,0,-1,180,-0.5347,-0.6767,-0.7357,-0.7647,-0.7837,-0.7987,150.5740583,0.000461647,0.298680939
exp762,0,3,0,0,33,9,25,0,0,0,0,-1.5,180,-0.3617,-0.4337,-0.4637,-0.4837,-0.4997,-0.5147,110.7343527,0.001198833,14.04883691
exp763,0,0,0,20,30,20,0,0,0,0,0,-1.5,180,-0.0187,-0.0967,-0.3737,-0.3877,-0.3947,-0.3997,175.24458,85.20814048,95.07015467
exp764,0,19,0,0,16,0,0,0,35,0,0,-1,168,-0.4337,-0.6067,-0.7117,-0.7537,-0.7747,-0.7877,214.7726275,0.013481475,0.655682843
exp765,0,5,0,0,38,2,25,0,0,0,0,-1.5,30,-0.5117,-0.5787,-0.6087,-0.6277,-0.6427,-0.6547,104.6825676,2.81E-05,3.783852853
exp766,0,0,0,20,20,0,0,30,0,0,0,-1.5,180,-0.0357,-0.0187,-0.1797,0.0043,-0.3737,-0.3897,4.148889645,2.06E-46,78.42044497
exp767,0,20,0,20,5,0,25,0,0,0,0,-1.5,30,-0.4897,-0.5537,-0.5877,-0.6117,-0.6317,-0.6487,112.4249515,9.37E-05,4.362303301
exp768,0,0,0,0,38,0,0,12,0,20,20,-1.5,125,-0.0237,-0.2967,-0.3307,-0.3527,-0.3707,-0.3867,97.45370942,0.005915632,36.96852313
exp769,0,0,30,0,28,0,10,0,0,2,2,-1.2,180,-0.3237,-0.3637,-0.3767,-0.3867,-0.3937,-0.4017,345.9294768,1.779802945,44.68686272
exp770,0,25,0,0,15,25,3,2,0,0,0,-1.3,180,-0.2517,-0.3427,-0.3757,-0.3987,-0.4167,-0.4317,100.8985189,0.003533508,22.12852143
exp771,0,21,28,0,14,5,3,0,0,0,-1,-1,180,-0.3927,-0.4667,-0.5017,-0.5247,-0.5437,-0.5607,110.9489163,0.000504499,3.913510488
exp772,0,25,0,20,22,0,0,0,0,3,3,-1.5,180,-0.0657,-0.1047,-0.1547,-0.3157,-0.4027,-0.4097,221.1017227,95.24097487,70.91821602
exp773,0,3,0,20,30,0,0,0,0,17,17,-1.5,180,-0.0487,-0.1767,-0.3947,,-0.4027,-0.4067,86.79583778,0.153132057,47.83619066
exp774,0,23,22,0,22,0,0,3,0,0,0,-1,180,-0.4517,-0.5097,-0.5367,-0.5537,-0.5667,-0.5787,89.95446042,1.86E-05,2.634845414
exp775,0,25,0,0,17,0,25,3,0,0,0,-1,66,-0.5167,-0.5707,-0.6017,-0.6257,-0.6447,-0.6597,101.3373989,2.93E-05,3.278336493
exp776,4,0,0,0,36,0,0,30,0,0,0,-1.5,180,0.0013,-0.2697,-0.3017,-0.3217,-0.3377,-0.3517,278.5648453,1.381916729,49.91581536
exp777,0,0,0,0,12,25,0,0,0,20,33,-1.5,180,-0.1867,-0.3177,-0.3417,-0.3597,-0.3757,-0.3907,94.79194948,0.004510644,25.99996033
exp778,0,23,0,20,26,0,0,1,0,0,0,-1.5,180,-0.0407,-0.0057,0.0113,-0.3557,-0.3877,-0.4027,220.3329337,71.71821105,85.02882413
exp779,0,0,16,0,21,0,19,14,0,0,0,-1.5,30,-0.3097,-0.3907,-0.4357,-0.4677,-0.4917,-0.5117,134.9456421,0.008125166,7.930344726
exp780,0,0,1,0,38,25,0,5,0,0,1,-1.5,180,0.0093,-0.2397,-0.2757,-0.2957,-0.3117,-0.3247,307.4398892,2.325402577,76.01809699
exp781,0,0,11,0,34,1,0,24,0,0,0,-1.5,30,-0.2707,-0.3437,-0.3797,-0.4047,-0.4247,-0.4417,113.3006405,0.007702724,10.14223865
exp782,0,0,26,20,15,0,0,0,0,9,9,-1.1,180,-0.4097,-0.4687,-0.4997,-0.5207,-0.5367,-0.5517,100.2591352,0.000131607,7.590076954
exp783,0,0,30,0,30,0,0,0,0,10,10,-1,148,-0.0057,-0.3127,-0.3267,-0.3367,-0.3437,-0.3507,360.6644066,2.60743697,44.97925511
exp784,0,0,0,0,31,0,0,25,0,0,14,-1.5,180,0.0063,-0.2747,-0.3087,-0.3297,-0.3467,-0.3617,260.6402736,1.072872496,51.78477152
exp785,0,0,0,0,0,25,12,12,0,20,21,-1.5,180,-0.1227,-0.2117,-0.2467,-0.2687,-0.2867,-0.3007,300.9887614,2.5777346,37.80633605
exp786,0,0,0,0,40,0,0,0,30,0,0,-1.5,165,-0.5997,-0.6827,-0.7127,-0.7327,-0.7487,-0.7627,108.6849138,1.02E-05,0.272518781
exp787,0,0,0,20,29,0,0,21,0,0,0,-1.5,146,-0.0597,-0.3477,-0.3837,-0.4097,-0.4307,-0.4497,342.5090388,2.519077968,39.4878034
exp788,0,0,0,0,40,0,0,0,0,0,30,-1.5,66,-0.4127,-0.4867,-0.5207,-0.5437,-0.5627,-0.5797,121.5595979,0.00070197,4.281007723
exp800,0,20,0,15,25,0,0,2,0,8,8,-1.3,180,-0.2607,-0.3447,-0.3767,-0.3987,-0.4157,-0.4317,101.4078077,0.002777601,22.76052103
exp801,0,28,0,25,17,0,0,0,0,0,0,-1,180,-0.3807,-0.4387,-0.4687,-0.4897,-0.5057,-0.5197,105.2537165,0.000569206,1.502420326
exp802,0,30,0,23,17,0,0,0,0,0,0,-1.4,42,-0.0577,-0.1607,-0.4047,-0.4097,-0.4137,,61.81545132,0.028616824,52.36707103
exp803,5,20,0,25,17,0,0,0,0,3,3,-1.5,30,-0.0357,-0.3047,-0.3837,-0.4017,-0.4147,-0.4257,244.8273826,1.784810987,62.23433285
exp804,0,20,4,24,17,0,0,0,5,0,0,-1.5,180,-0.1087,-0.3417,-0.3877,-0.4187,-0.4447,-0.4697,486.8383573,2.887284383,24.95448281
exp805,0,20,0,15,22,0,0,5,0,8,8,-1.4,180,-0.0497,-0.3177,-0.3507,-0.3717,-0.3897,-0.4047,412.895932,2.668578193,30.8153202
exp806,0,20,0,25,17,5,0,0,0,0,3,-1,180,-0.4527,-0.5157,-0.5497,-0.5747,-0.5937,-0.6107,105.5738685,0.000100863,0.917853696
exp807,0,20,0,25,25,0,0,0,0,0,0,-1.5,30,-0.0977,-0.3997,-0.4087,-0.4167,-0.4267,-0.4397,482.4524147,3.052072406,27.78185093
exp808,5,30,0,15,17,0,0,0,0,3,3,-1.5,30,-0.0907,-0.3707,-0.3937,-0.4087,-0.4207,-0.4337,383.4456953,1.607358397,35.10240002
exp809,0,30,0,15,20,0,5,0,0,0,0,-1,180,-0.2957,-0.3357,-0.3567,-0.3707,-0.3827,-0.3927,76.44645845,0.000365985,8.61213511
exp810,0,30,0,15,17,0,0,4,0,4,4,-1.5,30,-0.3037,-0.3777,-0.4097,-0.4307,-0.4487,-0.4647,111.3021861,0.002456174,9.723996824
exp811,0,20,0,15,27,0,0,0,0,8,8,-1.5,78,-0.0367,-0.0807,-0.1657,-0.3707,-0.3817,-0.3877,233.3976937,62.89993629,64.40827436
exp812,0,20,0,23,22,0,0,0,5,0,0,-1,30,-0.4967,-0.6147,-0.6697,-0.7007,-0.7237,-0.7417,170.9966138,0.002213038,1.502154972
exp813,0,30,0,15,17,0,0,0,0,8,8,-1.3,180,-0.0287,-0.0087,-0.0957,-0.1527,-0.3457,-0.3587,158.565499,281.896249,150.4039219
exp814,0,20,0,18,27,0,0,0,5,0,0,-1.3,180,-0.4757,-0.5657,-0.6057,-0.6317,-0.6517,-0.6687,122.4670679,0.000170964,5.755183015
exp815,0,20,0,15,23,0,5,0,0,7,7,-1.5,180,-0.0267,-0.2787,-0.3907,-0.3977,-0.4017,-0.4047,112.6524173,228.5549546,99.1246413
exp816,5,20,0,25,17,0,0,0,0,3,3,-1.5,136,-0.0267,-0.0567,-0.0987,-0.1397,-0.1757,0.0113,51.01047041,1023988.079,156.1121395
exp817,5,20,0,18,27,0,0,0,0,0,0,-1.5,180,-0.0357,-0.0567,-0.0947,-0.1377,-0.1947,-0.2737,94.11215724,2765.584751,131.8098771
exp818,5,30,0,15,20,0,0,0,0,0,0,-1.5,30,-0.2657,-0.3857,-0.4097,-0.4287,-0.4467,-0.4627,90.76170495,0.000430663,18.9184545
exp819,0,20,0,15,27,0,5,3,0,0,0,-1.5,180,-0.1977,-0.3747,-0.4107,-0.4337,-0.4517,-0.4677,341.9545475,1.064501815,29.26597758
exp820,5,20,0,25,17,0,0,0,0,3,3,-1,30,-0.4597,-0.5107,-0.5367,-0.5537,-0.5677,-0.5807,88.57585456,1.30E-05,3.047409401
exp821,5,20,0,25,20,0,0,0,0,0,0,-1.5,180,-0.0347,-0.0637,-0.1117,-0.1587,-0.2107,-0.2877,93.05842906,4483.94674,131.0390787
exp822,0,20,0,25,25,0,0,0,0,0,0,-1.5,30,-0.0127,-0.3937,-0.4057,-0.4117,-0.4187,-0.4277,409.6647852,3.117189014,36.36509293
exp823,0,20,0,25,21,0,4,0,0,0,0,-1.5,180,-0.0647,-0.4107,-0.4197,-0.4267,-0.4357,-0.4567,479.8264281,3.07014464,27.59195861
exp824,0,30,0,15,17,0,0,0,0,0,8,-1,30,-0.6587,-0.7337,-0.7667,-0.7877,-0.8037,-0.8177,129.7352589,4.92E-05,0.111483509
exp825,0,23,0,25,17,0,5,0,0,0,0,-1.1,86,-0.6237,-0.7067,-0.7467,-0.7717,-0.7907,-0.8067,127.4378212,5.25E-05,0.087692324
exp826,5,21,0,15,22,0,0,1,5,0,1,-1.4,180,-0.0377,-0.1457,-0.3567,-0.3897,-0.4147,-0.4367,10.33121432,2.34E+18,59.19524995
exp827,0,20,0,15,27,5,0,0,0,3,3,-1.5,180,-0.0467,-0.0847,-0.1627,0.0123,-0.3617,-0.3737,229.7516443,67.36267993,45.68879093
exp828,5,30,0,15,20,0,0,0,0,0,0,-1.5,180,-0.0207,-0.0707,-0.1327,-0.2277,-0.2927,-0.3217,213.2157469,109.4434074,109.8259959
exp829,5,20,0,15,22,0,0,0,0,8,8,-1.5,180,-0.0377,-0.0557,-0.0897,-0.1267,-0.1687,-0.2347,76.23132121,14155.75405,116.0456075
exp830,0,20,0,15,27,0,0,0,0,8,8,-1.4,180,-0.3587,-0.4037,-0.4507,-0.4937,-0.5357,-0.5637,192.8086088,0.083398334,9.426008438
exp831,0,30,0,15,17,3,5,0,0,0,0,-1.4,140,-0.0407,-0.3787,-0.3937,-0.3997,-0.4057,-0.4117,293.0788858,2.471530603,50.80680135
exp832,0,26,0,15,21,0,0,0,0,8,8,-1.5,180,-0.0647,-0.0097,0.0093,-0.3917,-0.4007,-0.4067,198.9229031,82.64592724,53.95434003
exp833,0,20,0,15,27,0,0,0,0,8,8,-1.5,180,-0.3747,-0.4147,-0.4627,-0.5017,-0.5317,-0.5577,174.0783867,0.040928594,10.58061541
exp834,5,28,5,15,17,0,0,0,0,0,0,-1.5,30,0.0073,-0.3617,-0.3927,-0.4037,-0.4127,-0.4217,429.7568844,3.066070278,49.0898871
exp835,5,20,0,25,17,0,0,0,0,3,3,-1.5,37,-0.1357,-0.3937,-0.4207,-0.4407,-0.4587,-0.4757,97.77893687,0.000672832,22.6594006
exp836,0,20,0,25,17,0,0,0,0,8,8,-1.5,136,-0.0487,-0.0747,-0.0987,-0.1227,-0.1457,-0.1677,51.59108561,1837897.059,127.4821445
exp837,0,20,0,24,17,0,0,1,0,8,8,-1.5,135,-0.0397,-0.0707,-0.0007,-0.2137,-0.3117,-0.3387,151.6577742,323.2241653,118.2958259
exp838,0,23,5,15,23,0,0,0,0,4,4,-1.5,180,0.0133,-0.4217,-0.4867,-0.5287,-0.5597,-0.5977,209.5064167,0.083768136,7.950397185
exp839,0,20,3,22,17,0,0,0,0,8,8,-1.5,180,-0.0727,-0.0967,-0.0447,-0.1407,-0.0217,-0.1867,44.12422946,5414048.647,84.65548322
exp840,1,24,0,15,17,5,0,0,0,8,8,-1.5,180,-0.0307,-0.3047,-0.3767,-0.4077,-0.4417,-0.4677,404.0181244,2.914153491,19.5494492
exp841,5,20,0,25,17,0,0,0,0,3,3,-1.5,30,-0.0597,-0.3547,-0.4047,-0.4187,-0.4297,-0.4397,471.9819143,3.244732289,47.53653862
exp842,0,20,5,15,22,0,5,0,0,3,3,-1.5,65,-0.4157,-0.4307,-0.4537,-0.4817,-0.5067,-0.5287,106.4329975,0.000816816,8.977202062
exp843,5,30,0,15,17,0,0,0,0,3,3,-1.5,180,-0.0337,-0.0677,-0.1227,-0.1807,-0.2787,-0.3187,128.0055772,768.8823813,120.2239477
exp844,2,20,0,15,27,0,0,0,0,6,6,-1.5,113,-0.3747,-0.4267,-0.4547,-0.4747,-0.4907,-0.5057,89.19325398,0.000133697,3.944822404
exp845,2,20,5,16,27,0,0,0,0,0,0,-1.5,180,-0.3577,-0.4117,-0.4387,-0.4577,-0.4737,-0.4877,91.52951651,0.000273514,6.629356774
exp846,0,30,5,18,17,0,0,0,0,0,0,-1.5,180,-0.1747,-0.4117,-0.4307,-0.4447,-0.4577,-0.4687,79.16252409,6.65E-05,18.56615477
exp847,5,20,0,25,17,0,0,0,0,0,3,-1.5,140,-0.0827,-0.3007,-0.3827,-0.4047,-0.4237,-0.4407,397.3441131,2.891381295,33.91562136
exp848,0,30,0,15,18,0,0,0,0,7,7,-1.3,180,-0.0947,-0.3997,-0.4077,-0.4137,-0.4217,-0.4297,366.0111438,1.513153809,34.81534429
exp849,5,28,0,15,17,5,0,0,0,0,0,-1,180,-0.6037,-0.6897,-0.7347,-0.7627,-0.7847,-0.8027,144.9770023,0.000273179,0.130608064
exp850,3,20,0,15,24,0,0,0,0,8,8,-1.5,180,-0.0107,-0.2217,-0.3537,-0.3717,-0.3827,-0.3917,82.84484773,0.113767599,59.02229708
exp851,0,28,0,15,19,0,0,0,0,8,8,-1.5,180,-0.3587,-0.3997,-0.4077,-0.4207,-0.4347,-0.4497,80.57495718,0.000190344,23.75758641
exp852,5,21,0,15,19,0,5,5,0,0,0,-1.5,180,-0.2527,-0.4107,-0.4497,-0.4777,-0.5027,-0.5257,487.5160196,2.009450808,20.53931488
exp853,0,20,5,15,17,5,0,0,0,8,8,-1.5,180,-0.0707,-0.3767,-0.4167,-0.4407,-0.4587,-0.4747,495.8429783,2.759481894,27.05164378
exp854,5,23,0,25,17,0,0,0,0,0,0,-1,97,-0.6747,-0.7247,-0.7487,-0.7657,-0.7797,-0.7917,114.9732731,1.30E-05,0.099893972
exp855,0,30,0,15,25,0,0,0,0,0,0,-1.5,180,-0.0187,-0.1127,-0.3467,-0.3837,-0.3947,-0.4007,183.8681403,88.42485391,70.3125532
exp856,0,22,0,15,21,0,0,0,0,2,12,-1.5,180,-0.1077,-0.3867,-0.3997,-0.4097,-0.4217,-0.4357,86.48731242,0.000579927,26.14395344
exp857,1,20,0,25,19,0,0,5,0,0,0,-1.5,139,-0.0957,-0.3107,-0.4207,-0.4487,-0.4727,-0.4947,144.6188159,0.398610086,25.66725044
exp858,0,20,0,16,26,0,0,0,0,8,8,-1.5,180,-0.3157,-0.4187,-0.4527,-0.4797,-0.5047,-0.5307,122.1973526,0.002747294,19.41728017
exp859,0,0,0,20,0,46,4,0,0,0,0,-1.5,30,-0.1967,-0.3157,-0.3367,-0.3527,-0.3667,-0.3797,85.62404799,0.002059265,22.06340881
exp860,0,0,0,20,20,10,0,0,0,0,20,-1,180,-0.3877,-0.5237,-0.5677,-0.5957,-0.6187,-0.6367,117.7195103,0.000248152,2.821145114
exp861,0,0,3,20,20,27,0,0,0,0,0,-1.5,180,-0.0047,-0.0867,-0.2817,-0.3237,-0.3347,-0.3427,14.95627529,11560255925,101.9211281
exp862,0,0,0,0,0,41,11,0,0,0,18,-1.5,89,0.0083,-0.2077,-0.2627,-0.2837,-0.2987,-0.3107,120.055456,0.13159324,54.24725264
exp863,0,0,0,0,20,10,0,20,0,0,20,-1.5,180,-0.1527,-0.2427,-0.2777,-0.3007,-0.3197,-0.3357,99.37130551,0.02583663,23.88851208
exp864,0,13,0,0,20,11,27,0,0,0,-1,-1.5,30,-0.1627,-0.4647,-0.5037,-0.5287,-0.5497,-0.5677,134.1872242,0.004130878,3.677421984
exp865,0,0,20,0,0,29,21,0,0,0,0,-1.4,122,0.0063,-0.3037,-0.3417,-0.3617,-0.3777,-0.3917,120.3532404,0.030741722,46.81123526
exp866,0,0,0,0,0,41,20,10,0,0,-1,-1.5,30,-0.2167,-0.2947,-0.3367,-0.3687,-0.3947,-0.4177,135.2750668,0.046013312,9.969814691
exp867,0,0,9,0,0,28,0,0,0,33,33,-1.3,101,-0.1967,-0.3007,-0.3337,-0.3567,-0.3757,-0.3927,112.1424162,0.021627865,20.25536979
exp868,0,0,20,0,5,45,0,0,0,0,0,-1.5,55,-0.4727,-0.5557,-0.6027,-0.6327,-0.6557,-0.6737,125.2389081,0.000401159,0.278109147
exp869,5,0,0,0,0,11,35,0,0,0,19,-1.2,53,-0.3567,-0.4147,-0.4497,-0.4787,-0.5047,-0.5277,130.2370557,0.00509652,1.425190472
exp870,0,0,0,0,20,17,0,9,0,0,24,-1.5,180,0.0073,-0.2107,-0.2447,-0.2667,-0.2837,-0.2977,81.47650245,0.013173201,56.73802527
exp871,0,0,0,0,0,10,33,0,0,0,27,-1.4,86,-0.3537,-0.4157,-0.4427,-0.4607,-0.4747,-0.4877,101.0447826,0.000733361,3.738516985
exp872,20,0,20,0,0,10,20,0,0,0,0,-1.5,126,-0.4667,-0.5497,-0.6037,-0.6417,-0.6707,-0.6937,156.7444262,0.002329823,0.536597781
exp873,0,0,0,0,0,23,0,20,0,27,27,-1.3,180,-0.1547,-0.2267,-0.2597,-0.2817,-0.2997,-0.3157,100.1572383,0.041008877,13.54720849
exp874,0,0,0,20,20,10,0,20,0,0,0,-1.5,180,-0.0247,-0.1867,-0.2947,-0.3167,-0.3347,-0.3497,167.3651864,1.371125652,57.78594972
exp875,0,0,0,0,0,39,0,0,0,0,31,-1.5,180,-0.3197,-0.3947,-0.4247,-0.4457,-0.4627,-0.4787,117.0495722,0.004370667,9.765237942
exp876,0,0,7,0,20,12,4,0,0,0,27,-1.5,180,0.0033,-0.3107,-0.3417,-0.3547,-0.3627,-0.3697,340.636963,2.933619607,66.67992815
exp877,0,0,0,20,0,24,0,20,0,6,6,-1.5,180,-0.0707,-0.1337,-0.1847,-0.2147,-0.2367,-0.0007,58.16214428,0.001174785,46.68567545
exp878,0,15,0,0,0,10,35,10,0,0,0,-1.3,30,-0.4377,-0.5207,-0.5517,-0.5717,-0.5867,-0.5997,111.3453322,0.000193264,3.54738655
exp879,0,0,0,0,0,35,35,0,0,0,0,-1.5,30,-0.3737,-0.4487,-0.4827,-0.5077,-0.5277,-0.5457,106.551955,0.000425097,1.626232929
exp880,0,0,0,0,14,11,15,0,0,30,30,-1.2,157,-0.0157,-0.2397,-0.2557,-0.2637,-0.2697,-0.2747,291.3336061,2.692104438,35.274209
exp881,0,0,20,0,3,10,16,5,0,16,16,-1.2,180,-0.2457,-0.3227,-0.3587,-0.3827,-0.4027,-0.4197,115.5421128,0.013989272,7.618400568
exp882,0,0,0,0,20,10,0,7,0,0,33,-1.5,102,-0.1727,-0.2527,-0.2827,-0.3027,-0.3187,-0.3317,86.28831685,0.008570361,23.71022952
exp883,0,0,0,0,6,37,0,0,0,27,27,-1.5,38,-0.2747,-0.3197,-0.3437,-0.3617,-0.3757,-0.3887,88.40901086,0.002131703,5.002398539
exp884,20,0,0,0,20,30,0,0,0,0,0,-1.3,176,-0.6137,-0.6727,-0.7007,-0.7207,-0.7357,-0.7497,113.8041162,2.22E-05,0.167992278
exp885,0,0,0,20,0,30,0,20,0,0,0,-1.4,180,-0.0927,-0.1347,-0.1837,-0.2127,-0.2337,-0.0137,75.97324535,0.006264535,49.38232497
exp886,0,0,20,20,20,10,0,0,0,0,0,-1.4,167,-0.0337,-0.0937,-0.2917,-0.3407,-0.3627,-0.3747,146.7900677,133.5132327,110.1394207
exp887,0,0,0,20,18,10,1,20,0,0,1,-1.5,180,-0.0097,-0.1427,0.0133,-0.3217,-0.3387,-0.3537,90.44864562,0.282084656,69.68801943
exp888,0,0,0,0,0,27,0,0,0,0,43,-1.5,180,-0.3247,-0.3977,-0.4277,-0.4477,-0.4647,-0.4817,114.0584754,0.00324441,6.175434559
exp889,0,0,15,0,19,17,17,0,0,0,2,-1.5,180,-0.2307,-0.3387,-0.3627,-0.3757,-0.3867,-0.3977,93.70726721,0.00451831,26.39012044
exp890,0,0,0,20,0,17,4,20,0,8,9,-1.5,180,-0.0807,-0.1437,-0.1997,-0.2337,-0.2637,-0.3377,65.55916349,13422.25726,65.48513144
exp891,0,0,0,0,6,47,0,0,0,18,17,-1.2,180,-0.0397,-0.2027,-0.2257,-0.2367,-0.2437,-0.2507,227.5795047,2.655437489,22.33105375
exp892,0,0,0,0,15,10,8,0,0,0,37,-1.2,30,-0.3257,-0.3717,-0.3977,-0.4167,-0.4327,-0.4487,102.1755642,0.002800498,4.616647866
exp893,0,0,0,0,20,18,12,20,0,0,0,-1.5,113,-0.0037,-0.2227,-0.2547,-0.2727,-0.2877,-0.3007,77.46529684,0.007288064,44.4408121
exp894,0,0,0,3,15,27,0,0,0,24,25,-1.5,180,-0.0097,-0.1927,-0.2567,-0.2817,-0.2977,-0.3107,71.2190898,0.172033607,103.9146096
exp895,0,0,0,0,0,41,9,20,0,0,0,-1.5,180,-0.0237,-0.1417,-0.1797,-0.2027,-0.2197,-0.2347,161.8264213,2.397505874,72.9853457
exp896,0,0,0,20,19,10,0,20,0,1,1,-1.5,180,-0.0297,-0.1147,-0.2937,-0.3167,-0.3337,-0.3487,6.670533618,5.62E+21,78.18242623
exp897,0,0,20,0,0,19,31,0,0,0,0,-1.4,111,-0.3517,-0.4147,-0.4417,-0.4587,-0.4717,-0.4837,96.98865278,0.000413224,3.816218138
exp898,0,0,0,0,11,31,0,2,0,26,26,-1.4,30,-0.2297,-0.2967,-0.3277,-0.3487,-0.3657,-0.3807,111.6772553,0.0186685,6.321038689
exp899,0,0,0,0,0,30,0,0,0,40,40,-1.5,180,-0.2037,-0.2537,-0.2717,-0.2867,-0.2997,-0.3107,81.01683332,0.008715438,13.79317918
exp900,0,20,0,0,13,28,3,0,0,6,6,-1.4,93,-0.2577,-0.2957,-0.3227,-0.3477,-0.3697,-0.3917,101.6908707,0.008136244,4.142207048
exp901,0,0,0,20,15,32,0,0,0,3,3,-1.5,118,-0.0177,-0.0417,-0.0817,-0.2397,0.0123,-0.2967,147.1133149,165.6286282,121.3914168
exp902,0,0,0,20,5,24,0,20,0,1,1,-1.5,100,-0.0637,-0.1187,-0.0177,-0.2777,0.0043,-0.3737,13.22935618,9.73E-15,80.46351596
exp903,0,0,0,5,14,29,0,0,0,22,22,-1.5,180,-0.2277,-0.2677,-0.2867,-0.3087,-0.3297,-0.3497,98.80435339,0.017619236,15.22426731
exp904,0,0,20,0,0,10,1,0,0,39,39,-1.2,180,-0.3667,-0.4337,-0.4727,-0.5017,-0.5257,-0.5457,121.9152239,0.00217315,0.556457388
exp905,0,0,0,0,0,37,0,0,0,33,33,-1.5,180,-0.0257,-0.2047,-0.2277,-0.2397,-0.2487,-0.2567,237.0616254,2.591655713,51.13978343
exp906,1,20,0,0,20,10,0,0,0,19,19,-1,30,-0.5887,-0.6597,-0.6937,-0.7167,-0.7337,-0.7497,129.0820134,0.000134946,0.181753861
exp907,0,0,0,0,20,12,0,0,0,0,38,-1.5,180,-0.2657,-0.3417,-0.3527,-0.3597,-0.3657,-0.3747,99.54239382,0.010350275,22.30560522
exp908,0,0,0,0,0,33,17,0,0,21,20,-1.5,180,-0.0787,-0.1857,-0.2147,-0.2327,-0.2457,-0.2567,189.5466904,2.420411065,57.09837019
exp909,0,0,0,0,20,21,0,0,0,0,29,-1.5,94,0.0113,-0.2917,-0.3167,-0.3297,-0.3377,-0.3457,343.9159712,2.951554001,54.94967828
exp910,0,0,0,0,20,23,3,0,0,21,24,-1.1,180,-0.1987,-0.2567,-0.2657,-0.2727,-0.2797,-0.2887,74.51383275,0.008677112,22.30369181
exp911,0,20,0,0,20,10,0,0,0,0,20,-1.4,30,-0.6187,-0.6817,-0.7147,-0.7377,-0.7567,-0.7727,133.3300202,0.000144071,0.161290363
exp912,0,0,0,0,0,13,14,9,0,34,34,-1.2,30,-0.3207,-0.4057,-0.4527,-0.4857,-0.5117,-0.5327,138.1463427,0.008264017,2.290820532
exp913,0,13,0,0,3,32,0,0,0,21,22,-1.5,143,-0.2877,-0.3367,-0.3607,-0.3777,-0.3907,-0.4017,87.28987703,0.001193404,2.740073702
exp914,0,0,0,0,20,10,9,0,0,0,31,-1.5,154,0.0043,-0.3037,-0.3327,-0.3477,-0.3587,-0.3667,382.0935143,3.140102071,51.65376084
exp915,0,10,0,0,0,10,35,15,0,0,0,-1.1,139,-0.3177,-0.4497,-0.4977,-0.5267,-0.5487,-0.5657,121.2736637,0.001170622,8.778986405
exp916,0,0,12,0,2,32,12,0,0,11,12,-1.2,153,0.0133,-0.2597,-0.2947,-0.3167,-0.3327,-0.3467,97.40670983,0.01708306,24.89197327
exp917,0,0,0,0,0,37,12,0,0,21,21,-1.3,90,-0.1717,-0.2697,-0.2967,-0.3157,-0.3307,-0.3447,94.30366551,0.011756226,18.15046927
exp918,0,0,0,0,0,39,11,0,0,10,20,-1.3,30,-0.2127,-0.2617,-0.2817,-0.2987,-0.3127,-0.3257,83.46064803,0.006448156,12.40784749
exp919,5,0,5,0,1,46,0,0,0,13,13,-1,180,-0.2037,-0.2667,-0.2977,-0.3197,-0.3377,-0.3517,99.12082512,0.018690001,6.417815612
exp920,4,0,0,0,1,42,0,0,0,23,23,-1.5,180,-0.6067,-0.6777,-0.7087,-0.7287,-0.7437,-0.7577,123.031392,7.10E-05,0.170816619
exp921,0,0,0,0,1,46,0,5,5,13,13,-1.5,180,-0.2627,-0.3087,-0.3317,-0.3477,-0.3607,-0.3727,87.40680006,0.002590145,6.855449703
exp922,0,0,4,0,1,52,0,0,0,13,13,-1,30,-0.1367,-0.2257,-0.2637,-0.2887,-0.3087,-0.3247,98.78652799,0.029917197,23.02225754
exp923,0,0,5,0,5,42,5,0,0,13,13,-1.5,30,-0.3357,-0.4027,-0.4367,-0.4587,-0.4757,-0.4907,112.1709309,0.001661227,1.449227868
exp924,0,0,0,0,5,52,0,0,0,13,13,-1,180,-0.2447,-0.2677,-0.2927,-0.3147,-0.3347,-0.3537,94.0555355,0.011093909,4.353637437
exp925,0,4,0,0,1,42,5,5,0,13,13,-1.4,30,-0.2177,-0.2597,-0.2757,-0.2887,-0.2997,-0.3097,74.64471766,0.003622546,11.9184091
exp926,5,0,0,0,5,42,0,5,0,13,13,-1.5,30,-0.1857,-0.2507,-0.2817,-0.3017,-0.3187,-0.3327,95.87491978,0.021314125,9.507203372
exp927,0,0,0,0,1,42,5,0,0,22,22,-1.5,30,-0.2487,-0.3147,-0.3427,-0.3617,-0.3767,-0.3907,97.91804084,0.004383725,4.100840328
exp928,0,0,0,0,1,52,4,0,0,13,13,-1,180,-0.2517,-0.2837,-0.3197,-0.3457,,-0.3827,106.9143909,0.014673573,2.870097742
exp929,5,5,4,0,1,42,0,0,0,13,13,-1.5,180,-0.2297,-0.2667,-0.2847,-0.2997,-0.3137,-0.3257,76.30422912,0.00288103,9.590299689
exp930,0,0,0,5,1,51,0,0,0,13,13,-1,180,-0.2647,-0.3097,-0.3307,-0.3437,-0.3557,-0.3647,78.64775709,0.001512973,4.671394526
exp931,0,0,0,0,1,52,4,0,0,13,13,-1.5,180,-0.2537,-0.2937,-0.3107,-0.3237,-0.3347,-0.3447,73.26857425,0.001146234,17.80220759
exp932,4,0,0,0,1,52,0,0,0,13,13,-1.5,30,-0.1507,-0.2357,-0.2517,-0.2627,-0.2727,-0.2807,73.16049176,0.008322913,22.41590477
exp933,0,0,4,0,11,42,0,0,0,13,13,-1,91,-0.3157,-0.3557,-0.3767,-0.3917,-0.4037,-0.4147,80.15376852,0.000347884,1.229064076
exp934,0,0,5,0,7,42,0,3,0,13,13,-1,30,-0.2337,-0.2677,-0.2847,-0.2977,-0.3087,-0.3197,74.4001354,0.002860657,8.255312457
exp935,0,0,0,0,11,42,2,0,2,13,13,-1,180,-0.3957,-0.4597,-0.4957,-0.5217,-0.5427,-0.5597,119.385159,0.001156151,0.318048242
exp936,4,0,0,0,1,52,0,0,0,13,13,-1.5,30,-0.3127,-0.4027,-0.4447,-0.4747,-0.4997,-0.5217,148.2035494,0.014079594,7.945854737
exp937,0,0,4,0,11,42,0,0,0,13,13,-1,151,-0.3177,-0.3567,-0.3777,-0.3917,-0.4037,-0.4137,80.76213021,0.000352684,1.153200184
exp938,0,0,4,0,1,52,0,0,0,13,13,-1,180,-0.2237,-0.2607,-0.2777,-0.2927,-0.3057,-0.3177,80.11869049,0.006161786,9.014097678
exp939,3,0,0,0,2,42,5,0,5,13,13,-1,30,-0.2647,-0.3127,-0.3397,-0.3597,-0.3777,-0.3917,95.76838338,0.004384943,3.001681718
exp940,0,0,0,0,1,52,4,0,0,13,13,-1.5,180,-0.6247,-0.6927,-0.7257,-0.7467,-0.7637,-0.7787,129.1841904,9.89E-05,0.138283386
exp941,0,0,0,0,11,42,0,0,4,13,13,-1.5,180,-0.2967,-0.3337,-0.3547,-0.3687,-0.3807,-0.3917,82.12837743,0.000876838,2.844770025
exp942,0,0,0,4,1,42,5,5,0,13,13,-1,30,-0.3497,-0.4187,-0.4527,-0.4817,-0.5077,-0.5307,124.6449125,0.002575439,3.385298523
exp943,0,5,0,0,1,46,0,0,5,13,13,-1,180,-0.5407,-0.5977,-0.6257,-0.6447,-0.6587,-0.6707,100.4241427,2.16E-05,0.487760111
exp944,0,0,0,0,11,46,0,0,0,13,13,-1,74,-0.6727,-0.7317,-0.7607,-0.7797,-0.7957,-0.8087,128.0035536,5.46E-05,0.118768509
exp945,0,0,0,0,11,46,0,0,0,13,13,-1,74,-0.2797,-0.3147,-0.3317,-0.3447,-0.3567,-0.3677,79.74968589,0.000916085,9.061272987
exp946,0,0,0,0,1,52,3,0,0,14,14,-1.5,30,-0.2717,-0.3077,-0.3457,-0.3757,-0.3997,-0.4227,113.2625216,0.014196886,2.262377827
exp947,0,5,0,0,1,51,0,0,0,13,13,-1,79,-0.5307,-0.6257,-0.6837,-0.7227,-0.7517,-0.7757,171.8630057,0.002068371,0.125105878
exp948,4,5,0,0,1,42,5,0,0,13,13,-1.5,30,-0.2487,-0.2857,-0.2997,-0.3107,-0.3197,-0.3267,69.92744882,0.001229969,10.41166045
exp949,0,5,0,5,1,42,0,0,4,13,13,-1,30,-0.4807,-0.5947,-0.6727,-0.7287,-0.7677,-0.7987,202.8856547,0.009929397,0.134788339
exp950,0,0,0,5,1,42,0,0,0,22,22,-1.5,30,-0.2817,-0.3087,-0.3467,-0.3757,-0.4017,-0.4257,122.1657851,0.022497447,3.084414885
exp951,0,0,0,0,11,42,4,0,0,13,13,-1.5,180,-0.2687,-0.3017,-0.3537,-0.4077,-0.4387,-0.4717,179.7239888,0.159260328,3.938124204
exp952,4,5,0,0,1,42,0,0,5,13,13,-1,30,-0.6327,-0.7407,-0.7847,-0.8127,-0.8327,-0.8497,160.1617215,0.000420387,0.10018973
exp953,0,0,0,0,5,52,0,0,0,13,13,-1.5,30,-0.2627,-0.2827,-0.2987,-0.3167,-0.3317,-0.3447,81.78773303,0.003429984,4.538343121
exp954,5,0,0,0,1,42,5,0,0,17,17,-1.3,180,-0.0097,-0.2137,-0.2537,-0.2647,-0.2707,-0.2757,171.2247156,1.971184634,74.89181408
exp955,0,0,5,0,1,51,0,0,0,13,13,-1,141,-0.2817,-0.3247,-0.3477,-0.3637,-0.3777,-0.3907,82.05035892,0.000883621,2.649223827
exp956,0,0,0,4,1,52,0,0,0,13,13,-1,30,-0.3317,-0.3717,-0.3917,-0.4047,-0.4157,-0.4257,73.51916367,7.19E-05,1.991123822
exp957,0,0,0,4,1,42,5,5,0,13,13,-1,180,-0.2687,-0.3417,-0.3797,-0.4057,-0.4267,-0.4437,124.2920804,0.013714796,4.79720581
exp958,0,0,0,0,1,42,0,1,3,23,23,-1,30,-0.4947,-0.6077,-0.6567,-0.6857,-0.7087,-0.7307,141.7117788,0.000519475,0.263279256
exp959,5,0,0,0,10,42,0,0,0,13,13,-1.5,30,-0.2637,-0.2957,-0.3137,-0.3277,-0.3397,-0.3497,78.99193587,0.002174019,7.648315948
exp960,0,0,0,0,1,52,0,0,0,17,17,-1,30,-0.3097,-0.3477,-0.3667,-0.3807,-0.3927,-0.4027,69.08922022,6.11E-05,1.958850771
exp961,0,0,0,0,1,51,0,0,5,13,13,-1.5,30,-0.3897,-0.4637,-0.5027,-0.5297,-0.5547,-0.5767,135.3938836,0.002473482,1.266622206
exp962,0,0,0,0,1,52,0,4,0,13,13,-1.5,180,-0.2987,-0.3617,-0.3977,-0.4287,-0.4587,-0.4867,130.3461635,0.010617239,1.375821913
exp963,0,5,0,0,1,46,0,5,0,13,13,-1.4,180,-0.3177,-0.3807,-0.4117,-0.4357,-0.4587,-0.4817,121.24094,0.004722889,1.2711289
exp964,0,0,5,0,1,42,0,0,5,17,17,-1,180,-0.2377,-0.3307,-0.3737,-0.4047,-0.4307,-0.4557,150.8636732,0.048360937,9.431940912
exp965,0,0,5,0,1,42,0,5,4,13,13,-1.5,30,-0.4927,-0.6127,-0.6787,-0.7147,-0.7397,-0.7587,160.6477263,0.001602869,0.149902628
exp966,0,4,0,0,1,52,0,0,0,13,13,-1,30,-0.3147,-0.3537,-0.3747,-0.3887,-0.3997,-0.4107,72.26130296,7.88E-05,1.589792001
exp967,0,0,0,0,1,52,0,0,0,17,17,-1,30,-0.3017,-0.3387,-0.3577,-0.3727,-0.3847,-0.3947,73.45615796,0.000171977,2.104400013
exp968,0,0,0,0,1,51,0,5,0,13,13,-1,180,-0.3397,-0.4047,-0.4367,-0.4617,-0.4847,-0.5037,116.2525355,0.002281003,1.33740878
exp969,5,0,5,0,5,42,0,0,0,13,13,-1.5,30,-0.2967,-0.3337,-0.3537,-0.3677,-0.3787,-0.3887,81.39574217,0.000856677,2.609211144
exp970,4,0,0,0,1,42,0,0,0,23,23,-1.5,142,-0.5797,-0.6767,-0.7217,-0.7497,-0.7727,-0.7917,157.8609263,0.000855297,0.140923187
exp971,0,0,0,0,5,52,0,0,0,13,13,-1,30,-0.3637,-0.4397,-0.4767,-0.4987,-0.5157,-0.5307,116.1295863,0.00164716,0.477155021
exp972,0,0,0,0,1,46,0,0,0,23,23,-1.3,30,-0.3397,-0.3837,-0.4057,-0.4207,-0.4327,-0.4417,83.17797964,0.000309889,0.383416675
exp973,5,0,0,2,1,42,2,0,5,13,13,-1.5,30,-0.6947,-0.7577,-0.7887,-0.8107,-0.8277,-0.8427,140.730332,9.17E-05,0.124090745
exp974,5,0,0,5,1,46,0,0,0,13,13,-1.5,180,-0.5107,-0.5907,-0.6357,-0.6667,-0.6917,-0.7107,135.2015457,0.000462263,0.290811518
exp975,4,0,0,0,1,52,0,0,0,13,13,-1,180,-0.6777,-0.7567,-0.7957,-0.8217,-0.8427,-0.8617,150.4191555,0.000182594,0.119532556
exp976,0,0,4,0,11,42,0,0,0,13,13,-1,30,-0.2787,-0.3117,-0.3287,-0.3407,-0.3507,-0.3587,70.76867017,0.00060654,5.237338094
exp977,0,0,0,5,1,42,0,5,4,13,13,-1.5,30,-0.7037,-0.7677,-0.8007,-0.8227,-0.8407,-0.8547,141.5728402,8.78E-05,0.120088762
exp978,0,4,0,0,1,52,0,0,0,13,13,-1.5,114,-0.3107,-0.3577,-0.3837,-0.4027,-0.4187,-0.4337,98.75401153,0.002540886,1.194251263
exp979,0,0,0,0,28,1,0,0,0,0,41,-1,85,-0.6697,-0.7427,-0.7827,-0.8097,-0.8317,-0.8507,149.1712975,0.000153556,0.103611784
exp980,0,0,0,20,28,4,18,0,0,0,0,-1.5,30,-0.5847,-0.6757,-0.7237,-0.7537,-0.7767,-0.7957,141.0973583,0.000178343,0.166598021
exp981,0,0,28,20,0,2,20,0,0,0,0,-1.2,122,-0.6327,-0.7327,-0.7737,-0.7997,-0.8197,-0.8377,144.8349596,9.40E-05,0.112929309
exp982,9,0,0,0,28,0,0,20,0,13,13,-1.5,180,-0.2817,-0.3497,-0.3847,-0.4087,-0.4287,-0.4457,110.685137,0.005159609,8.161233297
exp983,0,10,0,0,28,0,0,20,12,0,0,-1.5,180,-0.2047,-0.3027,-0.3327,-0.3517,-0.3667,-0.3807,357.7063822,1.970338002,31.16731521
exp984,0,0,0,0,28,20,0,20,0,0,2,-1.5,180,-0.1687,-0.2787,-0.3097,-0.3287,-0.3437,-0.3567,79.79302723,0.002026352,33.79661199
exp985,20,0,0,0,15,15,20,0,0,0,0,-1.5,30,-0.6617,-0.7307,-0.7627,-0.7837,-0.7987,-0.8117,117.0743341,1.92E-05,0.115036098
exp986,0,0,0,0,13,16,14,2,0,25,25,-1.5,180,-0.3587,-0.4377,-0.4797,-0.5077,-0.5287,-0.5477,133.5658632,0.004241399,2.566367229
exp987,0,0,21,0,9,10,7,0,0,0,23,-1,163,-0.4187,-0.4727,-0.4997,-0.5167,-0.5307,-0.5427,96.87960432,0.000104739,1.898294617
exp988,0,0,0,0,27,0,0,19,0,0,24,-1.5,30,-0.3707,-0.4397,-0.4717,-0.4947,-0.5147,-0.5317,108.077205,0.000562801,4.875943424
exp989,7,20,0,20,2,0,20,0,1,0,0,-1.2,180,-0.6807,-0.7657,-0.8067,-0.8327,-0.8527,-0.8697,142.9047647,8.94E-05,0.115225826
exp990,0,0,0,20,9,20,6,0,0,15,15,-1.5,180,-0.0317,-0.3257,-0.3447,-0.3557,-0.3637,-0.3707,290.5281147,2.515157649,63.67267241
exp991,0,0,4,0,10,20,0,0,0,0,36,-1.5,144,-0.3287,-0.3767,-0.3877,-0.3987,-0.4117,-0.4257,92.36843227,0.001504601,14.44874491
exp992,0,0,28,0,26,0,16,0,0,0,0,-1.5,180,-0.4037,-0.4377,-0.4547,-0.4697,-0.4837,-0.4977,108.5480131,0.001420398,23.24607807
exp993,0,0,19,0,16,0,0,0,0,35,35,-1.3,30,-0.3477,-0.3767,-0.3967,-0.4137,-0.4297,-0.4467,79.18999625,0.000157342,4.533879072
exp994,0,0,11,20,19,0,0,0,0,20,20,-1.5,180,-0.0517,-0.0687,-0.0207,-0.0117,-0.1437,-0.1687,54.32846954,816627.2425,78.97508052
exp995,0,0,28,0,16,0,0,0,0,26,26,-1.3,180,-0.1317,-0.3567,-0.3677,-0.3747,-0.3807,-0.3867,363.1423152,3.027613771,80.50561729
exp996,0,0,0,0,11,15,20,0,0,0,24,-1.4,180,-0.0007,-0.3317,-0.3577,-0.3707,-0.3807,-0.3887,398.9268867,2.853732939,47.33199551
exp997,20,0,0,20,28,2,0,0,0,0,0,-1.4,130,-0.5977,-0.6787,-0.7197,-0.7457,-0.7647,-0.7817,130.9646545,0.000110735,0.126100196
exp998,0,0,28,20,0,20,2,0,0,0,0,-1.5,180,-0.0337,-0.0937,-0.2517,-0.3747,-0.3867,-0.3957,305.5872686,51.62962321,102.9484916
exp999,0,0,0,0,0,20,0,20,0,0,30,-1.5,180,-0.2247,-0.2917,-0.3237,-0.3467,-0.3657,-0.3827,109.4517677,0.01814127,7.042699788
exp1000,0,20,28,0,22,0,0,0,0,0,0,-1.5,180,-0.3687,-0.4317,-0.4687,-0.4967,-0.5197,-0.5397,117.0274528,0.001375778,3.841107382
exp1001,0,3,0,0,17,20,1,0,0,0,29,-1.3,180,-0.0087,-0.2657,-0.3167,-0.3337,-0.3457,-0.3557,266.2313527,2.48851787,71.24698245
exp1002,0,0,14,20,28,0,0,0,0,0,8,-1.4,180,-0.0337,-0.0767,-0.2807,-0.2037,-0.4107,-0.4157,299.835994,56.53169154,97.33815074
exp1003,0,0,14,20,16,20,0,0,0,0,0,-1.5,30,-0.0447,-0.3797,-0.3967,-0.4047,-0.4117,-0.4197,415.3610077,3.080570266,52.01093091
exp1004,0,0,0,0,28,0,8,20,0,0,14,-1.4,180,-0.2147,-0.3097,-0.3407,-0.3617,-0.3787,-0.3937,92.36004899,0.003154179,27.0062419
exp1005,0,0,0,20,20,18,0,0,0,0,12,-1.5,180,-0.0397,-0.0617,-0.0977,-0.2827,-0.3697,-0.3957,165.9108304,282.8655104,116.6450219
exp1006,0,0,0,0,28,0,0,10,0,0,32,-1.5,180,-0.3067,-0.3867,-0.4217,-0.4457,-0.4647,-0.4817,111.8530176,0.002586379,14.65999391
exp1007,0,0,28,0,9,0,5,0,0,0,28,-1.3,30,-0.4527,-0.5047,-0.5307,-0.5487,-0.5637,-0.5767,97.18590811,5.43E-05,2.197372091
exp1008,0,1,0,0,22,10,0,0,0,0,37,-1.5,30,-0.3227,-0.3837,-0.4087,-0.4267,-0.4397,-0.4527,93.99533001,0.000890889,9.951980738
exp1009,0,0,0,20,25,5,0,20,0,0,0,-1.5,162,-0.0537,-0.2487,-0.3657,-0.3897,-0.4097,-0.4277,228.1754981,1.676958198,46.0159948
exp1010,0,0,0,20,24,0,0,20,0,0,6,-1.5,180,-0.0167,-0.1817,-0.3617,-0.3857,-0.4047,-0.4227,90.07633427,0.12183877,47.27850323
exp1011,0,0,0,20,26,20,0,0,0,4,4,-1.3,180,-0.0487,-0.0877,-0.1547,-0.3427,-0.3757,-0.3867,242.3222331,73.82689954,82.98855634
exp1012,0,0,28,0,13,20,3,6,0,0,0,-1.5,78,-0.1667,-0.2487,-0.2787,-0.2987,-0.3137,-0.3267,79.55273025,0.004859676,28.28428007
exp1013,0,0,27,0,25,0,0,18,0,0,0,-1.5,33,-0.2827,-0.3487,-0.3827,-0.4057,-0.4237,-0.4397,109.3989263,0.005300359,8.303335147
exp1014,0,0,8,0,16,20,0,0,0,26,26,-1.5,112,-0.2977,-0.3307,-0.3677,-0.3967,-0.4227,-0.4437,114.8294844,0.009223915,4.698992293
exp1015,0,0,17,0,27,0,0,0,0,0,26,-1.3,180,-0.1057,-0.4117,-0.4257,-0.4347,-0.4407,-0.4457,430.6389255,2.741006451,69.86372485
exp1016,0,0,0,0,19,20,20,11,0,0,0,-1.5,171,-0.0177,-0.2497,-0.2827,-0.3027,-0.3187,-0.3317,74.52811335,0.002221152,46.88739999
exp1017,0,14,28,0,28,0,0,0,0,0,0,-1.4,109,-0.3297,-0.4117,-0.4467,-0.4707,-0.4897,-0.5047,112.6566572,0.001531665,7.211170427
exp1018,0,0,0,0,6,20,0,0,0,4,44,-1.5,30,-0.2977,-0.3207,-0.3417,-0.3677,-0.3907,-0.4107,105.553095,0.008374291,4.903372094
exp1019,0,20,0,0,12,0,0,6,0,33,32,-1.5,180,-0.4717,-0.5397,-0.5857,-0.6177,-0.6437,-0.6627,117.2906876,0.000220741,0.557790364
exp1020,0,0,0,20,25,0,0,0,0,25,25,-1.3,30,-0.0317,-0.3697,-0.3987,-0.4067,-0.4117,-0.4167,290.9927439,2.368001355,68.08306766
exp1021,20,14,0,0,28,0,3,0,4,0,1,-1.3,180,-0.3247,-0.3967,-0.4297,-0.4527,-0.4717,-0.4887,120.5136173,0.003016849,8.193176113
exp1022,0,0,0,0,27,0,0,10,0,33,33,-1.2,180,-0.4257,-0.5047,-0.5417,-0.5647,-0.5837,-0.5997,109.9697445,0.000146008,5.821587547
exp1023,0,0,0,20,19,11,0,20,0,0,0,-1.5,180,-0.0567,0.0003,-0.3647,-0.3887,-0.4087,-0.4257,1.316158654,1.06E+139,50.44353478
exp1024,0,0,0,20,10,11,3,14,0,0,12,-1.5,180,-0.0537,-0.1497,-0.2127,-0.3597,-0.3817,-0.3977,78.24918311,3413.363191,61.70059017
exp1025,0,0,11,0,23,16,0,20,0,0,0,-1.5,180,-0.2317,-0.3087,-0.3417,-0.3647,-0.3837,-0.4007,100.3619506,0.006548683,18.97539019
exp1026,11,0,21,0,27,0,0,10,0,0,1,-1.5,81,-0.3047,-0.3747,-0.4077,-0.4297,-0.4487,-0.4657,112.5536822,0.002833757,7.254997089
exp1027,0,20,0,0,24,9,0,16,0,0,1,-1.5,180,-0.1757,-0.2887,-0.3197,-0.3407,-0.3577,-0.3717,112.8700773,0.022186754,27.78993047
exp1028,0,0,0,0,14,18,20,17,0,0,1,-1.2,180,-0.2347,-0.3147,-0.3487,-0.3707,-0.3897,-0.4047,102.9530668,0.005622472,19.34331876
exp1029,0,0,6,20,17,10,0,17,0,0,0,-1.5,180,-0.0287,-0.1277,-0.2037,0.0133,-0.3287,-0.3427,114.4761939,183.9838537,105.9404563
exp1030,0,9,21,0,0,20,20,0,0,0,0,-1.5,151,-0.3597,-0.4387,-0.4777,-0.5067,-0.5287,-0.5467,123.7026549,0.002607517,3.02370365
exp1031,0,0,28,20,2,20,0,0,0,0,0,-1.5,180,-0.0437,-0.0137,-0.1317,-0.1987,-0.3477,-0.4067,118.6332242,1850.345121,120.1795215
exp1032,0,0,28,0,15,0,0,0,0,23,27,-1,180,-0.3047,-0.3447,-0.3617,-0.3737,-0.3847,-0.3947,71.69456159,0.00015599,20.55896594
exp1033,0,0,23,0,27,20,0,0,0,0,0,-1.5,180,-0.0107,-0.3617,-0.3977,-0.4097,-0.4157,-0.4207,307.8673896,2.582729455,81.64651391
exp1034,0,0,0,0,9,20,0,3,0,0,38,-1.5,136,-0.1957,-0.2677,-0.2957,-0.3147,-0.3297,-0.3427,83.28757475,0.004512342,20.90628909
exp1035,0,0,0,20,23,0,0,0,0,0,27,-1.2,180,-0.0657,-0.3917,-0.4107,-0.4247,-0.4377,-0.4487,520.6550982,3.043585698,34.582176
exp1036,0,0,28,0,6,0,0,0,0,0,36,-1.5,69,-0.4877,-0.5617,-0.6007,-0.6257,-0.6437,-0.6577,110.0592042,8.26E-05,0.503007127
exp1037,0,10,0,0,22,20,18,0,0,0,0,-1.5,156,-0.3267,-0.3907,-0.4107,-0.4257,-0.4397,-0.4547,105.21139,0.002585678,14.77831088
exp1038,20,0,1,0,19,13,0,0,0,0,17,-1.5,88,-0.6897,-0.7457,-0.7747,-0.7947,-0.8117,-0.8267,121.9642563,1.62E-05,0.101051024
exp1039,0,5,11,15,14,0,0,0,0,25,25,-1.5,180,-0.0457,-0.0347,-0.0707,-0.0907,-0.0147,-0.1367,26.21905554,1.00789E+11,162.8775973
exp1040,0,0,6,20,24,0,0,5,0,15,15,-1.5,30,-0.2807,-0.3597,-0.3937,-0.4177,-0.4367,-0.4557,303.313313,0.745142649,12.2056842
exp1041,0,0,16,15,24,0,0,0,0,15,15,-1,180,-0.3387,-0.3817,-0.4037,-0.4197,-0.4327,-0.4437,81.95451496,0.00019011,2.050978272
exp1042,0,0,16,15,14,5,5,0,0,15,15,-1,180,-0.3177,-0.3657,-0.3917,-0.4117,-0.4287,-0.4447,94.88246585,0.001226199,6.489842729
exp1043,0,0,6,15,24,0,0,5,0,20,20,-1.5,50,-0.2627,-0.3397,-0.3737,-0.3967,-0.4157,-0.4327,108.4612857,0.005610152,17.0786462
exp1044,0,0,11,25,14,5,0,0,0,15,15,-1,53,-0.4297,-0.4897,-0.5207,-0.5407,-0.5557,-0.5697,104.3966539,0.000180908,0.485947662
exp1045,0,0,16,15,14,0,0,0,0,25,25,-1,180,-0.2927,-0.3317,-0.3507,-0.3637,-0.3747,-0.3847,78.56338687,0.000691685,6.354580956
exp1046,0,0,16,15,19,5,0,0,0,15,15,-1.5,30,-0.3797,-0.4047,-0.4527,-0.4917,-0.5237,-0.5547,148.7143889,0.014327628,5.588220587
exp1047,0,0,16,15,24,0,0,0,0,15,15,-1,180,-0.2787,-0.3067,-0.3227,-0.3347,-0.3437,-0.3517,70.88519786,0.00074087,14.82459776
exp1048,0,0,16,15,14,0,0,0,0,25,25,-1,30,-0.4017,-0.4587,-0.4877,-0.5077,-0.5237,-0.5367,103.108804,0.000338754,0.211681773
exp1049,0,0,6,25,24,0,0,0,0,15,15,-1,180,-0.2857,-0.3227,-0.3417,-0.3557,-0.3657,-0.3757,77.73212929,0.000763825,8.414166135
exp1050,0,0,12,15,14,0,5,0,5,15,19,-1.5,30,-0.5077,-0.5747,-0.6127,-0.6417,-0.6637,-0.6827,118.5628929,0.000119122,2.124703223
exp1051,0,0,6,25,24,0,0,0,0,15,15,-1,30,-0.4347,-0.4997,-0.5347,-0.5577,-0.5777,-0.5947,119.1351941,0.000478527,0.295998829
exp1052,5,0,6,15,14,5,0,5,5,15,15,-1.5,180,-0.2127,-0.4487,-0.4967,-0.5357,-0.5747,-0.6077,579.3237731,1.873242685,15.57112459
exp1053,5,0,6,25,19,0,0,0,0,15,15,-1,30,-0.6587,-0.7167,-0.7447,-0.7627,-0.7767,-0.7897,114.2611684,1.60E-05,0.099355324
exp1054,0,0,6,25,14,0,0,0,0,25,25,-1.5,30,0.0023,-0.3407,-0.4297,-0.4357,-0.4407,-0.4437,19.91170029,1658853489,80.85426473
exp1055,5,0,6,25,14,5,0,0,0,15,15,-1.5,180,-0.0347,-0.0517,-0.0827,-0.1207,-0.1597,-0.2027,50.03618348,1546180.713,160.6521828
exp1056,0,5,6,15,24,0,0,1,0,19,19,-1,30,-0.4597,-0.5077,-0.5307,-0.5477,-0.5607,-0.5727,88.03729333,1.89E-05,2.522172986
exp1057,0,0,6,25,24,0,0,0,0,15,15,-1,30,-0.4097,-0.4697,-0.5007,-0.5217,-0.5377,-0.5527,105.7289417,0.000341088,0.189956817
exp1058,0,0,16,15,14,5,0,5,0,15,15,-1,180,-0.6007,-0.6647,-0.6967,-0.7187,-0.7367,-0.7527,118.6886717,5.96E-05,0.117873113
exp1059,0,0,6,15,24,0,1,5,0,19,19,-1.5,30,-0.3297,-0.4057,-0.4377,-0.4577,-0.4747,-0.4897,107.0025596,0.001028682,8.415928623
exp1060,0,0,6,25,14,0,0,5,0,20,20,-1.5,180,-0.0457,-0.1887,-0.4007,-0.4237,-0.4447,-0.4647,76.06163456,4990.261934,25.50576628
exp1061,0,0,6,15,24,3,0,0,0,22,22,-1.5,180,-0.3837,-0.4167,-0.4467,-0.4717,-0.4937,-0.5137,106.4022768,0.001004078,4.969040741
exp1062,0,0,6,25,14,5,0,0,0,20,20,-1,133,-0.3107,-0.3507,-0.3717,-0.3857,-0.3967,-0.4067,77.11889069,0.00028446,2.433965533
exp1063,0,0,7,25,14,0,0,0,0,24,24,-1.5,180,-0.4137,-0.4467,-0.4727,-0.4917,-0.5077,-0.5227,84.86491933,4.76E-05,4.545110767
exp1064,0,0,6,25,14,5,0,5,0,15,15,-1,30,-0.6777,-0.7457,-0.7817,-0.8057,-0.8237,-0.8407,140.589416,0.000117367,0.094054845
exp1065,0,0,6,25,24,0,0,0,0,15,15,-1.5,30,-0.1137,-0.4217,-0.4317,-0.4447,-0.4647,-0.4897,102.0941585,0.001489285,22.73355426
exp1066,0,0,16,25,14,0,0,0,0,15,15,-1.5,180,-0.0657,-0.0857,-0.1127,-0.0187,-0.1677,-0.1937,55.42104624,691134.375,90.6490937
exp1067,5,0,16,15,19,0,0,0,0,15,15,-1,30,-0.5347,-0.6187,-0.6597,-0.6857,-0.7057,-0.7217,128.4207668,0.000202724,0.088768292
exp1068,0,0,6,20,24,5,0,0,0,15,15,-1,30,-0.3907,-0.4457,-0.4757,-0.4967,-0.5147,-0.5297,102.2772893,0.000369048,0.396382267
exp1069,0,0,16,18,14,5,0,0,0,17,17,-1.5,30,-0.0547,-0.3637,-0.3747,-0.3807,-0.3877,-0.3957,439.8165775,2.981068293,43.72006078
exp1070,0,0,16,15,24,0,0,0,0,15,15,-1,30,-0.4087,-0.4647,-0.4937,-0.5137,-0.5307,-0.5447,102.1977448,0.000286685,0.168735379
exp1071,0,5,6,15,14,0,5,0,0,15,25,-1.5,45,-0.0067,-0.1017,-0.3267,-0.3597,-0.3747,-0.3827,291.7894793,49.33707577,106.9426976
exp1072,0,0,6,25,15,5,3,0,0,15,16,-1,30,-0.4647,-0.5027,-0.5227,-0.5377,-0.5497,-0.5607,87.73078727,2.62E-05,2.499176807
exp1073,0,5,11,25,14,0,0,0,0,15,15,-1.1,30,-0.4667,-0.5307,-0.5667,-0.5907,-0.6097,-0.6257,116.5671517,0.000246166,0.107906899
exp1074,0,0,16,15,14,0,5,5,0,15,15,-1.5,180,-0.3127,-0.3917,-0.4267,-0.4507,-0.4707,-0.4887,114.3617316,0.002133727,11.99872871
exp1075,0,0,11,15,14,0,0,0,5,25,25,-1,30,-0.6837,-0.7367,-0.7597,-0.7747,-0.7857,-0.7947,112.9629746,1.79E-05,0.097101452
exp1076,0,0,6,25,14,0,5,5,0,15,15,-1,30,-0.6647,-0.7157,-0.7397,-0.7547,-0.7667,-0.7777,93.60977559,6.61E-07,0.104891244
exp1077,0,0,6,25,14,0,0,0,0,25,25,-1.2,30,-0.1947,-0.3737,-0.3957,-0.4107,-0.4217,-0.4317,77.54223882,0.000141116,20.57034177
exp1078,5,0,16,15,14,0,0,0,0,20,20,-1.5,30,-0.1007,-0.3917,-0.4047,-0.4147,-0.4247,-0.4377,499.0860712,2.699461746,30.66642512
exp1079,0,0,6,23,21,0,0,0,5,15,15,-1,30,-0.6427,-0.6967,-0.7227,-0.7387,-0.7517,-0.7617,104.8505223,1.01E-05,0.115850849
exp1080,0,0,16,15,15,0,0,0,0,24,24,-1.5,30,-0.0827,-0.4127,-0.4197,-0.4247,-0.4307,-0.4387,387.8869469,1.672748132,31.46324713
exp1081,0,0,16,15,22,0,0,0,0,17,17,-1.5,30,-0.4257,-0.5027,-0.5687,-0.6277,-0.6627,-0.6947,192.5019036,0.020213512,2.721405752
exp1082,0,0,6,25,24,0,0,0,0,15,15,-1,30,-0.4057,-0.4607,-0.4897,-0.5087,-0.5247,-0.5387,98.39531022,0.000160696,0.369399242
exp1083,0,5,11,25,14,0,0,0,0,15,15,-1,180,-0.4247,-0.4877,-0.5217,-0.5467,-0.5667,-0.5827,115.4644735,0.000437127,0.277625758
exp1084,0,0,6,25,24,0,0,0,0,15,15,-1,180,-0.2677,-0.2987,-0.3137,-0.3247,-0.3337,-0.3417,70.21980255,0.000823466,22.74434811
exp1085,0,5,6,15,24,0,5,0,0,15,15,-1.5,180,-0.0417,-0.0547,-0.0697,-0.0877,-0.1107,-0.1357,29.92426587,1551816872,165.8653374
exp1086,0,0,10,15,14,0,0,5,0,15,26,-1.5,180,-0.0627,-0.1757,-0.3687,-0.3927,-0.4127,-0.4307,26.53548406,90896713.84,45.46252573
exp1087,0,0,6,15,14,0,0,5,0,25,30,-1,30,-0.6817,-0.7407,-0.7717,-0.7917,-0.8087,-0.8227,125.3908018,3.01E-05,0.101148874
exp1088,0,0,6,15,24,5,0,0,5,15,15,-1.5,34,-0.4837,-0.5647,-0.6027,-0.6267,-0.6467,-0.6627,109.567203,6.02E-05,4.406300144
exp1089,0,0,6,25,24,0,0,0,0,15,15,-1,180,-0.2897,-0.3187,-0.3357,-0.3477,-0.3577,-0.3667,69.99286766,0.000411399,7.469693296
exp1090,5,0,6,15,24,0,0,0,0,20,20,-1.5,30,-0.0207,-0.1057,-0.3487,-0.3787,-0.3877,-0.3947,250.6931402,55.07290133,92.95384785
exp1091,0,0,6,15,24,0,0,0,0,25,25,-1.5,30,-0.0717,-0.3987,-0.4067,,-0.4157,-0.4197,493.8302296,2.98622279,40.41118804
exp1092,0,0,6,15,24,0,0,0,0,25,25,-1.5,30,-0.0687,-0.3987,-0.4047,-0.4097,-0.4137,-0.4177,490.4958689,3.065567624,43.31263749
exp1093,0,0,6,25,24,0,0,0,0,15,15,-1,180,-0.2697,-0.2977,-0.3117,-0.3217,-0.3307,-0.3387,70.14361834,0.000963698,23.48193319
exp1094,0,0,6,25,14,0,4,0,0,21,21,-1,30,-0.5157,-0.5657,-0.5897,-0.6067,-0.6197,-0.6317,96.73635001,1.85E-05,1.687133787
exp1095,0,0,11,15,24,0,0,0,5,15,15,-1.5,180,-0.1657,-0.3657,-0.4147,-0.4487,-0.4767,-0.5027,447.1017699,1.813206899,18.79478098
exp1096,0,0,16,15,24,0,0,0,0,15,15,-1,30,-0.4017,-0.4647,-0.4967,-0.5187,-0.5357,-0.5497,106.1105079,0.000335961,0.42020596
exp1097,0,0,16,15,14,5,0,0,5,15,15,-1.5,30,-0.4907,-0.5677,-0.6027,-0.6267,-0.6457,-0.6617,105.034985,3.19E-05,3.823106684
exp1098,0,0,6,15,24,0,0,5,0,20,20,-1.5,30,-0.3817,-0.4587,-0.4927,-0.5157,-0.5347,-0.5537,109.5088352,0.00032031,3.719524226
exp1099,8,0,20,0,0,4,25,0,0,5,13,-1,30,-0.5897,-0.6777,-0.7197,-0.7457,-0.7667,-0.7837,153.4121205,0.000376058,0.136475901
exp1100,0,0,0,0,20,0,25,20,0,5,5,-1.5,180,-0.1877,-0.3007,-0.3347,-0.3557,-0.3727,-0.3877,93.73449063,0.003589309,30.27415628
exp1101,17,16,0,0,7,0,25,0,0,5,5,-1.5,30,-0.5257,-0.5937,-0.6287,-0.6527,-0.6717,-0.6887,126.4094351,0.000247255,0.513225149
exp1102,0,20,0,0,0,12,25,0,0,13,13,-1,180,-0.5437,-0.6077,-0.6397,-0.6607,-0.6787,-0.6937,123.0528885,0.000178384,0.769499789
exp1103,0,0,0,0,20,7,25,13,0,5,5,-1.5,180,-0.0337,-0.2457,-0.2777,-0.2987,-0.3147,-0.3277,81.09762495,0.005192323,41.66469821
exp1104,0,0,0,0,6,20,39,0,0,5,5,-1.4,30,-0.3137,-0.4057,-0.4557,-0.4857,-0.5067,-0.5237,131.7157812,0.005912969,2.480808799
exp1105,0,0,0,0,17,20,25,0,0,5,8,-1.5,180,-0.2007,-0.2877,-0.3127,-0.3287,-0.3407,-0.3507,77.53122284,0.001980123,20.04626742
exp1106,0,0,0,0,1,20,25,19,0,5,5,-1.5,109,-0.1647,-0.2397,-0.2747,-0.2967,-0.3137,-0.3287,100.3992037,0.028279968,14.9242249
exp1107,0,0,0,0,0,19,25,0,0,5,26,-1.4,74,-0.3087,-0.4077,-0.4657,-0.5017,-0.5257,-0.5447,149.9751563,0.012081622,2.873560145
exp1108,0,0,0,0,15,16,25,7,0,5,7,-1.5,180,0.0013,-0.2077,-0.2397,-0.2587,-0.2717,-0.2827,316.7570881,2.801179065,56.06623227
exp1109,0,0,0,0,20,17,25,3,0,5,5,-1.5,180,-0.0837,-0.2457,-0.2797,-0.2997,-0.3147,-0.3277,80.47203102,0.004204613,39.58911463
exp1110,0,10,0,0,10,0,25,0,0,5,25,-1.2,114,-0.5737,-0.6517,-0.6817,-0.6997,-0.7137,-0.7257,111.0268546,2.94E-05,0.752511571
exp1111,0,0,0,20,12,0,25,0,0,5,13,-1.5,30,-0.4137,-0.4767,-0.5047,-0.5217,-0.5367,-0.5487,104.822022,0.0003485,1.648920576
exp1112,0,8,0,0,6,0,25,0,0,31,31,-1,150,-0.6057,-0.6827,-0.7247,-0.7537,-0.7747,-0.7917,141.5758189,0.000208982,0.447430132
exp1113,0,0,0,20,16,4,25,0,0,5,5,-1.5,180,-0.0117,-0.2707,-0.3607,-0.3797,-0.3887,-0.3937,217.3495594,61.32468406,124.4584964
exp1114,20,0,0,0,0,8,37,0,0,5,5,-1,130,-0.6617,-0.7797,-0.8267,-0.8527,-0.8697,-0.8827,158.3586095,0.000195379,0.40954486
exp1115,0,16,0,0,4,0,25,20,0,5,5,-1.5,180,-0.3707,-0.4867,-0.5347,-0.5637,-0.5827,-0.5977,129.7764827,0.001542448,6.145238678
exp1116,0,16,0,0,0,0,29,0,20,5,5,-1,30,-0.6647,-0.7417,-0.7747,-0.7947,-0.8117,-0.8247,128.1226193,3.07E-05,1.0023691
exp1117,0,0,0,0,3,18,25,19,0,5,5,-1.5,180,-0.1487,-0.2467,-0.2797,-0.3007,-0.3167,-0.3307,85.40876439,0.008086771,30.85021913
exp1118,0,0,12,0,0,20,25,0,0,13,13,-1.3,30,-0.3147,-0.4017,-0.4607,-0.5037,-0.5357,-0.5597,147.450793,0.006927462,2.482854049
exp1119,0,0,0,0,0,0,65,0,0,5,5,-1,114,-0.5637,-0.6507,-0.6927,-0.7197,-0.7397,-0.7557,131.3597983,0.000111058,1.019731139
exp1120,20,0,0,0,20,0,25,0,0,5,5,-1.4,30,-0.6307,-0.6807,-0.7037,-0.7187,-0.7307,-0.7407,101.055678,7.90E-06,0.1884309
exp1121,0,0,0,0,0,20,25,0,0,5,25,-1.4,163,-0.3497,-0.4137,-0.4497,-0.4737,-0.4927,-0.5087,104.2743068,0.000810149,2.378165775
exp1122,0,0,20,0,20,0,25,0,0,5,5,-1,127,-0.4707,-0.5477,-0.5907,-0.6197,-0.6417,-0.6597,147.336981,0.003021923,0.872637614
exp1123,0,0,0,0,0,20,43,2,0,5,5,-1.5,63,-0.3977,-0.4767,-0.5147,-0.5407,-0.5617,-0.5817,131.2040117,0.001654821,2.049995073
exp1124,0,0,3,0,17,0,25,20,0,5,5,-1.5,180,-0.2187,-0.3287,-0.3647,-0.3877,-0.4057,-0.4217,98.29024541,0.002596012,28.99809935
exp1125,0,0,0,0,18,5,25,6,0,5,16,-1.5,180,-0.0327,-0.2967,-0.3307,-0.3497,-0.3657,-0.3787,161.8053672,0.124869754,41.17384991
exp1126,0,7,0,20,11,2,25,0,0,5,5,-1.5,70,-0.4527,-0.5237,-0.5507,-0.5667,-0.5807,-0.5917,105.8608654,0.000193796,3.514171082
exp1127,0,0,19,0,0,20,26,0,0,5,5,-1.3,180,-0.3197,-0.3897,-0.4227,-0.4437,-0.4597,-0.4737,105.3083394,0.001737698,7.54781303
exp1128,0,20,4,0,9,3,25,0,0,9,9,-1,180,-0.4557,-0.5467,-0.5927,-0.6247,-0.6497,-0.6707,160.6408433,0.004939273,1.775077829
exp1129,0,0,20,0,4,0,30,0,0,5,16,-1,30,-0.5567,-0.6577,-0.7137,-0.7487,-0.7747,-0.7967,186.1425291,0.003768174,0.419800889
exp1130,0,0,7,0,0,20,25,0,0,18,18,-1.2,98,-0.3207,-0.3807,-0.4077,-0.4257,-0.4407,-0.4517,96.67902072,0.001171233,3.755095014
exp1131,14,0,0,0,0,0,31,0,20,5,5,-1,30,-0.7037,-0.7827,-0.8197,-0.8427,-0.8607,-0.8757,139.5051555,6.40E-05,0.174319822
exp1132,0,0,0,0,7,0,27,0,0,35,36,-1.5,30,-0.5687,-0.6647,-0.7117,-0.7407,-0.7627,-0.7817,155.5712968,0.000812188,0.32530699
exp1133,0,0,1,0,20,19,25,0,0,5,5,-1.5,172,-0.1117,-0.2907,-0.3047,-0.3137,-0.3207,-0.3267,346.8401793,3.043697296,41.53564887
exp1134,0,0,0,0,0,3,25,0,0,42,42,-1,180,-0.4117,-0.4717,-0.5027,-0.5247,-0.5427,-0.5587,109.3476265,0.000310999,0.949680061
exp1135,0,0,0,20,1,19,25,0,0,5,5,-1.5,180,-0.0117,-0.3287,-0.3447,-0.3527,-0.3577,-0.3617,149.2212504,1.026323868,91.8663368
exp1136,0,0,0,0,0,20,25,0,0,25,25,-1.3,30,-0.3317,-0.3707,-0.3927,-0.4087,-0.4217,-0.4327,77.00713596,0.000116004,2.832344257
exp1137,0,0,17,0,3,20,25,0,0,5,5,-1.1,180,-0.3327,-0.3747,-0.3987,-0.4157,-0.4297,-0.4417,83.17510334,0.000249002,2.873451273
exp1138,0,20,0,0,11,0,34,0,0,5,5,-1.4,48,-0.3897,-0.4477,-0.4777,-0.4987,-0.5147,-0.5297,107.1744986,0.000417437,0.727608239
exp1139,0,0,5,19,0,16,25,0,0,5,5,-1.4,180,-0.0537,-0.3597,-0.3727,-0.3807,-0.3867,-0.3927,398.0945473,2.214752454,42.08872187
exp1140,0,0,0,0,6,20,25,0,0,5,19,-1.4,180,-0.2937,-0.3187,-0.3287,-0.3367,-0.3447,-0.3537,65.26401509,0.000237431,7.773121335
exp1141,0,0,20,0,0,20,25,0,0,5,5,-1.5,132,-0.3407,-0.3797,-0.4067,-0.4267,-0.4437,-0.4587,88.52279781,0.000286647,1.499929313
exp1142,0,12,0,0,9,0,37,7,0,5,5,-1.5,30,-0.4057,-0.5117,-0.5577,-0.5837,-0.6007,-0.6137,125.8054979,0.000713438,3.42836588
exp1143,0,0,15,0,0,13,25,12,0,5,5,-1.5,110,-0.3627,-0.4957,-0.5717,-0.6077,-0.6307,-0.6487,181.1800047,0.013716558,0.776567676
exp1144,0,0,20,0,4,15,25,0,0,6,6,-1.5,180,-0.3237,-0.3927,-0.4247,-0.4457,-0.4617,-0.4747,102.9546275,0.001274423,5.284986873
exp1145,0,0,0,0,20,14,25,0,0,5,11,-1.5,180,-0.2607,-0.3277,-0.3477,-0.3607,-0.3707,-0.3787,72.70115625,0.000342826,21.67208403
exp1146,0,0,6,0,20,1,25,0,0,5,18,-1.3,180,-0.3317,-0.3997,-0.4307,-0.4497,-0.4647,-0.4777,108.7030507,0.002086752,4.982629294
exp1147,0,0,0,0,3,20,25,17,0,5,5,-1.5,180,-0.1367,-0.2467,-0.2797,-0.2997,-0.3157,-0.3297,81.8003418,0.005921991,32.18407079
exp1148,0,0,8,0,0,6,51,0,0,5,5,-1.5,30,-0.4317,-0.5277,-0.5677,-0.5917,-0.6087,-0.6237,127.1291427,0.000727734,1.395987449
exp1149,0,2,0,0,0,11,35,17,0,5,5,-1.5,30,-0.3027,-0.3957,-0.4437,-0.4837,-0.5187,-0.5467,145.4428494,0.006599322,5.408813763
exp1150,0,0,13,0,18,0,32,0,0,7,7,-1,85,-0.5217,-0.5837,-0.6157,-0.6377,-0.6557,-0.6707,117.0342571,0.000171119,0.714253138
exp1151,0,0,0,0,14,0,25,20,0,11,11,-1.5,172,-0.2987,-0.3827,-0.4137,-0.4347,-0.4507,-0.4657,99.6147186,0.000935693,14.26506194
exp1152,0,0,20,0,0,0,30,0,14,5,6,-1,30,-0.7337,-0.7937,-0.8227,-0.8427,-0.8587,-0.8727,130.2633088,2.04E-05,0.105729044
exp1153,0,0,0,20,13,0,25,7,0,5,5,-1.5,180,-0.0637,-0.0277,-0.1807,-0.0027,-0.2447,-0.2897,19.57924925,6.36E-11,82.4954917
exp1154,0,0,20,0,0,20,25,0,0,5,5,-1.3,180,-0.3507,-0.4117,-0.4487,-0.4747,-0.4947,-0.5137,109.1004463,0.0013258,1.063992577
exp1155,0,0,0,20,0,20,25,0,0,5,5,-1.5,168,-0.0177,0.0073,-0.3687,-0.3987,-0.4097,-0.4207,55.46578627,15866.18169,58.35827437
exp1156,0,0,2,0,9,20,25,0,0,5,14,-1.4,89,-0.3217,-0.3887,-0.4467,-0.4897,-0.5277,-0.5577,167.9310331,0.036937994,1.432771073
exp1157,0,0,0,0,5,14,25,20,0,5,6,-1.5,172,-0.1287,-0.2377,-0.2677,-0.2867,-0.3017,-0.3147,77.12269082,0.00501596,34.77311636
exp1158,0,20,0,0,0,20,25,0,0,5,5,-1.5,88,-0.3257,-0.3887,-0.4257,-0.4507,-0.4707,-0.4877,103.8354386,0.001293645,1.796063781
exp1159,0,13,0,0,0,0,30,0,0,27,27,-1,44,-0.7117,-0.7777,-0.8067,-0.8257,-0.8407,-0.8527,128.1225622,1.57E-05,0.113982135
exp1160,0,0,0,9,11,20,25,0,0,5,5,-1.5,180,-0.0047,-0.1017,-0.3017,-0.3137,-0.3217,-0.3287,108.6560493,143.9564226,143.8208682
exp1161,0,0,0,0,12,20,25,8,0,5,5,-1.4,176,-0.2087,-0.2927,-0.3247,-0.3447,-0.3617,-0.3767,98.09040198,0.006974917,21.72964844
exp1162,3,0,0,0,20,13,25,0,0,5,9,-1.4,180,-0.0107,-0.2967,-0.3187,-0.3307,-0.3397,-0.3477,338.7297503,2.83011999,47.71542703
exp1163,0,20,0,0,15,0,25,0,0,5,10,-1.4,180,-0.3137,-0.3567,-0.3747,-0.3867,-0.3967,-0.4067,74.87719571,0.000184877,10.07597166
exp1164,0,20,0,0,20,0,25,0,0,5,5,-1.5,180,-0.0007,-0.2887,-0.3087,-0.3197,-0.3287,-0.3357,218.5929646,2.428162712,133.0079499
exp1165,5,17,0,0,0,18,25,0,0,5,5,-1.5,30,-0.6487,-0.7347,-0.7717,-0.7947,-0.8117,-0.8297,150.4172587,0.000216405,0.217815227
exp1166,0,0,0,0,12,8,25,3,0,5,22,-1.2,118,-0.4147,-0.4967,-0.5297,-0.5507,-0.5687,-0.5867,110.2083019,0.000209785,2.513021265
exp1167,0,3,20,0,16,1,25,0,0,5,5,-1.3,180,-0.3917,-0.4547,-0.4857,-0.5067,-0.5227,-0.5367,110.8905603,0.000753779,2.619955715
exp1168,0,0,4,0,20,0,25,16,0,5,5,-1.3,30,-0.3697,-0.4747,-0.5367,-0.5717,-0.5947,-0.6117,147.4561762,0.003980978,3.214418308
exp1169,0,0,20,0,0,7,38,0,0,5,5,-1,30,-0.5117,-0.5877,-0.6157,-0.6357,-0.6507,-0.6637,107.3355738,3.95E-05,1.368810298
exp1170,0,0,0,0,16,0,25,0,0,5,29,-1,124,-0.5217,-0.5747,-0.5987,-0.6157,-0.6277,-0.6387,98.45139101,2.97E-05,0.649587187
exp1171,0,0,0,0,0,19,25,0,0,26,26,-1.4,176,-0.3577,-0.4307,-0.4707,-0.4977,-0.5197,-0.5377,123.8961333,0.002877158,2.849091292
exp1172,0,0,0,0,20,0,40,5,0,5,5,-1.5,80,-0.3157,-0.4117,-0.4507,-0.4727,-0.4887,-0.5017,99.17933197,0.000403154,14.00701489
exp1173,0,0,18,0,5,17,25,0,0,5,5,-1.5,30,-0.3727,-0.4387,-0.4727,-0.4957,-0.5137,-0.5297,116.2486631,0.001353219,1.463744316
exp1174,0,0,0,0,0,0,25,0,0,5,45,-1,166,-0.7077,-0.8067,-0.8537,-0.8867,-0.9077,-0.9227,175.3989956,0.000426053,0.488303172
exp1175,0,0,0,20,0,20,25,0,0,5,5,-1.5,180,-0.0107,-0.3177,-0.3447,-0.3537,-0.3597,-0.3637,2.299570788,4.12E+59,113.1200642
exp1176,6,20,0,0,14,0,25,0,0,5,5,-1.1,94,-0.6207,-0.6707,-0.6937,-0.7097,-0.7217,-0.7327,110.1173511,3.73E-05,0.242154329
exp1177,0,0,0,20,11,9,25,0,0,5,5,-1.5,147,0.0033,-0.3467,-0.3747,-0.3827,-0.3877,-0.3927,71.61472468,1044.904581,107.2145302
exp1178,0,0,0,0,7,20,25,0,0,5,18,-1.3,126,-0.2967,-0.3217,-0.3367,-0.3507,-0.3647,-0.3797,82.09248402,0.001068149,5.238860412
exp1179,0,0,0,0,20,0,25,0,0,5,25,-1.4,79,-0.3027,-0.3407,-0.3587,-0.3737,-0.3877,-0.4017,91.18792698,0.002337899,23.04683427
exp1180,0,0,0,20,0,1,44,0,0,5,5,-1.5,30,-0.6117,-0.6897,-0.7257,-0.7497,-0.7677,-0.7827,125.63125,3.74E-05,0.275654774
exp1181,0,1,0,0,5,20,25,14,0,5,5,-1.5,180,-0.1637,-0.2507,-0.2827,-0.3037,-0.3207,-0.3347,88.36833299,0.010067299,24.83699711
exp1182,0,0,0,0,20,0,25,18,0,5,7,-1.5,155,-0.2397,-0.3357,-0.3717,-0.3957,-0.4157,-0.4317,103.3808714,0.003342923,23.02281637
exp1183,0,0,0,0,0,20,25,0,0,5,25,-1.4,68,-0.2717,-0.3557,-0.3977,-0.4277,-0.4507,-0.4697,131.2213975,0.012760977,8.604177732
exp1184,0,0,19,0,0,7,25,0,0,5,19,-1,180,-0.3437,-0.4357,-0.4827,-0.5117,-0.5327,-0.5497,140.390086,0.006819827,4.43639728
exp1185,0,0,0,20,0,1,25,0,3,21,21,-1,30,-0.5537,-0.6647,-0.7127,-0.7407,-0.7607,-0.7767,155.7263797,0.000679164,2.729272162
exp1186,0,0,0,0,0,15,25,0,0,5,30,-1.4,30,-0.3737,-0.4347,-0.4677,-0.4907,-0.5097,-0.5267,105.7692178,0.000621782,1.761025121
exp1187,0,0,2,20,18,0,25,0,0,5,5,-1.4,180,-0.0147,0.0063,-0.2157,-0.3717,-0.3847,-0.3947,280.1794062,52.6685726,131.7793765
exp1188,6,5,0,0,9,20,25,0,0,5,5,-1.5,180,-0.0357,-0.3227,-0.3397,-0.3487,-0.3567,-0.3647,400.3946348,3.020324208,31.07127037
exp1189,20,0,0,0,20,0,25,0,0,5,5,-1.5,145,-0.2197,-0.3587,-0.3757,-0.3867,-0.3957,-0.4037,82.51234142,0.000765186,17.39676318
exp1190,17,0,0,0,20,3,25,0,0,5,5,-1.5,30,-0.5877,-0.6517,-0.6807,-0.6997,-0.7147,-0.7277,116.9571689,9.98E-05,0.376514973
exp1191,0,0,4,20,0,7,25,0,0,14,14,-1.3,180,-0.3317,-0.3617,-0.3757,-0.3877,-0.3987,-0.4087,80.83313419,0.000409885,8.752323098
exp1192,0,0,0,20,20,0,25,0,0,5,5,-1.5,143,-0.0167,-0.3367,-0.3847,-0.3967,-0.4047,-0.4107,182.4718771,79.52588683,103.2557041
exp1193,0,0,0,0,0,0,25,20,0,25,25,-1.4,86,-0.5417,-0.5897,-0.6137,-0.6327,-0.6507,-0.6657,93.74376953,3.10E-06,4.238904034
exp1194,20,20,0,0,0,0,25,0,0,5,5,-1.5,30,-0.6697,-0.7597,-0.7927,-0.8117,-0.8267,-0.8387,132.4009389,2.96E-05,0.247609067
exp1195,0,0,0,0,7,20,25,0,0,5,18,-1.4,180,-0.7117,-0.7697,-0.7957,-0.8117,-0.8247,-0.8357,112.0247919,2.06E-06,0.135591874
exp1196,0,2,8,0,0,0,25,0,0,35,35,-1,84,-0.7577,-0.8317,-0.8617,-0.8797,-0.8917,-0.9027,113.3478278,9.03E-07,0.130107917
exp1197,20,0,20,0,0,0,25,0,0,5,5,-1,180,-0.7547,-0.8437,-0.8787,-0.8977,-0.9097,-0.9187,110.9470504,5.37E-07,0.111406675
exp1198,0,0,17,0,0,20,25,3,0,5,5,-1,30,-0.7867,-0.8837,-0.9157,-0.9297,-0.9367,,87.73919393,3.25E-09,0.118489361
exp1199,2,5,0,0,20,11,20,12,0,0,0,-1,180,-0.3797,-0.4677,-0.5127,-0.5347,-0.5507,-0.5647,123.046717,0.001030901,5.459684232
exp1200,0,0,0,5,10,16,20,9,0,10,0,-1.5,30,-0.3017,-0.3797,-0.4237,-0.4547,-0.4787,-0.5007,132.2184464,0.007363051,6.755376218
exp1201,5,0,5,0,20,11,20,9,0,0,0,-1.5,180,-0.0037,-0.2507,-0.2827,-0.3027,-0.3187,-0.3317,73.28439198,0.001828582,45.13461112
exp1202,0,0,1,0,20,12,20,2,5,10,0,-1,180,-0.3767,-0.5267,-0.6027,-0.6457,-0.6727,-0.6917,181.23754,0.007878174,3.237496594
exp1203,2,5,0,0,20,21,20,2,0,0,0,-1.5,180,-0.0017,-0.2267,-0.2817,-0.3057,-0.3217,-0.3347,55.31112269,0.032495001,102.4500439
exp1204,5,1,0,0,20,12,20,12,0,0,0,-1.5,180,0.0033,-0.2497,-0.2807,-0.2997,-0.3147,-0.3277,277.5341346,1.569771313,52.29131774
exp1205,0,0,0,0,20,16,22,12,0,0,0,-1.4,166,-0.0517,-0.2557,-0.2917,-0.3137,-0.3307,-0.3447,79.65822699,0.002918578,40.83226382
exp1206,0,0,0,5,10,11,30,12,0,2,0,-1.5,30,-0.3217,-0.4357,-0.4927,-0.5297,-0.5567,-0.5777,148.7162656,0.008548094,8.758948233
exp1207,0,5,0,0,20,21,20,2,0,0,2,-1.5,30,-0.3357,-0.4187,-0.4557,-0.4797,-0.4997,-0.5167,115.7746263,0.00156047,5.575877378
exp1208,1,0,0,5,20,14,20,2,0,8,0,-1.3,144,-0.0107,-0.2447,-0.2767,-0.2957,-0.3097,-0.3217,352.878357,3.124874335,52.16735394
exp1209,0,0,0,0,20,21,20,4,5,0,0,-1.5,180,0.0013,-0.1937,-0.2407,-0.2637,-0.2797,-0.2927,142.2218554,1.218623182,99.82271113
exp1210,5,0,0,0,10,18,20,12,0,5,0,-1.5,133,-0.0247,-0.2577,-0.3037,-0.3317,-0.3537,-0.3727,393.8871123,2.647921174,36.11640485
exp1211,0,0,5,1,13,19,20,12,0,0,0,-1.5,180,0.0013,-0.2017,-0.2427,-0.2637,-0.2797,-0.2917,224.0984983,2.25646707,83.96662869
exp1212,0,0,0,0,17,21,20,12,0,0,0,-1.5,180,-0.0057,-0.1937,-0.2397,-0.2637,-0.2807,-0.2937,217.2082979,2.540412379,78.73566923
exp1213,0,5,0,2,10,21,20,12,0,0,0,-1.5,91,-0.0627,-0.2107,-0.2737,-0.3027,-0.3227,-0.3387,120.8108683,0.692501954,37.04540856
exp1214,0,0,5,0,12,21,20,2,0,10,0,-1.5,30,-0.1157,-0.2817,-0.3257,-0.3537,-0.3757,-0.3947,112.750733,0.016536176,26.52132191
exp1215,5,0,0,5,20,11,20,2,0,7,0,-1.5,180,-0.0077,-0.0287,-0.1967,-0.2477,-0.2707,-0.2867,258.9374834,53.24227268,200.8303906
exp1216,0,0,0,5,10,21,27,2,5,0,0,-1.5,30,-0.1477,-0.3487,-0.4067,-0.4427,-0.4697,-0.4917,146.2978469,0.020159579,23.81111485
exp1217,5,0,0,0,10,21,20,2,2,10,0,-1.5,30,-0.2397,-0.3637,-0.4177,-0.4547,-0.4817,-0.5037,151.2712583,0.030312793,19.96376131
exp1218,0,0,0,0,16,21,20,12,0,1,0,-1.5,180,0.0083,-0.1557,-0.2097,-0.2317,-0.2467,-0.2577,34.34122667,22265.90226,136.5113375
exp1219,0,2,5,0,20,21,20,2,0,0,0,-1.5,180,-0.0397,-0.1727,-0.2517,-0.2867,-0.3087,-0.3247,36.83747375,71371.88629,61.19605683
exp1220,0,5,0,2,20,11,20,12,0,0,0,-1.5,125,-0.0057,-0.1917,-0.2477,-0.2737,-0.2927,-0.3067,113.0806584,0.691775031,89.68841113
exp1221,0,0,0,0,20,21,20,2,0,7,0,-1.2,173,-0.0927,-0.2727,-0.3197,-0.3507,-0.3757,-0.3977,120.8149706,0.03549135,30.86380018
exp1222,5,0,0,0,20,14,20,11,0,0,0,-1.5,180,0.0063,-0.2097,-0.2517,-0.2737,-0.2897,-0.3017,247.2795163,2.276683779,93.4067969
exp1223,5,0,0,0,20,21,20,2,0,2,0,-1.5,180,0.0033,-0.1797,-0.2357,-0.2637,-0.2827,-0.2977,242.2138317,2.90929607,83.82727081
exp1224,0,0,0,5,10,21,22,12,0,0,0,-1.5,30,-0.0927,-0.2057,-0.3117,-0.3537,-0.3827,-0.4077,77.32062161,1844.690412,42.669816
exp1225,5,5,5,2,20,11,20,2,0,0,0,-1,69,-0.2527,-0.5197,-0.5797,-0.6097,-0.6297,-0.6457,178.763477,0.014842561,6.778859159
exp1226,0,0,0,5,20,12,20,3,0,10,0,-1.5,105,-0.0297,-0.2527,-0.2907,-0.3137,-0.3307,-0.3457,377.4179022,2.884282933,37.84556637
exp1227,0,0,5,0,20,11,20,2,0,0,12,-1.5,141,-0.0407,-0.2417,-0.2907,-0.3167,-0.3347,-0.3497,332.2926635,2.609923824,45.0142309
exp1228,0,0,0,0,20,18,20,2,0,10,0,-1.5,146,-0.0307,-0.2277,-0.2717,-0.2947,-0.3117,-0.3257,335.6155108,2.443654958,52.6261861
exp1229,0,0,0,5,20,11,20,12,0,2,0,-1.5,180,-0.0007,-0.1977,-0.2507,-0.2757,-0.2927,-0.3057,120.8157577,0.718415068,95.88922504
exp1230,0,0,0,0,10,21,20,8,1,10,0,-1.1,30,-0.0627,-0.3617,-0.4497,-0.5087,-0.5467,-0.5737,588.8822818,2.893608576,21.34952985
exp1231,0,0,0,0,20,18,20,2,0,10,0,-1.5,79,-0.0437,-0.2567,-0.2937,-0.3167,-0.3327,-0.3467,85.61088637,0.004906933,36.50706321
exp1232,0,0,0,0,10,21,20,9,0,10,0,-1,180,-0.0837,-0.2947,-0.3417,-0.3727,-0.3977,-0.4197,128.9768343,0.028095334,27.82297296
exp1233,0,5,0,5,20,18,20,2,0,0,0,-1.5,180,-0.0267,-0.2327,-0.2777,-0.3027,-0.3207,-0.3357,83.71668396,0.005170725,47.14681708
exp1234,0,0,5,0,10,21,20,12,0,0,2,-1.5,180,-0.0357,-0.2627,-0.3257,-0.3637,-0.3937,-0.4177,409.5626034,2.628313359,25.39188676
exp1235,0,5,0,0,20,11,20,2,0,0,12,-1.5,180,-0.0167,-0.1557,-0.2437,-0.2817,-0.3047,-0.3217,150.2396829,1.230846303,63.69928923
exp1236,0,0,0,5,12,21,20,2,0,10,0,-1.5,179,-0.0297,-0.1257,-0.2077,-0.2547,-0.2817,-0.3007,73.68057464,0.185240735,69.12797822
exp1237,0,0,0,0,20,21,20,9,0,0,0,-1.5,163,0.0043,-0.1097,-0.1837,-0.2307,-0.2597,-0.2807,102.2914494,260.3760579,85.04124864
exp1238,0,0,0,0,16,21,20,12,0,1,0,-1.5,180,-0.0117,-0.0867,-0.1617,-0.2067,-0.2387,-0.2607,146.5077882,127.6015537,103.6647813
exp1239,0,0,0,5,20,21,20,3,0,1,0,-1.5,30,-0.0837,-0.2097,-0.4287,-0.4967,-0.5387,-0.5677,479.339959,2.732239893,16.00520088
exp1240,0,0,0,0,20,18,20,2,0,10,0,-1,51,0.0053,-0.3677,-0.4947,-0.5407,-0.5707,-0.5927,286.7198868,0.369032564,1.160555182
exp1241,0,0,0,0,20,21,20,2,0,6,1,-1.5,117,0.0103,-0.0847,-0.2637,-0.3067,-0.3307,-0.3497,208.2736741,0.802949719,40.90111672
exp1242,0,5,0,5,20,11,20,9,0,0,0,-1.5,180,-0.0137,-0.0637,-0.1877,-0.2587,-0.2977,-0.3227,65.69822007,0.090895224,63.16975769
exp1243,0,5,0,0,15,21,20,10,0,0,-1,-1.5,180,-0.0027,-0.0417,-0.1507,-0.2197,-0.2597,-0.2857,73.6844762,0.21714247,76.94651382
exp1244,0,0,0,0,20,21,27,2,0,0,0,-1.2,131,,-0.0337,-0.2767,-0.3297,-0.3587,-0.3807,500.5368879,5.111521473,36.05666416
exp1245,0,0,0,3,20,21,20,6,0,0,0,-1.5,142,0.0043,-0.2517,-0.3457,-0.3837,-0.4127,-0.4357,196.452693,0.290925597,33.98076138
exp1246,0,5,5,0,11,21,20,2,0,6,0,-1.5,102,-0.0087,-0.1407,-0.3537,-0.4037,-0.4347,-0.4597,194.6872285,0.736006421,22.16792202
exp1247,0,5,2,0,20,21,20,2,0,0,0,-1.5,145,-0.0007,-0.1337,-0.3077,-0.3547,-0.3817,-0.4017,205.1944319,1.41955546,30.94044416
exp1248,5,0,0,0,20,13,20,2,0,10,0,-1.5,131,-0.0067,-0.2267,-0.2757,-0.2997,-0.3167,-0.3307,286.3276192,1.762135762,55.1432229
exp1249,5,0,5,0,10,13,27,4,0,0,6,-1.5,30,0.0123,-0.1127,-0.3767,-0.4377,-0.4737,-0.4967,464.6293698,2.561337669,30.26745483
exp1250,0,0,5,0,20,13,20,2,0,10,0,-1.5,155,-0.0097,-0.1197,-0.2377,-0.2797,-0.3027,-0.3197,322.806322,3.034128457,63.90827406
exp1251,0,0,0,0,20,18,20,2,0,0,10,-1.5,168,-0.0087,-0.1367,-0.2567,-0.2917,-0.3127,-0.3277,358.727643,2.888118239,47.37359227
exp1252,0,0,0,0,10,21,20,9,0,10,0,-1.5,30,0.0113,-0.3467,-0.4317,-0.4767,-0.5077,-0.5297,307.9134372,0.728580929,15.05381951
exp1253,0,2,0,5,20,21,20,2,0,0,0,-1.5,177,-0.0057,-0.1367,-0.2607,-0.2947,-0.3157,-0.3307,273.5442707,1.567011591,65.16328801
exp1254,5,0,0,5,20,11,27,2,0,0,0,-1.5,180,-0.0387,-0.3557,-0.4407,-0.4867,-0.5187,-0.5417,210.7749508,0.144373633,17.07153692
exp1255,0,0,0,0,10,21,20,12,0,7,0,-1.5,180,0.0083,-0.1077,-0.2517,-0.2937,-0.3167,-0.3347,162.5546798,0.376673302,44.22858642
exp1256,0,5,0,0,20,13,20,2,0,10,0,-1.5,180,-0.0057,-0.0987,-0.2097,-0.2677,-0.2937,-0.3097,155.2473636,1.417848094,72.31758207
exp1257,5,0,0,0,12,21,20,12,0,0,0,-1.5,106,-0.0267,-0.4127,-0.4787,-0.5147,-0.5387,-0.5567,196.8437913,0.076284853,4.235029832
exp1258,0,0,0,0,20,21,20,9,0,0,0,-1.4,176,-0.0097,-0.0897,-0.2057,-0.2547,-0.2807,-0.2977,261.9038069,2.602578717,81.78037752