Experiment,ECSA voltage_Ar,ECSA target V_Ar,ECSA slope raw_Ar,ECSA intercept_Ar,ECSA R^2_Ar,Cdl mF cm-2_Ar,Ar ECSA file count
exp1,-1600mV,-0.15,-0.0011909280706962734,-0.16944810618358475,0.9691907433207817,1.1909280706962735,10.0
exp2,-1800mV,-0.15,-0.00013330186986466197,-0.017389292653401625,0.854633620238657,0.13330186986466197,10.0
exp3,-1800mV,-0.15,-0.0010764131455096968,-0.14035490061659361,0.9798996709430269,1.0764131455096968,10.0
exp4,-1700mV,-0.15,-0.007614066551226045,-0.48792253367539784,0.9977021332045933,7.614066551226045,10.0
exp5,-1800mV,-0.15,-0.00014832014300193008,-0.014708750219794453,0.889943133850845,0.14832014300193008,10.0
exp6,-1700mV,-0.15,-0.00015594741542422955,-0.015700298266083518,0.8830415035924375,0.15594741542422955,10.0
exp7,-1600mV,-0.15,-0.004541808869906357,-0.22051905751262568,0.9933971539618843,4.541808869906356,10.0
exp8,-1400mV,-0.15,-0.019031989494412656,-1.3088684238292565,0.994052417409601,19.031989494412656,10.0
exp9,-1400mV,-0.15,-0.013069337552621848,-0.5460086174084697,0.9988671263686988,13.069337552621848,10.0
exp10,-1900mV,-0.15,-0.00020298140192854915,-0.018696615655468707,0.9217379417566006,0.20298140192854913,10.0
exp11,-1600mV,-0.15,-0.0026964282534689245,-0.27155481512879076,0.9837746690725674,2.6964282534689246,10.0
exp12,-1500mV,-0.15,-0.00891935235093609,-0.1986529378524633,0.9992669176112662,8.919352350936089,10.0
exp13,-1900mV,-0.15,-0.00021927675200146595,-0.016550460634745967,0.9614596608169158,0.21927675200146596,10.0
exp14,-1800mV,-0.15,-0.00012906054368547903,-0.012388354671325305,0.9019104860628794,0.12906054368547903,10.0
exp15,-1800mV,-0.15,-0.0001594313606044639,-0.019915660039444588,0.9014106044042282,0.15943136060446392,10.0
exp16,-1900mV,-0.15,-0.0006763281239377119,-0.026091640769695945,0.9939783892837368,0.6763281239377119,10.0
exp17,-1800mV,-0.15,-0.0001331815285262648,-0.018805608558701052,0.8341807426268277,0.1331815285262648,10.0
exp18,-1700mV,-0.15,-0.004706656419943011,-0.2065511412786245,0.9973290048955996,4.706656419943011,10.0
exp19,-1700mV,-0.15,-0.0011731009540578794,-0.10268499988191859,0.9883780405192264,1.1731009540578794,10.0
exp20,-1900mV,-0.15,-0.0001468703971385602,-0.022604972417149066,0.8431872188419584,0.1468703971385602,10.0
exp21,-1800mV,-0.15,-0.00016412081162116803,-0.022337231182618947,0.9079342185898824,0.16412081162116804,10.0
exp22,-1500mV,-0.15,-0.06905928266183242,-14.775225826377024,0.9690760787460585,69.05928266183243,10.0
exp23,-1800mV,-0.15,-0.0007728803571166445,-0.09008275795252446,0.9823306028497669,0.7728803571166445,10.0
exp24,-1400mV,-0.15,-0.019729225595507355,-0.9306660879199846,0.9987246298489847,19.729225595507355,10.0
exp25,-1900mV,-0.15,-0.00013511431894991697,-0.010566959763831665,0.9183675976917031,0.13511431894991696,10.0
exp26,-1800mV,-0.15,-0.0001637651715568093,-0.02103333576967588,0.895513758292245,0.1637651715568093,10.0
exp27,-1700mV,-0.15,-0.01630018333075995,-2.844657173137298,0.9779281393165238,16.30018333075995,10.0
exp28,-1800mV,-0.15,-0.00017668856154172486,-0.015056851487019546,0.9340763648464864,0.17668856154172485,10.0
exp29,-1700mV,-0.15,-0.001251982308257984,-0.08659343424700106,0.9937477984193863,1.251982308257984,10.0
exp30,-1800mV,-0.15,-0.00013208949166905454,-0.01657323843614579,0.8893352920807284,0.13208949166905454,10.0
exp31,-1900mV,-0.15,-0.00015049591924694622,-0.015252800079208512,0.899126098737743,0.15049591924694622,10.0
exp32,-1900mV,-0.15,-0.00013700391750061364,-0.017404240486667104,0.8814541468974787,0.13700391750061364,10.0
exp33,-1900mV,-0.15,-0.00014963329258901422,-0.015697370731514546,0.9044397109993428,0.14963329258901423,10.0
exp34,-1700mV,-0.15,-0.0010076155405818348,-0.11994799078175455,0.9898536687881041,1.0076155405818348,10.0
exp35,-1700mV,-0.15,-0.001243257016408991,-0.17173278581031004,0.9616158958010877,1.243257016408991,10.0
exp36,-2000mV,-0.15,-0.00012931666385112406,-0.007790042892211538,0.9095262585860181,0.12931666385112406,10.0
exp37,-1900mV,-0.15,-0.0001515530707431833,-0.02681209278508488,0.8824473454027815,0.1515530707431833,10.0
exp38,-1700mV,-0.15,-0.0007236281394644456,-0.031825820137099836,0.987426268875175,0.7236281394644456,10.0
exp39,-1500mV,-0.15,-0.006957485247027506,-0.30614194283967544,0.997684884311003,6.957485247027506,10.0
exp40,-1700mV,-0.15,-0.005997135088899365,-0.7847135829622074,0.980730833449501,5.997135088899365,10.0
exp41,-1600mV,-0.15,-0.009166437624952437,-1.3238115097404615,0.9833012476625879,9.166437624952437,10.0
exp42,-1900mV,-0.15,-0.00012842095763502065,-0.02035566057291835,0.8581525973651636,0.12842095763502065,10.0
exp43,-1600mV,-0.15,-0.0038797665721110493,-0.21036893119789335,0.9991533003230774,3.8797665721110492,10.0
exp44,-1800mV,-0.15,-0.00019050198533367697,-0.019833654257585653,0.9063301727257564,0.19050198533367696,10.0
exp45,-1500mV,-0.15,-0.018595361390334537,-2.7049175611645655,0.978574189189768,18.59536139033454,10.0
exp46,-1900mV,-0.15,-0.0001424272550905716,-0.018783264348908646,0.8948036070789124,0.14242725509057158,10.0
exp47,-1800mV,-0.15,-0.00024517595179490383,-0.03054675021730223,0.916541918105088,0.24517595179490384,10.0
exp48,-1900mV,-0.15,-0.00013323982512121056,-0.016520511164879584,0.8431552654901878,0.13323982512121058,10.0
exp49,-1800mV,-0.15,-0.000501714680281744,-0.056874688917802535,0.9690543309731324,0.501714680281744,10.0
exp50,-1800mV,-0.15,-0.000825242082173952,-0.1515999248601576,0.940451747521268,0.825242082173952,10.0
exp51,-2000mV,-0.15,-0.00010662771843931213,-0.014363056810191323,0.7748444078259921,0.10662771843931214,10.0
exp52,-1500mV,-0.15,-0.012891071269229908,-0.6568428607619667,0.9962887841868779,12.891071269229908,10.0
exp53,-1700mV,-0.15,-0.0006946826489274288,-0.04695001757881673,0.9883448306728215,0.6946826489274288,10.0
exp54,-1800mV,-0.15,-0.00016522459659547805,-0.01588737880220592,0.8949872744219621,0.16522459659547806,10.0
exp55,-1800mV,-0.15,-0.00017958225607182625,-0.010060315883954257,0.91669584324052,0.17958225607182626,10.0
exp56,-1700mV,-0.15,-0.0014336522541115065,-0.14711880308106873,0.9798566550834508,1.4336522541115064,10.0
exp57,-1900mV,-0.15,-0.00011714567150052004,-0.00907407632818874,0.8728072732283086,0.11714567150052005,10.0
exp58,-1800mV,-0.15,-0.00017683612736915948,-0.022241660629773508,0.9268045596411746,0.17683612736915946,10.0
exp59,-1400mV,-0.15,-0.1370612456354766,-27.107719973222636,0.9539858551471071,137.06124563547658,10.0
exp60,-1700mV,-0.15,-0.0016919224644418062,-0.2204151854212104,0.9765609278307913,1.6919224644418063,10.0
exp61,-1800mV,-0.15,-0.00015761455480521624,-0.006639445848911268,0.9429644461063968,0.15761455480521624,10.0
exp62,-1900mV,-0.15,-0.0007886122903891021,-0.09558894092768788,0.981715476992581,0.7886122903891022,10.0
exp63,-1900mV,-0.15,-0.00215762218493238,-0.15213340078119797,0.9929933704916821,2.15762218493238,10.0
exp64,-1700mV,-0.15,-0.0034017797968793066,-0.18214161123387784,0.9973651861218163,3.4017797968793064,10.0
exp65,-1800mV,-0.15,-0.0003486977879985528,-0.033106906099622746,0.9756144762650617,0.3486977879985528,10.0
exp66,-1900mV,-0.15,-0.0002649402327518478,-0.030302435589128138,0.9353331444914115,0.2649402327518478,10.0
exp67,-1500mV,-0.15,-0.052147093142957984,-5.588819205548393,0.9842954646308485,52.147093142957985,10.0
exp68,-1900mV,-0.15,-0.0001416436822649728,-0.01702871534155885,0.8987841632040878,0.1416436822649728,10.0
exp69,-1800mV,-0.15,-0.00038663794877781153,-0.022707746287485592,0.9872462361426959,0.38663794877781155,10.0
exp70,-1900mV,-0.15,-0.0001592200328480503,-0.017081423623411682,0.8604921466670054,0.1592200328480503,10.0
exp71,-1600mV,-0.15,-0.0030431752138138555,-0.20518520112222394,0.9926405907130179,3.0431752138138553,10.0
exp72,-1600mV,-0.15,-0.0029556140338460254,-0.17257958705279908,0.9968589434806322,2.9556140338460253,10.0
exp73,-1900mV,-0.15,-0.00022017509865029846,-0.01292857816393543,0.9707109686500238,0.22017509865029847,10.0
exp74,-2000mV,-0.15,-0.00013097409331204931,-0.016373615392458747,0.8464429396865515,0.13097409331204932,10.0
exp75,-1900mV,-0.15,-0.00013170421365163996,-0.009706121230453175,0.8453401121880513,0.13170421365163995,10.0
exp76,-1900mV,-0.15,-0.00035762761391525106,-0.04708267762097587,0.958688667686189,0.35762761391525105,10.0
exp77,-1600mV,-0.15,-0.0028794164805724487,-0.182142592353572,0.9941123336426977,2.8794164805724485,10.0
exp78,-1600mV,-0.15,-0.0015246488721593736,-0.1411131162454734,0.990168322199512,1.5246488721593736,10.0
exp79,-1700mV,-0.15,-0.002031644698207633,-0.3526488203019964,0.9653559261284625,2.031644698207633,10.0
exp80,-1900mV,-0.15,-0.0001838363937752596,-0.029156870740385157,0.9655267700845533,0.1838363937752596,10.0
exp81,-1700mV,-0.15,-0.0007104511955974767,-0.022855240226427986,0.9964438281856911,0.7104511955974766,10.0
exp82,-1600mV,-0.15,-0.003147195965206118,-0.3615260862351153,0.9899741273077957,3.147195965206118,10.0
exp83,-2000mV,-0.15,-0.00015160485125655232,-0.011717287790441566,0.9224231606060896,0.15160485125655232,10.0
exp84,-1700mV,-0.15,-0.001265568184621691,-0.02199645033426778,0.9963666313700317,1.265568184621691,10.0
exp85,-1700mV,-0.15,-0.0018042001744926319,-0.11089276239585732,0.9947333725965068,1.804200174492632,10.0
exp86,-1900mV,-0.15,-0.0001453251281958816,-0.00045766701776137064,0.964272624606148,0.14532512819588161,10.0
exp87,-1500mV,-0.15,-0.010093183484110322,-0.5133780639094079,0.9960767730033553,10.093183484110321,10.0
exp88,-2000mV,-0.15,-0.0001257480132274177,-0.00691323426214633,0.8498571180115968,0.12574801322741772,10.0
exp89,-1900mV,-0.15,-0.0004375586395912245,-0.050293863388122084,0.9802883831777606,0.4375586395912245,10.0
exp90,-1800mV,-0.15,-0.0003921002897186792,-0.06756725099180586,0.9781062420684531,0.3921002897186792,10.0
exp91,-1600mV,-0.15,-0.0020987632320730713,-0.09964653548944458,0.9986453063496722,2.0987632320730714,10.0
exp95,-1900mV,-0.15,-0.0001410735640100897,-0.02639068288734757,0.847208485535799,0.14107356401008972,10.0
exp96,-1900mV,-0.15,-0.00014326683221763955,-0.02244321426382452,0.9115030836255695,0.14326683221763956,10.0
exp97,-2000mV,-0.15,-0.00016146445943961206,-0.017618301814356682,0.9420032272461694,0.16146445943961205,10.0
exp98,-1700mV,-0.15,-0.0032830946066113365,-0.1962131463671133,0.9979267296581307,3.2830946066113365,10.0
exp99,-1800mV,-0.15,-0.0004419552946509018,-0.06715615551045909,0.9729112470895788,0.4419552946509018,10.0
exp100,-2000mV,-0.15,-0.00014036268175480842,-0.020133604702178676,0.8967375027304371,0.14036268175480843,10.0
exp101,-1900mV,-0.15,-0.00017498305902434151,-0.0359214726482522,0.9144492832638506,0.17498305902434153,10.0
exp102,-1800mV,-0.15,-0.00013778848591403464,-0.03418793226195137,0.8400554477695814,0.13778848591403464,10.0
exp103,-1900mV,-0.15,-0.00029412794682092037,-0.03209308663629265,0.9771749483792403,0.29412794682092036,10.0
exp104,-1800mV,-0.15,-0.0013000609620756102,-0.1086021327529254,0.9931467368920308,1.30006096207561,10.0
exp105,-1900mV,-0.15,-0.00020766214855983883,-0.0540601065446617,0.9065948186231154,0.20766214855983883,10.0
exp106,-1900mV,-0.15,-0.0002616357131134828,-0.042185728831694747,0.9576628357745904,0.26163571311348277,10.0
exp107,-1500mV,-0.15,-0.005521180994735662,-0.4654762557862089,0.9997244026269246,5.521180994735662,10.0
exp108,-1500mV,-0.15,-0.008100664392463772,-0.15927832582596313,0.999859329076793,8.100664392463772,10.0
exp109,-1700mV,-0.15,-0.0011942109062330337,-0.107124376600503,0.9929563964224041,1.1942109062330337,10.0
exp110,-1900mV,-0.15,-0.00015959495168831454,-0.028198604806019198,0.924653206974717,0.15959495168831456,10.0
exp111,-2000mV,-0.15,-0.00015363888599850427,-0.03591513651397528,0.8623680032093689,0.15363888599850425,10.0
exp112,-1500mV,-0.15,-0.002535695799746386,-0.3198698012390109,0.9995728158684376,2.535695799746386,10.0
exp113,-1800mV,-0.15,-0.00016149770899825496,-0.026847321311882666,0.9234845299990171,0.16149770899825497,10.0
exp114,-1900mV,-0.15,-0.0001689774309655016,-0.03170497151008768,0.9125506742813041,0.1689774309655016,10.0
exp115,-1700mV,-0.15,-0.0032879170133624886,-0.27557705773255914,0.9954760221595196,3.2879170133624886,10.0
exp116,-1700mV,-0.15,-0.0014457230013486617,-0.22130895381289162,0.9804596394192618,1.4457230013486617,10.0
exp117,-1500mV,-0.15,-0.008392338346430873,-0.5427637064430852,0.9978526394153433,8.392338346430872,10.0
exp118,-1800mV,-0.15,-0.00017437386055663557,-0.05332515294722455,0.8851553331493385,0.17437386055663556,10.0
exp119,-1700mV,-0.15,-0.0032971965971466673,-0.28455268882719764,0.9944003431242167,3.2971965971466672,10.0
exp120,-1800mV,-0.15,-0.00018136247107992907,-0.02580862255206809,0.96865638282198,0.18136247107992906,10.0
exp121,-2000mV,-0.15,-0.00015909674182077019,-0.02975030889920509,0.9199157290526265,0.1590967418207702,10.0
exp122,-2000mV,-0.15,-0.00015761782821838797,-0.023087936498489184,0.9502311074652926,0.15761782821838796,10.0
exp123,-1800mV,-0.15,-0.00017609068438145318,-0.027980365807376256,0.9521059727923676,0.17609068438145317,10.0
exp124,-1400mV,-0.15,-0.018305283903481483,-0.3247249828134695,0.999994372038493,18.30528390348148,10.0
exp125,-1800mV,-0.15,-0.00021980809387413993,-0.04984584615728016,0.9283323118472967,0.21980809387413994,10.0
exp126,-1800mV,-0.15,-0.00019635117679623712,-0.02802735194598456,0.9564599807414471,0.19635117679623712,10.0
exp127,-1400mV,-0.15,-0.02904229404535011,-2.2565721299607837,0.994551162397689,29.042294045350108,10.0
exp128,-1400mV,-0.15,-0.012811865973721998,-0.530352162533072,0.999878340343214,12.811865973721998,10.0
exp129,-1800mV,-0.15,-0.0001676686172944795,-0.022735477160884865,0.9206436139525224,0.1676686172944795,10.0
exp130,-1800mV,-0.15,-0.00022655050213113886,-0.03760237438055146,0.937166037378679,0.22655050213113886,10.0
exp131,-1800mV,-0.15,-0.00024029195604622364,-0.04421270945868995,0.9188724837183215,0.24029195604622364,10.0
exp132,-1600mV,-0.15,-0.002585700622107923,-0.2279622745932095,0.9959745945902715,2.585700622107923,10.0
exp133,-1700mV,-0.15,-0.0005376964809400496,-0.06287337498964918,0.9868148696135957,0.5376964809400495,10.0
exp134,-1800mV,-0.15,-0.0005828299490766957,-0.07342493750410023,0.9839111631885861,0.5828299490766957,10.0
exp135,-2000mV,-0.15,-0.00014550394788503222,-0.027399935396749744,0.933451740226636,0.1455039478850322,10.0
exp136,-1800mV,-0.15,-0.00019572227455146875,-0.0430857763894153,0.8889895410000521,0.19572227455146876,10.0
exp137,-1600mV,-0.15,-0.00889308085917124,-0.588434828171728,0.9962029507032149,8.89308085917124,10.0
exp138,-1800mV,-0.15,-0.0009139029300304097,-0.04271647660700828,0.9932635506553777,0.9139029300304098,10.0
exp139,-1600mV,-0.15,-0.003795848556320937,-0.31883731518228986,0.995891105771587,3.7958485563209368,10.0
exp140,-1600mV,-0.15,-0.002648080212215487,-0.18370225617588343,0.9972227659143535,2.648080212215487,10.0
exp141,-1700mV,-0.15,-0.0011303701531033476,-0.11078591529634119,0.9898901173866439,1.1303701531033477,10.0
exp142,-1800mV,-0.15,-0.00015814750625674524,-0.024685208854081944,0.9378545086135476,0.15814750625674523,10.0
exp143,-1900mV,-0.15,-0.00015813718867545225,-0.024162357509850546,0.9295359409668247,0.15813718867545226,10.0
exp144,-1700mV,-0.15,-0.0002204516993504435,-0.03799127756741397,0.9619485059429692,0.2204516993504435,10.0
exp145,-1900mV,-0.15,-0.0001657938829332002,-0.027794842403154954,0.944812803160845,0.16579388293320022,10.0
exp146,-1800mV,-0.15,-0.00015281677099346583,-0.028970331402546318,0.8701700483970872,0.15281677099346583,10.0
exp147,-1800mV,-0.15,-0.0001887427518188874,-0.040185415670949465,0.8867678012802394,0.18874275181888742,10.0
exp148,-1900mV,-0.15,-0.00013706513394393859,-0.03269406042733937,0.8397309020348283,0.13706513394393857,10.0
exp149,-1800mV,-0.15,-0.00017516788027239133,-0.03230074220185626,0.8773702027003497,0.17516788027239133,10.0
exp150,-1500mV,-0.15,-0.01318595570002605,-0.8712751149946643,0.9978265995382636,13.18595570002605,10.0
exp151,-1700mV,-0.15,-0.0007718961086912989,-0.056415676816590876,0.9866474003650207,0.7718961086912989,10.0
exp152,-1800mV,-0.15,-0.00014596652999597065,-0.020590398206923446,0.9083755660443542,0.14596652999597065,10.0
exp153,-1400mV,-0.15,-0.014295966489168732,-0.9840529248118006,0.9997514106770792,14.295966489168732,10.0
exp154,-1600mV,-0.15,-0.0013123749998689962,-0.11231313887072591,0.9967965219959615,1.3123749998689962,10.0
exp155,-1700mV,-0.15,-0.0004354992648334515,-0.033714206530239876,0.9861260543555518,0.4354992648334515,10.0
exp156,-1500mV,-0.15,-0.03215795130763728,-4.116254125774461,0.980956392496373,32.15795130763728,10.0
exp157,-1400mV,-0.15,-0.021786959125407877,-2.761360427656271,0.9907542964679408,21.786959125407876,10.0
exp158,-1800mV,-0.15,-0.00024095836690379223,-0.0752952871193924,0.9298997956400371,0.24095836690379221,10.0
exp159,-1700mV,-0.15,-0.0033120205470951103,-0.19368198415418303,0.9964170518662281,3.31202054709511,10.0
exp160,-1700mV,-0.15,-0.0014466843177966535,-0.14744662365475925,0.989729997561321,1.4466843177966535,10.0
exp161,-1500mV,-0.15,-0.004372880766202864,-0.3132841144194958,0.997535306571236,4.372880766202864,10.0
exp162,-1500mV,-0.15,-0.00851812458263473,-2.5453732569546186,0.9539892986718583,8.51812458263473,10.0
exp163,-1800mV,-0.15,-0.0001758197777925561,-0.025794677992814388,0.9416559775845401,0.17581977779255611,10.0
exp164,-1700mV,-0.15,-0.00313003288122732,-0.10094050576897406,0.9983253823510565,3.13003288122732,10.0
exp165,-1600mV,-0.15,-0.00023795618585482044,-0.04178935331065141,0.9743076664917552,0.23795618585482042,10.0
exp166,-1900mV,-0.15,-0.00014534981714609663,-0.03466457919842986,0.8935414621843585,0.14534981714609663,10.0
exp167,-1800mV,-0.15,-0.00024194143979401627,-0.08890371160301878,0.9069822011912151,0.24194143979401628,10.0
exp168,-1500mV,-0.15,-0.002963446081772856,-0.3098887123527523,0.9922334933691044,2.9634460817728563,10.0
exp169,-1400mV,-0.15,-0.007246006867940942,-0.7944784457276493,0.9998242421324601,7.246006867940943,10.0
exp170,-1500mV,-0.15,-0.01081498926382421,-0.8724622698237026,0.9927726236631134,10.81498926382421,10.0
exp171,-1500mV,-0.15,-0.00826820229025329,-0.4705988399506613,0.9951406808529584,8.26820229025329,10.0
exp172,-1900mV,-0.15,-0.00014411680740494172,-0.025511624961262816,0.8872303630072493,0.14411680740494173,10.0
exp173,-1600mV,-0.15,-0.004414037245316441,-0.11991039174317963,0.99937117159861,4.4140372453164405,10.0
exp174,-1600mV,-0.15,-0.004674827992830729,-0.29508472389484686,0.9952791561055992,4.674827992830729,10.0
exp175,-1800mV,-0.15,-0.0001379566869040562,-0.029514862327101155,0.894879016913268,0.1379566869040562,10.0
exp176,-1900mV,-0.15,-0.00010680712227899666,-0.021961626914955158,0.8631405463794466,0.10680712227899666,10.0
exp177,-1900mV,-0.15,-0.00040362458493562137,-0.0357627749553914,0.9800780724005514,0.40362458493562137,10.0
exp178,-1700mV,-0.15,-0.0026353764754883865,-0.24377624665293296,0.9900540753628573,2.6353764754883864,10.0
exp179,-1900mV,-0.15,-0.00014906227459764154,-0.018485513511369595,0.904806268366095,0.14906227459764154,10.0
exp181,-1500mV,-0.15,-0.013411528229280847,-0.6580657789862805,0.9993004713011985,13.411528229280847,10.0
exp182,-1800mV,-0.15,-0.0016179310288788548,-0.20549444371978653,0.9899176645825394,1.6179310288788549,10.0
exp183,-1900mV,-0.15,-0.00014300431081115572,-0.018312260433120786,0.8945403664203453,0.14300431081115572,10.0
exp184,-1500mV,-0.15,-0.012241044296712293,-0.47682923484507,0.9993849522612626,12.241044296712293,10.0
exp185,-1800mV,-0.15,-0.0001477720162963061,-0.02138945373426579,0.8901353788234931,0.1477720162963061,10.0
exp186,-1800mV,-0.15,-0.0005029355820112028,-0.06412032115174432,0.972680796931592,0.5029355820112028,10.0
exp187,-1800mV,-0.15,-0.00014897878447663336,-0.023915390693603947,0.8716563941413045,0.14897878447663337,10.0
exp188,-1500mV,-0.15,-0.010632531293484035,-0.3468364773440511,0.9992037504549062,10.632531293484034,10.0
exp189,-1900mV,-0.15,-0.00015203641099576404,-0.022876631800647487,0.8518054461269978,0.15203641099576404,10.0
exp190,-1400mV,-0.15,-0.014752746249195012,-0.7262887280937091,0.9995666281489968,14.752746249195013,10.0
exp191,-1800mV,-0.15,-0.00013976206469345907,-0.017830837659168763,0.8775965350068227,0.13976206469345906,10.0
exp192,-1800mV,-0.15,-0.0008026764829491452,-0.03049760561536663,0.9974551664052709,0.8026764829491452,10.0
exp193,-1900mV,-0.15,-0.00014545212035026119,-0.01851670678781564,0.9092428423048494,0.1454521203502612,10.0
exp194,-1800mV,-0.15,-0.00014237546915165698,-0.02497707613836314,0.8950746892329727,0.14237546915165697,10.0
exp195,-1900mV,-0.15,-0.0005240750129900478,-0.13369515508473528,0.9218798049632315,0.5240750129900478,10.0
exp196,-1400mV,-0.15,-0.017774035621486488,-0.6848047720243997,0.9993229277102009,17.774035621486487,10.0
exp197,-1900mV,-0.15,-0.00019974142007233276,-0.039652924034505155,0.8834205318352017,0.19974142007233275,10.0
exp198,-1700mV,-0.15,-0.004489218322417327,-0.28238748425991256,0.9948015739802658,4.489218322417327,10.0
exp199,-1900mV,-0.15,-0.00025125285345212043,-0.020584840638594587,0.9677966151325482,0.25125285345212045,10.0
exp200,-1900mV,-0.15,-0.00014230345406190123,-0.010898663672567505,0.8982791614076673,0.14230345406190123,10.0
exp201,-1600mV,-0.15,-0.0036576917119568453,-0.26007311949595513,0.9957505476657709,3.6576917119568453,10.0
exp202,-1900mV,-0.15,-0.0002317285986808197,-0.049180539398466894,0.9405958491938904,0.23172859868081971,10.0
exp203,-1600mV,-0.15,-0.008566271245680138,-0.3516951086619491,0.9986693879022257,8.566271245680138,10.0
exp204,-1800mV,-0.15,-0.00021407619368847422,-0.037613397735043186,0.9094185113468493,0.21407619368847422,10.0
exp205,-1900mV,-0.15,-0.0001742289351619238,-0.018338367711672465,0.9164925056688513,0.1742289351619238,10.0
exp206,-1800mV,-0.15,-0.0009043413896272424,-0.06588136453848487,0.9935023061547387,0.9043413896272424,10.0
exp207,-1400mV,-0.15,-0.022893491234863398,-1.468748207676299,0.9989492600159852,22.893491234863397,10.0
exp208,-1700mV,-0.15,-0.00027212943477890225,-0.03952056149315576,0.9614324284069881,0.2721294347789022,10.0
exp209,-1500mV,-0.15,-0.03159411131453625,-6.306697522437933,0.9395410790845818,31.594111314536253,10.0
exp210,-1600mV,-0.15,-0.004747854675766112,-0.46403821915685883,0.9940006759172108,4.747854675766112,10.0
exp211,-1800mV,-0.15,-0.00025975567075901964,-0.11101802606148935,0.9304232123247035,0.2597556707590196,10.0
exp212,-1500mV,-0.15,-0.004084918790430684,-0.2819573740459258,0.9987884067942775,4.0849187904306845,10.0
exp213,-1600mV,-0.15,-0.0032655658407855143,-0.35592642470748714,0.9966574253556038,3.265565840785514,10.0
exp215,-1900mV,-0.15,-0.00015583371314646885,-0.017268051578512647,0.8832585579575863,0.15583371314646885,10.0
exp216,-1700mV,-0.15,-0.001791661609491989,-0.09937992412501284,0.995664891864864,1.791661609491989,10.0
exp218,-1800mV,-0.15,-0.0008111044548394364,-0.051860018424921384,0.9911010652208849,0.8111044548394364,10.0
exp220,-1800mV,-0.15,-0.0002729047363585758,-0.028014356857400197,0.9499109915211952,0.2729047363585758,10.0
exp221,-1900mV,-0.15,-0.00014061709468176064,-0.03125136189699376,0.8477986793505081,0.14061709468176065,10.0
exp222,-1900mV,-0.15,-0.0001412060016048346,-0.026415872344250482,0.8471035314873434,0.1412060016048346,10.0
exp223,-1600mV,-0.15,-0.002496086776975067,-0.219322123135673,0.9883327876477155,2.496086776975067,10.0
exp224,-1600mV,-0.15,-0.0010223321280038269,-0.13535723197852867,0.4799695764381771,1.022332128003827,10.0
exp226,-1700mV,-0.15,-0.006772500075122566,0.36490909834245855,0.42898951628189663,6.772500075122566,10.0
exp230,-1700mV,-0.15,-0.0004147975940894253,-0.0354155092223577,0.9817453230747112,0.4147975940894253,10.0
exp232,-2000mV,-0.15,-0.0001388649469309512,-0.011022357546689607,0.9168360163557214,0.1388649469309512,10.0
exp233,-1800mV,-0.15,-0.0007225694344533358,-0.04656074726329534,0.9924263882491319,0.7225694344533358,10.0
exp234,-1900mV,-0.15,-0.0001498242655027592,-0.01711639579312861,0.854512136243344,0.14982426550275918,10.0
exp235,-1900mV,-0.15,-0.0002177269717167082,-0.02812865730168347,0.9336624461300498,0.21772697171670818,10.0
exp237,-1700mV,-0.15,-0.0010947590981356442,-0.10893906824505872,0.9859058560072739,1.094759098135644,10.0
exp238,-1700mV,-0.15,-0.0014102621707262723,-0.16701081497099834,0.9831923408535495,1.4102621707262724,10.0
exp239,-1700mV,-0.15,-0.0016049069678750786,-0.09221455381179844,0.9940022848473224,1.6049069678750787,10.0
exp240,-1800mV,-0.15,-0.004405043678268697,-0.3516974190405815,0.9915403539303648,4.405043678268697,10.0
exp241,-1900mV,-0.15,-0.00019312415657107398,-0.03580589516591748,0.35162130855621176,0.19312415657107398,10.0
exp242,-1800mV,-0.15,-0.001063719238064687,-0.018993777821191882,0.9971350129344119,1.063719238064687,10.0
exp243,-1600mV,-0.15,-0.0008154665401241079,-0.08665578282106667,0.9825851997448607,0.8154665401241079,10.0
exp244,-1900mV,-0.15,-0.00018036725400768678,-0.026709768330865177,0.9116147026682169,0.18036725400768677,10.0
exp245,-1600mV,-0.15,-0.0015815571058759828,-0.0768466747223554,0.9982042921968557,1.5815571058759827,10.0
exp246,-2000mV,-0.15,-0.0001708161921436991,-0.014222728842892537,0.92981409579001,0.1708161921436991,10.0
exp247,-1900mV,-0.15,-0.0001792872483002649,-0.013289975185457659,0.9320964082413074,0.1792872483002649,10.0
exp249,-1800mV,-0.15,-0.00019402570610096856,-0.01591009330555905,0.9655264040289993,0.19402570610096856,10.0
exp252,-1700mV,-0.15,-0.001656660027976778,-0.29125136265657037,0.962815963977823,1.6566600279767778,10.0
exp253,-1800mV,-0.15,-0.00034490802554923525,-0.031381050095952046,0.9709104765610688,0.3449080255492353,10.0
exp254,-1800mV,-0.15,-0.00027717401766708664,-0.039245484015239945,0.9602196053755863,0.27717401766708666,10.0
exp255,-1800mV,-0.15,-0.00019272655894563714,-0.01672190022401379,0.9666520232057789,0.19272655894563714,10.0
exp256,-1700mV,-0.15,-0.00029915392641374826,-0.13562430858358987,0.2140599597756922,0.2991539264137483,10.0
exp258,-1900mV,-0.15,-0.00011783470327076066,-0.03226293934357927,0.278714554337021,0.11783470327076066,10.0
exp259,-1900mV,-0.15,-0.00015235631388831473,-0.024235564863491377,0.8879251161536114,0.15235631388831472,10.0
exp260,-1900mV,-0.15,-0.00016982298161947613,-0.010390766491404205,0.9374114564937303,0.16982298161947612,10.0
exp261,-1600mV,-0.15,-0.0030797755900930602,-0.2690347617227069,0.9910681455694176,3.0797755900930603,10.0
exp262,-1900mV,-0.15,-0.00016755534725194045,-0.013942565367083229,0.8914502789176951,0.16755534725194046,10.0
exp263,-1900mV,-0.15,-0.00012446905814836114,-0.04070069656903034,0.29640446529541653,0.12446905814836115,10.0
exp265,-1600mV,-0.15,-0.0007899411098592889,-0.0071333877101528165,0.3680299915096224,0.7899411098592889,10.0
exp266,-1900mV,-0.15,-0.0003553118368634033,-0.061393191357211135,0.9771951388841487,0.3553118368634033,10.0
exp267,-1900mV,-0.15,-8.951827051087141e-05,-0.0604768410715641,0.1059431059031934,0.08951827051087141,10.0
exp270,-2100mV,-0.15,-1.1839926395730696e-05,-0.1163850989237358,0.00190520584734438,0.011839926395730695,10.0
exp271,-1900mV,-0.15,-0.0005197889983912846,0.03057387817682483,0.7457844911106444,0.5197889983912846,10.0
exp272,-2100mV,-0.15,-0.00017962920784863264,-0.04987746353062672,0.8784792242965738,0.17962920784863265,10.0
exp273,-1700mV,-0.15,-0.0037961690949061375,-0.1816895970479564,0.11564597843545735,3.7961690949061375,10.0
exp275,-1400mV,-0.15,-0.013220526198436328,-0.2329763659089812,0.999822495689524,13.220526198436328,10.0
exp276,-2100mV,-0.15,-0.0001673967431497567,-0.048982672875520814,0.8765691536890099,0.1673967431497567,10.0
exp277,-2100mV,-0.15,-0.00016608758586077982,-0.023859878308369595,0.9215020170502918,0.16608758586077982,10.0
exp278,-1600mV,-0.15,-0.012945633189109376,-0.9928124247326897,0.9936971316157276,12.945633189109376,10.0
exp279,-1700mV,-0.15,-0.0009649019295677353,-0.12365250884996981,0.9666684433924635,0.9649019295677352,10.0
exp280,-1900mV,-0.15,-0.00018929538896233052,-0.02768327326950186,0.937982786503429,0.18929538896233053,10.0
exp281,-1800mV,-0.15,-0.0004975790301882468,-0.040898933385537545,0.9851126584808326,0.49757903018824684,10.0
exp282,-1800mV,-0.15,-0.00039336310379632796,-0.04197746244000103,0.9662012496335571,0.39336310379632794,10.0
exp283,-1500mV,-0.15,-0.0029416171180649603,-0.08731591812962614,0.9996210672945749,2.9416171180649604,10.0
exp284,-1900mV,-0.15,-0.000606794193653358,-0.05178562708135359,0.6270151018218432,0.6067941936533581,10.0
exp285,-1400mV,-0.15,-0.01651746589594714,-1.160831704152435,0.9948583214645073,16.51746589594714,10.0
exp286,-1800mV,-0.15,-0.00029521326413855267,-0.02717079647480211,0.9725640327104281,0.29521326413855264,10.0
exp287,-1800mV,-0.15,-0.0008610520467259542,-0.09237697659459204,0.9777538177177183,0.8610520467259543,10.0
exp288,-1900mV,-0.15,-0.0002274854178689283,-0.01204345312026224,0.957269893810305,0.22748541786892829,10.0
exp289,-1600mV,-0.15,-0.006685520314824292,-0.6555380981658101,0.9899332547663988,6.685520314824292,10.0
exp290,-1800mV,-0.15,-0.0002484433064384391,-0.03588608587634362,0.9554493645952359,0.24844330643843912,10.0
exp291,-1900mV,-0.15,-0.00018645021419204098,-0.025035310339520486,0.923205108945129,0.18645021419204097,10.0
exp292,-1800mV,-0.15,-0.0005974933932688406,-0.0646960801666695,0.9831231204455549,0.5974933932688407,10.0
exp293,-2100mV,-0.15,-9.153359344651635e-05,-0.08503098214582064,0.09347200759733416,0.09153359344651635,10.0
exp294,-1900mV,-0.15,-0.0001944193503113825,-0.015842987883431733,0.9274138971528565,0.1944193503113825,10.0
exp295,-1800mV,-0.15,-0.00021573464767346844,-0.01695310582712048,0.9564931728213392,0.21573464767346845,10.0
exp296,-1600mV,-0.15,0.11370050179823812,-76.52026253016902,0.1798296342879978,-113.70050179823812,10.0
exp298,-1900mV,-0.15,-0.00020374002989897758,-0.026950465475781116,0.9258022138563065,0.20374002989897758,10.0
exp299,-1400mV,-0.15,-0.012770953372932213,-0.4723239965109345,0.9994450217028343,12.770953372932214,10.0
exp302,-1800mV,-0.15,-0.00045909272483642713,-0.06641619503768206,0.9637169210955548,0.4590927248364271,10.0
exp303,-1600mV,-0.15,-0.003605407165301227,-0.15894923929137716,0.9973891448304891,3.605407165301227,10.0
exp304,-1800mV,-0.15,-0.0009182249747804992,-0.08367143825684326,0.9878829082588099,0.9182249747804992,10.0
exp305,-1600mV,-0.15,-0.0033444548269213037,-0.16895916043701575,0.9976582665697153,3.3444548269213037,10.0
exp311,-1700mV,-0.15,-0.0007732358027655765,-0.08941909061306869,0.9852357064898853,0.7732358027655765,10.0
exp317,-1900mV,-0.15,-0.0001647568710662815,-0.037834516794720566,0.9169305206068734,0.1647568710662815,10.0
exp318,-2000mV,-0.15,-8.667536904462351e-05,-0.029268161362642098,0.6826138062509344,0.0866753690446235,10.0
exp319,-1900mV,-0.15,-6.875884934358207e-05,-0.009955948801832336,0.7985181035120277,0.06875884934358208,10.0
exp320,-1500mV,-0.15,-0.008870246270384033,-0.27440721491875575,0.9990925730087376,8.870246270384033,10.0
exp321,-1900mV,-0.15,-0.00010784185993759337,-0.009857013641418541,0.8657235724389126,0.10784185993759338,10.0
exp322,-1600mV,-0.15,-0.0035575026624898327,-0.2623265298885802,0.9945082668952495,3.5575026624898327,10.0
exp323,-1500mV,-0.15,-0.03844472577049434,-4.636167807750013,0.9805240223434433,38.444725770494344,10.0
exp324,-1600mV,-0.15,-0.0019198262606842575,-0.09736429283743997,0.9974142445943841,1.9198262606842575,10.0
exp325,-1700mV,-0.15,-0.00279260574413787,-0.03244081760995687,0.9996743693790854,2.79260574413787,10.0
exp326,-1900mV,-0.15,-0.00029028186719693935,-0.007281848210237307,0.9786133795777171,0.2902818671969393,10.0
exp327,-1700mV,-0.15,-0.00027087302284634995,-0.07722613700584519,0.8906599622671866,0.27087302284634995,10.0
exp328,-1600mV,-0.15,-0.0055068995994563925,-0.39531815885509003,0.9938954690065448,5.506899599456393,10.0
exp329,-1500mV,-0.15,-0.006456263568088484,-0.2987856023254891,0.9987838046067611,6.456263568088484,10.0
exp330,-1800mV,-0.15,-0.0001394384850887634,-0.020815128420054313,0.8972359565595203,0.13943848508876341,10.0
exp331,-1900mV,-0.15,-0.00016290177175848136,-0.013681147607222693,0.9429149417187972,0.16290177175848136,10.0
exp332,-1400mV,-0.15,-0.013915765336645349,-0.7013461335652131,0.9999286131796338,13.915765336645348,10.0
exp333,-1900mV,-0.15,-0.00012816348741249872,-0.015101872221340192,0.9150281387850079,0.12816348741249872,10.0
exp334,-2000mV,-0.15,-0.00010196681122375938,-0.02691416721202612,0.7574748782256295,0.10196681122375939,10.0
exp335,-1400mV,-0.15,-0.007039498715077272,-0.41449863742413395,0.9998819033599947,7.039498715077271,10.0
exp336,-1900mV,-0.15,-0.0001220542666779075,-0.008190526456356685,0.9339807384585898,0.1220542666779075,10.0
exp337,-1800mV,-0.15,-0.0010198464589999032,-0.09666621035106299,0.9899252016640491,1.0198464589999032,10.0
exp338,-2000mV,-0.15,-0.00015165086622230358,-0.02361915584423588,0.841343267213456,0.1516508662223036,10.0
exp339,-1700mV,-0.15,-0.003918664124859532,-0.3249743454607128,0.9924541738815427,3.918664124859532,10.0
exp340,-1700mV,-0.15,-0.0007671947910997255,-0.08407461198789185,0.9817200530066031,0.7671947910997254,10.0
exp341,-1900mV,-0.15,-0.00011421447468743343,-0.02164708627105094,0.7724194420810491,0.11421447468743343,10.0
exp342,-1700mV,-0.15,-0.0019553871022173304,-0.11946619771424027,0.9947969443366133,1.9553871022173304,10.0
exp343,-1600mV,-0.15,-0.005069081672988769,-0.23811426820025972,0.997856754863202,5.069081672988769,10.0
exp344,-1900mV,-0.15,-0.0006844843482793671,-0.04886678365031438,0.9902474297697393,0.6844843482793671,10.0
exp345,-1900mV,-0.15,-0.00010134420170889081,-0.004911945995019658,0.9412719157496634,0.10134420170889082,10.0
exp346,-2000mV,-0.15,-8.717944935368736e-05,-0.0075112561488751076,0.9025262474552578,0.08717944935368736,10.0
exp347,-2000mV,-0.15,-9.183102915022212e-05,-0.003791410142636696,0.8749073054041796,0.09183102915022212,10.0
exp348,-1900mV,-0.15,-0.00011687162713712526,-0.00628120739982168,0.9006101890864766,0.11687162713712526,10.0
exp349,-1400mV,-0.15,-0.029012143378126472,-0.7669194265199604,0.9997318467194563,29.01214337812647,10.0
exp350,-1700mV,-0.15,-0.004015007185128345,-0.2682672096322307,0.996189767803048,4.015007185128345,10.0
exp351,-1800mV,-0.15,-9.828013416158126e-05,-0.01553410291982251,0.8837327836932393,0.09828013416158125,10.0
exp352,-1900mV,-0.15,-0.00010968320277175769,-0.0016605393842871533,0.9403347101976028,0.10968320277175769,10.0
exp353,-1700mV,-0.15,-0.001739534557414253,-0.06496484049971918,0.9958090071059661,1.7395345574142531,10.0
exp354,-1600mV,-0.15,-0.0037829150476914476,-0.1747329548857175,0.9985925579849675,3.7829150476914477,10.0
exp355,-1700mV,-0.15,-0.003284868308250638,-0.2869874481179946,0.9905340732313572,3.284868308250638,10.0
exp356,-1800mV,-0.15,-0.00015907038270642572,-0.02525573945051178,0.9527723227352558,0.15907038270642573,10.0
exp357,-1700mV,-0.15,-0.0009911383903861153,-0.11783269672274332,0.9833326865591,0.9911383903861153,10.0
exp358,-1800mV,-0.15,-0.00012157051317952294,-0.008582281220134276,0.9347877061887195,0.12157051317952294,10.0
exp359,-1800mV,-0.15,-0.000123979535485328,-0.012183753236420833,0.8997975716841561,0.123979535485328,10.0
exp360,-1900mV,-0.15,-0.0001080450095866291,-0.009610532637664981,0.8648802173685177,0.1080450095866291,10.0
exp361,-1800mV,-0.15,-0.00038221497077410387,-0.021514182531419124,0.9862770204042937,0.3822149707741039,10.0
exp362,-1600mV,-0.15,-0.0036555592912554456,-0.15154754572813767,0.9990519073410279,3.6555592912554458,10.0
exp363,-1600mV,-0.15,-0.004501182014575677,-0.4952848875038347,0.9885763390519129,4.501182014575677,10.0
exp364,-1600mV,-0.15,-0.0029271062221606337,-0.4780733262653467,0.9748382710241831,2.9271062221606337,10.0
exp365,-2000mV,-0.15,-0.00011453878131538443,-0.003704665552659178,0.9042960159785406,0.11453878131538443,10.0
exp366,-1800mV,-0.15,0.021181708375907837,-9.740282077482885,0.21312837735340617,-21.181708375907835,10.0
exp367,-1900mV,-0.15,-0.00013218415660773408,-0.015481185754422748,0.8448680635557987,0.13218415660773408,10.0
exp369,-1600mV,-0.15,-0.002881150394869345,-0.11952370398788359,0.9979203727242111,2.881150394869345,10.0
exp370,-1700mV,-0.15,-0.003800164307436866,-0.09083532106600534,0.9985891580113329,3.800164307436866,10.0
exp371,-1700mV,-0.15,-0.0011299682738173153,-0.07595509011321688,0.9913545736560654,1.1299682738173153,10.0
exp372,-1400mV,-0.15,-0.016081820448800663,-1.2519185399991999,0.9961199290685188,16.081820448800663,10.0
exp373,-1700mV,-0.15,-0.0023975793757051475,-0.2373384557149445,0.9933803305538572,2.3975793757051473,10.0
exp374,-1800mV,-0.15,-0.0009685354724426477,-0.06904009521595733,0.9825851343102016,0.9685354724426477,10.0
exp375,-1800mV,-0.15,-0.0007180962068446843,-0.155937993058141,0.9636243313955383,0.7180962068446842,10.0
exp376,-1700mV,-0.15,-0.003415269424044697,-0.17897613931464096,0.9965597491028538,3.415269424044697,10.0
exp377,-1900mV,-0.15,-0.00010194209785857616,-0.011382403154957324,0.8429667473554184,0.10194209785857616,10.0
exp378,-1500mV,-0.15,-0.007386611718972328,-0.4889837253954097,0.9993231391232772,7.386611718972328,10.0
exp379,-1600mV,-0.15,-0.006581455073949157,-0.40880608601585067,0.9963742446461437,6.581455073949157,10.0
exp380,-1900mV,-0.15,-8.181796751730804e-05,-0.03374323184865426,0.6416165564234629,0.08181796751730805,10.0
exp381,-1800mV,-0.15,-0.00010463273497393254,-0.0119545636760384,0.8649066798562949,0.10463273497393254,10.0
exp382,-1800mV,-0.15,-0.0013092465392207763,-0.12978931758523493,0.9852074174916513,1.3092465392207764,10.0
exp383,-1900mV,-0.15,-9.199605257839761e-05,-0.024466093177520423,0.7257034466002911,0.09199605257839762,10.0
exp384,-1900mV,-0.15,-9.652950918087179e-05,-0.029416433867536222,0.7498591840951717,0.09652950918087179,10.0
exp385,-1900mV,-0.15,-0.00011156149267463427,-0.02778641426849838,0.7970447539908286,0.11156149267463426,10.0
exp386,-1900mV,-0.15,-0.00012064553071346442,-0.022503724029690343,0.7996510780152365,0.12064553071346443,10.0
exp387,-1900mV,-0.15,-0.00019723934783224888,-0.055391046047220144,0.8670432010389769,0.1972393478322489,10.0
exp388,-1900mV,-0.15,-0.0002544523706768469,-0.039453085777465535,0.9462681385218458,0.2544523706768469,10.0
exp389,-2000mV,-0.15,-9.127909009379106e-05,-0.03261218440647207,0.6445873233279595,0.09127909009379107,10.0
exp390,-1900mV,-0.15,-8.656157724534266e-05,-0.027949647266265268,0.7725395016958571,0.08656157724534266,10.0
exp391,-1500mV,-0.15,-0.009473085545234,-0.43760774078878306,0.9988665983309191,9.473085545234,10.0
exp392,-1900mV,-0.15,-0.0001092745949035704,-0.02182120336760978,0.7504248904679658,0.1092745949035704,10.0
exp393,-1600mV,-0.15,-0.009089123403743918,-0.8883744487998335,0.9915144480283405,9.089123403743917,10.0
exp394,-1900mV,-0.15,-0.00010692880101464691,-0.017043872058371816,0.8275887366092719,0.10692880101464691,10.0
exp395,-1900mV,-0.15,-0.0002047351475028596,-0.057437706036322395,0.7753495562532419,0.2047351475028596,10.0
exp401,-1700mV,-0.15,-0.0009744601423022678,-0.050700917289312586,0.9950103452480556,0.9744601423022677,10.0
exp402,-1800mV,-0.15,-0.00044327535728872614,-0.028053734571031247,0.9858517337338757,0.44327535728872614,10.0
exp403,-1700mV,-0.15,-0.001985593110017233,-0.15988893041451635,0.9930672962099527,1.985593110017233,10.0
exp404,-1800mV,-0.15,-0.0006014226374810271,-0.05841416066384403,0.9842719181099785,0.6014226374810271,10.0
exp405,-1700mV,-0.15,-0.003105944086896544,-0.22758609431333987,0.9943765659002428,3.105944086896544,10.0
exp406,-1700mV,-0.15,-0.0016866594761715495,-0.11400199400234623,0.9948131145704199,1.6866594761715494,10.0
exp407,-1800mV,-0.15,-0.00010634280308885931,-0.0030335600599668763,0.8744473360165802,0.10634280308885931,10.0
exp408,-1800mV,-0.15,-0.00150741580767083,-0.13501203925645977,0.9866204184339048,1.50741580767083,10.0
exp409,-1800mV,-0.15,-0.00010609508257375124,-0.01423292679088007,0.8041154632713607,0.10609508257375125,10.0
exp410,-1900mV,-0.15,-0.00012172789201240812,-0.014809223206204244,0.8638750313258845,0.12172789201240812,10.0
exp411,-1800mV,-0.15,-0.00042135184438715377,-0.037316767272895374,0.9802968311208626,0.4213518443871538,10.0
exp412,-1700mV,-0.15,-0.007483584052231607,-2.752627512914174,0.9491321567358272,7.483584052231607,10.0
exp413,-1900mV,-0.15,-0.0001293759677892372,-0.022317001127521843,0.8918217551955503,0.12937596778923718,10.0
exp414,-1700mV,-0.15,-0.0016837074633443236,-0.286793597855988,0.9788093121588782,1.6837074633443236,10.0
exp415,-1700mV,-0.15,-0.0030163968855622205,-0.25476864839995206,0.9941566834338238,3.0163968855622207,10.0
exp416,-1800mV,-0.15,-0.00037846403715394205,-0.02072785307597136,0.9914985046425286,0.37846403715394206,10.0
exp418,-1500mV,-0.15,-0.006774794972863141,-0.24586239196234327,0.9994235302926802,6.774794972863141,10.0
exp419,-1700mV,-0.15,-0.0016841248687364696,-0.14369520173539418,0.9928754478097553,1.6841248687364696,10.0
exp420,-1400mV,-0.15,-0.01132372505365393,-0.33048099051160396,0.9998704513996162,11.32372505365393,10.0
exp421,-1800mV,-0.15,-0.00031455191095752674,-0.03235174776630556,0.9806137461120871,0.3145519109575267,10.0
exp422,-1800mV,-0.15,-0.0003594012432139306,-0.019185086666701157,0.9890701347423007,0.3594012432139306,10.0
exp423,-1900mV,-0.15,-0.00011267093378137376,-0.004996972992553868,0.9059605634040581,0.11267093378137376,10.0
exp424,-1900mV,-0.15,-0.00010798151803072676,-0.012348225609904506,0.8268211941844089,0.10798151803072677,10.0
exp425,-1800mV,-0.15,-0.00010306091250148365,-0.01222504255100311,0.8710372912308963,0.10306091250148365,10.0
exp426,-1800mV,-0.15,-0.0008289960179299526,-0.015191562385828083,0.9925769798344732,0.8289960179299526,10.0
exp427,-1500mV,-0.15,-0.013239656676071326,-0.5357065441373479,0.9992800881740954,13.239656676071327,10.0
exp428,-1900mV,-0.15,-0.0001458876389300395,-0.0103247054870165,0.9166290473682835,0.1458876389300395,10.0
exp429,-1800mV,-0.15,-0.00045797310902112256,-0.03742549432434031,0.9852118678964943,0.45797310902112254,10.0
exp430,-1500mV,-0.15,-0.006992674348186419,-0.3327575679886041,0.9991185192133879,6.992674348186419,10.0
exp431,-1600mV,-0.15,-0.02049275382928055,-0.658776616028673,0.9988944257477712,20.49275382928055,10.0
exp432,-1500mV,-0.15,-0.020186007797029643,-1.1239574281910727,0.9983318637189584,20.186007797029642,10.0
exp433,-1800mV,-0.15,-0.00022229092350862587,-0.021405015558564222,0.9633307608935974,0.22229092350862587,10.0
exp434,-1700mV,-0.15,-0.005124335078794095,-0.30104540582063377,0.9974144707682852,5.124335078794095,10.0
exp435,-1700mV,-0.15,-0.002616120034744369,-0.25058986973154784,0.9951455393563119,2.6161200347443687,10.0
exp436,-1700mV,-0.15,-0.0007232116021597718,-0.12553964510672538,0.9901020610843309,0.7232116021597718,10.0
exp437,-1600mV,-0.15,-0.003835792606600467,-0.47619590625845754,0.9912532819003099,3.8357926066004673,10.0
exp438,-1900mV,-0.15,-0.00010094748573479305,-0.013571382467845533,0.8715910059372137,0.10094748573479305,10.0
exp439,-1800mV,-0.15,-0.00015057538451656465,-0.01932695973927226,0.887520422292132,0.15057538451656466,10.0
exp440,-1900mV,-0.15,-0.00010083454032079664,-0.015492370202436906,0.7800801795076071,0.10083454032079664,10.0
exp441,-1500mV,-0.15,-0.005261004419106874,-0.24227313963359398,0.9995690517618926,5.261004419106873,10.0
exp442,-1700mV,-0.15,-0.0038874700345812876,-0.24994040014352636,0.9960296574336184,3.8874700345812876,10.0
exp443,-1600mV,-0.15,-0.0033672915859271854,-0.15454075201862305,0.998258764386791,3.3672915859271852,10.0
exp444,-1500mV,-0.15,-0.014015121022140519,-0.3773930704073072,0.9994518403447792,14.01512102214052,10.0
exp445,-1800mV,-0.15,-0.000314761011527023,-0.03804079562781257,0.9652917874167302,0.31476101152702296,10.0
exp446,-1900mV,-0.15,-0.00013324941477498863,-0.0024111225349311635,0.9240372664907822,0.13324941477498864,10.0
exp447,-1800mV,-0.15,-0.0006477617253906207,-0.026488377089593618,0.9942868611459508,0.6477617253906207,10.0
exp448,-1800mV,-0.15,-0.00015304388256946484,-0.009637984999666421,0.9444499196199504,0.15304388256946483,10.0
exp449,-1700mV,-0.15,-0.0025065410820437743,-0.164057391501629,0.9966465661795456,2.5065410820437743,10.0
exp450,-1500mV,-0.15,-0.004529626799493671,-0.29874835142616085,0.9981119145471574,4.529626799493671,10.0
exp451,-1700mV,-0.15,-0.006208403706856119,-0.2543039458045171,0.9977760637409139,6.208403706856119,10.0
exp452,-1700mV,-0.15,-0.0008621978136763127,-0.060677113236714486,0.9927105085747054,0.8621978136763128,10.0
exp453,-1900mV,-0.15,-0.00010729869489441455,-0.028681081492417007,0.7333185625986887,0.10729869489441456,10.0
exp454,-1700mV,-0.15,-0.0007448504637541632,-0.09153960676077005,0.9870204470817325,0.7448504637541632,10.0
exp455,-1900mV,-0.15,-0.0001264972477680063,-0.0023595627961014373,0.8997495298964507,0.1264972477680063,10.0
exp456,-1800mV,-0.15,-0.00013116856932044146,0.0007120191333788786,0.9540260238312152,0.13116856932044146,10.0
exp457,-1800mV,-0.15,-0.0001091556126646196,-0.009604134471302359,0.837337752956445,0.10915561266461961,10.0
exp458,-1900mV,-0.15,-0.00011574666715832968,-0.004304445542581137,0.8623876414631553,0.11574666715832968,10.0
exp459,-1400mV,-0.15,-0.005811461397034996,-0.42761703059972245,0.9992943872692314,5.811461397034996,10.0
exp460,-1900mV,-0.15,-0.00011602981830185044,-0.004238410806880165,0.8639492400661319,0.11602981830185044,10.0
exp461,-1900mV,-0.15,-0.00012789274359001056,0.002238418567221352,0.9773373726498548,0.12789274359001057,10.0
exp462,-1500mV,-0.15,-0.007211650316921875,-0.2570179760686906,0.9996423832921753,7.211650316921875,10.0
exp463,-1700mV,-0.15,-0.0005369352496114659,-0.15128169394024363,0.9319568385027286,0.5369352496114659,10.0
exp464,-1900mV,-0.15,-0.00010852649068520747,-0.011835089566069053,0.8249362816471802,0.10852649068520746,10.0
exp465,-1700mV,-0.15,-0.0004714393611228499,-0.02605047805120353,0.9961761285224644,0.4714393611228499,10.0
exp466,-1500mV,-0.15,-0.006285422235769936,-0.15152130868859315,0.9995683986824865,6.2854222357699365,10.0
exp467,-1700mV,-0.15,-0.0018660235556385142,-0.24201434557768864,0.9921618038176196,1.8660235556385143,10.0
exp468,-1900mV,-0.15,-9.791628434082328e-05,-0.005459040490385973,0.883827630546836,0.09791628434082328,10.0
exp469,-1400mV,-0.15,-0.014702231425444454,-0.67216130407847,0.999657347579322,14.702231425444454,10.0
exp470,-1800mV,-0.15,-0.00011208526862244638,-0.010245993102424418,0.8572137730821545,0.11208526862244639,10.0
exp471,-1700mV,-0.15,-0.0015030919001497117,-0.13122323984167805,0.9889459733409145,1.5030919001497118,10.0
exp472,-1900mV,-0.15,-0.00016822772168957842,-0.007988187926551857,0.9199059433559209,0.16822772168957842,10.0
exp473,-1800mV,-0.15,-0.00011893837973413759,-0.011522571611183675,0.8548355578113406,0.11893837973413758,10.0
exp474,-1500mV,-0.15,-0.014129291795857864,-0.37169086604720203,0.9995385252513527,14.129291795857865,10.0
exp475,-1500mV,-0.15,-0.005528683259849409,-0.267191902448245,0.9991219615687571,5.528683259849409,10.0
exp476,-1900mV,-0.15,-0.0001610667578245316,-0.025239364246338866,0.8462391690774309,0.16106675782453161,10.0
exp477,-1800mV,-0.15,-0.0001242072266905604,-0.010188415934972515,0.8624259705581365,0.1242072266905604,10.0
exp478,-1900mV,-0.15,-0.0001165325200699267,-0.00040842778525119333,0.9229298399337835,0.1165325200699267,10.0
exp479,-1600mV,-0.15,-0.004012983184935002,-0.207171430468017,0.9987626816033737,4.012983184935002,10.0
exp480,-1800mV,-0.15,-0.0016440740256128896,-0.062257583126330784,0.9987424553141923,1.6440740256128896,10.0
exp481,-1900mV,-0.15,-0.00014250197300683744,-0.003990306208279393,0.9075257708256759,0.14250197300683745,10.0
exp482,-1500mV,-0.15,-0.009996523662340483,-0.33069465306161394,0.9988649227863903,9.996523662340483,10.0
exp483,-1800mV,-0.15,-0.00013827512761177365,-0.009745139094700164,0.8700314555488085,0.13827512761177366,10.0
exp484,-1800mV,-0.15,-0.0005697167463407748,-0.03740592573380891,0.9894876711158276,0.5697167463407748,10.0
exp485,-1900mV,-0.15,-0.0009534146546643914,-0.060090862570873704,0.9867598714184042,0.9534146546643913,10.0
exp486,-1500mV,-0.15,-0.007771231165444115,-0.2327958398853922,0.9993770891971061,7.771231165444115,10.0
exp487,-1900mV,-0.15,-0.00014793746834267048,-0.019230727721859173,0.9059786386068003,0.14793746834267046,10.0
exp488,-1700mV,-0.15,-0.0008737760659550993,-0.11310164261401068,0.990231729130654,0.8737760659550993,10.0
exp489,-1600mV,-0.15,-0.0018779826360821714,-0.1990647232825039,0.990069215275631,1.8779826360821714,10.0
exp490,-1600mV,-0.15,-0.002276287029400253,-0.2796483563209986,0.9830630409394651,2.2762870294002533,10.0
exp491,-1800mV,-0.15,-0.00011184693792014731,-0.008093937121481466,0.8615008396516782,0.11184693792014731,10.0
exp492,-1800mV,-0.15,-0.000170014703258661,-0.007306594580829079,0.940426039617939,0.170014703258661,10.0
exp493,-1700mV,-0.15,-0.0027207949262160937,-0.1682769024618218,0.997331684742565,2.7207949262160938,10.0
exp494,-1800mV,-0.15,-0.00025299349542690915,-0.014939822897008598,0.9881275515048187,0.25299349542690913,10.0
exp495,-1800mV,-0.15,-0.0001156238734728297,-0.0029325192900951785,0.9030343771664107,0.1156238734728297,10.0
exp496,-1500mV,-0.15,-0.005264905115900885,-0.24095527434217612,0.9996063405276379,5.264905115900885,10.0
exp497,-1600mV,-0.15,-0.0017249718204112822,-0.1911372445106564,0.9862842852421594,1.724971820411282,10.0
exp498,-1600mV,-0.15,-0.0006874541388145888,-0.04979986329268121,0.9881749938116706,0.6874541388145888,10.0
exp499,-1700mV,-0.15,-0.0008195243336225745,-0.14177948641143917,0.9598878173308749,0.8195243336225745,10.0
exp500,-1600mV,-0.15,-0.0039069422312320795,-0.34912346734940947,0.9891617353879232,3.9069422312320796,10.0
exp501,-1700mV,-0.15,0.03840296560888752,-9.74177242994567,0.24713560915183108,-38.40296560888752,10.0
exp502,-1600mV,-0.15,-0.0004603120350721856,-0.016828788467257716,0.9810638715974875,0.4603120350721856,10.0
exp503,-1900mV,-0.15,-0.00017382166649950777,-0.02044754084975793,0.9274306135261322,0.17382166649950775,10.0
exp504,-1900mV,-0.15,-0.0012921410383775278,-0.07270384617846115,0.9852798842709757,1.2921410383775278,10.0
exp505,-1400mV,-0.15,-0.056198147208177195,-14.735392366824207,0.9641924143181256,56.1981472081772,10.0
exp506,-1800mV,-0.15,-0.0006110938643531456,-0.05008212826357561,0.985122548284996,0.6110938643531456,10.0
exp507,-1500mV,-0.15,-0.0025042460757931833,-0.3990665741173274,0.9942610659279155,2.5042460757931835,10.0
exp508,-1900mV,-0.15,-0.00011499266446645637,-0.01945580923913911,0.8177201363408573,0.11499266446645637,10.0
exp509,-1800mV,-0.15,-0.00016244532051530678,-0.01550839441895234,0.9442001283379524,0.16244532051530677,10.0
exp510,-1900mV,-0.15,-0.00012618974586667948,-0.011770220780351053,0.8617760743124608,0.12618974586667947,10.0
exp511,-2100mV,-0.15,-8.496523853590652e-05,-0.00621896738190366,0.8816729104050112,0.08496523853590651,10.0
exp512,-1500mV,-0.15,-0.0007429880634690295,-0.06824763850978027,0.9887168221888817,0.7429880634690295,10.0
exp514,-1400mV,-0.15,-0.038509381106161734,-4.211606616856045,0.997679170536381,38.50938110616173,10.0
exp515,-1800mV,-0.15,-0.00021511071884649892,-0.023448849289969736,0.9286176927102328,0.21511071884649893,10.0
exp516,-1500mV,-0.15,-0.009729085625445274,-1.0960046951451288,0.9957239709274176,9.729085625445274,10.0
exp517,-1900mV,-0.15,-0.00012953440550798559,-0.012717213332951692,0.8362927353043814,0.1295344055079856,10.0
exp518,-1400mV,-0.15,-0.0034849451989175076,-0.14143090407906866,0.9977910005965129,3.4849451989175075,10.0
exp519,-2000mV,-0.15,-0.00012359653619752238,-0.013555019290301583,0.8083022773560223,0.12359653619752238,10.0
exp520,-1900mV,-0.15,-0.0001541520893643317,-0.016923108883720298,0.8844850219425657,0.1541520893643317,10.0
exp521,-2000mV,-0.15,-0.00011451716051181795,-0.006332709220941417,0.8604767202245656,0.11451716051181796,10.0
exp522,-1500mV,-0.15,-0.0046506705653343,-0.364167228800782,0.996176677098855,4.6506705653343,10.0
exp523,-1800mV,-0.15,-0.0004964280456704873,-0.012802314389197794,0.9821475178226668,0.49642804567048726,10.0
exp524,-1800mV,-0.15,-0.0002062091329003321,-0.027138036571749416,0.934627050849197,0.2062091329003321,10.0
exp525,-1500mV,-0.15,-0.008071296541201943,-0.5554799671404713,0.9934267052319431,8.071296541201942,10.0
exp526,-1800mV,-0.15,-0.0003387870865380427,-0.026279344791557607,0.9794279090355655,0.3387870865380427,10.0
exp527,-1900mV,-0.15,-0.0001208746334650988,-0.01707875307890392,0.7695585134846555,0.1208746334650988,10.0
exp528,-1900mV,-0.15,-0.0001857318356397419,-0.023134568168048333,0.9097623718801272,0.1857318356397419,10.0
exp529,-1800mV,-0.15,-0.0004820362133883099,-0.04767920155947694,0.9821308149728566,0.4820362133883099,10.0
exp530,-1900mV,-0.15,-0.00021895828145324228,-0.029685102418419262,0.927074885254639,0.21895828145324228,10.0
exp531,-1500mV,-0.15,-0.006716747229660027,-0.37707309879116124,0.9983282827423021,6.716747229660027,10.0
exp532,-1700mV,-0.15,-0.0010844381982175015,-0.05431722320238258,0.9964544053587877,1.0844381982175015,10.0
exp533,-1500mV,-0.15,-0.0033916017425629787,-0.20889446654379462,0.9957793872397603,3.3916017425629787,10.0
exp534,-1800mV,-0.15,-0.00017196209654123573,-0.019871294439887666,0.9179525704287175,0.17196209654123573,10.0
exp535,-1800mV,-0.15,-0.004721479194356338,-0.18206346979765176,0.9987400894137198,4.721479194356338,10.0
exp536,-1800mV,-0.15,-0.0004223175464853872,-0.057924740181940576,0.9673651036890154,0.42231754648538716,10.0
exp537,-1700mV,-0.15,-0.0021571044973522128,-0.1411998029177406,0.9934871379940395,2.1571044973522127,10.0
exp538,-1500mV,-0.15,-0.006906798976001486,-0.36935228813538146,0.9988610435421075,6.906798976001486,10.0
exp539,-1800mV,-0.15,-0.000668081383392076,-0.623261538981946,0.8282720797229272,0.668081383392076,10.0
exp540,-1700mV,-0.15,-0.00020065074983618777,-0.01244328787945008,0.9577172849405999,0.20065074983618778,10.0
exp541,-1800mV,-0.15,-0.00015650173900843566,-0.04115600256972217,0.90477001534184,0.15650173900843567,10.0
exp542,-1800mV,-0.15,-9.418922764739352e-05,-0.014130721969965676,0.7294751500089697,0.09418922764739351,10.0
exp543,-1800mV,-0.15,-0.00022649385038109833,-0.0678187974215892,0.9474325531794864,0.22649385038109834,10.0
exp544,-1700mV,-0.15,-0.0003241366094024906,-0.032008207123203763,0.9630252050805522,0.3241366094024906,10.0
exp545,-1900mV,-0.15,-0.0005657876829801466,-0.04339633242140373,0.9815313095262074,0.5657876829801466,10.0
exp546,-1800mV,-0.15,-0.00015130720214801382,-0.014477630069047398,0.9023128575097942,0.15130720214801383,10.0
exp547,-1900mV,-0.15,-0.00010299857929980102,-0.01682706676044133,0.7754258572294428,0.10299857929980102,10.0
exp548,,,,,,,
exp549,,,,,,,
exp550,,,,,,,
exp551,-1400mV,-0.15,-0.07909240615789748,-12.871170002261543,0.9784506647813807,79.09240615789747,10.0
exp552,-1500mV,-0.15,-0.010800363798458919,-0.5041334794226842,0.9980439762001572,10.80036379845892,10.0
exp553,-1700mV,-0.15,-0.0013962693241052267,-0.06920387890671154,0.997764307902201,1.3962693241052266,10.0
exp554,-1800mV,-0.15,-0.00022830776436396055,-0.030507071837957048,0.946251691403842,0.22830776436396055,10.0
exp555,-1700mV,-0.15,-0.005865046085529506,-1.2145135099327247,0.9731739221012862,5.865046085529506,10.0
exp556,-1900mV,-0.15,-0.00019054015767168777,-0.013271916253293464,0.9510775546342344,0.19054015767168778,10.0
exp557,-1900mV,-0.15,-0.00034204474753815156,-0.14428673778796944,0.7240908975267083,0.34204474753815156,10.0
exp558,-1700mV,-0.15,-0.0032840398272708086,-0.11044344122529637,0.9986298468895732,3.2840398272708087,10.0
exp559,-1500mV,-0.15,-0.004697650374137874,-0.35880594770962615,0.9905929230465945,4.697650374137874,10.0
exp560,-1900mV,-0.15,-0.00012605603688549082,-0.016169779863896006,0.8121027651616217,0.12605603688549083,10.0
exp561,-1900mV,-0.15,-0.00010995116961860264,-0.007408124328095379,0.8643441676832151,0.10995116961860264,10.0
exp562,-1800mV,-0.15,-0.00031728206413795374,-0.02840856125550817,0.9835313602792183,0.31728206413795373,10.0
exp563,-1500mV,-0.15,-0.005609744906157903,-0.2616249027116919,0.998891537027557,5.6097449061579026,10.0
exp564,-1400mV,-0.15,-0.017964164048887867,-0.5490488224971628,0.9993434622455344,17.964164048887866,10.0
exp565,-1500mV,-0.15,-0.009256214959892269,-0.3940303917839394,0.9993750808484424,9.256214959892269,10.0
exp566,-1400mV,-0.15,-0.005269376399355312,-0.32096419278348476,0.9970728923395134,5.269376399355312,10.0
exp567,-1700mV,-0.15,-0.002569765158493902,-0.19599286917143144,0.9931845313180876,2.569765158493902,10.0
exp568,-1700mV,-0.15,-0.006764771637053307,-0.3908840358742163,0.9957283415688528,6.764771637053307,10.0
exp569,-1600mV,-0.15,-0.003988722762477211,-0.18797895691949784,0.9973099375997169,3.988722762477211,10.0
exp571,-1600mV,-0.15,-0.00447690169844669,-0.20122306001193024,0.9986277432273669,4.4769016984466905,10.0
exp572,-2000mV,-0.15,-0.00014637342791269347,-0.0256046066240785,0.8735668651756191,0.14637342791269348,10.0
exp573,-1600mV,-0.15,-0.003698007683462097,-0.1049182814963181,0.999614984892123,3.6980076834620967,10.0
exp574,-1500mV,-0.15,-0.004850061124344667,-0.12392510187962724,0.9995556812458398,4.850061124344666,10.0
exp575,,,,,,,
exp576,-1900mV,-0.15,-0.00018383387993862446,-0.023770510963907754,0.9708459303898467,0.18383387993862446,10.0
exp577,-1600mV,-0.15,-0.00466159011103183,-0.20033100066745968,0.9977876149732982,4.661590111031829,10.0
exp578,-1900mV,-0.15,-0.00018701984233920177,-0.026959877895032916,0.964518371107563,0.18701984233920177,10.0
exp579,-1600mV,-0.15,-0.002708678324066814,-0.11500162837385419,0.9968618362888524,2.708678324066814,10.0
exp580,-1700mV,-0.15,-0.0020745110383611014,-0.0713806037181417,0.9987705090407828,2.0745110383611016,10.0
exp581,-1400mV,-0.15,-0.019343949838737436,-0.435796593834727,0.9998587692513384,19.343949838737437,10.0
exp582,-1700mV,-0.15,-0.0002159224439296224,-0.02314643022163189,0.9821955267209488,0.2159224439296224,10.0
exp583,-1700mV,-0.15,-0.0013941638231579892,-0.1229310377360604,0.9866581946813514,1.3941638231579891,10.0
exp584,-1500mV,-0.15,-0.005776916217842609,-0.2861153909556604,0.9970279450442068,5.77691621784261,10.0
exp590,-2000mV,-0.15,-0.0002488562267119875,-0.12409163270552484,0.7853041047768247,0.2488562267119875,10.0
exp597,-2200mV,-0.15,-5.487130263698452e-05,-0.05198196843791116,0.6397593411427877,0.05487130263698452,10.0
exp598,-2200mV,-0.15,-5.60108121234901e-05,-0.05114716217490129,0.6370080436751385,0.0560108121234901,10.0
exp600,-2300mV,-0.15,-6.31685278945816e-05,-0.04636293770859039,0.641154650155124,0.0631685278945816,10.0
exp601,-2300mV,-0.15,-7.067079300833052e-05,-0.041247509388097,0.6414558529825533,0.07067079300833053,10.0
exp602,-2400mV,-0.15,-6.731067960152819e-05,-0.043480604273264827,0.6400926568284835,0.06731067960152819,10.0
exp603,-2400mV,-0.15,-6.835717713258214e-05,-0.0427851676451562,0.6406060358778457,0.06835717713258214,10.0
exp604,,,,,,,
exp610,-1700mV,-0.15,-0.0021717549835303424,-0.042378547335572114,0.9995218203714273,2.1717549835303425,10.0
exp611,-1500mV,-0.15,-0.08566874023917585,-20.550501449325814,0.949893772414459,85.66874023917585,10.0
exp612,-1600mV,-0.15,-0.017763162102510055,-1.9106593926325957,0.9945088077675084,17.763162102510055,10.0
exp613,-1500mV,-0.15,-0.004140447633156386,-0.19654954382587042,0.998105016747445,4.140447633156386,10.0
exp614,-1800mV,-0.15,-0.000983466450342165,-0.04958398531110658,0.9964080664638235,0.983466450342165,10.0
exp615,-1500mV,-0.15,-0.010560190309224697,-0.36546869989861186,0.9966085513129286,10.560190309224696,10.0
exp616,-1400mV,-0.15,-0.015304155681844853,-1.2436097221568412,0.9907037624285508,15.304155681844852,10.0
exp617,-1800mV,-0.15,-0.000764279671989999,-0.14208097499852018,0.931270125767804,0.764279671989999,10.0
exp618,-1500mV,-0.15,-0.005884874017191721,-0.1570025712235461,0.9997161404133398,5.884874017191721,10.0
exp619,-1600mV,-0.15,-0.0004577657084562541,-0.031174315516940027,0.9987226787738821,0.45776570845625414,10.0
exp620,-1500mV,-0.15,-0.0065775566377996005,-0.29508567336551783,0.9989748647939594,6.5775566377996,10.0
exp621,-1500mV,-0.15,-0.04035536730403575,-0.4817389476850735,0.9986677195980506,40.35536730403575,10.0
exp622,-1600mV,-0.15,-0.022221262382728597,-6.566154625362508,0.9448183574373892,22.221262382728597,10.0
exp623,-1500mV,-0.15,-0.004077363897514024,-0.10051754823404391,0.9997487240005216,4.077363897514024,10.0
exp624,-1500mV,-0.15,-0.07074052032589688,-24.233447543894393,0.9338602329451415,70.74052032589688,10.0
exp625,-1400mV,-0.15,-0.05345640144298529,-1.0100067056049546,0.9997196544534414,53.45640144298529,10.0
exp626,-1600mV,-0.15,-0.014249985885214207,-2.7197315190645144,0.9781560689083935,14.249985885214207,10.0
exp627,-1500mV,-0.15,-0.006977620264632469,-0.13744493125493884,0.998441391574746,6.977620264632469,10.0
exp628,-1500mV,-0.15,-0.06956024689858092,-23.142705131698428,0.9044292278849143,69.56024689858093,10.0
exp629,-1600mV,-0.15,-0.009274690121912689,0.3718164810169844,0.9948531188016896,9.27469012191269,10.0
exp630,-1400mV,-0.15,-0.09111543299912318,3.8664499746722143,0.9946612446798708,91.11543299912319,10.0
exp631,-1500mV,-0.15,-0.00753520315558549,-0.1941125691035035,0.9993537897394894,7.5352031555854895,10.0
exp632,-1800mV,-0.15,-0.00038042868186648015,-0.05039509911597051,0.9860629270150397,0.38042868186648016,10.0
exp633,-1400mV,-0.15,-0.015338492067915396,-0.7382150291927685,0.9984010128995172,15.338492067915396,10.0
exp634,-1500mV,-0.15,-0.00825568908064085,-0.042967693886960756,0.9995940187565223,8.25568908064085,10.0
exp635,-1500mV,-0.15,-0.005709874365037083,-0.2291789579601149,0.9993248370904891,5.709874365037083,10.0
exp636,-1700mV,-0.15,-0.002183121802254556,-0.132021586430919,0.9975292341660547,2.183121802254556,10.0
exp637,-1700mV,-0.15,-0.0015447070368954465,-0.12123328922915477,0.9941763496693115,1.5447070368954465,10.0
exp638,-1600mV,-0.15,-0.0015562699258345233,-0.06133093140040802,0.998912185613692,1.5562699258345234,10.0
exp639,-1400mV,-0.15,-0.03982428133631262,-0.8293024980199917,0.9998624420563429,39.82428133631262,10.0
exp640,-1600mV,-0.15,-0.0064974099195148965,-0.3058131727953155,0.997224088440025,6.497409919514896,10.0
exp641,-1400mV,-0.15,-0.06370080567406133,-3.7741272445019725,0.9955467082735072,63.700805674061336,10.0
exp642,-1500mV,-0.15,-0.04173230956486417,-3.099276406502657,0.9906985272495281,41.732309564864174,10.0
exp643,-1400mV,-0.15,-0.046804999497680286,-0.7064188388704125,0.9998037770873253,46.804999497680285,10.0
exp644,-1400mV,-0.15,-0.06947618799942844,0.8452456930380521,0.9996894931619889,69.47618799942843,10.0
exp645,-1500mV,-0.15,-0.06311635855036737,-14.301772276257743,0.9587410369791735,63.11635855036737,10.0
exp646,-1400mV,-0.15,-0.04342285746705166,-1.4979156302007404,0.9990126998179889,43.422857467051664,10.0
exp647,-1400mV,-0.15,-0.053433380848372354,2.6483180320121384,0.9944637661518795,53.43338084837235,10.0
exp648,-1600mV,-0.15,-0.0016019631928362425,-0.12161703362537069,0.99677684313731,1.6019631928362426,10.0
exp649,-1400mV,-0.15,-0.032612743237781495,-2.747350671414699,0.9881507237676892,32.612743237781494,10.0
exp650,-1500mV,-0.15,-0.08692308594270048,-11.61663756950496,0.9816208550519665,86.92308594270048,10.0
exp651,-1400mV,-0.15,-0.027689632914482655,-1.3345247038121553,0.9972978759461583,27.689632914482655,10.0
exp652,-1400mV,-0.15,-0.16001077010805645,-4.9625578456303145,0.9661916273326896,160.01077010805645,10.0
exp653,-1500mV,-0.15,-0.02477013538857671,-2.9605796298169587,0.9737756909177766,24.770135388576712,10.0
exp654,-1400mV,-0.15,-0.018914414099720514,0.5105965262805352,0.9953923183053531,18.914414099720513,10.0
exp655,-1700mV,-0.15,-0.0001530241353880231,-0.01405376737207642,0.9486900181914619,0.1530241353880231,10.0
exp656,-2000mV,-0.15,-0.00010054805156180303,-0.01399286199343229,0.8782872773326851,0.10054805156180303,10.0
exp657,-2000mV,-0.15,-0.00041535020410513317,-0.10223525144955195,0.8993865534654617,0.4153502041051332,10.0
exp658,-1600mV,-0.15,-0.004682250864111225,0.06697575608296003,0.9994250269890605,4.682250864111225,10.0
exp659,-1400mV,-0.15,-0.03529045670091779,-1.8422364217038023,0.9960379149072693,35.29045670091779,10.0
exp660,-1500mV,-0.15,-0.008447806061330523,-0.14056758204690656,0.9993804300179967,8.447806061330523,10.0
exp661,-1400mV,-0.15,-0.076167432446864,-4.583241147643442,0.994438808128858,76.167432446864,10.0
exp662,-1700mV,-0.15,-0.0014966765076769805,-0.08697081718972088,0.9959406130536449,1.4966765076769806,10.0
exp663,-1400mV,-0.15,-0.051748846260434855,-2.9082444899384257,0.9986968336059009,51.74884626043485,10.0
exp664,-1500mV,-0.15,-0.03340516603429341,-12.286891387005294,0.9323368682889767,33.40516603429341,10.0
exp665,-1500mV,-0.15,-0.038589053541239815,1.394505614514408,0.996027649030441,38.589053541239814,10.0
exp666,-1500mV,-0.15,-0.021616079723836702,-0.9953456124830549,0.9964290355957754,21.6160797238367,10.0
exp667,-1800mV,-0.15,-0.0012423301973953805,-0.07558558777706492,0.9963508514586231,1.2423301973953804,10.0
exp668,-1400mV,-0.15,-0.08265153946844546,-30.238434936094897,0.896006183228574,82.65153946844546,10.0
exp669,-1400mV,-0.15,-0.08886643086318409,-46.0110005798543,0.9487285713242026,88.86643086318409,10.0
exp670,-1500mV,-0.15,-0.0008994353119035223,-0.12222251740210505,0.9217188585560157,0.8994353119035223,10.0
exp671,-1700mV,-0.15,-0.013058020404777593,-4.546633672940629,0.9479588298420668,13.058020404777594,10.0
exp672,-1400mV,-0.15,0.008897937266014967,-21.341921650022016,0.10857469938218504,-8.897937266014967,10.0
exp673,-1400mV,-0.15,-0.0873803284114338,-38.362308551344896,0.9449973342152452,87.3803284114338,10.0
exp674,-1400mV,-0.15,-0.1469338688007917,-54.89471974863477,0.9256637682668223,146.9338688007917,10.0
exp675,-1500mV,-0.15,-0.04292253073203942,-12.862327265411842,0.9401751294145241,42.92253073203942,10.0
exp676,-1700mV,-0.15,-0.006326123963644961,-0.5264021113493222,0.9957773219229946,6.326123963644961,10.0
exp677,-1400mV,-0.15,-0.11702539798146022,-57.040517135404166,0.9418035550823911,117.02539798146022,10.0
exp678,-1600mV,-0.15,-0.022572941797996744,-2.144817849527035,0.9913038297997648,22.572941797996744,10.0
exp679,-1500mV,-0.15,-0.05533222995617926,-17.654644386742362,0.9574774007882698,55.332229956179255,10.0
exp680,-1400mV,-0.15,-0.014405796463829581,0.02824453703217511,0.9991559744564524,14.405796463829581,10.0
exp681,-1400mV,-0.15,-0.04224326132881435,-19.023914020290913,0.9467316964170053,42.24326132881435,10.0
exp682,-1500mV,-0.15,-0.03233372455232434,-16.047402589103957,0.7738063048561687,32.33372455232434,10.0
exp683,-1900mV,-0.15,-0.00011415080770552274,-0.016074760004037916,0.834061480792407,0.11415080770552274,10.0
exp684,-1400mV,-0.15,-0.1102708907553414,-53.880175522692916,0.9288676924729582,110.2708907553414,10.0
exp685,-1400mV,-0.15,-0.14919782283915542,-51.73463132810252,0.9245900745441625,149.1978228391554,10.0
exp686,-1400mV,-0.15,-0.09871177257121763,-51.91591692822838,0.9324745037029494,98.71177257121764,10.0
exp687,-1600mV,-0.15,-0.013080197417305761,-0.8557882988791619,0.9956045519709567,13.080197417305762,10.0
exp688,-1400mV,-0.15,-0.11929761693595102,-53.225335095576206,0.924430698579453,119.29761693595103,10.0
exp689,-1700mV,-0.15,-0.007504049214352764,-1.859375949767378,0.9572545729829829,7.504049214352764,10.0
exp690,-1600mV,-0.15,-0.026295329808498514,-6.026480243290839,0.971350576709796,26.295329808498515,10.0
exp691,-1400mV,-0.15,-0.13164772557226018,-43.75759651703266,0.9151243637831513,131.64772557226019,10.0
exp692,-1500mV,-0.15,-0.034461211623266944,-14.125541025004086,0.9263328664828822,34.46121162326694,10.0
exp693,-1400mV,-0.15,-0.12602393844700635,-57.477501517048374,0.9376347019884191,126.02393844700634,10.0
exp694,-1500mV,-0.15,-0.02430788514024695,-3.718722149453731,0.9804216798027167,24.307885140246952,10.0
exp695,-1400mV,-0.15,-0.07842397157141574,-53.02444292609311,0.9239798182855377,78.42397157141575,10.0
exp696,-1500mV,-0.15,-0.08328296911371634,-18.380422932595486,0.9450116859816292,83.28296911371633,10.0
exp697,-1400mV,-0.15,-0.12467326668325927,-29.636271141808024,0.9434500813227972,124.67326668325927,10.0
exp698,-1400mV,-0.15,-0.07340144353053792,-54.364807507512666,0.9529949904792433,73.40144353053792,10.0
exp699,-1800mV,-0.15,-0.002059598109446915,-0.1910019449400322,0.989869120905727,2.059598109446915,10.0
exp700,-1400mV,-0.15,-0.14083680219504158,-54.630368124400974,0.9560866067928919,140.83680219504157,10.0
exp701,-1400mV,-0.15,-0.09650947987100518,-45.068717401783864,0.9146653298413592,96.50947987100518,10.0
exp702,-1400mV,-0.15,-0.12273346193199203,-53.34652236712683,0.9172711323742372,122.73346193199203,10.0
exp703,-1500mV,-0.15,-0.0754067445772097,-9.932466493195847,0.9824501751667656,75.4067445772097,10.0
exp704,-1400mV,-0.15,-0.15309274142593823,-65.11527463284077,0.9179125002560968,153.09274142593824,10.0
exp705,-1400mV,-0.15,-0.16876001122440715,-70.05118336865642,0.9170117212164612,168.76001122440715,10.0
exp706,-1400mV,-0.15,-0.014776126195850519,0.28178286133659114,0.9985996845606434,14.77612619585052,10.0
exp707,-1500mV,-0.15,-0.12373226890762576,-28.92317752412015,0.9435676176901505,123.73226890762575,10.0
exp708,-1400mV,-0.15,-0.14890676938687833,-42.59603308748308,0.9314085538034499,148.90676938687832,10.0
exp709,-1400mV,-0.15,-0.11695655683652019,-52.21980451120475,0.9256908950987309,116.95655683652019,10.0
exp710,-1400mV,-0.15,-0.1565537157457397,-60.56086637755536,0.932541129046865,156.5537157457397,10.0
exp711,-1400mV,-0.15,-0.12004141417449625,-34.298308227461476,0.9335909657006307,120.04141417449625,10.0
exp712,-1500mV,-0.15,-0.09234572544564784,-39.84736929813031,0.9136876563582598,92.34572544564784,10.0
exp713,-1400mV,-0.15,-0.11660519843276461,-54.33140829420735,0.9277207268368652,116.60519843276461,10.0
exp714,-1400mV,-0.15,-0.14109085341888125,-43.44678096305985,0.9288032382767166,141.09085341888124,10.0
exp715,-1400mV,-0.15,-0.1298372025560788,-64.14288057488903,0.9317113651416763,129.8372025560788,10.0
exp716,-1400mV,-0.15,-0.13540313526844333,-36.13779688104326,0.9366553962661206,135.40313526844332,10.0
exp717,-1600mV,-0.15,-0.00022515641695127793,-0.01728042318135624,0.9726372287655647,0.22515641695127794,10.0
exp718,-1600mV,-0.15,-0.02326244378228239,-6.266695373595907,0.9393937474408309,23.26244378228239,10.0
exp719,-1400mV,-0.15,-0.10566527980741075,-43.05870698058367,0.9248579279436167,105.66527980741076,10.0
exp720,-1500mV,-0.15,-0.07489109971537118,-9.118232094725421,0.9808015102611307,74.89109971537118,10.0
exp721,-1500mV,-0.15,-0.05485610748921658,-6.731192566875151,0.9844794754937168,54.856107489216576,10.0
exp722,-1600mV,-0.15,-0.015579999879932655,-1.6177992785200184,0.9925954276049214,15.579999879932656,10.0
exp723,-1400mV,-0.15,-0.11771929827559731,-35.890763601849365,0.9318975464958055,117.71929827559731,10.0
exp724,-1500mV,-0.15,-0.0033914459389471677,-19.20603831950956,0.06506713200102036,3.3914459389471676,10.0
exp725,-1800mV,-0.15,-0.00046427480916292826,-0.027018941300577304,0.9971378392254685,0.4642748091629283,10.0
exp726,-1400mV,-0.15,-0.112877331524362,-16.029327832429402,0.9794132668137003,112.87733152436199,10.0
exp727,-1500mV,-0.15,-0.0926469789257054,-27.694448539300424,0.9402689366113243,92.64697892570541,10.0
exp728,-1400mV,-0.15,-0.16480847705789625,-56.34842264405768,0.9420389237167164,164.80847705789625,10.0
exp729,-1900mV,-0.15,-0.00021641258781775422,-0.013905479042671434,0.9828385068693002,0.21641258781775422,10.0
exp730,-1700mV,-0.15,-0.0022049221552462284,-0.04149557126051828,0.9978733381733053,2.2049221552462286,10.0
exp731,-1600mV,-0.15,-0.00406693816699122,-0.17630239825594107,0.9972440092802617,4.06693816699122,10.0
exp732,-1700mV,-0.15,-0.0009624550441800865,-0.05865157264023829,0.9922533759961275,0.9624550441800865,10.0
exp733,-1500mV,-0.15,-0.01897800874100966,-0.29262939273951005,0.9995975207147366,18.97800874100966,10.0
exp734,-1700mV,-0.15,-0.005726081105985685,-0.06112622552373059,0.9995035333012121,5.726081105985685,10.0
exp735,-1700mV,-0.15,-0.0014893541898618394,-0.09765331170970815,0.9948749821842433,1.4893541898618394,10.0
exp736,-1400mV,-0.15,-0.068075325407494,1.6887022668415987,0.9988541610081383,68.075325407494,10.0
exp737,-1500mV,-0.15,-0.013974911481776198,-0.2622089854195062,0.9992764118312786,13.974911481776198,10.0
exp738,-1700mV,-0.15,-0.002296586802773089,-0.082013440922033,0.9973902522987947,2.296586802773089,10.0
exp739,-1600mV,-0.15,-0.0081893208094571,-0.22191224747727611,0.9983955327840137,8.1893208094571,10.0
exp740,-1600mV,-0.15,-0.030298045869725666,-7.421434957432657,0.9533658046846629,30.298045869725666,10.0
exp741,-1600mV,-0.15,-0.006470818049217904,-0.11117222326337028,0.9994672680742159,6.470818049217904,10.0
exp742,-1500mV,-0.15,-0.013223730707164018,-0.14484178251775148,0.9996992231359624,13.223730707164018,10.0
exp743,-1500mV,-0.15,-0.019260436930433614,-0.6990056883610833,0.9991336454091875,19.260436930433613,10.0
exp744,-1700mV,-0.15,-0.0011564004702751772,-0.023563614974880798,0.9984774846464762,1.1564004702751771,10.0
exp745,-1400mV,-0.15,-0.020583012229360376,-0.7683347708002852,0.9998217387104773,20.583012229360374,10.0
exp746,-1800mV,-0.15,-0.00040192769095231674,-0.015572518503173871,0.9913727290554084,0.40192769095231673,10.0
exp747,-1400mV,-0.15,-0.08482808885386352,-0.05891845302136289,0.9997650392635407,84.82808885386352,10.0
exp748,-1700mV,-0.15,-0.0011451267810599268,-0.0419099424156788,0.9967298984297049,1.1451267810599268,10.0
exp749,-1700mV,-0.15,-0.002178114655638548,-0.21378256310152022,0.9890490387169417,2.178114655638548,10.0
exp750,-1500mV,-0.15,-0.09522863489318044,-21.76777981785265,0.9466681773445504,95.22863489318044,10.0
exp751,-1500mV,-0.15,-0.06582847088378696,-0.8425476138811412,0.9997650493316611,65.82847088378696,10.0
exp752,-1400mV,-0.15,-0.15467818563761374,-75.1073647192763,0.9050129568317268,154.67818563761372,10.0
exp753,-1400mV,-0.15,-0.17322947712068698,-31.573340061155918,0.952171649952941,173.229477120687,10.0
exp754,-1500mV,-0.15,-0.07543259097739125,-9.031659358939045,0.9816694603235325,75.43259097739124,10.0
exp755,-1500mV,-0.15,-0.025834177690819176,0.1775636750953602,0.9993820420102084,25.834177690819175,10.0
exp756,-1400mV,-0.15,-0.06271178276762837,-0.9770872914787496,0.9997532849288646,62.71178276762837,10.0
exp757,-1400mV,-0.15,-0.153152829355549,-44.66021081046668,0.9168002777376197,153.152829355549,10.0
exp758,-1400mV,-0.15,-0.02501738749815384,-0.6211687157288139,0.9996799187182528,25.01738749815384,10.0
exp759,-1800mV,-0.15,-0.00010083823783086661,-0.018291264471681598,0.7759010851168759,0.10083823783086661,10.0
exp760,-1600mV,-0.15,-0.0032054446344883824,-0.13469982165079708,0.9968762810276862,3.2054446344883822,10.0
exp761,-1900mV,-0.15,-0.0002986809390085189,-0.019222135012285674,0.9812594003424863,0.2986809390085189,10.0
exp762,-1600mV,-0.15,-0.014048836906521086,-0.14164456662907643,0.9995279583106118,14.048836906521085,10.0
exp763,-1500mV,-0.15,-0.09507015467431537,-25.59679564535783,0.9257541657031939,95.07015467431538,10.0
exp764,-1900mV,-0.15,-0.0006556828427089686,-0.07483954119728875,0.9825622116544277,0.6556828427089686,10.0
exp765,-1800mV,-0.15,-0.003783852853437114,-0.062174820932835884,0.9970581138080387,3.783852853437114,10.0
exp766,-1500mV,-0.15,-0.07842044496606614,-21.80336914350584,0.9527633069215403,78.42044496606614,10.0
exp767,-1700mV,-0.15,-0.004362303301224257,-0.3588037639270769,0.9937639577908308,4.362303301224257,10.0
exp768,-1500mV,-0.15,-0.036968523132940946,-0.7575908771768987,0.999443513378185,36.968523132940945,10.0
exp769,-1500mV,-0.15,-0.04468686272348047,3.5161930925337757,0.9848260874201251,44.68686272348047,10.0
exp770,-1500mV,-0.15,-0.02212852143333419,-0.58559046723345,0.9992119142676444,22.12852143333419,10.0
exp771,-1700mV,-0.15,-0.003913510488482843,-0.10618997086410342,0.9970695747599911,3.913510488482843,10.0
exp772,-1500mV,-0.15,-0.07091821602262842,-30.63183228413341,0.9257745197004885,70.91821602262841,10.0
exp773,-1500mV,-0.15,-0.04783619065725903,-15.954202548033667,0.9149651420927397,47.83619065725903,10.0
exp774,-1700mV,-0.15,-0.002634845413935633,-0.05474492809066356,0.9967575936318439,2.6348454139356328,10.0
exp775,-1800mV,-0.15,-0.0032783364925884793,-0.2504521964842461,0.9941337337880085,3.2783364925884793,10.0
exp776,-1400mV,-0.15,-0.04991581536380288,-0.7568224389137868,0.9996797615174502,49.91581536380288,10.0
exp777,-1500mV,-0.15,-0.025999960333828127,-1.4644986934429092,0.9961417590661995,25.999960333828128,10.0
exp778,-1500mV,-0.15,-0.08502882413462133,-21.64762430443124,0.9629156341550977,85.02882413462133,10.0
exp779,-1600mV,-0.15,-0.007930344726459624,-0.3639846139417169,0.9926001312779357,7.930344726459624,10.0
exp780,-1400mV,-0.15,-0.07601809698694789,-1.2781916594280531,0.9996362436244188,76.0180969869479,10.0
exp781,-1500mV,-0.15,-0.010142238654949254,-0.2970147445769129,0.997982333545628,10.142238654949255,10.0
exp782,-1700mV,-0.15,-0.007590076953973951,-0.3019184757516902,0.99477215738308,7.590076953973951,10.0
exp783,-1400mV,-0.15,-0.04497925511025534,1.8541709515486922,0.9936282726094103,44.979255110255345,10.0
exp784,-1500mV,-0.15,-0.05178477151785404,-0.8012522859851536,0.9994275255488348,51.78477151785404,10.0
exp785,-1400mV,-0.15,-0.037806336053075776,-1.337257913383894,0.9996990956007862,37.806336053075775,10.0
exp786,-1900mV,-0.15,-0.0002725187810520819,-0.026744414515652043,0.9391585156650039,0.27251878105208194,10.0
exp787,-1600mV,-0.15,-0.039487803398616884,-6.762118092592154,0.979708081847783,39.48780339861688,10.0
exp788,-1700mV,-0.15,-0.004281007723427576,-0.10541102512556999,0.9946784023405557,4.281007723427576,10.0
exp789,-1400mV,-0.15,-0.09248876094159718,-3.888374518427675,0.997934562984786,92.48876094159718,10.0
exp790,-1400mV,-0.15,-0.08268883558066217,-3.538383171586851,0.9983770101838219,82.68883558066217,10.0
exp791,-1400mV,-0.15,-0.14741662399858504,-5.077424174433503,0.9988422886524129,147.41662399858504,10.0
exp792,-1500mV,-0.15,-0.02649771264693515,-1.8208258580716148,0.9985556468352002,26.497712646935152,10.0
exp793,-1500mV,-0.15,-0.0147469220152472,-0.8669990155824943,0.9946943742400469,14.7469220152472,10.0
exp794,-1500mV,-0.15,-0.05384133855521589,-5.352967209467,0.9990612840796559,53.84133855521589,10.0
exp795,-1800mV,-0.15,-0.00030255947244429315,-0.03389365965197033,0.9808046472099028,0.30255947244429315,10.0
exp796,-1500mV,-0.15,-0.03964302376817797,-3.006947979508382,0.9988187631458809,39.64302376817797,10.0
exp797,-1500mV,-0.15,-0.05937584921391529,-2.7019093215884418,0.998970748114689,59.37584921391529,10.0
exp798,-1400mV,-0.15,-0.22784136628518495,-16.539348662993063,0.9937594489480583,227.84136628518496,10.0
exp800,-1500mV,-0.15,-0.02276052103228503,-1.5269719646566635,0.9961081491822523,22.76052103228503,10.0
exp801,-1600mV,-0.15,-0.0015024203259802124,-0.09119934812128472,0.9872124097887542,1.5024203259802125,10.0
exp802,-1500mV,-0.15,-0.052367071029315815,-13.529820971671441,0.9482313619785343,52.36707102931582,10.0
exp803,-1500mV,-0.15,-0.06223433285024169,-6.791236142641743,0.9925288595561598,62.23433285024169,10.0
exp804,-1600mV,-0.15,-0.0249544828055523,-2.7183104779601734,0.992431469012847,24.9544828055523,10.0
exp805,-1500mV,-0.15,-0.030815320204087244,-3.712774981660509,0.9929317284695242,30.815320204087243,10.0
exp806,-1700mV,-0.15,-0.0009178536955778063,-0.03021842642415351,0.9939739709612309,0.9178536955778064,10.0
exp807,-1500mV,-0.15,-0.02778185093160175,-5.514743086244161,0.9734767329403677,27.781850931601753,10.0
exp808,-1500mV,-0.15,-0.03510240001852067,-3.9861788592721137,0.9908821539627395,35.10240001852067,10.0
exp809,-1500mV,-0.15,-0.008612135109955005,-0.2789510017621333,0.999134735859319,8.612135109955005,10.0
exp810,-1600mV,-0.15,-0.009723996824351546,-0.8479105407214691,0.9911561857561584,9.723996824351545,10.0
exp811,-1500mV,-0.15,-0.06440827435621656,-34.640883575380926,0.8201483027090808,64.40827435621655,10.0
exp812,-1800mV,-0.15,-0.0015021549715340985,-0.1292548605445002,0.9835483555649168,1.5021549715340985,10.0
exp813,-1400mV,-0.15,-0.15040392186872395,-44.424950967593844,0.9282631716144676,150.40392186872396,10.0
exp814,-1800mV,-0.15,-0.0057551830150338245,-0.39496729779311357,0.9960708506853658,5.755183015033825,10.0
exp815,-1500mV,-0.15,-0.09912464130207488,-18.538326234995637,0.9585953652220037,99.12464130207488,10.0
exp816,-1400mV,-0.15,-0.15611213954307873,-47.326694748337786,0.9369422722744796,156.11213954307874,10.0
exp817,-1400mV,-0.15,-0.1318098770777199,-47.995574681777136,0.9276389736966468,131.8098770777199,10.0
exp818,-1600mV,-0.15,-0.0189184545043418,-2.539207710907041,0.9879452834841453,18.9184545043418,10.0
exp819,-1600mV,-0.15,-0.029265977580098405,-1.9096690947226893,0.9956969023355889,29.265977580098404,10.0
exp820,-1700mV,-0.15,-0.0030474094008778496,-0.31424982103901966,0.9733713259038488,3.0474094008778496,10.0
exp821,-1400mV,-0.15,-0.13103907870180562,-39.623319538980326,0.9413569153891532,131.0390787018056,10.0
exp822,-1500mV,-0.15,-0.036365092925630456,-8.446384748948844,0.9618709773657683,36.36509292563046,10.0
exp823,-1600mV,-0.15,-0.027591958605907248,-7.574921005780862,0.9330667793664735,27.591958605907248,10.0
exp824,-1900mV,-0.15,-0.00011148350948352104,-0.027113692143742124,0.9506205794238087,0.11148350948352104,10.0
exp825,-1900mV,-0.15,-8.769232447394335e-05,-0.036615643315466455,0.766432718863305,0.08769232447394334,10.0
exp826,-1500mV,-0.15,-0.05919524994544588,-15.680321403164722,0.941989546619487,59.19524994544588,10.0
exp827,-1400mV,-0.15,-0.045688790925700065,-16.77940016785249,0.9557626830841236,45.68879092570007,10.0
exp828,-1400mV,-0.15,-0.10982599592662068,-33.81120445399474,0.9311144954845759,109.82599592662068,10.0
exp829,-1400mV,-0.15,-0.11604560754698101,-53.917429586922694,0.8924829500377033,116.04560754698102,10.0
exp830,-1700mV,-0.15,-0.009426008438293085,-1.9062152369116365,0.9555103258963111,9.426008438293085,10.0
exp831,-1500mV,-0.15,-0.05080680135428986,-11.044476731933077,0.9547938459889332,50.80680135428986,10.0
exp832,-1500mV,-0.15,-0.053954340033195346,-23.006437100989288,0.9355653030582628,53.95434003319534,10.0
exp833,-1700mV,-0.15,-0.010580615412726107,-2.321001310756923,0.9507454145083615,10.580615412726107,10.0
exp834,-1500mV,-0.15,-0.04908988710369624,-5.367091218679327,0.9929356013638431,49.089887103696235,10.0
exp835,-1600mV,-0.15,-0.02265940059730259,-2.1350041206710593,0.9956555350779138,22.65940059730259,10.0
exp836,-1400mV,-0.15,-0.12748214454618328,-61.747116044552264,0.9191670820644385,127.48214454618328,10.0
exp837,-1400mV,-0.15,-0.11829582590963687,-35.15211023369682,0.9456744634512261,118.29582590963687,10.0
exp838,-1700mV,-0.15,-0.0079503971853291,-2.389716402162173,0.932313063405377,7.950397185329101,10.0
exp839,-1400mV,-0.15,-0.08465548322418658,-48.68102287842624,0.9337864059277576,84.65548322418658,10.0
exp840,-1600mV,-0.15,-0.019549449201619537,-7.117806579949482,0.9418455244501528,19.549449201619538,10.0
exp841,-1500mV,-0.15,-0.04753653861773334,-4.216716668007628,0.9948775778885398,47.53653861773334,10.0
exp842,-1600mV,-0.15,-0.008977202061684954,-1.080225125572717,0.9855441992030515,8.977202061684954,10.0
exp843,-1400mV,-0.15,-0.12022394765036122,-36.72551922642344,0.9271399002200063,120.22394765036123,10.0
exp844,-1600mV,-0.15,-0.003944822403550079,-0.34762099331051677,0.9935437693155936,3.9448224035500794,10.0
exp845,-1600mV,-0.15,-0.006629356773561431,-0.5580423352894481,0.9939833400342568,6.629356773561431,10.0
exp846,-1600mV,-0.15,-0.018566154768235234,-1.6151420266019763,0.994362181163951,18.566154768235233,10.0
exp847,-1500mV,-0.15,-0.0339156213607213,-5.82421735464899,0.973767954530124,33.9156213607213,10.0
exp848,-1500mV,-0.15,-0.03481534428989752,-3.496282692561847,0.9937129641262259,34.815344289897524,10.0
exp849,-1900mV,-0.15,-0.00013060806423003773,-0.03292483560374256,0.903692135064134,0.13060806423003773,10.0
exp850,-1500mV,-0.15,-0.05902229708078068,-11.474773991641108,0.9671631180608137,59.02229708078068,10.0
exp851,-1500mV,-0.15,-0.023757586407430673,-2.00215007000479,0.9926437591176537,23.757586407430672,10.0
exp852,-1600mV,-0.15,-0.0205393148763053,-2.825316455568,0.9767429835333098,20.539314876305298,10.0
exp853,-1600mV,-0.15,-0.027051643783261532,-3.8151931169858013,0.9825503298415709,27.051643783261532,10.0
exp854,-1900mV,-0.15,-9.989397206760656e-05,-0.036299032825499226,0.8682654043977746,0.09989397206760656,10.0
exp855,-1500mV,-0.15,-0.07031255320285433,-20.80764342626415,0.9412896160828063,70.31255320285433,10.0
exp856,-1500mV,-0.15,-0.026143953438768505,-3.546527731003154,0.9830266766695865,26.143953438768506,10.0
exp857,-1600mV,-0.15,-0.025667250438309787,-6.19724032804768,0.9651370307465651,25.667250438309786,10.0
exp858,-1600mV,-0.15,-0.01941728017143599,-2.183064743588515,0.9879827980171084,19.41728017143599,10.0
exp859,-1500mV,-0.15,-0.022063408814506472,-1.3338999521105936,0.9993379874341549,22.063408814506474,10.0
exp860,-1800mV,-0.15,-0.0028211451144198544,-0.34388973181840155,0.9966347874486002,2.8211451144198545,10.0
exp861,-1400mV,-0.15,-0.10192112812061294,-18.63371005860936,0.9770809767624848,101.92112812061293,10.0
exp862,-1400mV,-0.15,-0.05424725263947216,-9.094637748549818,0.9946848263863883,54.24725263947216,10.0
exp863,-1400mV,-0.15,-0.023888512083164056,-1.1397585190986934,0.9997908423926954,23.888512083164056,10.0
exp864,-1700mV,-0.15,-0.0036774219837786065,-2.5398539839438015,0.9917893296203085,3.6774219837786064,10.0
exp865,-1500mV,-0.15,-0.046811235259344615,-6.348053299966654,0.9870148700810312,46.81123525934461,10.0
exp866,-1500mV,-0.15,-0.009969814690660727,-0.42665331786860694,0.9987551583541845,9.969814690660726,10.0
exp867,-1500mV,-0.15,-0.020255369794452107,-1.21213888378443,0.998750519233376,20.255369794452108,10.0
exp868,-1800mV,-0.15,-0.0002781091468097166,-0.027207484021532558,0.9891440592178712,0.2781091468097166,10.0
exp869,-1600mV,-0.15,-0.0014251904720227527,-0.12956305872432383,0.9937290950358685,1.4251904720227526,10.0
exp870,-1400mV,-0.15,-0.05673802527431427,-1.780122999874358,0.9994924895087415,56.73802527431427,10.0
exp871,-1600mV,-0.15,-0.0037385169852811287,-0.15346747037206754,0.9986678348941967,3.738516985281129,10.0
exp872,-1800mV,-0.15,-0.0005365977806072408,-0.04695598341953333,0.9913927777457281,0.5365977806072408,10.0
exp873,-1400mV,-0.15,-0.013547208492431729,-1.110493934075576,0.9999443858883479,13.547208492431729,10.0
exp874,-1400mV,-0.15,-0.05778594972414807,-14.168871701528591,0.9691200198719166,57.78594972414807,10.0
exp875,-1600mV,-0.15,-0.009765237941993528,-0.15281904520178546,0.999568907290919,9.765237941993528,10.0
exp876,-1400mV,-0.15,-0.06667992814959371,0.5607554793810117,0.9993436834654349,66.6799281495937,10.0
exp877,-1500mV,-0.15,-0.046685675449289345,-18.12371771216584,0.9110987719689716,46.68567544928934,10.0
exp878,-1700mV,-0.15,-0.00354738654983157,-0.13953743801784202,0.9991717202545253,3.54738654983157,10.0
exp879,-1600mV,-0.15,-0.0016262329291491834,-0.20034622384721845,0.9783150859106775,1.6262329291491835,10.0
exp880,-1400mV,-0.15,-0.03527420899709166,-1.4959230077524381,0.9989177704501091,35.27420899709166,10.0
exp881,-1500mV,-0.15,-0.007618400568349163,-0.20238723765073097,0.9997682342681615,7.618400568349163,10.0
exp882,-1400mV,-0.15,-0.023710229523132037,-0.5825451983011583,0.9998466008245536,23.710229523132035,10.0
exp883,-1500mV,-0.15,-0.005002398539245344,-0.23278314862742233,0.9990445606396064,5.002398539245344,10.0
exp884,-1800mV,-0.15,-0.00016799227828237387,-0.01756131774958246,0.9421041716057161,0.16799227828237387,10.0
exp885,-1500mV,-0.15,-0.049382324974637515,-19.774986464820834,0.8785698624559918,49.38232497463751,10.0
exp886,-1500mV,-0.15,-0.11013942071642333,-19.761842625831257,0.9648558906914216,110.13942071642333,10.0
exp887,-1400mV,-0.15,-0.06968801942742865,-14.41916483002641,0.975045589815857,69.68801942742866,10.0
exp888,-1600mV,-0.15,-0.0061754345585519005,-0.13615086602833948,0.9996837839785139,6.175434558551901,10.0
exp889,-1500mV,-0.15,-0.02639012043900728,-0.46743358957457737,0.9995593932530525,26.39012043900728,10.0
exp890,-1400mV,-0.15,-0.06548513143804174,-15.920179848987686,0.9557575304729453,65.48513143804175,10.0
exp891,-1400mV,-0.15,-0.022331053745582186,-8.522175295794764,0.7150649267011799,22.331053745582185,10.0
exp892,-1500mV,-0.15,-0.004616647866288335,-0.13160622466135896,0.9997712783298429,4.616647866288335,10.0
exp893,-1400mV,-0.15,-0.044440812101218204,-1.1847764050056497,0.9998527693178878,44.44081210121821,10.0
exp894,-1400mV,-0.15,-0.10391460961381682,-7.085924937266732,0.9952591481203751,103.91460961381682,10.0
exp895,-1400mV,-0.15,-0.07298534569514127,-7.8917755097117634,0.999749084060488,72.98534569514128,10.0
exp896,-1400mV,-0.15,-0.07818242623270055,-19.73329520765501,0.9702039410955694,78.18242623270055,10.0
exp897,-1600mV,-0.15,-0.0038162181383945403,-0.24277639073827162,0.9957314756006674,3.8162181383945404,10.0
exp898,-1500mV,-0.15,-0.006321038689156598,-0.2251287692695918,0.9997148540464101,6.321038689156598,10.0
exp899,-1400mV,-0.15,-0.013793179178306032,-0.8111011452559538,0.9978285623752504,13.793179178306032,10.0
exp900,-1500mV,-0.15,-0.004142207047522737,-0.25287929671162956,0.9980623406586027,4.142207047522737,10.0
exp901,-1400mV,-0.15,-0.12139141678748468,-38.68308088775483,0.9390693565638512,121.39141678748467,10.0
exp902,-1500mV,-0.15,-0.0804635159560323,-22.650790706831714,0.9479201330024878,80.4635159560323,10.0
exp903,-1500mV,-0.15,-0.015224267310008463,-0.753189764126355,0.99806642585325,15.224267310008463,10.0
exp904,-1600mV,-0.15,-0.0005564573884195566,-0.04023249042681937,0.9951527428753284,0.5564573884195566,10.0
exp905,-1400mV,-0.15,-0.05113978343140059,-3.079264729659144,0.9973705071656476,51.13978343140059,10.0
exp906,-1800mV,-0.15,-0.00018175386097568896,-0.01795389222303896,0.983236612050174,0.18175386097568896,10.0
exp907,-1500mV,-0.15,-0.02230560521882469,-0.2960743888242998,0.9995606291473021,22.30560521882469,10.0
exp908,-1400mV,-0.15,-0.05709837019190687,-3.38670554837681,0.9971883163070157,57.09837019190687,10.0
exp909,-1400mV,-0.15,-0.0549496782759775,-0.6144417160244195,0.999924942383659,54.9496782759775,10.0
exp910,-1400mV,-0.15,-0.022303691809358074,-0.8619240948457136,0.9993145538289986,22.303691809358074,10.0
exp911,-1900mV,-0.15,-0.00016129036268885328,-0.02552695258279579,0.9447276192432393,0.16129036268885327,10.0
exp912,-1600mV,-0.15,-0.0022908205317491333,-0.1022615676116505,0.99892064726511,2.2908205317491332,10.0
exp913,-1500mV,-0.15,-0.0027400737021273268,-0.21615009986880795,0.9964381196110229,2.7400737021273267,10.0
exp914,-1400mV,-0.15,-0.05165376084188919,0.4914320937658303,0.9988737746114235,51.65376084188919,10.0
exp915,-1700mV,-0.15,-0.008778986404810684,-0.6163359100131713,0.9927418208493987,8.778986404810684,10.0
exp916,-1400mV,-0.15,-0.024891973273601466,-1.8025456992418825,0.9969257362221106,24.891973273601465,10.0
exp917,-1400mV,-0.15,-0.01815046927438714,-1.3822422513271277,0.9968853501523729,18.15046927438714,10.0
exp918,-1400mV,-0.15,-0.012407847485053978,-0.845320068240607,0.9972776349005614,12.407847485053978,10.0
exp919,-1400mV,-0.15,-0.006417815612309193,-0.38739412982668053,0.9996609025726122,6.417815612309194,10.0
exp920,-1900mV,-0.15,-0.00017081661895336958,-0.025510346340758133,0.987124295241368,0.17081661895336958,10.0
exp921,-1500mV,-0.15,-0.006855449703169741,-0.403851399915065,0.9983585409225307,6.85544970316974,10.0
exp922,-1400mV,-0.15,-0.023022257543013458,-1.3682840829920142,0.9996787983853428,23.02225754301346,10.0
exp923,-1600mV,-0.15,-0.001449227868341201,-0.07477480312203255,0.9980635308512271,1.449227868341201,10.0
exp924,-1500mV,-0.15,-0.0043536374371966865,-0.2788741579358247,0.9944194237471355,4.353637437196687,10.0
exp925,-1400mV,-0.15,-0.011918409098845806,-0.6254334214929491,0.9988884439101476,11.918409098845807,10.0
exp926,-1400mV,-0.15,-0.00950720337219863,-0.5148580671424252,0.9997869655048022,9.50720337219863,10.0
exp927,-1500mV,-0.15,-0.00410084032847486,-0.18720893620527224,0.998887951786143,4.10084032847486,10.0
exp928,-1500mV,-0.15,-0.0028700977424263143,-0.13690167578598422,0.9986937298435298,2.870097742426314,10.0
exp929,-1400mV,-0.15,-0.009590299688942287,-0.5313387891563837,0.9978127814027378,9.590299688942286,10.0
exp930,-1400mV,-0.15,-0.004671394526032654,-0.40362741978376393,0.9987768080728258,4.671394526032654,10.0
exp931,-1400mV,-0.15,-0.01780220759183167,-0.7171044982926382,0.9990957806068848,17.80220759183167,10.0
exp932,-1400mV,-0.15,-0.02241590477455171,-1.4000378636243997,0.9985269199185555,22.415904774551713,10.0
exp933,-1500mV,-0.15,-0.0012290640756259488,-0.07671729351891421,0.9988966175928169,1.2290640756259488,10.0
exp934,-1400mV,-0.15,-0.008255312457274663,-0.491751084262277,0.9980621966424102,8.255312457274663,10.0
exp935,-1700mV,-0.15,-0.00031804824175660234,-0.02539180492747728,0.9897160138840101,0.31804824175660235,10.0
exp936,-1600mV,-0.15,-0.00794585473678724,-0.2514862966411071,0.9990483942254821,7.945854736787239,10.0
exp937,-1500mV,-0.15,-0.0011532001844313283,-0.07837883554423053,0.9960419956236969,1.1532001844313284,10.0
exp938,-1400mV,-0.15,-0.00901409767812997,-0.5079215192609334,0.9980776848104637,9.01409767812997,10.0
exp939,-1500mV,-0.15,-0.0030016817178249453,-0.1639508292433136,0.9985270775993604,3.0016817178249453,10.0
exp940,-1900mV,-0.15,-0.00013828338619809654,-0.00943873224954346,0.9472659090813765,0.13828338619809655,10.0
exp941,-1500mV,-0.15,-0.002844770024508488,-0.06492103825276163,0.9986677311027726,2.844770024508488,10.0
exp942,-1600mV,-0.15,-0.003385298523268101,-0.09030380738435251,0.9989856288449407,3.385298523268101,10.0
exp943,-1800mV,-0.15,-0.00048776011089260543,-0.006442740845086892,0.9972608756311834,0.48776011089260546,10.0
exp944,-1900mV,-0.15,-0.00011876850857999562,-0.02106254148751685,0.8171138337865378,0.11876850857999562,10.0
exp945,-1600mV,-0.15,-0.009061272987466003,-0.21123598781469521,0.9995925711560039,9.061272987466003,10.0
exp946,-1500mV,-0.15,-0.0022623778266240334,-0.09109914731646973,0.9988060548079762,2.2623778266240335,10.0
exp947,-1900mV,-0.15,-0.00012510587807426751,-0.014864567851622053,0.8935745058925684,0.1251058780742675,10.0
exp948,-1400mV,-0.15,-0.010411660452566496,-0.4420346161435331,0.9990601113334625,10.411660452566496,10.0
exp949,-1900mV,-0.15,-0.0001347883394450711,-0.013066162793975385,0.9215077053234125,0.1347883394450711,10.0
exp950,-1500mV,-0.15,-0.003084414884643367,-0.12469588217038585,0.9987351494781643,3.0844148846433668,10.0
exp951,-1600mV,-0.15,-0.003938124204456043,-0.15584029252609088,0.9984959251004996,3.9381242044560425,10.0
exp952,-1900mV,-0.15,-0.00010018973037312606,-0.011239612260737074,0.8982288676696006,0.10018973037312606,10.0
exp953,-1400mV,-0.15,-0.004538343121105468,-0.19630154208658812,0.9990876848805423,4.538343121105468,10.0
exp954,-1400mV,-0.15,-0.07489181407901895,-5.710009009020808,0.9940508145675563,74.89181407901894,10.0
exp955,-1500mV,-0.15,-0.0026492238270323185,-0.13225654877298298,0.9983460701321156,2.6492238270323187,10.0
exp956,-1500mV,-0.15,-0.001991123821888989,-0.180965596860716,0.9910111294392892,1.9911238218889893,10.0
exp957,-1500mV,-0.15,-0.004797205810177082,-0.26342320016266374,0.9980370406724488,4.797205810177082,10.0
exp958,-1800mV,-0.15,-0.000263279255887648,-0.009548060632411454,0.9852188662556975,0.263279255887648,10.0
exp959,-1400mV,-0.15,-0.007648315947697949,-0.33941702867925994,0.9993373369209106,7.648315947697949,10.0
exp960,-1500mV,-0.15,-0.001958850771225321,-0.09287247368879059,0.9972053512663702,1.958850771225321,10.0
exp961,-1700mV,-0.15,-0.0012666222055774865,-0.03166006787715314,0.9979259176057871,1.2666222055774865,10.0
exp962,-1600mV,-0.15,-0.001375821912564331,-0.04141046703936835,0.9991580365660648,1.375821912564331,10.0
exp963,-1600mV,-0.15,-0.00127112889976665,-0.04024730216928896,0.9987540149417218,1.27112889976665,10.0
exp964,-1600mV,-0.15,-0.009431940911897365,-0.3490651382011869,0.999471200131495,9.431940911897364,10.0
exp965,-1900mV,-0.15,-0.0001499026275778868,-0.008461768072760792,0.9348069096031769,0.1499026275778868,10.0
exp966,-1500mV,-0.15,-0.0015897920006446701,-0.09329055727427682,0.997169241464319,1.5897920006446702,10.0
exp967,-1500mV,-0.15,-0.002104400013382652,-0.12102437403250099,0.9968574977970838,2.104400013382652,10.0
exp968,-1600mV,-0.15,-0.0013374087797522172,-0.06251137663670348,0.995170885502191,1.3374087797522172,10.0
exp969,-1500mV,-0.15,-0.0026092111435871376,-0.13889281073024362,0.9969712763710099,2.6092111435871375,10.0
exp970,-2000mV,-0.15,-0.00014092318684521141,-0.004509561590588518,0.9737512286230371,0.1409231868452114,10.0
exp971,-1600mV,-0.15,-0.00047715502083875297,-0.022279462222089708,0.9893010815627713,0.477155020838753,10.0
exp972,-1500mV,-0.15,-0.0003834166751108518,-0.019557788719013675,0.9885622909196567,0.3834166751108518,10.0
exp973,-2000mV,-0.15,-0.00012409074472438414,-0.01054069740506948,0.916886647751369,0.12409074472438414,10.0
exp974,-1800mV,-0.15,-0.0002908115181075611,-0.02677848468823213,0.9725199903183864,0.2908115181075611,10.0
exp975,-2000mV,-0.15,-0.00011953255576731338,-0.01250074667955968,0.8642034986773287,0.11953255576731338,10.0
exp976,-1400mV,-0.15,-0.005237338094011838,-0.03752561284169964,0.9998351475451057,5.237338094011838,10.0
exp977,-1900mV,-0.15,-0.00012008876201621942,-0.009536562542584698,0.9346932873272042,0.12008876201621942,10.0
exp978,-1500mV,-0.15,-0.0011942512632578425,-0.11676523849630338,0.9884331313808193,1.1942512632578426,10.0
exp979,-2000mV,-0.15,-0.00010361178362947654,-0.01628025394137453,0.7736909858329797,0.10361178362947654,10.0
exp980,-1900mV,-0.15,-0.00016659802129353872,-0.015490493731900909,0.937143217415643,0.1665980212935387,10.0
exp981,-1900mV,-0.15,-0.00011292930916592661,-0.03827887856347965,0.8627774846581697,0.11292930916592661,10.0
exp982,-1500mV,-0.15,-0.008161233296788752,-0.2900978190892878,0.9990278586742177,8.161233296788751,10.0
exp983,-1500mV,-0.15,-0.03116731520532131,-1.1277454996783405,0.9980227389474424,31.16731520532131,10.0
exp984,-1400mV,-0.15,-0.033796611994038515,-0.48704332383400306,0.9998630937246831,33.796611994038514,10.0
exp985,-1900mV,-0.15,-0.0001150360977762412,-0.016175533656162838,0.843739684418202,0.1150360977762412,10.0
exp986,-1700mV,-0.15,-0.0025663672290266617,-0.08970538766941227,0.9987004297754691,2.5663672290266617,10.0
exp987,-1700mV,-0.15,-0.0018982946169350634,-0.11523070399775281,0.9957439089525522,1.8982946169350634,10.0
exp988,-1600mV,-0.15,-0.0048759434235601685,-0.18974981466807117,0.998197434751037,4.875943423560169,10.0
exp989,-2000mV,-0.15,-0.00011522582552702129,-0.016251390032973274,0.8559293874317321,0.11522582552702129,10.0
exp990,-1500mV,-0.15,-0.06367267240594919,-6.270623333762057,0.9872566873702617,63.67267240594919,10.0
exp991,-1500mV,-0.15,-0.014448744910589664,-0.20612913321436288,0.9999286012586601,14.448744910589664,10.0
exp992,-1600mV,-0.15,-0.02324607807281575,1.9811160031426986,0.9850835483644045,23.24607807281575,10.0
exp993,-1500mV,-0.15,-0.004533879071713307,0.04710982298746069,0.9991860503251179,4.533879071713307,10.0
exp994,-1400mV,-0.15,-0.07897508051920463,-71.53332607557948,0.39413130650241623,78.97508051920462,10.0
exp995,-1500mV,-0.15,-0.08050561729410227,3.6993823813550932,0.9960134322907866,80.50561729410227,10.0
exp996,-1500mV,-0.15,-0.047331995507455656,0.16126980890947706,0.9997994699366823,47.33199550745566,10.0
exp997,-1900mV,-0.15,-0.000126100196314274,-0.012584119699184763,0.8888778678443325,0.126100196314274,10.0
exp998,-1500mV,-0.15,-0.10294849155700062,-21.638810051701668,0.9538317767855198,102.94849155700062,10.0
exp999,-1500mV,-0.15,-0.007042699787625385,-0.20188234079688616,0.999554722258767,7.042699787625385,10.0
exp1000,-1600mV,-0.15,-0.0038411073817139012,-0.11904589869718762,0.9988987194966735,3.8411073817139014,10.0
exp1001,-1400mV,-0.15,-0.07124698244995972,0.654363792839856,0.9975059506187228,71.24698244995972,10.0
exp1002,-1500mV,-0.15,-0.09733815074496445,-33.82230376613935,0.9317570898543329,97.33815074496445,10.0
exp1003,-1500mV,-0.15,-0.05201093091040932,-7.343885357923508,0.9755874336725944,52.01093091040932,10.0
exp1004,-1500mV,-0.15,-0.027006241904287465,-0.5245635563419011,0.9996330192743635,27.006241904287464,10.0
exp1005,-1500mV,-0.15,-0.11664502194548179,-45.63771302062871,0.9246384819168862,116.64502194548179,10.0
exp1006,-1600mV,-0.15,-0.01465999390615256,-0.3081567196036392,0.9988082866885528,14.659993906152561,10.0
exp1007,-1700mV,-0.15,-0.002197372091066128,-0.06658527044497864,0.9988796092921587,2.197372091066128,10.0
exp1008,-1500mV,-0.15,-0.009951980737833504,-0.10218611634232211,0.9998673149012677,9.951980737833503,10.0
exp1009,-1500mV,-0.15,-0.04601599479558412,-8.372739372839035,0.966562156925678,46.01599479558412,10.0
exp1010,-1500mV,-0.15,-0.04727850323410642,-10.006492607044724,0.9617093124789519,47.278503234106424,10.0
exp1011,-1500mV,-0.15,-0.08298855634377923,-30.369449229090883,0.9264795822077463,82.98855634377924,10.0
exp1012,-1400mV,-0.15,-0.02828428006595704,-0.5443650836768761,0.9998453359482892,28.28428006595704,10.0
exp1013,-1500mV,-0.15,-0.008303335146578165,-0.20479376601357568,0.9994331307455447,8.303335146578165,10.0
exp1014,-1600mV,-0.15,-0.004698992292686298,-0.19240535753890864,0.9991833454050654,4.698992292686298,10.0
exp1015,-1500mV,-0.15,-0.0698637248527822,5.68798603680581,0.9807180671222147,69.8637248527822,10.0
exp1016,-1400mV,-0.15,-0.04688739998806073,-0.8943608613808074,0.999768754162219,46.88739998806073,10.0
exp1017,-1600mV,-0.15,-0.007211170427316987,-0.929432155835888,0.9736702196487244,7.211170427316986,10.0
exp1018,-1500mV,-0.15,-0.004903372094008583,-0.21716745769283508,0.9987713326698175,4.903372094008582,10.0
exp1019,-1800mV,-0.15,-0.0005577903638585113,-0.03274044523452191,0.9967577364517041,0.5577903638585113,10.0
exp1020,-1500mV,-0.15,-0.06808306766262304,-9.349709879425255,0.9859813602562931,68.08306766262304,10.0
exp1021,-1600mV,-0.15,-0.00819317611251045,-0.5367916941672939,0.9959804628617478,8.19317611251045,10.0
exp1022,-1700mV,-0.15,-0.0058215875469546366,-0.1736625216511758,0.998395942903319,5.821587546954636,10.0
exp1023,-1500mV,-0.15,-0.050443534779803775,-10.251140499422707,0.9690835996101901,50.44353477980378,10.0
exp1024,-1500mV,-0.15,-0.06170059017315524,-14.711798020648615,0.9565465944283237,61.70059017315524,10.0
exp1025,-1500mV,-0.15,-0.018975390191324683,-0.31591579392746993,0.9997627795557978,18.975390191324685,10.0
exp1026,-1600mV,-0.15,-0.007254997089234891,-0.3107286141083634,0.998117549514392,7.254997089234891,10.0
exp1027,-1500mV,-0.15,-0.027789930474883515,-1.1263814268142696,0.9816006389690647,27.789930474883516,10.0
exp1028,-1500mV,-0.15,-0.019343318757231404,-0.46134906502426354,0.9993969080021079,19.343318757231405,10.0
exp1029,-1400mV,-0.15,-0.10594045630155233,-15.026170924735624,0.9829966321220177,105.94045630155233,10.0
exp1030,-1600mV,-0.15,-0.003023703650143513,-0.20065027600510965,0.9935085028319102,3.0237036501435126,10.0
exp1031,-1500mV,-0.15,-0.12017952146553385,-38.30516940636112,0.9189754107740361,120.17952146553384,10.0
exp1032,-1500mV,-0.15,-0.020558965935145373,-0.2474618069567498,0.9997076210153758,20.558965935145373,10.0
exp1033,-1500mV,-0.15,-0.08164651391204535,1.109860320647762,0.999064290130155,81.64651391204535,10.0
exp1034,-1400mV,-0.15,-0.020906289088548944,-0.3352004927271732,0.9998255306927629,20.906289088548945,10.0
exp1035,-1500mV,-0.15,-0.03458217599527433,-4.107228141085237,0.9868888439490332,34.582175995274326,10.0
exp1036,-1800mV,-0.15,-0.0005030071268869086,-0.05006628159807516,0.9874425830124035,0.5030071268869086,10.0
exp1037,-1600mV,-0.15,-0.014778310882651713,-0.43243040381563613,0.9987998057639085,14.778310882651713,10.0
exp1038,-1900mV,-0.15,-0.00010105102415508218,-0.020218389268202054,0.8333679604089558,0.10105102415508219,10.0
exp1039,-1400mV,-0.15,-0.16287759733093696,-86.61505369418053,0.8914189020036566,162.87759733093696,10.0
exp1040,-1600mV,-0.15,-0.012205684200406814,-1.7195293640990439,0.9845782838662985,12.205684200406814,10.0
exp1041,-1500mV,-0.15,-0.0020509782721404505,-0.12437939194670244,0.9970652137209896,2.0509782721404504,10.0
exp1042,-1500mV,-0.15,-0.006489842728692405,-0.41716193430545356,0.9953801363700201,6.489842728692405,10.0
exp1043,-1500mV,-0.15,-0.017078646195634102,-2.015594574706861,0.979947329262704,17.078646195634104,10.0
exp1044,-1700mV,-0.15,-0.00048594766180734913,-0.03828282836147048,0.982974925269952,0.4859476618073491,10.0
exp1045,-1500mV,-0.15,-0.006354580956043017,-0.08495227419208984,0.9999335370372219,6.354580956043017,10.0
exp1046,-1700mV,-0.15,-0.005588220586896739,-0.8253387744585767,0.9710759227308529,5.588220586896739,10.0
exp1047,-1400mV,-0.15,-0.014824597758716975,0.41433627793938665,0.9973640897494398,14.824597758716974,10.0
exp1048,-1600mV,-0.15,-0.00021168177333733207,-0.02285017005304553,0.9624714116953851,0.21168177333733207,10.0
exp1049,-1500mV,-0.15,-0.008414166134603647,0.05322482554631636,0.9988422568903155,8.414166134603647,10.0
exp1050,-1800mV,-0.15,-0.0021247032229350566,-0.19449185098756794,0.9912354654170161,2.1247032229350564,10.0
exp1051,-1700mV,-0.15,-0.00029599882904404257,-0.033597753952437,0.9751082784000412,0.29599882904404257,10.0
exp1052,-1700mV,-0.15,-0.015571124589802789,-1.8327002547739948,0.9879146074037066,15.571124589802789,10.0
exp1053,-1900mV,-0.15,-9.935532379205838e-05,-0.027102051633315173,0.8685789304682472,0.09935532379205837,10.0
exp1054,-1500mV,-0.15,-0.0808542647330275,-8.533269544095752,0.9940783031312262,80.85426473302749,10.0
exp1055,-1400mV,-0.15,-0.16065218275924006,-55.70663743866784,0.9167120610969357,160.65218275924008,10.0
exp1056,-1700mV,-0.15,-0.002522172986320395,-0.22262992070850163,0.9907655314586535,2.522172986320395,10.0
exp1057,-1600mV,-0.15,-0.00018995681735951514,-0.03320584094354623,0.9521836770561043,0.18995681735951514,10.0
exp1058,-1900mV,-0.15,-0.00011787311252430597,-0.029238126440414576,0.8421370670995315,0.11787311252430596,10.0
exp1059,-1600mV,-0.15,-0.008415928623446456,-0.5782911899065817,0.9953270037668976,8.415928623446456,10.0
exp1060,-1600mV,-0.15,-0.025505766275093104,-6.903261338706921,0.9619421977615991,25.505766275093105,10.0
exp1061,-1600mV,-0.15,-0.004969040740946438,-0.37348403635654925,0.995756779141733,4.969040740946438,10.0
exp1062,-1500mV,-0.15,-0.002433965533315809,-0.16953200774188226,0.9974483293644594,2.433965533315809,10.0
exp1063,-1600mV,-0.15,-0.004545110767197157,-0.3948299410360345,0.9954184019357828,4.545110767197158,10.0
exp1064,-2000mV,-0.15,-9.405484499416304e-05,-0.03236851541835562,0.7636325805050251,0.09405484499416304,10.0
exp1065,-1600mV,-0.15,-0.02273355425671162,-3.4706340083443123,0.9866018920749138,22.73355425671162,10.0
exp1066,-1400mV,-0.15,-0.09064909369710343,-45.32848624757876,0.9528195925632701,90.64909369710342,10.0
exp1067,-1800mV,-0.15,-8.876829176610889e-05,-0.026510426963478134,0.7748336249271482,0.08876829176610888,10.0
exp1068,-1600mV,-0.15,-0.0003963822668064485,-0.05236239918148511,0.9866509432031259,0.3963822668064485,10.0
exp1069,-1500mV,-0.15,-0.04372006077650382,-4.094057083936427,0.9924202083352472,43.720060776503814,10.0
exp1070,-1600mV,-0.15,-0.00016873537924242543,-0.024619600430713026,0.9469570287905287,0.16873537924242543,10.0
exp1071,-1500mV,-0.15,-0.10694269764824187,-19.173367033718726,0.9728957299723725,106.94269764824186,10.0
exp1072,-1600mV,-0.15,-0.00249917680666755,-0.28293346154478893,0.9908187529660407,2.49917680666755,10.0
exp1073,-1700mV,-0.15,-0.00010790689867855928,-0.028245901105046566,0.8006718608214536,0.10790689867855928,10.0
exp1074,-1600mV,-0.15,-0.01199872871121841,-1.143882070223067,0.991646906102207,11.99872871121841,10.0
exp1075,-1900mV,-0.15,-9.710145222796267e-05,-0.0302837246871034,0.7614987433987138,0.09710145222796267,10.0
exp1076,-1900mV,-0.15,-0.00010489124418863727,-0.02649787812610948,0.8390358355474993,0.10489124418863727,10.0
exp1077,-1500mV,-0.15,-0.020570341769319652,-1.6874657395376715,0.9916202789802693,20.57034176931965,10.0
exp1078,-1500mV,-0.15,-0.030666425117710915,-3.2955592123679907,0.9919566990374873,30.666425117710915,10.0
exp1079,-1900mV,-0.15,-0.00011585084850590375,-0.028460320066689908,0.8603243663547819,0.11585084850590374,10.0
exp1080,-1500mV,-0.15,-0.03146324712833205,-4.6234578768570955,0.9865791710876012,31.463247128332053,10.0
exp1081,-1800mV,-0.15,-0.0027214057523478035,-0.3294811978949872,0.9885461532649409,2.7214057523478035,10.0
exp1082,-1600mV,-0.15,-0.00036939924172071014,-0.0567494062627584,0.9763966700600789,0.36939924172071015,10.0
exp1083,-1700mV,-0.15,-0.00027762575772721944,-0.056927976376763306,0.9746753563414127,0.2776257577272194,10.0
exp1084,-1400mV,-0.15,-0.022744348110577472,0.6881624168074616,0.9977089592474832,22.744348110577473,10.0
exp1085,-1400mV,-0.15,-0.16586533738313136,-88.76298422505744,0.8949900215917063,165.86533738313136,10.0
exp1086,-1500mV,-0.15,-0.045462525734984306,-10.244978118277363,0.9589907624530759,45.462525734984304,10.0
exp1087,-1900mV,-0.15,-0.00010114887388966425,-0.027708478550918056,0.8321315742011209,0.10114887388966425,10.0
exp1088,-1800mV,-0.15,-0.0044063001444567184,-0.3172363177367652,0.9960058275605967,4.4063001444567185,10.0
exp1089,-1400mV,-0.15,-0.007469693296314141,-0.03857822767664709,0.9998431844513581,7.469693296314141,10.0
exp1090,-1500mV,-0.15,-0.09295384784658886,-17.744366200254376,0.9736861292561968,92.95384784658886,10.0
exp1091,-1500mV,-0.15,-0.040411188041173454,-5.845810533140245,0.9839759207247919,40.41118804117345,10.0
exp1092,-1500mV,-0.15,-0.0433126374860094,-6.24504870825686,0.9838582840472235,43.3126374860094,10.0
exp1093,-1400mV,-0.15,-0.02348193318858645,0.8942057811712054,0.9958188026831551,23.48193318858645,10.0
exp1094,-1700mV,-0.15,-0.001687133786505915,-0.1197544253609496,0.994746303618038,1.687133786505915,10.0
exp1095,-1600mV,-0.15,-0.018794780976019693,-1.9185115150821854,0.9934322151916359,18.79478097601969,10.0
exp1096,-1600mV,-0.15,-0.00042020595988328564,-0.01688216770838491,0.9935471885007927,0.42020595988328563,10.0
exp1097,-1800mV,-0.15,-0.0038231066837516804,-0.2414684948889001,0.9972736678954821,3.8231066837516803,10.0
exp1098,-1700mV,-0.15,-0.003719524226106326,-0.3375008386199707,0.9882896380531261,3.719524226106326,10.0
exp1099,-1900mV,-0.15,-0.000136475901488063,-0.022783596334493797,0.8997988305611074,0.136475901488063,10.0
exp1100,-1500mV,-0.15,-0.030274156283384267,-0.8865628587594703,0.9991668766116415,30.27415628338427,10.0
exp1101,-1800mV,-0.15,-0.000513225149397197,-0.039446999670464195,0.9881476989979474,0.5132251493971971,10.0
exp1102,-1800mV,-0.15,-0.0007694997893988126,-0.016945380300762314,0.9986342292555246,0.7694997893988126,10.0
exp1103,-1400mV,-0.15,-0.04166469821050757,-1.1899044960999916,0.9995586533583808,41.66469821050757,10.0
exp1104,-1600mV,-0.15,-0.002480808799194307,-0.15261807390974536,0.9983630067266104,2.480808799194307,10.0
exp1105,-1400mV,-0.15,-0.02004626741643779,-1.1802676852790626,0.997072811170269,20.04626741643779,10.0
exp1106,-1400mV,-0.15,-0.014924224902398274,-0.878882274011124,0.9994708767563109,14.924224902398274,10.0
exp1107,-1600mV,-0.15,-0.002873560145473408,-0.1711326253991401,0.9973355079028575,2.873560145473408,10.0
exp1108,-1400mV,-0.15,-0.05606623227443041,-1.7912742164156121,0.9996374155785055,56.06623227443041,10.0
exp1109,-1400mV,-0.15,-0.039589114631991315,-0.8669259063407999,0.9998380167223566,39.589114631991315,10.0
exp1110,-1800mV,-0.15,-0.0007525115707898925,-0.2563979400714738,0.9478576464581566,0.7525115707898925,10.0
exp1111,-1700mV,-0.15,-0.0016489205760468232,-0.645789566295912,0.8636137273842116,1.6489205760468233,10.0
exp1112,-1900mV,-0.15,-0.00044743013243431044,-0.1906775424607558,0.6649945952945089,0.44743013243431046,10.0
exp1113,-1500mV,-0.15,-0.12445849641746765,-19.17614265298043,0.9784160172005107,124.45849641746764,10.0
exp1114,-2000mV,-0.15,-0.00040954486010242035,-0.10713611838780124,0.9389637843074856,0.40954486010242036,10.0
exp1115,-1700mV,-0.15,-0.006145238678439154,-0.3486993704496726,0.9942979578021843,6.145238678439154,10.0
exp1116,-1900mV,-0.15,-0.0010023691002289923,-0.022024026127457574,0.9961709230157715,1.0023691002289923,10.0
exp1117,-1400mV,-0.15,-0.030850219128923946,-0.9044822187342003,0.9997712443685961,30.850219128923946,10.0
exp1118,-1700mV,-0.15,-0.002482854049445529,-0.1155161465304897,0.9977611048375871,2.4828540494455287,10.0
exp1119,-1900mV,-0.15,-0.0010197311390049684,-0.25557845193529305,0.9111001602753107,1.0197311390049684,10.0
exp1120,-1800mV,-0.15,-0.0001884309004376292,-0.024654711856128053,0.9385037446451963,0.1884309004376292,10.0
exp1121,-1600mV,-0.15,-0.0023781657749586253,-0.20046373666727302,0.9855581755014924,2.3781657749586254,10.0
exp1122,-1800mV,-0.15,-0.0008726376144502009,-0.2141601992364187,0.9261562220412324,0.8726376144502009,10.0
exp1123,-1700mV,-0.15,-0.002049995072654133,-0.19293519382237978,0.9870066052930594,2.049995072654133,10.0
exp1124,-1500mV,-0.15,-0.02899809935051496,-0.778840980265672,0.9989748282221621,28.99809935051496,10.0
exp1125,-1500mV,-0.15,-0.04117384990556576,-1.4313346323737974,0.9989169608212038,41.17384990556576,10.0
exp1126,-1700mV,-0.15,-0.0035141710817075448,-0.6831059790997585,0.9606907509701927,3.514171081707545,10.0
exp1127,-1600mV,-0.15,-0.007547813030354818,-0.7912825907469356,0.9917973228996728,7.547813030354818,10.0
exp1128,-1800mV,-0.15,-0.0017750778292186244,-0.26565417139843084,0.985152626667077,1.7750778292186244,10.0
exp1129,-1900mV,-0.15,-0.00041980088856727874,-0.05988639089696221,0.93529995710868,0.41980088856727876,10.0
exp1130,-1500mV,-0.15,-0.0037550950144750127,-0.12665185505078647,0.9948377054442996,3.7550950144750126,10.0
exp1131,-2000mV,-0.15,-0.00017431982211158834,-0.01813276616766063,0.9162725886653309,0.17431982211158834,10.0
exp1132,-1900mV,-0.15,-0.00032530699024967136,-0.05555689958403881,0.9383028395524371,0.32530699024967136,10.0
exp1133,-1400mV,-0.15,-0.04153564886967177,-0.10529471496836962,0.9992727081478061,41.53564886967177,10.0
exp1134,-1700mV,-0.15,-0.000949680060982346,-0.10039630082935008,0.9652922426697651,0.9496800609823459,10.0
exp1135,-1400mV,-0.15,-0.09186633679957673,-5.943022404285976,0.9931125556449992,91.86633679957673,10.0
exp1136,-1500mV,-0.15,-0.002832344256623554,-0.2007055668471931,0.9836950057606945,2.832344256623554,10.0
exp1137,-1500mV,-0.15,-0.0028734512728364526,-0.1750782773687849,0.9869811063690347,2.8734512728364527,10.0
exp1138,-1700mV,-0.15,-0.0007276082391342863,-0.0788519820988336,0.9883131834426885,0.7276082391342863,10.0
exp1139,-1500mV,-0.15,-0.04208872186536305,-2.781080300513551,0.9941552623764071,42.08872186536305,10.0
exp1140,-1400mV,-0.15,-0.007773121335485739,-0.4227336813953535,0.9890187060169383,7.773121335485739,10.0
exp1141,-1600mV,-0.15,-0.0014999293128127931,-0.09107310017106429,0.9758841275697481,1.499929312812793,10.0
exp1142,-1700mV,-0.15,-0.003428365879926507,-0.1299237309832244,0.9959389888971185,3.428365879926507,10.0
exp1143,-1700mV,-0.15,-0.0007765676762018456,-0.03421125759143678,0.9853287158167502,0.7765676762018456,10.0
exp1144,-1600mV,-0.15,-0.005284986872722505,-0.3128527382446058,0.9805303851607714,5.284986872722505,10.0
exp1145,-1500mV,-0.15,-0.02167208402530421,-1.0130972326392271,0.9973982646281344,21.672084025304212,10.0
exp1146,-1600mV,-0.15,-0.00498262929391318,-0.3836935045882175,0.9886761366570255,4.98262929391318,10.0
exp1147,-1400mV,-0.15,-0.03218407079366901,-1.1714610283148357,0.9978994865640073,32.18407079366901,10.0
exp1148,-1700mV,-0.15,-0.0013959874488694297,-0.08000075299354192,0.9910923581663629,1.3959874488694297,10.0
exp1149,-1700mV,-0.15,-0.005408813763164431,-0.2539706815989713,0.9891084668357144,5.4088137631644315,10.0
exp1150,-1800mV,-0.15,-0.00071425313839912,-0.13010212386271414,0.9302573519562432,0.7142531383991201,10.0
exp1151,-1600mV,-0.15,-0.014265061942232236,-0.5472559053800214,0.996844782416616,14.265061942232236,10.0
exp1152,-2000mV,-0.15,-0.00010572904354490576,-0.004542685773890498,0.941024879292656,0.10572904354490577,10.0
exp1153,-1500mV,-0.15,-0.08249549170301394,-20.53760130780845,0.9534936210192201,82.49549170301394,10.0
exp1154,-1600mV,-0.15,-0.0010639925771070197,-0.027739931349344937,0.9969914606409753,1.0639925771070196,10.0
exp1155,-1500mV,-0.15,-0.058358274368017146,-12.676788036679657,0.9371435279107849,58.35827436801715,10.0
exp1156,-1700mV,-0.15,-0.0014327710729881513,-0.0446147723090522,0.9983543508631453,1.4327710729881513,10.0
exp1157,-1400mV,-0.15,-0.034773116355738126,-0.751136375555097,0.9999024430535866,34.773116355738125,10.0
exp1158,-1600mV,-0.15,-0.0017960637805241343,-0.08295154959405304,0.9974760353832267,1.7960637805241344,10.0
exp1159,-1900mV,-0.15,-0.00011398213469294052,-0.016377463913578374,0.8666777414210465,0.11398213469294052,10.0
exp1160,-1400mV,-0.15,-0.1438208682478679,-8.624937772483435,0.9891469393785665,143.8208682478679,10.0
exp1161,-1500mV,-0.15,-0.021729648442722824,-0.46550932901458353,0.9996847316103085,21.729648442722823,10.0
exp1162,-1400mV,-0.15,-0.04771542703047927,-2.695443426318594,0.9969208458870632,47.71542703047927,10.0
exp1163,-1500mV,-0.15,-0.010075971660637067,-0.08384012754607095,0.9997907621932529,10.075971660637068,10.0
exp1164,-1400mV,-0.15,-0.133007949915216,6.945537469806119,0.996247013815887,133.007949915216,10.0
exp1165,-1900mV,-0.15,-0.00021781522727622955,-0.014989689096650466,0.986435539888143,0.21781522727622954,10.0
exp1166,-1700mV,-0.15,-0.0025130212645865847,-0.5879372105930314,0.922184932055799,2.513021264586585,10.0
exp1167,-1700mV,-0.15,-0.0026199557154038535,-0.133166521464118,0.9932702810472613,2.6199557154038535,10.0
exp1168,-1700mV,-0.15,-0.0032144183078649255,-0.23448773332315986,0.9949549364330014,3.2144183078649253,10.0
exp1169,-1800mV,-0.15,-0.001368810297723069,-0.01463716646100155,0.9974447303834636,1.3688102977230692,10.0
exp1170,-1700mV,-0.15,-0.0006495871867453595,-0.07097750277984355,0.9904534489285198,0.6495871867453595,10.0
exp1171,-1600mV,-0.15,-0.0028490912915968827,-0.23618908981861564,0.9949583409925215,2.8490912915968827,10.0
exp1172,-1600mV,-0.15,-0.014007014893679988,-1.3793356051128107,0.9915006242057377,14.007014893679987,10.0
exp1173,-1700mV,-0.15,-0.0014637443163883091,-0.2696637543932565,0.9882960332536778,1.463744316388309,10.0
exp1174,-2000mV,-0.15,-0.0004883031719461337,-0.16740256656987285,0.9322310668631515,0.4883031719461337,10.0
exp1175,-1400mV,-0.15,-0.11312006415354492,-8.648782145935755,0.9900933763567971,113.12006415354492,10.0
exp1176,-1800mV,-0.15,-0.00024215432920362016,-0.02242675360729139,0.9884886001643611,0.24215432920362015,10.0
exp1177,-1500mV,-0.15,-0.10721453019710582,-12.136073984223195,0.9864884126212963,107.21453019710582,10.0
exp1178,-1500mV,-0.15,-0.005238860411987743,-0.24416597271437945,0.9981103105997878,5.238860411987743,10.0
exp1179,-1500mV,-0.15,-0.023046834274843383,0.952087728709996,0.9980211456478448,23.046834274843384,10.0
exp1180,-1900mV,-0.15,-0.00027565477416762715,-0.015134021298259692,0.9888878083084984,0.2756547741676272,10.0
exp1181,-1400mV,-0.15,-0.02483699711323209,-0.8032664297686676,0.9996497836629793,24.83699711323209,10.0
exp1182,-1500mV,-0.15,-0.023022816374322692,-0.7720402383391711,0.9989010451555482,23.02281637432269,10.0
exp1183,-1600mV,-0.15,-0.008604177731899598,-0.4907591089541832,0.9960420634129892,8.604177731899597,10.0
exp1184,-1700mV,-0.15,-0.004436397279619681,-0.2576375689795958,0.9964251785646524,4.436397279619681,10.0
exp1185,-1900mV,-0.15,-0.0027292721620703433,-0.3719890314869354,0.9702216329634719,2.7292721620703433,10.0
exp1186,-1600mV,-0.15,-0.0017610251207324091,-0.10981755015893624,0.995337113994641,1.7610251207324092,10.0
exp1187,-1500mV,-0.15,-0.1317793764627347,-23.877731521887604,0.9704651547386993,131.7793764627347,10.0
exp1188,-1400mV,-0.15,-0.031071270369268968,-2.541933324713403,0.9933596686001558,31.07127036926897,10.0
exp1189,-1500mV,-0.15,-0.017396763179067288,-1.9169850827333619,0.9892747618223103,17.39676317906729,10.0
exp1190,-1800mV,-0.15,-0.00037651497280298784,-0.02504577667121735,0.9878334348302046,0.37651497280298785,10.0
exp1191,-1500mV,-0.15,-0.008752323098148917,-0.8905344945764742,0.9890100570991188,8.752323098148917,10.0
exp1192,-1500mV,-0.15,-0.10325570409584128,-18.82607281656415,0.9753166213999493,103.25570409584128,10.0
exp1193,-1800mV,-0.15,-0.004238904034287399,-0.02263259568387599,0.9995275005773545,4.238904034287399,10.0
exp1194,-1900mV,-0.15,-0.0002476090671450556,-0.004398274133235763,0.9700219422275795,0.24760906714505562,10.0
exp1195,-1900mV,-0.15,-0.00013559187376120733,-0.00422555687293516,0.9377916367148671,0.13559187376120732,10.0
exp1196,-2000mV,-0.15,-0.0001301079174423247,-0.005744379847312242,0.9307762689268121,0.13010791744232472,10.0
exp1197,-2000mV,-0.15,-0.00011140667469978336,-0.01035984856145402,0.9069722155079456,0.11140667469978335,10.0
exp1198,-2000mV,-0.15,-0.00011848936148993671,-0.0060685955973556055,0.9601603833387821,0.1184893614899367,10.0
exp1199,-1700mV,-0.15,-0.005459684231500625,-1.5757538687939001,0.8935348758600993,5.459684231500625,10.0
exp1200,-1600mV,-0.15,-0.006755376217847257,-0.32858546726392035,0.9973644507954008,6.755376217847257,10.0
exp1201,-1400mV,-0.15,-0.04513461111848368,-0.722703526839819,0.9997770411177701,45.134611118483676,10.0
exp1202,-1800mV,-0.15,-0.0032374965941243676,-0.2106350678269886,0.9931332455039285,3.2374965941243676,10.0
exp1203,-1400mV,-0.15,-0.10245004386965939,-4.539818372463834,0.9966381380958671,102.4500438696594,10.0
exp1204,-1400mV,-0.15,-0.052291317737890544,-0.8630672575336575,0.999713287575465,52.291317737890544,10.0
exp1205,-1400mV,-0.15,-0.04083226381565979,-1.2534927623718097,0.9994239053929471,40.83226381565979,10.0
exp1206,-1700mV,-0.15,-0.00875894823321417,-0.6988173766779862,0.988127535305504,8.75894823321417,10.0
exp1207,-1600mV,-0.15,-0.005575877377747306,-0.3584569222909457,0.9943335158781738,5.575877377747306,10.0
exp1208,-1400mV,-0.15,-0.052167353942820426,-3.0689689861924982,0.9952615883684279,52.16735394282043,10.0
exp1209,-1400mV,-0.15,-0.0998227111288446,-3.4622805653804036,0.9988606639269467,99.8227111288446,10.0
exp1210,-1500mV,-0.15,-0.03611640485469563,-2.951183668056238,0.9916582920297925,36.11640485469563,10.0
exp1211,-1400mV,-0.15,-0.08396662868847282,-3.33308830660215,0.9984693611342401,83.96662868847282,10.0
exp1212,-1400mV,-0.15,-0.07873566922885487,-3.84108739761691,0.9985361203821964,78.73566922885487,10.0
exp1213,-1400mV,-0.15,-0.037045408555109266,-4.482542820193611,0.9945471312138203,37.04540855510927,10.0
exp1214,-1500mV,-0.15,-0.026521321913364135,-1.9164840787092743,0.9978923334428338,26.521321913364133,10.0
exp1215,-1400mV,-0.15,-0.20083039059140903,-22.53642379960145,0.9819750714039976,200.83039059140904,10.0
exp1216,-1600mV,-0.15,-0.02381111485109115,-1.5540037111517062,0.9970656818063961,23.81111485109115,10.0
exp1217,-1600mV,-0.15,-0.01996376130874842,-0.7970417000492649,0.9983058210873614,19.96376130874842,10.0
exp1218,-1400mV,-0.15,-0.13651133754202213,-5.019240611711567,0.9988751929745947,136.51133754202212,10.0
exp1219,-1400mV,-0.15,-0.06119605683094137,-5.55620836939028,0.9975606475549604,61.19605683094137,10.0
exp1220,-1400mV,-0.15,-0.08968841113381466,-4.690430373090749,0.9978163680112389,89.68841113381467,10.0
exp1221,-1500mV,-0.15,-0.030863800176551097,-2.08129857812399,0.9957590925116956,30.8638001765511,10.0
exp1222,-1400mV,-0.15,-0.09340679689937352,-3.356543397079328,0.9985134153488497,93.40679689937352,10.0
exp1223,-1400mV,-0.15,-0.08382727080892272,-5.641968358282227,0.9966450832634147,83.82727080892272,10.0
exp1224,-1500mV,-0.15,-0.042669816001201524,-5.3970346752322556,0.9932644997866314,42.669816001201525,10.0
exp1225,-1700mV,-0.15,-0.006778859159464124,-1.6077029238942977,0.9649401083799876,6.778859159464124,10.0
exp1226,-1400mV,-0.15,-0.03784556637268804,-2.6542731120609595,0.9969635764955693,37.84556637268804,10.0
exp1227,-1400mV,-0.15,-0.045014230897003425,-2.5610879460311793,0.9985390937903048,45.01423089700342,10.0
exp1228,-1400mV,-0.15,-0.052626186096734376,-2.6275793771248317,0.9990527498426481,52.62618609673438,10.0
exp1229,-1400mV,-0.15,-0.09588922504340369,-4.601546625691064,0.9984758905857283,95.8892250434037,10.0
exp1230,-1700mV,-0.15,-0.021349529848934932,-6.432007395642266,0.9251309965152409,21.34952984893493,10.0
exp1231,-1400mV,-0.15,-0.03650706320591263,-1.9390232464791097,0.9985405445465128,36.50706320591263,10.0
exp1232,-1500mV,-0.15,-0.027822972958493855,-2.4086232116348025,0.9931889728032713,27.822972958493857,10.0
exp1233,-1400mV,-0.15,-0.04714681707757844,-3.5960720600892344,0.9970049547772724,47.14681707757844,10.0
exp1234,-1500mV,-0.15,-0.02539188676280733,-6.997192472193939,0.9700892574152891,25.39188676280733,10.0
exp1235,-1400mV,-0.15,-0.06369928923376098,-10.055951483770407,0.9913069527518117,63.69928923376097,10.0
exp1236,-1400mV,-0.15,-0.0691279782212696,-12.472664502012783,0.9903064586721743,69.1279782212696,10.0
exp1237,-1400mV,-0.15,-0.0850412486365454,-14.76024950899231,0.9917196175767979,85.0412486365454,10.0
exp1238,-1400mV,-0.15,-0.1036647812738189,-18.10673801166523,0.9914936287900712,103.66478127381889,10.0
exp1239,-1700mV,-0.15,-0.016005200878420237,-9.688213264126794,0.9389199461448052,16.005200878420236,10.0
exp1240,-1700mV,-0.15,-0.001160555182122713,-3.3517365435620325,0.7651893572246651,1.160555182122713,10.0
exp1241,-1400mV,-0.15,-0.040901116715951015,-20.7713103485853,0.9357415712641851,40.90111671595101,10.0
exp1242,-1400mV,-0.15,-0.06316975768516504,-23.617215759164793,0.957200568301862,63.169757685165045,10.0
exp1243,-1400mV,-0.15,-0.076946513824061,-29.231942221443497,0.9634557724432911,76.946513824061,10.0
exp1244,-1500mV,-0.15,-0.03605666416007311,-21.428973868497273,0.9763367516417194,36.05666416007311,10.0
exp1245,-1500mV,-0.15,-0.03398076137855982,-11.381033068778516,0.9733142970625851,33.98076137855982,10.0
exp1246,-1600mV,-0.15,-0.022167922024686773,-12.451545109386387,0.9895352802026266,22.167922024686774,10.0
exp1247,-1500mV,-0.15,-0.030940444161891612,-12.912554263910415,0.9865295837544081,30.940444161891612,10.0
exp1248,-1400mV,-0.15,-0.055143222898853296,-7.4164897976876105,0.9903641991115663,55.143222898853296,10.0
exp1249,-1600mV,-0.15,-0.030267454828962183,-11.892401831204836,0.9995803207127533,30.267454828962183,10.0
exp1250,-1400mV,-0.15,-0.06390827405826362,-15.498722477717394,0.9842767529387083,63.908274058263615,10.0
exp1251,-1400mV,-0.15,-0.04737359226968324,-14.444933464038723,0.9700900962081532,47.37359226968324,10.0
exp1252,-1600mV,-0.15,-0.015053819510676615,-5.955658276466527,0.9980145969268728,15.053819510676615,10.0
exp1253,-1400mV,-0.15,-0.06516328800828912,-13.888246149992952,0.9840567239833247,65.16328800828911,10.0
exp1254,-1600mV,-0.15,-0.017071536920952386,-6.589506856517,0.9576912478557764,17.071536920952386,10.0
exp1255,-1400mV,-0.15,-0.044228586416825005,-17.056303794357603,0.9663080797221372,44.228586416825,10.0
exp1256,-1400mV,-0.15,-0.07231758206793376,-17.409424596530165,0.9837845139482374,72.31758206793376,10.0
exp1257,-1700mV,-0.15,-0.004235029832246404,-3.238427030169108,0.9467821001558673,4.235029832246404,10.0
exp1258,-1400mV,-0.15,-0.08178037752131224,-20.328641802523713,0.9796846048146568,81.78037752131225,10.0
