Potential V vs RHE, Current mA cm-2
0.013299999999999867,-0.11224319453129203
0.012299999999999978,-0.13463807440815556
0.011299999999999866,-0.1426028990263957
0.010299999999999976,-0.14401761032626076
0.009299999999999864,-0.14712997518596382
0.008299999999999974,-0.14911057100577488
0.007299999999999862,-0.14868615761581536
0.006299999999999972,-0.15377911829532948
0.00529999999999986,-0.15321323377538346
0.0042999999999999705,-0.15547677185516753
0.0032999999999998586,-0.15717442541500556
0.0022999999999999687,-0.15660854089505957
0.0012999999999998568,-0.1583061944548976
0.00029999999999996696,-0.16014531914472213
-0.000700000000000145,-0.16056973253468165
-0.0017000000000000348,-0.1619844438345467
-0.0027000000000001467,-0.16127708818461417
-0.0037000000000000366,-0.1626917994844792
-0.0047000000000001485,-0.16467239530429026
-0.005700000000000038,-0.16495533756426325
-0.00670000000000015,-0.1656626932141958
-0.00770000000000004,-0.16622857773414182
-0.008700000000000152,-0.16750181790402036
-0.009700000000000042,-0.16877505807389886
-0.010700000000000154,-0.17018976937376393
-0.011700000000000044,-0.16863358694391237
-0.012700000000000156,-0.17118006728366944
-0.013700000000000045,-0.17075565389370992
-0.014700000000000157,-0.17118006728366944
-0.015700000000000047,-0.17217036519357498
-0.01670000000000016,-0.172736249713521
-0.01770000000000005,-0.17415096101338604
-0.01870000000000016,-0.17429243214337253
-0.01970000000000005,-0.17358507649344
-0.020700000000000163,-0.17627302796318356
-0.021700000000000053,-0.17542420118326454
-0.022700000000000164,-0.17584861457322407
-0.023700000000000054,-0.1774047970030756
-0.024700000000000166,-0.1772633258730891
-0.025700000000000056,-0.17867803717295414
-0.026700000000000168,-0.17867803717295414
-0.027700000000000058,-0.17768773926304862
-0.02870000000000017,-0.18094157525273818
-0.02970000000000006,-0.18009274847281917
-0.03070000000000017,-0.18193187316264373
-0.03170000000000006,-0.18179040203265723
-0.03270000000000017,-0.18136598864269768
-0.03370000000000006,-0.18419541124242778
-0.034700000000000175,-0.18278069994256274
-0.035700000000000065,-0.18292217107254924
-0.03670000000000018,-0.1854686514123063
-0.03770000000000007,-0.18405394011244128
-0.03870000000000018,-0.18645894932221183
-0.03970000000000007,-0.1858930648022658
-0.04070000000000018,-0.18645894932221183
-0.04170000000000007,-0.18787366062207686
-0.04270000000000018,-0.18660042045219835
-0.04370000000000007,-0.18773218949209036
-0.044700000000000184,-0.19042014096183393
-0.045700000000000074,-0.1890054296619689
-0.046700000000000186,-0.18971278531190142
-0.047700000000000076,-0.19027866983184744
-0.04870000000000019,-0.19084455435179343
-0.04970000000000008,-0.19141043887173945
-0.05070000000000019,-0.1931080924315775
-0.05170000000000008,-0.1919763233916855
-0.05270000000000019,-0.1936739769515235
-0.05370000000000008,-0.19268367904161798
-0.05470000000000019,-0.1933910346915505
-0.05570000000000008,-0.19508868825138856
-0.056700000000000195,-0.19480574599141554
-0.057700000000000085,-0.1970692840711996
-0.058700000000000196,-0.19537163051136155
-0.059700000000000086,-0.19636192842126707
-0.0607000000000002,-0.19862546650105112
-0.06170000000000009,-0.19862546650105112
-0.0627000000000002,-0.19947429328097016
-0.06370000000000009,-0.19975723554094318
-0.0647000000000002,-0.19933282215098366
-0.06570000000000009,-0.20131341797079472
-0.0667000000000002,-0.20032312006088918
-0.0677000000000001,-0.2011719468408082
-0.0687000000000002,-0.20272812927065975
-0.0697000000000001,-0.20173783136075424
-0.07070000000000021,-0.20315254266061927
-0.0717000000000001,-0.2040013694405383
-0.07270000000000021,-0.2044257828304978
-0.0737000000000001,-0.20612343639033584
-0.07470000000000021,-0.20428431170051128
-0.0757000000000001,-0.2066893209102819
-0.07670000000000021,-0.20852844560010642
-0.0777000000000001,-0.20584049413036284
-0.07870000000000021,-0.2081040322101469
-0.0797000000000001,-0.2082455033401334
-0.08070000000000022,-0.20909433012005244
-0.0817000000000001,-0.21050904141991747
-0.08270000000000022,-0.20951874351001196
-0.08370000000000011,-0.20923580125003893
-0.08470000000000022,-0.2119237527197825
-0.08570000000000011,-0.21220669497975553
-0.08670000000000022,-0.21277257949970152
-0.08770000000000011,-0.21277257949970152
-0.08870000000000022,-0.21291405062968802
-0.08970000000000011,-0.21418729079956658
-0.09070000000000022,-0.2157434732294181
-0.09170000000000011,-0.21376287740960703
-0.09270000000000023,-0.21659230000933713
-0.09370000000000012,-0.2157434732294181
-0.09470000000000023,-0.21701671339929662
-0.09570000000000012,-0.21758259791924262
-0.09670000000000023,-0.21744112678925615
-0.09770000000000012,-0.2189973092191077
-0.09870000000000023,-0.21871436695913468
-0.09970000000000012,-0.21942172260906717
-0.10070000000000023,-0.22154378955886472
-0.10170000000000012,-0.21942172260906717
-0.10270000000000024,-0.22210967407881074
-0.10370000000000013,-0.22225114520879727
-0.10470000000000024,-0.22239261633878374
-0.10570000000000013,-0.22479762554855431
-0.10670000000000024,-0.22338291424868928
-0.10770000000000013,-0.22338291424868928
-0.10870000000000024,-0.22536351006850036
-0.10970000000000013,-0.2245146832885813
-0.11070000000000024,-0.22621233684841938
-0.11170000000000013,-0.22663675023837887
-0.11270000000000002,-0.22621233684841938
-0.11370000000000013,-0.2293247017081224
-0.11470000000000002,-0.2279099904082574
-0.11570000000000014,-0.2284758749282034
-0.11670000000000003,-0.23003205735805496
-0.11770000000000014,-0.22918323057813594
-0.11870000000000003,-0.23059794187800098
-0.11970000000000014,-0.23116382639794697
-0.12070000000000003,-0.23201265317786599
-0.12170000000000014,-0.23342736447773108
-0.12270000000000003,-0.23144676865792
-0.12370000000000014,-0.23441766238763656
-0.12470000000000003,-0.23427619125765006
-0.12570000000000014,-0.23498354690758255
-0.12670000000000003,-0.2359738448174881
-0.12770000000000015,-0.23639825820744764
-0.12870000000000004,-0.2359738448174881
-0.12970000000000015,-0.23908620967719119
-0.13070000000000004,-0.2385203251572452
-0.13170000000000015,-0.23795444063729917
-0.13270000000000004,-0.24149121888696176
-0.13370000000000015,-0.24064239210704275
-0.13470000000000004,-0.24120827662698877
-0.13570000000000015,-0.2429059301868268
-0.13670000000000004,-0.2423400456668808
-0.13770000000000016,-0.24488652600663782
-0.13870000000000005,-0.24502799713662435
-0.13970000000000016,-0.24531093939659734
-0.14070000000000005,-0.2482818331263139
-0.14170000000000016,-0.24502799713662435
-0.14270000000000005,-0.24884771764625993
-0.14370000000000016,-0.250545371206098
-0.14470000000000005,-0.24913065990623293
-0.14570000000000016,-0.251960082505963
-0.14670000000000005,-0.25167714024599
-0.14770000000000016,-0.25295038041586854
-0.14870000000000005,-0.2554968607556256
-0.14970000000000017,-0.25365773606580105
-0.15070000000000006,-0.25662862979551765
-0.15170000000000017,-0.2577603988354097
-0.15270000000000006,-0.25761892770542316
-0.15370000000000017,-0.2617215904750318
-0.15470000000000006,-0.25974099465522077
-0.15570000000000017,-0.2611557059550858
-0.15670000000000006,-0.26455101307476186
-0.15770000000000017,-0.2637021862948429
-0.15870000000000006,-0.2666730800245595
-0.15970000000000018,-0.26709749341451894
-0.16070000000000007,-0.26808779132442445
-0.16170000000000018,-0.27134162731411404
-0.16270000000000007,-0.27148309844410057
-0.16370000000000018,-0.2736051653938981
-0.16470000000000007,-0.27487840556377663
-0.16570000000000018,-0.2762931168636417
-0.16670000000000007,-0.2767175302536012
-0.16770000000000018,-0.27940548172334473
-0.16870000000000007,-0.2812446064131693
-0.16970000000000018,-0.2839325578829129
-0.17070000000000007,-0.2839325578829129
-0.17170000000000019,-0.2849228557928184
-0.17270000000000008,-0.288742576302454
-0.1737000000000002,-0.288742576302454
-0.17470000000000008,-0.2914305277721975
-0.1757000000000002,-0.29397700811195465
-0.17670000000000008,-0.2944014215019141
-0.1777000000000002,-0.29822114201154976
-0.17870000000000008,-0.29850408427152275
-0.1797000000000002,-0.30034320896134725
-0.18070000000000008,-0.3047288139909289
-0.1817000000000002,-0.3055776407708479
-0.18270000000000008,-0.3079826499806185
-0.1837000000000002,-0.31151942823028106
-0.1847000000000001,-0.3139244374400516
-0.1857000000000002,-0.3164709177798087
-0.1867000000000001,-0.3178856290796737
-0.1877000000000002,-0.3194418115095253
-0.1887000000000001,-0.3252421278389719
-0.1897000000000002,-0.3256665412289314
-0.1907000000000001,-0.328637434958648
-0.1917000000000001,-0.33217421320831064
-0.19269999999999998,-0.33344745337818915
-0.1937000000000001,-0.3391062985776493
-0.19469999999999998,-0.33995512535756833
-0.1957000000000001,-0.34434073038714996
-0.19669999999999999,-0.34759456637683955
-0.1977000000000001,-0.3499995755866101
-0.1987,-0.3539607672262322
-0.1997000000000001,-0.3572146032159218
-0.2007,-0.3608928525955709
-0.2017000000000001,-0.3647125731052065
-0.2027,-0.3672590534449635
-0.2037000000000001,-0.3703714183046666
-0.2047,-0.37687909028404576
-0.2057000000000001,-0.3787182149738703
-0.2067,-0.38409411791335746
-0.2077000000000001,-0.386499127123128
-0.2087,-0.3913091455426691
-0.2097000000000001,-0.3975338752620753
-0.2107,-0.40008035560183236
-0.2117000000000001,-0.405880671931279
-0.2127,-0.4106906903508202
-0.2137000000000001,-0.4133786418205638
-0.2147,-0.42115955396982147
-0.2157000000000001,-0.42625251464933556
-0.2167,-0.4293648795090386
-0.21770000000000012,-0.4355896092284448
-0.2187,-0.43827756069818835
-0.21970000000000012,-0.4447852326775675
-0.2207,-0.45185878917689276
-0.22170000000000012,-0.45553703855654176
-0.2227,-0.46119588375600196
-0.22370000000000012,-0.46897679590525965
-0.2247,-0.47322092980485475
-0.22570000000000012,-0.48142625534407196
-0.2267,-0.4848215624637481
-0.22770000000000012,-0.49147070557311373
-0.22870000000000001,-0.5019395691921149
-0.22970000000000013,-0.5051934051818046
-0.23070000000000002,-0.5138231441109813
-0.23170000000000013,-0.5191990470504685
-0.23270000000000002,-0.5264140746797802
-0.23370000000000013,-0.5349023424789704
-0.23470000000000002,-0.5411270721983766
-0.23570000000000013,-0.5487665132176478
-0.23670000000000002,-0.5576791944067975
-0.2376999999999999,-0.5634795107362441
-0.23870000000000002,-0.5725336630553803
-0.2396999999999999,-0.5817292865045031
-0.24070000000000003,-0.5895101986537608
-0.24169999999999991,-0.5981399375829375
-0.24270000000000003,-0.6062037919921682
-0.24369999999999992,-0.6158238288312504
-0.24470000000000003,-0.6258682790602923
-0.24569999999999992,-0.6328003644296308
-0.24670000000000003,-0.6434106991786186
-0.24769999999999992,-0.652747793757728
-0.24870000000000003,-0.6623678305968101
-0.24969999999999992,-0.674675818905636
-0.25070000000000003,-0.6837299712247723
-0.2516999999999999,-0.692076767893976
-0.25270000000000004,-0.7060824097626398
-0.2536999999999999,-0.7157024466017221
-0.25470000000000004,-0.7273030792606153
-0.2556999999999999,-0.7394695964394546
-0.25670000000000004,-0.7492311044085235
-0.25769999999999993,-0.7638026307971333
-0.25870000000000004,-0.7739885521561616
-0.25969999999999993,-0.7855891848150548
-0.26070000000000004,-0.8004436534636377
-0.26169999999999993,-0.8121857572525175
-0.26270000000000004,-0.825766985731222
-0.26369999999999993,-0.8392067430799398
-0.26470000000000005,-0.8533538560785902
-0.26569999999999994,-0.8682083247271731
-0.26670000000000005,-0.882213966595837
-0.26769999999999994,-0.8956537239445548
-0.26870000000000005,-0.9113570193730566
-0.26969999999999994,-0.9262114880216394
-0.27070000000000005,-0.9423391968401009
-0.27169999999999994,-0.9573351366186703
-0.27270000000000005,-0.9710578362273611
-0.27369999999999994,-0.9901564387755392
-0.27470000000000006,-1.004727965164149
-0.27569999999999995,-1.022128914152489
-0.27670000000000006,-1.040661632180721
-0.27769999999999995,-1.0570722832591555
-0.27870000000000006,-1.074897645637455
-0.27969999999999995,-1.0938547770556464
-0.28070000000000006,-1.1115386683039592
-0.28169999999999995,-1.1299299152022049
-0.28270000000000006,-1.1491699888803693
-0.28369999999999995,-1.1672782935186419
-0.28470000000000006,-1.1886404341466037
-0.28569999999999995,-1.2078805078247683
-0.28670000000000007,-1.2272620526329192
-0.28769999999999996,-1.2491900777808274
-0.28870000000000007,-1.268147209199019
-0.28969999999999996,-1.2917728879067651
-0.29070000000000007,-1.3112959038449024
-0.29169999999999996,-1.3318092176929455
-0.29270000000000007,-1.3569910788305433
-0.29369999999999996,-1.3766555658986672
-0.2947000000000001,-1.3980177065266295
-0.29569999999999996,-1.423199567664227
-0.2967000000000001,-1.4430055258623373
-0.29769999999999996,-1.4684703292599082
-0.2987000000000001,-1.4911057100577487
-0.29969999999999997,-1.5151558021554543
-0.3007000000000001,-1.540620605553025
-0.30169999999999997,-1.5618412750510005
-0.3027000000000001,-1.5887207897484361
-0.30369999999999997,-1.612770881846142
-0.3047000000000001,-1.6368209739438475
-0.30569999999999997,-1.6622857773414181
-0.3067000000000001,-1.6877505807389888
-0.3077,-1.7132153841365596
-0.3087000000000001,-1.7400948988339953
-0.3097,-1.7655597022315657
-0.3107000000000001,-1.7910245056291363
-0.3117,-1.8179040203265722
-0.3127000000000001,-1.8461982463238729
-0.3137,-1.8730777610213083
-0.3147000000000001,-1.8999572757187444
-0.3157,-1.92683679041618
-0.3167000000000001,-1.9565457277133458
-0.3177,-1.9834252424107812
-0.3187000000000001,-2.011719468408082
-0.3197,-2.040013694405383
-0.3207000000000001,-2.0697226317025486
-0.3217,-2.0994315689997145
-0.3227000000000001,-2.127725794997015
-0.3237,-2.156020020994316
-0.3247000000000001,-2.1899730921910767
-0.3257,-2.2182673181883774
-0.3267000000000001,-2.249390966785408
-0.3277,-2.279099904082574
-0.3287000000000001,-2.30880884137974
-0.3297,-2.3427619125765005
-0.3307000000000001,-2.3724708498736664
-0.3317,-2.4050092097705624
-0.3327000000000001,-2.437547569667458
-0.3337,-2.468671218264489
-0.3347000000000001,-2.5012095781613843
-0.3357,-2.5351626493581456
-0.3367000000000001,-2.5677010092550416
-0.3377,-2.6016540804518025
-0.3387000000000001,-2.634192440348698
-0.3397,-2.669560222845324
-0.3407000000000001,-2.7049280053419507
-0.3417,-2.737466365238846
-0.3427000000000001,-2.7742488590353367
-0.3437,-2.8082019302320975
-0.3447000000000001,-2.844984424028589
-0.3457,-2.8817669178250793
-0.3467000000000001,-2.91571998902184
-0.3477,-2.9525024828183315
-0.3487000000000001,-2.990699687914687
-0.3497,-3.028896893011044
-0.3507000000000001,-3.0656793868075347
-0.3517,-3.1024618806040256
-0.3527000000000001,-3.1420737970002466
-0.3537,-3.1816857133964676
-0.3547000000000001,-3.2212976297926885
-0.3557,-3.2609095461889095
-0.35670000000000013,-3.303350885184861
-0.3577,-3.3415480902812167
-0.35870000000000013,-3.382574717977303
-0.3597,-3.426430768273119
-0.36070000000000013,-3.4660426846693397
-0.3617,-3.512728157564886
-0.3626999999999999,-3.553754785260972
-0.3637,-3.5976108355567886
-0.3646999999999999,-3.6400521745527397
-0.3657,-3.6853229361484203
-0.3666999999999999,-3.733423120343832
-0.3677,-3.7758644593397825
-0.3686999999999999,-3.821135220935464
-0.36970000000000003,-3.8720648277306053
-0.3706999999999999,-3.9201650119260174
-0.37170000000000003,-3.969679907421293
-0.3726999999999999,-4.013535957717109
-0.37370000000000003,-4.060221430612655
-0.3746999999999999,-4.111151037407797
-0.37570000000000003,-4.167739489402398
-0.3766999999999999,-4.222913230097134
-0.37770000000000004,-4.272428125592412
-0.3786999999999999,-4.321943021087687
-0.37970000000000004,-4.377116761782423
-0.3806999999999999,-4.430875791177296
-0.38170000000000004,-4.483220109272302
-0.38269999999999993,-4.542637983866633
-0.38370000000000004,-4.599226435861234
-0.38469999999999993,-4.654400176555971
-0.38570000000000004,-4.716647473750032
-0.38669999999999993,-4.776065348344364
-0.38770000000000004,-4.835483222938696
-0.38869999999999993,-4.899145231432622
-0.38970000000000005,-4.964221951226414
-0.39069999999999994,-5.02505453712061
-0.39170000000000005,-5.090131256914402
-0.39269999999999994,-5.156622688008059
-0.39370000000000005,-5.22452883040158
-0.39469999999999994,-5.2910202614952375
-0.39570000000000005,-5.358926403888759
-0.39669999999999994,-5.432491391481741
-0.39770000000000005,-5.5018122451751275
-0.39869999999999994,-5.57537723276811
-0.39970000000000006,-5.650356931660957
-0.40069999999999995,-5.723921919253939
-0.40170000000000006,-5.80314575204638
-0.40269999999999995,-5.879540162239093
-0.40370000000000006,-5.957349283731669
-0.40469999999999995,-6.040817250423707
-0.40570000000000006,-6.121455794516013
-0.40669999999999995,-6.206338472507916
-0.40770000000000006,-6.292635861799683
-0.40869999999999995,-6.378933251091451
-0.40970000000000006,-6.469474774282813
-0.41069999999999995,-6.55860158617431
-0.41170000000000007,-6.6505578206655365
-0.41269999999999996,-6.745343477756495
-0.41370000000000007,-6.840129134847452
-0.41469999999999996,-6.940573637137869
-0.41570000000000007,-7.039603428128422
-0.41669999999999996,-7.1414626417187055
-0.41770000000000007,-7.246151277908718
-0.41869999999999996,-7.3508399140987315
-0.4197000000000001,-7.461187395488204
-0.42069999999999996,-7.571534876877676
-0.4217000000000001,-7.68471178086688
-0.42269999999999996,-7.802132818755678
-0.4237000000000001,-7.918139145344611
-0.42469999999999997,-8.038389605833139
-0.4257000000000001,-8.158640066321666
-0.42669999999999997,-8.281719949409926
-0.4277000000000001,-8.413288100297372
-0.42869999999999997,-8.542026828585092
-0.4297000000000001,-8.67642440207227
-0.43069999999999997,-8.810821975559447
-0.4317000000000001,-8.952293105545952
-0.4327,-9.090934812932726
-0.4337000000000001,-9.239479499418556
-0.4347,-9.38378005200479
-0.4357000000000001,-9.53656887239021
-0.4367,-9.690772404075501
-0.4377000000000001,-9.849220069660385
-0.4387,-10.01332658044473
-0.4397000000000001,-10.176018379929207
-0.4407,-10.345783735913013
-0.4417000000000001,-10.516963803196681
-0.4427,-10.693802715679812
-0.4437000000000001,-10.872056339462807
-0.4447,-11.057383519745128
-0.4457000000000001,-11.245540122627176
-0.4467,-11.442184993308418
-0.4477000000000001,-11.637415152689792
-0.4487,-11.838304157270626
-0.4497000000000001,-12.044852007050922
-0.4507,-12.254229279430946
-0.4517000000000001,-12.470680108310297
-0.4527,-12.691375071089244
-0.4537000000000001,-12.91207003386819
-0.4547,-13.14549739834592
-0.4557000000000001,-13.380339474123517
-0.4567,-13.622255106400438
-0.4577000000000001,-13.867000161277092
-0.4587,-14.118818772653066
-0.4597000000000001,-14.373466806628771
-0.4607,-14.642261953603128
-0.4617000000000001,-14.911057100577487
-0.4627,-15.179852247551842
-0.4637000000000001,-15.462794507524851
-0.4647,-15.74573676749786
-0.4657000000000001,-16.04282614046952
-0.4667,-16.339915513441174
-0.4677000000000001,-16.651151999411482
-0.4687,-16.962388485381787
-0.4697000000000001,-17.28777208435075
-0.4707,-17.613155683319707
-0.4717000000000001,-17.952686395287316
-0.4727,-18.292217107254928
-0.4737000000000001,-18.645894932221182
-0.4747,-18.999572757187444
-0.4757000000000001,-19.367397695152352
-0.4767,-19.73522263311726
-0.4777000000000001,-20.117194684080822
-0.4787,-20.499166735044383
-0.4797000000000001,-20.89528589900659
-0.4807,-21.30555217596745
-0.48170000000000013,-21.729965565926964
-0.4827,-22.15437895588647
-0.48370000000000013,-22.578792345845983
-0.4847,-23.017352848804148
-0.48570000000000013,-23.47006046476096
-0.4867,-23.92276808071777
-0.4876999999999999,-24.389622809673234
-0.4887,-24.870624651627345
-0.4896999999999999,-25.351626493581456
-0.4907,-25.846775448534224
-0.4916999999999999,-26.34192440348698
-0.4927,-26.86536758443705
-0.4936999999999999,-27.38881076538711
-0.49470000000000003,-27.926401059335824
-0.4956999999999999,-28.463991353284538
-0.49670000000000003,-29.029875873230555
-0.4976999999999999,-29.59576039317657
-0.49870000000000003,-30.161644913122586
-0.4996999999999999,-30.7558236590659
-0.5007,-31.350002405009217
-0.5016999999999999,-31.95832826395118
-0.5027,-32.58080123589179
-0.5036999999999999,-33.203274207832415
-0.5047,-33.85404140577033
-0.5056999999999999,-34.4906614907096
-0.5067,-35.14142868864751
-0.5076999999999999,-35.83463722558138
-0.5087,-36.52784576251525
-0.5096999999999999,-37.206907186450465
-0.5107,-37.90011572338433
-0.5116999999999999,-38.664059825311455
-0.5127,-39.39970970124127
-0.5136999999999999,-40.14950669016974
-0.5147,-40.8993036790982
-0.5156999999999999,-41.649100668026676
-0.5167,-42.4130447699538
-0.5176999999999999,-43.219430210876865
-0.5187,-44.025815651799945
-0.5196999999999999,-44.84634820572166
-0.5207,-45.666880759643384
-0.5216999999999999,-46.4874133135651
-0.5227,-47.33624009348412
-0.5236999999999999,-48.21336109940045
-0.5247,-49.090482105316774
-0.5257,-49.967603111233096
-0.5267000000000001,-50.87301834314672
-0.5277,-51.7642864620617
-0.5287000000000001,-52.68384880697396
-0.5297,-53.603411151886235
-0.5307000000000001,-54.551267722795814
-0.5317,-55.51327140670405
-0.5327000000000001,-56.475275090612264
-0.5337,-57.465573000517786
-0.5347000000000001,-58.45587091042332
-0.5357,-59.44616882032884
-0.5367000000000001,-60.46476095623167
-0.5377,-61.46920597913584
-0.5387000000000001,-62.501945228037314
-0.5397,-63.54883158993744
-0.5407000000000001,-64.58157083883891
-0.5417,-65.61431008774039
-0.5427000000000001,-66.66119644964053
-0.5437,-67.73637703753796
-0.5447000000000001,-68.8115576254354
-0.5457,-69.91503243933012
-0.5467000000000001,-71.04680147922215
-0.5477,-72.16442340611552
-0.5487000000000001,-73.26789822001024
-0.5497,-74.34307880790767
-0.5507000000000001,-75.43240650880375
-0.5517,-76.5924697746931
-0.5527000000000001,-77.7525330405824
-0.5537,-78.88430208047446
-0.5547000000000001,-80.03021823336512
-0.5557,-81.16198727325715
-0.5567000000000001,-82.33619765214513
-0.5577,-83.52455514403178
-0.5587000000000001,-84.72705974891704
-0.5597,-85.91541724080368
-0.5607000000000001,-87.08962761969167
-0.5617,-88.30627933757559
-0.5627000000000001,-89.50878394246087
-0.5637,-90.7537298863421
-0.5647000000000001,-91.97038160422603
-0.5657,-93.17288620911131
-0.5667000000000001,-94.38953792699526
-0.5677,-95.6344838708765
-0.5687000000000001,-96.90772404075501
-0.5697,-98.18096421063355
-0.5707000000000001,-99.41176304151614
-0.5717,-100.65670898539736
-0.5727000000000001,-101.85921359028264
-0.5737,-103.10415953416388
-0.5747000000000001,-104.30666413904916
-0.5757,-105.49502163093578
-0.5767000000000001,-106.75411468781566
-0.5777,-107.98491351869825
-0.5787000000000001,-109.15912389758623
-0.5797,-110.37577561547016
-0.5807000000000001,-111.57828022035544
-0.5817,-112.85152039023397
-0.5827000000000001,-114.0964663341152
-0.5837,-115.2140882610086
-0.5847000000000001,-116.37415152689792
-0.5857,-117.43518500179668
-0.5867000000000001,-117.5200676797886
-0.5857,-116.52976976988306
-0.5847000000000001,-115.42629495598834
-0.5837,-114.42184993308416
-0.5827000000000001,-113.34666934518674
-0.5817,-112.20075319229606
-0.5807000000000001,-111.09727837840134
-0.5797,-109.92306799951335
-0.5787000000000001,-108.79129895962132
-0.5777,-107.65952991972928
-0.5767000000000001,-106.61264355782916
-0.5757,-105.48087451793714
-0.5747000000000001,-104.2076343480586
-0.5737,-103.00512974317333
-0.5727000000000001,-101.84506647728399
-0.5717,-100.88306279337576
-0.5707000000000001,-99.75129375348374
-0.5697,-98.69026027858496
-0.5687000000000001,-97.40287299570777
-0.5677,-96.31354529481169
-0.5667000000000001,-95.18177625491967
-0.5657,-94.02171298903033
-0.5647000000000001,-92.86164972314101
-0.5637,-91.84305758723818
-0.5627000000000001,-90.82446545133537
-0.5617,-89.73513775043928
-0.5607000000000001,-88.61751582354589
-0.5597,-87.74039481762958
-0.5587000000000001,-86.7076555687281
-0.5577,-85.66076920682796
-0.5567000000000001,-84.64217707092514
-0.5557,-83.59529070902502
-0.5547000000000001,-82.64743413811544
-0.5537,-81.68543045420722
-0.5527000000000001,-80.65269120530574
-0.5517,-79.64824618240156
-0.5507000000000001,-78.70038961149199
-0.5497,-77.79497437957838
-0.5487000000000001,-76.84711780866878
-0.5477,-75.8992612377592
-0.5467000000000001,-74.93725755385098
-0.5457,-74.07428366093333
-0.5447000000000001,-73.09813286402644
-0.5437,-72.15027629311687
-0.5427000000000001,-71.27315528720055
-0.5417,-70.33944582928963
-0.5407000000000001,-69.5189132753679
-0.5397,-68.64179226945159
-0.5387000000000001,-67.73637703753796
-0.5377,-66.83096180562433
-0.5367000000000001,-65.9821350257053
-0.5357,-65.18989669778088
-0.5347000000000001,-64.46839393484973
-0.5337,-63.7044498329226
-0.5327000000000001,-62.96879995699278
-0.5317,-62.233150081062966
-0.5307000000000001,-61.525794431130436
-0.5297,-60.70526187720872
-0.5287000000000001,-59.89887643628565
-0.5277,-59.06419676936528
-0.5267000000000001,-58.28610555443952
-0.5257,-57.564602791508335
-0.5247,-56.857247141575826
-0.5236999999999999,-56.10745015264736
-0.5227,-55.357653163718886
-0.5216999999999999,-54.62200328778906
-0.5207,-53.91464763785655
-0.5196999999999999,-53.17899776192673
-0.5187,-52.485789224992864
-0.5176999999999999,-51.77843357506035
-0.5167,-51.05693081212917
-0.5156999999999999,-50.32128093619935
-0.5147,-49.656366625262784
-0.5136999999999999,-48.96315808832892
-0.5127,-48.29824377739235
-0.5116999999999999,-47.633329466455784
-0.5107,-47.053297833511124
-0.5096999999999999,-46.38838352257455
-0.5087,-45.73761632463664
-0.5076999999999999,-45.05855490070142
-0.5067,-44.39364058976485
-0.5056999999999999,-43.89849163481209
-0.5047,-43.30431288886877
-0.5036999999999999,-42.752575481921404
-0.5027,-42.115955396982145
-0.5016999999999999,-41.55007087703613
-0.5007,-40.97003924409146
-0.4996999999999999,-40.37586049814815
-0.49870000000000003,-39.79582886520348
-0.4976999999999999,-39.258238571254765
-0.49670000000000003,-38.706501164307404
-0.4956999999999999,-38.18305798335734
-0.49470000000000003,-37.617173463411326
-0.4936999999999999,-37.05128894346531
-0.4927,-36.48540442351929
-0.4916999999999999,-35.93366701657193
-0.4907,-35.43851806161916
-0.4896999999999999,-34.9150748806691
-0.4887,-34.39163169971904
-0.4876999999999999,-33.86818851876898
-0.4867,-33.38718667681487
-0.48570000000000013,-32.87789060886345
-0.4847,-32.368594540912035
-0.48370000000000013,-31.873445585959274
-0.4827,-31.392443744005163
-0.48170000000000013,-30.91144190205105
-0.4807,-30.43044006009694
-0.4797000000000001,-29.949438218142824
-0.4787,-29.482583489187363
-0.4777000000000001,-29.029875873230555
-0.4767,-28.577168257273744
-0.4757000000000001,-28.12446064131693
-0.4747,-27.700047251357418
-0.4737000000000001,-27.261486748399253
-0.4727,-26.851220471438396
-0.4717000000000001,-26.426807081478888
-0.4707,-26.002393691519377
-0.4697000000000001,-25.60627452755716
-0.4687,-25.18186113759765
-0.4677000000000001,-24.785741973635442
-0.4667,-24.389622809673234
-0.4657000000000001,-24.00765075870967
-0.4647,-23.62567870774611
-0.4637000000000001,-23.257853769781203
-0.4627,-22.890028831816295
-0.4617000000000001,-22.522203893851387
-0.4607,-22.182673181883775
-0.4597000000000001,-21.828995356917517
-0.4587,-21.489464644949905
-0.4577000000000001,-21.13578681998365
-0.4567,-20.78210899501739
-0.4557000000000001,-20.44257828304978
-0.4547,-20.117194684080822
-0.4537000000000001,-19.791811085111863
-0.4527,-19.466427486142905
-0.4517000000000001,-19.155191000172596
-0.4507,-18.829807401203638
-0.4497000000000001,-18.518570915233333
-0.4487,-18.19318731626437
-0.4477000000000001,-17.896097943292716
-0.4467,-17.584861457322408
-0.4457000000000001,-17.28777208435075
-0.4447,-16.99068271137909
-0.4437000000000001,-16.693593338407435
-0.4427,-16.410651078434423
-0.4417000000000001,-16.127708818461418
-0.4407,-15.844766558488407
-0.4397000000000001,-15.575971411514052
-0.4387,-15.307176264539699
-0.4377000000000001,-15.03838111756534
-0.4367,-14.783733083589633
-0.4357000000000001,-14.514937936615278
-0.4347,-14.274437015638219
-0.4337000000000001,-14.01837427036265
-0.4327,-13.772214504186131
-0.4317000000000001,-13.530298871909212
-0.43069999999999997,-13.292627373531884
-0.4297000000000001,-13.059200009054155
-0.42869999999999997,-12.824357933276557
-0.4277000000000001,-12.59517470269842
-0.42669999999999997,-12.371650317319745
-0.4257000000000001,-12.14812593194107
-0.42469999999999997,-11.930260391761854
-0.4237000000000001,-11.716638985482234
-0.42269999999999996,-11.503017579202615
-0.4217000000000001,-11.295055018122452
-0.42069999999999996,-11.091336590941888
-0.4197000000000001,-10.887618163761323
-0.41869999999999996,-10.689558581780219
-0.41770000000000007,-10.498572556298438
-0.41669999999999996,-10.307586530816659
-0.41570000000000007,-10.118015216634742
-0.41469999999999996,-9.934102747652288
-0.41370000000000007,-9.748775567369968
-0.41269999999999996,-9.570521943586973
-0.41170000000000007,-9.393683031103844
-0.41069999999999995,-9.221088252520309
-0.40970000000000006,-9.049908185236639
-0.40869999999999995,-8.882972251852566
-0.40770000000000006,-8.720280452368087
-0.40669999999999995,-8.559003364183472
-0.40570000000000006,-8.399140987298722
-0.40469999999999995,-8.24918158951303
-0.40370000000000006,-8.089319212628281
-0.40269999999999995,-7.939359814842586
-0.40170000000000006,-7.792229839656622
-0.40069999999999995,-7.642270441870928
-0.39970000000000006,-7.49938460058456
-0.39869999999999994,-7.35649875929819
-0.39770000000000005,-7.216442340611552
-0.39669999999999994,-7.082044767124374
-0.39570000000000005,-6.944817771037465
-0.39469999999999994,-6.816079042749746
-0.39370000000000005,-6.684510891862298
-0.39269999999999994,-6.554357452274714
-0.39170000000000005,-6.432692280486322
-0.39069999999999994,-6.309612397398063
-0.38970000000000005,-6.186532514309805
-0.38869999999999993,-6.067696765121143
-0.38770000000000004,-5.951690438532209
-0.38669999999999993,-5.837098823243141
-0.38570000000000004,-5.725336630553803
-0.38469999999999993,-5.612159726564601
-0.38370000000000004,-5.503226956474993
-0.38269999999999993,-5.39570889768525
-0.38170000000000004,-5.288190838895507
-0.3806999999999999,-5.1863316253052245
-0.37970000000000004,-5.083057700415077
-0.3786999999999999,-4.985442620724389
-0.37770000000000004,-4.886412829733837
-0.3766999999999999,-4.787383038743283
-0.37570000000000003,-4.7010856494515165
-0.3746999999999999,-4.600641147161099
-0.37370000000000003,-4.505855490070142
-0.3726999999999999,-4.41814338947851
-0.37170000000000003,-4.327601866287147
-0.3706999999999999,-4.242719188295245
-0.36970000000000003,-4.153592376403748
-0.3686999999999999,-4.067294987111981
-0.3677,-3.986656443019674
-0.3666999999999999,-3.906017898927366
-0.3657,-3.8267940661349247
-0.3646999999999999,-3.747570233342482
-0.3637,-3.6711758231497704
-0.3626999999999999,-3.5961961242569234
-0.3617,-3.5212164253640763
-0.36070000000000013,-3.4462367264712297
-0.3597,-3.3740864501781123
-0.35870000000000013,-3.303350885184861
-0.3577,-3.2340300314914736
-0.35670000000000013,-3.164709177798087
-0.3557,-3.0968030354045655
-0.3547000000000001,-3.0331410269106387
-0.3537,-2.9666495958169823
-0.3527000000000001,-2.90157287602319
-0.3517,-2.842155001428859
-0.3507000000000001,-2.778492992934932
-0.3497,-2.7176604070407357
-0.3487000000000001,-2.659657243746269
-0.3477,-2.600239369151937
-0.3467000000000001,-2.545065628457201
-0.3457,-2.4870624651627344
-0.3447000000000001,-2.430474013168133
-0.3437,-2.3781296950731265
-0.3427000000000001,-2.3243706656782552
-0.3417,-2.2691969249835187
-0.3407000000000001,-2.2210967407881075
-0.3397,-2.1687524226931014
-0.3387000000000001,-2.1192375271978254
-0.3377,-2.071137343002414
-0.3367000000000001,-2.020207736207272
-0.3357,-1.9763516859114565
-0.3347000000000001,-1.9296662130159101
-0.3337,-1.882980740120364
-0.3327000000000001,-1.8405394011244125
-0.3317,-1.7966833508285964
-0.3307000000000001,-1.7542420118326456
-0.3297,-1.7118006728366943
-0.3287000000000001,-1.6707740451406083
-0.3277,-1.6311621287443874
-0.3267000000000001,-1.5915502123481662
-0.3257,-1.55052358465208
-0.3247000000000001,-1.5151558021554543
-0.3237,-1.4755438857592333
-0.3227000000000001,-1.4401761032626073
-0.3217,-1.4042424362460353
-0.3207000000000001,-1.367884355839504
-0.3197,-1.333931284642743
-0.3187000000000001,-1.2995538000560227
-0.3177,-1.2651763154693023
-0.3167000000000001,-1.2349014936521905
-0.3157,-1.1999581245455242
-0.3147000000000001,-1.1705321295083313
-0.3137,-1.1396914231712736
-0.3127000000000001,-1.1068701210144047
-0.3117,-1.0792832506670365
-0.3107000000000001,-1.0501401978898166
-0.3097,-1.0217045007625294
-0.3087000000000001,-0.9942591015451476
-0.3077,-0.9666722311977796
-0.3067000000000001,-0.9409244855402358
-0.30569999999999997,-0.9147523264927326
-0.3047000000000001,-0.887023985015378
-0.30369999999999997,-0.8648130176074971
-0.3027000000000001,-0.8396311564698993
-0.30169999999999997,-0.8138834108123556
-0.3007000000000001,-0.792096856794434
-0.29969999999999997,-0.7693200048666069
-0.2987000000000001,-0.7459772684188338
-0.29769999999999996,-0.7263127813507099
-0.2967000000000001,-0.7021212181230176
-0.29569999999999996,-0.6830226155748397
-0.2947000000000001,-0.6615190038168911
-0.29369999999999996,-0.6402983343189155
-0.29270000000000007,-0.6217656162906836
-0.29169999999999996,-0.6023840714825326
-0.29070000000000007,-0.5838513534543007
-0.28969999999999996,-0.5670162889859067
-0.28870000000000007,-0.5466444462678502
-0.28769999999999996,-0.5310826219693349
-0.28670000000000007,-0.5148134420208869
-0.28569999999999995,-0.49557336834272236
-0.28470000000000006,-0.4804359574341665
-0.28369999999999995,-0.4630350084458265
-0.28270000000000006,-0.4483220109272302
-0.28169999999999995,-0.4350237247084988
-0.28070000000000006,-0.41748130459017235
-0.27969999999999995,-0.404465960631414
-0.27870000000000006,-0.3900359053727906
-0.27769999999999995,-0.3753229078541942
-0.27670000000000006,-0.36301491954536846
-0.27569999999999995,-0.34816045089678554
-0.27470000000000006,-0.3352865780680137
-0.27369999999999994,-0.32297858975918786
-0.27270000000000005,-0.3096803035404565
-0.27169999999999994,-0.2993529110514418
-0.27070000000000005,-0.2871863938726024
-0.26969999999999994,-0.2741710499138441
-0.26870000000000005,-0.26412659968480234
-0.26769999999999994,-0.2532333226758416
-0.26670000000000005,-0.24021797871708325
-0.26569999999999994,-0.23187118204787951
-0.26470000000000005,-0.22097790503891873
-0.26369999999999993,-0.21107492593986346
-0.26270000000000004,-0.2008890045808352
-0.26169999999999993,-0.19112749661176645
-0.26070000000000004,-0.18362952672248176
-0.25969999999999993,-0.1728777208435075
-0.25870000000000004,-0.16396503965435774
-0.25769999999999993,-0.15689148315503257
-0.25670000000000004,-0.14698850405597733
-0.2556999999999999,-0.13966029952267642
-0.25470000000000004,-0.13173791624343223
-0.2536999999999999,-0.12046266718350787
-0.25270000000000004,-0.11613365060592087
-0.2516999999999999,-0.10797076640569962
-0.25070000000000003,-0.10101038681036362
-0.24969999999999992,-0.09416318411901684
-0.24870000000000003,-0.08465632418392378
-0.24769999999999992,-0.08052536718831789
-0.24670000000000003,-0.07356498759298191
-0.24569999999999992,-0.06480792464681732
-0.24470000000000003,-0.06192191359509265
-0.24369999999999992,-0.05274043725896857
-0.24270000000000003,-0.04907633499231812
-0.24169999999999991,-0.04324772443687417
-0.24070000000000003,-0.03501410467165966
-0.2396999999999999,-0.03222712341092554
-0.23870000000000002,-0.02537992071957876
-0.2376999999999999,-0.019254220791163148
-0.23670000000000002,-0.015547677185516754
-0.23570000000000013,-0.010130747618333527
-0.23470000000000002,-0.004910462921831542
-0.23370000000000013,-0.00024842330425630044
-0.23270000000000002,0.005837098823243141
-0.23170000000000013,0.009130546729328946
-0.23070000000000002,0.012216032074334592
-0.22970000000000013,0.01849027668923603
-0.22870000000000001,0.02205534916489592
-0.22770000000000012,0.027770782816350672
-0.2267,0.029553319054180613
-0.22570000000000012,0.03290618483486075
-0.2247,0.039626063509219676
-0.22370000000000012,0.04130956995605907
-0.2227,0.044874642431718965
-0.22170000000000012,0.051396461524096784
-0.2207,0.05282531993696047
-0.21970000000000012,0.05653186354260687
-0.2187,0.05936128614233694
-0.21770000000000012,0.06192191359509265
-0.2167,0.0678637010545258
-0.2157000000000001,0.07236248298809662
-0.2147,0.07284348483005075
-0.2137000000000001,0.07623879194972684
-0.2127,0.07821938776953788
-0.2117000000000001,0.08298696485008306
-0.2107,0.08359529070902501
-0.2097000000000001,0.08561832786783201
-0.2087,0.09107911348531106
-0.2077000000000001,0.09122058461529756
-0.2067,0.09410659566702224
-0.2057000000000001,0.0984214651316106
-0.2047,0.09929858613752693
-0.2037000000000001,0.10260901057921111
-0.2027,0.10378322095809908
-0.2017000000000001,0.10624481861986426
-0.2007,0.10907424121959435
-0.1997000000000001,0.11053139385845531
-0.1987,0.11296469729422319
-0.1977000000000001,0.11531311805199915
-0.19669999999999999,0.11616194483191816
-0.1957000000000001,0.1199675182285551
-0.19469999999999998,0.121226611285435
-0.1937000000000001,0.12306573597525952
-0.19269999999999998,0.1271259574058722
-0.1917000000000001,0.1251595086990598
-0.1907000000000001,0.12824357933276556
-0.1897000000000002,0.13107300193249566
-0.1887000000000001,0.13213403540739443
-0.1877000000000002,0.13414292545320278
-0.1867000000000001,0.13405804277521088
-0.1857000000000002,0.13619425683800707
-0.1847000000000001,0.14053742052859275
-0.1837000000000002,0.1392641803587142
-0.18270000000000008,0.14117404061353203
-0.1817000000000002,0.14500790823616627
-0.18070000000000008,0.1424614278964092
-0.1797000000000002,0.14783733083589634
-0.17870000000000008,0.14769585970590982
-0.1777000000000002,0.14896909987578838
-0.17670000000000008,0.1506667534356264
-0.1757000000000002,0.1512326379555724
-0.17470000000000008,0.15165705134553195
-0.1737000000000002,0.15590118524512703
-0.17270000000000008,0.15491088733522151
-0.17170000000000019,0.15660854089505957
-0.17070000000000007,0.1583061944548976
-0.16970000000000018,0.15759883880496509
-0.16870000000000007,0.1622673860945197
-0.16770000000000018,0.16056973253468165
-0.16670000000000007,0.1618429727045602
-0.16570000000000018,0.16339915513441172
-0.16470000000000007,0.1667944622540878
-0.16370000000000018,0.16651151999411481
-0.16270000000000007,0.16651151999411481
-0.16170000000000018,0.16764328903400685
-0.16070000000000007,0.16849211581392587
-0.15970000000000018,0.16990682711379093
-0.15870000000000006,0.17132153841365594
-0.15770000000000017,0.17231183632356148
-0.15670000000000006,0.173019191973494
-0.15570000000000017,0.1737265476234265
-0.15470000000000006,0.17443390327335903
-0.15370000000000017,0.17528273005327805
-0.15270000000000006,0.1769803836131161
-0.15170000000000017,0.17584861457322407
-0.15070000000000006,0.1774047970030756
-0.14970000000000017,0.18023421960280567
-0.14870000000000005,0.17952686395287318
-0.14770000000000016,0.18122451751271118
-0.14670000000000005,0.18150745977268423
-0.14570000000000016,0.18150745977268423
-0.14470000000000005,0.1849027668923603
-0.14370000000000016,0.18377099785246825
-0.14270000000000005,0.18405394011244128
-0.14170000000000016,0.18688336271217135
-0.14070000000000005,0.18660042045219835
-0.13970000000000016,0.18744924723211737
-0.13870000000000005,0.18787366062207686
-0.13770000000000016,0.18787366062207686
-0.13670000000000004,0.1922592656516585
-0.13570000000000015,0.18815660288204988
-0.13470000000000004,0.19126896774175295
-0.13370000000000015,0.19395691921149652
-0.13270000000000004,0.192117794521672
-0.13170000000000015,0.1936739769515235
-0.13070000000000004,0.19423986147146954
-0.12970000000000015,0.19409839034148305
-0.12870000000000004,0.19622045729128057
-0.12770000000000015,0.19508868825138856
-0.12670000000000003,0.1972107552011861
-0.12570000000000014,0.19805958198110513
-0.12470000000000003,0.19805958198110513
-0.12370000000000014,0.19933282215098366
-0.12270000000000003,0.19904987989101067
-0.12170000000000014,0.2008890045808352
-0.12070000000000003,0.20131341797079472
-0.11970000000000014,0.2010304757108217
-0.11870000000000003,0.20173783136075424
-0.11770000000000014,0.20485019622045733
-0.11670000000000003,0.20272812927065975
-0.11570000000000014,0.20513313848043033
-0.11470000000000002,0.20456725396048434
-0.11370000000000013,0.20584049413036284
-0.11270000000000002,0.2079625610801604
-0.11170000000000013,0.20640637865030886
-0.11070000000000024,0.2073966765602144
-0.10970000000000013,0.20980168576998495
-0.10870000000000024,0.20923580125003893
-0.10770000000000013,0.20923580125003893
-0.10670000000000024,0.20966021463999845
-0.10570000000000013,0.21050904141991747
-0.10470000000000024,0.21333846401964754
-0.10370000000000013,0.212065223849769
-0.10270000000000024,0.21248963723972852
-0.10170000000000012,0.21447023305953958
-0.10070000000000023,0.21347993514963404
-0.09970000000000012,0.2161678866193776
-0.09870000000000023,0.2156020020994316
-0.09770000000000012,0.21588494435940458
-0.09670000000000023,0.21715818452928315
-0.09570000000000012,0.21701671339929662
-0.09470000000000023,0.21758259791924262
-0.09370000000000012,0.2195631937390537
-0.09270000000000023,0.21913878034909418
-0.09170000000000011,0.2206949627789457
-0.09070000000000022,0.22055349164895924
-0.08970000000000011,0.22154378955886472
-0.08870000000000022,0.22437321215859482
-0.08770000000000011,0.22168526068885125
-0.08670000000000022,0.2235243853786758
-0.08570000000000011,0.22550498119848683
-0.08470000000000022,0.22465615441856782
-0.08370000000000011,0.22663675023837887
-0.08270000000000022,0.22663675023837887
-0.0817000000000001,0.22649527910839237
-0.08070000000000022,0.22875881718817642
-0.0797000000000001,0.22918323057813594
-0.07870000000000021,0.22890028831816295
-0.0777000000000001,0.23187118204787951
-0.07670000000000021,0.2307394130079875
-0.0757000000000001,0.23201265317786599
-0.07470000000000021,0.23300295108777153
-0.0737000000000001,0.23286147995778506
-0.07270000000000021,0.23512501803756908
-0.0717000000000001,0.23371030673770407
-0.07070000000000021,0.23512501803756908
-0.0697000000000001,0.23738855611735316
-0.0687000000000002,0.23710561385738013
-0.0677000000000001,0.2382373828972722
-0.0667000000000002,0.23781296950731265
-0.06570000000000009,0.2389447385472047
-0.0647000000000002,0.24191563227692126
-0.06370000000000009,0.24021797871708325
-0.0627000000000002,0.24347181470677282
-0.06170000000000009,0.24318887244679982
-0.0607000000000002,0.24347181470677282
-0.059700000000000086,0.24502799713662435
-0.058700000000000196,0.24417917035670533
-0.057700000000000085,0.2460182950465299
-0.056700000000000195,0.2482818331263139
-0.05570000000000008,0.24644270843648935
-0.05470000000000019,0.24785741973635445
-0.05370000000000008,0.25068684233608446
-0.05270000000000019,0.24983801555616547
-0.05170000000000008,0.25167714024599
-0.05070000000000019,0.252243024765936
-0.04970000000000008,0.2526674381558955
-0.04870000000000019,0.2540821494557606
-0.047700000000000076,0.25436509171573357
-0.046700000000000186,0.2547895051056931
-0.045700000000000074,0.2560627452755716
-0.044700000000000184,0.25790186996539616
-0.04370000000000007,0.2584677544853422
-0.04270000000000018,0.25733598544545017
-0.04170000000000007,0.2591751101352747
-0.04070000000000018,0.2620045327350048
-0.03970000000000007,0.2608727636951128
-0.03870000000000018,0.2622874749949778
-0.03770000000000007,0.2639851285548159
-0.03670000000000018,0.2639851285548159
-0.035700000000000065,0.2656827821146539
-0.034700000000000175,0.26582425324464043
-0.03370000000000006,0.26766337793446493
-0.03270000000000017,0.26808779132442445
-0.03170000000000006,0.2689366181043435
-0.03070000000000017,0.2689366181043435
-0.02970000000000006,0.2731807520039386
-0.02870000000000017,0.27190751183406003
-0.027700000000000058,0.2733222231339251
-0.026700000000000168,0.27473693443379016
-0.025700000000000056,0.2740295787838576
-0.024700000000000166,0.2775663570335202
-0.023700000000000054,0.2775663570335202
-0.022700000000000164,0.27784929929349317
-0.021700000000000053,0.2809616641531963
-0.020700000000000163,0.27982989511330425
-0.01970000000000005,0.2819519620631018
-0.01870000000000016,0.28251784658304785
-0.01770000000000005,0.28251784658304785
-0.01670000000000016,0.2869034516126294
-0.015700000000000047,0.28478138466283187
-0.014700000000000157,0.28732786500258894
-0.013700000000000045,0.28930846082239997
-0.012700000000000156,0.289874345342346
-0.011700000000000044,0.29072317212226506
-0.010700000000000154,0.2931281813320356
-0.009700000000000042,0.29284523907206256
-0.008700000000000152,0.2949673060218601
-0.00770000000000004,0.29482583489187364
-0.00670000000000015,0.2962405461917387
-0.005700000000000038,0.30034320896134725
-0.0047000000000001485,0.29822114201154976
-0.0037000000000000366,0.3011920357412663
-0.0027000000000001467,0.3011920357412663
-0.0017000000000000348,0.3021823336511718
-0.000700000000000145,0.3050117562509019
0.00029999999999996696,0.30543616964086145
0.0012999999999998568,0.3064264675507669
0.0022999999999999687,0.30953883241047003
0.0032999999999998586,0.30897294789052404
0.0042999999999999705,0.310387659190389
0.00529999999999986,0.3119438416202406
0.006299999999999972,0.3133585529201056
0.007299999999999862,0.31505620647994365
0.008299999999999974,0.3149147353499572
0.009299999999999864,0.3173197445597277
0.010299999999999976,0.32000769602947127
0.011299999999999866,0.31958328263951175
0.012299999999999978,0.3214224073293363
0.013299999999999867,0.07189562825914117
0.012299999999999978,0.011321934532819888
0.011299999999999866,-0.005440979659280931
0.010299999999999976,-0.018348805559249524
0.009299999999999864,-0.027982989511330426
0.008299999999999974,-0.03910262032826961
0.007299999999999862,-0.04575176343763528
0.006299999999999972,-0.05326388043991863
0.00529999999999986,-0.058767107396393625
0.0042999999999999705,-0.06487866021181057
0.0032999999999998586,-0.07210783495412092
0.0022999999999999687,-0.0756446132037835
0.0012999999999998568,-0.07858721270750278
0.00029999999999996696,-0.08625494795277128
-0.000700000000000145,-0.0886458100495432
-0.0017000000000000348,-0.09342753424308703
-0.0027000000000001467,-0.09584669056585624
-0.0037000000000000366,-0.09901564387755392
-0.0047000000000001485,-0.10309001242116521
-0.005700000000000038,-0.10550916874393444
-0.00670000000000015,-0.10676826180081432
-0.00770000000000004,-0.11252613679126502
-0.008700000000000152,-0.11275249059924342
-0.009700000000000042,-0.11777471571376431
-0.010700000000000154,-0.11846792425069817
-0.011700000000000044,-0.12067487387848763
-0.012700000000000156,-0.12415506367615564
-0.013700000000000045,-0.12402773965916776
-0.014700000000000157,-0.12702692761488163
-0.015700000000000047,-0.12873872828771835
-0.01670000000000016,-0.12981390887561578
-0.01770000000000005,-0.13227550653738093
-0.01870000000000016,-0.13264333147534585
-0.01970000000000005,-0.13374680628924054
-0.020700000000000163,-0.13707137784392343
-0.021700000000000053,-0.1367884355839504
-0.022700000000000164,-0.13936321014970476
-0.023700000000000054,-0.14090524546655764
-0.024700000000000166,-0.14147112998650369
-0.025700000000000056,-0.14316878354634172
-0.026700000000000168,-0.14430055258623375
-0.027700000000000058,-0.1437346680662877
-0.02870000000000017,-0.14642261953603128
-0.02970000000000006,-0.14727144631595032
-0.03070000000000017,-0.14925204213576138
-0.03170000000000006,-0.14882762874580185
-0.03270000000000017,-0.1502423400456669
-0.03370000000000006,-0.1508082245656129
-0.034700000000000175,-0.15208146473549145
-0.035700000000000065,-0.15264734925543746
-0.03670000000000018,-0.15392058942531597
-0.03770000000000007,-0.1543450028152755
-0.03870000000000018,-0.15561824298515403
-0.03970000000000007,-0.1574573676749786
-0.04070000000000018,-0.15675001202504607
-0.04170000000000007,-0.15929649236480314
-0.04270000000000018,-0.1587306078448571
-0.04370000000000007,-0.15802325219492458
-0.044700000000000184,-0.1615600304445872
-0.045700000000000074,-0.15986237688474914
-0.046700000000000186,-0.16141855931460067
-0.047700000000000076,-0.16212591496453319
-0.04870000000000019,-0.1624088572245062
-0.04970000000000008,-0.16410651078434427
-0.05070000000000019,-0.16396503965435774
-0.05170000000000008,-0.16410651078434427
-0.05270000000000019,-0.16467239530429026
-0.05370000000000008,-0.16453092417430376
-0.05470000000000019,-0.16622857773414182
-0.05570000000000008,-0.1666529911241013
-0.056700000000000195,-0.16820917355395287
-0.057700000000000085,-0.16990682711379093
-0.058700000000000196,-0.16707740451406086
-0.059700000000000086,-0.16849211581392587
-0.0607000000000002,-0.17004829824377743
-0.06170000000000009,-0.17061418276372342
-0.0627000000000002,-0.17033124050375043
-0.06370000000000009,-0.17132153841365594
-0.0647000000000002,-0.17061418276372342
-0.06570000000000009,-0.1734436053634535
-0.0667000000000002,-0.17202889406358848
-0.0677000000000001,-0.17188742293360199
-0.0687000000000002,-0.17415096101338604
-0.0697000000000001,-0.1734436053634535
-0.07070000000000021,-0.173868018753413
-0.0717000000000001,-0.17641449909317006
-0.07270000000000021,-0.1737265476234265
-0.0737000000000001,-0.17599008570321056
-0.07470000000000021,-0.17556567231325104
-0.0757000000000001,-0.17499978779330505
-0.07670000000000021,-0.17853656604296764
-0.0777000000000001,-0.17627302796318356
-0.07870000000000021,-0.1772633258730891
-0.0797000000000001,-0.17768773926304862
-0.08070000000000022,-0.17811215265300812
-0.0817000000000001,-0.18023421960280567
-0.08270000000000022,-0.17797068152302162
-0.08370000000000011,-0.17867803717295414
-0.08470000000000022,-0.18164893090267073
-0.08570000000000011,-0.17966833508285968
-0.08670000000000022,-0.1805171618627787
-0.08770000000000011,-0.18136598864269768
-0.08870000000000022,-0.1806586329927652
-0.08970000000000011,-0.18164893090267073
-0.09070000000000022,-0.18122451751271118
-0.09170000000000011,-0.18122451751271118
-0.09270000000000023,-0.18292217107254924
-0.09370000000000012,-0.18193187316264373
-0.09470000000000023,-0.18419541124242778
-0.09570000000000012,-0.18362952672248176
-0.09670000000000023,-0.18320511333252223
-0.09770000000000012,-0.18391246898245475
-0.09870000000000023,-0.1843368823724143
-0.09970000000000012,-0.18377099785246825
-0.10070000000000023,-0.1854686514123063
-0.10170000000000012,-0.1844783535024008
-0.10270000000000024,-0.1860345359322523
-0.10370000000000013,-0.1857515936722793
-0.10470000000000024,-0.18674189158218485
-0.10570000000000013,-0.18674189158218485
-0.10670000000000024,-0.18787366062207686
-0.10770000000000013,-0.18744924723211737
-0.10870000000000024,-0.18872248740199588
-0.10970000000000013,-0.18829807401203638
-0.11070000000000024,-0.18886395853198237
-0.11170000000000013,-0.18985425644188791
-0.11270000000000002,-0.18801513175206336
-0.11370000000000013,-0.19084455435179343
-0.11470000000000002,-0.19070308322180693
-0.11570000000000014,-0.18985425644188791
-0.11670000000000003,-0.19282515017160448
-0.11770000000000014,-0.19084455435179343
-0.11870000000000003,-0.19141043887173945
-0.11970000000000014,-0.192400736781645
-0.12070000000000003,-0.19169338113171247
-0.12170000000000014,-0.19409839034148305
-0.12270000000000003,-0.19268367904161798
-0.12370000000000014,-0.1922592656516585
-0.12470000000000003,-0.19466427486142904
-0.12570000000000014,-0.19395691921149652
-0.12670000000000003,-0.19480574599141554
-0.12770000000000015,-0.19494721712140206
-0.12870000000000004,-0.19565457277133455
-0.12970000000000015,-0.19636192842126707
-0.13070000000000004,-0.1966448706812401
-0.13170000000000015,-0.19678634181122662
-0.13270000000000004,-0.1974936974611591
-0.13370000000000015,-0.19622045729128057
-0.13470000000000004,-0.19862546650105112
-0.13570000000000015,-0.20004017780091618
-0.13670000000000004,-0.19848399537106462
-0.13770000000000016,-0.2011719468408082
-0.13870000000000005,-0.19919135102099716
-0.13970000000000016,-0.20018164893090268
-0.14070000000000005,-0.20230371588070023
-0.14170000000000016,-0.2008890045808352
-0.14270000000000005,-0.20187930249074074
-0.14370000000000016,-0.20329401379060577
-0.14470000000000005,-0.20315254266061927
-0.14570000000000016,-0.2035769560505788
-0.14670000000000005,-0.20428431170051128
-0.14770000000000016,-0.2044257828304978
-0.14870000000000005,-0.20513313848043033
-0.14970000000000017,-0.20555755187038985
-0.15070000000000006,-0.20527460961041682
-0.15170000000000017,-0.20980168576998495
-0.15270000000000006,-0.2065478497802954
-0.15370000000000017,-0.20909433012005244
-0.15470000000000006,-0.20852844560010642
-0.15570000000000017,-0.20852844560010642
-0.15670000000000006,-0.212065223849769
-0.15770000000000017,-0.21022609915994445
-0.15870000000000006,-0.21079198367989047
-0.15970000000000018,-0.21347993514963404
-0.16070000000000007,-0.212065223849769
-0.16170000000000018,-0.21503611757948557
-0.16270000000000007,-0.21503611757948557
-0.16370000000000018,-0.21588494435940458
-0.16470000000000007,-0.21786554017921567
-0.16570000000000018,-0.21659230000933713
-0.16670000000000007,-0.21885583808912115
-0.16770000000000018,-0.21857289582914816
-0.16870000000000007,-0.22012907825899972
-0.16970000000000018,-0.2228170297287433
-0.17070000000000007,-0.22055349164895924
-0.17170000000000019,-0.2228170297287433
-0.17270000000000008,-0.22437321215859482
-0.1737000000000002,-0.22479762554855431
-0.17470000000000008,-0.22607086571843285
-0.1757000000000002,-0.2279099904082574
-0.17670000000000008,-0.22918323057813594
-0.1777000000000002,-0.22974911509808196
-0.17870000000000008,-0.23045647074801448
-0.1797000000000002,-0.23144676865792
-0.18070000000000008,-0.23470060464760956
-0.1817000000000002,-0.23399324899767707
-0.18270000000000008,-0.2359738448174881
-0.1837000000000002,-0.23781296950731265
-0.1847000000000001,-0.2386617962872317
-0.1857000000000002,-0.24106680549700227
-0.1867000000000001,-0.24120827662698877
-0.1877000000000002,-0.24276445905684027
-0.1887000000000001,-0.24559388165657034
-0.1897000000000002,-0.24615976617651636
-0.1907000000000001,-0.24884771764625993
-0.1917000000000001,-0.25026242894612494
-0.19269999999999998,-0.251111255726044
-0.1937000000000001,-0.2554968607556256
-0.19469999999999998,-0.25450656284572004
-0.1957000000000001,-0.2562042164055581
-0.19669999999999999,-0.26129717708507233
-0.1977000000000001,-0.2594580523952477
-0.1987,-0.2627118883849373
-0.1997000000000001,-0.26455101307476186
-0.2007,-0.2665316088945729
-0.2017000000000001,-0.2706342716641816
-0.2027,-0.27077574279416805
-0.2037000000000001,-0.2728978097439656
-0.2047,-0.27615164573365514
-0.2057000000000001,-0.27827371268345275
-0.2067,-0.28025430850326377
-0.2077000000000001,-0.28336667336296684
-0.2087,-0.28478138466283187
-0.2097000000000001,-0.288742576302454
-0.2107,-0.29044022986229207
-0.2117000000000001,-0.2938355369819681
-0.2127,-0.2963820173217252
-0.2137000000000001,-0.29807967088156323
-0.2147,-0.3051532273808884
-0.2157000000000001,-0.30628499642078044
-0.2167,-0.30755823659065895
-0.21770000000000012,-0.31265119727017304
-0.2187,-0.31350002405009214
-0.21970000000000012,-0.3176026868197007
-0.2207,-0.3218468207192958
-0.22170000000000012,-0.32297858975918786
-0.2227,-0.328354492698675
-0.22370000000000012,-0.3311839152984051
-0.2247,-0.3341548090281217
-0.22570000000000012,-0.3388233563176763
-0.2267,-0.3417942500473929
-0.22770000000000012,-0.3453310282970554
-0.22870000000000001,-0.3505654601065561
-0.22970000000000013,-0.3522631136663941
-0.23070000000000002,-0.3570731320859353
-0.23170000000000013,-0.3614587371155169
-0.23270000000000002,-0.3655613998851255
-0.23370000000000013,-0.37136171621457215
-0.23470000000000002,-0.3733423120343832
-0.23570000000000013,-0.3787182149738703
-0.23670000000000002,-0.38409411791335746
-0.2376999999999999,-0.3869235405130875
-0.23870000000000002,-0.3920165011926017
-0.2396999999999999,-0.39739240413208876
-0.24070000000000003,-0.4022024225516299
-0.24169999999999991,-0.40927597905095514
-0.24270000000000003,-0.41026627696086065
-0.24369999999999992,-0.41776424685014535
-0.24470000000000003,-0.423281620919619
-0.24569999999999992,-0.4271013414292546
-0.24670000000000003,-0.4343163690585663
-0.24769999999999992,-0.4379946184382154
-0.24870000000000003,-0.44464376154758106
-0.24969999999999992,-0.4515758469169197
-0.25070000000000003,-0.45539556742655535
-0.2516999999999999,-0.46232765279589394
-0.25270000000000004,-0.4682694402553271
-0.2536999999999999,-0.4727965164148953
-0.25470000000000004,-0.480577428564153
-0.2556999999999999,-0.48765098506347815
-0.25670000000000004,-0.4933098302629383
-0.25769999999999993,-0.5013736846721689
-0.25870000000000004,-0.5064666453516832
-0.25969999999999993,-0.5125499039411028
-0.26070000000000004,-0.5225943541701447
-0.26169999999999993,-0.5285361416295777
-0.26270000000000004,-0.5357511692588894
-0.26369999999999993,-0.5421173701082821
-0.26470000000000005,-0.5496153399975668
-0.26569999999999994,-0.558952434576676
-0.26670000000000005,-0.5671577601158931
-0.26769999999999994,-0.5746557300051779
-0.26870000000000005,-0.5821536998944625
-0.26969999999999994,-0.5896516697837473
-0.27070000000000005,-0.5972911108030184
-0.27169999999999994,-0.6081843878119793
-0.27270000000000005,-0.6152579443113044
-0.27369999999999994,-0.6253023945403461
-0.27470000000000006,-0.6325174221696578
-0.27569999999999995,-0.6410056899688481
-0.27670000000000006,-0.6534551494076605
-0.27769999999999995,-0.6595384079970801
-0.27870000000000006,-0.6728366942158115
-0.27969999999999995,-0.6804761352350827
-0.28070000000000006,-0.6905205854641244
-0.28169999999999995,-0.7021212181230176
-0.28270000000000006,-0.710326543662235
-0.28369999999999995,-0.7215027629311687
-0.28470000000000006,-0.7338107512399946
-0.28569999999999995,-0.7434307880790767
-0.28670000000000007,-0.7536167094381051
-0.28769999999999996,-0.7660661688769174
-0.28870000000000007,-0.7765350324959186
-0.28969999999999996,-0.7916724434044745
-0.29070000000000007,-0.8012924802435567
-0.29169999999999996,-0.8136004685523825
-0.29270000000000007,-0.827181697031087
-0.29369999999999996,-0.8377920317800748
-0.2947000000000001,-0.8532123849486036
-0.29569999999999996,-0.865378902127443
-0.2967000000000001,-0.8781113038262282
-0.29769999999999996,-0.8929657724748112
-0.2987000000000001,-0.9054152319136234
-0.29969999999999997,-0.9195623449122737
-0.3007000000000001,-0.9365388805106541
-0.30169999999999997,-0.9489883399494666
-0.3027000000000001,-0.9648331065079551
-0.30369999999999997,-0.9809608153264163
-0.3047000000000001,-0.9944005726751344
-0.30569999999999997,-1.0123674061834202
-0.3067000000000001,-1.0282121727419087
-0.3077,-1.0440569393003971
-0.3087000000000001,-1.062872599588602
-0.3097,-1.0778685393671714
-0.3107000000000001,-1.0952694883555114
-0.3117,-1.1154998599435815
-0.3127000000000001,-1.1321934532819888
-0.3137,-1.1517164692201263
-0.3147000000000001,-1.1695418315984258
-0.3157,-1.1889233764065767
-0.3167000000000001,-1.210002574774566
-0.3177,-1.2281108794128386
-0.3187000000000001,-1.2497559623007732
-0.3197,-1.2691375071089246
-0.3207000000000001,-1.2904996477368864
-0.3217,-1.3142667975746192
-0.3227000000000001,-1.3340727557727297
-0.3237,-1.3576984344804757
-0.3247000000000001,-1.3794849884983973
-0.3257,-1.4039594939860625
-0.3267000000000001,-1.426028990263957
-0.3277,-1.4500790823616625
-0.3287000000000001,-1.4741291744593683
-0.3297,-1.501008689156804
-0.3307000000000001,-1.5264734925543744
-0.3317,-1.5519382959519452
-0.3327000000000001,-1.580232521949246
-0.3337,-1.6042826140469515
-0.3347000000000001,-1.6325768400442524
-0.3357,-1.660871066041553
-0.3367000000000001,-1.6877505807389888
-0.3377,-1.7174595180361545
-0.3387000000000001,-1.7457537440334552
-0.3397,-1.775462681330621
-0.3407000000000001,-1.8080010412275167
-0.3417,-1.8377099785246829
-0.3427000000000001,-1.8688336271217136
-0.3437,-1.9027866983184742
-0.3447000000000001,-1.93532505821537
-0.3457,-1.9692781294121309
-0.3467000000000001,-2.0004017780091616
-0.3477,-2.0357695605057877
-0.3487000000000001,-2.072552054302279
-0.3497,-2.1065051254990395
-0.3507000000000001,-2.1432876192955304
-0.3517,-2.1800701130920217
-0.3527000000000001,-2.216852606888512
-0.3537,-2.257879234584599
-0.3547000000000001,-2.2946617283810897
-0.3557,-2.3342736447773107
-0.35670000000000013,-2.3767149837732613
-0.3577,-2.4134974775697526
-0.35870000000000013,-2.457353527865569
-0.3597,-2.4983801555616547
-0.36070000000000013,-2.5408214945576058
-0.3617,-2.586092256153287
-0.3626999999999999,-2.627118883849373
-0.3637,-2.6738043567449195
-0.3646999999999999,-2.720489829640466
-0.3657,-2.765760591236147
-0.3666999999999999,-2.813860775431558
-0.3677,-2.8605462483271045
-0.3686999999999999,-2.9114758551222453
-0.36970000000000003,-2.9595760393176564
-0.3706999999999999,-3.009090934812933
-0.37170000000000003,-3.0586058303082093
-0.3726999999999999,-3.1123648597030806
-0.37370000000000003,-3.164709177798087
-0.3746999999999999,-3.2184682071929585
-0.37570000000000003,-3.273641947887695
-0.3766999999999999,-3.325986265982701
-0.37770000000000004,-3.3854041405770325
-0.3786999999999999,-3.440577881271769
-0.37970000000000004,-3.4971663332663705
-0.3806999999999999,-3.557998919160567
-0.38170000000000004,-3.6145873711551686
-0.38269999999999993,-3.67683466834923
-0.38370000000000004,-3.7376672542434273
-0.38469999999999993,-3.798499840137624
-0.38570000000000004,-3.8664059825311448
-0.38669999999999993,-3.9258238571254775
-0.38770000000000004,-3.992315288219133
-0.38869999999999993,-4.060221430612655
-0.38970000000000005,-4.125298150406447
-0.39069999999999994,-4.1960337153996985
-0.39170000000000005,-4.265354569093086
-0.39269999999999994,-4.334675422786473
-0.39370000000000005,-4.40965512167932
-0.39469999999999994,-4.478975975372705
-0.39570000000000005,-4.555370385565419
-0.39669999999999994,-4.633179507057995
-0.39770000000000005,-4.709573917250707
-0.39869999999999994,-4.788797750043149
-0.39970000000000006,-4.866606871535726
-0.40069999999999995,-4.947245415628033
-0.40170000000000006,-5.03071338232007
-0.40269999999999995,-5.114181349012108
-0.40370000000000006,-5.201893449603739
-0.40469999999999995,-5.288190838895507
-0.40570000000000006,-5.374488228187275
-0.40669999999999995,-5.465029751378637
-0.40770000000000006,-5.556985985869864
-0.40869999999999995,-5.648942220361092
-0.40970000000000006,-5.746557300051779
-0.41069999999999995,-5.841342957142737
-0.41170000000000007,-5.938958036833425
-0.41269999999999996,-6.039402539123842
-0.41370000000000007,-6.141261752714124
-0.41469999999999996,-6.244535677604272
-0.41570000000000007,-6.35063902509415
-0.41669999999999996,-6.455327661284162
-0.41770000000000007,-6.5670898539735
-0.41869999999999996,-6.677437335362973
-0.4197000000000001,-6.792028950652041
-0.42069999999999996,-6.910864699840705
-0.4217000000000001,-7.025456315129772
-0.42269999999999996,-7.147121486918166
-0.4237000000000001,-7.270201370006423
-0.42469999999999997,-7.393281253094682
-0.4257000000000001,-7.523434692682265
-0.42669999999999997,-7.650758709670118
-0.4277000000000001,-7.780912149257703
-0.42869999999999997,-7.919553856644475
-0.4297000000000001,-8.055366141431518
-0.43069999999999997,-8.196837271418023
-0.4317000000000001,-8.339723112704391
-0.4327,-8.484023665290625
-0.4337000000000001,-8.63398306307632
-0.4347,-8.783942460862013
-0.4357000000000001,-8.938145992547302
-0.4367,-9.09800836943205
-0.4377000000000001,-9.256456035016935
-0.4387,-9.421977257101144
-0.4397000000000001,-9.586083767885489
-0.4407,-9.758678546469023
-0.4417000000000001,-9.932688036352424
-0.4427,-10.109526948835553
-0.4437000000000001,-10.28919528391841
-0.4447,-10.474522464200732
-0.4457000000000001,-10.662679067082781
-0.4467,-10.853665092564562
-0.4477000000000001,-11.048895251945936
-0.4487,-11.248369545226906
-0.4497000000000001,-11.453502683707336
-0.4507,-11.660050533487633
-0.4517000000000001,-11.873671939767252
-0.4527,-12.091537479946469
-0.4537000000000001,-12.309403020125684
-0.4547,-12.53292740550436
-0.4557000000000001,-12.763525347382362
-0.4567,-12.998367423159957
-0.4577000000000001,-13.237453632837148
-0.4587,-13.4821986877138
-0.4597000000000001,-13.731187876490045
-0.4607,-13.987250621765616
-0.4617000000000001,-14.24614278964092
-0.4627,-14.500790823616628
-0.4637000000000001,-14.769585970590983
-0.4647,-15.05252823056399
-0.4657000000000001,-15.335470490536997
-0.4667,-15.618412750510005
-0.4677000000000001,-15.901355010483012
-0.4687,-16.19844438345467
-0.4697000000000001,-16.50968086942498
-0.4707,-16.820917355395284
-0.4717000000000001,-17.132153841365596
-0.4727,-17.45753744033455
-0.4737000000000001,-17.782921039303513
-0.4747,-18.122451751271118
-0.4757000000000001,-18.461982463238726
-0.4767,-18.78736606220769
-0.4777000000000001,-19.126896774175293
-0.4787,-19.480574599141555
-0.4797000000000001,-19.848399537106463
-0.4807,-20.25866581406732
-0.48170000000000013,-20.683079204026836
-0.4827,-21.050904141991744
-0.48370000000000013,-21.447023305953955
-0.4847,-21.800701130920213
-0.48570000000000013,-22.210967407881075
-0.4867,-22.649527910839236
-0.4876999999999999,-23.088088413797397
-0.4887,-23.54079602975421
-0.4896999999999999,-23.96520941971372
-0.4907,-24.40376992267188
-0.4916999999999999,-24.856477538628695
-0.4927,-25.337479380582806
-0.4936999999999999,-25.80433410953827
-0.49470000000000003,-26.257041725495082
-0.4956999999999999,-26.794632019443796
-0.49670000000000003,-27.332222313392506
-0.4976999999999999,-27.841518381343924
-0.49870000000000003,-28.308373110299385
-0.4996999999999999,-28.8176691782508
-0.5007,-29.39770081119546
-0.5016999999999999,-29.906996879146874
-0.5027,-30.416292947098288
-0.5036999999999999,-30.982177467044306
-0.5047,-31.604650438984915
-0.5056999999999999,-32.22712341092554
-0.5067,-32.7788608178729
-0.5076999999999999,-33.316451111821614
-0.5087,-33.96721830975953
-0.5096999999999999,-34.5755441687015
-0.5107,-35.21216425364076
-0.5116999999999999,-35.89122567757598
-0.5127,-36.5136986495166
-0.5136999999999999,-37.05128894346531
-0.5147,-37.645467689408626
-0.5156999999999999,-38.29623488734655
-0.5167,-39.060178989273666
-0.5176999999999999,-39.85241731719808
-0.5187,-40.729538323114404
-0.5196999999999999,-41.46518819904423
-0.5207,-42.214985187972694
-0.5216999999999999,-42.99307640289846
-0.5227,-43.672137826833676
-0.5236999999999999,-44.520964606752706
-0.5247,-45.11514335269602
-0.5257,-45.82249900262854
-0.5267000000000001,-46.67132578254756
-0.5277,-47.449416997473335
-0.5287000000000001,-48.21336109940045
-0.5297,-49.005599427324874
-0.5307000000000001,-49.925161772237146
-0.5317,-50.491046292183164
-0.5327000000000001,-51.396461524096786
-0.5337,-52.35846520800501
-0.5347000000000001,-53.22143910092268
-0.5357,-54.08441299384035
-0.5367000000000001,-54.989828225753975
-0.5377,-55.8669492316703
-0.5387000000000001,-56.786511576582576
-0.5397,-57.70607392149485
-0.5407000000000001,-58.62563626640712
-0.5417,-59.54519861131939
-0.5427000000000001,-60.47890806923032
-0.5437,-61.384323301143944
-0.5447000000000001,-62.31803275905487
-0.5457,-63.280036442963095
-0.5467000000000001,-64.27033435286862
-0.5477,-65.23233803677684
-0.5487000000000001,-66.20848883368372
-0.5497,-67.21293385658788
-0.5507000000000001,-68.21737887949207
-0.5517,-69.20767678939758
-0.5527000000000001,-70.21212181230177
-0.5537,-71.2307139482046
-0.5547000000000001,-72.24930608410743
-0.5557,-73.26789822001024
-0.5567000000000001,-74.30063746891172
-0.5577,-75.33337671781321
-0.5587000000000001,-76.38026307971333
-0.5597,-77.42714944161345
-0.5607000000000001,-78.51647714250953
-0.5617,-79.57751061740831
-0.5627000000000001,-80.66683831830439
-0.5637,-81.77031313219912
-0.5647000000000001,-82.84549372009654
-0.5657,-83.93482142099262
-0.5667000000000001,-85.03829623488735
-0.5677,-86.15591816178073
-0.5687000000000001,-87.28768720167277
-0.5697,-88.4194562415648
-0.5707000000000001,-89.50878394246087
-0.5717,-90.68299432134886
-0.5727000000000001,-91.82891047423954
-0.5737,-93.03141507912481
-0.5747000000000001,-94.19147834501413
-0.5757,-95.37983583690077
-0.5767000000000001,-96.4267221988009
-0.5777,-97.4877556736997
-0.5787000000000001,-98.4497593576079
-0.5797,-99.73714664048508
-0.5807000000000001,-101.01038681036361
-0.5817,-102.19874430225026
-0.5827000000000001,-103.34466045514093
-0.5837,-104.61790062501946
-0.5847000000000001,-105.67893409991824
-0.5857,-106.66923200982377
-0.5867000000000001,-106.89558581780217
-0.5857,-105.99017058588855
-0.5847000000000001,-105.02816690198033
-0.5837,-104.10860455706805
-0.5827000000000001,-103.21733643815308
-0.5817,-102.22703852824755
-0.5807000000000001,-101.20844639234473
-0.5797,-100.11911869144865
-0.5787000000000001,-99.11467366854447
-0.5777,-98.08193441964299
-0.5767000000000001,-97.03504805774287
-0.5757,-96.01645592184003
-0.5747000000000001,-94.92712822094396
-0.5737,-93.88024185904384
-0.5727000000000001,-92.86164972314101
-0.5717,-91.81476336124088
-0.5707000000000001,-90.76787699934074
-0.5697,-89.74928486343794
-0.5687000000000001,-88.68825138853916
-0.5677,-87.74039481762958
-0.5667000000000001,-86.84912669871461
-0.5657,-86.00029991879558
-0.5647000000000001,-85.03829623488735
-0.5637,-84.10458677697642
-0.5627000000000001,-83.08599464107361
-0.5617,-82.06740250517078
-0.5607000000000001,-81.1478401602585
-0.5597,-80.27071915434219
-0.5587000000000001,-79.35115680942992
-0.5577,-78.47403580351359
-0.5567000000000001,-77.61106191059591
-0.5557,-76.70564667868229
-0.5547000000000001,-75.81437855976732
-0.5537,-74.9089633278537
-0.5527000000000001,-74.04598943493602
-0.5517,-73.26789822001024
-0.5507000000000001,-72.43321855308989
-0.5497,-71.57024466017221
-0.5487000000000001,-70.69312365425588
-0.5477,-69.8301497613382
-0.5467000000000001,-68.93888164242324
-0.5457,-68.07590774950557
-0.5447000000000001,-67.19878674358924
-0.5437,-66.33581285067157
-0.5427000000000001,-65.52942740974851
-0.5417,-64.66645351683083
-0.5407000000000001,-63.831773849910455
-0.5397,-63.01124129598873
-0.5387000000000001,-62.20485585506566
-0.5377,-61.384323301143944
-0.5367000000000001,-60.56379074722222
-0.5357,-59.757405306299155
-0.5347000000000001,-58.951019865376075
-0.5337,-58.17292865045031
-0.5327000000000001,-57.380690322525886
-0.5317,-56.65918755959472
-0.5307000000000001,-55.8669492316703
-0.5297,-55.088858016744524
-0.5287000000000001,-54.33906102781606
-0.5277,-53.617558264884885
-0.5267000000000001,-52.88190838895507
-0.5257,-52.16040562602391
-0.5247,-51.424755750094086
-0.5236999999999999,-50.71740010016157
-0.5227,-50.024191563227696
-0.5216999999999999,-49.33098302629383
-0.5207,-48.66606871535726
-0.5196999999999999,-47.972860178423396
-0.5187,-47.29379875448818
-0.5176999999999999,-46.61473733055296
-0.5167,-45.97811724561369
-0.5156999999999999,-45.31320293467712
-0.5147,-44.73317130173246
-0.5136999999999999,-44.08240410379454
-0.5127,-43.474078244852585
-0.5116999999999999,-42.89404661190791
-0.5107,-42.2715736399673
-0.5096999999999999,-41.677394894023976
-0.5087,-41.111510374077966
-0.5076999999999999,-40.531478741133306
-0.5067,-39.95144710818864
-0.5056999999999999,-39.37141547524397
-0.5047,-38.805530955297954
-0.5036999999999999,-38.253793548350586
-0.5027,-37.744497480399176
-0.5016999999999999,-37.178612960453165
-0.5007,-36.64102266650445
-0.4996999999999999,-36.11757948555439
-0.49870000000000003,-35.608283417602976
-0.4976999999999999,-35.098987349651566
-0.49670000000000003,-34.56139705570285
-0.4956999999999999,-34.06624810075008
-0.49470000000000003,-33.55695203279867
-0.4936999999999999,-33.06180307784591
-0.4927,-32.56665412289314
-0.4916999999999999,-32.08565228093904
-0.4907,-31.604650438984915
-0.4896999999999999,-31.12364859703081
-0.4887,-30.670940981073993
-0.4876999999999999,-30.21823336511718
-0.4867,-29.779672862159025
-0.48570000000000013,-29.31281813320356
-0.4847,-28.8459634042481
-0.48370000000000013,-28.393255788291288
-0.4827,-27.968842398331773
-0.48170000000000013,-27.530281895373616
-0.4807,-27.120015618412754
-0.4797000000000001,-26.709749341451893
-0.4787,-26.27118883849373
-0.4777000000000001,-25.846775448534224
-0.4767,-25.43650917157336
-0.4757000000000001,-25.054537120609798
-0.4747,-24.64427084364894
-0.4737000000000001,-24.24815167968673
-0.4727,-23.86617962872317
-0.4717000000000001,-23.47006046476096
-0.4707,-23.102235526796047
-0.4697000000000001,-22.734410588831135
-0.4687,-22.36658565086623
-0.4677000000000001,-21.99876071290132
-0.4667,-21.659230000933714
-0.4657000000000001,-21.30555217596745
-0.4647,-20.966021463999844
-0.4637000000000001,-20.626490752032236
-0.4627,-20.286960040064624
-0.4617000000000001,-19.93328221509837
-0.4607,-19.60789861612941
-0.4597000000000001,-19.296662130159103
-0.4587,-18.97127853119014
-0.4577000000000001,-18.660042045219836
-0.4567,-18.348805559249524
-0.4557000000000001,-18.03756907327922
-0.4547,-17.698038361311607
-0.4537000000000001,-17.40094898833995
-0.4527,-17.118006728366943
-0.4517000000000001,-16.863358694391238
-0.4507,-16.59456354741688
-0.4497000000000001,-16.29747417444522
-0.4487,-16.000384801473565
-0.4477000000000001,-15.74573676749786
-0.4467,-15.448647394526201
-0.4457000000000001,-15.193999360550496
-0.4447,-14.953498439573437
-0.4437000000000001,-14.71299751859638
-0.4427,-14.458349484620674
-0.4417000000000001,-14.217848563643619
-0.4407,-13.978762353966427
-0.4397000000000001,-13.717040763491397
-0.4387,-13.477954553814206
-0.4377000000000001,-13.234624210237419
-0.4367,-13.012514536158609
-0.4357000000000001,-12.800307841178851
-0.4347,-12.573954033200446
-0.4337000000000001,-12.354673781721367
-0.4327,-12.13680824154215
-0.4317000000000001,-11.909039722263879
-0.43069999999999997,-11.705321295083316
-0.4297000000000001,-11.491699888803693
-0.42869999999999997,-11.287981461623128
-0.4277000000000001,-11.096995436141347
-0.42669999999999997,-10.891862297660918
-0.4257000000000001,-10.709364539978326
-0.42469999999999997,-10.518378514496549
-0.4237000000000001,-10.325977777714902
-0.42269999999999996,-10.142065308732448
-0.4217000000000001,-9.958152839749992
-0.42069999999999996,-9.77706979336727
-0.4197000000000001,-9.610133859983193
-0.41869999999999996,-9.441783215299255
-0.41770000000000007,-9.276261993215044
-0.41669999999999996,-9.09800836943205
-0.41570000000000007,-8.942390126446897
-0.41469999999999996,-8.772624770463093
-0.41370000000000007,-8.605688837079018
-0.41269999999999996,-8.450070594093864
-0.41170000000000007,-8.29445235110871
-0.41069999999999995,-8.138834108123556
-0.40970000000000006,-7.997362978137053
-0.40869999999999995,-7.853062425550818
-0.40770000000000006,-7.703103027765124
-0.40669999999999995,-7.563046609078486
-0.40570000000000006,-7.4229901903918485
-0.40469999999999995,-7.280104349105479
-0.40370000000000006,-7.144292064318436
-0.40269999999999995,-7.014138624730852
-0.40170000000000006,-6.891058741642594
-0.40069999999999995,-6.766564147254471
-0.39970000000000006,-6.632166573767292
-0.39869999999999994,-6.504842556779439
-0.39770000000000005,-6.388836230190505
-0.39669999999999994,-6.262926924502518
-0.39570000000000005,-6.144091175313854
-0.39469999999999994,-6.029499560024787
-0.39370000000000005,-5.912078522135989
-0.39269999999999994,-5.801731040746516
-0.39170000000000005,-5.688554136757313
-0.39069999999999994,-5.579621366667705
-0.38970000000000005,-5.473518019177827
-0.38869999999999993,-5.365999960388084
-0.38770000000000004,-5.262726035497936
-0.38669999999999993,-5.1608668219076534
-0.38570000000000004,-5.059007608317371
-0.38469999999999993,-4.961392528626684
-0.38370000000000004,-4.862362737636131
-0.38269999999999993,-4.773235925744634
-0.38170000000000004,-4.677035557353811
-0.3806999999999999,-4.583664611562719
-0.37970000000000004,-4.493123088371357
-0.3786999999999999,-4.401166853880129
-0.37770000000000004,-4.312040041988632
-0.3766999999999999,-4.229986786596459
-0.37570000000000003,-4.146518819904423
-0.3746999999999999,-4.063050853212385
-0.37370000000000003,-3.9809975978202137
-0.3726999999999999,-3.901773765027771
-0.37170000000000003,-3.818305798335734
-0.3706999999999999,-3.7461555220426166
-0.36970000000000003,-3.6754199570493657
-0.3686999999999999,-3.5961961242569234
-0.3677,-3.5212164253640763
-0.3666999999999999,-3.4448220151713644
-0.3657,-3.3740864501781123
-0.3646999999999999,-3.3047655964847262
-0.3637,-3.238274165391069
-0.3626999999999999,-3.1703680229975473
-0.3617,-3.10104716930416
-0.36070000000000013,-3.0359704495103688
-0.3597,-2.973723152316307
-0.35870000000000013,-2.9114758551222453
-0.3577,-2.844984424028589
-0.35670000000000013,-2.788395972033987
-0.3557,-2.7247339635400607
-0.3547000000000001,-2.670974934145189
-0.3537,-2.6115570595508575
-0.3527000000000001,-2.5535538962563913
-0.3517,-2.49696544426179
-0.3507000000000001,-2.4446211261667834
-0.3497,-2.388032674172182
-0.3487000000000001,-2.3385177786769056
-0.3477,-2.284758749282034
-0.3467000000000001,-2.230999719887163
-0.3457,-2.184314246991617
-0.3447000000000001,-2.13196992889661
-0.3437,-2.0866991673009294
-0.3427000000000001,-2.0371842718056525
-0.3417,-1.9890840876102414
-0.3407000000000001,-1.9438133260145605
-0.3397,-1.8999572757187444
-0.3387000000000001,-1.8561012254229279
-0.3377,-1.813659886426977
-0.3367000000000001,-1.769803836131161
-0.3357,-1.7301919197349398
-0.3347000000000001,-1.6891652920388538
-0.3337,-1.6495533756426328
-0.3327000000000001,-1.6085267479465466
-0.3317,-1.5689148315503256
-0.3307000000000001,-1.5335470490536998
-0.3297,-1.4953498439573436
-0.3287000000000001,-1.4571526388609877
-0.3277,-1.423199567664227
-0.3267000000000001,-1.387548842907628
-0.3257,-1.3524640026709753
-0.3247000000000001,-1.3192182871241467
-0.3237,-1.2868213983572372
-0.3227000000000001,-1.253009798290463
-0.3217,-1.2221690919534054
-0.3207000000000001,-1.1892063186665498
-0.3197,-1.1602047370193165
-0.3187000000000001,-1.1312031553720834
-0.3177,-1.0978159686952687
-0.3167000000000001,-1.070370569477887
-0.3157,-1.0422178146105725
-0.3147000000000001,-1.015904184433083
-0.3137,-0.9886002563456876
-0.3127000000000001,-0.9604475014783734
-0.3117,-0.9354071114707622
-0.3107000000000001,-0.9099423080731914
-0.3097,-0.8834872067657155
-0.3087000000000001,-0.8612762393578344
-0.3077,-0.8360943782202367
-0.3067000000000001,-0.8130345840324366
-0.30569999999999997,-0.7911065588845285
-0.3047000000000001,-0.7667735245268499
-0.30369999999999997,-0.7464016818087934
-0.3027000000000001,-0.7241907144009123
-0.30169999999999997,-0.7022626892530042
-0.3007000000000001,-0.6838714423547588
-0.29969999999999997,-0.6619434172068507
-0.2987000000000001,-0.6435521703086051
-0.29769999999999996,-0.6244535677604272
-0.2967000000000001,-0.6043646673023436
-0.29569999999999996,-0.5876710739639363
-0.2947000000000001,-0.5681480580257988
-0.29369999999999996,-0.5514544646873913
-0.29270000000000007,-0.5343364579590244
-0.29169999999999996,-0.5158037399307923
-0.29070000000000007,-0.5020810403221014
-0.28969999999999996,-0.48496303359373455
-0.28870000000000007,-0.4671376712154351
-0.28769999999999996,-0.4542637983866633
-0.28670000000000007,-0.43870197408814793
-0.28569999999999995,-0.42299867865964597
-0.28470000000000006,-0.40941745018094167
-0.28369999999999995,-0.3944215104023722
-0.28270000000000006,-0.3826794066134924
-0.28169999999999995,-0.3698055337847206
-0.28070000000000006,-0.3543851806161917
-0.27969999999999995,-0.3425016056973254
-0.27870000000000006,-0.33075950190844555
-0.27769999999999995,-0.3164709177798087
-0.27670000000000006,-0.3064264675507669
-0.27569999999999995,-0.2934111235920086
-0.27470000000000006,-0.28294225997300737
-0.27369999999999994,-0.27204898296404656
-0.27270000000000005,-0.2591751101352747
-0.27169999999999994,-0.250828313466071
-0.27070000000000005,-0.24021797871708325
-0.26969999999999994,-0.22875881718817642
-0.26870000000000005,-0.22083643390893223
-0.26769999999999994,-0.20852844560010642
-0.26670000000000005,-0.19933282215098366
-0.26569999999999994,-0.19098602548177993
-0.26470000000000005,-0.18094157525273818
-0.26369999999999993,-0.17514125892329155
-0.26270000000000004,-0.16481386643427676
-0.26169999999999993,-0.15448647394526202
-0.26070000000000004,-0.14854468648582883
-0.25969999999999993,-0.13947638705369397
-0.25870000000000004,-0.13333654001227974
-0.25769999999999993,-0.12455118284011783
-0.25670000000000004,-0.11672782935186417
-0.2556999999999999,-0.1106162765364472
-0.25470000000000004,-0.10317489509915713
-0.2536999999999999,-0.09479980420395612
-0.25270000000000004,-0.08936731281247437
-0.2516999999999999,-0.08174201890620184
-0.25070000000000003,-0.07584267278576462
-0.24969999999999992,-0.07096191880123023
-0.24870000000000003,-0.0613135877361507
-0.24769999999999992,-0.057946574842471905
-0.24670000000000003,-0.052117964287027946
-0.24569999999999992,-0.044676582849737856
-0.24470000000000003,-0.03951288660523048
-0.24369999999999992,-0.034476514377710946
-0.24270000000000003,-0.030741676546067253
-0.24169999999999991,-0.02389447385472047
-0.24070000000000003,-0.018193187316264375
-0.2396999999999999,-0.01394056514887007
-0.23870000000000002,-0.00944602734919885
-0.2376999999999999,-0.0030685088094072645
-0.23670000000000002,-0.0008625494795277128
-0.23570000000000013,0.005558400697169729
-0.23470000000000002,0.008894289942251485
-0.23370000000000013,0.012425409346714619
-0.23270000000000002,0.01816489309026707
-0.23170000000000013,0.02124896372397285
-0.23070000000000002,0.02467256506964624
-0.22970000000000013,0.030685088094072648
-0.22870000000000001,0.033726717388782475
-0.22770000000000012,0.037871821497387034
-0.2267,0.04013535957717109
-0.22570000000000012,0.044733171301732454
-0.2247,0.04787383038743284
-0.22370000000000012,0.04958563106026953
-0.2227,0.053631705377883546
-0.22170000000000012,0.05827195844144086
-0.2207,0.059870582210288355
-0.21970000000000012,0.06547283895775391
-0.2187,0.0656991927657323
-0.21770000000000012,0.07016968047330582
-0.2167,0.07274445503906019
-0.2157000000000001,0.07840330023852032
-0.2147,0.07843159446451763
-0.2137000000000001,0.08152981221122206
-0.2127,0.08322746577106012
-0.2117000000000001,0.0874433054446579
-0.2107,0.08706133339369435
-0.2097000000000001,0.09102252503331647
-0.2087,0.09287579683613965
-0.2077000000000001,0.09601645592184005
-0.2067,0.09704919517074152
-0.2057000000000001,0.10166115400830154
-0.2047,0.10217045007625294
-0.2037000000000001,0.10446228238203431
-0.2027,0.10668337912282241
-0.2017000000000001,0.10857909226464157
-0.2007,0.11177633980233655
-0.1997000000000001,0.1118470753673298
-0.1987,0.1133325222321881
-0.1977000000000001,0.11735030232380478
-0.19669999999999999,0.11742103788879804
-0.1957000000000001,0.1213114939634269
-0.19469999999999998,0.12061828542649301
-0.1937000000000001,0.12189152559637156
-0.19269999999999998,0.1263620133039451
-0.1917000000000001,0.1264186017559397
-0.1907000000000001,0.12781916594280607
-0.1897000000000002,0.13156815088744844
-0.1887000000000001,0.13035149916956448
-0.1877000000000002,0.13456733884316227
-0.1867000000000001,0.1328555381703256
-0.1857000000000002,0.13582643190004218
-0.1847000000000001,0.13823144110981272
-0.1837000000000002,0.13756652679887618
-0.18270000000000008,0.13963200529667913
-0.1817000000000002,0.1427443701563822
-0.18070000000000008,0.1424614278964092
-0.1797000000000002,0.1434517258063147
-0.17870000000000008,0.14514937936615277
-0.1777000000000002,0.14642261953603128
-0.17670000000000008,0.14882762874580185
-0.1757000000000002,0.14911057100577488
-0.17470000000000008,0.14925204213576138
-0.1737000000000002,0.15236440699546444
-0.17270000000000008,0.15222293586547794
-0.17170000000000019,0.1540620605553025
-0.17070000000000007,0.15448647394526202
-0.16970000000000018,0.154203531685289
-0.16870000000000007,0.1583061944548976
-0.16770000000000018,0.15731589654499206
-0.16670000000000007,0.1584476655848841
-0.16570000000000018,0.16014531914472213
-0.16470000000000007,0.1615600304445872
-0.16370000000000018,0.16354062626439822
-0.16270000000000007,0.1629747417444522
-0.16170000000000018,0.16354062626439822
-0.16070000000000007,0.16453092417430376
-0.15970000000000018,0.16523827982423628
-0.15870000000000006,0.16622857773414182
-0.15770000000000017,0.1689165292038854
-0.15670000000000006,0.16849211581392587
-0.15570000000000017,0.16877505807389886
-0.15470000000000006,0.1696238848538179
-0.15370000000000017,0.17033124050375043
-0.15270000000000006,0.172736249713521
-0.15170000000000017,0.17188742293360199
-0.15070000000000006,0.17259477858353447
-0.14970000000000017,0.17542420118326454
-0.14870000000000005,0.17514125892329155
-0.14770000000000016,0.17641449909317006
-0.14670000000000005,0.17556567231325104
-0.14570000000000016,0.1766974413531431
-0.14470000000000005,0.1783950949129811
-0.14370000000000016,0.1774047970030756
-0.14270000000000005,0.17952686395287318
-0.14170000000000016,0.18164893090267073
-0.14070000000000005,0.17995127734283267
-0.13970000000000016,0.18164893090267073
-0.13870000000000005,0.18263922881257624
-0.13770000000000016,0.18306364220253574
-0.13670000000000004,0.1850442380223468
-0.13570000000000015,0.18320511333252223
-0.13470000000000004,0.1851857091523333
-0.13370000000000015,0.18688336271217135
-0.13270000000000004,0.1861760070622388
-0.13170000000000015,0.18872248740199588
-0.13070000000000004,0.18759071836210386
-0.12970000000000015,0.18815660288204988
-0.12870000000000004,0.18971278531190142
-0.12770000000000015,0.19027866983184744
-0.12670000000000003,0.19013719870186094
-0.12570000000000014,0.192117794521672
-0.12470000000000003,0.19070308322180693
-0.12370000000000014,0.193249563561564
-0.12270000000000003,0.19254220791163149
-0.12170000000000014,0.1936739769515235
-0.12070000000000003,0.19523015938137506
-0.11970000000000014,0.19423986147146954
-0.11870000000000003,0.19551310164134805
-0.11770000000000014,0.19805958198110513
-0.11670000000000003,0.1972107552011861
-0.11570000000000014,0.19862546650105112
-0.11470000000000002,0.1970692840711996
-0.11370000000000013,0.19947429328097016
-0.11270000000000002,0.20159636023076774
-0.11170000000000013,0.20046459119087567
-0.11070000000000024,0.20018164893090268
-0.10970000000000013,0.20244518701068673
-0.10870000000000024,0.20173783136075424
-0.10770000000000013,0.20428431170051128
-0.10670000000000024,0.2038598983105518
-0.10570000000000013,0.2038598983105518
-0.10470000000000024,0.20640637865030886
-0.10370000000000013,0.20541608074040332
-0.10270000000000024,0.20598196526034934
-0.10170000000000012,0.2073966765602144
-0.10070000000000023,0.2082455033401334
-0.09970000000000012,0.20951874351001196
-0.09870000000000023,0.20852844560010642
-0.09770000000000012,0.20923580125003893
-0.09670000000000023,0.21121639706985
-0.09570000000000012,0.21065051254990397
-0.09470000000000023,0.2119237527197825
-0.09370000000000012,0.21277257949970152
-0.09270000000000023,0.21390434853959353
-0.09170000000000011,0.21503611757948557
-0.09070000000000022,0.21390434853959353
-0.08970000000000011,0.21404581966958006
-0.08870000000000022,0.21701671339929662
-0.08770000000000011,0.2161678866193776
-0.08670000000000022,0.21729965565926962
-0.08570000000000011,0.21913878034909418
-0.08470000000000022,0.21871436695913468
-0.08370000000000011,0.2192802514790807
-0.08270000000000022,0.22055349164895924
-0.0817000000000001,0.22055349164895924
-0.08070000000000022,0.2235243853786758
-0.0797000000000001,0.22182673181883775
-0.07870000000000021,0.22338291424868928
-0.0777000000000001,0.22564645232847336
-0.07670000000000021,0.2239487987686353
-0.0757000000000001,0.22663675023837887
-0.07470000000000021,0.22578792345845985
-0.0737000000000001,0.22592939458844638
-0.07270000000000021,0.22875881718817642
-0.0717000000000001,0.22805146153824393
-0.07070000000000021,0.22946617283810894
-0.0697000000000001,0.23158823978790652
-0.0687000000000002,0.2307394130079875
-0.0677000000000001,0.23286147995778506
-0.0667000000000002,0.23158823978790652
-0.06570000000000009,0.23385177786769054
-0.0647000000000002,0.23484207577759608
-0.06370000000000009,0.23441766238763656
-0.0627000000000002,0.23767149837732615
-0.06170000000000009,0.23738855611735316
-0.0607000000000002,0.23837885402725867
-0.059700000000000086,0.2395106230671507
-0.058700000000000196,0.2388032674172182
-0.057700000000000085,0.24078386323702924
-0.056700000000000195,0.24163269001694826
-0.05570000000000008,0.24191563227692126
-0.05470000000000019,0.2429059301868268
-0.05370000000000008,0.24545241052658387
-0.05270000000000019,0.24474505487665132
-0.05170000000000008,0.24587682391654336
-0.05070000000000019,0.24785741973635445
-0.04970000000000008,0.24700859295643537
-0.04870000000000019,0.24969654442617895
-0.047700000000000076,0.24870624651627343
-0.046700000000000186,0.24997948668615194
-0.045700000000000074,0.25337479380582806
-0.044700000000000184,0.2515356691160035
-0.04370000000000007,0.25464803397570657
-0.04270000000000018,0.25450656284572004
-0.04170000000000007,0.2554968607556256
-0.04070000000000018,0.2574774565754367
-0.03970000000000007,0.2577603988354097
-0.03870000000000018,0.25733598544545017
-0.03770000000000007,0.2611557059550858
-0.03670000000000018,0.2614386482150588
-0.035700000000000065,0.2631363017748969
-0.034700000000000175,0.2621460038649913
-0.03370000000000006,0.2631363017748969
-0.03270000000000017,0.2662486666345999
-0.03170000000000006,0.2659657243746269
-0.03070000000000017,0.26681455115454594
-0.02970000000000006,0.2697854448842625
-0.02870000000000017,0.2689366181043435
-0.027700000000000058,0.27105868505414105
-0.026700000000000168,0.27190751183406003
-0.025700000000000056,0.27219045409403303
-0.024700000000000166,0.2751613478237496
-0.023700000000000054,0.2738881076538711
-0.022700000000000164,0.2767175302536012
-0.021700000000000053,0.27898106833338526
-0.020700000000000163,0.27954695285333125
-0.01970000000000005,0.27982989511330425
-0.01870000000000016,0.2808201930232098
-0.01770000000000005,0.28294225997300737
-0.01670000000000016,0.28534726918277786
-0.015700000000000047,0.2844984424028589
-0.014700000000000157,0.2856302114427509
-0.013700000000000045,0.2886011051724675
-0.012700000000000156,0.28930846082239997
-0.011700000000000044,0.29072317212226506
-0.010700000000000154,0.29284523907206256
-0.009700000000000042,0.29199641229214357
-0.008700000000000152,0.2958161328017792
-0.00770000000000004,0.2955331905418062
-0.00670000000000015,0.2972308441016442
-0.005700000000000038,0.2992114399214552
-0.0047000000000001485,0.2992114399214552
-0.0037000000000000366,0.30260674704113133
-0.0027000000000001467,0.3027482181711178
-0.0017000000000000348,0.30487028512091535
-0.000700000000000145,0.3064264675507669
0.00029999999999996696,0.30727529433068596
0.0012999999999998568,0.30826559224059147
0.0022999999999999687,0.31180237049025405
0.0032999999999998586,0.31208531275022705
0.0042999999999999705,0.31505620647994365
0.00529999999999986,0.3139244374400516
0.006299999999999972,0.3164709177798087
0.007299999999999862,0.32029063828944426
0.008299999999999974,0.32014916715945774
0.009299999999999864,0.3219882918492823
0.010299999999999976,0.32354447427913385
0.011299999999999866,0.3248177144490124
0.012299999999999978,0.328354492698675
0.013299999999999867,0.07660661688769173
0.012299999999999978,0.01309456779155078
0.011299999999999866,-0.0069617943066358455
0.010299999999999976,-0.017867803717295416
0.009299999999999864,-0.028761080726256192
0.008299999999999974,-0.038621618486315505
0.007299999999999862,-0.045143437578693324
0.006299999999999972,-0.05450882638379986
0.00529999999999986,-0.05917737367335448
0.0042999999999999705,-0.0653313678277674
0.0032999999999998586,-0.07260298390907369
0.0022999999999999687,-0.07567290742978082
0.0012999999999998568,-0.08218057940915997
0.00029999999999996696,-0.08503829623488735
-0.000700000000000145,-0.08986246176742714
-0.0017000000000000348,-0.09494127533394262
-0.0027000000000001467,-0.09709163650973747
-0.0037000000000000366,-0.10000594178745945
-0.0047000000000001485,-0.10447642949503295
-0.005700000000000038,-0.10546672740493848
-0.00670000000000015,-0.10971086130453359
-0.00770000000000004,-0.11242710700027447
-0.008700000000000152,-0.11514335269601533
-0.009700000000000042,-0.11805765797373731
-0.010700000000000154,-0.12046266718350787
-0.011700000000000044,-0.12170761312738912
-0.012700000000000156,-0.12456532995311646
-0.013700000000000045,-0.1254424509590328
-0.014700000000000157,-0.1270410747278803
-0.015700000000000047,-0.12965829063263062
-0.01670000000000016,-0.13070517699453074
-0.01770000000000005,-0.13431269080918656
-0.01870000000000016,-0.1334497169162689
-0.01970000000000005,-0.13599619725602596
-0.020700000000000163,-0.13743920278188831
-0.021700000000000053,-0.13810411709282489
-0.022700000000000164,-0.14087695124056035
-0.023700000000000054,-0.14161260111649018
-0.024700000000000166,-0.1421784856364362
-0.025700000000000056,-0.14514937936615277
-0.026700000000000168,-0.14430055258623375
-0.027700000000000058,-0.1458567350160853
-0.02870000000000017,-0.14854468648582883
-0.02970000000000006,-0.14769585970590982
-0.03070000000000017,-0.14939351326574787
-0.03170000000000006,-0.15052528230563988
-0.03270000000000017,-0.1501008689156804
-0.03370000000000006,-0.15377911829532948
-0.034700000000000175,-0.15293029151541046
-0.035700000000000065,-0.1540620605553025
-0.03670000000000018,-0.155052358465208
-0.03770000000000007,-0.15491088733522151
-0.03870000000000018,-0.15689148315503257
-0.03970000000000007,-0.15689148315503257
-0.04070000000000018,-0.15731589654499206
-0.04170000000000007,-0.15972090575476264
-0.04270000000000018,-0.15957943462477614
-0.04370000000000007,-0.15943796349478964
-0.044700000000000184,-0.16085267479465465
-0.045700000000000074,-0.16127708818461417
-0.046700000000000186,-0.16212591496453319
-0.047700000000000076,-0.1624088572245062
-0.04870000000000019,-0.1629747417444522
-0.04970000000000008,-0.16424798191433077
-0.05070000000000019,-0.16396503965435774
-0.05170000000000008,-0.16410651078434427
-0.05270000000000019,-0.16622857773414182
-0.05370000000000008,-0.1659456354741688
-0.05470000000000019,-0.16481386643427676
-0.05570000000000008,-0.1667944622540878
-0.056700000000000195,-0.16651151999411481
-0.057700000000000085,-0.1689165292038854
-0.058700000000000196,-0.16792623129397988
-0.059700000000000086,-0.16820917355395287
-0.0607000000000002,-0.17018976937376393
-0.06170000000000009,-0.16990682711379093
-0.0627000000000002,-0.17075565389370992
-0.06370000000000009,-0.17075565389370992
-0.0647000000000002,-0.16990682711379093
-0.06570000000000009,-0.17259477858353447
-0.0667000000000002,-0.17118006728366944
-0.0677000000000001,-0.17103859615368294
-0.0687000000000002,-0.17429243214337253
-0.0697000000000001,-0.17245330745354798
-0.07070000000000021,-0.1728777208435075
-0.0717000000000001,-0.173868018753413
-0.07270000000000021,-0.173868018753413
-0.0737000000000001,-0.17499978779330505
-0.07470000000000021,-0.17471684553333205
-0.0757000000000001,-0.1737265476234265
-0.07670000000000021,-0.17627302796318356
-0.0777000000000001,-0.17599008570321056
-0.07870000000000021,-0.17641449909317006
-0.0797000000000001,-0.17641449909317006
-0.08070000000000022,-0.17655597022315658
-0.0817000000000001,-0.1783950949129811
-0.08270000000000022,-0.1769803836131161
-0.08370000000000011,-0.1774047970030756
-0.08470000000000022,-0.17910245056291366
-0.08570000000000011,-0.17811215265300812
-0.08670000000000022,-0.17938539282288665
-0.08770000000000011,-0.17952686395287318
-0.08870000000000022,-0.17881950830294063
-0.08970000000000011,-0.18094157525273818
-0.09070000000000022,-0.1805171618627787
-0.09170000000000011,-0.18023421960280567
-0.09270000000000023,-0.18235628655260325
-0.09370000000000012,-0.18193187316264373
-0.09470000000000023,-0.18094157525273818
-0.09570000000000012,-0.18292217107254924
-0.09670000000000023,-0.18221481542261672
-0.09770000000000012,-0.18320511333252223
-0.09870000000000023,-0.18263922881257624
-0.09970000000000012,-0.18292217107254924
-0.10070000000000023,-0.1843368823724143
-0.10170000000000012,-0.18320511333252223
-0.10270000000000024,-0.1846198246323873
-0.10370000000000013,-0.1851857091523333
-0.10470000000000024,-0.18405394011244128
-0.10570000000000013,-0.18631747819222533
-0.10670000000000024,-0.1849027668923603
-0.10770000000000013,-0.1854686514123063
-0.10870000000000024,-0.18730777610213087
-0.10970000000000013,-0.18532718028231981
-0.11070000000000024,-0.18688336271217135
-0.11170000000000013,-0.18829807401203638
-0.11270000000000002,-0.18716630497214437
-0.11370000000000013,-0.18957131418191492
-0.11470000000000002,-0.18773218949209036
-0.11570000000000014,-0.18702483384215784
-0.11670000000000003,-0.19027866983184744
-0.11770000000000014,-0.18843954514202288
-0.11870000000000003,-0.19013719870186094
-0.11970000000000014,-0.18985425644188791
-0.12070000000000003,-0.18985425644188791
-0.12170000000000014,-0.19169338113171247
-0.12270000000000003,-0.19027866983184744
-0.12370000000000014,-0.19098602548177993
-0.12470000000000003,-0.1922592656516585
-0.12570000000000014,-0.19183485226169897
-0.12670000000000003,-0.19268367904161798
-0.12770000000000015,-0.1922592656516585
-0.12870000000000004,-0.19395691921149652
-0.12970000000000015,-0.19282515017160448
-0.13070000000000004,-0.193532505821537
-0.13170000000000015,-0.19409839034148305
-0.13270000000000004,-0.19508868825138856
-0.13370000000000015,-0.19537163051136155
-0.13470000000000004,-0.19480574599141554
-0.13570000000000015,-0.19537163051136155
-0.13670000000000004,-0.19622045729128057
-0.13770000000000016,-0.19834252424107812
-0.13870000000000005,-0.19678634181122662
-0.13970000000000016,-0.19636192842126707
-0.14070000000000005,-0.19862546650105112
-0.14170000000000016,-0.19848399537106462
-0.14270000000000005,-0.19919135102099716
-0.14370000000000016,-0.19975723554094318
-0.14470000000000005,-0.19890840876102414
-0.14570000000000016,-0.2008890045808352
-0.14670000000000005,-0.20018164893090268
-0.14770000000000016,-0.20131341797079472
-0.14870000000000005,-0.20244518701068673
-0.14970000000000017,-0.20187930249074074
-0.15070000000000006,-0.20343548492059227
-0.15170000000000017,-0.20286960040064628
-0.15270000000000006,-0.20470872509047083
-0.15370000000000017,-0.20456725396048434
-0.15470000000000006,-0.20470872509047083
-0.15570000000000017,-0.20569902300037635
-0.15670000000000006,-0.20711373430024138
-0.15770000000000017,-0.20697226317025488
-0.15870000000000006,-0.2073966765602144
-0.15970000000000018,-0.2088113878600794
-0.16070000000000007,-0.20923580125003893
-0.16170000000000018,-0.21121639706985
-0.16270000000000007,-0.20994315689997145
-0.16370000000000018,-0.21220669497975553
-0.16470000000000007,-0.21362140627962053
-0.16570000000000018,-0.21220669497975553
-0.16670000000000007,-0.21447023305953958
-0.16770000000000018,-0.21447023305953958
-0.16870000000000007,-0.21588494435940458
-0.16970000000000018,-0.21729965565926962
-0.17070000000000007,-0.21744112678925615
-0.17170000000000019,-0.21772406904922914
-0.17270000000000008,-0.2206949627789457
-0.1737000000000002,-0.2202705493889862
-0.17470000000000008,-0.22083643390893223
-0.1757000000000002,-0.2228170297287433
-0.17670000000000008,-0.2239487987686353
-0.1777000000000002,-0.22578792345845985
-0.17870000000000008,-0.22536351006850036
-0.1797000000000002,-0.22578792345845985
-0.18070000000000008,-0.22946617283810894
-0.1817000000000002,-0.22890028831816295
-0.18270000000000008,-0.2310223552679605
-0.1837000000000002,-0.23300295108777153
-0.1847000000000001,-0.23328589334774452
-0.1857000000000002,-0.2356909025575151
-0.1867000000000001,-0.2359738448174881
-0.1877000000000002,-0.23767149837732615
-0.1887000000000001,-0.2389447385472047
-0.1897000000000002,-0.24106680549700227
-0.1907000000000001,-0.24248151679686727
-0.1917000000000001,-0.24446211261667833
-0.19269999999999998,-0.24545241052658387
-0.1937000000000001,-0.24785741973635445
-0.19469999999999998,-0.24757447747638137
-0.1957000000000001,-0.25012095781613847
-0.19669999999999999,-0.25422362058574705
-0.1977000000000001,-0.2540821494557606
-0.1987,-0.2562042164055581
-0.1997000000000001,-0.2580433410953827
-0.2007,-0.26044835030515323
-0.2017000000000001,-0.2634192440348699
-0.2027,-0.2637021862948429
-0.2037000000000001,-0.2663901377645864
-0.2047,-0.269361031494303
-0.2057000000000001,-0.27120015618412757
-0.2067,-0.2734636942639116
-0.2077000000000001,-0.27615164573365514
-0.2087,-0.2774248859035337
-0.2097000000000001,-0.2812446064131693
-0.2107,-0.28280078884302084
-0.2117000000000001,-0.2856302114427509
-0.2127,-0.28959140308237297
-0.2137000000000001,-0.29044022986229207
-0.2147,-0.2958161328017792
-0.2157000000000001,-0.2993529110514418
-0.2167,-0.29822114201154976
-0.21770000000000012,-0.30458734286094236
-0.2187,-0.3061435252907939
-0.21970000000000012,-0.308690005630551
-0.2207,-0.31293413953014615
-0.22170000000000012,-0.31533914873991664
-0.2227,-0.31986622489948474
-0.22370000000000012,-0.32326153201916086
-0.2247,-0.3246762433190259
-0.22570000000000012,-0.3296277328685535
-0.2267,-0.3318912709483376
-0.22770000000000012,-0.3359939337179463
-0.22870000000000001,-0.3417942500473929
-0.22970000000000013,-0.3433504324772444
-0.23070000000000002,-0.34886780654671806
-0.23170000000000013,-0.3522631136663941
-0.23270000000000002,-0.35636577643600276
-0.23370000000000013,-0.36075138146558433
-0.23470000000000002,-0.36287344841538194
-0.23570000000000013,-0.3688152358748151
-0.23670000000000002,-0.37433260994428874
-0.2376999999999999,-0.37716203254401875
-0.23870000000000002,-0.3835282333934114
-0.2396999999999999,-0.387347953903047
-0.24070000000000003,-0.39088473215270964
-0.24169999999999991,-0.39710946187211577
-0.24270000000000003,-0.40121212464172434
-0.24369999999999992,-0.4054562585413195
-0.24470000000000003,-0.4122468727806717
-0.24569999999999992,-0.4162080644202938
-0.24670000000000003,-0.42229132300971345
-0.24769999999999992,-0.42823311046914664
-0.24870000000000003,-0.43304312888868773
-0.24969999999999992,-0.43884344521813434
-0.25070000000000003,-0.44450229041759454
-0.2516999999999999,-0.4483220109272302
-0.25270000000000004,-0.4570932209863934
-0.2536999999999999,-0.4630350084458265
-0.25470000000000004,-0.46742061347540814
-0.2556999999999999,-0.4747771122347063
-0.25670000000000004,-0.4795871306542474
-0.25769999999999993,-0.48977305201327564
-0.25870000000000004,-0.4921780612230462
-0.25969999999999993,-0.4991101465923849
-0.26070000000000004,-0.5087301834314671
-0.26169999999999993,-0.5129743173310622
-0.26270000000000004,-0.5227358253001311
-0.26369999999999993,-0.5293849684094968
-0.26470000000000005,-0.5356096981289029
-0.26569999999999994,-0.5436735525381337
-0.26670000000000005,-0.5528691759872564
-0.26769999999999994,-0.5590939057066625
-0.26870000000000005,-0.5677236446358392
-0.26969999999999994,-0.5736654320952724
-0.27070000000000005,-0.5830025266743816
-0.27169999999999994,-0.5910663810836124
-0.27270000000000005,-0.6004034756627216
-0.27369999999999994,-0.6087502723319252
-0.27470000000000006,-0.61624824222121
-0.27569999999999995,-0.6258682790602923
-0.27670000000000006,-0.635346844769388
-0.27769999999999995,-0.6431277569186457
-0.27870000000000006,-0.6534551494076605
-0.27969999999999995,-0.6630751862467427
-0.28070000000000006,-0.6719878674358926
-0.28169999999999995,-0.6841543846147318
-0.28270000000000006,-0.692076767893976
-0.28369999999999995,-0.7029700449029368
-0.28470000000000006,-0.7145706775618301
-0.28569999999999995,-0.7253224834408043
-0.28670000000000007,-0.7355084047998326
-0.28769999999999996,-0.7472505085887123
-0.28870000000000007,-0.7578608433377001
-0.28969999999999996,-0.7701688316465259
-0.29070000000000007,-0.7816279931754327
-0.29169999999999996,-0.791813914534461
-0.29270000000000007,-0.8065269120530575
-0.29369999999999996,-0.8172787179320317
-0.2947000000000001,-0.8298696485008306
-0.29569999999999996,-0.8424605790696293
-0.2967000000000001,-0.8554759230283877
-0.29769999999999996,-0.8703303916769705
-0.2987000000000001,-0.8817895532058773
-0.29969999999999997,-0.8952293105545953
-0.3007000000000001,-0.9103667214631512
-0.30169999999999997,-0.9232405942919228
-0.3027000000000001,-0.9400756587603168
-0.30369999999999997,-0.9539398294989943
-0.3047000000000001,-0.9679454713676581
-0.30569999999999997,-0.9860537760059305
-0.3067000000000001,-0.9986447065747294
-0.3077,-1.0154797710431231
-0.3087000000000001,-1.0328807200314631
-0.3097,-1.0477351886800463
-0.3107000000000001,-1.0655605510583457
-0.3117,-1.0828200289166992
-0.3127000000000001,-1.100503920165012
-0.3137,-1.1194610515832033
-0.3147000000000001,-1.135588760401665
-0.3157,-1.154121478429897
-0.3167000000000001,-1.175200676797886
-0.3177,-1.1930260391761855
-0.3187000000000001,-1.212831997374296
-0.3197,-1.231930599922474
-0.3207000000000001,-1.2531512694204494
-0.3217,-1.2747963523083847
-0.3227000000000001,-1.2954511372864141
-0.3237,-1.3169547490443627
-0.3247000000000001,-1.3390242453222572
-0.3257,-1.3593960880403138
-0.3267000000000001,-1.382455882228114
-0.3277,-1.4087695124056037
-0.3287000000000001,-1.4288584128636872
-0.3297,-1.4557379275611226
-0.3307000000000001,-1.4783733083589634
-0.3317,-1.5038381117565338
-0.3327000000000001,-1.5321323377538347
-0.3337,-1.5533530072518102
-0.3347000000000001,-1.5816472332491107
-0.3357,-1.6085267479465466
-0.3367000000000001,-1.6354062626439825
-0.3377,-1.6651151999411482
-0.3387000000000001,-1.6919947146385839
-0.3397,-1.7202889406358846
-0.3407000000000001,-1.7514125892329155
-0.3417,-1.779706815230216
-0.3427000000000001,-1.8108304638272468
-0.3437,-1.8419541124242775
-0.3447000000000001,-1.8730777610213083
-0.3457,-1.9070308322180693
-0.3467000000000001,-1.9381544808151003
-0.3477,-1.972107552011861
-0.3487000000000001,-2.0060606232086218
-0.3497,-2.040013694405383
-0.3507000000000001,-2.0782108995017388
-0.3517,-2.1121639706984996
-0.3527000000000001,-2.148946464494991
-0.3537,-2.1871436695913467
-0.3547000000000001,-2.2239261633878376
-0.3557,-2.263538079784059
-0.35670000000000013,-2.3045647074801447
-0.3577,-2.3427619125765005
-0.35870000000000013,-2.383788540272587
-0.3597,-2.426229879268538
-0.36070000000000013,-2.467256506964624
-0.3617,-2.5111125572604402
-0.3626999999999999,-2.554968607556256
-0.3637,-2.5988246578520724
-0.3646999999999999,-2.6426807081478887
-0.3657,-2.6879514697435702
-0.3666999999999999,-2.7360516539389814
-0.3677,-2.7841518381343926
-0.3686999999999999,-2.8308373110299385
-0.36970000000000003,-2.8817669178250793
-0.3706999999999999,-2.9298671020204905
-0.37170000000000003,-2.977967286215902
-0.3726999999999999,-3.0331410269106387
-0.37370000000000003,-3.08407063370578
-0.3746999999999999,-3.1364149518007864
-0.37570000000000003,-3.1915886924955226
-0.3766999999999999,-3.243933010590529
-0.37770000000000004,-3.3019361738849957
-0.3786999999999999,-3.357109914579732
-0.37970000000000004,-3.4136983665743337
-0.3806999999999999,-3.475945663768395
-0.38170000000000004,-3.532534115762996
-0.38269999999999993,-3.594781412957058
-0.38370000000000004,-3.6541992875513896
-0.38469999999999993,-3.716446584745451
-0.38570000000000004,-3.780108593239378
-0.38669999999999993,-3.8437706017333046
-0.38770000000000004,-3.9088473215270967
-0.38869999999999993,-3.975338752620753
-0.38970000000000005,-4.04183018371441
-0.39069999999999994,-4.111151037407797
-0.39170000000000005,-4.181886602401049
-0.39269999999999994,-4.251207456094435
-0.39370000000000005,-4.326187154987283
-0.39469999999999994,-4.396922719980535
-0.39570000000000005,-4.470487707573516
-0.39669999999999994,-4.548296829066093
-0.39770000000000005,-4.624691239258805
-0.39869999999999994,-4.702500360751382
-0.39970000000000006,-4.783138904843689
-0.40069999999999995,-4.862362737636131
-0.40170000000000006,-4.947245415628033
-0.40269999999999995,-5.0292986710202054
-0.40370000000000006,-5.114181349012108
-0.40469999999999995,-5.203308160903605
-0.40570000000000006,-5.288190838895507
-0.40669999999999995,-5.37873236208687
-0.40770000000000006,-5.469273885278232
-0.40869999999999995,-5.561230119769459
-0.40970000000000006,-5.657430488160282
-0.41069999999999995,-5.752216145251239
-0.41170000000000007,-5.848416513642062
-0.41269999999999996,-5.950275727232344
-0.41370000000000007,-6.049305518222896
-0.41469999999999996,-6.152579443113044
-0.41570000000000007,-6.258682790602922
-0.41669999999999996,-6.361956715493069
-0.41770000000000007,-6.472304196882543
-0.41869999999999996,-6.579822255672285
-0.4197000000000001,-6.692999159661489
-0.42069999999999996,-6.809005486250422
-0.4217000000000001,-6.926426524139219
-0.42269999999999996,-7.043847562028017
-0.4237000000000001,-7.164098022516545
-0.42469999999999997,-7.28576319430494
-0.4257000000000001,-7.413087211292793
-0.42669999999999997,-7.537581805680916
-0.4277000000000001,-7.6663205339686336
-0.42869999999999997,-7.802132818755678
-0.4297000000000001,-7.933700969643125
-0.43069999999999997,-8.070927965730034
-0.4317000000000001,-8.212399095716538
-0.4327,-8.352455514403177
-0.4337000000000001,-8.49958548958914
-0.4347,-8.645300753475238
-0.4357000000000001,-8.79384543996107
-0.4367,-8.949463682946222
-0.4377000000000001,-9.103667214631512
-0.4387,-9.264944302816126
-0.4397000000000001,-9.427636102300605
-0.4407,-9.590327901785084
-0.4417000000000001,-9.761507969068754
-0.4427,-9.929858613752693
-0.4437000000000001,-10.105282814935956
-0.4447,-10.286365861318682
-0.4457000000000001,-10.46603419640154
-0.4467,-10.65136137668386
-0.4477000000000001,-10.838103268266046
-0.4487,-11.03050400504769
-0.4497000000000001,-11.228563587028798
-0.4507,-11.425208457710037
-0.4517000000000001,-11.631756307490331
-0.4527,-11.838304157270626
-0.4537000000000001,-12.047681429650654
-0.4547,-12.265546969829868
-0.4557000000000001,-12.484827221308949
-0.4567,-12.711181029287355
-0.4577000000000001,-12.94036425986549
-0.4587,-13.168132779143761
-0.4597000000000001,-13.410048411420682
-0.4607,-13.651964043697603
-0.4617000000000001,-13.893879675974526
-0.4627,-14.147112998650368
-0.4637000000000001,-14.401761032626075
-0.4647,-14.67055617960043
-0.4657000000000001,-14.925204213576137
-0.4667,-15.193999360550496
-0.4677000000000001,-15.4769416205235
-0.4687,-15.759883880496508
-0.4697000000000001,-16.04282614046952
-0.4707,-16.339915513441174
-0.4717000000000001,-16.637004886412832
-0.4727,-16.94824137238314
-0.4737000000000001,-17.2453307453548
-0.4747,-17.556567231325104
-0.4757000000000001,-17.881950830294063
-0.4767,-18.207334429263025
-0.4777000000000001,-18.546865141230633
-0.4787,-18.88639585319824
-0.4797000000000001,-19.2400736781645
-0.4807,-19.579604390132108
-0.48170000000000013,-19.93328221509837
-0.4827,-20.286960040064624
-0.48370000000000013,-20.668932091028186
-0.4847,-21.036757028993097
-0.48570000000000013,-21.43287619295531
-0.4867,-21.814848243918867
-0.4876999999999999,-22.210967407881075
-0.4887,-22.607086571843286
-0.4896999999999999,-23.017352848804148
-0.4907,-23.44176623876366
-0.4916999999999999,-23.86617962872317
-0.4927,-24.304740131681328
-0.4936999999999999,-24.729153521640843
-0.49470000000000003,-25.18186113759765
-0.4956999999999999,-25.634568753554465
-0.49670000000000003,-26.087276369511276
-0.4976999999999999,-26.568278211465387
-0.49870000000000003,-27.035132940420848
-0.4996999999999999,-27.516134782374962
-0.5007,-28.011283737327723
-0.5016999999999999,-28.506432692280487
-0.5027,-29.029875873230555
-0.5036999999999999,-29.539171941181966
-0.5047,-30.07676223513068
-0.5056999999999999,-30.600205416080744
-0.5067,-31.12364859703081
-0.5076999999999999,-31.675386003978172
-0.5087,-32.22712341092554
-0.5096999999999999,-32.807155043870196
-0.5107,-33.38718667681487
-0.5116999999999999,-33.95307119676088
-0.5127,-34.53310282970554
-0.5136999999999999,-35.12728157564886
-0.5147,-35.735607434590825
-0.5156999999999999,-36.35808040653144
-0.5167,-36.96640626547341
-0.5176999999999999,-37.60302635041268
-0.5187,-38.253793548350586
-0.5196999999999999,-38.90456074628851
-0.5207,-39.56947505722508
-0.5216999999999999,-40.234389368161644
-0.5227,-40.91345079209687
-0.5236999999999999,-41.59251221603208
-0.5247,-42.28572075296594
-0.5257,-42.97892928989981
-0.5267000000000001,-43.68628493983233
-0.5277,-44.39364058976485
-0.5287000000000001,-45.12929046569467
-0.5297,-45.86494034162449
-0.5307000000000001,-46.61473733055296
-0.5317,-47.36453431948143
-0.5327000000000001,-48.114331308409895
-0.5337,-48.87827541033702
-0.5347000000000001,-49.656366625262784
-0.5357,-50.43445784018856
-0.5367000000000001,-51.24084328111163
-0.5377,-52.047228722034696
-0.5387000000000001,-52.86776127595642
-0.5397,-53.68829382987814
-0.5407000000000001,-54.508826383799864
-0.5417,-55.34350605072023
-0.5427000000000001,-56.20647994363791
-0.5437,-57.08360094955424
-0.5447000000000001,-57.974869068469204
-0.5457,-58.86613718738417
-0.5467000000000001,-59.72911108030185
-0.5477,-60.59208497321952
-0.5487000000000001,-61.46920597913584
-0.5497,-62.31803275905487
-0.5507000000000001,-63.22344799096849
-0.5517,-64.11471610988345
-0.5527000000000001,-65.03427845479574
-0.5537,-65.95384079970802
-0.5547000000000001,-66.87340314462028
-0.5557,-67.9485837325177
-0.5567000000000001,-68.86814607742998
-0.5577,-69.84429687433686
-0.5587000000000001,-70.77800633224777
-0.5597,-71.76830424215332
-0.5607000000000001,-72.74445503906018
-0.5617,-73.6498702709738
-0.5627000000000001,-74.58357972888473
-0.5637,-75.64461320378352
-0.5647000000000001,-76.66320533968634
-0.5657,-77.68179747558916
-0.5667000000000001,-78.74283095048794
-0.5677,-79.7755701993894
-0.5687000000000001,-80.8366036742882
-0.5697,-81.85519581019103
-0.5707000000000001,-82.87378794609386
-0.5717,-83.89238008199668
-0.5727000000000001,-84.96756066989411
-0.5737,-86.11347682278479
-0.5747000000000001,-87.14621607168625
-0.5757,-88.24969088558099
-0.5767000000000001,-89.32487147347842
-0.5777,-90.37175783537855
-0.5787000000000001,-91.48937976227192
-0.5797,-92.6070016891653
-0.5807000000000001,-93.76706495505464
-0.5817,-95.06859935093047
-0.5827000000000001,-96.341839520809
-0.5837,-97.53019701269562
-0.5847000000000001,-98.66196605258766
-0.5857,-99.77958797948104
-0.5867000000000001,-99.97764756146215
-0.5857,-99.22785057253368
-0.5847000000000001,-98.4780535836052
-0.5837,-97.75655082067404
-0.5827000000000001,-96.90772404075501
-0.5817,-96.01645592184003
-0.5807000000000001,-95.11104068992641
-0.5797,-94.17733123201549
-0.5787000000000001,-93.22947466110593
-0.5777,-92.22502963820175
-0.5767000000000001,-91.23473172829621
-0.5757,-90.3576107223799
-0.5747000000000001,-89.43804837746762
-0.5737,-88.46189758056073
-0.5727000000000001,-87.58477657464444
-0.5717,-86.66521422973216
-0.5707000000000001,-85.67491631982661
-0.5697,-84.7129126359184
-0.5687000000000001,-83.8216445170034
-0.5677,-82.8596408330952
-0.5667000000000001,-81.94007848818292
-0.5657,-81.07710459526525
-0.5647000000000001,-80.15754225035298
-0.5637,-79.23797990544071
-0.5627000000000001,-78.26182910853383
-0.5617,-77.35641387662021
-0.5607000000000001,-76.43685153170793
-0.5597,-75.57387763879026
-0.5587000000000001,-74.69675663287394
-0.5577,-73.81963562695762
-0.5567000000000001,-72.94251462104128
-0.5557,-72.00880516313036
-0.5547000000000001,-71.08924281821808
-0.5537,-70.19797469930313
-0.5527000000000001,-69.36329503238275
-0.5517,-68.59935093045563
-0.5507000000000001,-67.7505241505366
-0.5497,-66.90169737061757
-0.5487000000000001,-66.09531192969452
-0.5477,-65.2181909237782
-0.5467000000000001,-64.42595259585376
-0.5457,-63.66200849392664
-0.5447000000000001,-62.841475940004926
-0.5437,-62.07753183807781
-0.5427000000000001,-61.29944062315204
-0.5417,-60.57793786022087
-0.5407000000000001,-59.842287984291055
-0.5397,-59.13493233435853
-0.5387000000000001,-58.47001802342197
-0.5377,-57.7485152604908
-0.5367000000000001,-57.012865384560975
-0.5357,-56.27721550863116
-0.5347000000000001,-55.555712745699985
-0.5337,-54.86250420876612
-0.5327000000000001,-54.14100144583495
-0.5317,-53.447792908901086
-0.5307000000000001,-52.72629014596991
-0.5297,-52.0189344960374
-0.5287000000000001,-51.29743173310623
-0.5277,-50.61837030917101
-0.5267000000000001,-50.010044450229046
-0.5257,-49.444159930283035
-0.5247,-48.77924561934647
-0.5236999999999999,-47.94456595242609
-0.5227,-47.16647473750032
-0.5216999999999999,-46.643031556550255
-0.5207,-46.176176827594794
-0.5196999999999999,-45.53955674265553
-0.5187,-44.88878954471762
-0.5176999999999999,-44.28046368577565
-0.5167,-43.58725514884178
-0.5156999999999999,-42.92234083790521
-0.5147,-42.243279413969994
-0.5136999999999999,-41.66324778102533
-0.5127,-41.12565748707661
-0.5116999999999999,-40.545625854131956
-0.5107,-40.00803556018324
-0.5096999999999999,-39.272385684253415
-0.5087,-38.72064827730605
-0.5076999999999999,-38.197205096355994
-0.5067,-37.73035036740053
-0.5056999999999999,-37.178612960453165
-0.5047,-36.64102266650445
-0.5036999999999999,-35.97610835556789
-0.5027,-35.43851806161916
-0.5016999999999999,-34.87263354167316
-0.5007,-34.4057788127177
-0.4996999999999999,-33.95307119676088
-0.49870000000000003,-33.42962801581082
-0.4976999999999999,-32.93447906085806
-0.49670000000000003,-32.4676243319026
-0.4956999999999999,-31.95832826395118
-0.49470000000000003,-31.46317930899841
-0.4936999999999999,-30.968030354045652
-0.4927,-30.50117562509019
-0.4916999999999999,-30.09090934812933
-0.4907,-29.59576039317657
-0.4896999999999999,-29.128905664221104
-0.4887,-28.704492274261593
-0.4876999999999999,-28.209343319308836
-0.4867,-27.756635703352025
-0.48570000000000013,-27.303928087395207
-0.4847,-26.95025026242895
-0.48370000000000013,-26.55413109846674
-0.4827,-26.11557059550858
-0.48170000000000013,-25.705304318547718
-0.4807,-25.309185154585506
-0.4797000000000001,-24.884771764625995
-0.4787,-24.559388165657033
-0.4777000000000001,-24.191563227692125
-0.4767,-23.809591176728567
-0.4757000000000001,-23.427619125765005
-0.4747,-23.045647074801447
-0.4737000000000001,-22.67782213683654
-0.4727,-22.352438537867577
-0.4717000000000001,-21.98461359990267
-0.4707,-21.63093577493641
-0.4697000000000001,-21.30555217596745
-0.4687,-20.95187435100119
-0.4677000000000001,-20.598196526034933
-0.4667,-20.25866581406732
-0.4657000000000001,-19.919135102099716
-0.4647,-19.593751503130758
-0.4637000000000001,-19.2400736781645
-0.4627,-18.92883719219419
-0.4617000000000001,-18.645894932221182
-0.4607,-18.320511333252224
-0.4597000000000001,-18.009274847281915
-0.4587,-17.669744135314307
-0.4577000000000001,-17.386801875341302
-0.4567,-17.103859615368293
-0.4557000000000001,-16.835064468393938
-0.4547,-16.56626932141958
-0.4537000000000001,-16.311621287443874
-0.4527,-16.000384801473565
-0.4517000000000001,-15.759883880496508
-0.4507,-15.4769416205235
-0.4497000000000001,-15.222293586547794
-0.4487,-14.967645552572087
-0.4477000000000001,-14.727144631595033
-0.4467,-14.472496597619326
-0.4457000000000001,-14.203701450644967
-0.4447,-13.966029952267641
-0.4437000000000001,-13.7127966295918
-0.4427,-13.470880997314879
-0.4417000000000001,-13.248771323236069
-0.4407,-13.009685113558877
-0.4397000000000001,-12.80313726377858
-0.4387,-12.57536874450031
-0.4377000000000001,-12.337697246122985
-0.4367,-12.133978818942419
-0.4357000000000001,-11.910454433563745
-0.4347,-11.70673600638318
-0.4337000000000001,-11.505847001802342
-0.4327,-11.293640306822589
-0.4317000000000001,-11.128119084738378
-0.43069999999999997,-10.907424121959433
-0.4297000000000001,-10.710779251278193
-0.42869999999999997,-10.529696204895469
-0.4277000000000001,-10.331636622914363
-0.42669999999999997,-10.151968287831503
-0.4257000000000001,-9.97654408664824
-0.42469999999999997,-9.799705174165108
-0.4237000000000001,-9.62003683908225
-0.42269999999999996,-9.44885677179858
-0.4217000000000001,-9.280506127114641
-0.42069999999999996,-9.103667214631512
-0.4197000000000001,-8.93531656994757
-0.41869999999999996,-8.783942460862013
-0.41770000000000007,-8.624080083977264
-0.41669999999999996,-8.472705974891705
-0.41570000000000007,-8.317087731906552
-0.41469999999999996,-8.157225355021803
-0.41370000000000007,-8.007265957236108
-0.41269999999999996,-7.865794827249602
-0.41170000000000007,-7.731397253762426
-0.41069999999999995,-7.592755546375652
-0.40970000000000006,-7.468260951987529
-0.40869999999999995,-7.326789822001024
-0.40770000000000006,-7.176830424215332
-0.40669999999999995,-7.048091695927613
-0.40570000000000006,-6.9122794111405685
-0.40469999999999995,-6.792028950652041
-0.40370000000000006,-6.6689490675637835
-0.40269999999999995,-6.537380916676335
-0.40170000000000006,-6.415715744887942
-0.40069999999999995,-6.2954652843994126
-0.39970000000000006,-6.175214823910885
-0.39869999999999994,-6.067696765121143
-0.39770000000000005,-5.94320217073302
-0.39669999999999994,-5.8356841119432765
-0.39570000000000005,-5.725336630553803
-0.39469999999999994,-5.612159726564601
-0.39370000000000005,-5.510300512974317
-0.39269999999999994,-5.399953031584845
-0.39170000000000005,-5.299508529294427
-0.39069999999999994,-5.19906402700401
-0.38970000000000005,-5.0943753908139975
-0.38869999999999993,-5.002419156322769
-0.38770000000000004,-4.8977305201327574
-0.38669999999999993,-4.807188996941395
-0.38570000000000004,-4.712403339850438
-0.38469999999999993,-4.6162029714596144
-0.38370000000000004,-4.534149716067443
-0.38269999999999993,-4.442193481576215
-0.38170000000000004,-4.351651958384853
-0.3806999999999999,-4.265354569093086
-0.37970000000000004,-4.180471891101184
-0.3786999999999999,-4.1040774809084715
-0.37770000000000004,-4.020609514216435
-0.3766999999999999,-3.939970970124127
-0.37570000000000003,-3.8649912712312804
-0.3746999999999999,-3.7871821497387033
-0.37370000000000003,-3.710787739545991
-0.3726999999999999,-3.6329786180534143
-0.37170000000000003,-3.562243053060162
-0.3706999999999999,-3.4872633541673155
-0.36970000000000003,-3.415113077874199
-0.3686999999999999,-3.3443775128809468
-0.3677,-3.27788608178729
-0.3666999999999999,-3.2099799393937682
-0.3657,-3.1449032195999767
-0.3646999999999999,-3.07841178850632
-0.3637,-3.0119203574126634
-0.3626999999999999,-2.9510877715184667
-0.3617,-2.89025518562427
-0.36070000000000013,-2.8294225997300737
-0.3597,-2.768590013835877
-0.35870000000000013,-2.7105868505414104
-0.3577,-2.6497542646472136
-0.35670000000000013,-2.5959952352523423
-0.3557,-2.5408214945576058
-0.3547000000000001,-2.485647753862869
-0.3537,-2.4318887244679983
-0.3527000000000001,-2.3781296950731265
-0.3517,-2.3257853769781205
-0.3507000000000001,-2.2748557701829792
-0.3497,-2.2225114520879723
-0.3487000000000001,-2.177240690492291
-0.3477,-2.12631108369715
-0.3467000000000001,-2.081040322101469
-0.3457,-2.0343548492059225
-0.3447000000000001,-1.9848399537106465
-0.3437,-1.9423986147146954
-0.3427000000000001,-1.897127853119014
-0.3417,-1.8546865141230628
-0.3407000000000001,-1.8122451751271118
-0.3397,-1.772633258730891
-0.3387000000000001,-1.7316066310348048
-0.3377,-1.6919947146385839
-0.3367000000000001,-1.6495533756426328
-0.3357,-1.612770881846142
-0.3347000000000001,-1.5745736767497858
-0.3337,-1.5377911829532949
-0.3327000000000001,-1.5038381117565338
-0.3317,-1.4642261953603128
-0.3307000000000001,-1.4302731241635522
-0.3297,-1.3953297550568855
-0.3287000000000001,-1.3609522704701653
-0.3277,-1.3286968528332426
-0.3267000000000001,-1.295168195026441
-0.3257,-1.2620639506095992
-0.3247000000000001,-1.231930599922474
-0.3237,-1.2008069513254431
-0.3227000000000001,-1.1709565428982909
-0.3217,-1.141530547861098
-0.3207000000000001,-1.1104068992640672
-0.3197,-1.0832444423066585
-0.3187000000000001,-1.0541013895294389
-0.3177,-1.0259486346621245
-0.3167000000000001,-1.0009082446545134
-0.3157,-0.9731799031771587
-0.3147000000000001,-0.949129811079453
-0.3137,-0.922674709771977
-0.3127000000000001,-0.8974928486343793
-0.3117,-0.8752818812264982
-0.3107000000000001,-0.8510903179988061
-0.3097,-0.8261913991211816
-0.3087000000000001,-0.8044048451032598
-0.3077,-0.7816279931754327
-0.3067000000000001,-0.7591340835075786
-0.30569999999999997,-0.7386207696595357
-0.3047000000000001,-0.7162683311216681
-0.30369999999999997,-0.6977356130934361
-0.3027000000000001,-0.6779296548953256
-0.30169999999999997,-0.657274869917296
-0.3007000000000001,-0.6388836230190506
-0.29969999999999997,-0.6180873669110345
-0.2987000000000001,-0.6022426003525461
-0.29769999999999996,-0.5838513534543007
-0.2967000000000001,-0.5651771642960822
-0.29569999999999996,-0.5484835709576747
-0.2947000000000001,-0.5315070353592943
-0.29369999999999996,-0.5138231441109813
-0.29270000000000007,-0.49967603111233094
-0.29169999999999996,-0.4838312645538425
-0.29070000000000007,-0.46742061347540814
-0.28969999999999996,-0.4541223272566768
-0.28870000000000007,-0.4371457916582963
-0.28769999999999996,-0.4231401497896325
-0.28670000000000007,-0.40941745018094167
-0.28569999999999995,-0.3947044526623452
-0.28470000000000006,-0.3825379354835059
-0.28369999999999995,-0.3685322936148421
-0.28270000000000006,-0.35608283417602976
-0.28169999999999995,-0.34405778812717697
-0.28070000000000006,-0.3299106751285265
-0.27969999999999995,-0.31972475376949827
-0.27870000000000006,-0.30755823659065895
-0.27769999999999995,-0.2949673060218601
-0.27670000000000006,-0.2857716825727374
-0.27569999999999995,-0.27219045409403303
-0.27470000000000006,-0.2648339553347349
-0.27369999999999994,-0.252808909285882
-0.27270000000000005,-0.24064239210704275
-0.27169999999999994,-0.23300295108777153
-0.27070000000000005,-0.2232414431187028
-0.26969999999999994,-0.21220669497975553
-0.26870000000000005,-0.2041428405705248
-0.26769999999999994,-0.19438133260145604
-0.26670000000000005,-0.18532718028231981
-0.26569999999999994,-0.1766974413531431
-0.26470000000000005,-0.16835064468393937
-0.26369999999999993,-0.16071120366466815
-0.26270000000000004,-0.15335470490536995
-0.26169999999999993,-0.1423199567664227
-0.26070000000000004,-0.13646305198498146
-0.25969999999999993,-0.12839919757575072
-0.25870000000000004,-0.12295255907127035
-0.25769999999999993,-0.11488870466203964
-0.25670000000000004,-0.10644287820184536
-0.2556999999999999,-0.10051523785541085
-0.25470000000000004,-0.09314459198311402
-0.2536999999999999,-0.08660862577773754
-0.25270000000000004,-0.08165713622820991
-0.2516999999999999,-0.0727727492650575
-0.25070000000000003,-0.06885399896443134
-0.24969999999999992,-0.06323759510396713
-0.24870000000000003,-0.05576791944067974
-0.24769999999999992,-0.05163696244507385
-0.24670000000000003,-0.0464591190875678
-0.24569999999999992,-0.03775864459339783
-0.24470000000000003,-0.03521216425364076
-0.24369999999999992,-0.027869812607341227
-0.24270000000000003,-0.024446211261667832
-0.24169999999999991,-0.019480574599141553
-0.24070000000000003,-0.012614980660896532
-0.2396999999999999,-0.010171774246029613
-0.23870000000000002,-0.0059856435097289705
-0.2376999999999999,0.00015632559863508656
-0.23670000000000002,0.0017471684553333202
-0.23570000000000013,0.009535154161090348
-0.23470000000000002,0.012996952711860093
-0.23370000000000013,0.015590118524512706
-0.23270000000000002,0.0212348166109742
-0.23170000000000013,0.023328589334774455
-0.23070000000000002,0.029001581647233248
-0.22970000000000013,0.03251006567089854
-0.22870000000000001,0.0348301922026772
-0.22770000000000012,0.03985241731719808
-0.2267,0.041988631379994285
-0.22570000000000012,0.04583664611562719
-0.2247,0.050363722275195304
-0.22370000000000012,0.051778433575060345
-0.2227,0.055357653163718885
-0.22170000000000012,0.0596300812893113
-0.2207,0.06216241451606971
-0.21970000000000012,0.06477963042082002
-0.2187,0.0673826992125717
-0.21770000000000012,0.07004235645631796
-0.2167,0.07274445503906019
-0.2157000000000001,0.07855891848150548
-0.2147,0.07850233002951089
-0.2137000000000001,0.08254840434712489
-0.2127,0.08322746577106012
-0.2117000000000001,0.08748574678365387
-0.2107,0.08847604469355938
-0.2097000000000001,0.08962196084645008
-0.2087,0.09518177625491966
-0.2077000000000001,0.09470077441296555
-0.2067,0.09740287299570777
-0.2057000000000001,0.10091135701937308
-0.2047,0.09996350044846349
-0.2037000000000001,0.10490084288499248
-0.2027,0.10491498999799112
-0.2017000000000001,0.10688143870480352
-0.2007,0.11074360055343507
-0.1997000000000001,0.11036162850247151
-0.1987,0.11235637143528121
-0.1977000000000001,0.11654391688288172
-0.19669999999999999,0.11582241411995055
-0.1957000000000001,0.11967042885558345
-0.19469999999999998,0.11952895772559695
-0.1937000000000001,0.12100025747745657
-0.19269999999999998,0.1239004156421799
-0.1917000000000001,0.12508877313406655
-0.1907000000000001,0.12554148075002336
-0.1897000000000002,0.12954511372864141
-0.1887000000000001,0.1288943465307035
-0.1877000000000002,0.1313700913054673
-0.1867000000000001,0.13268577281434177
-0.1857000000000002,0.13419951390519738
-0.1847000000000001,0.13646305198498146
-0.1837000000000002,0.13595375591703002
-0.18270000000000008,0.1379909401888357
-0.1817000000000002,0.1399432417826494
-0.18070000000000008,0.1400847129126359
-0.1797000000000002,0.1427443701563822
-0.17870000000000008,0.1420370145064497
-0.1777000000000002,0.14401761032626076
-0.17670000000000008,0.1467055617960043
-0.1757000000000002,0.14642261953603128
-0.17470000000000008,0.14755438857592332
-0.1737000000000002,0.14939351326574787
-0.17270000000000008,0.14882762874580185
-0.17170000000000019,0.15222293586547794
-0.17070000000000007,0.1513741090855589
-0.16970000000000018,0.15250587812545094
-0.16870000000000007,0.1551938295951945
-0.16770000000000018,0.15363764716534298
-0.16670000000000007,0.15561824298515403
-0.16570000000000018,0.15816472332491108
-0.16470000000000007,0.15788178106493808
-0.16370000000000018,0.16028679027470866
-0.16270000000000007,0.1583061944548976
-0.16170000000000018,0.15986237688474914
-0.16070000000000007,0.1628332706144657
-0.15970000000000018,0.16127708818461417
-0.15870000000000006,0.1622673860945197
-0.15770000000000017,0.16467239530429026
-0.15670000000000006,0.16368209739438472
-0.15570000000000017,0.16608710660415532
-0.15470000000000006,0.16537975095422278
-0.15370000000000017,0.1667944622540878
-0.15270000000000006,0.16764328903400685
-0.15170000000000017,0.16792623129397988
-0.15070000000000006,0.16905800033387192
-0.14970000000000017,0.17033124050375043
-0.14870000000000005,0.17132153841365594
-0.14770000000000016,0.17146300954364244
-0.14670000000000005,0.17160448067362896
-0.14570000000000016,0.1737265476234265
-0.14470000000000005,0.1734436053634535
-0.14370000000000016,0.17415096101338604
-0.14270000000000005,0.17457537440334553
-0.14170000000000016,0.17570714344323757
-0.14070000000000005,0.17627302796318356
-0.13970000000000016,0.17782921039303512
-0.13870000000000005,0.1771218547431026
-0.13770000000000016,0.1772633258730891
-0.13670000000000004,0.17952686395287318
-0.13570000000000015,0.17966833508285968
-0.13470000000000004,0.17896097943292713
-0.13370000000000015,0.18164893090267073
-0.13270000000000004,0.18122451751271118
-0.13170000000000015,0.18207334429263022
-0.13070000000000004,0.18221481542261672
-0.12970000000000015,0.18249775768258975
-0.12870000000000004,0.1843368823724143
-0.12770000000000015,0.18405394011244128
-0.12670000000000003,0.18419541124242778
-0.12570000000000014,0.18730777610213087
-0.12470000000000003,0.1857515936722793
-0.12370000000000014,0.18759071836210386
-0.12270000000000003,0.1858930648022658
-0.12170000000000014,0.18815660288204988
-0.12070000000000003,0.18942984305192842
-0.11970000000000014,0.18843954514202288
-0.11870000000000003,0.19013719870186094
-0.11770000000000014,0.19013719870186094
-0.11670000000000003,0.19027866983184744
-0.11570000000000014,0.192400736781645
-0.11470000000000002,0.1922592656516585
-0.11370000000000013,0.192117794521672
-0.11270000000000002,0.19381544808151
-0.11170000000000013,0.19466427486142904
-0.11070000000000024,0.19494721712140206
-0.10970000000000013,0.19607898616129407
-0.10870000000000024,0.1965033995512536
-0.10770000000000013,0.19636192842126707
-0.10670000000000024,0.19834252424107812
-0.10570000000000013,0.19848399537106462
-0.10470000000000024,0.20018164893090268
-0.10370000000000013,0.19933282215098366
-0.10270000000000024,0.19876693763103764
-0.10170000000000012,0.20187930249074074
-0.10070000000000023,0.20187930249074074
-0.09970000000000012,0.20286960040064628
-0.09870000000000023,0.20315254266061927
-0.09770000000000012,0.20187930249074074
-0.09670000000000023,0.20555755187038985
-0.09570000000000012,0.20428431170051128
-0.09470000000000023,0.20513313848043033
-0.09370000000000012,0.2078210899501739
-0.09270000000000023,0.20485019622045733
-0.09170000000000011,0.2082455033401334
-0.09070000000000022,0.2089528589900659
-0.08970000000000011,0.20909433012005244
-0.08870000000000022,0.20966021463999845
-0.08770000000000011,0.20994315689997145
-0.08670000000000022,0.21107492593986346
-0.08570000000000011,0.21305552175967452
-0.08470000000000022,0.21248963723972852
-0.08370000000000011,0.21362140627962053
-0.08270000000000022,0.21277257949970152
-0.0817000000000001,0.21390434853959353
-0.08070000000000022,0.2164508288793506
-0.0797000000000001,0.21659230000933713
-0.07870000000000021,0.21659230000933713
-0.0777000000000001,0.21772406904922914
-0.07670000000000021,0.21800701130920216
-0.0757000000000001,0.21970466486904017
-0.07470000000000021,0.2192802514790807
-0.0737000000000001,0.2206949627789457
-0.07270000000000021,0.22309997198871628
-0.0717000000000001,0.22097790503891873
-0.07070000000000021,0.22309997198871628
-0.0697000000000001,0.2250805678085273
-0.0687000000000002,0.22437321215859482
-0.0677000000000001,0.22592939458844638
-0.0667000000000002,0.22691969249835187
-0.06570000000000009,0.22635380797840585
-0.0647000000000002,0.22861734605818995
-0.06370000000000009,0.22861734605818995
-0.0627000000000002,0.23045647074801448
-0.06170000000000009,0.2313052975279335
-0.0607000000000002,0.2310223552679605
-0.059700000000000086,0.23385177786769054
-0.058700000000000196,0.23328589334774452
-0.057700000000000085,0.23314442221775805
-0.056700000000000195,0.23639825820744764
-0.05570000000000008,0.23512501803756908
-0.05470000000000019,0.2368226715974071
-0.05370000000000008,0.2392276808071777
-0.05270000000000019,0.23767149837732615
-0.05170000000000008,0.24078386323702924
-0.05070000000000019,0.2396520941971372
-0.04970000000000008,0.24064239210704275
-0.04870000000000019,0.24403769922671883
-0.047700000000000076,0.24276445905684027
-0.046700000000000186,0.24403769922671883
-0.045700000000000074,0.2460182950465299
-0.044700000000000184,0.24630123730650288
-0.04370000000000007,0.24913065990623293
-0.04270000000000018,0.24814036199632744
-0.04170000000000007,0.24941360216620592
-0.04070000000000018,0.25167714024599
-0.03970000000000007,0.25096978459605745
-0.03870000000000018,0.2526674381558955
-0.03770000000000007,0.25394067832577405
-0.03670000000000018,0.2547895051056931
-0.035700000000000065,0.25705304318547717
-0.034700000000000175,0.2564871586655311
-0.03370000000000006,0.2581848122253692
-0.03270000000000017,0.26016540804518024
-0.03170000000000006,0.26030687917516676
-0.03070000000000017,0.2615801193450453
-0.02970000000000006,0.26299483064491036
-0.02870000000000017,0.2648339553347349
-0.027700000000000058,0.2662486666345999
-0.026700000000000168,0.26582425324464043
-0.025700000000000056,0.2665316088945729
-0.024700000000000166,0.270209858274222
-0.023700000000000054,0.2692195603643165
-0.022700000000000164,0.27120015618412757
-0.021700000000000053,0.27431252104383064
-0.020700000000000163,0.2734636942639116
-0.01970000000000005,0.27530281895373615
-0.01870000000000016,0.27615164573365514
-0.01770000000000005,0.2774248859035337
-0.01670000000000016,0.2796884239833177
-0.015700000000000047,0.27940548172334473
-0.014700000000000157,0.2820934331930883
-0.013700000000000045,0.2842155001428859
-0.012700000000000156,0.2844984424028589
-0.011700000000000044,0.2869034516126294
-0.010700000000000154,0.2880352206525215
-0.009700000000000042,0.2888840474324405
-0.008700000000000152,0.2921378834221301
-0.00770000000000004,0.2911475855122245
-0.00670000000000015,0.2929867102020491
-0.005700000000000038,0.2960990750617522
-0.0047000000000001485,0.2958161328017792
-0.0037000000000000366,0.2989284976614822
-0.0027000000000001467,0.2993529110514418
-0.0017000000000000348,0.3011920357412663
-0.000700000000000145,0.3038799872110099
0.00029999999999996696,0.3038799872110099
0.0012999999999998568,0.3047288139909289
0.0022999999999999687,0.30854853450056446
0.0032999999999998586,0.3093973612804835
0.0042999999999999705,0.31208531275022705
0.00529999999999986,0.31208531275022705
0.006299999999999972,0.31350002405009214
0.007299999999999862,0.3164709177798087
0.008299999999999974,0.3178856290796737
0.009299999999999864,0.3188759269895793
0.010299999999999976,0.32255417636922834
0.011299999999999866,0.3236859454091204
0.012299999999999978,0.3253835989689584
