Potential V vs RHE, Current mA cm-2
0.013299999999999867,-0.019721075520118612
0.012299999999999978,-0.12350429647821769
0.011299999999999866,-0.192400736781645
0.010299999999999976,-0.24361328583675934
0.009299999999999864,-0.2871863938726024
0.008299999999999974,-0.3231200608891744
0.007299999999999862,-0.3542437094862052
0.006299999999999972,-0.3818305798335734
0.00529999999999986,-0.40489037402137346
0.0042999999999999705,-0.4271013414292546
0.0032999999999998586,-0.4463414151074191
0.0022999999999999687,-0.46402530635573197
0.0012999999999998568,-0.4818506687340315
0.00029999999999996696,-0.4962807239926549
-0.000700000000000145,-0.5088716545614537
-0.0017000000000000348,-0.5225943541701447
-0.0027000000000001467,-0.5343364579590244
-0.0037000000000000366,-0.5460785617479043
-0.0047000000000001485,-0.557820665536784
-0.005700000000000038,-0.5656015776860417
-0.00670000000000015,-0.5756460279150835
-0.00770000000000004,-0.5841342957142737
-0.008700000000000152,-0.5937543325533559
-0.009700000000000042,-0.6012523024426406
-0.010700000000000154,-0.6090332145918983
-0.011700000000000044,-0.6155408865712775
-0.012700000000000156,-0.6223315008106296
-0.013700000000000045,-0.6294050573099549
-0.014700000000000157,-0.6352053736394014
-0.015700000000000047,-0.6411471610988346
-0.01670000000000016,-0.6469474774282812
-0.01770000000000005,-0.652747793757728
-0.01870000000000016,-0.6568504565273365
-0.01970000000000005,-0.6623678305968101
-0.020700000000000163,-0.6677437335362972
-0.021700000000000053,-0.6719878674358926
-0.022700000000000164,-0.6766564147254471
-0.023700000000000054,-0.6821737887949207
-0.024700000000000166,-0.6851446825246373
-0.025700000000000056,-0.6891058741642594
-0.026700000000000168,-0.6919352967639895
-0.027700000000000058,-0.6950476616236926
-0.02870000000000017,-0.6990088532633147
-0.02970000000000006,-0.7028285737729503
-0.03070000000000017,-0.7062238808926263
-0.03170000000000006,-0.7093362457523293
-0.03270000000000017,-0.7141462641718705
-0.03370000000000006,-0.717683042421533
-0.034700000000000175,-0.7196636382413442
-0.035700000000000065,-0.7233418876209933
-0.03670000000000018,-0.7258883679607504
-0.03770000000000007,-0.7284348483005074
-0.03870000000000018,-0.731688684290197
-0.03970000000000007,-0.7349425202798866
-0.04070000000000018,-0.7367816449697111
-0.04170000000000007,-0.7396110675694412
-0.04270000000000018,-0.7424404901691712
-0.04370000000000007,-0.7449869705089284
-0.044700000000000184,-0.7476749219786718
-0.045700000000000074,-0.7483822776286043
-0.046700000000000186,-0.751636113618294
-0.047700000000000076,-0.7541825939580511
-0.04870000000000019,-0.7565876031678217
-0.04970000000000008,-0.7594170257675517
-0.05070000000000019,-0.7608317370674167
-0.05170000000000008,-0.7638026307971333
-0.05270000000000019,-0.7671979379168093
-0.05370000000000008,-0.7677638224367553
-0.05470000000000019,-0.7697444182565665
-0.05570000000000008,-0.7714420718164045
-0.056700000000000195,-0.7755447345860131
-0.057700000000000085,-0.7771009170158646
-0.058700000000000196,-0.7780912149257702
-0.059700000000000086,-0.7809206375255002
-0.0607000000000002,-0.7824768199553517
-0.06170000000000009,-0.7844574157751628
-0.0627000000000002,-0.7871453672449065
-0.06370000000000009,-0.7891259630647174
-0.0647000000000002,-0.7899747898446364
-0.06570000000000009,-0.7899747898446364
-0.0667000000000002,-0.7922383279244205
-0.0677000000000001,-0.7947848082641775
-0.0687000000000002,-0.7967654040839887
-0.0697000000000001,-0.7976142308639076
-0.07070000000000021,-0.8008680668535972
-0.0717000000000001,-0.8015754225035298
-0.07270000000000021,-0.8024242492834487
-0.0737000000000001,-0.8039804317133004
-0.07470000000000021,-0.8068098543130304
-0.0757000000000001,-0.8085075078728684
-0.07670000000000021,-0.809497805782774
-0.0777000000000001,-0.8110539882126255
-0.07870000000000021,-0.8131760551624231
-0.0797000000000001,-0.8133175262924096
-0.08070000000000022,-0.8152981221122206
-0.0817000000000001,-0.8171372468020451
-0.08270000000000022,-0.8178446024519777
-0.08370000000000011,-0.8189763714918699
-0.08470000000000022,-0.8209569673116808
-0.08570000000000011,-0.8233619765214514
-0.08670000000000022,-0.825766985731222
-0.08770000000000011,-0.8254840434712489
-0.08870000000000022,-0.8259084568612085
-0.08970000000000011,-0.827747581551033
-0.09070000000000022,-0.8293037639808845
-0.09170000000000011,-0.8298696485008306
-0.09270000000000023,-0.8318502443206416
-0.09370000000000012,-0.8334064267504931
-0.09470000000000023,-0.8360943782202367
-0.09570000000000012,-0.8360943782202367
-0.09670000000000023,-0.8366602627401827
-0.09770000000000012,-0.8375090895201018
-0.09870000000000023,-0.8386408585599938
-0.09970000000000012,-0.8392067430799398
-0.10070000000000023,-0.8401970409898453
-0.10170000000000012,-0.8410458677697643
-0.10270000000000024,-0.8441582326294674
-0.10370000000000013,-0.8441582326294674
-0.10470000000000024,-0.8441582326294674
-0.10570000000000013,-0.8459973573192919
-0.10670000000000024,-0.847129126359184
-0.10770000000000013,-0.847412068619157
-0.10870000000000024,-0.8486853087890355
-0.10970000000000013,-0.8486853087890355
-0.11070000000000024,-0.8492511933089816
-0.11170000000000013,-0.8505244334788601
-0.11270000000000002,-0.8515147313887655
-0.11370000000000013,-0.8526465004286576
-0.11470000000000002,-0.8527879715586442
-0.11570000000000014,-0.8537782694685497
-0.11670000000000003,-0.8556173941583741
-0.11770000000000014,-0.8551929807684147
-0.11870000000000003,-0.8560418075483337
-0.11970000000000014,-0.8560418075483337
-0.12070000000000003,-0.8577394611081718
-0.12170000000000014,-0.8598615280579692
-0.12270000000000003,-0.8595785857979963
-0.12370000000000014,-0.8598615280579692
-0.12470000000000003,-0.8605688837079019
-0.12570000000000014,-0.8608518259678749
-0.12670000000000003,-0.8619835950077669
-0.12770000000000015,-0.8624080083977264
-0.12870000000000004,-0.864530075347524
-0.12970000000000015,-0.8646715464775104
-0.13070000000000004,-0.8631153640476589
-0.13170000000000015,-0.8649544887374835
-0.13270000000000004,-0.8658033155174024
-0.13370000000000015,-0.8675009690772405
-0.13470000000000004,-0.8690571515070921
-0.13570000000000015,-0.8694815648970515
-0.13670000000000004,-0.8738671699266332
-0.13770000000000016,-0.8757062946164578
-0.13870000000000005,-0.8731598142767006
-0.13970000000000016,-0.8755648234864712
-0.14070000000000005,-0.8747159967065521
-0.14170000000000016,-0.8748574678365387
-0.14270000000000005,-0.8782527749562148
-0.14370000000000016,-0.8788186594761607
-0.14470000000000005,-0.8802333707760258
-0.14570000000000016,-0.8810821975559447
-0.14670000000000005,-0.8829213222457692
-0.14770000000000016,-0.8834872067657155
-0.14870000000000005,-0.8854678025855264
-0.14970000000000017,-0.8868825138853914
-0.15070000000000006,-0.8899948787450946
-0.15170000000000017,-0.8909851766550001
-0.15270000000000006,-0.8919754745649057
-0.15370000000000017,-0.8959366662045278
-0.15470000000000006,-0.8965025507244737
-0.15570000000000017,-0.8987660888042578
-0.15670000000000006,-0.9013125691440148
-0.15770000000000017,-0.9010296268840418
-0.15870000000000006,-0.9032931649638258
-0.15970000000000018,-0.905273760783637
-0.16070000000000007,-0.9079617122533805
-0.16170000000000018,-0.9103667214631512
-0.16270000000000007,-0.9123473172829621
-0.16370000000000018,-0.9148937976227193
-0.16470000000000007,-0.9187135181323548
-0.16570000000000018,-0.9206941139521657
-0.16670000000000007,-0.9236650076818825
-0.16770000000000018,-0.9274847281915181
-0.16870000000000007,-0.9307385641812077
-0.16970000000000018,-0.9341338713008838
-0.17070000000000007,-0.9352656403407758
-0.17170000000000019,-0.9388024185904382
-0.17270000000000008,-0.9444612637898985
-0.1737000000000002,-0.9475736286496015
-0.17470000000000008,-0.9528080604591023
-0.1757000000000002,-0.9562033675787782
-0.17670000000000008,-0.9588913190485219
-0.1777000000000002,-0.9629939818181305
-0.17870000000000008,-0.9642672219880091
-0.1797000000000002,-0.9686528270175907
-0.18070000000000008,-0.9736043165671182
-0.1817000000000002,-0.9757263835169159
-0.18270000000000008,-0.9812437575863894
-0.1837000000000002,-0.9795461040265513
-0.1847000000000001,-0.9847805358360522
-0.1857000000000002,-0.9891661408656335
-0.1867000000000001,-0.9945420438051207
-0.1877000000000002,-1.0002008890045808
-0.1887000000000001,-1.0048694362941357
-0.1897000000000002,-1.0113771082735146
-0.1907000000000001,-1.0171774246029612
-0.1917000000000001,-1.0231192120623944
-0.19269999999999998,-1.0280707016119222
-0.1937000000000001,-1.0344369024613147
-0.19469999999999998,-1.039529863140829
-0.1957000000000001,-1.0466034196401541
-0.19669999999999999,-1.0536769761394795
-0.1977000000000001,-1.0584869945590205
-0.1987,-1.0638628974985076
-0.1997000000000001,-1.0682485025280892
-0.2007,-1.074897645637455
-0.2017000000000001,-1.0826785577867126
-0.2027,-1.0890447586361052
-0.2037000000000001,-1.0961183151354303
-0.2047,-1.103899227284688
-0.2057000000000001,-1.1101239570040942
-0.2067,-1.117056042373433
-0.2077000000000001,-1.1248369545226906
-0.2087,-1.1329008089319215
-0.2097000000000001,-1.1413890767311115
-0.2107,-1.146906450800585
-0.2117000000000001,-1.154970305209816
-0.2127,-1.1624682750991004
-0.2137000000000001,-1.1703906583783448
-0.2147,-1.1807180508673596
-0.2157000000000001,-1.189772203186496
-0.2167,-1.1927430969162125
-0.21770000000000012,-1.201655778105362
-0.2187,-1.211134343814458
-0.21970000000000012,-1.2214617363034728
-0.2207,-1.2305158886226089
-0.22170000000000012,-1.2402773965916778
-0.2227,-1.24989743343076
-0.22370000000000012,-1.2609321815697072
-0.2247,-1.2712595740587218
-0.22570000000000012,-1.2837090334975343
-0.2267,-1.296299964066333
-0.22770000000000012,-1.3063444142953748
-0.22870000000000001,-1.3166718067843897
-0.22970000000000013,-1.3286968528332426
-0.23070000000000002,-1.3431269080918657
-0.23170000000000013,-1.3537372428408536
-0.23270000000000002,-1.3633572796799358
-0.23370000000000013,-1.378353219458505
-0.23470000000000002,-1.3919344479372096
-0.23570000000000013,-1.405232734155941
-0.23670000000000002,-1.420370145064497
-0.2376999999999999,-1.433102546763282
-0.23870000000000002,-1.4486643710617975
-0.2396999999999999,-1.462811484060448
-0.24070000000000003,-1.4755438857592333
-0.24169999999999991,-1.4911057100577487
-0.24270000000000003,-1.505252823056399
-0.24369999999999992,-1.5193999360550492
-0.24470000000000003,-1.5363764716534298
-0.24569999999999992,-1.5533530072518102
-0.24670000000000003,-1.5759883880496508
-0.24769999999999992,-1.5901355010483011
-0.24870000000000003,-1.6071120366466816
-0.24969999999999992,-1.6226738609451972
-0.25070000000000003,-1.6368209739438475
-0.2516999999999999,-1.656626932141958
-0.25270000000000004,-1.6750181790402037
-0.2536999999999999,-1.6919947146385839
-0.25470000000000004,-1.7103859615368293
-0.2556999999999999,-1.72736249713521
-0.25670000000000004,-1.7443390327335901
-0.25769999999999993,-1.7584861457322407
-0.25870000000000004,-1.778292103930351
-0.25969999999999993,-1.7995127734283267
-0.26070000000000004,-1.8207334429263025
-0.26169999999999993,-1.8433688237241426
-0.26270000000000004,-1.8645894932221183
-0.26369999999999993,-1.884395451420229
-0.26470000000000005,-1.9056161209182045
-0.26569999999999994,-1.9282515017160449
-0.26670000000000005,-1.9537163051136157
-0.26769999999999994,-1.9763516859114565
-0.26870000000000005,-2.0004017780091616
-0.26969999999999994,-2.0244518701068674
-0.27070000000000005,-2.048501962204573
-0.27169999999999994,-2.072552054302279
-0.27270000000000005,-2.0994315689997145
-0.27369999999999994,-2.127725794997015
-0.27470000000000006,-2.151775887094721
-0.27569999999999995,-2.174411267892561
-0.27670000000000006,-2.202705493889862
-0.27769999999999995,-2.229585008587298
-0.27870000000000006,-2.257879234584599
-0.27969999999999995,-2.286173460581899
-0.28070000000000006,-2.310223552679605
-0.28169999999999995,-2.3385177786769056
-0.28270000000000006,-2.3653972933743415
-0.28369999999999995,-2.396520941971372
-0.28470000000000006,-2.426229879268538
-0.28569999999999995,-2.4559388165657037
-0.28670000000000007,-2.4884771764625997
-0.28769999999999996,-2.5196008250596305
-0.28870000000000007,-2.5478950510569307
-0.28969999999999996,-2.576189277054232
-0.29070000000000007,-2.6073129256512626
-0.29169999999999996,-2.6356071516485633
-0.29270000000000007,-2.663901377645864
-0.29369999999999996,-2.69361031494303
-0.2947000000000001,-2.730392808739521
-0.29569999999999996,-2.7601017460366863
-0.2967000000000001,-2.794054817233447
-0.29769999999999996,-2.8322520223298033
-0.2987000000000001,-2.8690345161262942
-0.29969999999999997,-2.9058170099227856
-0.3007000000000001,-2.941184792419411
-0.30169999999999997,-2.9793819975157674
-0.3027000000000001,-3.0204086252118536
-0.30369999999999997,-3.0571911190083445
-0.3047000000000001,-3.0953883241047
-0.30569999999999997,-3.135000240500921
-0.3067000000000001,-3.174612156897142
-0.3077,-3.2184682071929585
-0.3087000000000001,-3.2552507009894494
-0.3097,-3.2920331947859403
-0.3107000000000001,-3.335889245081757
-0.3117,-3.3769158727778423
-0.3127000000000001,-3.4207719230736586
-0.3137,-3.4646279733694745
-0.3147000000000001,-3.507069312365426
-0.3157,-3.553754785260972
-0.3167000000000001,-3.5961961242569234
-0.3177,-3.644296308452334
-0.3187000000000001,-3.688152358748151
-0.3197,-3.7320084090439667
-0.3207000000000001,-3.7772791706396474
-0.3217,-3.822549932235329
-0.3227000000000001,-3.8720648277306053
-0.3237,-3.922994434525747
-0.3247000000000001,-3.9668504848215624
-0.3257,-4.013535957717109
-0.3267000000000001,-4.065880275812115
-0.3277,-4.109736326107932
-0.3287000000000001,-4.160665932903073
-0.3297,-4.215839673597809
-0.3307000000000001,-4.266769280392952
-0.3317,-4.317698887188092
-0.3327000000000001,-4.370043205283098
-0.3337,-4.42380223467797
-0.3347000000000001,-4.483220109272302
-0.3357,-4.5369791386671725
-0.3367000000000001,-4.586494034162449
-0.3377,-4.640253063557321
-0.3387000000000001,-4.692597381652327
-0.3397,-4.750600544946793
-0.3407000000000001,-4.802944863041799
-0.3417,-4.862362737636131
-0.3427000000000001,-4.921780612230462
-0.3437,-4.979783775524929
-0.3447000000000001,-5.037786938819395
-0.3457,-5.092960679514132
-0.3467000000000001,-5.156622688008059
-0.3477,-5.223114119101715
-0.3487000000000001,-5.285361416295777
-0.3497,-5.339120445690648
-0.3507000000000001,-5.39287947508552
-0.3517,-5.459370906179177
-0.3527000000000001,-5.524447625972968
-0.3537,-5.5838655005673
-0.3547000000000001,-5.646112797761361
-0.3557,-5.712604228855018
-0.35670000000000013,-5.772022103449349
-0.3577,-5.834269400643411
-0.35870000000000013,-5.8951019865376075
-0.3597,-5.957349283731669
-0.36070000000000013,-6.019596580925731
-0.3617,-6.093161568518712
-0.3626999999999999,-6.155408865712774
-0.3637,-6.220485585506567
-0.3646999999999999,-6.282732882700628
-0.3657,-6.3534684476938805
-0.3666999999999999,-6.427033435286861
-0.3677,-6.4793777533818675
-0.3686999999999999,-6.516160247178359
-0.36970000000000003,-6.593969368670936
-0.3706999999999999,-6.673193201463377
-0.37170000000000003,-6.735440498657439
-0.3726999999999999,-6.814664331449882
-0.37370000000000003,-6.889644030342729
-0.3746999999999999,-6.953306038836654
-0.37570000000000003,-7.025456315129772
-0.3766999999999999,-7.103265436622349
-0.37770000000000004,-7.185318692014522
-0.3786999999999999,-7.260298390907368
-0.37970000000000004,-7.33952222369981
-0.3806999999999999,-7.4229901903918485
-0.38170000000000004,-7.512117002283345
-0.38269999999999993,-7.623879194972683
-0.38370000000000004,-7.7186648520636405
-0.38469999999999993,-7.8106210865548675
-0.38570000000000004,-7.892674341947039
-0.38669999999999993,-7.961995195640427
-0.38770000000000004,-8.029901338033948
-0.38869999999999993,-8.14873708722261
-0.38970000000000005,-8.230790342614783
-0.39069999999999994,-8.322746577106011
-0.39170000000000005,-8.397726275998858
-0.39269999999999994,-8.489682510490084
-0.39370000000000005,-8.592956435380232
-0.39469999999999994,-8.68491266987146
-0.39570000000000005,-8.772624770463093
-0.39669999999999994,-8.878728117952969
-0.39770000000000005,-8.959366662045278
-0.39869999999999994,-9.04707876263691
-0.39970000000000006,-9.144693842327596
-0.40069999999999995,-9.239479499418556
-0.40170000000000006,-9.332850445209647
-0.40269999999999995,-9.427636102300605
-0.40370000000000006,-9.529495315890887
-0.40469999999999995,-9.61154857128306
-0.40570000000000006,-9.709163650973746
-0.40669999999999995,-9.818096421063354
-0.40770000000000006,-9.904393810355122
-0.40869999999999995,-10.01615600304446
-0.40970000000000006,-10.118015216634742
-0.41069999999999995,-10.20148318332678
-0.41170000000000007,-10.284951150018816
-0.41269999999999996,-10.367004405410988
-0.41370000000000007,-10.451887083402891
-0.41469999999999996,-10.556575719592905
-0.41570000000000007,-10.669752623582108
-0.41669999999999996,-10.773026548472256
-0.41770000000000007,-10.884788741161593
-0.41869999999999996,-11.003624490350255
-0.4197000000000001,-11.094166013541617
-0.42069999999999996,-11.21017234013055
-0.4217000000000001,-11.341740491018
-0.42269999999999996,-11.443599704608282
-0.4237000000000001,-11.534141227799646
-0.42469999999999997,-11.644488709189117
-0.4257000000000001,-11.7463479227794
-0.42669999999999997,-11.859524826768602
-0.4277000000000001,-11.958554617759154
-0.42869999999999997,-12.071731521748358
-0.4297000000000001,-12.177834869238236
-0.43069999999999997,-12.300914752326493
-0.4317000000000001,-12.422579924114888
-0.4327,-12.517365581205844
-0.4337000000000001,-12.651763154693022
-0.4347,-12.75503707958317
-0.4357000000000001,-12.86114042707305
-0.4367,-12.929046569466571
-0.4377000000000001,-13.06061472035402
-0.4387,-13.186524026042006
-0.4397000000000001,-13.29121266223202
-0.4407,-13.415707256620143
-0.4417000000000001,-13.518981181510291
-0.4427,-13.657622888897064
-0.4437000000000001,-13.767970370286537
-0.4447,-13.891050253374795
-0.4457000000000001,-14.019788981662511
-0.4467,-14.118818772653066
-0.4477000000000001,-14.231995676642269
-0.4487,-14.288584128636872
-0.4497000000000001,-14.359319693630123
-0.4507,-14.500790823616628
-0.4517000000000001,-14.62811484060448
-0.4527,-14.741291744593681
-0.4537000000000001,-14.868615761581536
-0.4547,-14.967645552572087
-0.4557000000000001,-15.10911668255859
-0.4567,-15.250587812545096
-0.4577000000000001,-15.406206055530248
-0.4587,-15.533530072518102
-0.4597000000000001,-15.660854089505953
-0.4607,-15.77403099349516
-0.4617000000000001,-15.929649236480316
-0.4627,-16.014531914472215
-0.4637000000000001,-16.15600304445872
-0.4647,-16.311621287443874
-0.4657000000000001,-16.382356852437127
-0.4667,-16.495533756426326
-0.4677000000000001,-16.637004886412832
-0.4687,-16.792623129397985
-0.4697000000000001,-16.90580003338719
-0.4707,-17.03312405037504
-0.4717000000000001,-17.160448067362896
-0.4727,-17.2736249713521
-0.4737000000000001,-17.4433903273359
-0.4747,-17.556567231325104
-0.4757000000000001,-17.71218547431026
-0.4767,-17.839509491298113
-0.4777000000000001,-17.966833508285966
-0.4787,-18.06586329927652
-0.4797000000000001,-18.207334429263025
-0.4807,-18.334658446250877
-0.48170000000000013,-18.518570915233333
-0.4827,-18.688336271217132
-0.48370000000000013,-18.872248740199588
-0.4847,-19.01371987018609
-0.48570000000000013,-19.169338113171246
-0.4867,-19.2400736781645
-0.4876999999999999,-19.381544808151002
-0.4887,-19.49472171214021
-0.4896999999999999,-19.65033995512536
-0.4907,-19.805958198110513
-0.4916999999999999,-19.93328221509837
-0.4927,-20.088900458083522
-0.4936999999999999,-20.25866581406732
-0.49470000000000003,-20.38598983105518
-0.4956999999999999,-20.52746096104168
-0.49670000000000003,-20.683079204026836
-0.4976999999999999,-20.86699167300929
-0.49870000000000003,-21.036757028993097
-0.4996999999999999,-21.19237527197825
-0.5007,-21.319699288966106
-0.5016999999999999,-21.503611757948562
-0.5027,-21.67337711393236
-0.5036999999999999,-21.814848243918867
-0.5047,-21.94217226090672
-0.5056999999999999,-22.126084729889175
-0.5067,-22.267555859875678
-0.5076999999999999,-22.437321215859484
-0.5087,-22.578792345845983
-0.5096999999999999,-22.776851927827092
-0.5107,-22.946617283810895
-0.5116999999999999,-23.13052975279335
-0.5127,-23.257853769781203
-0.5136999999999999,-23.41347201276636
-0.5147,-23.61153159474746
-0.5156999999999999,-23.781296950731264
-0.5167,-23.93691519371642
-0.5176999999999999,-24.092533436701576
-0.5187,-24.27644590568403
-0.5196999999999999,-24.460358374666487
-0.5207,-24.587682391654337
-0.5216999999999999,-24.729153521640843
-0.5227,-24.870624651627345
-0.5236999999999999,-25.054537120609798
-0.5247,-25.210155363594954
-0.5257,-25.42236205857471
-0.5267000000000001,-25.662862979551768
-0.5277,-25.846775448534224
-0.5287000000000001,-26.030687917516673
-0.5297,-26.129717708507226
-0.5307000000000001,-26.242894612496432
-0.5317,-26.398512855481584
-0.5327000000000001,-26.59657243746269
-0.5337,-26.837073358439746
-0.5347000000000001,-27.035132940420848
-0.5357,-27.162456957408708
-0.5367000000000001,-27.36051653938981
-0.5377,-27.516134782374962
-0.5387000000000001,-27.700047251357418
-0.5397,-27.869812607341224
-0.5407000000000001,-28.039577963325023
-0.5417,-28.280078884302082
-0.5427000000000001,-28.506432692280487
-0.5437,-28.56302114427509
-0.5447000000000001,-28.548874031276437
-0.5457,-28.8176691782508
-0.5467000000000001,-28.831816291249446
-0.5477,-28.8742576302454
-0.5487000000000001,-29.114758551222454
-0.5497,-29.38355369819681
-0.5507000000000001,-29.581613280177915
-0.5517,-29.652348845171172
-0.5527000000000001,-29.779672862159025
-0.5537,-29.96358533114148
-0.5547000000000001,-30.04846800913338
-0.5557,-30.288968930110435
-0.5567000000000001,-30.45873428609424
-0.5577,-30.614352529079397
-0.5587000000000001,-30.854853450056453
-0.5597,-30.91144190205105
-0.5607000000000001,-31.052913032037555
-0.5617,-31.27926684001596
-0.5627000000000001,-31.434885083001117
-0.5637,-31.64709177798087
-0.5647000000000001,-31.689533116976815
-0.5657,-31.85929847296063
-0.5667000000000001,-32.01491671594578
-0.5677,-32.22712341092554
-0.5687000000000001,-32.39688876690934
-0.5697,-32.58080123589179
-0.5707000000000001,-33.09009730384321
-0.5717,-33.316451111821614
-0.5727000000000001,-33.38718667681487
-0.5737,-33.51451069380272
-0.5747000000000001,-33.61354048479327
-0.5757,-33.64183471079057
-0.5767000000000001,-33.755011614779775
-0.5777,-33.85404140577033
-0.5787000000000001,-34.09454232674739
-0.5797,-34.32089613472579
-0.5807000000000001,-34.5472499427042
-0.5817,-34.6887210726907
-0.5827000000000001,-34.87263354167316
-0.5837,-34.90092776767045
-0.5847000000000001,-35.098987349651566
-0.5857,-35.240458479638065
-0.5867000000000001,-35.02825178465831
-0.5857,-34.787750863681254
-0.5847000000000001,-34.36333747372174
-0.5837,-33.99551253575683
-0.5827000000000001,-33.726717388782475
-0.5817,-33.44377512880947
-0.5807000000000001,-33.17497998183511
-0.5797,-32.9486261738567
-0.5787000000000001,-32.6373896878864
-0.5777,-32.439330105905285
-0.5767000000000001,-32.283711862920136
-0.5757,-32.05735805494172
-0.5747000000000001,-31.84515135996197
-0.5737,-31.56220909998897
-0.5727000000000001,-31.335855292010564
-0.5717,-30.99632458004295
-0.5707000000000001,-30.727529433068593
-0.5697,-30.699235207071297
-0.5687000000000001,-30.402145834099635
-0.5677,-30.161644913122586
-0.5667000000000001,-29.906996879146874
-0.5657,-29.59576039317657
-0.5647000000000001,-29.411847924194117
-0.5637,-29.157199890218404
-0.5627000000000001,-28.959140308237306
-0.5617,-28.676198048264297
-0.5607000000000001,-28.435697127287238
-0.5597,-28.11031352831828
-0.5587000000000001,-27.827371268345274
-0.5577,-27.601017460366865
-0.5567000000000001,-27.473693443379013
-0.5557,-27.247339635400607
-0.5547000000000001,-27.0209858274222
-0.5537,-26.65316088945729
-0.5527000000000001,-26.370218629484285
-0.5517,-26.29948306449103
-0.5507000000000001,-26.11557059550858
-0.5497,-25.351626493581456
-0.5487000000000001,-25.06868423360845
-0.5477,-24.814036199632742
-0.5467000000000001,-24.61597661765164
-0.5457,-24.460358374666487
-0.5447000000000001,-24.27644590568403
-0.5437,-24.106680549700226
-0.5427000000000001,-23.88032674172182
-0.5417,-23.696414272739364
-0.5407000000000001,-23.45591335176231
-0.5397,-23.187118204787954
-0.5387000000000001,-23.059794187800097
-0.5377,-22.861734605818995
-0.5367000000000001,-22.607086571843286
-0.5357,-22.38073276386488
-0.5347000000000001,-22.253408746877028
-0.5337,-22.069496277894572
-0.5327000000000001,-21.814848243918867
-0.5317,-21.701671339929664
-0.5307000000000001,-21.54605309694451
-0.5297,-21.333846401964752
-0.5287000000000001,-21.22066949797555
-0.5277,-21.079198367989047
-0.5267000000000001,-20.86699167300929
-0.5257,-20.76796188201874
-0.5247,-20.569902300037633
-0.5236999999999999,-20.400136944053827
-0.5227,-20.329401379060574
-0.5216999999999999,-20.159636023076775
-0.5207,-20.00401778009162
-0.5196999999999999,-19.834252424107817
-0.5187,-19.664487068124007
-0.5176999999999999,-19.49472171214021
-0.5167,-19.31080924315775
-0.5156999999999999,-19.169338113171246
-0.5147,-19.070308322180697
-0.5136999999999999,-18.94298430519284
-0.5127,-18.77321894920904
-0.5116999999999999,-18.306364220253574
-0.5107,-18.08001041227517
-0.5096999999999999,-17.995127734283265
-0.5087,-17.839509491298113
-0.5076999999999999,-17.627302796318357
-0.5067,-17.627302796318357
-0.5056999999999999,-17.45753744033455
-0.5047,-17.2736249713521
-0.5036999999999999,-17.061418276372343
-0.5027,-16.93409425938449
-0.5016999999999999,-16.877505807389888
-0.5007,-16.721887564404735
-0.4996999999999999,-16.60871066041553
-0.49870000000000003,-16.50968086942498
-0.4976999999999999,-16.438945304431726
-0.49670000000000003,-16.21259149645332
-0.4956999999999999,-16.071120366466815
-0.49470000000000003,-15.689148315503255
-0.4936999999999999,-15.533530072518102
-0.4927,-15.3920589425316
-0.4916999999999999,-15.335470490536997
-0.4907,-15.250587812545096
-0.4896999999999999,-15.222293586547794
-0.4887,-15.137410908555893
-0.4876999999999999,-15.094969569559943
-0.4867,-14.826174422585586
-0.48570000000000013,-14.684703292599082
-0.4847,-14.61396772760583
-0.48370000000000013,-14.472496597619326
-0.4827,-14.316878354634172
-0.48170000000000013,-14.175407224647667
-0.4807,-14.041009651160486
-0.4797000000000001,-13.905197366373446
-0.4787,-13.824558822281137
-0.4777000000000001,-13.736846721689506
-0.4767,-13.633572796799358
-0.4757000000000001,-13.569910788305432
-0.4747,-13.49351637811272
-0.4737000000000001,-13.332239289928106
-0.4727,-13.179450469542681
-0.4717000000000001,-13.087494235051453
-0.4707,-12.938949548565626
-0.4697000000000001,-12.709766317987489
-0.4687,-12.265546969829868
-0.4677000000000001,-12.245741011631758
-0.4667,-12.200470250036076
-0.4657000000000001,-12.091537479946469
-0.4647,-11.989678266356185
-0.4637000000000001,-11.903380877064418
-0.4627,-11.87791607366685
-0.4617000000000001,-11.715224274182368
-0.4607,-11.611950349292222
-0.4597000000000001,-11.538385361699238
-0.4587,-11.447843838507877
-0.4577000000000001,-11.345984624917593
-0.4567,-11.268175503425017
-0.4557000000000001,-11.21583118533001
-0.4547,-11.140851486437164
-0.4537000000000001,-11.082848323142695
-0.4527,-10.975330264352955
-0.4517000000000001,-10.831029711766721
-0.4507,-10.490084288499247
-0.4497000000000001,-10.231192120623945
-0.4487,-10.167530112130018
-0.4477000000000001,-10.051523785541084
-0.4467,-9.928443902452829
-0.4457000000000001,-9.866196605258766
-0.4447,-9.747360856070104
-0.4437000000000001,-9.683698847576176
-0.4427,-9.600230880884139
-0.4417000000000001,-9.570521943586973
-0.4407,-9.489883399494666
-0.4397000000000001,-9.436124370099794
-0.4387,-9.330021022609918
-0.4377000000000001,-9.175817490924628
-0.4367,-9.123473172829621
-0.4357000000000001,-9.05839645303583
-0.4347,-8.929657724748111
-0.4337000000000001,-8.875898695353241
-0.4327,-8.798089573860663
-0.4317000000000001,-8.723109874967816
-0.43069999999999997,-8.63398306307632
-0.4297000000000001,-8.594371146680096
-0.42869999999999997,-8.551929807684147
-0.4277000000000001,-8.444411748894403
-0.42669999999999997,-8.35669964830277
-0.4257000000000001,-8.239278610413974
-0.42469999999999997,-8.154395932422071
-0.4237000000000001,-8.069513254430168
-0.42269999999999996,-8.01433951373543
-0.4217000000000001,-7.977557019938943
-0.42069999999999996,-7.89550376454677
-0.4197000000000001,-7.827597622153248
-0.41869999999999996,-7.722908985963235
-0.41770000000000007,-7.611146793273897
-0.41669999999999996,-7.53616709438105
-0.41570000000000007,-7.4824080649861795
-0.41469999999999996,-7.418746056492251
-0.41370000000000007,-7.386207696595355
-0.41269999999999996,-7.329619244600755
-0.41170000000000007,-7.264542524806962
-0.41069999999999995,-7.183903980714656
-0.40970000000000006,-7.063653520226129
-0.40869999999999995,-7.019797469930312
-0.40770000000000006,-6.949061904937061
-0.40669999999999995,-6.876911628643944
-0.40570000000000006,-6.834470289647991
-0.40469999999999995,-6.685925603162163
-0.40370000000000006,-6.627922439867697
-0.40269999999999995,-6.598213502570531
-0.40170000000000006,-6.527477937577279
-0.40069999999999995,-6.444009970885243
-0.39970000000000006,-6.381762673691181
-0.39869999999999994,-6.322344799096849
-0.39770000000000005,-6.258682790602922
-0.39669999999999994,-6.220485585506567
-0.39570000000000005,-6.15682357701264
-0.39469999999999994,-6.108723392817228
-0.39370000000000005,-6.018181869625866
-0.39269999999999994,-5.917737367335448
-0.39170000000000005,-5.8682224718401725
-0.39069999999999994,-5.824366421544356
-0.38970000000000005,-5.7706073921494845
-0.38869999999999993,-5.699871827156233
-0.38770000000000004,-5.640453952561901
-0.38669999999999993,-5.576791944067974
-0.38570000000000004,-5.440979659280932
-0.38469999999999993,-5.373073516887409
-0.38370000000000004,-5.313655642293078
-0.38269999999999993,-5.252823056398881
-0.38170000000000004,-5.18774633660509
-0.3806999999999999,-5.131157884610488
-0.37970000000000004,-5.068910587416426
-0.3786999999999999,-5.0292986710202054
-0.37770000000000004,-4.98827204332412
-0.3766999999999999,-4.955733683427223
-0.37570000000000003,-4.879339273234511
-0.3746999999999999,-4.814262553440719
-0.37370000000000003,-4.771821214444769
-0.3726999999999999,-4.726550452849088
-0.37170000000000003,-4.667132578254756
-0.3706999999999999,-4.6091294149602895
-0.36970000000000003,-4.565273364664473
-0.3686999999999999,-4.524246736968387
-0.3677,-4.4846348205721664
-0.3666999999999999,-4.420972812078239
-0.3657,-4.348822535785122
-0.3646999999999999,-4.303551774189442
-0.3637,-4.265354569093086
-0.3626999999999999,-4.215839673597809
-0.3617,-4.159251221603208
-0.36070000000000013,-4.125298150406447
-0.3597,-4.08710094531009
-0.35870000000000013,-4.03900076111468
-0.3577,-3.9767534639206183
-0.35670000000000013,-3.922994434525747
-0.3557,-3.8805530955297955
-0.3547000000000001,-3.8296234887346547
-0.3537,-3.765961480240728
-0.3527000000000001,-3.695225915247476
-0.3517,-3.647125731052064
-0.3507000000000001,-3.6032696807562488
-0.3497,-3.591951990357328
-0.3487000000000001,-3.532534115762996
-0.3477,-3.4773603750682605
-0.3467000000000001,-3.432089613472579
-0.3457,-3.392477697076358
-0.3447000000000001,-3.3245715546828363
-0.3437,-3.2906184834860754
-0.3427000000000001,-3.2411035879907995
-0.3417,-3.1760268681970074
-0.3407000000000001,-3.135000240500921
-0.3397,-3.1052913032037557
-0.3387000000000001,-3.069923520707129
-0.3377,-3.010505646112798
-0.3367000000000001,-2.9510877715184667
-0.3357,-2.9058170099227856
-0.3347000000000001,-2.874693361325755
-0.3337,-2.8350814449295334
-0.3327000000000001,-2.794054817233447
-0.3317,-2.7487840556377665
-0.3307000000000001,-2.7049280053419507
-0.3297,-2.6681455115454593
-0.3287000000000001,-2.6200453273500477
-0.3277,-2.583262833553557
-0.3267000000000001,-2.536577360658011
-0.3257,-2.4842330425630044
-0.3247000000000001,-2.4417917035670533
-0.3237,-2.4007650758709675
-0.3227000000000001,-2.362567870774611
-0.3217,-2.32861479957785
-0.3207000000000001,-2.2748557701829792
-0.3197,-2.1673377113932366
-0.3187000000000001,-2.10367570289931
-0.3177,-2.0584049413036287
-0.3167000000000001,-2.023037158807002
-0.3157,-1.993328221509837
-0.3147000000000001,-1.972107552011861
-0.3137,-1.9395691921149654
-0.3127000000000001,-1.894298430519284
-0.3117,-1.8589306480226582
-0.3107000000000001,-1.8320511333252225
-0.3097,-1.8009274847281918
-0.3087000000000001,-1.769803836131161
-0.3077,-1.7358507649344
-0.3067000000000001,-1.7061418276372344
-0.30569999999999997,-1.6806770242396636
-0.3047000000000001,-1.656626932141958
-0.30369999999999997,-1.6354062626439825
-0.3027000000000001,-1.6042826140469515
-0.30169999999999997,-1.5547677185516753
-0.3007000000000001,-1.5193999360550492
-0.29969999999999997,-1.4882762874580184
-0.2987000000000001,-1.462811484060448
-0.29769999999999996,-1.4345172580631471
-0.2967000000000001,-1.420370145064497
-0.29569999999999996,-1.3919344479372096
-0.2947000000000001,-1.3619425683800708
-0.29369999999999996,-1.3272821415333773
-0.29270000000000007,-1.295168195026441
-0.29169999999999996,-1.2571124610600715
-0.29070000000000007,-1.2217446785634458
-0.28969999999999996,-1.20052400906547
-0.28870000000000007,-1.176049503577805
-0.28769999999999996,-1.1466235085406122
-0.28670000000000007,-1.114226619773703
-0.28569999999999995,-1.0853665092564562
-0.28470000000000006,-1.0550916874393443
-0.28369999999999995,-1.019299491552759
-0.28270000000000006,-0.9921370345953502
-0.28169999999999995,-0.9669551734577525
-0.28070000000000006,-0.9450271483098445
-0.27969999999999995,-0.9163085089225843
-0.27870000000000006,-0.8871654561453645
-0.27769999999999995,-0.8566076920682798
-0.27670000000000006,-0.8281719949409925
-0.27569999999999995,-0.8024242492834487
-0.27470000000000006,-0.7659246977469308
-0.27369999999999994,-0.7260298390907369
-0.27270000000000005,-0.6975941419634496
-0.27169999999999994,-0.6738269921257171
-0.27070000000000005,-0.6472304196882542
-0.26969999999999994,-0.620492376120805
-0.26870000000000005,-0.6029499560024787
-0.26769999999999994,-0.5791828061647459
-0.26670000000000005,-0.5493323977375938
-0.26569999999999994,-0.518491691400536
-0.26470000000000005,-0.4948660126927898
-0.26369999999999993,-0.47392828545478727
-0.26270000000000004,-0.45454674064663625
-0.26169999999999993,-0.4321943021087687
-0.26070000000000004,-0.40970039244091466
-0.25969999999999993,-0.3874894250330335
-0.25870000000000004,-0.36909817813478807
-0.25769999999999993,-0.345755441687015
-0.25670000000000004,-0.3256665412289314
-0.2556999999999999,-0.30458734286094236
-0.25470000000000004,-0.2852057980527914
-0.2536999999999999,-0.25974099465522077
-0.25270000000000004,-0.23625678707746112
-0.2516999999999999,-0.2151775887094721
-0.25070000000000003,-0.1973522263311726
-0.24969999999999992,-0.17995127734283267
-0.24870000000000003,-0.1629747417444522
-0.24769999999999992,-0.14472496597619325
-0.24670000000000003,-0.12506047890806923
-0.24569999999999992,-0.10596187635989125
-0.24470000000000003,-0.08778283615662552
-0.24369999999999992,-0.06899547009441785
-0.24270000000000003,-0.051651109558072485
-0.24169999999999991,-0.03350036358080407
-0.24070000000000003,-0.015406206055530251
-0.2396999999999999,0.0015943796349478963
-0.23870000000000002,0.018546865141230634
-0.2376999999999999,0.03548095940061512
-0.23670000000000002,0.05189161047904954
-0.23570000000000013,0.06949061904937061
-0.23470000000000002,0.08501000200889006
-0.23370000000000013,0.10037376672542435
-0.23270000000000002,0.11631756307490332
-0.23170000000000013,0.1318227989214241
-0.23070000000000002,0.1467055617960043
-0.22970000000000013,0.16113561705462764
-0.22870000000000001,0.17754626813306212
-0.22770000000000012,0.1922592656516585
-0.2267,0.2065478497802954
-0.22570000000000012,0.22140231842887825
-0.2247,0.23696414272739363
-0.22370000000000012,0.25068684233608446
-0.2227,0.2634192440348699
-0.22170000000000012,0.27841518381343927
-0.2207,0.29284523907206256
-0.21970000000000012,0.30727529433068596
-0.2187,0.32014916715945774
-0.21770000000000012,0.33019361738849956
-0.2167,0.3434919036072309
-0.2157000000000001,0.36216609276544937
-0.2147,0.37390819655432916
-0.2137000000000001,0.386216184863155
-0.2127,0.39965594221187284
-0.2117000000000001,0.4111151037407797
-0.2107,0.42200838074974045
-0.2097000000000001,0.4276672259492006
-0.2087,0.4313454753288497
-0.2077000000000001,0.44393640589764854
-0.2067,0.45652733646644733
-0.2057000000000001,0.4688353247752731
-0.2047,0.48199213986401795
-0.2037000000000001,0.49316835913295176
-0.2027,0.503637222751953
-0.2017000000000001,0.5139646152409678
-0.2007,0.5255652478998613
-0.1997000000000001,0.5337705734390784
-0.1987,0.5429661968882011
-0.1977000000000001,0.5551327140670403
-0.19669999999999999,0.5668748178559202
-0.1957000000000001,0.577768094864881
-0.19469999999999998,0.5847001802342197
-0.1937000000000001,0.5892272563937878
-0.19269999999999998,0.5955934572431805
-0.1917000000000001,0.598281408712924
-0.1907000000000001,0.6086088012019387
-0.1897000000000002,0.6141261752714124
-0.1887000000000001,0.6312441819997794
-0.1877000000000002,0.6408642188388616
-0.1867000000000001,0.6444009970885242
-0.1857000000000002,0.6534551494076605
-0.1847000000000001,0.6623678305968101
-0.1837000000000002,0.671846396305906
-0.18270000000000008,0.6728366942158115
-0.1817000000000002,0.6831640867048262
-0.18070000000000008,0.6851446825246373
-0.1797000000000002,0.692925594673895
-0.17870000000000008,0.7012723913430987
-0.1777000000000002,0.7094777168823159
-0.17670000000000008,0.7189562825914116
-0.1757000000000002,0.7240492432709258
-0.17470000000000008,0.7308398575102779
-0.1737000000000002,0.735649875929819
-0.17270000000000008,0.7448454993789418
-0.17170000000000019,0.7513531713583209
-0.17070000000000007,0.7639441019271197
-0.16970000000000018,0.7748373789360805
-0.16870000000000007,0.7841744735151899
-0.16770000000000018,0.7836085889952439
-0.16670000000000007,0.7892674341947039
-0.16570000000000018,0.7854477136850683
-0.16470000000000007,0.7878527228948389
-0.16370000000000018,0.7949262793941642
-0.16270000000000007,0.8032730760633678
-0.16170000000000018,0.8072342677029899
-0.16070000000000007,0.8056780852731383
-0.15970000000000018,0.8137419396823691
-0.15870000000000006,0.8189763714918699
-0.15770000000000017,0.8225131497415324
-0.15670000000000006,0.8264743413811545
-0.15570000000000017,0.8290208217209115
-0.15470000000000006,0.829162292850898
-0.15370000000000017,0.8359529070902502
-0.15270000000000006,0.8434508769795349
-0.15170000000000017,0.8513732602587791
-0.15070000000000006,0.8617006527477938
-0.14970000000000017,0.8621250661377534
-0.14870000000000005,0.8594371146680098
-0.14770000000000016,0.8573150477182123
-0.14670000000000005,0.8629738929176723
-0.14570000000000016,0.8675009690772405
-0.14470000000000005,0.8737256987966467
-0.14370000000000016,0.868774209247119
-0.14270000000000005,0.8727354008867412
-0.14170000000000016,0.8757062946164578
-0.14070000000000005,0.8809407264259583
-0.13970000000000016,0.8812236686859314
-0.13870000000000005,0.8960781373345142
-0.13770000000000016,0.8950878394246087
-0.13670000000000004,0.8938145992547302
-0.13570000000000015,0.8962196084645007
-0.13470000000000004,0.9017369825339743
-0.13370000000000015,0.9288994394913831
-0.13270000000000004,0.9293238528813426
-0.13170000000000015,0.9331435733909781
-0.13070000000000004,0.9331435733909781
-0.12970000000000015,0.9396512453703574
-0.12870000000000004,0.9475736286496015
-0.12770000000000015,0.9487053976894935
-0.12670000000000003,0.9753019701269563
-0.12570000000000014,0.9662478178078201
-0.12470000000000003,0.9583254345285759
-0.12370000000000014,0.9624280972981845
-0.12270000000000003,0.965398991027901
-0.12170000000000014,0.9758678546469023
-0.12070000000000003,0.9709163650973747
-0.11970000000000014,0.9717651918772936
-0.11870000000000003,0.966530760067793
-0.11770000000000014,0.9704919517074152
-0.11670000000000003,0.9840731801861196
-0.11570000000000014,0.98364876679616
-0.11470000000000002,0.9803949308064704
-0.11370000000000013,0.9779899215966998
-0.11270000000000002,0.9806778730664433
-0.11170000000000013,0.9818096421063355
-0.11070000000000024,0.9853464203559981
-0.10970000000000013,0.9784143349866592
-0.10870000000000024,0.9849220069660385
-0.10770000000000013,0.9832243534062003
-0.10670000000000024,0.9871855450458225
-0.10570000000000013,0.9895905542555933
-0.10470000000000024,1.00670856098396
-0.10370000000000013,1.010103868103636
-0.10270000000000024,1.0638628974985076
-0.10170000000000012,1.1295055018122453
-0.10070000000000023,1.1290810884222857
-0.09970000000000012,1.1227148875728932
-0.09870000000000023,1.1501602867902747
-0.09770000000000012,1.1592144391094112
-0.09670000000000023,1.152140882610086
-0.09570000000000012,1.1440770282008552
-0.09470000000000023,1.113094850733811
-0.09370000000000012,1.1017771603348907
-0.09270000000000023,1.1217245896629875
-0.09170000000000011,1.1225734164429066
-0.09070000000000022,1.117621926893379
-0.08970000000000011,1.0968256707853627
-0.08870000000000022,1.0975330264352956
-0.08770000000000011,1.0966841996553764
-0.08670000000000022,1.1020601025948635
-0.08570000000000011,1.104465111804634
-0.08470000000000022,1.0997965645150796
-0.08370000000000011,1.0955524306154845
-0.08270000000000022,1.0948450749655518
-0.0817000000000001,1.0879129895962132
-0.08070000000000022,1.0938547770556464
-0.0797000000000001,1.0920156523658218
-0.07870000000000021,1.0934303636656868
-0.0777000000000001,1.093996248185633
-0.07670000000000021,1.0693802715679812
-0.0757000000000001,1.0590528790789666
-0.07470000000000021,1.0553746296993174
-0.0737000000000001,1.0393883920108424
-0.07270000000000021,1.0367004405410989
-0.0717000000000001,1.0441984104303836
-0.07070000000000021,1.0453301794702756
-0.0697000000000001,1.0477351886800463
-0.0687000000000002,1.0511304957997225
-0.0677000000000001,1.0587699368189936
-0.0667000000000002,1.0604675903788316
-0.06570000000000009,1.0587699368189936
-0.0647000000000002,1.0632970129785617
-0.06370000000000009,1.0696632138279543
-0.0627000000000002,1.074897645637455
-0.06170000000000009,1.077161183717239
-0.0607000000000002,1.0792832506670365
-0.059700000000000086,1.093996248185633
-0.058700000000000196,1.0995136222551065
-0.057700000000000085,1.099089208865147
-0.056700000000000195,1.1036162850247149
-0.05570000000000008,1.1068701210144047
-0.05470000000000019,1.114792504293649
-0.05370000000000008,1.1320519821520023
-0.05270000000000019,1.1409646633411519
-0.05170000000000008,1.1522823537400724
-0.05070000000000019,1.1497358734003151
-0.04970000000000008,1.1435111436809091
-0.04870000000000019,1.1467649796705988
-0.047700000000000076,1.1304957997221508
-0.046700000000000186,1.1268175503425015
-0.045700000000000074,1.1331837511918943
-0.044700000000000184,1.1360131737916246
-0.04370000000000007,1.1436526148108959
-0.04270000000000018,1.1368620005715435
-0.04170000000000007,1.1585070834594786
-0.04070000000000018,1.152989709390005
-0.03970000000000007,1.149452931140342
-0.03870000000000018,1.1470479219305718
-0.03770000000000007,1.150584700180234
-0.03670000000000018,1.15440442068987
-0.035700000000000065,1.1576582566795592
-0.034700000000000175,1.1640244575289522
-0.03370000000000006,1.1678441780385878
-0.03270000000000017,1.175200676797886
-0.03170000000000006,1.1678441780385878
-0.03070000000000017,1.1682685914285473
-0.02970000000000006,1.1722297830681694
-0.02870000000000017,1.1838304157270627
-0.027700000000000058,1.2025046048852812
-0.026700000000000168,1.2129734685042826
-0.025700000000000056,1.2162273044939722
-0.024700000000000166,1.2208958517835267
-0.023700000000000054,1.2105684592945118
-0.022700000000000164,1.1976945864657402
-0.021700000000000053,1.2003825379354838
-0.020700000000000163,1.2058999120049574
-0.01970000000000005,1.2166517178839316
-0.01870000000000016,1.2258473413330544
-0.01770000000000005,1.2428238769314346
-0.01670000000000016,1.2418335790215291
-0.015700000000000047,1.2497559623007732
-0.014700000000000157,1.256122163150166
-0.013700000000000045,1.2630542485195047
-0.012700000000000156,1.2709766317987488
-0.011700000000000044,1.269561920498884
-0.010700000000000154,1.2781916594280607
-0.009700000000000042,1.282152851067683
-0.008700000000000152,1.2875287540071698
-0.00770000000000004,1.3006855690959147
-0.00670000000000015,1.3040808762155907
-0.005700000000000038,1.3110129615849295
-0.0047000000000001485,1.313135028534727
-0.0037000000000000366,1.329121266223202
-0.0027000000000001467,1.3313848043029861
-0.0017000000000000348,1.3412877834020411
-0.000700000000000145,1.3592546169103275
0.00029999999999996696,1.3514737047610696
0.0012999999999998568,1.3661867022796659
0.0022999999999999687,1.377645863808573
0.0032999999999998586,1.3936321014970476
0.0042999999999999705,1.4101842237054685
0.00529999999999986,1.423199567664227
0.006299999999999972,1.4373466806628774
0.007299999999999862,1.4302731241635522
0.008299999999999974,1.4529085049613928
0.009299999999999864,1.4486643710617975
0.010299999999999976,1.471299751859638
0.011299999999999866,1.4967645552572086
0.012299999999999978,1.5349617603535646
0.013299999999999867,1.4147112998650369
0.012299999999999978,1.2641860175593966
0.011299999999999866,1.1658635822187766
0.010299999999999976,1.0627311284586156
0.009299999999999864,0.9977958797948104
0.008299999999999974,0.943753908139966
0.007299999999999862,0.8694815648970515
0.006299999999999972,0.7838915312552168
0.00529999999999986,0.7349425202798866
0.0042999999999999705,0.6898132298141919
0.0032999999999998586,0.6480792464681732
0.0022999999999999687,0.6071940899020738
0.0012999999999998568,0.5646112797761362
0.00029999999999996696,0.5262726035497938
-0.000700000000000145,0.48354832229386957
-0.0017000000000000348,0.447190241887338
-0.0027000000000001467,0.4034756627215085
-0.0037000000000000366,0.3698055337847206
-0.0047000000000001485,0.3426430768273119
-0.005700000000000038,0.3164709177798087
-0.00670000000000015,0.2938355369819681
-0.00770000000000004,0.27204898296404656
-0.008700000000000152,0.25436509171573357
-0.009700000000000042,0.21503611757948557
-0.010700000000000154,0.17853656604296764
-0.011700000000000044,0.1543450028152755
-0.012700000000000156,0.13274236126633637
-0.013700000000000045,0.11014942180749175
-0.014700000000000157,0.09038590494837719
-0.015700000000000047,0.06999991511732201
-0.01670000000000016,0.048284096664393705
-0.01770000000000005,0.024884771764625994
-0.01870000000000016,0.004497367222270952
-0.01970000000000005,-0.014500790823616624
-0.020700000000000163,-0.030939736128048352
-0.021700000000000053,-0.04578005766363259
-0.022700000000000164,-0.06192191359509265
-0.023700000000000054,-0.0767339409046796
-0.024700000000000166,-0.09117814327630162
-0.025700000000000056,-0.10505646112797762
-0.026700000000000168,-0.11834060023371032
-0.027700000000000058,-0.13197841716440925
-0.02870000000000017,-0.14430055258623375
-0.02970000000000006,-0.15476941620523502
-0.03070000000000017,-0.16537975095422278
-0.03170000000000006,-0.17924392169290015
-0.03270000000000017,-0.19141043887173945
-0.03370000000000006,-0.2007475334508487
-0.034700000000000175,-0.21149933932982298
-0.035700000000000065,-0.22083643390893223
-0.03670000000000018,-0.2228170297287433
-0.03770000000000007,-0.23229559543783898
-0.03870000000000018,-0.24785741973635445
-0.03970000000000007,-0.2586092256153287
-0.04070000000000018,-0.26723896454450546
-0.04170000000000007,-0.2781322415534663
-0.04270000000000018,-0.2816690198031288
-0.04370000000000007,-0.287893749522535
-0.044700000000000184,-0.2949673060218601
-0.045700000000000074,-0.3034555738210504
-0.046700000000000186,-0.3071338232006995
-0.047700000000000076,-0.31236825501020005
-0.04870000000000019,-0.3194418115095253
-0.04970000000000008,-0.32283711862920134
-0.05070000000000019,-0.3290618483486075
-0.05170000000000008,-0.3359939337179463
-0.05270000000000019,-0.3433504324772444
-0.05370000000000008,-0.3495751621966506
-0.05470000000000019,-0.35763901660588127
-0.05570000000000008,-0.3616002082455034
-0.056700000000000195,-0.3692396492647746
-0.057700000000000085,-0.3744740810742752
-0.058700000000000196,-0.3784352727138973
-0.059700000000000086,-0.384235589043344
-0.0607000000000002,-0.3887626652029121
-0.06170000000000009,-0.39229944345257467
-0.0627000000000002,-0.3917335589326287
-0.06370000000000009,-0.3949873949223182
-0.0647000000000002,-0.40064624012177835
-0.06570000000000009,-0.4080027388810766
-0.0667000000000002,-0.41295422843060425
-0.0677000000000001,-0.4152177665103883
-0.0687000000000002,-0.4190374870200239
-0.0697000000000001,-0.4224327941397
-0.07070000000000021,-0.42625251464933556
-0.0717000000000001,-0.42752575481921407
-0.07270000000000021,-0.43021370628895766
-0.0737000000000001,-0.4329016577587012
-0.07470000000000021,-0.43884344521813434
-0.0757000000000001,-0.44025815651799943
-0.07670000000000021,-0.44308757911772945
-0.0777000000000001,-0.4447852326775675
-0.07870000000000021,-0.4469072996273651
-0.0797000000000001,-0.44931230883713563
-0.08070000000000022,-0.4505855490070142
-0.0817000000000001,-0.4541223272566768
-0.08270000000000022,-0.45681027872642027
-0.08370000000000011,-0.45963970132615045
-0.08470000000000022,-0.4662888444355161
-0.08570000000000011,-0.46657178669548904
-0.08670000000000022,-0.4650156042656376
-0.08770000000000011,-0.46756208460539456
-0.08870000000000022,-0.46897679590525965
-0.08970000000000011,-0.46968415155519216
-0.09070000000000022,-0.4733624009348413
-0.09170000000000011,-0.4804359574341665
-0.09270000000000023,-0.480577428564153
-0.09370000000000012,-0.4845386202037751
-0.09470000000000023,-0.48694362941354563
-0.09570000000000012,-0.4892071674933296
-0.09670000000000023,-0.48368979342385604
-0.09770000000000012,-0.49033893653322164
-0.09870000000000023,-0.48991452314326217
-0.09970000000000012,-0.49741249303254687
-0.10070000000000023,-0.5019395691921149
-0.10170000000000012,-0.5061837030917101
-0.10270000000000024,-0.5037786938819395
-0.10370000000000013,-0.4979783775524929
-0.10470000000000024,-0.49769543529251986
-0.10570000000000013,-0.50335428049198
-0.10670000000000024,-0.5084472411714941
-0.10770000000000013,-0.5156622688008059
-0.10870000000000024,-0.5177843357506035
-0.10970000000000013,-0.520189344960374
-0.11070000000000024,-0.5240090654700096
-0.11170000000000013,-0.5218869985202121
-0.11270000000000002,-0.519623460440428
-0.11370000000000013,-0.520472287220347
-0.11470000000000002,-0.51792580688059
-0.11570000000000014,-0.5221699407801851
-0.11670000000000003,-0.5302337951894158
-0.11770000000000014,-0.5365999960388084
-0.11870000000000003,-0.538439120728633
-0.11970000000000014,-0.539287947508552
-0.12070000000000003,-0.539570889768525
-0.12170000000000014,-0.5368829382987814
-0.12270000000000003,-0.5365999960388084
-0.12370000000000014,-0.5443809081880661
-0.12470000000000003,-0.5453712060979717
-0.12570000000000014,-0.5504641667774858
-0.12670000000000003,-0.5506056379074723
-0.12770000000000015,-0.5498982822575398
-0.12870000000000004,-0.5507471090374588
-0.12970000000000015,-0.5508885801674454
-0.13070000000000004,-0.5547083006770809
-0.13170000000000015,-0.5599427324865814
-0.13270000000000004,-0.5619233283063926
-0.13370000000000015,-0.5619233283063926
-0.13470000000000004,-0.5684310002857718
-0.13570000000000015,-0.5711189517555153
-0.13670000000000004,-0.5712604228855018
-0.13770000000000016,-0.5708360094955423
-0.13870000000000005,-0.576353383565016
-0.13970000000000016,-0.5784754505148135
-0.14070000000000005,-0.579748690684692
-0.14170000000000016,-0.5841342957142737
-0.14270000000000005,-0.5865393049240442
-0.14370000000000016,-0.5878125450939228
-0.14470000000000005,-0.5947446304632614
-0.14570000000000016,-0.5965837551530859
-0.14670000000000005,-0.5888028430038282
-0.14770000000000016,-0.5871051894439903
-0.14870000000000005,-0.5917737367335448
-0.14970000000000017,-0.6035158405224247
-0.15070000000000006,-0.6097405702418307
-0.15170000000000017,-0.6104479258917633
-0.15270000000000006,-0.6112967526716824
-0.15370000000000017,-0.6112967526716824
-0.15470000000000006,-0.6185117803009941
-0.15570000000000017,-0.6186532514309806
-0.15670000000000006,-0.6189361936909535
-0.15770000000000017,-0.6217656162906836
-0.15870000000000006,-0.6227559142005892
-0.15970000000000018,-0.6245950388904137
-0.16070000000000007,-0.6294050573099549
-0.16170000000000018,-0.6312441819997794
-0.16270000000000007,-0.6285562305300357
-0.16370000000000018,-0.6277074037501167
-0.16470000000000007,-0.6299709418299009
-0.16570000000000018,-0.6357712581593474
-0.16670000000000007,-0.6483621887281462
-0.16770000000000018,-0.6490695443780788
-0.16870000000000007,-0.6517574958478223
-0.16970000000000018,-0.6534551494076605
-0.17070000000000007,-0.6523233803677684
-0.17170000000000019,-0.6588310523471476
-0.17270000000000008,-0.6595384079970801
-0.1737000000000002,-0.6642069552866348
-0.17470000000000008,-0.6707146272660139
-0.1757000000000002,-0.6692999159661489
-0.17670000000000008,-0.6736855209957305
-0.1777000000000002,-0.6810420197550288
-0.17870000000000008,-0.6825982021848802
-0.1797000000000002,-0.6865593938245023
-0.18070000000000008,-0.6896717586842054
-0.1817000000000002,-0.693208536933868
-0.18270000000000008,-0.6960379595335981
-0.1837000000000002,-0.6990088532633147
-0.1847000000000001,-0.7018382758630447
-0.1857000000000002,-0.7065068231525994
-0.1867000000000001,-0.7083459478424239
-0.1877000000000002,-0.713438908521938
-0.1887000000000001,-0.713721850781911
-0.1897000000000002,-0.7192392248513847
-0.1907000000000001,-0.7239077721409393
-0.1917000000000001,-0.7332448667200485
-0.19269999999999998,-0.7369231160996975
-0.1937000000000001,-0.7459772684188338
-0.19469999999999998,-0.7447040282489552
-0.1957000000000001,-0.7485237487585908
-0.19669999999999999,-0.7526264115281995
-0.1977000000000001,-0.7551728918679566
-0.1987,-0.7629538040172142
-0.1997000000000001,-0.7721494274663371
-0.2007,-0.774695907806094
-0.2017000000000001,-0.7773838592758376
-0.2027,-0.7833256467352708
-0.2037000000000001,-0.7860135982050144
-0.2047,-0.7899747898446364
-0.2057000000000001,-0.7988874710337862
-0.2067,-0.8049707296232058
-0.2077000000000001,-0.809497805782774
-0.2087,-0.8192593137518428
-0.2097000000000001,-0.8226546208715189
-0.2107,-0.8239278610413974
-0.2117000000000001,-0.8329820133605336
-0.2127,-0.8380749740400478
-0.2137000000000001,-0.8458558861893055
-0.2147,-0.8438752903694944
-0.2157000000000001,-0.847977953139103
-0.2167,-0.8594371146680098
-0.21770000000000012,-0.8721695163667951
-0.2187,-0.8793845439961068
-0.21970000000000012,-0.8815066109459044
-0.2207,-0.8833457356357289
-0.22170000000000012,-0.8899948787450946
-0.2227,-0.8902778210050675
-0.22370000000000012,-0.8994734444541903
-0.2247,-0.9114984905030432
-0.22570000000000012,-0.9287579683613965
-0.2267,-0.9334265156509512
-0.22770000000000012,-0.9417733123201548
-0.22870000000000001,-0.94601744621975
-0.22970000000000013,-0.9474321575196151
-0.23070000000000002,-0.9584669056585623
-0.23170000000000013,-0.965964875547847
-0.23270000000000002,-0.9888831986056607
-0.23370000000000013,-0.9901564387755392
-0.23470000000000002,-0.9994935333546484
-0.23570000000000013,-1.006142676464014
-0.23670000000000002,-1.012084463923447
-0.2376999999999999,-1.014772415393191
-0.23870000000000002,-1.026373048052084
-0.2396999999999999,-1.042925170260505
-0.24070000000000003,-1.0545258029193985
-0.24169999999999991,-1.060609061508818
-0.24270000000000003,-1.074331761117509
-0.24369999999999992,-1.0965427285253897
-0.24470000000000003,-1.099938035645066
-0.24569999999999992,-1.1012112758149446
-0.24670000000000003,-1.1087092457042291
-0.24769999999999992,-1.1225734164429066
-0.24870000000000003,-1.139267009781314
-0.24969999999999992,-1.1503017579202612
-0.25070000000000003,-1.1619023905791546
-0.2516999999999999,-1.1722297830681694
-0.25270000000000004,-1.1817083487772653
-0.2536999999999999,-1.192884568046199
-0.25470000000000004,-1.2067487387848763
-0.2556999999999999,-1.2199055538736212
-0.25670000000000004,-1.2339111957422848
-0.25769999999999993,-1.24098475224161
-0.25870000000000004,-1.2579612878399904
-0.25969999999999993,-1.2730986987485464
-0.26070000000000004,-1.2851237447973993
-0.26169999999999993,-1.3042223473455772
-0.26270000000000004,-1.3153985666145112
-0.26369999999999993,-1.3301115641331076
-0.26470000000000005,-1.3350630536826351
-0.26569999999999994,-1.3483613399013663
-0.26670000000000005,-1.3668940579295987
-0.26769999999999994,-1.3840120646579654
-0.26870000000000005,-1.4056571475459005
-0.26969999999999994,-1.427443701563822
-0.27070000000000005,-1.4373466806628774
-0.27169999999999994,-1.4543232162612578
-0.27270000000000005,-1.4656409066601779
-0.27369999999999994,-1.472714463159503
-0.27470000000000006,-1.4967645552572086
-0.27569999999999995,-1.5151558021554543
-0.27670000000000006,-1.5307176264539697
-0.27769999999999995,-1.55052358465208
-0.27870000000000006,-1.5632559863508655
-0.27969999999999995,-1.583061944548976
-0.28070000000000006,-1.6028679027470865
-0.28169999999999995,-1.6212591496453321
-0.28270000000000006,-1.6495533756426328
-0.28369999999999995,-1.6637004886412832
-0.28470000000000006,-1.6806770242396636
-0.28569999999999995,-1.701897693737639
-0.28670000000000007,-1.7075565389370995
-0.28769999999999996,-1.7231183632356148
-0.28870000000000007,-1.7655597022315657
-0.28969999999999996,-1.7867803717295414
-0.29070000000000007,-1.8122451751271118
-0.29169999999999996,-1.8320511333252225
-0.29270000000000007,-1.8306364220253575
-0.29369999999999996,-1.850442380223468
-0.2947000000000001,-1.8730777610213083
-0.29569999999999996,-1.9056161209182045
-0.2967000000000001,-1.9395691921149654
-0.29769999999999996,-1.967863418112266
-0.2987000000000001,-1.9848399537106465
-0.29969999999999997,-1.9989870667092968
-0.3007000000000001,-2.0216224475071374
-0.30169999999999997,-2.038598983105518
-0.3027000000000001,-2.0668932091028185
-0.30369999999999997,-2.0994315689997145
-0.3047000000000001,-2.1418729079956655
-0.30569999999999997,-2.161678866193776
-0.3067000000000001,-2.197046648690402
-0.3077,-2.1984613599902674
-0.3087000000000001,-2.216852606888512
-0.3097,-2.2451468328858133
-0.3107000000000001,-2.276270481482844
-0.3117,-2.3201265317786604
-0.3127000000000001,-2.3441766238763657
-0.3137,-2.3781296950731265
-0.3147000000000001,-2.4050092097705624
-0.3157,-2.4007650758709675
-0.3167000000000001,-2.4474505487665135
-0.3177,-2.4898918877624645
-0.3187000000000001,-2.5238449589592253
-0.3197,-2.549309762356796
-0.3207000000000001,-2.536577360658011
-0.3217,-2.552139184956526
-0.3227000000000001,-2.5606274527557162
-0.3237,-2.597409946552207
-0.3247000000000001,-2.659657243746269
-0.3257,-2.69643973754276
-0.3267000000000001,-2.745954633038036
-0.3277,-2.794054817233447
-0.3287000000000001,-2.794054817233447
-0.3297,-2.7997136624329078
-0.3307000000000001,-2.8251784658304784
-0.3317,-2.8718639387260247
-0.3327000000000001,-2.919964122921436
-0.3337,-2.9440142150191413
-0.3347000000000001,-2.9935291105144173
-0.3357,-3.0175792026121235
-0.3367000000000001,-3.069923520707129
-0.3377,-3.082655922405915
-0.3387000000000001,-3.1166089936026755
-0.3397,-3.153391487399167
-0.3407000000000001,-3.1915886924955226
-0.3417,-3.207150516794038
-0.3427000000000001,-3.2552507009894494
-0.3437,-3.3019361738849957
-0.3447000000000001,-3.3330598224820265
-0.3457,-3.3726717388782474
-0.3467000000000001,-3.3938924083762227
-0.3477,-3.4434073038714996
-0.3487000000000001,-3.4773603750682605
-0.3497,-3.5311194044631313
-0.3507000000000001,-3.576390166058813
-0.3517,-3.594781412957058
-0.3527000000000001,-3.6329786180534143
-0.3537,-3.681078802248825
-0.3547000000000001,-3.713617162145721
-0.3557,-3.7546437898418072
-0.35670000000000013,-3.7928409949381634
-0.3577,-3.8395264678337093
-0.35870000000000013,-3.8565030034320897
-0.3597,-3.8989443424280408
-0.36070000000000013,-3.958362217022373
-0.3617,-3.979582886520348
-0.3626999999999999,-4.014950669016974
-0.3637,-4.034756627215084
-0.3646999999999999,-4.084271522710361
-0.3657,-4.105492192208336
-0.3666999999999999,-4.160665932903073
-0.3677,-4.205936694498754
-0.3686999999999999,-4.2526221673943
-0.36970000000000003,-4.360140226184043
-0.3706999999999999,-4.364384360083638
-0.37170000000000003,-4.408240410379454
-0.3726999999999999,-4.486049531872031
-0.37370000000000003,-4.480390686672571
-0.3746999999999999,-4.507270201370006
-0.37570000000000003,-4.562443942064744
-0.3766999999999999,-4.603470569760829
-0.37770000000000004,-4.672791423454216
-0.3786999999999999,-4.736453431948143
-0.37970000000000004,-4.802944863041799
-0.3806999999999999,-4.842556779438021
-0.38170000000000004,-4.862362737636131
-0.38269999999999993,-4.926024746130058
-0.38370000000000004,-4.9571483947270885
-0.38469999999999993,-5.0052485789225
-0.38570000000000004,-5.047689917918451
-0.38669999999999993,-5.097204813413727
-0.38770000000000004,-5.141060863709543
-0.38869999999999993,-5.220284696501986
-0.38970000000000005,-5.2188699852021205
-0.39069999999999994,-5.337705734390783
-0.39170000000000005,-5.374488228187275
-0.39269999999999994,-5.42400312368255
-0.39370000000000005,-5.4947386886758025
-0.39469999999999994,-5.523032914673103
-0.39570000000000005,-5.531521182472294
-0.39669999999999994,-5.5739625214682444
-0.39770000000000005,-5.648942220361092
-0.39869999999999994,-5.722507207954074
-0.39970000000000006,-5.80314575204638
-0.40069999999999995,-5.828610555443951
-0.40170000000000006,-5.855490070141387
-0.40269999999999995,-5.926225635134639
-0.40370000000000006,-5.899346120437204
-0.40469999999999995,-6.045061384323302
-0.40570000000000006,-6.098820413718173
-0.40669999999999995,-6.115796949316553
-0.40770000000000006,-6.1511647318131795
-0.40869999999999995,-6.17945895781048
-0.40970000000000006,-6.2360474098050815
-0.41069999999999995,-6.294050573099549
-0.41170000000000007,-6.4199598787875365
-0.41269999999999996,-6.483621887281464
-0.41370000000000007,-6.562845720073906
-0.41469999999999996,-6.599628213870396
-0.41570000000000007,-6.6236783059681015
-0.41669999999999996,-6.659046088464728
-0.41770000000000007,-6.722708096958654
-0.41869999999999996,-6.792028950652041
-0.4197000000000001,-6.903791143341379
-0.42069999999999996,-6.961794306635846
-0.4217000000000001,-7.009894490831256
-0.42269999999999996,-7.039603428128422
-0.4237000000000001,-7.024041603829907
-0.42469999999999997,-7.1145831270212705
-0.4257000000000001,-7.2022952276129
-0.42669999999999997,-7.274445503906019
-0.4277000000000001,-7.348010491499002
-0.42869999999999997,-7.36781644969711
-0.4297000000000001,-7.435722592090633
-0.43069999999999997,-7.507872868383751
-0.4317000000000001,-7.587096701176192
-0.4327,-7.6592469774693095
-0.4337000000000001,-7.708761872964584
-0.4347,-7.779497437957836
-0.4357000000000001,-7.840330023852035
-0.4367,-7.868624249849334
-0.4377000000000001,-7.885600785447715
-0.4387,-7.973312886039348
-0.4397000000000001,-8.066683831830439
-0.4407,-8.145907664622882
-0.4417000000000001,-8.199666694017752
-0.4427,-8.284549372009655
-0.4437000000000001,-8.34538195790385
-0.4447,-8.401970409898452
-0.4457000000000001,-8.491097221789948
-0.4467,-8.575979899781853
-0.4477000000000001,-8.61134768227848
-0.4487,-8.652374309974565
-0.4497000000000001,-8.711792184568896
-0.4507,-8.747159967065523
-0.4517000000000001,-8.87306927275351
-0.4527,-8.956537239445547
-0.4537000000000001,-8.973513775043926
-0.4547,-9.05839645303583
-0.4557000000000001,-9.090934812932726
-0.4567,-9.137620285828271
-0.4577000000000001,-9.178646913524359
-0.4587,-9.267773725415855
-0.4597000000000001,-9.372462361605868
-0.4607,-9.436124370099794
-0.4617000000000001,-9.489883399494666
-0.4627,-9.562033675787783
-0.4637000000000001,-9.622866261681981
-0.4647,-9.714822496173207
-0.4657000000000001,-9.736043165671184
-0.4667,-9.779899215967
-0.4677000000000001,-9.948249860650938
-0.4687,-10.051523785541084
-0.4697000000000001,-10.149138865231773
-0.4707,-10.21845971892516
-0.4717000000000001,-10.260901057921112
-0.4727,-10.292024706518141
-0.4737000000000001,-10.321733643815307
-0.4747,-10.4151045896064
-0.4757000000000001,-10.505646112797763
-0.4767,-10.548087451793712
-0.4777000000000001,-10.644287820184536
-0.4787,-10.683899736580756
-0.4797000000000001,-10.716438096477654
-0.4807,-10.79424721797023
-0.48170000000000013,-10.930059502757274
-0.4827,-11.024845159848232
-0.48370000000000013,-11.132363218637973
-0.4847,-11.217245896629876
-0.48570000000000013,-11.258272524325962
-0.4867,-11.261101946925693
-0.4876999999999999,-11.37569356221476
-0.4887,-11.494529311403422
-0.4896999999999999,-11.53555593909951
-0.4907,-11.60912092669249
-0.4916999999999999,-11.701077161183719
-0.4927,-11.740689077579939
-0.4936999999999999,-11.77181272617697
-0.49470000000000003,-11.859524826768602
-0.4956999999999999,-11.969872308158076
-0.49670000000000003,-12.122661128543498
-0.4976999999999999,-12.240082166432298
-0.49870000000000003,-12.310817731425548
-0.4996999999999999,-12.452288861412054
-0.5007,-12.491900777808274
-0.5016999999999999,-12.504633179507058
-0.5027,-12.549903941102741
-0.5036999999999999,-12.665910267691673
-0.5047,-12.753622368283306
-0.5056999999999999,-12.885190519170754
-0.5067,-12.763525347382362
-0.5076999999999999,-12.871043406172104
-0.5087,-12.9601702180636
-0.5096999999999999,-13.056370586454424
-0.5107,-13.1058854819497
-0.5116999999999999,-13.183694603442278
-0.5127,-13.245941900636339
-0.5136999999999999,-13.335068712527836
-0.5147,-13.460978018215823
-0.5156999999999999,-13.48785753291326
-0.5167,-13.626499240300033
-0.5176999999999999,-13.683087692294635
-0.5187,-13.796264596283837
-0.5196999999999999,-13.879732562975875
-0.5207,-14.014130136463052
-0.5216999999999999,-14.161260111649016
-0.5227,-14.274437015638219
-0.5236999999999999,-14.345172580631472
-0.5247,-14.444202371622024
-0.5257,-14.557379275611227
-0.5267000000000001,-14.67055617960043
-0.5277,-14.783733083589633
-0.5287000000000001,-14.868615761581536
-0.5297,-14.953498439573437
-0.5307000000000001,-14.868615761581536
-0.5317,-14.896909987578834
-0.5327000000000001,-15.05252823056399
-0.5337,-15.137410908555893
-0.5347000000000001,-15.250587812545096
-0.5357,-15.335470490536997
-0.5367000000000001,-15.505235846520803
-0.5377,-15.519382959519453
-0.5387000000000001,-15.689148315503255
-0.5397,-15.70329542850191
-0.5407000000000001,-15.77403099349516
-0.5417,-15.830619445489761
-0.5427000000000001,-15.986237688474914
-0.5437,-16.11356170546277
-0.5447000000000001,-16.184297270456018
-0.5457,-16.25503283544927
-0.5467000000000001,-16.269179948447924
-0.5477,-16.410651078434423
-0.5487000000000001,-16.495533756426326
-0.5497,-16.622857773414182
-0.5507000000000001,-16.665299112410132
-0.5517,-16.835064468393938
-0.5527000000000001,-17.018976937376394
-0.5537,-17.018976937376394
-0.5547000000000001,-17.20288940635885
-0.5557,-17.40094898833995
-0.5567000000000001,-17.514125892329155
-0.5577,-17.4433903273359
-0.5587000000000001,-17.514125892329155
-0.5597,-17.74047970030756
-0.5607000000000001,-17.867803717295413
-0.5617,-17.980980621284615
-0.5627000000000001,-18.10830463827247
-0.5637,-18.292217107254928
-0.5647000000000001,-18.391246898245473
-0.5657,-18.561012254229283
-0.5667000000000001,-18.660042045219836
-0.5677,-18.759071836210385
-0.5687000000000001,-18.900542966196888
-0.5697,-18.985425644188794
-0.5707000000000001,-19.070308322180697
-0.5717,-19.1834852261699
-0.5727000000000001,-19.423986147146955
-0.5737,-19.60789861612941
-0.5747000000000001,-19.69278129412131
-0.5757,-19.721075520118614
-0.5767000000000001,-19.834252424107817
-0.5777,-19.93328221509837
-0.5787000000000001,-19.947429328097016
-0.5797,-20.301107153063278
-0.5807000000000001,-20.42843117005113
-0.5817,-20.48501962204573
-0.5827000000000001,-20.569902300037633
-0.5837,-20.668932091028186
-0.5847000000000001,-20.683079204026836
-0.5857,-20.612343639033586
-0.5867000000000001,-20.541608074040333
-0.5857,-20.34354849205923
-0.5847000000000001,-20.10304757108217
-0.5837,-19.919135102099716
-0.5827000000000001,-19.749369746115914
-0.5817,-19.537163051136158
-0.5807000000000001,-19.367397695152352
-0.5797,-19.2683679041618
-0.5787000000000001,-19.25422079116315
-0.5777,-19.098602548177997
-0.5767000000000001,-18.999572757187444
-0.5757,-18.843954514202288
-0.5747000000000001,-18.617600706223882
-0.5737,-18.40539401124413
-0.5727000000000001,-18.320511333252224
-0.5717,-18.08001041227517
-0.5707000000000001,-17.896097943292716
-0.5697,-17.74047970030756
-0.5687000000000001,-17.683891248312957
-0.5677,-17.542420118326454
-0.5667000000000001,-17.4433903273359
-0.5657,-17.20288940635885
-0.5647000000000001,-17.07556538937099
-0.5637,-16.90580003338719
-0.5627000000000001,-16.764328903400685
-0.5617,-16.70774045140608
-0.5607000000000001,-16.50968086942498
-0.5597,-16.368209739438473
-0.5587000000000001,-16.25503283544927
-0.5577,-16.311621287443874
-0.5567000000000001,-16.25503283544927
-0.5557,-16.11356170546277
-0.5547000000000001,-16.071120366466815
-0.5537,-15.91550212348166
-0.5527000000000001,-15.802325219492458
-0.5517,-15.646706976507305
-0.5507000000000001,-15.4769416205235
-0.5497,-15.363764716534297
-0.5487000000000001,-15.236440699546446
-0.5477,-15.151558021554543
-0.5467000000000001,-15.151558021554543
-0.5457,-15.094969569559943
-0.5447000000000001,-14.967645552572087
-0.5437,-14.826174422585586
-0.5427000000000001,-14.727144631595033
-0.5417,-14.65640906660178
-0.5407000000000001,-14.57152638860988
-0.5397,-14.458349484620674
-0.5387000000000001,-14.401761032626075
-0.5377,-14.345172580631472
-0.5367000000000001,-14.161260111649016
-0.5357,-14.02686253816184
-0.5347000000000001,-13.657622888897064
-0.5337,-13.456733884316229
-0.5327000000000001,-13.346386402926754
-0.5317,-13.185109314742142
-0.5307000000000001,-13.049297029955099
-0.5297,-12.984220310161305
-0.5287000000000001,-12.979976176261713
-0.5277,-12.941778971165355
-0.5267000000000001,-12.892264075670079
-0.5257,-12.756451790883034
-0.5247,-12.69561920498884
-0.5236999999999999,-12.480583087409354
-0.5227,-12.375894451219342
-0.5216999999999999,-12.354673781721367
-0.5207,-12.317891287924875
-0.5196999999999999,-12.279694082828517
-0.5187,-12.124075839843364
-0.5176999999999999,-11.950066349959965
-0.5167,-11.872257228467388
-0.5156999999999999,-11.763324458377781
-0.5147,-11.675612357786147
-0.5136999999999999,-11.65156226568844
-0.5127,-11.577997278095461
-0.5116999999999999,-11.488870466203963
-0.5107,-11.38701125261368
-0.5096999999999999,-11.21017234013055
-0.5087,-11.164901578534868
-0.5076999999999999,-11.116801394339458
-0.5067,-11.022015737248502
-0.5056999999999999,-10.944206615755926
-0.5047,-10.838103268266046
-0.5036999999999999,-10.698046849579406
-0.5027,-10.461790062501947
-0.5016999999999999,-10.409445744406941
-0.5007,-10.311830664716252
-0.4996999999999999,-10.297683551717602
-0.49870000000000003,-10.26373048052084
-0.4976999999999999,-10.19865376072705
-0.49670000000000003,-10.150553576531639
-0.4956999999999999,-10.068500321139467
-0.49470000000000003,-9.977958797948103
-0.4936999999999999,-9.922785057253368
-0.4927,-9.799705174165108
-0.4916999999999999,-9.774240370767538
-0.4907,-9.649745776379415
-0.4896999999999999,-9.638428085980495
-0.4887,-9.545057140189403
-0.4876999999999999,-9.48280984299534
-0.4867,-9.328606311310052
-0.48570000000000013,-9.269188436715721
-0.4847,-9.194208737822873
-0.48370000000000013,-9.107911348531106
-0.4827,-9.040005206137584
-0.48170000000000013,-9.025858093138934
-0.4807,-8.976343197643658
-0.4797000000000001,-8.871654561453646
-0.4787,-8.816480820758908
-0.4777000000000001,-8.691986226370785
-0.4767,-8.61134768227848
-0.4757000000000001,-8.619835950077668
-0.4747,-8.551929807684147
-0.4737000000000001,-8.519391447787251
-0.4727,-8.426020501996158
-0.4717000000000001,-8.281719949409926
-0.4707,-8.206740250517077
-0.4697000000000001,-8.178446024519777
-0.4687,-8.152981221122205
-0.4677000000000001,-8.066683831830439
-0.4667,-7.959165773040696
-0.4657000000000001,-7.884186074147851
-0.4647,-7.892674341947039
-0.4637000000000001,-7.814865220454463
-0.4627,-7.772423881458511
-0.4617000000000001,-7.693200048666069
-0.4607,-7.623879194972683
-0.4597000000000001,-7.550314207379701
-0.4587,-7.555973052579161
-0.4577000000000001,-7.506458157083885
-0.4567,-7.432893169490902
-0.4557000000000001,-7.332448667200485
-0.4547,-7.16268331121668
-0.4537000000000001,-7.033944582928963
-0.4527,-7.049506407227478
-0.4517000000000001,-6.944817771037465
-0.4507,-6.902376432041514
-0.4497000000000001,-6.835885000947857
-0.4487,-6.814664331449882
-0.4477000000000001,-6.756661168155415
-0.4467,-6.671778490163514
-0.4457000000000001,-6.671778490163514
-0.4447,-6.581236966972151
-0.4437000000000001,-6.569919276573231
-0.4427,-6.466645351683083
-0.4417000000000001,-6.438351125685783
-0.4407,-6.388836230190505
-0.4397000000000001,-6.299709418299008
-0.4387,-6.251609234103598
-0.4377000000000001,-6.169555978711425
-0.4367,-6.111552815416958
-0.4357000000000001,-6.056379074722222
-0.4347,-6.011108313126541
-0.4337000000000001,-5.975740530629915
-0.4327,-5.955934572431804
-0.4317000000000001,-5.97149639673032
-0.43069999999999997,-5.838513534543006
-0.4297000000000001,-5.773436814749215
-0.42869999999999997,-5.6984571158563675
-0.4277000000000001,-5.660259910760012
-0.42669999999999997,-5.60367145876541
-0.4257000000000001,-5.534350605072024
-0.42469999999999997,-5.513129935574048
-0.4237000000000001,-5.4551267722795815
-0.42269999999999996,-5.354682269989163
-0.4217000000000001,-5.333461600491188
-0.42069999999999996,-5.201893449603739
-0.4197000000000001,-5.002419156322769
-0.41869999999999996,-4.968466085126009
-0.41770000000000007,-4.868021582835592
-0.41669999999999996,-4.829824377739236
-0.41570000000000007,-4.8383126455384255
-0.41469999999999996,-4.80577428564153
-0.41370000000000007,-4.757674101446118
-0.41269999999999996,-4.6289353731583995
-0.41170000000000007,-4.6020558584609645
-0.41069999999999995,-4.545467406466363
-0.40970000000000006,-4.535564427367307
-0.40869999999999995,-4.534149716067443
-0.40770000000000006,-4.525661448268252
-0.40669999999999995,-4.474731841473111
-0.40570000000000006,-4.406825699079589
-0.40469999999999995,-4.402581565179994
-0.40370000000000006,-4.353066669684718
-0.40269999999999995,-4.282331104691466
-0.40170000000000006,-4.225742652696865
-0.40069999999999995,-4.220083807497405
-0.39970000000000006,-4.1889601589003735
-0.39869999999999994,-4.0588067193127895
-0.39770000000000005,-3.9894858656194034
-0.39669999999999994,-3.9484592379233177
-0.39570000000000005,-3.931482702324937
-0.39469999999999994,-3.922994434525747
-0.39370000000000005,-3.87065011643074
-0.39269999999999994,-3.801329262737354
-0.39170000000000005,-3.744740810742752
-0.39069999999999994,-3.7390819655432916
-0.38970000000000005,-3.7192760073451816
-0.38869999999999993,-3.65702871015112
-0.38770000000000004,-3.6188315050547635
-0.38669999999999993,-3.5679018982596227
-0.38570000000000004,-3.5297046931632665
-0.38469999999999993,-3.508484023665291
-0.38370000000000004,-3.4830192202677206
-0.38269999999999993,-3.4462367264712297
-0.38170000000000004,-3.405210098775143
-0.3806999999999999,-3.3854041405770325
-0.37970000000000004,-3.3274009772825663
-0.3786999999999999,-3.27505665918756
-0.37770000000000004,-3.2312006088917435
-0.3766999999999999,-3.214224073293363
-0.37570000000000003,-3.1859298472960624
-0.3746999999999999,-3.164709177798087
-0.37370000000000003,-3.1463179308998415
-0.3726999999999999,-3.110950148403216
-0.37170000000000003,-3.0642646755076695
-0.3706999999999999,-3.028896893011044
-0.36970000000000003,-2.977967286215902
-0.3686999999999999,-2.9171347003217054
-0.3677,-2.9029875873230555
-0.3666999999999999,-2.877522783925485
-0.3657,-2.8492285579281837
-0.3646999999999999,-2.822349043230748
-0.3637,-2.7997136624329078
-0.3626999999999999,-2.7770782816350668
-0.3617,-2.719075118340601
-0.36070000000000013,-2.700683871442355
-0.3597,-2.648339553347349
-0.35870000000000013,-2.5931658126526123
-0.3577,-2.554968607556256
-0.35670000000000013,-2.545065628457201
-0.3557,-2.532333226758415
-0.3547000000000001,-2.504039000761115
-0.3537,-2.4799889086634095
-0.3527000000000001,-2.426229879268538
-0.3517,-2.385203251572452
-0.3507000000000001,-2.3328589334774454
-0.3497,-2.310223552679605
-0.3487000000000001,-2.30314999618028
-0.3477,-2.2819293266823037
-0.3467000000000001,-2.272026347583249
-0.3457,-2.229585008587298
-0.3447000000000001,-2.184314246991617
-0.3437,-2.148946464494991
-0.3427000000000001,-2.113578681998365
-0.3417,-2.1093345480987695
-0.3407000000000001,-2.076796188201874
-0.3397,-2.0371842718056525
-0.3387000000000001,-2.011719468408082
-0.3377,-1.9537163051136157
-0.3367000000000001,-1.92683679041618
-0.3357,-1.9027866983184742
-0.3347000000000001,-1.8801513175206337
-0.3337,-1.8815660288204987
-0.3327000000000001,-1.8391246898245475
-0.3317,-1.7980980621284617
-0.3307000000000001,-1.7641449909317006
-0.3297,-1.7443390327335901
-0.3287000000000001,-1.7103859615368293
-0.3277,-1.7061418276372344
-0.3267000000000001,-1.6665299112410132
-0.3257,-1.614185593146007
-0.3247000000000001,-1.5887207897484361
-0.3237,-1.5519382959519452
-0.3227000000000001,-1.53920589425316
-0.3217,-1.5307176264539697
-0.3207000000000001,-1.5137410908555893
-0.3197,-1.4925204213576138
-0.3187000000000001,-1.4557379275611226
-0.3177,-1.421784856364362
-0.3167000000000001,-1.3793435173684108
-0.3157,-1.3578399056104622
-0.3147000000000001,-1.3381754185423382
-0.3137,-1.3332239289928105
-0.3127000000000001,-1.3049297029955098
-0.3117,-1.3012514536158606
-0.3107000000000001,-1.2506047890806922
-0.3097,-1.2241496877732163
-0.3087000000000001,-1.1998166534155377
-0.3077,-1.1727956675881153
-0.3067000000000001,-1.1205928206230955
-0.30569999999999997,-0.9245138344618015
-0.3047000000000001,-0.9003222712341092
-0.30369999999999997,-0.8843360335456344
-0.3027000000000001,-0.8666521422973216
-0.30169999999999997,-0.8489682510490086
-0.3007000000000001,-0.828313466070979
-0.29969999999999997,-0.8137419396823691
-0.2987000000000001,-0.7963409906940291
-0.29769999999999996,-0.7802132818755677
-0.2967000000000001,-0.7635196885371602
-0.29569999999999996,-0.7485237487585908
-0.2947000000000001,-0.7273030792606153
-0.29369999999999996,-0.710326543662235
-0.29270000000000007,-0.6941988348437735
-0.29169999999999996,-0.6739684632557035
-0.29070000000000007,-0.6596798791270665
-0.28969999999999996,-0.6452498238684432
-0.28870000000000007,-0.6313856531297658
-0.28769999999999996,-0.61624824222121
-0.28670000000000007,-0.5977155241929779
-0.28569999999999995,-0.5821536998944625
-0.28470000000000006,-0.5708360094955423
-0.28369999999999995,-0.556405954236919
-0.28270000000000006,-0.5436735525381337
-0.28169999999999995,-0.5254237767698746
-0.28070000000000006,-0.5114181349012108
-0.27969999999999995,-0.49613925286266836
-0.27870000000000006,-0.48142625534407196
-0.27769999999999995,-0.46388383522574556
-0.27670000000000006,-0.4521417314368657
-0.27569999999999995,-0.4406825699079589
-0.27470000000000006,-0.42780869707918706
-0.27369999999999994,-0.41323717069057725
-0.27270000000000005,-0.404465960631414
-0.27169999999999994,-0.39229944345257467
-0.27070000000000005,-0.37560585011416725
-0.26969999999999994,-0.3584878433858003
-0.26870000000000005,-0.3505654601065561
-0.26769999999999994,-0.33571099145797323
-0.26670000000000005,-0.31958328263951175
-0.26569999999999994,-0.3047288139909289
-0.26470000000000005,-0.29100611438223806
-0.26369999999999993,-0.27926401059335826
-0.26270000000000004,-0.26780484906445146
-0.26169999999999993,-0.25507244736566614
-0.26070000000000004,-0.2420571034069078
-0.25969999999999993,-0.22946617283810894
-0.25870000000000004,-0.2181484824391887
-0.25769999999999993,-0.20640637865030886
-0.25670000000000004,-0.19268367904161798
-0.2556999999999999,-0.18306364220253574
-0.25470000000000004,-0.17132153841365594
-0.2536999999999999,-0.15929649236480314
-0.25270000000000004,-0.14797880196588284
-0.2516999999999999,-0.1375806739118748
-0.25070000000000003,-0.1274937823438371
-0.24969999999999992,-0.11575167855495731
-0.24870000000000003,-0.10396713342708154
-0.24769999999999992,-0.09383780052004788
-0.24670000000000003,-0.08397726275998857
-0.24569999999999992,-0.07315472131602105
-0.24470000000000003,-0.06230388564605621
-0.24369999999999992,-0.05225943541701446
-0.24270000000000003,-0.042639398577932204
-0.24169999999999991,-0.03219882918492823
-0.24070000000000003,-0.022168526068885124
-0.2396999999999999,-0.01267015440159127
-0.23870000000000002,-0.0031788562907967373
-0.2376999999999999,0.005697042404556503
-0.23670000000000002,0.014628114840604478
-0.23570000000000013,0.02433303435767863
-0.23470000000000002,0.03333059822482026
-0.23370000000000013,0.04228572075296595
-0.23270000000000002,0.05091545968214267
-0.23170000000000013,0.05943202170733019
-0.23070000000000002,0.06844373268747048
-0.22970000000000013,0.0768754120346661
-0.22870000000000001,0.08614177104878207
-0.22770000000000012,0.0942056254580128
-0.2267,0.10236850965823405
-0.22570000000000012,0.10983818532152145
-0.2247,0.11807180508673595
-0.22370000000000012,0.12600833547897883
-0.2227,0.13352045248126215
-0.22170000000000012,0.12865384560972642
-0.2207,0.11896307320565094
-0.21970000000000012,0.12268376392429597
-0.2187,0.12747963523083847
-0.21770000000000012,0.132798949718331
-0.2167,0.13731187876490047
-0.2157000000000001,0.14387613919627423
-0.2147,0.14854468648582883
-0.2137000000000001,0.15349617603535648
-0.2127,0.15788178106493808
-0.2117000000000001,0.1624088572245062
-0.2107,0.16721887564404736
-0.2097000000000001,0.17358507649344
-0.2087,0.17811215265300812
-0.2077000000000001,0.18207334429263022
-0.2067,0.1856101225422928
-0.2057000000000001,0.19155191000172597
-0.2047,0.19593751503130757
-0.2037000000000001,0.20046459119087567
-0.2027,0.20541608074040332
-0.2017000000000001,0.20909433012005244
-0.2007,0.21333846401964754
-0.1997000000000001,0.21786554017921567
-0.1987,0.22083643390893223
-0.1977000000000001,0.22635380797840585
-0.19669999999999999,0.23088088413797397
-0.1957000000000001,0.2354079602975421
-0.19469999999999998,0.23738855611735316
-0.1937000000000001,0.24149121888696176
-0.19269999999999998,0.24630123730650288
-0.1917000000000001,0.24913065990623293
-0.1907000000000001,0.252525967025909
-0.1897000000000002,0.25563833188561214
-0.1887000000000001,0.2577603988354097
-0.1877000000000002,0.2621460038649913
-0.1867000000000001,0.2661071955046134
-0.1857000000000002,0.26780484906445146
-0.1847000000000001,0.27162456957408704
-0.1837000000000002,0.2751613478237496
-0.18270000000000008,0.27827371268345275
-0.1817000000000002,0.2826593177130343
-0.18070000000000008,0.2852057980527914
-0.1797000000000002,0.2883181629124945
-0.17870000000000008,0.29044022986229207
-0.1777000000000002,0.2944014215019141
-0.17670000000000008,0.2999187955713878
-0.1757000000000002,0.3033141026910639
-0.17470000000000008,0.30373851608102337
-0.1737000000000002,0.3067094098107399
-0.17270000000000008,0.308690005630551
-0.17170000000000019,0.31052913032037555
-0.17070000000000007,0.3130756106601326
-0.16970000000000018,0.31519767760993017
-0.16870000000000007,0.31831004246963324
-0.16770000000000018,0.32000769602947127
-0.16670000000000007,0.3217053495893093
-0.16570000000000018,0.32693978139880997
-0.16470000000000007,0.3287789060886345
-0.16370000000000018,0.3310424441684186
-0.16270000000000007,0.33274009772825663
-0.16170000000000018,0.3338718667681486
-0.16070000000000007,0.33571099145797323
-0.15970000000000018,0.33981365422758186
-0.15870000000000006,0.34066248100750085
-0.15770000000000017,0.34122836552744684
-0.15670000000000006,0.3433504324772444
-0.15570000000000017,0.3464627973369475
-0.15470000000000006,0.34759456637683955
-0.15370000000000017,0.34830192202677207
-0.15270000000000006,0.35141428688647514
-0.15170000000000017,0.35763901660588127
-0.15070000000000006,0.3548095940061512
-0.14970000000000017,0.35551694965608377
-0.14870000000000005,0.3567901898259622
-0.14770000000000016,0.3617416793754899
-0.14670000000000005,0.36287344841538194
-0.14570000000000016,0.36414668858526045
-0.14470000000000005,0.3658443421450985
-0.14370000000000016,0.36641022666504447
-0.14270000000000005,0.36810788022488256
-0.14170000000000016,0.36810788022488256
-0.14070000000000005,0.3700884760446936
-0.13970000000000016,0.37263495638445066
-0.13870000000000005,0.3737667254243427
-0.13770000000000016,0.3730593697744102
-0.13670000000000004,0.37617173463411324
-0.13570000000000015,0.3770205614140323
-0.13470000000000004,0.3795670417537893
-0.13370000000000015,0.38055733966369487
-0.13270000000000004,0.38168910870358685
-0.13170000000000015,0.3812646953136274
-0.13070000000000004,0.3823964643535194
-0.12970000000000015,0.3838111756533844
-0.12870000000000004,0.38480147356329
-0.12770000000000015,0.3857917714731955
-0.12670000000000003,0.38961149198283107
-0.12570000000000014,0.38862119407292556
-0.12470000000000003,0.3901773765027771
-0.12370000000000014,0.3910262032826961
-0.12270000000000003,0.39215797232258814
-0.12170000000000014,0.3932897413624802
-0.12070000000000003,0.39583622170223726
-0.11970000000000014,0.4014950669016974
-0.11870000000000003,0.40460743176140046
-0.11770000000000014,0.40121212464172434
-0.11670000000000003,0.40092918238175135
-0.11570000000000014,0.40092918238175135
-0.11470000000000002,0.4034756627215085
-0.11370000000000013,0.40531478741133303
-0.11270000000000002,0.4084271522710361
-0.11170000000000013,0.4075783254911171
-0.11070000000000024,0.40899303679098215
-0.10970000000000013,0.40984186357090113
-0.10870000000000024,0.4106906903508202
-0.10770000000000013,0.4125298150406447
-0.10670000000000024,0.4147933531204288
-0.10570000000000013,0.42497927447945705
-0.10470000000000024,0.4179057179801318
-0.10370000000000013,0.41394452634050977
-0.10270000000000024,0.4149348242504153
-0.10170000000000012,0.41847160250007787
-0.10070000000000023,0.42596957238936256
-0.09970000000000012,0.4343163690585663
-0.09870000000000023,0.4436534636376755
-0.09770000000000012,0.4280916393391601
-0.09670000000000023,0.42780869707918706
-0.09570000000000012,0.4263939857793221
-0.09470000000000023,0.4279501682091736
-0.09370000000000012,0.4290819372490656
-0.09270000000000023,0.4290819372490656
-0.09170000000000011,0.4319113598487957
-0.09070000000000022,0.43318460001867426
-0.08970000000000011,0.43459931131853924
-0.08870000000000022,0.43573108035843133
-0.08770000000000011,0.43615549374839085
-0.08670000000000022,0.4384190318281749
-0.08570000000000011,0.44153139668787794
-0.08470000000000022,0.4408240410379454
-0.08370000000000011,0.4411069832979185
-0.08270000000000022,0.44181433894785094
-0.0817000000000001,0.444360819287608
-0.08070000000000022,0.4484634820572166
-0.0797000000000001,0.45652733646644733
-0.07870000000000021,0.4515758469169197
-0.0777000000000001,0.45963970132615045
-0.07670000000000021,0.45454674064663625
-0.0757000000000001,0.45327350047675774
-0.07470000000000021,0.4585079322862584
-0.0737000000000001,0.4558199808165148
-0.07270000000000021,0.4558199808165148
-0.0717000000000001,0.46317647957581304
-0.07070000000000021,0.4678450268653676
-0.0697000000000001,0.4694012092952191
-0.0687000000000002,0.4757674101446118
-0.0677000000000001,0.46812796912534066
-0.0667000000000002,0.4686938536452867
-0.06570000000000009,0.46968415155519216
-0.0647000000000002,0.4720891607649627
-0.06370000000000009,0.47972860178423393
-0.0627000000000002,0.4872265716735187
-0.06170000000000009,0.48397273568382904
-0.0607000000000002,0.4853874469836941
-0.059700000000000086,0.4832653800338965
-0.058700000000000196,0.4852459758537076
-0.057700000000000085,0.48977305201327564
-0.056700000000000195,0.4969880796425873
-0.05570000000000008,0.4962807239926549
-0.05470000000000019,0.49529042608274926
-0.05370000000000008,0.49741249303254687
-0.05270000000000019,0.5043445784018855
-0.05170000000000008,0.5153793265408328
-0.05070000000000019,0.5148134420208869
-0.04970000000000008,0.5111351926412377
-0.04870000000000019,0.5108522503812647
-0.047700000000000076,0.5119840194211568
-0.046700000000000186,0.5238675943400232
-0.045700000000000074,0.5254237767698746
-0.044700000000000184,0.5418344278483092
-0.04370000000000007,0.5292434972795103
-0.04270000000000018,0.5245749499899556
-0.04170000000000007,0.5288190838895507
-0.04070000000000018,0.5496153399975668
-0.03970000000000007,0.5497568111275533
-0.03870000000000018,0.5691383559357043
-0.03770000000000007,0.5432491391481741
-0.03670000000000018,0.5421173701082821
-0.035700000000000065,0.5470688596578097
-0.034700000000000175,0.5496153399975668
-0.03370000000000006,0.5620647994363791
-0.03270000000000017,0.5674407023758662
-0.03170000000000006,0.5733824898352994
-0.03070000000000017,0.5704115961055828
-0.02970000000000006,0.5716848362754614
-0.02870000000000017,0.576353383565016
-0.027700000000000058,0.577768094864881
-0.026700000000000168,0.582861055544395
-0.025700000000000056,0.5831439978043682
-0.024700000000000166,0.5885199007438553
-0.023700000000000054,0.5930469769034233
-0.022700000000000164,0.6016767158326001
-0.021700000000000053,0.6033743693924382
-0.020700000000000163,0.6037987827823976
-0.01970000000000005,0.6118626371916284
-0.01870000000000016,0.616814126741156
-0.01770000000000005,0.6195020782108995
-0.01670000000000016,0.6262926924502518
-0.015700000000000047,0.6305368263498469
-0.014700000000000157,0.6366200849392665
-0.013700000000000045,0.63930803640901
-0.012700000000000156,0.6561431008774039
-0.011700000000000044,0.6552942740974849
-0.010700000000000154,0.6620848883368372
-0.009700000000000042,0.6633581285067156
-0.008700000000000152,0.6657631377164863
-0.00770000000000004,0.6708560983960004
-0.00670000000000015,0.6800517218451232
-0.005700000000000038,0.6916523545040165
-0.0047000000000001485,0.6919352967639895
-0.0037000000000000366,0.6977356130934361
-0.0027000000000001467,0.7200880516313036
-0.0017000000000000348,0.7155609754717356
-0.000700000000000145,0.714004793041884
0.00029999999999996696,0.7175415712915466
0.0012999999999998568,0.7230589453610202
0.0022999999999999687,0.733952222369981
0.0032999999999998586,0.7500799311884424
0.0042999999999999705,0.7642270441870929
0.00529999999999986,0.7621049772372952
0.006299999999999972,0.7677638224367553
0.007299999999999862,0.7635196885371602
0.008299999999999974,0.7776668015358106
0.009299999999999864,0.7748373789360805
0.010299999999999976,0.7800718107455812
0.011299999999999866,0.7862965404649873
0.012299999999999978,0.7964824618240156
0.013299999999999867,0.735649875929819
0.012299999999999978,0.6518989669778088
0.011299999999999866,0.5940372748133289
0.010299999999999976,0.5656015776860417
0.009299999999999864,0.5145304997609139
0.008299999999999974,0.47109886285505725
0.007299999999999862,0.4370043205283098
0.006299999999999972,0.4072953832311441
0.00529999999999986,0.38112322418364086
0.0042999999999999705,0.3637222751953009
0.0032999999999998586,0.34136983665743337
0.0022999999999999687,0.30571911190083445
0.0012999999999998568,0.28322520223298037
0.00029999999999996696,0.2637021862948429
-0.000700000000000145,0.24347181470677282
-0.0017000000000000348,0.2397935653271237
-0.0027000000000001467,0.21432876192955308
-0.0037000000000000366,0.192966621301591
-0.0047000000000001485,0.17542420118326454
-0.005700000000000038,0.15972090575476264
-0.00670000000000015,0.1424614278964092
-0.00770000000000004,0.12906411188668732
-0.008700000000000152,0.11774642148776701
-0.009700000000000042,0.10068500321139465
-0.010700000000000154,0.08755648234864712
-0.011700000000000044,0.07608317370674167
-0.012700000000000156,0.06444009970885242
-0.013700000000000045,0.060931615685187124
-0.014700000000000157,0.041465188199044226
-0.015700000000000047,0.031137795710029458
-0.01670000000000016,0.020173783136075422
-0.01770000000000005,0.010024644270843649
-0.01870000000000016,0.0026822926245441093
-0.01970000000000005,0.00906122587563556
-0.020700000000000163,-0.009405000721502764
-0.021700000000000053,-0.024304740131681327
-0.022700000000000164,-0.034278454795729836
-0.023700000000000054,-0.04272428125592411
-0.024700000000000166,-0.04934513013929248
-0.025700000000000056,-0.05402782454184575
-0.026700000000000168,-0.04858118603736536
-0.027700000000000058,-0.0638176267369118
-0.02870000000000017,-0.07503628734484155
-0.02970000000000006,-0.08298696485008306
-0.03070000000000017,-0.09122058461529756
-0.03170000000000006,-0.09803949308064704
-0.03270000000000017,-0.10388225074908965
-0.03370000000000006,-0.10924400657557813
-0.034700000000000175,-0.1135871702661638
-0.035700000000000065,-0.1136720529441557
-0.03670000000000018,-0.12039193161851462
-0.03770000000000007,-0.12730986987485465
-0.03870000000000018,-0.13599619725602596
-0.03970000000000007,-0.14015544847762917
-0.04070000000000018,-0.1434517258063147
-0.04170000000000007,-0.13637816930698954
-0.04270000000000018,-0.14783733083589634
-0.04370000000000007,-0.15689148315503257
-0.044700000000000184,-0.16127708818461417
-0.045700000000000074,-0.1655212220842093
-0.046700000000000186,-0.16990682711379093
-0.047700000000000076,-0.16905800033387192
-0.04870000000000019,-0.16354062626439822
-0.04970000000000008,-0.17471684553333205
-0.05070000000000019,-0.17966833508285968
-0.05170000000000008,-0.18631747819222533
-0.05270000000000019,-0.1899957275718744
-0.05370000000000008,-0.19268367904161798
-0.05470000000000019,-0.18829807401203638
-0.05570000000000008,-0.18674189158218485
-0.056700000000000195,-0.193532505821537
-0.057700000000000085,-0.20258665814067325
-0.058700000000000196,-0.20541608074040332
-0.059700000000000086,-0.20456725396048434
-0.0607000000000002,-0.20909433012005244
-0.06170000000000009,-0.2075381476902009
-0.0627000000000002,-0.21362140627962053
-0.06370000000000009,-0.2156020020994316
-0.0647000000000002,-0.2161678866193776
-0.06570000000000009,-0.21758259791924262
-0.0667000000000002,-0.2199876071290132
-0.0677000000000001,-0.21843142469916169
-0.0687000000000002,-0.2202705493889862
-0.0697000000000001,-0.22437321215859482
-0.07070000000000021,-0.2281929326682304
-0.0717000000000001,-0.23045647074801448
-0.07270000000000021,-0.2273441058883114
-0.0737000000000001,-0.23229559543783898
-0.07470000000000021,-0.23187118204787951
-0.0757000000000001,-0.2354079602975421
-0.07670000000000021,-0.23639825820744764
-0.0777000000000001,-0.23781296950731265
-0.07870000000000021,-0.23512501803756908
-0.0797000000000001,-0.23908620967719119
-0.08070000000000022,-0.2386617962872317
-0.0817000000000001,-0.24106680549700227
-0.08270000000000022,-0.24318887244679982
-0.08370000000000011,-0.2443206414866918
-0.08470000000000022,-0.24559388165657034
-0.08570000000000011,-0.24417917035670533
-0.08670000000000022,-0.24630123730650288
-0.08770000000000011,-0.24630123730650288
-0.08870000000000022,-0.24941360216620592
-0.08970000000000011,-0.25167714024599
-0.09070000000000022,-0.2518186113759765
-0.09170000000000011,-0.2532333226758416
-0.09270000000000023,-0.24898918877624646
-0.09370000000000012,-0.2420571034069078
-0.09470000000000023,-0.2512527268560305
-0.09570000000000012,-0.25450656284572004
-0.09670000000000023,-0.2557798030155986
-0.09770000000000012,-0.2535162649358146
-0.09870000000000023,-0.2574774565754367
-0.09970000000000012,-0.2580433410953827
-0.10070000000000023,-0.2587506967453152
-0.10170000000000012,-0.25931658126526125
-0.10270000000000024,-0.2607312925651262
-0.10370000000000013,-0.2594580523952477
-0.10470000000000024,-0.25563833188561214
-0.10570000000000013,-0.26002393691519377
-0.10670000000000024,-0.2615801193450453
-0.10770000000000013,-0.2622874749949778
-0.10870000000000024,-0.26327777290488336
-0.10970000000000013,-0.26327777290488336
-0.11070000000000024,-0.2649754264647214
-0.11170000000000013,-0.26554131098466743
-0.11270000000000002,-0.2653998398546809
-0.11370000000000013,-0.26738043567449193
-0.11470000000000002,-0.26695602228453247
-0.11570000000000014,-0.2686536758443705
-0.11670000000000003,-0.269643973754276
-0.11770000000000014,-0.270209858274222
-0.11870000000000003,-0.269926916014249
-0.11970000000000014,-0.27134162731411404
-0.12070000000000003,-0.27176604070407356
-0.12170000000000014,-0.27176604070407356
-0.12270000000000003,-0.27303928087395213
-0.12370000000000014,-0.2736051653938981
-0.12470000000000003,-0.27445399217381716
-0.12570000000000014,-0.27615164573365514
-0.12670000000000003,-0.2772834147735472
-0.12770000000000015,-0.2779907704234797
-0.12870000000000004,-0.27954695285333125
-0.12970000000000015,-0.2805372507632368
-0.13070000000000004,-0.2799713662432907
-0.13170000000000015,-0.2805372507632368
-0.13270000000000004,-0.2823763754530613
-0.13370000000000015,-0.2852057980527914
-0.13470000000000004,-0.28534726918277786
-0.13570000000000015,-0.2856302114427509
-0.13670000000000004,-0.2857716825727374
-0.13770000000000016,-0.2842155001428859
-0.13870000000000005,-0.28506432692280487
-0.13970000000000016,-0.28605462483271044
-0.14070000000000005,-0.2871863938726024
-0.14170000000000016,-0.288176691782508
-0.14270000000000005,-0.2894499319523865
-0.14370000000000016,-0.29058170099227854
-0.14470000000000005,-0.29100611438223806
-0.14570000000000016,-0.29256229681208956
-0.14670000000000005,-0.2934111235920086
-0.14770000000000016,-0.2955331905418062
-0.14870000000000005,-0.2960990750617522
-0.14970000000000017,-0.2959576039317657
-0.15070000000000006,-0.29751378636161724
-0.15170000000000017,-0.29807967088156323
-0.15270000000000006,-0.3004846800913338
-0.15370000000000017,-0.3009090934812933
-0.15470000000000006,-0.30260674704113133
-0.15570000000000017,-0.3028896893011043
-0.15670000000000006,-0.30373851608102337
-0.15770000000000017,-0.3044458717309559
-0.15870000000000006,-0.30571911190083445
-0.15970000000000018,-0.3074167654606725
-0.16070000000000007,-0.3093973612804835
-0.16170000000000018,-0.310670601450362
-0.16270000000000007,-0.31123648597030806
-0.16370000000000018,-0.3125097261401866
-0.16470000000000007,-0.3136414951800786
-0.16570000000000018,-0.3156220909998897
-0.16670000000000007,-0.3144903219599976
-0.16770000000000018,-0.3159050332598627
-0.16870000000000007,-0.31802710020966024
-0.16970000000000018,-0.32000769602947127
-0.17070000000000007,-0.3204321094194308
-0.17170000000000019,-0.32283711862920134
-0.17270000000000008,-0.3234030031491474
-0.1737000000000002,-0.3239688876690934
-0.17470000000000008,-0.32764713704874243
-0.1757000000000002,-0.32693978139880997
-0.17670000000000008,-0.329203319478594
-0.1777000000000002,-0.3311839152984051
-0.17870000000000008,-0.345755441687015
-0.1797000000000002,-0.3351451069380272
-0.18070000000000008,-0.3362768759779193
-0.1817000000000002,-0.33740864501781126
-0.18270000000000008,-0.3379745295377573
-0.1837000000000002,-0.34108689439746037
-0.1847000000000001,-0.3422186634373524
-0.1857000000000002,-0.3450480860370824
-0.1867000000000001,-0.346887210726907
-0.1877000000000002,-0.3508484023665291
-0.1887000000000001,-0.3519801714064211
-0.1897000000000002,-0.3539607672262322
-0.1907000000000001,-0.3552340073961107
-0.1917000000000001,-0.3577804877358678
-0.19269999999999998,-0.35905372790574636
-0.1937000000000001,-0.36216609276544937
-0.19469999999999998,-0.36513698649516596
-0.1957000000000001,-0.3655613998851255
-0.19669999999999999,-0.36839082248485555
-0.1977000000000001,-0.3712202450845856
-0.1987,-0.3732008409043967
-0.1997000000000001,-0.3733423120343832
-0.2007,-0.37659614802407276
-0.2017000000000001,-0.3809817530536544
-0.2027,-0.384235589043344
-0.2037000000000001,-0.38338676226342494
-0.2047,-0.38607471373316854
-0.2057000000000001,-0.3887626652029121
-0.2067,-0.3920165011926017
-0.2077000000000001,-0.39343121249246665
-0.2087,-0.3947044526623452
-0.2097000000000001,-0.3989485865619403
-0.2107,-0.39979741334185936
-0.2117000000000001,-0.40404154724145447
-0.2127,-0.41366158408053677
-0.2137000000000001,-0.41451041086045576
-0.2147,-0.41776424685014535
-0.2157000000000001,-0.41719836233019936
-0.2167,-0.4204521983198889
-0.21770000000000012,-0.4224327941397
-0.2187,-0.4265354569093086
-0.21970000000000012,-0.43318460001867426
-0.2207,-0.4457755305874731
-0.22170000000000012,-0.44266316572777
-0.2227,-0.44238022346779693
-0.22370000000000012,-0.44096551216793195
-0.2247,-0.44393640589764854
-0.22570000000000012,-0.44761465527729766
-0.2267,-0.45539556742655535
-0.22770000000000012,-0.4616202971459614
-0.22870000000000001,-0.4658644310455565
-0.22970000000000013,-0.4703915072051247
-0.23070000000000002,-0.47322092980485475
-0.23170000000000013,-0.4753429967546523
-0.23270000000000002,-0.4770406503144904
-0.23370000000000013,-0.48241655325397753
-0.23470000000000002,-0.4873680428035051
-0.23570000000000013,-0.4896315808832892
-0.23670000000000002,-0.49529042608274926
-0.2376999999999999,-0.4969880796425873
-0.23870000000000002,-0.505334876311791
-0.2396999999999999,-0.5155207976708194
-0.24070000000000003,-0.5259896612898207
-0.24169999999999991,-0.5223114119101716
-0.24270000000000003,-0.5278287859796452
-0.24369999999999992,-0.5296679106694698
-0.24470000000000003,-0.5340535156990515
-0.24569999999999992,-0.540419716548444
-0.24670000000000003,-0.5463615040078772
-0.24769999999999992,-0.5507471090374588
-0.24870000000000003,-0.5573962521468245
-0.24969999999999992,-0.5660259910760012
-0.25070000000000003,-0.5800316329446651
-0.2516999999999999,-0.6030914271324651
-0.25270000000000004,-0.6141261752714124
-0.2536999999999999,-0.6233217987205352
-0.25470000000000004,-0.6091746857218847
-0.2556999999999999,-0.6028084848724922
-0.25670000000000004,-0.6077599744220198
-0.25769999999999993,-0.6144091175313855
-0.25870000000000004,-0.6221900296806432
-0.25969999999999993,-0.6315271242597523
-0.26070000000000004,-0.637610382849172
-0.26169999999999993,-0.6552942740974849
-0.26270000000000004,-0.6697243293561084
-0.26369999999999993,-0.6759490590755146
-0.26470000000000005,-0.6712805117859599
-0.26569999999999994,-0.6739684632557035
-0.26670000000000005,-0.6818908465349477
-0.26769999999999994,-0.6910864699840705
-0.26870000000000005,-0.7033944582928963
-0.26969999999999994,-0.7181074558114927
-0.27070000000000005,-0.735083991409873
-0.27169999999999994,-0.7398940098294141
-0.27270000000000005,-0.7519190558782669
-0.27369999999999994,-0.7666320533968634
-0.27470000000000006,-0.7635196885371602
-0.27569999999999995,-0.774412965546121
-0.27670000000000006,-0.7708761872964585
-0.27769999999999995,-0.7813450509154597
-0.27870000000000006,-0.791813914534461
-0.27969999999999995,-0.8022827781534622
-0.28070000000000006,-0.8131760551624231
-0.28169999999999995,-0.8358114359602636
-0.28270000000000006,-0.8498170778289276
-0.28369999999999995,-0.845714415059319
-0.28470000000000006,-0.8563247498083066
-0.28569999999999995,-0.8648130176074971
-0.28670000000000007,-0.8765551213963767
-0.28769999999999996,-0.8916925323049326
-0.28870000000000007,-0.9040005206137584
-0.28969999999999996,-0.9298897374012886
-0.29070000000000007,-0.9270603148015586
-0.29169999999999996,-0.9341338713008838
-0.29270000000000007,-0.9427636102300604
-0.29369999999999996,-0.9562033675787782
-0.2947000000000001,-0.9711993073573477
-0.29569999999999996,-0.9815266998463624
-0.2967000000000001,-0.9945420438051207
-0.29769999999999996,-1.007557387763879
-0.2987000000000001,-1.0243924522322732
-0.29969999999999997,-1.036983382801072
-0.3007000000000001,-1.0531110916195334
-0.30169999999999997,-1.065136137668386
-0.3027000000000001,-1.072492636427684
-0.30369999999999997,-1.0897521142860378
-0.3047000000000001,-1.1064457076244452
-0.30569999999999997,-1.1262516658225556
-0.3067000000000001,-1.1416720189910845
-0.3077,-1.1579411989395323
-0.3087000000000001,-1.1759080324478186
-0.3097,-1.176615388097751
-0.3107000000000001,-1.1941578082160775
-0.3117,-1.2084463923447144
-0.3127000000000001,-1.2300914752326495
-0.3137,-1.2486241932608813
-0.3147000000000001,-1.2624883639995588
-0.3157,-1.2725328142286005
-0.3167000000000001,-1.2863969849672778
-0.3177,-1.3057785297754287
-0.3187000000000001,-1.315964451134457
-0.3197,-1.3595375591703005
-0.3207000000000001,-1.3953297550568855
-0.3217,-1.4032521383361298
-0.3227000000000001,-1.3983006487866023
-0.3237,-1.405232734155941
-0.3247000000000001,-1.4175407224647667
-0.3257,-1.4387613919627424
-0.3267000000000001,-1.4571526388609877
-0.3277,-1.4939351326574788
-0.3287000000000001,-1.4967645552572086
-0.3297,-1.5151558021554543
-0.3307000000000001,-1.5278882038542394
-0.3317,-1.546279450752485
-0.3327000000000001,-1.5717442541500557
-0.3337,-1.5957943462477613
-0.3347000000000001,-1.614185593146007
-0.3357,-1.6354062626439825
-0.3367000000000001,-1.653797509542228
-0.3377,-1.6750181790402037
-0.3387000000000001,-1.6976535598380442
-0.3397,-1.7174595180361545
-0.3407000000000001,-1.7330213423346699
-0.3417,-1.7528273005327806
-0.3427000000000001,-1.7627302796318356
-0.3437,-1.7867803717295414
-0.3447000000000001,-1.8122451751271118
-0.3457,-1.8348805559249526
-0.3467000000000001,-1.8702483384215782
-0.3477,-1.8787366062207687
-0.3487000000000001,-1.9070308322180693
-0.3497,-1.925422079116315
-0.3507000000000001,-1.9395691921149654
-0.3517,-1.9523015938137507
-0.3527000000000001,-1.9876693763103765
-0.3537,-2.014548891007812
-0.3547000000000001,-2.051331384804303
-0.3557,-2.0640637865030884
-0.35670000000000013,-2.076796188201874
-0.3577,-2.10367570289931
-0.35870000000000013,-2.1192375271978254
-0.3597,-2.1546053096944506
-0.36070000000000013,-2.177240690492291
-0.3617,-2.204120205189727
-0.3626999999999999,-2.2210967407881075
-0.3637,-2.2451468328858133
-0.3646999999999999,-2.2592939458844636
-0.3657,-2.3045647074801447
-0.3666999999999999,-2.318711820478795
-0.3677,-2.3569090255751513
-0.3686999999999999,-2.388032674172182
-0.36970000000000003,-2.4035944984706976
-0.3706999999999999,-2.426229879268538
-0.37170000000000003,-2.457353527865569
-0.3726999999999999,-2.4828183312631396
-0.37370000000000003,-2.50262428946125
-0.3746999999999999,-2.5309185154585507
-0.37570000000000003,-2.557798030155986
-0.3766999999999999,-2.588921678753017
-0.37770000000000004,-2.618630616050183
-0.3786999999999999,-2.662486666345999
-0.37970000000000004,-2.6738043567449195
-0.3806999999999999,-2.6950250262428948
-0.38170000000000004,-2.7247339635400607
-0.38269999999999993,-2.7516134782374966
-0.38370000000000004,-2.7770782816350668
-0.38469999999999993,-2.8096166415319628
-0.38570000000000004,-2.8506432692280486
-0.38669999999999993,-2.863375670926834
-0.38770000000000004,-2.8916698969241352
-0.38869999999999993,-2.9114758551222453
-0.38970000000000005,-2.942599503719276
-0.39069999999999994,-2.973723152316307
-0.39170000000000005,-3.0175792026121235
-0.39269999999999994,-3.055776407708479
-0.39370000000000005,-3.07841178850632
-0.39469999999999994,-3.0911441902051053
-0.39570000000000005,-3.129341395301461
-0.39669999999999994,-3.166123889097952
-0.39770000000000005,-3.1901739811956578
-0.39869999999999994,-3.2128093619934983
-0.39970000000000006,-3.2368594540912037
-0.40069999999999995,-3.28354492698675
-0.40170000000000006,-3.359939337179462
-0.40269999999999995,-3.386818851876898
-0.40370000000000006,-3.3882335631767626
-0.40469999999999995,-3.4236013456733887
-0.40570000000000006,-3.453310282970554
-0.40669999999999995,-3.4886780654671803
-0.40770000000000006,-3.515557580164616
-0.40869999999999995,-3.545266517461782
-0.40970000000000006,-3.5877078564577327
-0.41069999999999995,-3.6188315050547635
-0.41170000000000007,-3.666931689250175
-0.41269999999999996,-3.6853229361484203
-0.41370000000000007,-3.7249348525446417
-0.41469999999999996,-3.765961480240728
-0.41570000000000007,-3.8267940661349247
-0.41669999999999996,-3.8310382000345196
-0.41770000000000007,-3.855088292132225
-0.41869999999999996,-3.8932854972285815
-0.4197000000000001,-3.9201650119260174
-0.42069999999999996,-3.982412309120079
-0.4217000000000001,-3.999388844718459
-0.42269999999999996,-4.034756627215084
-0.4237000000000001,-4.070124409711711
-0.42469999999999997,-4.095589213109282
-0.4257000000000001,-4.139445263405097
-0.42669999999999997,-4.170568912002128
-0.4277000000000001,-4.2087661170984845
-0.42869999999999997,-4.2413044769953805
-0.4297000000000001,-4.286575238591061
-0.43069999999999997,-4.330431288886877
-0.4317000000000001,-4.378531473082289
-0.4327,-4.401166853880129
-0.4337000000000001,-4.4775612640728415
-0.4347,-4.46058472847446
-0.4357000000000001,-4.503026067470412
-0.4367,-4.539808561266903
-0.4377000000000001,-4.582249900262854
-0.4387,-4.6289353731583995
-0.4397000000000001,-4.66288844435516
-0.4407,-4.709573917250707
-0.4417000000000001,-4.739282854547873
-0.4427,-4.801530151741935
-0.4437000000000001,-4.815677264740584
-0.4447,-4.836897934238561
-0.4457000000000001,-4.876509850634781
-0.4467,-4.937342436528978
-0.4477000000000001,-4.998175022423175
-0.4487,-5.0335428049198
-0.4497000000000001,-5.118425482911703
-0.4507,-5.117010771611838
-0.4517000000000001,-5.1467197089090035
-0.4527,-5.163696244507384
-0.4537000000000001,-5.200478738303874
-0.4547,-5.241505365999961
-0.4557000000000001,-5.275458437196722
-0.4567,-5.351852847389433
-0.4577000000000001,-5.373073516887409
-0.4587,-5.419758989782956
-0.4597000000000001,-5.4551267722795815
-0.4607,-5.530106471172428
-0.4617000000000001,-5.58952434576676
-0.4627,-5.612159726564601
-0.4637000000000001,-5.664504044659607
-0.4647,-5.687139425457448
-0.4657000000000001,-5.725336630553803
-0.4667,-5.764948546950024
-0.4677000000000001,-5.83143997804368
-0.4687,-5.897931409137338
-0.4697000000000001,-5.924810923834773
-0.4707,-5.941787459433154
-0.4717000000000001,-5.9884729323287
-0.4727,-6.018181869625866
-0.4737000000000001,-6.084673300719523
-0.4747,-6.141261752714124
-0.4757000000000001,-6.248779811503867
-0.4767,-6.241706255004542
-0.4777000000000001,-6.274244614901438
-0.4787,-6.335077200795634
-0.4797000000000001,-6.34498017989469
-0.4807,-6.397324497989696
-0.48170000000000013,-6.449668816084703
-0.4827,-6.487866021181058
-0.48370000000000013,-6.538795627976199
-0.4847,-6.591139946071206
-0.48570000000000013,-6.630751862467427
-0.4867,-6.670363778863648
-0.4876999999999999,-6.707146272660138
-0.4887,-6.776467126353525
-0.4896999999999999,-6.823152599249072
-0.4907,-6.896717586842053
-0.4916999999999999,-6.978770842234226
-0.4927,-7.018382758630446
-0.4936999999999999,-7.038188716828557
-0.49470000000000003,-7.091947746223429
-0.4956999999999999,-7.130144951319785
-0.49670000000000003,-7.185318692014522
-0.4976999999999999,-7.227760031010472
-0.49870000000000003,-7.302739729903319
-0.4996999999999999,-7.366401738397246
-0.5007,-7.410257788693063
-0.5016999999999999,-7.428649035591308
-0.5027,-7.486652198885773
-0.5036999999999999,-7.551728918679565
-0.5047,-7.598414391575112
-0.5056999999999999,-7.66490582266877
-0.5067,-7.7130060068641795
-0.5076999999999999,-7.7908151283567575
-0.5087,-7.8431594464517636
-0.5096999999999999,-7.891259630647174
-0.5107,-7.936530392242855
-0.5116999999999999,-7.980386442538672
-0.5127,-8.045463162332464
-0.5136999999999999,-8.085075078728684
-0.5147,-8.138834108123556
-0.5156999999999999,-8.194007848818291
-0.5167,-8.27181697031087
-0.5176999999999999,-8.328405422305472
-0.5187,-8.35669964830277
-0.5196999999999999,-8.430264635895755
-0.5207,-8.47977953139103
-0.5216999999999999,-8.557588652883606
-0.5227,-8.618421238777803
-0.5236999999999999,-8.66793613427308
-0.5247,-8.714621607168628
-0.5257,-8.788186594761608
-0.5267000000000001,-8.83628677895702
-0.5277,-8.887216385752161
-0.5287000000000001,-8.966440218544603
-0.5297,-9.024443381839069
-0.5307000000000001,-9.06971414343475
-0.5317,-9.133376151928676
-0.5327000000000001,-9.221088252520309
-0.5337,-9.291823817513562
-0.5347000000000001,-9.361144671206947
-0.5357,-9.337094579109243
-0.5367000000000001,-9.412074278002088
-0.5377,-9.46583330739696
-0.5387000000000001,-9.526665893291156
-0.5397,-9.570521943586973
-0.5407000000000001,-9.659648755478472
-0.5417,-9.690772404075501
-0.5427000000000001,-9.782728638566729
-0.5437,-9.82799940016241
-0.5447000000000001,-9.910052655554582
-0.5457,-9.979373509247969
-0.5467000000000001,-10.031717827342977
-0.5477,-10.071329743739195
-0.5487000000000001,-10.143480020032312
-0.5497,-10.249583367522192
-0.5507000000000001,-10.303342396917062
-0.5517,-10.368419116710854
-0.5527000000000001,-10.437739970404241
-0.5537,-10.525452070995872
-0.5547000000000001,-10.621652439386695
-0.5557,-10.685314447880621
-0.5567000000000001,-10.731999920776168
-0.5577,-10.812638464868474
-0.5587000000000001,-10.880544607261996
-0.5597,-10.997965645150796
-0.5607000000000001,-11.13660735253757
-0.5617,-11.20734291753082
-0.5627000000000001,-11.273834348624478
-0.5637,-11.314860976320563
-0.5647000000000001,-11.418134901210712
-0.5657,-11.501602867902749
-0.5667000000000001,-11.619023905791545
-0.5677,-11.725127253281423
-0.5687000000000001,-11.77181272617697
-0.5697,-11.879330784966712
-0.5707000000000001,-11.926016257862258
-0.5717,-12.032119605352138
-0.5727000000000001,-12.095781613846063
-0.5737,-12.057584408749708
-0.5747000000000001,-12.255643990730812
-0.5757,-12.266961681129732
-0.5767000000000001,-12.35042964782177
-0.5777,-12.439556459713266
-0.5787000000000001,-12.53009798290463
-0.5797,-12.65034844339316
-0.5807000000000001,-12.706936895387761
-0.5817,-12.796063707279258
-0.5827000000000001,-12.904996477368863
-0.5837,-12.964414351963198
-0.5847000000000001,-13.039394050856043
-0.5857,-13.103056059349969
-0.5867000000000001,-13.138423841846596
-0.5857,-13.002611557059552
-0.5847000000000001,-12.876702251371565
-0.5837,-12.72108400838641
-0.5827000000000001,-12.656007288592617
-0.5817,-12.53292740550436
-0.5807000000000001,-12.390041564217992
-0.5797,-12.240082166432298
-0.5787000000000001,-12.121246417243634
-0.5777,-12.03070489405227
-0.5767000000000001,-11.909039722263879
-0.5757,-11.710980140282773
-0.5747000000000001,-11.657221110887901
-0.5737,-11.522823537400724
-0.5727000000000001,-11.445014415908147
-0.5717,-11.371449428315165
-0.5707000000000001,-11.287981461623128
-0.5697,-11.163486867235004
-0.5687000000000001,-11.099824858741078
-0.5677,-11.020601025948634
-0.5667000000000001,-10.955524306154844
-0.5657,-10.910253544559163
-0.5647000000000001,-10.82537086656726
-0.5637,-10.747561745074684
-0.5627000000000001,-10.655605510583456
-0.5617,-10.532525627495199
-0.5607000000000001,-10.497157844998572
-0.5597,-10.382566229709504
-0.5587000000000001,-10.307586530816659
-0.5577,-10.231192120623945
-0.5567000000000001,-10.12933290703366
-0.5557,-10.052938496840952
-0.5547000000000001,-9.98503235444743
-0.5537,-9.925614479853097
-0.5527000000000001,-9.832243534062004
-0.5517,-9.771410948167809
-0.5507000000000001,-9.625695684281709
-0.5497,-9.376706495505463
-0.5487000000000001,-9.236650076818824
-0.5477,-9.093764235532456
-0.5467000000000001,-9.030102227038528
-0.5457,-9.006052134940823
-0.5447000000000001,-8.926828302148381
-0.5437,-8.806577841659854
-0.5427000000000001,-8.752818812264982
-0.5417,-8.690571515070921
-0.5407000000000001,-8.604274125779153
-0.5397,-8.495341355689545
-0.5387000000000001,-8.397726275998858
-0.5377,-8.318502443206416
-0.5367000000000001,-8.277475815510329
-0.5357,-8.201081405317618
-0.5347000000000001,-8.10912517082639
-0.5337,-8.012924802435567
-0.5327000000000001,-7.977557019938943
-0.5317,-7.935115680942991
-0.5307000000000001,-7.9153097227448805
-0.5297,-7.833256467352707
-0.5287000000000001,-7.759691479759726
-0.5277,-7.703103027765124
-0.5267000000000001,-7.632367462771874
-0.5257,-7.605487948074437
-0.5247,-7.52767882658186
-0.5236999999999999,-7.447040282489553
-0.5227,-7.381963562695762
-0.5216999999999999,-7.311227997702509
-0.5207,-7.246151277908718
-0.5196999999999999,-7.198051093713307
-0.5187,-7.147121486918166
-0.5176999999999999,-7.12307139482046
-0.5167,-7.028285737729503
-0.5156999999999999,-6.968867863135171
-0.5147,-6.910864699840705
-0.5136999999999999,-6.858520381745699
-0.5127,-6.75524645685555
-0.5116999999999999,-6.687340314462029
-0.5107,-6.646313686765942
-0.5096999999999999,-6.603872347769991
-0.5087,-6.603872347769991
-0.5076999999999999,-6.521819092377819
-0.5067,-6.473718908182407
-0.5056999999999999,-6.434106991786186
-0.5047,-6.342150757294959
-0.5036999999999999,-6.298294706999143
-0.5027,-6.253023945403462
-0.5016999999999999,-6.213412029007241
-0.5007,-6.18511780300994
-0.4996999999999999,-6.093161568518712
-0.49870000000000003,-6.053549652122491
-0.4976999999999999,-6.009693601826676
-0.49670000000000003,-5.975740530629915
-0.4956999999999999,-5.912078522135989
-0.49470000000000003,-5.824366421544356
-0.4936999999999999,-5.79465748424719
-0.4927,-5.746557300051779
-0.4916999999999999,-5.708360094955423
-0.4907,-5.6263068395632505
-0.4896999999999999,-5.59801261356595
-0.4887,-5.5541565632701335
-0.4876999999999999,-5.520203492073373
-0.4867,-5.474932730477692
-0.48570000000000013,-5.425417834982416
-0.4847,-5.368829382987815
-0.48370000000000013,-5.324973332691998
-0.4827,-5.289605550195372
-0.48170000000000013,-5.272629014596992
-0.4807,-5.221699407801851
-0.4797000000000001,-5.149549131508733
-0.4787,-5.108522503812647
-0.4777000000000001,-5.040616361419126
-0.4767,-5.003833867622634
-0.4757000000000001,-4.934513013929248
-0.4747,-4.906218787931947
-0.4737000000000001,-4.883583407134107
-0.4727,-4.865192160235861
-0.4717000000000001,-4.8128478421408545
-0.4707,-4.760503524045848
-0.4697000000000001,-4.710988628550572
-0.4687,-4.6162029714596144
-0.4677000000000001,-4.45209646067527
-0.4667,-4.42380223467797
-0.4657000000000001,-4.399752142580264
-0.4647,-4.371457916582963
-0.4637000000000001,-4.3403342679859325
-0.4627,-4.313454753288497
-0.4617000000000001,-4.24696332219484
-0.4607,-4.21018082839835
-0.4597000000000001,-4.177642468501453
-0.4587,-4.146518819904423
-0.4577000000000001,-4.109736326107932
-0.4567,-4.088515656609956
-0.4557000000000001,-4.051733162813465
-0.4547,-4.0121212464172435
-0.4537000000000001,-3.961191639622102
-0.4527,-3.932897413624801
-0.4517000000000001,-3.9088473215270967
-0.4507,-3.8734795390304706
-0.4497000000000001,-3.84518531303317
-0.4487,-3.815476375736004
-0.4477000000000001,-3.784352727138973
-0.4467,-3.7574732124415373
-0.4457000000000001,-3.695225915247476
-0.4447,-3.6457110197521994
-0.4437000000000001,-3.6188315050547635
-0.4427,-3.583463722558138
-0.4417000000000001,-3.550925362661242
-0.4407,-3.5183870027643462
-0.4397000000000001,-3.4830192202677206
-0.4387,-3.4575544168701495
-0.4377000000000001,-3.4179425004739286
-0.4367,-3.405210098775143
-0.4357000000000001,-3.3882335631767626
-0.4347,-3.3302303998822964
-0.4337000000000001,-3.3189127094833766
-0.4327,-3.303350885184861
-0.4317000000000001,-3.279300793087155
-0.43069999999999997,-3.2340300314914736
-0.4297000000000001,-3.200076960294713
-0.42869999999999997,-3.1731974455972773
-0.4277000000000001,-3.1364149518007864
-0.42669999999999997,-3.0996324580042955
-0.4257000000000001,-3.08972947890524
-0.42469999999999997,-3.0883147676053753
-0.4237000000000001,-3.002017378313608
-0.42269999999999996,-2.970893729716577
-0.4217000000000001,-2.945428926319006
-0.42069999999999996,-2.91571998902184
-0.4197000000000001,-2.89025518562427
-0.41869999999999996,-2.852057980527914
-0.41770000000000007,-2.823763754530613
-0.41669999999999996,-2.795469528533313
-0.41570000000000007,-2.7770782816350668
-0.41469999999999996,-2.7558576121370915
-0.41370000000000007,-2.738881076538711
-0.41269999999999996,-2.7077574279416803
-0.41170000000000007,-2.6780484906445143
-0.41069999999999995,-2.6455101307476188
-0.40970000000000006,-2.621460038649913
-0.40869999999999995,-2.610142348250993
-0.40770000000000006,-2.5733598544545018
-0.40669999999999995,-2.533747938058281
-0.40570000000000006,-2.515356691160035
-0.40469999999999995,-2.4828183312631396
-0.40370000000000006,-2.4474505487665135
-0.40269999999999995,-2.4318887244679983
-0.40170000000000006,-2.4092533436701573
-0.40069999999999995,-2.380959117672857
-0.39970000000000006,-2.351250180375691
-0.39869999999999994,-2.3342736447773107
-0.39770000000000005,-2.3201265317786604
-0.39669999999999994,-2.2974911509808194
-0.39570000000000005,-2.279099904082574
-0.39469999999999994,-2.2550498119848683
-0.39370000000000005,-2.216852606888512
-0.39269999999999994,-2.1871436695913467
-0.39170000000000005,-2.1729965565926963
-0.39069999999999994,-2.150361175794856
-0.38970000000000005,-2.12631108369715
-0.38869999999999993,-2.102260991599445
-0.38770000000000004,-2.076796188201874
-0.38669999999999993,-2.0329401379060577
-0.38570000000000004,-2.0032312006088917
-0.38469999999999993,-1.9848399537106465
-0.38370000000000004,-1.967863418112266
-0.38269999999999993,-1.93532505821537
-0.38170000000000004,-1.9112749661176645
-0.3806999999999999,-1.890054296619689
-0.37970000000000004,-1.8688336271217136
-0.3786999999999999,-1.8461982463238729
-0.37770000000000004,-1.8051716186277869
-0.3766999999999999,-1.7995127734283267
-0.37570000000000003,-1.7853656604296764
-0.3746999999999999,-1.771218547431026
-0.37370000000000003,-1.7471684553333202
-0.3726999999999999,-1.7443390327335901
-0.37170000000000003,-1.7118006728366943
-0.3706999999999999,-1.6849211581392587
-0.36970000000000003,-1.6665299112410132
-0.3686999999999999,-1.6339915513441174
-0.3677,-1.6226738609451972
-0.3666999999999999,-1.6014531914472214
-0.3657,-1.580232521949246
-0.3646999999999999,-1.5590118524512704
-0.3637,-1.5321323377538347
-0.3626999999999999,-1.5094969569559942
-0.3617,-1.4896909987578837
-0.36070000000000013,-1.4769585970590984
-0.3597,-1.4698850405597732
-0.35870000000000013,-1.4415908145624723
-0.3577,-1.431687835463417
-0.35670000000000013,-1.4189554337646317
-0.3557,-1.4012715425163187
-0.3547000000000001,-1.388397669687547
-0.3537,-1.3711381918291936
-0.3527000000000001,-1.3271406704033908
-0.3517,-1.3146912109645787
-0.3507000000000001,-1.3047882318655233
-0.3497,-1.2917728879067651
-0.3487000000000001,-1.2764940058682226
-0.3477,-1.2569709899300852
-0.3467000000000001,-1.2392870986817721
-0.3457,-1.2210373229135134
-0.3447000000000001,-1.2117002283344038
-0.3437,-1.1916113278763205
-0.3427000000000001,-1.1694003604684393
-0.3417,-1.153272651649978
-0.3407000000000001,-1.1327593378019347
-0.3397,-1.1166316289834735
-0.3387000000000001,-1.103050400504769
-0.3377,-1.0870641628162943
-0.3367000000000001,-1.0647117242784265
-0.3357,-1.040095747660775
-0.3347000000000001,-1.0301927685617198
-0.3337,-1.015904184433083
-0.3327000000000001,-0.9973714664048509
-0.3317,-0.965964875547847
-0.3307000000000001,-0.9512518780292506
-0.3297,-0.9407830144102494
-0.3287000000000001,-0.9233820654219095
-0.3277,-0.9120643750229891
-0.3267000000000001,-0.9011710980140284
-0.3257,-0.8800918996460394
-0.3247000000000001,-0.8663692000373485
-0.3237,-0.8522220870386981
-0.3227000000000001,-0.8399140987298723
-0.3217,-0.8225131497415324
-0.3207000000000001,-0.8099222191727334
-0.3197,-0.7888430208047444
-0.3187000000000001,-0.7737056098961885
-0.3177,-0.7585681989876326
-0.3167000000000001,-0.751070229098348
-0.3157,-0.7396110675694412
-0.3147000000000001,-0.7281519060405344
-0.3137,-0.7104680147922214
-0.3127000000000001,-0.6936329503238275
-0.3117,-0.6824567310548937
-0.3107000000000001,-0.6709975695259869
-0.3097,-0.6482207175981597
-0.3087000000000001,-0.63930803640901
-0.3077,-0.6306782974798333
-0.3067000000000001,-0.6158238288312504
-0.30569999999999997,-0.6063452631221548
-0.3047000000000001,-0.5938958036833424
-0.30369999999999997,-0.5791828061647459
-0.3027000000000001,-0.5712604228855018
-0.30169999999999997,-0.562913626216298
-0.3007000000000001,-0.5415514855883361
-0.29969999999999997,-0.5189161047904954
-0.2987000000000001,-0.5118425482911703
-0.29769999999999996,-0.49670513738261435
-0.2967000000000001,-0.4872265716735187
-0.29569999999999996,-0.48114331308409897
-0.2947000000000001,-0.47166474737500325
-0.29369999999999996,-0.45963970132615045
-0.29270000000000007,-0.45044407787702767
-0.29169999999999996,-0.43898491634812087
-0.29070000000000007,-0.42950635063902515
-0.28969999999999996,-0.4205936694498755
-0.28870000000000007,-0.4080027388810766
-0.28769999999999996,-0.3979582886520348
-0.28670000000000007,-0.38763089616302
-0.28569999999999995,-0.3775864459339783
-0.28470000000000006,-0.36358080406531446
-0.28369999999999995,-0.35169722914644813
-0.28270000000000006,-0.3433504324772444
-0.28169999999999995,-0.3338718667681486
-0.28070000000000006,-0.326373896878864
-0.27969999999999995,-0.31632944664982215
-0.27870000000000006,-0.30543616964086145
-0.27769999999999995,-0.2955331905418062
-0.27670000000000006,-0.2871863938726024
-0.27569999999999995,-0.27827371268345275
-0.27470000000000006,-0.27049280053419505
-0.27369999999999994,-0.26327777290488336
-0.27270000000000005,-0.25464803397570657
-0.27169999999999994,-0.24573535278655687
-0.27070000000000005,-0.2365397293374341
-0.26969999999999994,-0.2281929326682304
-0.26870000000000005,-0.22097790503891873
-0.26769999999999994,-0.21093345480987696
-0.26670000000000005,-0.20258665814067325
-0.26569999999999994,-0.19508868825138856
-0.26470000000000005,-0.18688336271217135
-0.26369999999999993,-0.17896097943292713
-0.26270000000000004,-0.17146300954364244
-0.26169999999999993,-0.16424798191433077
-0.26070000000000004,-0.15646706976507307
-0.25969999999999993,-0.14769585970590982
-0.25870000000000004,-0.14052327341559406
-0.25769999999999993,-0.13455319173016364
-0.25670000000000004,-0.12757866502182902
-0.2556999999999999,-0.1201938720365335
-0.25470000000000004,-0.11412476056011249
-0.2536999999999999,-0.10621652439386696
-0.25270000000000004,-0.09949664571950805
-0.2516999999999999,-0.09255041323717071
-0.25070000000000003,-0.08658033155174025
-0.24969999999999992,-0.08059610275331114
-0.24870000000000003,-0.0739328125309468
-0.24769999999999992,-0.06745343477756495
-0.24670000000000003,-0.06169555978711426
-0.24569999999999992,-0.055569859858698646
-0.24470000000000003,-0.04962807239926549
-0.24369999999999992,-0.043474078244852575
-0.24270000000000003,-0.038494294469327645
-0.24169999999999991,-0.03290618483486075
-0.24070000000000003,-0.026341924403486983
-0.2396999999999999,-0.02086699167300929
-0.23870000000000002,-0.015250587812545097
-0.2376999999999999,-0.009837902379261465
-0.23670000000000002,-0.004924610034830193
-0.23570000000000013,0.0007007065068231526
-0.23470000000000002,0.005725336630553804
-0.23370000000000013,0.010555161008293039
-0.23270000000000002,0.01546279450752485
-0.23170000000000013,0.020400136944053827
-0.23070000000000002,0.025266743815589552
-0.22970000000000013,0.02970893729716577
-0.22870000000000001,0.033910629857764926
-0.22770000000000012,0.038706501164307405
-0.2267,0.042554515899940304
-0.22570000000000012,0.04691182670352462
-0.2247,0.0519623460440428
-0.22370000000000012,0.055442535841710786
-0.2227,0.059870582210288355
-0.22170000000000012,0.06388836230190505
-0.2207,0.06748172900356225
-0.21970000000000012,0.0712024197222073
-0.2187,0.07496555177984829
-0.21770000000000012,0.07945018660042047
-0.2167,0.08295867062408575
-0.2157000000000001,0.08764136502663902
-0.2147,0.09082446545133536
-0.2137000000000001,0.09317288620911131
-0.2127,0.09649745776379416
-0.2117000000000001,0.09969470530148912
-0.2107,0.1023826567712327
-0.2097000000000001,0.1057213754389142
-0.2087,0.10989477377351606
-0.2077000000000001,0.11241295988727582
-0.2067,0.11538385361699238
-0.2057000000000001,0.1181142464257319
-0.2047,0.1212549055114323
-0.2037000000000001,0.12375894451219341
-0.2027,0.1264186017559397
-0.2017000000000001,0.12893678786969942
-0.2007,0.13236038921537283
-0.1997000000000001,0.13408633700120817
-0.1987,0.13552934252707052
-0.1977000000000001,0.13847194203078977
-0.19669999999999999,0.14062230320658464
-0.1957000000000001,0.1424614278964092
-0.19469999999999998,0.14500790823616627
-0.1937000000000001,0.14755438857592332
-0.19269999999999998,0.1508082245656129
-0.1917000000000001,0.15151558021554543
-0.1907000000000001,0.1543450028152755
-0.1897000000000002,0.15717442541500556
-0.1887000000000001,0.1583061944548976
-0.1877000000000002,0.16028679027470866
-0.1867000000000001,0.1619844438345467
-0.1857000000000002,0.16438945304431726
-0.1847000000000001,0.1656626932141958
-0.1837000000000002,0.16792623129397988
-0.18270000000000008,0.17132153841365594
-0.1817000000000002,0.17217036519357498
-0.18070000000000008,0.173302134233467
-0.1797000000000002,0.17584861457322407
-0.17870000000000008,0.17584861457322407
-0.1777000000000002,0.17655597022315658
-0.17670000000000008,0.17924392169290015
-0.1757000000000002,0.18136598864269768
-0.17470000000000008,0.18292217107254924
-0.1737000000000002,0.18405394011244128
-0.17270000000000008,0.18631747819222533
-0.17170000000000019,0.18858101627200938
-0.17070000000000007,0.1890054296619689
-0.16970000000000018,0.18858101627200938
-0.16870000000000007,0.19042014096183393
-0.16770000000000018,0.19169338113171247
-0.16670000000000007,0.1936739769515235
-0.16570000000000018,0.19508868825138856
-0.16470000000000007,0.19537163051136155
-0.16370000000000018,0.19438133260145604
-0.16270000000000007,0.19537163051136155
-0.16170000000000018,0.19791811085111863
-0.16070000000000007,0.20032312006088918
-0.15970000000000018,0.20131341797079472
-0.15870000000000006,0.20258665814067325
-0.15770000000000017,0.2038598983105518
-0.15670000000000006,0.2038598983105518
-0.15570000000000017,0.2041428405705248
-0.15470000000000006,0.20485019622045733
-0.15370000000000017,0.20541608074040332
-0.15270000000000006,0.2073966765602144
-0.15170000000000017,0.2088113878600794
-0.15070000000000006,0.21008462802995795
-0.14970000000000017,0.21248963723972852
-0.14870000000000005,0.21277257949970152
-0.14770000000000016,0.21376287740960703
-0.14670000000000005,0.21333846401964754
-0.14570000000000016,0.21447023305953958
-0.14470000000000005,0.21503611757948557
-0.14370000000000016,0.21503611757948557
-0.14270000000000005,0.21659230000933713
-0.14170000000000016,0.21843142469916169
-0.14070000000000005,0.21913878034909418
-0.13970000000000016,0.22140231842887825
-0.13870000000000005,0.22182673181883775
-0.13770000000000016,0.22338291424868928
-0.13670000000000004,0.22465615441856782
-0.13570000000000015,0.2239487987686353
-0.13470000000000004,0.2245146832885813
-0.13370000000000015,0.22592939458844638
-0.13270000000000004,0.22649527910839237
-0.13170000000000015,0.22776851927827088
-0.13070000000000004,0.2284758749282034
-0.12970000000000015,0.22904175944814942
-0.12870000000000004,0.2310223552679605
-0.12770000000000015,0.2310223552679605
-0.12670000000000003,0.23045647074801448
-0.12570000000000014,0.23243706656782553
-0.12470000000000003,0.23342736447773108
-0.12370000000000014,0.23314442221775805
-0.12270000000000003,0.2368226715974071
-0.12170000000000014,0.23781296950731265
-0.12070000000000003,0.2386617962872317
-0.11970000000000014,0.24021797871708325
-0.11870000000000003,0.2393691519371642
-0.11770000000000014,0.2396520941971372
-0.11670000000000003,0.24050092097705625
-0.11570000000000014,0.24191563227692126
-0.11470000000000002,0.24134974775697526
-0.11370000000000013,0.2423400456668808
-0.11270000000000002,0.2446035837466648
-0.11170000000000013,0.24545241052658387
-0.11070000000000024,0.24573535278655687
-0.10970000000000013,0.24587682391654336
-0.10870000000000024,0.24729153521640837
-0.10770000000000013,0.24941360216620592
-0.10670000000000024,0.24913065990623293
-0.10570000000000013,0.24870624651627343
-0.10470000000000024,0.2523844958959225
-0.10370000000000013,0.251960082505963
-0.10270000000000024,0.2535162649358146
-0.10170000000000012,0.25450656284572004
-0.10070000000000023,0.2557798030155986
-0.09970000000000012,0.2554968607556256
-0.09870000000000023,0.2584677544853422
-0.09770000000000012,0.25931658126526125
-0.09670000000000023,0.2607312925651262
-0.09570000000000012,0.2614386482150588
-0.09470000000000023,0.2634192440348699
-0.09370000000000012,0.26384365742482935
-0.09270000000000023,0.2651168975947079
-0.09170000000000011,0.26681455115454594
-0.09070000000000022,0.268795146974357
-0.08970000000000011,0.2692195603643165
-0.08870000000000022,0.26808779132442445
-0.08770000000000011,0.269643973754276
-0.08670000000000022,0.27176604070407356
-0.08570000000000011,0.2723319252240196
-0.08470000000000022,0.2731807520039386
-0.08370000000000011,0.27473693443379016
-0.08270000000000022,0.27601017460366867
-0.0817000000000001,0.2779907704234797
-0.08070000000000022,0.2809616641531963
-0.0797000000000001,0.28336667336296684
-0.07870000000000021,0.2840740290128994
-0.0777000000000001,0.28350814449295336
-0.07670000000000021,0.28704492274261595
-0.0757000000000001,0.2883181629124945
-0.07470000000000021,0.2886011051724675
-0.0737000000000001,0.2894499319523865
-0.07270000000000021,0.29044022986229207
-0.0717000000000001,0.29510877715184664
-0.07070000000000021,0.2976552574916037
-0.0697000000000001,0.29807967088156323
-0.0687000000000002,0.29906996879146874
-0.0677000000000001,0.3004846800913338
-0.0667000000000002,0.3027482181711178
-0.06570000000000009,0.30487028512091535
-0.0647000000000002,0.30953883241047003
-0.06370000000000009,0.30925589015049704
-0.0627000000000002,0.3102461880604025
-0.06170000000000009,0.31477326421997065
-0.0607000000000002,0.3164709177798087
-0.059700000000000086,0.3149147353499572
-0.058700000000000196,0.3181685713396467
-0.057700000000000085,0.3211394650693633
-0.056700000000000195,0.3256665412289314
-0.05570000000000008,0.32354447427913385
-0.05470000000000019,0.3252421278389719
-0.05370000000000008,0.326373896878864
-0.05270000000000019,0.32807155043870195
-0.05170000000000008,0.3323156843382971
-0.05070000000000019,0.33585246258795975
-0.04970000000000008,0.33811600066774383
-0.04870000000000019,0.34009659648755486
-0.047700000000000076,0.3420771923073659
-0.046700000000000186,0.34419925925716344
-0.045700000000000074,0.3480189797667991
-0.044700000000000184,0.35268752705635364
-0.04370000000000007,0.3509898734965156
-0.04270000000000018,0.35622430530601623
-0.04170000000000007,0.3589122567757598
-0.04070000000000018,0.3655613998851255
-0.03970000000000007,0.36485404423519296
-0.03870000000000018,0.36768346683492303
-0.03770000000000007,0.3733423120343832
-0.03670000000000018,0.37687909028404576
-0.035700000000000065,0.3815476375736004
-0.034700000000000175,0.3874894250330335
-0.03370000000000006,0.3887626652029121
-0.03270000000000017,0.3884797229429391
-0.03170000000000006,0.39343121249246665
-0.03070000000000017,0.3976753463920618
-0.02970000000000006,0.4023438936816164
-0.02870000000000017,0.404183018371441
-0.027700000000000058,0.4072953832311441
-0.026700000000000168,0.4123883439106582
-0.025700000000000056,0.41408599747049624
-0.024700000000000166,0.4193204292799969
-0.023700000000000054,0.424130447699538
-0.022700000000000164,0.42625251464933556
-0.021700000000000053,0.4271013414292546
-0.020700000000000163,0.4333260711486608
-0.01970000000000005,0.4405410987779724
-0.01870000000000016,0.4457755305874731
-0.01770000000000005,0.4494537799671222
-0.01670000000000016,0.4515758469169197
-0.015700000000000047,0.45383938499670373
-0.014700000000000157,0.4573761632463663
-0.013700000000000045,0.4641667774857185
-0.012700000000000156,0.4677035557353811
-0.011700000000000044,0.4727965164148953
-0.010700000000000154,0.4753429967546523
-0.009700000000000042,0.4812847842140855
-0.008700000000000152,0.4862362737636131
-0.00770000000000004,0.49458307043281674
-0.00670000000000015,0.4979783775524929
-0.005700000000000038,0.50335428049198
-0.0047000000000001485,0.5095790102113862
-0.0037000000000000366,0.5100034236013458
-0.0027000000000001467,0.5152378554108463
-0.0017000000000000348,0.5218869985202121
-0.000700000000000145,0.5299508529294428
0.00029999999999996696,0.537873236208687
0.0012999999999998568,0.5431076680181876
0.0022999999999999687,0.5514544646873913
0.0032999999999998586,0.556405954236919
0.0042999999999999705,0.5605086170065275
0.00529999999999986,0.5656015776860417
0.006299999999999972,0.5704115961055828
0.007299999999999862,0.5743727877452048
0.008299999999999974,0.576636325824989
0.009299999999999864,0.5839928245842871
0.010299999999999976,0.5888028430038282
0.011299999999999866,0.5938958036833424
0.012299999999999978,0.6025255426125191
