Potential V vs RHE, Current mA cm-2
0.013299999999999867,-0.012531512694204494
0.012299999999999978,-0.017471684553333203
0.011299999999999866,-0.019438133260145606
0.010299999999999976,-0.019862546650105117
0.009299999999999864,-0.020937727238002544
0.008299999999999974,-0.02153190598394586
0.007299999999999862,-0.02198461359990267
0.006299999999999972,-0.023300295108777156
0.00529999999999986,-0.023583237368750162
0.0042999999999999705,-0.02393691519371642
0.0032999999999998586,-0.024700859295643543
0.0022999999999999687,-0.02509697845960575
0.0012999999999998568,-0.02576189277054232
0.00029999999999996696,-0.025493097623567964
-0.000700000000000145,-0.02587506967453152
-0.0017000000000000348,-0.026539983985468085
-0.0027000000000001467,-0.02692195603643165
-0.0037000000000000366,-0.027190751183406005
-0.0047000000000001485,-0.02768590013835877
-0.005700000000000038,-0.02750198766937631
-0.00670000000000015,-0.028265931771303435
-0.00770000000000004,-0.02880352206525215
-0.008700000000000152,-0.029058170099227856
-0.009700000000000042,-0.029199641229214358
-0.010700000000000154,-0.028860110517246747
-0.011700000000000044,-0.029609907506175218
-0.012700000000000156,-0.030175792026121234
-0.013700000000000045,-0.02982211420115497
-0.014700000000000157,-0.03051532273808884
-0.015700000000000047,-0.030543616964086147
-0.01670000000000016,-0.031180237049025412
-0.01770000000000005,-0.03136414951800787
-0.01870000000000016,-0.03137829663100652
-0.01970000000000005,-0.03217053495893094
-0.020700000000000163,-0.03217053495893094
-0.021700000000000053,-0.03222712341092554
-0.022700000000000164,-0.032340300314914736
-0.023700000000000054,-0.03294862617385671
-0.024700000000000166,-0.033344745337818914
-0.025700000000000056,-0.03357109914579732
-0.026700000000000168,-0.03344377512880947
-0.027700000000000058,-0.034193572117737936
-0.02870000000000017,-0.03415113077874199
-0.02970000000000006,-0.034193572117737936
-0.03070000000000017,-0.0346604268466934
-0.03170000000000006,-0.03488678065467181
-0.03270000000000017,-0.03563657764360027
-0.03370000000000006,-0.03573560743459083
-0.034700000000000175,-0.03531119404463132
-0.035700000000000065,-0.03570731320859352
-0.03670000000000018,-0.03661272844050715
-0.03770000000000007,-0.0365419928755139
-0.03870000000000018,-0.03666931689250175
-0.03970000000000007,-0.03689567070048015
-0.04070000000000018,-0.03758887923741403
-0.04170000000000007,-0.037419113881430224
-0.04270000000000018,-0.038126469531362735
-0.04370000000000007,-0.03808402819236679
-0.044700000000000184,-0.03833867622634249
-0.045700000000000074,-0.0388196780682966
-0.046700000000000186,-0.039003590537279066
-0.047700000000000076,-0.03920165011926016
-0.04870000000000019,-0.03910262032826961
-0.04970000000000008,-0.03980997597820213
-0.05070000000000019,-0.03988071154319539
-0.05170000000000008,-0.04003632978618053
-0.05270000000000019,-0.04068709698411845
-0.05370000000000008,-0.040899303679098206
-0.05470000000000019,-0.04125298150406447
-0.05570000000000008,-0.04122468727806717
-0.056700000000000195,-0.04149348242504153
-0.057700000000000085,-0.04205936694498754
-0.058700000000000196,-0.042200838074974045
-0.059700000000000086,-0.04239889765695515
-0.0607000000000002,-0.04289404661190791
-0.06170000000000009,-0.04300722351589712
-0.0627000000000002,-0.043502372470849884
-0.06370000000000009,-0.04368628493983233
-0.0647000000000002,-0.04381360895682019
-0.06570000000000009,-0.044266316572777
-0.0667000000000002,-0.04406825699079589
-0.0677000000000001,-0.044775612640728414
-0.0687000000000002,-0.045115143352696015
-0.0697000000000001,-0.04536979138667173
-0.07070000000000021,-0.04505855490070142
-0.0717000000000001,-0.046077147036604246
-0.07270000000000021,-0.0461195883756002
-0.0737000000000001,-0.046515707539562405
-0.07470000000000021,-0.04705329783351112
-0.0757000000000001,-0.04665717866954891
-0.07670000000000021,-0.04767577080545173
-0.0777000000000001,-0.047166474737500325
-0.07870000000000021,-0.04797286017842339
-0.0797000000000001,-0.04805774285641529
-0.08070000000000022,-0.0483972735683829
-0.0817000000000001,-0.04884998118433972
-0.08270000000000022,-0.04883583407134107
-0.08370000000000011,-0.04910462921831542
-0.08470000000000022,-0.04933098302629382
-0.08570000000000011,-0.04935927725229113
-0.08670000000000022,-0.049854426207243896
-0.08770000000000011,-0.05029298671020205
-0.08870000000000022,-0.05043445784018856
-0.08970000000000011,-0.05081642989115212
-0.09070000000000022,-0.05132572595910353
-0.09170000000000011,-0.051028636586131874
-0.09270000000000023,-0.05180672780105764
-0.09370000000000012,-0.0518491691400536
-0.09470000000000023,-0.0519623460440428
-0.09570000000000012,-0.05272629014596992
-0.09670000000000023,-0.05265555458097666
-0.09770000000000012,-0.05324973332691998
-0.09870000000000023,-0.05281117282396182
-0.09970000000000012,-0.053348763117910536
-0.10070000000000023,-0.053405351569905134
-0.10170000000000012,-0.05398538320284981
-0.10270000000000024,-0.054268325462822814
-0.10370000000000013,-0.054890798434763424
-0.10470000000000024,-0.05469273885278232
-0.10570000000000013,-0.05555571274569999
-0.10670000000000024,-0.055088858016744534
-0.10770000000000013,-0.0563196568476271
-0.10870000000000024,-0.05605086170065276
-0.10970000000000013,-0.056022567474655456
-0.11070000000000024,-0.05634795107362441
-0.11170000000000013,-0.056899688480571774
-0.11270000000000002,-0.05715433651454749
-0.11370000000000013,-0.05753630856551105
-0.11470000000000002,-0.0578051037124854
-0.11570000000000014,-0.05746557300051779
-0.11670000000000003,-0.05831439978043681
-0.11770000000000014,-0.05834269400643411
-0.11870000000000003,-0.05900760831737068
-0.11970000000000014,-0.05919152078635314
-0.12070000000000003,-0.05933299191633964
-0.12170000000000014,-0.059502757272323445
-0.12270000000000003,-0.06008278890526811
-0.12370000000000014,-0.06035158405224247
-0.12470000000000003,-0.060705261877208726
-0.12570000000000014,-0.06125699928415609
-0.12670000000000003,-0.061426764640139894
-0.12770000000000015,-0.06189361936909534
-0.12870000000000004,-0.06207753183807782
-0.12970000000000015,-0.06268585769701977
-0.13070000000000004,-0.06230388564605621
-0.13170000000000015,-0.06320930087796985
-0.13270000000000004,-0.06394495075389965
-0.13370000000000015,-0.06391665652790236
-0.13470000000000004,-0.06460986506483622
-0.13570000000000015,-0.06493524866380519
-0.13670000000000004,-0.06514745535878494
-0.13770000000000016,-0.06612360615569181
-0.13870000000000005,-0.06615190038168911
-0.13970000000000016,-0.06667534356263917
-0.14070000000000005,-0.06640654841566482
-0.14170000000000016,-0.0675524645685555
-0.14270000000000005,-0.06811834908850152
-0.14370000000000016,-0.06842958557447182
-0.14470000000000005,-0.0691793825634003
-0.14570000000000016,-0.0696320901793571
-0.14670000000000005,-0.06981600264833956
-0.14770000000000016,-0.07056579963726803
-0.14870000000000005,-0.07074971210625049
-0.14970000000000017,-0.0716551273381641
-0.15070000000000006,-0.07199465805013172
-0.15170000000000017,-0.07290007328204533
-0.15270000000000006,-0.07318301554201835
-0.15370000000000017,-0.07424404901691713
-0.15470000000000006,-0.0750221402318429
-0.15570000000000017,-0.07473919797186988
-0.15670000000000006,-0.07604073236774572
-0.15770000000000017,-0.0765924697746931
-0.15870000000000006,-0.07737056098961885
-0.15970000000000018,-0.07829012333453113
-0.16070000000000007,-0.07874283095048794
-0.16170000000000018,-0.07919553856644475
-0.16270000000000007,-0.08066683831830439
-0.16370000000000018,-0.08133175262924096
-0.16470000000000007,-0.08230790342614784
-0.16570000000000018,-0.08281719949409926
-0.16670000000000007,-0.08366602627401826
-0.16770000000000018,-0.08462802995792648
-0.16870000000000007,-0.08544856251184822
-0.16970000000000018,-0.08629738929176724
-0.17070000000000007,-0.08728768720167276
-0.17170000000000019,-0.08833457356357288
-0.17270000000000008,-0.08972099063744063
-0.1737000000000002,-0.09034346360938124
-0.17470000000000008,-0.09153182110126787
-0.1757000000000002,-0.0928050612711464
-0.17670000000000008,-0.09338509290409107
-0.1777000000000002,-0.09489883399494665
-0.17870000000000008,-0.09593157324384814
-0.1797000000000002,-0.09745946144770237
-0.18070000000000008,-0.09878929006957551
-0.1817000000000002,-0.09987861777047159
-0.18270000000000008,-0.10118015216634743
-0.1837000000000002,-0.1027221874832003
-0.1847000000000001,-0.10355686715012069
-0.1857000000000002,-0.10567893409991824
-0.1867000000000001,-0.10682485025280893
-0.1877000000000002,-0.10857909226464157
-0.1887000000000001,-0.1101352746944931
-0.1897000000000002,-0.11171975135034196
-0.1907000000000001,-0.11360131737916243
-0.1917000000000001,-0.11517164692201265
-0.19269999999999998,-0.11696833027284123
-0.1937000000000001,-0.11862354249368333
-0.19469999999999998,-0.12032119605352137
-0.1957000000000001,-0.12204714383935672
-0.19669999999999999,-0.12377309162519207
-0.1977000000000001,-0.12545659807203147
-0.1987,-0.12807381397678178
-0.1997000000000001,-0.12998367423159957
-0.2007,-0.13189353448641736
-0.2017000000000001,-0.1338175418542338
-0.2027,-0.13591131457803407
-0.2037000000000001,-0.13767970370286536
-0.2047,-0.14045253785060083
-0.2057000000000001,-0.1424614278964092
-0.2067,-0.14500790823616627
-0.2077000000000001,-0.14712997518596382
-0.2087,-0.14925204213576138
-0.2097000000000001,-0.15250587812545094
-0.2107,-0.1543450028152755
-0.2117000000000001,-0.15689148315503257
-0.2127,-0.15986237688474914
-0.2137000000000001,-0.1622673860945197
-0.2147,-0.16523827982423628
-0.2157000000000001,-0.16820917355395287
-0.2167,-0.17132153841365594
-0.21770000000000012,-0.17471684553333205
-0.2187,-0.1772633258730891
-0.21970000000000012,-0.18037569073279217
-0.2207,-0.18377099785246825
-0.22170000000000012,-0.18660042045219835
-0.2227,-0.19070308322180693
-0.22370000000000012,-0.1936739769515235
-0.2247,-0.1974936974611591
-0.22570000000000012,-0.2008890045808352
-0.2267,-0.2041428405705248
-0.22770000000000012,-0.2081040322101469
-0.22870000000000001,-0.21234816610974203
-0.22970000000000013,-0.2156020020994316
-0.23070000000000002,-0.2198461359990267
-0.23170000000000013,-0.2239487987686353
-0.23270000000000002,-0.22833440379821693
-0.23370000000000013,-0.23229559543783898
-0.23470000000000002,-0.23668120046742064
-0.23570000000000013,-0.24078386323702924
-0.23670000000000002,-0.24516946826661082
-0.2376999999999999,-0.24997948668615194
-0.23870000000000002,-0.2547895051056931
-0.2396999999999999,-0.25959952352523424
-0.24070000000000003,-0.2637021862948429
-0.24169999999999991,-0.269361031494303
-0.24270000000000003,-0.2737466365238846
-0.24369999999999992,-0.27898106833338526
-0.24470000000000003,-0.2842155001428859
-0.24569999999999992,-0.2891669896924135
-0.24670000000000003,-0.2944014215019141
-0.24769999999999992,-0.3004846800913338
-0.24870000000000003,-0.30529469851087493
-0.24969999999999992,-0.3110950148403216
-0.25070000000000003,-0.31675386003978173
-0.2516999999999999,-0.32255417636922834
-0.25270000000000004,-0.32807155043870195
-0.2536999999999999,-0.3344377512880947
-0.25470000000000004,-0.3408039521374874
-0.2556999999999999,-0.346604268466934
-0.25670000000000004,-0.3525460559263671
-0.25769999999999993,-0.3591951990357328
-0.25870000000000004,-0.3652784576251525
-0.25969999999999993,-0.3715031873445586
-0.26070000000000004,-0.37829380158391085
-0.26169999999999993,-0.38508441582326297
-0.26270000000000004,-0.3917335589326287
-0.26369999999999993,-0.3982412309120078
-0.26470000000000005,-0.40531478741133303
-0.26569999999999994,-0.4118224593907122
-0.26670000000000005,-0.4196033715399699
-0.26769999999999994,-0.4266769280392951
-0.26870000000000005,-0.43403342679859325
-0.26969999999999994,-0.44153139668787794
-0.27070000000000005,-0.44874642431718964
-0.27169999999999994,-0.45610292307648787
-0.27270000000000005,-0.4636008929657725
-0.27369999999999994,-0.47166474737500325
-0.27470000000000006,-0.47887977500431494
-0.27569999999999995,-0.4868021582835591
-0.27670000000000006,-0.4943001281728438
-0.27769999999999995,-0.5023639825820745
-0.27870000000000006,-0.5107107792512783
-0.27969999999999995,-0.5191990470504685
-0.28070000000000006,-0.5265555458097667
-0.28169999999999995,-0.5351852847389434
-0.28270000000000006,-0.5428247257582146
-0.28369999999999995,-0.5521618203373237
-0.28470000000000006,-0.5605086170065275
-0.28569999999999995,-0.5691383559357043
-0.28670000000000007,-0.577202210344935
-0.28769999999999996,-0.5863978337940576
-0.28870000000000007,-0.5947446304632614
-0.28969999999999996,-0.6039402539123842
-0.29070000000000007,-0.6121455794516013
-0.29169999999999996,-0.6214826740307106
-0.29270000000000007,-0.6305368263498469
-0.29369999999999996,-0.63930803640901
-0.2947000000000001,-0.6487866021181058
-0.29569999999999996,-0.6579822255672285
-0.2967000000000001,-0.6673193201463378
-0.29769999999999996,-0.6766564147254471
-0.2987000000000001,-0.6859935093045563
-0.29969999999999997,-0.6953306038836656
-0.3007000000000001,-0.7046676984627748
-0.30169999999999997,-0.7144292064318436
-0.3027000000000001,-0.7240492432709258
-0.30369999999999997,-0.7335278089800216
-0.3047000000000001,-0.7431478458191038
-0.30569999999999997,-0.753333767178132
-0.3067000000000001,-0.7626708617572412
-0.3077,-0.7727153119862831
-0.3087000000000001,-0.7827597622153247
-0.3097,-0.792379799054407
-0.3107000000000001,-0.8027071915434218
-0.3117,-0.8126101706424771
-0.3127000000000001,-0.8227960920015054
-0.3137,-0.8329820133605336
-0.3147000000000001,-0.8426020501996159
-0.3157,-0.8534953272085767
-0.3167000000000001,-0.8632568351776454
-0.3177,-0.8733012854066871
-0.3187000000000001,-0.884194562415648
-0.3197,-0.8945219549046627
-0.3207000000000001,-0.9045664051337045
-0.3217,-0.9154596821426652
-0.3227000000000001,-0.9249382478517609
-0.3237,-0.9362559382506813
-0.3247000000000001,-0.946583330739696
-0.3257,-0.9571936654886839
-0.3267000000000001,-0.9673795868477121
-0.3277,-0.9782728638566729
-0.3287000000000001,-0.9887417274756741
-0.3297,-0.9999179467446078
-0.3307000000000001,-1.0099623969736498
-0.3317,-1.02128008737257
-0.3327000000000001,-1.0317489509915712
-0.3337,-1.042076343480586
-0.3347000000000001,-1.0532525627495197
-0.3357,-1.0635799552385345
-0.3367000000000001,-1.0750391167674413
-0.3377,-1.0859323937764023
-0.3387000000000001,-1.097108613045336
-0.3397,-1.1081433611842832
-0.3407000000000001,-1.1188951670632574
-0.3417,-1.1295055018122453
-0.3427000000000001,-1.140681721081179
-0.3437,-1.1522823537400724
-0.3447000000000001,-1.1633171018790196
-0.3457,-1.1739274366280075
-0.3467000000000001,-1.1855280692869008
-0.3477,-1.196562817425848
-0.3487000000000001,-1.2081634500847414
-0.3497,-1.2191981982236886
-0.3507000000000001,-1.2298085329726764
-0.3517,-1.241267694501583
-0.3527000000000001,-1.252443913770517
-0.3537,-1.2636201330394508
-0.3547000000000001,-1.2745134100484117
-0.3557,-1.285548158187359
-0.35670000000000013,-1.2972902619762388
-0.3577,-1.3081835389851995
-0.35870000000000013,-1.3200671139040656
-0.3597,-1.3309603909130265
-0.36070000000000013,-1.3412877834020411
-0.3617,-1.3534543005808806
-0.3626999999999999,-1.3644890487198278
-0.3637,-1.3752408545988022
-0.3646999999999999,-1.387265900647655
-0.3657,-1.3974518220066834
-0.3666999999999999,-1.409759810315509
-0.3677,-1.420370145064497
-0.3686999999999999,-1.431687835463417
-0.36970000000000003,-1.4430055258623373
-0.3706999999999999,-1.4543232162612578
-0.37170000000000003,-1.4656409066601779
-0.3726999999999999,-1.4769585970590984
-0.37370000000000003,-1.4882762874580184
-0.3746999999999999,-1.499593977856939
-0.37570000000000003,-1.510911668255859
-0.3766999999999999,-1.5222293586547795
-0.37770000000000004,-1.5335470490536998
-0.3786999999999999,-1.54486473945262
-0.37970000000000004,-1.5561824298515403
-0.3806999999999999,-1.5675001202504606
-0.38170000000000004,-1.5774030993495158
-0.38269999999999993,-1.5901355010483011
-0.38370000000000004,-1.6028679027470865
-0.38469999999999993,-1.612770881846142
-0.38570000000000004,-1.6240885722450622
-0.38669999999999993,-1.6354062626439825
-0.38770000000000004,-1.6467239530429028
-0.38869999999999993,-1.658041643441823
-0.38970000000000005,-1.6693593338407433
-0.39069999999999994,-1.6792623129397986
-0.39170000000000005,-1.690580003338719
-0.39269999999999994,-1.7033124050375041
-0.39370000000000005,-1.7132153841365596
-0.39469999999999994,-1.7245330745354797
-0.39570000000000005,-1.7358507649344
-0.39669999999999994,-1.7471684553333202
-0.39770000000000005,-1.7584861457322407
-0.39869999999999994,-1.769803836131161
-0.39970000000000006,-1.781121526530081
-0.40069999999999995,-1.7924392169290013
-0.40170000000000006,-1.8037569073279218
-0.40269999999999995,-1.815074597726842
-0.40370000000000006,-1.8263922881257622
-0.40469999999999995,-1.8377099785246829
-0.40570000000000006,-1.849027668923603
-0.40669999999999995,-1.8603453593225232
-0.40770000000000006,-1.8716630497214433
-0.40869999999999995,-1.882980740120364
-0.40970000000000006,-1.894298430519284
-0.41069999999999995,-1.9056161209182045
-0.41170000000000007,-1.9169338113171246
-0.41269999999999996,-1.9282515017160449
-0.41370000000000007,-1.9395691921149654
-0.41469999999999996,-1.9523015938137507
-0.41570000000000007,-1.963619284212671
-0.41669999999999996,-1.9735222633117262
-0.41770000000000007,-1.9862546650105113
-0.41869999999999996,-1.9961576441095665
-0.4197000000000001,-2.008890045808352
-0.42069999999999996,-2.020207736207272
-0.4217000000000001,-2.0315254266061924
-0.42269999999999996,-2.042843117005113
-0.4237000000000001,-2.054160807404033
-0.42469999999999997,-2.0654784978029537
-0.4257000000000001,-2.076796188201874
-0.42669999999999997,-2.0881138786007942
-0.4277000000000001,-2.0994315689997145
-0.42869999999999997,-2.110749259398635
-0.4297000000000001,-2.12348166109742
-0.43069999999999997,-2.133384640196476
-0.4317000000000001,-2.1447023305953956
-0.4327,-2.156020020994316
-0.4337000000000001,-2.1687524226931014
-0.4347,-2.178655401792157
-0.4357000000000001,-2.1899730921910767
-0.4367,-2.201290782589997
-0.4377000000000001,-2.2140231842887825
-0.4387,-2.225340874687703
-0.4397000000000001,-2.2366585650866226
-0.4407,-2.2479762554855434
-0.4417000000000001,-2.2592939458844636
-0.4427,-2.2706116362833835
-0.4437000000000001,-2.280514615382439
-0.4447,-2.2932470170812245
-0.4457000000000001,-2.3045647074801447
-0.4467,-2.3172971091789303
-0.4477000000000001,-2.32861479957785
-0.4487,-2.339932489976771
-0.4497000000000001,-2.351250180375691
-0.4507,-2.362567870774611
-0.4517000000000001,-2.3738855611735317
-0.4527,-2.386617962872317
-0.4537000000000001,-2.3979356532712375
-0.4547,-2.4092533436701573
-0.4557000000000001,-2.420571034069078
-0.4567,-2.4318887244679983
-0.4577000000000001,-2.4432064148669186
-0.4587,-2.4559388165657037
-0.4597000000000001,-2.467256506964624
-0.4607,-2.4785741973635442
-0.4617000000000001,-2.4913065990623298
-0.4627,-2.50262428946125
-0.4637000000000001,-2.515356691160035
-0.4647,-2.5266743815589554
-0.4657000000000001,-2.5379920719578757
-0.4667,-2.550724473656661
-0.4677000000000001,-2.5620421640555815
-0.4687,-2.5733598544545018
-0.4697000000000001,-2.586092256153287
-0.4707,-2.600239369151937
-0.4717000000000001,-2.6115570595508575
-0.4727,-2.6228747499497778
-0.4737000000000001,-2.634192440348698
-0.4747,-2.6469248420474836
-0.4757000000000001,-2.659657243746269
-0.4767,-2.670974934145189
-0.4777000000000001,-2.6837073358439745
-0.4787,-2.69643973754276
-0.4797000000000001,-2.709172139241545
-0.4807,-2.7219045409403306
-0.48170000000000013,-2.7332222313392514
-0.4827,-2.7473693443379013
-0.48370000000000013,-2.7601017460366863
-0.4847,-2.7742488590353367
-0.48570000000000013,-2.785566549434257
-0.4867,-2.798298951133043
-0.4876999999999999,-2.8124460641316933
-0.4887,-2.8265931771303436
-0.4896999999999999,-2.840740290128994
-0.4907,-2.852057980527914
-0.4916999999999999,-2.867619804826429
-0.4927,-2.8789374952253497
-0.4936999999999999,-2.8916698969241352
-0.49470000000000003,-2.9072317212226504
-0.4956999999999999,-2.922793545521166
-0.49670000000000003,-2.9369406585198163
-0.4976999999999999,-2.9510877715184667
-0.49870000000000003,-2.963820173217252
-0.4996999999999999,-2.977967286215902
-0.5007,-2.9921143992145525
-0.5016999999999999,-3.0076762235130676
-0.5027,-3.021823336511718
-0.5036999999999999,-3.0359704495103688
-0.5047,-3.0515322738088844
-0.5056999999999999,-3.0685088094072643
-0.5067,-3.08407063370578
-0.5076999999999999,-3.0982177467044303
-0.5087,-3.1151942823028107
-0.5096999999999999,-3.129341395301461
-0.5107,-3.1434885083001114
-0.5116999999999999,-3.160465043898492
-0.5127,-3.1760268681970074
-0.5136999999999999,-3.1944181150952526
-0.5147,-3.211394650693633
-0.5156999999999999,-3.2269564749921487
-0.5167,-3.243933010590529
-0.5176999999999999,-3.2609095461889095
-0.5187,-3.276471370487425
-0.5196999999999999,-3.2934479060858055
-0.5207,-3.313253864283916
-0.5216999999999999,-3.328815688582431
-0.5227,-3.347206935480677
-0.5236999999999999,-3.3655981823789225
-0.5247,-3.3839894292771677
-0.5257,-3.403795387475278
-0.5267000000000001,-3.4207719230736586
-0.5277,-3.440577881271769
-0.5287000000000001,-3.4603838394698796
-0.5297,-3.4816045089678553
-0.5307000000000001,-3.4999957558661006
-0.5317,-3.519801714064211
-0.5327000000000001,-3.539607672262322
-0.5337,-3.557998919160567
-0.5347000000000001,-3.579219588658543
-0.5357,-3.6004402581565187
-0.5367000000000001,-3.623075638954359
-0.5377,-3.6457110197521994
-0.5387000000000001,-3.6655169779503103
-0.5397,-3.686737647448285
-0.5407000000000001,-3.710787739545991
-0.5417,-3.7320084090439667
-0.5427000000000001,-3.7560585011416725
-0.5437,-3.7786938819395126
-0.5447000000000001,-3.8027439740372184
-0.5457,-3.8267940661349247
-0.5467000000000001,-3.849429446932765
-0.5477,-3.8734795390304706
-0.5487000000000001,-3.901773765027771
-0.5497,-3.927238568425342
-0.5507000000000001,-3.952703371822913
-0.5517,-3.975338752620753
-0.5527000000000001,-4.0050476899179195
-0.5537,-4.033341915915219
-0.5547000000000001,-4.060221430612655
-0.5557,-4.08710094531009
-0.5567000000000001,-4.115395171307392
-0.5577,-4.143689397304692
-0.5587000000000001,-4.171983623301993
-0.5597,-4.20452198319889
-0.5607000000000001,-4.23564563179592
-0.5617,-4.266769280392952
-0.5627000000000001,-4.296478217690116
-0.5637,-4.329016577587013
-0.5647000000000001,-4.362969648783774
-0.5657,-4.395508008680669
-0.5667000000000001,-4.428046368577565
-0.5677,-4.46058472847446
-0.5687000000000001,-4.4973672222709515
-0.5697,-4.534149716067443
-0.5707000000000001,-4.570932209863933
-0.5717,-4.607714703660425
-0.5727000000000001,-4.644497197456915
-0.5737,-4.682694402553271
-0.5747000000000001,-4.723721030249357
-0.5757,-4.763332946645578
-0.5767000000000001,-4.802944863041799
-0.5777,-4.843971490737885
-0.5787000000000001,-4.887827541033701
-0.5797,-4.931683591329518
-0.5807000000000001,-4.975539641625334
-0.5817,-5.01939569192115
-0.5827000000000001,-5.063251742216966
-0.5837,-5.109937215112512
-0.5847000000000001,-5.158037399307924
-0.5857,-5.2075522948032
-0.5867000000000001,-5.255652478998611
-0.5877,-5.306582085793753
-0.5887000000000001,-5.358926403888759
-0.5897,-5.409856010683901
-0.5907000000000001,-5.465029751378637
-0.5917,-5.518788780773508
-0.5927000000000001,-5.576791944067974
-0.5937,-5.6333803960625755
-0.5947000000000001,-5.6913835593570425
-0.5957,-5.752216145251239
-0.5967000000000001,-5.813048731145436
-0.5977,-5.8752960283394975
-0.5987000000000001,-5.938958036833425
-0.5997,-6.005449467927082
-0.6007000000000001,-6.070526187720873
-0.6017,-6.139847041414258
-0.6027000000000001,-6.206338472507916
-0.6037,-6.277074037501167
-0.6047000000000001,-6.34780960249442
-0.6057,-6.421374590087401
-0.6067000000000001,-6.496354288980249
-0.6077,-6.574163410472826
-0.6087000000000001,-6.653387243265268
-0.6097,-6.735440498657439
-0.6107000000000001,-6.816079042749746
-0.6117,-6.900961720741648
-0.6126999999999999,-6.988673821333281
-0.6137,-7.079215344524644
-0.6146999999999999,-7.171171579015871
-0.6157,-7.2659572361068285
-0.6166999999999999,-7.36215760449765
-0.6177,-7.462602106788069
-0.6186999999999999,-7.561631897778621
-0.6197,-7.6663205339686336
-0.6206999999999999,-7.773838592758376
-0.6217,-7.8827713628479845
-0.6226999999999999,-7.997362978137053
-0.6237,-8.110539882126256
-0.6246999999999999,-8.230790342614783
-0.6257,-8.355284937002907
-0.6266999999999999,-8.478364820091164
-0.6277,-8.604274125779153
-0.6286999999999999,-8.734427565366737
-0.6297,-8.868825138853914
-0.6306999999999999,-9.006052134940823
-0.6317,-9.148937976227192
-0.6326999999999999,-9.294653240113291
-0.6337,-9.444612637898985
-0.6346999999999999,-9.59740145828441
-0.6357,-9.754434412569427
-0.6366999999999999,-9.914296789454177
-0.6377,-10.081232722838251
-0.6386999999999999,-10.25241279012192
-0.6397,-10.42642228000532
-0.6406999999999999,-10.607505326388045
-0.6417,-10.78858837277077
-0.6426999999999999,-10.97674497565282
-0.6437,-11.171975135034195
-0.6446999999999999,-11.371449428315165
-0.6457,-11.573753144195864
-0.6466999999999999,-11.77747157137643
-0.6477,-11.991092977656052
-0.6486999999999999,-12.230179187333244
-0.6497,-12.477753664809624
-0.6507,-12.716839874486816
-0.6517000000000001,-12.957340795463871
-0.6527,-13.185109314742142
-0.6537000000000001,-13.427024947019063
-0.6547,-13.697234805293286
-0.6557000000000001,-13.968859374867373
-0.6567,-14.24614278964092
-0.6577000000000001,-14.514937936615278
-0.6587,-14.826174422585586
-0.6597000000000001,-15.123263795557243
-0.6607,-15.43450028152755
-0.6617000000000001,-15.759883880496508
-0.6627,-16.071120366466815
-0.6637000000000001,-16.410651078434423
-0.6647,-16.736034677403385
-0.6657000000000001,-17.07556538937099
-0.6667,-17.4433903273359
-0.6677000000000001,-17.839509491298113
-0.6687,-18.207334429263025
-0.6697000000000001,-18.603453593225233
-0.6707,-18.985425644188794
-0.6717000000000001,-19.409839034148305
-0.6727,-19.848399537106463
-0.6737000000000001,-20.301107153063278
-0.6747,-20.69722631702549
-0.6757000000000001,-21.16408104598095
-0.6767,-21.602641548939108
-0.6777000000000001,-22.111937616890522
-0.6787,-22.621233684841933
-0.6797000000000001,-23.13052975279335
-0.6807,-23.66812004674206
-0.6817000000000001,-24.16326900169483
-0.6827,-24.686712182644893
-0.6837000000000001,-25.252596702590903
-0.6847,-25.832628335535567
-0.6857000000000001,-26.398512855481584
-0.6867,-27.035132940420848
-0.6877000000000001,-27.65760591236147
-0.6887,-28.265931771303435
-0.6897000000000001,-28.831816291249446
-0.6907,-29.482583489187363
-0.6917000000000001,-30.21823336511718
-0.6927,-30.939736128048356
-0.6937000000000001,-31.64709177798087
-0.6947,-32.354447427913385
-0.6957000000000001,-33.11839152984051
-0.6967,-33.698423162785176
-0.6977000000000001,-34.377484586720385
-0.6987,-35.08484023665291
-0.6997000000000001,-35.99025546856653
-0.7007,-36.740052457495004
-0.7017000000000001,-37.617173463411326
-0.7027,-38.3669704523398
-0.7037000000000001,-39.159208780264215
-0.7047,-40.05047689917919
-0.7057000000000001,-40.84271522710361
-0.7067,-41.66324778102533
-0.7077000000000001,-42.526221673943
-0.7087,-43.51651958384853
-0.7097000000000001,-44.4077877027635
-0.7107,-45.11514335269602
-0.7117000000000001,-46.062999923605595
-0.7127,-46.95426804252057
-0.7137000000000001,-47.902124613430146
-0.7147,-48.93486386233162
-0.7157000000000001,-50.010044450229046
-0.7167,-50.943753908139975
-0.7177000000000001,-51.594521106077885
-0.7187,-52.69799591997262
-0.7197000000000001,-53.80147073386735
-0.7207,-54.904945547762075
-0.7217000000000001,-55.8952434576676
-0.7227,-56.927982706569075
-0.7237000000000001,-57.96072195547055
-0.7247,-58.72466605739767
-0.7257000000000001,-59.68666974130589
-0.7267,-60.761850329203334
-0.7277000000000001,-61.87947225609671
-0.7287,-62.91221150499819
-0.7297000000000001,-63.732744058919906
-0.7307,-64.92110155080654
-0.7317000000000001,-65.8972523477134
-0.7327,-66.83096180562433
-0.7337000000000001,-68.20323176649342
-0.7347,-69.81600264833956
-0.7357000000000001,-70.9760659142289
-0.7367,-72.02295227612902
-0.7376999999999999,-73.23960399401295
-0.7387,-74.06013654793468
-0.7396999999999999,-74.83822776286046
-0.7407,-75.68705454277946
-0.7416999999999999,-76.9037062606634
-0.7427,-78.53062425550819
-0.7436999999999999,-80.04436534636378
-0.7447,-81.36004685523827
-0.7456999999999999,-82.26546208715187
-0.7467,-83.31234844905201
-0.7476999999999999,-84.35923481095215
-0.7487,-85.61832786783202
-0.7496999999999999,-86.46715464775104
-0.7507,-87.69795347863361
-0.7516999999999999,-89.12681189149731
-0.7527,-90.42834628737315
-0.7536999999999999,-91.78646913524358
-0.7547,-92.64944302816124
-0.7556999999999999,-93.68218227706274
-0.7567,-94.87053976894937
-0.7576999999999999,-96.21451550382113
-0.7587,-97.71410948167808
-0.7596999999999999,-99.12882078154313
-0.7607,-99.6805581884905
-0.7616999999999999,-100.84062145437981
-0.7627,-102.05727317226375
-0.7636999999999999,-103.13245376016117
-0.7647,-104.32081125204782
-0.7656999999999999,-105.5516100829304
-0.7667,-106.75411468781566
-0.7676999999999999,-107.78685393671715
-0.7687,-108.89032875061187
-0.7696999999999999,-110.12112758149446
-0.7707,-111.3377792993784
-0.7716999999999999,-112.52613679126502
-0.7727,-113.62961160515974
-0.7736999999999999,-114.45014415908147
-0.7747,-115.5253247469789
-0.7757,-116.69953512586686
-0.7767000000000001,-117.74642148776701
-0.7777,-118.96307320565093
-0.7787000000000001,-119.85434132456592
-0.7797,-120.57584408749706
-0.7807000000000001,-121.56614199740261
-0.7817,-122.57058702030677
-0.7827000000000001,-123.4760022522204
-0.7837,-124.31068191914078
-0.7847000000000001,-124.74924242209892
-0.7857,-125.5273336370247
-0.7867000000000001,-125.86686434899234
-0.7857,-124.45215304912726
-0.7847000000000001,-123.29208978323796
-0.7837,-122.16032074334592
-0.7827000000000001,-121.00025747745659
-0.7817,-120.13728358453892
-0.7807000000000001,-118.9772203186496
-0.7797,-117.98692240874406
-0.7787000000000001,-117.25127253281424
-0.7777,-116.0912092669249
-0.7767000000000001,-114.56332106307066
-0.7757,-112.73834348624479
-0.7747,-111.677310011346
-0.7736999999999999,-110.99824858741079
-0.7727,-109.95136222551065
-0.7716999999999999,-109.11668255859028
-0.7707,-107.84344238871174
-0.7696999999999999,-107.19267519077383
-0.7687,-106.2023772808683
-0.7676999999999999,-105.36769761394793
-0.7667,-103.7266325061045
-0.7656999999999999,-102.31192120623945
-0.7647,-101.05282814935958
-0.7636999999999999,-99.86447065747295
-0.7627,-98.74684873057957
-0.7616999999999999,-98.26584688862545
-0.7607,-97.54434412569428
-0.7596999999999999,-96.624781780782
-0.7587,-95.40813006289807
-0.7576999999999999,-94.4319792659912
-0.7567,-93.25776888710321
-0.7556999999999999,-92.43723633318149
-0.7547,-91.54596821426652
-0.7536999999999999,-90.7820241123394
-0.7527,-89.86246176742712
-0.7516999999999999,-89.50878394246087
-0.7507,-89.02778210050676
-0.7496999999999999,-88.20724954658505
-0.7487,-87.68380636563498
-0.7476999999999999,-86.8208324727173
-0.7467,-85.94371146680098
-0.7456999999999999,-85.01000200889004
-0.7447,-84.42997037594539
-0.7436999999999999,-83.48211380503581
-0.7427,-82.46352166913299
-0.7416999999999999,-81.47322375922747
-0.7407,-80.7517209962963
-0.7396999999999999,-80.15754225035298
-0.7387,-79.69068752139752
-0.7376999999999999,-79.05406743645825
-0.7367,-78.31841756052843
-0.7357000000000001,-77.39885521561615
-0.7347,-76.52173420969983
-0.7337000000000001,-75.94170257675518
-0.7327,-75.20605270082535
-0.7317000000000001,-74.49869705089283
-0.7307,-73.55084047998325
-0.7297000000000001,-72.8293377170521
-0.7287,-71.83903980714656
-0.7277000000000001,-71.3438908521938
-0.7267,-70.49506407227477
-0.7257000000000001,-69.7735613093436
-0.7247,-69.6603844053544
-0.7237000000000001,-68.61349804345427
-0.7227,-67.67978858554335
-0.7217000000000001,-67.02902138760544
-0.7207,-66.29337151167562
-0.7197000000000001,-65.82651678272015
-0.7187,-65.11916113278764
-0.7177000000000001,-64.56742372584027
-0.7167,-63.803479623913155
-0.7157000000000001,-62.95465284399414
-0.7147,-62.09167895107646
-0.7137000000000001,-61.327734849149344
-0.7127,-60.775997442201984
-0.7117000000000001,-60.12523024426406
-0.7107,-59.33299191633964
-0.7097000000000001,-58.52660647541657
-0.7087,-57.819250825484055
-0.7077000000000001,-57.16848362754614
-0.7067,-56.68748178559202
-0.7057000000000001,-56.20647994363791
-0.7047,-55.68303676268785
-0.7037000000000001,-55.032269564749924
-0.7027,-54.36735525381336
-0.7017000000000001,-53.67414671687949
-0.7007,-53.094115083934824
-0.6997000000000001,-52.55652478998611
-0.6987,-51.976493157041446
-0.6977000000000001,-51.21254905511432
-0.6967,-50.56178185717641
-0.6957000000000001,-49.95345599823444
-0.6947,-49.33098302629383
-0.6937000000000001,-48.69436294135456
-0.6927,-48.01530151741934
-0.6917000000000001,-47.46356411047198
-0.6907,-46.89767959052597
-0.6897000000000001,-46.2327652795894
-0.6887,-45.93567590661774
-0.6877000000000001,-45.80835188962989
-0.6867,-45.143437578693316
-0.6857000000000001,-44.535111719751356
-0.6847,-43.98337431280399
-0.6837000000000001,-43.34675422786472
-0.6827,-42.738428368922754
-0.6817000000000001,-42.243279413969994
-0.6807,-41.74813045901723
-0.6797000000000001,-41.168098826072566
-0.6787,-40.5880671931279
-0.6777000000000001,-40.05047689917919
-0.6767,-39.44215104023723
-0.6757000000000001,-38.94700208528445
-0.6747,-38.49429446932764
-0.6737000000000001,-37.90011572338433
-0.6727,-37.334231203438314
-0.6717000000000001,-36.69761111849905
-0.6707,-36.17416793754898
-0.6697000000000001,-35.62243053060162
-0.6687,-35.254605592636715
-0.6677000000000001,-34.95751621966506
-0.6667,-34.43407303871499
-0.6657000000000001,-33.89648274476628
-0.6647,-33.38718667681487
-0.6637000000000001,-32.892037721862096
-0.6627,-32.297858975918786
-0.6617000000000001,-31.74612156897142
-0.6607,-31.30756106601326
-0.6597000000000001,-30.925589015049702
-0.6587,-30.43044006009694
-0.6577000000000001,-30.02017378313608
-0.6567,-29.482583489187363
-0.6557000000000001,-29.058170099227848
-0.6547,-28.633756709268344
-0.6537000000000001,-28.280078884302082
-0.6527,-27.78492992934932
-0.6517000000000001,-27.332222313392506
-0.6507,-26.921956036431645
-0.6497,-26.55413109846674
-0.6486999999999999,-26.20045327350048
-0.6477,-25.691157205549064
-0.6466999999999999,-25.266743815589557
-0.6457,-24.941360216620595
-0.6446999999999999,-24.64427084364894
-0.6437,-24.262298792685378
-0.6426999999999999,-23.92276808071777
-0.6417,-23.526648916755562
-0.6406999999999999,-23.15882397879065
-0.6397,-22.76270481482844
-0.6386999999999999,-22.39487987686353
-0.6377,-21.98461359990267
-0.6366999999999999,-21.659230000933714
-0.6357,-21.347993514963402
-0.6346999999999999,-21.036757028993097
-0.6337,-20.711373430024135
-0.6326999999999999,-20.414284057052477
-0.6317,-20.03231200608892
-0.6306999999999999,-19.77766397211321
-0.6297,-19.466427486142905
-0.6286999999999999,-19.155191000172596
-0.6277,-18.88639585319824
-0.6266999999999999,-18.645894932221182
-0.6257,-18.377099785246827
-0.6246999999999999,-18.08001041227517
-0.6237,-17.81121526530081
-0.6226999999999999,-17.471684553333205
-0.6217,-17.174595180361546
-0.6206999999999999,-16.93409425938449
-0.6197,-16.693593338407435
-0.6186999999999999,-16.424798191433077
-0.6177,-16.15600304445872
-0.6166999999999999,-15.91550212348166
-0.6157,-15.70329542850191
-0.6146999999999999,-15.462794507524851
-0.6137,-15.222293586547794
-0.6126999999999999,-14.98179266557074
-0.6117,-14.755438857592333
-0.6107000000000001,-14.514937936615278
-0.6097,-14.274437015638219
-0.6087000000000001,-14.06647445455806
-0.6077,-13.858511893477898
-0.6067000000000001,-13.649134621097875
-0.6057,-13.436927926118118
-0.6047000000000001,-13.219062385938905
-0.6037,-13.022417515257663
-0.6027000000000001,-12.827187355876287
-0.6017,-12.637616041694372
-0.6007000000000001,-12.453703572711918
-0.5997,-12.266961681129732
-0.5987000000000001,-12.091537479946469
-0.5977,-11.903380877064418
-0.5967000000000001,-11.713809562882503
-0.5957,-11.528482382600183
-0.5947000000000001,-11.38418183001395
-0.5937,-11.229978298328662
-0.5927000000000001,-11.074360055343508
-0.5917,-10.904594699359702
-0.5907000000000001,-10.734829343375898
-0.5897,-10.574966966491148
-0.5887000000000001,-10.425007568705455
-0.5877,-10.279292304819355
-0.5867000000000001,-10.150553576531639
-0.5857,-10.020400136944055
-0.5847000000000001,-9.873270161758091
-0.5837,-9.728969609171857
-0.5827000000000001,-9.59740145828441
-0.5817,-9.463003884797232
-0.5807000000000001,-9.342753424308702
-0.5797,-9.218258829920579
-0.5787000000000001,-9.08952010163286
-0.5777,-8.965025507244738
-0.5767000000000001,-8.84760446935594
-0.5757,-8.734427565366737
-0.5747000000000001,-8.615591816178071
-0.5737,-8.50241491218887
-0.5727000000000001,-8.393482142099263
-0.5717,-8.307184752807496
-0.5707000000000001,-8.199666694017752
-0.5697,-8.092148635228009
-0.5687000000000001,-7.991704132937592
-0.5677,-7.88701549674758
-0.5667000000000001,-7.7837415718574325
-0.5657,-7.683297069567015
-0.5647000000000001,-7.592755546375652
-0.5637,-7.50504344578402
-0.5627000000000001,-7.415916633892522
-0.5617,-7.3197162655017
-0.5607000000000001,-7.230589453610202
-0.5597,-7.1414626417187055
-0.5587000000000001,-7.057994675026669
-0.5577,-6.970282574435036
-0.5567000000000001,-6.891058741642594
-0.5557,-6.809005486250422
-0.5547000000000001,-6.729781653457979
-0.5537,-6.654801954565133
-0.5527000000000001,-6.5840663895718805
-0.5517,-6.511916113278764
-0.5507000000000001,-6.434106991786186
-0.5497,-6.361956715493069
-0.5487000000000001,-6.294050573099549
-0.5477,-6.228973853305757
-0.5467000000000001,-6.161067710912235
-0.5457,-6.098820413718173
-0.5447000000000001,-6.029499560024787
-0.5437,-5.967252262830725
-0.5427000000000001,-5.902175543036933
-0.5417,-5.839928245842872
-0.5407000000000001,-5.7833397938482705
-0.5397,-5.723921919253939
-0.5387000000000001,-5.665918755959472
-0.5377,-5.605086170065275
-0.5367000000000001,-5.548497718070673
-0.5357,-5.487665132176478
-0.5347000000000001,-5.439564947981066
-0.5337,-5.384391207286329
-0.5327000000000001,-5.332046889191323
-0.5317,-5.278287859796452
-0.5307000000000001,-5.22735825300131
-0.5297,-5.1792580688059
-0.5287000000000001,-5.131157884610488
-0.5277,-5.080228277815347
-0.5267000000000001,-5.0292986710202054
-0.5257,-4.9840279094245235
-0.5247,-4.934513013929248
-0.5236999999999999,-4.890656963633432
-0.5227,-4.841142068138156
-0.5216999999999999,-4.794456595242609
-0.5207,-4.747771122347063
-0.5196999999999999,-4.709573917250707
-0.5187,-4.667132578254756
-0.5176999999999999,-4.626105950558669
-0.5167,-4.585079322862584
-0.5156999999999999,-4.541223272566767
-0.5147,-4.500196644870682
-0.5136999999999999,-4.456340594574866
-0.5127,-4.41814338947851
-0.5116999999999999,-4.379946184382153
-0.5107,-4.341748979285797
-0.5096999999999999,-4.302137062889576
-0.5087,-4.265354569093086
-0.5076999999999999,-4.2285720752965945
-0.5067,-4.190374870200238
-0.5056999999999999,-4.155007087703612
-0.5047,-4.116809882607257
-0.5036999999999999,-4.081442100110631
-0.5027,-4.05314787411333
-0.5016999999999999,-4.017780091616704
-0.5007,-3.982412309120079
-0.4996999999999999,-3.9484592379233177
-0.49870000000000003,-3.914506166726557
-0.4976999999999999,-3.8791383842299307
-0.49670000000000003,-3.8466000243330347
-0.4956999999999999,-3.8140616644361387
-0.49470000000000003,-3.781523304539243
-0.4936999999999999,-3.748984944642347
-0.4927,-3.7192760073451816
-0.4916999999999999,-3.6824935135486903
-0.4907,-3.6485404423519294
-0.4896999999999999,-3.6188315050547635
-0.4887,-3.586293145157868
-0.4876999999999999,-3.555169496560837
-0.4867,-3.5240458479638064
-0.48570000000000013,-3.4957516219665052
-0.4847,-3.4660426846693397
-0.48370000000000013,-3.439163169971904
-0.4827,-3.4094542326747383
-0.48170000000000013,-3.3783305840777076
-0.4807,-3.3486216467805416
-0.4797000000000001,-3.3203274207832414
-0.4787,-3.2892037721862106
-0.4777000000000001,-3.2609095461889095
-0.4767,-3.2340300314914736
-0.4757000000000001,-3.205735805494173
-0.4747,-3.1774415794968722
-0.4737000000000001,-3.1491473534995715
-0.4727,-3.120853127502271
-0.4717000000000001,-3.0939736128048354
-0.4707,-3.0670940981073995
-0.4697000000000001,-3.0373851608102336
-0.4687,-3.0147497800123935
-0.4677000000000001,-2.9921143992145525
-0.4667,-2.963820173217252
-0.4657000000000001,-2.9341112359200863
-0.4647,-2.9058170099227856
-0.4637000000000001,-2.8803522065252145
-0.4627,-2.852057980527914
-0.4617000000000001,-2.8251784658304784
-0.4607,-2.798298951133043
-0.4597000000000001,-2.7714194364356066
-0.4587,-2.744539921738171
-0.4577000000000001,-2.719075118340601
-0.4567,-2.6921956036431647
-0.4557000000000001,-2.6681455115454593
-0.4547,-2.639851285548158
-0.4537000000000001,-2.615801193450453
-0.4527,-2.590336390052882
-0.4517000000000001,-2.5634568753554463
-0.4507,-2.5379920719578757
-0.4497000000000001,-2.5139419798601703
-0.4487,-2.4898918877624645
-0.4477000000000001,-2.465841795664759
-0.4467,-2.4403769922671885
-0.4457000000000001,-2.414912188869618
-0.4447,-2.3908620967719116
-0.4437000000000001,-2.3653972933743415
-0.4427,-2.3413472012766356
-0.4417000000000001,-2.3172971091789303
-0.4407,-2.2932470170812245
-0.4397000000000001,-2.2677822136836534
-0.4387,-2.2451468328858133
-0.4377000000000001,-2.2210967407881075
-0.4367,-2.197046648690402
-0.4357000000000001,-2.1729965565926963
-0.4347,-2.148946464494991
-0.4337000000000001,-2.12631108369715
-0.4327,-2.102260991599445
-0.4317000000000001,-2.079625610801604
-0.43069999999999997,-2.0555755187038987
-0.4297000000000001,-2.0343548492059225
-0.42869999999999997,-2.011719468408082
-0.4277000000000001,-1.9876693763103765
-0.42669999999999997,-1.9664487068124006
-0.4257000000000001,-1.9423986147146954
-0.42469999999999997,-1.9197632339168547
-0.4237000000000001,-1.8985425644188794
-0.42269999999999996,-1.8773218949209036
-0.4217000000000001,-1.8546865141230628
-0.42069999999999996,-1.8320511333252225
-0.4197000000000001,-1.8094157525273817
-0.41869999999999996,-1.7881950830294064
-0.41770000000000007,-1.7655597022315657
-0.41669999999999996,-1.7443390327335901
-0.41570000000000007,-1.7231183632356148
-0.41469999999999996,-1.701897693737639
-0.41370000000000007,-1.6806770242396636
-0.41269999999999996,-1.660871066041553
-0.41170000000000007,-1.6382356852437125
-0.41069999999999995,-1.6184297270456018
-0.40970000000000006,-1.5972090575476263
-0.40869999999999995,-1.5774030993495158
-0.40770000000000006,-1.5561824298515403
-0.40669999999999995,-1.5349617603535646
-0.40570000000000006,-1.5137410908555893
-0.40469999999999995,-1.4939351326574788
-0.40370000000000006,-1.4741291744593683
-0.40269999999999995,-1.4543232162612578
-0.40170000000000006,-1.4345172580631471
-0.40069999999999995,-1.4142868864750773
-0.39970000000000006,-1.3949053416669261
-0.39869999999999994,-1.3749579123388291
-0.39770000000000005,-1.3562837231806106
-0.39669999999999994,-1.3364777649825001
-0.39570000000000005,-1.317096220174349
-0.39469999999999994,-1.2978561464961846
-0.39370000000000005,-1.2793234284679527
-0.39269999999999994,-1.2599418836598018
-0.39170000000000005,-1.2421165212815022
-0.39069999999999994,-1.2234423321232837
-0.38970000000000005,-1.2037778450551597
-0.38869999999999993,-1.1863768960668197
-0.38770000000000004,-1.1679856491685743
-0.38669999999999993,-1.150584700180234
-0.38570000000000004,-1.1321934532819888
-0.38469999999999993,-1.1143680909036895
-0.38370000000000004,-1.097108613045336
-0.38269999999999993,-1.079424721797023
-0.38170000000000004,-1.0610334748987775
-0.3806999999999999,-1.0447642949503297
-0.37970000000000004,-1.027221874832003
-0.3786999999999999,-1.010669752623582
-0.37770000000000004,-0.9941176304151613
-0.3766999999999999,-0.9771410948167809
-0.37570000000000003,-0.960871914868333
-0.3746999999999999,-0.9444612637898985
-0.37370000000000003,-0.9280506127114639
-0.3726999999999999,-0.9126302595429352
-0.37170000000000003,-0.8967854929844468
-0.3706999999999999,-0.8806577841659853
-0.36970000000000003,-0.865661844387416
-0.3686999999999999,-0.850807375738833
-0.3677,-0.8365187916101962
-0.3666999999999999,-0.8210984384416673
-0.3657,-0.806385440923071
-0.3646999999999999,-0.7919553856644476
-0.3637,-0.7778082726657971
-0.3626999999999999,-0.7636611596671468
-0.3617,-0.7492311044085235
-0.36070000000000013,-0.7352254625398595
-0.3597,-0.7217857051911418
-0.35870000000000013,-0.7084874189724104
-0.3577,-0.6947647193637195
-0.35670000000000013,-0.6816079042749748
-0.3557,-0.6681681469262569
-0.3547000000000001,-0.655860158617431
-0.3537,-0.6428448146586726
-0.3527000000000001,-0.6305368263498469
-0.3517,-0.617380011261102
-0.3507000000000001,-0.6049305518222896
-0.3497,-0.5934713902933829
-0.3487000000000001,-0.5815878153745165
-0.3477,-0.5698457115856368
-0.3467000000000001,-0.5581036077967569
-0.3457,-0.5465029751378637
-0.3447000000000001,-0.5353267558689299
-0.3437,-0.5245749499899556
-0.3427000000000001,-0.5131157884610488
-0.3417,-0.502505453712061
-0.3407000000000001,-0.4921780612230462
-0.3397,-0.48199213986401795
-0.3387000000000001,-0.47124033398504367
-0.3377,-0.46119588375600196
-0.3367000000000001,-0.45030260674704115
-0.3357,-0.4408240410379454
-0.3347000000000001,-0.4319113598487957
-0.3337,-0.42200838074974045
-0.3327000000000001,-0.4121054016506852
-0.3317,-0.40290977820156243
-0.3307000000000001,-0.3942800392723857
-0.3297,-0.3855088292132225
-0.3287000000000001,-0.37617173463411324
-0.3277,-0.3678249379649095
-0.3267000000000001,-0.35905372790574636
-0.3257,-0.35014104671659657
-0.3247000000000001,-0.3423601345673389
-0.3237,-0.3344377512880947
-0.3227000000000001,-0.326656839138837
-0.3217,-0.3185929847296063
-0.3207000000000001,-0.310670601450362
-0.3197,-0.3033141026910639
-0.3187000000000001,-0.2960990750617522
-0.3177,-0.2883181629124945
-0.3167000000000001,-0.2811031352831828
-0.3157,-0.2740295787838576
-0.3147000000000001,-0.26752190680447846
-0.3137,-0.2607312925651262
-0.3127000000000001,-0.2540821494557606
-0.3117,-0.24700859295643537
-0.3107000000000001,-0.24106680549700227
-0.3097,-0.23441766238763656
-0.3087000000000001,-0.22833440379821693
-0.3077,-0.22196820294882427
-0.3067000000000001,-0.21630935774936413
-0.30569999999999997,-0.21036757028993097
-0.3047000000000001,-0.20428431170051128
-0.30369999999999997,-0.19904987989101067
-0.3027000000000001,-0.19282515017160448
-0.30169999999999997,-0.18759071836210386
-0.3007000000000001,-0.18235628655260325
-0.29969999999999997,-0.1771218547431026
-0.2987000000000001,-0.17160448067362896
-0.29769999999999996,-0.1666529911241013
-0.2967000000000001,-0.1615600304445872
-0.29569999999999996,-0.15675001202504607
-0.2947000000000001,-0.15165705134553195
-0.29369999999999996,-0.14712997518596382
-0.29270000000000007,-0.1426028990263957
-0.29169999999999996,-0.13767970370286536
-0.29070000000000007,-0.1330535977523067
-0.28969999999999996,-0.12916314167767784
-0.28870000000000007,-0.12446630016212593
-0.28769999999999996,-0.12056169697449844
-0.28670000000000007,-0.116289268848906
-0.28569999999999995,-0.11177633980233655
-0.28470000000000006,-0.10777270682371849
-0.28369999999999995,-0.10388225074908965
-0.28270000000000006,-0.10043035517741895
-0.28169999999999995,-0.09635598663380765
-0.28070000000000006,-0.09270603148015585
-0.27969999999999995,-0.08935316569947571
-0.27870000000000006,-0.08561832786783201
-0.27769999999999995,-0.08189763714918698
-0.27670000000000006,-0.07833256467352707
-0.27569999999999995,-0.07488066910185638
-0.27470000000000006,-0.07229174742310338
-0.27369999999999994,-0.06851446825246373
-0.27270000000000005,-0.06557186874874445
-0.27169999999999994,-0.06275659326201304
-0.27070000000000005,-0.059248109238347745
-0.26969999999999994,-0.05622062705663656
-0.26870000000000005,-0.05347608713489838
-0.26769999999999994,-0.05078813566515482
-0.26670000000000005,-0.047647476579454444
-0.26569999999999994,-0.044591700171745956
-0.26470000000000005,-0.04225742652696864
-0.26369999999999993,-0.03955532794422643
-0.26270000000000004,-0.03758887923741403
-0.26169999999999993,-0.033726717388782475
-0.26070000000000004,-0.03181685713396468
-0.25969999999999993,-0.028831816291249444
-0.25870000000000004,-0.02703513294042085
-0.25769999999999993,-0.02467256506964624
-0.25670000000000004,-0.022012907825899968
-0.2556999999999999,-0.02000401778009162
-0.25470000000000004,-0.01803756907327922
-0.2536999999999999,-0.015406206055530251
-0.25270000000000004,-0.013521810604110021
-0.2516999999999999,-0.011065871787544316
-0.25070000000000003,-0.009320118043510862
-0.24969999999999992,-0.007520605270082535
-0.24870000000000003,-0.004924610034830193
-0.24769999999999992,-0.002969479018416712
-0.24670000000000003,-0.0016721887564404734
-0.24569999999999992,0.0006726952230858249
-0.24470000000000003,0.0022918323057813596
-0.24369999999999992,0.003952703371822912
-0.24270000000000003,0.005515959358173779
-0.24169999999999991,0.007553143629979431
-0.24070000000000003,0.009508274646392912
-0.2396999999999999,0.01094562132705579
-0.23870000000000002,0.012661666133792078
-0.2376999999999999,0.014486643710617976
-0.23670000000000002,0.01583061944548976
-0.23570000000000013,0.017556567231325104
-0.23470000000000002,0.018900542966196893
-0.23370000000000013,0.01965033995512536
-0.23270000000000002,0.021786554017921567
-0.23170000000000013,0.0230032057358055
-0.23070000000000002,0.02471500640864219
-0.22970000000000013,0.02594580523952477
-0.22870000000000001,0.02665316088945729
-0.22770000000000012,0.028718639387260245
-0.2267,0.02946843637618871
-0.22570000000000012,0.031010471693041605
-0.2247,0.03200076960294713
-0.22370000000000012,0.03323156843382971
-0.2227,0.03441992592571634
-0.22170000000000012,0.035947814129570585
-0.2207,0.0368249351354869
-0.21970000000000012,0.03819720509635599
-0.2187,0.03843770601733305
-0.21770000000000012,0.04017780091616704
-0.2167,0.04150762953804018
-0.2157000000000001,0.04279501682091736
-0.2147,0.043205283097878217
-0.2137000000000001,0.044039962764798594
-0.2127,0.044733171301732454
-0.2117000000000001,0.04677035557353812
-0.2107,0.04729379875448818
-0.2097000000000001,0.047689917918450384
-0.2087,0.04916121767031002
-0.2077000000000001,0.04935927725229113
-0.2067,0.050660811648166965
-0.2057000000000001,0.05208967006103065
-0.2047,0.0520189344960374
-0.2037000000000001,0.05281117282396182
-0.2027,0.05353267558689299
-0.2017000000000001,0.05480591575677152
-0.2007,0.05576791944067974
-0.1997000000000001,0.0560367145876541
-0.1987,0.056546010655605515
-0.1977000000000001,0.05742313166152184
-0.19669999999999999,0.05845587091042332
-0.1957000000000001,0.059106638108361226
-0.19469999999999998,0.05971496396730319
-0.1937000000000001,0.06037987827823976
-0.19269999999999998,0.06352053736394014
-0.1917000000000001,0.06419959878787536
-0.1907000000000001,0.06427033435286862
-0.1897000000000002,0.06490695443780789
-0.1887000000000001,0.06507671979379169
-0.1877000000000002,0.06608116481669586
-0.1867000000000001,0.06625093017267966
-0.1857000000000002,0.06666119644964053
-0.1847000000000001,0.06701487427460678
-0.1837000000000002,0.0677788183765339
-0.18270000000000008,0.06831640867048261
-0.1817000000000002,0.06859935093045562
-0.18070000000000008,0.0693491479193841
-0.1797000000000002,0.06973111997034764
-0.17870000000000008,0.07002820934331933
-0.1777000000000002,0.07050921118527342
-0.17670000000000008,0.0714287735301857
-0.1757000000000002,0.07199465805013172
-0.17470000000000008,0.07263127813507098
-0.1737000000000002,0.07268786658706558
-0.17270000000000008,0.07332448667200485
-0.17170000000000019,0.07403184232193737
-0.17070000000000007,0.07425819612991578
-0.16970000000000018,0.07449869705089282
-0.16870000000000007,0.07514946424883075
-0.16770000000000018,0.0753333767178132
-0.16670000000000007,0.07604073236774572
-0.16570000000000018,0.0767339409046796
-0.16470000000000007,0.0767056466786823
-0.16370000000000018,0.07722908985963235
-0.16270000000000007,0.07800718107455813
-0.16170000000000018,0.07844574157751628
-0.16070000000000007,0.07901162609746229
-0.15970000000000018,0.0792945683574353
-0.15870000000000006,0.07939359814842585
-0.15770000000000017,0.08031316049333813
-0.15670000000000006,0.08069513254430169
-0.15570000000000017,0.0813458997422396
-0.15470000000000006,0.08165713622820991
-0.15370000000000017,0.08164298911521127
-0.15270000000000006,0.08277475815510331
-0.15170000000000017,0.08267572836411274
-0.15070000000000006,0.08322746577106012
-0.14970000000000017,0.08396311564698994
-0.14870000000000005,0.08411873388997508
-0.14770000000000016,0.08442997037594539
-0.14670000000000005,0.08506659046088466
-0.14570000000000016,0.08568906343282526
-0.14470000000000005,0.08643886042175375
-0.14370000000000016,0.08649544887374834
-0.14270000000000005,0.0869057151507092
-0.14170000000000016,0.08752818812264983
-0.14070000000000005,0.08789601306061473
-0.13970000000000016,0.08861751582354589
-0.13870000000000005,0.0889004580835189
-0.13770000000000016,0.08939560703847166
-0.13670000000000004,0.09004637423640958
-0.13570000000000015,0.09001808001041228
-0.13470000000000004,0.09062640586935425
-0.13370000000000015,0.09131961440628812
-0.13270000000000004,0.09230991231619365
-0.13170000000000015,0.09270603148015585
-0.13070000000000004,0.09338509290409107
-0.12970000000000015,0.09335679867809377
-0.12870000000000004,0.09386609474604518
-0.12770000000000015,0.094035860102029
-0.12670000000000003,0.09512518780292507
-0.12570000000000014,0.09570521943586972
-0.12470000000000003,0.09618622127782384
-0.12370000000000014,0.09666722311977795
-0.12270000000000003,0.09721896052672531
-0.12170000000000014,0.0982234055496295
-0.12070000000000003,0.09874684873057955
-0.11970000000000014,0.0988175842955728
-0.11870000000000003,0.09969470530148912
-0.11770000000000014,0.1002464427084365
-0.11670000000000003,0.10112356371435283
-0.11570000000000014,0.10214215585025564
-0.11470000000000002,0.10194409626827454
-0.11370000000000013,0.10259486346621245
-0.11270000000000002,0.10388225074908965
-0.11170000000000013,0.10425007568705455
-0.11070000000000024,0.10512719669297087
-0.10970000000000013,0.10610334748987776
-0.10870000000000024,0.10644287820184536
-0.10770000000000013,0.10703705694778867
-0.10670000000000024,0.10829615000466856
-0.10570000000000013,0.10877715184662266
-0.10470000000000024,0.1100503920165012
-0.10370000000000013,0.10988062666051741
-0.10270000000000024,0.11135192641237703
-0.10170000000000012,0.11208757628830686
-0.10070000000000023,0.11279493193823936
-0.09970000000000012,0.11348814047517325
-0.09870000000000023,0.11454917395007203
-0.09770000000000012,0.11500188156602882
-0.09670000000000023,0.11621853328391277
-0.09570000000000012,0.117463479227794
-0.09470000000000023,0.11710980140282773
-0.09370000000000012,0.1190621029966415
-0.09270000000000023,0.11937333948261179
-0.09170000000000011,0.12109928726844714
-0.09070000000000022,0.12153784777140529
-0.08970000000000011,0.12231593898633109
-0.08870000000000022,0.12374479739919475
-0.08770000000000011,0.12440971171013133
-0.08670000000000022,0.12575368744500312
-0.08570000000000011,0.12678642669390458
-0.08470000000000022,0.1274088996658452
-0.08370000000000011,0.12851237447973993
-0.08270000000000022,0.1301392924745847
-0.0817000000000001,0.13054955875154559
-0.08070000000000022,0.1328555381703256
-0.0797000000000001,0.13292627373531885
-0.07870000000000021,0.13489272244213124
-0.0777000000000001,0.13557178386606644
-0.07670000000000021,0.13694405382693556
-0.0757000000000001,0.13800508730183433
-0.07470000000000021,0.13908026788973174
-0.0737000000000001,0.14033936094661165
-0.07270000000000021,0.14175407224647668
-0.0717000000000001,0.14316878354634172
-0.07070000000000021,0.14472496597619325
-0.0697000000000001,0.14599820614607179
-0.0687000000000002,0.1467055617960043
-0.0677000000000001,0.14896909987578838
-0.0667000000000002,0.1499593977856939
-0.06570000000000009,0.15165705134553195
-0.0647000000000002,0.15250587812545094
-0.06370000000000009,0.1543450028152755
-0.0627000000000002,0.15604265637511353
-0.06170000000000009,0.15774030993495158
-0.0607000000000002,0.15929649236480314
-0.059700000000000086,0.16056973253468165
-0.058700000000000196,0.1619844438345467
-0.057700000000000085,0.16368209739438472
-0.056700000000000195,0.1655212220842093
-0.05570000000000008,0.16707740451406086
-0.05470000000000019,0.16849211581392587
-0.05370000000000008,0.17061418276372342
-0.05270000000000019,0.17202889406358848
-0.05170000000000008,0.17415096101338604
-0.05070000000000019,0.17613155683319706
-0.04970000000000008,0.1769803836131161
-0.04870000000000019,0.17924392169290015
-0.047700000000000076,0.18136598864269768
-0.046700000000000186,0.18306364220253574
-0.045700000000000074,0.1850442380223468
-0.044700000000000184,0.18631747819222533
-0.04370000000000007,0.1890054296619689
-0.04270000000000018,0.19056161209182043
-0.04170000000000007,0.19254220791163149
-0.04070000000000018,0.19480574599141554
-0.03970000000000007,0.19607898616129407
-0.03870000000000018,0.19876693763103764
-0.03770000000000007,0.2008890045808352
-0.03670000000000018,0.20315254266061927
-0.035700000000000065,0.20499166735044383
-0.034700000000000175,0.20626490752032234
-0.03370000000000006,0.2088113878600794
-0.03270000000000017,0.21093345480987696
-0.03170000000000006,0.21319699288966104
-0.03070000000000017,0.2153190598394586
-0.02970000000000006,0.21744112678925615
-0.02870000000000017,0.21970466486904017
-0.027700000000000058,0.22168526068885125
-0.026700000000000168,0.22380732763864883
-0.025700000000000056,0.22607086571843285
-0.024700000000000166,0.22805146153824393
-0.023700000000000054,0.23031499961802795
-0.022700000000000164,0.232578537697812
-0.021700000000000053,0.23484207577759608
-0.020700000000000163,0.2368226715974071
-0.01970000000000005,0.2389447385472047
-0.01870000000000016,0.24092533436701574
-0.01770000000000005,0.24276445905684027
-0.01670000000000016,0.24573535278655687
-0.015700000000000047,0.2471500640864219
-0.014700000000000157,0.24913065990623293
-0.013700000000000045,0.2518186113759765
-0.012700000000000156,0.25309185154585506
-0.011700000000000044,0.25563833188561214
-0.010700000000000154,0.25790186996539616
-0.009700000000000042,0.2591751101352747
-0.008700000000000152,0.2620045327350048
-0.00770000000000004,0.26299483064491036
-0.00670000000000015,0.26554131098466743
-0.005700000000000038,0.26723896454450546
-0.0047000000000001485,0.268229262454411
-0.0037000000000000366,0.27077574279416805
-0.0027000000000001467,0.27176604070407356
-0.0017000000000000348,0.2736051653938981
-0.000700000000000145,0.27558576121370915
0.00029999999999996696,0.2762931168636417
0.0012999999999998568,0.27827371268345275
0.0022999999999999687,0.27940548172334473
0.0032999999999998586,0.2812446064131693
0.0042999999999999705,0.28223490432307485
0.00529999999999986,0.28280078884302084
0.006299999999999972,0.2839325578829129
0.007299999999999862,0.2852057980527914
0.008299999999999974,0.2857716825727374
0.009299999999999864,0.2869034516126294
0.010299999999999976,0.28761080726256194
0.011299999999999866,0.2883181629124945
0.012299999999999978,0.28930846082239997
0.013299999999999867,0.2368226715974071
0.012299999999999978,0.20329401379060577
0.011299999999999866,0.18320511333252223
0.010299999999999976,0.16792623129397988
0.009299999999999864,0.15392058942531597
0.008299999999999974,0.14175407224647668
0.007299999999999862,0.1309739721415051
0.006299999999999972,0.12066072676548899
0.00529999999999986,0.11249784256526771
0.0042999999999999705,0.10402372187907614
0.0032999999999998586,0.09621451550382115
0.0022999999999999687,0.08902778210050676
0.0012999999999998568,0.08203910827917348
0.00029999999999996696,0.07574364299477407
-0.000700000000000145,0.06991503243933012
-0.0017000000000000348,0.06383177384991046
-0.0027000000000001467,0.05886613718738417
-0.0037000000000000366,0.053787323620868695
-0.0047000000000001485,0.04924610034830192
-0.005700000000000038,0.04447852326775675
-0.00670000000000015,0.04077197966211036
-0.00770000000000004,0.03624490350254224
-0.008700000000000152,0.032538359896895845
-0.009700000000000042,0.028421550014288588
-0.010700000000000154,0.025040390007611147
-0.011700000000000044,0.022592939458844635
-0.012700000000000156,0.01885810162720094
-0.013700000000000045,0.016311621287443873
-0.014700000000000157,0.012941778971165356
-0.015700000000000047,0.010051523785541087
-0.01670000000000016,0.008349626091803447
-0.01770000000000005,0.004664303155655026
-0.01870000000000016,0.0029751378636161717
-0.01970000000000005,0.0006169555978711424
-0.020700000000000163,-0.0018674189158218483
-0.021700000000000053,-0.003918750300626152
-0.022700000000000164,-0.005803145752046381
-0.023700000000000054,-0.007813450509154597
-0.024700000000000166,-0.0099213703459535
-0.025700000000000056,-0.011846792425069818
-0.026700000000000168,-0.013564251943105973
-0.027700000000000058,-0.014911057100577486
-0.02870000000000017,-0.01656626932141958
-0.02970000000000006,-0.017995127734283266
-0.03070000000000017,-0.019551310164134805
-0.03170000000000006,-0.021291405062968803
-0.03270000000000017,-0.022295850085872978
-0.03370000000000006,-0.023215412430785252
-0.034700000000000175,-0.025252596702590904
-0.035700000000000065,-0.026356071516485634
-0.03670000000000018,-0.02755857612137091
-0.03770000000000007,-0.028265931771303435
-0.03870000000000018,-0.029553319054180613
-0.03970000000000007,-0.030784117885063196
-0.04070000000000018,-0.03144903219599977
-0.04170000000000007,-0.03282130215686885
-0.04270000000000018,-0.033627687597791917
-0.04370000000000007,-0.034377484586720394
-0.044700000000000184,-0.03593366701657193
-0.045700000000000074,-0.035820490112582724
-0.046700000000000186,-0.03652784576251525
-0.047700000000000076,-0.037801085932393785
-0.04870000000000019,-0.038126469531362735
-0.04970000000000008,-0.03973924041320888
-0.05070000000000019,-0.039824123091200786
-0.05170000000000008,-0.04046074317614005
-0.05270000000000019,-0.041550070877036126
-0.05370000000000008,-0.04142274686004828
-0.05470000000000019,-0.04262525146493356
-0.05570000000000008,-0.042922340837905214
-0.056700000000000195,-0.04333260711486608
-0.057700000000000085,-0.04378531473082289
-0.058700000000000196,-0.04436534636376756
-0.059700000000000086,-0.04480390686672571
-0.0607000000000002,-0.045327350047675775
-0.06170000000000009,-0.04534149716067442
-0.0627000000000002,-0.04657229599155701
-0.06370000000000009,-0.0464025306355732
-0.0647000000000002,-0.046883532477527315
-0.06570000000000009,-0.04747771122347064
-0.0667000000000002,-0.04757674101446118
-0.0677000000000001,-0.04805774285641529
-0.0687000000000002,-0.04868021582835592
-0.0697000000000001,-0.04856703892436671
-0.07070000000000021,-0.04868021582835592
-0.0717000000000001,-0.04890656963633432
-0.07270000000000021,-0.04959977817326818
-0.0737000000000001,-0.04961392528626684
-0.07470000000000021,-0.050010044450229045
-0.0757000000000001,-0.050052485789225
-0.07670000000000021,-0.050660811648166965
-0.0777000000000001,-0.05033542804919801
-0.07870000000000021,-0.05068910587416426
-0.0797000000000001,-0.051028636586131874
-0.08070000000000022,-0.05090131256914402
-0.0817000000000001,-0.051410608637095435
-0.08270000000000022,-0.051127666377122426
-0.08370000000000011,-0.05143890286309273
-0.08470000000000022,-0.0520472287220347
-0.08570000000000011,-0.05217455273902255
-0.08670000000000022,-0.05160866821907654
-0.08770000000000011,-0.052075522948032
-0.08870000000000022,-0.05220284696501985
-0.08970000000000011,-0.052697995919972616
-0.09070000000000022,-0.05237261232100365
-0.09170000000000011,-0.05247164211199421
-0.09270000000000023,-0.05227358253001311
-0.09370000000000012,-0.05264140746797802
-0.09470000000000023,-0.05279702571096317
-0.09570000000000012,-0.05306582085793753
-0.09670000000000023,-0.05248578922499286
-0.09770000000000012,-0.05286776127595642
-0.09870000000000023,-0.05302337951894157
-0.09970000000000012,-0.052952643953948324
-0.10070000000000023,-0.053589264038887585
-0.10170000000000012,-0.05282531993696047
-0.10270000000000024,-0.052938496840949666
-0.10370000000000013,-0.05320729198792403
-0.10470000000000024,-0.05317899776192673
-0.10570000000000013,-0.053518528473894336
-0.10670000000000024,-0.05319314487492538
-0.10770000000000013,-0.05316485064892808
-0.10870000000000024,-0.053518528473894336
-0.10970000000000013,-0.053433645795902436
-0.11070000000000024,-0.05336291023090918
-0.11170000000000013,-0.05346194002189974
-0.11270000000000002,-0.053419498682903785
-0.11370000000000013,-0.05419758989782956
-0.11470000000000002,-0.05374488228187274
-0.11570000000000014,-0.053702440942876795
-0.11670000000000003,-0.053815617846866
-0.11770000000000014,-0.053617558264884894
-0.11870000000000003,-0.05382976495986465
-0.11970000000000014,-0.05438150236681201
-0.12070000000000003,-0.05402782454184575
-0.12170000000000014,-0.05377317650787005
-0.12270000000000003,-0.05408441299384034
-0.12370000000000014,-0.054141001445834946
-0.12470000000000003,-0.05448053215780257
-0.12570000000000014,-0.05422588412382686
-0.12670000000000003,-0.054141001445834946
-0.12770000000000015,-0.05465029751378637
-0.12870000000000004,-0.05440979659280931
-0.12970000000000015,-0.05506056379074723
-0.13070000000000004,-0.05470688596578097
-0.13170000000000015,-0.05459370906179176
-0.13270000000000004,-0.055074710903745876
-0.13370000000000015,-0.05515959358173778
-0.13470000000000004,-0.054622003287789066
-0.13570000000000015,-0.055343506050720234
-0.13670000000000004,-0.05501812245175128
-0.13770000000000016,-0.05565474253669054
-0.13870000000000005,-0.05551327140670404
-0.13970000000000016,-0.05599427324865815
-0.14070000000000005,-0.05595183190966221
-0.14170000000000016,-0.055711330988685144
-0.14270000000000005,-0.05599427324865815
-0.14370000000000016,-0.05643283375161631
-0.14470000000000005,-0.05661674622059877
-0.14570000000000016,-0.05665918755959472
-0.14670000000000005,-0.056843100028577176
-0.14770000000000016,-0.056899688480571774
-0.14870000000000005,-0.0576070441305043
-0.14970000000000017,-0.056729923124587966
-0.15070000000000006,-0.05786169216448
-0.15170000000000017,-0.05767777969549755
-0.15270000000000006,-0.05828610555443951
-0.15370000000000017,-0.058526606475416576
-0.15470000000000006,-0.058767107396393625
-0.15570000000000017,-0.05900760831737068
-0.15670000000000006,-0.05920566789935178
-0.15770000000000017,-0.0597432581933005
-0.15870000000000006,-0.0601393773572627
-0.15970000000000018,-0.06026670137425057
-0.16070000000000007,-0.06067696765121142
-0.16170000000000018,-0.061058939702174984
-0.16270000000000007,-0.06118626371916283
-0.16370000000000018,-0.0618511780300994
-0.16470000000000007,-0.06264341635802383
-0.16570000000000018,-0.06248779811503867
-0.16670000000000007,-0.06312441819997792
-0.16770000000000018,-0.06350639025094149
-0.16870000000000007,-0.0640156863188929
-0.16970000000000018,-0.06472304196882543
-0.17070000000000007,-0.06486451309881193
-0.17170000000000019,-0.06497769000280114
-0.17270000000000008,-0.06637825418966752
-0.1737000000000002,-0.06684510891862298
-0.17470000000000008,-0.06712805117859601
-0.1757000000000002,-0.06780711260253121
-0.17670000000000008,-0.06810420197550286
-0.1777000000000002,-0.06947647193637195
-0.17870000000000008,-0.0698018555353409
-0.1797000000000002,-0.07066482942825858
-0.18070000000000008,-0.07110338993121673
-0.1817000000000002,-0.07152780332117625
-0.18270000000000008,-0.07248980700508448
-0.1837000000000002,-0.07376304717496303
-0.1847000000000001,-0.07444210859889823
-0.1857000000000002,-0.07509287579683614
-0.1867000000000001,-0.07606902659374302
-0.1877000000000002,-0.07697444182565666
-0.1887000000000001,-0.07789400417056892
-0.1897000000000002,-0.07911065588845285
-0.1907000000000001,-0.0793228625834326
-0.1917000000000001,-0.08083660367428819
-0.19269999999999998,-0.08191178426218561
-0.1937000000000001,-0.08318502443206416
-0.19469999999999998,-0.08394896853399128
-0.1957000000000001,-0.08495341355689547
-0.19669999999999999,-0.08626909506576994
-0.1977000000000001,-0.0872735400886741
-0.1987,-0.08846189758056075
-0.1997000000000001,-0.09001808001041228
-0.2007,-0.0907254356603448
-0.2017000000000001,-0.09260700168916529
-0.2027,-0.09361144671206949
-0.2037000000000001,-0.09536568872390214
-0.2047,-0.0965964875547847
-0.2057000000000001,-0.0977706979336727
-0.2067,-0.09936932170252018
-0.2077000000000001,-0.10122259350534336
-0.2087,-0.10276462882219627
-0.2097000000000001,-0.10441984104303836
-0.2107,-0.10555161008293039
-0.2117000000000001,-0.10756050012873873
-0.2127,-0.10932888925357002
-0.2137000000000001,-0.11130948507338108
-0.2147,-0.11379937696114355
-0.2157000000000001,-0.11481796909704638
-0.2167,-0.11718053696782099
-0.21770000000000012,-0.11893477897965361
-0.2187,-0.12098611036445794
-0.21970000000000012,-0.1231930599922474
-0.2207,-0.12548489229802873
-0.22170000000000012,-0.12762110636082497
-0.2227,-0.1299129386666063
-0.22370000000000012,-0.1327140670403391
-0.2247,-0.1349068695551299
-0.22570000000000012,-0.13784946905884918
-0.2267,-0.14002812446064133
-0.22770000000000012,-0.14302731241635522
-0.22870000000000001,-0.1458567350160853
-0.22970000000000013,-0.14854468648582883
-0.23070000000000002,-0.1512326379555724
-0.23170000000000013,-0.15448647394526202
-0.23270000000000002,-0.1574573676749786
-0.23370000000000013,-0.16085267479465465
-0.23470000000000002,-0.16424798191433077
-0.23570000000000013,-0.16736034677403386
-0.23670000000000002,-0.17089712502369644
-0.2376999999999999,-0.173868018753413
-0.23870000000000002,-0.1772633258730891
-0.2396999999999999,-0.18094157525273818
-0.24070000000000003,-0.1847612957623738
-0.24169999999999991,-0.18928837192194192
-0.24270000000000003,-0.19282515017160448
-0.24369999999999992,-0.1966448706812401
-0.24470000000000003,-0.2008890045808352
-0.24569999999999992,-0.20513313848043033
-0.24670000000000003,-0.20966021463999845
-0.24769999999999992,-0.21376287740960703
-0.24870000000000003,-0.21871436695913468
-0.24969999999999992,-0.2232414431187028
-0.25070000000000003,-0.2279099904082574
-0.2516999999999999,-0.23286147995778506
-0.25270000000000004,-0.23809591176728565
-0.2536999999999999,-0.24276445905684027
-0.25470000000000004,-0.24884771764625993
-0.2556999999999999,-0.2537992071957876
-0.25670000000000004,-0.25903363900528825
-0.25769999999999993,-0.2653998398546809
-0.25870000000000004,-0.270209858274222
-0.25969999999999993,-0.2767175302536012
-0.26070000000000004,-0.28251784658304785
-0.26169999999999993,-0.2880352206525215
-0.26270000000000004,-0.29510877715184664
-0.26369999999999993,-0.30147497800123935
-0.26470000000000005,-0.3079826499806185
-0.26569999999999994,-0.31434885083001113
-0.26670000000000005,-0.3219882918492823
-0.26769999999999994,-0.328354492698675
-0.26870000000000005,-0.33571099145797323
-0.26969999999999994,-0.3423601345673389
-0.27070000000000005,-0.3508484023665291
-0.27169999999999994,-0.35792195886585426
-0.27270000000000005,-0.3658443421450985
-0.27369999999999994,-0.3737667254243427
-0.27470000000000006,-0.3815476375736004
-0.27569999999999995,-0.3900359053727906
-0.27670000000000006,-0.3979582886520348
-0.27769999999999995,-0.40687096984118454
-0.27870000000000006,-0.4147933531204288
-0.27969999999999995,-0.424130447699538
-0.28070000000000006,-0.43304312888868773
-0.28169999999999995,-0.442097281207824
-0.28270000000000006,-0.45185878917689276
-0.28369999999999995,-0.46091294149602896
-0.28470000000000006,-0.4708159205950842
-0.28569999999999995,-0.4804359574341665
-0.28670000000000007,-0.4901974654032352
-0.28769999999999996,-0.5005248578922499
-0.28870000000000007,-0.5109937215112512
-0.28969999999999996,-0.5218869985202121
-0.29070000000000007,-0.5320729198792403
-0.29169999999999996,-0.5424003123682551
-0.29270000000000007,-0.5534350605072024
-0.29369999999999996,-0.5647527509061226
-0.2947000000000001,-0.5764948546950025
-0.29569999999999996,-0.5883784296138688
-0.2967000000000001,-0.599696120012789
-0.29769999999999996,-0.6117211660616418
-0.2987000000000001,-0.6234632698505217
-0.29969999999999997,-0.6356297870293609
-0.3007000000000001,-0.6483621887281462
-0.30169999999999997,-0.6603872347769991
-0.3027000000000001,-0.673261107605771
-0.30369999999999997,-0.6862764515645293
-0.3047000000000001,-0.6991503243933012
-0.30569999999999997,-0.7121656683520595
-0.3067000000000001,-0.7254639545707907
-0.3077,-0.7391866541794817
-0.3087000000000001,-0.753333767178132
-0.3097,-0.7670564667868228
-0.3107000000000001,-0.7804962241355408
-0.3117,-0.7949262793941642
-0.3127000000000001,-0.8093563346527874
-0.3137,-0.8244937455613434
-0.3147000000000001,-0.8372261472601288
-0.3157,-0.8526465004286576
-0.3167000000000001,-0.8679253824672
-0.3177,-0.8832042645057423
-0.3187000000000001,-0.8986246176742713
-0.3197,-0.9140449708428002
-0.3207000000000001,-0.9291823817513559
-0.3217,-0.9446027349198849
-0.3227000000000001,-0.9603060303483869
-0.3237,-0.9761507969068753
-0.3247000000000001,-0.9928443902452826
-0.3257,-1.0091135701937306
-0.3267000000000001,-1.024958336752219
-0.3277,-1.04151045896064
-0.3287000000000001,-1.0582040522990475
-0.3297,-1.0750391167674413
-0.3307000000000001,-1.0917327101058487
-0.3317,-1.1085677745742428
-0.3327000000000001,-1.1262516658225556
-0.3337,-1.1428037880309765
-0.3347000000000001,-1.1600632658893302
-0.3357,-1.1770398014877106
-0.3367000000000001,-1.1945822216060369
-0.3377,-1.212831997374296
-0.3387000000000001,-1.2303744174926226
-0.3397,-1.2477753664809623
-0.3407000000000001,-1.2663080845091943
-0.3417,-1.2830016778476019
-0.3427000000000001,-1.3009685113558875
-0.3437,-1.3192182871241467
-0.3447000000000001,-1.3374680628924058
-0.3457,-1.3551519541407187
-0.3467000000000001,-1.3736846721689506
-0.3477,-1.3916515056772365
-0.3487000000000001,-1.410042752575482
-0.3497,-1.427443701563822
-0.3507000000000001,-1.4472496597619326
-0.3517,-1.4642261953603128
-0.3527000000000001,-1.4840321535584236
-0.3537,-1.501008689156804
-0.3547000000000001,-1.5193999360550492
-0.3557,-1.5377911829532949
-0.35670000000000013,-1.5575971411514054
-0.3577,-1.5759883880496508
-0.35870000000000013,-1.5943796349478963
-0.3597,-1.612770881846142
-0.36070000000000013,-1.6311621287443874
-0.3617,-1.6495533756426328
-0.3626999999999999,-1.6679446225408785
-0.3637,-1.6877505807389888
-0.3646999999999999,-1.7061418276372344
-0.3657,-1.7245330745354797
-0.3666999999999999,-1.7415096101338603
-0.3677,-1.7599008570321055
-0.3686999999999999,-1.781121526530081
-0.36970000000000003,-1.7995127734283267
-0.3706999999999999,-1.8164893090267071
-0.37170000000000003,-1.8348805559249526
-0.3726999999999999,-1.8546865141230628
-0.37370000000000003,-1.8730777610213083
-0.3746999999999999,-1.891469007919554
-0.37570000000000003,-1.9098602548177994
-0.3766999999999999,-1.9282515017160449
-0.37770000000000004,-1.9466427486142908
-0.3786999999999999,-1.9650339955125358
-0.37970000000000004,-1.9848399537106465
-0.3806999999999999,-2.0032312006088917
-0.38170000000000004,-2.020207736207272
-0.38269999999999993,-2.040013694405383
-0.38370000000000004,-2.0584049413036287
-0.38469999999999993,-2.076796188201874
-0.38570000000000004,-2.095187435100119
-0.38669999999999993,-2.113578681998365
-0.38770000000000004,-2.13196992889661
-0.38869999999999993,-2.150361175794856
-0.38970000000000005,-2.1673377113932366
-0.39069999999999994,-2.1871436695913467
-0.39170000000000005,-2.204120205189727
-0.39269999999999994,-2.2225114520879723
-0.39370000000000005,-2.2409026989862184
-0.39469999999999994,-2.2592939458844636
-0.39570000000000005,-2.2776851927827093
-0.39669999999999994,-2.296076439680954
-0.39770000000000005,-2.3144676865791998
-0.39869999999999994,-2.3328589334774454
-0.39970000000000006,-2.351250180375691
-0.40069999999999995,-2.3696414272739363
-0.40170000000000006,-2.386617962872317
-0.40269999999999995,-2.4035944984706976
-0.40370000000000006,-2.4219857453689424
-0.40469999999999995,-2.4403769922671885
-0.40570000000000006,-2.457353527865569
-0.40669999999999995,-2.4743300634639493
-0.40770000000000006,-2.4913065990623298
-0.40869999999999995,-2.509697845960575
-0.40970000000000006,-2.5280890928588207
-0.41069999999999995,-2.546480339757066
-0.41170000000000007,-2.5634568753554463
-0.41269999999999996,-2.5804334109538267
-0.41370000000000007,-2.597409946552207
-0.41469999999999996,-2.615801193450453
-0.41570000000000007,-2.631363017748968
-0.41669999999999996,-2.648339553347349
-0.41770000000000007,-2.666730800245594
-0.41869999999999996,-2.6851220471438397
-0.4197000000000001,-2.70209858274222
-0.42069999999999996,-2.720489829640466
-0.4217000000000001,-2.737466365238846
-0.42269999999999996,-2.7530281895373614
-0.4237000000000001,-2.770004725135742
-0.42469999999999997,-2.7869812607341222
-0.4257000000000001,-2.8039577963325026
-0.42669999999999997,-2.820934331930883
-0.4277000000000001,-2.8379108675292635
-0.42869999999999997,-2.854887403127644
-0.4297000000000001,-2.8718639387260247
-0.43069999999999997,-2.88742576302454
-0.4317000000000001,-2.9044022986229203
-0.4327,-2.9213788342213007
-0.4337000000000001,-2.9397700811195464
-0.4347,-2.9553319054180616
-0.4357000000000001,-2.970893729716577
-0.4367,-2.9864555540150928
-0.4377000000000001,-3.004846800913338
-0.4387,-3.021823336511718
-0.4397000000000001,-3.0359704495103688
-0.4407,-3.0515322738088844
-0.4417000000000001,-3.0685088094072643
-0.4427,-3.08690005630551
-0.4437000000000001,-3.1024618806040256
-0.4447,-3.119438416202406
-0.4457000000000001,-3.1335855292010564
-0.4467,-3.150562064799437
-0.4477000000000001,-3.168953311697682
-0.4487,-3.1859298472960624
-0.4497000000000001,-3.201491671594578
-0.4507,-3.2184682071929585
-0.4517000000000001,-3.235444742791339
-0.4527,-3.2524212783897193
-0.4537000000000001,-3.2693978139880997
-0.4547,-3.2849596382866153
-0.4557000000000001,-3.3019361738849957
-0.4567,-3.3203274207832414
-0.4577000000000001,-3.3373039563816214
-0.4587,-3.352865780680137
-0.4597000000000001,-3.371257027578382
-0.4607,-3.386818851876898
-0.4617000000000001,-3.4066248100750083
-0.4627,-3.4221866343735234
-0.4637000000000001,-3.439163169971904
-0.4647,-3.4561397055702843
-0.4657000000000001,-3.4717015298688
-0.4667,-3.4915074880669104
-0.4677000000000001,-3.505654601065561
-0.4687,-3.525460559263671
-0.4697000000000001,-3.542437094862052
-0.4707,-3.557998919160567
-0.4717000000000001,-3.576390166058813
-0.4727,-3.5961961242569234
-0.4737000000000001,-3.6117579485554394
-0.4747,-3.630149195453684
-0.4757000000000001,-3.647125731052064
-0.4767,-3.664102266650445
-0.4777000000000001,-3.67966409094896
-0.4787,-3.699470049147071
-0.4797000000000001,-3.7178612960453163
-0.4807,-3.734837831643697
-0.48170000000000013,-3.7532290785419424
-0.4827,-3.7702056141403233
-0.48370000000000013,-3.788596861038568
-0.4847,-3.8055733966369485
-0.48570000000000013,-3.822549932235329
-0.4867,-3.84235589043344
-0.4876999999999999,-3.8635765599314156
-0.4887,-3.881967806829661
-0.4896999999999999,-3.901773765027771
-0.4907,-3.9173355893262864
-0.4916999999999999,-3.9371415475243974
-0.4927,-3.9541180831227782
-0.4936999999999999,-3.9725093300210226
-0.49470000000000003,-3.9909005769192687
-0.4956999999999999,-4.01070653511738
-0.49670000000000003,-4.0319272046153545
-0.4976999999999999,-4.054562585413195
-0.49870000000000003,-4.072953832311441
-0.4996999999999999,-4.094174501809416
-0.5007,-4.109736326107932
-0.5016999999999999,-4.1295422843060425
-0.5027,-4.152177665103882
-0.5036999999999999,-4.171983623301993
-0.5047,-4.190374870200238
-0.5056999999999999,-4.213010250998079
-0.5067,-4.234230920496055
-0.5076999999999999,-4.25545158999403
-0.5087,-4.276672259492005
-0.5096999999999999,-4.299307640289847
-0.5107,-4.319113598487957
-0.5116999999999999,-4.3403342679859325
-0.5127,-4.364384360083638
-0.5136999999999999,-4.389849163481209
-0.5147,-4.4124845442790495
-0.5156999999999999,-4.43511992507689
-0.5167,-4.456340594574866
-0.5176999999999999,-4.480390686672571
-0.5187,-4.5044407787702765
-0.5196999999999999,-4.529905582167847
-0.5207,-4.555370385565419
-0.5216999999999999,-4.579420477663124
-0.5227,-4.603470569760829
-0.5236999999999999,-4.6289353731583995
-0.5247,-4.654400176555971
-0.5257,-4.679864979953542
-0.5267000000000001,-4.705329783351112
-0.5277,-4.732209298048548
-0.5287000000000001,-4.759088812745984
-0.5297,-4.787383038743283
-0.5307000000000001,-4.814262553440719
-0.5317,-4.841142068138156
-0.5327000000000001,-4.869436294135457
-0.5337,-4.8977305201327574
-0.5347000000000001,-4.927439457429923
-0.5357,-4.9571483947270885
-0.5367000000000001,-4.986857332024254
-0.5377,-5.01656626932142
-0.5387000000000001,-5.044860495318721
-0.5397,-5.0745694326158866
-0.5407000000000001,-5.108522503812647
-0.5417,-5.145304997609139
-0.5427000000000001,-5.177843357506034
-0.5437,-5.210381717402931
-0.5447000000000001,-5.240090654700095
-0.5457,-5.274043725896856
-0.5467000000000001,-5.309411508393483
-0.5477,-5.347608713489839
-0.5487000000000001,-5.3815617846866
-0.5497,-5.409856010683901
-0.5507000000000001,-5.448053215780256
-0.5517,-5.487665132176478
-0.5527000000000001,-5.524447625972968
-0.5537,-5.565474253669055
-0.5547000000000001,-5.609330303964871
-0.5557,-5.651771642960822
-0.5567000000000001,-5.694212981956773
-0.5577,-5.733824898352994
-0.5587000000000001,-5.776266237348945
-0.5597,-5.818707576344896
-0.5607000000000001,-5.8625636266407115
-0.5617,-5.9078343882363935
-0.5627000000000001,-5.951690438532209
-0.5637,-5.998375911427756
-0.5647000000000001,-6.045061384323302
-0.5657,-6.094576279818578
-0.5667000000000001,-6.142676464013989
-0.5677,-6.192191359509266
-0.5687000000000001,-6.241706255004542
-0.5697,-6.292635861799683
-0.5707000000000001,-6.343565468594824
-0.5717,-6.398739209289561
-0.5727000000000001,-6.458157083883892
-0.5737,-6.514745535878494
-0.5747000000000001,-6.575578121772692
-0.5757,-6.633581285067157
-0.5767000000000001,-6.691584448361623
-0.5777,-6.753831745555685
-0.5787000000000001,-6.816079042749746
-0.5797,-6.878326339943808
-0.5807000000000001,-6.9434030597376
-0.5817,-7.012723913430986
-0.5827000000000001,-7.080630055824508
-0.5837,-7.14853619821803
-0.5847000000000001,-7.222101185811012
-0.5857,-7.295666173403994
-0.5867000000000001,-7.370645872296841
-0.5877,-7.4427961485899585
-0.5887000000000001,-7.51919055878267
-0.5897,-7.595584968975381
-0.5907000000000001,-7.677638224367555
-0.5917,-7.761106191059591
-0.5927000000000001,-7.8445741577516275
-0.5937,-7.935115680942991
-0.5947000000000001,-8.028486626734082
-0.5957,-8.12044286122531
-0.5967000000000001,-8.208154961816943
-0.5977,-8.293037639808846
-0.5987000000000001,-8.386408585599938
-0.5997,-8.484023665290625
-0.6007000000000001,-8.587297590180773
-0.6017,-8.69623036027038
-0.6027000000000001,-8.802333707760258
-0.6037,-8.909851766550002
-0.6047000000000001,-9.020199247939473
-0.6057,-9.139034997128135
-0.6067000000000001,-9.256456035016935
-0.6077,-9.372462361605868
-0.6087000000000001,-9.489883399494666
-0.6097,-9.61154857128306
-0.6107000000000001,-9.741702010870643
-0.6117,-9.876099584357823
-0.6126999999999999,-10.011911869144866
-0.6137,-10.146309442632043
-0.6146999999999999,-10.290609995218277
-0.6157,-10.437739970404241
-0.6166999999999999,-10.58628465689007
-0.6177,-10.731999920776168
-0.6186999999999999,-10.881959318561863
-0.6197,-11.034748138947286
-0.6206999999999999,-11.194610515832036
-0.6217,-11.368620005715435
-0.6226999999999999,-11.544044206898699
-0.6237,-11.723712541981559
-0.6246999999999999,-11.907625010964015
-0.6257,-12.08870805734674
-0.6266999999999999,-12.272620526329193
-0.6277,-12.476338953509758
-0.6286999999999999,-12.668739690291403
-0.6297,-12.86396984967278
-0.6306999999999999,-13.073347122052803
-0.6317,-13.275650837933506
-0.6326999999999999,-13.480783976413935
-0.6337,-13.70430836179261
-0.6346999999999999,-13.936321014970476
-0.6357,-14.161260111649016
-0.6366999999999999,-14.387613919627421
-0.6377,-14.62811484060448
-0.6386999999999999,-14.868615761581536
-0.6397,-15.151558021554543
-0.6406999999999999,-15.406206055530248
-0.6417,-15.689148315503255
-0.6426999999999999,-15.986237688474914
-0.6437,-16.269179948447924
-0.6446999999999999,-16.55212220842093
-0.6457,-16.820917355395284
-0.6466999999999999,-17.061418276372343
-0.6477,-17.386801875341302
-0.6486999999999999,-17.72633258730891
-0.6497,-18.05171618627787
-0.6507,-18.362952672248177
-0.6517000000000001,-18.674189158218486
-0.6527,-19.01371987018609
-0.6537000000000001,-19.367397695152352
-0.6547,-19.749369746115914
-0.6557000000000001,-20.06060623208622
-0.6567,-20.47087250904708
-0.6577000000000001,-20.881138786007945
-0.6587,-21.291405062968803
-0.6597000000000001,-21.758259791924264
-0.6607,-22.140231842887825
-0.6617000000000001,-22.578792345845983
-0.6627,-22.960764396809545
-0.6637000000000001,-23.44176623876366
-0.6647,-23.823738289727217
-0.6657000000000001,-24.290593018682678
-0.6667,-24.686712182644893
-0.6677000000000001,-25.167714024599
-0.6687,-25.620421640555815
-0.6697000000000001,-26.17215904750318
-0.6707,-26.766337793446493
-0.6717000000000001,-27.275633861397907
-0.6727,-27.770782816350668
-0.6737000000000001,-28.265931771303435
-0.6747,-28.80352206525215
-0.6757000000000001,-29.32696524620221
-0.6767,-29.935291105144174
-0.6777000000000001,-30.47288139909289
-0.6787,-30.99632458004295
-0.6797000000000001,-31.420737970002463
-0.6807,-32.05735805494172
-0.6817000000000001,-32.70812525287965
-0.6827,-33.21742132083106
-0.6837000000000001,-33.655981823789226
-0.6847,-34.377484586720385
-0.6857000000000001,-35.05654601065561
-0.6867,-35.763901660588125
-0.6877000000000001,-36.669316892501755
-0.6887,-37.46155522042617
-0.6897000000000001,-38.18305798335734
-0.6907,-38.607471373316855
-0.6917000000000001,-39.20165011926017
-0.6927,-39.96559422118728
-0.6937000000000001,-40.85686234010226
-0.6947,-41.63495355502803
-0.6957000000000001,-42.31401497896325
-0.6967,-43.007223515897124
-0.6977000000000001,-43.72872627882828
-0.6987,-44.535111719751356
-0.6997000000000001,-45.27076159568118
-0.7007,-46.091294149602895
-0.7017000000000001,-46.96841515551922
-0.7027,-47.84553616143554
-0.7037000000000001,-48.69436294135456
-0.7047,-49.472454156280335
-0.7057000000000001,-50.335428049198
-0.7067,-51.18425482911703
-0.7077000000000001,-52.033081609036046
-0.7087,-52.83946704995912
-0.7097000000000001,-53.68829382987814
-0.7107,-54.551267722795814
-0.7117000000000001,-55.49912429370539
-0.7127,-56.50356931660957
-0.7137000000000001,-57.479720113516436
-0.7147,-58.35684111943277
-0.7157000000000001,-59.14907944735718
-0.7167,-59.9696120012789
-0.7177000000000001,-60.889174346191176
-0.7187,-61.83703091710075
-0.7197000000000001,-62.89806439199953
-0.7207,-63.944950753899654
-0.7217000000000001,-64.94939577680383
-0.7227,-65.82651678272015
-0.7237000000000001,-66.76022624063107
-0.7247,-67.8354068285285
-0.7257000000000001,-68.76911628643943
-0.7267,-69.70282574435035
-0.7277000000000001,-70.63653520226127
-0.7287,-71.92392248513846
-0.7297000000000001,-73.04154441203184
-0.7307,-74.06013654793468
-0.7317000000000001,-74.92311044085234
-0.7327,-75.85681989876326
-0.7337000000000001,-76.83297069567014
-0.7347,-77.87985705757028
-0.7357000000000001,-79.08236166245555
-0.7367,-80.19998358934893
-0.7376999999999999,-81.21857572525175
-0.7387,-82.12399095716538
-0.7396999999999999,-83.45381957903851
-0.7407,-84.58558861893054
-0.7416999999999999,-85.81638744981312
-0.7427,-86.77839113372136
-0.7436999999999999,-87.76868904362688
-0.7447,-88.7023985015378
-0.7456999999999999,-89.87660888042578
-0.7467,-90.92349524232591
-0.7476999999999999,-92.08355850821525
-0.7487,-93.24362177410455
-0.7496999999999999,-94.38953792699526
-0.7507,-95.29495315890887
-0.7516999999999999,-96.29939818181305
-0.7527,-97.36043165671182
-0.7536999999999999,-98.4214651316106
-0.7547,-99.45420438051207
-0.7556999999999999,-100.4727965164149
-0.7567,-101.47724153931907
-0.7576999999999999,-102.63730480520842
-0.7587,-103.6983382801072
-0.7596999999999999,-104.49057660803162
-0.7607,-105.33940338795064
-0.7616999999999999,-106.2589657328629
-0.7627,-107.29170498176438
-0.7636999999999999,-108.1688259876807
-0.7647,-109.15912389758623
-0.7656999999999999,-110.29089293747826
-0.7667,-111.5924273333541
-0.7676999999999999,-112.65346080825286
-0.7687,-113.12031553720833
-0.7696999999999999,-113.54472892716784
-0.7707,-114.45014415908147
-0.7716999999999999,-115.56776608597484
-0.7727,-116.47318131788847
-0.7736999999999999,-117.15224274182368
-0.7747,-117.67568592277377
-0.7757,-118.3971886857049
-0.7767000000000001,-118.99136743164823
-0.7777,-119.30260391761853
-0.7787000000000001,-119.88263555056322
-0.7797,-120.92952191246334
-0.7807000000000001,-121.69346601439047
-0.7817,-122.23105630833916
-0.7827000000000001,-122.74035237629057
-0.7837,-123.23550133124336
-0.7847000000000001,-124.07018099816372
-0.7857,-124.73509530910029
-0.7867000000000001,-124.72094819610162
-0.7857,-123.6174733822069
-0.7847000000000001,-122.47155722931623
-0.7837,-121.14172860744308
-0.7827000000000001,-119.96751822855511
-0.7817,-119.13283856163473
-0.7807000000000001,-118.21327621672248
-0.7797,-116.84100625585339
-0.7787000000000001,-115.3555593909951
-0.7777,-114.45014415908147
-0.7767000000000001,-113.54472892716784
-0.7757,-112.55443101726232
-0.7747,-111.42266197737027
-0.7736999999999999,-110.3333342764742
-0.7727,-109.17327101058488
-0.7716999999999999,-108.40932690865776
-0.7707,-107.51805878974278
-0.7696999999999999,-106.85314447880621
-0.7687,-105.53746296993172
-0.7676999999999999,-104.70278330301136
-0.7667,-103.65589694111124
-0.7656999999999999,-103.01927685617197
-0.7647,-102.41095099723
-0.7636999999999999,-101.64700689530288
-0.7627,-100.57182630740544
-0.7616999999999999,-99.48249860650938
-0.7607,-98.5063478096025
-0.7596999999999999,-97.54434412569428
-0.7587,-96.58234044178606
-0.7576999999999999,-95.67692520987244
-0.7567,-94.91298110794531
-0.7556999999999999,-93.99341876303303
-0.7547,-93.42753424308701
-0.7536999999999999,-92.4655305591788
-0.7527,-91.34790863228542
-0.7516999999999999,-90.59811164335694
-0.7507,-90.40005206137585
-0.7496999999999999,-90.32931649638259
-0.7487,-89.29657724748111
-0.7476999999999999,-88.49019180655806
-0.7467,-87.59892368764307
-0.7456999999999999,-86.7076555687281
-0.7447,-85.87297590180773
-0.7436999999999999,-85.61832786783202
-0.7427,-84.67047129692244
-0.7416999999999999,-83.80749740400476
-0.7407,-82.70402259011003
-0.7396999999999999,-82.19472652215863
-0.7387,-81.38834108123557
-0.7376999999999999,-80.52536718831789
-0.7367,-79.54921639141102
-0.7357000000000001,-78.65794827249603
-0.7347,-78.09206375255003
-0.7337000000000001,-77.28567831162695
-0.7327,-77.11591295564315
-0.7317000000000001,-76.35196885371603
-0.7307,-75.85681989876326
-0.7297000000000001,-74.62602106788069
-0.7287,-73.81963562695762
-0.7277000000000001,-72.64542524806963
-0.7267,-71.90977537213982
-0.7257000000000001,-71.31559662619651
-0.7247,-70.73556499325183
-0.7237000000000001,-69.75941419634496
-0.7227,-69.03791143341378
-0.7217000000000001,-68.25982021848802
-0.7207,-67.79296548953256
-0.7197000000000001,-67.04316850060408
-0.7187,-66.26507728567832
-0.7177000000000001,-66.05287059069857
-0.7167,-65.4162505057593
-0.7157000000000001,-64.70889485582677
-0.7147,-63.944950753899654
-0.7137000000000001,-63.22344799096849
-0.7127,-62.37462121104946
-0.7117000000000001,-61.7380011261102
-0.7107,-61.34188196214799
-0.7097000000000001,-61.00235125018038
-0.7087,-60.74770321620468
-0.7077000000000001,-59.70081685430455
-0.7067,-58.78125450939227
-0.7057000000000001,-58.17292865045031
-0.7047,-57.7202210344935
-0.7037000000000001,-57.12604228855018
-0.7027,-56.44698086461496
-0.7017000000000001,-55.7254781016838
-0.7007,-55.018122451751275
-0.6997000000000001,-54.52297349679851
-0.6987,-53.91464763785655
-0.6977000000000001,-53.16485064892808
-0.6967,-52.58481901598341
-0.6957000000000001,-51.948198931044146
-0.6947,-51.60866821907654
-0.6937000000000001,-51.113519264123774
-0.6927,-50.37786938819396
-0.6917000000000001,-49.8261319812466
-0.6907,-49.27439457429922
-0.6897000000000001,-48.72265716735186
-0.6887,-48.100184195411245
-0.6877000000000001,-47.506005449467935
-0.6867,-46.79864979953541
-0.6857000000000001,-46.176176827594794
-0.6847,-45.70932209863933
-0.6837000000000001,-45.32735004767578
-0.6827,-45.07270201370007
-0.6817000000000001,-44.577553058747306
-0.6807,-44.011668538801295
-0.6797000000000001,-43.40334267985933
-0.6787,-42.93648795090387
-0.6777000000000001,-42.497927447945706
-0.6767,-42.05936694498754
-0.6757000000000001,-41.66324778102533
-0.6747,-41.12565748707661
-0.6737000000000001,-40.43244895014274
-0.6727,-39.79582886520348
-0.6717000000000001,-39.229944345257465
-0.6707,-38.692354051308754
-0.6697000000000001,-38.211352209354644
-0.6687,-37.73035036740053
-0.6677000000000001,-37.32008409043967
-0.6667,-36.83908224848555
-0.6657000000000001,-36.35808040653144
-0.6647,-35.82049011258273
-0.6637000000000001,-35.282899818634014
-0.6627,-34.8018979766799
-0.6617000000000001,-34.377484586720385
-0.6607,-33.96721830975953
-0.6597000000000001,-33.96721830975953
-0.6587,-34.00965964875548
-0.6577000000000001,-33.45792224180811
-0.6567,-33.0335088518486
-0.6557000000000001,-32.48177144490124
-0.6547,-31.972475376949827
-0.6537000000000001,-31.54806198699032
-0.6527,-31.038765919038905
-0.6517000000000001,-30.58605830308209
-0.6507,-30.246527591114486
-0.6497,-29.892849766148224
-0.6486999999999999,-29.496730602186016
-0.6477,-29.114758551222454
-0.6466999999999999,-28.676198048264297
-0.6457,-28.265931771303435
-0.6446999999999999,-27.883959720339874
-0.6437,-27.530281895373616
-0.6426999999999999,-27.417104991384413
-0.6417,-27.176604070407354
-0.6406999999999999,-26.723896454450543
-0.6397,-26.34192440348698
-0.6386999999999999,-25.931658126526123
-0.6377,-25.563833188561212
-0.6366999999999999,-25.210155363594954
-0.6357,-24.842330425630045
-0.6346999999999999,-24.474505487665134
-0.6337,-24.120827662698876
-0.6326999999999999,-23.781296950731264
-0.6317,-23.427619125765005
-0.6306999999999999,-23.088088413797397
-0.6297,-22.76270481482844
-0.6286999999999999,-22.437321215859484
-0.6277,-22.097790503891872
-0.6266999999999999,-21.772406904922917
-0.6257,-21.447023305953955
-0.6246999999999999,-21.149933932982297
-0.6237,-20.838697447011988
-0.6226999999999999,-20.541608074040333
-0.6217,-20.230371588070028
-0.6206999999999999,-19.919135102099716
-0.6197,-19.636192842126707
-0.6186999999999999,-19.367397695152352
-0.6177,-19.098602548177997
-0.6166999999999999,-18.815660288204988
-0.6157,-18.546865141230633
-0.6146999999999999,-18.263922881257624
-0.6137,-17.980980621284615
-0.6126999999999999,-17.698038361311607
-0.6117,-17.4433903273359
-0.6107000000000001,-17.217036519357496
-0.6097,-16.99068271137909
-0.6087000000000001,-16.736034677403385
-0.6077,-16.481386643427676
-0.6067000000000001,-16.24088572245062
-0.6057,-16.014531914472215
-0.6047000000000001,-15.802325219492458
-0.6037,-15.575971411514052
-0.6027000000000001,-15.363764716534297
-0.6017,-15.151558021554543
-0.6007000000000001,-14.925204213576137
-0.5997,-14.71299751859638
-0.5987000000000001,-14.486643710617974
-0.5977,-14.274437015638219
-0.5967000000000001,-14.094768680555362
-0.5957,-13.910856211572908
-0.5947000000000001,-13.729773165190181
-0.5937,-13.530298871909212
-0.5927000000000001,-13.333654001227972
-0.5917,-13.144082687046055
-0.5907000000000001,-12.96299964066333
-0.5897,-12.798893129878989
-0.5887000000000001,-12.634786619094642
-0.5877,-12.47916837610949
-0.5867000000000001,-12.320720710524604
-0.5857,-12.146711220641206
-0.5847000000000001,-11.98826355505632
-0.5837,-11.831230600771303
-0.5827000000000001,-11.675612357786147
-0.5817,-11.52423824870059
-0.5807000000000001,-11.367205294415568
-0.5797,-11.220075319229606
-0.5787000000000001,-11.084263034442563
-0.5777,-10.947036038355654
-0.5767000000000001,-10.806979619669015
-0.5757,-10.669752623582108
-0.5747000000000001,-10.538184472694656
-0.5737,-10.402372187907615
-0.5727000000000001,-10.273633459619896
-0.5717,-10.168944823429884
-0.5707000000000001,-10.026058982143516
-0.5697,-9.901564387755393
-0.5687000000000001,-9.778484504667134
-0.5677,-9.65681933287874
-0.5667000000000001,-9.542227717589672
-0.5657,-9.433294947500064
-0.5647000000000001,-9.321532754810727
-0.5637,-9.209770562121388
-0.5627000000000001,-9.105081925931376
-0.5617,-9.000393289741364
-0.5607000000000001,-8.89287523095162
-0.5597,-8.798089573860663
-0.5587000000000001,-8.701889205469842
-0.5577,-8.608518259678748
-0.5567000000000001,-8.503829623488736
-0.5557,-8.41470281159724
-0.5547000000000001,-8.328405422305472
-0.5537,-8.233619765214515
-0.5527000000000001,-8.143078242023151
-0.5517,-8.058195564031248
-0.5507000000000001,-7.967654040839887
-0.5497,-7.884186074147851
-0.5487000000000001,-7.796473973556218
-0.5477,-7.715835429463911
-0.5467000000000001,-7.642270441870928
-0.5457,-7.564461320378352
-0.5447000000000001,-7.486652198885773
-0.5437,-7.404598943493602
-0.5427000000000001,-7.326789822001024
-0.5417,-7.256054257007774
-0.5407000000000001,-7.185318692014522
-0.5397,-7.113168415721404
-0.5387000000000001,-7.045262273327882
-0.5377,-6.975941419634496
-0.5367000000000001,-6.908035277240974
-0.5357,-6.841543846147317
-0.5347000000000001,-6.773637703753796
-0.5337,-6.709975695259868
-0.5327000000000001,-6.647728398065807
-0.5317,-6.585481100871745
-0.5307000000000001,-6.521819092377819
-0.5297,-6.460986506483622
-0.5287000000000001,-6.400153920589426
-0.5277,-6.343565468594824
-0.5267000000000001,-6.284147594000493
-0.5257,-6.227559142005892
-0.5247,-6.1709706900112895
-0.5236999999999999,-6.114382238016689
-0.5227,-6.063452631221548
-0.5216999999999999,-6.008278890526811
-0.5207,-5.954519861131939
-0.5196999999999999,-5.900760831737068
-0.5187,-5.848416513642062
-0.5176999999999999,-5.7974869068469195
-0.5167,-5.746557300051779
-0.5156999999999999,-5.695627693256637
-0.5147,-5.644698086461496
-0.5136999999999999,-5.593768479666355
-0.5127,-5.544253584171079
-0.5116999999999999,-5.498982822575398
-0.5107,-5.450882638379986
-0.5096999999999999,-5.40419716548444
-0.5087,-5.3575116925888935
-0.5076999999999999,-5.312240930993213
-0.5067,-5.268384880697396
-0.5056999999999999,-5.221699407801851
-0.5047,-5.173599223606439
-0.5036999999999999,-5.129743173310623
-0.5027,-5.087301834314672
-0.5016999999999999,-5.046275206618586
-0.5007,-5.002419156322769
-0.4996999999999999,-4.959977817326819
-0.49870000000000003,-4.9175364783308675
-0.4976999999999999,-4.876509850634781
-0.49670000000000003,-4.83406851163883
-0.4956999999999999,-4.791627172642879
-0.49470000000000003,-4.750600544946793
-0.4936999999999999,-4.710988628550572
-0.4927,-4.672791423454216
-0.4916999999999999,-4.633179507057995
-0.4907,-4.594982301961639
-0.4896999999999999,-4.553955674265553
-0.4887,-4.515758469169198
-0.4876999999999999,-4.474731841473111
-0.4867,-4.436534636376755
-0.48570000000000013,-4.398337431280399
-0.4847,-4.362969648783774
-0.48370000000000013,-4.324772443687417
-0.4827,-4.289404661190791
-0.48170000000000013,-4.251207456094435
-0.4807,-4.217254384897673
-0.4797000000000001,-4.179057179801319
-0.4787,-4.139445263405097
-0.4777000000000001,-4.102662769608606
-0.4767,-4.067294987111981
-0.4757000000000001,-4.033341915915219
-0.4747,-3.999388844718459
-0.4737000000000001,-3.9640210622218324
-0.4727,-3.9286532797252063
-0.4717000000000001,-3.8918707859287163
-0.4707,-3.8565030034320897
-0.4697000000000001,-3.821135220935464
-0.4687,-3.7871821497387033
-0.4677000000000001,-3.7532290785419424
-0.4667,-3.7206907186450464
-0.4657000000000001,-3.6853229361484203
-0.4647,-3.6513698649516595
-0.4637000000000001,-3.6188315050547635
-0.4627,-3.586293145157868
-0.4617000000000001,-3.552340073961107
-0.4607,-3.5183870027643462
-0.4597000000000001,-3.4858486428674507
-0.4587,-3.4518955716706894
-0.4577000000000001,-3.4193572117737934
-0.4567,-3.386818851876898
-0.4557000000000001,-3.355695203279867
-0.4547,-3.323156843382971
-0.4537000000000001,-3.2920331947859403
-0.4527,-3.2609095461889095
-0.4517000000000001,-3.2269564749921487
-0.4507,-3.195832826395118
-0.4497000000000001,-3.164709177798087
-0.4487,-3.1335855292010564
-0.4477000000000001,-3.1038765919038904
-0.4467,-3.0713382320069944
-0.4457000000000001,-3.0402145834099636
-0.4447,-3.010505646112798
-0.4437000000000001,-2.977967286215902
-0.4427,-2.9482583489187366
-0.4417000000000001,-2.9171347003217054
-0.4407,-2.88742576302454
-0.4397000000000001,-2.859131537027239
-0.4387,-2.8294225997300737
-0.4377000000000001,-2.798298951133043
-0.4367,-2.768590013835877
-0.4357000000000001,-2.738881076538711
-0.4347,-2.709172139241545
-0.4337000000000001,-2.6808779132442444
-0.4327,-2.6525836872469437
-0.4317000000000001,-2.6257041725495083
-0.43069999999999997,-2.5959952352523423
-0.4297000000000001,-2.5677010092550416
-0.42869999999999997,-2.5379920719578757
-0.4277000000000001,-2.509697845960575
-0.42669999999999997,-2.4814036199632743
-0.4257000000000001,-2.4531093939659736
-0.42469999999999997,-2.424815167968673
-0.4237000000000001,-2.396520941971372
-0.42269999999999996,-2.3696414272739363
-0.4217000000000001,-2.3413472012766356
-0.42069999999999996,-2.3144676865791998
-0.4197000000000001,-2.286173460581899
-0.41869999999999996,-2.2592939458844636
-0.41770000000000007,-2.230999719887163
-0.41669999999999996,-2.204120205189727
-0.41570000000000007,-2.177240690492291
-0.41469999999999996,-2.150361175794856
-0.41370000000000007,-2.12348166109742
-0.41269999999999996,-2.0980168576998492
-0.41170000000000007,-2.071137343002414
-0.41069999999999995,-2.045672539604843
-0.40970000000000006,-2.020207736207272
-0.40869999999999995,-1.993328221509837
-0.40770000000000006,-1.967863418112266
-0.40669999999999995,-1.9423986147146954
-0.40570000000000006,-1.9169338113171246
-0.40469999999999995,-1.892883719219419
-0.40370000000000006,-1.8674189158218486
-0.40269999999999995,-1.8419541124242775
-0.40170000000000006,-1.8179040203265722
-0.40069999999999995,-1.7938539282288664
-0.39970000000000006,-1.769803836131161
-0.39869999999999994,-1.7457537440334552
-0.39770000000000005,-1.7217036519357498
-0.39669999999999994,-1.6976535598380442
-0.39570000000000005,-1.6750181790402037
-0.39469999999999994,-1.6523827982423631
-0.39370000000000005,-1.6283327061446573
-0.39269999999999994,-1.6042826140469515
-0.39170000000000005,-1.583061944548976
-0.39069999999999994,-1.5590118524512704
-0.38970000000000005,-1.5363764716534298
-0.38869999999999993,-1.5137410908555893
-0.38770000000000004,-1.4939351326574788
-0.38669999999999993,-1.472714463159503
-0.38570000000000004,-1.4514937936615278
-0.38469999999999993,-1.4288584128636872
-0.38370000000000004,-1.406930387715779
-0.38269999999999993,-1.3845779491779113
-0.38170000000000004,-1.3634987508099223
-0.3806999999999999,-1.3424195524419331
-0.37970000000000004,-1.3219062385938902
-0.3786999999999999,-1.3012514536158606
-0.37770000000000004,-1.2803137263778581
-0.3766999999999999,-1.2596589413998287
-0.37570000000000003,-1.2392870986817721
-0.3746999999999999,-1.2194811404836614
-0.37370000000000003,-1.199392240025578
-0.3726999999999999,-1.180010695217427
-0.37170000000000003,-1.1603462081493032
-0.3706999999999999,-1.141530547861098
-0.36970000000000003,-1.1215831185330012
-0.3686999999999999,-1.1020601025948635
-0.3677,-1.0833859134366453
-0.3666999999999999,-1.065419079928359
-0.3657,-1.0473107752900865
-0.3646999999999999,-1.0286365861318683
-0.3637,-1.0105282814935956
-0.3626999999999999,-0.9928443902452826
-0.3617,-0.9755849123869293
-0.36070000000000013,-0.9581839633985894
-0.3597,-0.9410659566702223
-0.35870000000000013,-0.9233820654219095
-0.3577,-0.907254356603448
-0.35670000000000013,-0.8908437055250136
-0.3557,-0.8741501121866062
-0.3547000000000001,-0.8581638744981313
-0.3537,-0.8416117522897104
-0.3527000000000001,-0.8264743413811545
-0.3517,-0.810912517082639
-0.3507000000000001,-0.7954921639141102
-0.3497,-0.7800718107455812
-0.3487000000000001,-0.7650758709670118
-0.3477,-0.7500799311884424
-0.3467000000000001,-0.7359328181897921
-0.3457,-0.7213612918011821
-0.3447000000000001,-0.7070727076725454
-0.3437,-0.6927841235439085
-0.3427000000000001,-0.6789199528052311
-0.3417,-0.6663290222364323
-0.3407000000000001,-0.6530307360177009
-0.3397,-0.63930803640901
-0.3387000000000001,-0.6260097501902787
-0.3377,-0.6135602907514663
-0.3367000000000001,-0.600827889052681
-0.3357,-0.5888028430038282
-0.3347000000000001,-0.576636325824989
-0.3337,-0.5637624529962171
-0.3327000000000001,-0.5520203492073373
-0.3317,-0.5402782454184575
-0.3307000000000001,-0.5286776127595643
-0.3297,-0.5172184512306574
-0.3287000000000001,-0.505334876311791
-0.3277,-0.49472454156280327
-0.3267000000000001,-0.48354832229386957
-0.3257,-0.47293798754488175
-0.3247000000000001,-0.462610595055867
-0.3237,-0.45185878917689276
-0.3227000000000001,-0.44195581007783746
-0.3217,-0.43176988871880917
-0.3207000000000001,-0.42200838074974045
-0.3197,-0.4122468727806717
-0.3187000000000001,-0.4023438936816164
-0.3177,-0.39286532797252066
-0.3167000000000001,-0.3835282333934114
-0.3157,-0.37461555220426174
-0.3147000000000001,-0.3658443421450985
-0.3137,-0.3565072475659892
-0.3127000000000001,-0.34816045089678554
-0.3117,-0.3392477697076358
-0.3107000000000001,-0.3311839152984051
-0.3097,-0.32297858975918786
-0.3087000000000001,-0.3149147353499572
-0.3077,-0.30699235207071296
-0.3067000000000001,-0.2996358533114148
-0.30569999999999997,-0.2915719989021841
-0.3047000000000001,-0.2839325578829129
-0.30369999999999997,-0.2765760591236147
-0.3027000000000001,-0.2695025026242895
-0.30169999999999997,-0.2618630616050183
-0.3007000000000001,-0.2552139184956526
-0.29969999999999997,-0.24814036199632744
-0.2987000000000001,-0.24163269001694826
-0.29769999999999996,-0.2354079602975421
-0.2967000000000001,-0.2284758749282034
-0.29569999999999996,-0.22210967407881074
-0.2947000000000001,-0.2160264154893911
-0.29369999999999996,-0.20966021463999845
-0.29270000000000007,-0.2040013694405383
-0.29169999999999996,-0.1976351685911456
-0.29070000000000007,-0.19254220791163149
-0.28969999999999996,-0.18674189158218485
-0.28870000000000007,-0.18037569073279217
-0.28769999999999996,-0.17528273005327805
-0.28670000000000007,-0.17033124050375043
-0.28569999999999995,-0.16467239530429026
-0.28470000000000006,-0.16000384801473563
-0.28369999999999995,-0.1540620605553025
-0.28270000000000006,-0.14939351326574787
-0.28169999999999995,-0.14529085049613927
-0.28070000000000006,-0.13977347642666563
-0.27969999999999995,-0.13534543005808805
-0.27870000000000006,-0.13062029431653882
-0.27769999999999995,-0.12588101146199096
-0.27670000000000006,-0.12203299672635806
-0.27569999999999995,-0.11725127253281424
-0.27470000000000006,-0.11336081645818537
-0.27369999999999994,-0.10881959318561862
-0.27270000000000005,-0.10447642949503295
-0.27169999999999994,-0.10081232722838251
-0.27070000000000005,-0.09692187115375367
-0.26969999999999994,-0.09287579683613965
-0.26870000000000005,-0.08942390126446896
-0.26769999999999994,-0.08515147313887655
-0.26670000000000005,-0.08160054777621531
-0.26569999999999994,-0.07855891848150548
-0.26470000000000005,-0.07451284416389148
-0.26369999999999993,-0.07161268599916816
-0.26270000000000004,-0.06833055578348128
-0.26169999999999993,-0.06465230640383217
-0.26070000000000004,-0.06163897133511965
-0.25969999999999993,-0.058102193085457055
-0.25870000000000004,-0.05510300512974318
-0.25769999999999993,-0.05262726035497937
-0.25670000000000004,-0.04866606871535726
-0.2556999999999999,-0.046614737330552956
-0.25470000000000004,-0.04357310803584313
-0.2536999999999999,-0.04014950669016974
-0.25270000000000004,-0.03765961480240728
-0.2516999999999999,-0.03521216425364076
-0.25070000000000003,-0.032425182992906636
-0.24969999999999992,-0.030218233365117184
-0.24870000000000003,-0.027445399217381712
-0.24769999999999992,-0.024771594860636792
-0.24670000000000003,-0.022904175944814944
-0.24569999999999992,-0.020470872509047083
-0.24470000000000003,-0.018065863299276518
-0.24369999999999992,-0.015278882038542396
-0.24270000000000003,-0.013647719909798009
-0.24169999999999991,-0.011749177345379131
-0.24070000000000003,-0.009110740771130837
-0.2396999999999999,-0.007352254625398595
-0.23870000000000002,-0.00502222511452088
-0.2376999999999999,-0.0031661238890979522
-0.23670000000000002,-0.0013790605751084377
-0.23570000000000013,0.0007704517739064989
-0.23470000000000002,0.0024318887244679983
-0.23370000000000013,0.004678450268653676
-0.23270000000000002,0.006172385401311155
-0.23170000000000013,0.007652173420969983
-0.23070000000000002,0.009479980420395611
-0.22970000000000013,0.01185245127026928
-0.22870000000000001,0.013025246937857393
-0.22770000000000012,0.01509496956955994
-0.2267,0.015986237688474913
-0.22570000000000012,0.017938539282288665
-0.2247,0.01922592656516585
-0.22370000000000012,0.02124896372397285
-0.2227,0.022225114520879725
-0.22170000000000012,0.02393691519371642
-0.2207,0.02506868423360845
-0.21970000000000012,0.02692195603643165
-0.2187,0.027912253946337173
-0.21770000000000012,0.029440142150191414
-0.2167,0.030699235207071292
-0.2157000000000001,0.03209979939393768
-0.2147,0.033005214625851306
-0.2137000000000001,0.03470286818568935
-0.2127,0.035594136304604326
-0.2117000000000001,0.03706543605646396
-0.2107,0.038154763757360044
-0.2097000000000001,0.039046031876275006
-0.2087,0.040545625854131954
-0.2077000000000001,0.04128127573006177
-0.2067,0.0424130447699538
-0.2057000000000001,0.04317698887188092
-0.2047,0.044266316572777
-0.2037000000000001,0.04556785096865284
-0.2027,0.04647326620056645
-0.2017000000000001,0.04730794586748682
-0.2007,0.048538744698369406
-0.1997000000000001,0.04923195323530328
-0.1987,0.05040616361419126
-0.1977000000000001,0.05092960679514132
-0.19669999999999999,0.05183502202705494
-0.1957000000000001,0.05279702571096317
-0.19469999999999998,0.05375902939487139
-0.1937000000000001,0.054240031236825505
-0.19269999999999998,0.05531521182472293
-0.1917000000000001,0.056022567474655456
-0.1907000000000001,0.05675821735058527
-0.1897000000000002,0.057493867226515095
-0.1887000000000001,0.05815878153745166
-0.1877000000000002,0.058851990074385525
-0.1867000000000001,0.05961593417631265
-0.1857000000000002,0.06059208497321952
-0.1847000000000001,0.06081843878119793
-0.1837000000000002,0.06168141267411559
-0.18270000000000008,0.06284147594000493
-0.1817000000000002,0.06319515376497119
-0.18070000000000008,0.06397324497989695
-0.1797000000000002,0.06448254104784838
-0.17870000000000008,0.06477963042082002
-0.1777000000000002,0.06592554657371072
-0.17670000000000008,0.06639240130266617
-0.1757000000000002,0.06770808281154064
-0.17470000000000008,0.06779296548953255
-0.1737000000000002,0.06864179226945158
-0.17270000000000008,0.0694057363713787
-0.17170000000000019,0.0696603844053544
-0.17070000000000007,0.07016968047330582
-0.16970000000000018,0.07067897654125724
-0.16870000000000007,0.07145706775618299
-0.16770000000000018,0.07219271763211282
-0.16670000000000007,0.07230589453610202
-0.16570000000000018,0.07360742893197786
-0.16470000000000007,0.07349425202798866
-0.16370000000000018,0.07451284416389148
-0.16270000000000007,0.07534752383081185
-0.16170000000000018,0.075503142073797
-0.16070000000000007,0.07599829102874978
-0.15970000000000018,0.07625293906272547
-0.15870000000000006,0.07686126492166745
-0.15770000000000017,0.07789400417056892
-0.15670000000000006,0.07809206375255001
-0.15570000000000017,0.0789267434194704
-0.15470000000000006,0.0788984491934731
-0.15370000000000017,0.07986045287738132
-0.15270000000000006,0.08063854409230709
-0.15170000000000017,0.08094978057827738
-0.15070000000000006,0.08119028149925445
-0.14970000000000017,0.08242108033013704
-0.14870000000000005,0.08239278610413973
-0.14770000000000016,0.08396311564698994
-0.14670000000000005,0.08383579163000207
-0.14570000000000016,0.08430264635895754
-0.14470000000000005,0.08534953272085766
-0.14370000000000016,0.08551929807684147
-0.14270000000000005,0.08595785857979962
-0.14170000000000016,0.0870188920546984
-0.14070000000000005,0.0872735400886741
-0.13970000000000016,0.0883062793375756
-0.13870000000000005,0.08873069272753512
-0.13770000000000016,0.08948048971646357
-0.13670000000000004,0.08980587331543252
-0.13570000000000015,0.09003222712341094
-0.13470000000000004,0.09093764235532456
-0.13370000000000015,0.09187135181323548
-0.13270000000000004,0.0924372363331815
-0.13170000000000015,0.09311629775711672
-0.13070000000000004,0.09372462361605868
-0.12970000000000015,0.09443197926599119
-0.12870000000000004,0.09502615801193452
-0.12770000000000015,0.0957193665488684
-0.12670000000000003,0.09618622127782384
-0.12570000000000014,0.09693601826675231
-0.12470000000000003,0.09740287299570777
-0.12370000000000014,0.0984497593576079
-0.12270000000000003,0.09934102747652288
-0.12170000000000014,0.09965226396249319
-0.12070000000000003,0.10071329743739196
-0.11970000000000014,0.10088306279337576
-0.11870000000000003,0.10184506647728399
-0.11770000000000014,0.10304757108216928
-0.11670000000000003,0.10371248539310583
-0.11570000000000014,0.10430666413904917
-0.11470000000000002,0.10524037359696008
-0.11370000000000013,0.10590528790789665
-0.11270000000000002,0.1075463530157401
-0.11170000000000013,0.10787173661470904
-0.11070000000000024,0.10869226916863078
-0.10970000000000013,0.11006453912949986
-0.10870000000000024,0.11060212942344858
-0.10770000000000013,0.1115075446553622
-0.10670000000000024,0.11222904741829336
-0.10570000000000013,0.11340325779718134
-0.10470000000000024,0.11454917395007203
-0.10370000000000013,0.11514335269601533
-0.10270000000000024,0.11617609194491682
-0.10170000000000012,0.11733615521080615
-0.10070000000000023,0.11825571755571843
-0.09970000000000012,0.11942992793460638
-0.09870000000000023,0.12070316810448493
-0.09770000000000012,0.12153784777140529
-0.09670000000000023,0.12289597061927575
-0.09570000000000012,0.12373065028619613
-0.09470000000000023,0.12486241932608814
-0.09370000000000012,0.12639030752994238
-0.09270000000000023,0.1276635476998209
-0.09170000000000011,0.12893678786969942
-0.09070000000000022,0.12964414351963197
-0.08970000000000011,0.13107300193249566
-0.08870000000000022,0.13268577281434177
-0.08770000000000011,0.13408633700120817
-0.08670000000000022,0.1353595771710867
-0.08570000000000011,0.136845024035945
-0.08470000000000022,0.137410908555891
-0.08370000000000011,0.13977347642666563
-0.08270000000000022,0.1406364503195833
-0.0817000000000001,0.1426028990263957
-0.08070000000000022,0.14387613919627423
-0.0797000000000001,0.14529085049613927
-0.07870000000000021,0.14698850405597733
-0.0777000000000001,0.14882762874580185
-0.07670000000000021,0.1501008689156804
-0.0757000000000001,0.15193999360550495
-0.07470000000000021,0.15307176264539696
-0.0737000000000001,0.15547677185516753
-0.07270000000000021,0.15703295428501907
-0.0717000000000001,0.15915502123481662
-0.07070000000000021,0.16056973253468165
-0.0697000000000001,0.1626917994844792
-0.0687000000000002,0.16424798191433077
-0.0677000000000001,0.16622857773414182
-0.0667000000000002,0.16778476016399335
-0.06570000000000009,0.17018976937376393
-0.0647000000000002,0.17217036519357498
-0.06370000000000009,0.17400948988339954
-0.0627000000000002,0.17655597022315658
-0.06170000000000009,0.1783950949129811
-0.0607000000000002,0.18037569073279217
-0.059700000000000086,0.18320511333252223
-0.058700000000000196,0.1850442380223468
-0.057700000000000085,0.18744924723211737
-0.056700000000000195,0.18928837192194192
-0.05570000000000008,0.1919763233916855
-0.05470000000000019,0.19395691921149652
-0.05370000000000008,0.19692781294121312
-0.05270000000000019,0.19904987989101067
-0.05170000000000008,0.20202077362072723
-0.05070000000000019,0.2035769560505788
-0.04970000000000008,0.20640637865030886
-0.04870000000000019,0.20951874351001196
-0.047700000000000076,0.211782281589796
-0.046700000000000186,0.21418729079956658
-0.045700000000000074,0.21729965565926962
-0.044700000000000184,0.21970466486904017
-0.04370000000000007,0.2229585008587298
-0.04270000000000018,0.22578792345845985
-0.04170000000000007,0.2284758749282034
-0.04070000000000018,0.23116382639794697
-0.03970000000000007,0.23385177786769054
-0.03870000000000018,0.23710561385738013
-0.03770000000000007,0.24007650758709673
-0.03670000000000018,0.24333034357678635
-0.035700000000000065,0.24644270843648935
-0.034700000000000175,0.24927213103621945
-0.03370000000000006,0.2523844958959225
-0.03270000000000017,0.25592127414558513
-0.03170000000000006,0.2583262833553557
-0.03070000000000017,0.2617215904750318
-0.02970000000000006,0.26554131098466743
-0.02870000000000017,0.2689366181043435
-0.027700000000000058,0.27219045409403303
-0.026700000000000168,0.2751613478237496
-0.025700000000000056,0.27855665494342574
-0.024700000000000166,0.28251784658304785
-0.023700000000000054,0.28506432692280487
-0.022700000000000164,0.2891669896924135
-0.021700000000000053,0.2921378834221301
-0.020700000000000163,0.2952502482818331
-0.01970000000000005,0.2996358533114148
-0.01870000000000016,0.30303116043109085
-0.01770000000000005,0.3067094098107399
-0.01670000000000016,0.310387659190389
-0.015700000000000047,0.31321708179011915
-0.014700000000000157,0.3164709177798087
-0.013700000000000045,0.3205735805494173
-0.012700000000000156,0.32425182992906637
-0.011700000000000044,0.32764713704874243
-0.010700000000000154,0.3313253864283916
-0.009700000000000042,0.3348621646780542
-0.008700000000000152,0.3386818851876898
-0.00770000000000004,0.3419357211773794
-0.00670000000000015,0.34476514377710943
-0.005700000000000038,0.34886780654671806
-0.0047000000000001485,0.35212164253640765
-0.0037000000000000366,0.35622430530601623
-0.0027000000000001467,0.35905372790574636
-0.0017000000000000348,0.3620246216354629
-0.000700000000000145,0.365702871015112
0.00029999999999996696,0.36839082248485555
0.0012999999999998568,0.37221054299449113
0.0022999999999999687,0.3753229078541942
0.0032999999999998586,0.3775864459339783
0.0042999999999999705,0.3806988107936814
0.00529999999999986,0.38338676226342494
0.006299999999999972,0.386216184863155
0.007299999999999862,0.38961149198283107
0.008299999999999974,0.39116767441268263
0.009299999999999864,0.3939970970124127
0.010299999999999976,0.3962606350921968
0.011299999999999866,0.3985241731719808
0.012299999999999978,0.4013535957717109
0.013299999999999867,0.33670128936787874
0.012299999999999978,0.29086464325225153
0.011299999999999866,0.26327777290488336
0.010299999999999976,0.24248151679686727
0.009299999999999864,0.2228170297287433
0.008299999999999974,0.20569902300037635
0.007299999999999862,0.19084455435179343
0.006299999999999972,0.17627302796318356
0.00529999999999986,0.16368209739438472
0.0042999999999999705,0.15208146473549145
0.0032999999999998586,0.14019788981662515
0.0022999999999999687,0.13021002803957799
0.0012999999999998568,0.12049096140950517
0.00029999999999996696,0.11113971971739729
-0.000700000000000145,0.10260901057921111
-0.0017000000000000348,0.094035860102029
-0.0027000000000001467,0.08733012854066871
-0.0037000000000000366,0.07963409906940291
-0.0047000000000001485,0.07304154441203185
-0.005700000000000038,0.06673193201463377
-0.00670000000000015,0.06021011292225596
-0.00770000000000004,0.0541834427848309
-0.008700000000000152,0.04838312645538425
-0.009700000000000042,0.04314869464588362
-0.010700000000000154,0.03791426283638299
-0.011700000000000044,0.033061803077845904
-0.012700000000000156,0.02820934331930883
-0.013700000000000045,0.024035944984706972
-0.014700000000000157,0.019791811085111865
-0.015700000000000047,0.01578817810649381
-0.01670000000000016,0.011909039722263879
-0.01770000000000005,0.007526264115281995
-0.01870000000000016,0.004735038720648278
-0.01970000000000005,0.0014124477617852526
-0.020700000000000163,-0.0024814036199632744
-0.021700000000000053,-0.005203308160903605
-0.022700000000000164,-0.008484023665290623
-0.023700000000000054,-0.011413890767311117
-0.024700000000000166,-0.013745334989488696
-0.025700000000000056,-0.016849211581392583
-0.026700000000000168,-0.019197632339168547
-0.027700000000000058,-0.021447023305953956
-0.02870000000000017,-0.024219857453689427
-0.02970000000000006,-0.025889216787530173
-0.03070000000000017,-0.028308373110299385
-0.03170000000000006,-0.030699235207071292
-0.03270000000000017,-0.03194418115095252
-0.03370000000000006,-0.0344906614907096
-0.034700000000000175,-0.035961961242569236
-0.035700000000000065,-0.03761717346341132
-0.03670000000000018,-0.03999388844718459
-0.03770000000000007,-0.040998333470088764
-0.03870000000000018,-0.042837458159913314
-0.03970000000000007,-0.04378531473082289
-0.04070000000000018,-0.04501611356170547
-0.04170000000000007,-0.047166474737500325
-0.04270000000000018,-0.048071889969413945
-0.04370000000000007,-0.04913292344431273
-0.044700000000000184,-0.050476899179184506
-0.045700000000000074,-0.051184254829117024
-0.046700000000000186,-0.052584819015983414
-0.047700000000000076,-0.05380147073386734
-0.04870000000000019,-0.05455126772279582
-0.04970000000000008,-0.05572547810168379
-0.05070000000000019,-0.05648942220361091
-0.05170000000000008,-0.05726751341853669
-0.05270000000000019,-0.0579182806164746
-0.05370000000000008,-0.05858319492741117
-0.05470000000000019,-0.05906419676936528
-0.05570000000000008,-0.059884729323287006
-0.056700000000000195,-0.06120041083216149
-0.057700000000000085,-0.061412617527141236
-0.058700000000000196,-0.06221900296806432
-0.059700000000000086,-0.062134120290072405
-0.0607000000000002,-0.06332247778195904
-0.06170000000000009,-0.06378933251091451
-0.0627000000000002,-0.06395909786689832
-0.06370000000000009,-0.06417130456187807
-0.0647000000000002,-0.06462401217783488
-0.06570000000000009,-0.0653596620537647
-0.0667000000000002,-0.06545869184475524
-0.0677000000000001,-0.06568504565273366
-0.0687000000000002,-0.06598213502570531
-0.0697000000000001,-0.06591139946071205
-0.07070000000000021,-0.06650557820665538
-0.0717000000000001,-0.06674607912763245
-0.07270000000000021,-0.06690169737061757
-0.0737000000000001,-0.06690169737061757
-0.07470000000000021,-0.06697243293561084
-0.0757000000000001,-0.06721293385658789
-0.07670000000000021,-0.0675241703425582
-0.0777000000000001,-0.0676656414725447
-0.07870000000000021,-0.06799102507151367
-0.0797000000000001,-0.0677222299245393
-0.08070000000000022,-0.06756661168155415
-0.0817000000000001,-0.0676373472465474
-0.08270000000000022,-0.06816079042749747
-0.08370000000000011,-0.06773637703753796
-0.08470000000000022,-0.06782125971552985
-0.08570000000000011,-0.06765149435954605
-0.08670000000000022,-0.06779296548953255
-0.08770000000000011,-0.06797687795851501
-0.08870000000000022,-0.06759490590755145
-0.08970000000000011,-0.06830226155748398
-0.09070000000000022,-0.0673544049865744
-0.09170000000000011,-0.0677505241505366
-0.09270000000000023,-0.0676373472465474
-0.09370000000000012,-0.0677788183765339
-0.09470000000000023,-0.0672412280825852
-0.09570000000000012,-0.0678637010545258
-0.09670000000000023,-0.06715634540459328
-0.09770000000000012,-0.0675241703425582
-0.09870000000000023,-0.06680266757962702
-0.09970000000000012,-0.06718463963059058
-0.10070000000000023,-0.0669865800486095
-0.10170000000000012,-0.06659046088464728
-0.10270000000000024,-0.0669865800486095
-0.10370000000000013,-0.06731196364757845
-0.10470000000000024,-0.06632166573767292
-0.10570000000000013,-0.06707146272660139
-0.10670000000000024,-0.06632166573767292
-0.10770000000000013,-0.06664704933664188
-0.10870000000000024,-0.06680266757962702
-0.10970000000000013,-0.06592554657371072
-0.11070000000000024,-0.06618019460768641
-0.11170000000000013,-0.06613775326869047
-0.11270000000000002,-0.06609531192969452
-0.11370000000000013,-0.06625093017267966
-0.11470000000000002,-0.06571333987873097
-0.11570000000000014,-0.0656426043137377
-0.11670000000000003,-0.06578407544372422
-0.11770000000000014,-0.06578407544372422
-0.11870000000000003,-0.06565675142673635
-0.11970000000000014,-0.0657274869917296
-0.12070000000000003,-0.06528892648877145
-0.12170000000000014,-0.06557186874874445
-0.12270000000000003,-0.06552942740974849
-0.12370000000000014,-0.06537380916676334
-0.12470000000000003,-0.06524648514977549
-0.12570000000000014,-0.06511916113278764
-0.12670000000000003,-0.06483621887281464
-0.12770000000000015,-0.06520404381077954
-0.12870000000000004,-0.06503427845479573
-0.12970000000000015,-0.06507671979379169
-0.13070000000000004,-0.06472304196882543
-0.13170000000000015,-0.06500598422879844
-0.13270000000000004,-0.06480792464681732
-0.13370000000000015,-0.0651333082457863
-0.13470000000000004,-0.0653313678277674
-0.13570000000000015,-0.06518989669778089
-0.13670000000000004,-0.06507671979379169
-0.13770000000000016,-0.06516160247178358
-0.13870000000000005,-0.06504842556779439
-0.13970000000000016,-0.06502013134179709
-0.14070000000000005,-0.06538795627976199
-0.14170000000000016,-0.06503427845479573
-0.14270000000000005,-0.06504842556779439
-0.14370000000000016,-0.0653313678277674
-0.14470000000000005,-0.06518989669778089
-0.14570000000000016,-0.06552942740974849
-0.14670000000000005,-0.0656991927657323
-0.14770000000000016,-0.06606701770369722
-0.14870000000000005,-0.06592554657371072
-0.14970000000000017,-0.06609531192969452
-0.15070000000000006,-0.06613775326869047
-0.15170000000000017,-0.06646313686765942
-0.15270000000000006,-0.06647728398065808
-0.15370000000000017,-0.06700072716160814
-0.15470000000000006,-0.06671778490163513
-0.15570000000000017,-0.0672412280825852
-0.15670000000000006,-0.06736855209957304
-0.15770000000000017,-0.0676090530205501
-0.15870000000000006,-0.06831640867048261
-0.15970000000000018,-0.06797687795851501
-0.16070000000000007,-0.06803346641050961
-0.16170000000000018,-0.06913694122440435
-0.16270000000000007,-0.06927841235439085
-0.16370000000000018,-0.06950476616236925
-0.16470000000000007,-0.07014138624730852
-0.16570000000000018,-0.06988673821333281
-0.16670000000000007,-0.07049506407227478
-0.16770000000000018,-0.07090533034923564
-0.16870000000000007,-0.07148536198218029
-0.16970000000000018,-0.07189562825914117
-0.17070000000000007,-0.07223515897110877
-0.17170000000000019,-0.07206539361512497
-0.17270000000000008,-0.0735083991409873
-0.1737000000000002,-0.0735083991409873
-0.17470000000000008,-0.07373475294896571
-0.1757000000000002,-0.07458357972888473
-0.17670000000000008,-0.07543240650880376
-0.1777000000000002,-0.07632367462771873
-0.17870000000000008,-0.07679052935667419
-0.1797000000000002,-0.07704517739064991
-0.18070000000000008,-0.07817694643054193
-0.1817000000000002,-0.07848818291651223
-0.18270000000000008,-0.07942189237442315
-0.1837000000000002,-0.08027071915434218
-0.1847000000000001,-0.08049707296232057
-0.1857000000000002,-0.08164298911521127
-0.1867000000000001,-0.08256255146012353
-0.1877000000000002,-0.08322746577106012
-0.1887000000000001,-0.08447241171494134
-0.1897000000000002,-0.08533538560785901
-0.1907000000000001,-0.08643886042175375
-0.1917000000000001,-0.08728768720167276
-0.19269999999999998,-0.08843360335456343
-0.1937000000000001,-0.08957951950745412
-0.19469999999999998,-0.09054152319136234
-0.1957000000000001,-0.09124887884129487
-0.19669999999999999,-0.09279091415814776
-0.1977000000000001,-0.09410659566702224
-0.1987,-0.09519592336791832
-0.1997000000000001,-0.09646916353779686
-0.2007,-0.09779899215966999
-0.2017000000000001,-0.09932688036352423
-0.2027,-0.10076988588938657
-0.2037000000000001,-0.10173188957329479
-0.2047,-0.10338710179413689
-0.2057000000000001,-0.10487254865899517
-0.2067,-0.10692388004379948
-0.2077000000000001,-0.10832444423066585
-0.2087,-0.11022015737248501
-0.2097000000000001,-0.11157828022035543
-0.2107,-0.11420964323810441
-0.2117000000000001,-0.11495944022703289
-0.2127,-0.11744933211479533
-0.2137000000000001,-0.11887819052765905
-0.2147,-0.1218207900313783
-0.2157000000000001,-0.1239004156421799
-0.2167,-0.12619224794796124
-0.21770000000000012,-0.127904048620798
-0.2187,-0.13035149916956448
-0.21970000000000012,-0.13221891808538633
-0.2207,-0.1352746944930948
-0.22170000000000012,-0.1371845547479126
-0.2227,-0.13961785818368047
-0.22370000000000012,-0.1427443701563822
-0.2247,-0.14529085049613927
-0.22570000000000012,-0.14797880196588284
-0.2267,-0.15052528230563988
-0.22770000000000012,-0.15392058942531597
-0.22870000000000001,-0.15689148315503257
-0.22970000000000013,-0.15986237688474914
-0.23070000000000002,-0.1626917994844792
-0.23170000000000013,-0.16637004886412832
-0.23270000000000002,-0.1697653559838044
-0.23370000000000013,-0.1734436053634535
-0.23470000000000002,-0.17655597022315658
-0.23570000000000013,-0.18009274847281917
-0.23670000000000002,-0.18405394011244128
-0.2376999999999999,-0.18759071836210386
-0.23870000000000002,-0.19155191000172597
-0.2396999999999999,-0.19551310164134805
-0.24070000000000003,-0.19989870667092968
-0.24169999999999991,-0.20428431170051128
-0.24270000000000003,-0.20838697447011992
-0.24369999999999992,-0.21291405062968802
-0.24470000000000003,-0.21744112678925615
-0.24569999999999992,-0.22239261633878374
-0.24670000000000003,-0.22720263475832486
-0.24769999999999992,-0.23201265317786599
-0.24870000000000003,-0.23753002724733965
-0.24969999999999992,-0.2420571034069078
-0.25070000000000003,-0.24757447747638137
-0.2516999999999999,-0.25309185154585506
-0.25270000000000004,-0.2587506967453152
-0.2536999999999999,-0.26426807081478887
-0.25470000000000004,-0.270209858274222
-0.2556999999999999,-0.2764345879936282
-0.25670000000000004,-0.28251784658304785
-0.25769999999999993,-0.289025518562427
-0.25870000000000004,-0.29510877715184664
-0.25969999999999993,-0.30175792026121234
-0.26070000000000004,-0.308407063370578
-0.26169999999999993,-0.31519767760993017
-0.26270000000000004,-0.3221297629792688
-0.26369999999999993,-0.3299106751285265
-0.26470000000000005,-0.33670128936787874
-0.26569999999999994,-0.34434073038714996
-0.26670000000000005,-0.35169722914644813
-0.26769999999999994,-0.36018549694563834
-0.26870000000000005,-0.36796640909489603
-0.26969999999999994,-0.37588879237414025
-0.27070000000000005,-0.38466000243330345
-0.27169999999999994,-0.39286532797252066
-0.27270000000000005,-0.4014950669016974
-0.27369999999999994,-0.41054921922083365
-0.27470000000000006,-0.4188960158900374
-0.27569999999999995,-0.42879899498909263
-0.27670000000000006,-0.43813608956820194
-0.27769999999999995,-0.44747318414731113
-0.27870000000000006,-0.4572346921163799
-0.27969999999999995,-0.46742061347540814
-0.28070000000000006,-0.4776065348344364
-0.28169999999999995,-0.4882168695834242
-0.28270000000000006,-0.4984027909424524
-0.28369999999999995,-0.5087301834314671
-0.28470000000000006,-0.5203308160903605
-0.28569999999999995,-0.5309411508393483
-0.28670000000000007,-0.5422588412382686
-0.28769999999999996,-0.5537180027671754
-0.28870000000000007,-0.5651771642960822
-0.28969999999999996,-0.5773436814749214
-0.29070000000000007,-0.5888028430038282
-0.29169999999999996,-0.6016767158326001
-0.29270000000000007,-0.6141261752714124
-0.29369999999999996,-0.6271415192301707
-0.2947000000000001,-0.6394495075389965
-0.29569999999999996,-0.653313678277674
-0.2967000000000001,-0.6660460799764593
-0.29769999999999996,-0.6797687795851503
-0.2987000000000001,-0.6930670658038814
-0.29969999999999997,-0.7067897654125724
-0.3007000000000001,-0.7210783495412092
-0.30169999999999997,-0.735083991409873
-0.3027000000000001,-0.7502214023184289
-0.30369999999999997,-0.7649343998370254
-0.3047000000000001,-0.7792229839656621
-0.30569999999999997,-0.7943603948742181
-0.3067000000000001,-0.8097807480427469
-0.3077,-0.8250596300812894
-0.3087000000000001,-0.8414702811597239
-0.3097,-0.8567491631982663
-0.3107000000000001,-0.8730183431467142
-0.3117,-0.889570465355135
-0.3127000000000001,-0.9056981741735964
-0.3137,-0.9222502963820175
-0.3147000000000001,-0.9383780052004788
-0.3157,-0.9556374830588322
-0.3167000000000001,-0.9733213743071454
-0.3177,-0.9905808521654985
-0.3187000000000001,-1.007840330023852
-0.3197,-1.0259486346621245
-0.3207000000000001,-1.0439154681704106
-0.3217,-1.0621652439386697
-0.3227000000000001,-1.0804150197069284
-0.3237,-1.0988062666051739
-0.3247000000000001,-1.1174804557633924
-0.3257,-1.13700347170153
-0.3267000000000001,-1.1556776608597483
-0.3277,-1.174351850017967
-0.3287000000000001,-1.1933089814361586
-0.3297,-1.2135393530242284
-0.3307000000000001,-1.2332038400923524
-0.3317,-1.2534342116804225
-0.3327000000000001,-1.27295722761856
-0.3337,-1.29318759920663
-0.3347000000000001,-1.3129935574047407
-0.3357,-1.3335068712527836
-0.3367000000000001,-1.3535957717108673
-0.3377,-1.3743920278188833
-0.3387000000000001,-1.3940565148870072
-0.3397,-1.4147112998650369
-0.3407000000000001,-1.4359319693630124
-0.3417,-1.4571526388609877
-0.3427000000000001,-1.4797880196588282
-0.3437,-1.501008689156804
-0.3447000000000001,-1.5222293586547795
-0.3457,-1.543450028152755
-0.3467000000000001,-1.5646706976507305
-0.3477,-1.585891367148706
-0.3487000000000001,-1.6071120366466816
-0.3497,-1.6297474174445223
-0.3507000000000001,-1.6509680869424979
-0.3517,-1.6736034677403384
-0.3527000000000001,-1.694824137238314
-0.3537,-1.7174595180361545
-0.3547000000000001,-1.7386801875341302
-0.3557,-1.7613155683319706
-0.35670000000000013,-1.7825362378299463
-0.3577,-1.8051716186277869
-0.35870000000000013,-1.8278069994256272
-0.3597,-1.850442380223468
-0.36070000000000013,-1.8716630497214433
-0.3617,-1.895713141819149
-0.3626999999999999,-1.9183485226169896
-0.3637,-1.9409839034148304
-0.3646999999999999,-1.963619284212671
-0.3657,-1.9862546650105113
-0.3666999999999999,-2.0103047571082175
-0.3677,-2.0315254266061924
-0.3686999999999999,-2.0555755187038987
-0.36970000000000003,-2.0782108995017388
-0.3706999999999999,-2.102260991599445
-0.37170000000000003,-2.12348166109742
-0.3726999999999999,-2.148946464494991
-0.37370000000000003,-2.171581845292831
-0.3746999999999999,-2.1956319373905373
-0.37570000000000003,-2.215437895588648
-0.3766999999999999,-2.2423174102860832
-0.37770000000000004,-2.2649527910839233
-0.3786999999999999,-2.2875881718817643
-0.37970000000000004,-2.310223552679605
-0.3806999999999999,-2.3342736447773107
-0.38170000000000004,-2.358323736875016
-0.38269999999999993,-2.380959117672857
-0.38370000000000004,-2.4050092097705624
-0.38469999999999993,-2.426229879268538
-0.38570000000000004,-2.4502799713662435
-0.38669999999999993,-2.4743300634639493
-0.38770000000000004,-2.4983801555616547
-0.38869999999999993,-2.5196008250596305
-0.38970000000000005,-2.543650917157336
-0.39069999999999994,-2.5662862979551764
-0.39170000000000005,-2.588921678753017
-0.39269999999999994,-2.6129717708507227
-0.39370000000000005,-2.6356071516485633
-0.39469999999999994,-2.659657243746269
-0.39570000000000005,-2.6822926245441097
-0.39669999999999994,-2.706342716641815
-0.39770000000000005,-2.7275633861397908
-0.39869999999999994,-2.7516134782374966
-0.39970000000000006,-2.772834147735472
-0.40069999999999995,-2.7968842398331777
-0.40170000000000006,-2.819519620631018
-0.40269999999999995,-2.843569712728724
-0.40370000000000006,-2.866205093526564
-0.40469999999999995,-2.888840474324405
-0.40570000000000006,-2.91289056642211
-0.40669999999999995,-2.9341112359200863
-0.40770000000000006,-2.9581613280177916
-0.40869999999999995,-2.9793819975157674
-0.40970000000000006,-3.004846800913338
-0.41069999999999995,-3.024652759111448
-0.41170000000000007,-3.050117562509019
-0.41269999999999996,-3.069923520707129
-0.41370000000000007,-3.0953883241047
-0.41469999999999996,-3.1180237049025408
-0.41570000000000007,-3.1406590857003813
-0.41669999999999996,-3.161879755198357
-0.41770000000000007,-3.1845151359961976
-0.41869999999999996,-3.207150516794038
-0.4197000000000001,-3.2297858975918787
-0.42069999999999996,-3.249591855789989
-0.4217000000000001,-3.27505665918756
-0.42269999999999996,-3.2991067512852656
-0.4237000000000001,-3.321742132083106
-0.42469999999999997,-3.3443775128809468
-0.4257000000000001,-3.3655981823789225
-0.42669999999999997,-3.3882335631767626
-0.4277000000000001,-3.4094542326747383
-0.42869999999999997,-3.4335043247724437
-0.4297000000000001,-3.453310282970554
-0.43069999999999997,-3.4787750863681253
-0.4317000000000001,-3.5014104671659654
-0.4327,-3.5240458479638064
-0.4337000000000001,-3.545266517461782
-0.4347,-3.5679018982596227
-0.4357000000000001,-3.589122567757598
-0.4367,-3.6117579485554394
-0.4377000000000001,-3.6343933293532795
-0.4387,-3.6556139988512544
-0.4397000000000001,-3.67966409094896
-0.4407,-3.700884760446936
-0.4417000000000001,-3.7263495638445066
-0.4427,-3.747570233342482
-0.4437000000000001,-3.7716203254401877
-0.4447,-3.791426283638298
-0.4457000000000001,-3.815476375736004
-0.4467,-3.835282333934114
-0.4477000000000001,-3.8593324260318203
-0.4487,-3.8833825181295256
-0.4497000000000001,-3.906017898927366
-0.4507,-3.9300679910250715
-0.4517000000000001,-3.9498739492231825
-0.4527,-3.9725093300210226
-0.4537000000000001,-3.992315288219133
-0.4547,-4.017780091616704
-0.4557000000000001,-4.040415472414544
-0.4567,-4.065880275812115
-0.4577000000000001,-4.08710094531009
-0.4587,-4.109736326107932
-0.4597000000000001,-4.130956995605907
-0.4607,-4.155007087703612
-0.4617000000000001,-4.177642468501453
-0.4627,-4.200277849299294
-0.4637000000000001,-4.22149851879727
-0.4647,-4.24413389959511
-0.4657000000000001,-4.266769280392952
-0.4667,-4.292234083790521
-0.4677000000000001,-4.314869464588361
-0.4687,-4.338919556686067
-0.4697000000000001,-4.364384360083638
-0.4707,-4.388434452181344
-0.4717000000000001,-4.4124845442790495
-0.4727,-4.43511992507689
-0.4737000000000001,-4.459170017174596
-0.4747,-4.481805397972437
-0.4757000000000001,-4.508684912669872
-0.4767,-4.534149716067443
-0.4777000000000001,-4.559614519465013
-0.4787,-4.583664611562719
-0.4797000000000001,-4.607714703660425
-0.4807,-4.630350084458265
-0.48170000000000013,-4.655814887855835
-0.4827,-4.679864979953542
-0.48370000000000013,-4.706744494650977
-0.4847,-4.732209298048548
-0.48570000000000013,-4.757674101446118
-0.4867,-4.783138904843689
-0.4876999999999999,-4.807188996941395
-0.4887,-4.832653800338965
-0.4896999999999999,-4.8595333150364
-0.4907,-4.8849981184339715
-0.4916999999999999,-4.913292344431272
-0.4927,-4.940171859128707
-0.4936999999999999,-4.965636662526279
-0.49470000000000003,-4.991101465923849
-0.4956999999999999,-5.01656626932142
-0.49670000000000003,-5.044860495318721
-0.4976999999999999,-5.0745694326158866
-0.49870000000000003,-5.101448947313322
-0.4996999999999999,-5.126913750710893
-0.5007,-5.153793265408329
-0.5016999999999999,-5.180672780105764
-0.5027,-5.211796428702795
-0.5036999999999999,-5.242920077299826
-0.5047,-5.272629014596992
-0.5056999999999999,-5.302337951894157
-0.5067,-5.333461600491188
-0.5076999999999999,-5.358926403888759
-0.5087,-5.384391207286329
-0.5096999999999999,-5.4169295671832245
-0.5107,-5.450882638379986
-0.5116999999999999,-5.482006286977017
-0.5127,-5.513129935574048
-0.5136999999999999,-5.544253584171079
-0.5147,-5.5739625214682444
-0.5156999999999999,-5.60367145876541
-0.5167,-5.637624529962172
-0.5176999999999999,-5.6715776011589325
-0.5187,-5.706945383655557
-0.5196999999999999,-5.739483743552454
-0.5207,-5.772022103449349
-0.5216999999999999,-5.80314575204638
-0.5227,-5.837098823243141
-0.5236999999999999,-5.873881317039633
-0.5247,-5.9078343882363935
-0.5257,-5.94320217073302
-0.5267000000000001,-5.97998466452951
-0.5277,-6.015352447026135
-0.5287000000000001,-6.050720229522762
-0.5297,-6.090332145918983
-0.5307000000000001,-6.127114639715473
-0.5317,-6.166726556111695
-0.5327000000000001,-6.199264916008591
-0.5337,-6.238876832404812
-0.5347000000000001,-6.279903460100898
-0.5357,-6.323759510396714
-0.5367000000000001,-6.366200849392665
-0.5377,-6.407227477088751
-0.5387000000000001,-6.446839393484972
-0.5397,-6.483621887281464
-0.5407000000000001,-6.53030736017701
-0.5417,-6.5769928330725556
-0.5427000000000001,-6.625093017267967
-0.5437,-6.670363778863648
-0.5447000000000001,-6.717049251759194
-0.5457,-6.765149435954606
-0.5467000000000001,-6.807590774950556
-0.5477,-6.851446825246373
-0.5487000000000001,-6.900961720741648
-0.5497,-6.95189132753679
-0.5507000000000001,-7.002820934331931
-0.5517,-7.055165252426939
-0.5527000000000001,-7.104680147922214
-0.5537,-7.161268599916816
-0.5547000000000001,-7.212198206711958
-0.5557,-7.267371947406693
-0.5567000000000001,-7.32820453330089
-0.5577,-7.383378273995626
-0.5587000000000001,-7.435722592090633
-0.5597,-7.49089633278537
-0.5607000000000001,-7.5474847847799715
-0.5617,-7.6083173706741665
-0.5627000000000001,-7.674808801767824
-0.5637,-7.739885521561616
-0.5647000000000001,-7.804962241355407
-0.5657,-7.865794827249602
-0.5667000000000001,-7.930871547043396
-0.5677,-7.998777689436918
-0.5687000000000001,-8.070927965730034
-0.5697,-8.143078242023151
-0.5707000000000001,-8.215228518316268
-0.5717,-8.28596408330952
-0.5727000000000001,-8.352455514403177
-0.5737,-8.427435213296024
-0.5747000000000001,-8.508073757388331
-0.5757,-8.590127012780503
-0.5767000000000001,-8.669350845572946
-0.5777,-8.751404100965116
-0.5787000000000001,-8.830627933757558
-0.5797,-8.916925323049327
-0.5807000000000001,-9.001808001041228
-0.5817,-9.08952010163286
-0.5827000000000001,-9.182891047423954
-0.5837,-9.279091415814774
-0.5847000000000001,-9.372462361605868
-0.5857,-9.467248018696827
-0.5867000000000001,-9.563448387087647
-0.5877,-9.659648755478472
-0.5887000000000001,-9.757263835169159
-0.5897,-9.85912304875944
-0.5907000000000001,-9.966641107549185
-0.5917,-10.076988588938656
-0.5927000000000001,-10.19299491552759
-0.5937,-10.307586530816659
-0.5947000000000001,-10.42359285740559
-0.5957,-10.536769761394792
-0.5967000000000001,-10.649946665383997
-0.5977,-10.775855971071984
-0.5987000000000001,-10.898935854160243
-0.5997,-11.031918716347556
-0.6007000000000001,-11.163486867235004
-0.6017,-11.296469729422318
-0.6027000000000001,-11.435111436809091
-0.6037,-11.57516785549573
-0.6047000000000001,-11.713809562882503
-0.6057,-11.853865981569143
-0.6067000000000001,-11.999581245455241
-0.6077,-12.155199488440394
-0.6087000000000001,-12.315061865325143
-0.6097,-12.463606551810972
-0.6107000000000001,-12.624883639995588
-0.6117,-12.787575439480067
-0.6126999999999999,-12.965829063263062
-0.6137,-13.141253264446325
-0.6146999999999999,-13.309603909130265
-0.6157,-13.4821986877138
-0.6166999999999999,-13.66186702279666
-0.6177,-13.85568247087817
-0.6186999999999999,-14.053742052859274
-0.6197,-14.26028990263957
-0.6206999999999999,-14.458349484620674
-0.6217,-14.65640906660178
-0.6226999999999999,-14.854468648582884
-0.6237,-15.03838111756534
-0.6246999999999999,-15.264734925543747
-0.6257,-15.505235846520803
-0.6266999999999999,-15.731589654499205
-0.6277,-15.972090575476265
-0.6286999999999999,-16.21259149645332
-0.6297,-16.438945304431726
-0.6306999999999999,-16.679446225408782
-0.6317,-16.93409425938449
-0.6326999999999999,-17.188742293360193
-0.6337,-17.4433903273359
-0.6346999999999999,-17.71218547431026
-0.6357,-17.995127734283265
-0.6366999999999999,-18.27806999425627
-0.6377,-18.561012254229283
-0.6386999999999999,-18.843954514202288
-0.6397,-19.112749661176647
-0.6406999999999999,-19.423986147146955
-0.6417,-19.73522263311726
-0.6426999999999999,-20.046459119087572
-0.6437,-20.371842718056527
-0.6446999999999999,-20.711373430024135
-0.6457,-21.022609915994444
-0.6466999999999999,-21.362140627962056
-0.6477,-21.68752422693101
-0.6486999999999999,-22.04120205189727
-0.6497,-22.42317410286083
-0.6507,-22.833440379821692
-0.6517000000000001,-23.187118204787954
-0.6527,-23.56909025575151
-0.6537000000000001,-23.951062306715073
-0.6547,-24.31888724467998
-0.6557000000000001,-24.70085929564354
-0.6567,-25.09697845960575
-0.6577000000000001,-25.49309762356796
-0.6587,-25.91751101352747
-0.6597000000000001,-26.34192440348698
-0.6607,-26.766337793446493
-0.6617000000000001,-27.204898296404657
-0.6627,-27.671753025360115
-0.6637000000000001,-28.18104909331153
-0.6647,-28.647903822266994
-0.6657000000000001,-29.086464325225155
-0.6667,-29.510877715184666
-0.6677000000000001,-30.07676223513068
-0.6687,-30.50117562509019
-0.6697000000000001,-30.854853450056453
-0.6707,-31.392443744005163
-0.6717000000000001,-31.901739811956578
-0.6727,-32.48177144490124
-0.6737000000000001,-33.13253864283916
-0.6747,-33.755011614779775
-0.6757000000000001,-34.292601908728486
-0.6767,-34.8301922026772
-0.6777000000000001,-35.32534115762997
-0.6787,-35.90537279057463
-0.6797000000000001,-36.54199287551389
-0.6807,-37.122024508458566
-0.6817000000000001,-37.758644593397825
-0.6827,-38.38111756533845
-0.6837000000000001,-38.91870785928716
-0.6847,-39.56947505722508
-0.6857000000000001,-40.12121246417244
-0.6867,-40.88515656609956
-0.6877000000000001,-41.52177665103883
-0.6887,-42.2715736399673
-0.6897000000000001,-42.738428368922754
-0.6907,-43.41748979285798
-0.6917000000000001,-43.98337431280399
-0.6927,-44.648288623740555
-0.6937000000000001,-45.22832025668522
-0.6947,-46.119588375600195
-0.6957000000000001,-46.89767959052597
-0.6967,-47.647476579454434
-0.6977000000000001,-48.49630335937346
-0.6987,-48.96315808832892
-0.6997000000000001,-49.34513013929248
-0.7007,-49.71295507725739
-0.7017000000000001,-50.491046292183164
-0.7027,-51.65110955807249
-0.7037000000000001,-52.65555458097666
-0.7047,-53.56096981289029
-0.7057000000000001,-54.1551485588336
-0.7067,-54.57956194879311
-0.7077000000000001,-54.947386886758025
-0.7087,-55.8103607796757
-0.7097000000000001,-56.998718271562325
-0.7107,-58.14463442445301
-0.7117000000000001,-58.951019865376075
-0.7127,-59.7149639673032
-0.7137000000000001,-60.35158405224246
-0.7147,-61.04479258917633
-0.7157000000000001,-61.7662953521075
-0.7167,-62.700004810018434
-0.7177000000000001,-63.61956715493069
-0.7187,-64.53912949984297
-0.7197000000000001,-65.4445447317566
-0.7207,-66.29337151167562
-0.7217000000000001,-67.04316850060408
-0.7227,-67.8071126025312
-0.7237000000000001,-68.67008649544888
-0.7247,-69.47647193637195
-0.7257000000000001,-70.49506407227477
-0.7267,-71.28730240019921
-0.7277000000000001,-72.29174742310337
-0.7287,-73.14057420302241
-0.7297000000000001,-74.08843077393198
-0.7307,-75.0504344578402
-0.7317000000000001,-75.95584968975382
-0.7327,-76.77638224367554
-0.7337000000000001,-77.7525330405824
-0.7347,-78.70038961149199
-0.7357000000000001,-79.57751061740831
-0.7367,-80.6385440923071
-0.7376999999999999,-81.43078242023151
-0.7387,-82.29375631314919
-0.7396999999999999,-83.0011119630817
-0.7407,-84.09043966397778
-0.7416999999999999,-85.12317891287925
-0.7427,-86.19835950077669
-0.7436999999999999,-87.03303916769705
-0.7447,-87.72624770463094
-0.7456999999999999,-88.4194562415648
-0.7467,-89.42390126446898
-0.7476999999999999,-90.42834628737315
-0.7487,-91.40449708428001
-0.7496999999999999,-92.50797189817473
-0.7507,-93.39924001708972
-0.7516999999999999,-94.5734503959777
-0.7527,-95.95986746984543
-0.7536999999999999,-96.5964875547847
-0.7547,-97.40287299570777
-0.7556999999999999,-98.12437575863895
-0.7567,-99.35517458952152
-0.7576999999999999,-100.45864940341626
-0.7587,-101.87336070328129
-0.7596999999999999,-102.79292304819357
-0.7607,-102.84951150018817
-0.7616999999999999,-102.72218748320032
-0.7627,-103.61345560211528
-0.7636999999999999,-104.71693041601002
-0.7647,-105.94772924689259
-0.7656999999999999,-107.15023385177788
-0.7667,-107.87173661470905
-0.7676999999999999,-107.48976456374548
-0.7687,-107.58879435473604
-0.7696999999999999,-108.12638464868475
-0.7707,-109.35718347956733
-0.7716999999999999,-110.54554097145396
-0.7727,-110.71530632743777
-0.7736999999999999,-112.20075319229606
-0.7747,-112.37051854827988
-0.7757,-113.07787419821238
-0.7767000000000001,-113.26178666719483
-0.7777,-113.82767118714084
-0.7787000000000001,-114.60576240206663
-0.7797,-115.19994114800993
-0.7807000000000001,-115.85070834594785
-0.7817,-116.38829863989656
-0.7827000000000001,-117.3785965498021
-0.7837,-118.01521663474136
-0.7847000000000001,-118.90648475365633
-0.7857,-119.13283856163473
-0.7867000000000001,-119.30260391761853
-0.7857,-117.60495035778048
-0.7847000000000001,-117.5200676797886
-0.7837,-116.04876792792896
-0.7827000000000001,-115.51117763398025
-0.7817,-114.0115836561233
-0.7807000000000001,-113.44569913617728
-0.7797,-112.72419637324612
-0.7787000000000001,-111.25289662138647
-0.7777,-109.6825670785363
-0.7767000000000001,-109.8523324345201
-0.7757,-109.24400657557813
-0.7747,-108.64982782963483
-0.7736999999999999,-107.26341075576708
-0.7727,-105.48087451793714
-0.7716999999999999,-104.56131217302486
-0.7707,-103.57101426311934
-0.7696999999999999,-103.01927685617197
-0.7687,-102.25533275424485
-0.7676999999999999,-101.94409626827454
-0.7667,-101.64700689530288
-0.7656999999999999,-100.88306279337576
-0.7647,-99.14296789454177
-0.7636999999999999,-98.4780535836052
-0.7627,-98.09608153264163
-0.7616999999999999,-97.94046328965649
-0.7607,-97.09163650973747
-0.7596999999999999,-95.91742613084948
-0.7587,-95.01201089893587
-0.7576999999999999,-93.75291784205598
-0.7567,-92.83335549714371
-0.7556999999999999,-92.23917675120039
-0.7547,-92.3806478811869
-0.7536999999999999,-91.30546729328947
-0.7527,-90.34346360938125
-0.7516999999999999,-89.48048971646357
-0.7507,-87.96674862560798
-0.7496999999999999,-86.79253824672
-0.7487,-86.11347682278479
-0.7476999999999999,-85.64662209382932
-0.7467,-85.06659046088465
-0.7456999999999999,-84.16117522897105
-0.7447,-83.029406189079
-0.7436999999999999,-81.65713622820991
-0.7427,-81.02051614327065
-0.7416999999999999,-80.87904501328414
-0.7407,-80.45463162332464
-0.7396999999999999,-79.64824618240156
-0.7387,-79.1248030014515
-0.7376999999999999,-78.12035797854733
-0.7367,-78.13450509154598
-0.7357000000000001,-77.2715311986283
-0.7347,-76.56417554869579
-0.7337000000000001,-75.55973052579161
-0.7327,-75.26264115281995
-0.7317000000000001,-74.68260951987529
-0.7307,-73.98940098294142
-0.7297000000000001,-72.94251462104128
-0.7287,-72.36248298809663
-0.7277000000000001,-71.66927445116276
-0.7267,-71.08924281821808
-0.7257000000000001,-70.39603428128423
-0.7247,-70.18382758630447
-0.7237000000000001,-69.27841235439085
-0.7227,-68.48617402646643
-0.7217000000000001,-67.65149435954605
-0.7207,-66.97243293561084
-0.7197000000000001,-66.54801954565133
-0.7187,-65.99628213870396
-0.7177000000000001,-65.43039761875795
-0.7167,-64.63815929083353
-0.7157000000000001,-64.02983343189156
-0.7147,-63.4780960249442
-0.7137000000000001,-62.89806439199953
-0.7127,-62.17656162906836
-0.7117000000000001,-61.62482422212099
-0.7107,-60.818438781197926
-0.7097000000000001,-60.13937735726271
-0.7087,-59.33299191633964
-0.7077000000000001,-58.73881317039633
-0.7067,-58.07389885945976
-0.7057000000000001,-57.67777969549755
-0.7047,-57.649485469500235
-0.7037000000000001,-56.97042404556503
-0.7027,-56.67333467259337
-0.7017000000000001,-56.19233283063926
-0.7007,-55.371800276717536
-0.6997000000000001,-55.032269564749924
-0.6987,-54.508826383799864
-0.6977000000000001,-54.52297349679851
-0.6967,-53.71658805587545
-0.6957000000000001,-53.19314487492538
-0.6947,-52.24528830401581
-0.6937000000000001,-51.594521106077885
-0.6927,-50.80228277815347
-0.6917000000000001,-50.26469248420475
-0.6907,-49.75539641625335
-0.6897000000000001,-49.35927725229113
-0.6887,-48.90656963633432
-0.6877000000000001,-48.2840966643937
-0.6867,-47.81724193543825
-0.6857000000000001,-47.12403339850438
-0.6847,-46.586443104555656
-0.6837000000000001,-45.80835188962989
-0.6827,-45.581998081651484
-0.6817000000000001,-45.567850968652834
-0.6807,-45.35564427367308
-0.6797000000000001,-44.74731841473111
-0.6787,-44.39364058976485
-0.6777000000000001,-43.79946184382153
-0.6767,-43.219430210876865
-0.6757000000000001,-42.3564563179592
-0.6747,-41.63495355502803
-0.6737000000000001,-41.30956995605907
-0.6727,-40.94174501809416
-0.6717000000000001,-40.65880275812115
-0.6707,-40.03632978618054
-0.6697000000000001,-39.59776928322238
-0.6687,-38.84797229429391
-0.6677000000000001,-38.43770601733305
-0.6667,-37.84352727138973
-0.6657000000000001,-37.39081965543292
-0.6647,-36.669316892501755
-0.6637000000000001,-36.25905061554089
-0.6627,-35.735607434590825
-0.6617000000000001,-35.41022383562187
-0.6607,-35.14142868864751
-0.6597000000000001,-34.6604268466934
-0.6587,-34.39163169971904
-0.6577000000000001,-34.207719230736586
-0.6567,-33.47206935480677
-0.6557000000000001,-32.9486261738567
-0.6547,-32.21297629792688
-0.6537000000000001,-32.09979939393769
-0.6527,-31.46317930899841
-0.6517000000000001,-31.29341395301461
-0.6507,-30.854853450056453
-0.6497,-30.43044006009694
-0.6486999999999999,-29.96358533114148
-0.6477,-29.539171941181966
-0.6466999999999999,-29.14305277721976
-0.6457,-28.8459634042481
-0.6446999999999999,-28.421550014288584
-0.6437,-28.09616641531963
-0.6426999999999999,-27.869812607341224
-0.6417,-27.332222313392506
-0.6406999999999999,-26.95025026242895
-0.6397,-26.61071955046134
-0.6386999999999999,-26.313630177489685
-0.6377,-26.030687917516673
-0.6366999999999999,-25.662862979551768
-0.6357,-25.280890928588207
-0.6346999999999999,-24.884771764625995
-0.6337,-24.516946826661083
-0.6326999999999999,-24.417917035670534
-0.6317,-24.16326900169483
-0.6306999999999999,-23.753002724733967
-0.6297,-23.399324899767706
-0.6286999999999999,-22.989058622806844
-0.6277,-22.66367502383789
-0.6266999999999999,-22.39487987686353
-0.6257,-22.15437895588647
-0.6246999999999999,-21.885583808912116
-0.6237,-21.574347322941808
-0.6226999999999999,-21.277257949970153
-0.6217,-20.93772723800254
-0.6206999999999999,-20.711373430024135
-0.6197,-20.371842718056527
-0.6186999999999999,-20.10304757108217
-0.6177,-19.820105311109163
-0.6166999999999999,-19.60789861612941
-0.6157,-19.409839034148305
-0.6146999999999999,-19.169338113171246
-0.6137,-18.858101627200938
-0.6126999999999999,-18.589306480226583
-0.6117,-18.306364220253574
-0.6107000000000001,-18.05171618627787
-0.6097,-17.81121526530081
-0.6087000000000001,-17.627302796318357
-0.6077,-17.429243214337255
-0.6067000000000001,-17.188742293360193
-0.6057,-16.962388485381787
-0.6047000000000001,-16.679446225408782
-0.6037,-16.424798191433077
-0.6027000000000001,-16.184297270456018
-0.6017,-15.986237688474914
-0.6007000000000001,-15.830619445489761
-0.5997,-15.689148315503255
-0.5987000000000001,-15.448647394526201
-0.5977,-15.222293586547794
-0.5967000000000001,-14.967645552572087
-0.5957,-14.797880196588284
-0.5947000000000001,-14.71299751859638
-0.5937,-14.486643710617974
-0.5927000000000001,-14.288584128636872
-0.5917,-14.094768680555362
-0.5907000000000001,-13.868414872576954
-0.5897,-13.697234805293286
-0.5887000000000001,-13.551519541407187
-0.5877,-13.395901298422032
-0.5867000000000001,-13.247356611936203
-0.5857,-13.047882318655235
-0.5847000000000001,-12.882361096571024
-0.5837,-12.745134100484115
-0.5827000000000001,-12.603662970497613
-0.5817,-12.442385882312998
-0.5807000000000001,-12.31930599922474
-0.5797,-12.129734685042823
-0.5787000000000001,-11.985434132456591
-0.5777,-11.795862818274676
-0.5767000000000001,-11.660050533487633
-0.5757,-11.493114600103558
-0.5747000000000001,-11.38701125261368
-0.5737,-11.248369545226906
-0.5727000000000001,-11.118216105639322
-0.5717,-10.97108613045336
-0.5707000000000001,-10.83668855696618
-0.5697,-10.702290983479003
-0.5687000000000001,-10.569308121291689
-0.5677,-10.481596020700055
-0.5667000000000001,-10.35285729241234
-0.5657,-10.262315769220976
-0.5647000000000001,-10.122259350534337
-0.5637,-10.01332658044473
-0.5627000000000001,-9.888831986056605
-0.5617,-9.782728638566729
-0.5607000000000001,-9.66530760067793
-0.5597,-9.55496011928846
-0.5587000000000001,-9.4601744621975
-0.5577,-9.359729959907083
-0.5567000000000001,-9.253626612417206
-0.5557,-9.153182110126787
-0.5547000000000001,-9.06405529823529
-0.5537,-8.959366662045278
-0.5527000000000001,-8.867410427554049
-0.5517,-8.759892368764307
-0.5507000000000001,-8.67076555687281
-0.5497,-8.567491631982662
-0.5487000000000001,-8.495341355689545
-0.5477,-8.40904396639778
-0.5467000000000001,-8.369432050001556
-0.5457,-8.273231681610733
-0.5447000000000001,-8.181275447119509
-0.5437,-8.07800152222936
-0.5427000000000001,-7.987459999037997
-0.5417,-7.913895011445016
-0.5407000000000001,-7.836085889952438
-0.5397,-7.775253304058242
-0.5387000000000001,-7.697444182565665
-0.5377,-7.625293906272548
-0.5367000000000001,-7.53616709438105
-0.5357,-7.466846240687664
-0.5347000000000001,-7.384792985295491
-0.5337,-7.321130976801564
-0.5327000000000001,-7.251810123108179
-0.5317,-7.186733403314386
-0.5307000000000001,-7.1145831270212705
-0.5297,-7.041018139428288
-0.5287000000000001,-6.983014976133821
-0.5277,-6.90944998854084
-0.5267000000000001,-6.854276247846103
-0.5257,-6.786370105452581
-0.5247,-6.735440498657439
-0.5236999999999999,-6.659046088464728
-0.5227,-6.601042925170261
-0.5216999999999999,-6.526063226277413
-0.5207,-6.470889485582678
-0.5196999999999999,-6.415715744887942
-0.5187,-6.369030271992395
-0.5176999999999999,-6.306782974798334
-0.5167,-6.250194522803732
-0.5156999999999999,-6.183703091710075
-0.5147,-6.131358773615069
-0.5136999999999999,-6.080429166819927
-0.5127,-6.025255426125191
-0.5116999999999999,-5.981399375829374
-0.5107,-5.916322656035583
-0.5096999999999999,-5.885199007438552
-0.5087,-5.820122287644761
-0.5076999999999999,-5.766363258249889
-0.5067,-5.712604228855018
-0.5056999999999999,-5.668748178559202
-0.5047,-5.634795107362441
-0.5036999999999999,-5.5838655005673
-0.5027,-5.525862337272833
-0.5016999999999999,-5.4622003287789065
-0.5007,-5.408441299384036
-0.4996999999999999,-5.364585249088219
-0.49870000000000003,-5.323558621392133
-0.4976999999999999,-5.281117282396182
-0.49670000000000003,-5.237261232100366
-0.4956999999999999,-5.190575759204819
-0.49470000000000003,-5.139646152409678
-0.4936999999999999,-5.092960679514132
-0.4927,-5.046275206618586
-0.4916999999999999,-5.00807800152223
-0.4907,-4.964221951226414
-0.4896999999999999,-4.921780612230462
-0.4887,-4.873680428035052
-0.4876999999999999,-4.826994955139505
-0.4867,-4.785968327443419
-0.48570000000000013,-4.749185833646928
-0.4847,-4.706744494650977
-0.48370000000000013,-4.66288844435516
-0.4827,-4.62044710535921
-0.48170000000000013,-4.585079322862584
-0.4807,-4.538393849967037
-0.4797000000000001,-4.498781933570816
-0.4787,-4.459170017174596
-0.4777000000000001,-4.413899255578914
-0.4767,-4.377116761782423
-0.4757000000000001,-4.336090134086337
-0.4747,-4.295063506390251
-0.4737000000000001,-4.2526221673943
-0.4727,-4.211595539698214
-0.4717000000000001,-4.171983623301993
-0.4707,-4.135201129505503
-0.4697000000000001,-4.102662769608606
-0.4687,-4.06163614191252
-0.4677000000000001,-4.024853648116029
-0.4667,-3.9838270204199433
-0.4657000000000001,-3.9470445266234524
-0.4647,-3.910262032826961
-0.4637000000000001,-3.8734795390304706
-0.4627,-3.8366970452339793
-0.4617000000000001,-3.801329262737354
-0.4607,-3.7631320576409975
-0.4597000000000001,-3.7249348525446417
-0.4587,-3.6895670700480157
-0.4577000000000001,-3.65702871015112
-0.4567,-3.6216609276544935
-0.4557000000000001,-3.589122567757598
-0.4547,-3.550925362661242
-0.4537000000000001,-3.5113134462650213
-0.4527,-3.473116241168665
-0.4517000000000001,-3.437748458672039
-0.4507,-3.405210098775143
-0.4497000000000001,-3.3740864501781123
-0.4487,-3.3387186676814866
-0.4477000000000001,-3.303350885184861
-0.4467,-3.267983102688235
-0.4457000000000001,-3.232615320191609
-0.4447,-3.1972475376949827
-0.4437000000000001,-3.164709177798087
-0.4427,-3.1321708179011907
-0.4417000000000001,-3.0982177467044303
-0.4407,-3.0656793868075347
-0.4397000000000001,-3.031726315610774
-0.4387,-3.000602667013743
-0.4377000000000001,-2.9666495958169823
-0.4367,-2.932696524620221
-0.4357000000000001,-2.9029875873230555
-0.4347,-2.8718639387260247
-0.4337000000000001,-2.840740290128994
-0.4327,-2.811031352831828
-0.4317000000000001,-2.775663570335202
-0.43069999999999997,-2.743125210438306
-0.4297000000000001,-2.7105868505414104
-0.42869999999999997,-2.6808779132442444
-0.4277000000000001,-2.6511689759470785
-0.42669999999999997,-2.621460038649913
-0.4257000000000001,-2.591751101352747
-0.42469999999999997,-2.5592127414558514
-0.4237000000000001,-2.5280890928588207
-0.42269999999999996,-2.49696544426179
-0.4217000000000001,-2.468671218264489
-0.42069999999999996,-2.438962280967323
-0.4197000000000001,-2.407838632370292
-0.41869999999999996,-2.379544406372992
-0.41770000000000007,-2.348420757775961
-0.41669999999999996,-2.3201265317786604
-0.41570000000000007,-2.2932470170812245
-0.41469999999999996,-2.2649527910839233
-0.41370000000000007,-2.238073276386488
-0.41269999999999996,-2.206949627789457
-0.41170000000000007,-2.1758259791924264
-0.41069999999999995,-2.151775887094721
-0.40970000000000006,-2.122066949797555
-0.40869999999999995,-2.1121639706984996
-0.40770000000000006,-2.081040322101469
-0.40669999999999995,-2.054160807404033
-0.40570000000000006,-2.023037158807002
-0.40469999999999995,-1.9947429328097017
-0.40370000000000006,-1.967863418112266
-0.40269999999999995,-1.9423986147146954
-0.40170000000000006,-1.9155191000172598
-0.40069999999999995,-1.8872248740199586
-0.39970000000000006,-1.8617600706223882
-0.39869999999999994,-1.8362952672248178
-0.39770000000000005,-1.8094157525273817
-0.39669999999999994,-1.7839509491298113
-0.39570000000000005,-1.7570714344323757
-0.39469999999999994,-1.7330213423346699
-0.39370000000000005,-1.7089712502369643
-0.39269999999999994,-1.6835064468393939
-0.39170000000000005,-1.660871066041553
-0.39069999999999994,-1.6354062626439825
-0.38970000000000005,-1.6113561705462767
-0.38869999999999993,-1.584476655848841
-0.38770000000000004,-1.5618412750510005
-0.38669999999999993,-1.540620605553025
-0.38570000000000004,-1.5179852247551844
-0.38469999999999993,-1.4939351326574788
-0.38370000000000004,-1.471299751859638
-0.38269999999999993,-1.4472496597619326
-0.38170000000000004,-1.4246142789640919
-0.3806999999999999,-1.4031106672061433
-0.37970000000000004,-1.3817485265781813
-0.3786999999999999,-1.3609522704701653
-0.37770000000000004,-1.3377510051523789
-0.3766999999999999,-1.3155400377444977
-0.37570000000000003,-1.295734079546387
-0.3746999999999999,-1.2759281213482767
-0.37370000000000003,-1.2542830384603414
-0.3726999999999999,-1.2340526668722716
-0.37170000000000003,-1.212831997374296
-0.3706999999999999,-1.1955725195159426
-0.36970000000000003,-1.1759080324478186
-0.3686999999999999,-1.1572338432895999
-0.3677,-1.139267009781314
-0.3666999999999999,-1.1214416474030147
-0.3657,-1.1023430448548366
-0.3646999999999999,-1.0832444423066585
-0.3637,-1.0638628974985076
-0.3626999999999999,-1.0451887083402893
-0.3617,-1.027221874832003
-0.36070000000000013,-1.0088306279337578
-0.3597,-0.9917126212053906
-0.35870000000000013,-0.9724725475272262
-0.3577,-0.9552130696688728
-0.35670000000000013,-0.9386609474604518
-0.3557,-0.9214014696020982
-0.3547000000000001,-0.9047078762636909
-0.3537,-0.8880142829252835
-0.3527000000000001,-0.8711792184568896
-0.3517,-0.8547685673784552
-0.3507000000000001,-0.8383579163000208
-0.3497,-0.8236449187814244
-0.3487000000000001,-0.8082245656128955
-0.3477,-0.79266274131438
-0.3467000000000001,-0.7772423881458511
-0.3457,-0.7619635061073088
-0.3447000000000001,-0.7473919797186989
-0.3437,-0.7328204533300889
-0.3427000000000001,-0.7183903980714657
-0.3417,-0.7041018139428288
-0.3407000000000001,-0.6900961720741648
-0.3397,-0.6766564147254471
-0.3387000000000001,-0.6623678305968101
-0.3377,-0.6497769000280114
-0.3367000000000001,-0.63647861380928
-0.3357,-0.6233217987205352
-0.3347000000000001,-0.6107308681517364
-0.3337,-0.5975740530629915
-0.3327000000000001,-0.5854075358841522
-0.3317,-0.5730995475753263
-0.3307000000000001,-0.5610745015264736
-0.3297,-0.5491909266076073
-0.3287000000000001,-0.5374488228187275
-0.3277,-0.5261311324198072
-0.3267000000000001,-0.5150963842808599
-0.3257,-0.5040616361419126
-0.3247000000000001,-0.49260247461300577
-0.3237,-0.4815677264740585
-0.3227000000000001,-0.4723721030249357
-0.3217,-0.46232765279589394
-0.3207000000000001,-0.4522832025668522
-0.3197,-0.4428046368577565
-0.3187000000000001,-0.4333260711486608
-0.3177,-0.4228572075296595
-0.3167000000000001,-0.4133786418205638
-0.3157,-0.40432448950142746
-0.3147000000000001,-0.3948459237923317
-0.3137,-0.385933242603182
-0.3127000000000001,-0.37659614802407276
-0.3117,-0.368249351354869
-0.3107000000000001,-0.3591951990357328
-0.3097,-0.3502825178465831
-0.3087000000000001,-0.3419357211773794
-0.3077,-0.3338718667681486
-0.3067000000000001,-0.3256665412289314
-0.30569999999999997,-0.3173197445597277
-0.3047000000000001,-0.30925589015049704
-0.30369999999999997,-0.3016164491312258
-0.3027000000000001,-0.29355259472199513
-0.30169999999999997,-0.2866205093526564
-0.3007000000000001,-0.27926401059335826
-0.29969999999999997,-0.27176604070407356
-0.2987000000000001,-0.26440954194477534
-0.29769999999999996,-0.2580433410953827
-0.2967000000000001,-0.25096978459605745
-0.29569999999999996,-0.24403769922671883
-0.2947000000000001,-0.23738855611735316
-0.29369999999999996,-0.23059794187800098
-0.29270000000000007,-0.22465615441856782
-0.29169999999999996,-0.21828995356917516
-0.29070000000000007,-0.212065223849769
-0.28969999999999996,-0.20612343639033584
-0.28870000000000007,-0.20018164893090268
-0.28769999999999996,-0.19423986147146954
-0.28670000000000007,-0.1890054296619689
-0.28569999999999995,-0.18249775768258975
-0.28470000000000006,-0.17853656604296764
-0.28369999999999995,-0.17160448067362896
-0.28270000000000006,-0.1666529911241013
-0.28169999999999995,-0.1618429727045602
-0.28070000000000006,-0.15632559863508652
-0.27969999999999995,-0.15264734925543746
-0.27870000000000006,-0.14684703292599083
-0.27769999999999995,-0.14145698287350503
-0.27670000000000006,-0.13753823257287887
-0.27569999999999995,-0.13251600745835798
-0.27470000000000006,-0.12818699088077098
-0.27369999999999994,-0.1233345311222339
-0.27270000000000005,-0.11896307320565094
-0.27169999999999994,-0.1153555593909951
-0.27070000000000005,-0.11098410147441214
-0.26969999999999994,-0.10673996757481702
-0.26870000000000005,-0.10256656924021516
-0.26769999999999994,-0.09874684873057955
-0.26670000000000005,-0.09471492152596421
-0.26569999999999994,-0.0909234952423259
-0.26470000000000005,-0.08720280452368086
-0.26369999999999993,-0.08338308401404526
-0.26270000000000004,-0.07991704132937592
-0.26169999999999993,-0.0765924697746931
-0.26070000000000004,-0.07352254625398597
-0.25969999999999993,-0.069434030597376
-0.25870000000000004,-0.06632166573767292
-0.25769999999999993,-0.06320930087796985
-0.25670000000000004,-0.060521349408226274
-0.2556999999999999,-0.05715433651454749
-0.25470000000000004,-0.054438090818806614
-0.2536999999999999,-0.051113519264123775
-0.25270000000000004,-0.047647476579454444
-0.2516999999999999,-0.04548296829066093
-0.25070000000000003,-0.04224327941396999
-0.24969999999999992,-0.04006462401217784
-0.24870000000000003,-0.03700884760446936
-0.24769999999999992,-0.03453310282970555
-0.24670000000000003,-0.03195832826395118
-0.24569999999999992,-0.029100611438223806
-0.24470000000000003,-0.027148309844410055
-0.24369999999999992,-0.024403769922671882
-0.24270000000000003,-0.022239261633878377
-0.24169999999999991,-0.02003231200608892
-0.24070000000000003,-0.017542420118326456
-0.2396999999999999,-0.01546279450752485
-0.23870000000000002,-0.013354874670725946
-0.2376999999999999,-0.011065871787544316
-0.23670000000000002,-0.009250797189817474
-0.23570000000000013,-0.006571333987873095
-0.23470000000000002,-0.004896315808832892
-0.23370000000000013,-0.0030260674704113135
-0.23270000000000002,-0.0008068098543130305
-0.23170000000000013,0.0004913292344431272
-0.23070000000000002,0.002808201930232098
-0.22970000000000013,0.0046232765279589395
-0.22870000000000001,0.0060323289826245165
-0.22770000000000012,0.007945018660042047
-0.2267,0.00908952010163286
-0.22570000000000012,0.011321934532819888
-0.2247,0.012899337632169404
-0.22370000000000012,0.014316878354634173
-0.2227,0.015943796349478963
-0.22170000000000012,0.017584861457322406
-0.2207,0.0191551910001726
-0.21970000000000012,0.020598196526034934
-0.2187,0.022196820294882423
-0.21770000000000012,0.023512501803756906
-0.2167,0.024729153521640842
-0.2157000000000001,0.026539983985468085
-0.2147,0.027247339635400606
-0.2137000000000001,0.029100611438223806
-0.2127,0.029779672862159025
-0.2117000000000001,0.031052913032037555
-0.2107,0.032425182992906636
-0.2097000000000001,0.033104244416841865
-0.2087,0.03480189797667991
-0.2077000000000001,0.03586293145157868
-0.2067,0.036839082248485554
-0.2057000000000001,0.0383103820003452
-0.2047,0.03891870785928716
-0.2037000000000001,0.03993729999518999
-0.2027,0.041380305521052325
-0.2017000000000001,0.04196033715399699
-0.2007,0.043205283097878217
-0.1997000000000001,0.04395508008680669
-0.1987,0.04500196644870682
-0.1977000000000001,0.0461195883756002
-0.19669999999999999,0.046345942183578605
-0.1957000000000001,0.0481143313084099
-0.19469999999999998,0.0482558024383964
-0.1937000000000001,0.049571483947270886
-0.19269999999999998,0.0503071338232007
-0.1917000000000001,0.05098619524713593
-0.1907000000000001,0.05214625851302525
-0.1897000000000002,0.05275458437196722
-0.1887000000000001,0.05365999960388084
-0.1877000000000002,0.05469273885278232
-0.1867000000000001,0.05531521182472293
-0.1857000000000002,0.056093303039648705
-0.1847000000000001,0.0563196568476271
-0.1837000000000002,0.05753630856551105
-0.18270000000000008,0.05837098823243141
-0.1817000000000002,0.05879540162239092
-0.18070000000000008,0.059686669741305896
-0.1797000000000002,0.059799846645295106
-0.17870000000000008,0.060903321459189835
-0.1777000000000002,0.06196435493408861
-0.17670000000000008,0.06272829903601573
-0.1757000000000002,0.06312441819997792
-0.17470000000000008,0.06350639025094149
-0.1737000000000002,0.06442595259585376
-0.17270000000000008,0.06531722071476874
-0.17170000000000019,0.0653596620537647
-0.17070000000000007,0.06640654841566482
-0.16970000000000018,0.06666119644964053
-0.16870000000000007,0.06825982021848803
-0.16770000000000018,0.06810420197550286
-0.16670000000000007,0.06865593938245024
-0.16570000000000018,0.06953306038836657
-0.16470000000000007,0.07031115160329232
-0.16370000000000018,0.07113168415721405
-0.16270000000000007,0.07152780332117625
-0.16170000000000018,0.07216442340611552
-0.16070000000000007,0.07340936934999676
-0.15970000000000018,0.0732820453330089
-0.15870000000000006,0.07400354809594006
-0.15770000000000017,0.0749089633278537
-0.15670000000000006,0.0751919055878267
-0.15570000000000017,0.07599829102874978
-0.15470000000000006,0.07622464483672817
-0.15370000000000017,0.07717250140763775
-0.15270000000000006,0.07768179747558916
-0.15170000000000017,0.07813450509154597
-0.15070000000000006,0.0791530972274488
-0.14970000000000017,0.07928042124443666
-0.14870000000000005,0.08014339513735433
-0.14770000000000016,0.081006369030272
-0.14670000000000005,0.08090733923928145
-0.14570000000000016,0.08208154961816942
-0.14470000000000005,0.08233619765214513
-0.14370000000000016,0.08325575999705741
-0.14270000000000005,0.08421776368096563
-0.14170000000000016,0.0849109722178995
-0.14070000000000005,0.08544856251184822
-0.13970000000000016,0.08584468167581043
-0.13870000000000005,0.08686327381171326
-0.13770000000000016,0.08721695163667952
-0.13670000000000004,0.0883062793375756
-0.13570000000000015,0.08907022343950272
-0.13470000000000004,0.08925413590848516
-0.13370000000000015,0.09040005206137584
-0.13270000000000004,0.0908103183383367
-0.13170000000000015,0.09189964603923279
-0.13070000000000004,0.09239479499418554
-0.12970000000000015,0.09300312085312752
-0.12870000000000004,0.09397927165003438
-0.12770000000000015,0.09487053976894937
-0.12670000000000003,0.09559204253188053
-0.12570000000000014,0.09682284136276312
-0.12470000000000003,0.09703504805774286
-0.12370000000000014,0.09945420438051207
-0.12270000000000003,0.09951079283250668
-0.12170000000000014,0.10023229559543784
-0.12070000000000003,0.10132162329633393
-0.11970000000000014,0.1017884780252894
-0.11870000000000003,0.10316074798615847
-0.11770000000000014,0.1041227516700667
-0.11670000000000003,0.10460375351202081
-0.11570000000000014,0.10550916874393444
-0.11470000000000002,0.10624481861986426
-0.11370000000000013,0.10726341075576709
-0.11270000000000002,0.10884788741161593
-0.11170000000000013,0.10942791904456058
-0.11070000000000024,0.11084263034442562
-0.10970000000000013,0.1114792504293649
-0.10870000000000024,0.11299299152022048
-0.10770000000000013,0.11396914231712736
-0.10670000000000024,0.11457746817606933
-0.10570000000000013,0.11603462081493031
-0.10470000000000024,0.11713809562882503
-0.10370000000000013,0.11814254065172922
-0.10270000000000024,0.11920357412662799
-0.10170000000000012,0.12083049212147279
-0.10070000000000023,0.12228764476033378
-0.09970000000000012,0.12307988308825818
-0.09870000000000023,0.12497559623007734
-0.09770000000000012,0.12602248259197746
-0.09670000000000023,0.1270693689538776
-0.09570000000000012,0.12835675623675477
-0.09470000000000023,0.12982805598861444
-0.09370000000000012,0.13165303356544034
-0.09270000000000023,0.13296871507431476
-0.09170000000000011,0.13415707256620144
-0.09070000000000022,0.13615181549901115
-0.08970000000000011,0.13721284897390992
-0.08870000000000022,0.1392358861327169
-0.08770000000000011,0.14089109835355904
-0.08670000000000022,0.1421784856364362
-0.08570000000000011,0.14415908145624726
-0.08470000000000022,0.14529085049613927
-0.08370000000000011,0.14769585970590982
-0.08270000000000022,0.14911057100577488
-0.0817000000000001,0.1509496956955994
-0.08070000000000022,0.15307176264539696
-0.0797000000000001,0.15448647394526202
-0.07870000000000021,0.15660854089505957
-0.0777000000000001,0.15901355010483012
-0.07670000000000021,0.16071120366466815
-0.0757000000000001,0.1626917994844792
-0.07470000000000021,0.16467239530429026
-0.0737000000000001,0.1669359333840743
-0.07270000000000021,0.1696238848538179
-0.0717000000000001,0.17132153841365594
-0.07070000000000021,0.17415096101338604
-0.0697000000000001,0.17599008570321056
-0.0687000000000002,0.17811215265300812
-0.0677000000000001,0.18136598864269768
-0.0667000000000002,0.18278069994256274
-0.06570000000000009,0.1857515936722793
-0.0647000000000002,0.18787366062207686
-0.06370000000000009,0.19070308322180693
-0.0627000000000002,0.1931080924315775
-0.06170000000000009,0.19579604390132105
-0.0607000000000002,0.19862546650105112
-0.059700000000000086,0.20145488910078121
-0.058700000000000196,0.2038598983105518
-0.057700000000000085,0.20683079204026839
-0.056700000000000195,0.20994315689997145
-0.05570000000000008,0.21277257949970152
-0.05470000000000019,0.2153190598394586
-0.05370000000000008,0.21871436695913468
-0.05270000000000019,0.22168526068885125
-0.05170000000000008,0.2250805678085273
-0.05070000000000019,0.2276270481482844
-0.04970000000000008,0.23059794187800098
-0.04870000000000019,0.23470060464760956
-0.047700000000000076,0.23781296950731265
-0.046700000000000186,0.24064239210704275
-0.045700000000000074,0.2446035837466648
-0.044700000000000184,0.2474330063463949
-0.04370000000000007,0.2512527268560305
-0.04270000000000018,0.25450656284572004
-0.04170000000000007,0.25790186996539616
-0.04070000000000018,0.2618630616050183
-0.03970000000000007,0.2649754264647214
-0.03870000000000018,0.269643973754276
-0.03770000000000007,0.27303928087395213
-0.03670000000000018,0.27615164573365514
-0.035700000000000065,0.2808201930232098
-0.034700000000000175,0.2843569712728724
-0.03370000000000006,0.288459634042481
-0.03270000000000017,0.2929867102020491
-0.03170000000000006,0.2959576039317657
-0.03070000000000017,0.30034320896134725
-0.02970000000000006,0.3050117562509019
-0.02870000000000017,0.308690005630551
-0.027700000000000058,0.3130756106601326
-0.026700000000000168,0.3168953311697682
-0.025700000000000056,0.3214224073293363
-0.024700000000000166,0.3256665412289314
-0.023700000000000054,0.33019361738849956
-0.022700000000000164,0.3345792224180812
-0.021700000000000053,0.3389648274476628
-0.020700000000000163,0.3433504324772444
-0.01970000000000005,0.3480189797667991
-0.01870000000000016,0.35212164253640765
-0.01770000000000005,0.35735607434590827
-0.01670000000000016,0.3616002082455034
-0.015700000000000047,0.3666931689250175
-0.014700000000000157,0.3703714183046666
-0.013700000000000045,0.37617173463411324
-0.012700000000000156,0.38084028192366787
-0.011700000000000044,0.3855088292132225
-0.010700000000000154,0.39060178989273664
-0.009700000000000042,0.3949873949223182
-0.008700000000000152,0.40064624012177835
-0.00770000000000004,0.40503184515136
-0.00670000000000015,0.40970039244091466
-0.005700000000000038,0.4152177665103883
-0.0047000000000001485,0.4194619004099834
-0.0037000000000000366,0.42497927447945705
-0.0027000000000001467,0.42978929289899814
-0.0017000000000000348,0.43403342679859325
-0.000700000000000145,0.4396922719980534
0.00029999999999996696,0.44393640589764854
0.0012999999999998568,0.44888789544717617
0.0022999999999999687,0.45383938499670373
0.0032999999999998586,0.4586494034162448
0.0042999999999999705,0.46388383522574556
0.00529999999999986,0.46742061347540814
0.006299999999999972,0.4723721030249357
0.007299999999999862,0.4776065348344364
0.008299999999999974,0.48114331308409897
0.009299999999999864,0.4859533315036401
0.010299999999999976,0.49048040766320816
0.011299999999999866,0.4948660126927898
0.012299999999999978,0.4991101465923849
