Potential V vs RHE, Current mA cm-2
0.013299999999999867,0.004343163690585663
0.012299999999999978,-0.008608518259678748
0.011299999999999866,-0.018193187316264375
0.010299999999999976,-0.02645510130747619
0.009299999999999864,-0.03364183471079057
0.008299999999999974,-0.04013535957717109
0.007299999999999862,-0.046077147036604246
0.006299999999999972,-0.05124084328111162
0.00529999999999986,-0.05646112797761362
0.0042999999999999705,-0.060931615685187124
0.0032999999999998586,-0.06477963042082002
0.0022999999999999687,-0.069434030597376
0.0012999999999998568,-0.07352254625398597
0.00029999999999996696,-0.07737056098961885
-0.000700000000000145,-0.08052536718831789
-0.0017000000000000348,-0.08351040803103311
-0.0027000000000001467,-0.08669350845572944
-0.0037000000000000366,-0.08963610795944872
-0.0047000000000001485,-0.09216844118620715
-0.005700000000000038,-0.09478565709095746
-0.00670000000000015,-0.09740287299570777
-0.00770000000000004,-0.10006253023945405
-0.008700000000000152,-0.10225533275424485
-0.009700000000000042,-0.104151045896064
-0.010700000000000154,-0.10699461560879273
-0.011700000000000044,-0.10884788741161593
-0.012700000000000156,-0.11105483703940537
-0.013700000000000045,-0.11282322616423668
-0.014700000000000157,-0.1146623508540612
-0.015700000000000047,-0.11589314968494381
-0.01670000000000016,-0.11862354249368333
-0.01770000000000005,-0.11991092977656051
-0.01870000000000016,-0.12111343438144578
-0.01970000000000005,-0.12292426484527302
-0.020700000000000163,-0.12531512694204497
-0.021700000000000053,-0.12630542485195048
-0.022700000000000164,-0.12841334468874938
-0.023700000000000054,-0.1293753483726576
-0.024700000000000166,-0.1304363818475564
-0.025700000000000056,-0.13230380076337822
-0.026700000000000168,-0.1334214226902716
-0.027700000000000058,-0.1353595771710867
-0.02870000000000017,-0.13642061064598549
-0.02970000000000006,-0.13766555658986673
-0.03070000000000017,-0.1394056514887007
-0.03170000000000006,-0.14067889165857925
-0.03270000000000017,-0.1420370145064497
-0.03370000000000006,-0.1423199567664227
-0.034700000000000175,-0.14316878354634172
-0.035700000000000065,-0.14458349484620675
-0.03670000000000018,-0.14642261953603128
-0.03770000000000007,-0.14755438857592332
-0.03870000000000018,-0.14925204213576138
-0.03970000000000007,-0.1499593977856939
-0.04070000000000018,-0.1506667534356264
-0.04170000000000007,-0.15236440699546444
-0.04270000000000018,-0.15321323377538346
-0.04370000000000007,-0.15561824298515403
-0.044700000000000184,-0.15660854089505957
-0.045700000000000074,-0.15675001202504607
-0.046700000000000186,-0.15717442541500556
-0.047700000000000076,-0.15802325219492458
-0.04870000000000019,-0.1588720789748436
-0.04970000000000008,-0.16014531914472213
-0.05070000000000019,-0.1617015015745737
-0.05170000000000008,-0.16212591496453319
-0.05270000000000019,-0.16382356852437122
-0.05370000000000008,-0.16396503965435774
-0.05470000000000019,-0.16537975095422278
-0.05570000000000008,-0.16707740451406086
-0.056700000000000195,-0.16736034677403386
-0.057700000000000085,-0.16863358694391237
-0.058700000000000196,-0.17047271163373692
-0.059700000000000086,-0.17004829824377743
-0.0607000000000002,-0.17103859615368294
-0.06170000000000009,-0.1728777208435075
-0.0627000000000002,-0.1728777208435075
-0.06370000000000009,-0.173868018753413
-0.0647000000000002,-0.17471684553333205
-0.06570000000000009,-0.17655597022315658
-0.0667000000000002,-0.1769803836131161
-0.0677000000000001,-0.17867803717295414
-0.0687000000000002,-0.17938539282288665
-0.0697000000000001,-0.18150745977268423
-0.07070000000000021,-0.18278069994256274
-0.0717000000000001,-0.18405394011244128
-0.07270000000000021,-0.18320511333252223
-0.0737000000000001,-0.1844783535024008
-0.07470000000000021,-0.1847612957623738
-0.0757000000000001,-0.18419541124242778
-0.07670000000000021,-0.18631747819222533
-0.0777000000000001,-0.18674189158218485
-0.07870000000000021,-0.18872248740199588
-0.0797000000000001,-0.18971278531190142
-0.08070000000000022,-0.1922592656516585
-0.0817000000000001,-0.1931080924315775
-0.08270000000000022,-0.1936739769515235
-0.08370000000000011,-0.19409839034148305
-0.08470000000000022,-0.19523015938137506
-0.08570000000000011,-0.19579604390132105
-0.08670000000000022,-0.19791811085111863
-0.08770000000000011,-0.19947429328097016
-0.08870000000000022,-0.19933282215098366
-0.08970000000000011,-0.19862546650105112
-0.09070000000000022,-0.19820105311109162
-0.09170000000000011,-0.19890840876102414
-0.09270000000000023,-0.19876693763103764
-0.09370000000000012,-0.19975723554094318
-0.09470000000000023,-0.2008890045808352
-0.09570000000000012,-0.2011719468408082
-0.09670000000000023,-0.20230371588070023
-0.09770000000000012,-0.20244518701068673
-0.09870000000000023,-0.2040013694405383
-0.09970000000000012,-0.20456725396048434
-0.10070000000000023,-0.20555755187038985
-0.10170000000000012,-0.20612343639033584
-0.10270000000000024,-0.2065478497802954
-0.10370000000000013,-0.2082455033401334
-0.10470000000000024,-0.2089528589900659
-0.10570000000000013,-0.20994315689997145
-0.10670000000000024,-0.21093345480987696
-0.10770000000000013,-0.21107492593986346
-0.10870000000000024,-0.21291405062968802
-0.10970000000000013,-0.21404581966958006
-0.11070000000000024,-0.2151775887094721
-0.11170000000000013,-0.2151775887094721
-0.11270000000000002,-0.2167337711393236
-0.11370000000000013,-0.21772406904922914
-0.11470000000000002,-0.21715818452928315
-0.11570000000000014,-0.21758259791924262
-0.11670000000000003,-0.21970466486904017
-0.11770000000000014,-0.22097790503891873
-0.11870000000000003,-0.22111937616890526
-0.11970000000000014,-0.2204120205189727
-0.12070000000000003,-0.2204120205189727
-0.12170000000000014,-0.22182673181883775
-0.12270000000000003,-0.2232414431187028
-0.12370000000000014,-0.22366585650866228
-0.12470000000000003,-0.22465615441856782
-0.12570000000000014,-0.22550498119848683
-0.12670000000000003,-0.2270611636283384
-0.12770000000000015,-0.2281929326682304
-0.12870000000000004,-0.22890028831816295
-0.12970000000000015,-0.22960764396809544
-0.13070000000000004,-0.23088088413797397
-0.13170000000000015,-0.2321541243078525
-0.13270000000000004,-0.23385177786769054
-0.13370000000000015,-0.2321541243078525
-0.13470000000000004,-0.23328589334774452
-0.13570000000000015,-0.23484207577759608
-0.13670000000000004,-0.23753002724733965
-0.13770000000000016,-0.2396520941971372
-0.13870000000000005,-0.24078386323702924
-0.13970000000000016,-0.24248151679686727
-0.14070000000000005,-0.24177416114693479
-0.14170000000000016,-0.24248151679686727
-0.14270000000000005,-0.2446035837466648
-0.14370000000000016,-0.24587682391654336
-0.14470000000000005,-0.24658417956647588
-0.14570000000000016,-0.24630123730650288
-0.14670000000000005,-0.24630123730650288
-0.14770000000000016,-0.24587682391654336
-0.14870000000000005,-0.24842330425630044
-0.14970000000000017,-0.24941360216620592
-0.15070000000000006,-0.24870624651627343
-0.15170000000000017,-0.24941360216620592
-0.15270000000000006,-0.250545371206098
-0.15370000000000017,-0.252243024765936
-0.15470000000000006,-0.25365773606580105
-0.15570000000000017,-0.25436509171573357
-0.15670000000000006,-0.2557798030155986
-0.15770000000000017,-0.2564871586655311
-0.15870000000000006,-0.2564871586655311
-0.15970000000000018,-0.25931658126526125
-0.16070000000000007,-0.25959952352523424
-0.16170000000000018,-0.25974099465522077
-0.16270000000000007,-0.26030687917516676
-0.16370000000000018,-0.2617215904750318
-0.16470000000000007,-0.2628533595149239
-0.16570000000000018,-0.2637021862948429
-0.16670000000000007,-0.2646924842047484
-0.16770000000000018,-0.2652583687246944
-0.16870000000000007,-0.2651168975947079
-0.16970000000000018,-0.2661071955046134
-0.17070000000000007,-0.2663901377645864
-0.17170000000000019,-0.2692195603643165
-0.17270000000000008,-0.2706342716641816
-0.1737000000000002,-0.27176604070407356
-0.17470000000000008,-0.27134162731411404
-0.1757000000000002,-0.2726148674839926
-0.17670000000000008,-0.2734636942639116
-0.1777000000000002,-0.27473693443379016
-0.17870000000000008,-0.2772834147735472
-0.1797000000000002,-0.27855665494342574
-0.18070000000000008,-0.27926401059335826
-0.1817000000000002,-0.27982989511330425
-0.18270000000000008,-0.2820934331930883
-0.1837000000000002,-0.2843569712728724
-0.1847000000000001,-0.2854887403127644
-0.1857000000000002,-0.2852057980527914
-0.1867000000000001,-0.28534726918277786
-0.1877000000000002,-0.2846399135328454
-0.1887000000000001,-0.28704492274261595
-0.1897000000000002,-0.29001581647233254
-0.1907000000000001,-0.2911475855122245
-0.1917000000000001,-0.289874345342346
-0.19269999999999998,-0.29029875873230554
-0.1937000000000001,-0.2924208256821031
-0.19469999999999998,-0.2932696524620221
-0.1957000000000001,-0.29539171941181963
-0.19669999999999999,-0.2976552574916037
-0.1977000000000001,-0.29708937297165766
-0.1987,-0.29906996879146874
-0.1997000000000001,-0.3021823336511718
-0.2007,-0.3035970449510369
-0.2017000000000001,-0.3024652759111448
-0.2027,-0.3028896893011043
-0.2037000000000001,-0.30487028512091535
-0.2047,-0.3067094098107399
-0.2057000000000001,-0.30883147676053746
-0.2067,-0.31151942823028106
-0.2077000000000001,-0.3133585529201056
-0.2087,-0.3136414951800786
-0.2097000000000001,-0.31505620647994365
-0.2107,-0.3166123889097952
-0.2117000000000001,-0.31477326421997065
-0.2127,-0.31576356212987616
-0.2137000000000001,-0.3161879755198357
-0.2147,-0.3161879755198357
-0.2157000000000001,-0.3171782734297412
-0.2167,-0.3177441579496872
-0.21770000000000012,-0.3191588692495523
-0.2187,-0.3194418115095253
-0.21970000000000012,-0.3204321094194308
-0.2207,-0.32255417636922834
-0.22170000000000012,-0.32382741653910685
-0.2227,-0.3259494834889044
-0.22370000000000012,-0.3303350885184861
-0.2247,-0.3316083286883646
-0.22570000000000012,-0.33288156885824316
-0.2267,-0.3348621646780542
-0.22770000000000012,-0.3341548090281217
-0.22870000000000001,-0.33613540484793275
-0.22970000000000013,-0.3392477697076358
-0.23070000000000002,-0.3429260190872849
-0.23170000000000013,-0.3429260190872849
-0.23270000000000002,-0.33811600066774383
-0.23370000000000013,-0.33684276049786527
-0.23470000000000002,-0.33755011614779773
-0.23570000000000013,-0.3391062985776493
-0.23670000000000002,-0.3408039521374874
-0.2376999999999999,-0.3425016056973254
-0.23870000000000002,-0.34448220151713643
-0.2396999999999999,-0.34490661490709595
-0.24070000000000003,-0.34900927767670453
-0.24169999999999991,-0.3525460559263671
-0.24270000000000003,-0.35466812287616467
-0.24369999999999992,-0.35622430530601623
-0.24470000000000003,-0.35594136304604324
-0.24569999999999992,-0.35594136304604324
-0.24670000000000003,-0.35509253626612425
-0.24769999999999992,-0.35537547852609724
-0.24870000000000003,-0.3570731320859353
-0.24969999999999992,-0.35990255468566534
-0.25070000000000003,-0.36329786180534146
-0.2516999999999999,-0.36386374632528745
-0.25270000000000004,-0.3649955153651795
-0.2536999999999999,-0.366551697795031
-0.25470000000000004,-0.3655613998851255
-0.2556999999999999,-0.36740052457495004
-0.25670000000000004,-0.37107877395459915
-0.25769999999999993,-0.3720690718645046
-0.25870000000000004,-0.3727764275144372
-0.25969999999999993,-0.37489849446423473
-0.26070000000000004,-0.37659614802407276
-0.26169999999999993,-0.37942557062380283
-0.26270000000000004,-0.37744497480399175
-0.26369999999999993,-0.3792840994938163
-0.26470000000000005,-0.37815233045392427
-0.26569999999999994,-0.37829380158391085
-0.26670000000000005,-0.3795670417537893
-0.26769999999999994,-0.38211352209354643
-0.26870000000000005,-0.387347953903047
-0.26969999999999994,-0.38777236729300657
-0.27070000000000005,-0.3903188476327636
-0.27169999999999994,-0.39187503006261515
-0.27270000000000005,-0.3900359053727906
-0.27369999999999994,-0.38805530955297957
-0.27470000000000006,-0.3898944342428041
-0.27569999999999995,-0.39258238571254767
-0.27670000000000006,-0.3949873949223182
-0.27769999999999995,-0.39668504848215624
-0.27870000000000006,-0.39668504848215624
-0.27969999999999995,-0.39809975978202133
-0.28070000000000006,-0.404183018371441
-0.28169999999999995,-0.40602214306126555
-0.28270000000000006,-0.406729498711198
-0.28369999999999995,-0.4072953832311441
-0.28470000000000006,-0.4088515656609956
-0.28569999999999995,-0.41083216148080665
-0.28670000000000007,-0.4123883439106582
-0.28769999999999996,-0.4157836510303343
-0.28870000000000007,-0.4153592376403748
-0.28969999999999996,-0.4157836510303343
-0.29070000000000007,-0.4173398334601858
-0.29169999999999996,-0.41776424685014535
-0.29270000000000007,-0.41847160250007787
-0.29369999999999996,-0.42073514057986194
-0.2947000000000001,-0.42469633221948405
-0.29569999999999996,-0.42724281255924107
-0.2967000000000001,-0.4266769280392951
-0.29769999999999996,-0.4279501682091736
-0.2987000000000001,-0.42922340837905215
-0.29969999999999997,-0.4319113598487957
-0.3007000000000001,-0.43049664854893066
-0.30169999999999997,-0.4312040041988632
-0.3027000000000001,-0.43247724436874174
-0.30369999999999997,-0.43375048453862025
-0.3047000000000001,-0.4333260711486608
-0.30569999999999997,-0.43601402261840433
-0.3067000000000001,-0.4375702050482558
-0.3077,-0.44025815651799943
-0.3087000000000001,-0.44181433894785094
-0.3097,-0.44238022346779693
-0.3107000000000001,-0.44549258832750005
-0.3117,-0.4463414151074191
-0.3127000000000001,-0.4483220109272302
-0.3137,-0.45383938499670373
-0.3147000000000001,-0.4542637983866633
-0.3157,-0.45100996239697366
-0.3167000000000001,-0.4505855490070142
-0.3177,-0.45086849126698714
-0.3187000000000001,-0.4512929046569467
-0.3197,-0.4548296829066093
-0.3207000000000001,-0.4556785096865283
-0.3217,-0.45963970132615045
-0.3227000000000001,-0.4594982301961639
-0.3237,-0.46176176827594795
-0.3247000000000001,-0.4630350084458265
-0.3257,-0.46544001765559706
-0.3267000000000001,-0.46473266200566454
-0.3277,-0.4672791423454216
-0.3287000000000001,-0.4698256226851787
-0.3297,-0.4692597381652327
-0.3307000000000001,-0.4699670938151651
-0.3317,-0.4698256226851787
-0.3327000000000001,-0.47053297833511115
-0.3337,-0.4735038720648278
-0.3347000000000001,-0.47463564110471984
-0.3357,-0.47675770805451734
-0.3367000000000001,-0.48015301517419345
-0.3377,-0.48086037082412597
-0.3387000000000001,-0.48340685116388304
-0.3397,-0.48397273568382904
-0.3407000000000001,-0.4845386202037751
-0.3417,-0.4859533315036401
-0.3427000000000001,-0.48651921602358617
-0.3437,-0.48949010975330265
-0.3447000000000001,-0.4890656963633432
-0.3457,-0.4913292344431272
-0.3467000000000001,-0.4921780612230462
-0.3477,-0.4943001281728438
-0.3487000000000001,-0.49882720433241184
-0.3497,-0.5006663290222364
-0.3507000000000001,-0.5003833867622635
-0.3517,-0.5012322135421824
-0.3527000000000001,-0.505334876311791
-0.3537,-0.5090131256914401
-0.3547000000000001,-0.5155207976708194
-0.3557,-0.5173599223606439
-0.35670000000000013,-0.52075522948032
-0.3577,-0.5221699407801851
-0.35870000000000013,-0.5221699407801851
-0.3597,-0.5244334788599692
-0.36070000000000013,-0.5225943541701447
-0.3617,-0.5251408345099016
-0.3626999999999999,-0.5275458437196722
-0.3637,-0.5281117282396182
-0.3646999999999999,-0.5300923240594293
-0.3657,-0.5302337951894158
-0.3666999999999999,-0.5313655642293078
-0.3677,-0.5329217466591593
-0.3686999999999999,-0.5329217466591593
-0.36970000000000003,-0.5344779290890109
-0.3706999999999999,-0.5326388043991863
-0.37170000000000003,-0.5300923240594293
-0.3726999999999999,-0.5319314487492538
-0.37370000000000003,-0.5344779290890109
-0.3746999999999999,-0.5340535156990515
-0.37570000000000003,-0.5349023424789704
-0.3766999999999999,-0.5368829382987814
-0.37770000000000004,-0.5405611876784305
-0.3786999999999999,-0.5411270721983766
-0.37970000000000004,-0.5450882638379987
-0.3806999999999999,-0.5460785617479043
-0.38170000000000004,-0.538439120728633
-0.38269999999999993,-0.539287947508552
-0.38370000000000004,-0.5424003123682551
-0.38469999999999993,-0.5443809081880661
-0.38570000000000004,-0.5462200328778907
-0.38669999999999993,-0.5484835709576747
-0.38770000000000004,-0.5504641667774858
-0.38869999999999993,-0.553859473897162
-0.38970000000000005,-0.5582450789267435
-0.39069999999999994,-0.5614989149164331
-0.39170000000000005,-0.5644698086461497
-0.39269999999999994,-0.5661674622059877
-0.39370000000000005,-0.5671577601158931
-0.39469999999999994,-0.5688554136757313
-0.39570000000000005,-0.5692798270656908
-0.39669999999999994,-0.5725336630553803
-0.39770000000000005,-0.5709774806255288
-0.39869999999999994,-0.5708360094955423
-0.39970000000000006,-0.5704115961055828
-0.40069999999999995,-0.5723921919253939
-0.40170000000000006,-0.5762119124350294
-0.40269999999999995,-0.5800316329446651
-0.40370000000000006,-0.5820122287644761
-0.40469999999999995,-0.5865393049240442
-0.40570000000000006,-0.5856904781441251
-0.40669999999999995,-0.5868222471840172
-0.40770000000000006,-0.5890857852638013
-0.40869999999999995,-0.5896516697837473
-0.40970000000000006,-0.5929055057734368
-0.41069999999999995,-0.5941787459433153
-0.41170000000000007,-0.5965837551530859
-0.41269999999999996,-0.5985643509728971
-0.41370000000000007,-0.6039402539123842
-0.41469999999999996,-0.6093161568518712
-0.41570000000000007,-0.6042231961723572
-0.41669999999999996,-0.6070526187720873
-0.41770000000000007,-0.6060623208621817
-0.41869999999999996,-0.6083258589419658
-0.4197000000000001,-0.6097405702418307
-0.42069999999999996,-0.6118626371916284
-0.4217000000000001,-0.6131358773615069
-0.42269999999999996,-0.618228838041021
-0.4237000000000001,-0.620492376120805
-0.42469999999999997,-0.6216241451606972
-0.4257000000000001,-0.6240291543704677
-0.42669999999999997,-0.6253023945403461
-0.4277000000000001,-0.6271415192301707
-0.42869999999999997,-0.6296879995699278
-0.4297000000000001,-0.6328003644296308
-0.43069999999999997,-0.637610382849172
-0.4317000000000001,-0.6417130456187806
-0.4327,-0.6428448146586726
-0.4337000000000001,-0.6444009970885242
-0.4347,-0.6475133619482272
-0.4357000000000001,-0.6518989669778088
-0.4367,-0.6530307360177009
-0.4377000000000001,-0.6540210339276065
-0.4387,-0.6550113318375119
-0.4397000000000001,-0.6564260431373771
-0.4407,-0.659255465737107
-0.4417000000000001,-0.6616604749468776
-0.4427,-0.6666119644964053
-0.4437000000000001,-0.6668949067563783
-0.4447,-0.6697243293561084
-0.4457000000000001,-0.672978165345798
-0.4467,-0.6745343477756495
-0.4477000000000001,-0.6765149435954606
-0.4487,-0.6807590774950557
-0.4497000000000001,-0.6809005486250422
-0.4507,-0.6838714423547588
-0.4517000000000001,-0.6851446825246373
-0.4527,-0.6868423360844753
-0.4537000000000001,-0.6906620565941108
-0.4547,-0.693774421453814
-0.4557000000000001,-0.6960379595335981
-0.4567,-0.6992917955232877
-0.4577000000000001,-0.7008479779531391
-0.4587,-0.7046676984627748
-0.4597000000000001,-0.7052335829827208
-0.4607,-0.7077800633224779
-0.4617000000000001,-0.7096191880123024
-0.4627,-0.711175370442154
-0.4637000000000001,-0.7158439177317085
-0.4647,-0.7186733403314387
-0.4657000000000001,-0.7200880516313036
-0.4667,-0.7222101185811013
-0.4677000000000001,-0.7270201370006424
-0.4687,-0.7342351646299541
-0.4697000000000001,-0.7346595780199136
-0.4707,-0.7367816449697111
-0.4717000000000001,-0.7396110675694412
-0.4727,-0.7441381437290092
-0.4737000000000001,-0.7455528550288744
-0.4747,-0.7507872868383749
-0.4757000000000001,-0.7540411228280646
-0.4767,-0.7541825939580511
-0.4777000000000001,-0.7563046609078485
-0.4787,-0.7584267278576461
-0.4797000000000001,-0.7601243814174842
-0.4807,-0.7642270441870929
-0.48170000000000013,-0.7671979379168093
-0.4827,-0.7713006006864179
-0.48370000000000013,-0.7737056098961885
-0.4847,-0.7773838592758376
-0.48570000000000013,-0.7779497437957836
-0.4867,-0.7829012333453113
-0.4876999999999999,-0.7885600785447714
-0.4887,-0.791248030014515
-0.4896999999999999,-0.7945018660042045
-0.4907,-0.7971898174739481
-0.4916999999999999,-0.8018583647635027
-0.4927,-0.8038389605833138
-0.4936999999999999,-0.807517209962963
-0.49470000000000003,-0.8097807480427469
-0.4956999999999999,-0.8114784016025851
-0.49670000000000003,-0.8120442861225311
-0.4976999999999999,-0.8161469488921397
-0.49870000000000003,-0.8216643229616133
-0.4996999999999999,-0.826332870251168
-0.5007,-0.8284549372009655
-0.5016999999999999,-0.8319917154506281
-0.5027,-0.8351040803103312
-0.5036999999999999,-0.8362358493502232
-0.5047,-0.8437338192395079
-0.5056999999999999,-0.8461388284492785
-0.5067,-0.8481194242690895
-0.5076999999999999,-0.8529294426886307
-0.5087,-0.8581638744981313
-0.5096999999999999,-0.8614177104878209
-0.5107,-0.865378902127443
-0.5116999999999999,-0.8669350845572944
-0.5127,-0.8720280452368087
-0.5136999999999999,-0.8765551213963767
-0.5147,-0.8798089573860663
-0.5156999999999999,-0.8839116201556749
-0.5167,-0.8860336871054725
-0.5176999999999999,-0.8914095900449596
-0.5187,-0.8970684352444198
-0.5196999999999999,-0.9042834628737314
-0.5207,-0.9054152319136234
-0.5216999999999999,-0.9042834628737314
-0.5227,-0.907537298863421
-0.5236999999999999,-0.9112155482430702
-0.5247,-0.9134790863228541
-0.5257,-0.9194208737822873
-0.5267000000000001,-0.9242308922018284
-0.5277,-0.9301726796612616
-0.5287000000000001,-0.9331435733909781
-0.5297,-0.9327191600010186
-0.5307000000000001,-0.9378121206805329
-0.5317,-0.9407830144102494
-0.5327000000000001,-0.942622139100074
-0.5337,-0.9484224554295205
-0.5347000000000001,-0.9526665893291157
-0.5357,-0.9563448387087647
-0.5367000000000001,-0.9621451550382114
-0.5377,-0.9646916353779685
-0.5387000000000001,-0.9685113558876042
-0.5397,-0.9726140186572129
-0.5407000000000001,-0.9760093257768889
-0.5417,-0.9792631617665783
-0.5427000000000001,-0.9846390647060654
-0.5437,-0.9915711500754043
-0.5447000000000001,-0.9922785057253367
-0.5457,-1.0013326580444728
-0.5467000000000001,-1.0055767919440681
-0.5477,-1.0137821174832853
-0.5487000000000001,-1.021563029632543
-0.5497,-1.020431260592651
-0.5507000000000001,-1.0151968287831503
-0.5517,-1.019582433812732
-0.5527000000000001,-1.023260683192381
-0.5537,-1.0300512974317333
-0.5547000000000001,-1.037266325061045
-0.5557,-1.040095747660775
-0.5567000000000001,-1.0480181309400192
-0.5577,-1.0548087451793715
-0.5587000000000001,-1.063155541848575
-0.5597,-1.0652776087983726
-0.5607000000000001,-1.0661264355782916
-0.5617,-1.0716438096477652
-0.5627000000000001,-1.078010010497158
-0.5637,-1.0848006247365103
-0.5647000000000001,-1.0900350565460108
-0.5657,-1.0945621327055788
-0.5667000000000001,-1.099655093385093
-0.5677,-1.1012112758149446
-0.5687000000000001,-1.107718947794324
-0.5697,-1.1154998599435815
-0.5707000000000001,-1.1217245896629875
-0.5717,-1.1278078482524072
-0.5727000000000001,-1.1313446265020697
-0.5737,-1.1413890767311115
-0.5747000000000001,-1.1463405662806392
-0.5757,-1.1514335269601534
-0.5767000000000001,-1.1621853328391276
-0.5777,-1.1691174182084663
-0.5787000000000001,-1.1736444943680344
-0.5797,-1.1787374550475485
-0.5807000000000001,-1.1793033395674946
-0.5817,-1.1824157044271977
-0.5827000000000001,-1.191186914486361
-0.5837,-1.1969872308158076
-0.5847000000000001,-1.2044852007050921
-0.5857,-1.2146711220641204
-0.5867000000000001,-1.2230179187333243
-0.5877,-1.231081773142555
-0.5887000000000001,-1.2353259070421498
-0.5897,-1.2329208978323796
-0.5907000000000001,-1.2442385882312998
-0.5917,-1.2508877313406654
-0.5927000000000001,-1.2627713062595316
-0.5937,-1.27295722761856
-0.5947000000000001,-1.276352534738236
-0.5957,-1.281162553157777
-0.5967000000000001,-1.2872458117471968
-0.5977,-1.2950267238964543
-0.5987000000000001,-1.3045052896055502
-0.5997,-1.3132764996647137
-0.6007000000000001,-1.3216232963339174
-0.6017,-1.3234624210237418
-0.6027000000000001,-1.3298286218731346
-0.6037,-1.3431269080918657
-0.6047000000000001,-1.365054933239774
-0.6057,-1.383304709008033
-0.6067000000000001,-1.3708552495692206
-0.6077,-1.3741090855589102
-0.6087000000000001,-1.3834461801380193
-0.6097,-1.3888220830775064
-0.6107000000000001,-1.3998568312164539
-0.6117,-1.4140039442151042
-0.6126999999999999,-1.423199567664227
-0.6137,-1.4302731241635522
-0.6146999999999999,-1.4415908145624723
-0.6157,-1.4557379275611226
-0.6166999999999999,-1.4656409066601779
-0.6177,-1.4755438857592333
-0.6186999999999999,-1.4882762874580184
-0.6197,-1.505252823056399
-0.6206999999999999,-1.512326379555724
-0.6217,-1.5250587812545096
-0.6226999999999999,-1.5377911829532949
-0.6237,-1.5632559863508655
-0.6246999999999999,-1.5774030993495158
-0.6257,-1.5703295428501907
-0.6266999999999999,-1.5816472332491107
-0.6277,-1.6085267479465466
-0.6286999999999999,-1.614185593146007
-0.6297,-1.6240885722450622
-0.6306999999999999,-1.6325768400442524
-0.6317,-1.6410651078434426
-0.6326999999999999,-1.653797509542228
-0.6337,-1.658041643441823
-0.6346999999999999,-1.6806770242396636
-0.6357,-1.690580003338719
-0.6366999999999999,-1.696238848538179
-0.6377,-1.7075565389370995
-0.6386999999999999,-1.7160448067362895
-0.6397,-1.72736249713521
-0.6406999999999999,-1.7429243214337253
-0.6417,-1.7570714344323757
-0.6426999999999999,-1.772633258730891
-0.6437,-1.7839509491298113
-0.6446999999999999,-1.7910245056291363
-0.6457,-1.7966833508285964
-0.6466999999999999,-1.8065863299276517
-0.6477,-1.8249775768258971
-0.6486999999999999,-1.8348805559249526
-0.6497,-1.8461982463238729
-0.6507,-1.8603453593225232
-0.6517000000000001,-1.8787366062207687
-0.6527,-1.8999572757187444
-0.6537000000000001,-1.92400736781645
-0.6547,-1.9310809243157752
-0.6557000000000001,-1.93532505821537
-0.6567,-1.9579604390132106
-0.6577000000000001,-1.9749369746115912
-0.6587,-1.993328221509837
-0.6597000000000001,-2.007475334508487
-0.6607,-2.023037158807002
-0.6617000000000001,-2.0414284057052483
-0.6627,-2.049916673504438
-0.6637000000000001,-2.0683079204026833
-0.6647,-2.092358012500389
-0.6657000000000001,-2.1079198367989047
-0.6667,-2.105090414199175
-0.6677000000000001,-2.124896372397285
-0.6687,-2.1390434853959355
-0.6697000000000001,-2.158849443594046
-0.6707,-2.184314246991617
-0.6717000000000001,-2.202705493889862
-0.6727,-2.229585008587298
-0.6737000000000001,-2.2592939458844636
-0.6747,-2.2748557701829792
-0.6757000000000001,-2.2904175944814944
-0.6767,-2.310223552679605
-0.6777000000000001,-2.32861479957785
-0.6787,-2.3455913351762305
-0.6797000000000001,-2.3668120046742067
-0.6807,-2.392276808071777
-0.6817000000000001,-2.4163269001694827
-0.6827,-2.438962280967323
-0.6837000000000001,-2.461597661765164
-0.6847,-2.475744774763814
-0.6857000000000001,-2.506868423360845
-0.6867,-2.536577360658011
-0.6877000000000001,-2.5606274527557162
-0.6887,-2.583262833553557
-0.6897000000000001,-2.6115570595508575
-0.6907,-2.634192440348698
-0.6917000000000001,-2.658242532446404
-0.6927,-2.6921956036431647
-0.6937000000000001,-2.712001561841275
-0.6947,-2.7318075200393857
-0.6957000000000001,-2.7629311686364164
-0.6967,-2.7898106833338523
-0.6977000000000001,-2.819519620631018
-0.6987,-2.846399135328454
-0.6997000000000001,-2.877522783925485
-0.7007,-2.9086464325225156
-0.7017000000000001,-2.938355369819681
-0.7027,-2.9581613280177916
-0.7037000000000001,-2.9935291105144173
-0.7047,-3.0147497800123935
-0.7057000000000001,-3.0487028512091543
-0.7067,-3.0854853450056448
-0.7077000000000001,-3.1095354371033506
-0.7087,-3.1463179308998415
-0.7097000000000001,-3.1831004246963324
-0.7107,-3.214224073293363
-0.7117000000000001,-3.246762433190259
-0.7127,-3.28071550438702
-0.7137000000000001,-3.310424441684186
-0.7147,-3.3443775128809468
-0.7157000000000001,-3.3854041405770325
-0.7167,-3.4221866343735234
-0.7177000000000001,-3.4632132620696097
-0.7187,-3.4943369106666404
-0.7197000000000001,-3.5353635383627267
-0.7207,-3.569316609559488
-0.7217000000000001,-3.6117579485554394
-0.7227,-3.6527845762515243
-0.7237000000000001,-3.695225915247476
-0.7247,-3.7320084090439667
-0.7257000000000001,-3.768790902840458
-0.7267,-3.8140616644361387
-0.7277000000000001,-3.8621618486315503
-0.7287,-3.9046031876275014
-0.7297000000000001,-3.956947505722508
-0.7307,-4.0050476899179195
-0.7317000000000001,-4.048903740213735
-0.7327,-4.095589213109282
-0.7337000000000001,-4.140859974704963
-0.7347,-4.184716025000778
-0.7357000000000001,-4.229986786596459
-0.7367,-4.300722351589712
-0.7376999999999999,-4.338919556686067
-0.7387,-4.413899255578914
-0.7396999999999999,-4.469072996273651
-0.7407,-4.532735004767577
-0.7416999999999999,-4.5893234567621795
-0.7427,-4.647326620056646
-0.7436999999999999,-4.689767959052596
-0.7447,-4.739282854547873
-0.7456999999999999,-4.801530151741935
-0.7467,-4.868021582835592
-0.7476999999999999,-4.933098302629383
-0.7487,-5.001004445022905
-0.7496999999999999,-5.057592897017507
-0.7507,-5.104278369913052
-0.7516999999999999,-5.22452883040158
-0.7527,-5.332046889191323
-0.7536999999999999,-5.332046889191323
-0.7547,-5.436735525381336
-0.7556999999999999,-5.440979659280932
-0.7567,-5.547083006770809
-0.7576999999999999,-5.569718387568649
-0.7587,-5.658845199460147
-0.7596999999999999,-5.75504556785097
-0.7607,-5.739483743552454
-0.7616999999999999,-5.876710739639362
-0.7627,-5.869637183140037
-0.7636999999999999,-5.99696120012789
-0.7647,-6.0464760956231665
-0.7656999999999999,-6.131358773615069
-0.7667,-6.224729719406161
-0.7676999999999999,-6.267171058402113
-0.7687,-6.400153920589426
-0.7696999999999999,-6.4128863222882115
-0.7707,-6.523233803677684
-0.7716999999999999,-6.591139946071206
-0.7727,-6.698658004860949
-0.7736999999999999,-6.807590774950556
-0.7747,-6.838714423547587
-0.7757,-6.971697285734901
-0.7767000000000001,-7.032529871629097
-0.7777,-7.12873024001992
-0.7787000000000001,-7.203709938912767
-0.7797,-7.241907144009123
-0.7807000000000001,-7.379134140096031
-0.7817,-7.49089633278537
-0.7827000000000001,-7.5347523830811864
-0.7837,-7.70168831646526
-0.7847000000000001,-7.803547530055542
-0.7857,-7.857306559450413
-0.7867000000000001,-7.896918475846635
-0.7857,-7.8431594464517636
-0.7847000000000001,-7.759691479759726
-0.7837,-7.742714944161346
-0.7827000000000001,-7.677638224367555
-0.7817,-7.5941702576755175
-0.7807000000000001,-7.544655362180241
-0.7797,-7.49938460058456
-0.7787000000000001,-7.432893169490902
-0.7777,-7.3649870270973805
-0.7767000000000001,-7.352254625398595
-0.7757,-7.256054257007774
-0.7747,-7.198051093713307
-0.7736999999999999,-7.149950909517895
-0.7727,-7.0565799637268025
-0.7716999999999999,-7.057994675026669
-0.7707,-6.95189132753679
-0.7696999999999999,-6.936329503238276
-0.7687,-6.892473452942459
-0.7676999999999999,-6.789199528052311
-0.7667,-6.765149435954606
-0.7656999999999999,-6.714219829159464
-0.7647,-6.644898975466076
-0.7636999999999999,-6.603872347769991
-0.7627,-6.54445447317566
-0.7616999999999999,-6.500598422879844
-0.7607,-6.455327661284162
-0.7596999999999999,-6.39590978668983
-0.7587,-6.34780960249442
-0.7576999999999999,-6.3081976860981985
-0.7567,-6.247365100204002
-0.7556999999999999,-6.2162414516069715
-0.7547,-6.114382238016689
-0.7536999999999999,-6.086088012019388
-0.7527,-6.018181869625866
-0.7516999999999999,-5.94603159333275
-0.7507,-5.924810923834773
-0.7496999999999999,-5.866807760540307
-0.7487,-5.845587091042332
-0.7476999999999999,-5.746557300051779
-0.7467,-5.732410187053128
-0.7456999999999999,-5.651771642960822
-0.7447,-5.60367145876541
-0.7436999999999999,-5.534350605072024
-0.7427,-5.535765316371888
-0.7416999999999999,-5.463615040078771
-0.7407,-5.41834427848309
-0.7396999999999999,-5.3631705377883545
-0.7387,-5.351852847389433
-0.7376999999999999,-5.282531993696048
-0.7367,-5.2655554580976665
-0.7357000000000001,-5.208967006103065
-0.7347,-5.175013934906304
-0.7337000000000001,-5.088716545614537
-0.7327,-5.084472411714942
-0.7317000000000001,-5.006663290222365
-0.7307,-4.99393088852358
-0.7297000000000001,-4.9175364783308675
-0.7287,-4.882168695834241
-0.7277000000000001,-4.886412829733837
-0.7267,-4.818506687340315
-0.7257000000000001,-4.819921398640179
-0.7247,-4.7463564110471985
-0.7237000000000001,-4.749185833646928
-0.7227,-4.669962000854486
-0.7217000000000001,-4.6572295991557
-0.7207,-4.61195883756002
-0.7197000000000001,-4.573761632463664
-0.7187,-4.654400176555971
-0.7177000000000001,-4.4846348205721664
-0.7167,-4.483220109272302
-0.7157000000000001,-4.436534636376755
-0.7147,-4.395508008680669
-0.7137000000000001,-4.416728678178644
-0.7127,-4.331846000186743
-0.7117000000000001,-4.295063506390251
-0.7107,-4.282331104691466
-0.7097000000000001,-4.22149851879727
-0.7087,-4.251207456094435
-0.7077000000000001,-4.174813045901724
-0.7067,-4.149348242504152
-0.7057000000000001,-4.177642468501453
-0.7047,-4.101248058308742
-0.7037000000000001,-4.0644655645122505
-0.7027,-4.091345079209686
-0.7017000000000001,-4.013535957717109
-0.7007,-3.9682651961214277
-0.6997000000000001,-3.9767534639206183
-0.6987,-3.901773765027771
-0.6977000000000001,-3.8720648277306053
-0.6967,-3.8805530955297955
-0.6957000000000001,-3.798499840137624
-0.6947,-3.7744497480399173
-0.6937000000000001,-3.7716203254401877
-0.6927,-3.7093730282461257
-0.6917000000000001,-3.67966409094896
-0.6907,-3.7221054299449117
-0.6897000000000001,-3.6287344841538194
-0.6887,-3.586293145157868
-0.6877000000000001,-3.6400521745527397
-0.6867,-3.541022383562187
-0.6857000000000001,-3.509898734965156
-0.6847,-3.5183870027643462
-0.6837000000000001,-3.4575544168701495
-0.6827,-3.4236013456733887
-0.6817000000000001,-3.412283655274469
-0.6807,-3.403795387475278
-0.6797000000000001,-3.3387186676814866
-0.6787,-3.325986265982701
-0.6777000000000001,-3.3344745337818917
-0.6767,-3.2609095461889095
-0.6757000000000001,-3.235444742791339
-0.6747,-3.2156387845932284
-0.6737000000000001,-3.2099799393937682
-0.6727,-3.153391487399167
-0.6717000000000001,-3.122267838802136
-0.6707,-3.1321708179011907
-0.6697000000000001,-3.1392443744005165
-0.6687,-3.0614352529079394
-0.6677000000000001,-3.0331410269106387
-0.6667,-3.021823336511718
-0.6657000000000001,-3.07841178850632
-0.6647,-2.9864555540150928
-0.6637000000000001,-2.965234884517117
-0.6627,-2.9468436376188714
-0.6617000000000001,-2.9864555540150928
-0.6607,-2.8959140308237297
-0.6597000000000001,-2.8690345161262942
-0.6587,-2.846399135328454
-0.6577000000000001,-2.897328742123595
-0.6567,-2.8011283737327726
-0.6557000000000001,-2.775663570335202
-0.6547,-2.7473693443379013
-0.6537000000000001,-2.7572723234369563
-0.6527,-2.70209858274222
-0.6517000000000001,-2.6794632019443796
-0.6507,-2.655413109846674
-0.6497,-2.639851285548158
-0.6486999999999999,-2.700683871442355
-0.6477,-2.600239369151937
-0.6466999999999999,-2.5776039883540967
-0.6457,-2.5620421640555815
-0.6446999999999999,-2.539406783257741
-0.6437,-2.5535538962563913
-0.6426999999999999,-2.49696544426179
-0.6417,-2.464427084364894
-0.6406999999999999,-2.4559388165657037
-0.6397,-2.4446211261667834
-0.6386999999999999,-2.49413602166206
-0.6377,-2.4064239210704272
-0.6366999999999999,-2.383788540272587
-0.6357,-2.3653972933743415
-0.6346999999999999,-2.3441766238763657
-0.6337,-2.362567870774611
-0.6326999999999999,-2.30314999618028
-0.6317,-2.273441058883114
-0.6306999999999999,-2.257879234584599
-0.6297,-2.2409026989862184
-0.6286999999999999,-2.228170297287433
-0.6277,-2.2677822136836534
-0.6266999999999999,-2.2140231842887825
-0.6257,-2.1800701130920217
-0.6246999999999999,-2.161678866193776
-0.6237,-2.1390434853959355
-0.6226999999999999,-2.105090414199175
-0.6217,-2.1390434853959355
-0.6206999999999999,-2.0668932091028185
-0.6197,-2.049916673504438
-0.6186999999999999,-2.0315254266061924
-0.6177,-2.020207736207272
-0.6166999999999999,-2.011719468408082
-0.6157,-2.017378313607542
-0.6146999999999999,-2.0258665814067327
-0.6137,-1.9650339955125358
-0.6126999999999999,-1.9494721712140204
-0.6117,-1.925422079116315
-0.6107000000000001,-1.9155191000172598
-0.6097,-1.9070308322180693
-0.6087000000000001,-1.9409839034148304
-0.6077,-1.8603453593225232
-0.6067000000000001,-1.8447835350240078
-0.6057,-1.8320511333252225
-0.6047000000000001,-1.8065863299276517
-0.6037,-1.7896097943292715
-0.6027000000000001,-1.774047970030756
-0.6017,-1.7867803717295414
-0.6007000000000001,-1.8051716186277869
-0.5997,-1.72736249713521
-0.5987000000000001,-1.7089712502369643
-0.5977,-1.6976535598380442
-0.5967000000000001,-1.6806770242396636
-0.5957,-1.6679446225408785
-0.5947000000000001,-1.6835064468393939
-0.5937,-1.7146300954364246
-0.5927000000000001,-1.614185593146007
-0.5917,-1.6042826140469515
-0.5907000000000001,-1.584476655848841
-0.5897,-1.5745736767497858
-0.5887000000000001,-1.5575971411514054
-0.5877,-1.5491088733522151
-0.5867000000000001,-1.5788178106493809
-0.5857,-1.5929649236480312
-0.5847000000000001,-1.5094969569559942
-0.5837,-1.4812027309586933
-0.5827000000000001,-1.4755438857592333
-0.5817,-1.4670556179600431
-0.5807000000000001,-1.4514937936615278
-0.5797,-1.4387613919627424
-0.5787000000000001,-1.4444202371622026
-0.5777,-1.4868615761581534
-0.5767000000000001,-1.433102546763282
-0.5757,-1.383304709008033
-0.5747000000000001,-1.3691575960093827
-0.5737,-1.3534543005808806
-0.5727000000000001,-1.3388827741922709
-0.5717,-1.3262918436234719
-0.5707000000000001,-1.3142667975746192
-0.5697,-1.3059200009054155
-0.5687000000000001,-1.3049297029955098
-0.5677,-1.3565666654405837
-0.5667000000000001,-1.3032320494356717
-0.5657,-1.2633371907794777
-0.5647000000000001,-1.253575682810409
-0.5637,-1.237589445121934
-0.5627000000000001,-1.2252814568131083
-0.5617,-1.210851401554485
-0.5607000000000001,-1.2058999120049574
-0.5597,-1.195996932905902
-0.5587000000000001,-1.2316476576625008
-0.5577,-1.239852983201718
-0.5567000000000001,-1.1831230600771303
-0.5557,-1.1449258549807741
-0.5547000000000001,-1.137569356221476
-0.5537,-1.1296469729422318
-0.5527000000000001,-1.118187811413325
-0.5517,-1.1064457076244452
-0.5507000000000001,-1.0978159686952687
-0.5497,-1.0881959318561862
-0.5487000000000001,-1.075746472417374
-0.5477,-1.115358388813595
-0.5467000000000001,-1.115641331073568
-0.5457,-1.0853665092564562
-0.5447000000000001,-1.0301927685617198
-0.5437,-1.0245339233622595
-0.5427000000000001,-1.018167722512867
-0.5417,-1.008689156803771
-0.5407000000000001,-0.9938346881551883
-0.5397,-0.98364876679616
-0.5387000000000001,-0.9737457876971048
-0.5377,-0.9758678546469023
-0.5367000000000001,-0.9970885241448778
-0.5357,-0.9884587852157011
-0.5347000000000001,-0.977424037076754
-0.5337,-0.9604475014783734
-0.5327000000000001,-0.9494127533394261
-0.5317,-0.9325776888710322
-0.5307000000000001,-0.9181476336124089
-0.5297,-0.8847604469355939
-0.5287000000000001,-0.8786771883461743
-0.5277,-0.8878728117952971
-0.5267000000000001,-0.8979172620243387
-0.5257,-0.8881557540552701
-0.5247,-0.8769795347863362
-0.5236999999999999,-0.8663692000373485
-0.5227,-0.827181697031087
-0.5216999999999999,-0.8194007848818293
-0.5207,-0.8052536718831789
-0.5196999999999999,-0.8014339513735432
-0.5187,-0.7945018660042045
-0.5176999999999999,-0.7819109354354057
-0.5167,-0.7766765036259051
-0.5156999999999999,-0.7671979379168093
-0.5147,-0.7618220349773223
-0.5136999999999999,-0.7540411228280646
-0.5127,-0.7434307880790767
-0.5116999999999999,-0.7465431529387798
-0.5107,-0.7349425202798866
-0.5096999999999999,-0.7239077721409393
-0.5087,-0.7166927445116276
-0.5076999999999999,-0.7067897654125724
-0.5067,-0.6978770842234225
-0.5056999999999999,-0.6896717586842054
-0.5047,-0.6842958557447183
-0.5036999999999999,-0.6758075879455281
-0.5027,-0.6666119644964053
-0.5016999999999999,-0.6595384079970801
-0.5007,-0.6500598422879843
-0.4996999999999999,-0.6419959878787537
-0.49870000000000003,-0.6356297870293609
-0.4976999999999999,-0.6281318171400763
-0.49670000000000003,-0.6223315008106296
-0.4956999999999999,-0.6180873669110345
-0.49470000000000003,-0.6093161568518712
-0.4936999999999999,-0.597998466452951
-0.4927,-0.5876710739639363
-0.4916999999999999,-0.5810219308545705
-0.4907,-0.5753630856551104
-0.4896999999999999,-0.5675821735058527
-0.4887,-0.562347741696352
-0.4876999999999999,-0.5562644831069326
-0.4867,-0.5520203492073373
-0.48570000000000013,-0.5439564947981066
-0.4847,-0.5365999960388084
-0.48370000000000013,-0.5291020261495237
-0.4827,-0.5233017098200771
-0.48170000000000013,-0.5162281533207519
-0.4807,-0.5112766637712243
-0.4797000000000001,-0.5077398855215616
-0.4787,-0.5017980980621284
-0.4777000000000001,-0.4937342436528978
-0.4767,-0.48977305201327564
-0.4757000000000001,-0.4829824377739235
-0.4747,-0.4901974654032352
-0.4737000000000001,-0.4838312645538425
-0.4727,-0.47590888127459835
-0.4717000000000001,-0.47435269884474673
-0.4707,-0.4594982301961639
-0.4697000000000001,-0.4483220109272302
-0.4687,-0.45100996239697366
-0.4677000000000001,-0.443511992507689
-0.4667,-0.4385605029581614
-0.4657000000000001,-0.4307795908089037
-0.4647,-0.4234230920496055
-0.4637000000000001,-0.41776424685014535
-0.4627,-0.4116809882607257
-0.4617000000000001,-0.40559772967130603
-0.4607,-0.3975338752620753
-0.4597000000000001,-0.39286532797252066
-0.4587,-0.3901773765027771
-0.4577000000000001,-0.3825379354835059
-0.4567,-0.3770205614140323
-0.4557000000000001,-0.3737667254243427
-0.4547,-0.3658443421450985
-0.4537000000000001,-0.3603269680756248
-0.4527,-0.35664871869597575
-0.4517000000000001,-0.34759456637683955
-0.4507,-0.3430674902172714
-0.4497000000000001,-0.3391062985776493
-0.4487,-0.3333059822482026
-0.4477000000000001,-0.32778860817872896
-0.4467,-0.32071505167940384
-0.4457000000000001,-0.3173197445597277
-0.4447,-0.310670601450362
-0.4437000000000001,-0.3050117562509019
-0.4427,-0.3027482181711178
-0.4417000000000001,-0.2992114399214552
-0.4407,-0.29539171941181963
-0.4397000000000001,-0.2914305277721975
-0.4387,-0.28591315370272397
-0.4377000000000001,-0.2818104909331153
-0.4367,-0.2774248859035337
-0.4357000000000001,-0.2737466365238846
-0.4347,-0.2706342716641816
-0.4337000000000001,-0.2653998398546809
-0.4327,-0.2591751101352747
-0.4317000000000001,-0.25761892770542316
-0.43069999999999997,-0.2560627452755716
-0.4297000000000001,-0.25464803397570657
-0.42869999999999997,-0.24729153521640837
-0.4277000000000001,-0.24417917035670533
-0.42669999999999997,-0.2396520941971372
-0.4257000000000001,-0.23837885402725867
-0.42469999999999997,-0.23526648916755558
-0.4237000000000001,-0.23088088413797397
-0.42269999999999996,-0.2245146832885813
-0.4217000000000001,-0.22126084729889173
-0.42069999999999996,-0.2151775887094721
-0.4197000000000001,-0.2116408104598095
-0.41869999999999996,-0.2079625610801604
-0.41770000000000007,-0.2041428405705248
-0.41669999999999996,-0.19975723554094318
-0.41570000000000007,-0.19508868825138856
-0.41469999999999996,-0.19141043887173945
-0.41370000000000007,-0.18773218949209036
-0.41269999999999996,-0.18278069994256274
-0.41170000000000007,-0.1769803836131161
-0.41069999999999995,-0.17443390327335903
-0.40970000000000006,-0.17018976937376393
-0.40869999999999995,-0.16750181790402036
-0.40770000000000006,-0.16325768400442522
-0.40669999999999995,-0.15957943462477614
-0.40570000000000006,-0.15632559863508652
-0.40469999999999995,-0.15293029151541046
-0.40370000000000006,-0.14599820614607179
-0.40269999999999995,-0.1426028990263957
-0.40170000000000006,-0.13964615240967776
-0.40069999999999995,-0.13623669817700304
-0.39970000000000006,-0.1335911880462554
-0.39869999999999994,-0.12981390887561578
-0.39770000000000005,-0.12753622368283307
-0.39669999999999994,-0.12498974334307597
-0.39570000000000005,-0.12068902099148628
-0.39469999999999994,-0.11691174182084664
-0.39370000000000005,-0.11276663771224207
-0.39269999999999994,-0.1099089208865147
-0.39170000000000005,-0.10665508489682511
-0.39069999999999994,-0.10358516137611798
-0.38970000000000005,-0.10129332907033663
-0.38869999999999993,-0.09818096421063353
-0.38770000000000004,-0.09518177625491966
-0.38669999999999993,-0.09195623449122738
-0.38570000000000004,-0.08888631097052026
-0.38469999999999993,-0.08585882878880907
-0.38370000000000004,-0.08358114359602638
-0.38269999999999993,-0.08063854409230709
-0.38170000000000004,-0.07761106191059591
-0.3806999999999999,-0.07464016818087933
-0.37970000000000004,-0.07155609754717356
-0.3786999999999999,-0.06902376432041514
-0.37770000000000004,-0.06561431008774041
-0.3766999999999999,-0.06278488748801032
-0.37570000000000003,-0.059955464888280255
-0.3746999999999999,-0.05725336630553804
-0.37370000000000003,-0.05449467927080121
-0.3726999999999999,-0.0520472287220347
-0.37170000000000003,-0.050010044450229045
-0.3706999999999999,-0.0464874133135651
-0.36970000000000003,-0.04392678586080939
-0.3686999999999999,-0.04170568912002128
-0.3677,-0.03910262032826961
-0.3666999999999999,-0.03632978618053414
-0.3657,-0.03425016056973254
-0.3646999999999999,-0.03168953311697682
-0.3637,-0.028746933613257548
-0.3626999999999999,-0.026115570595508578
-0.3617,-0.023639825820744764
-0.36070000000000013,-0.020499166735044382
-0.3597,-0.01776877392630486
-0.35870000000000013,-0.015179852247551842
-0.3577,-0.012224520342133782
-0.35670000000000013,-0.01003313253864284
-0.3557,-0.00771583542946391
-0.3547000000000001,-0.005426832546282281
-0.3537,-0.003430674902172714
-0.3527000000000001,-0.0003740496676843157
-0.3517,0.0024587682391654336
-0.3507000000000001,0.0046232765279589395
-0.3497,0.007107509570521945
-0.3487000000000001,0.009354071114707622
-0.3477,0.012033534316652
-0.3467000000000001,0.014415908145624722
-0.3457,0.01665115199941148
-0.3447000000000001,0.0192966621301591
-0.3437,0.02119237527197825
-0.3427000000000001,0.022691969249835187
-0.3417,0.025181861137597652
-0.3407000000000001,0.02770004725135742
-0.3397,0.029609907506175218
-0.3387000000000001,0.03183100424696332
-0.3377,0.034264307682731185
-0.3367000000000001,0.03635808040653144
-0.3357,0.03910262032826961
-0.3347000000000001,0.041380305521052325
-0.3337,0.04287989949890925
-0.3327000000000001,0.04471902418873381
-0.3317,0.04729379875448818
-0.3307000000000001,0.049260247461300574
-0.3297,0.05175013934906304
-0.3287000000000001,0.05399953031584845
-0.3277,0.056291362621629815
-0.3267000000000001,0.05858319492741117
-0.3257,0.06008278890526811
-0.3247000000000001,0.06153994154412909
-0.3237,0.0631385653129766
-0.3227000000000001,0.06598213502570531
-0.3217,0.06816079042749747
-0.3207000000000001,0.07113168415721405
-0.3197,0.07265957236106828
-0.3187000000000001,0.07406013654793467
-0.3177,0.07630952751472009
-0.3167000000000001,0.07987459999037998
-0.3157,0.08215228518316267
-0.3147000000000001,0.08383579163000207
-0.3137,0.08577394611081718
-0.3127000000000001,0.08748574678365387
-0.3117,0.08955122528145683
-0.3107000000000001,0.09154596821426653
-0.3097,0.09365388805106543
-0.3087000000000001,0.09498371667293856
-0.3077,0.09768581525568078
-0.3067000000000001,0.09944005726751343
-0.30569999999999997,0.10173188957329479
-0.3047000000000001,0.10416519300906264
-0.30369999999999997,0.10654190799283592
-0.3027000000000001,0.10887618163761323
-0.30169999999999997,0.11123874950838784
-0.3007000000000001,0.11425208457710037
-0.29969999999999997,0.11648732843088712
-0.2987000000000001,0.11834060023371032
-0.29769999999999996,0.11978360575957266
-0.2967000000000001,0.12176420157938371
-0.29569999999999996,0.12364576760820419
-0.2947000000000001,0.12602248259197746
-0.29369999999999996,0.12848408025374264
-0.29270000000000007,0.13050711741254964
-0.29169999999999996,0.133364834238277
-0.29070000000000007,0.1363923164199882
-0.28969999999999996,0.13891050253374798
-0.28870000000000007,0.14141454153450908
-0.28769999999999996,0.1434517258063147
-0.28670000000000007,0.14415908145624726
-0.28569999999999995,0.14486643710617977
-0.28470000000000006,0.14925204213576138
-0.28369999999999995,0.15208146473549145
-0.28270000000000006,0.15547677185516753
-0.28169999999999995,0.15901355010483012
-0.28070000000000006,0.1622673860945197
-0.27969999999999995,0.1628332706144657
-0.27870000000000006,0.16764328903400685
-0.27769999999999995,0.16792623129397988
-0.27670000000000006,0.16863358694391237
-0.27569999999999995,0.17047271163373692
-0.27470000000000006,0.1731606631034805
-0.27369999999999994,0.17499978779330505
-0.27270000000000005,0.1768389124831296
-0.27169999999999994,0.1774047970030756
-0.27070000000000005,0.18009274847281917
-0.26969999999999994,0.18362952672248176
-0.26870000000000005,0.1858930648022658
-0.26769999999999994,0.1890054296619689
-0.26670000000000005,0.19155191000172597
-0.26569999999999994,0.1931080924315775
-0.26470000000000005,0.19381544808151
-0.26369999999999993,0.19622045729128057
-0.26270000000000004,0.19791811085111863
-0.26169999999999993,0.19975723554094318
-0.26070000000000004,0.20286960040064628
-0.25969999999999993,0.20485019622045733
-0.25870000000000004,0.20725520543022788
-0.25769999999999993,0.20951874351001196
-0.25670000000000004,0.21305552175967452
-0.2556999999999999,0.21489464644949907
-0.25470000000000004,0.2192802514790807
-0.2536999999999999,0.22522203893851384
-0.25270000000000004,0.2281929326682304
-0.2516999999999999,0.2313052975279335
-0.25070000000000003,0.23158823978790652
-0.24969999999999992,0.2307394130079875
-0.24870000000000003,0.23371030673770407
-0.24769999999999992,0.23753002724733965
-0.24670000000000003,0.2388032674172182
-0.24569999999999992,0.24021797871708325
-0.24470000000000003,0.24191563227692126
-0.24369999999999992,0.24318887244679982
-0.24270000000000003,0.24191563227692126
-0.24169999999999991,0.24276445905684027
-0.24070000000000003,0.24502799713662435
-0.2396999999999999,0.24729153521640837
-0.23870000000000002,0.25040390007611146
-0.2376999999999999,0.2540821494557606
-0.23670000000000002,0.25563833188561214
-0.23570000000000013,0.2567701009255041
-0.23470000000000002,0.25761892770542316
-0.23370000000000013,0.26030687917516676
-0.23270000000000002,0.26412659968480234
-0.23170000000000013,0.2659657243746269
-0.23070000000000002,0.267946320194438
-0.22970000000000013,0.2723319252240196
-0.22870000000000001,0.27572723234369567
-0.22770000000000012,0.2775663570335202
-0.2267,0.27883959720339874
-0.22570000000000012,0.2803957796332503
-0.2247,0.28364961562293983
-0.22370000000000012,0.28633756709268343
-0.2227,0.288742576302454
-0.22170000000000012,0.29072317212226506
-0.2207,0.2932696524620221
-0.21970000000000012,0.2949673060218601
-0.2187,0.2958161328017792
-0.21770000000000012,0.2993529110514418
-0.2167,0.3016164491312258
-0.2157000000000001,0.3038799872110099
-0.2147,0.30656793868075344
-0.2137000000000001,0.3076997077206455
-0.2127,0.31123648597030806
-0.2117000000000001,0.3161879755198357
-0.2107,0.3176026868197007
-0.2097000000000001,0.3194418115095253
-0.2087,0.32128093619934983
-0.2077000000000001,0.3251006567089854
-0.2067,0.326373896878864
-0.2057000000000001,0.32849596382866153
-0.2047,0.33217421320831064
-0.2037000000000001,0.3350036358080407
-0.2027,0.3362768759779193
-0.2017000000000001,0.33839894292771683
-0.2007,0.3425016056973254
-0.1997000000000001,0.3453310282970554
-0.1987,0.34886780654671806
-0.1977000000000001,0.3535363538362727
-0.19669999999999999,0.35792195886585426
-0.1957000000000001,0.3580634299958408
-0.19469999999999998,0.36060991033559786
-0.1937000000000001,0.35961961242569235
-0.19269999999999998,0.36315639067535493
-0.1917000000000001,0.3675419957049365
-0.1907000000000001,0.3685322936148421
-0.1897000000000002,0.3715031873445586
-0.1887000000000001,0.3757473212441537
-0.1877000000000002,0.3770205614140323
-0.1867000000000001,0.3798499840137623
-0.1857000000000002,0.38338676226342494
-0.1847000000000001,0.38777236729300657
-0.1837000000000002,0.39060178989273664
-0.18270000000000008,0.39258238571254767
-0.1817000000000002,0.3979582886520348
-0.18070000000000008,0.40092918238175135
-0.1797000000000002,0.40390007611146794
-0.17870000000000008,0.4054562585413195
-0.1777000000000002,0.40856862340102257
-0.17670000000000008,0.4130956995605908
-0.1757000000000002,0.4150762953804018
-0.17470000000000008,0.42002778492992937
-0.1737000000000002,0.4191789581500104
-0.17270000000000008,0.4190374870200239
-0.17170000000000019,0.4245548610894975
-0.17070000000000007,0.4266769280392951
-0.16970000000000018,0.42851605272911963
-0.16870000000000007,0.4271013414292546
-0.16770000000000018,0.42922340837905215
-0.16670000000000007,0.43375048453862025
-0.16570000000000018,0.44195581007783746
-0.16470000000000007,0.44181433894785094
-0.16370000000000018,0.4456340594574866
-0.16270000000000007,0.4480390686672571
-0.16170000000000018,0.4515758469169197
-0.16070000000000007,0.45553703855654176
-0.15970000000000018,0.4585079322862584
-0.15870000000000006,0.46091294149602896
-0.15770000000000017,0.4606299992360559
-0.15670000000000006,0.465157075395624
-0.15570000000000017,0.4671376712154351
-0.15470000000000006,0.46699620008544857
-0.15370000000000017,0.4688353247752731
-0.15270000000000006,0.47746506370444985
-0.15170000000000017,0.4757674101446118
-0.15070000000000006,0.4753429967546523
-0.14970000000000017,0.47944565952426094
-0.14870000000000005,0.4733624009348413
-0.14770000000000016,0.4770406503144904
-0.14670000000000005,0.4790212461343014
-0.14570000000000016,0.4818506687340315
-0.14470000000000005,0.48651921602358617
-0.14370000000000016,0.49147070557311373
-0.14270000000000005,0.4941586570428573
-0.14170000000000016,0.49826131981246585
-0.14070000000000005,0.4979783775524929
-0.13970000000000016,0.4981198486824793
-0.13870000000000005,0.5001004445022904
-0.13770000000000016,0.5006663290222364
-0.13670000000000004,0.503071338232007
-0.13570000000000015,0.5078813566515481
-0.13470000000000004,0.5122669616811297
-0.13370000000000015,0.5112766637712243
-0.13270000000000004,0.5152378554108463
-0.13170000000000015,0.5163696244507384
-0.13070000000000004,0.5176428646206169
-0.12970000000000015,0.5237261232100366
-0.12870000000000004,0.5291020261495237
-0.12770000000000015,0.5350438136089569
-0.12670000000000003,0.5465029751378637
-0.12570000000000014,0.5474932730477692
-0.12470000000000003,0.556688896496892
-0.12370000000000014,0.5520203492073373
-0.12270000000000003,0.5685724714157583
-0.12170000000000014,0.5641868663861767
-0.12070000000000003,0.5624892128263386
-0.11970000000000014,0.5646112797761362
-0.11870000000000003,0.5647527509061226
-0.11770000000000014,0.5647527509061226
-0.11670000000000003,0.5657430488160282
-0.11570000000000014,0.5634795107362441
-0.11470000000000002,0.5674407023758662
-0.11370000000000013,0.5694212981956773
-0.11270000000000002,0.5742313166152184
-0.11170000000000013,0.5814463442445301
-0.11070000000000024,0.5863978337940576
-0.10970000000000013,0.5821536998944625
-0.10870000000000024,0.5798901618146786
-0.10770000000000013,0.5810219308545705
-0.10670000000000024,0.5834269400643411
-0.10570000000000013,0.5798901618146786
-0.10470000000000024,0.5839928245842871
-0.10370000000000013,0.5832854689343547
-0.10270000000000024,0.5875296028339497
-0.10170000000000012,0.5967252262830725
-0.10070000000000023,0.6036573116524112
-0.09970000000000012,0.6097405702418307
-0.09870000000000023,0.6152579443113044
-0.09770000000000012,0.6104479258917633
-0.09670000000000023,0.6152579443113044
-0.09570000000000012,0.6155408865712775
-0.09470000000000023,0.6228973853305756
-0.09370000000000012,0.6339321334695229
-0.09270000000000023,0.635346844769388
-0.09170000000000011,0.635912729289334
-0.09070000000000022,0.6339321334695229
-0.08970000000000011,0.6384592096290911
-0.08870000000000022,0.638742151889064
-0.08770000000000011,0.640439805448902
-0.08670000000000022,0.63930803640901
-0.08570000000000011,0.6476548330782137
-0.08470000000000022,0.6463815929083352
-0.08370000000000011,0.6441180548285511
-0.08270000000000022,0.6455327661284163
-0.0817000000000001,0.6479377753381867
-0.08070000000000022,0.6565675142673635
-0.0797000000000001,0.6579822255672285
-0.07870000000000021,0.659821350257053
-0.0777000000000001,0.6610945904269316
-0.07670000000000021,0.6634995996367021
-0.0757000000000001,0.671846396305906
-0.07470000000000021,0.6719878674358926
-0.0737000000000001,0.6786370105452582
-0.07270000000000021,0.6855690959145968
-0.0717000000000001,0.6947647193637195
-0.07070000000000021,0.672412280825852
-0.0697000000000001,0.6593969368670936
-0.0687000000000002,0.6609531192969451
-0.0677000000000001,0.6637825418966752
-0.0667000000000002,0.6667534356263918
-0.06570000000000009,0.6667534356263918
-0.0647000000000002,0.6707146272660139
-0.06370000000000009,0.6719878674358926
-0.0627000000000002,0.6738269921257171
-0.06170000000000009,0.6742514055156765
-0.0607000000000002,0.6709975695259869
-0.059700000000000086,0.6811834908850152
-0.058700000000000196,0.6760905302055011
-0.057700000000000085,0.6787784816752446
-0.056700000000000195,0.6837299712247723
-0.05570000000000008,0.6864179226945158
-0.05470000000000019,0.6861349804345428
-0.05370000000000008,0.6835885000947858
-0.05270000000000019,0.6899547009441784
-0.05170000000000008,0.6994332666532742
-0.05070000000000019,0.7026871026429637
-0.04970000000000008,0.7043847562028018
-0.04870000000000019,0.6957550172736251
-0.047700000000000076,0.6971697285734901
-0.046700000000000186,0.6947647193637195
-0.045700000000000074,0.7016968047330582
-0.044700000000000184,0.7004235645631797
-0.04370000000000007,0.6984429687433686
-0.04270000000000018,0.7032529871629097
-0.04170000000000007,0.7008479779531391
-0.04070000000000018,0.7021212181230176
-0.03970000000000007,0.7070727076725454
-0.03870000000000018,0.7062238808926263
-0.03770000000000007,0.7035359294228828
-0.03670000000000018,0.7038188716828558
-0.035700000000000065,0.7050921118527342
-0.034700000000000175,0.7065068231525994
-0.03370000000000006,0.7070727076725454
-0.03270000000000017,0.7100436014022619
-0.03170000000000006,0.7074971210625048
-0.03070000000000017,0.7099021302722753
-0.02970000000000006,0.7093362457523293
-0.02870000000000017,0.7099021302722753
-0.027700000000000058,0.7117412549621
-0.026700000000000168,0.7154195043417491
-0.025700000000000056,0.7138633219118975
-0.024700000000000166,0.7186733403314387
-0.023700000000000054,0.7155609754717356
-0.022700000000000164,0.7181074558114927
-0.021700000000000053,0.713155966261965
-0.020700000000000163,0.7144292064318436
-0.01970000000000005,0.7278689637805613
-0.01870000000000016,0.7393281253094681
-0.01770000000000005,0.7287177905604804
-0.01670000000000016,0.729991030730359
-0.015700000000000047,0.7234833587509798
-0.014700000000000157,0.7217857051911418
-0.013700000000000045,0.7192392248513847
-0.012700000000000156,0.7188148114614252
-0.011700000000000044,0.712024197222073
-0.010700000000000154,0.7287177905604804
-0.009700000000000042,0.7308398575102779
-0.008700000000000152,0.7247565989208583
-0.00770000000000004,0.7147121486918165
-0.00670000000000015,0.7154195043417491
-0.005700000000000038,0.7166927445116276
-0.0047000000000001485,0.7182489269414791
-0.0037000000000000366,0.7152780332117625
-0.0027000000000001467,0.7149950909517896
-0.0017000000000000348,0.7227760031010473
-0.000700000000000145,0.7162683311216681
0.00029999999999996696,0.7166927445116276
0.0012999999999998568,0.714004793041884
0.0022999999999999687,0.7144292064318436
0.0032999999999998586,0.7124486106120325
0.0042999999999999705,0.7164098022516546
0.00529999999999986,0.7219271763211282
0.006299999999999972,0.7260298390907369
0.007299999999999862,0.7278689637805613
0.008299999999999974,0.7251810123108178
0.009299999999999864,0.7148536198218031
0.010299999999999976,0.710892428182181
0.011299999999999866,0.713155966261965
0.012299999999999978,0.712590081742019
0.013299999999999867,0.692359710153949
0.012299999999999978,0.6490695443780788
0.011299999999999866,0.6186532514309806
0.010299999999999976,0.5958763995031535
0.009299999999999864,0.5773436814749214
0.008299999999999974,0.5600842036165681
0.007299999999999862,0.5418344278483092
0.006299999999999972,0.5227358253001311
0.00529999999999986,0.5054763474417775
0.0042999999999999705,0.49033893653322164
0.0032999999999998586,0.47322092980485475
0.0022999999999999687,0.462044710535921
0.0012999999999998568,0.4505855490070142
0.00029999999999996696,0.4385605029581614
-0.000700000000000145,0.42469633221948405
-0.0017000000000000348,0.4109736326107932
-0.0027000000000001467,0.4013535957717109
-0.0037000000000000366,0.3903188476327636
-0.0047000000000001485,0.3823964643535194
-0.005700000000000038,0.37192760073451814
-0.00670000000000015,0.35961961242569235
-0.00770000000000004,0.3495751621966506
-0.008700000000000152,0.3396721830975953
-0.009700000000000042,0.3287789060886345
-0.010700000000000154,0.32283711862920134
-0.011700000000000044,0.31151942823028106
-0.012700000000000156,0.3031726315610774
-0.013700000000000045,0.2941184792419411
-0.014700000000000157,0.2857716825727374
-0.015700000000000047,0.27940548172334473
-0.01670000000000016,0.27445399217381716
-0.01770000000000005,0.2656827821146539
-0.01870000000000016,0.2610142348250993
-0.01970000000000005,0.25068684233608446
-0.020700000000000163,0.2443206414866918
-0.021700000000000053,0.2345591335176231
-0.022700000000000164,0.2273441058883114
-0.023700000000000054,0.21942172260906717
-0.024700000000000166,0.21277257949970152
-0.025700000000000056,0.2078210899501739
-0.026700000000000168,0.20244518701068673
-0.027700000000000058,0.1966448706812401
-0.02870000000000017,0.19027866983184744
-0.02970000000000006,0.18815660288204988
-0.03070000000000017,0.18292217107254924
-0.03170000000000006,0.17811215265300812
-0.03270000000000017,0.172736249713521
-0.03370000000000006,0.1689165292038854
-0.034700000000000175,0.16141855931460067
-0.035700000000000065,0.155335300725181
-0.03670000000000018,0.1502423400456669
-0.03770000000000007,0.14599820614607179
-0.03870000000000018,0.14059400898058735
-0.03970000000000007,0.13568496077005568
-0.04070000000000018,0.1323462421023742
-0.04170000000000007,0.12633371907794774
-0.04270000000000018,0.12121246417243635
-0.04370000000000007,0.1179444810697481
-0.044700000000000184,0.11282322616423668
-0.045700000000000074,0.1100786862424985
-0.046700000000000186,0.10652776087983726
-0.047700000000000076,0.10173188957329479
-0.04870000000000019,0.09755849123869292
-0.04970000000000008,0.09362559382506812
-0.05070000000000019,0.09256456035016934
-0.05170000000000008,0.08489682510490085
-0.05270000000000019,0.08062439697930844
-0.05370000000000008,0.0771017658426445
-0.05470000000000019,0.0732537511070116
-0.05570000000000008,0.069434030597376
-0.056700000000000195,0.06520404381077954
-0.057700000000000085,0.06111552815416958
-0.058700000000000196,0.0578899863904773
-0.059700000000000086,0.053504381360895685
-0.0607000000000002,0.05051934051818046
-0.06170000000000009,0.04739282854547873
-0.0627000000000002,0.04330431288886877
-0.06370000000000009,0.04002218267318189
-0.0647000000000002,0.03689567070048015
-0.06570000000000009,0.03375501161477978
-0.0667000000000002,0.03136414951800787
-0.0677000000000001,0.027982989511330426
-0.0687000000000002,0.024884771764625994
-0.0697000000000001,0.022621233684841938
-0.07070000000000021,0.018843954514202284
-0.0717000000000001,0.016325768400442524
-0.07270000000000021,0.01313700913054673
-0.0737000000000001,0.010234021543223676
-0.07470000000000021,0.007693200048666069
-0.0757000000000001,0.005097204813413728
-0.07670000000000021,0.0021800701130920215
-0.0777000000000001,-0.0009184305758723818
-0.07870000000000021,-0.0036400521745527394
-0.0797000000000001,-0.0063619567154930695
-0.08070000000000022,-0.008817895532058775
-0.0817000000000001,-0.01140115836561233
-0.08270000000000022,-0.013842950069179384
-0.08370000000000011,-0.01581647233249111
-0.08470000000000022,-0.018009274847281917
-0.08570000000000011,-0.02071137343002414
-0.08670000000000022,-0.023512501803756906
-0.08770000000000011,-0.025959952352523425
-0.08870000000000022,-0.027912253946337173
-0.08970000000000011,-0.030713382320069947
-0.09070000000000022,-0.03294862617385671
-0.09170000000000011,-0.035127281575648865
-0.09270000000000023,-0.03756058501141672
-0.09370000000000012,-0.04019194802916569
-0.09470000000000023,-0.042214985187972696
-0.09570000000000012,-0.04461999439774326
-0.09670000000000023,-0.04691182670352462
-0.09770000000000012,-0.04901974654032352
-0.09870000000000023,-0.051113519264123775
-0.09970000000000012,-0.05371658805587544
-0.10070000000000023,-0.05586694923167029
-0.10170000000000012,-0.05733824898352994
-0.10270000000000024,-0.059799846645295106
-0.10370000000000013,-0.06254438656703327
-0.10470000000000024,-0.06400153920589426
-0.10570000000000013,-0.06640654841566482
-0.10670000000000024,-0.0677222299245393
-0.10770000000000013,-0.0695755017273625
-0.10870000000000024,-0.07158439177317086
-0.10970000000000013,-0.0732537511070116
-0.11070000000000024,-0.07601243814174842
-0.11170000000000013,-0.07773838592758377
-0.11270000000000002,-0.07984630576438266
-0.11370000000000013,-0.08147322375922747
-0.11470000000000002,-0.08290208217209115
-0.11570000000000014,-0.08481194242690895
-0.11670000000000003,-0.08638227196975913
-0.11770000000000014,-0.0883062793375756
-0.11870000000000003,-0.0907254356603448
-0.11970000000000014,-0.09269188436715721
-0.12070000000000003,-0.09371047650306003
-0.12170000000000014,-0.09590327901785084
-0.12270000000000003,-0.09781313927266864
-0.12370000000000014,-0.10014741291744596
-0.12470000000000003,-0.10181677225128669
-0.12570000000000014,-0.10389639786208829
-0.12670000000000003,-0.10582040522990475
-0.12770000000000015,-0.10731999920776168
-0.12870000000000004,-0.10951280172255247
-0.12970000000000015,-0.11169145712434464
-0.13070000000000004,-0.11382767118714086
-0.13170000000000015,-0.11621853328391277
-0.13270000000000004,-0.11757665613178321
-0.13370000000000015,-0.11774642148776701
-0.13470000000000004,-0.11958554617759155
-0.13570000000000015,-0.12107099304244984
-0.13670000000000004,-0.12292426484527302
-0.13770000000000016,-0.12462191840511107
-0.13870000000000005,-0.12672983824190998
-0.13970000000000016,-0.12900752343469268
-0.14070000000000005,-0.1307476183335267
-0.14170000000000016,-0.1320491527294025
-0.14270000000000005,-0.13384583608023112
-0.14370000000000016,-0.13582643190004218
-0.14470000000000005,-0.1367884355839504
-0.14570000000000016,-0.13896709098574256
-0.14670000000000005,-0.13984421199165886
-0.14770000000000016,-0.1420370145064497
-0.14870000000000005,-0.14387613919627423
-0.14970000000000017,-0.14557379275611226
-0.15070000000000006,-0.14797880196588284
-0.15170000000000017,-0.14911057100577488
-0.15270000000000006,-0.1502423400456669
-0.15370000000000017,-0.15165705134553195
-0.15470000000000006,-0.15307176264539696
-0.15570000000000017,-0.1540620605553025
-0.15670000000000006,-0.15561824298515403
-0.15770000000000017,-0.15731589654499206
-0.15870000000000006,-0.1583061944548976
-0.15970000000000018,-0.15929649236480314
-0.16070000000000007,-0.16127708818461417
-0.16170000000000018,-0.1625503283544927
-0.16270000000000007,-0.16410651078434427
-0.16370000000000018,-0.16537975095422278
-0.16470000000000007,-0.16721887564404736
-0.16570000000000018,-0.1689165292038854
-0.16670000000000007,-0.17075565389370992
-0.16770000000000018,-0.17160448067362896
-0.16870000000000007,-0.1728777208435075
-0.16970000000000018,-0.17400948988339954
-0.17070000000000007,-0.17528273005327805
-0.17170000000000019,-0.17768773926304862
-0.17270000000000008,-0.17881950830294063
-0.1737000000000002,-0.1808001041227517
-0.17470000000000008,-0.18235628655260325
-0.1757000000000002,-0.1843368823724143
-0.17670000000000008,-0.1851857091523333
-0.1777000000000002,-0.18660042045219835
-0.17870000000000008,-0.1890054296619689
-0.1797000000000002,-0.19056161209182043
-0.18070000000000008,-0.192400736781645
-0.1817000000000002,-0.193532505821537
-0.18270000000000008,-0.19452280373144254
-0.1837000000000002,-0.19579604390132105
-0.1847000000000001,-0.1976351685911456
-0.1857000000000002,-0.19904987989101067
-0.1867000000000001,-0.20046459119087567
-0.1877000000000002,-0.20230371588070023
-0.1887000000000001,-0.20301107153063278
-0.1897000000000002,-0.20485019622045733
-0.1907000000000001,-0.2065478497802954
-0.1917000000000001,-0.2081040322101469
-0.19269999999999998,-0.20923580125003893
-0.1937000000000001,-0.21050904141991747
-0.19469999999999998,-0.21234816610974203
-0.1957000000000001,-0.21404581966958006
-0.19669999999999999,-0.2151775887094721
-0.1977000000000001,-0.21687524226931013
-0.1987,-0.21843142469916169
-0.1997000000000001,-0.22055349164895924
-0.2007,-0.22126084729889173
-0.2017000000000001,-0.22253408746877026
-0.2027,-0.22536351006850036
-0.2037000000000001,-0.2267782213683654
-0.2047,-0.2281929326682304
-0.2057000000000001,-0.22904175944814942
-0.2067,-0.23045647074801448
-0.2077000000000001,-0.23300295108777153
-0.2087,-0.23371030673770407
-0.2097000000000001,-0.23526648916755558
-0.2107,-0.23710561385738013
-0.2117000000000001,-0.2388032674172182
-0.2127,-0.24163269001694826
-0.2137000000000001,-0.2429059301868268
-0.2147,-0.24545241052658387
-0.2157000000000001,-0.24814036199632744
-0.2167,-0.24913065990623293
-0.21770000000000012,-0.24969654442617895
-0.2187,-0.250545371206098
-0.21970000000000012,-0.252808909285882
-0.2207,-0.2547895051056931
-0.22170000000000012,-0.25733598544545017
-0.2227,-0.2586092256153287
-0.22370000000000012,-0.2591751101352747
-0.2247,-0.25988246578520724
-0.22570000000000012,-0.2622874749949778
-0.2267,-0.26327777290488336
-0.22770000000000012,-0.26582425324464043
-0.22870000000000001,-0.26709749341451894
-0.22970000000000013,-0.2666730800245595
-0.23070000000000002,-0.269361031494303
-0.23170000000000013,-0.2689366181043435
-0.23270000000000002,-0.27049280053419505
-0.23370000000000013,-0.2724733963540061
-0.23470000000000002,-0.2740295787838576
-0.23570000000000013,-0.27530281895373615
-0.23670000000000002,-0.27784929929349317
-0.2376999999999999,-0.28308373110299384
-0.23870000000000002,-0.28322520223298037
-0.2396999999999999,-0.2826593177130343
-0.24070000000000003,-0.28364961562293983
-0.24169999999999991,-0.28506432692280487
-0.24270000000000003,-0.2869034516126294
-0.24369999999999992,-0.2891669896924135
-0.24470000000000003,-0.2911475855122245
-0.24569999999999992,-0.2927037679420761
-0.24670000000000003,-0.2949673060218601
-0.24769999999999992,-0.2972308441016442
-0.24870000000000003,-0.3007676223513068
-0.24969999999999992,-0.3038799872110099
-0.25070000000000003,-0.3047288139909289
-0.2516999999999999,-0.3041629294709829
-0.25270000000000004,-0.30656793868075344
-0.2536999999999999,-0.30883147676053746
-0.25470000000000004,-0.310104716930416
-0.2556999999999999,-0.30982177467044303
-0.25670000000000004,-0.3122267838802136
-0.25769999999999993,-0.31293413953014615
-0.25870000000000004,-0.3142073797000246
-0.25969999999999993,-0.31533914873991664
-0.26070000000000004,-0.31802710020966024
-0.26169999999999993,-0.3204321094194308
-0.26270000000000004,-0.3205735805494173
-0.26369999999999993,-0.3211394650693633
-0.26470000000000005,-0.3222712341092553
-0.26569999999999994,-0.3251006567089854
-0.26670000000000005,-0.32708125252879644
-0.26769999999999994,-0.329203319478594
-0.26870000000000005,-0.3311839152984051
-0.26969999999999994,-0.3333059822482026
-0.27070000000000005,-0.33655981823789227
-0.27169999999999994,-0.3355695203279867
-0.27270000000000005,-0.33613540484793275
-0.27369999999999994,-0.33684276049786527
-0.27470000000000006,-0.33740864501781126
-0.27569999999999995,-0.3405210098775144
-0.27670000000000006,-0.34136983665743337
-0.27769999999999995,-0.34377484586720397
-0.27870000000000006,-0.34462367264712296
-0.27969999999999995,-0.34717015298688
-0.28070000000000006,-0.3495751621966506
-0.28169999999999995,-0.3495751621966506
-0.28270000000000006,-0.3511313446265021
-0.28369999999999995,-0.3538192960962457
-0.28470000000000006,-0.35551694965608377
-0.28569999999999995,-0.35608283417602976
-0.28670000000000007,-0.3611757948555439
-0.28769999999999996,-0.3623075638954359
-0.28870000000000007,-0.36442963084523344
-0.28969999999999996,-0.3675419957049365
-0.29070000000000007,-0.3689567070048016
-0.29169999999999996,-0.3688152358748151
-0.29270000000000007,-0.3685322936148421
-0.29369999999999996,-0.36810788022488256
-0.2947000000000001,-0.3685322936148421
-0.29569999999999996,-0.37079583169462615
-0.2967000000000001,-0.3715031873445586
-0.29769999999999996,-0.37461555220426174
-0.2987000000000001,-0.37716203254401875
-0.29969999999999997,-0.38013292627373535
-0.3007000000000001,-0.38197205096355985
-0.30169999999999997,-0.38522588695324944
-0.3027000000000001,-0.387347953903047
-0.30369999999999997,-0.38890413633289855
-0.3047000000000001,-0.3901773765027771
-0.30569999999999997,-0.39215797232258814
-0.3067000000000001,-0.39640210622218325
-0.3077,-0.4017780091616704
-0.3087000000000001,-0.3976753463920618
-0.3097,-0.3988071154319538
-0.3107000000000001,-0.39696799074212924
-0.3117,-0.4016365380316839
-0.3127000000000001,-0.40361713385149495
-0.3137,-0.4054562585413195
-0.3147000000000001,-0.41083216148080665
-0.3157,-0.4109736326107932
-0.3167000000000001,-0.41436893973046923
-0.3177,-0.41550070877036127
-0.3187000000000001,-0.41394452634050977
-0.3197,-0.4128127573006177
-0.3207000000000001,-0.41366158408053677
-0.3217,-0.41436893973046923
-0.3227000000000001,-0.41550070877036127
-0.3237,-0.41748130459017235
-0.3247000000000001,-0.4197448426699564
-0.3257,-0.42130102509980794
-0.3267000000000001,-0.42299867865964597
-0.3277,-0.42469633221948405
-0.3287000000000001,-0.4268183991692816
-0.3297,-0.4279501682091736
-0.3307000000000001,-0.4313454753288497
-0.3317,-0.4327601866287147
-0.3327000000000001,-0.4316284175888227
-0.3337,-0.43318460001867426
-0.3347000000000001,-0.43573108035843133
-0.3357,-0.44096551216793195
-0.3367000000000001,-0.4354481380984583
-0.3377,-0.4354481380984583
-0.3387000000000001,-0.43403342679859325
-0.3397,-0.4365799071383503
-0.3407000000000001,-0.4355896092284448
-0.3417,-0.4365799071383503
-0.3427000000000001,-0.43870197408814793
-0.3437,-0.4412484544279049
-0.3447000000000001,-0.4422387523378105
-0.3457,-0.4447852326775675
-0.3467000000000001,-0.44761465527729766
-0.3477,-0.4511514335269602
-0.3487000000000001,-0.4515758469169197
-0.3497,-0.45171731804690624
-0.3507000000000001,-0.4546882117766228
-0.3517,-0.4542637983866633
-0.3527000000000001,-0.4542637983866633
-0.3537,-0.4558199808165148
-0.3547000000000001,-0.4573761632463663
-0.3557,-0.45879087454623135
-0.35670000000000013,-0.46020558584609644
-0.3577,-0.4621861816659074
-0.35870000000000013,-0.46473266200566454
-0.3597,-0.46742061347540814
-0.36070000000000013,-0.4692597381652327
-0.3617,-0.47124033398504367
-0.3626999999999999,-0.4715232762450167
-0.3637,-0.47251357415492223
-0.3646999999999999,-0.4744941699747333
-0.3657,-0.4750600544946793
-0.3666999999999999,-0.47718212144447686
-0.3677,-0.48001154404420693
-0.3686999999999999,-0.481709197604045
-0.36970000000000003,-0.48708510054353216
-0.3706999999999999,-0.48878275410337013
-0.37170000000000003,-0.48354832229386957
-0.3726999999999999,-0.4866606871535727
-0.37370000000000003,-0.4872265716735187
-0.3746999999999999,-0.4913292344431272
-0.37570000000000003,-0.4957148394727089
-0.3766999999999999,-0.4993930888523579
-0.37770000000000004,-0.49769543529251986
-0.3786999999999999,-0.49882720433241184
-0.37970000000000004,-0.49967603111233094
-0.3806999999999999,-0.49981750224231747
-0.38170000000000004,-0.49981750224231747
-0.38269999999999993,-0.4999589733723039
-0.38370000000000004,-0.501090742412196
-0.38469999999999993,-0.5061837030917101
-0.38570000000000004,-0.5098619524713591
-0.38669999999999993,-0.5126913750710893
-0.38770000000000004,-0.5128328462010757
-0.38869999999999993,-0.5112766637712243
-0.38970000000000005,-0.5145304997609139
-0.39069999999999994,-0.5153793265408328
-0.39170000000000005,-0.5152378554108463
-0.39269999999999994,-0.518208749140563
-0.39370000000000005,-0.5163696244507384
-0.39469999999999994,-0.5186331625305225
-0.39570000000000005,-0.5224528830401581
-0.39669999999999994,-0.5221699407801851
-0.39770000000000005,-0.5240090654700096
-0.39869999999999994,-0.5258481901598342
-0.39970000000000006,-0.5271214303297127
-0.40069999999999995,-0.5288190838895507
-0.40170000000000006,-0.5326388043991863
-0.40269999999999995,-0.5391464763785655
-0.40370000000000006,-0.537873236208687
-0.40469999999999995,-0.5347608713489839
-0.40570000000000006,-0.5422588412382686
-0.40669999999999995,-0.5446638504480392
-0.40770000000000006,-0.5424003123682551
-0.40869999999999995,-0.5457956194879312
-0.40970000000000006,-0.5487665132176478
-0.41069999999999995,-0.5497568111275533
-0.41170000000000007,-0.5501812245175128
-0.41269999999999996,-0.5510300512974318
-0.41370000000000007,-0.557254781016838
-0.41469999999999996,-0.5610745015264736
-0.41570000000000007,-0.5622062705663656
-0.41669999999999996,-0.5596597902266085
-0.41770000000000007,-0.556405954236919
-0.41869999999999996,-0.5606500881365141
-0.4197000000000001,-0.5641868663861767
-0.42069999999999996,-0.5672992312458797
-0.4217000000000001,-0.5674407023758662
-0.42269999999999996,-0.5697042404556503
-0.4237000000000001,-0.5658845199460147
-0.42469999999999997,-0.5680065868958123
-0.4257000000000001,-0.5680065868958123
-0.42669999999999997,-0.5684310002857718
-0.4277000000000001,-0.5732410187053129
-0.42869999999999997,-0.5755045567850969
-0.4297000000000001,-0.578333979384827
-0.43069999999999997,-0.5903590254336798
-0.4317000000000001,-0.6223315008106296
-0.4327,-0.618794722560967
-0.4337000000000001,-0.6155408865712775
-0.4347,-0.6146920597913584
-0.4357000000000001,-0.615965299961237
-0.4367,-0.6165311844811829
-0.4377000000000001,-0.6178044246510616
-0.4387,-0.6196435493408861
-0.4397000000000001,-0.6209167895107646
-0.4407,-0.6226144430706027
-0.4417000000000001,-0.6156823577012639
-0.4427,-0.6183703091710075
-0.4437000000000001,-0.6226144430706027
-0.4447,-0.6253023945403461
-0.4457000000000001,-0.6281318171400763
-0.4467,-0.6298294706999144
-0.4477000000000001,-0.6333662489495769
-0.4487,-0.6369030271992394
-0.4497000000000001,-0.638742151889064
-0.4507,-0.6422789301387266
-0.4517000000000001,-0.6431277569186457
-0.4527,-0.6472304196882542
-0.4537000000000001,-0.6534551494076605
-0.4547,-0.6534551494076605
-0.4557000000000001,-0.657274869917296
-0.4567,-0.655860158617431
-0.4577000000000001,-0.655860158617431
-0.4587,-0.658406638957188
-0.4597000000000001,-0.657840754437242
-0.4607,-0.6650557820665538
-0.4617000000000001,-0.6687340314462029
-0.4627,-0.6685925603162164
-0.4637000000000001,-0.6751002322955955
-0.4647,-0.6793443661951906
-0.4657000000000001,-0.6758075879455281
-0.4667,-0.6751002322955955
-0.4677000000000001,-0.6763734724654741
-0.4687,-0.675524645685555
-0.4697000000000001,-0.6828811444448531
-0.4707,-0.6882570473843403
-0.4717000000000001,-0.693774421453814
-0.4727,-0.6953306038836656
-0.4737000000000001,-0.6977356130934361
-0.4747,-0.7002820934331931
-0.4757000000000001,-0.6985844398733552
-0.4767,-0.6988673821333282
-0.4777000000000001,-0.7038188716828558
-0.4787,-0.7089118323623699
-0.4797000000000001,-0.7166927445116276
-0.4807,-0.7157024466017221
-0.48170000000000013,-0.7200880516313036
-0.4827,-0.7251810123108178
-0.48370000000000013,-0.7213612918011821
-0.4847,-0.7256054257007774
-0.48570000000000013,-0.7304154441203184
-0.4867,-0.7285763194304938
-0.4876999999999999,-0.73197162655017
-0.4887,-0.7435722592090632
-0.4896999999999999,-0.7439966725990228
-0.4907,-0.7432893169490903
-0.4916999999999999,-0.7509287579683614
-0.4927,-0.7578608433377001
-0.4936999999999999,-0.7599829102874976
-0.49470000000000003,-0.7599829102874976
-0.4956999999999999,-0.7567290742978081
-0.49670000000000003,-0.7570120165577812
-0.4976999999999999,-0.7609732081974032
-0.49870000000000003,-0.7642270441870929
-0.4996999999999999,-0.7680467646967284
-0.5007,-0.7717250140763775
-0.5016999999999999,-0.774412965546121
-0.5027,-0.7775253304058242
-0.5036999999999999,-0.7892674341947039
-0.5047,-0.8005851245936242
-0.5056999999999999,-0.8012924802435567
-0.5067,-0.810912517082639
-0.5076999999999999,-0.8111954593426121
-0.5087,-0.8111954593426121
-0.5096999999999999,-0.8110539882126255
-0.5107,-0.8119028149925446
-0.5116999999999999,-0.8168543045420722
-0.5127,-0.824352274431357
-0.5136999999999999,-0.8314258309306821
-0.5147,-0.8424605790696293
-0.5156999999999999,-0.8530709138186172
-0.5167,-0.8571735765882258
-0.5176999999999999,-0.8696230360270382
-0.5187,-0.8643886042175374
-0.5196999999999999,-0.8680668535971865
-0.5207,-0.8740086410566196
-0.5216999999999999,-0.8781113038262282
-0.5227,-0.8798089573860663
-0.5236999999999999,-0.8878728117952971
-0.5247,-0.8974928486343793
-0.5257,-0.8974928486343793
-0.5267000000000001,-0.9054152319136234
-0.5277,-0.9092349524232591
-0.5287000000000001,-0.9140449708428002
-0.5297,-0.923806478811869
-0.5307000000000001,-0.9245138344618015
-0.5317,-0.9311629775711672
-0.5327000000000001,-0.9351241692107891
-0.5337,-0.9433294947500065
-0.5347000000000001,-0.947715099779588
-0.5357,-0.9535154161090347
-0.5367000000000001,-0.9583254345285759
-0.5377,-0.9594572035684679
-0.5387000000000001,-0.9710578362273611
-0.5397,-0.9713407784873341
-0.5407000000000001,-0.9738872588270913
-0.5417,-0.9777069793367268
-0.5427000000000001,-0.9852049492260115
-0.5437,-0.9912882078154313
-0.5447000000000001,-0.9757263835169159
-0.5457,-0.98081934419643
-0.5467000000000001,-0.9910052655554581
-0.5477,-0.9946835149351072
-0.5487000000000001,-0.9992105910946756
-0.5497,-0.9996350044846349
-0.5507000000000001,-1.0026058982143515
-0.5517,-1.011235637143528
-0.5527000000000001,-1.023260683192381
-0.5537,-1.0303342396917063
-0.5547000000000001,-1.0379736807109774
-0.5557,-1.0467448907701407
-0.5567000000000001,-1.054384331789412
-0.5577,-1.0573552255191285
-0.5587000000000001,-1.0647117242784265
-0.5597,-1.0727755786876572
-0.5607000000000001,-1.0781514816271445
-0.5617,-1.0828200289166992
-0.5627000000000001,-1.0944206615755925
-0.5637,-1.0968256707853627
-0.5647000000000001,-1.1046065829346206
-0.5657,-1.1106898415240403
-0.5667000000000001,-1.1197439938431764
-0.5677,-1.1336081645818537
-0.5687000000000001,-1.1450673261107607
-0.5697,-1.1510091135701939
-0.5707000000000001,-1.1553947185997753
-0.5717,-1.1660050533487631
-0.5727000000000001,-1.1722297830681694
-0.5737,-1.178030099397616
-0.5747000000000001,-1.1842548291170223
-0.5757,-1.1964213462958615
-0.5767000000000001,-1.210285517034539
-0.5777,-1.2162273044939722
-0.5787000000000001,-1.2276864660228788
-0.5797,-1.239852983201718
-0.5807000000000001,-1.248199779870922
-0.5817,-1.2595174702698424
-0.5827000000000001,-1.2672983824191
-0.5837,-1.276069592478263
-0.5847000000000001,-1.283284620107575
-0.5857,-1.2955926084164004
-0.5867000000000001,-1.3021002803957797
-0.5877,-1.3111544327149158
-0.5887000000000001,-1.319642700514106
-0.5897,-1.329121266223202
-0.5907000000000001,-1.3374680628924058
-0.5917,-1.349917522331218
-0.5927000000000001,-1.3634987508099223
-0.5937,-1.3789191039784512
-0.5947000000000001,-1.3906612077673313
-0.5957,-1.4019788981662513
-0.5967000000000001,-1.4128721751752122
-0.5977,-1.4246142789640919
-0.5987000000000001,-1.4345172580631471
-0.5997,-1.4458349484620676
-0.6007000000000001,-1.4543232162612578
-0.6017,-1.4656409066601779
-0.6027000000000001,-1.4755438857592333
-0.6037,-1.4854468648582886
-0.6047000000000001,-1.499593977856939
-0.6057,-1.5094969569559942
-0.6067000000000001,-1.5165705134553193
-0.6077,-1.5293029151541047
-0.6087000000000001,-1.540620605553025
-0.6097,-1.5575971411514054
-0.6107000000000001,-1.5689148315503256
-0.6117,-1.5774030993495158
-0.6126999999999999,-1.5901355010483011
-0.6137,-1.6042826140469515
-0.6146999999999999,-1.6198444383454669
-0.6157,-1.6297474174445223
-0.6166999999999999,-1.6453092417430377
-0.6177,-1.656626932141958
-0.6186999999999999,-1.6651151999411482
-0.6197,-1.6806770242396636
-0.6206999999999999,-1.696238848538179
-0.6217,-1.7075565389370995
-0.6226999999999999,-1.7217036519357498
-0.6237,-1.7372654762342652
-0.6246999999999999,-1.7570714344323757
-0.6257,-1.774047970030756
-0.6266999999999999,-1.7896097943292715
-0.6277,-1.8009274847281918
-0.6286999999999999,-1.8122451751271118
-0.6297,-1.8278069994256272
-0.6306999999999999,-1.8348805559249526
-0.6317,-1.8461982463238729
-0.6326999999999999,-1.8645894932221183
-0.6337,-1.8872248740199586
-0.6346999999999999,-1.9042014096183393
-0.6357,-1.92683679041618
-0.6366999999999999,-1.9367397695152353
-0.6377,-1.9551310164134805
-0.6386999999999999,-1.9791811085111866
-0.6397,-1.9961576441095665
-0.6406999999999999,-2.014548891007812
-0.6417,-2.0272812927065975
-0.6426999999999999,-2.044257828304978
-0.6437,-2.0640637865030884
-0.6446999999999999,-2.081040322101469
-0.6457,-2.0966021463999844
-0.6466999999999999,-2.116408104598095
-0.6477,-2.1447023305953956
-0.6486999999999999,-2.1659230000933714
-0.6497,-2.1828995356917518
-0.6507,-2.1984613599902674
-0.6517000000000001,-2.215437895588648
-0.6527,-2.2409026989862184
-0.6537000000000001,-2.2663675023837886
-0.6547,-2.2819293266823037
-0.6557000000000001,-2.30314999618028
-0.6567,-2.3257853769781205
-0.6577000000000001,-2.3413472012766356
-0.6587,-2.3653972933743415
-0.6597000000000001,-2.379544406372992
-0.6607,-2.3951062306715074
-0.6617000000000001,-2.414912188869618
-0.6627,-2.4474505487665135
-0.6637000000000001,-2.468671218264489
-0.6647,-2.49413602166206
-0.6657000000000001,-2.515356691160035
-0.6667,-2.533747938058281
-0.6677000000000001,-2.5592127414558514
-0.6687,-2.581848122253692
-0.6697000000000001,-2.6087276369511274
-0.6707,-2.6525836872469437
-0.6717000000000001,-2.6822926245441097
-0.6727,-2.70209858274222
-0.6737000000000001,-2.7219045409403306
-0.6747,-2.741710499138441
-0.6757000000000001,-2.7615164573365516
-0.6767,-2.7926401059335824
-0.6777000000000001,-2.8265931771303436
-0.6787,-2.852057980527914
-0.6797000000000001,-2.8761080726256196
-0.6807,-2.9072317212226504
-0.6817000000000001,-2.9369406585198163
-0.6827,-2.9609907506175217
-0.6837000000000001,-2.989284976614823
-0.6847,-3.0189939139119883
-0.6857000000000001,-3.0331410269106387
-0.6867,-3.0642646755076695
-0.6877000000000001,-3.0968030354045655
-0.6887,-3.1307561066013263
-0.6897000000000001,-3.1703680229975473
-0.6907,-3.211394650693633
-0.6917000000000001,-3.2411035879907995
-0.6927,-3.279300793087155
-0.6937000000000001,-3.3019361738849957
-0.6947,-3.3373039563816214
-0.6957000000000001,-3.3726717388782474
-0.6967,-3.405210098775143
-0.6977000000000001,-3.436333747372174
-0.6987,-3.46887210726907
-0.6997000000000001,-3.5113134462650213
-0.7007,-3.541022383562187
-0.7017000000000001,-3.576390166058813
-0.7027,-3.6202462163546287
-0.7037000000000001,-3.6655169779503103
-0.7047,-3.6923964926477457
-0.7057000000000001,-3.730593697744102
-0.7067,-3.7772791706396474
-0.7077000000000001,-3.815476375736004
-0.7087,-3.85367358083236
-0.7097000000000001,-3.901773765027771
-0.7107,-3.9541180831227782
-0.7117000000000001,-3.986656443019674
-0.7127,-4.034756627215084
-0.7137000000000001,-4.08710094531009
-0.7147,-4.1295422843060425
-0.7157000000000001,-4.171983623301993
-0.7167,-4.211595539698214
-0.7177000000000001,-4.231401497896325
-0.7187,-4.276672259492005
-0.7197000000000001,-4.329016577587013
-0.7207,-4.382775606981883
-0.7217000000000001,-4.428046368577565
-0.7227,-4.476146552772976
-0.7237000000000001,-4.528490870867983
-0.7247,-4.579420477663124
-0.7257000000000001,-4.631764795758129
-0.7267,-4.679864979953542
-0.7277000000000001,-4.756259390146253
-0.7287,-4.841142068138156
-0.7297000000000001,-4.872265716735186
-0.7307,-4.904804076632082
-0.7317000000000001,-4.967051373826144
-0.7327,-5.023639825820745
-0.7337000000000001,-5.080228277815347
-0.7347,-5.141060863709543
-0.7357000000000001,-5.211796428702795
-0.7367,-5.268384880697396
-0.7376999999999999,-5.322143910092268
-0.7387,-5.385805918586194
-0.7396999999999999,-5.438150236681202
-0.7407,-5.508885801674452
-0.7416999999999999,-5.555571274569999
-0.7427,-5.6263068395632505
-0.7436999999999999,-5.701286538456097
-0.7447,-5.772022103449349
-0.7456999999999999,-5.839928245842872
-0.7467,-5.929055057734368
-0.7476999999999999,-6.004034756627216
-0.7487,-6.077599744220197
-0.7496999999999999,-6.14833530921345
-0.7507,-6.2162414516069715
-0.7516999999999999,-6.286977016600223
-0.7527,-6.366200849392665
-0.7536999999999999,-6.451083527384568
-0.7547,-6.54728389577539
-0.7556999999999999,-6.644898975466076
-0.7567,-6.722708096958654
-0.7576999999999999,-6.830226155748398
-0.7587,-6.9052058546412445
-0.7596999999999999,-6.988673821333281
-0.7607,-7.082044767124374
-0.7616999999999999,-7.193806959813711
-0.7627,-7.309813286402645
-0.7636999999999999,-7.4229901903918485
-0.7647,-7.5092875796836145
-0.7656999999999999,-7.636611596671468
-0.7667,-7.6861264921667445
-0.7676999999999999,-7.806376952655272
-0.7687,-7.929456835743531
-0.7696999999999999,-8.0440484510326
-0.7707,-8.167128334120857
-0.7716999999999999,-8.281719949409926
-0.7727,-8.393482142099263
-0.7736999999999999,-8.501000200889004
-0.7747,-8.64247133087551
-0.7757,-8.764136502663902
-0.7767000000000001,-8.90419292135054
-0.7777,-9.059811164335693
-0.7787000000000001,-9.191379315223143
-0.7797,-9.321532754810727
-0.7807000000000001,-9.458759750897634
-0.7817,-9.605889726083598
-0.7827000000000001,-9.774240370767538
-0.7837,-9.932688036352424
-0.7847000000000001,-10.092550413237172
-0.7857,-10.2693893257203
-0.7867000000000001,-10.286365861318682
-0.7857,-10.219874430225024
-0.7847000000000001,-10.150553576531639
-0.7837,-10.062841475940006
-0.7827000000000001,-9.994935333546485
-0.7817,-9.902979099055257
-0.7807000000000001,-9.863367182659037
-0.7797,-9.782728638566729
-0.7787000000000001,-9.713407784873342
-0.7777,-9.605889726083598
-0.7767000000000001,-9.489883399494666
-0.7757,-9.40075658760317
-0.7747,-9.273432570615316
-0.7736999999999999,-9.182891047423954
-0.7727,-9.116399616330296
-0.7716999999999999,-9.01595511403988
-0.7707,-8.922584168248786
-0.7696999999999999,-8.826383799857965
-0.7687,-8.720280452368087
-0.7676999999999999,-8.638227196975913
-0.7667,-8.55334451898401
-0.7656999999999999,-8.467047129692245
-0.7647,-8.403385121198317
-0.7636999999999999,-8.325575999705741
-0.7627,-8.247766878213163
-0.7616999999999999,-8.12327228382504
-0.7607,-8.015754225035298
-0.7596999999999999,-7.940774526142452
-0.7587,-7.826182910853383
-0.7576999999999999,-7.7512032119605365
-0.7567,-7.70451773906499
-0.7556999999999999,-7.646514575770523
-0.7547,-7.5418259395805105
-0.7536999999999999,-7.454113838988878
-0.7527,-7.418746056492251
-0.7516999999999999,-7.348010491499002
-0.7507,-7.295666173403994
-0.7496999999999999,-7.258883679607503
-0.7487,-7.159853888616951
-0.7476999999999999,-7.115997838321134
-0.7467,-7.045262273327882
-0.7456999999999999,-6.977356130934361
-0.7447,-6.927841235439085
-0.7436999999999999,-6.869838072144618
-0.7427,-6.806176063650692
-0.7416999999999999,-6.739684632557035
-0.7407,-6.667534356263918
-0.7396999999999999,-6.606701770369722
-0.7387,-6.53596620537647
-0.7376999999999999,-6.490695443780789
-0.7367,-6.427033435286861
-0.7357000000000001,-6.363371426792935
-0.7347,-6.31385653129766
-0.7337000000000001,-6.241706255004542
-0.7327,-6.145505886613719
-0.7317000000000001,-6.094576279818578
-0.7307,-6.056379074722222
-0.7297000000000001,-5.981399375829374
-0.7287,-5.96583755153086
-0.7277000000000001,-5.937543325533559
-0.7267,-5.872466605739767
-0.7257000000000001,-5.821536998944626
-0.7247,-5.80314575204638
-0.7237000000000001,-5.736654320952724
-0.7227,-5.677236446358393
-0.7217000000000001,-5.624892128263387
-0.7207,-5.569718387568649
-0.7197000000000001,-5.525862337272833
-0.7187,-5.484835709576747
-0.7177000000000001,-5.446638504480391
-0.7167,-5.38722062988606
-0.7157000000000001,-5.343364579590244
-0.7147,-5.289605550195372
-0.7137000000000001,-5.259896612898206
-0.7127,-5.216040562602391
-0.7117000000000001,-5.155207976708193
-0.7107,-5.105693081212917
-0.7097000000000001,-5.057592897017507
-0.7087,-4.996760311123309
-0.7077000000000001,-4.972710219025604
-0.7067,-4.933098302629383
-0.7057000000000001,-4.890656963633432
-0.7047,-4.836897934238561
-0.7037000000000001,-4.811433130840991
-0.7027,-4.768991791845038
-0.7017000000000001,-4.759088812745984
-0.7007,-4.723721030249357
-0.6997000000000001,-4.686938536452867
-0.6987,-4.638838352257455
-0.6977000000000001,-4.597811724561368
-0.6967,-4.5638586533646075
-0.6957000000000001,-4.5044407787702765
-0.6947,-4.4775612640728415
-0.6937000000000001,-4.43511992507689
-0.6927,-4.378531473082289
-0.6917000000000001,-4.354481380984582
-0.6907,-4.299307640289847
-0.6897000000000001,-4.272428125592412
-0.6887,-4.23281620919619
-0.6877000000000001,-4.211595539698214
-0.6867,-4.1691542007022635
-0.6857000000000001,-4.136615840805367
-0.6847,-4.112565748707662
-0.6837000000000001,-4.078612677510901
-0.6827,-4.0446596063141405
-0.6817000000000001,-4.014950669016974
-0.6807,-3.9767534639206183
-0.6797000000000001,-3.9385562588242617
-0.6787,-3.9046031876275014
-0.6777000000000001,-3.896114919828311
-0.6767,-3.8579177147319554
-0.6757000000000001,-3.825379354835059
-0.6747,-3.794255706238028
-0.6737000000000001,-3.7320084090439667
-0.6727,-3.67966409094896
-0.6717000000000001,-3.6725905344496357
-0.6707,-3.6457110197521994
-0.6697000000000001,-3.606099103355979
-0.6687,-3.5778048773586777
-0.6677000000000001,-3.548095940061512
-0.6667,-3.5183870027643462
-0.6657000000000001,-3.4830192202677206
-0.6647,-3.4561397055702843
-0.6637000000000001,-3.426430768273119
-0.6627,-3.3995512535756833
-0.6617000000000001,-3.382574717977303
-0.6607,-3.359939337179462
-0.6597000000000001,-3.321742132083106
-0.6587,-3.2962773286855356
-0.6577000000000001,-3.2481771444901244
-0.6567,-3.2227123410925533
-0.6557000000000001,-3.202906382894443
-0.6547,-3.1802710020966023
-0.6537000000000001,-3.1434885083001114
-0.6527,-3.122267838802136
-0.6517000000000001,-3.1024618806040256
-0.6507,-3.0713382320069944
-0.6497,-3.054361696408614
-0.6486999999999999,-3.028896893011044
-0.6477,-3.0076762235130676
-0.6466999999999999,-2.996358533114148
-0.6457,-2.9807967088156326
-0.6446999999999999,-2.9525024828183315
-0.6437,-2.922793545521166
-0.6426999999999999,-2.88742576302454
-0.6417,-2.852057980527914
-0.6406999999999999,-2.813860775431558
-0.6397,-2.795469528533313
-0.6386999999999999,-2.7799077042347973
-0.6377,-2.745954633038036
-0.6366999999999999,-2.7105868505414104
-0.6357,-2.69643973754276
-0.6346999999999999,-2.6681455115454593
-0.6337,-2.6455101307476188
-0.6326999999999999,-2.621460038649913
-0.6317,-2.5959952352523423
-0.6306999999999999,-2.581848122253692
-0.6297,-2.549309762356796
-0.6286999999999999,-2.5408214945576058
-0.6277,-2.515356691160035
-0.6266999999999999,-2.4870624651627344
-0.6257,-2.461597661765164
-0.6246999999999999,-2.4545241052658384
-0.6237,-2.436132858367593
-0.6226999999999999,-2.3993503645711023
-0.6217,-2.3781296950731265
-0.6206999999999999,-2.362567870774611
-0.6197,-2.32861479957785
-0.6186999999999999,-2.30314999618028
-0.6177,-2.2875881718817643
-0.6166999999999999,-2.283344037982169
-0.6157,-2.2564645232847336
-0.6146999999999999,-2.2409026989862184
-0.6137,-2.216852606888512
-0.6126999999999999,-2.201290782589997
-0.6117,-2.1828995356917518
-0.6107000000000001,-2.1673377113932366
-0.6097,-2.13196992889661
-0.6087000000000001,-2.1093345480987695
-0.6077,-2.081040322101469
-0.6067000000000001,-2.0598196526034935
-0.6057,-2.052746096104168
-0.6047000000000001,-2.0301107153063276
-0.6037,-2.011719468408082
-0.6027000000000001,-1.980595819811051
-0.6017,-1.9622045729128061
-0.6007000000000001,-1.9622045729128061
-0.5997,-1.9579604390132106
-0.5987000000000001,-1.9324956356156402
-0.5977,-1.92117794521672
-0.5967000000000001,-1.9056161209182045
-0.5957,-1.8773218949209036
-0.5947000000000001,-1.8631747819222533
-0.5937,-1.8362952672248178
-0.5927000000000001,-1.8292217107254924
-0.5917,-1.8193187316264372
-0.5907000000000001,-1.8094157525273817
-0.5897,-1.7896097943292715
-0.5887000000000001,-1.766974413531431
-0.5877,-1.7443390327335901
-0.5867000000000001,-1.7217036519357498
-0.5857,-1.7132153841365596
-0.5847000000000001,-1.690580003338719
-0.5837,-1.6736034677403384
-0.5827000000000001,-1.658041643441823
-0.5817,-1.6424798191433077
-0.5807000000000001,-1.6368209739438475
-0.5797,-1.6212591496453321
-0.5787000000000001,-1.5957943462477613
-0.5777,-1.5774030993495158
-0.5767000000000001,-1.5604265637511354
-0.5757,-1.5519382959519452
-0.5747000000000001,-1.5307176264539697
-0.5737,-1.5094969569559942
-0.5727000000000001,-1.4953498439573436
-0.5717,-1.4925204213576138
-0.5707000000000001,-1.472714463159503
-0.5697,-1.4514937936615278
-0.5687000000000001,-1.4401761032626073
-0.5677,-1.426028990263957
-0.5667000000000001,-1.4120233483952929
-0.5657,-1.3937735726270342
-0.5647000000000001,-1.378353219458505
-0.5637,-1.3616596261200977
-0.5627000000000001,-1.346239272951569
-0.5617,-1.3359118804625543
-0.5607000000000001,-1.3176621046942951
-0.5597,-1.3036564628256313
-0.5587000000000001,-1.291489945646792
-0.5577,-1.279747841857912
-0.5567000000000001,-1.2745134100484117
-0.5557,-1.2521609715105442
-0.5547000000000001,-1.2460777129211242
-0.5537,-1.2199055538736212
-0.5527000000000001,-1.2149540643240935
-0.5517,-1.2040607873151328
-0.5507000000000001,-1.1889233764065767
-0.5497,-1.1818498199072518
-0.5487000000000001,-1.164307399788925
-0.5477,-1.1579411989395323
-0.5467000000000001,-1.1351643470117054
-0.5457,-1.1265346080825285
-0.5447000000000001,-1.117904869153352
-0.5437,-1.113660735253757
-0.5427000000000001,-1.0980989109552417
-0.5417,-1.0864982782963482
-0.5407000000000001,-1.0679655602681162
-0.5397,-1.0512719669297088
-0.5387000000000001,-1.0430666413904914
-0.5377,-1.039246920880856
-0.5367000000000001,-1.027221874832003
-0.5357,-1.0122259350534337
-0.5347000000000001,-1.0048694362941357
-0.5337,-0.9948249860650937
-0.5327000000000001,-0.9811022864564031
-0.5317,-0.9703504805774287
-0.5307000000000001,-0.9649745776379416
-0.5297,-0.9638428085980495
-0.5287000000000001,-0.9521007048091696
-0.5277,-0.9451686194398311
-0.5267000000000001,-0.9277676704514911
-0.5257,-0.9174402779624763
-0.5247,-0.9085275967733266
-0.5236999999999999,-0.9023028670539204
-0.5227,-0.8839116201556749
-0.5216999999999999,-0.8751404100965116
-0.5207,-0.8682083247271731
-0.5196999999999999,-0.8557588652883606
-0.5187,-0.8445826460194269
-0.5176999999999999,-0.8380749740400478
-0.5167,-0.8273231681610735
-0.5156999999999999,-0.8154395932422072
-0.5147,-0.808366036742882
-0.5136999999999999,-0.7994533555537322
-0.5127,-0.7971898174739481
-0.5116999999999999,-0.7860135982050144
-0.5107,-0.7775253304058242
-0.5096999999999999,-0.76960294712658
-0.5087,-0.7613976215873628
-0.5076999999999999,-0.7447040282489552
-0.5067,-0.7373475294896572
-0.5056999999999999,-0.7260298390907369
-0.5047,-0.7230589453610202
-0.5036999999999999,-0.7142877353018571
-0.5027,-0.7022626892530042
-0.5016999999999999,-0.693491479193841
-0.5007,-0.6867008649544888
-0.4996999999999999,-0.6773637703753796
-0.49870000000000003,-0.6685925603162164
-0.4976999999999999,-0.6633581285067156
-0.49670000000000003,-0.657557812177269
-0.4956999999999999,-0.6518989669778088
-0.49470000000000003,-0.6412886322288212
-0.4936999999999999,-0.6308197686098198
-0.4927,-0.6228973853305756
-0.4916999999999999,-0.6144091175313855
-0.4907,-0.6095990991118443
-0.4896999999999999,-0.5972911108030184
-0.4887,-0.5905004965636662
-0.4876999999999999,-0.5767777969549754
-0.4867,-0.5712604228855018
-0.48570000000000013,-0.5646112797761362
-0.4847,-0.5593768479666354
-0.48370000000000013,-0.5540009450271484
-0.4827,-0.5494738688675803
-0.48170000000000013,-0.539005005248579
-0.4807,-0.5298093817994564
-0.4797000000000001,-0.5247164211199421
-0.4787,-0.51792580688059
-0.4777000000000001,-0.5105693081212918
-0.4767,-0.5066081164816696
-0.4757000000000001,-0.49967603111233094
-0.4747,-0.4884998118433972
-0.4737000000000001,-0.4826994955139505
-0.4727,-0.47689917918450386
-0.4717000000000001,-0.47322092980485475
-0.4707,-0.46968415155519216
-0.4697000000000001,-0.4619032394059345
-0.4687,-0.45398085612669026
-0.4677000000000001,-0.44733171301732455
-0.4667,-0.44322905024771597
-0.4657000000000001,-0.43898491634812087
-0.4647,-0.4306381196789172
-0.4637000000000001,-0.4245548610894975
-0.4627,-0.4187545447600509
-0.4617000000000001,-0.41083216148080665
-0.4607,-0.40290977820156243
-0.4597000000000001,-0.3988071154319538
-0.4587,-0.39640210622218325
-0.4577000000000001,-0.38918707859287155
-0.4567,-0.3822549932235329
-0.4557000000000001,-0.37829380158391085
-0.4547,-0.3753229078541942
-0.4537000000000001,-0.3732008409043967
-0.4527,-0.36711758231497704
-0.4517000000000001,-0.3614587371155169
-0.4507,-0.35579989191605677
-0.4497000000000001,-0.3548095940061512
-0.4487,-0.3495751621966506
-0.4477000000000001,-0.34136983665743337
-0.4467,-0.3354280491980002
-0.4457000000000001,-0.329203319478594
-0.4447,-0.3256665412289314
-0.4437000000000001,-0.32000769602947127
-0.4427,-0.3185929847296063
-0.4417000000000001,-0.3096803035404565
-0.4407,-0.3051532273808884
-0.4397000000000001,-0.30105056461127977
-0.4387,-0.29680643071168467
-0.4377000000000001,-0.2917134700321706
-0.4367,-0.28534726918277786
-0.4357000000000001,-0.2815275486731423
-0.4347,-0.2751613478237496
-0.4337000000000001,-0.269926916014249
-0.4327,-0.2661071955046134
-0.4317000000000001,-0.2607312925651262
-0.43069999999999997,-0.25563833188561214
-0.4297000000000001,-0.251111255726044
-0.42869999999999997,-0.24615976617651636
-0.4277000000000001,-0.24050092097705625
-0.42669999999999997,-0.23554943142752863
-0.4257000000000001,-0.23229559543783898
-0.42469999999999997,-0.22918323057813594
-0.4237000000000001,-0.22663675023837887
-0.42269999999999996,-0.22126084729889173
-0.4217000000000001,-0.2161678866193776
-0.42069999999999996,-0.21107492593986346
-0.4197000000000001,-0.20527460961041682
-0.41869999999999996,-0.20329401379060577
-0.41770000000000007,-0.19961576441095666
-0.41669999999999996,-0.19622045729128057
-0.41570000000000007,-0.18858101627200938
-0.41469999999999996,-0.18419541124242778
-0.41370000000000007,-0.18108304638272468
-0.41269999999999996,-0.1769803836131161
-0.41170000000000007,-0.17655597022315658
-0.41069999999999995,-0.17400948988339954
-0.40970000000000006,-0.1694824137238314
-0.40869999999999995,-0.16481386643427676
-0.40770000000000006,-0.15957943462477614
-0.40669999999999995,-0.15590118524512703
-0.40570000000000006,-0.15165705134553195
-0.40469999999999995,-0.14769585970590982
-0.40370000000000006,-0.14458349484620675
-0.40269999999999995,-0.140325213833613
-0.40170000000000006,-0.13779288060685457
-0.40069999999999995,-0.134821986877138
-0.39970000000000006,-0.13144082687046055
-0.39869999999999994,-0.12672983824190998
-0.39770000000000005,-0.12085878634747008
-0.39669999999999994,-0.11890648475365632
-0.39570000000000005,-0.1156102074249708
-0.39469999999999994,-0.11293640306822587
-0.39370000000000005,-0.10907424121959435
-0.39269999999999994,-0.10658434933183186
-0.39170000000000005,-0.10337295468113822
-0.39069999999999994,-0.10014741291744596
-0.38970000000000005,-0.09692187115375367
-0.38869999999999993,-0.09444612637898986
-0.38770000000000004,-0.092012822943222
-0.38669999999999993,-0.08868825138853914
-0.38570000000000004,-0.08458558861893054
-0.38469999999999993,-0.08150151798522477
-0.38370000000000004,-0.0777808272665797
-0.38269999999999993,-0.07403184232193737
-0.38170000000000004,-0.07063653520226129
-0.3806999999999999,-0.06834470289647993
-0.37970000000000004,-0.06632166573767292
-0.3786999999999999,-0.06278488748801032
-0.37770000000000004,-0.05913493233435853
-0.3766999999999999,-0.05598012613565951
-0.37570000000000003,-0.05285361416295777
-0.3746999999999999,-0.051396461524096784
-0.37370000000000003,-0.04937342436528978
-0.3726999999999999,-0.04512929046569467
-0.37170000000000003,-0.0424696332219484
-0.3706999999999999,-0.040333419159152194
-0.36970000000000003,-0.03606099103355979
-0.3686999999999999,-0.03405210098775143
-0.3677,-0.03161879755198357
-0.3666999999999999,-0.027770782816350672
-0.3657,-0.02535162649358146
-0.3646999999999999,-0.022847587492820343
-0.3637,-0.02055575518703898
-0.3626999999999999,-0.01785365660429676
-0.3617,-0.015420353168528897
-0.36070000000000013,-0.012210373229135131
-0.3597,-0.009711993073573478
-0.35870000000000013,-0.007213612918011821
-0.3577,-0.0046317647957581295
-0.35670000000000013,-0.0022437321215859484
-0.3557,0.000910083779203178
-0.3547000000000001,0.0038833825181295253
-0.3537,0.0063110271086979286
-0.3527000000000001,0.008628324217876859
-0.3517,0.011014942180749176
-0.3507000000000001,0.013555763675306783
-0.3497,0.01583061944548976
-0.3487000000000001,0.018023421960280565
-0.3477,0.02004645911908757
-0.3467000000000001,0.02194217226090672
-0.3457,0.023823738289727222
-0.3447000000000001,0.026313630177489684
-0.3437,0.029242082568210308
-0.3427000000000001,0.03151976776099302
-0.3417,0.03385404140577032
-0.3407000000000001,0.03572146032159217
-0.3397,0.0384518531303317
-0.3387000000000001,0.0403900076111468
-0.3377,0.042582810125937606
-0.3367000000000001,0.04602055858460964
-0.3357,0.04794456595242609
-0.3347000000000001,0.050208104032210155
-0.3337,0.0519906402700401
-0.3327000000000001,0.05375902939487139
-0.3317,0.05697042404556502
-0.3307000000000001,0.05820122287644761
-0.3297,0.0598564350972897
-0.3287000000000001,0.06203509049908186
-0.3277,0.06418545167487671
-0.3267000000000001,0.06615190038168911
-0.3257,0.06837299712247723
-0.3247000000000001,0.07144292064318435
-0.3237,0.0733952222369981
-0.3227000000000001,0.07540411228280645
-0.3217,0.07807791663955138
-0.3207000000000001,0.0804121902843287
-0.3197,0.08336893690104662
-0.3187000000000001,0.08608518259678749
-0.3177,0.0870188920546984
-0.3167000000000001,0.08802333707760258
-0.3157,0.08939560703847166
-0.3147000000000001,0.0925221190111734
-0.3137,0.09444612637898986
-0.3127000000000001,0.09812437575863896
-0.3117,0.09958152839749992
-0.3107000000000001,0.10110941660135417
-0.3097,0.10374077961910314
-0.3087000000000001,0.10549502163093578
-0.3077,0.1081405317616834
-0.3067000000000001,0.11077189477943236
-0.30569999999999997,0.11297884440722182
-0.3047000000000001,0.11473308641905447
-0.30369999999999997,0.11699662449883853
-0.3027000000000001,0.11866598383267928
-0.30169999999999997,0.11988263555056322
-0.3007000000000001,0.1219622611613648
-0.29969999999999997,0.12392870986817722
-0.2987000000000001,0.1269844862758857
-0.29769999999999996,0.1294319368246522
-0.2967000000000001,0.13165303356544034
-0.29569999999999996,0.133973160097219
-0.2947000000000001,0.13602449148202328
-0.29369999999999996,0.13810411709282489
-0.29270000000000007,0.14065059743258196
-0.29169999999999996,0.1423199567664227
-0.29070000000000007,0.14514937936615277
-0.28969999999999996,0.1501008689156804
-0.28870000000000007,0.15193999360550495
-0.28769999999999996,0.15392058942531597
-0.28670000000000007,0.1551938295951945
-0.28569999999999995,0.1574573676749786
-0.28470000000000006,0.15986237688474914
-0.28369999999999995,0.1615600304445872
-0.28270000000000006,0.16325768400442522
-0.28169999999999995,0.16608710660415532
-0.28070000000000006,0.16750181790402036
-0.27969999999999995,0.1689165292038854
-0.27870000000000006,0.17033124050375043
-0.27769999999999995,0.173019191973494
-0.27670000000000006,0.17485831666331855
-0.27569999999999995,0.1766974413531431
-0.27470000000000006,0.17924392169290015
-0.27369999999999994,0.18235628655260325
-0.27270000000000005,0.1849027668923603
-0.27169999999999994,0.18787366062207686
-0.27070000000000005,0.19042014096183393
-0.26969999999999994,0.19112749661176645
-0.26870000000000005,0.1931080924315775
-0.26769999999999994,0.19593751503130757
-0.26670000000000005,0.19862546650105112
-0.26569999999999994,0.2011719468408082
-0.26470000000000005,0.2081040322101469
-0.26369999999999993,0.20499166735044383
-0.26270000000000004,0.2073966765602144
-0.26169999999999993,0.21093345480987696
-0.26070000000000004,0.21291405062968802
-0.25969999999999993,0.21659230000933713
-0.25870000000000004,0.22154378955886472
-0.25769999999999993,0.22182673181883775
-0.25670000000000004,0.22267555859875673
-0.2556999999999999,0.2245146832885813
-0.25470000000000004,0.22748557701829786
-0.2536999999999999,0.23017352848804143
-0.25270000000000004,0.231729710917893
-0.2516999999999999,0.23342736447773108
-0.25070000000000003,0.23512501803756908
-0.24969999999999992,0.2392276808071777
-0.24870000000000003,0.2423400456668808
-0.24769999999999992,0.24587682391654336
-0.24670000000000003,0.25040390007611146
-0.24569999999999992,0.251111255726044
-0.24470000000000003,0.2512527268560305
-0.24369999999999992,0.2535162649358146
-0.24270000000000003,0.25662862979551765
-0.24169999999999991,0.2583262833553557
-0.24070000000000003,0.26129717708507233
-0.2396999999999999,0.26356071516485635
-0.23870000000000002,0.2662486666345999
-0.2376999999999999,0.2692195603643165
-0.23670000000000002,0.27176604070407356
-0.23570000000000013,0.27487840556377663
-0.23470000000000002,0.2762931168636417
-0.23370000000000013,0.27586870347368214
-0.23270000000000002,0.2772834147735472
-0.23170000000000013,0.2806787218932233
-0.23070000000000002,0.28322520223298037
-0.22970000000000013,0.2843569712728724
-0.22870000000000001,0.2874693361325754
-0.22770000000000012,0.2894499319523865
-0.2267,0.29100611438223806
-0.22570000000000012,0.29256229681208956
-0.2247,0.29652348845171167
-0.22370000000000012,0.3011920357412663
-0.2227,0.30373851608102337
-0.22170000000000012,0.30727529433068596
-0.2207,0.3119438416202406
-0.21970000000000012,0.310670601450362
-0.2187,0.3136414951800786
-0.21770000000000012,0.3173197445597277
-0.2167,0.3204321094194308
-0.2157000000000001,0.32382741653910685
-0.2147,0.3260909546188909
-0.2137000000000001,0.32821302156868853
-0.2127,0.3310424441684186
-0.2117000000000001,0.3342962801581082
-0.2107,0.3348621646780542
-0.2097000000000001,0.3378330584077708
-0.2087,0.34122836552744684
-0.2077000000000001,0.3408039521374874
-0.2067,0.3429260190872849
-0.2057000000000001,0.3467457395969205
-0.2047,0.3499995755866101
-0.2037000000000001,0.35297046931632664
-0.2027,0.3542437094862052
-0.2017000000000001,0.35565842078607024
-0.2007,0.36075138146558433
-0.1997000000000001,0.36273197728539536
-0.1987,0.3645711019752199
-0.1977000000000001,0.3661272844050715
-0.19669999999999999,0.36966406265473406
-0.1957000000000001,0.37192760073451814
-0.19469999999999998,0.37433260994428874
-0.1937000000000001,0.3787182149738703
-0.19269999999999998,0.38013292627373535
-0.1917000000000001,0.3825379354835059
-0.1907000000000001,0.38494294469327645
-0.1897000000000002,0.38862119407292556
-0.1887000000000001,0.3932897413624802
-0.1877000000000002,0.39555327944226426
-0.1867000000000001,0.39611916396221025
-0.1857000000000002,0.39965594221187284
-0.1847000000000001,0.40290977820156243
-0.1837000000000002,0.4037586049814815
-0.18270000000000008,0.4071539121011576
-0.1817000000000002,0.4088515656609956
-0.18070000000000008,0.4115395171307392
-0.1797000000000002,0.41422746860048276
-0.17870000000000008,0.4176227757201588
-0.1777000000000002,0.4221498518797269
-0.17670000000000008,0.42299867865964597
-0.1757000000000002,0.4266769280392951
-0.17470000000000008,0.42894046611907916
-0.1737000000000002,0.43318460001867426
-0.17270000000000008,0.4343163690585663
-0.17170000000000019,0.43813608956820194
-0.17070000000000007,0.442097281207824
-0.16970000000000018,0.44605847284744604
-0.16870000000000007,0.45030260674704115
-0.16770000000000018,0.4520002603068792
-0.16670000000000007,0.45256614482682517
-0.16570000000000018,0.4558199808165148
-0.16470000000000007,0.45963970132615045
-0.16370000000000018,0.46459119087567796
-0.16270000000000007,0.4667132578254756
-0.16170000000000018,0.4692597381652327
-0.16070000000000007,0.4720891607649627
-0.15970000000000018,0.47095739172507073
-0.15870000000000006,0.47322092980485475
-0.15770000000000017,0.4760503524045848
-0.15670000000000006,0.47859683274434195
-0.15570000000000017,0.48354832229386957
-0.15470000000000006,0.4848215624637481
-0.15370000000000017,0.4896315808832892
-0.15270000000000006,0.49104629218315415
-0.15170000000000017,0.4911877633131407
-0.15070000000000006,0.4920365900930598
-0.14970000000000017,0.4943001281728438
-0.14870000000000005,0.4985442620724389
-0.14770000000000016,0.5006663290222364
-0.14670000000000005,0.5034957516219666
-0.14570000000000016,0.5034957516219666
-0.14470000000000005,0.5059007608317371
-0.14370000000000016,0.5084472411714941
-0.14270000000000005,0.5114181349012108
-0.14170000000000016,0.5122669616811297
-0.14070000000000005,0.5166525667107114
-0.13970000000000016,0.5191990470504685
-0.13870000000000005,0.5241505365999961
-0.13770000000000016,0.5292434972795103
-0.13670000000000004,0.5330632177891458
-0.13570000000000015,0.5324973332691998
-0.13470000000000004,0.5347608713489839
-0.13370000000000015,0.5382976495986466
-0.13270000000000004,0.5402782454184575
-0.13170000000000015,0.5433906102781606
-0.13070000000000004,0.5484835709576747
-0.12970000000000015,0.5513129935574048
-0.12870000000000004,0.5500397533875263
-0.12770000000000015,0.5523032914673103
-0.12670000000000003,0.5561230119769459
-0.12570000000000014,0.5585280211867165
-0.12470000000000003,0.5613574437864466
-0.12370000000000014,0.5607915592665006
-0.12270000000000003,0.5622062705663656
-0.12170000000000014,0.5665918755959471
-0.12070000000000003,0.5706945383655557
-0.11970000000000014,0.5715433651454748
-0.11870000000000003,0.5759289701750565
-0.11770000000000014,0.5770607392149485
-0.11670000000000003,0.576070441305043
-0.11570000000000014,0.5821536998944625
-0.11470000000000002,0.5841342957142737
-0.11370000000000013,0.5861148915340847
-0.11270000000000002,0.5902175543036933
-0.11170000000000013,0.5929055057734368
-0.11070000000000024,0.5940372748133289
-0.10970000000000013,0.5987058221028836
-0.10870000000000024,0.6006864179226945
-0.10770000000000013,0.6040817250423707
-0.10670000000000024,0.6077599744220198
-0.10570000000000013,0.6100235125018038
-0.10470000000000024,0.6100235125018038
-0.10370000000000013,0.6139847041414259
-0.10270000000000024,0.6192191359509266
-0.10170000000000012,0.6196435493408861
-0.10070000000000023,0.620775318380778
-0.09970000000000012,0.621341202900724
-0.09870000000000023,0.6245950388904137
-0.09770000000000012,0.6248779811503866
-0.09670000000000023,0.6255853368003192
-0.09570000000000012,0.6295465284399413
-0.09470000000000023,0.6319515376497118
-0.09370000000000012,0.635346844769388
-0.09270000000000023,0.6380347962391315
-0.09170000000000011,0.6427033435286861
-0.09070000000000022,0.6448254104784837
-0.08970000000000011,0.6446839393484972
-0.08870000000000022,0.6473718908182408
-0.08770000000000011,0.6480792464681732
-0.08670000000000022,0.6489280732480923
-0.08570000000000011,0.6517574958478223
-0.08470000000000022,0.6544454473175659
-0.08370000000000011,0.6547283895775389
-0.08270000000000022,0.6568504565273365
-0.0817000000000001,0.6613775326869047
-0.08070000000000022,0.6629337151167561
-0.0797000000000001,0.6610945904269316
-0.07870000000000021,0.6647728398065808
-0.0777000000000001,0.6639240130266617
-0.07670000000000021,0.6630751862467427
-0.0757000000000001,0.6634995996367021
-0.07470000000000021,0.6704316850060409
-0.0737000000000001,0.671846396305906
-0.07270000000000021,0.673544049865744
-0.0717000000000001,0.6707146272660139
-0.07070000000000021,0.6715634540459329
-0.0697000000000001,0.6817493754049612
-0.0687000000000002,0.6765149435954606
-0.0677000000000001,0.6775052415053661
-0.0667000000000002,0.6809005486250422
-0.06570000000000009,0.6855690959145968
-0.0647000000000002,0.6833055578348128
-0.06370000000000009,0.6838714423547588
-0.0627000000000002,0.6865593938245023
-0.06170000000000009,0.6872667494744349
-0.0607000000000002,0.691227941114057
-0.059700000000000086,0.6900961720741648
-0.058700000000000196,0.6953306038836656
-0.057700000000000085,0.692925594673895
-0.056700000000000195,0.6910864699840705
-0.05570000000000008,0.691793825634003
-0.05470000000000019,0.6947647193637195
-0.05370000000000008,0.6950476616236926
-0.05270000000000019,0.6967453151835306
-0.05170000000000008,0.7022626892530042
-0.05070000000000019,0.6992917955232877
-0.04970000000000008,0.7016968047330582
-0.04870000000000019,0.7059409386326533
-0.047700000000000076,0.7041018139428288
-0.046700000000000186,0.713155966261965
-0.045700000000000074,0.711175370442154
-0.044700000000000184,0.7053750541127073
-0.04370000000000007,0.7077800633224779
-0.04270000000000018,0.7089118323623699
-0.04170000000000007,0.710326543662235
-0.04070000000000018,0.7127315528720055
-0.03970000000000007,0.7149950909517896
-0.03870000000000018,0.7168342156416141
-0.03770000000000007,0.7148536198218031
-0.03670000000000018,0.7179659846815062
-0.035700000000000065,0.715985388861695
-0.034700000000000175,0.713438908521938
-0.03370000000000006,0.7083459478424239
-0.03270000000000017,0.7124486106120325
-0.03170000000000006,0.717683042421533
-0.03070000000000017,0.7196636382413442
-0.02970000000000006,0.7138633219118975
-0.02870000000000017,0.7155609754717356
-0.027700000000000058,0.7196636382413442
-0.026700000000000168,0.7164098022516546
-0.025700000000000056,0.7162683311216681
-0.024700000000000166,0.7162683311216681
-0.023700000000000054,0.7144292064318436
-0.022700000000000164,0.7093362457523293
-0.021700000000000053,0.7087703612323834
-0.020700000000000163,0.710609485922208
-0.01970000000000005,0.7121656683520595
-0.01870000000000016,0.7130144951319785
-0.01770000000000005,0.7174001001615601
-0.01670000000000016,0.7157024466017221
-0.015700000000000047,0.7196636382413442
-0.014700000000000157,0.7148536198218031
-0.013700000000000045,0.710609485922208
-0.012700000000000156,0.7128730240019919
-0.011700000000000044,0.714004793041884
-0.010700000000000154,0.7164098022516546
-0.009700000000000042,0.7207954072812361
-0.008700000000000152,0.7186733403314387
-0.00770000000000004,0.7151365620817761
-0.00670000000000015,0.713438908521938
-0.005700000000000038,0.7209368784112227
-0.0047000000000001485,0.7193806959813712
-0.0037000000000000366,0.717683042421533
-0.0027000000000001467,0.7220686474511148
-0.0017000000000000348,0.7253224834408043
-0.000700000000000145,0.7243321855308987
0.00029999999999996696,0.7216442340611552
0.0012999999999998568,0.7182489269414791
0.0022999999999999687,0.716551273381641
0.0032999999999998586,0.7251810123108178
0.0042999999999999705,0.7251810123108178
0.00529999999999986,0.7186733403314387
0.006299999999999972,0.7226345319710608
0.007299999999999862,0.7210783495412092
0.008299999999999974,0.7198051093713307
0.009299999999999864,0.7181074558114927
0.010299999999999976,0.7185318692014522
0.011299999999999866,0.7250395411808312
0.012299999999999978,0.729991030730359
0.013299999999999867,0.6968867863135171
0.012299999999999978,0.6579822255672285
0.011299999999999866,0.6312441819997794
0.010299999999999976,0.6087502723319252
0.009299999999999864,0.5930469769034233
0.008299999999999974,0.5691383559357043
0.007299999999999862,0.5486250420876613
0.006299999999999972,0.5305167374493888
0.00529999999999986,0.5150963842808599
0.0042999999999999705,0.5012322135421824
0.0032999999999998586,0.4859533315036401
0.0022999999999999687,0.4706744494650977
0.0012999999999998568,0.4528490870867982
0.00029999999999996696,0.443794934767662
-0.000700000000000145,0.4310625330688767
-0.0017000000000000348,0.41804718911011834
-0.0027000000000001467,0.40503184515136
-0.0037000000000000366,0.39583622170223726
-0.0047000000000001485,0.38466000243330345
-0.005700000000000038,0.3753229078541942
-0.00670000000000015,0.365702871015112
-0.00770000000000004,0.35466812287616467
-0.008700000000000152,0.3434919036072309
-0.009700000000000042,0.3348621646780542
-0.010700000000000154,0.32708125252879644
-0.011700000000000044,0.31802710020966024
-0.012700000000000156,0.31406590857003813
-0.013700000000000045,0.3055776407708479
-0.014700000000000157,0.3013335068712528
-0.015700000000000047,0.2918549411621571
-0.01670000000000016,0.28506432692280487
-0.01770000000000005,0.2779907704234797
-0.01870000000000016,0.26851220471438403
-0.01970000000000005,0.2615801193450453
-0.020700000000000163,0.2554968607556256
-0.021700000000000053,0.24884771764625993
-0.022700000000000164,0.24219857453689428
-0.023700000000000054,0.2359738448174881
-0.024700000000000166,0.23059794187800098
-0.025700000000000056,0.22380732763864883
-0.026700000000000168,0.21885583808912115
-0.027700000000000058,0.21319699288966104
-0.02870000000000017,0.2076796188201874
-0.02970000000000006,0.20301107153063278
-0.03070000000000017,0.19820105311109162
-0.03170000000000006,0.18886395853198237
-0.03270000000000017,0.18221481542261672
-0.03370000000000006,0.1782536237829946
-0.034700000000000175,0.17499978779330505
-0.035700000000000065,0.1658041643441823
-0.03670000000000018,0.1622673860945197
-0.03770000000000007,0.15759883880496509
-0.03870000000000018,0.15179852247551845
-0.03970000000000007,0.14698850405597733
-0.04070000000000018,0.14444202371622025
-0.04170000000000007,0.13951882839268992
-0.04270000000000018,0.1346805157471515
-0.04370000000000007,0.1304080876215591
-0.044700000000000184,0.12617810083496261
-0.045700000000000074,0.12071731521748358
-0.046700000000000186,0.11684100625585338
-0.047700000000000076,0.11279493193823936
-0.04870000000000019,0.10862153360363752
-0.04970000000000008,0.10566478698691958
-0.05070000000000019,0.10205727317226375
-0.05170000000000008,0.09704919517074152
-0.05270000000000019,0.09412074278002087
-0.05370000000000008,0.08942390126446896
-0.05470000000000019,0.08583053456281178
-0.05570000000000008,0.08165713622820991
-0.056700000000000195,0.07812035797854733
-0.057700000000000085,0.07445625571189689
-0.058700000000000196,0.07140047930418841
-0.059700000000000086,0.06782125971552985
-0.0607000000000002,0.06509086690679033
-0.06170000000000009,0.06127114639715474
-0.0627000000000002,0.05811634019845571
-0.06370000000000009,0.05504641667774857
-0.0647000000000002,0.05107107792512782
-0.06570000000000009,0.0484538620203775
-0.0667000000000002,0.04599226435861234
-0.0677000000000001,0.043191135984879565
-0.0687000000000002,0.040998333470088764
-0.0697000000000001,0.03790011572338433
-0.07070000000000021,0.03524045847963807
-0.0717000000000001,0.031887592698957926
-0.07270000000000021,0.02860546248327104
-0.0737000000000001,0.02554968607556256
-0.07470000000000021,0.022833440379821688
-0.0757000000000001,0.019438133260145606
-0.07670000000000021,0.016339915513441175
-0.0777000000000001,0.01354161656230813
-0.07870000000000021,0.010498572556298437
-0.0797000000000001,0.007819109354354058
-0.08070000000000022,0.005906419676936528
-0.0817000000000001,0.003115194282302811
-0.08270000000000022,0.00019820105311109162
-0.08370000000000011,-0.002662486666345999
-0.08470000000000022,-0.005133987307210219
-0.08570000000000011,-0.007464016818087934
-0.08670000000000022,-0.010060012053340275
-0.08770000000000011,-0.012279694082828519
-0.08870000000000022,-0.014415908145624722
-0.08970000000000011,-0.017004829824377742
-0.09070000000000022,-0.0191551910001726
-0.09170000000000011,-0.0212348166109742
-0.09270000000000023,-0.023583237368750162
-0.09370000000000012,-0.025507244736566608
-0.09470000000000023,-0.027176604070407354
-0.09570000000000012,-0.029652348845171168
-0.09670000000000023,-0.032425182992906636
-0.09770000000000012,-0.03494336910666641
-0.09870000000000023,-0.036923964926477454
-0.09970000000000012,-0.039909005769192686
-0.10070000000000023,-0.042200838074974045
-0.10170000000000012,-0.044266316572777
-0.10270000000000024,-0.046062999923605595
-0.10370000000000013,-0.048538744698369406
-0.10470000000000024,-0.050731547213160214
-0.10570000000000013,-0.052896055501953726
-0.10670000000000024,-0.05493323977375937
-0.10770000000000013,-0.05697042404556502
-0.10870000000000024,-0.059403727481332894
-0.10970000000000013,-0.061087233928172294
-0.11070000000000024,-0.06363371426792935
-0.11170000000000013,-0.06557186874874445
-0.11270000000000002,-0.06790614239352176
-0.11370000000000013,-0.06990088532633146
-0.11470000000000002,-0.0715985388861695
-0.11570000000000014,-0.07335278089800215
-0.11670000000000003,-0.07546070073480106
-0.11770000000000014,-0.077526179232604
-0.11870000000000003,-0.079549216391411
-0.11970000000000014,-0.08140248819423422
-0.12070000000000003,-0.08336893690104662
-0.12170000000000014,-0.08503829623488735
-0.12270000000000003,-0.08713206895868761
-0.12370000000000014,-0.08940975415147032
-0.12470000000000003,-0.09102252503331647
-0.12570000000000014,-0.0929465324011329
-0.12670000000000003,-0.09542227717589671
-0.12770000000000015,-0.09741702010870643
-0.12870000000000004,-0.09931273325052556
-0.12970000000000015,-0.10154797710431233
-0.13070000000000004,-0.10372663250610449
-0.13170000000000015,-0.10608920037687909
-0.13270000000000004,-0.10753220590274143
-0.13370000000000015,-0.10887618163761323
-0.13470000000000004,-0.10965427285253901
-0.13570000000000015,-0.11106898415240402
-0.13670000000000004,-0.11292225595522724
-0.13770000000000016,-0.11517164692201265
-0.13870000000000005,-0.11691174182084664
-0.13970000000000016,-0.11856695404168872
-0.14070000000000005,-0.12083049212147279
-0.14170000000000016,-0.12206129095235536
-0.14270000000000005,-0.1239004156421799
-0.14370000000000016,-0.1259941883659802
-0.14470000000000005,-0.12750792945683576
-0.14570000000000016,-0.1290924061126846
-0.14670000000000005,-0.13110129615849295
-0.14770000000000016,-0.1324877132323607
-0.14870000000000005,-0.1339590129842203
-0.14970000000000017,-0.13622255106400438
-0.15070000000000006,-0.1381324113188222
-0.15170000000000017,-0.1399008004436535
-0.15270000000000006,-0.1423199567664227
-0.15370000000000017,-0.1437346680662877
-0.15470000000000006,-0.14472496597619325
-0.15570000000000017,-0.14613967727605828
-0.15670000000000006,-0.14797880196588284
-0.15770000000000017,-0.1502423400456669
-0.15870000000000006,-0.15250587812545094
-0.15970000000000018,-0.15392058942531597
-0.16070000000000007,-0.15632559863508652
-0.16170000000000018,-0.15802325219492458
-0.16270000000000007,-0.1588720789748436
-0.16370000000000018,-0.16042826140469515
-0.16470000000000007,-0.1622673860945197
-0.16570000000000018,-0.16410651078434427
-0.16670000000000007,-0.1659456354741688
-0.16770000000000018,-0.16707740451406086
-0.16870000000000007,-0.16905800033387192
-0.16970000000000018,-0.17146300954364244
-0.17070000000000007,-0.172736249713521
-0.17170000000000019,-0.17415096101338604
-0.17270000000000008,-0.1768389124831296
-0.1737000000000002,-0.17867803717295414
-0.17470000000000008,-0.17966833508285968
-0.1757000000000002,-0.18150745977268423
-0.17670000000000008,-0.18292217107254924
-0.1777000000000002,-0.18405394011244128
-0.17870000000000008,-0.1844783535024008
-0.1797000000000002,-0.1857515936722793
-0.18070000000000008,-0.18985425644188791
-0.1817000000000002,-0.192117794521672
-0.18270000000000008,-0.1933910346915505
-0.1837000000000002,-0.19282515017160448
-0.1847000000000001,-0.19466427486142904
-0.1857000000000002,-0.19565457277133455
-0.1867000000000001,-0.19805958198110513
-0.1877000000000002,-0.19947429328097016
-0.1887000000000001,-0.20131341797079472
-0.1897000000000002,-0.20244518701068673
-0.1907000000000001,-0.2040013694405383
-0.1917000000000001,-0.20527460961041682
-0.19269999999999998,-0.2066893209102819
-0.1937000000000001,-0.20852844560010642
-0.19469999999999998,-0.21107492593986346
-0.1957000000000001,-0.21220669497975553
-0.19669999999999999,-0.21291405062968802
-0.1977000000000001,-0.2156020020994316
-0.1987,-0.21687524226931013
-0.1997000000000001,-0.2189973092191077
-0.2007,-0.2199876071290132
-0.2017000000000001,-0.22111937616890526
-0.2027,-0.22380732763864883
-0.2037000000000001,-0.22564645232847336
-0.2047,-0.2293247017081224
-0.2057000000000001,-0.2313052975279335
-0.2067,-0.23314442221775805
-0.2077000000000001,-0.23484207577759608
-0.2087,-0.2354079602975421
-0.2097000000000001,-0.23738855611735316
-0.2107,-0.2388032674172182
-0.2117000000000001,-0.24035944984706975
-0.2127,-0.24248151679686727
-0.2137000000000001,-0.2437547569667458
-0.2147,-0.24587682391654336
-0.2157000000000001,-0.2474330063463949
-0.2167,-0.24870624651627343
-0.21770000000000012,-0.25012095781613847
-0.2187,-0.250828313466071
-0.21970000000000012,-0.252525967025909
-0.2207,-0.25450656284572004
-0.22170000000000012,-0.25691157205549064
-0.2227,-0.2584677544853422
-0.22370000000000012,-0.2591751101352747
-0.2247,-0.26129717708507233
-0.22570000000000012,-0.2624289461249643
-0.2267,-0.26426807081478887
-0.22770000000000012,-0.2646924842047484
-0.22870000000000001,-0.2692195603643165
-0.22970000000000013,-0.270209858274222
-0.23070000000000002,-0.27204898296404656
-0.23170000000000013,-0.2737466365238846
-0.23270000000000002,-0.27473693443379016
-0.23370000000000013,-0.2736051653938981
-0.23470000000000002,-0.27303928087395213
-0.23570000000000013,-0.27459546330380363
-0.23670000000000002,-0.2764345879936282
-0.2376999999999999,-0.2781322415534663
-0.23870000000000002,-0.2796884239833177
-0.2396999999999999,-0.2815275486731423
-0.24070000000000003,-0.28251784658304785
-0.24169999999999991,-0.28478138466283187
-0.24270000000000003,-0.2874693361325754
-0.24369999999999992,-0.289025518562427
-0.24470000000000003,-0.29100611438223806
-0.24569999999999992,-0.29256229681208956
-0.24670000000000003,-0.2941184792419411
-0.24769999999999992,-0.2960990750617522
-0.24870000000000003,-0.29878702653149575
-0.24969999999999992,-0.2996358533114148
-0.25070000000000003,-0.30034320896134725
-0.2516999999999999,-0.3021823336511718
-0.25270000000000004,-0.3041629294709829
-0.2536999999999999,-0.30656793868075344
-0.25470000000000004,-0.3076997077206455
-0.2556999999999999,-0.3071338232006995
-0.25670000000000004,-0.30826559224059147
-0.25769999999999993,-0.31265119727017304
-0.25870000000000004,-0.3166123889097952
-0.25969999999999993,-0.3176026868197007
-0.26070000000000004,-0.31901739811956575
-0.26169999999999993,-0.3218468207192958
-0.26270000000000004,-0.3231200608891744
-0.26369999999999993,-0.3239688876690934
-0.26470000000000005,-0.3252421278389719
-0.26569999999999994,-0.328354492698675
-0.26670000000000005,-0.3296277328685535
-0.26769999999999994,-0.3318912709483376
-0.26870000000000005,-0.33316451111821616
-0.26969999999999994,-0.3318912709483376
-0.27070000000000005,-0.3344377512880947
-0.27169999999999994,-0.33712570275783826
-0.27270000000000005,-0.34009659648755486
-0.27369999999999994,-0.3416527789174064
-0.27470000000000006,-0.3429260190872849
-0.27569999999999995,-0.34391631699719044
-0.27670000000000006,-0.3461798550769745
-0.27769999999999995,-0.3480189797667991
-0.27870000000000006,-0.3492922199366776
-0.27969999999999995,-0.35014104671659657
-0.28070000000000006,-0.3522631136663941
-0.28169999999999995,-0.3541022383562187
-0.28270000000000006,-0.3541022383562187
-0.28369999999999995,-0.36060991033559786
-0.28470000000000006,-0.3649955153651795
-0.28569999999999995,-0.3658443421450985
-0.28670000000000007,-0.3692396492647746
-0.28769999999999996,-0.3695225915247476
-0.28870000000000007,-0.36994700491470706
-0.28969999999999996,-0.37107877395459915
-0.29070000000000007,-0.37136171621457215
-0.29169999999999996,-0.3723520141244776
-0.29270000000000007,-0.37461555220426174
-0.29369999999999996,-0.37631320576409977
-0.2947000000000001,-0.37659614802407276
-0.29569999999999996,-0.37772791706396475
-0.2967000000000001,-0.3812646953136274
-0.29769999999999996,-0.3818305798335734
-0.2987000000000001,-0.38409411791335746
-0.29969999999999997,-0.38437706017333045
-0.3007000000000001,-0.38522588695324944
-0.30169999999999997,-0.38763089616302
-0.3027000000000001,-0.38947002085284455
-0.30369999999999997,-0.3897529631128176
-0.3047000000000001,-0.3903188476327636
-0.30569999999999997,-0.3939970970124127
-0.3067000000000001,-0.39611916396221025
-0.3077,-0.3979582886520348
-0.3087000000000001,-0.39809975978202133
-0.3097,-0.4013535957717109
-0.3107000000000001,-0.4034756627215085
-0.3117,-0.4037586049814815
-0.3127000000000001,-0.40687096984118454
-0.3137,-0.40970039244091466
-0.3147000000000001,-0.4106906903508202
-0.3157,-0.4109736326107932
-0.3167000000000001,-0.4156421799003478
-0.3177,-0.4163495355502803
-0.3187000000000001,-0.41818866024010487
-0.3197,-0.4188960158900374
-0.3207000000000001,-0.42115955396982147
-0.3217,-0.42073514057986194
-0.3227000000000001,-0.42130102509980794
-0.3237,-0.4218669096197539
-0.3247000000000001,-0.423564563179592
-0.3257,-0.42526221673943004
-0.3267000000000001,-0.42724281255924107
-0.3277,-0.4265354569093086
-0.3287000000000001,-0.4265354569093086
-0.3297,-0.42780869707918706
-0.3307000000000001,-0.4313454753288497
-0.3317,-0.4320528309787822
-0.3327000000000001,-0.43474078244852576
-0.3337,-0.4350237247084988
-0.3347000000000001,-0.43375048453862025
-0.3357,-0.4371457916582963
-0.3367000000000001,-0.4391263874781074
-0.3377,-0.4392678586080939
-0.3387000000000001,-0.4384190318281749
-0.3397,-0.44096551216793195
-0.3407000000000001,-0.44450229041759454
-0.3417,-0.447190241887338
-0.3427000000000001,-0.44747318414731113
-0.3437,-0.4494537799671222
-0.3447000000000001,-0.4528490870867982
-0.3457,-0.4528490870867982
-0.3467000000000001,-0.4544052695166497
-0.3477,-0.4549711540365957
-0.3487000000000001,-0.45553703855654176
-0.3497,-0.45765910550633937
-0.3507000000000001,-0.45511262516658224
-0.3517,-0.4563858653364608
-0.3527000000000001,-0.4600641147161099
-0.3537,-0.4641667774857185
-0.3547000000000001,-0.46331795070579956
-0.3557,-0.4678450268653676
-0.35670000000000013,-0.46444971974569155
-0.3577,-0.46685472895546215
-0.35870000000000013,-0.4672791423454216
-0.3597,-0.47223063189494924
-0.36070000000000013,-0.4692597381652327
-0.3617,-0.47124033398504367
-0.3626999999999999,-0.47548446788463883
-0.3637,-0.47435269884474673
-0.3646999999999999,-0.47435269884474673
-0.3657,-0.47548446788463883
-0.3666999999999999,-0.4770406503144904
-0.3677,-0.47520152562466583
-0.3686999999999999,-0.4776065348344364
-0.36970000000000003,-0.4787383038743284
-0.3706999999999999,-0.47817241935438237
-0.37170000000000003,-0.4804359574341665
-0.3726999999999999,-0.48284096664393705
-0.37370000000000003,-0.48439714907378856
-0.3746999999999999,-0.4875095139334916
-0.37570000000000003,-0.4896315808832892
-0.3766999999999999,-0.49401718591287075
-0.37770000000000004,-0.4943001281728438
-0.3786999999999999,-0.4935927725229112
-0.37970000000000004,-0.4950074838227763
-0.3806999999999999,-0.4992516177223714
-0.38170000000000004,-0.4993930888523579
-0.38269999999999993,-0.502505453712061
-0.38370000000000004,-0.5027883959720341
-0.38469999999999993,-0.503920165011926
-0.38570000000000004,-0.5081642989115212
-0.38669999999999993,-0.5097204813413726
-0.38770000000000004,-0.5105693081212918
-0.38869999999999993,-0.5087301834314671
-0.38970000000000005,-0.5119840194211568
-0.39069999999999994,-0.5107107792512783
-0.39170000000000005,-0.5133987307210217
-0.39269999999999994,-0.5169355089706844
-0.39370000000000005,-0.5240090654700096
-0.39469999999999994,-0.5238675943400232
-0.39570000000000005,-0.5211796428702795
-0.39669999999999994,-0.5241505365999961
-0.39770000000000005,-0.5268384880697398
-0.39869999999999994,-0.5302337951894158
-0.39970000000000006,-0.5255652478998613
-0.40069999999999995,-0.5272629014596992
-0.40170000000000006,-0.5295264395394833
-0.40269999999999995,-0.5300923240594293
-0.40370000000000006,-0.5320729198792403
-0.40469999999999995,-0.5344779290890109
-0.40570000000000006,-0.5349023424789704
-0.40669999999999995,-0.5394294186385385
-0.40770000000000006,-0.5424003123682551
-0.40869999999999995,-0.5411270721983766
-0.40970000000000006,-0.5424003123682551
-0.41069999999999995,-0.5453712060979717
-0.41170000000000007,-0.5486250420876613
-0.41269999999999996,-0.5493323977375938
-0.41370000000000007,-0.5513129935574048
-0.41469999999999996,-0.553293589377216
-0.41570000000000007,-0.557820665536784
-0.41669999999999996,-0.5614989149164331
-0.41770000000000007,-0.562913626216298
-0.41869999999999996,-0.5684310002857718
-0.4197000000000001,-0.5687139425457448
-0.42069999999999996,-0.5639039241262036
-0.4217000000000001,-0.5654601065560552
-0.42269999999999996,-0.5633380396062576
-0.4237000000000001,-0.5667333467259337
-0.42469999999999997,-0.5697042404556503
-0.4257000000000001,-0.5692798270656908
-0.42669999999999997,-0.5732410187053129
-0.4277000000000001,-0.5773436814749214
-0.42869999999999997,-0.5808804597245841
-0.4297000000000001,-0.5818707576344896
-0.43069999999999997,-0.5820122287644761
-0.4317000000000001,-0.5830025266743816
-0.4327,-0.5839928245842871
-0.4337000000000001,-0.5832854689343547
-0.4347,-0.5899346120437202
-0.4357000000000001,-0.5965837551530859
-0.4367,-0.597432581933005
-0.4377000000000001,-0.5964422840230995
-0.4387,-0.5988472932328701
-0.4397000000000001,-0.6009693601826676
-0.4407,-0.6062037919921682
-0.4417000000000001,-0.6081843878119793
-0.4427,-0.6059208497321952
-0.4437000000000001,-0.6087502723319252
-0.4447,-0.6097405702418307
-0.4457000000000001,-0.6101649836317904
-0.4467,-0.6115796949316553
-0.4477000000000001,-0.6155408865712775
-0.4487,-0.6234632698505217
-0.4497000000000001,-0.6270000481001843
-0.4507,-0.6275659326201303
-0.4517000000000001,-0.6262926924502518
-0.4527,-0.6301124129598873
-0.4537000000000001,-0.6346394891194554
-0.4547,-0.638742151889064
-0.4557000000000001,-0.6422789301387266
-0.4567,-0.6422789301387266
-0.4577000000000001,-0.6514745535878493
-0.4587,-0.6544454473175659
-0.4597000000000001,-0.6576992833072556
-0.4607,-0.657274869917296
-0.4617000000000001,-0.6622263594668236
-0.4627,-0.6619434172068507
-0.4637000000000001,-0.6661875511064458
-0.4647,-0.6714219829159465
-0.4657000000000001,-0.6796273084551637
-0.4667,-0.678071126025312
-0.4677000000000001,-0.6797687795851503
-0.4687,-0.6834470289647994
-0.4697000000000001,-0.69151088337403
-0.4707,-0.6950476616236926
-0.4717000000000001,-0.7029700449029368
-0.4727,-0.7031115160329233
-0.4737000000000001,-0.7174001001615601
-0.4747,-0.7028285737729503
-0.4757000000000001,-0.7097606591422889
-0.4767,-0.7162683311216681
-0.4777000000000001,-0.7168342156416141
-0.4787,-0.7200880516313036
-0.4797000000000001,-0.7178245135515195
-0.4807,-0.7233418876209933
-0.48170000000000013,-0.7275860215205884
-0.4827,-0.7332448667200485
-0.48370000000000013,-0.7410257788693063
-0.4847,-0.7428649035591307
-0.48570000000000013,-0.7418746056492252
-0.4867,-0.7468260951987529
-0.4876999999999999,-0.7502214023184289
-0.4887,-0.7581437855976731
-0.4896999999999999,-0.7605487948074438
-0.4907,-0.7601243814174842
-0.4916999999999999,-0.7537581805680915
-0.4927,-0.7650758709670118
-0.4936999999999999,-0.7687541203466609
-0.49470000000000003,-0.7727153119862831
-0.4956999999999999,-0.7787985705757027
-0.49670000000000003,-0.7862965404649873
-0.4976999999999999,-0.7867209538549468
-0.49870000000000003,-0.7988874710337862
-0.4996999999999999,-0.8024242492834487
-0.5007,-0.8010095379835837
-0.5016999999999999,-0.8066683831830439
-0.5027,-0.811761343862558
-0.5036999999999999,-0.8222302074815594
-0.5047,-0.8230790342614784
-0.5056999999999999,-0.8220887363515729
-0.5067,-0.8246352166913299
-0.5076999999999999,-0.8295867062408576
-0.5087,-0.8368017338701692
-0.5096999999999999,-0.8397726275998858
-0.5107,-0.8407629255097913
-0.5116999999999999,-0.8420361656796699
-0.5127,-0.8469876552291975
-0.5136999999999999,-0.84769501087913
-0.5147,-0.8564662209382933
-0.5156999999999999,-0.8643886042175374
-0.5167,-0.8650959598674699
-0.5176999999999999,-0.8747159967065521
-0.5187,-0.8816480820758908
-0.5196999999999999,-0.8880142829252835
-0.5207,-0.8938145992547302
-0.5216999999999999,-0.9006052134940823
-0.5227,-0.9071128854734616
-0.5236999999999999,-0.9076787699934075
-0.5247,-0.9110740771130835
-0.5257,-0.9219673541220444
-0.5267000000000001,-0.9330021022609917
-0.5277,-0.9420562545801279
-0.5287000000000001,-0.9484224554295205
-0.5297,-0.948563926559507
-0.5307000000000001,-0.9498371667293856
-0.5317,-0.9525251181991291
-0.5327000000000001,-0.96341839520809
-0.5337,-0.9724725475272262
-0.5347000000000001,-0.9744531433470374
-0.5357,-0.9847805358360522
-0.5367000000000001,-0.9944005726751344
-0.5377,-0.9948249860650937
-0.5387000000000001,-0.9970885241448778
-0.5397,-1.0002008890045808
-0.5407000000000001,-1.0118015216634741
-0.5417,-1.0142065308732449
-0.5427000000000001,-1.0280707016119222
-0.5437,-1.0318904221215577
-0.5447000000000001,-1.037266325061045
-0.5457,-1.0480181309400192
-0.5467000000000001,-1.056647869869196
-0.5477,-1.0640043686284941
-0.5487000000000001,-1.0740488188575361
-0.5497,-1.0806979619669015
-0.5507000000000001,-1.0928644791457407
-0.5517,-1.0955524306154845
-0.5527000000000001,-1.1012112758149446
-0.5537,-1.1058798231044993
-0.5547000000000001,-1.1208757628830686
-0.5557,-1.1326178666719484
-0.5567000000000001,-1.139549952041287
-0.5577,-1.1495944022703288
-0.5587000000000001,-1.1572338432895999
-0.5597,-1.1667124089986958
-0.5607000000000001,-1.1742103788879805
-0.5617,-1.1872257228467387
-0.5627000000000001,-1.1873671939767252
-0.5637,-1.1971287019457941
-0.5647000000000001,-1.2115587572044173
-0.5657,-1.215661419974026
-0.5667000000000001,-1.2316476576625008
-0.5677,-1.2408432811116237
-0.5687000000000001,-1.2474924242209893
-0.5697,-1.253009798290463
-0.5707000000000001,-1.2622054217395857
-0.5717,-1.2728157564885734
-0.5727000000000001,-1.2863969849672778
-0.5737,-1.292338772426711
-0.5747000000000001,-1.3021002803957797
-0.5757,-1.3120032594948348
-0.5767000000000001,-1.329970093003121
-0.5777,-1.3383168896723248
-0.5787000000000001,-1.345673388431623
-0.5797,-1.349068695551299
-0.5807000000000001,-1.366752586799612
-0.5817,-1.3677428847095177
-0.5827000000000001,-1.3814655843182082
-0.5837,-1.390944150027304
-0.5847000000000001,-1.4031106672061433
-0.5857,-1.421784856364362
-0.5867000000000001,-1.4302731241635522
-0.5877,-1.4458349484620676
-0.5887000000000001,-1.461396772760583
-0.5897,-1.4571526388609877
-0.5907000000000001,-1.4698850405597732
-0.5917,-1.4797880196588282
-0.5927000000000001,-1.499593977856939
-0.5937,-1.5137410908555893
-0.5947000000000001,-1.5293029151541047
-0.5957,-1.5377911829532949
-0.5967000000000001,-1.55052358465208
-0.5977,-1.5646706976507305
-0.5987000000000001,-1.5788178106493809
-0.5997,-1.6028679027470865
-0.6007000000000001,-1.6113561705462767
-0.6017,-1.6240885722450622
-0.6027000000000001,-1.6311621287443874
-0.6037,-1.6481386643427678
-0.6047000000000001,-1.6651151999411482
-0.6057,-1.6707740451406083
-0.6067000000000001,-1.6849211581392587
-0.6077,-1.7089712502369643
-0.6087000000000001,-1.7202889406358846
-0.6097,-1.734436053634535
-0.6107000000000001,-1.7400948988339953
-0.6117,-1.7457537440334552
-0.6126999999999999,-1.7641449909317006
-0.6137,-1.7839509491298113
-0.6146999999999999,-1.8009274847281918
-0.6157,-1.8094157525273817
-0.6166999999999999,-1.8292217107254924
-0.6177,-1.8405394011244125
-0.6186999999999999,-1.8631747819222533
-0.6197,-1.8858101627200938
-0.6206999999999999,-1.9042014096183393
-0.6217,-1.9282515017160449
-0.6226999999999999,-1.9551310164134805
-0.6237,-1.963619284212671
-0.6246999999999999,-1.9820105311109162
-0.6257,-2.001816489309027
-0.6266999999999999,-2.007475334508487
-0.6277,-2.0343548492059225
-0.6286999999999999,-2.0598196526034935
-0.6297,-2.0668932091028185
-0.6306999999999999,-2.082455033401334
-0.6317,-2.1065051254990395
-0.6326999999999999,-2.1347993514963406
-0.6337,-2.1475317531951257
-0.6346999999999999,-2.1687524226931014
-0.6357,-2.1984613599902674
-0.6366999999999999,-2.206949627789457
-0.6377,-2.226755585987568
-0.6386999999999999,-2.2451468328858133
-0.6397,-2.2592939458844636
-0.6406999999999999,-2.283344037982169
-0.6417,-2.307394130079875
-0.6426999999999999,-2.321541243078525
-0.6437,-2.351250180375691
-0.6446999999999999,-2.3682267159740715
-0.6457,-2.3908620967719116
-0.6466999999999999,-2.4234004566688077
-0.6477,-2.4403769922671885
-0.6486999999999999,-2.461597661765164
-0.6497,-2.4898918877624645
-0.6507,-2.50828313466071
-0.6517000000000001,-2.5280890928588207
-0.6527,-2.5648715866553116
-0.6537000000000001,-2.5804334109538267
-0.6547,-2.6058982143513973
-0.6557000000000001,-2.6384365742482934
-0.6567,-2.6539983985468085
-0.6577000000000001,-2.6837073358439745
-0.6587,-2.719075118340601
-0.6597000000000001,-2.7558576121370915
-0.6607,-2.778492992934932
-0.6617000000000001,-2.8082019302320975
-0.6627,-2.8152754867314234
-0.6637000000000001,-2.8393255788291283
-0.6647,-2.8718639387260247
-0.6657000000000001,-2.9029875873230555
-0.6667,-2.9284523907206257
-0.6677000000000001,-2.965234884517117
-0.6687,-3.0147497800123935
-0.6697000000000001,-3.034555738210504
-0.6707,-3.08407063370578
-0.6717000000000001,-3.1335855292010564
-0.6727,-3.1519767760993016
-0.6737000000000001,-3.123682550102001
-0.6747,-3.1491473534995715
-0.6757000000000001,-3.1802710020966023
-0.6767,-3.2227123410925533
-0.6777000000000001,-3.2552507009894494
-0.6787,-3.28354492698675
-0.6797000000000001,-3.2934479060858055
-0.6807,-3.3429628015810815
-0.6817000000000001,-3.3783305840777076
-0.6827,-3.412283655274469
-0.6837000000000001,-3.45472499427042
-0.6847,-3.4872633541673155
-0.6857000000000001,-3.532534115762996
-0.6867,-3.552340073961107
-0.6877000000000001,-3.6032696807562488
-0.6887,-3.6358080406531443
-0.6897000000000001,-3.678249379649095
-0.6907,-3.7249348525446417
-0.6917000000000001,-3.764546768940863
-0.6927,-3.8041586853370832
-0.6937000000000001,-3.8366970452339793
-0.6947,-3.8593324260318203
-0.6957000000000001,-3.9201650119260174
-0.6967,-3.9597769283222375
-0.6977000000000001,-3.999388844718459
-0.6987,-4.060221430612655
-0.6997000000000001,-4.08710094531009
-0.7007,-4.08710094531009
-0.7017000000000001,-4.140859974704963
-0.7027,-4.186130736300643
-0.7037000000000001,-4.234230920496055
-0.7047,-4.272428125592412
-0.7057000000000001,-4.302137062889576
-0.7067,-4.354481380984582
-0.7077000000000001,-4.40399627647986
-0.7087,-4.447852326775675
-0.7097000000000001,-4.542637983866633
-0.7107,-4.565273364664473
-0.7117000000000001,-4.610544126260154
-0.7127,-4.66288844435516
-0.7137000000000001,-4.7138180511503025
-0.7147,-4.783138904843689
-0.7157000000000001,-4.824165532539776
-0.7167,-4.890656963633432
-0.7177000000000001,-4.951489549527628
-0.7187,-5.015151558021555
-0.7197000000000001,-5.0335428049198
-0.7207,-5.097204813413727
-0.7217000000000001,-5.167940378406978
-0.7227,-5.220284696501986
-0.7237000000000001,-5.244334788599692
-0.7247,-5.309411508393483
-0.7257000000000001,-5.3702440942876795
-0.7267,-5.421173701082821
-0.7277000000000001,-5.491909266076072
-0.7287,-5.564059542369189
-0.7297000000000001,-5.643283375161632
-0.7307,-5.718263074054478
-0.7317000000000001,-5.773436814749215
-0.7327,-5.818707576344896
-0.7337000000000001,-5.851245936241792
-0.7347,-5.930469769034234
-0.7357000000000001,-6.036573116524112
-0.7367,-6.095990991118443
-0.7376999999999999,-6.186532514309805
-0.7387,-6.270000481001842
-0.7396999999999999,-6.3534684476938805
-0.7407,-6.415715744887942
-0.7416999999999999,-6.4864513098811925
-0.7427,-6.57274869917296
-0.7436999999999999,-6.639240130266617
-0.7447,-6.722708096958654
-0.7456999999999999,-6.797687795851501
-0.7467,-6.891058741642594
-0.7476999999999999,-6.987259110033416
-0.7487,-7.0891183236236985
-0.7496999999999999,-7.192392248513847
-0.7507,-7.251810123108179
-0.7516999999999999,-7.3649870270973805
-0.7527,-7.465431529387798
-0.7536999999999999,-7.561631897778621
-0.7547,-7.645099864470658
-0.7556999999999999,-7.742714944161346
-0.7567,-7.855891848150549
-0.7576999999999999,-7.9549216391411015
-0.7587,-8.099222191727335
-0.7596999999999999,-8.1855195810191
-0.7607,-8.31425830930682
-0.7616999999999999,-8.4203616567967
-0.7627,-8.519391447787251
-0.7636999999999999,-8.65944786647389
-0.7647,-8.766965925263634
-0.7656999999999999,-8.916925323049327
-0.7667,-9.027272804438798
-0.7676999999999999,-9.146108553627464
-0.7687,-9.328606311310052
-0.7696999999999999,-9.467248018696827
-0.7707,-9.622866261681981
-0.7716999999999999,-9.750190278669832
-0.7727,-9.881758429557282
-0.7736999999999999,-10.045864940341625
-0.7747,-10.180262513828804
-0.7757,-10.392469208808558
-0.7767000000000001,-10.541013895294387
-0.7777,-10.686729159180487
-0.7787000000000001,-10.900350565460107
-0.7797,-11.055968808445261
-0.7807000000000001,-11.238466566127851
-0.7817,-11.459161528906796
-0.7827000000000001,-11.658635822187769
-0.7837,-11.80576579737373
-0.7847000000000001,-11.992507688955916
-0.7857,-12.207543806535401
-0.7867000000000001,-12.337697246122985
-0.7857,-12.276864660228789
-0.7847000000000001,-12.163687756239584
-0.7837,-12.015143069753755
-0.7827000000000001,-11.913283856163474
-0.7817,-11.856695404168873
-0.7807000000000001,-11.776056860076565
-0.7797,-11.630341596190465
-0.7787000000000001,-11.527067671300317
-0.7777,-11.391255386513274
-0.7767000000000001,-11.248369545226906
-0.7757,-11.157828022035545
-0.7747,-11.063042364944588
-0.7736999999999999,-10.93430363665687
-0.7727,-10.822541443967529
-0.7716999999999999,-10.729170498176439
-0.7707,-10.627311284586156
-0.7696999999999999,-10.57779638909088
-0.7687,-10.439154681704105
-0.7676999999999999,-10.300512974317332
-0.7667,-10.173188957329478
-0.7656999999999999,-10.078403300238522
-0.7647,-9.997764756146214
-0.7636999999999999,-9.894490831256066
-0.7627,-9.83365824536187
-0.7616999999999999,-9.703504805774287
-0.7607,-9.612963282582925
-0.7596999999999999,-9.525251181991292
-0.7587,-9.42622139100074
-0.7576999999999999,-9.304556219212346
-0.7567,-9.21542940732085
-0.7556999999999999,-9.136205574528407
-0.7547,-9.05273760783637
-0.7536999999999999,-8.939560703847167
-0.7527,-8.901363498750811
-0.7516999999999999,-8.809407264259583
-0.7507,-8.725939297567548
-0.7496999999999999,-8.618421238777803
-0.7487,-8.51090317998806
-0.7476999999999999,-8.428849924595887
-0.7467,-8.339723112704391
-0.7456999999999999,-8.264743413811544
-0.7447,-8.165713622820993
-0.7436999999999999,-8.102051614327065
-0.7427,-8.039804317133003
-0.7416999999999999,-7.953506927841237
-0.7407,-7.889844919347309
-0.7396999999999999,-7.768179747558916
-0.7387,-7.725738408562965
-0.7376999999999999,-7.652173420969983
-0.7367,-7.591340835075788
-0.7357000000000001,-7.49938460058456
-0.7347,-7.441381437290093
-0.7337000000000001,-7.380548851395897
-0.7327,-7.32537511070116
-0.7317000000000001,-7.258883679607503
-0.7307,-7.165512733816411
-0.7297000000000001,-7.104680147922214
-0.7287,-7.041018139428288
-0.7277000000000001,-6.984429687433686
-0.7267,-6.906620565941108
-0.7257000000000001,-6.850032113946507
-0.7247,-6.804761352350826
-0.7237000000000001,-6.725537519558384
-0.7227,-6.640654841566483
-0.7217000000000001,-6.591139946071206
-0.7207,-6.54728389577539
-0.7197000000000001,-6.472304196882543
-0.7187,-6.408642188388616
-0.7177000000000001,-6.3548831589937445
-0.7167,-6.292635861799683
-0.7157000000000001,-6.226144430706027
-0.7147,-6.163897133511965
-0.7137000000000001,-6.122870505815879
-0.7127,-6.0719408990207375
-0.7117000000000001,-6.030914271324651
-0.7107,-5.953105149832074
-0.7097000000000001,-5.916322656035583
-0.7087,-5.866807760540307
-0.7077000000000001,-5.8102193085457055
-0.7067,-5.764948546950024
-0.7057000000000001,-5.705530672355693
-0.7047,-5.664504044659607
-0.7037000000000001,-5.617818571764061
-0.7027,-5.547083006770809
-0.7017000000000001,-5.497568111275533
-0.7007,-5.449467927080121
-0.6997000000000001,-5.421173701082821
-0.6987,-5.397123608985115
-0.6977000000000001,-5.360341115188624
-0.6967,-5.282531993696048
-0.6957000000000001,-5.23018767560104
-0.6947,-5.200478738303874
-0.6937000000000001,-5.153793265408329
-0.6927,-5.095790102113861
-0.6917000000000001,-5.0420310727189905
-0.6907,-5.023639825820745
-0.6897000000000001,-4.99393088852358
-0.6887,-4.933098302629383
-0.6877000000000001,-4.872265716735186
-0.6867,-4.82558024383964
-0.6857000000000001,-4.794456595242609
-0.6847,-4.7406975658477375
-0.6837000000000001,-4.678450268653676
-0.6827,-4.654400176555971
-0.6817000000000001,-4.61761768275948
-0.6807,-4.5893234567621795
-0.6797000000000001,-4.524246736968387
-0.6787,-4.508684912669872
-0.6777000000000001,-4.480390686672571
-0.6767,-4.40399627647986
-0.6757000000000001,-4.344578401885528
-0.6747,-4.323357732387552
-0.6737000000000001,-4.299307640289847
-0.6727,-4.24979274479457
-0.6717000000000001,-4.22715736399673
-0.6707,-4.194619004099834
-0.6697000000000001,-4.143689397304692
-0.6687,-4.102662769608606
-0.6677000000000001,-4.0588067193127895
-0.6667,-4.020609514216435
-0.6657000000000001,-3.9809975978202137
-0.6647,-3.9512886605230477
-0.6637000000000001,-3.927238568425342
-0.6627,-3.901773765027771
-0.6617000000000001,-3.8621618486315503
-0.6607,-3.8140616644361387
-0.6597000000000001,-3.7716203254401877
-0.6587,-3.7291789864442366
-0.6577000000000001,-3.666931689250175
-0.6567,-3.6485404423519294
-0.6557000000000001,-3.6160020824550334
-0.6547,-3.594781412957058
-0.6537000000000001,-3.562243053060162
-0.6527,-3.5113134462650213
-0.6517000000000001,-3.492922199366775
-0.6507,-3.4646279733694745
-0.6497,-3.430674902172714
-0.6486999999999999,-3.402380676175413
-0.6477,-3.3755011614779775
-0.6466999999999999,-3.3443775128809468
-0.6457,-3.3330598224820265
-0.6446999999999999,-3.28637434958648
-0.6437,-3.2481771444901244
-0.6426999999999999,-3.2312006088917435
-0.6417,-3.178856290796737
-0.6406999999999999,-3.160465043898492
-0.6397,-3.1392443744005165
-0.6386999999999999,-3.1095354371033506
-0.6377,-3.0713382320069944
-0.6366999999999999,-3.0487028512091543
-0.6357,-3.024652759111448
-0.6346999999999999,-2.9864555540150928
-0.6337,-2.970893729716577
-0.6326999999999999,-2.9440142150191413
-0.6317,-2.9058170099227856
-0.6306999999999999,-2.867619804826429
-0.6297,-2.840740290128994
-0.6286999999999999,-2.823763754530613
-0.6277,-2.8082019302320975
-0.6266999999999999,-2.7714194364356066
-0.6257,-2.7530281895373614
-0.6246999999999999,-2.7289780974396556
-0.6237,-2.6851220471438397
-0.6226999999999999,-2.661071955046134
-0.6217,-2.639851285548158
-0.6206999999999999,-2.621460038649913
-0.6197,-2.597409946552207
-0.6186999999999999,-2.581848122253692
-0.6177,-2.545065628457201
-0.6166999999999999,-2.5210155363594953
-0.6157,-2.5111125572604402
-0.6146999999999999,-2.4898918877624645
-0.6137,-2.4587682391654337
-0.6126999999999999,-2.424815167968673
-0.6117,-2.4191563227692128
-0.6107000000000001,-2.3936915193716417
-0.6097,-2.359738448174881
-0.6087000000000001,-2.349835469075826
-0.6077,-2.3272000882779853
-0.6067000000000001,-2.2918323057813597
-0.6057,-2.2748557701829792
-0.6047000000000001,-2.2592939458844636
-0.6037,-2.249390966785408
-0.6027000000000001,-2.229585008587298
-0.6017,-2.199876071290132
-0.6007000000000001,-2.178655401792157
-0.5997,-2.1461170418952604
-0.5987000000000001,-2.13196992889661
-0.5977,-2.1079198367989047
-0.5967000000000001,-2.0895285899006595
-0.5957,-2.0866991673009294
-0.5947000000000001,-2.0668932091028185
-0.5937,-2.0329401379060577
-0.5927000000000001,-2.0159636023076772
-0.5917,-1.9862546650105113
-0.5907000000000001,-1.9622045729128061
-0.5897,-1.93532505821537
-0.5887000000000001,-1.9098602548177994
-0.5877,-1.8872248740199586
-0.5867000000000001,-1.8688336271217136
-0.5857,-1.8461982463238729
-0.5847000000000001,-1.8405394011244125
-0.5837,-1.823562865526032
-0.5827000000000001,-1.8009274847281918
-0.5817,-1.779706815230216
-0.5807000000000001,-1.772633258730891
-0.5797,-1.7542420118326456
-0.5787000000000001,-1.7245330745354797
-0.5777,-1.7103859615368293
-0.5767000000000001,-1.6806770242396636
-0.5757,-1.660871066041553
-0.5747000000000001,-1.6467239530429028
-0.5737,-1.6354062626439825
-0.5727000000000001,-1.6255032835449272
-0.5717,-1.612770881846142
-0.5707000000000001,-1.5957943462477613
-0.5697,-1.585891367148706
-0.5687000000000001,-1.5731589654499207
-0.5677,-1.5519382959519452
-0.5667000000000001,-1.5264734925543744
-0.5657,-1.5236440699546445
-0.5647000000000001,-1.512326379555724
-0.5637,-1.4896909987578837
-0.5627000000000001,-1.4769585970590984
-0.5617,-1.4557379275611226
-0.5607000000000001,-1.433102546763282
-0.5597,-1.423199567664227
-0.5587000000000001,-1.4113159927453605
-0.5577,-1.390944150027304
-0.5567000000000001,-1.385568247087817
-0.5557,-1.372411431999072
-0.5547000000000001,-1.3568496077005565
-0.5537,-1.335345995942608
-0.5527000000000001,-1.3169547490443627
-0.5517,-1.3013929247458473
-0.5507000000000001,-1.2919143590367514
-0.5497,-1.2759281213482767
-0.5487000000000001,-1.2646104309493562
-0.5477,-1.2493315489108139
-0.5467000000000001,-1.24098475224161
-0.5457,-1.232213542182447
-0.5447000000000001,-1.2084463923447144
-0.5437,-1.1921772123962666
-0.5427000000000001,-1.174917734537913
-0.5417,-1.1701077161183717
-0.5407000000000001,-1.152706767130032
-0.5397,-1.1422379035110306
-0.5387000000000001,-1.1169145712434463
-0.5377,-1.114226619773703
-0.5367000000000001,-1.1051724674545669
-0.5357,-1.0966841996553764
-0.5347000000000001,-1.0835273845666316
-0.5337,-1.0689558581780219
-0.5327000000000001,-1.055516100829304
-0.5317,-1.0498572556298436
-0.5307000000000001,-1.0348613158512743
-0.5297,-1.019299491552759
-0.5287000000000001,-1.0054353208140816
-0.5277,-0.9936932170252017
-0.5267000000000001,-0.9853464203559981
-0.5257,-0.977424037076754
-0.5247,-0.9632769240781034
-0.5236999999999999,-0.9552130696688728
-0.5227,-0.9470077441296556
-0.5216999999999999,-0.9376706495505462
-0.5207,-0.906405529823529
-0.5196999999999999,-0.8950878394246087
-0.5187,-0.8892875230951621
-0.5176999999999999,-0.8802333707760258
-0.5167,-0.8721695163667951
-0.5156999999999999,-0.8611347682278478
-0.5147,-0.8527879715586442
-0.5136999999999999,-0.8424605790696293
-0.5127,-0.8397726275998858
-0.5116999999999999,-0.8216643229616133
-0.5107,-0.8154395932422072
-0.5096999999999999,-0.8017168936335162
-0.5087,-0.8012924802435567
-0.5076999999999999,-0.7933700969643125
-0.5067,-0.7864380115949738
-0.5056999999999999,-0.7720079563363506
-0.5047,-0.7656417554869578
-0.5036999999999999,-0.7601243814174842
-0.5027,-0.7485237487585908
-0.5016999999999999,-0.732537511070116
-0.5007,-0.7244736566608853
-0.4996999999999999,-0.7265957236106829
-0.49870000000000003,-0.7155609754717356
-0.4976999999999999,-0.7028285737729503
-0.49670000000000003,-0.6872667494744349
-0.4956999999999999,-0.6820323176649342
-0.49470000000000003,-0.6777881837653391
-0.4936999999999999,-0.6674607912763243
-0.4927,-0.6595384079970801
-0.4916999999999999,-0.6486451309881194
-0.4907,-0.6441180548285511
-0.4896999999999999,-0.6363371426792934
-0.4887,-0.6258682790602923
-0.4876999999999999,-0.616814126741156
-0.4867,-0.6111552815416958
-0.48570000000000013,-0.6021011292225595
-0.4847,-0.5888028430038282
-0.48370000000000013,-0.5767777969549754
-0.4827,-0.5742313166152184
-0.48170000000000013,-0.57578749904507
-0.4807,-0.5665918755959471
-0.4797000000000001,-0.5561230119769459
-0.4787,-0.5459370906179177
-0.4777000000000001,-0.537590293948714
-0.4767,-0.5330632177891458
-0.4757000000000001,-0.5276873148496587
-0.4747,-0.5217455273902256
-0.4737000000000001,-0.5115596060311972
-0.4727,-0.5064666453516832
-0.4717000000000001,-0.49981750224231747
-0.4707,-0.49727102190256034
-0.4697000000000001,-0.48807539845343767
-0.4687,-0.48029448630418
-0.4677000000000001,-0.4740697565847738
-0.4667,-0.4677035557353811
-0.4657000000000001,-0.4606299992360559
-0.4647,-0.4483220109272302
-0.4637000000000001,-0.4422387523378105
-0.4627,-0.4338919556686068
-0.4617000000000001,-0.4312040041988632
-0.4607,-0.42101808283983494
-0.4597000000000001,-0.4162080644202938
-0.4587,-0.41083216148080665
-0.4577000000000001,-0.40404154724145447
-0.4567,-0.3990900576919268
-0.4557000000000001,-0.3914506166726556
-0.4547,-0.3872064827730605
-0.4537000000000001,-0.38055733966369487
-0.4527,-0.3737667254243427
-0.4517000000000001,-0.3678249379649095
-0.4507,-0.3616002082455034
-0.4497000000000001,-0.35608283417602976
-0.4487,-0.35212164253640765
-0.4477000000000001,-0.3467457395969205
-0.4467,-0.3396721830975953
-0.4457000000000001,-0.3350036358080407
-0.4447,-0.329203319478594
-0.4437000000000001,-0.3256665412289314
-0.4427,-0.31972475376949827
-0.4417000000000001,-0.31434885083001113
-0.4407,-0.30925589015049704
-0.4397000000000001,-0.3041629294709829
-0.4387,-0.2976552574916037
-0.4377000000000001,-0.29044022986229207
-0.4367,-0.28676198048264295
-0.4357000000000001,-0.2826593177130343
-0.4347,-0.27883959720339874
-0.4337000000000001,-0.2737466365238846
-0.4327,-0.2666730800245595
-0.4317000000000001,-0.2625704172549508
-0.43069999999999997,-0.2580433410953827
-0.4297000000000001,-0.25167714024599
-0.42869999999999997,-0.24347181470677282
-0.4277000000000001,-0.24078386323702924
-0.42669999999999997,-0.2365397293374341
-0.4257000000000001,-0.2354079602975421
-0.42469999999999997,-0.22989058622806843
-0.4237000000000001,-0.22564645232847336
-0.42269999999999996,-0.22154378955886472
-0.4217000000000001,-0.21843142469916169
-0.42069999999999996,-0.21503611757948557
-0.4197000000000001,-0.20909433012005244
-0.41869999999999996,-0.2044257828304978
-0.41770000000000007,-0.19989870667092968
-0.41669999999999996,-0.19480574599141554
-0.41570000000000007,-0.18773218949209036
-0.41469999999999996,-0.18702483384215784
-0.41370000000000007,-0.18263922881257624
-0.41269999999999996,-0.17896097943292713
-0.41170000000000007,-0.17457537440334553
-0.41069999999999995,-0.17018976937376393
-0.40970000000000006,-0.16354062626439822
-0.40869999999999995,-0.16014531914472213
-0.40770000000000006,-0.15986237688474914
-0.40669999999999995,-0.154203531685289
-0.40570000000000006,-0.1501008689156804
-0.40469999999999995,-0.14712997518596382
-0.40370000000000006,-0.1426028990263957
-0.40269999999999995,-0.1375806739118748
-0.40170000000000006,-0.13404389566221223
-0.40069999999999995,-0.13004026268359417
-0.39970000000000006,-0.12869628694872237
-0.39869999999999994,-0.12654592577292753
-0.39770000000000005,-0.12357503204321095
-0.39669999999999994,-0.11818498199072516
-0.39570000000000005,-0.11401158365612331
-0.39469999999999994,-0.11043236406746475
-0.39370000000000005,-0.10593358213389395
-0.39269999999999994,-0.10242509811022867
-0.39170000000000005,-0.09977958797948104
-0.39069999999999994,-0.098364876679616
-0.38970000000000005,-0.09863367182659036
-0.38869999999999993,-0.09259285457616664
-0.38770000000000004,-0.08849019180655805
-0.38669999999999993,-0.08349626091803447
-0.38570000000000004,-0.0804121902843287
-0.38469999999999993,-0.07722908985963235
-0.38370000000000004,-0.075503142073797
-0.38269999999999993,-0.0709760659142289
-0.38170000000000004,-0.06864179226945158
-0.3806999999999999,-0.06586895812171611
-0.37970000000000004,-0.06231803275905486
-0.3786999999999999,-0.059106638108361226
-0.37770000000000004,-0.0560084203616568
-0.3766999999999999,-0.05299508529294428
-0.37570000000000003,-0.050094927128220945
-0.3746999999999999,-0.04740697565847738
-0.37370000000000003,-0.043827756069818834
-0.3726999999999999,-0.040885156566099555
-0.37170000000000003,-0.03809817530536544
-0.3706999999999999,-0.03570731320859352
-0.36970000000000003,-0.033104244416841865
-0.3686999999999999,-0.029581613280177915
-0.3677,-0.02770004725135742
-0.3666999999999999,-0.024898918877624646
-0.3657,-0.023399324899767704
-0.3646999999999999,-0.02073966765602144
-0.3637,-0.017103859615368294
-0.3626999999999999,-0.01395471226186872
-0.3617,-0.011302128574621777
-0.36070000000000013,-0.007882771362847985
-0.3597,-0.005258481901598342
-0.35870000000000013,-0.00270492800534195
-0.3577,4.4662435736739205e-05
-0.35670000000000013,0.0022776851927827093
-0.3557,0.0048595333150364016
-0.3547000000000001,0.007024041603829908
-0.3537,0.00959174261308495
-0.3527000000000001,0.01232779426702393
-0.3517,0.013891050253374797
-0.3507000000000001,0.01650968086942498
-0.3497,0.018461982463238727
-0.3487000000000001,0.020513313848043033
-0.3477,0.02313052975279335
-0.3467000000000001,0.02662486666345999
-0.3457,0.028987434534234607
-0.3447000000000001,0.03154806198699031
-0.3437,0.033910629857764926
-0.3427000000000001,0.03617416793754899
-0.3417,0.03889041363328985
-0.3407000000000001,0.04106906903508201
-0.3397,0.04344578401885528
-0.3387000000000001,0.04563858653364609
-0.3377,0.04778894770944094
-0.3367000000000001,0.04989686754623984
-0.3357,0.051693550897068445
-0.3347000000000001,0.05477762153077422
-0.3337,0.05688554136757313
-0.3327000000000001,0.059488610159324794
-0.3317,0.06223315008106296
-0.3307000000000001,0.06463815929083352
-0.3297,0.06756661168155415
-0.3287000000000001,0.06985844398733551
-0.3277,0.07253224834408044
-0.3267000000000001,0.07391866541794817
-0.3257,0.07657832266169443
-0.3247000000000001,0.07831841756052843
-0.3237,0.08119028149925445
-0.3227000000000001,0.08287378794609385
-0.3217,0.0850807375738833
-0.3207000000000001,0.08713206895868761
-0.3197,0.08905607632650406
-0.3187000000000001,0.09136205574528407
-0.3177,0.09450271483098445
-0.3167000000000001,0.09631354529481169
-0.3157,0.098081934419643
-0.3147000000000001,0.10006253023945405
-0.3137,0.1021845971892516
-0.3127000000000001,0.10393883920108424
-0.3117,0.10689558581780217
-0.3107000000000001,0.10848006247365101
-0.3097,0.1098240382085228
-0.3087000000000001,0.11204513494931091
-0.3077,0.11467649796705988
-0.3067000000000001,0.11647318131788847
-0.30569999999999997,0.1197977528725713
-0.3047000000000001,0.1211700228334404
-0.30369999999999997,0.1238438271901853
-0.3027000000000001,0.1259800412529815
-0.30169999999999997,0.1270693689538776
-0.3007000000000001,0.12953096661564276
-0.29969999999999997,0.13200671139040657
-0.2987000000000001,0.13486442821613395
-0.29769999999999996,0.13567081365705702
-0.2967000000000001,0.13793435173684107
-0.29569999999999996,0.1407213329975752
-0.2947000000000001,0.1428858412863687
-0.29369999999999996,0.14401761032626076
-0.29270000000000007,0.1465640906660178
-0.29169999999999996,0.14840321535584233
-0.29070000000000007,0.15052528230563988
-0.28969999999999996,0.15278882038542396
-0.28870000000000007,0.1551938295951945
-0.28769999999999996,0.1584476655848841
-0.28670000000000007,0.16042826140469515
-0.28569999999999995,0.1626917994844792
-0.28470000000000006,0.16481386643427676
-0.28369999999999995,0.16750181790402036
-0.28270000000000006,0.16990682711379093
-0.28169999999999995,0.17132153841365594
-0.28070000000000006,0.1737265476234265
-0.27969999999999995,0.17655597022315658
-0.27870000000000006,0.17853656604296764
-0.27769999999999995,0.18094157525273818
-0.27670000000000006,0.18306364220253574
-0.27569999999999995,0.1856101225422928
-0.27470000000000006,0.18815660288204988
-0.27369999999999994,0.1899957275718744
-0.27270000000000005,0.19169338113171247
-0.27169999999999994,0.19466427486142904
-0.27070000000000005,0.1966448706812401
-0.26969999999999994,0.19890840876102414
-0.26870000000000005,0.20187930249074074
-0.26769999999999994,0.20456725396048434
-0.26670000000000005,0.20980168576998495
-0.26569999999999994,0.20980168576998495
-0.26470000000000005,0.21277257949970152
-0.26369999999999993,0.21461170418952608
-0.26270000000000004,0.21588494435940458
-0.26169999999999993,0.21786554017921567
-0.26070000000000004,0.2195631937390537
-0.25969999999999993,0.22309997198871628
-0.25870000000000004,0.22550498119848683
-0.25769999999999993,0.2279099904082574
-0.25670000000000004,0.22861734605818995
-0.2556999999999999,0.23342736447773108
-0.25470000000000004,0.2354079602975421
-0.2536999999999999,0.23837885402725867
-0.25270000000000004,0.24191563227692126
-0.2516999999999999,0.24516946826661082
-0.25070000000000003,0.24729153521640837
-0.24969999999999992,0.25026242894612494
-0.24870000000000003,0.251111255726044
-0.24769999999999992,0.2537992071957876
-0.24670000000000003,0.2557798030155986
-0.24569999999999992,0.25790186996539616
-0.24470000000000003,0.2610142348250993
-0.24369999999999992,0.2639851285548159
-0.24270000000000003,0.26738043567449193
-0.24169999999999991,0.2692195603643165
-0.24070000000000003,0.27176604070407356
-0.2396999999999999,0.2733222231339251
-0.23870000000000002,0.2768590013835877
-0.2376999999999999,0.27982989511330425
-0.23670000000000002,0.2812446064131693
-0.23570000000000013,0.2826593177130343
-0.23470000000000002,0.28619609596269696
-0.23370000000000013,0.2886011051724675
-0.23270000000000002,0.29044022986229207
-0.23170000000000013,0.2917134700321706
-0.23070000000000002,0.29482583489187364
-0.22970000000000013,0.29822114201154976
-0.22870000000000001,0.3007676223513068
-0.22770000000000012,0.30402145834099636
-0.2267,0.3050117562509019
-0.22570000000000012,0.30826559224059147
-0.2247,0.31095354371033507
-0.22370000000000012,0.3127926684001596
-0.2227,0.31533914873991664
-0.22170000000000012,0.3184515135996197
-0.2207,0.32241270523924187
-0.21970000000000012,0.3245347721890394
-0.2187,0.32580801235891793
-0.21770000000000012,0.3296277328685535
-0.2167,0.33174979981835107
-0.2157000000000001,0.3354280491980002
-0.2147,0.33811600066774383
-0.2137000000000001,0.34037953874752785
-0.2127,0.3426430768273119
-0.2117000000000001,0.3467457395969205
-0.2107,0.3511313446265021
-0.2097000000000001,0.3541022383562187
-0.2087,0.35608283417602976
-0.2077000000000001,0.3587707856457733
-0.2067,0.36060991033559786
-0.2057000000000001,0.36315639067535493
-0.2047,0.365985813275085
-0.2037000000000001,0.36683464005500405
-0.2027,0.3685322936148421
-0.2017000000000001,0.3715031873445586
-0.2007,0.3750399655942212
-0.1997000000000001,0.3773035036740053
-0.1987,0.3799914551437488
-0.1977000000000001,0.3838111756533844
-0.19669999999999999,0.38664059825311453
-0.1957000000000001,0.3904603187627501
-0.19469999999999998,0.39314827023249366
-0.1937000000000001,0.3978168175220483
-0.19269999999999998,0.39979741334185936
-0.1917000000000001,0.4020609514216434
-0.1907000000000001,0.405880671931279
-0.1897000000000002,0.40913450792096867
-0.1887000000000001,0.41366158408053677
-0.1877000000000002,0.4173398334601858
-0.1867000000000001,0.42115955396982147
-0.1857000000000002,0.42087661170984847
-0.1847000000000001,0.42158396735978093
-0.1837000000000002,0.4228572075296595
-0.18270000000000008,0.42497927447945705
-0.1817000000000002,0.42922340837905215
-0.18070000000000008,0.4296478217690116
-0.1797000000000002,0.4320528309787822
-0.17870000000000008,0.4377116761782423
-0.1777000000000002,0.43672137826833685
-0.17670000000000008,0.4371457916582963
-0.1757000000000002,0.4412484544279049
-0.17470000000000008,0.44775612640728407
-0.1737000000000002,0.4478975975372706
-0.17270000000000008,0.4500196644870682
-0.17170000000000019,0.4548296829066093
-0.17070000000000007,0.45681027872642027
-0.16970000000000018,0.4583664611562719
-0.16870000000000007,0.4619032394059345
-0.16770000000000018,0.46246912392588047
-0.16670000000000007,0.46459119087567796
-0.16570000000000018,0.4667132578254756
-0.16470000000000007,0.4698256226851787
-0.16370000000000018,0.4773235925744634
-0.16270000000000007,0.4727965164148953
-0.16170000000000018,0.47590888127459835
-0.16070000000000007,0.48142625534407196
-0.15970000000000018,0.48354832229386957
-0.15870000000000006,0.48567038924366707
-0.15770000000000017,0.4900559942732487
-0.15670000000000006,0.4911877633131407
-0.15570000000000017,0.4962807239926549
-0.15470000000000006,0.4993930888523579
-0.15370000000000017,0.5020810403221014
-0.15270000000000006,0.503920165011926
-0.15170000000000017,0.5051934051818046
-0.15070000000000006,0.5066081164816696
-0.14970000000000017,0.5101448947313323
-0.14870000000000005,0.5126913750710893
-0.14770000000000016,0.5133987307210217
-0.14670000000000005,0.5155207976708194
-0.14570000000000016,0.520472287220347
-0.14470000000000005,0.5224528830401581
-0.14370000000000016,0.5248578922499286
-0.14270000000000005,0.5275458437196722
-0.14170000000000016,0.5312240930993213
-0.14070000000000005,0.5324973332691998
-0.13970000000000016,0.5356096981289029
-0.13870000000000005,0.538722062988606
-0.13770000000000016,0.5421173701082821
-0.13670000000000004,0.5422588412382686
-0.13570000000000015,0.5470688596578097
-0.13470000000000004,0.5497568111275533
-0.13370000000000015,0.5523032914673103
-0.13270000000000004,0.5540009450271484
-0.13170000000000015,0.5549912429370539
-0.13070000000000004,0.5590939057066625
-0.12970000000000015,0.5596597902266085
-0.12870000000000004,0.558669492316703
-0.12770000000000015,0.5624892128263386
-0.12670000000000003,0.5728166053153534
-0.12570000000000014,0.5743727877452048
-0.12470000000000003,0.5794657484247191
-0.12370000000000014,0.577768094864881
-0.12270000000000003,0.5842757668442602
-0.12170000000000014,0.5834269400643411
-0.12070000000000003,0.5832854689343547
-0.11970000000000014,0.5856904781441251
-0.11870000000000003,0.5855490070141387
-0.11770000000000014,0.5855490070141387
-0.11670000000000003,0.5886613718738418
-0.11570000000000014,0.5926225635134639
-0.11470000000000002,0.5936128614233693
-0.11370000000000013,0.5960178706331399
-0.11270000000000002,0.6022426003525461
-0.11170000000000013,0.6022426003525461
-0.11070000000000024,0.6059208497321952
-0.10970000000000013,0.6042231961723572
-0.10870000000000024,0.6095990991118443
-0.10770000000000013,0.6124285217115744
-0.10670000000000024,0.6170970690011289
-0.10570000000000013,0.61624824222121
-0.10470000000000024,0.6166726556111695
-0.10370000000000013,0.6206338472507915
-0.10270000000000024,0.6247365100204001
-0.10170000000000012,0.6262926924502518
-0.10070000000000023,0.6265756347102247
-0.09970000000000012,0.6311027108697929
-0.09870000000000023,0.6349224313794284
-0.09770000000000012,0.637327440589199
-0.09670000000000023,0.6391665652790235
-0.09570000000000012,0.6371859694592126
-0.09470000000000023,0.640722747708875
-0.09370000000000012,0.6405812765788885
-0.09270000000000023,0.6428448146586726
-0.09170000000000011,0.6456742372584027
-0.09070000000000022,0.6477963042082002
-0.08970000000000011,0.6497769000280114
-0.08870000000000022,0.653313678277674
-0.08770000000000011,0.6541625050575929
-0.08670000000000022,0.6458157083883892
-0.08570000000000011,0.6486451309881194
-0.08470000000000022,0.6480792464681732
-0.08370000000000011,0.652747793757728
-0.08270000000000022,0.6499183711579978
-0.0817000000000001,0.6534551494076605
-0.08070000000000022,0.6612360615569182
-0.0797000000000001,0.6656216665864998
-0.07870000000000021,0.6636410707666887
-0.0777000000000001,0.6660460799764593
-0.07670000000000021,0.6685925603162164
-0.0757000000000001,0.6687340314462029
-0.07470000000000021,0.6712805117859599
-0.0737000000000001,0.6742514055156765
-0.07270000000000021,0.6831640867048262
-0.0717000000000001,0.6786370105452582
-0.07070000000000021,0.6769393569854201
-0.0697000000000001,0.6817493754049612
-0.0687000000000002,0.6848617402646643
-0.0677000000000001,0.6857105670445833
-0.0667000000000002,0.6821737887949207
-0.06570000000000009,0.6867008649544888
-0.0647000000000002,0.6851446825246373
-0.06370000000000009,0.6851446825246373
-0.0627000000000002,0.6871252783444484
-0.06170000000000009,0.6893888164242324
-0.0607000000000002,0.6893888164242324
-0.059700000000000086,0.694057363713787
-0.058700000000000196,0.6961794306635846
-0.057700000000000085,0.7035359294228828
-0.056700000000000195,0.6967453151835306
-0.05570000000000008,0.6991503243933012
-0.05470000000000019,0.6973111997034765
-0.05370000000000008,0.6961794306635846
-0.05270000000000019,0.6960379595335981
-0.05170000000000008,0.6984429687433686
-0.05070000000000019,0.6988673821333282
-0.04970000000000008,0.7057994675026668
-0.04870000000000019,0.710609485922208
-0.047700000000000076,0.7093362457523293
-0.046700000000000186,0.7069312365425588
-0.045700000000000074,0.7062238808926263
-0.044700000000000184,0.7062238808926263
-0.04370000000000007,0.7097606591422889
-0.04270000000000018,0.7099021302722753
-0.04170000000000007,0.7093362457523293
-0.04070000000000018,0.714004793041884
-0.03970000000000007,0.7130144951319785
-0.03870000000000018,0.7049506407227478
-0.03770000000000007,0.7087703612323834
-0.03670000000000018,0.7073556499325184
-0.035700000000000065,0.7087703612323834
-0.034700000000000175,0.7090533034923564
-0.03370000000000006,0.7096191880123024
-0.03270000000000017,0.7090533034923564
-0.03170000000000006,0.7077800633224779
-0.03070000000000017,0.7123071394820459
-0.02970000000000006,0.712590081742019
-0.02870000000000017,0.712024197222073
-0.027700000000000058,0.7123071394820459
-0.026700000000000168,0.713155966261965
-0.025700000000000056,0.7148536198218031
-0.024700000000000166,0.7210783495412092
-0.023700000000000054,0.7207954072812361
-0.022700000000000164,0.7164098022516546
-0.021700000000000053,0.7115997838321135
-0.020700000000000163,0.7210783495412092
-0.01970000000000005,0.7158439177317085
-0.01870000000000016,0.7154195043417491
-0.01770000000000005,0.7195221671113576
-0.01670000000000016,0.7181074558114927
-0.015700000000000047,0.7174001001615601
-0.014700000000000157,0.7195221671113576
-0.013700000000000045,0.715985388861695
-0.012700000000000156,0.7164098022516546
-0.011700000000000044,0.716551273381641
-0.010700000000000154,0.7233418876209933
-0.009700000000000042,0.7195221671113576
-0.008700000000000152,0.7169756867716006
-0.00770000000000004,0.711458312702127
-0.00670000000000015,0.7202295227612902
-0.005700000000000038,0.710609485922208
-0.0047000000000001485,0.7174001001615601
-0.0037000000000000366,0.7198051093713307
-0.0027000000000001467,0.7222101185811013
-0.0017000000000000348,0.7141462641718705
-0.000700000000000145,0.7093362457523293
0.00029999999999996696,0.7145706775618301
0.0012999999999998568,0.7169756867716006
0.0022999999999999687,0.7200880516313036
0.0032999999999998586,0.7147121486918165
0.0042999999999999705,0.7130144951319785
0.00529999999999986,0.7117412549621
0.006299999999999972,0.710609485922208
0.007299999999999862,0.7130144951319785
0.008299999999999974,0.7110338993121675
0.009299999999999864,0.7151365620817761
0.010299999999999976,0.7152780332117625
0.011299999999999866,0.7227760031010473
0.012299999999999978,0.7275860215205884
