Potential V vs RHE, Current mA cm-2
0.013299999999999867,-0.0036259050615540887
0.012299999999999978,-0.018263922881257624
0.011299999999999866,-0.02774248859035337
0.010299999999999976,-0.035381929609624566
0.009299999999999864,-0.04113980460007527
0.008299999999999974,-0.04668547289554621
0.007299999999999862,-0.05128328462010758
0.006299999999999972,-0.0558952434576676
0.00529999999999986,-0.05916322656035583
0.0042999999999999705,-0.06288391727900088
0.0032999999999998586,-0.06630751862467427
0.0022999999999999687,-0.06927841235439085
0.0012999999999998568,-0.07196636382413442
0.00029999999999996696,-0.07468260951987529
-0.000700000000000145,-0.07711591295564316
-0.0017000000000000348,-0.07945018660042047
-0.0027000000000001467,-0.08150151798522477
-0.0037000000000000366,-0.08382164451700343
-0.0047000000000001485,-0.08598615280579694
-0.005700000000000038,-0.08745745255765658
-0.00670000000000015,-0.08915510611749461
-0.00770000000000004,-0.09098008369432051
-0.008700000000000152,-0.09310215064411806
-0.009700000000000042,-0.09468662729996691
-0.010700000000000154,-0.09641257508580224
-0.011700000000000044,-0.09751604989969698
-0.012700000000000156,-0.09910052655554581
-0.013700000000000045,-0.1005859734204041
-0.014700000000000157,-0.10177433091229074
-0.015700000000000047,-0.10290609995218276
-0.01670000000000016,-0.1039246920880856
-0.01770000000000005,-0.10535355050094929
-0.01870000000000016,-0.10645702531484401
-0.01970000000000005,-0.10774441259772119
-0.020700000000000163,-0.10897521142860378
-0.021700000000000053,-0.10985233243452008
-0.022700000000000164,-0.11143680909036893
-0.023700000000000054,-0.11290810884222857
-0.024700000000000166,-0.1136154644921611
-0.025700000000000056,-0.11487455754904098
-0.026700000000000168,-0.11553947185997754
-0.027700000000000058,-0.11695418315984259
-0.02870000000000017,-0.11793033395674946
-0.02970000000000006,-0.11894892609265229
-0.03070000000000017,-0.1201372835845389
-0.03170000000000006,-0.12043437295751057
-0.03270000000000017,-0.12109928726844714
-0.03370000000000006,-0.12227349764733512
-0.034700000000000175,-0.12322135421824468
-0.035700000000000065,-0.12469265397010434
-0.03670000000000018,-0.12588101146199096
-0.03770000000000007,-0.12651763154693024
-0.03870000000000018,-0.1277767246038101
-0.03970000000000007,-0.12828602067176154
-0.04070000000000018,-0.12903581766069
-0.04170000000000007,-0.12995538000560228
-0.04270000000000018,-0.13088908946351321
-0.04370000000000007,-0.13173791624343223
-0.044700000000000184,-0.13264333147534585
-0.045700000000000074,-0.1335063053682635
-0.046700000000000186,-0.13451075039116767
-0.047700000000000076,-0.13528884160609345
-0.04870000000000019,-0.13776458638085728
-0.04970000000000008,-0.13824558822281138
-0.05070000000000019,-0.13831632378780462
-0.05170000000000008,-0.13925003324571555
-0.05270000000000019,-0.14004227157364
-0.05370000000000008,-0.1407496272235725
-0.05470000000000019,-0.14073548011057385
-0.05570000000000008,-0.14189554337646318
-0.056700000000000195,-0.1428858412863687
-0.057700000000000085,-0.1437346680662877
-0.058700000000000196,-0.14387613919627423
-0.059700000000000086,-0.14486643710617977
-0.0607000000000002,-0.1458567350160853
-0.06170000000000009,-0.14684703292599083
-0.0627000000000002,-0.14826174422585583
-0.06370000000000009,-0.14840321535584233
-0.0647000000000002,-0.14840321535584233
-0.06570000000000009,-0.14911057100577488
-0.0667000000000002,-0.1496764555257209
-0.0677000000000001,-0.1502423400456669
-0.0687000000000002,-0.15151558021554543
-0.0697000000000001,-0.15179852247551845
-0.07070000000000021,-0.15193999360550495
-0.0717000000000001,-0.15293029151541046
-0.07270000000000021,-0.15491088733522151
-0.0737000000000001,-0.15547677185516753
-0.07470000000000021,-0.155335300725181
-0.0757000000000001,-0.15575971411514053
-0.07670000000000021,-0.15660854089505957
-0.0777000000000001,-0.15774030993495158
-0.07870000000000021,-0.16056973253468165
-0.0797000000000001,-0.16014531914472213
-0.08070000000000022,-0.16028679027470866
-0.0817000000000001,-0.16141855931460067
-0.08270000000000022,-0.16127708818461417
-0.08370000000000011,-0.1622673860945197
-0.08470000000000022,-0.1622673860945197
-0.08570000000000011,-0.16382356852437122
-0.08670000000000022,-0.16622857773414182
-0.08770000000000011,-0.16764328903400685
-0.08870000000000022,-0.16792623129397988
-0.08970000000000011,-0.1693409425938449
-0.09070000000000022,-0.16919947146385841
-0.09170000000000011,-0.1694824137238314
-0.09270000000000023,-0.17004829824377743
-0.09370000000000012,-0.17103859615368294
-0.09470000000000023,-0.17202889406358848
-0.09570000000000012,-0.17245330745354798
-0.09670000000000023,-0.173302134233467
-0.09770000000000012,-0.17400948988339954
-0.09870000000000023,-0.17415096101338604
-0.09970000000000012,-0.17471684553333205
-0.10070000000000023,-0.17627302796318356
-0.10170000000000012,-0.1771218547431026
-0.10270000000000024,-0.17853656604296764
-0.10370000000000013,-0.17896097943292713
-0.10470000000000024,-0.17952686395287318
-0.10570000000000013,-0.18037569073279217
-0.10670000000000024,-0.18108304638272468
-0.10770000000000013,-0.18179040203265723
-0.10870000000000024,-0.18292217107254924
-0.10970000000000013,-0.18348805559249526
-0.11070000000000024,-0.1843368823724143
-0.11170000000000013,-0.1851857091523333
-0.11270000000000002,-0.1847612957623738
-0.11370000000000013,-0.1849027668923603
-0.11470000000000002,-0.18532718028231981
-0.11570000000000014,-0.1860345359322523
-0.11670000000000003,-0.1861760070622388
-0.11770000000000014,-0.18645894932221183
-0.11870000000000003,-0.18744924723211737
-0.11970000000000014,-0.18886395853198237
-0.12070000000000003,-0.19070308322180693
-0.12170000000000014,-0.19098602548177993
-0.12270000000000003,-0.19112749661176645
-0.12370000000000014,-0.19141043887173945
-0.12470000000000003,-0.19084455435179343
-0.12570000000000014,-0.19126896774175295
-0.12670000000000003,-0.19254220791163149
-0.12770000000000015,-0.19381544808151
-0.12870000000000004,-0.19523015938137506
-0.12970000000000015,-0.1973522263311726
-0.13070000000000004,-0.19834252424107812
-0.13170000000000015,-0.19820105311109162
-0.13270000000000004,-0.19834252424107812
-0.13370000000000015,-0.19890840876102414
-0.13470000000000004,-0.20018164893090268
-0.13570000000000015,-0.19989870667092968
-0.13670000000000004,-0.20018164893090268
-0.13770000000000016,-0.20145488910078121
-0.13870000000000005,-0.20216224475071373
-0.13970000000000016,-0.20272812927065975
-0.14070000000000005,-0.20286960040064628
-0.14170000000000016,-0.20216224475071373
-0.14270000000000005,-0.2035769560505788
-0.14370000000000016,-0.20513313848043033
-0.14470000000000005,-0.20612343639033584
-0.14570000000000016,-0.20725520543022788
-0.14670000000000005,-0.2081040322101469
-0.14770000000000016,-0.20980168576998495
-0.14870000000000005,-0.21022609915994445
-0.14970000000000017,-0.21121639706985
-0.15070000000000006,-0.2116408104598095
-0.15170000000000017,-0.21263110836971502
-0.15270000000000006,-0.21404581966958006
-0.15370000000000017,-0.2160264154893911
-0.15470000000000006,-0.2164508288793506
-0.15570000000000017,-0.2164508288793506
-0.15670000000000006,-0.21701671339929662
-0.15770000000000017,-0.21630935774936413
-0.15870000000000006,-0.2164508288793506
-0.15970000000000018,-0.2181484824391887
-0.16070000000000007,-0.21942172260906717
-0.16170000000000018,-0.22012907825899972
-0.16270000000000007,-0.22055349164895924
-0.16370000000000018,-0.22196820294882427
-0.16470000000000007,-0.22465615441856782
-0.16570000000000018,-0.22564645232847336
-0.16670000000000007,-0.22522203893851384
-0.16770000000000018,-0.22621233684841938
-0.16870000000000007,-0.22621233684841938
-0.16970000000000018,-0.2284758749282034
-0.17070000000000007,-0.22861734605818995
-0.17170000000000019,-0.23003205735805496
-0.17270000000000008,-0.23017352848804143
-0.1737000000000002,-0.2307394130079875
-0.17470000000000008,-0.23201265317786599
-0.1757000000000002,-0.23371030673770407
-0.17670000000000008,-0.23441766238763656
-0.1777000000000002,-0.2354079602975421
-0.17870000000000008,-0.23639825820744764
-0.1797000000000002,-0.23710561385738013
-0.18070000000000008,-0.23767149837732615
-0.1817000000000002,-0.2389447385472047
-0.18270000000000008,-0.2395106230671507
-0.1837000000000002,-0.2399350364571102
-0.1847000000000001,-0.24035944984706975
-0.1857000000000002,-0.2426229879268538
-0.1867000000000001,-0.24389622809673234
-0.1877000000000002,-0.24417917035670533
-0.1887000000000001,-0.24531093939659734
-0.1897000000000002,-0.24658417956647588
-0.1907000000000001,-0.24927213103621945
-0.1917000000000001,-0.24969654442617895
-0.19269999999999998,-0.25295038041586854
-0.1937000000000001,-0.2591751101352747
-0.19469999999999998,-0.25691157205549064
-0.1957000000000001,-0.2560627452755716
-0.19669999999999999,-0.25592127414558513
-0.1977000000000001,-0.2564871586655311
-0.1987,-0.2564871586655311
-0.1997000000000001,-0.2583262833553557
-0.2007,-0.25903363900528825
-0.2017000000000001,-0.26002393691519377
-0.2027,-0.2610142348250993
-0.2037000000000001,-0.2625704172549508
-0.2047,-0.26426807081478887
-0.2057000000000001,-0.26780484906445146
-0.2067,-0.26695602228453247
-0.2077000000000001,-0.2649754264647214
-0.2087,-0.2652583687246944
-0.2097000000000001,-0.26780484906445146
-0.2107,-0.270209858274222
-0.2117000000000001,-0.27049280053419505
-0.2127,-0.269926916014249
-0.2137000000000001,-0.27204898296404656
-0.2147,-0.2724733963540061
-0.2157000000000001,-0.2727563386139791
-0.2167,-0.2737466365238846
-0.21770000000000012,-0.27572723234369567
-0.2187,-0.2762931168636417
-0.21970000000000012,-0.27869812607341227
-0.2207,-0.2815275486731423
-0.22170000000000012,-0.2816690198031288
-0.2227,-0.2806787218932233
-0.22370000000000012,-0.2809616641531963
-0.2247,-0.2812446064131693
-0.22570000000000012,-0.27869812607341227
-0.2267,-0.2805372507632368
-0.22770000000000012,-0.2816690198031288
-0.22870000000000001,-0.2819519620631018
-0.22970000000000013,-0.28280078884302084
-0.23070000000000002,-0.2856302114427509
-0.23170000000000013,-0.2849228557928184
-0.23270000000000002,-0.28676198048264295
-0.23370000000000013,-0.288459634042481
-0.23470000000000002,-0.29128905664221105
-0.23570000000000013,-0.2924208256821031
-0.23670000000000002,-0.29425995037192765
-0.2376999999999999,-0.2952502482818331
-0.23870000000000002,-0.2944014215019141
-0.2396999999999999,-0.2956746616717927
-0.24070000000000003,-0.2989284976614822
-0.24169999999999991,-0.3006261512213203
-0.24270000000000003,-0.30232380478115833
-0.24369999999999992,-0.3033141026910639
-0.24470000000000003,-0.30232380478115833
-0.24569999999999992,-0.3034555738210504
-0.24670000000000003,-0.30458734286094236
-0.24769999999999992,-0.3061435252907939
-0.24870000000000003,-0.3074167654606725
-0.24969999999999992,-0.30953883241047003
-0.25070000000000003,-0.3093973612804835
-0.2516999999999999,-0.31095354371033507
-0.25270000000000004,-0.3125097261401866
-0.2536999999999999,-0.31236825501020005
-0.25470000000000004,-0.3119438416202406
-0.2556999999999999,-0.3139244374400516
-0.25670000000000004,-0.3149147353499572
-0.25769999999999993,-0.3161879755198357
-0.25870000000000004,-0.31632944664982215
-0.25969999999999993,-0.31802710020966024
-0.26070000000000004,-0.31958328263951175
-0.26169999999999993,-0.3218468207192958
-0.26270000000000004,-0.3222712341092553
-0.26369999999999993,-0.3236859454091204
-0.26470000000000005,-0.32425182992906637
-0.26569999999999994,-0.32623242574887745
-0.26670000000000005,-0.32778860817872896
-0.26769999999999994,-0.32976920399854004
-0.26870000000000005,-0.3299106751285265
-0.26969999999999994,-0.3313253864283916
-0.27070000000000005,-0.3335889245081756
-0.27169999999999994,-0.3354280491980002
-0.27270000000000005,-0.3362768759779193
-0.27369999999999994,-0.3362768759779193
-0.27470000000000006,-0.33811600066774383
-0.27569999999999995,-0.33981365422758186
-0.27670000000000006,-0.3417942500473929
-0.27769999999999995,-0.3434919036072309
-0.27870000000000006,-0.3433504324772444
-0.27969999999999995,-0.3432089613472579
-0.28070000000000006,-0.34377484586720397
-0.28169999999999995,-0.3458969128170015
-0.28270000000000006,-0.34787750863681255
-0.28369999999999995,-0.3494336910666641
-0.28470000000000006,-0.3533948827062862
-0.28569999999999995,-0.3525460559263671
-0.28670000000000007,-0.3548095940061512
-0.28769999999999996,-0.35495106513613767
-0.28870000000000007,-0.35622430530601623
-0.28969999999999996,-0.35693166095594875
-0.29070000000000007,-0.3586293145157868
-0.29169999999999996,-0.3600440258156518
-0.29270000000000007,-0.36188315050547637
-0.29369999999999996,-0.36386374632528745
-0.2947000000000001,-0.365985813275085
-0.29569999999999996,-0.366551697795031
-0.2967000000000001,-0.36768346683492303
-0.29769999999999996,-0.3686737647448286
-0.2987000000000001,-0.3685322936148421
-0.29969999999999997,-0.36909817813478807
-0.3007000000000001,-0.3712202450845856
-0.30169999999999997,-0.37192760073451814
-0.3027000000000001,-0.3740496676843157
-0.30369999999999997,-0.37659614802407276
-0.3047000000000001,-0.37716203254401875
-0.30569999999999997,-0.3770205614140323
-0.3067000000000001,-0.37829380158391085
-0.3077,-0.3784352727138973
-0.3087000000000001,-0.3792840994938163
-0.3097,-0.3795670417537893
-0.3107000000000001,-0.3812646953136274
-0.3117,-0.38366970452339794
-0.3127000000000001,-0.383952646783371
-0.3137,-0.3857917714731955
-0.3147000000000001,-0.387065011643074
-0.3157,-0.3898944342428041
-0.3167000000000001,-0.3887626652029121
-0.3177,-0.39088473215270964
-0.3187000000000001,-0.39187503006261515
-0.3197,-0.39116767441268263
-0.3207000000000001,-0.39258238571254767
-0.3217,-0.3942800392723857
-0.3227000000000001,-0.3945629815323587
-0.3237,-0.3952703371822912
-0.3247000000000001,-0.3952703371822912
-0.3257,-0.39838270204199433
-0.3267000000000001,-0.4010706535117379
-0.3277,-0.4010706535117379
-0.3287000000000001,-0.39965594221187284
-0.3297,-0.40092918238175135
-0.3307000000000001,-0.40262683594158943
-0.3317,-0.4031927204615355
-0.3327000000000001,-0.40489037402137346
-0.3337,-0.40658802758121154
-0.3347000000000001,-0.4104077480908471
-0.3357,-0.4109736326107932
-0.3367000000000001,-0.4125298150406447
-0.3377,-0.4115395171307392
-0.3387000000000001,-0.41366158408053677
-0.3397,-0.41776424685014535
-0.3407000000000001,-0.41804718911011834
-0.3417,-0.4197448426699564
-0.3427000000000001,-0.4221498518797269
-0.3437,-0.4228572075296595
-0.3447000000000001,-0.424130447699538
-0.3457,-0.42568663012938956
-0.3467000000000001,-0.42823311046914664
-0.3477,-0.4273842836892276
-0.3487000000000001,-0.42922340837905215
-0.3497,-0.42950635063902515
-0.3507000000000001,-0.4306381196789172
-0.3517,-0.4293648795090386
-0.3527000000000001,-0.4293648795090386
-0.3537,-0.4313454753288497
-0.3547000000000001,-0.4338919556686068
-0.3557,-0.43615549374839085
-0.35670000000000013,-0.43672137826833685
-0.3577,-0.4384190318281749
-0.35870000000000013,-0.4391263874781074
-0.3597,-0.4377116761782423
-0.36070000000000013,-0.44025815651799943
-0.3617,-0.44266316572777
-0.3626999999999999,-0.4429461079877429
-0.3637,-0.44393640589764854
-0.3646999999999999,-0.44520964606752705
-0.3657,-0.44619994397743257
-0.3666999999999999,-0.4491708377071491
-0.3677,-0.4514343757869332
-0.3686999999999999,-0.45313202934677127
-0.36970000000000003,-0.4541223272566768
-0.3706999999999999,-0.4549711540365957
-0.37170000000000003,-0.4563858653364608
-0.3726999999999999,-0.45610292307648787
-0.37370000000000003,-0.45751763437635284
-0.3746999999999999,-0.45963970132615045
-0.37570000000000003,-0.462610595055867
-0.3766999999999999,-0.46742061347540814
-0.37770000000000004,-0.46756208460539456
-0.3786999999999999,-0.4698256226851787
-0.37970000000000004,-0.4715232762450167
-0.3806999999999999,-0.4694012092952191
-0.38170000000000004,-0.4708159205950842
-0.38269999999999993,-0.4723721030249357
-0.38370000000000004,-0.4747771122347063
-0.38469999999999993,-0.4784553616143554
-0.38570000000000004,-0.4812847842140855
-0.38669999999999993,-0.48199213986401795
-0.38770000000000004,-0.48354832229386957
-0.38869999999999993,-0.4852459758537076
-0.38970000000000005,-0.48567038924366707
-0.39069999999999994,-0.4873680428035051
-0.39170000000000005,-0.4890656963633432
-0.39269999999999994,-0.49147070557311373
-0.39370000000000005,-0.49401718591287075
-0.39469999999999994,-0.49401718591287075
-0.39570000000000005,-0.4969880796425873
-0.39669999999999994,-0.49868573320242543
-0.39770000000000005,-0.49882720433241184
-0.39869999999999994,-0.5023639825820745
-0.39970000000000006,-0.5040616361419126
-0.40069999999999995,-0.504203107271899
-0.40170000000000006,-0.5066081164816696
-0.40269999999999995,-0.5081642989115212
-0.40370000000000006,-0.5102863658613187
-0.40469999999999995,-0.5149549131508734
-0.40570000000000006,-0.5148134420208869
-0.40669999999999995,-0.5172184512306574
-0.40770000000000006,-0.5183502202705494
-0.40869999999999995,-0.519340518180455
-0.40970000000000006,-0.5217455273902256
-0.41069999999999995,-0.5217455273902256
-0.41170000000000007,-0.5231602386900907
-0.41269999999999996,-0.5278287859796452
-0.41370000000000007,-0.5296679106694698
-0.41469999999999996,-0.5292434972795103
-0.41570000000000007,-0.5327802755291728
-0.41669999999999996,-0.5349023424789704
-0.41770000000000007,-0.53815617846866
-0.41869999999999996,-0.540136774288471
-0.4197000000000001,-0.5411270721983766
-0.42069999999999996,-0.5440979659280931
-0.4217000000000001,-0.5465029751378637
-0.42269999999999996,-0.5470688596578097
-0.4237000000000001,-0.5483420998276882
-0.42469999999999997,-0.5515959358173778
-0.4257000000000001,-0.5537180027671754
-0.42669999999999997,-0.5514544646873913
-0.4277000000000001,-0.5551327140670403
-0.42869999999999997,-0.5581036077967569
-0.4297000000000001,-0.559801261356595
-0.43069999999999997,-0.5636209818662306
-0.4317000000000001,-0.5667333467259337
-0.4327,-0.5667333467259337
-0.4337000000000001,-0.5716848362754614
-0.4347,-0.5736654320952724
-0.4357000000000001,-0.5742313166152184
-0.4367,-0.5790413350347595
-0.4377000000000001,-0.5805975174646111
-0.4387,-0.5810219308545705
-0.4397000000000001,-0.5834269400643411
-0.4407,-0.5854075358841522
-0.4417000000000001,-0.5883784296138688
-0.4427,-0.5916322656035584
-0.4437000000000001,-0.595734928373167
-0.4447,-0.5972911108030184
-0.4457000000000001,-0.5961593417631265
-0.4467,-0.5971496396730319
-0.4477000000000001,-0.600827889052681
-0.4487,-0.6052134940822627
-0.4497000000000001,-0.6097405702418307
-0.4507,-0.6111552815416958
-0.4517000000000001,-0.6122870505815878
-0.4527,-0.6132773484914934
-0.4537000000000001,-0.616814126741156
-0.4547,-0.6197850204708726
-0.4557000000000001,-0.6226144430706027
-0.4567,-0.6253023945403461
-0.4577000000000001,-0.6258682790602923
-0.4587,-0.6275659326201303
-0.4597000000000001,-0.634215075729496
-0.4607,-0.6369030271992394
-0.4617000000000001,-0.6377518539791586
-0.4627,-0.640439805448902
-0.4637000000000001,-0.6431277569186457
-0.4647,-0.6460986506483622
-0.4657000000000001,-0.6494939577680383
-0.4667,-0.6500598422879843
-0.4677000000000001,-0.6531722071476874
-0.4687,-0.6562845720073905
-0.4697000000000001,-0.6619434172068507
-0.4707,-0.6642069552866348
-0.4717000000000001,-0.6667534356263918
-0.4727,-0.670148742746068
-0.4737000000000001,-0.672695223085825
-0.4747,-0.6759490590755146
-0.4757000000000001,-0.6777881837653391
-0.4767,-0.6818908465349477
-0.4777000000000001,-0.6850032113946508
-0.4787,-0.6862764515645293
-0.4797000000000001,-0.6888229319042865
-0.4807,-0.691227941114057
-0.48170000000000013,-0.694057363713787
-0.4827,-0.6966038440535441
-0.48370000000000013,-0.7025456315129773
-0.4847,-0.7048091695927613
-0.48570000000000013,-0.7060824097626398
-0.4867,-0.7079215344524644
-0.4876999999999999,-0.711458312702127
-0.4887,-0.7155609754717356
-0.4896999999999999,-0.7172586290315736
-0.4907,-0.7212198206711957
-0.4916999999999999,-0.7312642709002375
-0.4927,-0.7326789822001024
-0.4936999999999999,-0.7326789822001024
-0.49470000000000003,-0.7359328181897921
-0.4956999999999999,-0.7383378273995627
-0.49670000000000003,-0.7432893169490903
-0.4976999999999999,-0.7476749219786718
-0.49870000000000003,-0.7513531713583209
-0.4996999999999999,-0.7540411228280646
-0.5007,-0.7588511412476057
-0.5016999999999999,-0.7598414391575111
-0.5027,-0.7639441019271197
-0.5036999999999999,-0.7683297069567014
-0.5047,-0.7717250140763775
-0.5056999999999999,-0.77526179232604
-0.5067,-0.7817694643054193
-0.5076999999999999,-0.7894089053246904
-0.5087,-0.7894089053246904
-0.5096999999999999,-0.7925212701843936
-0.5107,-0.7937945103542721
-0.5116999999999999,-0.7969068752139751
-0.5127,-0.8034145471933544
-0.5136999999999999,-0.809497805782774
-0.5147,-0.813458997422396
-0.5156999999999999,-0.8158640066321667
-0.5167,-0.8194007848818293
-0.5176999999999999,-0.8230790342614784
-0.5187,-0.827181697031087
-0.5196999999999999,-0.8325575999705741
-0.5207,-0.8383579163000208
-0.5216999999999999,-0.8410458677697643
-0.5227,-0.8467047129692244
-0.5236999999999999,-0.850241491218887
-0.5247,-0.8560418075483337
-0.5257,-0.8598615280579692
-0.5267000000000001,-0.8612762393578344
-0.5277,-0.8690571515070921
-0.5287000000000001,-0.8774039481762959
-0.5297,-0.8803748419060125
-0.5307000000000001,-0.8836286778957019
-0.5317,-0.8878728117952971
-0.5327000000000001,-0.8933901858647707
-0.5337,-0.9004637423640959
-0.5347000000000001,-0.9054152319136234
-0.5357,-0.9085275967733266
-0.5367000000000001,-0.9158840955326246
-0.5377,-0.924089421071842
-0.5387000000000001,-0.926070016891653
-0.5397,-0.9331435733909781
-0.5407000000000001,-0.9389438897204249
-0.5417,-0.945734503959777
-0.5427000000000001,-0.9499786378593722
-0.5437,-0.9556374830588322
-0.5447000000000001,-0.9612963282582925
-0.5457,-0.9679454713676581
-0.5467000000000001,-0.9764337391668484
-0.5477,-0.9799705174165111
-0.5487000000000001,-0.9853464203559981
-0.5497,-0.9922785057253367
-0.5507000000000001,-1.0002008890045808
-0.5517,-1.0030303116043109
-0.5527000000000001,-1.008406214543798
-0.5537,-1.0136406463532988
-0.5547000000000001,-1.024958336752219
-0.5557,-1.0276462882219626
-0.5567000000000001,-1.0359930848911665
-0.5577,-1.042359285740559
-0.5587000000000001,-1.0488669577199383
-0.5597,-1.0563649276092228
-0.5607000000000001,-1.0601846481188586
-0.5617,-1.0682485025280892
-0.5627000000000001,-1.0801320774469554
-0.5637,-1.0855079803864427
-0.5647000000000001,-1.0947036038355653
-0.5657,-1.1046065829346206
-0.5667000000000001,-1.1119630816939188
-0.5677,-1.118187811413325
-0.5687000000000001,-1.1213001762730281
-0.5697,-1.1283737327723533
-0.5707000000000001,-1.138701125261368
-0.5717,-1.1433696725509228
-0.5727000000000001,-1.1503017579202612
-0.5737,-1.1587900257194514
-0.5747000000000001,-1.1686930048185067
-0.5757,-1.1793033395674946
-0.5767000000000001,-1.191469856746334
-0.5777,-1.1957139906459289
-0.5787000000000001,-1.2078805078247683
-0.5797,-1.2214617363034728
-0.5807000000000001,-1.228535292802798
-0.5817,-1.2353259070421498
-0.5827000000000001,-1.2472094819610162
-0.5837,-1.2558392208901932
-0.5847000000000001,-1.2665910267691676
-0.5857,-1.2726742853585868
-0.5867000000000001,-1.2834260912375612
-0.5877,-1.293470541466603
-0.5887000000000001,-1.3006855690959147
-0.5897,-1.3040808762155907
-0.5907000000000001,-1.3128520862747541
-0.5917,-1.3303945063930807
-0.5927000000000001,-1.3414292545320279
-0.5937,-1.3518981181510292
-0.5947000000000001,-1.3630743374199628
-0.5957,-1.3739676144289237
-0.5967000000000001,-1.383587651268006
-0.5977,-1.3925003324571557
-0.5987000000000001,-1.4046668496359949
-0.5997,-1.4161260111649017
-0.6007000000000001,-1.4246142789640919
-0.6017,-1.431687835463417
-0.6027000000000001,-1.4444202371622026
-0.6037,-1.4543232162612578
-0.6047000000000001,-1.4670556179600431
-0.6057,-1.4840321535584236
-0.6067000000000001,-1.4953498439573436
-0.6077,-1.5080822456561291
-0.6087000000000001,-1.5193999360550492
-0.6097,-1.5321323377538347
-0.6107000000000001,-1.54486473945262
-0.6117,-1.5575971411514054
-0.6126999999999999,-1.5717442541500557
-0.6137,-1.5887207897484361
-0.6146999999999999,-1.5957943462477613
-0.6157,-1.6085267479465466
-0.6166999999999999,-1.6240885722450622
-0.6177,-1.6368209739438475
-0.6186999999999999,-1.6523827982423631
-0.6197,-1.6679446225408785
-0.6206999999999999,-1.6806770242396636
-0.6217,-1.6990682711379093
-0.6226999999999999,-1.7089712502369643
-0.6237,-1.7231183632356148
-0.6246999999999999,-1.7358507649344
-0.6257,-1.7570714344323757
-0.6266999999999999,-1.776877392630486
-0.6277,-1.7924392169290013
-0.6286999999999999,-1.8065863299276517
-0.6297,-1.823562865526032
-0.6306999999999999,-1.8391246898245475
-0.6317,-1.8546865141230628
-0.6326999999999999,-1.8716630497214433
-0.6337,-1.891469007919554
-0.6346999999999999,-1.9084455435179344
-0.6357,-1.925422079116315
-0.6366999999999999,-1.9480574599141556
-0.6377,-1.9650339955125358
-0.6386999999999999,-1.9820105311109162
-0.6397,-2.001816489309027
-0.6406999999999999,-2.020207736207272
-0.6417,-2.044257828304978
-0.6426999999999999,-2.0640637865030884
-0.6437,-2.085284456001064
-0.6446999999999999,-2.10367570289931
-0.6457,-2.12348166109742
-0.6466999999999999,-2.1475317531951257
-0.6477,-2.171581845292831
-0.6486999999999999,-2.1885583808912115
-0.6497,-2.2111937616890525
-0.6507,-2.226755585987568
-0.6517000000000001,-2.2479762554855434
-0.6527,-2.2691969249835187
-0.6537000000000001,-2.2932470170812245
-0.6547,-2.3229559543783904
-0.6557000000000001,-2.351250180375691
-0.6567,-2.3710561385738016
-0.6577000000000001,-2.3908620967719116
-0.6587,-2.4163269001694827
-0.6597000000000001,-2.438962280967323
-0.6607,-2.4700859295643536
-0.6617000000000001,-2.4983801555616547
-0.6627,-2.5224302476593605
-0.6637000000000001,-2.545065628457201
-0.6647,-2.5705304318547717
-0.6657000000000001,-2.6016540804518025
-0.6667,-2.6285335951492383
-0.6677000000000001,-2.6525836872469437
-0.6687,-2.6851220471438397
-0.6697000000000001,-2.7134162731411404
-0.6707,-2.740295787838576
-0.6717000000000001,-2.7770782816350668
-0.6727,-2.8124460641316933
-0.6737000000000001,-2.8393255788291283
-0.6747,-2.870449227426159
-0.6757000000000001,-2.8944993195238653
-0.6767,-2.9298671020204905
-0.6777000000000001,-2.9595760393176564
-0.6787,-2.989284976614823
-0.6797000000000001,-3.0260674704113137
-0.6807,-3.047288139909289
-0.6817000000000001,-3.09255890150497
-0.6827,-3.120853127502271
-0.6837000000000001,-3.159050332598627
-0.6847,-3.198662248994848
-0.6857000000000001,-3.228371186292014
-0.6867,-3.2609095461889095
-0.6877000000000001,-3.2991067512852656
-0.6887,-3.328815688582431
-0.6897000000000001,-3.352865780680137
-0.6907,-3.386818851876898
-0.6917000000000001,-3.4250160569732535
-0.6927,-3.4632132620696097
-0.6937000000000001,-3.5014104671659654
-0.6947,-3.5353635383627267
-0.6957000000000001,-3.5778048773586777
-0.6967,-3.6202462163546287
-0.6977000000000001,-3.6556139988512544
-0.6987,-3.698055337847206
-0.6997000000000001,-3.7362525429435625
-0.7007,-3.7744497480399173
-0.7017000000000001,-3.815476375736004
-0.7027,-3.855088292132225
-0.7037000000000001,-3.9003590537279056
-0.7047,-3.9428003927238575
-0.7057000000000001,-3.986656443019674
-0.7067,-4.03617133851495
-0.7077000000000001,-4.078612677510901
-0.7087,-4.1295422843060425
-0.7097000000000001,-4.184716025000778
-0.7107,-4.229986786596459
-0.7117000000000001,-4.262525146493355
-0.7127,-4.300722351589712
-0.7137000000000001,-4.347407824485257
-0.7147,-4.399752142580264
-0.7157000000000001,-4.454925883275001
-0.7167,-4.508684912669872
-0.7177000000000001,-4.562443942064744
-0.7187,-4.610544126260154
-0.7197000000000001,-4.6614737330552956
-0.7207,-4.723721030249357
-0.7217000000000001,-4.767577080545174
-0.7227,-4.8128478421408545
-0.7237000000000001,-4.8595333150364
-0.7247,-4.920365900930598
-0.7257000000000001,-4.976954352925199
-0.7267,-5.03637222751953
-0.7277000000000001,-5.083057700415077
-0.7287,-5.143890286309273
-0.7297000000000001,-5.208967006103065
-0.7307,-5.268384880697396
-0.7317000000000001,-5.334876311791054
-0.7327,-5.385805918586194
-0.7337000000000001,-5.438150236681202
-0.7347,-5.467859173978367
-0.7357000000000001,-5.523032914673103
-0.7367,-5.58952434576676
-0.7376999999999999,-5.651771642960822
-0.7387,-5.721092496654209
-0.7396999999999999,-5.80031632944665
-0.7407,-5.863978337940577
-0.7416999999999999,-5.9347139029338285
-0.7427,-6.008278890526811
-0.7436999999999999,-6.086088012019388
-0.7447,-6.166726556111695
-0.7456999999999999,-6.240291543704677
-0.7467,-6.292635861799683
-0.7476999999999999,-6.363371426792935
-0.7487,-6.435521703086052
-0.7496999999999999,-6.520404381077953
-0.7507,-6.6109459042693155
-0.7516999999999999,-6.702902138760544
-0.7527,-6.790614239352177
-0.7536999999999999,-6.886814607742999
-0.7547,-6.974526708334631
-0.7556999999999999,-7.072141788025317
-0.7567,-7.149950909517895
-0.7576999999999999,-7.246151277908718
-0.7587,-7.345181068899271
-0.7596999999999999,-7.434307880790768
-0.7607,-7.51919055878267
-0.7616999999999999,-7.6267086175724135
-0.7627,-7.714420718164044
-0.7636999999999999,-7.812035797854732
-0.7647,-7.9025773210460954
-0.7656999999999999,-8.018583647635028
-0.7667,-8.119028149925446
-0.7676999999999999,-8.236449187814243
-0.7687,-8.349626091803447
-0.7696999999999999,-8.509488468688197
-0.7707,-8.618421238777803
-0.7716999999999999,-8.69623036027038
-0.7727,-8.805163130359988
-0.7736999999999999,-8.93531656994757
-0.7747,-9.025858093138934
-0.7757,-9.184305758723816
-0.7767000000000001,-9.296067951413157
-0.7777,-9.410659566702224
-0.7787000000000001,-9.563448387087647
-0.7797,-9.68794298147577
-0.7807000000000001,-9.843561224460924
-0.7817,-9.997764756146214
-0.7827000000000001,-10.12933290703366
-0.7837,-10.234021543223676
-0.7847000000000001,-10.379736807109774
-0.7857,-10.576381677791014
-0.7867000000000001,-10.734829343375898
-0.7877,-10.911668255859027
-0.7887000000000001,-11.040406984146745
-0.7897,-11.1960252271319
-0.7907000000000001,-11.353058181416921
-0.7917,-11.528482382600183
-0.7927000000000001,-11.710980140282773
-0.7937,-11.8920631866655
-0.7947000000000001,-12.070316810448494
-0.7957,-12.233008609932972
-0.7967000000000001,-12.433897614513807
-0.7977,-12.636201330394508
-0.7987000000000001,-12.859725715773182
-0.7997,-13.042223473455774
-0.8007000000000001,-13.220477097238767
-0.8017,-13.441172060017713
-0.8027000000000001,-13.698649516593148
-0.8037,-13.896709098574254
-0.8047000000000001,-14.082036278856576
-0.8057,-14.316878354634172
-0.8067000000000001,-14.557379275611227
-0.8077,-14.812027309586934
-0.8087000000000001,-15.080822456561293
-0.8097,-15.307176264539699
-0.8107000000000001,-15.561824298515406
-0.8117,-15.844766558488407
-0.8127000000000001,-16.071120366466815
-0.8137,-16.28332706144657
-0.8147000000000001,-16.622857773414182
-0.8157,-17.00482982437774
-0.8167000000000001,-17.301919197349395
-0.8177,-17.584861457322408
-0.8187000000000001,-18.05171618627787
-0.8197,-18.306364220253574
-0.8207000000000001,-18.688336271217132
-0.8217,-18.97127853119014
-0.8227000000000001,-19.2400736781645
-0.8237,-19.523015938137508
-0.8247000000000001,-19.919135102099716
-0.8257,-20.25866581406732
-0.8267000000000001,-20.711373430024135
-0.8277,-21.121639706984997
-0.8287000000000001,-21.51775887094721
-0.8297,-21.885583808912116
-0.8307000000000001,-22.39487987686353
-0.8317,-22.819293266823045
-0.8327000000000001,-23.1729710917893
-0.8337,-23.56909025575151
-0.8347000000000001,-24.064239210704276
-0.8357,-24.587682391654337
-0.8367000000000001,-25.1394197986017
-0.8377,-25.592127414558515
-0.8387000000000001,-26.18630616050183
-0.8397,-26.723896454450543
-0.8407000000000001,-27.37466365238846
-0.8417,-28.011283737327723
-0.8427000000000001,-28.421550014288584
-0.8437,-29.029875873230555
-0.8447000000000001,-29.59576039317657
-0.8457,-30.17579202612123
-0.8467000000000001,-30.79826499806185
-0.8477,-31.37829663100651
-0.8487000000000001,-32.04321094194308
-0.8497,-32.7505665918756
-0.8507000000000001,-33.38718667681487
-0.8517,-34.207719230736586
-0.8527000000000001,-34.85848642867451
-0.8537,-35.679018982596226
-0.8547000000000001,-36.38637463252874
-0.8557,-37.00884760446935
-0.8567000000000001,-37.81523304539243
-0.8577,-38.5650300343209
-0.8587000000000001,-39.258238571254765
-0.8597,-39.92315288219133
-0.8607000000000001,-40.800273888107654
-0.8617,-41.76227757201589
-0.8626999999999999,-42.72428125592411
-0.8637,-43.58725514884178
-0.8646999999999999,-44.153139668787794
-0.8657,-44.88878954471762
-0.8666999999999999,-45.92152879361909
-0.8677,-46.96841515551922
-0.8686999999999999,-47.76065348344364
-0.8697,-48.70851005435321
-0.8706999999999999,-49.72710219025603
-0.8717,-50.60422319617236
-0.8726999999999999,-51.509638428085985
-0.8737,-52.54237767698746
-0.8746999999999999,-53.49023424789704
-0.8757,-54.480532157802564
-0.8766999999999999,-55.34350605072023
-0.8777,-56.489422203610914
-0.8786999999999999,-57.53630856551105
-0.8797,-58.809548735389576
-0.8806999999999999,-59.7149639673032
-0.8817,-60.74770321620468
-0.8826999999999999,-61.9926491600859
-0.8837,-63.08197686098199
-0.8846999999999999,-64.08642188388616
-0.8857,-65.2747793757728
-0.8866999999999999,-65.62845720073905
-0.8857,-65.04842556779438
-0.8846999999999999,-64.68060062982947
-0.8837,-63.973244979896954
-0.8826999999999999,-63.66200849392664
-0.8817,-63.30833066896038
-0.8806999999999999,-62.855623053003576
-0.8797,-62.31803275905487
-0.8786999999999999,-61.55408865712774
-0.8777,-61.11552815416958
-0.8766999999999999,-60.761850329203334
-0.8757,-60.01205334027486
-0.8746999999999999,-59.6300812893113
-0.8737,-59.24810923834774
-0.8726999999999999,-58.54075358841522
-0.8717,-57.98901618146786
-0.8706999999999999,-57.62119124350295
-0.8697,-56.942129819567725
-0.8686999999999999,-56.44698086461496
-0.8677,-55.96597902266086
-0.8666999999999999,-55.612301197694585
-0.8657,-54.947386886758025
-0.8646999999999999,-54.35320814081471
-0.8637,-53.7307351688741
-0.8626999999999999,-53.476087134898386
-0.8617,-52.91020261495237
-0.8607000000000001,-52.42920077299826
-0.8597,-51.69355089706845
-0.8587000000000001,-51.22669616811298
-0.8577,-50.77398855215617
-0.8567000000000001,-50.335428049198
-0.8557,-49.81198486824794
-0.8547000000000001,-49.23195323530328
-0.8537,-48.65192160235861
-0.8527000000000001,-48.24165532539775
-0.8517,-47.77480059644228
-0.8507000000000001,-47.16647473750032
-0.8497,-46.713767121543505
-0.8487000000000001,-46.3176479575813
-0.8477,-45.78005766363259
-0.8467000000000001,-45.25661448268253
-0.8457,-44.81805397972436
-0.8447000000000001,-44.30875791177294
-0.8437,-43.78531473082289
-0.8427000000000001,-43.30431288886877
-0.8417,-42.86575238591062
-0.8407000000000001,-42.37060343095784
-0.8397,-41.90374870200238
-0.8387000000000001,-41.29542284306042
-0.8377,-41.06906903508202
-0.8367000000000001,-40.5880671931279
-0.8357,-40.24853648116029
-0.8347000000000001,-39.739240413208876
-0.8337,-39.37141547524397
-0.8327000000000001,-38.96114919828311
-0.8317,-38.40941179133574
-0.8307000000000001,-38.02743974037218
-0.8297,-37.744497480399176
-0.8287000000000001,-37.178612960453165
-0.8277,-36.78249379649095
-0.8267000000000001,-36.20246216354629
-0.8257,-35.90537279057463
-0.8247000000000001,-35.50925362661242
-0.8237,-34.9150748806691
-0.8227000000000001,-34.60383839469879
-0.8217,-34.09454232674739
-0.8207000000000001,-33.825747179773025
-0.8197,-33.302303998822964
-0.8187000000000001,-32.99106751285265
-0.8177,-32.53835989689585
-0.8167000000000001,-32.21297629792688
-0.8157,-31.731974455972775
-0.8147000000000001,-31.505620647994366
-0.8137,-30.953883241047
-0.8127000000000001,-30.529469851087494
-0.8117,-30.260674704113132
-0.8107000000000001,-29.708937297165768
-0.8097,-29.34111235920086
-0.8087000000000001,-29.14305277721976
-0.8077,-28.633756709268344
-0.8067000000000001,-28.11031352831828
-0.8057,-27.940548172334477
-0.8047000000000001,-27.445399217381713
-0.8037,-27.14830984441005
-0.8027000000000001,-26.738043567449193
-0.8017,-26.483395533473487
-0.8007000000000001,-26.17215904750318
-0.7997,-25.747745657543668
-0.7987000000000001,-25.337479380582806
-0.7977,-25.1394197986017
-0.7967000000000001,-24.842330425630045
-0.7957,-24.545241052658387
-0.7947000000000001,-24.24815167968673
-0.7937,-23.86617962872317
-0.7927000000000001,-23.49835469075826
-0.7917,-23.257853769781203
-0.7907000000000001,-23.045647074801447
-0.7897,-22.819293266823045
-0.7887000000000001,-22.36658565086623
-0.7877,-22.168526068885125
-0.7867000000000001,-21.92802514790807
-0.7857,-21.645082887935057
-0.7847000000000001,-21.291405062968803
-0.7837,-21.036757028993097
-0.7827000000000001,-20.76796188201874
-0.7817,-20.400136944053827
-0.7807000000000001,-20.046459119087572
-0.7797,-20.06060623208622
-0.7787000000000001,-19.579604390132108
-0.7777,-19.452280373144255
-0.7767000000000001,-19.211779452167196
-0.7757,-19.070308322180697
-0.7747,-18.80151317520634
-0.7736999999999999,-18.57515936722793
-0.7727,-18.40539401124413
-0.7716999999999999,-18.15074597726842
-0.7707,-18.009274847281915
-0.7696999999999999,-17.584861457322408
-0.7687,-17.3302134233467
-0.7676999999999999,-17.2453307453548
-0.7667,-17.103859615368293
-0.7656999999999999,-16.93409425938449
-0.7647,-16.721887564404735
-0.7636999999999999,-16.410651078434423
-0.7627,-16.19844438345467
-0.7616999999999999,-16.085267479465468
-0.7607,-15.759883880496508
-0.7596999999999999,-15.731589654499205
-0.7587,-15.491088733522153
-0.7576999999999999,-15.264734925543747
-0.7567,-15.094969569559943
-0.7556999999999999,-14.741291744593681
-0.7547,-14.826174422585586
-0.7536999999999999,-14.514937936615278
-0.7527,-14.472496597619326
-0.7516999999999999,-14.050912630259544
-0.7507,-14.059400898058735
-0.7496999999999999,-13.827388244880868
-0.7487,-13.550104830107323
-0.7476999999999999,-13.56425194310597
-0.7467,-13.281309683132966
-0.7456999999999999,-13.118617883648485
-0.7447,-13.104470770649836
-0.7436999999999999,-12.869628694872238
-0.7427,-12.56970989930085
-0.7416999999999999,-12.508877313406655
-0.7407,-12.440971171013134
-0.7396999999999999,-12.186323137037425
-0.7387,-12.208958517835267
-0.7376999999999999,-12.081634500847414
-0.7367,-11.860939538068468
-0.7357000000000001,-11.783130416575892
-0.7347,-11.544044206898699
-0.7337000000000001,-11.432282014209362
-0.7327,-11.371449428315165
-0.7317000000000001,-11.177633980233654
-0.7307,-11.129533796038242
-0.7297000000000001,-10.94845074965552
-0.7287,-10.716438096477654
-0.7277000000000001,-10.67682618008143
-0.7267,-10.507060824097627
-0.7257000000000001,-10.44622823820343
-0.7247,-10.355686715012068
-0.7237000000000001,-10.290609995218277
-0.7227,-10.163285978230423
-0.7217000000000001,-10.082647434138115
-0.7207,-9.897320253855797
-0.7197000000000001,-9.82516997756268
-0.7187,-9.627110395581575
-0.7177000000000001,-9.574766077486567
-0.7167,-9.59174261308495
-0.7157000000000001,-9.44602734919885
-0.7147,-9.300312085312752
-0.7137000000000001,-9.24089421071842
-0.7127,-9.194208737822873
-0.7117000000000001,-9.037175783537855
-0.7107,-9.01595511403988
-0.7097000000000001,-8.833457356357288
-0.7087,-8.799504285160529
-0.7077000000000001,-8.626909506576993
-0.7067,-8.48543837659049
-0.7057000000000001,-8.424605790696294
-0.7047,-8.457144150593189
-0.7037000000000001,-8.26049927991195
-0.7027,-8.162884200221262
-0.7017000000000001,-8.147322375922746
-0.7007,-8.035560183233407
-0.6997000000000001,-7.9690687521397505
-0.6987,-7.937945103542721
-0.6977000000000001,-7.748373789360806
-0.6967,-7.759691479759726
-0.6957000000000001,-7.605487948074437
-0.6947,-7.503628734484154
-0.6937000000000001,-7.471090374587258
-0.6927,-7.431478458191038
-0.6917000000000001,-7.383378273995626
-0.6907,-7.267371947406693
-0.6897000000000001,-7.190977537213982
-0.6887,-7.127315528720055
-0.6877000000000001,-7.028285737729503
-0.6867,-6.961794306635846
-0.6857000000000001,-6.851446825246373
-0.6847,-6.685925603162163
-0.6837000000000001,-6.6958285822612185
-0.6827,-6.691584448361623
-0.6817000000000001,-6.627922439867697
-0.6807,-6.537380916676335
-0.6797000000000001,-6.405812765788886
-0.6787,-6.391665652790236
-0.6777000000000001,-6.264341635802381
-0.6767,-6.298294706999143
-0.6757000000000001,-6.149750020513314
-0.6747,-6.122870505815879
-0.6737000000000001,-5.930469769034234
-0.6727,-5.958763995031535
-0.6717000000000001,-5.917737367335448
-0.6707,-5.821536998944626
-0.6697000000000001,-5.7833397938482705
-0.6687,-5.828610555443951
-0.6677000000000001,-5.647527509061226
-0.6667,-5.657430488160282
-0.6657000000000001,-5.5838655005673
-0.6647,-5.537180027671754
-0.6637000000000001,-5.469273885278232
-0.6627,-5.414100144583495
-0.6617000000000001,-5.346194002189974
-0.6607,-5.231602386900906
-0.6597000000000001,-5.269799591997262
-0.6587,-5.214625851302525
-0.6577000000000001,-5.18774633660509
-0.6567,-5.085887123014808
-0.6557000000000001,-5.098619524713592
-0.6547,-4.924610034830192
-0.6537000000000001,-4.865192160235861
-0.6527,-4.836897934238561
-0.6517000000000001,-4.80860370824126
-0.6507,-4.750600544946793
-0.6497,-4.778894770944094
-0.6486999999999999,-4.640253063557321
-0.6477,-4.587908745462314
-0.6466999999999999,-4.5893234567621795
-0.6457,-4.498781933570816
-0.6446999999999999,-4.481805397972437
-0.6437,-4.467658284973785
-0.6426999999999999,-4.411069832979184
-0.6417,-4.3403342679859325
-0.6406999999999999,-4.280916393391601
-0.6397,-4.2611104351934905
-0.6386999999999999,-4.159251221603208
-0.6377,-4.1564217990034775
-0.6366999999999999,-4.159251221603208
-0.6357,-4.037586049814815
-0.6346999999999999,-4.007877112517649
-0.6337,-3.965435773521698
-0.6326999999999999,-3.9003590537279056
-0.6317,-3.8777236729300655
-0.6306999999999999,-3.9003590537279056
-0.6297,-3.7744497480399173
-0.6286999999999999,-3.7970851288377587
-0.6277,-3.716446584745451
-0.6266999999999999,-3.644296308452334
-0.6257,-3.6160020824550334
-0.6246999999999999,-3.5990255468566534
-0.6237,-3.515557580164616
-0.6226999999999999,-3.525460559263671
-0.6217,-3.4816045089678553
-0.6206999999999999,-3.392477697076358
-0.6197,-3.379745295377573
-0.6186999999999999,-3.392477697076358
-0.6177,-3.3344745337818917
-0.6166999999999999,-3.28071550438702
-0.6157,-3.2340300314914736
-0.6146999999999999,-3.2128093619934983
-0.6137,-3.193003403795388
-0.6126999999999999,-3.1024618806040256
-0.6117,-3.0911441902051053
-0.6107000000000001,-3.050117562509019
-0.6097,-3.000602667013743
-0.6087000000000001,-3.0076762235130676
-0.6077,-2.9624054619173865
-0.6067000000000001,-2.90157287602319
-0.6057,-2.88742576302454
-0.6047000000000001,-2.836496156229398
-0.6037,-2.8322520223298033
-0.6027000000000001,-2.737466365238846
-0.6017,-2.743125210438306
-0.6007000000000001,-2.734636942639116
-0.5997,-2.7148309844410052
-0.5987000000000001,-2.631363017748968
-0.5977,-2.631363017748968
-0.5967000000000001,-2.5747745657543666
-0.5957,-2.6058982143513973
-0.5947000000000001,-2.550724473656661
-0.5937,-2.463012373065029
-0.5927000000000001,-2.451694682666109
-0.5917,-2.4318887244679983
-0.5907000000000001,-2.3993503645711023
-0.5897,-2.412082766269888
-0.5887000000000001,-2.352664891675556
-0.5877,-2.318711820478795
-0.5867000000000001,-2.284758749282034
-0.5857,-2.279099904082574
-0.5847000000000001,-2.2706116362833835
-0.5837,-2.2225114520879723
-0.5827000000000001,-2.151775887094721
-0.5817,-2.151775887094721
-0.5807000000000001,-2.1432876192955304
-0.5797,-2.1418729079956655
-0.5787000000000001,-2.0782108995017388
-0.5777,-2.0329401379060577
-0.5767000000000001,-1.9961576441095665
-0.5757,-1.9989870667092968
-0.5747000000000001,-1.9749369746115912
-0.5737,-1.9749369746115912
-0.5727000000000001,-1.9480574599141556
-0.5717,-1.9452280373144257
-0.5707000000000001,-1.8759071836210386
-0.5697,-1.8702483384215782
-0.5687000000000001,-1.8179040203265722
-0.5677,-1.8023421960280568
-0.5667000000000001,-1.768389124831296
-0.5657,-1.7443390327335901
-0.5647000000000001,-1.7386801875341302
-0.5637,-1.7259477858353447
-0.5627000000000001,-1.7188742293360195
-0.5617,-1.7146300954364246
-0.5607000000000001,-1.6820917355395286
-0.5597,-1.6637004886412832
-0.5587000000000001,-1.6339915513441174
-0.5577,-1.6113561705462767
-0.5567000000000001,-1.5717442541500557
-0.5557,-1.5335470490536998
-0.5547000000000001,-1.5151558021554543
-0.5537,-1.5179852247551844
-0.5527000000000001,-1.4953498439573436
-0.5517,-1.4840321535584236
-0.5507000000000001,-1.4741291744593683
-0.5497,-1.4529085049613928
-0.5487000000000001,-1.426028990263957
-0.5477,-1.3770799792886268
-0.5467000000000001,-1.370430836179261
-0.5457,-1.3431269080918657
-0.5447000000000001,-1.346805157471515
-0.5437,-1.346239272951569
-0.5427000000000001,-1.3047882318655233
-0.5417,-1.2984220310161307
-0.5407000000000001,-1.2764940058682226
-0.5397,-1.256688047670112
-0.5387000000000001,-1.2418335790215291
-0.5377,-1.2251399856831218
-0.5367000000000001,-1.213114939634269
-0.5357,-1.1807180508673596
-0.5347000000000001,-1.1824157044271977
-0.5337,-1.1510091135701939
-0.5327000000000001,-1.1330422800619078
-0.5317,-1.1336081645818537
-0.5307000000000001,-1.1123874950838784
-0.5297,-1.0860738649063886
-0.5287000000000001,-1.0886203452461456
-0.5277,-1.0679655602681162
-0.5267000000000001,-1.0481596020700057
-0.5257,-1.0248168656222325
-0.5247,-1.0088306279337578
-0.5236999999999999,-0.9989276488347025
-0.5227,-0.9844975935760791
-0.5216999999999999,-0.9663892889378066
-0.5207,-0.960871914868333
-0.5196999999999999,-0.9349826980808027
-0.5187,-0.9242308922018284
-0.5176999999999999,-0.9259285457616666
-0.5167,-0.8987660888042578
-0.5156999999999999,-0.8915510611749462
-0.5147,-0.8816480820758908
-0.5136999999999999,-0.8679253824672
-0.5127,-0.8539197405985361
-0.5116999999999999,-0.8377920317800748
-0.5107,-0.828879350590925
-0.5096999999999999,-0.8182690158419373
-0.5087,-0.7980386442538671
-0.5076999999999999,-0.7861550693350008
-0.5067,-0.7779497437957836
-0.5056999999999999,-0.7768179747558916
-0.5047,-0.7595584968975382
-0.5036999999999999,-0.7458357972888473
-0.5027,-0.7288592616904669
-0.5016999999999999,-0.7210783495412092
-0.5007,-0.7076385921924914
-0.4996999999999999,-0.6975941419634496
-0.49870000000000003,-0.6842958557447183
-0.4976999999999999,-0.6792028950652041
-0.49670000000000003,-0.6702902138760544
-0.4956999999999999,-0.6521819092377819
-0.49470000000000003,-0.6424204012687131
-0.4936999999999999,-0.63364919120955
-0.4927,-0.6176629535210749
-0.4916999999999999,-0.6101649836317904
-0.4907,-0.6052134940822627
-0.4896999999999999,-0.5946031593332749
-0.4887,-0.5875296028339497
-0.4876999999999999,-0.5835684111943277
-0.4867,-0.5745142588751914
-0.48570000000000013,-0.5558400697169729
-0.4847,-0.5416929567183226
-0.48370000000000013,-0.5382976495986466
-0.4827,-0.5303752663194023
-0.48170000000000013,-0.5248578922499286
-0.4807,-0.5175013934906304
-0.4797000000000001,-0.5117010771611837
-0.4787,-0.504768991791845
-0.4777000000000001,-0.4933098302629383
-0.4767,-0.4841142068138156
-0.4757000000000001,-0.47124033398504367
-0.4747,-0.465157075395624
-0.4737000000000001,-0.45765910550633937
-0.4727,-0.45299055821678474
-0.4717000000000001,-0.4469072996273651
-0.4707,-0.4377116761782423
-0.4697000000000001,-0.4333260711486608
-0.4687,-0.42469633221948405
-0.4677000000000001,-0.4149348242504153
-0.4667,-0.40503184515136
-0.4657000000000001,-0.39809975978202133
-0.4647,-0.39187503006261515
-0.4637000000000001,-0.3890456074628851
-0.4627,-0.383952646783371
-0.4617000000000001,-0.37192760073451814
-0.4607,-0.36839082248485555
-0.4597000000000001,-0.3610343237255574
-0.4587,-0.3536778249662592
-0.4577000000000001,-0.34915074880669106
-0.4567,-0.3433504324772444
-0.4557000000000001,-0.33769158727778426
-0.4547,-0.3310424441684186
-0.4537000000000001,-0.32425182992906637
-0.4527,-0.31972475376949827
-0.4517000000000001,-0.31477326421997065
-0.4507,-0.3108120725803486
-0.4497000000000001,-0.30430440060096936
-0.4487,-0.30006026670137426
-0.4477000000000001,-0.2956746616717927
-0.4467,-0.2888840474324405
-0.4457000000000001,-0.2820934331930883
-0.4447,-0.27530281895373615
-0.4437000000000001,-0.269643973754276
-0.4427,-0.2628533595149239
-0.4417000000000001,-0.2567701009255041
-0.4407,-0.25309185154585506
-0.4397000000000001,-0.24913065990623293
-0.4387,-0.24502799713662435
-0.4377000000000001,-0.2393691519371642
-0.4367,-0.23583237368750162
-0.4357000000000001,-0.23116382639794697
-0.4347,-0.2250805678085273
-0.4337000000000001,-0.22154378955886472
-0.4327,-0.21744112678925615
-0.4317000000000001,-0.21362140627962053
-0.43069999999999997,-0.21065051254990397
-0.4297000000000001,-0.20697226317025488
-0.42869999999999997,-0.20301107153063278
-0.4277000000000001,-0.19622045729128057
-0.42669999999999997,-0.1931080924315775
-0.4257000000000001,-0.18928837192194192
-0.42469999999999997,-0.18334658446250876
-0.4237000000000001,-0.17811215265300812
-0.42269999999999996,-0.17584861457322407
-0.4217000000000001,-0.172736249713521
-0.42069999999999996,-0.1696238848538179
-0.4197000000000001,-0.16523827982423628
-0.41869999999999996,-0.16000384801473563
-0.41770000000000007,-0.15788178106493808
-0.41669999999999996,-0.15307176264539696
-0.41570000000000007,-0.1512326379555724
-0.41469999999999996,-0.14613967727605828
-0.41370000000000007,-0.1427443701563822
-0.41269999999999996,-0.13936321014970476
-0.41170000000000007,-0.13551519541407187
-0.41069999999999995,-0.13264333147534585
-0.40970000000000006,-0.12880946385271158
-0.40869999999999995,-0.12477753664809622
-0.40770000000000006,-0.12261302835930274
-0.40669999999999995,-0.11998166534155377
-0.40570000000000006,-0.11824157044271978
-0.40469999999999995,-0.11613365060592087
-0.40370000000000006,-0.11156413310735679
-0.40269999999999995,-0.10821126732667666
-0.40170000000000006,-0.10499987267598301
-0.40069999999999995,-0.10205727317226375
-0.39970000000000006,-0.09996350044846349
-0.39869999999999994,-0.0980536401936457
-0.39770000000000005,-0.09594572035684679
-0.39669999999999994,-0.0946300388479723
-0.39570000000000005,-0.09131961440628812
-0.39469999999999994,-0.08789601306061473
-0.39370000000000005,-0.08469876552291973
-0.39269999999999994,-0.08195422560118158
-0.39170000000000005,-0.0792945683574353
-0.39069999999999994,-0.0767339409046796
-0.38970000000000005,-0.07448454993789419
-0.38869999999999993,-0.07205124650212633
-0.38770000000000004,-0.0695472075013652
-0.38669999999999993,-0.06820323176649341
-0.38570000000000004,-0.06453912949984296
-0.38469999999999993,-0.06316685953897387
-0.38370000000000004,-0.0614550588661372
-0.38269999999999993,-0.05871051894439902
-0.38170000000000004,-0.05640453952561902
-0.3806999999999999,-0.05431076680181876
-0.37970000000000004,-0.0518491691400536
-0.3786999999999999,-0.04910462921831542
-0.37770000000000004,-0.04767577080545173
-0.3766999999999999,-0.04556785096865284
-0.37570000000000003,-0.04364384360083638
-0.3746999999999999,-0.04111151037407796
-0.37370000000000003,-0.03826794066134924
-0.3726999999999999,-0.03644296308452335
-0.37170000000000003,-0.034745309524685304
-0.3706999999999999,-0.03375501161477978
-0.36970000000000003,-0.031095354371033508
-0.3686999999999999,-0.029015728760231903
-0.3677,-0.027799077042347967
-0.3666999999999999,-0.026412659968480235
-0.3657,-0.024149121888696175
-0.3646999999999999,-0.022989058622806844
-0.3637,-0.02075381476902009
-0.3626999999999999,-0.01891469007919554
-0.3617,-0.017570714344323755
-0.36070000000000013,-0.016552122208420932
-0.3597,-0.014769585970590984
-0.35870000000000013,-0.012377309162519206
-0.3577,-0.009948249860650939
-0.35670000000000013,-0.008817895532058775
-0.3557,-0.0059856435097289705
-0.3547000000000001,-0.004826994955139506
-0.3537,-0.0034165277891740633
-0.3527000000000001,-0.0025096978459605746
-0.3517,-0.000597432581933005
-0.3507000000000001,0.0015377911829532948
-0.3497,0.0032693978139881
-0.3487000000000001,0.004552540962965688
-0.3477,0.005306582085793753
-0.3467000000000001,0.006772222992453929
-0.3457,0.008587297590180771
-0.3447000000000001,0.010219874430225024
-0.3437,0.011726541964581288
-0.3427000000000001,0.013387413030622844
-0.3417,0.014741291744593682
-0.3407000000000001,0.016354062626439823
-0.3397,0.017570714344323755
-0.3387000000000001,0.019452280373144254
-0.3377,0.021135786819983647
-0.3367000000000001,0.02238073276386488
-0.3357,0.023809591176728567
-0.3347000000000001,0.025592127414558512
-0.3337,0.026766337793446494
-0.3327000000000001,0.02809616641531963
-0.3317,0.02973723152316307
-0.3307000000000001,0.03123682550102001
-0.3297,0.032425182992906636
-0.3287000000000001,0.03403795387475279
-0.3277,0.03478775086368125
-0.3267000000000001,0.036032696807562485
-0.3257,0.038154763757360044
-0.3247000000000001,0.03925823857125477
-0.3237,0.040644655645122506
-0.3227000000000001,0.041535923764037475
-0.3217,0.04269598702992681
-0.3207000000000001,0.044464376154758095
-0.3197,0.04559614519465013
-0.3187000000000001,0.0478596832744342
-0.3177,0.049005599427324874
-0.3167000000000001,0.05040616361419126
-0.3157,0.05092960679514132
-0.3147000000000001,0.05233017098200771
-0.3137,0.054254178349824156
-0.3127000000000001,0.056291362621629815
-0.3117,0.05705530672355694
-0.3107000000000001,0.05913493233435853
-0.3097,0.06008278890526811
-0.3087000000000001,0.061412617527141236
-0.3077,0.06284147594000493
-0.3067000000000001,0.06405812765788886
-0.30569999999999997,0.06534551494076604
-0.3047000000000001,0.06663290222364322
-0.30369999999999997,0.06825982021848803
-0.3027000000000001,0.06970282574435036
-0.30169999999999997,0.07141462641718704
-0.3007000000000001,0.07251810123108177
-0.29969999999999997,0.07437137303390498
-0.2987000000000001,0.07540411228280645
-0.29769999999999996,0.07623879194972684
-0.2967000000000001,0.07817694643054193
-0.29569999999999996,0.07950677505241506
-0.2947000000000001,0.081006369030272
-0.29369999999999996,0.0826049927991195
-0.29270000000000007,0.08447241171494134
-0.29169999999999996,0.08549100385084417
-0.29070000000000007,0.08730183431467141
-0.28969999999999996,0.0891268118914973
-0.28870000000000007,0.09047078762636909
-0.28769999999999996,0.09172988068324898
-0.28670000000000007,0.09386609474604518
-0.28569999999999995,0.09590327901785084
-0.28470000000000006,0.09736043165671183
-0.28369999999999995,0.09866196605258765
-0.28270000000000006,0.09973714664048508
-0.28169999999999995,0.10064256187239871
-0.28070000000000006,0.1036983382801072
-0.27969999999999995,0.10444813526903567
-0.27870000000000006,0.10672582046181836
-0.27769999999999995,0.1078292952757131
-0.27670000000000006,0.10889032875061187
-0.27569999999999995,0.11033333427647421
-0.27470000000000006,0.11190366381932441
-0.27369999999999994,0.11405402499511925
-0.27270000000000005,0.11494529311403422
-0.27169999999999994,0.11759080324478184
-0.27070000000000005,0.11981189998556994
-0.26969999999999994,0.12078805078247684
-0.26870000000000005,0.12285352928027979
-0.26769999999999994,0.12466435974410703
-0.26670000000000005,0.12634786619094643
-0.26569999999999994,0.12814454954177504
-0.26470000000000005,0.1299129386666063
-0.26369999999999993,0.13217647674639038
-0.26270000000000004,0.13387413030622844
-0.26169999999999993,0.1353029887190921
-0.26070000000000004,0.1363923164199882
-0.25969999999999993,0.1387265900647655
-0.25870000000000004,0.1397451822006683
-0.25769999999999993,0.14138624730851176
-0.25670000000000004,0.14401761032626076
-0.2556999999999999,0.14613967727605828
-0.25470000000000004,0.14812027309586934
-0.2536999999999999,0.1496764555257209
-0.25270000000000004,0.1506667534356264
-0.2516999999999999,0.15278882038542396
-0.25070000000000003,0.15462794507524852
-0.24969999999999992,0.15618412750510002
-0.24870000000000003,0.15816472332491108
-0.24769999999999992,0.15986237688474914
-0.24670000000000003,0.16212591496453319
-0.24569999999999992,0.16382356852437122
-0.24470000000000003,0.1659456354741688
-0.24369999999999992,0.16849211581392587
-0.24270000000000003,0.16990682711379093
-0.24169999999999991,0.17202889406358848
-0.24070000000000003,0.17358507649344
-0.2396999999999999,0.17528273005327805
-0.23870000000000002,0.17782921039303512
-0.2376999999999999,0.17952686395287318
-0.23670000000000002,0.18009274847281917
-0.23570000000000013,0.18320511333252223
-0.23470000000000002,0.18362952672248176
-0.23370000000000013,0.1861760070622388
-0.23270000000000002,0.18815660288204988
-0.23170000000000013,0.18985425644188791
-0.23070000000000002,0.19268367904161798
-0.22970000000000013,0.19423986147146954
-0.22870000000000001,0.1965033995512536
-0.22770000000000012,0.19862546650105112
-0.2267,0.19975723554094318
-0.22570000000000012,0.20230371588070023
-0.2247,0.2044257828304978
-0.22370000000000012,0.20626490752032234
-0.2227,0.2088113878600794
-0.22170000000000012,0.21149933932982298
-0.2207,0.21333846401964754
-0.21970000000000012,0.2153190598394586
-0.2187,0.21744112678925615
-0.21770000000000012,0.22097790503891873
-0.2167,0.2228170297287433
-0.2157000000000001,0.22465615441856782
-0.2147,0.22607086571843285
-0.2137000000000001,0.2279099904082574
-0.2127,0.23017352848804143
-0.2117000000000001,0.23144676865792
-0.2107,0.23385177786769054
-0.2097000000000001,0.23625678707746112
-0.2087,0.23908620967719119
-0.2077000000000001,0.24064239210704275
-0.2067,0.24248151679686727
-0.2057000000000001,0.2437547569667458
-0.2047,0.24644270843648935
-0.2037000000000001,0.24927213103621945
-0.2027,0.24997948668615194
-0.2017000000000001,0.25295038041586854
-0.2007,0.2552139184956526
-0.1997000000000001,0.25705304318547717
-0.1987,0.2584677544853422
-0.1977000000000001,0.2611557059550858
-0.19669999999999999,0.2628533595149239
-0.1957000000000001,0.2651168975947079
-0.19469999999999998,0.2666730800245595
-0.1937000000000001,0.269361031494303
-0.19269999999999998,0.270209858274222
-0.1917000000000001,0.2731807520039386
-0.1907000000000001,0.2765760591236147
-0.1897000000000002,0.2801128373732773
-0.1887000000000001,0.2818104909331153
-0.1877000000000002,0.28322520223298037
-0.1867000000000001,0.2849228557928184
-0.1857000000000002,0.2869034516126294
-0.1847000000000001,0.28930846082239997
-0.1837000000000002,0.29029875873230554
-0.18270000000000008,0.2931281813320356
-0.1817000000000002,0.29510877715184664
-0.18070000000000008,0.29652348845171167
-0.1797000000000002,0.30006026670137426
-0.17870000000000008,0.30147497800123935
-0.1777000000000002,0.3038799872110099
-0.17670000000000008,0.30571911190083445
-0.1757000000000002,0.30883147676053746
-0.17470000000000008,0.31123648597030806
-0.1737000000000002,0.3139244374400516
-0.17270000000000008,0.31576356212987616
-0.17170000000000019,0.3178856290796737
-0.17070000000000007,0.3191588692495523
-0.16970000000000018,0.3218468207192958
-0.16870000000000007,0.3248177144490124
-0.16770000000000018,0.32651536800885045
-0.16670000000000007,0.32948626173856704
-0.16570000000000018,0.33217421320831064
-0.16470000000000007,0.3344377512880947
-0.16370000000000018,0.33726717388782473
-0.16270000000000007,0.33698423162785174
-0.16170000000000018,0.34066248100750085
-0.16070000000000007,0.3426430768273119
-0.15970000000000018,0.34476514377710943
-0.15870000000000006,0.3458969128170015
-0.15770000000000017,0.3492922199366776
-0.15670000000000006,0.3532534115762997
-0.15570000000000017,0.35509253626612425
-0.15470000000000006,0.35594136304604324
-0.15370000000000017,0.3572146032159218
-0.15270000000000006,0.3611757948555439
-0.15170000000000017,0.36414668858526045
-0.15070000000000006,0.3649955153651795
-0.14970000000000017,0.36796640909489603
-0.14870000000000005,0.37107877395459915
-0.14770000000000016,0.37263495638445066
-0.14670000000000005,0.3754643789841807
-0.14570000000000016,0.3773035036740053
-0.14470000000000005,0.3792840994938163
-0.14370000000000016,0.3802743974037219
-0.14270000000000005,0.38112322418364086
-0.14170000000000016,0.3832452911334384
-0.14070000000000005,0.3872064827730605
-0.13970000000000016,0.3900359053727906
-0.13870000000000005,0.3907432610227231
-0.13770000000000016,0.3948459237923317
-0.13670000000000004,0.3965435773521698
-0.13570000000000015,0.39951447108188637
-0.13470000000000004,0.4027683070715759
-0.13370000000000015,0.404183018371441
-0.13270000000000004,0.40658802758121154
-0.13170000000000015,0.4081442100110631
-0.13070000000000004,0.40984186357090113
-0.12970000000000015,0.4126712861706312
-0.12870000000000004,0.4164910066802668
-0.12770000000000015,0.4197448426699564
-0.12670000000000003,0.42087661170984847
-0.12570000000000014,0.423847505439565
-0.12470000000000003,0.4265354569093086
-0.12370000000000014,0.42865752385910616
-0.12270000000000003,0.4296478217690116
-0.12170000000000014,0.43261871549872827
-0.12070000000000003,0.43615549374839085
-0.11970000000000014,0.4375702050482558
-0.11870000000000003,0.44025815651799943
-0.11770000000000014,0.443794934767662
-0.11670000000000003,0.44549258832750005
-0.11570000000000014,0.44874642431718964
-0.11470000000000002,0.44931230883713563
-0.11370000000000013,0.4515758469169197
-0.11270000000000002,0.45511262516658224
-0.11170000000000013,0.45681027872642027
-0.11070000000000024,0.45963970132615045
-0.10970000000000013,0.4616202971459614
-0.10870000000000024,0.46317647957581304
-0.10770000000000013,0.4661473733055296
-0.10670000000000024,0.46742061347540814
-0.10570000000000013,0.4708159205950842
-0.10470000000000024,0.4720891607649627
-0.10370000000000013,0.4733624009348413
-0.10270000000000024,0.47689917918450386
-0.10170000000000012,0.48086037082412597
-0.10070000000000023,0.4848215624637481
-0.09970000000000012,0.4890656963633432
-0.09870000000000023,0.49104629218315415
-0.09770000000000012,0.4917536478330867
-0.09670000000000023,0.4927439457429922
-0.09570000000000012,0.4944415993028303
-0.09470000000000023,0.49755396416253334
-0.09370000000000012,0.4999589733723039
-0.09270000000000023,0.502505453712061
-0.09170000000000011,0.5059007608317371
-0.09070000000000022,0.5091545968214266
-0.08970000000000011,0.5095790102113862
-0.08870000000000022,0.5122669616811297
-0.08770000000000011,0.5131157884610488
-0.08670000000000022,0.5149549131508734
-0.08570000000000011,0.5172184512306574
-0.08470000000000022,0.5206137583503335
-0.08370000000000011,0.5211796428702795
-0.08270000000000022,0.5220284696501986
-0.0817000000000001,0.5244334788599692
-0.08070000000000022,0.5241505365999961
-0.0797000000000001,0.5261311324198072
-0.07870000000000021,0.5285361416295777
-0.0777000000000001,0.5300923240594293
-0.07670000000000021,0.5346194002189975
-0.0757000000000001,0.5346194002189975
-0.07470000000000021,0.5363170537788354
-0.0737000000000001,0.5388635341185926
-0.07270000000000021,0.5412685433283632
-0.0717000000000001,0.5414100144583496
-0.07070000000000021,0.5431076680181876
-0.0697000000000001,0.5435320814081471
-0.0687000000000002,0.5439564947981066
-0.0677000000000001,0.5455126772279582
-0.0667000000000002,0.5467859173978367
-0.06570000000000009,0.5486250420876613
-0.0647000000000002,0.5489079843476343
-0.06370000000000009,0.5484835709576747
-0.0627000000000002,0.5483420998276882
-0.06170000000000009,0.5490494554776209
-0.0607000000000002,0.5482006286977017
-0.059700000000000086,0.5493323977375938
-0.058700000000000196,0.5501812245175128
-0.057700000000000085,0.5520203492073373
-0.056700000000000195,0.5513129935574048
-0.05570000000000008,0.5508885801674454
-0.05470000000000019,0.5518788780773508
-0.05370000000000008,0.5510300512974318
-0.05270000000000019,0.5511715224274183
-0.05170000000000008,0.5510300512974318
-0.05070000000000019,0.5496153399975668
-0.04970000000000008,0.5501812245175128
-0.04870000000000019,0.5479176864377286
-0.047700000000000076,0.5483420998276882
-0.046700000000000186,0.5462200328778907
-0.045700000000000074,0.5457956194879312
-0.044700000000000184,0.5445223793180526
-0.04370000000000007,0.5446638504480392
-0.04270000000000018,0.5431076680181876
-0.04170000000000007,0.5424003123682551
-0.04070000000000018,0.5411270721983766
-0.03970000000000007,0.539853832028498
-0.03870000000000018,0.537590293948714
-0.03770000000000007,0.5363170537788354
-0.03670000000000018,0.5327802755291728
-0.035700000000000065,0.5313655642293078
-0.034700000000000175,0.5285361416295777
-0.03370000000000006,0.5271214303297127
-0.03270000000000017,0.5274043725896858
-0.03170000000000006,0.5227358253001311
-0.03070000000000017,0.5203308160903605
-0.02970000000000006,0.5228772964301176
-0.02870000000000017,0.5231602386900907
-0.027700000000000058,0.5214625851302525
-0.026700000000000168,0.5183502202705494
-0.025700000000000056,0.5136816729809948
-0.024700000000000166,0.5124084328111163
-0.023700000000000054,0.5100034236013458
-0.022700000000000164,0.5085887123014806
-0.021700000000000053,0.5077398855215616
-0.020700000000000163,0.5059007608317371
-0.01970000000000005,0.5020810403221014
-0.01870000000000016,0.49896867546239837
-0.01770000000000005,0.49599778173268183
-0.01670000000000016,0.4968466085126009
-0.015700000000000047,0.4971295507725738
-0.014700000000000157,0.4941586570428573
-0.013700000000000045,0.4913292344431272
-0.012700000000000156,0.4859533315036401
-0.011700000000000044,0.4845386202037751
-0.010700000000000154,0.48552891811368054
-0.009700000000000042,0.48312390890391005
-0.008700000000000152,0.480577428564153
-0.00770000000000004,0.4784553616143554
-0.00670000000000015,0.4795871306542474
-0.005700000000000038,0.47916271726428794
-0.0047000000000001485,0.47548446788463883
-0.0037000000000000366,0.4733624009348413
-0.0027000000000001467,0.47010856494515163
-0.0017000000000000348,0.47053297833511115
-0.000700000000000145,0.4691182670352462
0.00029999999999996696,0.46812796912534066
0.0012999999999998568,0.4655814887855836
0.0022999999999999687,0.4667132578254756
0.0032999999999998586,0.465157075395624
0.0042999999999999705,0.465157075395624
0.00529999999999986,0.461478826015975
0.006299999999999972,0.4549711540365957
0.007299999999999862,0.45383938499670373
0.008299999999999974,0.4520002603068792
0.009299999999999864,0.45242467369683875
0.010299999999999976,0.45242467369683875
0.011299999999999866,0.45171731804690624
0.012299999999999978,0.45171731804690624
0.013299999999999867,0.4088515656609956
0.012299999999999978,0.3640052174552739
0.011299999999999866,0.33726717388782473
0.010299999999999976,0.3173197445597277
0.009299999999999864,0.3011920357412663
0.008299999999999974,0.28605462483271044
0.007299999999999862,0.2700683871442355
0.006299999999999972,0.2562042164055581
0.00529999999999986,0.24559388165657034
0.0042999999999999705,0.23187118204787951
0.0032999999999998586,0.22154378955886472
0.0022999999999999687,0.21347993514963404
0.0012999999999998568,0.2066893209102819
0.00029999999999996696,0.19438133260145604
-0.000700000000000145,0.18660042045219835
-0.0017000000000000348,0.1783950949129811
-0.0027000000000001467,0.17132153841365594
-0.0037000000000000366,0.16339915513441172
-0.0047000000000001485,0.15604265637511353
-0.005700000000000038,0.14939351326574787
-0.00670000000000015,0.14401761032626076
-0.00770000000000004,0.13749579123388292
-0.008700000000000152,0.13340727557727297
-0.009700000000000042,0.12796063707279257
-0.010700000000000154,0.12351844359121636
-0.011700000000000044,0.11985434132456589
-0.012700000000000156,0.11566679587696539
-0.013700000000000045,0.10932888925357002
-0.014700000000000157,0.10365589694111124
-0.015700000000000047,0.09938346881551882
-0.01670000000000016,0.09663892889378066
-0.01770000000000005,0.09304556219212347
-0.01870000000000016,0.09007466846240689
-0.01970000000000005,0.08570321054582393
-0.020700000000000163,0.08196837271418023
-0.021700000000000053,0.07977557019938941
-0.022700000000000164,0.07480993353686313
-0.023700000000000054,0.07057994675026667
-0.024700000000000166,0.06855690959145967
-0.025700000000000056,0.06599628213870397
-0.026700000000000168,0.06286977016600223
-0.027700000000000058,0.05943202170733019
-0.02870000000000017,0.05643283375161631
-0.02970000000000006,0.05336291023090918
-0.03070000000000017,0.05054763474417776
-0.03170000000000006,0.04866606871535726
-0.03270000000000017,0.04592152879361909
-0.03370000000000006,0.04290819372490656
-0.034700000000000175,0.04016365380316839
-0.035700000000000065,0.03761717346341132
-0.03670000000000018,0.03600440258156519
-0.03770000000000007,0.03375501161477978
-0.03870000000000018,0.03149147353499571
-0.03970000000000007,0.030345557382105034
-0.04070000000000018,0.02820934331930883
-0.04170000000000007,0.02591751101352747
-0.04270000000000018,0.023639825820744764
-0.04370000000000007,0.021135786819983647
-0.044700000000000184,0.019537163051136158
-0.045700000000000074,0.017952686395287316
-0.046700000000000186,0.016028679027470863
-0.047700000000000076,0.014755438857592333
-0.04870000000000019,0.012216032074334592
-0.04970000000000008,0.011014942180749176
-0.05070000000000019,0.010163285978230423
-0.05170000000000008,0.009006052134940823
-0.05270000000000019,0.00713438908521938
-0.05370000000000008,0.00578051037124854
-0.05470000000000019,0.0041903748702002384
-0.05570000000000008,0.0029751378636161717
-0.056700000000000195,0.0013286968528332425
-0.057700000000000085,-0.00040191948029165696
-0.058700000000000196,-0.0015887207897484362
-0.059700000000000086,-0.0032637389687886396
-0.0607000000000002,-0.004770406503144903
-0.06170000000000009,-0.006305368263498468
-0.0627000000000002,-0.008287378794609385
-0.06370000000000009,-0.008358114359602637
-0.0647000000000002,-0.010340124890713552
-0.06570000000000009,-0.012558392208901932
-0.0667000000000002,-0.013466636863415286
-0.0677000000000001,-0.014387613919627423
-0.0687000000000002,-0.015519382959519455
-0.0697000000000001,-0.016637004886412832
-0.07070000000000021,-0.017372654762342652
-0.0717000000000001,-0.018009274847281917
-0.07270000000000021,-0.019423986147146955
-0.0737000000000001,-0.021347993514963404
-0.07470000000000021,-0.02318711820478795
-0.0757000000000001,-0.024318887244679982
-0.07670000000000021,-0.025167714024599004
-0.0777000000000001,-0.02591751101352747
-0.07870000000000021,-0.026893661810434347
-0.0797000000000001,-0.027063427166418155
-0.08070000000000022,-0.028704492274261594
-0.0817000000000001,-0.030628499642078044
-0.08270000000000022,-0.031972475376949826
-0.08370000000000011,-0.033061803077845904
-0.08470000000000022,-0.033924776970763584
-0.08570000000000011,-0.03470286818568935
-0.08670000000000022,-0.03569316609559487
-0.08770000000000011,-0.036471257310520644
-0.08870000000000022,-0.03736252542943562
-0.08970000000000011,-0.03884797229429391
-0.09070000000000022,-0.039682651961214274
-0.09170000000000011,-0.04094174501809417
-0.09270000000000023,-0.042016925605991594
-0.09370000000000012,-0.04275257548192141
-0.09470000000000023,-0.04354481380984583
-0.09570000000000012,-0.04419558100778375
-0.09670000000000023,-0.04505855490070142
-0.09770000000000012,-0.045963970132615044
-0.09870000000000023,-0.04718062185049897
-0.09970000000000012,-0.04862362737636131
-0.10070000000000023,-0.04948660126927898
-0.10170000000000012,-0.05033542804919801
-0.10270000000000024,-0.051297431733106226
-0.10370000000000013,-0.05163696244507385
-0.10470000000000024,-0.05281117282396182
-0.10570000000000013,-0.05431076680181876
-0.10670000000000024,-0.054791768643772866
-0.10770000000000013,-0.05596597902266085
-0.10870000000000024,-0.05661674622059877
-0.10970000000000013,-0.05701286538456098
-0.11070000000000024,-0.05743727877452049
-0.11170000000000013,-0.05943202170733019
-0.11270000000000002,-0.06054964363422357
-0.11370000000000013,-0.06056379074722222
-0.11470000000000002,-0.06207753183807782
-0.11570000000000014,-0.06306782974798335
-0.11670000000000003,-0.06322344799096849
-0.11770000000000014,-0.06459571795183758
-0.11870000000000003,-0.06576992833072555
-0.11970000000000014,-0.06615190038168911
-0.12070000000000003,-0.06728366942158114
-0.12170000000000014,-0.06831640867048261
-0.12270000000000003,-0.06857105670445833
-0.12370000000000014,-0.07012723913430988
-0.12470000000000003,-0.07130144951319785
-0.12570000000000014,-0.07158439177317086
-0.12670000000000003,-0.07253224834408044
-0.12770000000000015,-0.0732254568810143
-0.12870000000000004,-0.07401769520893872
-0.12970000000000015,-0.0752767882658186
-0.13070000000000004,-0.07574364299477407
-0.13170000000000015,-0.07674808801767824
-0.13270000000000004,-0.07768179747558916
-0.13370000000000015,-0.07836085889952438
-0.13470000000000004,-0.07949262793941642
-0.13570000000000015,-0.08034145471933543
-0.13670000000000004,-0.08104881036926795
-0.13770000000000016,-0.08232205053914649
-0.13870000000000005,-0.08276061104210465
-0.13970000000000016,-0.08409043966397778
-0.14070000000000005,-0.08461388284492784
-0.14170000000000016,-0.08481194242690895
-0.14270000000000005,-0.08624080083977263
-0.14370000000000016,-0.08666521422973215
-0.14470000000000005,-0.08782527749562147
-0.14570000000000016,-0.08916925323049325
-0.14670000000000005,-0.08998978578441498
-0.14770000000000016,-0.09109326059830972
-0.14870000000000005,-0.09168743934425302
-0.14970000000000017,-0.09266359014115991
-0.15070000000000006,-0.09341338713008837
-0.15170000000000017,-0.09419147834501414
-0.15270000000000006,-0.09533739449790483
-0.15370000000000017,-0.09631354529481169
-0.15470000000000006,-0.09704919517074152
-0.15570000000000017,-0.09813852287163759
-0.15670000000000006,-0.09948249860650937
-0.15770000000000017,-0.10031717827342976
-0.15870000000000006,-0.1015904184433083
-0.15970000000000018,-0.1019016549292786
-0.16070000000000007,-0.10290609995218276
-0.16170000000000018,-0.1038398094100937
-0.16270000000000007,-0.10466034196401541
-0.16370000000000018,-0.10509890246697358
-0.16470000000000007,-0.10635799552385346
-0.16570000000000018,-0.10744732322474954
-0.16670000000000007,-0.10873471050762673
-0.16770000000000018,-0.10921571234958084
-0.16870000000000007,-0.11031918716347557
-0.16970000000000018,-0.11121045528239053
-0.17070000000000007,-0.11214416474030146
-0.17170000000000019,-0.11323349244119754
-0.17270000000000008,-0.11406817210811791
-0.1737000000000002,-0.11474723353205314
-0.17470000000000008,-0.11630341596190466
-0.1757000000000002,-0.11691174182084664
-0.17670000000000008,-0.1178030099397616
-0.1777000000000002,-0.11890648475365632
-0.17870000000000008,-0.11967042885558345
-0.1797000000000002,-0.12037778450551596
-0.18070000000000008,-0.12156614199740261
-0.1817000000000002,-0.12258473413330541
-0.18270000000000008,-0.12394285698117587
-0.1837000000000002,-0.12497559623007734
-0.1847000000000001,-0.12575368744500312
-0.1857000000000002,-0.12668739690291403
-0.1867000000000001,-0.12767769481281957
-0.1877000000000002,-0.12868213983572377
-0.1887000000000001,-0.12984220310161304
-0.1897000000000002,-0.1315398566614511
-0.1907000000000001,-0.13254430168435527
-0.1917000000000001,-0.1330535977523067
-0.19269999999999998,-0.13337898135127566
-0.1937000000000001,-0.13486442821613395
-0.19469999999999998,-0.13615181549901115
-0.1957000000000001,-0.13750993834688158
-0.19669999999999999,-0.13825973533581
-0.1977000000000001,-0.13868414872576956
-0.1987,-0.13985835910465752
-0.1997000000000001,-0.14028277249461704
-0.2007,-0.14141454153450908
-0.2017000000000001,-0.1433102546763282
-0.2027,-0.14444202371622025
-0.2037000000000001,-0.14500790823616627
-0.2047,-0.14642261953603128
-0.2057000000000001,-0.14769585970590982
-0.2067,-0.14911057100577488
-0.2077000000000001,-0.1498179266557074
-0.2087,-0.1508082245656129
-0.2097000000000001,-0.15165705134553195
-0.2107,-0.15278882038542396
-0.2117000000000001,-0.15448647394526202
-0.2127,-0.155335300725181
-0.2137000000000001,-0.15590118524512703
-0.2147,-0.15717442541500556
-0.2157000000000001,-0.1585891367148706
-0.2167,-0.15943796349478964
-0.21770000000000012,-0.16071120366466815
-0.2187,-0.16127708818461417
-0.21970000000000012,-0.1629747417444522
-0.2207,-0.16438945304431726
-0.22170000000000012,-0.1658041643441823
-0.2227,-0.16764328903400685
-0.22370000000000012,-0.16792623129397988
-0.2247,-0.16905800033387192
-0.22570000000000012,-0.17004829824377743
-0.2267,-0.17132153841365594
-0.22770000000000012,-0.17231183632356148
-0.22870000000000001,-0.173019191973494
-0.22970000000000013,-0.17415096101338604
-0.23070000000000002,-0.17499978779330505
-0.23170000000000013,-0.1766974413531431
-0.23270000000000002,-0.1769803836131161
-0.23370000000000013,-0.17811215265300812
-0.23470000000000002,-0.1805171618627787
-0.23570000000000013,-0.18094157525273818
-0.23670000000000002,-0.18221481542261672
-0.2376999999999999,-0.18306364220253574
-0.23870000000000002,-0.1849027668923603
-0.2396999999999999,-0.1860345359322523
-0.24070000000000003,-0.18759071836210386
-0.24169999999999991,-0.19042014096183393
-0.24270000000000003,-0.18957131418191492
-0.24369999999999992,-0.19056161209182043
-0.24470000000000003,-0.192966621301591
-0.24569999999999992,-0.19409839034148305
-0.24670000000000003,-0.19579604390132105
-0.24769999999999992,-0.1966448706812401
-0.24870000000000003,-0.19820105311109162
-0.24969999999999992,-0.19904987989101067
-0.25070000000000003,-0.20004017780091618
-0.2516999999999999,-0.20187930249074074
-0.25270000000000004,-0.20343548492059227
-0.2536999999999999,-0.20555755187038985
-0.25470000000000004,-0.2076796188201874
-0.2556999999999999,-0.2076796188201874
-0.25670000000000004,-0.2076796188201874
-0.25769999999999993,-0.2086699167300929
-0.25870000000000004,-0.21008462802995795
-0.25969999999999993,-0.21149933932982298
-0.26070000000000004,-0.21305552175967452
-0.26169999999999993,-0.21390434853959353
-0.26270000000000004,-0.21489464644949907
-0.26369999999999993,-0.21659230000933713
-0.26470000000000005,-0.21857289582914816
-0.26569999999999994,-0.2198461359990267
-0.26670000000000005,-0.22111937616890526
-0.26769999999999994,-0.22210967407881074
-0.26870000000000005,-0.2229585008587298
-0.26969999999999994,-0.2242317410286083
-0.27070000000000005,-0.22493909667854084
-0.27169999999999994,-0.22635380797840585
-0.27270000000000005,-0.22748557701829786
-0.27369999999999994,-0.22805146153824393
-0.27470000000000006,-0.22918323057813594
-0.27569999999999995,-0.22918323057813594
-0.27670000000000006,-0.23088088413797397
-0.27769999999999995,-0.2313052975279335
-0.27870000000000006,-0.23356883560771755
-0.27969999999999995,-0.2345591335176231
-0.28070000000000006,-0.23583237368750162
-0.28169999999999995,-0.2368226715974071
-0.28270000000000006,-0.23795444063729917
-0.28369999999999995,-0.2386617962872317
-0.28470000000000006,-0.2397935653271237
-0.28569999999999995,-0.24191563227692126
-0.28670000000000007,-0.24276445905684027
-0.28769999999999996,-0.24333034357678635
-0.28870000000000007,-0.24417917035670533
-0.28969999999999996,-0.24545241052658387
-0.29070000000000007,-0.24644270843648935
-0.29169999999999996,-0.2482818331263139
-0.29270000000000007,-0.2482818331263139
-0.29369999999999996,-0.250828313466071
-0.2947000000000001,-0.251111255726044
-0.29569999999999996,-0.2515356691160035
-0.2967000000000001,-0.25167714024599
-0.29769999999999996,-0.2540821494557606
-0.2987000000000001,-0.2547895051056931
-0.29969999999999997,-0.2562042164055581
-0.3007000000000001,-0.2557798030155986
-0.30169999999999997,-0.2567701009255041
-0.3027000000000001,-0.2587506967453152
-0.30369999999999997,-0.25903363900528825
-0.3047000000000001,-0.2591751101352747
-0.30569999999999997,-0.2611557059550858
-0.3067000000000001,-0.2620045327350048
-0.3077,-0.2637021862948429
-0.3087000000000001,-0.2634192440348699
-0.3097,-0.26455101307476186
-0.3107000000000001,-0.26582425324464043
-0.3117,-0.2663901377645864
-0.3127000000000001,-0.2662486666345999
-0.3137,-0.2663901377645864
-0.3147000000000001,-0.26752190680447846
-0.3157,-0.2695025026242895
-0.3167000000000001,-0.27120015618412757
-0.3177,-0.27120015618412757
-0.3187000000000001,-0.27219045409403303
-0.3197,-0.27162456957408704
-0.3207000000000001,-0.2728978097439656
-0.3217,-0.27473693443379016
-0.3227000000000001,-0.2741710499138441
-0.3237,-0.27487840556377663
-0.3247000000000001,-0.27558576121370915
-0.3257,-0.27586870347368214
-0.3267000000000001,-0.2765760591236147
-0.3277,-0.2765760591236147
-0.3287000000000001,-0.2781322415534663
-0.3297,-0.27883959720339874
-0.3307000000000001,-0.2796884239833177
-0.3317,-0.27940548172334473
-0.3327000000000001,-0.2815275486731423
-0.3337,-0.28350814449295336
-0.3347000000000001,-0.28336667336296684
-0.3357,-0.28364961562293983
-0.3367000000000001,-0.2843569712728724
-0.3377,-0.2857716825727374
-0.3387000000000001,-0.28605462483271044
-0.3397,-0.2869034516126294
-0.3407000000000001,-0.2869034516126294
-0.3417,-0.28930846082239997
-0.3427000000000001,-0.28930846082239997
-0.3437,-0.28973287421235955
-0.3447000000000001,-0.29001581647233254
-0.3457,-0.29128905664221105
-0.3467000000000001,-0.2917134700321706
-0.3477,-0.29100611438223806
-0.3487000000000001,-0.29227935455211657
-0.3497,-0.2960990750617522
-0.3507000000000001,-0.2963820173217252
-0.3517,-0.2946843637618871
-0.3527000000000001,-0.2938355369819681
-0.3537,-0.2952502482818331
-0.3547000000000001,-0.29779672862159023
-0.3557,-0.29878702653149575
-0.35670000000000013,-0.29977732444140126
-0.3577,-0.3024652759111448
-0.35870000000000013,-0.3013335068712528
-0.3597,-0.30147497800123935
-0.36070000000000013,-0.30204086252118534
-0.3617,-0.3031726315610774
-0.3626999999999999,-0.3038799872110099
-0.3637,-0.30571911190083445
-0.3646999999999999,-0.3071338232006995
-0.3657,-0.3079826499806185
-0.3666999999999999,-0.3093973612804835
-0.3677,-0.310104716930416
-0.3686999999999999,-0.3122267838802136
-0.36970000000000003,-0.31321708179011915
-0.3706999999999999,-0.31477326421997065
-0.37170000000000003,-0.31519767760993017
-0.3726999999999999,-0.31604650438984916
-0.37370000000000003,-0.3159050332598627
-0.3746999999999999,-0.31802710020966024
-0.37570000000000003,-0.3177441579496872
-0.3766999999999999,-0.31958328263951175
-0.37770000000000004,-0.31930034037953875
-0.3786999999999999,-0.31958328263951175
-0.37970000000000004,-0.32014916715945774
-0.3806999999999999,-0.3217053495893093
-0.38170000000000004,-0.32354447427913385
-0.38269999999999993,-0.3251006567089854
-0.38370000000000004,-0.32651536800885045
-0.38469999999999993,-0.328354492698675
-0.38570000000000004,-0.32764713704874243
-0.38669999999999993,-0.3290618483486075
-0.38770000000000004,-0.33047655964847256
-0.38869999999999993,-0.3310424441684186
-0.38970000000000005,-0.33245715546828364
-0.39069999999999994,-0.33302303998822963
-0.39170000000000005,-0.3347206935480677
-0.39269999999999994,-0.33726717388782473
-0.39370000000000005,-0.3382574717977303
-0.39469999999999994,-0.3382574717977303
-0.39570000000000005,-0.3395307119676088
-0.39669999999999994,-0.34136983665743337
-0.39770000000000005,-0.3429260190872849
-0.39869999999999994,-0.3433504324772444
-0.39970000000000006,-0.345472499427042
-0.40069999999999995,-0.34490661490709595
-0.40170000000000006,-0.3467457395969205
-0.40269999999999995,-0.3528289981863401
-0.40370000000000006,-0.3502825178465831
-0.40469999999999995,-0.3519801714064211
-0.40570000000000006,-0.35268752705635364
-0.40669999999999995,-0.3532534115762997
-0.40770000000000006,-0.3565072475659892
-0.40869999999999995,-0.3586293145157868
-0.40970000000000006,-0.3617416793754899
-0.41069999999999995,-0.36358080406531446
-0.41170000000000007,-0.3647125731052065
-0.41269999999999996,-0.3649955153651795
-0.41370000000000007,-0.36513698649516596
-0.41469999999999996,-0.36768346683492303
-0.41570000000000007,-0.37022994717468005
-0.41669999999999996,-0.3715031873445586
-0.41770000000000007,-0.37291789864442365
-0.41869999999999996,-0.37419113881430216
-0.4197000000000001,-0.37716203254401875
-0.42069999999999996,-0.38084028192366787
-0.4217000000000001,-0.38084028192366787
-0.42269999999999996,-0.3806988107936814
-0.4237000000000001,-0.38197205096355985
-0.42469999999999997,-0.3855088292132225
-0.4257000000000001,-0.39116767441268263
-0.42669999999999997,-0.39244091458256114
-0.4277000000000001,-0.3890456074628851
-0.42869999999999997,-0.39343121249246665
-0.4297000000000001,-0.3942800392723857
-0.43069999999999997,-0.3979582886520348
-0.4317000000000001,-0.4010706535117379
-0.4327,-0.4010706535117379
-0.4337000000000001,-0.40432448950142746
-0.4347,-0.4051733162813465
-0.4357000000000001,-0.40630508532123855
-0.4367,-0.4082856811410496
-0.4377000000000001,-0.4119639305206987
-0.4387,-0.4153592376403748
-0.4397000000000001,-0.41776424685014535
-0.4407,-0.42031072718990237
-0.4417000000000001,-0.4228572075296595
-0.4427,-0.4242719188295245
-0.4437000000000001,-0.4280916393391601
-0.4447,-0.4263939857793221
-0.4457000000000001,-0.43007223515897114
-0.4467,-0.43176988871880917
-0.4477000000000001,-0.43601402261840433
-0.4487,-0.4391263874781074
-0.4497000000000001,-0.4408240410379454
-0.4507,-0.4429461079877429
-0.4517000000000001,-0.44605847284744604
-0.4527,-0.44973672222709515
-0.4537000000000001,-0.45100996239697366
-0.4547,-0.4544052695166497
-0.4557000000000001,-0.4589323456762179
-0.4567,-0.46289353731584
-0.4577000000000001,-0.4636008929657725
-0.4587,-0.4662888444355161
-0.4597000000000001,-0.47010856494515163
-0.4607,-0.4753429967546523
-0.4617000000000001,-0.48001154404420693
-0.4627,-0.48567038924366707
-0.4637000000000001,-0.4853874469836941
-0.4647,-0.4886412829733836
-0.4657000000000001,-0.4917536478330867
-0.4667,-0.49401718591287075
-0.4677000000000001,-0.49727102190256034
-0.4687,-0.5002419156322769
-0.4697000000000001,-0.504486049531872
-0.4707,-0.5087301834314671
-0.4717000000000001,-0.5133987307210217
-0.4727,-0.5159452110607788
-0.4737000000000001,-0.521038171740293
-0.4747,-0.5227358253001311
-0.4757000000000001,-0.5265555458097667
-0.4767,-0.5295264395394833
-0.4777000000000001,-0.5351852847389434
-0.4787,-0.5368829382987814
-0.4797000000000001,-0.5418344278483092
-0.4807,-0.5472103307877962
-0.48170000000000013,-0.5504641667774858
-0.4827,-0.5562644831069326
-0.48370000000000013,-0.558669492316703
-0.4847,-0.5639039241262036
-0.48570000000000013,-0.5688554136757313
-0.4867,-0.5764948546950025
-0.4876999999999999,-0.578899863904773
-0.4887,-0.5865393049240442
-0.4896999999999999,-0.5899346120437202
-0.4907,-0.5938958036833424
-0.4916999999999999,-0.5950275727232345
-0.4927,-0.5970081685430455
-0.4936999999999999,-0.6054964363422356
-0.49470000000000003,-0.6103064547617768
-0.4956999999999999,-0.6155408865712775
-0.49670000000000003,-0.6216241451606972
-0.4976999999999999,-0.6245950388904137
-0.49870000000000003,-0.6330833066896038
-0.4996999999999999,-0.6412886322288212
-0.5007,-0.6453912949984297
-0.5016999999999999,-0.6537380916676334
-0.5027,-0.6545869184475525
-0.5036999999999999,-0.6613775326869047
-0.5047,-0.6664704933664187
-0.5056999999999999,-0.6722708096958655
-0.5067,-0.674958761165609
-0.5076999999999999,-0.6858520381745697
-0.5087,-0.6922182390239625
-0.5096999999999999,-0.6984429687433686
-0.5107,-0.7062238808926263
-0.5116999999999999,-0.7130144951319785
-0.5127,-0.7193806959813712
-0.5136999999999999,-0.7274445503906019
-0.5147,-0.7352254625398595
-0.5156999999999999,-0.7404598943493601
-0.5167,-0.7485237487585908
-0.5176999999999999,-0.7558802475178891
-0.5187,-0.7626708617572412
-0.5196999999999999,-0.7693200048666069
-0.5207,-0.7809206375255002
-0.5216999999999999,-0.7867209538549468
-0.5227,-0.7862965404649873
-0.5236999999999999,-0.7980386442538671
-0.5247,-0.8049707296232058
-0.5257,-0.8104881036926795
-0.5267000000000001,-0.8147322375922746
-0.5277,-0.825766985731222
-0.5287000000000001,-0.841187338899751
-0.5297,-0.8530709138186172
-0.5307000000000001,-0.8624080083977264
-0.5317,-0.8694815648970515
-0.5327000000000001,-0.8798089573860663
-0.5337,-0.888438696315243
-0.5347000000000001,-0.8967854929844468
-0.5357,-0.9089520101632861
-0.5367000000000001,-0.9182891047423953
-0.5377,-0.9223917675120039
-0.5387000000000001,-0.9335679867809377
-0.5397,-0.9470077441296556
-0.5407000000000001,-0.9556374830588322
-0.5417,-0.9669551734577525
-0.5427000000000001,-0.9683698847576176
-0.5437,-0.9799705174165111
-0.5447000000000001,-0.9996350044846349
-0.5457,-1.0113771082735146
-0.5467000000000001,-1.0266559903120571
-0.5477,-1.0408031033107075
-0.5487000000000001,-1.0556575719592904
-0.5497,-1.0491498999799111
-0.5507000000000001,-1.066692320098238
-0.5517,-1.0777270682371851
-0.5527000000000001,-1.0896106431560515
-0.5537,-1.0964012573954034
-0.5547000000000001,-1.114226619773703
-0.5557,-1.1293640306822588
-0.5567000000000001,-1.146906450800585
-0.5577,-1.1617609194491683
-0.5587000000000001,-1.1784545127875756
-0.5597,-1.1863768960668197
-0.5607000000000001,-1.2058999120049574
-0.5617,-1.2234423321232837
-0.5627000000000001,-1.2274035237629057
-0.5637,-1.236740618342015
-0.5647000000000001,-1.2407018099816371
-0.5657,-1.2598004125298152
-0.5667000000000001,-1.2787575439480066
-0.5677,-1.293470541466603
-0.5687000000000001,-1.3163888645244166
-0.5697,-1.3207744695539982
-0.5707000000000001,-1.328838323963229
-0.5717,-1.3530298871909212
-0.5727000000000001,-1.3731187876490045
-0.5737,-1.3933491592370746
-0.5747000000000001,-1.4175407224647667
-0.5757,-1.427443701563822
-0.5767000000000001,-1.4486643710617975
-0.5777,-1.4783733083589634
-0.5787000000000001,-1.4967645552572086
-0.5797,-1.505252823056399
-0.5807000000000001,-1.5307176264539697
-0.5817,-1.5377911829532949
-0.5827000000000001,-1.5561824298515403
-0.5837,-1.5774030993495158
-0.5847000000000001,-1.583061944548976
-0.5857,-1.6071120366466816
-0.5867000000000001,-1.6184297270456018
-0.5877,-1.6481386643427678
-0.5887000000000001,-1.6707740451406083
-0.5897,-1.6919947146385839
-0.5907000000000001,-1.7118006728366943
-0.5917,-1.734436053634535
-0.5927000000000001,-1.769803836131161
-0.5937,-1.8023421960280568
-0.5947000000000001,-1.815074597726842
-0.5957,-1.8278069994256272
-0.5967000000000001,-1.8631747819222533
-0.5977,-1.8759071836210386
-0.5987000000000001,-1.9070308322180693
-0.5997,-1.9042014096183393
-0.6007000000000001,-1.9381544808151003
-0.6017,-1.9650339955125358
-0.6027000000000001,-1.9947429328097017
-0.6037,-2.017378313607542
-0.6047000000000001,-2.049916673504438
-0.6057,-2.0881138786007942
-0.6067000000000001,-2.082455033401334
-0.6077,-2.12631108369715
-0.6087000000000001,-2.1475317531951257
-0.6097,-2.1871436695913467
-0.6107000000000001,-2.194217226090672
-0.6117,-2.230999719887163
-0.6126999999999999,-2.2479762554855434
-0.6137,-2.2890028831816296
-0.6146999999999999,-2.33144422217758
-0.6157,-2.352664891675556
-0.6166999999999999,-2.3908620967719116
-0.6177,-2.424815167968673
-0.6186999999999999,-2.461597661765164
-0.6197,-2.4814036199632743
-0.6206999999999999,-2.5167714024599
-0.6217,-2.5634568753554463
-0.6226999999999999,-2.579018699653962
-0.6237,-2.6426807081478887
-0.6246999999999999,-2.6738043567449195
-0.6257,-2.7247339635400607
-0.6266999999999999,-2.745954633038036
-0.6277,-2.7714194364356066
-0.6286999999999999,-2.7827371268345273
-0.6297,-2.8280078884302084
-0.6306999999999999,-2.866205093526564
-0.6317,-2.9058170099227856
-0.6326999999999999,-2.9525024828183315
-0.6337,-2.9539171941181968
-0.6346999999999999,-2.977967286215902
-0.6357,-3.0175792026121235
-0.6366999999999999,-3.0656793868075347
-0.6377,-3.1576356212987617
-0.6386999999999999,-3.2227123410925533
-0.6397,-3.28354492698675
-0.6406999999999999,-3.2566654122893146
-0.6417,-3.2481771444901244
-0.6426999999999999,-3.2920331947859403
-0.6437,-3.3302303998822964
-0.6446999999999999,-3.4136983665743337
-0.6457,-3.439163169971904
-0.6466999999999999,-3.4702868185689346
-0.6477,-3.4745309524685304
-0.6486999999999999,-3.5961961242569234
-0.6497,-3.6556139988512544
-0.6507,-3.666931689250175
-0.6517000000000001,-3.7122024508458558
-0.6527,-3.823964643535194
-0.6537000000000001,-3.821135220935464
-0.6547,-3.8862119407292557
-0.6557000000000001,-3.961191639622102
-0.6567,-3.961191639622102
-0.6577000000000001,-4.0050476899179195
-0.6587,-4.050318451513601
-0.6597000000000001,-4.105492192208336
-0.6607,-4.171983623301993
-0.6617000000000001,-4.238475054395651
-0.6627,-4.273842836892276
-0.6637000000000001,-4.262525146493355
-0.6647,-4.341748979285797
-0.6657000000000001,-4.413899255578914
-0.6667,-4.4393640589764845
-0.6677000000000001,-4.535564427367307
-0.6687,-4.610544126260154
-0.6697000000000001,-4.688353247752731
-0.6707,-4.654400176555971
-0.6717000000000001,-4.732209298048548
-0.6727,-4.794456595242609
-0.6737000000000001,-4.910462921831542
-0.6747,-5.01939569192115
-0.6757000000000001,-5.047689917918451
-0.6767,-5.01373684672169
-0.6777000000000001,-5.114181349012108
-0.6787,-5.217455273902255
-0.6797000000000001,-5.310826219693348
-0.6807,-5.339120445690648
-0.6817000000000001,-5.382976495986464
-0.6827,-5.518788780773508
-0.6837000000000001,-5.503226956474993
-0.6847,-5.629136262162981
-0.6857000000000001,-5.719677785354343
-0.6867,-5.684310002857718
-0.6877000000000001,-5.8102193085457055
-0.6887,-5.9729111080301855
-0.6897000000000001,-5.998375911427756
-0.6907,-6.083258589419658
-0.6917000000000001,-6.144091175313854
-0.6927,-6.129944062315205
-0.6937000000000001,-6.237462121104946
-0.6947,-6.251609234103598
-0.6957000000000001,-6.4199598787875365
-0.6967,-6.510501401978899
-0.6977000000000001,-6.697243293561083
-0.6987,-6.585481100871745
-0.6997000000000001,-6.773637703753796
-0.7007,-6.874082206044213
-0.7017000000000001,-7.039603428128422
-0.7027,-7.045262273327882
-0.7037000000000001,-7.073556499325184
-0.7047,-7.1683421564161405
-0.7057000000000001,-7.301325018603455
-0.7067,-7.408843077393197
-0.7077000000000001,-7.540411228280647
-0.7087,-7.6069026593743025
-0.7097000000000001,-7.70168831646526
-0.7107,-7.680467646967284
-0.7117000000000001,-7.894089053246905
-0.7127,-8.019998358934892
-0.7137000000000001,-8.13176055162423
-0.7147,-8.192593137518429
-0.7157000000000001,-8.40904396639778
-0.7167,-8.47412068619157
-0.7177000000000001,-8.519391447787251
-0.7187,-8.762721791364037
-0.7197000000000001,-8.735842276666602
-0.7207,-8.898534076151082
-0.7217000000000001,-9.000393289741364
-0.7227,-9.177232202224493
-0.7237000000000001,-9.256456035016935
-0.7247,-9.458759750897634
-0.7257000000000001,-9.559204253188051
-0.7267,-9.745946144770238
-0.7277000000000001,-9.8647818939589
-0.7287,-9.900149676455525
-0.7297000000000001,-10.054353208140816
-0.7307,-10.112356371435283
-0.7317000000000001,-10.273633459619896
-0.7327,-10.412275167006669
-0.7337000000000001,-10.549502163093578
-0.7347,-10.79707664056996
-0.7357000000000001,-11.014942180749173
-0.7367,-11.031918716347556
-0.7376999999999999,-11.300713863321914
-0.7387,-11.493114600103558
-0.7396999999999999,-11.58931496849438
-0.7407,-11.708150717683043
-0.7416999999999999,-11.996751822855511
-0.7427,-12.160858333639855
-0.7436999999999999,-12.240082166432298
-0.7447,-12.465021263110838
-0.7456999999999999,-12.811625531577771
-0.7467,-12.936120125965894
-0.7476999999999999,-13.206329984240117
-0.7487,-13.255844879735394
-0.7496999999999999,-13.463807440815554
-0.7507,-13.657622888897064
-0.7516999999999999,-13.8868061194752
-0.7527,-13.953297550568857
-0.7536999999999999,-14.30273124163552
-0.7547,-14.430055258623375
-0.7556999999999999,-14.854468648582884
-0.7567,-14.925204213576137
-0.7576999999999999,-15.222293586547794
-0.7587,-15.448647394526201
-0.7596999999999999,-15.561824298515406
-0.7607,-16.014531914472215
-0.7616999999999999,-16.28332706144657
-0.7627,-16.679446225408782
-0.7636999999999999,-16.962388485381787
-0.7647,-17.146300954364243
-0.7656999999999999,-17.4150961013386
-0.7667,-17.669744135314307
-0.7676999999999999,-18.009274847281915
-0.7687,-18.320511333252224
-0.7696999999999999,-18.688336271217132
-0.7707,-19.141043887173947
-0.7716999999999999,-19.565457277133458
-0.7727,-19.721075520118614
-0.7736999999999999,-20.159636023076775
-0.7747,-20.38598983105518
-0.7757,-20.90943301200524
-0.7767000000000001,-21.362140627962056
-0.7777,-21.68752422693101
-0.7787000000000001,-22.04120205189727
-0.7797,-22.621233684841933
-0.7807000000000001,-22.989058622806844
-0.7817,-23.47006046476096
-0.7827000000000001,-23.83788540272587
-0.7837,-24.21985745368943
-0.7847000000000001,-24.686712182644893
-0.7857,-25.337479380582806
-0.7867000000000001,-25.73359854454502
-0.7877,-26.28533595149238
-0.7887000000000001,-26.766337793446493
-0.7897,-27.332222313392506
-0.7907000000000001,-27.869812607341224
-0.7917,-28.49228557928184
-0.7927000000000001,-29.100611438223805
-0.7937,-29.510877715184666
-0.7947000000000001,-30.13335068712528
-0.7957,-30.769970772064546
-0.7967000000000001,-31.56220909998897
-0.7977,-32.12809361993498
-0.7987000000000001,-32.7222723658783
-0.7997,-33.358892450817564
-0.8007000000000001,-33.95307119676088
-0.8017,-34.5472499427042
-0.8027000000000001,-35.353635383627264
-0.8037,-36.06099103355979
-0.8047000000000001,-36.7117582314977
-0.8057,-37.58887923741403
-0.8067000000000001,-38.32452911334384
-0.8077,-39.20165011926017
-0.8087000000000001,-39.83827020419943
-0.8097,-40.78612677510901
-0.8107000000000001,-41.719836233019926
-0.8117,-42.554515899940306
-0.8127000000000001,-43.26187154987282
-0.8137,-43.88434452181344
-0.8147000000000001,-44.90293665771627
-0.8157,-45.72346921163799
-0.8167000000000001,-46.69962000854486
-0.8177,-47.36453431948143
-0.8187000000000001,-48.2840966643937
-0.8197,-49.387571478288436
-0.8207000000000001,-50.30713382320071
-0.8217,-51.25499039411028
-0.8227000000000001,-52.28772964301176
-0.8237,-53.33461600491189
-0.8247000000000001,-54.409796592809315
-0.8257,-55.21618203373238
-0.8267000000000001,-56.36209818662306
-0.8277,-57.43727877452049
-0.8287000000000001,-58.39928245842871
-0.8297,-59.27640346434504
-0.8307000000000001,-60.36573116524111
-0.8317,-61.709706900112906
-0.8327000000000001,-62.799034601008984
-0.8337,-63.732744058919906
-0.8347000000000001,-64.76548330782138
-0.8357,-65.7557812177269
-0.8367000000000001,-67.22708096958654
-0.8377,-68.21737887949207
-0.8387000000000001,-69.1793825634003
-0.8397,-70.41018139428287
-0.8407000000000001,-71.5419504341749
-0.8417,-72.77274926505748
-0.8427000000000001,-74.10257788693062
-0.8437,-75.13531713583208
-0.8447000000000001,-76.19635061073087
-0.8457,-76.9320004866607
-0.8467000000000001,-78.03547530055542
-0.8477,-79.25212701843935
-0.8487000000000001,-80.58195564031249
-0.8497,-81.68543045420722
-0.8507000000000001,-82.56255146012353
-0.8517,-83.51040803103311
-0.8527000000000001,-84.78364820091166
-0.8537,-85.94371146680098
-0.8547000000000001,-87.24524586267681
-0.8557,-88.36286778957019
-0.8567000000000001,-89.56537239445547
-0.8577,-90.40005206137585
-0.8587000000000001,-91.36205574528407
-0.8597,-92.6070016891653
-0.8607000000000001,-93.45582846908432
-0.8617,-94.4036850399939
-0.8626999999999999,-95.59204253188052
-0.8637,-96.99260671874691
-0.8646999999999999,-98.20925843663085
-0.8657,-98.97320253855796
-0.8666999999999999,-99.90691199646888
-0.8677,-101.05282814935958
-0.8686999999999999,-102.08556739826105
-0.8697,-103.54272003712204
-0.8706999999999999,-104.83010731999921
-0.8717,-105.87699368189935
-0.8726999999999999,-106.96632138279543
-0.8737,-108.18297310067936
-0.8746999999999999,-109.06009410659567
-0.8757,-109.56939017454708
-0.8766999999999999,-110.87092457042293
-0.8777,-112.51198967826636
-0.8786999999999999,-113.82767118714084
-0.8797,-113.88425963913545
-0.8806999999999999,-115.10091135701937
-0.8817,-116.64294667387229
-0.8826999999999999,-117.5200676797886
-0.8837,-118.59524826768603
-0.8846999999999999,-119.88263555056322
-0.8857,-120.61828542649305
-0.8866999999999999,-120.44852007050923
-0.8857,-119.23186835262528
-0.8846999999999999,-118.3688944597076
-0.8837,-117.47762634079265
-0.8826999999999999,-116.04876792792896
-0.8817,-115.29897093900047
-0.8806999999999999,-114.42184993308416
-0.8797,-113.60131737916245
-0.8786999999999999,-112.80907905123803
-0.8777,-111.49339754236355
-0.8766999999999999,-110.20601025948636
-0.8757,-109.01765276759973
-0.8746999999999999,-107.95661929270095
-0.8737,-107.27755786876574
-0.8726999999999999,-106.18823016786965
-0.8717,-105.01401978898167
-0.8706999999999999,-103.6983382801072
-0.8697,-102.41095099723
-0.8686999999999999,-101.64700689530288
-0.8677,-100.69915032439332
-0.8666999999999999,-99.70885241448778
-0.8657,-99.02979099055257
-0.8646999999999999,-98.05364019364569
-0.8637,-97.07748939673881
-0.8626999999999999,-95.86083767885488
-0.8617,-94.61589173497366
-0.8607000000000001,-93.92268319803979
-0.8597,-93.24362177410455
-0.8587000000000001,-92.40894210718419
-0.8577,-91.29132018029082
-0.8567000000000001,-90.13125691440149
-0.8557,-89.50878394246087
-0.8547000000000001,-88.54678025855264
-0.8537,-87.57062946164578
-0.8527000000000001,-86.50959598674699
-0.8517,-85.42026828585092
-0.8507000000000001,-84.59973573192919
-0.8497,-83.87823296899803
-0.8487000000000001,-83.36893690104661
-0.8477,-82.70402259011003
-0.8467000000000001,-81.98251982717888
-0.8457,-81.27516417724635
-0.8447000000000001,-80.53951430131653
-0.8437,-79.87459999037998
-0.8427000000000001,-79.26627413143801
-0.8417,-78.6155069335001
-0.8407000000000001,-77.96473973556218
-0.8397,-77.39885521561615
-0.8387000000000001,-76.71979379168094
-0.8377,-75.92755546375653
-0.8367000000000001,-75.47484784779972
-0.8357,-74.86652198885774
-0.8347000000000001,-74.28649035591307
-0.8337,-73.43766357599405
-0.8327000000000001,-72.58883679607503
-0.8317,-71.75415712915466
-0.8307000000000001,-71.0043601402262
-0.8297,-70.21212181230177
-0.8287000000000001,-69.6886786313517
-0.8277,-69.1793825634003
-0.8267000000000001,-68.24567310548937
-0.8257,-67.70808281154066
-0.8247000000000001,-66.91584448361623
-0.8237,-66.20848883368372
-0.8227000000000001,-65.57186874874445
-0.8217,-64.94939577680383
-0.8207000000000001,-64.29862857886593
-0.8197,-63.54883158993744
-0.8187000000000001,-62.95465284399414
-0.8177,-62.30388564605621
-0.8167000000000001,-61.7662953521075
-0.8157,-61.242852171157445
-0.8147000000000001,-60.50720229522762
-0.8137,-59.70081685430455
-0.8127000000000001,-59.02175543036933
-0.8117,-58.55490070141387
-0.8107000000000001,-57.889986390477304
-0.8097,-57.380690322525886
-0.8087000000000001,-56.53186354260687
-0.8077,-55.65474253669055
-0.8067000000000001,-55.11715224274183
-0.8057,-54.33906102781606
-0.8047000000000001,-53.617558264884885
-0.8037,-53.19314487492538
-0.8027000000000001,-52.34431809500636
-0.8017,-51.594521106077885
-0.8007000000000001,-51.05693081212917
-0.7997,-50.53348763117911
-0.7987000000000001,-50.010044450229046
-0.7977,-49.18951189630732
-0.7967000000000001,-48.46800913337616
-0.7957,-47.71821214444768
-0.7947000000000001,-47.13818051150302
-0.7937,-46.586443104555656
-0.7927000000000001,-46.034705697608295
-0.7917,-45.32735004767578
-0.7907000000000001,-45.030260674704124
-0.7897,-44.690729962736505
-0.7887000000000001,-43.84190318281749
-0.7877,-43.30431288886877
-0.7867000000000001,-42.526221673943
-0.7857,-42.158396735978094
-0.7847000000000001,-41.42274686004827
-0.7837,-40.78612677510901
-0.7827000000000001,-40.12121246417244
-0.7817,-39.66850484821563
-0.7807000000000001,-38.89041363328986
-0.7797,-38.32452911334384
-0.7787000000000001,-37.95670417537893
-0.7777,-37.192760073451815
-0.7767000000000001,-36.5985813275085
-0.7757,-35.96196124256923
-0.7747,-35.56584207860703
-0.7736999999999999,-35.014104671659666
-0.7727,-34.34919036072309
-0.7716999999999999,-34.193572117737936
-0.7707,-33.330598224820264
-0.7696999999999999,-32.97692039985401
-0.7687,-32.52421278389719
-0.7676999999999999,-32.04321094194308
-0.7667,-31.604650438984915
-0.7656999999999999,-31.151942823028104
-0.7647,-30.642646755076694
-0.7636999999999999,-30.10505646112798
-0.7627,-29.80796708815632
-0.7616999999999999,-29.31281813320356
-0.7607,-28.80352206525215
-0.7596999999999999,-28.421550014288584
-0.7587,-27.997136624329073
-0.7576999999999999,-27.487840556377662
-0.7567,-27.233192522401957
-0.7556999999999999,-26.89366181043435
-0.7547,-26.483395533473487
-0.7536999999999999,-26.058982143513976
-0.7527,-25.648715866553115
-0.7516999999999999,-25.252596702590903
-0.7507,-24.814036199632742
-0.7496999999999999,-24.34718147067728
-0.7487,-23.97935653271237
-0.7476999999999999,-23.62567870774611
-0.7467,-23.371030673770406
-0.7456999999999999,-22.91832305781359
-0.7447,-22.63538079784059
-0.7436999999999999,-22.196820294882425
-0.7427,-21.786554017921564
-0.7416999999999999,-21.659230000933714
-0.7407,-21.2631108369715
-0.7396999999999999,-20.79625610801604
-0.7387,-20.499166735044383
-0.7376999999999999,-20.315254266061928
-0.7367,-19.890840876102416
-0.7357000000000001,-19.622045729128057
-0.7347,-19.2400736781645
-0.7337000000000001,-18.91469007919554
-0.7327,-18.744924723211735
-0.7317000000000001,-18.391246898245473
-0.7307,-18.15074597726842
-0.7297000000000001,-17.853656604296763
-0.7287,-17.641449909317007
-0.7277000000000001,-17.37265476234265
-0.7267,-17.03312405037504
-0.7257000000000001,-16.891652920388537
-0.7247,-16.580416434418233
-0.7237000000000001,-16.354062626439823
-0.7227,-16.170150157457368
-0.7217000000000001,-15.91550212348166
-0.7207,-15.731589654499205
-0.7197000000000001,-15.250587812545096
-0.7187,-15.06667534356264
-0.7177000000000001,-14.98179266557074
-0.7167,-14.65640906660178
-0.7157000000000001,-14.514937936615278
-0.7147,-14.316878354634172
-0.7137000000000001,-14.028277249461704
-0.7127,-13.800508730183433
-0.7117000000000001,-13.67035529059585
-0.7107,-13.537372428408537
-0.7097000000000001,-13.27706554923337
-0.7087,-13.115788461048757
-0.7077000000000001,-12.888019941770485
-0.7067,-12.839919757575073
-0.7057000000000001,-12.515950869905978
-0.7047,-12.340526668722715
-0.7037000000000001,-12.092952191246333
-0.7027,-11.96845759685821
-0.7017000000000001,-11.7463479227794
-0.7007,-11.603462081493031
-0.6997000000000001,-11.463405662806393
-0.6987,-11.329008089319213
-0.6977000000000001,-11.133777929937839
-0.6967,-11.002209779050391
-0.6957000000000001,-10.806979619669015
-0.6947,-10.731999920776168
-0.6937000000000001,-10.521207937096278
-0.6927,-10.391054497508694
-0.6917000000000001,-10.123674061834203
-0.6907,-10.085476856737847
-0.6897000000000001,-9.960982262349724
-0.6887,-9.874684873057957
-0.6877000000000001,-9.574766077486567
-0.6867,-9.467248018696827
-0.6857000000000001,-9.47998042039561
-0.6847,-9.283335549714371
-0.6837000000000001,-9.143279131027732
-0.6827,-9.061225875635559
-0.6817000000000001,-8.928243013448247
-0.6807,-8.833457356357288
-0.6797000000000001,-8.632568351776454
-0.6787,-8.590127012780503
-0.6777000000000001,-8.438752903694944
-0.6767,-8.281719949409926
-0.6757000000000001,-8.192593137518429
-0.6747,-8.058195564031248
-0.6737000000000001,-7.911065588845285
-0.6727,-7.7582767684598615
-0.6717000000000001,-7.74130023286148
-0.6707,-7.711591295564315
-0.6697000000000001,-7.587096701176192
-0.6687,-7.489481621485504
-0.6677000000000001,-7.305569152503049
-0.6667,-7.158439177317086
-0.6657000000000001,-7.066482942825859
-0.6647,-7.087703612323834
-0.6637000000000001,-6.966038440535441
-0.6627,-6.874082206044213
-0.6617000000000001,-6.729781653457979
-0.6607,-6.715634540459329
-0.6597000000000001,-6.606701770369722
-0.6587,-6.526063226277413
-0.6577000000000001,-6.4850365985813285
-0.6567,-6.322344799096849
-0.6557000000000001,-6.207753183807781
-0.6547,-6.2162414516069715
-0.6537000000000001,-6.15682357701264
-0.6527,-5.964422840230995
-0.6517000000000001,-5.872466605739767
-0.6507,-5.8951019865376075
-0.6497,-5.839928245842872
-0.6486999999999999,-5.688554136757313
-0.6477,-5.565474253669055
-0.6466999999999999,-5.487665132176478
-0.6457,-5.480591575677152
-0.6446999999999999,-5.408441299384036
-0.6437,-5.323558621392133
-0.6426999999999999,-5.333461600491188
-0.6417,-5.150963842808599
-0.6406999999999999,-5.128328462010757
-0.6397,-5.067495876116562
-0.6386999999999999,-5.0094927128220945
-0.6377,-4.907633499231812
-0.6366999999999999,-4.906218787931947
-0.6357,-4.785968327443419
-0.6346999999999999,-4.708159205950842
-0.6337,-4.638838352257455
-0.6326999999999999,-4.585079322862584
-0.6317,-4.527076159568118
-0.6306999999999999,-4.442193481576215
-0.6297,-4.4379493476766205
-0.6286999999999999,-4.355896092284448
-0.6277,-4.351651958384853
-0.6266999999999999,-4.229986786596459
-0.6257,-4.1238834391065815
-0.6246999999999999,-4.130956995605907
-0.6237,-4.077197966211036
-0.6226999999999999,-4.050318451513601
-0.6217,-3.973924041320888
-0.6206999999999999,-3.9498739492231825
-0.6197,-3.8904560746288515
-0.6186999999999999,-3.7617173463411326
-0.6177,-3.7744497480399173
-0.6166999999999999,-3.7461555220426166
-0.6157,-3.700884760446936
-0.6146999999999999,-3.66268755535058
-0.6137,-3.589122567757598
-0.6126999999999999,-3.515557580164616
-0.6117,-3.46887210726907
-0.6107000000000001,-3.432089613472579
-0.6097,-3.3401333789813514
-0.6087000000000001,-3.316083286883646
-0.6077,-3.2609095461889095
-0.6067000000000001,-3.270812525287965
-0.6057,-3.2269564749921487
-0.6047000000000001,-3.159050332598627
-0.6037,-3.1067060145036205
-0.6027000000000001,-3.0982177467044303
-0.6017,-3.079826499806185
-0.6007000000000001,-2.965234884517117
-0.5997,-2.9284523907206257
-0.5987000000000001,-2.9029875873230555
-0.5977,-2.900158164723325
-0.5967000000000001,-2.818104909331153
-0.5957,-2.770004725135742
-0.5947000000000001,-2.740295787838576
-0.5937,-2.7289780974396556
-0.5927000000000001,-2.6921956036431647
-0.5917,-2.655413109846674
-0.5907000000000001,-2.6044835030515325
-0.5897,-2.5351626493581456
-0.5887000000000001,-2.539406783257741
-0.5877,-2.475744774763814
-0.5867000000000001,-2.4913065990623298
-0.5857,-2.4700859295643536
-0.5847000000000001,-2.4092533436701573
-0.5837,-2.3951062306715074
-0.5827000000000001,-2.349835469075826
-0.5817,-2.3144676865791998
-0.5807000000000001,-2.298905862280684
-0.5797,-2.2649527910839233
-0.5787000000000001,-2.249390966785408
-0.5777,-2.1857289582914814
-0.5767000000000001,-2.127725794997015
-0.5757,-2.113578681998365
-0.5747000000000001,-2.0937727238002544
-0.5737,-2.0555755187038987
-0.5727000000000001,-2.004645911908757
-0.5717,-1.9820105311109162
-0.5707000000000001,-1.9409839034148304
-0.5697,-1.9395691921149654
-0.5687000000000001,-1.897127853119014
-0.5677,-1.8759071836210386
-0.5667000000000001,-1.8787366062207687
-0.5657,-1.8320511333252225
-0.5647000000000001,-1.775462681330621
-0.5637,-1.776877392630486
-0.5627000000000001,-1.772633258730891
-0.5617,-1.7386801875341302
-0.5607000000000001,-1.72736249713521
-0.5597,-1.6764328903400685
-0.5587000000000001,-1.6651151999411482
-0.5577,-1.6368209739438475
-0.5567000000000001,-1.6113561705462767
-0.5557,-1.5915502123481662
-0.5547000000000001,-1.5604265637511354
-0.5537,-1.53920589425316
-0.5527000000000001,-1.5165705134553193
-0.5517,-1.5137410908555893
-0.5507000000000001,-1.4868615761581534
-0.5497,-1.4514937936615278
-0.5487000000000001,-1.4246142789640919
-0.5477,-1.420370145064497
-0.5467000000000001,-1.3915100345472502
-0.5457,-1.3775043926785862
-0.5447000000000001,-1.3644890487198278
-0.5437,-1.334497169162689
-0.5427000000000001,-1.3060614720354018
-0.5417,-1.2944608393765085
-0.5407000000000001,-1.277484303778128
-0.5397,-1.2610736526996937
-0.5387000000000001,-1.2501803756907328
-0.5377,-1.2197640827436345
-0.5367000000000001,-1.2023631337552947
-0.5357,-1.1810009931273324
-0.5347000000000001,-1.1536970650399374
-0.5337,-1.1474723353205312
-0.5327000000000001,-1.138701125261368
-0.5317,-1.1231393009628525
-0.5307000000000001,-1.0908838833259298
-0.5297,-1.0792832506670365
-0.5287000000000001,-1.0655605510583457
-0.5277,-1.0485840154599653
-0.5267000000000001,-1.0242509811022864
-0.5257,-1.004727965164149
-0.5247,-1.0003423601345676
-0.5236999999999999,-0.9832243534062003
-0.5227,-0.9731799031771587
-0.5216999999999999,-0.9492712822094397
-0.5207,-0.9403586010202899
-0.5196999999999999,-0.9322947466110592
-0.5187,-0.9165914511825571
-0.5176999999999999,-0.8967854929844468
-0.5167,-0.8849019180655805
-0.5156999999999999,-0.8755648234864712
-0.5147,-0.8509488468688196
-0.5136999999999999,-0.8363773204802097
-0.5127,-0.8298696485008306
-0.5116999999999999,-0.8169957756720587
-0.5107,-0.8045463162332464
-0.5096999999999999,-0.790965087754542
-0.5087,-0.7681882358267149
-0.5076999999999999,-0.7595584968975382
-0.5067,-0.7534752383081186
-0.5056999999999999,-0.7452699127689013
-0.5047,-0.7369231160996975
-0.5036999999999999,-0.7241907144009123
-0.5027,-0.7101850725322485
-0.5016999999999999,-0.7033944582928963
-0.5007,-0.6893888164242324
-0.4996999999999999,-0.6769393569854201
-0.49870000000000003,-0.6687340314462029
-0.4976999999999999,-0.6596798791270665
-0.49670000000000003,-0.6487866021181058
-0.4956999999999999,-0.634780960249442
-0.49470000000000003,-0.6248779811503866
-0.4936999999999999,-0.6192191359509266
-0.4927,-0.6060623208621817
-0.4916999999999999,-0.5907834388236393
-0.4907,-0.5837098823243142
-0.4896999999999999,-0.57578749904507
-0.4887,-0.5657430488160282
-0.4876999999999999,-0.5559815408469594
-0.4867,-0.5473518019177827
-0.48570000000000013,-0.5341949868290379
-0.4847,-0.5257067190298478
-0.48370000000000013,-0.5148134420208869
-0.4827,-0.5091545968214266
-0.48170000000000013,-0.501090742412196
-0.4807,-0.4933098302629383
-0.4797000000000001,-0.48708510054353216
-0.4787,-0.4790212461343014
-0.4777000000000001,-0.46289353731584
-0.4767,-0.4592152879361909
-0.4757000000000001,-0.45100996239697366
-0.4747,-0.4442193481576215
-0.4737000000000001,-0.443794934767662
-0.4727,-0.4320528309787822
-0.4717000000000001,-0.42469633221948405
-0.4707,-0.4196033715399699
-0.4697000000000001,-0.41436893973046923
-0.4687,-0.40687096984118454
-0.4677000000000001,-0.39937299995189984
-0.4667,-0.3893285497228581
-0.4657000000000001,-0.38211352209354643
-0.4647,-0.3764546768940863
-0.4637000000000001,-0.37192760073451814
-0.4627,-0.366268755535058
-0.4617000000000001,-0.3589122567757598
-0.4607,-0.3519801714064211
-0.4597000000000001,-0.346887210726907
-0.4587,-0.33726717388782473
-0.4577000000000001,-0.33344745337818915
-0.4567,-0.33047655964847256
-0.4557000000000001,-0.3259494834889044
-0.4547,-0.3208565228093903
-0.4537000000000001,-0.3139244374400516
-0.4527,-0.3058605830308209
-0.4517000000000001,-0.2963820173217252
-0.4507,-0.29029875873230554
-0.4497000000000001,-0.2874693361325754
-0.4487,-0.2826593177130343
-0.4477000000000001,-0.27982989511330425
-0.4467,-0.2734636942639116
-0.4457000000000001,-0.26681455115454594
-0.4447,-0.2639851285548159
-0.4437000000000001,-0.25903363900528825
-0.4427,-0.2518186113759765
-0.4417000000000001,-0.24870624651627343
-0.4407,-0.24630123730650288
-0.4397000000000001,-0.24191563227692126
-0.4387,-0.23484207577759608
-0.4377000000000001,-0.23088088413797397
-0.4367,-0.2273441058883114
-0.4357000000000001,-0.2228170297287433
-0.4347,-0.2192802514790807
-0.4337000000000001,-0.21390434853959353
-0.4327,-0.21093345480987696
-0.4317000000000001,-0.2065478497802954
-0.43069999999999997,-0.20060606232086217
-0.4297000000000001,-0.19523015938137506
-0.42869999999999997,-0.193249563561564
-0.4277000000000001,-0.19070308322180693
-0.42669999999999997,-0.18716630497214437
-0.4257000000000001,-0.18377099785246825
-0.42469999999999997,-0.17853656604296764
-0.4237000000000001,-0.17429243214337253
-0.42269999999999996,-0.17217036519357498
-0.4217000000000001,-0.1693409425938449
-0.42069999999999996,-0.16608710660415532
-0.4197000000000001,-0.16325768400442522
-0.41869999999999996,-0.1622673860945197
-0.41770000000000007,-0.15632559863508652
-0.41669999999999996,-0.15193999360550495
-0.41570000000000007,-0.14854468648582883
-0.41469999999999996,-0.14415908145624726
-0.41370000000000007,-0.13922173901971824
-0.41269999999999996,-0.13606693282101923
-0.41170000000000007,-0.133081891978304
-0.41069999999999995,-0.13121447306248216
-0.40970000000000006,-0.12859725715773185
-0.40869999999999995,-0.1262629835129545
-0.40770000000000006,-0.12245741011631758
-0.40669999999999995,-0.11989678266356185
-0.40570000000000006,-0.1171522427418237
-0.40469999999999995,-0.11456332106307067
-0.40370000000000006,-0.11188951670632576
-0.40269999999999995,-0.10894691720260646
-0.40170000000000006,-0.10659849644483052
-0.40069999999999995,-0.10722096941677112
-0.39970000000000006,-0.10228362698024217
-0.39869999999999994,-0.09857708337459577
-0.39770000000000005,-0.09604475014783734
-0.39669999999999994,-0.0942622139100074
-0.39570000000000005,-0.09136205574528407
-0.39469999999999994,-0.08884386963152431
-0.39370000000000005,-0.0868774209247119
-0.39269999999999994,-0.08414702811597238
-0.39170000000000005,-0.08215228518316267
-0.39069999999999994,-0.07937945103542722
-0.38970000000000005,-0.07783741571857432
-0.38869999999999993,-0.07472505085887124
-0.38770000000000004,-0.07268786658706558
-0.38669999999999993,-0.07083459478424238
-0.38570000000000004,-0.06885399896443134
-0.38469999999999993,-0.06700072716160814
-0.38370000000000004,-0.06591139946071205
-0.38269999999999993,-0.06326588932996444
-0.38170000000000004,-0.06104479258917633
-0.3806999999999999,-0.059488610159324794
-0.37970000000000004,-0.05753630856551105
-0.3786999999999999,-0.05541424161571349
-0.37770000000000004,-0.053348763117910536
-0.3766999999999999,-0.05133987307210218
-0.37570000000000003,-0.04989686754623984
-0.3746999999999999,-0.04774650637044498
-0.37370000000000003,-0.04624691239258805
-0.3726999999999999,-0.045100996239697363
-0.37170000000000003,-0.043290165775870124
-0.3706999999999999,-0.04126712861706312
-0.36970000000000003,-0.03897529631128176
-0.3686999999999999,-0.03716446584745452
-0.3677,-0.03593366701657193
-0.3666999999999999,-0.03553754785260972
-0.3657,-0.03532534115762996
-0.3646999999999999,-0.03222712341092554
-0.3637,-0.03103876591903891
-0.3626999999999999,-0.02894499319523865
-0.3617,-0.027261486748399254
-0.36070000000000013,-0.025295038041586858
-0.3597,-0.023753002724733966
-0.35870000000000013,-0.024021797871708325
-0.3577,-0.021475317531951258
-0.35670000000000013,-0.020216224475071376
-0.3557,-0.018617600706223883
-0.3547000000000001,-0.0173019191973494
-0.3537,-0.0173302134233467
-0.3527000000000001,-0.015179852247551842
-0.3517,-0.013186524026042009
-0.3507000000000001,-0.01162326803969114
-0.3497,-0.010256656924021517
-0.3487000000000001,-0.01000483831264554
-0.3477,-0.0075616318977786215
-0.3467000000000001,-0.0068500321139465074
-0.3457,-0.007339522223699811
-0.3447000000000001,-0.005929055057734368
-0.3437,-0.004561029230764878
-0.3427000000000001,-0.0026356071516485634
-0.3417,-0.0008765551213963767
-0.3407000000000001,0.0008401970409898452
-0.3397,0.0030034320896134728
-0.3387000000000001,0.004133786418205637
-0.3377,0.00537590293948714
-0.3367000000000001,0.006479377753381868
-0.3357,0.0077497885006606705
-0.3347000000000001,0.008851848603255533
-0.3337,0.009815266998463626
-0.3327000000000001,0.010917327101058487
-0.3317,0.01254990394110274
-0.3307000000000001,0.01326291843623472
-0.3297,0.014628114840604478
-0.3287000000000001,0.01638235685243712
-0.3277,0.0172453307453548
-0.3267000000000001,0.01849027668923603
-0.3257,0.019579604390132108
-0.3247000000000001,0.02079625610801604
-0.3237,0.022069496277894573
-0.3227000000000001,0.022635380797840585
-0.3217,0.02390862096771912
-0.3207000000000001,0.025634568753554465
-0.3197,0.02658242532446404
-0.3187000000000001,0.027997136624329073
-0.3177,0.029369406585198165
-0.3167000000000001,0.030232380478115835
-0.3157,0.03123682550102001
-0.3147000000000001,0.032255417636922835
-0.3137,0.03359939337179463
-0.3127000000000001,0.03432089613472579
-0.3117,0.03586293145157868
-0.3107000000000001,0.03705128894346531
-0.3097,0.038055733966369486
-0.3087000000000001,0.039442151040237225
-0.3077,0.041168098826072565
-0.3067000000000001,0.04142274686004828
-0.30569999999999997,0.042667692803929506
-0.3047000000000001,0.04460584728474461
-0.30369999999999997,0.04580835188962989
-0.3027000000000001,0.04691182670352462
-0.30169999999999997,0.04770406503144904
-0.3007000000000001,0.049571483947270886
-0.29969999999999997,0.05090131256914402
-0.2987000000000001,0.051707698010067096
-0.29769999999999996,0.053405351569905134
-0.2967000000000001,0.05453712060979717
-0.29569999999999996,0.055088858016744534
-0.2947000000000001,0.056362098186623064
-0.29369999999999996,0.058172928650450303
-0.29270000000000007,0.0597432581933005
-0.29169999999999996,0.06094576279818578
-0.29070000000000007,0.06220485585506567
-0.28969999999999996,0.06275659326201304
-0.28870000000000007,0.06451083527384567
-0.28769999999999996,0.06616604749468777
-0.28670000000000007,0.06769393569854201
-0.28569999999999995,0.06916523545040164
-0.28470000000000006,0.0699716208913247
-0.28369999999999995,0.07062238808926263
-0.28270000000000006,0.07248980700508448
-0.28169999999999995,0.0736215760449765
-0.28070000000000006,0.07588511412476057
-0.27969999999999995,0.07701688316465259
-0.27870000000000006,0.0783891531255217
-0.27769999999999995,0.07919553856644475
-0.27670000000000006,0.08075172099629631
-0.27569999999999995,0.0828030523811006
-0.27470000000000006,0.08359529070902501
-0.27369999999999994,0.08513732602587791
-0.27270000000000005,0.0872735400886741
-0.27169999999999994,0.08783942460862013
-0.27070000000000005,0.08935316569947571
-0.26969999999999994,0.09099423080731917
-0.26870000000000005,0.09239479499418554
-0.26769999999999994,0.09470077441296555
-0.26670000000000005,0.09678040002376717
-0.26569999999999994,0.09768581525568078
-0.26470000000000005,0.09970885241448779
-0.26369999999999993,0.10095379835836901
-0.26270000000000004,0.10209971451125968
-0.26169999999999993,0.10450472372103026
-0.26070000000000004,0.10569308121291689
-0.25969999999999993,0.10695217426979677
-0.25870000000000004,0.10816882598768068
-0.25769999999999993,0.11186122248032847
-0.25670000000000004,0.11345984624917593
-0.2556999999999999,0.11449258549807742
-0.25470000000000004,0.11674197646486283
-0.2536999999999999,0.11819912910372382
-0.25270000000000004,0.11831230600771302
-0.2516999999999999,0.11927430969162124
-0.25070000000000003,0.12009484224554295
-0.24969999999999992,0.1222169091953405
-0.24870000000000003,0.12489071355208542
-0.24769999999999992,0.12578198167100044
-0.24670000000000003,0.12813040242877638
-0.24569999999999992,0.12904996477368866
-0.24470000000000003,0.1311154432714916
-0.24369999999999992,0.13236038921537283
-0.24270000000000003,0.13434098503518388
-0.24169999999999991,0.13657622888897064
-0.24070000000000003,0.1382738824488087
-0.2396999999999999,0.13980177065266292
-0.23870000000000002,0.1413721001955131
-0.2376999999999999,0.1435931969363012
-0.23670000000000002,0.14444202371622025
-0.23570000000000013,0.14783733083589634
-0.23470000000000002,0.14854468648582883
-0.23370000000000013,0.1499593977856939
-0.23270000000000002,0.15236440699546444
-0.23170000000000013,0.1540620605553025
-0.23070000000000002,0.15604265637511353
-0.22970000000000013,0.15703295428501907
-0.22870000000000001,0.1583061944548976
-0.22770000000000012,0.16000384801473563
-0.2267,0.1624088572245062
-0.22570000000000012,0.16467239530429026
-0.2247,0.16651151999411481
-0.22370000000000012,0.16721887564404736
-0.2227,0.16905800033387192
-0.22170000000000012,0.17033124050375043
-0.2207,0.17174595180361546
-0.21970000000000012,0.17415096101338604
-0.2187,0.17556567231325104
-0.21770000000000012,0.1771218547431026
-0.2167,0.18094157525273818
-0.2157000000000001,0.18532718028231981
-0.2147,0.1844783535024008
-0.2137000000000001,0.1861760070622388
-0.2127,0.18872248740199588
-0.2117000000000001,0.1899957275718744
-0.2107,0.18886395853198237
-0.2097000000000001,0.19141043887173945
-0.2087,0.19409839034148305
-0.2077000000000001,0.19565457277133455
-0.2067,0.19678634181122662
-0.2057000000000001,0.19947429328097016
-0.2047,0.2007475334508487
-0.2037000000000001,0.2038598983105518
-0.2027,0.2040013694405383
-0.2017000000000001,0.20711373430024138
-0.2007,0.20711373430024138
-0.1997000000000001,0.20966021463999845
-0.1987,0.21248963723972852
-0.1977000000000001,0.21447023305953958
-0.19669999999999999,0.21942172260906717
-0.1957000000000001,0.2199876071290132
-0.19469999999999998,0.2195631937390537
-0.1937000000000001,0.22196820294882427
-0.19269999999999998,0.22409026989862182
-0.1917000000000001,0.22592939458844638
-0.1907000000000001,0.22805146153824393
-0.1897000000000002,0.22918323057813594
-0.1887000000000001,0.2321541243078525
-0.1877000000000002,0.23484207577759608
-0.1867000000000001,0.23625678707746112
-0.1857000000000002,0.23753002724733965
-0.1847000000000001,0.2389447385472047
-0.1837000000000002,0.2420571034069078
-0.18270000000000008,0.2460182950465299
-0.1817000000000002,0.24531093939659734
-0.18070000000000008,0.2477159486063679
-0.1797000000000002,0.252243024765936
-0.17870000000000008,0.2523844958959225
-0.1777000000000002,0.25563833188561214
-0.17670000000000008,0.25705304318547717
-0.1757000000000002,0.25790186996539616
-0.17470000000000008,0.25931658126526125
-0.1737000000000002,0.2617215904750318
-0.17270000000000008,0.2637021862948429
-0.17170000000000019,0.26582425324464043
-0.17070000000000007,0.269361031494303
-0.16970000000000018,0.269643973754276
-0.16870000000000007,0.2724733963540061
-0.16770000000000018,0.2727563386139791
-0.16670000000000007,0.2738881076538711
-0.16570000000000018,0.2770004725135742
-0.16470000000000007,0.2796884239833177
-0.16370000000000018,0.2816690198031288
-0.16270000000000007,0.2819519620631018
-0.16170000000000018,0.28350814449295336
-0.16070000000000007,0.28647903822266996
-0.15970000000000018,0.28930846082239997
-0.15870000000000006,0.29058170099227854
-0.15770000000000017,0.29256229681208956
-0.15670000000000006,0.29510877715184664
-0.15570000000000017,0.29779672862159023
-0.15470000000000006,0.2993529110514418
-0.15370000000000017,0.3013335068712528
-0.15270000000000006,0.30487028512091535
-0.15170000000000017,0.30458734286094236
-0.15070000000000006,0.30656793868075344
-0.14970000000000017,0.3079826499806185
-0.14870000000000005,0.30925589015049704
-0.14770000000000016,0.3108120725803486
-0.14670000000000005,0.3136414951800786
-0.14570000000000016,0.31533914873991664
-0.14470000000000005,0.3170368022997547
-0.14370000000000016,0.3177441579496872
-0.14270000000000005,0.3188759269895793
-0.14170000000000016,0.32283711862920134
-0.14070000000000005,0.3243933010590529
-0.13970000000000016,0.32736419478876944
-0.13870000000000005,0.32778860817872896
-0.13770000000000016,0.33047655964847256
-0.13670000000000004,0.3348621646780542
-0.13570000000000015,0.3344377512880947
-0.13470000000000004,0.33655981823789227
-0.13370000000000015,0.3392477697076358
-0.13270000000000004,0.3388233563176763
-0.13170000000000015,0.3464627973369475
-0.13070000000000004,0.34490661490709595
-0.12970000000000015,0.345755441687015
-0.12870000000000004,0.3458969128170015
-0.12770000000000015,0.3473116241168665
-0.12670000000000003,0.3519801714064211
-0.12570000000000014,0.3535363538362727
-0.12470000000000003,0.35537547852609724
-0.12370000000000014,0.35763901660588127
-0.12270000000000003,0.3610343237255574
-0.12170000000000014,0.36358080406531446
-0.12070000000000003,0.3645711019752199
-0.11970000000000014,0.3661272844050715
-0.11870000000000003,0.37022994717468005
-0.11770000000000014,0.37291789864442365
-0.11670000000000003,0.3750399655942212
-0.11570000000000014,0.37617173463411324
-0.11470000000000002,0.37588879237414025
-0.11370000000000013,0.3787182149738703
-0.11270000000000002,0.37942557062380283
-0.11170000000000013,0.37857674384388385
-0.11070000000000024,0.3737667254243427
-0.10970000000000013,0.3773035036740053
-0.10870000000000024,0.3823964643535194
-0.10770000000000013,0.3869235405130875
-0.10670000000000024,0.3857917714731955
-0.10570000000000013,0.3903188476327636
-0.10470000000000024,0.3915920878026421
-0.10370000000000013,0.3910262032826961
-0.10270000000000024,0.39088473215270964
-0.10170000000000012,0.39215797232258814
-0.10070000000000023,0.39555327944226426
-0.09970000000000012,0.3979582886520348
-0.09870000000000023,0.3979582886520348
-0.09770000000000012,0.39937299995189984
-0.09670000000000023,0.40036329786180536
-0.09570000000000012,0.404465960631414
-0.09470000000000023,0.4051733162813465
-0.09370000000000012,0.40630508532123855
-0.09270000000000023,0.40856862340102257
-0.09170000000000011,0.4121054016506852
-0.09070000000000022,0.41436893973046923
-0.08970000000000011,0.4163495355502803
-0.08870000000000022,0.4133786418205638
-0.08770000000000011,0.41352011295055024
-0.08670000000000022,0.4149348242504153
-0.08570000000000011,0.41719836233019936
-0.08470000000000022,0.41422746860048276
-0.08370000000000011,0.41465188199044223
-0.08270000000000022,0.41705689120021283
-0.0817000000000001,0.4218669096197539
-0.08070000000000022,0.42582810125937604
-0.0797000000000001,0.423847505439565
-0.07870000000000021,0.4239889765695515
-0.0777000000000001,0.423847505439565
-0.07670000000000021,0.42865752385910616
-0.0757000000000001,0.43261871549872827
-0.07470000000000021,0.4310625330688767
-0.0737000000000001,0.4296478217690116
-0.07270000000000021,0.4323357732387552
-0.0717000000000001,0.4334675422786472
-0.07070000000000021,0.4306381196789172
-0.0697000000000001,0.43021370628895766
-0.0687000000000002,0.4321943021087687
-0.0677000000000001,0.43375048453862025
-0.0667000000000002,0.43601402261840433
-0.06570000000000009,0.43459931131853924
-0.0647000000000002,0.4336090134086337
-0.06370000000000009,0.4364384360083638
-0.0627000000000002,0.43615549374839085
-0.06170000000000009,0.43870197408814793
-0.0607000000000002,0.43983374312803997
-0.059700000000000086,0.43573108035843133
-0.058700000000000196,0.43672137826833685
-0.057700000000000085,0.4391263874781074
-0.056700000000000195,0.4401166853880129
-0.05570000000000008,0.4384190318281749
-0.05470000000000019,0.43728726278828284
-0.05370000000000008,0.4384190318281749
-0.05270000000000019,0.4375702050482558
-0.05170000000000008,0.43742873391826936
-0.05070000000000019,0.4377116761782423
-0.04970000000000008,0.43615549374839085
-0.04870000000000019,0.4379946184382154
-0.047700000000000076,0.4384190318281749
-0.046700000000000186,0.43870197408814793
-0.045700000000000074,0.4428046368577565
-0.044700000000000184,0.4469072996273651
-0.04370000000000007,0.4412484544279049
-0.04270000000000018,0.4392678586080939
-0.04170000000000007,0.4365799071383503
-0.04070000000000018,0.4343163690585663
-0.03970000000000007,0.43318460001867426
-0.03870000000000018,0.43049664854893066
-0.03770000000000007,0.43247724436874174
-0.03670000000000018,0.4355896092284448
-0.035700000000000065,0.4341748979285798
-0.034700000000000175,0.4303551774189442
-0.03370000000000006,0.43049664854893066
-0.03270000000000017,0.42922340837905215
-0.03170000000000006,0.42568663012938956
-0.03070000000000017,0.4263939857793221
-0.02970000000000006,0.42625251464933556
-0.02870000000000017,0.42582810125937604
-0.027700000000000058,0.42837458159913316
-0.026700000000000168,0.42879899498909263
-0.025700000000000056,0.42611104351934903
-0.024700000000000166,0.42441338995951106
-0.023700000000000054,0.42172543848976746
-0.022700000000000164,0.42200838074974045
-0.021700000000000053,0.42101808283983494
-0.020700000000000163,0.42158396735978093
-0.01970000000000005,0.423281620919619
-0.01870000000000016,0.42271573639967297
-0.01770000000000005,0.4187545447600509
-0.01670000000000016,0.41691542007022636
-0.015700000000000047,0.41833013137009134
-0.014700000000000157,0.4190374870200239
-0.013700000000000045,0.4186130736300644
-0.012700000000000156,0.41818866024010487
-0.011700000000000044,0.41691542007022636
-0.010700000000000154,0.4160665932903073
-0.009700000000000042,0.41748130459017235
-0.008700000000000152,0.41748130459017235
-0.00770000000000004,0.4163495355502803
-0.00670000000000015,0.4163495355502803
-0.005700000000000038,0.4163495355502803
-0.0047000000000001485,0.41691542007022636
-0.0037000000000000366,0.4188960158900374
-0.0027000000000001467,0.4133786418205638
-0.0017000000000000348,0.4130956995605908
-0.000700000000000145,0.41748130459017235
0.00029999999999996696,0.4173398334601858
0.0012999999999998568,0.42158396735978093
0.0022999999999999687,0.423281620919619
0.0032999999999998586,0.4248378033494705
0.0042999999999999705,0.4268183991692816
0.00529999999999986,0.423281620919619
0.006299999999999972,0.42441338995951106
0.007299999999999862,0.4231401497896325
0.008299999999999974,0.4231401497896325
0.009299999999999864,0.42752575481921407
0.010299999999999976,0.42837458159913316
0.011299999999999866,0.4276672259492006
0.012299999999999978,0.42894046611907916
0.013299999999999867,0.38763089616302
0.012299999999999978,0.345472499427042
0.011299999999999866,0.32099799393937684
0.010299999999999976,0.30006026670137426
0.009299999999999864,0.2808201930232098
0.008299999999999974,0.2651168975947079
0.007299999999999862,0.2515356691160035
0.006299999999999972,0.23781296950731265
0.00529999999999986,0.22649527910839237
0.0042999999999999705,0.21630935774936413
0.0032999999999998586,0.21022609915994445
0.0022999999999999687,0.19438133260145604
0.0012999999999998568,0.18730777610213087
0.00029999999999996696,0.18193187316264373
-0.000700000000000145,0.1696238848538179
-0.0017000000000000348,0.1618429727045602
-0.0027000000000001467,0.15307176264539696
-0.0037000000000000366,0.1498179266557074
-0.0047000000000001485,0.1427443701563822
-0.005700000000000038,0.1365903760019693
-0.00670000000000015,0.1351898118151029
-0.00770000000000004,0.12697033916288702
-0.008700000000000152,0.12306573597525952
-0.009700000000000042,0.1139549952041287
-0.010700000000000154,0.10467448907701406
-0.011700000000000044,0.10242509811022867
-0.012700000000000156,0.10037376672542435
-0.013700000000000045,0.09505445223793182
-0.014700000000000157,0.09327191600010187
-0.015700000000000047,0.09027272804438799
-0.01670000000000016,0.0848543837659049
-0.01770000000000005,0.08332649556205066
-0.01870000000000016,0.07884186074147849
-0.01970000000000005,0.07466846240687663
-0.020700000000000163,0.07073556499325184
-0.021700000000000053,0.06660460799764592
-0.022700000000000164,0.06603872347769991
-0.023700000000000054,0.0652181909237782
-0.024700000000000166,0.06265756347102248
-0.025700000000000056,0.058668077605403074
-0.026700000000000168,0.05324973332691998
-0.027700000000000058,0.052301876756010404
-0.02870000000000017,0.0483406851163883
-0.02970000000000006,0.0442097281207824
-0.03070000000000017,0.04132371706905772
-0.03170000000000006,0.03988071154319539
-0.03270000000000017,0.0366551697795031
-0.03370000000000006,0.03256665412289315
-0.034700000000000175,0.03420771923073659
-0.035700000000000065,0.035650724756598924
-0.03670000000000018,0.033061803077845904
-0.03770000000000007,0.030628499642078044
-0.03870000000000018,0.02734636942639116
-0.03970000000000007,0.024559388165657038
-0.04070000000000018,0.024446211261667832
-0.04170000000000007,0.02240902698986218
-0.04270000000000018,0.017782921039303512
-0.04370000000000007,0.016891652920388536
-0.044700000000000184,0.014953498439573438
-0.045700000000000074,0.014514937936615275
-0.046700000000000186,0.010150553576531638
-0.047700000000000076,0.009522421759391561
-0.04870000000000019,0.008377920317800748
-0.04970000000000008,0.007497969889284694
-0.05070000000000019,0.005530106471172428
-0.05170000000000008,0.004371457916582963
-0.05270000000000019,0.004454925883275
-0.05370000000000008,0.002222511452087973
-0.05470000000000019,0.0005191990470504685
-0.05570000000000008,-0.00020654784978029538
-0.056700000000000195,-0.0008206740250517079
-0.057700000000000085,-0.0015745736767497859
-0.058700000000000196,-0.0015745736767497859
-0.059700000000000086,-0.00405880671931279
-0.0607000000000002,-0.005622062705663656
-0.06170000000000009,-0.005467859173978367
-0.0627000000000002,-0.0074923110440852335
-0.06370000000000009,-0.008455729439293324
-0.0647000000000002,-0.00987892900695755
-0.06570000000000009,-0.011875086651067117
-0.0667000000000002,-0.011958554617759154
-0.0677000000000001,-0.011917527990063069
-0.0687000000000002,-0.011344569913617729
-0.0697000000000001,-0.012977146753661982
-0.07070000000000021,-0.015986237688474913
-0.0717000000000001,-0.01666529911241013
-0.07270000000000021,-0.019721075520118612
-0.0737000000000001,-0.01891469007919554
-0.07470000000000021,-0.02015963602307677
-0.0757000000000001,-0.021447023305953956
-0.07670000000000021,-0.020173783136075422
-0.0777000000000001,-0.022069496277894573
-0.07870000000000021,-0.022012907825899968
-0.0797000000000001,-0.02373885561173532
-0.08070000000000022,-0.024304740131681327
-0.0817000000000001,-0.02543650917157336
-0.08270000000000022,-0.028053725076323675
-0.08370000000000011,-0.027190751183406005
-0.08470000000000022,-0.02782737126834527
-0.08570000000000011,-0.02893084608224
-0.08670000000000022,-0.030883147676053754
-0.08770000000000011,-0.031731974455972776
-0.08870000000000022,-0.03249591855789989
-0.08970000000000011,-0.03276471370487424
-0.09070000000000022,-0.03347206935480676
-0.09170000000000011,-0.03484433931567585
-0.09270000000000023,-0.03508484023665291
-0.09370000000000012,-0.03485848642867451
-0.09470000000000023,-0.03543851806161917
-0.09570000000000012,-0.03706543605646396
-0.09670000000000023,-0.03848014735632899
-0.09770000000000012,-0.04074368543611305
-0.09870000000000023,-0.040347566272150845
-0.09970000000000012,-0.04058806719312791
-0.10070000000000023,-0.04126712861706312
-0.10170000000000012,-0.04207351405798619
-0.10270000000000024,-0.04279501682091736
-0.10370000000000013,-0.04217254384897674
-0.10470000000000024,-0.04372872627882829
-0.10570000000000013,-0.04313454753288497
-0.10670000000000024,-0.04544052695166498
-0.10770000000000013,-0.04586494034162449
-0.10870000000000024,-0.04597811724561369
-0.10970000000000013,-0.04712403339850437
-0.11070000000000024,-0.04739282854547873
-0.11170000000000013,-0.04832653800338965
-0.11270000000000002,-0.04943001281728438
-0.11370000000000013,-0.05054763474417776
-0.11470000000000002,-0.05042031072718991
-0.11570000000000014,-0.051113519264123775
-0.11670000000000003,-0.05200478738303874
-0.11770000000000014,-0.05330632177891458
-0.11870000000000003,-0.05391464763785655
-0.11970000000000014,-0.05398538320284981
-0.12070000000000003,-0.05490494554776207
-0.12170000000000014,-0.055527418519702686
-0.12270000000000003,-0.05657430488160282
-0.12370000000000014,-0.05711189517555153
-0.12470000000000003,-0.05633380396062577
-0.12570000000000014,-0.05714018940154882
-0.12670000000000003,-0.05909249099536258
-0.12770000000000015,-0.05909249099536258
-0.12870000000000004,-0.059488610159324794
-0.12970000000000015,-0.06098820413718173
-0.13070000000000004,-0.06076185032920333
-0.13170000000000015,-0.06214826740307107
-0.13270000000000004,-0.06275659326201304
-0.13370000000000015,-0.06335077200795634
-0.13470000000000004,-0.06444009970885242
-0.13570000000000015,-0.06431277569186457
-0.13670000000000004,-0.0657557812177269
-0.13770000000000016,-0.06636410707666887
-0.13870000000000005,-0.06719878674358926
-0.13970000000000016,-0.06792028950652042
-0.14070000000000005,-0.06828811444448532
-0.14170000000000016,-0.0691793825634003
-0.14270000000000005,-0.07046676984627748
-0.14370000000000016,-0.07076385921924913
-0.14470000000000005,-0.07100436014022618
-0.14570000000000016,-0.07176830424215332
-0.14670000000000005,-0.07237663010109527
-0.14770000000000016,-0.07314057420302239
-0.14870000000000005,-0.07415916633892522
-0.14970000000000017,-0.07488066910185638
-0.15070000000000006,-0.07536167094381051
-0.15170000000000017,-0.07571534876877677
-0.15270000000000006,-0.07633782174071738
-0.15370000000000017,-0.0770734716166472
-0.15470000000000006,-0.07820524065653922
-0.15570000000000017,-0.07844574157751628
-0.15670000000000006,-0.0788984491934731
-0.15770000000000017,-0.07949262793941642
-0.15870000000000006,-0.08031316049333813
-0.15970000000000018,-0.08154395932422072
-0.16070000000000007,-0.08229375631314918
-0.16170000000000018,-0.0829445235110871
-0.16270000000000007,-0.08355284937002906
-0.16370000000000018,-0.08423191079396428
-0.16470000000000007,-0.08510903179988061
-0.16570000000000018,-0.08523635581686846
-0.16670000000000007,-0.08635397774376184
-0.16770000000000018,-0.08675009690772406
-0.16870000000000007,-0.08791016017361337
-0.16970000000000018,-0.08918340034349191
-0.17070000000000007,-0.08987660888042578
-0.17170000000000019,-0.09023028670539203
-0.17270000000000008,-0.09082446545133536
-0.1737000000000002,-0.09222502963820174
-0.17470000000000008,-0.09475736286496016
-0.1757000000000002,-0.09467248018696825
-0.17670000000000008,-0.09481395131695476
-0.1777000000000002,-0.09438953792699524
-0.17870000000000008,-0.0944602734919885
-0.1797000000000002,-0.09579010211386164
-0.18070000000000008,-0.0970209009447442
-0.1817000000000002,-0.09754434412569428
-0.18270000000000008,-0.1002181484824392
-0.1837000000000002,-0.0999069119964689
-0.1847000000000001,-0.09987861777047159
-0.1857000000000002,-0.09993520622246618
-0.1867000000000001,-0.10085476856737846
-0.1877000000000002,-0.10242509811022867
-0.1887000000000001,-0.10385395652309233
-0.1897000000000002,-0.10507060824097628
-0.1907000000000001,-0.10502816690198033
-0.1917000000000001,-0.10707949828678462
-0.19269999999999998,-0.10672582046181836
-0.1937000000000001,-0.10802735485769419
-0.19469999999999998,-0.10887618163761323
-0.1957000000000001,-0.11286566750323263
-0.19669999999999999,-0.11314860976320563
-0.1977000000000001,-0.11231393009628526
-0.1987,-0.11321934532819887
-0.1997000000000001,-0.11317690398920292
-0.2007,-0.11229978298328659
-0.2017000000000001,-0.11275249059924342
-0.2027,-0.1135871702661638
-0.2037000000000001,-0.11572338432896
-0.2047,-0.11582241411995055
-0.2057000000000001,-0.11699662449883853
-0.2067,-0.11798692240874405
-0.2077000000000001,-0.11986848843756456
-0.2087,-0.1221603207433459
-0.2097000000000001,-0.12334867823523256
-0.2107,-0.12371650317319745
-0.2117000000000001,-0.12271205815029328
-0.2127,-0.12402773965916776
-0.2137000000000001,-0.12435312325813672
-0.2147,-0.12582442300999636
-0.2157000000000001,-0.12722498719686276
-0.2167,-0.1289792292086954
-0.21770000000000012,-0.12975732042362115
-0.2187,-0.13059200009054156
-0.21970000000000012,-0.13138423841846594
-0.2207,-0.1316813277914376
-0.22170000000000012,-0.13301115641331077
-0.2227,-0.13370436495024463
-0.22370000000000012,-0.13511907625010966
-0.2247,-0.13554348964006918
-0.22570000000000012,-0.13734017299089774
-0.2267,-0.13806167575382894
-0.22770000000000012,-0.1371845547479126
-0.22870000000000001,-0.13838705935279788
-0.22970000000000013,-0.1407213329975752
-0.23070000000000002,-0.14138624730851176
-0.23170000000000013,-0.1434517258063147
-0.23270000000000002,-0.14557379275611226
-0.23370000000000013,-0.14571526388609876
-0.23470000000000002,-0.14500790823616627
-0.23570000000000013,-0.14557379275611226
-0.23670000000000002,-0.14741291744593682
-0.2376999999999999,-0.1502423400456669
-0.23870000000000002,-0.1506667534356264
-0.2396999999999999,-0.1508082245656129
-0.24070000000000003,-0.1496764555257209
-0.24169999999999991,-0.1512326379555724
-0.24270000000000003,-0.1510911668255859
-0.24369999999999992,-0.15222293586547794
-0.24470000000000003,-0.1540620605553025
-0.24569999999999992,-0.15476941620523502
-0.24670000000000003,-0.15575971411514053
-0.24769999999999992,-0.15915502123481662
-0.24870000000000003,-0.15972090575476264
-0.24969999999999992,-0.1615600304445872
-0.25070000000000003,-0.16339915513441172
-0.2516999999999999,-0.16325768400442522
-0.25270000000000004,-0.16453092417430376
-0.2536999999999999,-0.1655212220842093
-0.25470000000000004,-0.16608710660415532
-0.2556999999999999,-0.16721887564404736
-0.25670000000000004,-0.1693409425938449
-0.25769999999999993,-0.17047271163373692
-0.25870000000000004,-0.17132153841365594
-0.25969999999999993,-0.17132153841365594
-0.26070000000000004,-0.1728777208435075
-0.26169999999999993,-0.17429243214337253
-0.26270000000000004,-0.17556567231325104
-0.26369999999999993,-0.17768773926304862
-0.26470000000000005,-0.1774047970030756
-0.26569999999999994,-0.17797068152302162
-0.26670000000000005,-0.17853656604296764
-0.26769999999999994,-0.17924392169290015
-0.26870000000000005,-0.18009274847281917
-0.26969999999999994,-0.18278069994256274
-0.27070000000000005,-0.18362952672248176
-0.27169999999999994,-0.18377099785246825
-0.27270000000000005,-0.18532718028231981
-0.27369999999999994,-0.18660042045219835
-0.27470000000000006,-0.18688336271217135
-0.27569999999999995,-0.18744924723211737
-0.27670000000000006,-0.1890054296619689
-0.27769999999999995,-0.18957131418191492
-0.27870000000000006,-0.1919763233916855
-0.27969999999999995,-0.1919763233916855
-0.28070000000000006,-0.193249563561564
-0.28169999999999995,-0.19537163051136155
-0.28270000000000006,-0.19622045729128057
-0.28369999999999995,-0.1970692840711996
-0.28470000000000006,-0.1972107552011861
-0.28569999999999995,-0.1976351685911456
-0.28670000000000007,-0.19904987989101067
-0.28769999999999996,-0.20004017780091618
-0.28870000000000007,-0.20173783136075424
-0.28969999999999996,-0.20187930249074074
-0.29070000000000007,-0.20216224475071373
-0.29169999999999996,-0.2035769560505788
-0.29270000000000007,-0.2038598983105518
-0.29369999999999996,-0.20499166735044383
-0.2947000000000001,-0.20584049413036284
-0.29569999999999996,-0.20626490752032234
-0.2967000000000001,-0.20852844560010642
-0.29769999999999996,-0.20951874351001196
-0.2987000000000001,-0.2088113878600794
-0.29969999999999997,-0.21036757028993097
-0.3007000000000001,-0.20980168576998495
-0.30169999999999997,-0.21065051254990397
-0.3027000000000001,-0.21093345480987696
-0.30369999999999997,-0.21418729079956658
-0.3047000000000001,-0.21333846401964754
-0.30569999999999997,-0.21489464644949907
-0.3067000000000001,-0.2151775887094721
-0.3077,-0.21588494435940458
-0.3087000000000001,-0.2167337711393236
-0.3097,-0.21588494435940458
-0.3107000000000001,-0.2202705493889862
-0.3117,-0.21913878034909418
-0.3127000000000001,-0.2181484824391887
-0.3137,-0.22140231842887825
-0.3147000000000001,-0.22097790503891873
-0.3157,-0.22097790503891873
-0.3167000000000001,-0.22154378955886472
-0.3177,-0.2242317410286083
-0.3187000000000001,-0.2245146832885813
-0.3197,-0.2242317410286083
-0.3207000000000001,-0.2239487987686353
-0.3217,-0.22437321215859482
-0.3227000000000001,-0.22380732763864883
-0.3237,-0.22592939458844638
-0.3247000000000001,-0.2267782213683654
-0.3257,-0.22663675023837887
-0.3267000000000001,-0.22720263475832486
-0.3277,-0.22720263475832486
-0.3287000000000001,-0.2279099904082574
-0.3297,-0.22805146153824393
-0.3307000000000001,-0.22833440379821693
-0.3317,-0.22946617283810894
-0.3327000000000001,-0.23187118204787951
-0.3337,-0.23144676865792
-0.3347000000000001,-0.23201265317786599
-0.3357,-0.23088088413797397
-0.3367000000000001,-0.23371030673770407
-0.3377,-0.232578537697812
-0.3387000000000001,-0.23356883560771755
-0.3397,-0.23413472012766354
-0.3407000000000001,-0.23385177786769054
-0.3417,-0.23639825820744764
-0.3427000000000001,-0.23554943142752863
-0.3437,-0.23639825820744764
-0.3447000000000001,-0.23837885402725867
-0.3457,-0.23908620967719119
-0.3467000000000001,-0.2395106230671507
-0.3477,-0.23908620967719119
-0.3487000000000001,-0.24035944984706975
-0.3497,-0.24078386323702924
-0.3507000000000001,-0.24191563227692126
-0.3517,-0.24134974775697526
-0.3527000000000001,-0.24177416114693479
-0.3537,-0.2420571034069078
-0.3547000000000001,-0.2437547569667458
-0.3557,-0.24417917035670533
-0.35670000000000013,-0.24474505487665132
-0.3577,-0.24573535278655687
-0.35870000000000013,-0.24729153521640837
-0.3597,-0.251960082505963
-0.36070000000000013,-0.24927213103621945
-0.3617,-0.250828313466071
-0.3626999999999999,-0.24997948668615194
-0.3637,-0.24997948668615194
-0.3646999999999999,-0.24941360216620592
-0.3657,-0.25012095781613847
-0.3666999999999999,-0.250828313466071
-0.3677,-0.2518186113759765
-0.3686999999999999,-0.25295038041586854
-0.36970000000000003,-0.2540821494557606
-0.3706999999999999,-0.25535538962563914
-0.37170000000000003,-0.25634568753554465
-0.3726999999999999,-0.2581848122253692
-0.37370000000000003,-0.2571945143154637
-0.3746999999999999,-0.2591751101352747
-0.37570000000000003,-0.26030687917516676
-0.3766999999999999,-0.2583262833553557
-0.37770000000000004,-0.2588921678753017
-0.3786999999999999,-0.2594580523952477
-0.37970000000000004,-0.2617215904750318
-0.3806999999999999,-0.2625704172549508
-0.38170000000000004,-0.26299483064491036
-0.38269999999999993,-0.2639851285548159
-0.38370000000000004,-0.26440954194477534
-0.38469999999999993,-0.2648339553347349
-0.38570000000000004,-0.2663901377645864
-0.38669999999999993,-0.2665316088945729
-0.38770000000000004,-0.26738043567449193
-0.38869999999999993,-0.268795146974357
-0.38970000000000005,-0.2706342716641816
-0.39069999999999994,-0.27204898296404656
-0.39170000000000005,-0.2727563386139791
-0.39269999999999994,-0.27586870347368214
-0.39370000000000005,-0.27459546330380363
-0.39469999999999994,-0.2767175302536012
-0.39570000000000005,-0.27869812607341227
-0.39669999999999994,-0.27883959720339874
-0.39770000000000005,-0.2809616641531963
-0.39869999999999994,-0.2806787218932233
-0.39970000000000006,-0.2844984424028589
-0.40069999999999995,-0.2842155001428859
-0.40170000000000006,-0.28591315370272397
-0.40269999999999995,-0.2869034516126294
-0.40370000000000006,-0.2871863938726024
-0.40469999999999995,-0.29100611438223806
-0.40570000000000006,-0.2921378834221301
-0.40669999999999995,-0.2932696524620221
-0.40770000000000006,-0.2934111235920086
-0.40869999999999995,-0.2960990750617522
-0.40970000000000006,-0.2960990750617522
-0.41069999999999995,-0.2986455554015092
-0.41170000000000007,-0.30232380478115833
-0.41269999999999996,-0.3038799872110099
-0.41370000000000007,-0.3041629294709829
-0.41469999999999996,-0.30600205416080745
-0.41570000000000007,-0.30727529433068596
-0.41669999999999996,-0.30925589015049704
-0.41770000000000007,-0.31265119727017304
-0.41869999999999996,-0.3139244374400516
-0.4197000000000001,-0.31519767760993017
-0.42069999999999996,-0.3161879755198357
-0.4217000000000001,-0.31576356212987616
-0.42269999999999996,-0.3191588692495523
-0.4237000000000001,-0.32099799393937684
-0.42469999999999997,-0.3205735805494173
-0.4257000000000001,-0.3221297629792688
-0.42669999999999997,-0.32241270523924187
-0.4277000000000001,-0.32425182992906637
-0.42869999999999997,-0.3300521462585131
-0.4297000000000001,-0.329203319478594
-0.43069999999999997,-0.33075950190844555
-0.4317000000000001,-0.3333059822482026
-0.4327,-0.3344377512880947
-0.4337000000000001,-0.33698423162785174
-0.4347,-0.3396721830975953
-0.4357000000000001,-0.34094542326747385
-0.4367,-0.34490661490709595
-0.4377000000000001,-0.34419925925716344
-0.4387,-0.3473116241168665
-0.4397000000000001,-0.35014104671659657
-0.4407,-0.3507069312365426
-0.4417000000000001,-0.3538192960962457
-0.4427,-0.35622430530601623
-0.4437000000000001,-0.3577804877358678
-0.4447,-0.3614587371155169
-0.4457000000000001,-0.36188315050547637
-0.4467,-0.36485404423519296
-0.4477000000000001,-0.3675419957049365
-0.4487,-0.3740496676843157
-0.4497000000000001,-0.37489849446423473
-0.4507,-0.3773035036740053
-0.4517000000000001,-0.3806988107936814
-0.4527,-0.3838111756533844
-0.4537000000000001,-0.38466000243330345
-0.4547,-0.38664059825311453
-0.4557000000000001,-0.39215797232258814
-0.4567,-0.39343121249246665
-0.4577000000000001,-0.39583622170223726
-0.4587,-0.39838270204199433
-0.4597000000000001,-0.4054562585413195
-0.4607,-0.40361713385149495
-0.4617000000000001,-0.40658802758121154
-0.4627,-0.41054921922083365
-0.4637000000000001,-0.4149348242504153
-0.4647,-0.4173398334601858
-0.4657000000000001,-0.42031072718990237
-0.4667,-0.42497927447945705
-0.4677000000000001,-0.42851605272911963
-0.4687,-0.4320528309787822
-0.4697000000000001,-0.43615549374839085
-0.4707,-0.43672137826833685
-0.4717000000000001,-0.4436534636376755
-0.4727,-0.4463414151074191
-0.4737000000000001,-0.4480390686672571
-0.4747,-0.4515758469169197
-0.4757000000000001,-0.45299055821678474
-0.4767,-0.4594982301961639
-0.4777000000000001,-0.46317647957581304
-0.4787,-0.4655814887855836
-0.4797000000000001,-0.47124033398504367
-0.4807,-0.4764747657945444
-0.48170000000000013,-0.48354832229386957
-0.4827,-0.48567038924366707
-0.48370000000000013,-0.4875095139334916
-0.4847,-0.49316835913295176
-0.48570000000000013,-0.4978369064225064
-0.4867,-0.49868573320242543
-0.4876999999999999,-0.5043445784018855
-0.4887,-0.5098619524713591
-0.4896999999999999,-0.5172184512306574
-0.4907,-0.521038171740293
-0.4916999999999999,-0.5255652478998613
-0.4927,-0.5322143910092269
-0.4936999999999999,-0.5356096981289029
-0.49470000000000003,-0.5412685433283632
-0.4956999999999999,-0.5459370906179177
-0.49670000000000003,-0.5515959358173778
-0.4976999999999999,-0.5579621366667705
-0.49870000000000003,-0.5647527509061226
-0.4996999999999999,-0.5698457115856368
-0.5007,-0.5738069032252588
-0.5016999999999999,-0.5804560463346246
-0.5027,-0.5863978337940576
-0.5036999999999999,-0.5916322656035584
-0.5047,-0.5978569953229644
-0.5056999999999999,-0.6052134940822627
-0.5067,-0.6141261752714124
-0.5076999999999999,-0.6216241451606972
-0.5087,-0.6282732882700627
-0.5096999999999999,-0.6357712581593474
-0.5107,-0.6431277569186457
-0.5116999999999999,-0.6472304196882542
-0.5127,-0.6545869184475525
-0.5136999999999999,-0.6629337151167561
-0.5147,-0.6709975695259869
-0.5156999999999999,-0.6756661168155416
-0.5167,-0.6861349804345428
-0.5176999999999999,-0.69151088337403
-0.5187,-0.6981600264833956
-0.5196999999999999,-0.7091947746223429
-0.5207,-0.7157024466017221
-0.5216999999999999,-0.7254639545707907
-0.5227,-0.7248980700508447
-0.5236999999999999,-0.7363572315797515
-0.5247,-0.7464016818087934
-0.5257,-0.7547484784779971
-0.5267000000000001,-0.7622464483672817
-0.5277,-0.771583542946391
-0.5287000000000001,-0.7860135982050144
-0.5297,-0.791248030014515
-0.5307000000000001,-0.8015754225035298
-0.5317,-0.8131760551624231
-0.5327000000000001,-0.8240693321713839
-0.5337,-0.8348211380503582
-0.5347000000000001,-0.8469876552291975
-0.5357,-0.8611347682278478
-0.5367000000000001,-0.8652374309974565
-0.5377,-0.8730183431467142
-0.5387000000000001,-0.8854678025855264
-0.5397,-0.8973513775043926
-0.5407000000000001,-0.9102252503331645
-0.5417,-0.9109326059830971
-0.5427000000000001,-0.9253626612417204
-0.5437,-0.9325776888710322
-0.5447000000000001,-0.9463003884797231
-0.5457,-0.9598816169584273
-0.5467000000000001,-0.9710578362273611
-0.5477,-0.9840731801861196
-0.5487000000000001,-0.9992105910946756
-0.5497,-1.0126503484433933
-0.5507000000000001,-1.0228362698024216
-0.5517,-1.036417498281126
-0.5527000000000001,-1.0556575719592904
-0.5537,-1.0739073477275494
-0.5547000000000001,-1.0695217426979677
-0.5557,-1.0900350565460108
-0.5567000000000001,-1.106587178754432
-0.5577,-1.1180463402833383
-0.5587000000000001,-1.1313446265020697
-0.5597,-1.1511505847001804
-0.5607000000000001,-1.1682685914285473
-0.5617,-1.1883574918866306
-0.5627000000000001,-1.206324325394917
-0.5637,-1.2228764476033378
-0.5647000000000001,-1.2411262233715967
-0.5657,-1.2377309162519208
-0.5667000000000001,-1.2650348443393156
-0.5677,-1.2828602067176154
-0.5687000000000001,-1.305495587515456
-0.5697,-1.326574785883445
-0.5707000000000001,-1.3363362938525138
-0.5717,-1.3497760512012313
-0.5727000000000001,-1.3750993834688159
-0.5737,-1.3810411709282489
-0.5747000000000001,-1.4043839073760218
-0.5757,-1.4246142789640919
-0.5767000000000001,-1.4500790823616625
-0.5777,-1.4741291744593683
-0.5787000000000001,-1.4939351326574788
-0.5797,-1.5151558021554543
-0.5807000000000001,-1.5179852247551844
-0.5817,-1.5349617603535646
-0.5827000000000001,-1.5547677185516753
-0.5837,-1.580232521949246
-0.5847000000000001,-1.6085267479465466
-0.5857,-1.626917994844792
-0.5867000000000001,-1.6453092417430377
-0.5877,-1.6736034677403384
-0.5887000000000001,-1.694824137238314
-0.5897,-1.7301919197349398
-0.5907000000000001,-1.766974413531431
-0.5917,-1.7952686395287314
-0.5927000000000001,-1.8122451751271118
-0.5937,-1.8518570915233332
-0.5947000000000001,-1.8561012254229279
-0.5957,-1.8546865141230628
-0.5967000000000001,-1.8858101627200938
-0.5977,-1.9155191000172598
-0.5987000000000001,-1.959375150313076
-0.5997,-1.9834252424107812
-0.6007000000000001,-1.9989870667092968
-0.6017,-2.0272812927065975
-0.6027000000000001,-2.0697226317025486
-0.6037,-2.1079198367989047
-0.6047000000000001,-2.1121639706984996
-0.6057,-2.1531905983945863
-0.6067000000000001,-2.201290782589997
-0.6077,-2.229585008587298
-0.6087000000000001,-2.2592939458844636
-0.6097,-2.2691969249835187
-0.6107000000000001,-2.3201265317786604
-0.6117,-2.3639825820744766
-0.6126999999999999,-2.3653972933743415
-0.6137,-2.385203251572452
-0.6146999999999999,-2.424815167968673
-0.6157,-2.4842330425630044
-0.6166999999999999,-2.512527268560305
-0.6177,-2.536577360658011
-0.6186999999999999,-2.5691157205549064
-0.6197,-2.6087276369511274
-0.6206999999999999,-2.666730800245594
-0.6217,-2.6950250262428948
-0.6226999999999999,-2.741710499138441
-0.6237,-2.7586870347368215
-0.6246999999999999,-2.798298951133043
-0.6257,-2.844984424028589
-0.6266999999999999,-2.863375670926834
-0.6277,-2.90157287602319
-0.6286999999999999,-2.949673060218602
-0.6297,-3.009090934812933
-0.6306999999999999,-3.0147497800123935
-0.6317,-3.09255890150497
-0.6326999999999999,-3.164709177798087
-0.6337,-3.2212976297926885
-0.6346999999999999,-3.2425182992906643
-0.6357,-3.27788608178729
-0.6366999999999999,-3.3443775128809468
-0.6377,-3.3854041405770325
-0.6386999999999999,-3.4193572117737934
-0.6397,-3.4872633541673155
-0.6406999999999999,-3.525460559263671
-0.6417,-3.5707313208593527
-0.6426999999999999,-3.6259050615540893
-0.6437,-3.6824935135486903
-0.6446999999999999,-3.716446584745451
-0.6457,-3.7730350367400525
-0.6466999999999999,-3.821135220935464
-0.6477,-3.8932854972285815
-0.6486999999999999,-3.903188476327636
-0.6497,-4.0121212464172435
-0.6507,-4.105492192208336
-0.6517000000000001,-4.174813045901724
-0.6527,-4.177642468501453
-0.6537000000000001,-4.179057179801319
-0.6547,-4.205936694498754
-0.6557000000000001,-4.297892928989982
-0.6567,-4.382775606981883
-0.6577000000000001,-4.478975975372705
-0.6587,-4.538393849967037
-0.6597000000000001,-4.585079322862584
-0.6607,-4.607714703660425
-0.6617000000000001,-4.705329783351112
-0.6627,-4.763332946645578
-0.6637000000000001,-4.85387446983694
-0.6647,-4.911877633131407
-0.6657000000000001,-5.070325298716291
-0.6667,-5.114181349012108
-0.6677000000000001,-5.145304997609139
-0.6687,-5.211796428702795
-0.6697000000000001,-5.303752663194023
-0.6707,-5.3631705377883545
-0.6717000000000001,-5.440979659280932
-0.6727,-5.521618203373238
-0.6737000000000001,-5.569718387568649
-0.6747,-5.674407023758662
-0.6757000000000001,-5.798901618146785
-0.6767,-5.873881317039633
-0.6777000000000001,-5.880954873538958
-0.6787,-5.927640346434504
-0.6797000000000001,-6.030914271324651
-0.6807,-6.135602907514665
-0.6817000000000001,-6.193606070809131
-0.6827,-6.309612397398063
-0.6837000000000001,-6.383177384991045
-0.6847,-6.487866021181058
-0.6857000000000001,-6.599628213870396
-0.6867,-6.725537519558384
-0.6877000000000001,-6.7679788585543355
-0.6887,-6.882570473843404
-0.6897000000000001,-7.007065068231526
-0.6907,-7.158439177317086
-0.6917000000000001,-7.380548851395897
-0.6927,-7.3197162655017
-0.6937000000000001,-7.391866541794816
-0.6947,-7.516361136182939
-0.6957000000000001,-7.623879194972683
-0.6967,-7.773838592758376
-0.6977000000000001,-7.817694643054193
-0.6987,-7.928042124443665
-0.6997000000000001,-8.102051614327065
-0.7007,-8.203910827917348
-0.7017000000000001,-8.29162292850898
-0.7027,-8.45148530539373
-0.7037000000000001,-8.594371146680096
-0.7047,-8.69623036027038
-0.7057000000000001,-8.878728117952969
-0.7067,-9.082446545133534
-0.7077000000000001,-9.216844118620713
-0.7087,-9.24938247851761
-0.7097000000000001,-9.48563926559507
-0.7107,-9.764337391668482
-0.7117000000000001,-9.796875751565379
-0.7127,-9.860537760059307
-0.7137000000000001,-10.035961961242569
-0.7147,-10.1562124217311
-0.7157000000000001,-10.382566229709504
-0.7167,-10.59760234728899
-0.7177000000000001,-10.7914177953705
-0.7187,-10.95976844005444
-0.7197000000000001,-11.102654281340808
-0.7207,-11.295055018122452
-0.7217000000000001,-11.486041043604232
-0.7227,-11.7463479227794
-0.7237000000000001,-11.985434132456591
-0.7247,-12.073146233048224
-0.7257000000000001,-12.288182350627707
-0.7267,-12.415506367615562
-0.7277000000000001,-12.63903075299424
-0.7287,-12.849822736674128
-0.7297000000000001,-13.12286201754808
-0.7307,-13.422780813119468
-0.7317000000000001,-13.634987508099224
-0.7327,-13.845779491779115
-0.7337000000000001,-14.147112998650368
-0.7347,-14.189554337646317
-0.7357000000000001,-14.557379275611227
-0.7367,-14.953498439573437
-0.7376999999999999,-15.03838111756534
-0.7387,-15.363764716534297
-0.7396999999999999,-15.675001202504609
-0.7407,-15.957943462477614
-0.7416999999999999,-16.28332706144657
-0.7427,-16.55212220842093
-0.7436999999999999,-16.891652920388537
-0.7447,-17.160448067362896
-0.7456999999999999,-17.471684553333205
-0.7467,-17.910245056291366
-0.7476999999999999,-18.263922881257624
-0.7487,-18.631747819222536
-0.7496999999999999,-18.94298430519284
-0.7507,-19.211779452167196
-0.7516999999999999,-19.565457277133458
-0.7527,-20.10304757108217
-0.7536999999999999,-20.357695605057877
-0.7547,-20.79625610801604
-0.7556999999999999,-21.277257949970153
-0.7567,-21.772406904922917
-0.7576999999999999,-22.012907825899973
-0.7587,-22.550498119848687
-0.7596999999999999,-23.003205735805498
-0.7607,-23.49835469075826
-0.7616999999999999,-23.993503645711023
-0.7627,-24.516946826661083
-0.7636999999999999,-24.983801555616548
-0.7647,-25.761892770542314
-0.7656999999999999,-25.959952352523427
-0.7667,-26.59657243746269
-0.7676999999999999,-27.204898296404657
-0.7687,-27.799077042347974
-0.7696999999999999,-28.407402901289935
-0.7707,-29.015728760231898
-0.7716999999999999,-29.411847924194117
-0.7727,-30.147497800123933
-0.7736999999999999,-30.727529433068593
-0.7747,-31.505620647994366
-0.7757,-32.08565228093904
-0.7767000000000001,-32.8354492698675
-0.7777,-33.81160006677438
-0.7787000000000001,-34.26430768273119
-0.7797,-34.94336910666641
-0.7807000000000001,-35.650724756598926
-0.7817,-36.45711019752199
-0.7827000000000001,-37.164465847454515
-0.7837,-38.09817530536544
-0.7847000000000001,-38.84797229429391
-0.7857,-39.66850484821563
-0.7867000000000001,-40.503184515136
-0.7877,-41.281275730061765
-0.7887000000000001,-42.31401497896325
-0.7897,-43.077959080890366
-0.7907000000000001,-43.87019740881479
-0.7917,-44.93123088371356
-0.7927000000000001,-45.61029230764878
-0.7937,-46.67132578254756
-0.7947000000000001,-47.534299675465235
-0.7957,-48.51045047237211
-0.7967000000000001,-49.472454156280335
-0.7977,-50.61837030917101
-0.7987000000000001,-51.424755750094086
-0.7997,-52.34431809500636
-0.8007000000000001,-53.348763117910536
-0.8017,-54.39564947981066
-0.8027000000000001,-55.51327140670405
-0.8037,-56.70162889859067
-0.8047000000000001,-57.8333979384827
-0.8057,-58.880284300382826
-0.8067000000000001,-59.983759114277554
-0.8077,-61.07308681517363
-0.8087000000000001,-62.30388564605621
-0.8097,-63.44980179894689
-0.8107000000000001,-64.34106991786187
-0.8117,-65.45869184475525
-0.8127000000000001,-66.63290222364323
-0.8137,-67.8071126025312
-0.8147000000000001,-68.92473452942457
-0.8157,-70.15553336030716
-0.8167000000000001,-71.52780332117625
-0.8177,-72.56054257007773
-0.8187000000000001,-73.96110675694412
-0.8197,-75.14946424883075
-0.8207000000000001,-76.39441019271199
-0.8217,-77.56862057159996
-0.8227000000000001,-78.96918475846634
-0.8237,-80.28486626734085
-0.8247000000000001,-81.50151798522475
-0.8257,-82.81719949409924
-0.8267000000000001,-83.96311564698992
-0.8277,-85.2222087038698
-0.8287000000000001,-86.6793613427308
-0.8297,-88.10821975559449
-0.8307000000000001,-89.14095900449597
-0.8317,-90.4424934003718
-0.8327000000000001,-91.50352687527057
-0.8337,-92.6070016891653
-0.8347000000000001,-93.97927165003438
-0.8357,-95.18177625491967
-0.8367000000000001,-96.32769240781035
-0.8377,-97.38872588270912
-0.8387000000000001,-98.5629362615971
-0.8397,-99.90691199646888
-0.8407000000000001,-100.89720990637443
-0.8417,-102.2977740932408
-0.8427000000000001,-103.27392489014768
-0.8437,-104.64619485101677
-0.8447000000000001,-105.73552255191284
-0.8457,-106.66923200982377
-0.8467000000000001,-107.73026548472255
-0.8477,-108.90447586361051
-0.8487000000000001,-109.92306799951335
-0.8497,-110.98410147441213
-0.8507000000000001,-111.96025227131899
-0.8517,-112.89396172922991
-0.8527000000000001,-114.0115836561233
-0.8537,-115.12920558301667
-0.8547000000000001,-115.97803236293572
-0.8557,-117.19468408081964
-0.8567000000000001,-118.41133579870358
-0.8577,-119.20357412662798
-0.8587000000000001,-120.20801914953216
-0.8597,-121.41052375441744
-0.8607000000000001,-122.17446785634456
-0.8617,-123.23550133124336
-0.8626999999999999,-124.22579924114888
-0.8637,-124.989743343076
-0.8646999999999999,-126.03662970497612
-0.8657,-127.012780501883
-0.8666999999999999,-128.17284376777232
-0.8677,-129.0641118866873
-0.8686999999999999,-130.02611557059552
-0.8697,-130.93153080250914
-0.8706999999999999,-131.7945046954268
-0.8717,-133.12433331729994
-0.8726999999999999,-134.7936926511407
-0.8737,-135.81228478704352
-0.8746999999999999,-136.51964043697603
-0.8757,-137.6089681378721
-0.8766999999999999,-138.7548842907628
-0.8777,-139.67444663567508
-0.8786999999999999,-140.31106672061432
-0.8797,-141.47112998650366
-0.8806999999999999,-142.6028990263957
-0.8817,-143.0273124163552
-0.8826999999999999,-143.0273124163552
-0.8837,-143.0273124163552
-0.8846999999999999,-143.0273124163552
-0.8857,-143.0273124163552
-0.8866999999999999,-143.0273124163552
-0.8857,-143.0273124163552
-0.8846999999999999,-143.0273124163552
-0.8837,-142.8858412863687
-0.8826999999999999,-141.89554337646317
-0.8817,-140.74962722357247
-0.8806999999999999,-140.07056579963728
-0.8797,-138.88220830775063
-0.8786999999999999,-137.94849884983972
-0.8777,-136.94405382693554
-0.8766999999999999,-135.72740210905164
-0.8757,-134.44001482617443
-0.8746999999999999,-132.89797950932152
-0.8737,-132.16232963339172
-0.8726999999999999,-131.55400377444977
-0.8717,-130.37979339556176
-0.8706999999999999,-129.84220310161308
-0.8697,-128.5265215927386
-0.8686999999999999,-127.33816410085197
-0.8677,-126.17810083496262
-0.8666999999999999,-125.20195003805576
-0.8657,-124.11262233715966
-0.8646999999999999,-123.57503204321095
-0.8637,-122.57058702030677
-0.8626999999999999,-122.25935053433648
-0.8617,-121.49540643240935
-0.8607000000000001,-120.40607873151326
-0.8597,-119.7411644205767
-0.8587000000000001,-118.82160207566443
-0.8577,-117.36444943680344
-0.8567000000000001,-115.72338432896
-0.8557,-114.4642912720801
-0.8547000000000001,-114.11061344711386
-0.8537,-113.57302315316515
-0.8527000000000001,-112.49784256526772
-0.8517,-111.13971971739728
-0.8507000000000001,-109.97965645150795
-0.8497,-108.87618163761321
-0.8487000000000001,-107.68782414572658
-0.8477,-106.83899736580757
-0.8467000000000001,-105.93358213389395
-0.8457,-105.04231401497897
-0.8447000000000001,-104.25007568705455
-0.8437,-103.67004405410988
-0.8427000000000001,-103.09001242116523
-0.8417,-102.07142028526239
-0.8407000000000001,-101.01038681036361
-0.8397,-99.90691199646888
-0.8387000000000001,-99.01564387755391
-0.8377,-97.92631617665783
-0.8367000000000001,-97.24725475272263
-0.8357,-96.79454713676581
-0.8347000000000001,-96.2569568428171
-0.8337,-95.26665893291157
-0.8327000000000001,-94.38953792699526
-0.8317,-93.39924001708972
-0.8307000000000001,-92.4655305591788
-0.8297,-91.50352687527057
-0.8287000000000001,-90.6405529823529
-0.8277,-89.83416754142982
-0.8267000000000001,-88.65995716254186
-0.8257,-87.74039481762958
-0.8247000000000001,-86.7359497947254
-0.8237,-85.60418075483337
-0.8227000000000001,-84.98170778289276
-0.8217,-84.11873388997508
-0.8207000000000001,-83.52455514403178
-0.8197,-82.6615812511141
-0.8187000000000001,-81.89763714918698
-0.8177,-80.82245656128954
-0.8167000000000001,-79.76142308639076
-0.8157,-79.08236166245555
-0.8147000000000001,-78.26182910853383
-0.8137,-77.54032634560265
-0.8127000000000001,-76.79052935667418
-0.8117,-76.29538040172143
-0.8107000000000001,-75.63046609078486
-0.8097,-74.39966725990229
-0.8087000000000001,-73.49425202798865
-0.8077,-72.8293377170521
-0.8067000000000001,-72.05124650212633
-0.8057,-71.2307139482046
-0.8047000000000001,-70.76385921924914
-0.8037,-70.16968047330582
-0.8027000000000001,-69.71697285734902
-0.8017,-69.151088337403
-0.8007000000000001,-68.55690959145967
-0.7997,-67.93443661951906
-0.7987000000000001,-67.4958761165609
-0.7977,-66.88755025761894
-0.7967000000000001,-66.10945904269316
-0.7957,-65.4728389577539
-0.7947000000000001,-64.63815929083353
-0.7937,-63.77518539791585
-0.7927000000000001,-62.88391727900089
-0.7917,-62.06338472507916
-0.7907000000000001,-61.34188196214799
-0.7897,-60.521349408226264
-0.7887000000000001,-59.7715524192978
-0.7877,-59.035902543367975
-0.7867000000000001,-58.20122287644761
-0.7857,-57.70607392149485
-0.7847000000000001,-56.998718271562325
-0.7837,-56.29136262162981
-0.7827000000000001,-55.9235376836649
-0.7817,-55.21618203373238
-0.7807000000000001,-54.409796592809315
-0.7797,-53.872206298860604
-0.7787000000000001,-53.15070353592942
-0.7777,-52.42920077299826
-0.7767000000000001,-51.82087491405629
-0.7757,-51.25499039411028
-0.7747,-50.56178185717641
-0.7736999999999999,-49.67051373826144
-0.7727,-49.27439457429922
-0.7716999999999999,-48.59533315036401
-0.7707,-48.029448630417996
-0.7696999999999999,-47.22306318949492
-0.7687,-46.68547289554621
-0.7676999999999999,-45.90738168062044
-0.7667,-45.29905582167847
-0.7656999999999999,-44.76146552772976
-0.7647,-43.88434452181344
-0.7636999999999999,-43.41748979285798
-0.7627,-42.653545690930855
-0.7616999999999999,-41.98863137999429
-0.7607,-41.43689397304693
-0.7596999999999999,-40.77197966211036
-0.7587,-40.10706535117379
-0.7576999999999999,-39.45629815323587
-0.7567,-38.94700208528445
-0.7556999999999999,-38.35282333934114
-0.7547,-37.82938015839108
-0.7536999999999999,-37.235201412447765
-0.7527,-36.669316892501755
-0.7516999999999999,-36.10343237255574
-0.7507,-35.806342999584075
-0.7496999999999999,-34.94336910666641
-0.7487,-34.4057788127177
-0.7476999999999999,-33.88233563176763
-0.7467,-33.231568433829715
-0.7456999999999999,-32.8637434958648
-0.7447,-32.38274165391069
-0.7436999999999999,-32.01491671594578
-0.7427,-31.54806198699032
-0.7416999999999999,-30.88314767605375
-0.7407,-30.387998721100992
-0.7396999999999999,-29.80796708815632
-0.7387,-29.32696524620221
-0.7376999999999999,-28.8742576302454
-0.7367,-28.53472691827779
-0.7357000000000001,-28.13860775431558
-0.7347,-27.813224155346617
-0.7337000000000001,-27.176604070407354
-0.7327,-26.822926245441096
-0.7317000000000001,-26.412659968480234
-0.7307,-25.974099465522073
-0.7297000000000001,-25.60627452755716
-0.7287,-25.224302476593607
-0.7277000000000001,-24.828183312631392
-0.7267,-24.417917035670534
-0.7257000000000001,-24.064239210704276
-0.7247,-23.710561385738018
-0.7237000000000001,-23.342736447773106
-0.7227,-23.073941300798747
-0.7217000000000001,-22.522203893851387
-0.7207,-22.04120205189727
-0.7197000000000001,-21.772406904922917
-0.7187,-21.376287740960702
-0.7177000000000001,-21.121639706984997
-0.7167,-20.598196526034933
-0.7157000000000001,-20.34354849205923
-0.7147,-20.03231200608892
-0.7137000000000001,-19.70692840711996
-0.7127,-19.49472171214021
-0.7117000000000001,-19.070308322180697
-0.7107,-18.688336271217132
-0.7097000000000001,-18.47612957623738
-0.7087,-18.13659886426977
-0.7077000000000001,-17.839509491298113
-0.7067,-17.599008570321057
-0.7057000000000001,-17.231183632356142
-0.7047,-16.962388485381787
-0.7037000000000001,-16.835064468393938
-0.7027,-16.60871066041553
-0.7017000000000001,-16.311621287443874
-0.7007,-15.986237688474914
-0.6997000000000001,-15.816472332491113
-0.6987,-15.462794507524851
-0.6977000000000001,-15.293029151541045
-0.6967,-15.01008689156804
-0.6957000000000001,-14.854468648582884
-0.6947,-14.514937936615278
-0.6937000000000001,-14.30273124163552
-0.6927,-14.036765517260893
-0.6917000000000001,-13.910856211572908
-0.6907,-13.66186702279666
-0.6897000000000001,-13.476539842514338
-0.6887,-13.262918436234719
-0.6877000000000001,-13.1058854819497
-0.6867,-12.87245811747197
-0.6857000000000001,-12.629127773895183
-0.6847,-12.520195003805576
-0.6837000000000001,-12.288182350627707
-0.6827,-12.054754986149977
-0.6817000000000001,-11.794448106974812
-0.6807,-11.617609194491681
-0.6797000000000001,-11.43794085940882
-0.6787,-11.293640306822589
-0.6777000000000001,-11.149339754236355
-0.6767,-11.012112758149446
-0.6757000000000001,-10.831029711766721
-0.6747,-10.574966966491148
-0.6737000000000001,-10.386810363609099
-0.6727,-10.234021543223676
-0.6717000000000001,-10.1562124217311
-0.6707,-9.939761592851747
-0.6697000000000001,-9.85346420355998
-0.6687,-9.672381157177256
-0.6677000000000001,-9.557789541888187
-0.6667,-9.322947466110591
-0.6657000000000001,-9.171573357025034
-0.6647,-9.09234952423259
-0.6637000000000001,-8.938145992547302
-0.6627,-8.727354008867412
-0.6617000000000001,-8.641056619575643
-0.6607,-8.533538560785903
-0.6597000000000001,-8.407629255097913
-0.6587,-8.276061104210465
-0.6577000000000001,-8.10629574822666
-0.6567,-7.991704132937592
-0.6557000000000001,-7.950677505241506
-0.6547,-7.742714944161346
-0.6537000000000001,-7.680467646967284
-0.6527,-7.629538040172143
-0.6517000000000001,-7.458357972888473
-0.6507,-7.342351646299541
-0.6497,-7.2390777214093935
-0.6486999999999999,-7.096191880123024
-0.6477,-7.005650356931662
-0.6466999999999999,-6.868423360844753
-0.6457,-6.765149435954606
-0.6446999999999999,-6.666119644964053
-0.6437,-6.619434172068506
-0.6426999999999999,-6.502013134179709
-0.6417,-6.394495075389965
-0.6406999999999999,-6.282732882700628
-0.6397,-6.186532514309805
-0.6386999999999999,-6.086088012019388
-0.6377,-6.008278890526811
-0.6366999999999999,-5.878125450939227
-0.6357,-5.766363258249889
-0.6346999999999999,-5.682895291557853
-0.6337,-5.643283375161632
-0.6326999999999999,-5.5598154084695945
-0.6317,-5.506056379074723
-0.6306999999999999,-5.453712060979717
-0.6297,-5.315070353592943
-0.6286999999999999,-5.142475575009408
-0.6277,-5.092960679514132
-0.6266999999999999,-5.0420310727189905
-0.6257,-4.978369064225063
-0.6246999999999999,-4.933098302629383
-0.6237,-4.82275082123991
-0.6226999999999999,-4.766162369245309
-0.6217,-4.682694402553271
-0.6206999999999999,-4.597811724561368
-0.6197,-4.510099623969737
-0.6186999999999999,-4.42380223467797
-0.6177,-4.385605029581614
-0.6166999999999999,-4.312040041988632
-0.6157,-4.245548610894974
-0.6146999999999999,-4.180471891101184
-0.6137,-4.136615840805367
-0.6126999999999999,-4.084271522710361
-0.6117,-4.033341915915219
-0.6107000000000001,-3.986656443019674
-0.6097,-3.8763089616302007
-0.6087000000000001,-3.8282087774347895
-0.6077,-3.7970851288377587
-0.6067000000000001,-3.7390819655432916
-0.6057,-3.67966409094896
-0.6047000000000001,-3.6117579485554394
-0.6037,-3.5608283417602973
-0.6027000000000001,-3.4985810445662353
-0.6017,-3.453310282970554
-0.6007000000000001,-3.3953071196760884
-0.5997,-3.347206935480677
-0.5987000000000001,-3.2934479060858055
-0.5977,-3.2623242574887747
-0.5967000000000001,-3.201491671594578
-0.5957,-3.1519767760993016
-0.5947000000000001,-3.119438416202406
-0.5937,-3.0642646755076695
-0.5927000000000001,-3.002017378313608
-0.5917,-2.941184792419411
-0.5907000000000001,-2.9072317212226504
-0.5897,-2.859131537027239
-0.5887000000000001,-2.8308373110299385
-0.5877,-2.7714194364356066
-0.5867000000000001,-2.7289780974396556
-0.5857,-2.7162456957408705
-0.5847000000000001,-2.6653160889457292
-0.5837,-2.639851285548158
-0.5827000000000001,-2.5945805239524775
-0.5817,-2.554968607556256
-0.5807000000000001,-2.5111125572604402
-0.5797,-2.465841795664759
-0.5787000000000001,-2.4318887244679983
-0.5777,-2.389447385472047
-0.5767000000000001,-2.354079602975421
-0.5757,-2.33144422217758
-0.5747000000000001,-2.2890028831816296
-0.5737,-2.2564645232847336
-0.5727000000000001,-2.228170297287433
-0.5717,-2.1729965565926963
-0.5707000000000001,-2.1418729079956655
-0.5697,-2.1305552175967453
-0.5687000000000001,-2.0980168576998492
-0.5677,-2.047087250904708
-0.5667000000000001,-2.0187930249074073
-0.5657,-1.9961576441095665
-0.5647000000000001,-1.9579604390132106
-0.5637,-1.9423986147146954
-0.5627000000000001,-1.92117794521672
-0.5617,-1.8787366062207687
-0.5607000000000001,-1.8603453593225232
-0.5597,-1.8193187316264372
-0.5587000000000001,-1.7910245056291363
-0.5577,-1.7613155683319706
-0.5567000000000001,-1.7386801875341302
-0.5557,-1.7075565389370995
-0.5547000000000001,-1.690580003338719
-0.5537,-1.6764328903400685
-0.5527000000000001,-1.6453092417430377
-0.5517,-1.6056973253468165
-0.5507000000000001,-1.5929649236480312
-0.5497,-1.5731589654499207
-0.5487000000000001,-1.543450028152755
-0.5477,-1.5137410908555893
-0.5467000000000001,-1.499593977856939
-0.5457,-1.4741291744593683
-0.5447000000000001,-1.4444202371622026
-0.5437,-1.421784856364362
-0.5427000000000001,-1.3988665333065484
-0.5417,-1.3786361617184781
-0.5407000000000001,-1.3568496077005565
-0.5397,-1.332233631082905
-0.5387000000000001,-1.3142667975746192
-0.5377,-1.3028076360457121
-0.5367000000000001,-1.2810210820277907
-0.5357,-1.251312144730625
-0.5347000000000001,-1.2227349764733513
-0.5337,-1.206041383134944
-0.5327000000000001,-1.1910454433563744
-0.5317,-1.1759080324478186
-0.5307000000000001,-1.1553947185997753
-0.5297,-1.1362961160515976
-0.5287000000000001,-1.1237051854827986
-0.5277,-1.1088507168342159
-0.5267000000000001,-1.0886203452461456
-0.5257,-1.071785280777752
-0.5247,-1.0504231401497897
-0.5236999999999999,-1.0341539602013416
-0.5227,-1.0122259350534337
-0.5216999999999999,-1.0006253023945404
-0.5207,-0.9905808521654985
-0.5196999999999999,-0.9781313927266864
-0.5187,-0.9600230880884139
-0.5176999999999999,-0.9441783215299254
-0.5167,-0.9243723633318148
-0.5156999999999999,-0.9124887884129486
-0.5147,-0.8974928486343793
-0.5136999999999999,-0.885609273715513
-0.5127,-0.869905978287011
-0.5116999999999999,-0.8544856251184821
-0.5107,-0.8410458677697643
-0.5096999999999999,-0.8281719949409925
-0.5087,-0.812327228382504
-0.5076999999999999,-0.8073757388329764
-0.5067,-0.7949262793941642
-0.5056999999999999,-0.7802132818755677
-0.5047,-0.7645099864470658
-0.5036999999999999,-0.7551728918679566
-0.5027,-0.7413087211292793
-0.5016999999999999,-0.7273030792606153
-0.5007,-0.7154195043417491
-0.4996999999999999,-0.7041018139428288
-0.49870000000000003,-0.6975941419634496
-0.4976999999999999,-0.6842958557447183
-0.49670000000000003,-0.6738269921257171
-0.4956999999999999,-0.6619434172068507
-0.49470000000000003,-0.6514745535878493
-0.4936999999999999,-0.6411471610988346
-0.4927,-0.6340736045995095
-0.4916999999999999,-0.6210582606407511
-0.4907,-0.6112967526716824
-0.4896999999999999,-0.6033743693924382
-0.4887,-0.5921981501235044
-0.4876999999999999,-0.5801731040746516
-0.4867,-0.5722507207954074
-0.48570000000000013,-0.5637624529962171
-0.4847,-0.5523032914673103
-0.48370000000000013,-0.5377317650787005
-0.4827,-0.5326388043991863
-0.48170000000000013,-0.52075522948032
-0.4807,-0.5150963842808599
-0.4797000000000001,-0.5060422319617235
-0.4787,-0.49769543529251986
-0.4777000000000001,-0.49260247461300577
-0.4767,-0.4838312645538425
-0.4757000000000001,-0.47463564110471984
-0.4747,-0.4688353247752731
-0.4737000000000001,-0.46077147036604243
-0.4727,-0.4544052695166497
-0.4717000000000001,-0.44619994397743257
-0.4707,-0.4371457916582963
-0.4697000000000001,-0.4314869464588362
-0.4687,-0.42073514057986194
-0.4677000000000001,-0.4125298150406447
-0.4667,-0.40432448950142746
-0.4657000000000001,-0.3976753463920618
-0.4647,-0.39385562588242623
-0.4637000000000001,-0.38918707859287155
-0.4627,-0.38366970452339794
-0.4617000000000001,-0.37617173463411324
-0.4607,-0.36810788022488256
-0.4597000000000001,-0.3617416793754899
-0.4587,-0.3541022383562187
-0.4577000000000001,-0.3498581044566236
-0.4567,-0.34391631699719044
-0.4557000000000001,-0.3396721830975953
-0.4547,-0.3335889245081756
-0.4537000000000001,-0.32778860817872896
-0.4527,-0.32269564749921487
-0.4517000000000001,-0.3164709177798087
-0.4507,-0.3091144190205105
-0.4497000000000001,-0.30402145834099636
-0.4487,-0.3002017378313608
-0.4477000000000001,-0.2934111235920086
-0.4467,-0.288176691782508
-0.4457000000000001,-0.2808201930232098
-0.4447,-0.2768590013835877
-0.4437000000000001,-0.2731807520039386
-0.4427,-0.2695025026242895
-0.4417000000000001,-0.26426807081478887
-0.4407,-0.25761892770542316
-0.4397000000000001,-0.2540821494557606
-0.4387,-0.24884771764625993
-0.4377000000000001,-0.24417917035670533
-0.4367,-0.2389447385472047
-0.4357000000000001,-0.23554943142752863
-0.4347,-0.23158823978790652
-0.4337000000000001,-0.2281929326682304
-0.4327,-0.2245146832885813
-0.4317000000000001,-0.22126084729889173
-0.43069999999999997,-0.21630935774936413
-0.4297000000000001,-0.2116408104598095
-0.42869999999999997,-0.2081040322101469
-0.4277000000000001,-0.2044257828304978
-0.42669999999999997,-0.2011719468408082
-0.4257000000000001,-0.19622045729128057
-0.42469999999999997,-0.1922592656516585
-0.4237000000000001,-0.18829807401203638
-0.42269999999999996,-0.18391246898245475
-0.4217000000000001,-0.1806586329927652
-0.42069999999999996,-0.17768773926304862
-0.4197000000000001,-0.17528273005327805
-0.41869999999999996,-0.17202889406358848
-0.41770000000000007,-0.16877505807389886
-0.41669999999999996,-0.16509680869424978
-0.41570000000000007,-0.1617015015745737
-0.41469999999999996,-0.1588720789748436
-0.41370000000000007,-0.15575971411514053
-0.41269999999999996,-0.15335470490536995
-0.41170000000000007,-0.14868615761581536
-0.41069999999999995,-0.14628114840604478
-0.40970000000000006,-0.14316878354634172
-0.40869999999999995,-0.14005641868663865
-0.40770000000000006,-0.1374674970078856
-0.40669999999999995,-0.1348502811031353
-0.40570000000000006,-0.13189353448641736
-0.40469999999999995,-0.12818699088077098
-0.40370000000000006,-0.12514536158606115
-0.40269999999999995,-0.12206129095235536
-0.40170000000000006,-0.1198260470985686
-0.40069999999999995,-0.11759080324478184
-0.39970000000000006,-0.11558191319897348
-0.39869999999999994,-0.11357302315316514
-0.39770000000000005,-0.1116207215593514
-0.39669999999999994,-0.10843762113465506
-0.39570000000000005,-0.10483010731999923
-0.39469999999999994,-0.10283536438718952
-0.39370000000000005,-0.10052938496840952
-0.39269999999999994,-0.09921370345953502
-0.39170000000000005,-0.09704919517074152
-0.39069999999999994,-0.09560618964487919
-0.38970000000000005,-0.09337094579109242
-0.38869999999999993,-0.0907254356603448
-0.38770000000000004,-0.08700474494169977
-0.38669999999999993,-0.0849958548958914
-0.38570000000000004,-0.08424605790696293
-0.38469999999999993,-0.08310014175407225
-0.38370000000000004,-0.08018583647635028
-0.38269999999999993,-0.07802132818755676
-0.38170000000000004,-0.07472505085887124
-0.3806999999999999,-0.07265957236106828
-0.37970000000000004,-0.07106094859222079
-0.3786999999999999,-0.07005650356931663
-0.37770000000000004,-0.06854276247846103
-0.3766999999999999,-0.06722708096958654
-0.37570000000000003,-0.06487866021181057
-0.3746999999999999,-0.06320930087796985
-0.37370000000000003,-0.0616531184481183
-0.3726999999999999,-0.05984228798429105
-0.37170000000000003,-0.05757874990450699
-0.3706999999999999,-0.05627721550863116
-0.36970000000000003,-0.05402782454184575
-0.3686999999999999,-0.05247164211199421
-0.3677,-0.05126913750710893
-0.3666999999999999,-0.04930268880029653
-0.3657,-0.048029448630418
-0.3646999999999999,-0.04593567590661774
-0.3637,-0.04470487707573516
-0.3626999999999999,-0.04408240410379454
-0.3617,-0.04276672259492006
-0.36070000000000013,-0.040899303679098206
-0.3597,-0.03903188476327636
-0.35870000000000013,-0.03695225915247476
-0.3577,-0.03570731320859352
-0.35670000000000013,-0.03480189797667991
-0.3557,-0.03364183471079057
-0.3547000000000001,-0.032623242574887745
-0.3537,-0.031024618806040256
-0.3527000000000001,-0.02939770081119546
-0.3517,-0.027615164573365516
-0.3507000000000001,-0.026808779132442447
-0.3497,-0.025521391849565263
-0.3487000000000001,-0.024432064148669184
-0.3477,-0.022847587492820343
-0.3467000000000001,-0.022111937616890523
-0.3457,-0.020513313848043033
-0.3447000000000001,-0.018645894932221182
-0.3437,-0.017910245056291362
-0.3427000000000001,-0.01697653559838044
-0.3417,-0.014981792665570736
-0.3407000000000001,-0.013842950069179384
-0.3397,-0.012907825899968596
-0.3387000000000001,-0.01177747157137643
-0.3377,-0.010618823016786965
-0.3367000000000001,-0.009250797189817474
-0.3357,-0.00814873708722261
-0.3347000000000001,-0.006514745535878493
-0.3337,-0.005412685433283631
-0.3327000000000001,-0.003765961480240728
-0.3317,-0.0027742488590353368
-0.3307000000000001,-0.0017698038361311608
-0.3297,-0.000499676031112331
-0.3287000000000001,0.0004633179507057995
-0.3277,0.0010495743133698708
-0.3267000000000001,0.0024587682391654336
-0.3257,0.004245548610894975
-0.3247000000000001,0.004735038720648278
-0.3237,0.006325174221696579
-0.3227000000000001,0.007093362457523294
-0.3217,0.008307184752807496
-0.3207000000000001,0.009563448387087647
-0.3197,0.010567893409991824
-0.3187000000000001,0.012285352928027979
-0.3177,0.013011099824858742
-0.3167000000000001,0.014415908145624722
-0.3157,0.015873060784485714
-0.3147000000000001,0.01650968086942498
-0.3137,0.018080010412275173
-0.3127000000000001,0.01928251501716045
-0.3117,0.02011719468408082
-0.3107000000000001,0.021390434853959358
-0.3097,0.02226755585987568
-0.3087000000000001,0.02359738448174881
-0.3077,0.024375475696674583
-0.3067000000000001,0.02562042164055581
-0.30569999999999997,0.026893661810434347
-0.3047000000000001,0.02829422599730073
-0.30369999999999997,0.028704492274261594
-0.3027000000000001,0.029878702653149573
-0.30169999999999997,0.03120853127502271
-0.3007000000000001,0.032637389687886396
-0.29969999999999997,0.03385404140577032
-0.2987000000000001,0.034561397055702846
-0.29769999999999996,0.03617416793754899
-0.2967000000000001,0.03734837831643697
-0.29569999999999996,0.03848014735632899
-0.2947000000000001,0.039696799074212925
-0.29369999999999996,0.041182245939071216
-0.29270000000000007,0.042554515899940304
-0.29169999999999996,0.04353066669684717
-0.29070000000000007,0.044223875233781046
-0.28969999999999996,0.04556785096865284
-0.28870000000000007,0.04767577080545173
-0.28769999999999996,0.048071889969413945
-0.28670000000000007,0.049741249303254687
-0.28569999999999995,0.05091545968214267
-0.28470000000000006,0.05217455273902255
-0.28369999999999995,0.053589264038887585
-0.28270000000000006,0.05453712060979717
-0.28169999999999995,0.0558103607796757
-0.28070000000000006,0.057479720113516444
-0.27969999999999995,0.05820122287644761
-0.27870000000000006,0.05996961200127891
-0.27769999999999995,0.06117211660616418
-0.27670000000000006,0.06286977016600223
-0.27569999999999995,0.06421374590087402
-0.27470000000000006,0.0653313678277674
-0.27369999999999994,0.06657631377164863
-0.27270000000000005,0.06848617402646642
-0.27169999999999994,0.06958964884036115
-0.27070000000000005,0.07022626892530041
-0.26969999999999994,0.07213612918011822
-0.26870000000000005,0.07215027629311688
-0.26769999999999994,0.07376304717496303
-0.26670000000000005,0.07577193722077137
-0.26569999999999994,0.07632367462771873
-0.26470000000000005,0.07836085889952438
-0.26369999999999993,0.07952092216541372
-0.26270000000000004,0.0809780748042747
-0.26169999999999993,0.08186934292318966
-0.26070000000000004,0.08390652719499532
-0.25969999999999993,0.08512317891287925
-0.25870000000000004,0.0862832421787686
-0.25769999999999993,0.08742915833165928
-0.25670000000000004,0.08884386963152431
-0.2556999999999999,0.09051322896536505
-0.25470000000000004,0.0923523536551896
-0.2536999999999999,0.09363974093806678
-0.25270000000000004,0.09492712822094396
-0.2516999999999999,0.09721896052672531
-0.25070000000000003,0.09934102747652288
-0.24969999999999992,0.10074159166338927
-0.24870000000000003,0.1022128914152489
-0.24769999999999992,0.10382566229709504
-0.24670000000000003,0.10492913711098976
-0.24569999999999992,0.10662679067082782
-0.24470000000000003,0.10797076640569962
-0.24369999999999992,0.10920156523658218
-0.24270000000000003,0.10995136222551065
-0.24169999999999991,0.11115386683039592
-0.24070000000000003,0.1133891106841827
-0.2396999999999999,0.1150726171310221
-0.23870000000000002,0.11630341596190466
-0.2376999999999999,0.11790203973075215
-0.23670000000000002,0.11951481061259829
-0.23570000000000013,0.12138222952842014
-0.23470000000000002,0.12274035237629059
-0.23370000000000013,0.12397115120717317
-0.23270000000000002,0.12438141748413403
-0.23170000000000013,0.1270976631798749
-0.23070000000000002,0.1291772887906765
-0.22970000000000013,0.13033735205656583
-0.22870000000000001,0.13156815088744844
-0.22770000000000012,0.13337898135127566
-0.2267,0.13465222152115416
-0.22570000000000012,0.13797679307583702
-0.2247,0.13825973533581
-0.22370000000000012,0.13922173901971824
-0.2227,0.14101842237054685
-0.22170000000000012,0.14302731241635522
-0.2207,0.14430055258623375
-0.21970000000000012,0.14642261953603128
-0.2187,0.14783733083589634
-0.21770000000000012,0.14939351326574787
-0.2167,0.1512326379555724
-0.2157000000000001,0.15307176264539696
-0.2147,0.15448647394526202
-0.2137000000000001,0.15561824298515403
-0.2127,0.1574573676749786
-0.2117000000000001,0.15901355010483012
-0.2107,0.16127708818461417
-0.2097000000000001,0.16141855931460067
-0.2087,0.16354062626439822
-0.2077000000000001,0.16495533756426325
-0.2067,0.16637004886412832
-0.2057000000000001,0.16905800033387192
-0.2047,0.17033124050375043
-0.2037000000000001,0.17160448067362896
-0.2027,0.173019191973494
-0.2017000000000001,0.17485831666331855
-0.2007,0.17754626813306212
-0.1997000000000001,0.17910245056291366
-0.1987,0.18009274847281917
-0.1977000000000001,0.1806586329927652
-0.19669999999999999,0.18150745977268423
-0.1957000000000001,0.18377099785246825
-0.19469999999999998,0.1858930648022658
-0.1937000000000001,0.18801513175206336
-0.19269999999999998,0.18971278531190142
-0.1917000000000001,0.19084455435179343
-0.1907000000000001,0.1922592656516585
-0.1897000000000002,0.19409839034148305
-0.1887000000000001,0.19551310164134805
-0.1877000000000002,0.19692781294121312
-0.1867000000000001,0.19848399537106462
-0.1857000000000002,0.2011719468408082
-0.1847000000000001,0.20230371588070023
-0.1837000000000002,0.2035769560505788
-0.18270000000000008,0.2041428405705248
-0.1817000000000002,0.20612343639033584
-0.18070000000000008,0.20725520543022788
-0.1797000000000002,0.20909433012005244
-0.17870000000000008,0.212065223849769
-0.1777000000000002,0.21362140627962053
-0.17670000000000008,0.21475317531951257
-0.1757000000000002,0.2154605309694451
-0.17470000000000008,0.21701671339929662
-0.1737000000000002,0.21913878034909418
-0.17270000000000008,0.2198461359990267
-0.17170000000000019,0.22267555859875673
-0.17070000000000007,0.22437321215859482
-0.16970000000000018,0.22493909667854084
-0.16870000000000007,0.22663675023837887
-0.16770000000000018,0.22776851927827088
-0.16670000000000007,0.22904175944814942
-0.16570000000000018,0.23017352848804143
-0.16470000000000007,0.23187118204787951
-0.16370000000000018,0.23484207577759608
-0.16270000000000007,0.23554943142752863
-0.16170000000000018,0.23753002724733965
-0.16070000000000007,0.2392276808071777
-0.15970000000000018,0.24064239210704275
-0.15870000000000006,0.24191563227692126
-0.15770000000000017,0.24389622809673234
-0.15670000000000006,0.24446211261667833
-0.15570000000000017,0.24700859295643537
-0.15470000000000006,0.24799889086634092
-0.15370000000000017,0.24983801555616547
-0.15270000000000006,0.25040390007611146
-0.15170000000000017,0.252243024765936
-0.15070000000000006,0.25365773606580105
-0.14970000000000017,0.25634568753554465
-0.14870000000000005,0.25705304318547717
-0.14770000000000016,0.25761892770542316
-0.14670000000000005,0.25761892770542316
-0.14570000000000016,0.2594580523952477
-0.14470000000000005,0.2610142348250993
-0.14370000000000016,0.2627118883849373
-0.14270000000000005,0.2648339553347349
-0.14170000000000016,0.2666730800245595
-0.14070000000000005,0.26752190680447846
-0.13970000000000016,0.26780484906445146
-0.13870000000000005,0.270209858274222
-0.13770000000000016,0.270209858274222
-0.13670000000000004,0.27204898296404656
-0.13570000000000015,0.2737466365238846
-0.13470000000000004,0.27501987669376315
-0.13370000000000015,0.2767175302536012
-0.13270000000000004,0.2772834147735472
-0.13170000000000015,0.27940548172334473
-0.13070000000000004,0.2816690198031288
-0.12970000000000015,0.28251784658304785
-0.12870000000000004,0.28322520223298037
-0.12770000000000015,0.28364961562293983
-0.12670000000000003,0.2857716825727374
-0.12570000000000014,0.2874693361325754
-0.12470000000000003,0.2886011051724675
-0.12370000000000014,0.28959140308237297
-0.12270000000000003,0.2886011051724675
-0.12170000000000014,0.29100611438223806
-0.12070000000000003,0.29355259472199513
-0.11970000000000014,0.29482583489187364
-0.11870000000000003,0.2955331905418062
-0.11770000000000014,0.2966649595816982
-0.11670000000000003,0.29807967088156323
-0.11570000000000014,0.2992114399214552
-0.11470000000000002,0.29906996879146874
-0.11370000000000013,0.30232380478115833
-0.11270000000000002,0.3038799872110099
-0.11170000000000013,0.30487028512091535
-0.11070000000000024,0.30458734286094236
-0.10970000000000013,0.30685088094072643
-0.10870000000000024,0.30982177467044303
-0.10770000000000013,0.3110950148403216
-0.10670000000000024,0.31095354371033507
-0.10570000000000013,0.31180237049025405
-0.10470000000000024,0.31477326421997065
-0.10370000000000013,0.3149147353499572
-0.10270000000000024,0.3166123889097952
-0.10170000000000012,0.3184515135996197
-0.10070000000000023,0.3188759269895793
-0.09970000000000012,0.31986622489948474
-0.09870000000000023,0.32071505167940384
-0.09770000000000012,0.3217053495893093
-0.09670000000000023,0.32241270523924187
-0.09570000000000012,0.32354447427913385
-0.09470000000000023,0.3243933010590529
-0.09370000000000012,0.32623242574887745
-0.09270000000000023,0.32722272365878297
-0.09170000000000011,0.32778860817872896
-0.09070000000000022,0.32821302156868853
-0.08970000000000011,0.3290618483486075
-0.08870000000000022,0.3299106751285265
-0.08770000000000011,0.3311839152984051
-0.08670000000000022,0.3306180307784591
-0.08570000000000011,0.3310424441684186
-0.08470000000000022,0.33245715546828364
-0.08370000000000011,0.3351451069380272
-0.08270000000000022,0.3348621646780542
-0.0817000000000001,0.3347206935480677
-0.08070000000000022,0.33613540484793275
-0.0797000000000001,0.33571099145797323
-0.07870000000000021,0.3379745295377573
-0.0777000000000001,0.3388233563176763
-0.07670000000000021,0.3396721830975953
-0.0757000000000001,0.3408039521374874
-0.07470000000000021,0.3417942500473929
-0.0737000000000001,0.3417942500473929
-0.07270000000000021,0.3427845479572984
-0.0717000000000001,0.34363337473721745
-0.07070000000000021,0.34518955716706895
-0.0697000000000001,0.34419925925716344
-0.0687000000000002,0.3450480860370824
-0.0677000000000001,0.346887210726907
-0.0667000000000002,0.34858486428674507
-0.06570000000000009,0.3499995755866101
-0.0647000000000002,0.3498581044566236
-0.06370000000000009,0.3508484023665291
-0.0627000000000002,0.35127281575648867
-0.06170000000000009,0.3507069312365426
-0.0607000000000002,0.3536778249662592
-0.059700000000000086,0.35495106513613767
-0.058700000000000196,0.3533948827062862
-0.057700000000000085,0.3533948827062862
-0.056700000000000195,0.3539607672262322
-0.05570000000000008,0.35537547852609724
-0.05470000000000019,0.3548095940061512
-0.05370000000000008,0.35537547852609724
-0.05270000000000019,0.35551694965608377
-0.05170000000000008,0.35579989191605677
-0.05070000000000019,0.35579989191605677
-0.04970000000000008,0.3572146032159218
-0.04870000000000019,0.35693166095594875
-0.047700000000000076,0.3572146032159218
-0.046700000000000186,0.35693166095594875
-0.045700000000000074,0.3582049011258273
-0.044700000000000184,0.3583463722558138
-0.04370000000000007,0.3591951990357328
-0.04270000000000018,0.3597610835556788
-0.04170000000000007,0.35990255468566534
-0.04070000000000018,0.3603269680756248
-0.03970000000000007,0.3616002082455034
-0.03870000000000018,0.36301491954536846
-0.03770000000000007,0.3616002082455034
-0.03670000000000018,0.36075138146558433
-0.035700000000000065,0.36075138146558433
-0.034700000000000175,0.36414668858526045
-0.03370000000000006,0.365702871015112
-0.03270000000000017,0.3655613998851255
-0.03170000000000006,0.36358080406531446
-0.03070000000000017,0.36358080406531446
-0.02970000000000006,0.36442963084523344
-0.02870000000000017,0.3647125731052065
-0.027700000000000058,0.3642881597152469
-0.026700000000000168,0.3666931689250175
-0.025700000000000056,0.36541992875513896
-0.024700000000000166,0.36641022666504447
-0.023700000000000054,0.3658443421450985
-0.022700000000000164,0.3678249379649095
-0.021700000000000053,0.36796640909489603
-0.020700000000000163,0.36839082248485555
-0.01970000000000005,0.3685322936148421
-0.01870000000000016,0.3675419957049365
-0.01770000000000005,0.36994700491470706
-0.01670000000000016,0.37221054299449113
-0.015700000000000047,0.3733423120343832
-0.014700000000000157,0.37390819655432916
-0.013700000000000045,0.37588879237414025
-0.012700000000000156,0.37772791706396475
-0.011700000000000044,0.3784352727138973
-0.010700000000000154,0.37885968610385684
-0.009700000000000042,0.37815233045392427
-0.008700000000000152,0.37942557062380283
-0.00770000000000004,0.3818305798335734
-0.00670000000000015,0.3829623488734654
-0.005700000000000038,0.38522588695324944
-0.0047000000000001485,0.3881967806829661
-0.0037000000000000366,0.3874894250330335
-0.0027000000000001467,0.3874894250330335
-0.0017000000000000348,0.3890456074628851
-0.000700000000000145,0.39060178989273664
0.00029999999999996696,0.39244091458256114
0.0012999999999998568,0.3941385681423992
0.0022999999999999687,0.39710946187211577
0.0032999999999998586,0.3978168175220483
0.0042999999999999705,0.4019194802916569
0.00529999999999986,0.4016365380316839
0.006299999999999972,0.404183018371441
0.007299999999999862,0.406729498711198
0.008299999999999974,0.40899303679098215
0.009299999999999864,0.4128127573006177
0.010299999999999976,0.4128127573006177
0.011299999999999866,0.41705689120021283
0.012299999999999978,0.42031072718990237
