Potential V vs RHE, Current mA cm-2
0.013299999999999867,-0.0709760659142289
0.012299999999999978,-0.12773428326481415
0.011299999999999866,-0.14430055258623375
0.010299999999999976,-0.15293029151541046
0.009299999999999864,-0.16325768400442522
0.008299999999999974,-0.1697653559838044
0.007299999999999862,-0.17627302796318356
0.006299999999999972,-0.18405394011244128
0.00529999999999986,-0.18858101627200938
0.0042999999999999705,-0.192966621301591
0.0032999999999998586,-0.19820105311109162
0.0022999999999999687,-0.20244518701068673
0.0012999999999998568,-0.20711373430024138
0.00029999999999996696,-0.21135786819983648
-0.000700000000000145,-0.21390434853959353
-0.0017000000000000348,-0.21857289582914816
-0.0027000000000001467,-0.22012907825899972
-0.0037000000000000366,-0.22380732763864883
-0.0047000000000001485,-0.2270611636283384
-0.005700000000000038,-0.22833440379821693
-0.00670000000000015,-0.23300295108777153
-0.00770000000000004,-0.23498354690758255
-0.008700000000000152,-0.23781296950731265
-0.009700000000000042,-0.24035944984706975
-0.010700000000000154,-0.24333034357678635
-0.011700000000000044,-0.24318887244679982
-0.012700000000000156,-0.24814036199632744
-0.013700000000000045,-0.24927213103621945
-0.014700000000000157,-0.252243024765936
-0.015700000000000047,-0.25167714024599
-0.01670000000000016,-0.25394067832577405
-0.01770000000000005,-0.2584677544853422
-0.01870000000000016,-0.25959952352523424
-0.01970000000000005,-0.26016540804518024
-0.020700000000000163,-0.2625704172549508
-0.021700000000000053,-0.26455101307476186
-0.022700000000000164,-0.2686536758443705
-0.023700000000000054,-0.2700683871442355
-0.024700000000000166,-0.27162456957408704
-0.025700000000000056,-0.27303928087395213
-0.026700000000000168,-0.27459546330380363
-0.027700000000000058,-0.2764345879936282
-0.02870000000000017,-0.27954695285333125
-0.02970000000000006,-0.27926401059335826
-0.03070000000000017,-0.28223490432307485
-0.03170000000000006,-0.2840740290128994
-0.03270000000000017,-0.2866205093526564
-0.03370000000000006,-0.289025518562427
-0.034700000000000175,-0.28761080726256194
-0.035700000000000065,-0.2914305277721975
-0.03670000000000018,-0.2924208256821031
-0.03770000000000007,-0.29510877715184664
-0.03870000000000018,-0.29793819975157676
-0.03970000000000007,-0.2993529110514418
-0.04070000000000018,-0.30034320896134725
-0.04170000000000007,-0.3041629294709829
-0.04270000000000018,-0.3050117562509019
-0.04370000000000007,-0.30755823659065895
-0.044700000000000184,-0.3108120725803486
-0.045700000000000074,-0.31180237049025405
-0.046700000000000186,-0.3149147353499572
-0.047700000000000076,-0.3166123889097952
-0.04870000000000019,-0.3185929847296063
-0.04970000000000008,-0.3214224073293363
-0.05070000000000019,-0.3217053495893093
-0.05170000000000008,-0.3252421278389719
-0.05270000000000019,-0.32778860817872896
-0.05370000000000008,-0.32948626173856704
-0.05470000000000019,-0.3338718667681486
-0.05570000000000008,-0.3348621646780542
-0.056700000000000195,-0.33755011614779773
-0.057700000000000085,-0.3416527789174064
-0.058700000000000196,-0.3422186634373524
-0.059700000000000086,-0.3456139705570285
-0.0607000000000002,-0.34830192202677207
-0.06170000000000009,-0.35155575801646166
-0.0627000000000002,-0.3539607672262322
-0.06370000000000009,-0.35763901660588127
-0.0647000000000002,-0.3594781412957058
-0.06570000000000009,-0.36329786180534146
-0.0667000000000002,-0.36386374632528745
-0.0677000000000001,-0.3678249379649095
-0.0687000000000002,-0.37107877395459915
-0.0697000000000001,-0.37419113881430216
-0.07070000000000021,-0.37716203254401875
-0.0717000000000001,-0.3809817530536544
-0.07270000000000021,-0.38338676226342494
-0.0737000000000001,-0.38918707859287155
-0.07470000000000021,-0.3910262032826961
-0.0757000000000001,-0.3944215104023722
-0.07670000000000021,-0.3976753463920618
-0.0777000000000001,-0.40008035560183236
-0.07870000000000021,-0.405880671931279
-0.0797000000000001,-0.40856862340102257
-0.08070000000000022,-0.41054921922083365
-0.0817000000000001,-0.4157836510303343
-0.08270000000000022,-0.4188960158900374
-0.08370000000000011,-0.423281620919619
-0.08470000000000022,-0.42752575481921407
-0.08570000000000011,-0.42978929289899814
-0.08670000000000022,-0.43530666696847176
-0.08770000000000011,-0.43955080086806686
-0.08870000000000022,-0.4433705213777025
-0.08970000000000011,-0.44775612640728407
-0.09070000000000022,-0.4498781933570817
-0.09170000000000011,-0.45511262516658224
-0.09270000000000023,-0.46091294149602896
-0.09370000000000012,-0.46529854652561053
-0.09470000000000023,-0.47053297833511115
-0.09570000000000012,-0.47392828545478727
-0.09670000000000023,-0.4776065348344364
-0.09770000000000012,-0.48368979342385604
-0.09870000000000023,-0.48765098506347815
-0.09970000000000012,-0.4911877633131407
-0.10070000000000023,-0.4969880796425873
-0.10170000000000012,-0.49967603111233094
-0.10270000000000024,-0.5075984143915752
-0.10370000000000013,-0.5132572595910353
-0.10470000000000024,-0.5173599223606439
-0.10570000000000013,-0.5227358253001311
-0.10670000000000024,-0.5276873148496587
-0.10770000000000013,-0.5349023424789704
-0.10870000000000024,-0.5407026588084171
-0.10970000000000013,-0.5457956194879312
-0.11070000000000024,-0.5523032914673103
-0.11170000000000013,-0.55838655005673
-0.11270000000000002,-0.5640453952561902
-0.11370000000000013,-0.5709774806255288
-0.11470000000000002,-0.577485152604908
-0.11570000000000014,-0.5821536998944625
-0.11670000000000003,-0.5900760831737067
-0.11770000000000014,-0.5931884480334099
-0.11870000000000003,-0.6022426003525461
-0.11970000000000014,-0.6091746857218847
-0.12070000000000003,-0.6135602907514663
-0.12170000000000014,-0.6230388564605621
-0.12270000000000003,-0.6281318171400763
-0.12370000000000014,-0.635346844769388
-0.12470000000000003,-0.6441180548285511
-0.12570000000000014,-0.6500598422879843
-0.12670000000000003,-0.6574163410472825
-0.12770000000000015,-0.6657631377164863
-0.12870000000000004,-0.673544049865744
-0.12970000000000015,-0.6825982021848802
-0.13070000000000004,-0.6879741051243674
-0.13170000000000015,-0.6971697285734901
-0.13270000000000004,-0.7077800633224779
-0.13370000000000015,-0.7149950909517896
-0.13470000000000004,-0.7236248298809663
-0.13570000000000015,-0.7315472131602104
-0.13670000000000004,-0.7406013654793466
-0.13770000000000016,-0.7506458157083884
-0.13870000000000005,-0.7625293906272548
-0.13970000000000016,-0.768471178086688
-0.14070000000000005,-0.7778082726657971
-0.14170000000000016,-0.792379799054407
-0.14270000000000005,-0.7984630576438266
-0.14370000000000016,-0.8076586810929495
-0.14470000000000005,-0.8177031313219912
-0.14570000000000016,-0.8284549372009655
-0.14670000000000005,-0.8346796669203717
-0.14770000000000016,-0.8467047129692244
-0.14870000000000005,-0.8583053456281178
-0.14970000000000017,-0.8665106711673349
-0.15070000000000006,-0.8788186594761607
-0.15170000000000017,-0.8905607632650405
-0.15270000000000006,-0.9014540402740014
-0.15370000000000017,-0.9124887884129486
-0.15470000000000006,-0.9223917675120039
-0.15570000000000017,-0.9346997558208296
-0.15670000000000006,-0.9454515616998039
-0.15770000000000017,-0.9588913190485219
-0.15870000000000006,-0.9723310763972398
-0.15970000000000018,-0.9835072956661735
-0.16070000000000007,-0.9925614479853098
-0.16170000000000018,-1.007557387763879
-0.16270000000000007,-1.0197239049427183
-0.16370000000000018,-1.0328807200314631
-0.16470000000000007,-1.0453301794702756
-0.16570000000000018,-1.0596187635989127
-0.16670000000000007,-1.074331761117509
-0.16770000000000018,-1.0881959318561862
-0.16870000000000007,-1.0997965645150796
-0.16970000000000018,-1.115075446553622
-0.17070000000000007,-1.1275249059924342
-0.17170000000000019,-1.140115836561233
-0.17270000000000008,-1.156385016509681
-0.1737000000000002,-1.1702491872483582
-0.17470000000000008,-1.1869427805867658
-0.1757000000000002,-1.2000995956755107
-0.17670000000000008,-1.214246708674161
-0.1777000000000002,-1.2291011773227438
-0.17870000000000008,-1.243389761451381
-0.1797000000000002,-1.2607907104397207
-0.18070000000000008,-1.2770598903881687
-0.1817000000000002,-1.290924061126846
-0.18270000000000008,-1.3071932410752938
-0.1837000000000002,-1.3245941900636338
-0.1847000000000001,-1.3388827741922709
-0.1857000000000002,-1.3523225315409886
-0.1867000000000001,-1.369016124879396
-0.1877000000000002,-1.3837291223979924
-0.1887000000000001,-1.4002812446064135
-0.1897000000000002,-1.4161260111649017
-0.1907000000000001,-1.4345172580631471
-0.1917000000000001,-1.4500790823616625
-0.19269999999999998,-1.4656409066601779
-0.1937000000000001,-1.4812027309586933
-0.19469999999999998,-1.498179266557074
-0.1957000000000001,-1.5094969569559942
-0.19669999999999999,-1.5278882038542394
-0.1977000000000001,-1.543450028152755
-0.1987,-1.5604265637511354
-0.1997000000000001,-1.5788178106493809
-0.2007,-1.5929649236480312
-0.2017000000000001,-1.612770881846142
-0.2027,-1.6283327061446573
-0.2037000000000001,-1.6467239530429028
-0.2047,-1.6637004886412832
-0.2057000000000001,-1.6778476016399335
-0.2067,-1.6976535598380442
-0.2077000000000001,-1.7174595180361545
-0.2087,-1.734436053634535
-0.2097000000000001,-1.7570714344323757
-0.2107,-1.774047970030756
-0.2117000000000001,-1.7896097943292715
-0.2127,-1.8094157525273817
-0.2137000000000001,-1.8263922881257622
-0.2147,-1.8461982463238729
-0.2157000000000001,-1.8660042045219833
-0.2167,-1.8801513175206337
-0.21770000000000012,-1.8999572757187444
-0.2187,-1.9183485226169896
-0.21970000000000012,-1.9367397695152353
-0.2207,-1.9551310164134805
-0.22170000000000012,-1.9735222633117262
-0.2227,-1.993328221509837
-0.22370000000000012,-2.011719468408082
-0.2247,-2.0286960040064623
-0.22570000000000012,-2.045672539604843
-0.2267,-2.0640637865030884
-0.22770000000000012,-2.0866991673009294
-0.22870000000000001,-2.10367570289931
-0.22970000000000013,-2.11782281589796
-0.23070000000000002,-2.133384640196476
-0.23170000000000013,-2.1447023305953956
-0.23270000000000002,-2.1645082887935065
-0.23370000000000013,-2.181484824391887
-0.23470000000000002,-2.197046648690402
-0.23570000000000013,-2.2140231842887825
-0.23670000000000002,-2.230999719887163
-0.2376999999999999,-2.2437321215859485
-0.23870000000000002,-2.2592939458844636
-0.2396999999999999,-2.272026347583249
-0.24070000000000003,-2.286173460581899
-0.24169999999999991,-2.298905862280684
-0.24270000000000003,-2.3144676865791998
-0.24369999999999992,-2.3272000882779853
-0.24470000000000003,-2.3427619125765005
-0.24569999999999992,-2.348420757775961
-0.24670000000000003,-2.359738448174881
-0.24769999999999992,-2.3738855611735317
-0.24870000000000003,-2.382373828972722
-0.24969999999999992,-2.396520941971372
-0.25070000000000003,-2.4064239210704272
-0.2516999999999999,-2.417741611469348
-0.25270000000000004,-2.427644590568403
-0.2536999999999999,-2.433303435767863
-0.25470000000000004,-2.438962280967323
-0.2556999999999999,-2.4488652600663787
-0.25670000000000004,-2.4559388165657037
-0.25769999999999993,-2.461597661765164
-0.25870000000000004,-2.4700859295643536
-0.25969999999999993,-2.4814036199632743
-0.26070000000000004,-2.4884771764625997
-0.26169999999999993,-2.4927213103621946
-0.26270000000000004,-2.4955507329619246
-0.26369999999999993,-2.4927213103621946
-0.26470000000000005,-2.4955507329619246
-0.26569999999999994,-2.504039000761115
-0.26670000000000005,-2.5111125572604402
-0.26769999999999994,-2.512527268560305
-0.26870000000000005,-2.5139419798601703
-0.26969999999999994,-2.5167714024599
-0.27070000000000005,-2.515356691160035
-0.27169999999999994,-2.515356691160035
-0.27270000000000005,-2.515356691160035
-0.27369999999999994,-2.5139419798601703
-0.27470000000000006,-2.512527268560305
-0.27569999999999995,-2.5111125572604402
-0.27670000000000006,-2.509697845960575
-0.27769999999999995,-2.509697845960575
-0.27870000000000006,-2.50545371206098
-0.27969999999999995,-2.504039000761115
-0.28070000000000006,-2.504039000761115
-0.28169999999999995,-2.504039000761115
-0.28270000000000006,-2.5012095781613843
-0.28369999999999995,-2.49979486686152
-0.28470000000000006,-2.49979486686152
-0.28569999999999995,-2.4927213103621946
-0.28670000000000007,-2.4927213103621946
-0.28769999999999996,-2.4927213103621946
-0.28870000000000007,-2.4927213103621946
-0.28969999999999996,-2.4884771764625997
-0.29070000000000007,-2.4828183312631396
-0.29169999999999996,-2.4814036199632743
-0.29270000000000007,-2.4785741973635442
-0.29369999999999996,-2.4743300634639493
-0.2947000000000001,-2.475744774763814
-0.29569999999999996,-2.4715006408642193
-0.2967000000000001,-2.468671218264489
-0.29769999999999996,-2.4700859295643536
-0.2987000000000001,-2.465841795664759
-0.29969999999999997,-2.468671218264489
-0.3007000000000001,-2.468671218264489
-0.30169999999999997,-2.467256506964624
-0.3027000000000001,-2.4715006408642193
-0.30369999999999997,-2.472915352164084
-0.3047000000000001,-2.472915352164084
-0.30569999999999997,-2.472915352164084
-0.3067000000000001,-2.4700859295643536
-0.3077,-2.4771594860636794
-0.3087000000000001,-2.4799889086634095
-0.3097,-2.4828183312631396
-0.3107000000000001,-2.4870624651627344
-0.3117,-2.4898918877624645
-0.3127000000000001,-2.49413602166206
-0.3137,-2.49979486686152
-0.3147000000000001,-2.509697845960575
-0.3157,-2.5139419798601703
-0.3167000000000001,-2.5238449589592253
-0.3177,-2.5295038041586855
-0.3187000000000001,-2.539406783257741
-0.3197,-2.545065628457201
-0.3207000000000001,-2.5563833188561214
-0.3217,-2.5662862979551764
-0.3227000000000001,-2.5733598544545018
-0.3237,-2.587506967453152
-0.3247000000000001,-2.597409946552207
-0.3257,-2.610142348250993
-0.3267000000000001,-2.624289461249643
-0.3277,-2.634192440348698
-0.3287000000000001,-2.6525836872469437
-0.3297,-2.666730800245594
-0.3307000000000001,-2.6780484906445143
-0.3317,-2.6879514697435702
-0.3327000000000001,-2.7077574279416803
-0.3337,-2.720489829640466
-0.3347000000000001,-2.734636942639116
-0.3357,-2.7516134782374966
-0.3367000000000001,-2.768590013835877
-0.3377,-2.791225394633717
-0.3387000000000001,-2.8067872189322327
-0.3397,-2.8322520223298033
-0.3407000000000001,-2.8393255788291283
-0.3417,-2.8577168257273744
-0.3427000000000001,-2.8761080726256196
-0.3437,-2.8987434534234597
-0.3447000000000001,-2.925622968120896
-0.3457,-2.9468436376188714
-0.3467000000000001,-2.9666495958169823
-0.3477,-2.989284976614823
-0.3487000000000001,-3.0161644913122583
-0.3497,-3.0402145834099636
-0.3507000000000001,-3.0656793868075347
-0.3517,-3.0883147676053753
-0.3527000000000001,-3.110950148403216
-0.3537,-3.1392443744005165
-0.3547000000000001,-3.171782734297412
-0.3557,-3.193003403795388
-0.35670000000000013,-3.2198829184928233
-0.3577,-3.2425182992906643
-0.35870000000000013,-3.270812525287965
-0.3597,-3.3005214625851305
-0.36070000000000013,-3.325986265982701
-0.3617,-3.358524625879597
-0.3626999999999999,-3.389648274476628
-0.3637,-3.4207719230736586
-0.3646999999999999,-3.4434073038714996
-0.3657,-3.4717015298688
-0.3666999999999999,-3.508484023665291
-0.3677,-3.546681228761647
-0.3686999999999999,-3.5848784338580026
-0.36970000000000003,-3.6131726598553033
-0.3706999999999999,-3.6485404423519294
-0.37170000000000003,-3.681078802248825
-0.3726999999999999,-3.7221054299449117
-0.37370000000000003,-3.7532290785419424
-0.3746999999999999,-3.795670417537894
-0.37570000000000003,-3.8296234887346547
-0.3766999999999999,-3.869235405130875
-0.37770000000000004,-3.9130914554266916
-0.3786999999999999,-3.9484592379233177
-0.37970000000000004,-3.988071154319539
-0.3806999999999999,-4.0319272046153545
-0.38170000000000004,-4.067294987111981
-0.38269999999999993,-4.113980460007527
-0.38370000000000004,-4.160665932903073
-0.38469999999999993,-4.200277849299294
-0.38570000000000004,-4.24413389959511
-0.38669999999999993,-4.285160527291196
-0.38770000000000004,-4.329016577587013
-0.38869999999999993,-4.3728726278828285
-0.38970000000000005,-4.41814338947851
-0.39069999999999994,-4.473317130173245
-0.39170000000000005,-4.514343757869332
-0.39269999999999994,-4.561029230764878
-0.39370000000000005,-4.607714703660425
-0.39469999999999994,-4.6572295991557
-0.39570000000000005,-4.706744494650977
-0.39669999999999994,-4.757674101446118
-0.39770000000000005,-4.804359574341665
-0.39869999999999994,-4.856703892436671
-0.39970000000000006,-4.909048210531677
-0.40069999999999995,-4.958563106026954
-0.40170000000000006,-5.01373684672169
-0.40269999999999995,-5.071740010016156
-0.40370000000000006,-5.125499039411029
-0.40469999999999995,-5.180672780105764
-0.40570000000000006,-5.2386759434002315
-0.40669999999999995,-5.296679106694698
-0.40770000000000006,-5.353267558689299
-0.40869999999999995,-5.405611876784305
-0.40970000000000006,-5.466444462678503
-0.41069999999999995,-5.524447625972968
-0.41170000000000007,-5.5838655005673
-0.41269999999999996,-5.643283375161632
-0.41370000000000007,-5.704115961055828
-0.41469999999999996,-5.764948546950024
-0.41570000000000007,-5.837098823243141
-0.41669999999999996,-5.897931409137338
-0.41770000000000007,-5.970081685430455
-0.41869999999999996,-6.036573116524112
-0.4197000000000001,-6.107308681517363
-0.42069999999999996,-6.1709706900112895
-0.4217000000000001,-6.233217987205351
-0.42269999999999996,-6.303953552198603
-0.4237000000000001,-6.374689117191855
-0.42469999999999997,-6.446839393484972
-0.4257000000000001,-6.523233803677684
-0.42669999999999997,-6.591139946071206
-0.4277000000000001,-6.6632902223643224
-0.42869999999999997,-6.7410993438569
-0.4297000000000001,-6.816079042749746
-0.43069999999999997,-6.892473452942459
-0.4317000000000001,-6.971697285734901
-0.4327,-7.055165252426939
-0.4337000000000001,-7.138633219118976
-0.4347,-7.210783495412092
-0.4357000000000001,-7.291422039504399
-0.4367,-7.380548851395897
-0.4377000000000001,-7.469675663287394
-0.4387,-7.555973052579161
-0.4397000000000001,-7.639441019271198
-0.4407,-7.725738408562965
-0.4417000000000001,-7.813450509154598
-0.4427,-7.90682145494569
-0.4437000000000001,-7.993118844237457
-0.4447,-8.082245656128954
-0.4457000000000001,-8.17420189062018
-0.4467,-8.27181697031087
-0.4477000000000001,-8.373676183901154
-0.4487,-8.46280299579265
-0.4497000000000001,-8.559003364183472
-0.4507,-8.658033155174026
-0.4517000000000001,-8.757062946164577
-0.4527,-8.861751582354591
-0.4537000000000001,-8.967854929844465
-0.4547,-9.072543566034481
-0.4557000000000001,-9.181476336124089
-0.4567,-9.284750261014237
-0.4577000000000001,-9.393683031103844
-0.4587,-9.502615801193452
-0.4597000000000001,-9.615792705182653
-0.4607,-9.723310763972396
-0.4617000000000001,-9.835072956661735
-0.4627,-9.951079283250667
-0.4637000000000001,-10.071329743739195
-0.4647,-10.191580204227723
-0.4657000000000001,-10.313245376016118
-0.4667,-10.427836991305185
-0.4677000000000001,-10.548087451793712
-0.4687,-10.66833791228224
-0.4697000000000001,-10.7914177953705
-0.4707,-10.920156523658218
-0.4717000000000001,-11.047480540646072
-0.4727,-11.17904869153352
-0.4737000000000001,-11.319105110220159
-0.4747,-11.447843838507877
-0.4757000000000001,-11.58082670069519
-0.4767,-11.723712541981559
-0.4777000000000001,-11.855280692869009
-0.4787,-11.992507688955916
-0.4797000000000001,-12.13680824154215
-0.4807,-12.27120581502933
-0.48170000000000013,-12.415506367615562
-0.4827,-12.555562786302202
-0.48370000000000013,-12.70410747278803
-0.4847,-12.851237447973993
-0.48570000000000013,-12.996952711860093
-0.4867,-13.144082687046055
-0.4876999999999999,-13.292627373531884
-0.4887,-13.448245616517038
-0.4896999999999999,-13.606693282101922
-0.4907,-13.769385081586401
-0.4916999999999999,-13.932076881070882
-0.4927,-14.10325694835455
-0.4936999999999999,-14.26028990263957
-0.49470000000000003,-14.415908145624723
-0.4956999999999999,-14.585673501608527
-0.49670000000000003,-14.755438857592333
-0.4976999999999999,-14.939351326574789
-0.49870000000000003,-15.094969569559943
-0.4996999999999999,-15.250587812545096
-0.5007,-15.3920589425316
-0.5016999999999999,-15.561824298515406
-0.5027,-15.74573676749786
-0.5036999999999999,-15.929649236480316
-0.5047,-16.11356170546277
-0.5056999999999999,-16.29747417444522
-0.5067,-16.481386643427676
-0.5076999999999999,-16.693593338407435
-0.5087,-16.877505807389888
-0.5096999999999999,-17.07556538937099
-0.5107,-17.259477858353446
-0.5116999999999999,-17.471684553333205
-0.5127,-17.669744135314307
-0.5136999999999999,-17.867803717295413
-0.5147,-18.06586329927652
-0.5156999999999999,-18.27806999425627
-0.5167,-18.49027668923603
-0.5176999999999999,-18.702483384215785
-0.5187,-18.92883719219419
-0.5196999999999999,-19.141043887173947
-0.5207,-19.353250582153702
-0.5216999999999999,-19.579604390132108
-0.5227,-19.805958198110513
-0.5236999999999999,-20.03231200608892
-0.5247,-20.272812927065978
-0.5257,-20.499166735044383
-0.5267000000000001,-20.73966765602144
-0.5277,-20.980168576998494
-0.5287000000000001,-21.22066949797555
-0.5297,-21.47531753195126
-0.5307000000000001,-21.744112678925614
-0.5317,-21.99876071290132
-0.5327000000000001,-22.253408746877028
-0.5337,-22.493909667854084
-0.5347000000000001,-22.76270481482844
-0.5357,-23.017352848804148
-0.5367000000000001,-23.286147995778503
-0.5377,-23.55494314275286
-0.5387000000000001,-23.823738289727217
-0.5397,-24.134974775697525
-0.5407000000000001,-24.460358374666487
-0.5417,-24.729153521640843
-0.5427000000000001,-25.012095781613848
-0.5437,-25.295038041586857
-0.5447000000000001,-25.563833188561212
-0.5457,-25.86092256153287
-0.5467000000000001,-26.14386482150588
-0.5477,-26.440954194477534
-0.5487000000000001,-26.738043567449193
-0.5497,-27.091721392415455
-0.5507000000000001,-27.37466365238846
-0.5517,-27.685900138358768
-0.5527000000000001,-27.98298951133043
-0.5537,-28.294225997300735
-0.5547000000000001,-28.591315370272387
-0.5557,-28.93084608224
-0.5567000000000001,-29.25622968120896
-0.5577,-29.55331905418062
-0.5587000000000001,-29.864555540150924
-0.5597,-30.189939139119886
-0.5607000000000001,-30.487028512091538
-0.5617,-30.854853450056453
-0.5627000000000001,-31.16608993602676
-0.5637,-31.46317930899841
-0.5647000000000001,-31.731974455972775
-0.5657,-32.07150516794038
-0.5667000000000001,-32.354447427913385
-0.5677,-32.6090954618891
-0.5687000000000001,-32.90618483486075
-0.5697,-33.245715546828364
-0.5707000000000001,-33.55695203279867
-0.5717,-33.95307119676088
-0.5727000000000001,-34.292601908728486
-0.5737,-34.47651437771095
-0.5747000000000001,-34.773603750682604
-0.5757,-35.268752705635364
-0.5767000000000001,-35.56584207860703
-0.5777,-35.806342999584075
-0.5787000000000001,-36.10343237255574
-0.5797,-36.41466885852605
-0.5807000000000001,-36.7117582314977
-0.5817,-37.05128894346531
-0.5827000000000001,-37.44740810742752
-0.5837,-37.78693881939513
-0.5847000000000001,-38.06988107936814
-0.5857,-38.38111756533845
-0.5867000000000001,-38.81967806829661
-0.5877,-39.173355893262865
-0.5887000000000001,-39.55532794422642
-0.5897,-39.99388844718459
-0.5907000000000001,-40.34756627215084
-0.5917,-40.75783254911171
-0.5927000000000001,-41.139804600075266
-0.5937,-41.52177665103883
-0.5947000000000001,-41.81886602401048
-0.5957,-41.93204292799969
-0.5967000000000001,-42.158396735978094
-0.5977,-42.4696332219484
-0.5987000000000001,-42.82331104691466
-0.5997,-43.26187154987282
-0.6007000000000001,-43.672137826833676
-0.6017,-44.068256990795895
-0.6027000000000001,-44.45022904175945
-0.6037,-44.78975975372706
-0.6047000000000001,-45.27076159568118
-0.6057,-45.78005766363259
-0.6067000000000001,-46.147882601597495
-0.6077,-46.544001765559706
-0.6087000000000001,-46.91182670352462
-0.6097,-47.20891607649628
-0.6107000000000001,-47.57674101446119
-0.6117,-48.01530151741934
-0.6126999999999999,-48.538744698369406
-0.6137,-48.94901097533027
-0.6146999999999999,-49.21780612230463
-0.6157,-49.543189721273585
-0.6166999999999999,-49.89686754623985
-0.6177,-50.1939569192115
-0.6186999999999999,-50.547634744177756
-0.6197,-50.90131256914402
-0.6206999999999999,-51.325725959103536
-0.6217,-51.679403784069784
-0.6226999999999999,-52.20284696501985
-0.6237,-53.009232405942925
-0.6246999999999999,-53.71658805587545
-0.6257,-54.18344278483091
-0.6266999999999999,-54.26832546282281
-0.6277,-54.35320814081471
-0.6286999999999999,-54.62200328778906
-0.6297,-55.15959358173778
-0.6306999999999999,-55.456682954709436
-0.6317,-55.82450789267435
-0.6326999999999999,-56.164038604641945
-0.6337,-56.61674622059877
-0.6346999999999999,-56.75821735058527
-0.6357,-57.08360094955424
-0.6366999999999999,-57.62119124350295
-0.6377,-58.031457520463796
-0.6386999999999999,-58.54075358841522
-0.6397,-59.07834388236393
-0.6406999999999999,-59.842287984291055
-0.6417,-60.18181869625866
-0.6426999999999999,-60.43646673023436
-0.6437,-60.39402539123842
-0.6446999999999999,-60.70526187720872
-0.6457,-61.17211660616418
-0.6466999999999999,-61.72385401311155
-0.6477,-62.17656162906836
-0.6486999999999999,-62.61512213202652
-0.6497,-63.22344799096849
-0.6507,-63.803479623913155
-0.6517000000000001,-64.36936414385917
-0.6527,-64.97769000280114
-0.6537000000000001,-65.4162505057593
-0.6547,-65.96798791270665
-0.6557000000000001,-66.40654841566483
-0.6567,-66.66119644964053
-0.6577000000000001,-67.1563454045933
-0.6587,-67.42514055156765
-0.6597000000000001,-68.45787980046913
-0.6607,-68.76911628643943
-0.6617000000000001,-69.0096172074165
-0.6627,-69.33500080638545
-0.6637000000000001,-69.56135461436386
-0.6647,-69.8301497613382
-0.6657000000000001,-70.32529871629096
-0.6667,-70.77800633224777
-0.6677000000000001,-71.69756867716005
-0.6687,-72.54639545707909
-0.6697000000000001,-72.77274926505748
-0.6707,-72.9991030730359
-0.6717000000000001,-73.52254625398596
-0.6727,-73.80548851395896
-0.6737000000000001,-74.34307880790767
-0.6747,-74.62602106788069
-0.6757000000000001,-75.02214023184291
-0.6767,-75.38996516980781
-0.6777000000000001,-76.36611596671467
-0.6787,-77.0734716166472
-0.6797000000000001,-77.4412965546121
-0.6807,-77.83741571857432
-0.6817000000000001,-78.54477136850683
-0.6827,-79.0399203234596
-0.6837000000000001,-79.19553856644475
-0.6847,-79.37945103542721
-0.6857000000000001,-81.67128334120858
-0.6867,-80.99222191727335
-0.6857000000000001,-79.90289421637728
-0.6847,-78.8135665154812
-0.6837000000000001,-77.97888684856083
-0.6827,-77.14420718164045
-0.6817000000000001,-76.13976215873627
-0.6807,-75.31922960481455
-0.6797000000000001,-75.0504344578402
-0.6787,-74.59772684188339
-0.6777000000000001,-73.40936934999675
-0.6767,-72.53224834408043
-0.6757000000000001,-71.95221671113578
-0.6747,-71.11753704421541
-0.6737000000000001,-69.92917955232878
-0.6727,-69.16523545040164
-0.6717000000000001,-68.40129134847452
-0.6707,-67.82125971552985
-0.6697000000000001,-67.43928766456631
-0.6687,-66.76022624063107
-0.6677000000000001,-65.95384079970802
-0.6667,-65.16160247178358
-0.6657000000000001,-64.36936414385917
-0.6647,-63.5346844769388
-0.6637000000000001,-63.5346844769388
-0.6627,-63.26588932996445
-0.6617000000000001,-62.64341635802381
-0.6607,-62.43120966304407
-0.6597000000000001,-61.921913595092654
-0.6587,-61.58238288312505
-0.6577000000000001,-60.67696765121143
-0.6567,-60.12523024426406
-0.6557000000000001,-59.70081685430455
-0.6547,-59.12078522135989
-0.6537000000000001,-58.48416513642061
-0.6527,-57.62119124350295
-0.6517000000000001,-56.89968848057178
-0.6507,-56.36209818662306
-0.6497,-55.85280211867165
-0.6486999999999999,-55.11715224274183
-0.6477,-54.409796592809315
-0.6466999999999999,-53.815617846866
-0.6457,-53.56096981289029
-0.6446999999999999,-52.74043725896857
-0.6437,-52.20284696501985
-0.6426999999999999,-51.566226880080585
-0.6417,-50.98619524713592
-0.6406999999999999,-50.47689917918451
-0.6397,-49.84027909424525
-0.6386999999999999,-49.26024746130057
-0.6377,-48.80753984534376
-0.6366999999999999,-47.972860178423396
-0.6357,-47.40697565847737
-0.6346999999999999,-47.19476896349763
-0.6337,-46.69962000854486
-0.6326999999999999,-46.176176827594794
-0.6317,-45.44052695166498
-0.6306999999999999,-45.01611356170547
-0.6297,-44.54925883275
-0.6286999999999999,-43.95508008680669
-0.6277,-43.41748979285798
-0.6266999999999999,-42.200838074974044
-0.6257,-41.281275730061765
-0.6246999999999999,-40.616361419125205
-0.6237,-40.07877112517649
-0.6226999999999999,-39.739240413208876
-0.6217,-39.654357735216976
-0.6206999999999999,-39.38556258824262
-0.6197,-38.81967806829661
-0.6186999999999999,-38.3669704523398
-0.6177,-37.92840994938163
-0.6166999999999999,-37.235201412447765
-0.6157,-36.83908224848555
-0.6146999999999999,-36.30149195453684
-0.6137,-35.848784338580025
-0.6126999999999999,-35.367782496625914
-0.6117,-34.85848642867451
-0.6107000000000001,-34.44822015171364
-0.6097,-34.02380676175414
-0.6087000000000001,-33.698423162785176
-0.6077,-33.288156885824314
-0.6067000000000001,-32.8354492698675
-0.6057,-32.439330105905285
-0.6047000000000001,-31.972475376949827
-0.6037,-31.689533116976815
-0.6027000000000001,-31.23682550102001
-0.6017,-30.897294789052403
-0.6007000000000001,-30.43044006009694
-0.5997,-29.935291105144174
-0.5987000000000001,-29.652348845171172
-0.5977,-29.22793545521166
-0.5967000000000001,-28.88840474324405
-0.5957,-28.49228557928184
-0.5947000000000001,-28.082019302320973
-0.5937,-27.742488590353368
-0.5927000000000001,-27.332222313392506
-0.5917,-26.95025026242895
-0.5907000000000001,-26.58242532446404
-0.5897,-26.257041725495082
-0.5887000000000001,-25.889216787530174
-0.5877,-25.535538962563912
-0.5867000000000001,-25.210155363594954
-0.5857,-24.884771764625995
-0.5847000000000001,-24.67256506964624
-0.5837,-24.33303435767863
-0.5827000000000001,-23.993503645711023
-0.5817,-23.54079602975421
-0.5807000000000001,-23.144676865792
-0.5797,-22.776851927827092
-0.5787000000000001,-22.536351006850033
-0.5777,-22.239261633878378
-0.5767000000000001,-21.857289582914817
-0.5757,-21.602641548939108
-0.5747000000000001,-21.319699288966106
-0.5737,-20.980168576998494
-0.5727000000000001,-20.654784978029536
-0.5717,-20.400136944053827
-0.5707000000000001,-20.07475334508487
-0.5697,-19.73522263311726
-0.5687000000000001,-19.466427486142905
-0.5677,-19.155191000172596
-0.5667000000000001,-18.872248740199588
-0.5657,-18.546865141230633
-0.5647000000000001,-18.292217107254928
-0.5637,-18.02342196028057
-0.5627000000000001,-17.72633258730891
-0.5617,-17.45753744033455
-0.5607000000000001,-17.20288940635885
-0.5597,-16.962388485381787
-0.5587000000000001,-16.736034677403385
-0.5577,-16.50968086942498
-0.5567000000000001,-16.24088572245062
-0.5557,-15.986237688474914
-0.5547000000000001,-15.74573676749786
-0.5537,-15.519382959519453
-0.5527000000000001,-15.264734925543747
-0.5517,-15.06667534356264
-0.5507000000000001,-14.840321535584234
-0.5497,-14.57152638860988
-0.5487000000000001,-14.359319693630123
-0.5477,-14.161260111649016
-0.5467000000000001,-13.953297550568857
-0.5457,-13.745334989488695
-0.5447000000000001,-13.547275407507591
-0.5437,-13.323751022128915
-0.5427000000000001,-13.138423841846596
-0.5417,-12.936120125965894
-0.5407000000000001,-12.715425163186948
-0.5397,-12.507462602106788
-0.5387000000000001,-12.320720710524604
-0.5377,-12.104269881645255
-0.5367000000000001,-11.91752799006307
-0.5357,-11.725127253281423
-0.5347000000000001,-11.55253247469789
-0.5337,-11.360131737916245
-0.5327000000000001,-11.177633980233654
-0.5317,-10.997965645150796
-0.5307000000000001,-10.82820028916699
-0.5297,-10.655605510583456
-0.5287000000000001,-10.541013895294387
-0.5277,-10.379736807109774
-0.5267000000000001,-10.222703852824754
-0.5257,-10.043035517741895
-0.5247,-9.866196605258766
-0.5236999999999999,-9.70774893967388
-0.5227,-9.543642428889537
-0.5216999999999999,-9.393683031103844
-0.5207,-9.23806478811869
-0.5196999999999999,-9.099423080731917
-0.5187,-8.952293105545952
-0.5176999999999999,-8.800918996460393
-0.5167,-8.649544887374834
-0.5156999999999999,-8.508073757388331
-0.5147,-8.369432050001556
-0.5136999999999999,-8.232205053914647
-0.5127,-8.09497805782774
-0.5116999999999999,-7.971898174739481
-0.5107,-7.837500601252304
-0.5096999999999999,-7.7328119650622895
-0.5087,-7.595584968975381
-0.5076999999999999,-7.473919797186989
-0.5067,-7.36215760449765
-0.5056999999999999,-7.251810123108179
-0.5047,-7.117412549621
-0.5036999999999999,-7.007065068231526
-0.5027,-6.896717586842053
-0.5016999999999999,-6.7877848167524455
-0.5007,-6.6958285822612185
-0.4996999999999999,-6.589725234771341
-0.49870000000000003,-6.476548330782138
-0.4976999999999999,-6.384592096290911
-0.49670000000000003,-6.285562305300359
-0.4956999999999999,-6.180873669110345
-0.49470000000000003,-6.076185032920332
-0.4936999999999999,-5.975740530629915
-0.4927,-5.871051894439902
-0.4916999999999999,-5.7833397938482705
-0.4907,-5.689968848057178
-0.4896999999999999,-5.59801261356595
-0.4887,-5.5003975338752635
-0.4876999999999999,-5.414100144583495
-0.4867,-5.3306321778914585
-0.48570000000000013,-5.248578922499286
-0.4847,-5.158037399307924
-0.48370000000000013,-5.0745694326158866
-0.4827,-4.99393088852358
-0.48170000000000013,-4.914707055731138
-0.4807,-4.83406851163883
-0.4797000000000001,-4.757674101446118
-0.4787,-4.682694402553271
-0.4777000000000001,-4.600641147161099
-0.4767,-4.5171731804690625
-0.4757000000000001,-4.449267038075541
-0.4747,-4.375702050482558
-0.4737000000000001,-4.303551774189442
-0.4727,-4.23564563179592
-0.4717000000000001,-4.171983623301993
-0.4707,-4.112565748707662
-0.4697000000000001,-4.046074317614004
-0.4687,-3.979582886520348
-0.4677000000000001,-3.9116767441268263
-0.4667,-3.8480147356329
-0.4657000000000001,-3.784352727138973
-0.4647,-3.7206907186450464
-0.4637000000000001,-3.65985813275085
-0.4627,-3.5990255468566534
-0.4617000000000001,-3.541022383562187
-0.4607,-3.4844339315675854
-0.4597000000000001,-3.4221866343735234
-0.4587,-3.3698423162785174
-0.4577000000000001,-3.314668575583781
-0.4567,-3.2623242574887747
-0.4557000000000001,-3.211394650693633
-0.4547,-3.2212976297926885
-0.4537000000000001,-3.1449032195999767
-0.4527,-3.0982177467044303
-0.4517000000000001,-3.047288139909289
-0.4507,-2.999187955713878
-0.4497000000000001,-2.949673060218602
-0.4487,-2.9058170099227856
-0.4477000000000001,-2.8534726918277786
-0.4467,-2.8082019302320975
-0.4457000000000001,-2.7615164573365516
-0.4447,-2.7162456957408705
-0.4437000000000001,-2.6808779132442444
-0.4427,-2.634192440348698
-0.4417000000000001,-2.590336390052882
-0.4407,-2.543650917157336
-0.4397000000000001,-2.5012095781613843
-0.4387,-2.463012373065029
-0.4377000000000001,-2.427644590568403
-0.4367,-2.386617962872317
-0.4357000000000001,-2.347006046476096
-0.4347,-2.30880884137974
-0.4337000000000001,-2.2691969249835187
-0.4327,-2.2338291424868926
-0.4317000000000001,-2.1956319373905373
-0.43069999999999997,-2.1630935774936413
-0.4297000000000001,-2.12631108369715
-0.42869999999999997,-2.0895285899006595
-0.4277000000000001,-2.054160807404033
-0.42669999999999997,-2.020207736207272
-0.4257000000000001,-1.9848399537106465
-0.42469999999999997,-1.9523015938137507
-0.4237000000000001,-1.9197632339168547
-0.42269999999999996,-1.892883719219419
-0.4217000000000001,-1.8603453593225232
-0.42069999999999996,-1.8292217107254924
-0.4197000000000001,-1.7995127734283267
-0.41869999999999996,-1.771218547431026
-0.41770000000000007,-1.7429243214337253
-0.41669999999999996,-1.7146300954364246
-0.41570000000000007,-1.690580003338719
-0.41469999999999996,-1.6622857773414181
-0.41370000000000007,-1.6339915513441174
-0.41269999999999996,-1.6085267479465466
-0.41170000000000007,-1.583061944548976
-0.41069999999999995,-1.5575971411514054
-0.40970000000000006,-1.5335470490536998
-0.40869999999999995,-1.502423400456669
-0.40770000000000006,-1.4826174422585585
-0.40669999999999995,-1.4557379275611226
-0.40570000000000006,-1.431687835463417
-0.40469999999999995,-1.4070718588457656
-0.40370000000000006,-1.38302176674806
-0.40269999999999995,-1.3612352127301384
-0.40170000000000006,-1.3400145432321628
-0.40069999999999995,-1.3149741532245516
-0.39970000000000006,-1.295734079546387
-0.39869999999999994,-1.272108400838641
-0.39770000000000005,-1.2508877313406654
-0.39669999999999994,-1.2309403020125684
-0.39570000000000005,-1.2092952191246333
-0.39469999999999994,-1.1935919236961314
-0.39370000000000005,-1.1747762634079266
-0.39269999999999994,-1.1510091135701939
-0.39170000000000005,-1.1321934532819888
-0.39069999999999994,-1.117904869153352
-0.38970000000000005,-1.103050400504769
-0.38869999999999993,-1.086215336036375
-0.38770000000000004,-1.0685314447880623
-0.38669999999999993,-1.0495743133698707
-0.38570000000000004,-1.0328807200314631
-0.38469999999999993,-1.0105282814935956
-0.38370000000000004,-0.9929858613752693
-0.38269999999999993,-0.9741702010870643
-0.38170000000000004,-0.9581839633985894
-0.3806999999999999,-0.9434709658799929
-0.37970000000000004,-0.9291823817513559
-0.3786999999999999,-0.9147523264927326
-0.37770000000000004,-0.8969269641144332
-0.3766999999999999,-0.8809407264259583
-0.37570000000000003,-0.8663692000373485
-0.3746999999999999,-0.8512317891287926
-0.37370000000000003,-0.8401970409898453
-0.3726999999999999,-0.8284549372009655
-0.37170000000000003,-0.8114784016025851
-0.3706999999999999,-0.7966239329540021
-0.36970000000000003,-0.7837500601252303
-0.3686999999999999,-0.7693200048666069
-0.3677,-0.7568705454277946
-0.3666999999999999,-0.7442796148589957
-0.3657,-0.7292836750804264
-0.3646999999999999,-0.7185318692014522
-0.3637,-0.7038188716828558
-0.3626999999999999,-0.6895302875542189
-0.3617,-0.6783540682852851
-0.36070000000000013,-0.6676022624063108
-0.3597,-0.6568504565273365
-0.35870000000000013,-0.6441180548285511
-0.3577,-0.6344980179894689
-0.35670000000000013,-0.6192191359509266
-0.3557,-0.6069111476421007
-0.3547000000000001,-0.5964422840230995
-0.3537,-0.5868222471840172
-0.3527000000000001,-0.5755045567850969
-0.3517,-0.5653186354260686
-0.3507000000000001,-0.5552741851970269
-0.3497,-0.5405611876784305
-0.3487000000000001,-0.5312240930993213
-0.3477,-0.5214625851302525
-0.3467000000000001,-0.5115596060311972
-0.3457,-0.5051934051818046
-0.3447000000000001,-0.4948660126927898
-0.3437,-0.4852459758537076
-0.3427000000000001,-0.4744941699747333
-0.3417,-0.465157075395624
-0.3407000000000001,-0.45765910550633937
-0.3397,-0.44761465527729766
-0.3387000000000001,-0.4396922719980534
-0.3377,-0.4290819372490656
-0.3367000000000001,-0.42087661170984847
-0.3357,-0.41436893973046923
-0.3347000000000001,-0.40531478741133303
-0.3337,-0.3956947505722508
-0.3327000000000001,-0.38947002085284455
-0.3317,-0.3790011572338433
-0.3307000000000001,-0.3698055337847206
-0.3297,-0.3616002082455034
-0.3287000000000001,-0.35240458479638065
-0.3277,-0.3453310282970554
-0.3267000000000001,-0.3392477697076358
-0.3257,-0.33146685755837807
-0.3247000000000001,-0.3253835989689584
-0.3237,-0.3178856290796737
-0.3227000000000001,-0.3119438416202406
-0.3217,-0.30260674704113133
-0.3207000000000001,-0.2955331905418062
-0.3197,-0.28973287421235955
-0.3187000000000001,-0.28364961562293983
-0.3177,-0.27572723234369567
-0.3167000000000001,-0.2692195603643165
-0.3157,-0.2620045327350048
-0.3147000000000001,-0.25592127414558513
-0.3137,-0.24913065990623293
-0.3127000000000001,-0.24149121888696176
-0.3117,-0.23738855611735316
-0.3107000000000001,-0.23243706656782553
-0.3097,-0.22479762554855431
-0.3087000000000001,-0.21885583808912115
-0.3077,-0.211782281589796
-0.3067000000000001,-0.20612343639033584
-0.30569999999999997,-0.2010304757108217
-0.3047000000000001,-0.19438133260145604
-0.30369999999999997,-0.1899957275718744
-0.3027000000000001,-0.18532718028231981
-0.30169999999999997,-0.17924392169290015
-0.3007000000000001,-0.173868018753413
-0.29969999999999997,-0.16778476016399335
-0.2987000000000001,-0.16311621287443873
-0.29769999999999996,-0.1583061944548976
-0.2967000000000001,-0.15193999360550495
-0.29569999999999996,-0.14769585970590982
-0.2947000000000001,-0.14175407224647668
-0.29369999999999996,-0.13634987508099222
-0.29270000000000007,-0.13247356611936204
-0.29169999999999996,-0.12534342116804223
-0.29070000000000007,-0.12010898935854163
-0.28969999999999996,-0.11589314968494381
-0.28870000000000007,-0.11000795067750524
-0.28769999999999996,-0.10709364539978329
-0.28670000000000007,-0.10181677225128669
-0.28569999999999995,-0.09652575198979144
-0.28470000000000006,-0.0923523536551896
-0.28369999999999995,-0.08796674862560798
-0.28270000000000006,-0.08365187916101963
-0.28169999999999995,-0.07940774526142451
-0.28070000000000006,-0.07359328181897921
-0.27969999999999995,-0.0698018555353409
-0.27870000000000006,-0.0658123696697215
-0.27769999999999995,-0.06012523024426406
-0.27670000000000006,-0.05730995475753263
-0.27569999999999995,-0.05247164211199421
-0.27470000000000006,-0.04937342436528978
-0.27369999999999994,-0.04307795908089037
-0.27270000000000005,-0.03808402819236679
-0.27169999999999994,-0.03570731320859352
-0.27070000000000005,-0.03065679386807535
-0.26969999999999994,-0.026469248420474833
-0.26870000000000005,-0.022918323057813595
-0.26769999999999994,-0.018348805559249524
-0.26670000000000005,-0.014316878354634173
-0.26569999999999994,-0.011037577561547015
-0.26470000000000005,-0.0062077531838077805
-0.26369999999999993,-0.0031095354371033506
-0.26270000000000004,-0.0002624289461249643
-0.26169999999999993,0.004316284175888227
-0.26070000000000004,0.007036774005528692
-0.25969999999999993,0.011573753144195864
-0.25870000000000004,0.014911057100577486
-0.25769999999999993,0.019254220791163148
-0.25670000000000004,0.023682267159740714
-0.2556999999999999,0.02649754264647214
-0.25470000000000004,0.03033141026910639
-0.2536999999999999,0.034929221993667756
-0.25270000000000004,0.037221054299449115
-0.2516999999999999,0.04133786418205637
-0.25070000000000003,0.0444077877027635
-0.24969999999999992,0.04879339273234512
-0.24870000000000003,0.052896055501953726
-0.24769999999999992,0.054975681112755324
-0.24670000000000003,0.05837098823243141
-0.24569999999999992,0.06217656162906836
-0.24470000000000003,0.06557186874874445
-0.24369999999999992,0.0696320901793571
-0.24270000000000003,0.07210783495412092
-0.24169999999999991,0.07616805638473358
-0.24070000000000003,0.07903992032345959
-0.2396999999999999,0.0828313466070979
-0.23870000000000002,0.08652374309974564
-0.2376999999999999,0.09007466846240689
-0.23670000000000002,0.09246553055917879
-0.23570000000000013,0.0967945471367658
-0.23470000000000002,0.09986447065747293
-0.23370000000000013,0.10364174982811258
-0.23270000000000002,0.10744732322474954
-0.23170000000000013,0.10898935854160242
-0.23070000000000002,0.11337496357118404
-0.22970000000000013,0.11735030232380478
-0.22870000000000001,0.12044852007050923
-0.22770000000000012,0.12414091656315696
-0.2267,0.12667324978991537
-0.22570000000000012,0.1296299964066333
-0.2247,0.13424195524419333
-0.22370000000000012,0.13702893650492745
-0.2227,0.1401837427036265
-0.22170000000000012,0.14401761032626076
-0.2207,0.14727144631595032
-0.21970000000000012,0.1512326379555724
-0.2187,0.15462794507524852
-0.21770000000000012,0.15731589654499206
-0.2167,0.16141855931460067
-0.2157000000000001,0.1666529911241013
-0.2147,0.16849211581392587
-0.2137000000000001,0.17231183632356148
-0.2127,0.17542420118326454
-0.2117000000000001,0.17896097943292713
-0.2107,0.18179040203265723
-0.2097000000000001,0.18532718028231981
-0.2087,0.19027866983184744
-0.2077000000000001,0.19254220791163149
-0.2067,0.19622045729128057
-0.2057000000000001,0.2007475334508487
-0.2047,0.20329401379060577
-0.2037000000000001,0.2089528589900659
-0.2027,0.21121639706985
-0.2017000000000001,0.21432876192955308
-0.2007,0.21871436695913468
-0.1997000000000001,0.22225114520879727
-0.1987,0.22635380797840585
-0.1977000000000001,0.23059794187800098
-0.19669999999999999,0.23272000882779853
-0.1957000000000001,0.23781296950731265
-0.19469999999999998,0.24064239210704275
-0.1937000000000001,0.24516946826661082
-0.19269999999999998,0.25012095781613847
-0.1917000000000001,0.2526674381558955
-0.1907000000000001,0.2574774565754367
-0.1897000000000002,0.2624289461249643
-0.1887000000000001,0.26554131098466743
-0.1877000000000002,0.27105868505414105
-0.1867000000000001,0.2736051653938981
-0.1857000000000002,0.27784929929349317
-0.1847000000000001,0.2819519620631018
-0.1837000000000002,0.28647903822266996
-0.18270000000000008,0.29072317212226506
-0.1817000000000002,0.2960990750617522
-0.18070000000000008,0.29977732444140126
-0.1797000000000002,0.3058605830308209
-0.17870000000000008,0.30953883241047003
-0.1777000000000002,0.3144903219599976
-0.17670000000000008,0.32014916715945774
-0.1757000000000002,0.3239688876690934
-0.17470000000000008,0.329203319478594
-0.1737000000000002,0.3345792224180812
-0.17270000000000008,0.3391062985776493
-0.17170000000000019,0.34448220151713643
-0.17070000000000007,0.34900927767670453
-0.16970000000000018,0.3542437094862052
-0.16870000000000007,0.3614587371155169
-0.16770000000000018,0.3645711019752199
-0.16670000000000007,0.3695225915247476
-0.16570000000000018,0.3754643789841807
-0.16470000000000007,0.3812646953136274
-0.16370000000000018,0.3874894250330335
-0.16270000000000007,0.3920165011926017
-0.16170000000000018,0.39739240413208876
-0.16070000000000007,0.40404154724145447
-0.15970000000000018,0.4088515656609956
-0.15870000000000006,0.4160665932903073
-0.15770000000000017,0.42130102509980794
-0.15670000000000006,0.4266769280392951
-0.15570000000000017,0.43375048453862025
-0.15470000000000006,0.4379946184382154
-0.15370000000000017,0.444360819287608
-0.15270000000000006,0.4511514335269602
-0.15170000000000017,0.4558199808165148
-0.15070000000000006,0.4621861816659074
-0.14970000000000017,0.4691182670352462
-0.14870000000000005,0.4753429967546523
-0.14770000000000016,0.48199213986401795
-0.14670000000000005,0.4875095139334916
-0.14570000000000016,0.49401718591287075
-0.14470000000000005,0.5020810403221014
-0.14370000000000016,0.5083057700415077
-0.14270000000000005,0.5159452110607788
-0.14170000000000016,0.5224528830401581
-0.14070000000000005,0.5303752663194023
-0.13970000000000016,0.538439120728633
-0.13870000000000005,0.5455126772279582
-0.13770000000000016,0.5530106471172429
-0.13670000000000004,0.5607915592665006
-0.13570000000000015,0.5680065868958123
-0.13470000000000004,0.5770607392149485
-0.13370000000000015,0.5876710739639363
-0.13270000000000004,0.5958763995031535
-0.13170000000000015,0.6045061384323301
-0.13070000000000004,0.6108723392817229
-0.12970000000000015,0.6200679627308455
-0.12870000000000004,0.6305368263498469
-0.12770000000000015,0.6390250941490371
-0.12670000000000003,0.6473718908182408
-0.12570000000000014,0.6561431008774039
-0.12470000000000003,0.6646313686765942
-0.12370000000000014,0.6742514055156765
-0.12270000000000003,0.6817493754049612
-0.12170000000000014,0.6886814607742999
-0.12070000000000003,0.7011309202131122
-0.11970000000000014,0.7091947746223429
-0.11870000000000003,0.7199465805013172
-0.11770000000000014,0.7302739729903319
-0.11670000000000003,0.7410257788693063
-0.11570000000000014,0.7514946424883074
-0.11470000000000002,0.7612561504573763
-0.11370000000000013,0.7737056098961885
-0.11270000000000002,0.7858721270750278
-0.11170000000000013,0.7957751061740831
-0.11070000000000024,0.8085075078728684
-0.10970000000000013,0.8206740250517078
-0.10870000000000024,0.8319917154506281
-0.10770000000000013,0.8434508769795349
-0.10670000000000024,0.8547685673784552
-0.10570000000000013,0.8658033155174024
-0.10470000000000024,0.8791016017361337
-0.10370000000000013,0.8885801674452296
-0.10270000000000024,0.9013125691440148
-0.10170000000000012,0.9133376151928677
-0.10070000000000023,0.9243723633318148
-0.09970000000000012,0.9392268319803979
-0.09870000000000023,0.9519592336791831
-0.09770000000000012,0.9661063466778336
-0.09670000000000023,0.9792631617665783
-0.09570000000000012,0.9924199768553232
-0.09470000000000023,1.0048694362941357
-0.09370000000000012,1.0222703852824755
-0.09270000000000023,1.0357101426311934
-0.09170000000000011,1.0463204773801813
-0.09070000000000022,1.0596187635989127
-0.08970000000000011,1.0750391167674413
-0.08870000000000022,1.0869226916863075
-0.08770000000000011,1.09937215112512
-0.08670000000000022,1.114226619773703
-0.08570000000000011,1.1296469729422318
-0.08470000000000022,1.1436526148108959
-0.08370000000000011,1.1590729679794245
-0.08270000000000022,1.1725127253281424
-0.0817000000000001,1.1876501362366982
-0.08070000000000022,1.2043437295751058
-0.0797000000000001,1.2184908425737562
-0.07870000000000021,1.2337697246122985
-0.0777000000000001,1.24989743343076
-0.07670000000000021,1.2629127773895183
-0.0757000000000001,1.2787575439480066
-0.07470000000000021,1.2930461280766434
-0.0737000000000001,1.3070517699453075
-0.07270000000000021,1.3237453632837148
-0.0717000000000001,1.3401560143621492
-0.07070000000000021,1.3547275407507593
-0.0697000000000001,1.369582009399342
-0.0687000000000002,1.384719420307898
-0.0677000000000001,1.4014130136463054
-0.0667000000000002,1.4147112998650369
-0.06570000000000009,1.431687835463417
-0.0647000000000002,1.4444202371622026
-0.06370000000000009,1.461396772760583
-0.0627000000000002,1.4769585970590984
-0.06170000000000009,1.4953498439573436
-0.0607000000000002,1.5080822456561291
-0.059700000000000086,1.5236440699546445
-0.058700000000000196,1.5377911829532949
-0.057700000000000085,1.5533530072518102
-0.056700000000000195,1.5689148315503256
-0.05570000000000008,1.584476655848841
-0.05470000000000019,1.5986237688474914
-0.05370000000000008,1.6156003044458718
-0.05270000000000019,1.6283327061446573
-0.05170000000000008,1.6424798191433077
-0.05070000000000019,1.656626932141958
-0.04970000000000008,1.6707740451406083
-0.04870000000000019,1.6863358694391237
-0.047700000000000076,1.700482982437774
-0.046700000000000186,1.7174595180361545
-0.045700000000000074,1.7301919197349398
-0.044700000000000184,1.7443390327335901
-0.04370000000000007,1.7599008570321055
-0.04270000000000018,1.774047970030756
-0.04170000000000007,1.7853656604296764
-0.04070000000000018,1.7952686395287314
-0.03970000000000007,1.8094157525273817
-0.03870000000000018,1.8249775768258971
-0.03770000000000007,1.8377099785246829
-0.03670000000000018,1.849027668923603
-0.035700000000000065,1.8617600706223882
-0.034700000000000175,1.8730777610213083
-0.03370000000000006,1.884395451420229
-0.03270000000000017,1.8985425644188794
-0.03170000000000006,1.9084455435179344
-0.03070000000000017,1.9126896774175295
-0.02970000000000006,1.9282515017160449
-0.02870000000000017,1.9423986147146954
-0.027700000000000058,1.9579604390132106
-0.026700000000000168,1.9664487068124006
-0.025700000000000056,1.9777663972113213
-0.024700000000000166,1.9876693763103765
-0.023700000000000054,1.9975723554094316
-0.022700000000000164,2.008890045808352
-0.021700000000000053,2.0159636023076772
-0.020700000000000163,2.020207736207272
-0.01970000000000005,2.0329401379060577
-0.01870000000000016,2.040013694405383
-0.01770000000000005,2.049916673504438
-0.01670000000000016,2.0555755187038987
-0.015700000000000047,2.0598196526034935
-0.014700000000000157,2.0683079204026833
-0.013700000000000045,2.076796188201874
-0.012700000000000156,2.0881138786007942
-0.011700000000000044,2.0966021463999844
-0.010700000000000154,2.10367570289931
-0.009700000000000042,2.1079198367989047
-0.008700000000000152,2.1149933932982297
-0.00770000000000004,2.116408104598095
-0.00670000000000015,2.124896372397285
-0.005700000000000038,2.1305552175967453
-0.0047000000000001485,2.13762877409607
-0.0037000000000000366,2.1461170418952604
-0.0027000000000001467,2.1475317531951257
-0.0017000000000000348,2.150361175794856
-0.000700000000000145,2.1574347322941807
0.00029999999999996696,2.161678866193776
0.0012999999999998568,2.1701671339929662
0.0022999999999999687,2.178655401792157
0.0032999999999998586,2.1828995356917518
0.0042999999999999705,2.1828995356917518
0.00529999999999986,2.1857289582914814
0.006299999999999972,2.1913878034909415
0.007299999999999862,2.199876071290132
0.008299999999999974,2.1984613599902674
0.009299999999999864,2.202705493889862
0.010299999999999976,2.2097790503891876
0.011299999999999866,2.2097790503891876
0.012299999999999978,2.2126084729889177
0.013299999999999867,1.9890840876102414
0.012299999999999978,1.8122451751271118
0.011299999999999866,1.7033124050375041
0.010299999999999976,1.612770881846142
0.009299999999999864,1.5321323377538347
0.008299999999999974,1.4514937936615278
0.007299999999999862,1.3814655843182082
0.006299999999999972,1.3105885481949697
0.00529999999999986,1.250746260210679
0.0042999999999999705,1.1896307320565096
0.0032999999999998586,1.1379937696114355
0.0022999999999999687,1.0869226916863075
0.0012999999999998568,1.0385395652309235
0.00029999999999996696,0.9972299952748643
-0.000700000000000145,0.9472906863896284
-0.0017000000000000348,0.9017369825339743
-0.0027000000000001467,0.8683497958571595
-0.0037000000000000366,0.8315673020606686
-0.0047000000000001485,0.792379799054407
-0.005700000000000038,0.7616805638473357
-0.00670000000000015,0.7257468968307639
-0.00770000000000004,0.6960379595335981
-0.008700000000000152,0.6656216665864998
-0.009700000000000042,0.635346844769388
-0.010700000000000154,0.6052134940822627
-0.011700000000000044,0.580314575204638
-0.012700000000000156,0.5541424161571349
-0.013700000000000045,0.5323558621392133
-0.014700000000000157,0.5074569432615886
-0.015700000000000047,0.48552891811368054
-0.01670000000000016,0.46459119087567796
-0.01770000000000005,0.4429461079877429
-0.01870000000000016,0.42611104351934903
-0.01970000000000005,0.40630508532123855
-0.020700000000000163,0.383952646783371
-0.021700000000000053,0.36711758231497704
-0.022700000000000164,0.3502825178465831
-0.023700000000000054,0.3311839152984051
-0.024700000000000166,0.31519767760993017
-0.025700000000000056,0.29793819975157676
-0.026700000000000168,0.2820934331930883
-0.027700000000000058,0.2666730800245595
-0.02870000000000017,0.25012095781613847
-0.02970000000000006,0.23668120046742064
-0.03070000000000017,0.22168526068885125
-0.03170000000000006,0.2079625610801604
-0.03270000000000017,0.19423986147146954
-0.03370000000000006,0.18037569073279217
-0.034700000000000175,0.1689165292038854
-0.035700000000000065,0.15491088733522151
-0.03670000000000018,0.14316878354634172
-0.03770000000000007,0.13152570954845244
-0.03870000000000018,0.11876501362366983
-0.03970000000000007,0.1094845074965552
-0.04070000000000018,0.09827999400162409
-0.04170000000000007,0.08615591816178074
-0.04270000000000018,0.07585681989876326
-0.04370000000000007,0.06499183711579978
-0.044700000000000184,0.05540009450271484
-0.045700000000000074,0.04628935373158401
-0.046700000000000186,0.03514142868864751
-0.047700000000000076,0.02512527268560305
-0.04870000000000019,0.016948241372383138
-0.04970000000000008,0.006772222992453929
-0.05070000000000019,-0.001392924745847115
-0.05170000000000008,-0.010283536438718951
-0.05270000000000019,-0.019579604390132108
-0.05370000000000008,-0.027459546330380363
-0.05470000000000019,-0.03716446584745452
-0.05570000000000008,-0.04419558100778375
-0.056700000000000195,-0.052245288304015806
-0.057700000000000085,-0.06138432330114395
-0.058700000000000196,-0.06820323176649341
-0.059700000000000086,-0.07632367462771873
-0.0607000000000002,-0.08447241171494134
-0.06170000000000009,-0.09279091415814776
-0.0627000000000002,-0.1006142676464014
-0.06370000000000009,-0.10675411468781566
-0.0647000000000002,-0.11398328943012599
-0.06570000000000009,-0.121226611285435
-0.0667000000000002,-0.12745134100484115
-0.0677000000000001,-0.13543031273607994
-0.0687000000000002,-0.14189554337646318
-0.0697000000000001,-0.14783733083589634
-0.07070000000000021,-0.15448647394526202
-0.0717000000000001,-0.16141855931460067
-0.07270000000000021,-0.16877505807389886
-0.0737000000000001,-0.17556567231325104
-0.07470000000000021,-0.1808001041227517
-0.0757000000000001,-0.1860345359322523
-0.07670000000000021,-0.1933910346915505
-0.0777000000000001,-0.19933282215098366
-0.07870000000000021,-0.20640637865030886
-0.0797000000000001,-0.21107492593986346
-0.08070000000000022,-0.21701671339929662
-0.0817000000000001,-0.22380732763864883
-0.08270000000000022,-0.22904175944814942
-0.08370000000000011,-0.23512501803756908
-0.08470000000000022,-0.24163269001694826
-0.08570000000000011,-0.24573535278655687
-0.08670000000000022,-0.252525967025909
-0.08770000000000011,-0.2583262833553557
-0.08870000000000022,-0.26384365742482935
-0.08970000000000011,-0.270209858274222
-0.09070000000000022,-0.27473693443379016
-0.09170000000000011,-0.2803957796332503
-0.09270000000000023,-0.2866205093526564
-0.09370000000000012,-0.2918549411621571
-0.09470000000000023,-0.29793819975157676
-0.09570000000000012,-0.30260674704113133
-0.09670000000000023,-0.30784117885063195
-0.09770000000000012,-0.31477326421997065
-0.09870000000000023,-0.3191588692495523
-0.09970000000000012,-0.3252421278389719
-0.10070000000000023,-0.3311839152984051
-0.10170000000000012,-0.33613540484793275
-0.10270000000000024,-0.3426430768273119
-0.10370000000000013,-0.34759456637683955
-0.10470000000000024,-0.3525460559263671
-0.10570000000000013,-0.3589122567757598
-0.10670000000000024,-0.36329786180534146
-0.10770000000000013,-0.36994700491470706
-0.10870000000000024,-0.3753229078541942
-0.10970000000000013,-0.38013292627373535
-0.11070000000000024,-0.38635765599314154
-0.11170000000000013,-0.3915920878026421
-0.11270000000000002,-0.3979582886520348
-0.11370000000000013,-0.404748902891387
-0.11470000000000002,-0.40927597905095514
-0.11570000000000014,-0.41451041086045576
-0.11670000000000003,-0.42073514057986194
-0.11770000000000014,-0.42568663012938956
-0.11870000000000003,-0.43304312888868773
-0.11970000000000014,-0.43827756069818835
-0.12070000000000003,-0.444360819287608
-0.12170000000000014,-0.45030260674704115
-0.12270000000000003,-0.45596145194650134
-0.12370000000000014,-0.462044710535921
-0.12470000000000003,-0.4686938536452867
-0.12570000000000014,-0.47421122771476026
-0.12670000000000003,-0.48015301517419345
-0.12770000000000015,-0.4862362737636131
-0.12870000000000004,-0.4928854168729787
-0.12970000000000015,-0.5001004445022904
-0.13070000000000004,-0.504486049531872
-0.13170000000000015,-0.5125499039411028
-0.13270000000000004,-0.5189161047904954
-0.13370000000000015,-0.5248578922499286
-0.13470000000000004,-0.5322143910092269
-0.13570000000000015,-0.5371658805587545
-0.13670000000000004,-0.5425417834982416
-0.13770000000000016,-0.5513129935574048
-0.13870000000000005,-0.557820665536784
-0.13970000000000016,-0.5658845199460147
-0.14070000000000005,-0.5721092496654209
-0.14170000000000016,-0.577485152604908
-0.14270000000000005,-0.5851245936241791
-0.14370000000000016,-0.5921981501235044
-0.14470000000000005,-0.5981399375829375
-0.14570000000000016,-0.6069111476421007
-0.14670000000000005,-0.6139847041414259
-0.14770000000000016,-0.6206338472507915
-0.14870000000000005,-0.6288391727900088
-0.14970000000000017,-0.634780960249442
-0.15070000000000006,-0.6417130456187806
-0.15170000000000017,-0.6497769000280114
-0.15270000000000006,-0.6568504565273365
-0.15370000000000017,-0.6651972531965403
-0.15470000000000006,-0.6717049251759195
-0.15570000000000017,-0.6794858373251772
-0.15670000000000006,-0.6886814607742999
-0.15770000000000017,-0.6956135461436386
-0.15870000000000006,-0.7042432850728153
-0.15970000000000018,-0.7118827260920865
-0.16070000000000007,-0.7198051093713307
-0.16170000000000018,-0.729425146210413
-0.16270000000000007,-0.7369231160996975
-0.16370000000000018,-0.7473919797186989
-0.16470000000000007,-0.7541825939580511
-0.16570000000000018,-0.7584267278576461
-0.16670000000000007,-0.7677638224367553
-0.16770000000000018,-0.7769594458858782
-0.16870000000000007,-0.7853062425550819
-0.16970000000000018,-0.7947848082641775
-0.17070000000000007,-0.8031316049333813
-0.17170000000000019,-0.8116198727325715
-0.17270000000000008,-0.8215228518316268
-0.1737000000000002,-0.828879350590925
-0.17470000000000008,-0.8397726275998858
-0.1757000000000002,-0.8472705974891704
-0.17670000000000008,-0.8557588652883606
-0.1777000000000002,-0.8673594979472539
-0.17870000000000008,-0.8754233523564846
-0.1797000000000002,-0.8858922159754858
-0.18070000000000008,-0.8956537239445548
-0.1817000000000002,-0.9031516938338394
-0.18270000000000008,-0.9134790863228541
-0.1837000000000002,-0.9230991231619364
-0.1847000000000001,-0.9337094579109243
-0.1857000000000002,-0.9436124370099793
-0.1867000000000001,-0.9522421759391562
-0.1877000000000002,-0.960871914868333
-0.1887000000000001,-0.9706334228374016
-0.1897000000000002,-0.98081934419643
-0.1907000000000001,-0.9902979099055255
-0.1917000000000001,-1.0004838312645539
-0.19269999999999998,-1.0110941660135417
-0.1937000000000001,-1.022128914152489
-0.19469999999999998,-1.0309001242116522
-0.1957000000000001,-1.041793401220613
-0.19669999999999999,-1.0526866782295738
-0.1977000000000001,-1.0603261192488451
-0.1987,-1.0705120406078732
-0.1997000000000001,-1.0816882598768072
-0.2007,-1.0920156523658218
-0.2017000000000001,-1.101918631464877
-0.2027,-1.1119630816939188
-0.2037000000000001,-1.1224319453129201
-0.2047,-1.1338911068418267
-0.2057000000000001,-1.1435111436809091
-0.2067,-1.1536970650399374
-0.2077000000000001,-1.1640244575289522
-0.2087,-1.1736444943680344
-0.2097000000000001,-1.1853865981569143
-0.2107,-1.19486516386601
-0.2117000000000001,-1.2053340274850113
-0.2127,-1.2169346601439046
-0.2137000000000001,-1.2254229279430946
-0.2147,-1.236740618342015
-0.2157000000000001,-1.2465021263110838
-0.2167,-1.2559806920201795
-0.21770000000000012,-1.2671569112891135
-0.2187,-1.275220765698344
-0.21970000000000012,-1.282152851067683
-0.2207,-1.2953096661564274
-0.22170000000000012,-1.305495587515456
-0.2227,-1.315681508874484
-0.22370000000000012,-1.3245941900636338
-0.2247,-1.334214226902716
-0.22570000000000012,-1.3432683792218523
-0.2267,-1.3494931089412585
-0.22770000000000012,-1.3605278570802057
-0.22870000000000001,-1.3688746537494096
-0.22970000000000013,-1.3741090855589102
-0.23070000000000002,-1.3840120646579654
-0.23170000000000013,-1.3913685634172637
-0.23270000000000002,-1.3994324178264943
-0.23370000000000013,-1.407496272235725
-0.23470000000000002,-1.4138624730851177
-0.23570000000000013,-1.421784856364362
-0.23670000000000002,-1.4288584128636872
-0.2376999999999999,-1.433102546763282
-0.23870000000000002,-1.4415908145624723
-0.2396999999999999,-1.4486643710617975
-0.24070000000000003,-1.4529085049613928
-0.24169999999999991,-1.4585673501608527
-0.24270000000000003,-1.4642261953603128
-0.24369999999999992,-1.4684703292599082
-0.24470000000000003,-1.4698850405597732
-0.24569999999999992,-1.472714463159503
-0.24670000000000003,-1.4755438857592333
-0.24769999999999992,-1.4797880196588282
-0.24870000000000003,-1.4826174422585585
-0.24969999999999992,-1.4854468648582886
-0.25070000000000003,-1.4868615761581534
-0.2516999999999999,-1.4882762874580184
-0.25270000000000004,-1.4882762874580184
-0.2536999999999999,-1.4896909987578837
-0.25470000000000004,-1.4896909987578837
-0.2556999999999999,-1.4896909987578837
-0.25670000000000004,-1.4868615761581534
-0.25769999999999993,-1.4896909987578837
-0.25870000000000004,-1.4882762874580184
-0.25969999999999993,-1.4854468648582886
-0.26070000000000004,-1.4840321535584236
-0.26169999999999993,-1.4812027309586933
-0.26270000000000004,-1.4783733083589634
-0.26369999999999993,-1.4755438857592333
-0.26470000000000005,-1.472714463159503
-0.26569999999999994,-1.4698850405597732
-0.26670000000000005,-1.4642261953603128
-0.26769999999999994,-1.461396772760583
-0.26870000000000005,-1.4585673501608527
-0.26969999999999994,-1.4571526388609877
-0.27070000000000005,-1.4529085049613928
-0.27169999999999994,-1.4458349484620676
-0.27270000000000005,-1.4415908145624723
-0.27369999999999994,-1.4359319693630124
-0.27470000000000006,-1.431687835463417
-0.27569999999999995,-1.426028990263957
-0.27670000000000006,-1.420370145064497
-0.27769999999999995,-1.4147112998650369
-0.27870000000000006,-1.4093353969255495
-0.27969999999999995,-1.4035350805961027
-0.28070000000000006,-1.3967444663567505
-0.28169999999999995,-1.3925003324571557
-0.28270000000000006,-1.3861341316077629
-0.28369999999999995,-1.380899699798262
-0.28470000000000006,-1.373826143298937
-0.28569999999999995,-1.3683087692294635
-0.28670000000000007,-1.3639231641998817
-0.28769999999999996,-1.3586887323903811
-0.28870000000000007,-1.3531713583209075
-0.28969999999999996,-1.348502811031353
-0.29070000000000007,-1.3404389566221222
-0.29169999999999996,-1.3356289382025812
-0.29270000000000007,-1.3340727557727297
-0.29369999999999996,-1.3298286218731346
-0.2947000000000001,-1.3245941900636338
-0.29569999999999996,-1.318793873734187
-0.2967000000000001,-1.3149741532245516
-0.29769999999999996,-1.3111544327149158
-0.2987000000000001,-1.3067688276853344
-0.29969999999999997,-1.3005440979659282
-0.3007000000000001,-1.296299964066333
-0.30169999999999997,-1.2947437816364815
-0.3027000000000001,-1.294036425986549
-0.30369999999999997,-1.2904996477368864
-0.3047000000000001,-1.28469933140744
-0.30569999999999997,-1.2831431489775882
-0.3067000000000001,-1.2796063707279257
-0.3077,-1.2773428326481417
-0.3087000000000001,-1.2762110636082498
-0.3097,-1.2733816410085195
-0.3107000000000001,-1.2709766317987488
-0.3117,-1.2665910267691676
-0.3127000000000001,-1.2657421999892482
-0.3137,-1.2687130937189648
-0.3147000000000001,-1.2646104309493562
-0.3157,-1.2641860175593966
-0.3167000000000001,-1.268147209199019
-0.3177,-1.2663080845091943
-0.3187000000000001,-1.2672983824191
-0.3197,-1.268147209199019
-0.3207000000000001,-1.2689960359789378
-0.3217,-1.2702692761488166
-0.3227000000000001,-1.2694204493688974
-0.3237,-1.2712595740587218
-0.3247000000000001,-1.2756451790883037
-0.3257,-1.2755037079583171
-0.3267000000000001,-1.280879610897804
-0.3277,-1.284416389147467
-0.3287000000000001,-1.2856896293173452
-0.3297,-1.292055830166738
-0.3307000000000001,-1.2919143590367514
-0.3317,-1.2950267238964543
-0.3327000000000001,-1.3002611557059554
-0.3337,-1.3049297029955098
-0.3347000000000001,-1.3112959038449024
-0.3357,-1.3144082687046057
-0.3367000000000001,-1.3180865180842547
-0.3377,-1.3236038921537283
-0.3387000000000001,-1.3301115641331076
-0.3397,-1.3357704093325677
-0.3407000000000001,-1.3422780813119468
-0.3417,-1.3486442821613394
-0.3427000000000001,-1.3574154922205026
-0.3437,-1.3663281734096524
-0.3447000000000001,-1.373826143298937
-0.3457,-1.3842950069179385
-0.3467000000000001,-1.3923588613271691
-0.3477,-1.4009886002563459
-0.3487000000000001,-1.410042752575482
-0.3497,-1.4189554337646317
-0.3507000000000001,-1.427443701563822
-0.3517,-1.4373466806628774
-0.3527000000000001,-1.4472496597619326
-0.3537,-1.461396772760583
-0.3547000000000001,-1.472714463159503
-0.3557,-1.4854468648582886
-0.35670000000000013,-1.498179266557074
-0.3577,-1.512326379555724
-0.35870000000000013,-1.5264734925543744
-0.3597,-1.54203531685289
-0.36070000000000013,-1.5561824298515403
-0.3617,-1.5731589654499207
-0.3626999999999999,-1.5887207897484361
-0.3637,-1.6042826140469515
-0.3646999999999999,-1.6198444383454669
-0.3657,-1.6382356852437125
-0.3666999999999999,-1.655212220842093
-0.3677,-1.6721887564404734
-0.3686999999999999,-1.6919947146385839
-0.36970000000000003,-1.7146300954364246
-0.3706999999999999,-1.7316066310348048
-0.37170000000000003,-1.7514125892329155
-0.3726999999999999,-1.772633258730891
-0.37370000000000003,-1.7910245056291363
-0.3746999999999999,-1.813659886426977
-0.37570000000000003,-1.8362952672248178
-0.3766999999999999,-1.8546865141230628
-0.37770000000000004,-1.882980740120364
-0.3786999999999999,-1.9056161209182045
-0.37970000000000004,-1.92683679041618
-0.3806999999999999,-1.9537163051136157
-0.38170000000000004,-1.9777663972113213
-0.38269999999999993,-2.0032312006088917
-0.38370000000000004,-2.0286960040064623
-0.38469999999999993,-2.0569902300037635
-0.38570000000000004,-2.083869744701199
-0.38669999999999993,-2.1093345480987695
-0.38770000000000004,-2.1390434853959355
-0.38869999999999993,-2.1673377113932366
-0.38970000000000005,-2.199876071290132
-0.39069999999999994,-2.229585008587298
-0.39170000000000005,-2.2592939458844636
-0.39269999999999994,-2.2932470170812245
-0.39370000000000005,-2.3243706656782552
-0.39469999999999994,-2.358323736875016
-0.39570000000000005,-2.389447385472047
-0.39669999999999994,-2.4290593018682682
-0.39770000000000005,-2.464427084364894
-0.39869999999999994,-2.4983801555616547
-0.39970000000000006,-2.5280890928588207
-0.40069999999999995,-2.5648715866553116
-0.40170000000000006,-2.6044835030515325
-0.40269999999999995,-2.6426807081478887
-0.40370000000000006,-2.6808779132442444
-0.40469999999999995,-2.7219045409403306
-0.40570000000000006,-2.7601017460366863
-0.40669999999999995,-2.7968842398331777
-0.40770000000000006,-2.8350814449295334
-0.40869999999999995,-2.8761080726256196
-0.40970000000000006,-2.925622968120896
-0.41069999999999995,-2.968064307116847
-0.41170000000000007,-3.0119203574126634
-0.41269999999999996,-3.0586058303082093
-0.41370000000000007,-3.1052913032037557
-0.41469999999999996,-3.153391487399167
-0.41570000000000007,-3.201491671594578
-0.41669999999999996,-3.2481771444901244
-0.41770000000000007,-3.3005214625851305
-0.41869999999999996,-3.3500363580804073
-0.4197000000000001,-3.403795387475278
-0.42069999999999996,-3.45472499427042
-0.4217000000000001,-3.505654601065561
-0.42269999999999996,-3.5608283417602973
-0.4237000000000001,-3.6160020824550334
-0.42469999999999997,-3.669761111849905
-0.4257000000000001,-3.7263495638445066
-0.42669999999999997,-3.785767438438838
-0.4277000000000001,-3.84235589043344
-0.42869999999999997,-3.901773765027771
-0.4297000000000001,-3.961191639622102
-0.43069999999999997,-4.0220242255163
-0.4317000000000001,-4.082856811410497
-0.4327,-4.143689397304692
-0.4337000000000001,-4.2087661170984845
-0.4347,-4.27525754819214
-0.4357000000000001,-4.337504845386203
-0.4367,-4.405410987779724
-0.4377000000000001,-4.474731841473111
-0.4387,-4.539808561266903
-0.4397000000000001,-4.607714703660425
-0.4407,-4.682694402553271
-0.4417000000000001,-4.753429967546523
-0.4427,-4.82275082123991
-0.4437000000000001,-4.893486386233161
-0.4447,-4.967051373826144
-0.4457000000000001,-5.043445784018855
-0.4467,-5.125499039411029
-0.4477000000000001,-5.204722872203471
-0.4487,-5.283946704995913
-0.4497000000000001,-5.360341115188624
-0.4507,-5.4423943705807964
-0.4517000000000001,-5.524447625972968
-0.4527,-5.613574437864465
-0.4537000000000001,-5.699871827156233
-0.4547,-5.787583927747865
-0.4557000000000001,-5.872466605739767
-0.4567,-5.963008128931129
-0.4577000000000001,-6.053549652122491
-0.4587,-6.149750020513314
-0.4597000000000001,-6.238876832404812
-0.4607,-6.335077200795634
-0.4617000000000001,-6.425618723986997
-0.4627,-6.526063226277413
-0.4637000000000001,-6.6236783059681015
-0.4647,-6.722708096958654
-0.4657000000000001,-6.821737887949207
-0.4667,-6.923597101539489
-0.4677000000000001,-7.025456315129772
-0.4687,-7.132974373919516
-0.4697000000000001,-7.2390777214093935
-0.4707,-7.348010491499002
-0.4717000000000001,-7.452699127689013
-0.4727,-7.553143629979432
-0.4737000000000001,-7.6733940904679585
-0.4747,-7.789400417056893
-0.4757000000000001,-7.896918475846635
-0.4767,-8.010095379835839
-0.4777000000000001,-8.11478401602585
-0.4787,-8.236449187814243
-0.4797000000000001,-8.362358493502233
-0.4807,-8.48826779919022
-0.48170000000000013,-8.609932970978614
-0.4827,-8.731598142767007
-0.48370000000000013,-8.853263314555399
-0.4847,-8.986246176742714
-0.48570000000000013,-9.123473172829621
-0.4867,-9.250797189817476
-0.4876999999999999,-9.375291784205599
-0.4887,-9.504030512493316
-0.4896999999999999,-9.632769240781036
-0.4907,-9.765752102968348
-0.4916999999999999,-9.900149676455525
-0.4927,-10.03030311604311
-0.4936999999999999,-10.167530112130018
-0.49470000000000003,-10.309001242116523
-0.4956999999999999,-10.451887083402891
-0.49670000000000003,-10.596187635989125
-0.4976999999999999,-10.741902899875223
-0.49870000000000003,-10.881959318561863
-0.4996999999999999,-11.038992272846881
-0.5007,-11.186122248032843
-0.5016999999999999,-11.340325779718134
-0.5027,-11.487455754904099
-0.5036999999999999,-11.631756307490331
-0.5047,-11.784545127875756
-0.5056999999999999,-11.950066349959965
-0.5067,-12.11417286074431
-0.5076999999999999,-12.282523505428248
-0.5087,-12.436727037113537
-0.5096999999999999,-12.614980660896533
-0.5107,-12.773428326481417
-0.5116999999999999,-12.94885252766468
-0.5127,-13.115788461048757
-0.5136999999999999,-13.286968528332425
-0.5147,-13.468051574715151
-0.5156999999999999,-13.65054933239774
-0.5167,-13.820314688381544
-0.5176999999999999,-14.007056579963729
-0.5187,-14.175407224647667
-0.5196999999999999,-14.359319693630123
-0.5207,-14.543232162612577
-0.5216999999999999,-14.741291744593681
-0.5227,-14.925204213576137
-0.5236999999999999,-15.123263795557243
-0.5247,-15.307176264539699
-0.5257,-15.505235846520803
-0.5267000000000001,-15.689148315503255
-0.5277,-15.901355010483012
-0.5287000000000001,-16.11356170546277
-0.5297,-16.311621287443874
-0.5307000000000001,-16.495533756426326
-0.5317,-16.70774045140608
-0.5327000000000001,-16.93409425938449
-0.5337,-17.160448067362896
-0.5347000000000001,-17.4150961013386
-0.5357,-17.641449909317007
-0.5367000000000001,-17.853656604296763
-0.5377,-18.03756907327922
-0.5387000000000001,-18.23562865526032
-0.5397,-18.47612957623738
-0.5407000000000001,-18.716630497214435
-0.5417,-18.95713141819149
-0.5427000000000001,-19.1834852261699
-0.5437,-19.409839034148305
-0.5447000000000001,-19.636192842126707
-0.5457,-19.848399537106463
-0.5467000000000001,-20.10304757108217
-0.5477,-20.329401379060574
-0.5487000000000001,-20.569902300037633
-0.5497,-20.824550334013338
-0.5507000000000001,-21.065051254990397
-0.5517,-21.30555217596745
-0.5527000000000001,-21.531905983945855
-0.5537,-21.786554017921564
-0.5547000000000001,-22.012907825899973
-0.5557,-22.267555859875678
-0.5567000000000001,-22.522203893851387
-0.5577,-22.776851927827092
-0.5587000000000001,-23.045647074801447
-0.5597,-23.286147995778503
-0.5607000000000001,-23.54079602975421
-0.5617,-23.781296950731264
-0.5627000000000001,-24.078386323702922
-0.5637,-24.34718147067728
-0.5647000000000001,-24.630123730650286
-0.5657,-24.870624651627345
-0.5667000000000001,-25.12527268560305
-0.5677,-25.39406783257741
-0.5687000000000001,-25.677010092550415
-0.5697,-25.959952352523427
-0.5707000000000001,-26.242894612496432
-0.5717,-26.539983985468087
-0.5727000000000001,-26.879514697435695
-0.5737,-27.176604070407354
-0.5747000000000001,-27.459546330380363
-0.5757,-27.714194364356068
-0.5767000000000001,-28.011283737327723
-0.5777,-28.280078884302082
-0.5787000000000001,-28.577168257273744
-0.5797,-28.86011051724675
-0.5807000000000001,-29.157199890218404
-0.5817,-29.411847924194117
-0.5827000000000001,-29.68064307116847
-0.5837,-29.921143992145527
-0.5847000000000001,-30.204086252118536
-0.5857,-30.47288139909289
-0.5867000000000001,-30.82655922405915
-0.5877,-31.109501484032155
-0.5887000000000001,-31.46317930899841
-0.5897,-31.788562907967375
-0.5907000000000001,-32.08565228093904
-0.5917,-32.41103587990799
-0.5927000000000001,-32.04321094194308
-0.5937,-32.283711862920136
-0.5947000000000001,-32.66568391388369
-0.5957,-33.00521462585131
-0.5967000000000001,-33.274009772825664
-0.5977,-33.45792224180811
-0.5987000000000001,-33.783305840777075
-0.5997,-34.03795387475279
-0.6007000000000001,-34.377484586720385
-0.6017,-34.75945663768395
-0.6027000000000001,-35.11313446265021
-0.6037,-35.396076722623214
-0.6047000000000001,-35.664871869597576
-0.6057,-35.94781412957058
-0.6067000000000001,-36.25905061554089
-0.6077,-36.55613998851254
-0.6087000000000001,-36.796640909489604
-0.6097,-37.136171621457216
-0.6107000000000001,-37.53229078541942
-0.6117,-37.82938015839108
-0.6126999999999999,-38.23964643535194
-0.6137,-38.49429446932764
-0.6146999999999999,-38.83382518129526
-0.6157,-39.130914554266916
-0.6166999999999999,-39.47044526623452
-0.6177,-39.80997597820213
-0.6186999999999999,-40.135359577171094
-0.6197,-40.503184515136
-0.6206999999999999,-40.715391210115754
-0.6217,-41.097363261079316
-0.6226999999999999,-41.40859974704962
-0.6237,-41.86130736300643
-0.6246999999999999,-42.29986786596459
-0.6257,-42.681839916928155
-0.6266999999999999,-43.04966485489307
-0.6277,-43.27601866287147
-0.6286999999999999,-43.60140226184043
-0.6297,-43.82775606981884
-0.6306999999999999,-44.223875233781044
-0.6317,-44.577553058747306
-0.6326999999999999,-45.030260674704124
-0.6337,-45.36979138667173
-0.6346999999999999,-45.83664611562718
-0.6357,-46.176176827594794
-0.6366999999999999,-46.289353731584
-0.6377,-46.74206134754081
-0.6386999999999999,-47.053297833511124
-0.6397,-47.54844678846388
-0.6406999999999999,-47.95871306542474
-0.6417,-48.3406851163883
-0.6426999999999999,-48.524597585370756
-0.6437,-48.86412829733837
-0.6446999999999999,-49.104629218315424
-0.6457,-49.68466085126009
-0.6466999999999999,-49.84027909424525
-0.6477,-50.46275206618586
-0.6486999999999999,-50.88716545614537
-0.6497,-51.36816729809948
-0.6507,-51.62281533207519
-0.6517000000000001,-51.70769801006709
-0.6527,-52.2169940780185
-0.6537000000000001,-53.051673744938874
-0.6547,-53.91464763785655
-0.6557000000000001,-53.88635341185925
-0.6567,-54.508826383799864
-0.6577000000000001,-54.86250420876612
-0.6587,-55.23032914673103
-0.6597000000000001,-55.7537723276811
-0.6607,-56.03671458765411
-0.6617000000000001,-56.57430488160282
-0.6627,-56.75821735058527
-0.6637000000000001,-56.97042404556503
-0.6647,-57.423131661521836
-0.6657000000000001,-57.7768094864881
-0.6667,-59.27640346434504
-0.6677000000000001,-60.30914271324652
-0.6687,-60.521349408226264
-0.6697000000000001,-60.62037919921682
-0.6707,-60.86088012019388
-0.6717000000000001,-61.35602907514664
-0.6727,-61.780442465106155
-0.6737000000000001,-62.44535677604272
-0.6747,-62.89806439199953
-0.6757000000000001,-63.280036442963095
-0.6767,-63.364919120955
-0.6777000000000001,-63.19515376497119
-0.6787,-63.732744058919906
-0.6797000000000001,-64.0439805448902
-0.6807,-64.32692280486322
-0.6817000000000001,-64.70889485582677
-0.6827,-64.90695443780788
-0.6837000000000001,-65.2464851497755
-0.6847,-65.5577216357458
-0.6857000000000001,-65.7274869917296
-0.6867,-65.11916113278764
-0.6857000000000001,-64.45424682185109
-0.6847,-63.8459209629091
-0.6837000000000001,-63.5346844769388
-0.6827,-62.81318171400764
-0.6817000000000001,-62.37462121104946
-0.6807,-61.58238288312505
-0.6797000000000001,-60.988204137181725
-0.6787,-60.40817250423707
-0.6777000000000001,-59.78569953229645
-0.6767,-59.27640346434504
-0.6757000000000001,-58.82369584838823
-0.6747,-58.28610555443952
-0.6737000000000001,-57.84754505148135
-0.6727,-57.45142588751914
-0.6717000000000001,-56.70162889859067
-0.6707,-56.164038604641945
-0.6697000000000001,-55.357653163718886
-0.6687,-54.890798434763425
-0.6677000000000001,-54.60785617479041
-0.6667,-54.05611876784305
-0.6657000000000001,-53.74488228187274
-0.6647,-53.065820857937524
-0.6637000000000001,-52.59896612898206
-0.6627,-51.86331625305225
-0.6617000000000001,-51.26913750710893
-0.6607,-50.40616361419126
-0.6597000000000001,-49.95345599823444
-0.6587,-50.052485789224995
-0.6577000000000001,-49.86857332024254
-0.6567,-48.87827541033702
-0.6557000000000001,-48.36897934238561
-0.6547,-47.619182353457134
-0.6537000000000001,-46.99670938151652
-0.6527,-46.628884443551605
-0.6517000000000001,-46.36008929657725
-0.6507,-45.963970132615046
-0.6497,-45.51126251665823
-0.6486999999999999,-45.17173180469062
-0.6477,-44.704877075735155
-0.6466999999999999,-44.08240410379454
-0.6457,-43.60140226184043
-0.6446999999999999,-43.134547532884966
-0.6437,-42.653545690930855
-0.6426999999999999,-42.172543848976744
-0.6417,-41.76227757201589
-0.6406999999999999,-41.677394894023976
-0.6397,-41.139804600075266
-0.6386999999999999,-40.743685436113054
-0.6377,-40.29097782015624
-0.6366999999999999,-39.82412309120078
-0.6357,-39.48459237923317
-0.6346999999999999,-39.074326102272316
-0.6337,-38.63576559931415
-0.6326999999999999,-38.154763757360044
-0.6317,-37.645467689408626
-0.6306999999999999,-37.192760073451815
-0.6297,-36.740052457495004
-0.6286999999999999,-36.28734484153819
-0.6277,-35.848784338580025
-0.6266999999999999,-35.268752705635364
-0.6257,-34.95751621966506
-0.6246999999999999,-34.278454795729836
-0.6237,-34.44822015171364
-0.6226999999999999,-33.98136542275818
-0.6217,-33.48621646780542
-0.6206999999999999,-33.09009730384321
-0.6197,-32.6373896878864
-0.6186999999999999,-32.439330105905285
-0.6177,-32.08565228093904
-0.6166999999999999,-31.661238890979522
-0.6157,-31.23682550102001
-0.6146999999999999,-30.982177467044306
-0.6137,-30.600205416080744
-0.6126999999999999,-30.09090934812933
-0.6117,-29.751378636161718
-0.6107000000000001,-29.440142150191413
-0.6097,-29.114758551222454
-0.6087000000000001,-28.718639387260247
-0.6077,-28.350814449295335
-0.6067000000000001,-27.954695285333123
-0.6057,-27.516134782374962
-0.6047000000000001,-27.233192522401957
-0.6037,-26.89366181043435
-0.6027000000000001,-26.440954194477534
-0.6017,-26.21460038649913
-0.6007000000000001,-25.889216787530174
-0.5997,-25.224302476593607
-0.5987000000000001,-24.559388165657033
-0.5977,-24.21985745368943
-0.5967000000000001,-23.795444063729917
-0.5957,-23.526648916755562
-0.5947000000000001,-23.102235526796047
-0.5937,-23.003205735805498
-0.5927000000000001,-22.72026347583249
-0.5917,-22.324144311870278
-0.5907000000000001,-22.097790503891872
-0.5897,-21.701671339929664
-0.5887000000000001,-21.291405062968803
-0.5877,-21.065051254990397
-0.5867000000000001,-20.711373430024135
-0.5857,-20.44257828304978
-0.5847000000000001,-20.159636023076775
-0.5837,-19.848399537106463
-0.5827000000000001,-19.593751503130758
-0.5817,-19.25422079116315
-0.5807000000000001,-18.95713141819149
-0.5797,-18.688336271217132
-0.5787000000000001,-18.504423802234676
-0.5777,-18.23562865526032
-0.5767000000000001,-17.81121526530081
-0.5757,-17.4433903273359
-0.5747000000000001,-17.089712502369647
-0.5737,-16.835064468393938
-0.5727000000000001,-16.665299112410132
-0.5717,-16.481386643427676
-0.5707000000000001,-16.170150157457368
-0.5697,-15.91550212348166
-0.5687000000000001,-15.91550212348166
-0.5677,-15.3920589425316
-0.5667000000000001,-15.137410908555893
-0.5657,-14.925204213576137
-0.5647000000000001,-14.727144631595033
-0.5637,-14.514937936615278
-0.5627000000000001,-14.30273124163552
-0.5617,-14.073548011057385
-0.5607000000000001,-13.847194203078978
-0.5597,-13.663281734096524
-0.5587000000000001,-13.455319173016363
-0.5577,-13.251600745835798
-0.5567000000000001,-13.032320494356718
-0.5557,-12.846993314074398
-0.5547000000000001,-12.661666133792078
-0.5537,-12.445215304912727
-0.5527000000000001,-12.244326300331892
-0.5517,-12.083049212147277
-0.5507000000000001,-12.133978818942419
-0.5497,-11.876501362366984
-0.5487000000000001,-11.593559102393977
-0.5477,-11.388425963913546
-0.5467000000000001,-11.181878114133252
-0.5457,-10.98523324345201
-0.5447000000000001,-10.818297310067935
-0.5437,-10.630140707185886
-0.5427000000000001,-10.467448907701408
-0.5417,-10.324563066415037
-0.5407000000000001,-10.191580204227723
-0.5397,-10.023229559543786
-0.5387000000000001,-9.839317090561332
-0.5377,-9.904393810355122
-0.5367000000000001,-9.641257508580225
-0.5357,-9.362559382506815
-0.5347000000000001,-9.22674709771977
-0.5337,-9.09517894683232
-0.5327000000000001,-8.963610795944874
-0.5317,-8.812236686859313
-0.5307000000000001,-8.662277289073618
-0.5297,-8.677839113372134
-0.5287000000000001,-8.598615280579693
-0.5277,-8.410458677697642
-0.5267000000000001,-8.236449187814243
-0.5257,-8.134589974223962
-0.5247,-7.986045287738133
-0.5236999999999999,-7.778082726657972
-0.5227,-7.629538040172143
-0.5216999999999999,-7.50221402318429
-0.5207,-7.379134140096031
-0.5196999999999999,-7.241907144009123
-0.5187,-7.127315528720055
-0.5176999999999999,-7.011309202131122
-0.5167,-6.900961720741648
-0.5156999999999999,-6.783540682852851
-0.5147,-6.678852046662837
-0.5136999999999999,-6.56143100877404
-0.5127,-6.455327661284162
-0.5116999999999999,-6.3548831589937445
-0.5107,-6.306782974798334
-0.5096999999999999,-6.192191359509266
-0.5087,-6.121455794516013
-0.5076999999999999,-5.9997906227276205
-0.5067,-5.909249099536258
-0.5056999999999999,-5.74938672265151
-0.5047,-5.651771642960822
-0.5036999999999999,-5.576791944067974
-0.5027,-5.482006286977017
-0.5016999999999999,-5.411270721983764
-0.5007,-5.3178997761926725
-0.4996999999999999,-5.228772964301175
-0.49870000000000003,-5.138231441109813
-0.4976999999999999,-5.067495876116562
-0.49670000000000003,-4.972710219025604
-0.4956999999999999,-4.8977305201327574
-0.49470000000000003,-4.795871306542475
-0.4936999999999999,-4.7138180511503025
-0.4927,-4.636008929657725
-0.4916999999999999,-4.556785096865283
-0.4907,-4.486049531872031
-0.4896999999999999,-4.411069832979184
-0.4887,-4.3403342679859325
-0.4876999999999999,-4.289404661190791
-0.4867,-4.214424962297944
-0.48570000000000013,-4.155007087703612
-0.4847,-4.068709698411845
-0.48370000000000013,-4.060221430612655
-0.4827,-3.939970970124127
-0.48170000000000013,-3.87065011643074
-0.4807,-3.801329262737354
-0.4797000000000001,-3.7546437898418072
-0.4787,-3.678249379649095
-0.4777000000000001,-3.6287344841538194
-0.4767,-3.6004402581565187
-0.4757000000000001,-3.5212164253640763
-0.4747,-3.440577881271769
-0.4737000000000001,-3.3882335631767626
-0.4727,-3.3344745337818917
-0.4717000000000001,-3.28354492698675
-0.4707,-3.232615320191609
-0.4697000000000001,-3.178856290796737
-0.4687,-3.1335855292010564
-0.4677000000000001,-3.08690005630551
-0.4667,-3.0232380478115832
-0.4657000000000001,-2.975137863616172
-0.4647,-2.924208256821031
-0.4637000000000001,-2.8789374952253497
-0.4627,-2.836496156229398
-0.4617000000000001,-2.791225394633717
-0.4607,-2.744539921738171
-0.4597000000000001,-2.700683871442355
-0.4587,-2.656827821146539
-0.4577000000000001,-2.6143864821505876
-0.4567,-2.5677010092550416
-0.4557000000000001,-2.5266743815589554
-0.4547,-2.485647753862869
-0.4537000000000001,-2.4446211261667834
-0.4527,-2.4050092097705624
-0.4517000000000001,-2.3668120046742067
-0.4507,-2.3272000882779853
-0.4497000000000001,-2.2890028831816296
-0.4487,-2.250805678085273
-0.4477000000000001,-2.216852606888512
-0.4467,-2.178655401792157
-0.4457000000000001,-2.1418729079956655
-0.4447,-2.1079198367989047
-0.4437000000000001,-2.072552054302279
-0.4427,-2.0357695605057877
-0.4417000000000001,-2.004645911908757
-0.4407,-1.9791811085111866
-0.4397000000000001,-1.9551310164134805
-0.4387,-1.9056161209182045
-0.4377000000000001,-1.8716630497214433
-0.4367,-1.8419541124242775
-0.4357000000000001,-1.8108304638272468
-0.4347,-1.7825362378299463
-0.4337000000000001,-1.7528273005327806
-0.4327,-1.7231183632356148
-0.4317000000000001,-1.6976535598380442
-0.43069999999999997,-1.6665299112410132
-0.4297000000000001,-1.6354062626439825
-0.42869999999999997,-1.6099414592464116
-0.4277000000000001,-1.580232521949246
-0.42669999999999997,-1.5561824298515403
-0.4257000000000001,-1.5278882038542394
-0.42469999999999997,-1.505252823056399
-0.4237000000000001,-1.4797880196588282
-0.42269999999999996,-1.4557379275611226
-0.4217000000000001,-1.4302731241635522
-0.42069999999999996,-1.407496272235725
-0.4197000000000001,-1.3794849884983973
-0.41869999999999996,-1.350766349111137
-0.41770000000000007,-1.331101862043013
-0.41669999999999996,-1.3081835389851995
-0.41570000000000007,-1.2861140427073048
-0.41469999999999996,-1.2738060543984788
-0.41370000000000007,-1.246219184051111
-0.41269999999999996,-1.2268376392429596
-0.41170000000000007,-1.20660726765489
-0.41069999999999995,-1.1848207136369682
-0.40970000000000006,-1.16572211108879
-0.40869999999999995,-1.1430867302909495
-0.40770000000000006,-1.124695483392704
-0.40669999999999995,-1.1075774766643371
-0.40570000000000006,-1.0872056339462806
-0.40469999999999995,-1.0690973293080082
-0.40370000000000006,-1.0492913711098977
-0.40269999999999995,-1.0582040522990475
-0.40170000000000006,-1.06174083054871
-0.40069999999999995,-1.007274445503906
-0.39970000000000006,-1.0062841475940008
-0.39869999999999994,-0.9595986746984544
-0.39770000000000005,-0.9621451550382114
-0.39669999999999994,-0.9434709658799929
-0.39570000000000005,-0.930314150791248
-0.39469999999999994,-0.8996149155841769
-0.39370000000000005,-0.90555670304361
-0.39269999999999994,-0.8618421238777804
-0.39170000000000005,-0.850241491218887
-0.39069999999999994,-0.8459973573192919
-0.38970000000000005,-0.8370846761301421
-0.38869999999999993,-0.827181697031087
-0.38770000000000004,-0.8430264635895753
-0.38669999999999993,-0.7879941940248254
-0.38570000000000004,-0.7616805638473357
-0.38469999999999993,-0.7448454993789418
-0.38370000000000004,-0.733103395590062
-0.38269999999999993,-0.7213612918011821
-0.38170000000000004,-0.7721494274663371
-0.3806999999999999,-0.7986045287738132
-0.37970000000000004,-0.7357913470598055
-0.3786999999999999,-0.6722708096958655
-0.37770000000000004,-0.658123696697215
-0.3766999999999999,-0.6449668816084703
-0.37570000000000003,-0.6337906623395364
-0.3746999999999999,-0.6424204012687131
-0.37370000000000003,-0.6462401217783488
-0.3726999999999999,-0.6401568631889291
-0.37170000000000003,-0.597998466452951
-0.3706999999999999,-0.577202210344935
-0.36970000000000003,-0.5657430488160282
-0.3686999999999999,-0.562913626216298
-0.3677,-0.556405954236919
-0.3666999999999999,-0.5636209818662306
-0.3657,-0.53815617846866
-0.3646999999999999,-0.5329217466591593
-0.3637,-0.5166525667107114
-0.3626999999999999,-0.5148134420208869
-0.3617,-0.4964221951226413
-0.36070000000000013,-0.4941586570428573
-0.3597,-0.4760503524045848
-0.35870000000000013,-0.4713818051150302
-0.3577,-0.46473266200566454
-0.35670000000000013,-0.46798649799535413
-0.3557,-0.44888789544717617
-0.3547000000000001,-0.44733171301732455
-0.3537,-0.43587255148841775
-0.3527000000000001,-0.4280916393391601
-0.3517,-0.4160665932903073
-0.3507000000000001,-0.41323717069057725
-0.3497,-0.3915920878026421
-0.3487000000000001,-0.38437706017333045
-0.3477,-0.3795670417537893
-0.3467000000000001,-0.3734837831643697
-0.3457,-0.36810788022488256
-0.3447000000000001,-0.36541992875513896
-0.3437,-0.3548095940061512
-0.3427000000000001,-0.347453095246853
-0.3417,-0.3309009730384321
-0.3407000000000001,-0.326656839138837
-0.3397,-0.3146317930899841
-0.3387000000000001,-0.31576356212987616
-0.3377,-0.31052913032037555
-0.3367000000000001,-0.310670601450362
-0.3357,-0.3159050332598627
-0.3347000000000001,-0.29482583489187364
-0.3337,-0.27162456957408704
-0.3327000000000001,-0.2662486666345999
-0.3317,-0.2588921678753017
-0.3307000000000001,-0.2615801193450453
-0.3297,-0.2652583687246944
-0.3287000000000001,-0.2726148674839926
-0.3277,-0.2388032674172182
-0.3267000000000001,-0.23272000882779853
-0.3257,-0.22380732763864883
-0.3247000000000001,-0.21942172260906717
-0.3237,-0.21404581966958006
-0.3227000000000001,-0.20909433012005244
-0.3217,-0.20428431170051128
-0.3207000000000001,-0.19904987989101067
-0.3197,-0.19692781294121312
-0.3187000000000001,-0.1922592656516585
-0.3177,-0.18391246898245475
-0.3167000000000001,-0.18532718028231981
-0.3157,-0.17188742293360199
-0.3147000000000001,-0.16919947146385841
-0.3137,-0.16354062626439822
-0.3127000000000001,-0.1624088572245062
-0.3117,-0.16368209739438472
-0.3107000000000001,-0.15575971411514053
-0.3097,-0.15165705134553195
-0.3087000000000001,-0.1618429727045602
-0.3077,-0.15816472332491108
-0.3067000000000001,-0.15816472332491108
-0.30569999999999997,-0.14698850405597733
-0.3047000000000001,-0.12368820894720017
-0.30369999999999997,-0.11747762634079266
-0.3027000000000001,-0.11329008089319213
-0.30169999999999997,-0.11573753144195865
-0.3007000000000001,-0.11894892609265229
-0.29969999999999997,-0.11643073997889253
-0.2987000000000001,-0.10724926364276843
-0.29769999999999996,-0.10548087451793714
-0.2967000000000001,-0.09089520101632861
-0.29569999999999996,-0.09061225875635559
-0.2947000000000001,-0.0863681248567605
-0.29369999999999996,-0.08677839113372135
-0.29270000000000007,-0.0810346632562693
-0.29169999999999996,-0.07867209538549469
-0.29070000000000007,-0.07425819612991578
-0.28969999999999996,-0.0717117157901587
-0.28870000000000007,-0.06784955394152717
-0.28769999999999996,-0.06446839393484971
-0.28670000000000007,-0.053971236089851146
-0.28569999999999995,-0.04883583407134107
-0.28470000000000006,-0.04756259390146254
-0.28369999999999995,-0.04559614519465013
-0.28270000000000006,-0.04474731841473111
-0.28169999999999995,-0.04480390686672571
-0.28070000000000006,-0.038126469531362735
-0.27969999999999995,-0.034929221993667756
-0.27870000000000006,-0.02972308441016442
-0.27769999999999995,-0.029242082568210308
-0.27670000000000006,-0.02006060623208622
-0.27569999999999995,-0.019919135102099715
-0.27470000000000006,-0.017952686395287316
-0.27369999999999994,-0.013354874670725946
-0.27270000000000005,-0.009320118043510862
-0.27169999999999994,-0.007004235645631797
-0.27070000000000005,-0.005957349283731669
-0.26969999999999994,-0.0036259050615540887
-0.26870000000000005,0.0007844574157751628
-0.26769999999999994,0.004609129414960289
-0.26670000000000005,0.006632166573767292
-0.26569999999999994,0.01213114939634269
-0.26470000000000005,0.017443390327335904
-0.26369999999999993,0.02003231200608892
-0.26270000000000004,0.02006060623208622
-0.26169999999999993,0.021758259791924264
-0.26070000000000004,0.023866179628723165
-0.25969999999999993,0.027487840556377662
-0.25870000000000004,0.031067060145036202
-0.25769999999999993,0.035961961242569236
-0.25670000000000004,0.038706501164307405
-0.2556999999999999,0.0403051249331549
-0.25470000000000004,0.042639398577932204
-0.2536999999999999,0.04575176343763528
-0.25270000000000004,0.04744941699747333
-0.2516999999999999,0.051141813490121084
-0.25070000000000003,0.053575116925888934
-0.24969999999999992,0.05610745015264735
-0.24870000000000003,0.06086088012019387
-0.24769999999999992,0.06357712581593475
-0.24670000000000003,0.06592554657371072
-0.24569999999999992,0.06800517218451232
-0.24470000000000003,0.07008479779531392
-0.24369999999999992,0.07461187395488203
-0.24270000000000003,0.0756446132037835
-0.24169999999999991,0.07819109354354058
-0.24070000000000003,0.08181275447119508
-0.2396999999999999,0.08459973573192921
-0.23870000000000002,0.08738671699266332
-0.2376999999999999,0.09066884720835021
-0.23670000000000002,0.09215429407320849
-0.23570000000000013,0.09587498479185352
-0.23470000000000002,0.09744531433470371
-0.23370000000000013,0.1006142676464014
-0.23270000000000002,0.1044056939300397
-0.23170000000000013,0.10593358213389395
-0.23070000000000002,0.10823956155267396
-0.22970000000000013,0.11166316289834735
-0.22870000000000001,0.1138135240741422
-0.22770000000000012,0.11713809562882503
-0.2267,0.11928845680461989
-0.22570000000000012,0.12194811404836617
-0.2247,0.125272685603049
-0.22370000000000012,0.1278899015077993
-0.2227,0.13144082687046055
-0.22170000000000012,0.13378924762823652
-0.2207,0.13534543005808805
-0.21970000000000012,0.13793435173684107
-0.2187,0.14090524546655764
-0.21770000000000012,0.1435931969363012
-0.2167,0.14812027309586934
-0.2157000000000001,0.15193999360550495
-0.2147,0.154203531685289
-0.2137000000000001,0.15590118524512703
-0.2127,0.15943796349478964
-0.2117000000000001,0.16127708818461417
-0.2107,0.16325768400442522
-0.2097000000000001,0.1658041643441823
-0.2087,0.17018976937376393
-0.2077000000000001,0.1731606631034805
-0.2067,0.17599008570321056
-0.2057000000000001,0.1768389124831296
-0.2047,0.17966833508285968
-0.2037000000000001,0.1844783535024008
-0.2027,0.18815660288204988
-0.2017000000000001,0.19169338113171247
-0.2007,0.19381544808151
-0.1997000000000001,0.19579604390132105
-0.1987,0.19834252424107812
-0.1977000000000001,0.20513313848043033
-0.19669999999999999,0.2081040322101469
-0.1957000000000001,0.21121639706985
-0.19469999999999998,0.211782281589796
-0.1937000000000001,0.21503611757948557
-0.19269999999999998,0.21744112678925615
-0.1917000000000001,0.2202705493889862
-0.1907000000000001,0.22465615441856782
-0.1897000000000002,0.22918323057813594
-0.1887000000000001,0.23272000882779853
-0.1877000000000002,0.2365397293374341
-0.1867000000000001,0.23639825820744764
-0.1857000000000002,0.24134974775697526
-0.1847000000000001,0.24559388165657034
-0.1837000000000002,0.24700859295643537
-0.18270000000000008,0.24941360216620592
-0.1817000000000002,0.2537992071957876
-0.18070000000000008,0.2562042164055581
-0.1797000000000002,0.26356071516485635
-0.17870000000000008,0.2700683871442355
-0.1777000000000002,0.2738881076538711
-0.17670000000000008,0.2762931168636417
-0.1757000000000002,0.2803957796332503
-0.17470000000000008,0.2820934331930883
-0.1737000000000002,0.28364961562293983
-0.17270000000000008,0.289025518562427
-0.17170000000000019,0.29425995037192765
-0.17070000000000007,0.29878702653149575
-0.16970000000000018,0.30685088094072643
-0.16870000000000007,0.31151942823028106
-0.16770000000000018,0.31236825501020005
-0.16670000000000007,0.31378296631006514
-0.16570000000000018,0.31831004246963324
-0.16470000000000007,0.3246762433190259
-0.16370000000000018,0.3300521462585131
-0.16270000000000007,0.32976920399854004
-0.16170000000000018,0.33585246258795975
-0.16070000000000007,0.33811600066774383
-0.15970000000000018,0.34377484586720397
-0.15870000000000006,0.34830192202677207
-0.15770000000000017,0.35311194044631317
-0.15670000000000006,0.3587707856457733
-0.15570000000000017,0.36343933293532793
-0.15470000000000006,0.3655613998851255
-0.15370000000000017,0.3712202450845856
-0.15270000000000006,0.3760302635041267
-0.15170000000000017,0.38140616644361386
-0.15070000000000006,0.3881967806829661
-0.14970000000000017,0.3947044526623452
-0.14870000000000005,0.3978168175220483
-0.14770000000000016,0.404465960631414
-0.14670000000000005,0.4084271522710361
-0.14570000000000016,0.41352011295055024
-0.14470000000000005,0.4187545447600509
-0.14370000000000016,0.4276672259492006
-0.14270000000000005,0.4293648795090386
-0.14170000000000016,0.4350237247084988
-0.14070000000000005,0.43742873391826936
-0.13970000000000016,0.4491708377071491
-0.13870000000000005,0.4548296829066093
-0.13770000000000016,0.46077147036604243
-0.13670000000000004,0.46459119087567796
-0.13570000000000015,0.47053297833511115
-0.13470000000000004,0.4761918235345713
-0.13370000000000015,0.4757674101446118
-0.13270000000000004,0.4846800913337616
-0.13170000000000015,0.49387571478288433
-0.13070000000000004,0.5012322135421824
-0.12970000000000015,0.5027883959720341
-0.12870000000000004,0.518208749140563
-0.12770000000000015,0.5317899776192673
-0.12670000000000003,0.5282531993696047
-0.12570000000000014,0.5349023424789704
-0.12470000000000003,0.5374488228187275
-0.12370000000000014,0.5489079843476343
-0.12270000000000003,0.5626306839563251
-0.12170000000000014,0.5616403860464196
-0.12070000000000003,0.5678651157658258
-0.11970000000000014,0.5739483743552454
-0.11870000000000003,0.5873881317039633
-0.11770000000000014,0.5967252262830725
-0.11670000000000003,0.6006864179226945
-0.11570000000000014,0.6125699928415609
-0.11470000000000002,0.6223315008106296
-0.11370000000000013,0.6312441819997794
-0.11270000000000002,0.640722747708875
-0.11170000000000013,0.6439765836985646
-0.11070000000000024,0.6564260431373771
-0.10970000000000013,0.6629337151167561
-0.10870000000000024,0.6823152599249072
-0.10770000000000013,0.6804761352350827
-0.10670000000000024,0.6756661168155416
-0.10570000000000013,0.6847202691346778
-0.10470000000000024,0.7005650356931662
-0.10370000000000013,0.7190977537213982
-0.10270000000000024,0.7349425202798866
-0.10170000000000012,0.7380548851395896
-0.10070000000000023,0.7466846240687663
-0.09970000000000012,0.7485237487585908
-0.09870000000000023,0.7572949588177541
-0.09770000000000012,0.7704517739064989
-0.09670000000000023,0.7789400417056891
-0.09570000000000012,0.7882771362847985
-0.09470000000000023,0.8010095379835837
-0.09370000000000012,0.811761343862558
-0.09270000000000023,0.8203910827917348
-0.09170000000000011,0.8287378794609385
-0.09070000000000022,0.8437338192395079
-0.08970000000000011,0.8493926644389681
-0.08870000000000022,0.8676424402072269
-0.08770000000000011,0.8798089573860663
-0.08670000000000022,0.8888631097052027
-0.08570000000000011,0.8982002042843118
-0.08470000000000022,0.907537298863421
-0.08370000000000011,0.9209770562121388
-0.08270000000000022,0.9320118043510861
-0.0817000000000001,0.9397927165003438
-0.08070000000000022,0.9525251181991291
-0.0797000000000001,0.9683698847576176
-0.07870000000000021,0.9883173140857145
-0.0777000000000001,0.9968055818849048
-0.07670000000000021,1.0068500321139466
-0.0757000000000001,1.0198653760727048
-0.07470000000000021,1.0310415953416388
-0.0737000000000001,1.042076343480586
-0.07270000000000021,1.0519793225796414
-0.0717000000000001,1.0641458397584806
-0.07070000000000021,1.0733414632076033
-0.0697000000000001,1.0836688556966183
-0.0687000000000002,1.1000795067750526
-0.0677000000000001,1.1129533796038245
-0.0667000000000002,1.1241295988727582
-0.06570000000000009,1.1334666934518673
-0.0647000000000002,1.141247605601125
-0.06370000000000009,1.160912092669249
-0.0627000000000002,1.1685515336885204
-0.06170000000000009,1.1972701730757807
-0.0607000000000002,1.215661419974026
-0.059700000000000086,1.2295255907127036
-0.058700000000000196,1.2326379555724065
-0.057700000000000085,1.2346185513922174
-0.056700000000000195,1.2439556459713268
-0.05570000000000008,1.257253932190058
-0.05470000000000019,1.2624883639995588
-0.05370000000000008,1.294036425986549
-0.05270000000000019,1.3127106151447676
-0.05170000000000008,1.3480783976413935
-0.05070000000000019,1.3520395892810155
-0.04970000000000008,1.3486442821613394
-0.04870000000000019,1.3414292545320279
-0.047700000000000076,1.3531713583209075
-0.046700000000000186,1.3782117483285188
-0.045700000000000074,1.4021203692962378
-0.044700000000000184,1.41174040613532
-0.04370000000000007,1.427443701563822
-0.04270000000000018,1.4345172580631471
-0.04170000000000007,1.4302731241635522
-0.04070000000000018,1.4444202371622026
-0.03970000000000007,1.462811484060448
-0.03870000000000018,1.4769585970590984
-0.03770000000000007,1.4939351326574788
-0.03670000000000018,1.5038381117565338
-0.035700000000000065,1.5137410908555893
-0.034700000000000175,1.5250587812545096
-0.03370000000000006,1.5363764716534298
-0.03270000000000017,1.55052358465208
-0.03170000000000006,1.5731589654499207
-0.03070000000000017,1.584476655848841
-0.02970000000000006,1.5943796349478963
-0.02870000000000017,1.6014531914472214
-0.027700000000000058,1.614185593146007
-0.026700000000000168,1.6226738609451972
-0.025700000000000056,1.6339915513441174
-0.024700000000000166,1.643894530443173
-0.023700000000000054,1.658041643441823
-0.022700000000000164,1.660871066041553
-0.021700000000000053,1.6736034677403384
-0.020700000000000163,1.6863358694391237
-0.01970000000000005,1.6877505807389888
-0.01870000000000016,1.694824137238314
-0.01770000000000005,1.7033124050375041
-0.01670000000000016,1.7174595180361545
-0.015700000000000047,1.734436053634535
-0.014700000000000157,1.7443390327335901
-0.013700000000000045,1.7400948988339953
-0.012700000000000156,1.7485831666331852
-0.011700000000000044,1.7457537440334552
-0.010700000000000154,1.7485831666331852
-0.009700000000000042,1.769803836131161
-0.008700000000000152,1.7952686395287314
-0.00770000000000004,1.813659886426977
-0.00670000000000015,1.8207334429263025
-0.005700000000000038,1.813659886426977
-0.0047000000000001485,1.823562865526032
-0.0037000000000000366,1.8263922881257622
-0.0027000000000001467,1.8433688237241426
-0.0017000000000000348,1.850442380223468
-0.000700000000000145,1.8660042045219833
0.00029999999999996696,1.8603453593225232
0.0012999999999998568,1.8730777610213083
0.0022999999999999687,1.882980740120364
0.0032999999999998586,1.892883719219419
0.0042999999999999705,1.892883719219419
0.00529999999999986,1.8985425644188794
0.006299999999999972,1.9296662130159101
0.007299999999999862,1.9141043887173947
0.008299999999999974,1.9126896774175295
0.009299999999999864,1.9141043887173947
0.010299999999999976,1.9395691921149654
0.011299999999999866,1.9438133260145605
0.012299999999999978,1.9409839034148304
0.013299999999999867,1.7457537440334552
0.012299999999999978,1.5788178106493809
0.011299999999999866,1.4925204213576138
0.010299999999999976,1.4110330504853876
0.009299999999999864,1.3527469449309482
0.008299999999999974,1.2769184192581822
0.007299999999999862,1.2332038400923524
0.006299999999999972,1.1604876792792895
0.00529999999999986,1.1183292825433113
0.0042999999999999705,1.0474522464200733
0.0032999999999998586,1.0026058982143515
0.0022999999999999687,0.9584669056585623
0.0012999999999998568,0.9267773725415855
0.00029999999999996696,0.8874483984053376
-0.000700000000000145,0.8427435213296024
-0.0017000000000000348,0.8005851245936242
-0.0027000000000001467,0.7687541203466609
-0.0037000000000000366,0.7290007328204534
-0.0047000000000001485,0.7096191880123024
-0.005700000000000038,0.6770808281154066
-0.00670000000000015,0.6492110155080654
-0.00770000000000004,0.6190776648209401
-0.008700000000000152,0.5926225635134639
-0.009700000000000042,0.5678651157658258
-0.010700000000000154,0.5419758989782956
-0.011700000000000044,0.521038171740293
-0.012700000000000156,0.5006663290222364
-0.013700000000000045,0.47831389048436895
-0.014700000000000157,0.4541223272566768
-0.015700000000000047,0.4307795908089037
-0.01670000000000016,0.4164910066802668
-0.01770000000000005,0.3900359053727906
-0.01870000000000016,0.37716203254401875
-0.01970000000000005,0.3583463722558138
-0.020700000000000163,0.3432089613472579
-0.021700000000000053,0.3306180307784591
-0.022700000000000164,0.31505620647994365
-0.023700000000000054,0.2976552574916037
-0.024700000000000166,0.2781322415534663
-0.025700000000000056,0.2692195603643165
-0.026700000000000168,0.2562042164055581
-0.027700000000000058,0.24389622809673234
-0.02870000000000017,0.22536351006850036
-0.02970000000000006,0.20923580125003893
-0.03070000000000017,0.19777663972113213
-0.03170000000000006,0.18660042045219835
-0.03270000000000017,0.17499978779330505
-0.03370000000000006,0.1629747417444522
-0.034700000000000175,0.15646706976507307
-0.035700000000000065,0.14628114840604478
-0.03670000000000018,0.1333931284642743
-0.03770000000000007,0.12217446785634459
-0.03870000000000018,0.11204513494931091
-0.03970000000000007,0.1023826567712327
-0.04070000000000018,0.09504030512493315
-0.04170000000000007,0.0868774209247119
-0.04270000000000018,0.07616805638473358
-0.04370000000000007,0.06618019460768641
-0.044700000000000184,0.05626306839563251
-0.045700000000000074,0.04935927725229113
-0.046700000000000186,0.039597769283222374
-0.047700000000000076,0.031052913032037555
-0.04870000000000019,0.023371030673770405
-0.04970000000000008,0.015165705134553195
-0.05070000000000019,0.007847403580351358
-0.05170000000000008,0.00012841334468874938
-0.05270000000000019,-0.008301525907608036
-0.05370000000000008,-0.014840321535584235
-0.05470000000000019,-0.023073941300798748
-0.05570000000000008,-0.03000602667013743
-0.056700000000000195,-0.03695225915247476
-0.057700000000000085,-0.043870197408814794
-0.058700000000000196,-0.0501656626932142
-0.059700000000000086,-0.057479720113516444
-0.0607000000000002,-0.06485036598581327
-0.06170000000000009,-0.07096191880123023
-0.0627000000000002,-0.07705932450364854
-0.06370000000000009,-0.08138834108123556
-0.0647000000000002,-0.08919754745649056
-0.06570000000000009,-0.09593157324384814
-0.0667000000000002,-0.10222703852824755
-0.0677000000000001,-0.10756050012873873
-0.0687000000000002,-0.1139549952041287
-0.0697000000000001,-0.11937333948261179
-0.07070000000000021,-0.12624883639995585
-0.0717000000000001,-0.1314832682094565
-0.07270000000000021,-0.13671770001895714
-0.0737000000000001,-0.1434517258063147
-0.07470000000000021,-0.14826174422585583
-0.0757000000000001,-0.15377911829532948
-0.07670000000000021,-0.15731589654499206
-0.0777000000000001,-0.16467239530429026
-0.07870000000000021,-0.1666529911241013
-0.0797000000000001,-0.1734436053634535
-0.08070000000000022,-0.18136598864269768
-0.0817000000000001,-0.18744924723211737
-0.08270000000000022,-0.19155191000172597
-0.08370000000000011,-0.1966448706812401
-0.08470000000000022,-0.2008890045808352
-0.08570000000000011,-0.2044257828304978
-0.08670000000000022,-0.21107492593986346
-0.08770000000000011,-0.21843142469916169
-0.08870000000000022,-0.2228170297287433
-0.08970000000000011,-0.22960764396809544
-0.09070000000000022,-0.231729710917893
-0.09170000000000011,-0.23710561385738013
-0.09270000000000023,-0.24304740131681332
-0.09370000000000012,-0.2477159486063679
-0.09470000000000023,-0.2540821494557606
-0.09570000000000012,-0.2581848122253692
-0.09670000000000023,-0.2618630616050183
-0.09770000000000012,-0.26738043567449193
-0.09870000000000023,-0.27105868505414105
-0.09970000000000012,-0.27558576121370915
-0.10070000000000023,-0.2809616641531963
-0.10170000000000012,-0.28633756709268343
-0.10270000000000024,-0.29199641229214357
-0.10370000000000013,-0.2973723152316307
-0.10470000000000024,-0.3024652759111448
-0.10570000000000013,-0.3061435252907939
-0.10670000000000024,-0.30897294789052404
-0.10770000000000013,-0.3156220909998897
-0.10870000000000024,-0.3222712341092553
-0.10970000000000013,-0.326656839138837
-0.11070000000000024,-0.3313253864283916
-0.11170000000000013,-0.33655981823789227
-0.11270000000000002,-0.3419357211773794
-0.11370000000000013,-0.3450480860370824
-0.11470000000000002,-0.347736037506826
-0.11570000000000014,-0.3533948827062862
-0.11670000000000003,-0.36273197728539536
-0.11770000000000014,-0.36796640909489603
-0.11870000000000003,-0.37362525429435617
-0.11970000000000014,-0.37588879237414025
-0.12070000000000003,-0.3829623488734654
-0.12170000000000014,-0.3872064827730605
-0.12270000000000003,-0.38833825181295256
-0.12370000000000014,-0.3945629815323587
-0.12470000000000003,-0.4010706535117379
-0.12570000000000014,-0.406446556451225
-0.12670000000000003,-0.41352011295055024
-0.12770000000000015,-0.41719836233019936
-0.12870000000000004,-0.42031072718990237
-0.12970000000000015,-0.4280916393391601
-0.13070000000000004,-0.4323357732387552
-0.13170000000000015,-0.4378531473082289
-0.13270000000000004,-0.443794934767662
-0.13370000000000015,-0.44973672222709515
-0.13470000000000004,-0.4542637983866633
-0.13570000000000015,-0.45610292307648787
-0.13670000000000004,-0.46459119087567796
-0.13770000000000016,-0.4747771122347063
-0.13870000000000005,-0.4832653800338965
-0.13970000000000016,-0.48552891811368054
-0.14070000000000005,-0.49033893653322164
-0.14170000000000016,-0.4971295507725738
-0.14270000000000005,-0.5006663290222364
-0.14370000000000016,-0.5074569432615886
-0.14470000000000005,-0.5142475575009409
-0.14570000000000016,-0.5200478738303875
-0.14670000000000005,-0.5242920077299826
-0.14770000000000016,-0.5309411508393483
-0.14870000000000005,-0.53815617846866
-0.14970000000000017,-0.5416929567183226
-0.15070000000000006,-0.5476347441777557
-0.15170000000000017,-0.5549912429370539
-0.15270000000000006,-0.5624892128263386
-0.15370000000000017,-0.5687139425457448
-0.15470000000000006,-0.5722507207954074
-0.15570000000000017,-0.5759289701750565
-0.15670000000000006,-0.5854075358841522
-0.15770000000000017,-0.5900760831737067
-0.15870000000000006,-0.5977155241929779
-0.15970000000000018,-0.6053549652122492
-0.16070000000000007,-0.6093161568518712
-0.16170000000000018,-0.6115796949316553
-0.16270000000000007,-0.6253023945403461
-0.16370000000000018,-0.6371859694592126
-0.16470000000000007,-0.6441180548285511
-0.16570000000000018,-0.6479377753381867
-0.16670000000000007,-0.6547283895775389
-0.16770000000000018,-0.657840754437242
-0.16870000000000007,-0.6653387243265267
-0.16970000000000018,-0.672129338565879
-0.17070000000000007,-0.6807590774950557
-0.17170000000000019,-0.6862764515645293
-0.17270000000000008,-0.694623248233733
-0.1737000000000002,-0.7011309202131122
-0.17470000000000008,-0.7063653520226129
-0.1757000000000002,-0.710892428182181
-0.17670000000000008,-0.7188148114614252
-0.1777000000000002,-0.7256054257007774
-0.17870000000000008,-0.729991030730359
-0.1797000000000002,-0.7415916633892523
-0.18070000000000008,-0.7496555177984829
-0.1817000000000002,-0.7563046609078485
-0.18270000000000008,-0.7628123328872277
-0.1837000000000002,-0.774978850066067
-0.1847000000000001,-0.7833256467352708
-0.1857000000000002,-0.7864380115949738
-0.1867000000000001,-0.794643337134191
-0.1877000000000002,-0.8028486626734083
-0.1887000000000001,-0.8106295748226661
-0.1897000000000002,-0.8140248819423421
-0.1907000000000001,-0.8164298911521127
-0.1917000000000001,-0.8314258309306821
-0.19269999999999998,-0.8409043966397778
-0.1937000000000001,-0.8539197405985361
-0.19469999999999998,-0.8646715464775104
-0.1957000000000001,-0.8768380636563498
-0.19669999999999999,-0.8795260151260933
-0.1977000000000001,-0.8832042645057423
-0.1987,-0.8765551213963767
-0.1997000000000001,-0.8839116201556749
-0.2007,-0.8929657724748112
-0.2017000000000001,-0.909800836943205
-0.2027,-0.92295765203195
-0.2037000000000001,-0.9325776888710322
-0.2047,-0.9358315248607216
-0.2057000000000001,-0.9444612637898985
-0.2067,-0.9498371667293856
-0.2077000000000001,-0.9546471851489268
-0.2087,-0.9649745776379416
-0.2097000000000001,-0.9743116722170507
-0.2107,-0.9806778730664433
-0.2117000000000001,-0.9883173140857145
-0.2127,-0.9959567551049858
-0.2137000000000001,-1.006142676464014
-0.2147,-1.0105282814935956
-0.2157000000000001,-1.0292024706518144
-0.2167,-1.0323148355115173
-0.21770000000000012,-1.0468863619001272
-0.2187,-1.0460375351202083
-0.21970000000000012,-1.0563649276092228
-0.2207,-1.0640043686284941
-0.22170000000000012,-1.072492636427684
-0.2227,-1.0773026548472253
-0.22370000000000012,-1.0815467887468206
-0.2247,-1.0887618163761321
-0.22570000000000012,-1.0932888925357005
-0.2267,-1.097391555305309
-0.22770000000000012,-1.104182169544661
-0.22870000000000001,-1.107294534404364
-0.22970000000000013,-1.112811908473838
-0.23070000000000002,-1.1183292825433113
-0.23170000000000013,-1.1229978298328662
-0.23270000000000002,-1.1320519821520023
-0.23370000000000013,-1.1394084809113005
-0.23470000000000002,-1.1453502683707337
-0.23570000000000013,-1.1470479219305718
-0.23670000000000002,-1.151857940350113
-0.2376999999999999,-1.152140882610086
-0.23870000000000002,-1.1602047370193165
-0.2396999999999999,-1.1650147554388575
-0.24070000000000003,-1.1798692240874404
-0.24169999999999991,-1.1773227437476836
-0.24270000000000003,-1.1747762634079266
-0.24369999999999992,-1.175766561317832
-0.24470000000000003,-1.1887819052765902
-0.24569999999999992,-1.1858110115468736
-0.24670000000000003,-1.1838304157270627
-0.24769999999999992,-1.1880745496266578
-0.24870000000000003,-1.178030099397616
-0.24969999999999992,-1.1887819052765902
-0.25070000000000003,-1.1978360575957268
-0.2516999999999999,-1.2025046048852812
-0.25270000000000004,-1.1955725195159426
-0.2536999999999999,-1.1907625010964016
-0.25470000000000004,-1.192318683526253
-0.2556999999999999,-1.1893477897965363
-0.25670000000000004,-1.1961384040358884
-0.25769999999999993,-1.191752799006307
-0.25870000000000004,-1.1906210299664148
-0.25969999999999993,-1.1884989630166172
-0.26070000000000004,-1.1843963002470088
-0.26169999999999993,-1.178030099397616
-0.26270000000000004,-1.1778886282676295
-0.26369999999999993,-1.176332445837778
-0.26470000000000005,-1.1733615521080614
-0.26569999999999994,-1.1689759470784797
-0.26670000000000005,-1.169824773858399
-0.26769999999999994,-1.1638829863989655
-0.26870000000000005,-1.1589314968494382
-0.26969999999999994,-1.1556776608597483
-0.27070000000000005,-1.1542629495598833
-0.27169999999999994,-1.1501602867902747
-0.27270000000000005,-1.1452087972407472
-0.27369999999999994,-1.137852298481449
-0.27470000000000006,-1.1337496357118404
-0.27569999999999995,-1.117621926893379
-0.27670000000000006,-1.1163486867235004
-0.27769999999999995,-1.115358388813595
-0.27870000000000006,-1.1177633980233654
-0.27969999999999995,-1.1146510331636623
-0.28070000000000006,-1.1129533796038245
-0.28169999999999995,-1.102767458244796
-0.28270000000000006,-1.0956939017454708
-0.28369999999999995,-1.0904594699359704
-0.28470000000000006,-1.0852250381264696
-0.28569999999999995,-1.0864982782963482
-0.28670000000000007,-1.080556490836915
-0.28769999999999996,-1.0716438096477652
-0.28870000000000007,-1.0641458397584806
-0.28969999999999996,-1.0603261192488451
-0.29070000000000007,-1.0545258029193985
-0.29169999999999996,-1.051837851449655
-0.29270000000000007,-1.0391054497508694
-0.29369999999999996,-1.0324563066415038
-0.2947000000000001,-1.0316074798615846
-0.29569999999999996,-1.026373048052084
-0.2967000000000001,-1.027504817091976
-0.29769999999999996,-1.038963978620883
-0.2987000000000001,-1.037549267321018
-0.29969999999999997,-1.025807163532138
-0.3007000000000001,-1.0146309442632042
-0.30169999999999997,-1.0163285978230423
-0.3027000000000001,-1.0129332907033664
-0.30369999999999997,-1.0035961961242568
-0.3047000000000001,-1.005859734204041
-0.30569999999999997,-1.0060012053340277
-0.3067000000000001,-1.0024644270843648
-0.3077,-0.9989276488347025
-0.3087000000000001,-0.9969470530148913
-0.3097,-0.9948249860650937
-0.3107000000000001,-0.9941176304151613
-0.3117,-0.9952493994550534
-0.3127000000000001,-0.9844975935760791
-0.3137,-0.9888831986056607
-0.3147000000000001,-0.9918540923353774
-0.3157,-0.9897320253855796
-0.3167000000000001,-0.9835072956661735
-0.3177,-0.9823755266262814
-0.3187000000000001,-0.9791216906365918
-0.3197,-0.9852049492260115
-0.3207000000000001,-0.9812437575863894
-0.3217,-0.9786972772466322
-0.3227000000000001,-0.9917126212053906
-0.3237,-0.9942591015451476
-0.3247000000000001,-0.9919955634653637
-0.3257,-0.9890246697356472
-0.3267000000000001,-0.9881758429557282
-0.3277,-0.9886002563456876
-0.3287000000000001,-0.9893076119956202
-0.3297,-0.9825169977562679
-0.3307000000000001,-0.9863367182659035
-0.3317,-0.9869026027858494
-0.3327000000000001,-0.9985032354447428
-0.3337,-1.002181484824392
-0.3347000000000001,-0.9960982262349724
-0.3357,-0.9883173140857145
-0.3367000000000001,-0.9915711500754043
-0.3377,-0.9993520622246619
-0.3387000000000001,-1.003313253864284
-0.3397,-1.0035961961242568
-0.3407000000000001,-1.0092550413237171
-0.3417,-1.0250998078822056
-0.3427000000000001,-1.037549267321018
-0.3437,-1.042359285740559
-0.3447000000000001,-1.0456131217302487
-0.3457,-1.0542428606594254
-0.3467000000000001,-1.0542428606594254
-0.3477,-1.0579211100390744
-0.3487000000000001,-1.0635799552385345
-0.3497,-1.068107031398103
-0.3507000000000001,-1.074331761117509
-0.3517,-1.0856494515164292
-0.3527000000000001,-1.0904594699359704
-0.3537,-1.0975330264352956
-0.3547000000000001,-1.1060212942344858
-0.3557,-1.1232807720928393
-0.35670000000000013,-1.1259687235625826
-0.3577,-1.1435111436809091
-0.35870000000000013,-1.1452087972407472
-0.3597,-1.140398778821206
-0.36070000000000013,-1.1614779771891952
-0.3617,-1.1880745496266578
-0.3626999999999999,-1.1882160207566443
-0.3637,-1.2084463923447144
-0.3646999999999999,-1.2081634500847414
-0.3657,-1.2160858333639855
-0.3666999999999999,-1.2245741011631757
-0.3677,-1.2365991472120288
-0.3686999999999999,-1.2607907104397207
-0.36970000000000003,-1.2759281213482767
-0.3706999999999999,-1.2852652159273859
-0.37170000000000003,-1.2988464444060903
-0.3726999999999999,-1.316813277914376
-0.37370000000000003,-1.3227550653738094
-0.3746999999999999,-1.3429854369618792
-0.37570000000000003,-1.3565666654405837
-0.3766999999999999,-1.3806167575382893
-0.37770000000000004,-1.389529438727439
-0.3786999999999999,-1.4113159927453605
-0.37970000000000004,-1.423199567664227
-0.3806999999999999,-1.4472496597619326
-0.38170000000000004,-1.4585673501608527
-0.38269999999999993,-1.4868615761581534
-0.38370000000000004,-1.5208146473549145
-0.38469999999999993,-1.5193999360550492
-0.38570000000000004,-1.5278882038542394
-0.38669999999999993,-1.5519382959519452
-0.38770000000000004,-1.5703295428501907
-0.38869999999999993,-1.6156003044458718
-0.38970000000000005,-1.6495533756426328
-0.39069999999999994,-1.6721887564404734
-0.39170000000000005,-1.6665299112410132
-0.39269999999999994,-1.6792623129397986
-0.39370000000000005,-1.6976535598380442
-0.39469999999999994,-1.7301919197349398
-0.39570000000000005,-1.7528273005327806
-0.39669999999999994,-1.781121526530081
-0.39770000000000005,-1.8164893090267071
-0.39869999999999994,-1.849027668923603
-0.39970000000000006,-1.8660042045219833
-0.40069999999999995,-1.882980740120364
-0.40170000000000006,-1.9042014096183393
-0.40269999999999995,-1.9381544808151003
-0.40370000000000006,-1.9848399537106465
-0.40469999999999995,-2.0103047571082175
-0.40570000000000006,-2.052746096104168
-0.40669999999999995,-2.076796188201874
-0.40770000000000006,-2.1079198367989047
-0.40869999999999995,-2.124896372397285
-0.40970000000000006,-2.150361175794856
-0.41069999999999995,-2.184314246991617
-0.41170000000000007,-2.2338291424868926
-0.41269999999999996,-2.272026347583249
-0.41370000000000007,-2.321541243078525
-0.41469999999999996,-2.348420757775961
-0.41570000000000007,-2.3696414272739363
-0.41669999999999996,-2.4290593018682682
-0.41770000000000007,-2.467256506964624
-0.41869999999999996,-2.472915352164084
-0.4197000000000001,-2.509697845960575
-0.42069999999999996,-2.5634568753554463
-0.4217000000000001,-2.6384365742482934
-0.42269999999999996,-2.670974934145189
-0.4237000000000001,-2.7219045409403306
-0.42469999999999997,-2.7629311686364164
-0.4257000000000001,-2.8067872189322327
-0.42669999999999997,-2.842155001428859
-0.4277000000000001,-2.8817669178250793
-0.42869999999999997,-2.89025518562427
-0.4297000000000001,-2.975137863616172
-0.43069999999999997,-3.0274821817111786
-0.4317000000000001,-3.069923520707129
-0.4327,-3.120853127502271
-0.4337000000000001,-3.1760268681970074
-0.4347,-3.2241270523924186
-0.4357000000000001,-3.279300793087155
-0.4367,-3.3274009772825663
-0.4377000000000001,-3.3882335631767626
-0.4387,-3.450480860370824
-0.4397000000000001,-3.505654601065561
-0.4407,-3.552340073961107
-0.4417000000000001,-3.6244903502542236
-0.4427,-3.65985813275085
-0.4437000000000001,-3.7192760073451816
-0.4447,-3.7249348525446417
-0.4457000000000001,-3.7900115723384333
-0.4467,-3.918750300626152
-0.4477000000000001,-4.006462401217783
-0.4487,-4.05314787411333
-0.4497000000000001,-4.106906903508202
-0.4507,-4.136615840805367
-0.4517000000000001,-4.215839673597809
-0.4527,-4.304966485489307
-0.4537000000000001,-4.358725514884178
-0.4547,-4.40965512167932
-0.4557000000000001,-4.532735004767577
-0.4567,-4.61478826015975
-0.4577000000000001,-4.689767959052596
-0.4587,-4.733624009348413
-0.4597000000000001,-4.7803094822439585
-0.4607,-4.839727356838291
-0.4617000000000001,-4.935927725229114
-0.4627,-5.01373684672169
-0.4637000000000001,-5.091545968214268
-0.4647,-5.190575759204819
-0.4657000000000001,-5.2655554580976665
-0.4667,-5.351852847389433
-0.4677000000000001,-5.436735525381336
-0.4687,-5.511715224274183
-0.4697000000000001,-5.593768479666355
-0.4707,-5.689968848057178
-0.4717000000000001,-5.80314575204638
-0.4727,-5.897931409137338
-0.4737000000000001,-6.004034756627216
-0.4747,-6.0917468572188485
-0.4757000000000001,-6.17945895781048
-0.4767,-6.282732882700628
-0.4777000000000001,-6.371859694592125
-0.4787,-6.483621887281464
-0.4797000000000001,-6.578407544372421
-0.4807,-6.690169737061758
-0.48170000000000013,-6.784955394152716
-0.4827,-6.898132298141919
-0.48370000000000013,-7.004235645631797
-0.4847,-7.1089242818218095
-0.48570000000000013,-7.224930608410742
-0.4867,-7.342351646299541
-0.4876999999999999,-7.452699127689013
-0.4887,-7.565876031678216
-0.4896999999999999,-7.677638224367555
-0.4907,-7.7851562831572965
-0.4916999999999999,-7.9082361662455565
-0.4927,-8.035560183233407
-0.4936999999999999,-8.140248819423421
-0.49470000000000003,-8.264743413811544
-0.4956999999999999,-8.369432050001556
-0.49670000000000003,-8.522220870386981
-0.4976999999999999,-8.624080083977264
-0.49870000000000003,-8.730183431467141
-0.4996999999999999,-8.826383799857965
-0.5007,-8.950878394246088
-0.5016999999999999,-9.09234952423259
-0.5027,-9.257870746316799
-0.5036999999999999,-9.369632939006138
-0.5047,-9.515348202892236
-0.5056999999999999,-9.639842797280359
-0.5067,-9.745946144770238
-0.5076999999999999,-9.876099584357823
-0.5087,-10.074159166338926
-0.5096999999999999,-10.217045007625295
-0.5107,-10.381151518409638
-0.5116999999999999,-10.509890246697358
-0.5127,-10.673996757481701
-0.5136999999999999,-10.775855971071984
-0.5147,-10.901765276759972
-0.5156999999999999,-11.058798231044992
-0.5167,-11.20451349493109
-0.5176999999999999,-11.348814047517324
-0.5187,-11.525652960000453
-0.5196999999999999,-11.733615521080614
-0.5207,-11.865183671968062
-0.5216999999999999,-12.023631337552947
-0.5227,-12.19905553873621
-0.5236999999999999,-12.36174733822069
-0.5247,-12.520195003805576
-0.5257,-12.687130937189648
-0.5267000000000001,-12.882361096571024
-0.5277,-13.059200009054155
-0.5287000000000001,-13.286968528332425
-0.5297,-13.477954553814206
-0.5307000000000001,-13.725529031290584
-0.5317,-13.908026788973176
-0.5327000000000001,-14.050912630259544
-0.5337,-14.274437015638219
-0.5347000000000001,-14.444202371622024
-0.5357,-14.585673501608527
-0.5367000000000001,-14.797880196588284
-0.5377,-14.911057100577487
-0.5387000000000001,-15.080822456561293
-0.5397,-15.321323377538347
-0.5407000000000001,-15.547677185516752
-0.5417,-15.731589654499205
-0.5427000000000001,-15.87306078448571
-0.5437,-16.04282614046952
-0.5447000000000001,-16.24088572245062
-0.5457,-16.453092417430376
-0.5467000000000001,-16.792623129397985
-0.5477,-16.93409425938449
-0.5487000000000001,-17.160448067362896
-0.5497,-17.34436053634535
-0.5507000000000001,-17.584861457322408
-0.5517,-17.76877392630486
-0.5527000000000001,-17.980980621284615
-0.5537,-18.221481542261674
-0.5547000000000001,-18.362952672248177
-0.5557,-18.617600706223882
-0.5567000000000001,-18.829807401203638
-0.5577,-19.056161209182044
-0.5587000000000001,-19.28251501716045
-0.5597,-19.49472171214021
-0.5607000000000001,-19.70692840711996
-0.5617,-19.947429328097016
-0.5627000000000001,-20.202077362072725
-0.5637,-20.414284057052477
-0.5647000000000001,-20.640637865030882
-0.5657,-20.90943301200524
-0.5667000000000001,-21.13578681998365
-0.5677,-21.362140627962056
-0.5687000000000001,-21.58849443594046
-0.5697,-21.828995356917517
-0.5707000000000001,-22.055349164895922
-0.5717,-22.295850085872978
-0.5727000000000001,-22.536351006850033
-0.5737,-22.790999040825742
-0.5747000000000001,-23.059794187800097
-0.5757,-23.272000882779853
-0.5767000000000001,-23.55494314275286
-0.5777,-23.781296950731264
-0.5787000000000001,-24.064239210704276
-0.5797,-24.33303435767863
-0.5807000000000001,-24.488652600663784
-0.5817,-24.785741973635442
-0.5827000000000001,-25.026242894612498
-0.5837,-25.266743815589557
-0.5847000000000001,-25.648715866553115
-0.5857,-25.974099465522073
-0.5867000000000001,-26.18630616050183
-0.5877,-26.426807081478888
-0.5887000000000001,-26.738043567449193
-0.5897,-27.035132940420848
-0.5907000000000001,-27.31807520039386
-0.5917,-27.58687034736821
-0.5927000000000001,-27.756635703352025
-0.5937,-28.011283737327723
-0.5947000000000001,-28.19519620631018
-0.5957,-28.478138466283188
-0.5967000000000001,-28.789374952253496
-0.5977,-29.114758551222454
-0.5987000000000001,-29.29867102020491
-0.5997,-29.567466167179266
-0.6007000000000001,-29.822114201154974
-0.6017,-30.09090934812933
-0.6027000000000001,-30.402145834099635
-0.6037,-30.79826499806185
-0.6047000000000001,-30.939736128048356
-0.6057,-31.19438416202406
-0.6067000000000001,-31.54806198699032
-0.6077,-31.816857133964678
-0.6087000000000001,-32.11394650693633
-0.6097,-32.52421278389719
-0.6107000000000001,-32.821302156868846
-0.6117,-33.06180307784591
-0.6126999999999999,-33.358892450817564
-0.6137,-33.51451069380272
-0.6146999999999999,-33.755011614779775
-0.6157,-34.10868943974604
-0.6166999999999999,-34.12283655274469
-0.6177,-34.06624810075008
-0.6186999999999999,-34.5755441687015
-0.6197,-34.8018979766799
-0.6206999999999999,-35.04239889765696
-0.6217,-35.183870027643465
-0.6226999999999999,-35.49510651361377
-0.6237,-35.79219588658543
-0.6246999999999999,-36.17416793754898
-0.6257,-36.40052174552739
-0.6266999999999999,-36.61272844050715
-0.6277,-36.8249351354869
-0.6286999999999999,-37.164465847454515
-0.6297,-37.34837831643697
-0.6306999999999999,-37.77279170639648
-0.6317,-37.82938015839108
-0.6326999999999999,-38.06988107936814
-0.6337,-38.32452911334384
-0.6346999999999999,-38.692354051308754
-0.6357,-39.229944345257465
-0.6366999999999999,-39.229944345257465
-0.6377,-39.45629815323587
-0.6386999999999999,-40.07877112517649
-0.6397,-40.135359577171094
-0.6406999999999999,-40.234389368161644
-0.6417,-40.602214306126555
-0.6426999999999999,-41.139804600075266
-0.6437,-41.649100668026676
-0.6446999999999999,-41.57836510303343
-0.6457,-41.91789581500104
-0.6466999999999999,-42.14424962297944
-0.6477,-42.526221673943
-0.6486999999999999,-43.120400419886316
-0.6497,-43.36090134086337
-0.6507,-43.544813809845834
-0.6517000000000001,-43.657990713835034
-0.6527,-43.657990713835034
-0.6537000000000001,-43.88434452181344
-0.6547,-43.27601866287147
-0.6557000000000001,-43.474078244852585
-0.6567,-43.96922719980534
-0.6577000000000001,-44.25216945977835
-0.6587,-44.67658284973786
-0.6597000000000001,-45.00196644870681
-0.6607,-45.31320293467712
-0.6617000000000001,-45.553703855654184
-0.6627,-45.86494034162449
-0.6637000000000001,-46.43082486157051
-0.6647,-46.77035557353811
-0.6657000000000001,-47.10988628550572
-0.6667,-47.19476896349763
-0.6677000000000001,-47.67577080545174
-0.6687,-47.81724193543825
-0.6697000000000001,-48.18506687340315
-0.6707,-48.2840966643937
-0.6717000000000001,-48.79339273234511
-0.6727,-49.062187879319474
-0.6737000000000001,-49.34513013929248
-0.6747,-50.094927128220945
-0.6757000000000001,-50.20810403221015
-0.6767,-50.40616361419126
-0.6777000000000001,-50.97204813413727
-0.6787,-51.43890286309273
-0.6797000000000001,-51.594521106077885
-0.6807,-51.82087491405629
-0.6817000000000001,-52.08967006103065
-0.6827,-52.55652478998611
-0.6837000000000001,-53.23558621392132
-0.6847,-53.46194002189973
-0.6857000000000001,-53.64585249088219
-0.6867,-54.84835709576747
-0.6857000000000001,-54.22588412382685
-0.6847,-53.68829382987814
-0.6837000000000001,-52.938496840949675
-0.6827,-52.42920077299826
-0.6817000000000001,-52.132111400026595
-0.6807,-51.77843357506035
-0.6797000000000001,-51.73599223606439
-0.6787,-50.74569432615886
-0.6777000000000001,-50.0807800152223
-0.6767,-49.41586570428573
-0.6757000000000001,-48.86412829733837
-0.6747,-48.38312645538425
-0.6737000000000001,-48.2840966643937
-0.6727,-47.972860178423396
-0.6717000000000001,-46.99670938151652
-0.6707,-46.85523825153001
-0.6697000000000001,-46.68547289554621
-0.6687,-45.82249900262854
-0.6677000000000001,-45.18587891768927
-0.6667,-44.506817493754056
-0.6657000000000001,-43.91263874781074
-0.6647,-43.61554937483908
-0.6637000000000001,-43.24772443687417
-0.6627,-42.752575481921404
-0.6617000000000001,-42.42719188295245
-0.6607,-42.115955396982145
-0.6597000000000001,-41.79057179801318
-0.6587,-41.196393052069865
-0.6577000000000001,-40.814421001106304
-0.6567,-40.94174501809416
-0.6557000000000001,-40.65880275812115
-0.6547,-39.88071154319538
-0.6537000000000001,-39.44215104023723
-0.6527,-39.20165011926017
-0.6517000000000001,-38.6499127123128
-0.6507,-38.253793548350586
-0.6497,-37.801085932393775
-0.6486999999999999,-37.27764275144372
-0.6477,-36.98055337847206
-0.6466999999999999,-36.5985813275085
-0.6457,-36.37222751953009
-0.6446999999999999,-36.08928525955708
-0.6437,-35.664871869597576
-0.6426999999999999,-35.268752705635364
-0.6417,-34.81604508967855
-0.6406999999999999,-34.34919036072309
-0.6397,-33.99551253575683
-0.6386999999999999,-33.50036358080407
-0.6377,-33.14668575583781
-0.6366999999999999,-32.7788608178729
-0.6357,-32.439330105905285
-0.6346999999999999,-32.14224073293363
-0.6337,-31.901739811956578
-0.6326999999999999,-31.505620647994366
-0.6317,-31.095354371033505
-0.6306999999999999,-30.741676546067247
-0.6297,-30.444587173095588
-0.6286999999999999,-29.581613280177915
-0.6277,-28.15275486731423
-0.6266999999999999,-27.728341477354718
-0.6257,-27.38881076538711
-0.6246999999999999,-27.0209858274222
-0.6237,-26.752190680447846
-0.6226999999999999,-26.483395533473487
-0.6217,-26.568278211465387
-0.6206999999999999,-26.22874749949778
-0.6197,-25.875069674531517
-0.6186999999999999,-25.549686075562565
-0.6177,-25.18186113759765
-0.6166999999999999,-24.870624651627345
-0.6157,-24.545241052658387
-0.6146999999999999,-24.20571034069078
-0.6137,-23.908620967719123
-0.6126999999999999,-23.639825820744765
-0.6117,-23.342736447773106
-0.6107000000000001,-22.974911509808198
-0.6097,-22.67782213683654
-0.6087000000000001,-22.437321215859484
-0.6077,-22.15437895588647
-0.6067000000000001,-21.843142469916167
-0.6057,-21.51775887094721
-0.6047000000000001,-21.291405062968803
-0.6037,-20.980168576998494
-0.6027000000000001,-20.683079204026836
-0.6017,-20.44257828304978
-0.6007000000000001,-20.14548891007812
-0.5997,-19.876693763103766
-0.5987000000000001,-19.622045729128057
-0.5977,-19.49472171214021
-0.5967000000000001,-19.1834852261699
-0.5957,-18.91469007919554
-0.5947000000000001,-18.631747819222536
-0.5937,-18.391246898245473
-0.5927000000000001,-18.15074597726842
-0.5917,-17.938539282288666
-0.5907000000000001,-17.655597022315657
-0.5897,-17.386801875341302
-0.5887000000000001,-17.132153841365596
-0.5877,-16.849211581392588
-0.5867000000000001,-16.637004886412832
-0.5857,-16.396503965435777
-0.5847000000000001,-16.141855931460068
-0.5837,-15.929649236480316
-0.5827000000000001,-15.689148315503255
-0.5817,-15.462794507524851
-0.5807000000000001,-15.236440699546446
-0.5797,-14.98179266557074
-0.5787000000000001,-14.783733083589633
-0.5777,-14.57152638860988
-0.5767000000000001,-14.359319693630123
-0.5757,-14.140039442151041
-0.5747000000000001,-13.927832747171284
-0.5737,-13.709967206992069
-0.5727000000000001,-13.520395892810155
-0.5717,-13.31101862043013
-0.5707000000000001,-13.08890894635132
-0.5697,-12.871043406172104
-0.5687000000000001,-12.715425163186948
-0.5677,-12.647519020793428
-0.5667000000000001,-12.320720710524604
-0.5657,-12.11134343814458
-0.5647000000000001,-11.998166534155375
-0.5637,-11.795862818274676
-0.5627000000000001,-11.634585730090063
-0.5617,-11.452087972407472
-0.5607000000000001,-11.23280772092839
-0.5597,-11.058798231044992
-0.5587000000000001,-11.067286498844181
-0.5577,-10.822541443967529
-0.5567000000000001,-10.591943502089531
-0.5557,-10.432081125204782
-0.5547000000000001,-10.255242212721651
-0.5537,-10.093965124537037
-0.5527000000000001,-9.938346881551883
-0.5517,-9.826584688862544
-0.5507000000000001,-9.66530760067793
-0.5497,-9.468662729996689
-0.5487000000000001,-9.298897374012885
-0.5477,-9.15459682142665
-0.5467000000000001,-9.014540402740012
-0.5457,-8.854678025855264
-0.5447000000000001,-8.725939297567548
-0.5437,-8.571735765882257
-0.5427000000000001,-8.51090317998806
-0.5417,-8.427435213296024
-0.5407000000000001,-8.198251982717888
-0.5397,-8.035560183233407
-0.5387000000000001,-7.930871547043396
-0.5377,-7.803547530055542
-0.5367000000000001,-7.756862057159997
-0.5357,-7.6592469774693095
-0.5347000000000001,-7.461187395488204
-0.5337,-7.4173313451923875
-0.5327000000000001,-7.248980700508447
-0.5317,-7.175415712915465
-0.5307000000000001,-7.011309202131122
-0.5297,-6.913694122440434
-0.5287000000000001,-6.800517218451231
-0.5277,-6.718463963059059
-0.5267000000000001,-6.575578121772692
-0.5257,-6.482207175981599
-0.5247,-6.374689117191855
-0.5236999999999999,-6.323759510396714
-0.5227,-6.278488748801033
-0.5216999999999999,-6.077599744220197
-0.5207,-5.937543325533559
-0.5196999999999999,-5.847001802342197
-0.5187,-5.808804597245841
-0.5176999999999999,-5.863978337940577
-0.5167,-5.750801433951374
-0.5156999999999999,-5.57820665536784
-0.5147,-5.449467927080121
-0.5136999999999999,-5.309411508393483
-0.5127,-5.262726035497936
-0.5116999999999999,-5.214625851302525
-0.5107,-5.172184512306574
-0.5096999999999999,-5.050519340518181
-0.5087,-4.954318972127359
-0.5076999999999999,-4.894901097533027
-0.5067,-4.8312390890391
-0.5056999999999999,-4.709573917250707
-0.5047,-4.667132578254756
-0.5036999999999999,-4.597811724561368
-0.5027,-4.535564427367307
-0.5016999999999999,-4.4393640589764845
-0.5007,-4.378531473082289
-0.4996999999999999,-4.265354569093086
-0.49870000000000003,-4.307795908089036
-0.4976999999999999,-4.299307640289847
-0.49670000000000003,-4.0644655645122505
-0.4956999999999999,-4.115395171307392
-0.49470000000000003,-4.023438936816164
-0.4936999999999999,-3.8734795390304706
-0.4927,-3.8975296311281755
-0.4916999999999999,-3.852258869532495
-0.4907,-3.751814367242077
-0.4896999999999999,-3.6683464005500404
-0.4887,-3.5608283417602973
-0.4876999999999999,-3.5212164253640763
-0.4867,-3.6499551536517942
-0.48570000000000013,-3.5778048773586777
-0.4847,-3.412283655274469
-0.48370000000000013,-3.3245715546828363
-0.4827,-3.2849596382866153
-0.48170000000000013,-3.2411035879907995
-0.4807,-3.2340300314914736
-0.4797000000000001,-3.119438416202406
-0.4787,-3.069923520707129
-0.4777000000000001,-3.0189939139119883
-0.4767,-2.976552574916037
-0.4757000000000001,-2.9185494116215707
-0.4747,-2.8817669178250793
-0.4737000000000001,-2.840740290128994
-0.4727,-2.7841518381343926
-0.4717000000000001,-2.791225394633717
-0.4707,-2.8251784658304784
-0.4697000000000001,-2.648339553347349
-0.4687,-2.661071955046134
-0.4677000000000001,-2.542236205857471
-0.4667,-2.5478950510569307
-0.4657000000000001,-2.512527268560305
-0.4647,-2.515356691160035
-0.4637000000000001,-2.386617962872317
-0.4627,-2.3993503645711023
-0.4617000000000001,-2.3951062306715074
-0.4607,-2.30597941878001
-0.4597000000000001,-2.2904175944814944
-0.4587,-2.2564645232847336
-0.4577000000000001,-2.205534916489592
-0.4567,-2.082455033401334
-0.4557000000000001,-2.042843117005113
-0.4547,-2.105090414199175
-0.4537000000000001,-2.1531905983945863
-0.4527,-2.133384640196476
-0.4517000000000001,-2.048501962204573
-0.4507,-1.9310809243157752
-0.4497000000000001,-1.8730777610213083
-0.4487,-1.8759071836210386
-0.4477000000000001,-1.8872248740199586
-0.4467,-1.8292217107254924
-0.4457000000000001,-1.849027668923603
-0.4447,-1.7217036519357498
-0.4437000000000001,-1.6891652920388538
-0.4427,-1.6792623129397986
-0.4417000000000001,-1.6495533756426328
-0.4407,-1.6226738609451972
-0.4397000000000001,-1.6056973253468165
-0.4387,-1.5788178106493809
-0.4377000000000001,-1.5519382959519452
-0.4367,-1.512326379555724
-0.4357000000000001,-1.5208146473549145
-0.4347,-1.5038381117565338
-0.4337000000000001,-1.4585673501608527
-0.4327,-1.4302731241635522
-0.4317000000000001,-1.4302731241635522
-0.43069999999999997,-1.3697234805293286
-0.4297000000000001,-1.370147893919288
-0.42869999999999997,-1.333365400122797
-0.4277000000000001,-1.3186524026042006
-0.42669999999999997,-1.295168195026441
-0.4257000000000001,-1.294602310506495
-0.42469999999999997,-1.255273336370247
-0.4237000000000001,-1.2766354769982091
-0.42269999999999996,-1.2306573597525956
-0.4217000000000001,-1.1907625010964016
-0.42069999999999996,-1.1570923721596134
-0.4197000000000001,-1.141247605601125
-0.41869999999999996,-1.144642912720801
-0.41770000000000007,-1.1292225595522725
-0.41669999999999996,-1.0986647954751876
-0.41570000000000007,-1.0825370866567263
-0.41469999999999996,-1.0563649276092228
-0.41370000000000007,-1.0454716506002621
-0.41269999999999996,-1.0335880756813958
-0.41170000000000007,-1.0351442581112473
-0.41069999999999995,-1.0136406463532988
-0.40970000000000006,-0.9621451550382114
-0.40869999999999995,-0.9259285457616666
-0.40770000000000006,-0.9107911348531107
-0.40669999999999995,-0.9020199247939473
-0.40570000000000006,-0.9307385641812077
-0.40469999999999995,-0.8706133339369435
-0.40370000000000006,-0.8553344518984012
-0.40269999999999995,-0.8426020501996159
-0.40170000000000006,-0.8297281773708441
-0.40069999999999995,-0.8160054777621532
-0.39970000000000006,-0.8032730760633678
-0.39869999999999994,-0.7894089053246904
-0.39770000000000005,-0.774695907806094
-0.39669999999999994,-0.7609732081974032
-0.39570000000000005,-0.7472505085887123
-0.39469999999999994,-0.736498702709738
-0.39370000000000005,-0.7198051093713307
-0.39269999999999994,-0.7082044767124374
-0.39170000000000005,-0.6960379595335981
-0.39069999999999994,-0.6841543846147318
-0.38970000000000005,-0.6725537519558386
-0.38869999999999993,-0.6612360615569182
-0.38770000000000004,-0.6509086690679033
-0.38669999999999993,-0.6417130456187806
-0.38570000000000004,-0.6305368263498469
-0.38469999999999993,-0.6166726556111695
-0.38370000000000004,-0.6057793786022087
-0.38269999999999993,-0.5955934572431805
-0.38170000000000004,-0.5855490070141387
-0.3806999999999999,-0.5756460279150835
-0.37970000000000004,-0.5640453952561902
-0.3786999999999999,-0.5535765316371889
-0.37770000000000004,-0.5428247257582146
-0.3766999999999999,-0.5315070353592943
-0.37570000000000003,-0.5240090654700096
-0.3746999999999999,-0.5139646152409678
-0.37370000000000003,-0.5029298671020205
-0.3726999999999999,-0.4927439457429922
-0.37170000000000003,-0.48567038924366707
-0.3706999999999999,-0.4760503524045848
-0.36970000000000003,-0.46529854652561053
-0.3686999999999999,-0.4569517498564068
-0.3677,-0.4507270201370007
-0.3666999999999999,-0.44266316572777
-0.3657,-0.4343163690585663
-0.3646999999999999,-0.42469633221948405
-0.3637,-0.41550070877036127
-0.3626999999999999,-0.40856862340102257
-0.3617,-0.4013535957717109
-0.36070000000000013,-0.39215797232258814
-0.3597,-0.386216184863155
-0.35870000000000013,-0.37815233045392427
-0.3577,-0.37065436056463963
-0.35670000000000013,-0.3645711019752199
-0.3557,-0.3545266517461782
-0.3547000000000001,-0.34886780654671806
-0.3537,-0.34108689439746037
-0.3527000000000001,-0.3347206935480677
-0.3517,-0.32849596382866153
-0.3507000000000001,-0.32014916715945774
-0.3497,-0.31350002405009214
-0.3487000000000001,-0.308124121110605
-0.3477,-0.3018993913911988
-0.3467000000000001,-0.2956746616717927
-0.3457,-0.28973287421235955
-0.3447000000000001,-0.28251784658304785
-0.3437,-0.27601017460366867
-0.3427000000000001,-0.27176604070407356
-0.3417,-0.2661071955046134
-0.3407000000000001,-0.25974099465522077
-0.3397,-0.25309185154585506
-0.3387000000000001,-0.2485647753862869
-0.3377,-0.24333034357678635
-0.3367000000000001,-0.23710561385738013
-0.3357,-0.23201265317786599
-0.3347000000000001,-0.22592939458844638
-0.3337,-0.2206949627789457
-0.3327000000000001,-0.2161678866193776
-0.3317,-0.20951874351001196
-0.3307000000000001,-0.20584049413036284
-0.3297,-0.2007475334508487
-0.3287000000000001,-0.19423986147146954
-0.3277,-0.19084455435179343
-0.3267000000000001,-0.1854686514123063
-0.3257,-0.1805171618627787
-0.3247000000000001,-0.17754626813306212
-0.3237,-0.1731606631034805
-0.3227000000000001,-0.16849211581392587
-0.3217,-0.16368209739438472
-0.3207000000000001,-0.16000384801473563
-0.3197,-0.15604265637511353
-0.3187000000000001,-0.15278882038542396
-0.3177,-0.14826174422585583
-0.3167000000000001,-0.14486643710617977
-0.3157,-0.14065059743258196
-0.3147000000000001,-0.13759482102487347
-0.3137,-0.13421366101819604
-0.3127000000000001,-0.12920558301667381
-0.3117,-0.12600833547897883
-0.3107000000000001,-0.12194811404836617
-0.3097,-0.11652976976988305
-0.3087000000000001,-0.11337496357118404
-0.3077,-0.10949865460955385
-0.3067000000000001,-0.10638628974985076
-0.30569999999999997,-0.10249583367522191
-0.3047000000000001,-0.09818096421063353
-0.30369999999999997,-0.09501201089893586
-0.3027000000000001,-0.09212599984721119
-0.30169999999999997,-0.08991905021942173
-0.3007000000000001,-0.0869905978287011
-0.29969999999999997,-0.08185519581019103
-0.2987000000000001,-0.07836085889952438
-0.29769999999999996,-0.074937257553851
-0.2967000000000001,-0.07183903980714657
-0.29569999999999996,-0.06973111997034764
-0.2947000000000001,-0.06531722071476874
-0.29369999999999996,-0.062275591420058916
-0.29270000000000007,-0.05907834388236394
-0.29169999999999996,-0.056164038604641954
-0.29070000000000007,-0.05324973332691998
-0.28969999999999996,-0.04961392528626684
-0.28870000000000007,-0.04553955674265553
-0.28769999999999996,-0.04286575238591061
-0.28670000000000007,-0.040644655645122506
-0.28569999999999995,-0.037871821497387034
-0.28470000000000006,-0.03422186634373524
-0.28369999999999995,-0.030246527591114486
-0.28270000000000006,-0.03007676223513068
-0.28169999999999995,-0.02612971770850723
-0.28070000000000006,-0.022890028831816296
-0.27969999999999995,-0.020895285899006594
-0.27870000000000006,-0.018263922881257624
-0.27769999999999995,-0.015321323377538347
-0.27670000000000006,-0.013731187876490048
-0.27569999999999995,-0.010632970129785617
-0.27470000000000006,-0.00729708088470386
-0.27369999999999994,-0.004296478217690116
-0.27270000000000005,-0.0014486643710617977
-0.27169999999999994,0.00015632559863508656
-0.27070000000000005,0.0027657605912361468
-0.26969999999999994,0.005571133098868514
-0.26870000000000005,0.008056780852731385
-0.26769999999999994,0.011183292825433113
-0.26670000000000005,0.013974518220066835
-0.26569999999999994,0.01575988388049651
-0.26470000000000005,0.01851857091523333
-0.26369999999999993,0.02073966765602144
-0.26270000000000004,0.023371030673770405
-0.26169999999999993,0.026186306160501827
-0.26070000000000004,0.027134162731411407
-0.25969999999999993,0.030529469851087492
-0.25870000000000004,0.032467624331902596
-0.25769999999999993,0.034193572117737936
-0.25670000000000004,0.03781523304539243
-0.2556999999999999,0.0388196780682966
-0.25470000000000004,0.04142274686004828
-0.2536999999999999,0.044959525109710866
-0.25270000000000004,0.0462044710535921
-0.2516999999999999,0.04910462921831542
-0.25070000000000003,0.050745694326158865
-0.24969999999999992,0.05282531993696047
-0.24870000000000003,0.056248921282633854
-0.24769999999999992,0.05793242772947325
-0.24670000000000003,0.06029499560024786
-0.24569999999999992,0.06286977016600223
-0.24470000000000003,0.06482207175981598
-0.24369999999999992,0.06719878674358926
-0.24270000000000003,0.06883985185143268
-0.24169999999999991,0.07082044767124374
-0.24070000000000003,0.0737913414009603
-0.2396999999999999,0.0756446132037835
-0.23870000000000002,0.07790815128356757
-0.2376999999999999,0.08072342677029899
-0.23670000000000002,0.08168543045420722
-0.23570000000000013,0.08459973573192921
-0.23470000000000002,0.08645300753475238
-0.23370000000000013,0.08897119364851215
-0.23270000000000002,0.09151767398826924
-0.23170000000000013,0.09267773725415854
-0.23070000000000002,0.09515348202892236
-0.22970000000000013,0.09798290462865245
-0.22870000000000001,0.10004838312645539
-0.22770000000000012,0.10222703852824755
-0.2267,0.1041793401220613
-0.22570000000000012,0.1061174946028764
-0.2247,0.10906009410659567
-0.22370000000000012,0.11109727837840132
-0.2227,0.1140964663341152
-0.22170000000000012,0.11575167855495731
-0.2207,0.11744933211479533
-0.21970000000000012,0.1198260470985686
-0.2187,0.12204714383935672
-0.21770000000000012,0.12568295188000986
-0.2167,0.12590930568798825
-0.2157000000000001,0.1305778529775429
-0.2147,0.13161059222644436
-0.2137000000000001,0.13393071875822302
-0.2127,0.1350483406851164
-0.2117000000000001,0.13862756027377496
-0.2107,0.14038180228560757
-0.2097000000000001,0.1423199567664227
-0.2087,0.14472496597619325
-0.2077000000000001,0.1467055617960043
-0.2067,0.1499593977856939
-0.2057000000000001,0.15179852247551845
-0.2047,0.1543450028152755
-0.2037000000000001,0.15675001202504607
-0.2027,0.1584476655848841
-0.2017000000000001,0.1624088572245062
-0.2007,0.16453092417430376
-0.1997000000000001,0.1669359333840743
-0.1987,0.16919947146385841
-0.1977000000000001,0.17132153841365594
-0.19669999999999999,0.173019191973494
-0.1957000000000001,0.17613155683319706
-0.19469999999999998,0.17811215265300812
-0.1937000000000001,0.18278069994256274
-0.19269999999999998,0.1850442380223468
-0.1917000000000001,0.18645894932221183
-0.1907000000000001,0.19013719870186094
-0.1897000000000002,0.1919763233916855
-0.1887000000000001,0.19636192842126707
-0.1877000000000002,0.19848399537106462
-0.1867000000000001,0.19904987989101067
-0.1857000000000002,0.20230371588070023
-0.1847000000000001,0.21079198367989047
-0.1837000000000002,0.211782281589796
-0.18270000000000008,0.21362140627962053
-0.1817000000000002,0.2156020020994316
-0.18070000000000008,0.2161678866193776
-0.1797000000000002,0.2199876071290132
-0.17870000000000008,0.22564645232847336
-0.1777000000000002,0.22550498119848683
-0.17670000000000008,0.22960764396809544
-0.1757000000000002,0.23356883560771755
-0.17470000000000008,0.23470060464760956
-0.1737000000000002,0.2385203251572452
-0.17270000000000008,0.24134974775697526
-0.17170000000000019,0.24502799713662435
-0.17070000000000007,0.2485647753862869
-0.16970000000000018,0.2532333226758416
-0.16870000000000007,0.2580433410953827
-0.16770000000000018,0.25535538962563914
-0.16670000000000007,0.26030687917516676
-0.16570000000000018,0.26426807081478887
-0.16470000000000007,0.2728978097439656
-0.16370000000000018,0.27898106833338526
-0.16270000000000007,0.27926401059335826
-0.16170000000000018,0.2815275486731423
-0.16070000000000007,0.2818104909331153
-0.15970000000000018,0.28633756709268343
-0.15870000000000006,0.28973287421235955
-0.15770000000000017,0.29284523907206256
-0.15670000000000006,0.2959576039317657
-0.15570000000000017,0.3013335068712528
-0.15470000000000006,0.3067094098107399
-0.15370000000000017,0.3110950148403216
-0.15270000000000006,0.3164709177798087
-0.15170000000000017,0.31901739811956575
-0.15070000000000006,0.32128093619934983
-0.14970000000000017,0.32552507009894494
-0.14870000000000005,0.3279300793087155
-0.14770000000000016,0.33259862659827016
-0.14670000000000005,0.345472499427042
-0.14570000000000016,0.34377484586720397
-0.14470000000000005,0.3505654601065561
-0.14370000000000016,0.35240458479638065
-0.14270000000000005,0.35495106513613767
-0.14170000000000016,0.35990255468566534
-0.14070000000000005,0.3640052174552739
-0.13970000000000016,0.37022994717468005
-0.13870000000000005,0.3764546768940863
-0.13770000000000016,0.37942557062380283
-0.13670000000000004,0.386216184863155
-0.13570000000000015,0.39229944345257467
-0.13470000000000004,0.39583622170223726
-0.13370000000000015,0.40092918238175135
-0.13270000000000004,0.4023438936816164
-0.13170000000000015,0.41295422843060425
-0.13070000000000004,0.4156421799003478
-0.12970000000000015,0.44153139668787794
-0.12870000000000004,0.42724281255924107
-0.12770000000000015,0.42837458159913316
-0.12670000000000003,0.4375702050482558
-0.12570000000000014,0.44153139668787794
-0.12470000000000003,0.4484634820572166
-0.12370000000000014,0.4599226435861234
-0.12270000000000003,0.46176176827594795
-0.12170000000000014,0.461478826015975
-0.12070000000000003,0.4706744494650977
-0.11970000000000014,0.48284096664393705
-0.11870000000000003,0.4795871306542474
-0.11770000000000014,0.48609480263362664
-0.11670000000000003,0.4923195323530327
-0.11570000000000014,0.5091545968214266
-0.11470000000000002,0.518774633660509
-0.11370000000000013,0.538439120728633
-0.11270000000000002,0.5217455273902256
-0.11170000000000013,0.5252823056398881
-0.11070000000000024,0.537307351688741
-0.10970000000000013,0.5503226956474992
-0.10870000000000024,0.5582450789267435
-0.10770000000000013,0.5654601065560552
-0.10670000000000024,0.5614989149164331
-0.10570000000000013,0.5698457115856368
-0.10470000000000024,0.5814463442445301
-0.10370000000000013,0.5855490070141387
-0.10270000000000024,0.5920566789935179
-0.10170000000000012,0.5989887643628565
-0.10070000000000023,0.6231803275905486
-0.09970000000000012,0.620492376120805
-0.09870000000000023,0.6264341635802383
-0.09770000000000012,0.634215075729496
-0.09670000000000023,0.6361956715493069
-0.09570000000000012,0.6459571795183757
-0.09470000000000023,0.6629337151167561
-0.09370000000000012,0.6653387243265267
-0.09270000000000023,0.6728366942158115
-0.09170000000000011,0.6765149435954606
-0.09070000000000022,0.6871252783444484
-0.08970000000000011,0.6977356130934361
-0.08870000000000022,0.7393281253094681
-0.08770000000000011,0.7209368784112227
-0.08670000000000022,0.7192392248513847
-0.08570000000000011,0.7417331345192387
-0.08470000000000022,0.7485237487585908
-0.08370000000000011,0.7537581805680915
-0.08270000000000022,0.7601243814174842
-0.0817000000000001,0.7674808801767823
-0.08070000000000022,0.7734226676362155
-0.0797000000000001,0.7977557019938941
-0.07870000000000021,0.8085075078728684
-0.0777000000000001,0.8252011012112759
-0.07670000000000021,0.8389238008199668
-0.0757000000000001,0.8267572836411275
-0.07470000000000021,0.8317087731906551
-0.0737000000000001,0.8410458677697643
-0.07270000000000021,0.8527879715586442
-0.0717000000000001,0.8704718628069571
-0.07070000000000021,0.8789601306061473
-0.0697000000000001,0.887023985015378
-0.0687000000000002,0.9068299432134885
-0.0677000000000001,0.9093764235532455
-0.0667000000000002,0.9147523264927326
-0.06570000000000009,0.9279091415814775
-0.0647000000000002,0.9354071114707622
-0.06370000000000009,0.9528080604591023
-0.0627000000000002,0.9854878914859844
-0.06170000000000009,0.9860537760059305
-0.0607000000000002,0.9844975935760791
-0.059700000000000086,0.9942591015451476
-0.058700000000000196,1.0027473693443378
-0.057700000000000085,1.0171774246029612
-0.056700000000000195,1.0460375351202083
-0.05570000000000008,1.0297683551717602
-0.05470000000000019,1.039246920880856
-0.05370000000000008,1.0511304957997225
-0.05270000000000019,1.0627311284586156
-0.05170000000000008,1.0734829343375898
-0.05070000000000019,1.0840932690865777
-0.04970000000000008,1.0949865460955384
-0.04870000000000019,1.1075774766643371
-0.047700000000000076,1.1353058181416917
-0.046700000000000186,1.1295055018122453
-0.045700000000000074,1.136154644921611
-0.044700000000000184,1.1454917395007203
-0.04370000000000007,1.1712394851582637
-0.04270000000000018,1.163175630749033
-0.04170000000000007,1.1858110115468736
-0.04070000000000018,1.1882160207566443
-0.03970000000000007,1.195996932905902
-0.03870000000000018,1.2184908425737562
-0.03770000000000007,1.2446630016212592
-0.03670000000000018,1.2517365581205846
-0.035700000000000065,1.246219184051111
-0.034700000000000175,1.2446630016212592
-0.03370000000000006,1.2657421999892482
-0.03270000000000017,1.2733816410085195
-0.03170000000000006,1.273240169878533
-0.03070000000000017,1.2866799272272509
-0.02970000000000006,1.2982805598861442
-0.02870000000000017,1.3081835389851995
-0.027700000000000058,1.3175206335643086
-0.026700000000000168,1.3267162570134312
-0.025700000000000056,1.3349215825526486
-0.024700000000000166,1.34821986877138
-0.023700000000000054,1.3533128294508943
-0.022700000000000164,1.3656208177597198
-0.021700000000000053,1.3753823257287887
-0.020700000000000163,1.382455882228114
-0.01970000000000005,1.3923588613271691
-0.01870000000000016,1.3999983023464404
-0.01770000000000005,1.4090524546655765
-0.01670000000000016,1.421784856364362
-0.015700000000000047,1.4288584128636872
-0.014700000000000157,1.4359319693630124
-0.013700000000000045,1.4458349484620676
-0.012700000000000156,1.459982061460718
-0.011700000000000044,1.4698850405597732
-0.010700000000000154,1.4755438857592333
-0.009700000000000042,1.4826174422585585
-0.008700000000000152,1.4953498439573436
-0.00770000000000004,1.5038381117565338
-0.00670000000000015,1.512326379555724
-0.005700000000000038,1.5193999360550492
-0.0047000000000001485,1.5335470490536998
-0.0037000000000000366,1.5363764716534298
-0.0027000000000001467,1.54203531685289
-0.0017000000000000348,1.5491088733522151
-0.000700000000000145,1.5618412750510005
0.00029999999999996696,1.5646706976507305
0.0012999999999998568,1.5774030993495158
0.0022999999999999687,1.5816472332491107
0.0032999999999998586,1.5943796349478963
0.0042999999999999705,1.5929649236480312
0.00529999999999986,1.6170150157457368
0.006299999999999972,1.626917994844792
0.007299999999999862,1.6311621287443874
0.008299999999999974,1.6339915513441174
0.009299999999999864,1.6396503965435776
0.010299999999999976,1.6495533756426328
0.011299999999999866,1.6792623129397986
0.012299999999999978,1.6651151999411482
