Potential V vs RHE, Current mA cm-2
0.013299999999999867,-0.2515356691160035
0.012299999999999978,-0.864247133087551
0.011299999999999866,-1.1201684072331362
0.010299999999999976,-1.248482722130895
0.009299999999999864,-1.3371851206324328
0.008299999999999974,-1.3920759190671963
0.007299999999999862,-1.4430055258623373
0.006299999999999972,-1.4854468648582886
0.00529999999999986,-1.5208146473549145
0.0042999999999999705,-1.5519382959519452
0.0032999999999998586,-1.5816472332491107
0.0022999999999999687,-1.6071120366466816
0.0012999999999998568,-1.6382356852437125
0.00029999999999996696,-1.656626932141958
-0.000700000000000145,-1.6820917355395286
-0.0017000000000000348,-1.7103859615368293
-0.0027000000000001467,-1.7231183632356148
-0.0037000000000000366,-1.7485831666331852
-0.0047000000000001485,-1.774047970030756
-0.005700000000000038,-1.7910245056291363
-0.00670000000000015,-1.815074597726842
-0.00770000000000004,-1.8306364220253575
-0.008700000000000152,-1.8532718028231983
-0.009700000000000042,-1.8759071836210386
-0.010700000000000154,-1.9027866983184742
-0.011700000000000044,-1.9197632339168547
-0.012700000000000156,-1.9381544808151003
-0.013700000000000045,-1.9551310164134805
-0.014700000000000157,-1.9791811085111866
-0.015700000000000047,-1.9947429328097017
-0.01670000000000016,-2.013134179707947
-0.01770000000000005,-2.0371842718056525
-0.01870000000000016,-2.0612343639033583
-0.01970000000000005,-2.0895285899006595
-0.020700000000000163,-2.10367570289931
-0.021700000000000053,-2.1065051254990395
-0.022700000000000164,-2.133384640196476
-0.023700000000000054,-2.1687524226931014
-0.024700000000000166,-2.1913878034909415
-0.025700000000000056,-2.199876071290132
-0.026700000000000168,-2.2196820294882422
-0.027700000000000058,-2.2479762554855434
-0.02870000000000017,-2.2677822136836534
-0.02970000000000006,-2.2904175944814944
-0.03070000000000017,-2.3272000882779853
-0.03170000000000006,-2.3455913351762305
-0.03270000000000017,-2.3682267159740715
-0.03370000000000006,-2.3936915193716417
-0.034700000000000175,-2.414912188869618
-0.035700000000000065,-2.4403769922671885
-0.03670000000000018,-2.468671218264489
-0.03770000000000007,-2.4898918877624645
-0.03870000000000018,-2.5210155363594953
-0.03970000000000007,-2.539406783257741
-0.04070000000000018,-2.5705304318547717
-0.04170000000000007,-2.597409946552207
-0.04270000000000018,-2.6172159047503176
-0.04370000000000007,-2.6539983985468085
-0.044700000000000184,-2.6808779132442444
-0.045700000000000074,-2.7049280053419507
-0.046700000000000186,-2.738881076538711
-0.047700000000000076,-2.7572723234369563
-0.04870000000000019,-2.794054817233447
-0.04970000000000008,-2.8280078884302084
-0.05070000000000019,-2.8506432692280486
-0.05170000000000008,-2.8817669178250793
-0.05270000000000019,-2.9114758551222453
-0.05370000000000008,-2.9440142150191413
-0.05470000000000019,-2.977967286215902
-0.05570000000000008,-3.009090934812933
-0.056700000000000195,-3.0387998721100984
-0.057700000000000085,-3.0727529433068597
-0.058700000000000196,-3.0982177467044303
-0.059700000000000086,-3.1392443744005165
-0.0607000000000002,-3.1760268681970074
-0.06170000000000009,-3.214224073293363
-0.0627000000000002,-3.246762433190259
-0.06370000000000009,-3.27788608178729
-0.0647000000000002,-3.307595019084456
-0.06570000000000009,-3.352865780680137
-0.0667000000000002,-3.3783305840777076
-0.0677000000000001,-3.4165277891740633
-0.0687000000000002,-3.45472499427042
-0.0697000000000001,-3.4872633541673155
-0.07070000000000021,-3.5282899818634013
-0.0717000000000001,-3.559413630460432
-0.07270000000000021,-3.6004402581565187
-0.0737000000000001,-3.644296308452334
-0.07470000000000021,-3.678249379649095
-0.0757000000000001,-3.7249348525446417
-0.07670000000000021,-3.764546768940863
-0.0777000000000001,-3.8041586853370832
-0.07870000000000021,-3.84235589043344
-0.0797000000000001,-3.8791383842299307
-0.08070000000000022,-3.918750300626152
-0.0817000000000001,-3.965435773521698
-0.08270000000000022,-4.0050476899179195
-0.08370000000000011,-4.050318451513601
-0.08470000000000022,-4.09275979050955
-0.08570000000000011,-4.132371706905772
-0.08670000000000022,-4.179057179801319
-0.08770000000000011,-4.217254384897673
-0.08870000000000022,-4.26393985779322
-0.08970000000000011,-4.313454753288497
-0.09070000000000022,-4.351651958384853
-0.09170000000000011,-4.40399627647986
-0.09270000000000023,-4.44643761547581
-0.09370000000000012,-4.493123088371357
-0.09470000000000023,-4.542637983866633
-0.09570000000000012,-4.582249900262854
-0.09670000000000023,-4.634594218357861
-0.09770000000000012,-4.694012092952192
-0.09870000000000023,-4.735038720648277
-0.09970000000000012,-4.785968327443419
-0.10070000000000023,-4.835483222938696
-0.10170000000000012,-4.882168695834241
-0.10270000000000024,-4.933098302629383
-0.10370000000000013,-4.981198486824794
-0.10470000000000024,-5.03637222751953
-0.10570000000000013,-5.091545968214268
-0.10670000000000024,-5.139646152409678
-0.10770000000000013,-5.201893449603739
-0.10870000000000024,-5.252823056398881
-0.10970000000000013,-5.305167374493887
-0.11070000000000024,-5.358926403888759
-0.11170000000000013,-5.408441299384036
-0.11270000000000002,-5.474932730477692
-0.11370000000000013,-5.534350605072024
-0.11470000000000002,-5.579621366667705
-0.11570000000000014,-5.640453952561901
-0.11670000000000003,-5.702701249755963
-0.11770000000000014,-5.757874990450699
-0.11870000000000003,-5.824366421544356
-0.11970000000000014,-5.876710739639362
-0.12070000000000003,-5.94320217073302
-0.12170000000000014,-6.006864179226946
-0.12270000000000003,-6.054964363422357
-0.12370000000000014,-6.131358773615069
-0.12470000000000003,-6.192191359509266
-0.12570000000000014,-6.260097501902788
-0.12670000000000003,-6.330833066896039
-0.12770000000000015,-6.391665652790236
-0.12870000000000004,-6.4595717951837575
-0.12970000000000015,-6.534551494076605
-0.13070000000000004,-6.598213502570531
-0.13170000000000015,-6.666119644964053
-0.13270000000000004,-6.7410993438569
-0.13370000000000015,-6.811834908850152
-0.13470000000000004,-6.891058741642594
-0.13570000000000015,-6.9575501727362505
-0.13670000000000004,-7.039603428128422
-0.13770000000000016,-7.117412549621
-0.13870000000000005,-7.190977537213982
-0.13970000000000016,-7.2730307926061535
-0.14070000000000005,-7.349425202798865
-0.14170000000000016,-7.430063746891172
-0.14270000000000005,-7.516361136182939
-0.14370000000000016,-7.595584968975381
-0.14470000000000005,-7.676223513067688
-0.14570000000000016,-7.771009170158646
-0.14670000000000005,-7.855891848150549
-0.14770000000000016,-7.940774526142452
-0.14870000000000005,-8.028486626734082
-0.14970000000000017,-8.117613438625579
-0.15070000000000006,-8.220887363515727
-0.15170000000000017,-8.305770041507632
-0.15270000000000006,-8.407629255097913
-0.15370000000000017,-8.49958548958914
-0.15470000000000006,-8.583053456281176
-0.15570000000000017,-8.690571515070921
-0.15670000000000006,-8.789601306061472
-0.15770000000000017,-8.891460519651757
-0.15870000000000006,-8.993319733242037
-0.15970000000000018,-9.09800836943205
-0.16070000000000007,-9.192794026523009
-0.16170000000000018,-9.31162977571167
-0.16270000000000007,-9.410659566702224
-0.16370000000000018,-9.525251181991292
-0.16470000000000007,-9.65398991027901
-0.16570000000000018,-9.753019701269562
-0.16670000000000007,-9.863367182659037
-0.16770000000000018,-9.969470530148914
-0.16870000000000007,-10.092550413237172
-0.16970000000000018,-10.212800873725701
-0.17070000000000007,-10.330221911614498
-0.17170000000000019,-10.447642949503296
-0.17270000000000008,-10.576381677791014
-0.1737000000000002,-10.696632138279542
-0.17470000000000008,-10.826785577867126
-0.1757000000000002,-10.95693901745471
-0.17670000000000008,-11.080018900542967
-0.1777000000000002,-11.213001762730281
-0.17870000000000008,-11.337496357118404
-0.1797000000000002,-11.487455754904099
-0.18070000000000008,-11.60912092669249
-0.1817000000000002,-11.740689077579939
-0.18270000000000008,-11.88640434146604
-0.1837000000000002,-12.016557781053622
-0.1847000000000001,-12.160858333639855
-0.1857000000000002,-12.302329463626359
-0.1867000000000001,-12.45653299531165
-0.1877000000000002,-12.603662970497613
-0.1887000000000001,-12.74937823438371
-0.1897000000000002,-12.896508209569674
-0.1907000000000001,-13.054955875154558
-0.1917000000000001,-13.209159406839847
-0.19269999999999998,-13.344971691626892
-0.1937000000000001,-13.511907625010965
-0.19469999999999998,-13.668940579295983
-0.1957000000000001,-13.854267759578304
-0.19669999999999999,-14.01837427036265
-0.1977000000000001,-14.24614278964092
-0.1987,-14.331025467632822
-0.1997000000000001,-14.514937936615278
-0.2007,-14.71299751859638
-0.2017000000000001,-14.882762874580186
-0.2027,-15.02423400456669
-0.2037000000000001,-15.208146473549144
-0.2047,-15.335470490536997
-0.2057000000000001,-15.448647394526201
-0.2067,-15.802325219492458
-0.2077000000000001,-15.957943462477614
-0.2087,-16.15600304445872
-0.2097000000000001,-16.269179948447924
-0.2107,-16.29747417444522
-0.2117000000000001,-16.55212220842093
-0.2127,-16.849211581392588
-0.2137000000000001,-17.132153841365596
-0.2147,-17.2736249713521
-0.2157000000000001,-17.4150961013386
-0.2167,-17.584861457322408
-0.21770000000000012,-17.797068152302163
-0.2187,-17.896097943292716
-0.21970000000000012,-18.13659886426977
-0.2207,-18.391246898245473
-0.22170000000000012,-18.57515936722793
-0.2227,-18.80151317520634
-0.22370000000000012,-18.91469007919554
-0.2247,-19.211779452167196
-0.22570000000000012,-19.395691921149652
-0.2267,-19.664487068124007
-0.22770000000000012,-19.73522263311726
-0.22870000000000001,-19.97572355409432
-0.22970000000000013,-20.06060623208622
-0.23070000000000002,-20.21622447507137
-0.23170000000000013,-20.555755187038983
-0.23270000000000002,-20.89528589900659
-0.23370000000000013,-21.079198367989047
-0.23470000000000002,-21.22066949797555
-0.23570000000000013,-21.43287619295531
-0.23670000000000002,-21.602641548939108
-0.2376999999999999,-21.645082887935057
-0.23870000000000002,-21.744112678925614
-0.2396999999999999,-21.97046648690402
-0.24070000000000003,-22.182673181883775
-0.24169999999999991,-22.479762554855434
-0.24270000000000003,-22.66367502383789
-0.24369999999999992,-22.80514615382439
-0.24470000000000003,-22.974911509808198
-0.24569999999999992,-23.144676865792
-0.24670000000000003,-23.328589334774456
-0.24769999999999992,-23.47006046476096
-0.24870000000000003,-23.61153159474746
-0.24969999999999992,-23.753002724733967
-0.25070000000000003,-23.908620967719123
-0.2516999999999999,-24.064239210704276
-0.25270000000000004,-24.21985745368943
-0.2536999999999999,-24.36132858367593
-0.25470000000000004,-24.488652600663784
-0.2556999999999999,-24.57353527865569
-0.25670000000000004,-24.65841795664759
-0.25769999999999993,-24.74330063463949
-0.25870000000000004,-24.842330425630045
-0.25969999999999993,-24.95550732961925
-0.26070000000000004,-25.026242894612498
-0.26169999999999993,-25.111125572604404
-0.26270000000000004,-25.1394197986017
-0.26369999999999993,-25.18186113759765
-0.26470000000000005,-25.210155363594954
-0.26569999999999994,-25.252596702590903
-0.26670000000000005,-25.280890928588207
-0.26769999999999994,-25.295038041586857
-0.26870000000000005,-25.295038041586857
-0.26969999999999994,-25.280890928588207
-0.27070000000000005,-25.266743815589557
-0.27169999999999994,-25.224302476593607
-0.27270000000000005,-25.1394197986017
-0.27369999999999994,-25.111125572604404
-0.27470000000000006,-25.026242894612498
-0.27569999999999995,-24.983801555616548
-0.27670000000000006,-24.884771764625995
-0.27769999999999995,-24.785741973635442
-0.27870000000000006,-24.67256506964624
-0.27969999999999995,-24.545241052658387
-0.28070000000000006,-24.40376992267188
-0.28169999999999995,-24.262298792685378
-0.28270000000000006,-24.120827662698876
-0.28369999999999995,-23.97935653271237
-0.28470000000000006,-23.809591176728567
-0.28569999999999995,-23.62567870774611
-0.28670000000000007,-23.44176623876366
-0.28769999999999996,-23.24370665678255
-0.28870000000000007,-23.017352848804148
-0.28969999999999996,-22.84758749282034
-0.29070000000000007,-22.649527910839236
-0.29169999999999996,-22.437321215859484
-0.29270000000000007,-22.196820294882425
-0.29369999999999996,-21.98461359990267
-0.2947000000000001,-21.772406904922917
-0.29569999999999996,-21.54605309694451
-0.2967000000000001,-21.333846401964752
-0.29769999999999996,-21.093345480987697
-0.2987000000000001,-20.881138786007945
-0.29969999999999997,-20.640637865030882
-0.3007000000000001,-20.42843117005113
-0.30169999999999997,-20.202077362072725
-0.3027000000000001,-20.00401778009162
-0.30369999999999997,-19.805958198110513
-0.3047000000000001,-19.593751503130758
-0.30569999999999997,-19.409839034148305
-0.3067000000000001,-19.197632339168546
-0.3077,-19.042014096183394
-0.3087000000000001,-18.858101627200938
-0.3097,-18.688336271217132
-0.3107000000000001,-18.53271802823198
-0.3117,-18.391246898245473
-0.3127000000000001,-18.23562865526032
-0.3137,-18.09415752527382
-0.3147000000000001,-17.966833508285966
-0.3157,-17.881950830294063
-0.3167000000000001,-17.782921039303513
-0.3177,-17.683891248312957
-0.3187000000000001,-17.599008570321057
-0.3197,-17.514125892329155
-0.3207000000000001,-17.429243214337255
-0.3217,-17.386801875341302
-0.3227000000000001,-17.34436053634535
-0.3237,-17.316066310348052
-0.3247000000000001,-17.28777208435075
-0.3257,-17.259477858353446
-0.3267000000000001,-17.2453307453548
-0.3277,-17.259477858353446
-0.3287000000000001,-17.2736249713521
-0.3297,-17.28777208435075
-0.3307000000000001,-17.316066310348052
-0.3317,-17.34436053634535
-0.3327000000000001,-17.40094898833995
-0.3337,-17.45753744033455
-0.3347000000000001,-17.528273005327804
-0.3357,-17.584861457322408
-0.3367000000000001,-17.641449909317007
-0.3377,-17.75462681330621
-0.3387000000000001,-17.825362378299463
-0.3397,-17.952686395287316
-0.3407000000000001,-18.05171618627787
-0.3417,-18.164893090267068
-0.3427000000000001,-18.27806999425627
-0.3437,-18.419541124242777
-0.3447000000000001,-18.546865141230633
-0.3457,-18.702483384215785
-0.3467000000000001,-18.843954514202288
-0.3477,-18.985425644188794
-0.3487000000000001,-19.155191000172596
-0.3497,-19.3249563561564
-0.3507000000000001,-19.523015938137508
-0.3517,-19.678634181122664
-0.3527000000000001,-19.876693763103766
-0.3537,-20.06060623208622
-0.3547000000000001,-20.25866581406732
-0.3557,-20.47087250904708
-0.35670000000000013,-20.69722631702549
-0.3577,-20.90943301200524
-0.35870000000000013,-21.107492593986347
-0.3597,-21.333846401964752
-0.36070000000000013,-21.560200209943158
-0.3617,-21.786554017921564
-0.3626999999999999,-22.055349164895922
-0.3637,-22.324144311870278
-0.3646999999999999,-22.564645232847337
-0.3657,-22.76270481482844
-0.3666999999999999,-23.045647074801447
-0.3677,-23.328589334774456
-0.3686999999999999,-23.62567870774611
-0.36970000000000003,-23.894473854720466
-0.3706999999999999,-24.16326900169483
-0.37170000000000003,-24.44621126166783
-0.3726999999999999,-24.729153521640843
-0.37370000000000003,-25.026242894612498
-0.3746999999999999,-25.323332267584156
-0.37570000000000003,-25.634568753554465
-0.3766999999999999,-25.931658126526123
-0.37770000000000004,-26.242894612496432
-0.3786999999999999,-26.55413109846674
-0.37970000000000004,-26.907808923433
-0.3806999999999999,-27.219045409403304
-0.38170000000000004,-27.530281895373616
-0.38269999999999993,-27.855665494342567
-0.38370000000000004,-28.166901980312883
-0.38469999999999993,-28.53472691827779
-0.38570000000000004,-28.88840474324405
-0.38669999999999993,-29.242082568210304
-0.38770000000000004,-29.581613280177915
-0.38869999999999993,-29.921143992145527
-0.38970000000000005,-30.288968930110435
-0.39069999999999994,-30.670940981073993
-0.39170000000000005,-31.038765919038905
-0.39269999999999994,-31.392443744005163
-0.39370000000000005,-31.788562907967375
-0.39469999999999994,-32.15638784593229
-0.39570000000000005,-32.53835989689585
-0.39669999999999994,-32.92033194785941
-0.39770000000000005,-33.316451111821614
-0.39869999999999994,-33.726717388782475
-0.39970000000000006,-34.10868943974604
-0.40069999999999995,-34.50480860370825
-0.40170000000000006,-34.9150748806691
-0.40269999999999995,-35.311194044631314
-0.40370000000000006,-35.74975454758948
-0.40469999999999995,-36.18831505054764
-0.40570000000000006,-36.6268755535058
-0.40669999999999995,-37.05128894346531
-0.40770000000000006,-37.41911388143023
-0.40869999999999995,-37.82938015839108
-0.40970000000000006,-38.33867622634249
-0.41069999999999995,-38.74894250330336
-0.41170000000000007,-39.187503006261515
-0.41269999999999996,-39.62606350921968
-0.41370000000000007,-40.06462401217784
-0.41469999999999996,-40.531478741133306
-0.41570000000000007,-40.98418635709011
-0.41669999999999996,-41.46518819904423
-0.41770000000000007,-41.93204292799969
-0.41869999999999996,-42.3847505439565
-0.4197000000000001,-42.85160527291196
-0.42069999999999996,-43.34675422786472
-0.4217000000000001,-43.81360895682018
-0.42269999999999996,-44.33705213777025
-0.4237000000000001,-44.775612640728404
-0.42469999999999997,-45.27076159568118
-0.4257000000000001,-45.79420477663124
-0.42669999999999997,-46.289353731584
-0.4277000000000001,-46.79864979953541
-0.42869999999999997,-47.26550452849088
-0.4297000000000001,-47.77480059644228
-0.43069999999999997,-48.26994955139505
-0.4317000000000001,-48.80753984534376
-0.4327,-49.34513013929248
-0.4337000000000001,-49.85442620724389
-0.4347,-50.3637222751953
-0.4357000000000001,-50.85887123014807
-0.4367,-51.424755750094086
-0.4377000000000001,-51.919904705046854
-0.4387,-52.485789224992864
-0.4397000000000001,-53.03752663194023
-0.4407,-53.56096981289029
-0.4417000000000001,-54.08441299384035
-0.4427,-54.59370906179176
-0.4437000000000001,-55.20203492073373
-0.4447,-55.73962521468245
-0.4457000000000001,-56.29136262162981
-0.4467,-56.84310002857717
-0.4477000000000001,-57.394837435524536
-0.4487,-57.91828061647461
-0.4497000000000001,-58.51245936241792
-0.4507,-59.10663810836124
-0.4517000000000001,-59.6300812893113
-0.4527,-60.21011292225596
-0.4537000000000001,-60.71940899020737
-0.4547,-61.327734849149344
-0.4557000000000001,-61.87947225609671
-0.4567,-62.48779811503867
-0.4577000000000001,-63.11027108697928
-0.4587,-63.6761556069253
-0.4597000000000001,-64.22789301387266
-0.4607,-64.76548330782138
-0.4617000000000001,-65.38795627976201
-0.4627,-65.8972523477134
-0.4637000000000001,-66.44898975466076
-0.4647,-67.07146272660138
-0.4657000000000001,-67.65149435954605
-0.4667,-68.21737887949207
-0.4677000000000001,-68.91058741642594
-0.4687,-69.19352967639895
-0.4697000000000001,-69.95747377832606
-0.4707,-70.67897654125723
-0.4717000000000001,-71.2307139482046
-0.4727,-71.81074558114926
-0.4737000000000001,-72.39077721409393
-0.4747,-72.95666173403994
-0.4757000000000001,-73.53669336698461
-0.4767,-74.13087211292792
-0.4777000000000001,-74.72505085887124
-0.4787,-75.31922960481455
-0.4797000000000001,-75.7577901077727
-0.4807,-76.47929287070389
-0.48170000000000013,-76.98858893865528
-0.4827,-77.86570994457162
-0.48370000000000013,-78.47403580351359
-0.4847,-79.08236166245555
-0.48570000000000013,-78.7852722894839
-0.4867,-78.7569780634866
-0.48570000000000013,-77.95059262256353
-0.4847,-77.22908985963235
-0.48370000000000013,-75.36167094381051
-0.4827,-74.21575479091983
-0.48170000000000013,-73.74890006196436
-0.4807,-72.87177905604804
-0.4797000000000001,-72.06539361512496
-0.4787,-71.07509570521944
-0.4777000000000001,-70.24041603829907
-0.4767,-69.0944998854084
-0.4757000000000001,-67.51002322955955
-0.4747,-66.68949067563783
-0.4737000000000001,-66.09531192969452
-0.4727,-65.4162505057593
-0.4717000000000001,-64.39765836985646
-0.4707,-63.5063902509415
-0.4697000000000001,-62.75659326201302
-0.4687,-62.13412029007241
-0.4677000000000001,-61.12967526716824
-0.4667,-59.9696120012789
-0.4657000000000001,-59.21981501235043
-0.4647,-58.62563626640712
-0.4637000000000001,-57.79095659948675
-0.4627,-56.998718271562325
-0.4617000000000001,-56.27721550863116
-0.4607,-55.5840069716973
-0.4597000000000001,-54.834209982768826
-0.4587,-54.16929567183226
-0.4577000000000001,-53.50438136089569
-0.4567,-52.82531993696047
-0.4557000000000001,-52.047228722034696
-0.4547,-51.481344202088685
-0.4537000000000001,-50.70325298716291
-0.4527,-50.052485789224995
-0.4517000000000001,-49.48660126927898
-0.4507,-48.84998118433972
-0.4497000000000001,-48.312390890391
-0.4487,-47.647476579454434
-0.4477000000000001,-47.01085649451517
-0.4467,-46.4025306355732
-0.4457000000000001,-45.75176343763528
-0.4447,-45.18587891768927
-0.4437000000000001,-44.520964606752706
-0.4427,-43.96922719980534
-0.4417000000000001,-43.37504845386202
-0.4407,-42.78086970791871
-0.4397000000000001,-42.229132300971344
-0.4387,-41.79057179801318
-0.4377000000000001,-41.210540165068515
-0.4367,-40.68709698411846
-0.4357000000000001,-40.07877112517649
-0.4347,-39.55532794422642
-0.4337000000000001,-39.00359053727906
-0.4327,-38.480147356329
-0.4317000000000001,-38.02743974037218
-0.43069999999999997,-37.53229078541942
-0.4297000000000001,-37.05128894346531
-0.42869999999999997,-36.796640909489604
-0.4277000000000001,-36.14587371155169
-0.42669999999999997,-35.664871869597576
-0.4257000000000001,-35.169722914644815
-0.42469999999999997,-34.7453095246853
-0.4237000000000001,-34.25016056973254
-0.42269999999999996,-33.85404140577033
-0.4217000000000001,-33.40133378981351
-0.42069999999999996,-32.93447906085806
-0.4197000000000001,-32.45347721890394
-0.41869999999999996,-31.986622489948477
-0.41770000000000007,-31.590503325986273
-0.41669999999999996,-31.20853127502271
-0.41570000000000007,-30.82655922405915
-0.41469999999999996,-30.359704495103685
-0.41370000000000007,-29.906996879146874
-0.41269999999999996,-29.63820173217252
-0.41170000000000007,-29.157199890218404
-0.41069999999999995,-28.789374952253496
-0.40970000000000006,-28.393255788291288
-0.40869999999999995,-27.98298951133043
-0.40770000000000006,-27.572723234369565
-0.40669999999999995,-27.162456957408708
-0.40570000000000006,-26.837073358439746
-0.40469999999999995,-26.497542646472137
-0.40370000000000006,-26.15801193450453
-0.40269999999999995,-25.790186996539617
-0.40170000000000006,-25.478950510569312
-0.40069999999999995,-24.997948668615198
-0.39970000000000006,-24.64427084364894
-0.39869999999999994,-24.33303435767863
-0.39770000000000005,-24.00765075870967
-0.39669999999999994,-23.66812004674206
-0.39570000000000005,-23.342736447773106
-0.39469999999999994,-22.989058622806844
-0.39370000000000005,-22.63538079784059
-0.39269999999999994,-22.352438537867577
-0.39170000000000005,-22.069496277894572
-0.39069999999999994,-21.800701130920213
-0.38970000000000005,-21.58849443594046
-0.38869999999999993,-21.1782281589796
-0.38770000000000004,-20.76796188201874
-0.38669999999999993,-20.51331384804303
-0.38570000000000004,-20.244518701068674
-0.38469999999999993,-19.961576441095666
-0.38370000000000004,-19.69278129412131
-0.38269999999999993,-19.409839034148305
-0.38170000000000004,-19.197632339168546
-0.3806999999999999,-18.815660288204988
-0.37970000000000004,-18.57515936722793
-0.3786999999999999,-18.292217107254928
-0.37770000000000004,-18.23562865526032
-0.3766999999999999,-17.867803717295413
-0.37570000000000003,-17.556567231325104
-0.3746999999999999,-17.3302134233467
-0.37370000000000003,-17.03312405037504
-0.3726999999999999,-16.778476016399335
-0.37170000000000003,-16.53797509542228
-0.3706999999999999,-16.382356852437127
-0.36970000000000003,-16.099414592464115
-0.3686999999999999,-15.816472332491113
-0.3677,-15.561824298515406
-0.3666999999999999,-15.3920589425316
-0.3657,-15.208146473549144
-0.3646999999999999,-14.967645552572087
-0.3637,-14.741291744593681
-0.3626999999999999,-14.458349484620674
-0.3617,-14.26028990263957
-0.36070000000000013,-14.076377433657115
-0.3597,-13.867000161277092
-0.35870000000000013,-13.634987508099224
-0.3577,-13.657622888897064
-0.35670000000000013,-13.318092176929456
-0.3557,-13.144082687046055
-0.3547000000000001,-12.964414351963198
-0.3537,-12.651763154693022
-0.3527000000000001,-12.520195003805576
-0.3517,-12.37306502861961
-0.3507000000000001,-12.169346601439045
-0.3497,-11.918942701362935
-0.3487000000000001,-11.74917734537913
-0.3477,-11.559606031197214
-0.3467000000000001,-11.395499520412871
-0.3457,-11.261101946925693
-0.3447000000000001,-11.012112758149446
-0.3437,-10.853665092564562
-0.3427000000000001,-10.675411468781567
-0.3417,-10.514134380596953
-0.3407000000000001,-10.348613158512745
-0.3397,-10.134991752233123
-0.3387000000000001,-9.97654408664824
-0.3377,-9.832243534062004
-0.3367000000000001,-9.672381157177256
-0.3357,-9.502615801193452
-0.3347000000000001,-9.341338713008836
-0.3337,-9.185720470023682
-0.3327000000000001,-9.035761072237987
-0.3317,-8.87306927275351
-0.3307000000000001,-8.720280452368087
-0.3297,-8.561832786783201
-0.3287000000000001,-8.421776368096562
-0.3277,-8.261913991211815
-0.3267000000000001,-8.145907664622882
-0.3257,-8.007265957236108
-0.3247000000000001,-7.86155069335001
-0.3237,-7.71017658426445
-0.3227000000000001,-7.5743642994774065
-0.3217,-7.444210859889823
-0.3207000000000001,-7.311227997702509
-0.3197,-7.181074558114926
-0.3187000000000001,-7.052335829827209
-0.3177,-6.927841235439085
-0.3167000000000001,-6.796273084551637
-0.3157,-6.6689490675637835
-0.3147000000000001,-6.54162505057593
-0.3137,-6.4199598787875365
-0.3127000000000001,-6.299709418299008
-0.3117,-6.183703091710075
-0.3107000000000001,-6.063452631221548
-0.3097,-5.941787459433154
-0.3087000000000001,-5.821536998944626
-0.3077,-5.704115961055828
-0.3067000000000001,-5.600842036165679
-0.30569999999999997,-5.482006286977017
-0.3047000000000001,-5.373073516887409
-0.30369999999999997,-5.282531993696048
-0.3027000000000001,-5.162281533207518
-0.30169999999999997,-5.050519340518181
-0.3007000000000001,-4.9571483947270885
-0.29969999999999997,-4.8453862020377505
-0.2987000000000001,-4.747771122347063
-0.29769999999999996,-4.644497197456915
-0.2967000000000001,-4.542637983866633
-0.29569999999999996,-4.45209646067527
-0.2947000000000001,-4.348822535785122
-0.29369999999999996,-4.254036878694166
-0.29270000000000007,-4.162080644202938
-0.29169999999999996,-4.065880275812115
-0.29070000000000007,-3.9767534639206183
-0.28969999999999996,-3.8833825181295256
-0.28870000000000007,-3.798499840137624
-0.28769999999999996,-3.707958316946261
-0.28670000000000007,-3.6259050615540893
-0.28569999999999995,-3.532534115762996
-0.28470000000000006,-3.450480860370824
-0.28369999999999995,-3.361354048479327
-0.28270000000000006,-3.28637434958648
-0.28169999999999995,-3.204321094194308
-0.28070000000000006,-3.119438416202406
-0.27969999999999995,-3.0402145834099636
-0.27870000000000006,-2.956746616717927
-0.27769999999999995,-2.8817669178250793
-0.27670000000000006,-2.8082019302320975
-0.27569999999999995,-2.7275633861397908
-0.27470000000000006,-2.656827821146539
-0.27369999999999994,-2.581848122253692
-0.27270000000000005,-2.509697845960575
-0.27169999999999994,-2.438962280967323
-0.27070000000000005,-2.3668120046742067
-0.26969999999999994,-2.2974911509808194
-0.26870000000000005,-2.229585008587298
-0.26769999999999994,-2.156020020994316
-0.26670000000000005,-2.085284456001064
-0.26569999999999994,-2.0244518701068674
-0.26470000000000005,-1.9551310164134805
-0.26369999999999993,-1.894298430519284
-0.26270000000000004,-1.8320511333252225
-0.26169999999999993,-1.766974413531431
-0.26070000000000004,-1.7061418276372344
-0.25969999999999993,-1.6396503965435776
-0.25870000000000004,-1.5957943462477613
-0.25769999999999993,-1.5250587812545096
-0.25670000000000004,-1.4670556179600431
-0.2556999999999999,-1.4132965885651718
-0.25470000000000004,-1.3506248779811505
-0.2536999999999999,-1.2902167054769134
-0.25270000000000004,-1.2370235606019881
-0.2516999999999999,-1.1737859654980207
-0.25070000000000003,-1.1265346080825285
-0.24969999999999992,-1.069238800437995
-0.24870000000000003,-1.0143480020032312
-0.24769999999999992,-0.962569568428171
-0.24670000000000003,-0.9102252503331645
-0.24569999999999992,-0.8564662209382933
-0.24470000000000003,-0.8055366141431518
-0.24369999999999992,-0.7512117002283345
-0.24270000000000003,-0.7090533034923564
-0.24169999999999991,-0.6535966205376469
-0.24070000000000003,-0.6036573116524112
-0.2396999999999999,-0.5571133098868515
-0.23870000000000002,-0.5091545968214266
-0.2376999999999999,-0.4604885281060694
-0.23670000000000002,-0.4164910066802668
-0.23570000000000013,-0.3661272844050715
-0.23470000000000002,-0.32241270523924187
-0.23370000000000013,-0.2771419436435607
-0.23270000000000002,-0.2279099904082574
-0.23170000000000013,-0.18843954514202288
-0.23070000000000002,-0.14161260111649018
-0.22970000000000013,-0.0946583330739696
-0.22870000000000001,-0.05491909266076073
-0.22770000000000012,-0.006347809602494419
-0.2267,0.029157199890218404
-0.22570000000000012,0.07489481621485504
-0.2247,0.12022216626253084
-0.22370000000000012,0.15561824298515403
-0.2227,0.2011719468408082
-0.22170000000000012,0.2420571034069078
-0.2207,0.28251784658304785
-0.21970000000000012,0.32708125252879644
-0.2187,0.3603269680756248
-0.21770000000000012,0.4023438936816164
-0.2167,0.44549258832750005
-0.2157000000000001,0.4978369064225064
-0.2147,0.5271214303297127
-0.2137000000000001,0.5624892128263386
-0.2127,0.6006864179226945
-0.2117000000000001,0.6434106991786186
-0.2107,0.6767978858554337
-0.2097000000000001,0.717683042421533
-0.2087,0.7564461320378352
-0.2077000000000001,0.793511568094299
-0.2067,0.8270402259011005
-0.2057000000000001,0.8673594979472539
-0.2047,0.9034346360938125
-0.2037000000000001,0.9454515616998039
-0.2027,0.9728969609171857
-0.2017000000000001,1.0149138865231773
-0.2007,1.0583455234290338
-0.1997000000000001,1.0924400657557813
-0.1987,1.1289396172922994
-0.1977000000000001,1.1655806399588036
-0.19669999999999999,1.199109297765605
-0.1957000000000001,1.2419750501515157
-0.19469999999999998,1.274654881178398
-0.1937000000000001,1.3138423841846596
-0.19269999999999998,1.3558593097906513
-0.1917000000000001,1.3817485265781813
-0.1907000000000001,1.4246142789640919
-0.1897000000000002,1.4642261953603128
-0.1887000000000001,1.4939351326574788
-0.1877000000000002,1.5307176264539697
-0.1867000000000001,1.5660854089505953
-0.1857000000000002,1.6042826140469515
-0.1847000000000001,1.658041643441823
-0.1837000000000002,1.6891652920388538
-0.18270000000000008,1.7217036519357498
-0.1817000000000002,1.7599008570321055
-0.18070000000000008,1.7952686395287314
-0.1797000000000002,1.8362952672248178
-0.17870000000000008,1.8660042045219833
-0.1777000000000002,1.8985425644188794
-0.17670000000000008,1.9466427486142908
-0.1757000000000002,1.993328221509837
-0.17470000000000008,2.0315254266061924
-0.1737000000000002,2.0683079204026833
-0.17270000000000008,2.1008462802995793
-0.17170000000000019,2.1418729079956655
-0.17070000000000007,2.1659230000933714
-0.16970000000000018,2.208364339089322
-0.16870000000000007,2.2649527910839233
-0.16770000000000018,2.298905862280684
-0.16670000000000007,2.351250180375691
-0.16570000000000018,2.386617962872317
-0.16470000000000007,2.437547569667458
-0.16370000000000018,2.4771594860636794
-0.16270000000000007,2.509697845960575
-0.16170000000000018,2.536577360658011
-0.16070000000000007,2.584677544853422
-0.15970000000000018,2.6426807081478887
-0.15870000000000006,2.6808779132442444
-0.15770000000000017,2.7318075200393857
-0.15670000000000006,2.770004725135742
-0.15570000000000017,2.823763754530613
-0.15470000000000006,2.854887403127644
-0.15370000000000017,2.9044022986229203
-0.15270000000000006,2.9341112359200863
-0.15170000000000017,2.989284976614823
-0.15070000000000006,3.047288139909289
-0.14970000000000017,3.0968030354045655
-0.14870000000000005,3.1364149518007864
-0.14770000000000016,3.1944181150952526
-0.14670000000000005,3.2297858975918787
-0.14570000000000016,3.287789060886346
-0.14470000000000005,3.3429628015810815
-0.14370000000000016,3.3769158727778423
-0.14270000000000005,3.447651437771094
-0.14170000000000016,3.505654601065561
-0.14070000000000005,3.543851806161917
-0.13970000000000016,3.6046843920561136
-0.13870000000000005,3.6259050615540893
-0.13770000000000016,3.7051288943465317
-0.13670000000000004,3.781523304539243
-0.13570000000000015,3.8310382000345196
-0.13470000000000004,3.8777236729300655
-0.13370000000000015,3.935726836224532
-0.13270000000000004,3.9894858656194034
-0.13170000000000015,4.050318451513601
-0.13070000000000004,4.101248058308742
-0.12970000000000015,4.162080644202938
-0.12870000000000004,4.24696332219484
-0.12770000000000015,4.309210619388901
-0.12670000000000003,4.3728726278828285
-0.12570000000000014,4.406825699079589
-0.12470000000000003,4.486049531872031
-0.12370000000000014,4.555370385565419
-0.12270000000000003,4.624691239258805
-0.12170000000000014,4.672791423454216
-0.12070000000000003,4.757674101446118
-0.11970000000000014,4.8383126455384255
-0.11870000000000003,4.9175364783308675
-0.11770000000000014,4.995345599823445
-0.11670000000000003,5.066081164816696
-0.11570000000000014,5.132572595910353
-0.11470000000000002,5.203308160903605
-0.11370000000000013,5.281117282396182
-0.11270000000000002,5.360341115188624
-0.11170000000000013,5.445223793180525
-0.11070000000000024,5.523032914673103
-0.10970000000000013,5.602256747465545
-0.10870000000000024,5.670162889859067
-0.10770000000000013,5.7706073921494845
-0.10670000000000024,5.885199007438552
-0.10570000000000013,5.977155241929781
-0.10470000000000024,6.063452631221548
-0.10370000000000013,6.141261752714124
-0.10270000000000024,6.224729719406161
-0.10170000000000012,6.2954652843994126
-0.10070000000000023,6.35629787029361
-0.09970000000000012,6.4850365985813285
-0.09870000000000023,6.632166573767292
-0.09770000000000012,6.725537519558384
-0.09670000000000023,6.827396733148667
-0.09570000000000012,6.893888164242324
-0.09470000000000023,6.992917955232877
-0.09370000000000012,7.093362457523294
-0.09270000000000023,7.200880516313037
-0.09170000000000011,7.331033955900621
-0.09070000000000022,7.464016818087933
-0.08970000000000011,7.598414391575112
-0.08870000000000022,7.663491111368903
-0.08770000000000011,7.772423881458511
-0.08670000000000022,7.892674341947039
-0.08570000000000011,8.025657204134353
-0.08470000000000022,8.073757388329765
-0.08370000000000011,8.236449187814243
-0.08270000000000022,8.35387022570304
-0.0817000000000001,8.47129126359184
-0.08070000000000022,8.597200569279828
-0.0797000000000001,8.71320689586876
-0.07870000000000021,8.830627933757558
-0.0777000000000001,8.965025507244738
-0.07670000000000021,9.107911348531106
-0.0757000000000001,9.246553055917879
-0.07470000000000021,9.362559382506815
-0.0737000000000001,9.487053976894938
-0.07270000000000021,9.61720741648252
-0.0717000000000001,9.7516049899697
-0.07070000000000021,9.900149676455525
-0.0697000000000001,10.043035517741895
-0.0687000000000002,10.185921359028264
-0.0677000000000001,10.320318932515441
-0.0667000000000002,10.450472372103025
-0.06570000000000009,10.590528790789664
-0.0647000000000002,10.733414632076032
-0.06370000000000009,10.877715184662266
-0.0627000000000002,11.027674582447961
-0.06170000000000009,11.18470753673298
-0.0607000000000002,11.320519821520024
-0.059700000000000086,11.486041043604232
-0.058700000000000196,11.616194483191816
-0.057700000000000085,11.759080324478186
-0.056700000000000195,11.9203574126628
-0.05570000000000008,12.066072676548897
-0.05470000000000019,12.225935053433647
-0.05370000000000008,12.353259070421501
-0.05270000000000019,12.508877313406655
-0.05170000000000008,12.671569112891135
-0.05070000000000019,12.837090334975343
-0.04970000000000008,12.991293866660634
-0.04870000000000019,13.139838553146461
-0.047700000000000076,13.296871507431481
-0.046700000000000186,13.432683792218524
-0.045700000000000074,13.596790303002868
-0.044700000000000184,13.804752864083028
-0.04370000000000007,13.950468127969126
-0.04270000000000018,14.087695124056035
-0.04170000000000007,14.231995676642269
-0.04070000000000018,14.359319693630123
-0.03970000000000007,14.500790823616628
-0.03870000000000018,14.65640906660178
-0.03770000000000007,14.812027309586934
-0.03670000000000018,14.995939778569388
-0.035700000000000065,15.123263795557243
-0.034700000000000175,15.264734925543747
-0.03370000000000006,15.4203531685289
-0.03270000000000017,15.575971411514052
-0.03170000000000006,15.731589654499205
-0.03070000000000017,15.88720789748436
-0.02970000000000006,16.04282614046952
-0.02870000000000017,16.184297270456018
-0.027700000000000058,16.339915513441174
-0.026700000000000168,16.481386643427676
-0.025700000000000056,16.637004886412832
-0.024700000000000166,16.806770242396635
-0.023700000000000054,16.99068271137909
-0.022700000000000164,17.174595180361546
-0.021700000000000053,17.28777208435075
-0.020700000000000163,17.40094898833995
-0.01970000000000005,17.556567231325104
-0.01870000000000016,17.698038361311607
-0.01770000000000005,17.867803717295413
-0.01670000000000016,17.995127734283265
-0.015700000000000047,18.122451751271118
-0.014700000000000157,18.23562865526032
-0.013700000000000045,18.320511333252224
-0.012700000000000156,18.433688237241427
-0.011700000000000044,18.546865141230633
-0.010700000000000154,18.716630497214435
-0.009700000000000042,18.80151317520634
-0.008700000000000152,18.92883719219419
-0.00770000000000004,19.112749661176647
-0.00670000000000015,19.1834852261699
-0.005700000000000038,19.31080924315775
-0.0047000000000001485,19.4381332601456
-0.0037000000000000366,19.452280373144255
-0.0027000000000001467,19.395691921149652
-0.0017000000000000348,19.508868825138855
-0.000700000000000145,19.65033995512536
0.00029999999999996696,19.947429328097016
0.0012999999999998568,20.03231200608892
0.0022999999999999687,20.01816489309027
0.0032999999999998586,20.117194684080822
0.0042999999999999705,20.06060623208622
0.00529999999999986,20.17378313607542
0.006299999999999972,20.25866581406732
0.007299999999999862,20.272812927065978
0.008299999999999974,20.371842718056527
0.009299999999999864,20.598196526034933
0.010299999999999976,20.654784978029536
0.011299999999999866,20.654784978029536
0.012299999999999978,20.711373430024135
0.013299999999999867,19.636192842126707
0.012299999999999978,18.19318731626437
0.011299999999999866,17.20288940635885
0.010299999999999976,16.325768400442524
0.009299999999999864,15.505235846520803
0.008299999999999974,14.755438857592333
0.007299999999999862,14.016959559062784
0.006299999999999972,13.335068712527836
0.00529999999999986,12.651763154693022
0.0042999999999999705,12.032119605352138
0.0032999999999998586,11.445014415908147
0.0022999999999999687,10.870641628162943
0.0012999999999998568,10.330221911614498
0.00029999999999996696,9.812437575863894
-0.000700000000000145,9.330021022609918
-0.0017000000000000348,8.85892215975486
-0.0027000000000001467,8.421776368096562
-0.0037000000000000366,7.993118844237457
-0.0047000000000001485,7.5941702576755175
-0.005700000000000038,7.2022952276129
-0.00670000000000015,6.814664331449882
-0.00770000000000004,6.463815929083352
-0.008700000000000152,6.124285217115744
-0.009700000000000042,5.793242772947325
-0.010700000000000154,5.484835709576747
-0.011700000000000044,5.2188699852021205
-0.012700000000000156,4.906218787931947
-0.013700000000000045,4.652985465256107
-0.014700000000000157,4.396922719980535
-0.015700000000000047,4.147933531204288
-0.01670000000000016,3.9003590537279056
-0.01770000000000005,3.661272844050715
-0.01870000000000016,3.447651437771094
-0.01970000000000005,3.2411035879907995
-0.020700000000000163,3.0232380478115832
-0.021700000000000053,2.8308373110299385
-0.022700000000000164,2.6455101307476188
-0.023700000000000054,2.4700859295643536
-0.024700000000000166,2.2918323057813597
-0.025700000000000056,2.1192375271978254
-0.026700000000000168,1.9607898616129409
-0.027700000000000058,1.8009274847281918
-0.02870000000000017,1.653797509542228
-0.02970000000000006,1.5094969569559942
-0.03070000000000017,1.3688746537494096
-0.03170000000000006,1.236457676082042
-0.03270000000000017,1.103899227284688
-0.03370000000000006,0.9801119885464974
-0.034700000000000175,0.866793613427308
-0.035700000000000065,0.7434307880790767
-0.03670000000000018,0.6296879995699278
-0.03770000000000007,0.521321114000266
-0.03870000000000018,0.41083216148080665
-0.03970000000000007,0.3142073797000246
-0.04070000000000018,0.21093345480987696
-0.04170000000000007,0.11324763955419619
-0.04270000000000018,0.02310223552679605
-0.04370000000000007,-0.0676656414725447
-0.044700000000000184,-0.15618412750510002
-0.045700000000000074,-0.24050092097705625
-0.046700000000000186,-0.33019361738849956
-0.047700000000000076,-0.406163614191252
-0.04870000000000019,-0.4858118603736536
-0.04970000000000008,-0.5641868663861767
-0.05070000000000019,-0.6337906623395364
-0.05170000000000008,-0.7076385921924914
-0.05270000000000019,-0.7776668015358106
-0.05370000000000008,-0.846280299579265
-0.05470000000000019,-0.9143279131027732
-0.05570000000000008,-0.9767166814268213
-0.056700000000000195,-1.0382566229709504
-0.057700000000000085,-1.1096995436141348
-0.058700000000000196,-1.1633171018790196
-0.059700000000000086,-1.2295255907127036
-0.0607000000000002,-1.2907825899968595
-0.06170000000000009,-1.3571325499605296
-0.0627000000000002,-1.409476868055536
-0.06370000000000009,-1.459982061460718
-0.0647000000000002,-1.5080822456561291
-0.06570000000000009,-1.5533530072518102
-0.0667000000000002,-1.6071120366466816
-0.0677000000000001,-1.6806770242396636
-0.0687000000000002,-1.7287772084350748
-0.0697000000000001,-1.769803836131161
-0.07070000000000021,-1.8292217107254924
-0.0717000000000001,-1.8631747819222533
-0.07270000000000021,-1.9126896774175295
-0.0737000000000001,-1.959375150313076
-0.07470000000000021,-2.007475334508487
-0.0757000000000001,-2.0640637865030884
-0.07670000000000021,-2.1065051254990395
-0.0777000000000001,-2.161678866193776
-0.07870000000000021,-2.205534916489592
-0.0797000000000001,-2.249390966785408
-0.08070000000000022,-2.2904175944814944
-0.0817000000000001,-2.32861479957785
-0.08270000000000022,-2.382373828972722
-0.08370000000000011,-2.4318887244679983
-0.08470000000000022,-2.4828183312631396
-0.08570000000000011,-2.5210155363594953
-0.08670000000000022,-2.5705304318547717
-0.08770000000000011,-2.6044835030515325
-0.08870000000000022,-2.658242532446404
-0.08970000000000011,-2.6738043567449195
-0.09070000000000022,-2.7233192522401954
-0.09170000000000011,-2.7869812607341222
-0.09270000000000023,-2.8506432692280486
-0.09370000000000012,-2.8845963404248094
-0.09470000000000023,-2.927037679420761
-0.09570000000000012,-2.976552574916037
-0.09670000000000023,-3.003432089613473
-0.09770000000000012,-3.0571911190083445
-0.09870000000000023,-3.08690005630551
-0.09970000000000012,-3.1576356212987617
-0.10070000000000023,-3.208565228093903
-0.10170000000000012,-3.2411035879907995
-0.10270000000000024,-3.2906184834860754
-0.10370000000000013,-3.3344745337818917
-0.10470000000000024,-3.392477697076358
-0.10570000000000013,-3.4236013456733887
-0.10670000000000024,-3.4900927767670455
-0.10770000000000013,-3.5282899818634013
-0.10870000000000024,-3.5679018982596227
-0.10970000000000013,-3.6329786180534143
-0.11070000000000024,-3.688152358748151
-0.11170000000000013,-3.7390819655432916
-0.11270000000000002,-3.7871821497387033
-0.11370000000000013,-3.833867622634249
-0.11470000000000002,-3.85084415823263
-0.11570000000000014,-3.9074326102272314
-0.11670000000000003,-3.9781681752204827
-0.11770000000000014,-4.04748902891387
-0.11870000000000003,-4.111151037407797
-0.11970000000000014,-4.142274686004828
-0.12070000000000003,-4.220083807497405
-0.12170000000000014,-4.25828101259376
-0.12270000000000003,-4.302137062889576
-0.12370000000000014,-4.330431288886877
-0.12470000000000003,-4.430875791177296
-0.12570000000000014,-4.500196644870682
-0.12670000000000003,-4.5765910550633935
-0.12770000000000015,-4.61195883756002
-0.12870000000000004,-4.6614737330552956
-0.12970000000000015,-4.725135741549222
-0.13070000000000004,-4.737868143248008
-0.13170000000000015,-4.826994955139505
-0.13270000000000004,-4.901974654032353
-0.13370000000000015,-4.971295507725738
-0.13470000000000004,-5.0335428049198
-0.13570000000000015,-5.098619524713592
-0.13670000000000004,-5.166525667107114
-0.13770000000000016,-5.234431809500635
-0.13870000000000005,-5.2924349727951014
-0.13970000000000016,-5.361755826488489
-0.14070000000000005,-5.4225884123826855
-0.14170000000000016,-5.5003975338752635
-0.14270000000000005,-5.576791944067974
-0.14370000000000016,-5.641868663861766
-0.14470000000000005,-5.716848362754614
-0.14570000000000016,-5.781925082548405
-0.14670000000000005,-5.848416513642062
-0.14770000000000016,-5.926225635134639
-0.14870000000000005,-6.006864179226946
-0.14970000000000017,-6.074770321620467
-0.15070000000000006,-6.158238288312504
-0.15170000000000017,-6.2360474098050815
-0.15270000000000006,-6.3081976860981985
-0.15370000000000017,-6.391665652790236
-0.15470000000000006,-6.465230640383218
-0.15570000000000017,-6.5515280296749845
-0.15670000000000006,-6.633581285067157
-0.15770000000000017,-6.715634540459329
-0.15870000000000006,-6.800517218451231
-0.15970000000000018,-6.871252783444484
-0.16070000000000007,-6.9575501727362505
-0.16170000000000018,-7.048091695927613
-0.16270000000000007,-7.137218507819109
-0.16370000000000018,-7.2334188762099325
-0.16470000000000007,-7.326789822001024
-0.16570000000000018,-7.398940098294142
-0.16670000000000007,-7.495140466684964
-0.16770000000000018,-7.5814378559767315
-0.16870000000000007,-7.66490582266877
-0.16970000000000018,-7.763935613659322
-0.17070000000000007,-7.860135982050143
-0.17170000000000019,-7.964824618240158
-0.17270000000000008,-8.053951430131654
-0.1737000000000002,-8.128931129024501
-0.17470000000000008,-8.23786389911411
-0.1757000000000002,-8.343967246603986
-0.17670000000000008,-8.448655882793998
-0.1777000000000002,-8.530709138186172
-0.17870000000000008,-8.614177104878209
-0.1797000000000002,-8.752818812264982
-0.18070000000000008,-8.851848603255535
-0.1817000000000002,-8.933901858647706
-0.18270000000000008,-9.031516938338395
-0.1837000000000002,-9.139034997128135
-0.1847000000000001,-9.250797189817476
-0.1857000000000002,-9.368218227706274
-0.1867000000000001,-9.478565709095745
-0.1877000000000002,-9.581839633985894
-0.1887000000000001,-9.690772404075501
-0.1897000000000002,-9.784143349866595
-0.1907000000000001,-9.891661408656336
-0.1917000000000001,-10.00200889004581
-0.19269999999999998,-10.122259350534337
-0.1937000000000001,-10.236850965823406
-0.19469999999999998,-10.350027869812608
-0.1957000000000001,-10.45754592860235
-0.19669999999999999,-10.557990430892769
-0.1977000000000001,-10.673996757481701
-0.1987,-10.80273548576942
-0.1997000000000001,-10.915912389758622
-0.2007,-11.022015737248502
-0.2017000000000001,-11.139436775137298
-0.2027,-11.237051854827985
-0.2037000000000001,-11.35022875881719
-0.2047,-11.480382198404772
-0.2057000000000001,-11.60629150409276
-0.2067,-11.733615521080614
-0.2077000000000001,-11.825571755571842
-0.2087,-11.93167510306172
-0.2097000000000001,-12.034949027951868
-0.2107,-12.15378477714053
-0.2117000000000001,-12.285352928027978
-0.2127,-12.399944543317048
-0.2137000000000001,-12.513121447306249
-0.2147,-12.62063950609599
-0.2157000000000001,-12.74937823438371
-0.2167,-12.849822736674128
-0.21770000000000012,-12.94319368246522
-0.2187,-13.047882318655235
-0.21970000000000012,-13.163888645244166
-0.2207,-13.264333147534584
-0.22170000000000012,-13.352045248126215
-0.2227,-13.46522215211542
-0.22370000000000012,-13.555763675306782
-0.2247,-13.67318471319558
-0.22570000000000012,-13.750993834688156
-0.2267,-13.837291223979923
-0.22770000000000012,-13.941979860169937
-0.22870000000000001,-14.022618404262245
-0.22970000000000013,-14.07779214495698
-0.23070000000000002,-14.147112998650368
-0.23170000000000013,-14.231995676642269
-0.23270000000000002,-14.30273124163552
-0.23370000000000013,-14.387613919627421
-0.23470000000000002,-14.430055258623375
-0.23570000000000013,-14.486643710617974
-0.23670000000000002,-14.529085049613924
-0.2376999999999999,-14.57152638860988
-0.23870000000000002,-14.62811484060448
-0.2396999999999999,-14.642261953603128
-0.24070000000000003,-14.684703292599082
-0.24169999999999991,-14.69885040559773
-0.24270000000000003,-14.71299751859638
-0.24369999999999992,-14.727144631595033
-0.24470000000000003,-14.727144631595033
-0.24569999999999992,-14.741291744593681
-0.24670000000000003,-14.727144631595033
-0.24769999999999992,-14.684703292599082
-0.24870000000000003,-14.65640906660178
-0.24969999999999992,-14.62811484060448
-0.25070000000000003,-14.585673501608527
-0.2516999999999999,-14.557379275611227
-0.25270000000000004,-14.500790823616628
-0.2536999999999999,-14.430055258623375
-0.25470000000000004,-14.373466806628771
-0.2556999999999999,-14.288584128636872
-0.25670000000000004,-14.203701450644967
-0.25769999999999993,-14.10325694835455
-0.25870000000000004,-14.00139773476427
-0.25969999999999993,-13.896709098574254
-0.26070000000000004,-13.796264596283837
-0.26169999999999993,-13.685917114894366
-0.26270000000000004,-13.568496077005566
-0.26369999999999993,-13.431269080918659
-0.26470000000000005,-13.292627373531884
-0.26569999999999994,-13.166718067843897
-0.26670000000000005,-13.026661649157258
-0.26769999999999994,-12.893678786969945
-0.26870000000000005,-12.73806054398479
-0.26969999999999994,-12.598004125298152
-0.27070000000000005,-12.45653299531165
-0.27169999999999994,-12.300914752326493
-0.27270000000000005,-12.146711220641206
-0.27369999999999994,-11.996751822855511
-0.27470000000000006,-11.855280692869009
-0.27569999999999995,-11.703906583783448
-0.27670000000000006,-11.565264876396675
-0.27769999999999995,-11.433696725509227
-0.27870000000000006,-11.297884440722184
-0.27969999999999995,-11.13660735253757
-0.28070000000000006,-11.000795067750527
-0.28169999999999995,-10.883374029861727
-0.28270000000000006,-10.753220590274143
-0.28369999999999995,-10.634384841085481
-0.28470000000000006,-10.515549091896817
-0.28569999999999995,-10.410860455706805
-0.28670000000000007,-10.300512974317332
-0.28769999999999996,-10.19299491552759
-0.28870000000000007,-10.103868103636094
-0.28969999999999996,-10.02747369344338
-0.29070000000000007,-9.939761592851747
-0.29169999999999996,-9.85629362615971
-0.29270000000000007,-9.778484504667134
-0.29369999999999996,-9.699260671874692
-0.2947000000000001,-9.655404621578874
-0.29569999999999996,-9.598816169584273
-0.2967000000000001,-9.546471851489269
-0.29769999999999996,-9.509689357692777
-0.2987000000000001,-9.464418596097095
-0.29969999999999997,-9.433294947500064
-0.3007000000000001,-9.402171298903033
-0.30169999999999997,-9.390853608504113
-0.3027000000000001,-9.385194763304654
-0.30369999999999997,-9.366803516406407
-0.3047000000000001,-9.362559382506815
-0.30569999999999997,-9.361144671206947
-0.3067000000000001,-9.368218227706274
-0.3077,-9.379535918105192
-0.3087000000000001,-9.403586010202897
-0.3097,-9.421977257101144
-0.3107000000000001,-9.4601744621975
-0.3117,-9.48563926559507
-0.3127000000000001,-9.519592336791833
-0.3137,-9.563448387087647
-0.3147000000000001,-9.610133859983193
-0.3157,-9.672381157177256
-0.3167000000000001,-9.727554897871993
-0.3177,-9.77706979336727
-0.3187000000000001,-9.832243534062004
-0.3197,-9.908637944254718
-0.3207000000000001,-9.98786177704716
-0.3217,-10.074159166338926
-0.3227000000000001,-10.146309442632043
-0.3237,-10.231192120623945
-0.3247000000000001,-10.327392489014768
-0.3257,-10.409445744406941
-0.3267000000000001,-10.521207937096278
-0.3277,-10.62306715068656
-0.3287000000000001,-10.724926364276843
-0.3297,-10.83668855696618
-0.3307000000000001,-10.94562132705579
-0.3317,-11.074360055343508
-0.3327000000000001,-11.19036638193244
-0.3337,-11.31627568762043
-0.3347000000000001,-11.450673261107607
-0.3357,-11.590729679794245
-0.3367000000000001,-11.72088311938183
-0.3377,-11.865183671968062
-0.3387000000000001,-12.002410668054972
-0.3397,-12.14246708674161
-0.3407000000000001,-12.293841195827168
-0.3417,-12.448044727512457
-0.3427000000000001,-12.631957196494911
-0.3437,-12.787575439480067
-0.3447000000000001,-12.94319368246522
-0.3457,-13.103056059349969
-0.3467000000000001,-13.27140670403391
-0.3477,-13.452489750416634
-0.3487000000000001,-13.640646353298685
-0.3497,-13.82172939968141
-0.3507000000000001,-14.00139773476427
-0.3517,-14.189554337646317
-0.3527000000000001,-14.387613919627421
-0.3537,-14.585673501608527
-0.3547000000000001,-14.769585970590983
-0.3557,-14.98179266557074
-0.35670000000000013,-15.193999360550496
-0.3577,-15.3920589425316
-0.35870000000000013,-15.604265637511356
-0.3597,-15.816472332491113
-0.36070000000000013,-16.04282614046952
-0.3617,-16.25503283544927
-0.3626999999999999,-16.481386643427676
-0.3637,-16.70774045140608
-0.3646999999999999,-16.94824137238314
-0.3657,-17.20288940635885
-0.3666999999999999,-17.429243214337255
-0.3677,-17.641449909317007
-0.3686999999999999,-17.881950830294063
-0.36970000000000003,-18.15074597726842
-0.3706999999999999,-18.391246898245473
-0.37170000000000003,-18.660042045219836
-0.3726999999999999,-18.92883719219419
-0.37370000000000003,-19.155191000172596
-0.3746999999999999,-19.409839034148305
-0.37570000000000003,-19.664487068124007
-0.3766999999999999,-19.98987066709297
-0.37770000000000004,-20.25866581406732
-0.3786999999999999,-20.52746096104168
-0.37970000000000004,-20.79625610801604
-0.3806999999999999,-21.065051254990397
-0.38170000000000004,-21.362140627962056
-0.38269999999999993,-21.645082887935057
-0.38370000000000004,-21.94217226090672
-0.38469999999999993,-22.239261633878378
-0.38570000000000004,-22.550498119848687
-0.38669999999999993,-22.84758749282034
-0.38770000000000004,-23.144676865792
-0.38869999999999993,-23.427619125765005
-0.38970000000000005,-23.753002724733967
-0.39069999999999994,-24.064239210704276
-0.39170000000000005,-24.34718147067728
-0.39269999999999994,-24.686712182644893
-0.39370000000000005,-24.927213103621945
-0.39469999999999994,-25.42236205857471
-0.39570000000000005,-25.77603988354097
-0.39669999999999994,-26.14386482150588
-0.39770000000000005,-26.440954194477534
-0.39869999999999994,-26.766337793446493
-0.39970000000000006,-27.049280053419505
-0.40069999999999995,-27.38881076538711
-0.40170000000000006,-27.756635703352025
-0.40269999999999995,-28.12446064131693
-0.40370000000000006,-28.44984424028589
-0.40469999999999995,-28.987434534234602
-0.40570000000000006,-29.213788342213007
-0.40669999999999995,-29.609907506175215
-0.40770000000000006,-29.836261314153624
-0.40869999999999995,-30.246527591114486
-0.40970000000000006,-30.656793868075347
-0.41069999999999995,-31.067060145036205
-0.41170000000000007,-31.449032195999767
-0.41269999999999996,-31.85929847296063
-0.41370000000000007,-32.340300314914735
-0.41469999999999996,-32.65153680088505
-0.41570000000000007,-33.0335088518486
-0.41669999999999996,-33.45792224180811
-0.41770000000000007,-33.670128936787876
-0.41869999999999996,-33.99551253575683
-0.4197000000000001,-34.53310282970554
-0.42069999999999996,-34.94336910666641
-0.4217000000000001,-35.396076722623214
-0.42269999999999996,-35.778048773586775
-0.4237000000000001,-36.20246216354629
-0.42469999999999997,-36.570287101511205
-0.4257000000000001,-37.00884760446935
-0.42669999999999997,-37.41911388143023
-0.4277000000000001,-37.87182149738703
-0.42869999999999997,-38.31038200034519
-0.4297000000000001,-38.777236729300654
-0.43069999999999997,-39.229944345257465
-0.4317000000000001,-39.640210622218326
-0.4327,-40.10706535117379
-0.4337000000000001,-40.5880671931279
-0.4347,-40.97003924409146
-0.4357000000000001,-41.42274686004827
-0.4367,-41.84716025000779
-0.4377000000000001,-42.34230920496055
-0.4387,-42.85160527291196
-0.4397000000000001,-43.27601866287147
-0.4407,-43.74287339182693
-0.4417000000000001,-44.25216945977835
-0.4427,-44.80390686672572
-0.4437000000000001,-45.07270201370007
-0.4447,-45.596145194650134
-0.4457000000000001,-45.97811724561369
-0.4467,-46.643031556550255
-0.4477000000000001,-47.13818051150302
-0.4487,-47.57674101446119
-0.4497000000000001,-48.156772647405845
-0.4507,-48.63777448935996
-0.4517000000000001,-49.118776331314066
-0.4527,-49.58563106026953
-0.4537000000000001,-50.094927128220945
-0.4547,-50.61837030917101
-0.4557000000000001,-51.18425482911703
-0.4567,-51.70769801006709
-0.4577000000000001,-52.23114119101716
-0.4587,-52.72629014596991
-0.4597000000000001,-53.33461600491189
-0.4607,-53.872206298860604
-0.4617000000000001,-54.409796592809315
-0.4627,-55.018122451751275
-0.4637000000000001,-55.484977180706736
-0.4647,-56.022567474655446
-0.4657000000000001,-56.57430488160282
-0.4667,-57.111895175551524
-0.4677000000000001,-57.70607392149485
-0.4687,-58.27195844144086
-0.4697000000000001,-58.85199007438552
-0.4707,-59.389580368334244
-0.4717000000000001,-59.99790622727621
-0.4727,-60.521349408226264
-0.4737000000000001,-61.11552815416958
-0.4747,-61.6531184481183
-0.4757000000000001,-62.28973853305756
-0.4767,-62.855623053003576
-0.4777000000000001,-63.421507572949594
-0.4787,-64.01568631889292
-0.4797000000000001,-64.58157083883891
-0.4807,-65.20404381077954
-0.48170000000000013,-65.7557812177269
-0.4827,-66.36410707666887
-0.48370000000000013,-66.98658004860948
-0.4847,-67.59490590755146
-0.48570000000000013,-68.13249620150016
-0.4867,-67.67978858554335
-0.48570000000000013,-66.70363778863647
-0.4847,-65.78407544372419
-0.48370000000000013,-65.11916113278764
-0.4827,-64.19959878787537
-0.48170000000000013,-63.59127292893339
-0.4807,-62.71415192301708
-0.4797000000000001,-61.9926491600859
-0.4787,-61.21455794516014
-0.4777000000000001,-60.49305518222897
-0.4767,-59.67252262830725
-0.4757000000000001,-58.86613718738417
-0.4747,-58.21536998944626
-0.4737000000000001,-57.423131661521836
-0.4727,-56.68748178559202
-0.4717000000000001,-55.96597902266086
-0.4707,-55.15959358173778
-0.4697000000000001,-54.324913914817415
-0.4687,-53.46194002189973
-0.4677000000000001,-52.86776127595642
-0.4667,-52.16040562602391
-0.4657000000000001,-51.410608637095436
-0.4647,-50.78813566515482
-0.4637000000000001,-50.1656626932142
-0.4627,-49.514895495276285
-0.4617000000000001,-48.83583407134107
-0.4607,-48.21336109940045
-0.4597000000000001,-47.54844678846388
-0.4587,-47.01085649451517
-0.4577000000000001,-46.41667774857186
-0.4567,-45.76591055063393
-0.4557000000000001,-45.157584691691966
-0.4547,-44.506817493754056
-0.4537000000000001,-43.95508008680669
-0.4527,-43.40334267985933
-0.4517000000000001,-42.87989949890926
-0.4507,-42.31401497896325
-0.4497000000000001,-41.79057179801318
-0.4487,-41.168098826072566
-0.4477000000000001,-40.602214306126555
-0.4467,-40.092918238175145
-0.4457000000000001,-39.62606350921968
-0.4447,-39.116767441268266
-0.4437000000000001,-38.57917714731955
-0.4427,-38.06988107936814
-0.4417000000000001,-37.57473212441538
-0.4407,-37.06543605646396
-0.4397000000000001,-36.570287101511205
-0.4387,-36.03269680756248
-0.4377000000000001,-35.62243053060162
-0.4367,-35.169722914644815
-0.4357000000000001,-34.6604268466934
-0.4347,-34.25016056973254
-0.4337000000000001,-33.825747179773025
-0.4327,-33.41548090281216
-0.4317000000000001,-32.9486261738567
-0.43069999999999997,-32.51006567089854
-0.4297000000000001,-32.09979939393769
-0.42869999999999997,-31.675386003978172
-0.4277000000000001,-31.23682550102001
-0.42669999999999997,-30.82655922405915
-0.4257000000000001,-30.416292947098288
-0.42469999999999997,-30.09090934812933
-0.4237000000000001,-29.80796708815632
-0.42269999999999996,-29.29867102020491
-0.4217000000000001,-28.91669896924135
-0.42069999999999996,-28.478138466283188
-0.4197000000000001,-28.09616641531963
-0.41869999999999996,-27.700047251357418
-0.41770000000000007,-27.332222313392506
-0.41669999999999996,-26.97854448842625
-0.41570000000000007,-26.61071955046134
-0.41469999999999996,-26.21460038649913
-0.41370000000000007,-25.846775448534224
-0.41269999999999996,-25.507244736566612
-0.41170000000000007,-25.153566911600354
-0.41069999999999995,-24.856477538628695
-0.40970000000000006,-24.531093939659737
-0.40869999999999995,-24.20571034069078
-0.40770000000000006,-23.88032674172182
-0.40669999999999995,-23.526648916755562
-0.40570000000000006,-23.24370665678255
-0.40469999999999995,-22.946617283810895
-0.40370000000000006,-22.607086571843286
-0.40269999999999995,-22.295850085872978
-0.40170000000000006,-21.99876071290132
-0.40069999999999995,-21.68752422693101
-0.39970000000000006,-21.404581966958006
-0.39869999999999994,-21.107492593986347
-0.39770000000000005,-20.810403221014692
-0.39669999999999994,-20.541608074040333
-0.39570000000000005,-20.25866581406732
-0.39469999999999994,-19.97572355409432
-0.39370000000000005,-19.70692840711996
-0.39269999999999994,-19.4381332601456
-0.39170000000000005,-19.2400736781645
-0.39069999999999994,-18.92883719219419
-0.38970000000000005,-18.674189158218486
-0.38869999999999993,-18.391246898245473
-0.38770000000000004,-18.164893090267068
-0.38669999999999993,-17.924392169290012
-0.38570000000000004,-17.641449909317007
-0.38469999999999993,-17.386801875341302
-0.38370000000000004,-17.188742293360193
-0.38269999999999993,-16.93409425938449
-0.38170000000000004,-16.70774045140608
-0.3806999999999999,-16.481386643427676
-0.37970000000000004,-16.19844438345467
-0.3786999999999999,-15.957943462477614
-0.37770000000000004,-15.731589654499205
-0.3766999999999999,-15.519382959519453
-0.37570000000000003,-15.335470490536997
-0.3746999999999999,-15.123263795557243
-0.37370000000000003,-14.911057100577487
-0.3726999999999999,-14.684703292599082
-0.37170000000000003,-14.472496597619326
-0.3706999999999999,-14.274437015638219
-0.36970000000000003,-14.04383907376022
-0.3686999999999999,-13.834461801380193
-0.3677,-13.639231641998819
-0.3666999999999999,-13.444001482617443
-0.3657,-13.245941900636339
-0.3646999999999999,-13.043638184755638
-0.3637,-12.832846201075748
-0.3626999999999999,-12.647519020793428
-0.3617,-12.474924242209893
-0.36070000000000013,-12.279694082828517
-0.3597,-12.098611036445792
-0.35870000000000013,-11.900551454464688
-0.3577,-11.750592056678995
-0.35670000000000013,-11.56950901029627
-0.3557,-11.40115836561233
-0.3547000000000001,-11.245540122627176
-0.3537,-11.064457076244452
-0.3527000000000001,-10.880544607261996
-0.3517,-10.716438096477654
-0.3507000000000001,-10.557990430892769
-0.3497,-10.372663250610449
-0.3487000000000001,-10.211386162425834
-0.3477,-10.04727965164149
-0.3467000000000001,-9.893076119956202
-0.3457,-9.728969609171857
-0.3447000000000001,-9.584669056585623
-0.3437,-9.427636102300605
-0.3427000000000001,-9.270603148015587
-0.3417,-9.126302595429351
-0.3407000000000001,-8.980587331543253
-0.3397,-8.830627933757558
-0.3387000000000001,-8.677839113372134
-0.3377,-8.522220870386981
-0.3367000000000001,-8.403385121198317
-0.3357,-8.270402259011005
-0.3347000000000001,-8.127516417724635
-0.3337,-7.984630576438266
-0.3327000000000001,-7.845988869051494
-0.3317,-7.70734716166472
-0.3307000000000001,-7.575779010777271
-0.3297,-7.455528550288744
-0.3287000000000001,-7.335278089800215
-0.3277,-7.227760031010472
-0.3267000000000001,-7.079215344524644
-0.3257,-6.939158925838006
-0.3247000000000001,-6.825982021848802
-0.3237,-6.709975695259868
-0.3227000000000001,-6.591139946071206
-0.3217,-6.470889485582678
-0.3207000000000001,-6.37327440589199
-0.3197,-6.233217987205351
-0.3187000000000001,-6.114382238016689
-0.3177,-6.009693601826676
-0.3167000000000001,-5.8951019865376075
-0.3157,-5.779095659948675
-0.3147000000000001,-5.6715776011589325
-0.3137,-5.556985985869864
-0.3127000000000001,-5.443809081880661
-0.3117,-5.351852847389433
-0.3107000000000001,-5.249993633799152
-0.3097,-5.148134420208869
-0.3087000000000001,-5.046275206618586
-0.3077,-4.937342436528978
-0.3067000000000001,-4.8453862020377505
-0.30569999999999997,-4.7463564110471985
-0.3047000000000001,-4.654400176555971
-0.30369999999999997,-4.5638586533646075
-0.3027000000000001,-4.466243573673921
-0.30169999999999997,-4.371457916582963
-0.3007000000000001,-4.334675422786473
-0.29969999999999997,-4.198863137999429
-0.2987000000000001,-4.098418635709011
-0.29769999999999996,-4.01636538031684
-0.2967000000000001,-3.932897413624801
-0.29569999999999996,-3.849429446932765
-0.2947000000000001,-3.751814367242077
-0.29369999999999996,-3.669761111849905
-0.29270000000000007,-3.589122567757598
-0.29169999999999996,-3.504239889765696
-0.29070000000000007,-3.427845479572984
-0.28969999999999996,-3.3415480902812167
-0.28870000000000007,-3.2580801235891794
-0.28769999999999996,-3.1831004246963324
-0.28670000000000007,-3.1067060145036205
-0.28569999999999995,-3.028896893011044
-0.28470000000000006,-2.9539171941181968
-0.28369999999999995,-2.8803522065252145
-0.28270000000000006,-2.8096166415319628
-0.28169999999999995,-2.7360516539389814
-0.28070000000000006,-2.662486666345999
-0.27969999999999995,-2.5945805239524775
-0.27870000000000006,-2.5210155363594953
-0.27769999999999995,-2.451694682666109
-0.27670000000000006,-2.386617962872317
-0.27569999999999995,-2.318711820478795
-0.27470000000000006,-2.2550498119848683
-0.27369999999999994,-2.1871436695913467
-0.27270000000000005,-2.11782281589796
-0.27169999999999994,-2.0598196526034935
-0.27070000000000005,-1.9961576441095665
-0.26969999999999994,-1.9296662130159101
-0.26870000000000005,-1.8702483384215782
-0.26769999999999994,-1.8080010412275167
-0.26670000000000005,-1.7443390327335901
-0.26569999999999994,-1.6919947146385839
-0.26470000000000005,-1.6297474174445223
-0.26369999999999993,-1.5816472332491107
-0.26270000000000004,-1.5236440699546445
-0.26169999999999993,-1.461396772760583
-0.26070000000000004,-1.4082036278856576
-0.25969999999999993,-1.349634580071245
-0.25870000000000004,-1.3001196845759686
-0.25769999999999993,-1.2494730200408002
-0.25670000000000004,-1.1938748659561045
-0.2556999999999999,-1.1442184993308417
-0.25470000000000004,-1.0893277008960784
-0.2536999999999999,-1.0368419116710854
-0.25270000000000004,-0.9881758429557282
-0.2516999999999999,-0.9369632939006136
-0.25070000000000003,-0.8905607632650405
-0.24969999999999992,-0.8410458677697643
-0.24870000000000003,-0.7903992032345959
-0.24769999999999992,-0.7465431529387798
-0.24670000000000003,-0.7012723913430987
-0.24569999999999992,-0.6504842556779438
-0.24470000000000003,-0.6060623208621817
-0.24369999999999992,-0.557537723276811
-0.24270000000000003,-0.518491691400536
-0.24169999999999991,-0.47265504528490876
-0.24070000000000003,-0.4266769280392951
-0.2396999999999999,-0.383952646783371
-0.23870000000000002,-0.3422186634373524
-0.2376999999999999,-0.2989284976614822
-0.23670000000000002,-0.26016540804518024
-0.23570000000000013,-0.2154605309694451
-0.23470000000000002,-0.173868018753413
-0.23370000000000013,-0.13483613399013666
-0.23270000000000002,-0.0902161395923934
-0.23170000000000013,-0.05697042404556502
-0.23070000000000002,-0.012879531673971295
-0.22970000000000013,0.026723896454450544
-0.22870000000000001,0.06412886322288211
-0.22770000000000012,0.10681070313981027
-0.2267,0.13874073717776414
-0.22570000000000012,0.17881950830294063
-0.2247,0.2204120205189727
-0.22370000000000012,0.2540821494557606
-0.2227,0.29100611438223806
-0.22170000000000012,0.3311839152984051
-0.2207,0.36273197728539536
-0.21970000000000012,0.40361713385149495
-0.2187,0.4338919556686068
-0.21770000000000012,0.4730794586748682
-0.2167,0.5094375390813997
-0.2157000000000001,0.5568303676268785
-0.2147,0.5835684111943277
-0.2137000000000001,0.6178044246510616
-0.2127,0.6497769000280114
-0.2117000000000001,0.6861349804345428
-0.2107,0.717683042421533
-0.2097000000000001,0.7529093537881726
-0.2087,0.7913895011445016
-0.2077000000000001,0.8198251982717888
-0.2067,0.8544856251184821
-0.2057000000000001,0.8902778210050675
-0.2047,0.9223917675120039
-0.2037000000000001,0.9595986746984544
-0.2027,0.9887417274756741
-0.2017000000000001,1.0242509811022864
-0.2007,1.0604675903788316
-0.1997000000000001,1.0913082967158894
-0.1987,1.1255443101726232
-0.1977000000000001,1.156950901029627
-0.19669999999999999,1.1913283856163475
-0.1957000000000001,1.2259888124630407
-0.19469999999999998,1.257819816710004
-0.1937000000000001,1.2921973012967245
-0.19269999999999998,1.32798949718331
-0.1917000000000001,1.3588302035203679
-0.1907000000000001,1.3930662169771015
-0.1897000000000002,1.426028990263957
-0.1887000000000001,1.4571526388609877
-0.1877000000000002,1.4953498439573436
-0.1867000000000001,1.5278882038542394
-0.1857000000000002,1.5604265637511354
-0.1847000000000001,1.5972090575476263
-0.1837000000000002,1.6240885722450622
-0.18270000000000008,1.660871066041553
-0.1817000000000002,1.696238848538179
-0.18070000000000008,1.7287772084350748
-0.1797000000000002,1.769803836131161
-0.17870000000000008,1.7980980621284617
-0.1777000000000002,1.8334658446250875
-0.17670000000000008,1.8674189158218486
-0.1757000000000002,1.9013719870186092
-0.17470000000000008,1.9409839034148304
-0.1737000000000002,1.9791811085111866
-0.17270000000000008,2.011719468408082
-0.17170000000000019,2.047087250904708
-0.17070000000000007,2.0782108995017388
-0.16970000000000018,2.11782281589796
-0.16870000000000007,2.156020020994316
-0.16770000000000018,2.192802514790807
-0.16670000000000007,2.2324144311870278
-0.16570000000000018,2.2691969249835187
-0.16470000000000007,2.310223552679605
-0.16370000000000018,2.3455913351762305
-0.16270000000000007,2.379544406372992
-0.16170000000000018,2.4163269001694827
-0.16070000000000007,2.463012373065029
-0.15970000000000018,2.50262428946125
-0.15870000000000006,2.5408214945576058
-0.15770000000000017,2.579018699653962
-0.15670000000000006,2.6143864821505876
-0.15570000000000017,2.666730800245594
-0.15470000000000006,2.69926916014249
-0.15370000000000017,2.744539921738171
-0.15270000000000006,2.785566549434257
-0.15170000000000017,2.823763754530613
-0.15070000000000006,2.8690345161262942
-0.14970000000000017,2.91289056642211
-0.14870000000000005,2.956746616717927
-0.14770000000000016,3.006261512213203
-0.14670000000000005,3.0487028512091543
-0.14570000000000016,3.08972947890524
-0.14470000000000005,3.1392443744005165
-0.14370000000000016,3.1760268681970074
-0.14270000000000005,3.2269564749921487
-0.14170000000000016,3.28071550438702
-0.14070000000000005,3.328815688582431
-0.13970000000000016,3.382574717977303
-0.13870000000000005,3.426430768273119
-0.13770000000000016,3.475945663768395
-0.13670000000000004,3.5268752705635364
-0.13570000000000015,3.573560743459083
-0.13470000000000004,3.6287344841538194
-0.13370000000000015,3.67966409094896
-0.13270000000000004,3.7362525429435625
-0.13170000000000015,3.7928409949381634
-0.13070000000000004,3.8437706017333046
-0.12970000000000015,3.896114919828311
-0.12870000000000004,3.956947505722508
-0.12770000000000015,4.0121212464172435
-0.12670000000000003,4.072953832311441
-0.12570000000000014,4.133786418205637
-0.12470000000000003,4.194619004099834
-0.12370000000000014,4.254036878694166
-0.12270000000000003,4.304966485489307
-0.12170000000000014,4.374287339182693
-0.12070000000000003,4.4393640589764845
-0.11970000000000014,4.505855490070142
-0.11870000000000003,4.572346921163798
-0.11770000000000014,4.63742364095759
-0.11670000000000003,4.696841515551922
-0.11570000000000014,4.770406503144904
-0.11470000000000002,4.8383126455384255
-0.11370000000000013,4.911877633131407
-0.11270000000000002,4.9826131981246595
-0.11170000000000013,5.044860495318721
-0.11070000000000024,5.1198401942115686
-0.10970000000000013,5.204722872203471
-0.10870000000000024,5.283946704995913
-0.10770000000000013,5.361755826488489
-0.10670000000000024,5.426832546282281
-0.10570000000000013,5.506056379074723
-0.10470000000000024,5.582450789267434
-0.10370000000000013,5.668748178559202
-0.10270000000000024,5.753630856551104
-0.10170000000000012,5.838513534543006
-0.10070000000000023,5.926225635134639
-0.09970000000000012,6.008278890526811
-0.09870000000000023,6.095990991118443
-0.09770000000000012,6.183703091710075
-0.09670000000000023,6.268585769701978
-0.09570000000000012,6.35629787029361
-0.09470000000000023,6.453912949984297
-0.09370000000000012,6.557186874874445
-0.09270000000000023,6.6505578206655365
-0.09170000000000011,6.74392876645663
-0.09070000000000022,6.831640867048262
-0.08970000000000011,6.929255946738949
-0.08870000000000022,7.028285737729503
-0.08770000000000011,7.130144951319785
-0.08670000000000022,7.2404924327092575
-0.08570000000000011,7.349425202798865
-0.08470000000000022,7.447040282489553
-0.08370000000000011,7.5418259395805105
-0.08270000000000022,7.645099864470658
-0.0817000000000001,7.7582767684598615
-0.08070000000000022,7.878527228948389
-0.0797000000000001,7.991704132937592
-0.07870000000000021,8.100636903027201
-0.0777000000000001,8.210984384416673
-0.07670000000000021,8.31425830930682
-0.0757000000000001,8.437338192395078
-0.07470000000000021,8.549100385084417
-0.0737000000000001,8.67642440207227
-0.07270000000000021,8.789601306061472
-0.0717000000000001,8.902778210050675
-0.07070000000000021,9.007466846240689
-0.0697000000000001,9.124887884129487
-0.0687000000000002,9.264944302816126
-0.0677000000000001,9.39792716500344
-0.0667000000000002,9.519592336791833
-0.06570000000000009,9.638428085980495
-0.0647000000000002,9.754434412569427
-0.06370000000000009,9.870440739158362
-0.0627000000000002,10.007667735245269
-0.06170000000000009,10.143480020032312
-0.0607000000000002,10.273633459619896
-0.059700000000000086,10.408031033107076
-0.058700000000000196,10.528281493595602
-0.057700000000000085,10.648531954084133
-0.056700000000000195,10.778685393671715
-0.05570000000000008,10.917327101058488
-0.05470000000000019,11.047480540646072
-0.05370000000000008,11.186122248032843
-0.05270000000000019,11.324763955419618
-0.05170000000000008,11.452087972407472
-0.05070000000000019,11.58931496849438
-0.04970000000000008,11.723712541981559
-0.04870000000000019,11.855280692869009
-0.047700000000000076,11.97411644205767
-0.046700000000000186,12.108514015544849
-0.045700000000000074,12.244326300331892
-0.044700000000000184,12.395700409417453
-0.04370000000000007,12.548489229802875
-0.04270000000000018,12.671569112891135
-0.04170000000000007,12.797478418579121
-0.04070000000000018,12.931875992066301
-0.03970000000000007,13.073347122052803
-0.03870000000000018,13.200671139040656
-0.03770000000000007,13.350630536826351
-0.03670000000000018,13.4821986877138
-0.035700000000000065,13.616596261200979
-0.034700000000000175,13.749579123388292
-0.03370000000000006,13.868414872576954
-0.03270000000000017,14.014130136463052
-0.03170000000000006,14.147112998650368
-0.03070000000000017,14.316878354634172
-0.02970000000000006,14.430055258623375
-0.02870000000000017,14.543232162612577
-0.027700000000000058,14.69885040559773
-0.026700000000000168,14.812027309586934
-0.025700000000000056,14.953498439573437
-0.024700000000000166,15.10911668255859
-0.023700000000000054,15.208146473549144
-0.022700000000000164,15.335470490536997
-0.021700000000000053,15.505235846520803
-0.020700000000000163,15.632559863508657
-0.01970000000000005,15.759883880496508
-0.01870000000000016,15.858913671487063
-0.01770000000000005,15.986237688474914
-0.01670000000000016,16.11356170546277
-0.015700000000000047,16.24088572245062
-0.014700000000000157,16.396503965435777
-0.013700000000000045,16.50968086942498
-0.012700000000000156,16.637004886412832
-0.011700000000000044,16.750181790402035
-0.010700000000000154,16.863358694391238
-0.009700000000000042,16.962388485381787
-0.008700000000000152,17.103859615368293
-0.00770000000000004,17.2453307453548
-0.00670000000000015,17.37265476234265
-0.005700000000000038,17.45753744033455
-0.0047000000000001485,17.556567231325104
-0.0037000000000000366,17.669744135314307
-0.0027000000000001467,17.75462681330621
-0.0017000000000000348,17.910245056291366
-0.000700000000000145,18.03756907327922
0.00029999999999996696,18.122451751271118
0.0012999999999998568,18.221481542261674
0.0022999999999999687,18.306364220253574
0.0032999999999998586,18.419541124242777
0.0042999999999999705,18.518570915233333
0.00529999999999986,18.617600706223882
0.006299999999999972,18.702483384215785
0.007299999999999862,18.815660288204988
0.008299999999999974,18.91469007919554
0.009299999999999864,19.01371987018609
0.010299999999999976,19.112749661176647
0.011299999999999866,19.1834852261699
0.012299999999999978,19.296662130159103
0.013299999999999867,18.320511333252224
0.012299999999999978,17.018976937376394
0.011299999999999866,16.127708818461418
0.010299999999999976,15.349617603535648
0.009299999999999864,14.61396772760583
0.008299999999999974,13.895294387274388
0.007299999999999862,13.223306519838497
0.006299999999999972,12.589515857498961
0.00529999999999986,11.998166534155375
0.0042999999999999705,11.42379374641017
0.0032999999999998586,10.893277008960782
0.0022999999999999687,10.365589694111124
0.0012999999999998568,9.85912304875944
0.00029999999999996696,9.39509774240371
-0.000700000000000145,8.940975415147031
-0.0017000000000000348,8.509488468688197
-0.0027000000000001467,8.102051614327065
-0.0037000000000000366,7.700273605165394
-0.0047000000000001485,7.3197162655017
-0.005700000000000038,6.968867863135171
-0.00670000000000015,6.622263594668237
-0.00770000000000004,6.289806439199953
-0.008700000000000152,5.97432581933005
-0.009700000000000042,5.660259910760012
-0.010700000000000154,5.365999960388084
-0.011700000000000044,5.078813566515482
-0.012700000000000156,4.819921398640179
-0.013700000000000045,4.573761632463664
-0.014700000000000157,4.319113598487957
-0.015700000000000047,4.078612677510901
-0.01670000000000016,3.8466000243330347
-0.01770000000000005,3.630149195453684
-0.01870000000000016,3.4236013456733887
-0.01970000000000005,3.2184682071929585
-0.020700000000000163,3.021823336511718
-0.021700000000000053,2.8393255788291283
-0.022700000000000164,2.6539983985468085
-0.023700000000000054,2.485647753862869
-0.024700000000000166,2.318711820478795
-0.025700000000000056,2.1531905983945863
-0.026700000000000168,2.0004017780091616
-0.027700000000000058,1.8447835350240078
-0.02870000000000017,1.7061418276372344
-0.02970000000000006,1.5675001202504606
-0.03070000000000017,1.4246142789640919
-0.03170000000000006,1.2996952711860092
-0.03270000000000017,1.1773227437476836
-0.03370000000000006,1.0498572556298436
-0.034700000000000175,0.9358315248607216
-0.035700000000000065,0.8201081405317618
-0.03670000000000018,0.7076385921924914
-0.03770000000000007,0.6071940899020738
-0.03870000000000018,0.5020810403221014
-0.03970000000000007,0.40489037402137346
-0.04070000000000018,0.30571911190083445
-0.04170000000000007,0.21305552175967452
-0.04270000000000018,0.12719669297086547
-0.04370000000000007,0.03584878433858003
-0.044700000000000184,-0.0501939569192115
-0.045700000000000074,-0.1334214226902716
-0.046700000000000186,-0.2202705493889862
-0.047700000000000076,-0.2941184792419411
-0.04870000000000019,-0.3703714183046666
-0.04970000000000008,-0.44775612640728407
-0.05070000000000019,-0.5150963842808599
-0.05170000000000008,-0.5889443141338148
-0.05270000000000019,-0.6609531192969451
-0.05370000000000008,-0.7203709938912767
-0.05470000000000019,-0.7896918475846634
-0.05570000000000008,-0.8526465004286576
-0.056700000000000195,-0.9204111716921929
-0.057700000000000085,-0.9791216906365918
-0.058700000000000196,-1.0325977777714903
-0.059700000000000086,-1.098240382085228
-0.0607000000000002,-1.1559606031197214
-0.06170000000000009,-1.2183493714437694
-0.0627000000000002,-1.2733816410085195
-0.06370000000000009,-1.3240283055436879
-0.0647000000000002,-1.3765140947686807
-0.06570000000000009,-1.433102546763282
-0.0667000000000002,-1.4769585970590984
-0.0677000000000001,-1.5335470490536998
-0.0687000000000002,-1.580232521949246
-0.0697000000000001,-1.6226738609451972
-0.07070000000000021,-1.6792623129397986
-0.0717000000000001,-1.7259477858353447
-0.07270000000000021,-1.775462681330621
-0.0737000000000001,-1.8207334429263025
-0.07470000000000021,-1.8660042045219833
-0.0757000000000001,-1.9126896774175295
-0.07670000000000021,-1.9607898616129409
-0.0777000000000001,-2.004645911908757
-0.07870000000000021,-2.051331384804303
-0.0797000000000001,-2.095187435100119
-0.08070000000000022,-2.1418729079956655
-0.0817000000000001,-2.1885583808912115
-0.08270000000000022,-2.225340874687703
-0.08370000000000011,-2.273441058883114
-0.08470000000000022,-2.318711820478795
-0.08570000000000011,-2.355494314275286
-0.08670000000000022,-2.3993503645711023
-0.08770000000000011,-2.4460358374666487
-0.08870000000000022,-2.4983801555616547
-0.08970000000000011,-2.543650917157336
-0.09070000000000022,-2.579018699653962
-0.09170000000000011,-2.624289461249643
-0.09270000000000023,-2.662486666345999
-0.09370000000000012,-2.70209858274222
-0.09470000000000023,-2.7558576121370915
-0.09570000000000012,-2.795469528533313
-0.09670000000000023,-2.840740290128994
-0.09770000000000012,-2.8916698969241352
-0.09870000000000023,-2.9298671020204905
-0.09970000000000012,-2.970893729716577
-0.10070000000000023,-3.0175792026121235
-0.10170000000000012,-3.0628499642078046
-0.10270000000000024,-3.1095354371033506
-0.10370000000000013,-3.1491473534995715
-0.10470000000000024,-3.204321094194308
-0.10570000000000013,-3.253835989689584
-0.10670000000000024,-3.2906184834860754
-0.10770000000000013,-3.3443775128809468
-0.10870000000000024,-3.389648274476628
-0.10970000000000013,-3.437748458672039
-0.11070000000000024,-3.4858486428674507
-0.11170000000000013,-3.533948827062862
-0.11270000000000002,-3.5877078564577327
-0.11370000000000013,-3.6358080406531443
-0.11470000000000002,-3.683908224848555
-0.11570000000000014,-3.7390819655432916
-0.11670000000000003,-3.7871821497387033
-0.11770000000000014,-3.8366970452339793
-0.11870000000000003,-3.887626652029121
-0.11970000000000014,-3.932897413624801
-0.12070000000000003,-3.9894858656194034
-0.12170000000000014,-4.048903740213735
-0.12270000000000003,-4.099833347008876
-0.12370000000000014,-4.150762953804017
-0.12470000000000003,-4.2087661170984845
-0.12570000000000014,-4.265354569093086
-0.12670000000000003,-4.323357732387552
-0.12770000000000015,-4.374287339182693
-0.12870000000000004,-4.430875791177296
-0.12970000000000015,-4.495952510971087
-0.13070000000000004,-4.546882117766228
-0.13170000000000015,-4.610544126260154
-0.13270000000000004,-4.669962000854486
-0.13370000000000015,-4.725135741549222
-0.13470000000000004,-4.797286017842339
-0.13570000000000015,-4.8581186037365365
-0.13670000000000004,-4.918951189630732
-0.13770000000000016,-4.971295507725738
-0.13870000000000005,-5.040616361419126
-0.13970000000000016,-5.112766637712243
-0.14070000000000005,-5.1792580688059
-0.14170000000000016,-5.235846520800501
-0.14270000000000005,-5.300923240594293
-0.14370000000000016,-5.367414671687949
-0.14470000000000005,-5.440979659280932
-0.14570000000000016,-5.510300512974317
-0.14670000000000005,-5.568303676268785
-0.14770000000000016,-5.647527509061226
-0.14870000000000005,-5.719677785354343
-0.14970000000000017,-5.793242772947325
-0.15070000000000006,-5.872466605739767
-0.15170000000000017,-5.936128614233694
-0.15270000000000006,-6.008278890526811
-0.15370000000000017,-6.076185032920332
-0.15470000000000006,-6.15682357701264
-0.15570000000000017,-6.238876832404812
-0.15670000000000006,-6.31385653129766
-0.15770000000000017,-6.39025094149037
-0.15870000000000006,-6.465230640383218
-0.15970000000000018,-6.53596620537647
-0.16070000000000007,-6.618019460768641
-0.16170000000000018,-6.707146272660138
-0.16270000000000007,-6.780711260253121
-0.16370000000000018,-6.861349804345428
-0.16470000000000007,-6.95189132753679
-0.16570000000000018,-7.045262273327882
-0.16670000000000007,-7.131559662619649
-0.16770000000000018,-7.193806959813711
-0.16870000000000007,-7.284348483005074
-0.16970000000000018,-7.381963562695762
-0.17070000000000007,-7.473919797186989
-0.17170000000000019,-7.557387763879025
-0.17270000000000008,-7.645099864470658
-0.1737000000000002,-7.724323697263101
-0.17470000000000008,-7.813450509154598
-0.1757000000000002,-7.913895011445016
-0.17670000000000008,-8.001607112036647
-0.1777000000000002,-8.10346632562693
-0.17870000000000008,-8.196837271418023
-0.1797000000000002,-8.28030523811006
-0.18070000000000008,-8.377920317800747
-0.1817000000000002,-8.46280299579265
-0.18270000000000008,-8.575979899781853
-0.1837000000000002,-8.662277289073618
-0.1847000000000001,-8.755648234864712
-0.1857000000000002,-8.85892215975486
-0.1867000000000001,-8.960781373345142
-0.1877000000000002,-9.06971414343475
-0.1887000000000001,-9.158840955326248
-0.1897000000000002,-9.252211901117338
-0.1907000000000001,-9.337094579109243
-0.1917000000000001,-9.45734503959777
-0.19269999999999998,-9.58042492268603
-0.1937000000000001,-9.680869424976446
-0.19469999999999998,-9.767166814268213
-0.1957000000000001,-9.863367182659037
-0.19669999999999999,-9.986447065747294
-0.1977000000000001,-10.084062145437981
-0.1987,-10.18167722512867
-0.1997000000000001,-10.265145191820706
-0.2007,-10.382566229709504
-0.2017000000000001,-10.499987267598303
-0.2027,-10.606090615088178
-0.2037000000000001,-10.710779251278193
-0.2047,-10.806979619669015
-0.2057000000000001,-10.906009410659568
-0.2067,-11.010698046849582
-0.2077000000000001,-11.108313126540267
-0.2087,-11.20734291753082
-0.2097000000000001,-11.329008089319213
-0.2107,-11.4266231690099
-0.2117000000000001,-11.522823537400724
-0.2127,-11.624682750991006
-0.2137000000000001,-11.73220080978075
-0.2147,-11.838304157270626
-0.2157000000000001,-11.933089814361585
-0.2167,-12.03070489405227
-0.21770000000000012,-12.12549055114323
-0.2187,-12.220276208234186
-0.21970000000000012,-12.315061865325143
-0.2207,-12.412676945015832
-0.22170000000000012,-12.494730200408004
-0.2227,-12.576783455800177
-0.22370000000000012,-12.671569112891135
-0.2247,-12.759281213482765
-0.22570000000000012,-12.832846201075748
-0.2267,-12.90924061126846
-0.22770000000000012,-12.981390887561577
-0.22870000000000001,-13.036564628256313
-0.22970000000000013,-13.110129615849296
-0.23070000000000002,-13.200671139040656
-0.23170000000000013,-13.247356611936203
-0.23270000000000002,-13.31101862043013
-0.23370000000000013,-13.350630536826351
-0.23470000000000002,-13.395901298422032
-0.23570000000000013,-13.441172060017713
-0.23670000000000002,-13.486442821613394
-0.2376999999999999,-13.533128294508941
-0.23870000000000002,-13.560007809206377
-0.2396999999999999,-13.592546169103274
-0.24070000000000003,-13.602449148202329
-0.24169999999999991,-13.616596261200979
-0.24270000000000003,-13.609522704701652
-0.24369999999999992,-13.633572796799358
-0.24470000000000003,-13.62508452900017
-0.24569999999999992,-13.612352127301383
-0.24670000000000003,-13.608107993401788
-0.24769999999999992,-13.550104830107323
-0.24870000000000003,-13.524640026709752
-0.24969999999999992,-13.496345800712449
-0.25070000000000003,-13.472295708614745
-0.2516999999999999,-13.417121967920007
-0.25270000000000004,-13.357704093325674
-0.2536999999999999,-13.275650837933506
-0.25470000000000004,-13.200671139040656
-0.2556999999999999,-13.134179707947
-0.25670000000000004,-13.053541163854694
-0.25769999999999993,-12.982805598861441
-0.25870000000000004,-12.879531673971293
-0.25969999999999993,-12.779087171680876
-0.26070000000000004,-12.658836711192349
-0.26169999999999993,-12.535756828104091
-0.26270000000000004,-12.452288861412054
-0.26369999999999993,-12.3249648444242
-0.26470000000000005,-12.203299672635808
-0.26569999999999994,-12.078805078247685
-0.26670000000000005,-11.952895772559694
-0.26769999999999994,-11.814254065172921
-0.26870000000000005,-11.681271202985608
-0.26969999999999994,-11.541214784298969
-0.27070000000000005,-11.399743654312466
-0.27169999999999994,-11.271004926024748
-0.27270000000000005,-11.133777929937839
-0.27369999999999994,-10.993721511251199
-0.27470000000000006,-10.859323937764021
-0.27569999999999995,-10.717852807777518
-0.27670000000000006,-10.57779638909088
-0.27769999999999995,-10.443398815603702
-0.27870000000000006,-10.330221911614498
-0.27969999999999995,-10.202897894626645
-0.28070000000000006,-10.068500321139467
-0.28169999999999995,-9.936932170252017
-0.28270000000000006,-9.829414111462276
-0.28369999999999995,-9.7190666300728
-0.28470000000000006,-9.61437799388279
-0.28569999999999995,-9.506859935093045
-0.28670000000000007,-9.403586010202897
-0.28769999999999996,-9.304556219212346
-0.28870000000000007,-9.209770562121388
-0.28969999999999996,-9.133376151928676
-0.29070000000000007,-9.054152319136236
-0.29169999999999996,-8.984831465442848
-0.29270000000000007,-8.911266477849864
-0.29369999999999996,-8.840530912856615
-0.2947000000000001,-8.774039481762957
-0.29569999999999996,-8.71320689586876
-0.2967000000000001,-8.679253824672001
-0.29769999999999996,-8.646715464775104
-0.2987000000000001,-8.607103548378884
-0.29969999999999997,-8.566076920682798
-0.3007000000000001,-8.537782694685495
-0.30169999999999997,-8.509488468688197
-0.3027000000000001,-8.503829623488736
-0.30369999999999997,-8.495341355689545
-0.3047000000000001,-8.48543837659049
-0.30569999999999997,-8.478364820091164
-0.3067000000000001,-8.476950108791302
-0.3077,-8.486853087890356
-0.3087000000000001,-8.49958548958914
-0.3097,-8.51656202518752
-0.3107000000000001,-8.544856251184823
-0.3117,-8.567491631982662
-0.3127000000000001,-8.605688837079018
-0.3137,-8.631153640476589
-0.3147000000000001,-8.675009690772406
-0.3157,-8.71886574106822
-0.3167000000000001,-8.768380636563498
-0.3177,-8.822139665958368
-0.3187000000000001,-8.875898695353241
-0.3197,-8.942390126446897
-0.3207000000000001,-8.998978578441498
-0.3217,-9.065470009535154
-0.3227000000000001,-9.147523264927328
-0.3237,-9.232405942919229
-0.3247000000000001,-9.307385641812077
-0.3257,-9.38378005200479
-0.3267000000000001,-9.470077441296555
-0.3277,-9.562033675787783
-0.3287000000000001,-9.6624781780782
-0.3297,-9.769996236867943
-0.3307000000000001,-9.866196605258766
-0.3317,-9.962396973649588
-0.3327000000000001,-10.064256187239872
-0.3337,-10.178847802528939
-0.3347000000000001,-10.296268840417738
-0.3357,-10.436325259104375
-0.3367000000000001,-10.556575719592905
-0.3377,-10.682485025280892
-0.3387000000000001,-10.795661929270095
-0.3397,-10.921571234958083
-0.3407000000000001,-11.054554097145397
-0.3417,-11.1960252271319
-0.3427000000000001,-11.361546449216108
-0.3437,-11.501602867902749
-0.3447000000000001,-11.648732843088712
-0.3457,-11.793033395674946
-0.3467000000000001,-11.938748659561044
-0.3477,-12.094366902546199
-0.3487000000000001,-12.254229279430946
-0.3497,-12.436727037113537
-0.3507000000000001,-12.602248259197747
-0.3517,-12.773428326481417
-0.3527000000000001,-12.94036425986549
-0.3537,-13.11437374974889
-0.3547000000000001,-13.288383239632289
-0.3557,-13.473710419914608
-0.35670000000000013,-13.671770001895714
-0.3577,-13.840120646579654
-0.35870000000000013,-14.019788981662511
-0.3597,-14.231995676642269
-0.36070000000000013,-14.444202371622024
-0.3617,-14.62811484060448
-0.3626999999999999,-14.826174422585586
-0.3637,-15.03838111756534
-0.3646999999999999,-15.250587812545096
-0.3657,-15.448647394526201
-0.3666999999999999,-15.660854089505953
-0.3677,-15.901355010483012
-0.3686999999999999,-16.11356170546277
-0.36970000000000003,-16.325768400442524
-0.3706999999999999,-16.56626932141958
-0.37170000000000003,-16.792623129397985
-0.3726999999999999,-17.03312405037504
-0.37370000000000003,-17.259477858353446
-0.3746999999999999,-17.499978779330505
-0.37570000000000003,-17.72633258730891
-0.3766999999999999,-17.980980621284615
-0.37770000000000004,-18.23562865526032
-0.3786999999999999,-18.49027668923603
-0.37970000000000004,-18.730777610213085
-0.3806999999999999,-18.97127853119014
-0.38170000000000004,-19.22592656516585
-0.38269999999999993,-19.49472171214021
-0.38370000000000004,-19.763516859114564
-0.38469999999999993,-20.01816489309027
-0.38570000000000004,-20.272812927065978
-0.38669999999999993,-20.584049413036283
-0.38770000000000004,-20.86699167300929
-0.38869999999999993,-21.13578681998365
-0.38970000000000005,-21.390434853959356
-0.39069999999999994,-21.67337711393236
-0.39170000000000005,-21.95631937390537
-0.39269999999999994,-22.253408746877028
-0.39370000000000005,-22.564645232847337
-0.39469999999999994,-22.833440379821692
-0.39570000000000005,-23.15882397879065
-0.39669999999999994,-23.44176623876366
-0.39770000000000005,-23.738855611735314
-0.39869999999999994,-24.064239210704276
-0.39970000000000006,-24.37547569667458
-0.40069999999999995,-24.686712182644893
-0.40170000000000006,-24.983801555616548
-0.40269999999999995,-25.295038041586857
-0.40370000000000006,-25.57798030155986
-0.40469999999999995,-25.94580523952477
-0.40570000000000006,-26.257041725495082
-0.40669999999999995,-26.61071955046134
-0.40770000000000006,-26.921956036431645
-0.40869999999999995,-27.261486748399253
-0.40970000000000006,-27.615164573365515
-0.41069999999999995,-27.926401059335824
-0.41170000000000007,-28.308373110299385
-0.41269999999999996,-28.662050935265643
-0.41370000000000007,-29.044022986229205
-0.41469999999999996,-29.39770081119546
-0.41570000000000007,-29.72308441016442
-0.41669999999999996,-30.09090934812933
-0.41770000000000007,-30.444587173095588
-0.41869999999999996,-30.82655922405915
-0.4197000000000001,-31.180237049025404
-0.42069999999999996,-31.56220909998897
-0.4217000000000001,-31.930034037953877
-0.42269999999999996,-32.31200608891744
-0.4237000000000001,-32.67983102688235
-0.42469999999999997,-33.06180307784591
-0.4257000000000001,-33.44377512880947
-0.42669999999999997,-33.839894292771675
-0.4277000000000001,-34.278454795729836
-0.42869999999999997,-34.6604268466934
-0.4297000000000001,-35.02825178465831
-0.43069999999999997,-35.339488270628614
-0.4317000000000001,-35.74975454758948
-0.4327,-36.230756389543586
-0.4337000000000001,-36.6834640055004
-0.4347,-37.05128894346531
-0.4357000000000001,-37.41911388143023
-0.4367,-37.801085932393775
-0.4377000000000001,-38.197205096355994
-0.4387,-38.6499127123128
-0.4397000000000001,-39.08847321527096
-0.4407,-39.55532794422642
-0.4417000000000001,-39.96559422118728
-0.4427,-40.48903740213735
-0.4437000000000001,-40.828568114104954
-0.4447,-41.22468727806717
-0.4457000000000001,-41.63495355502803
-0.4467,-42.04521983198889
-0.4477000000000001,-42.540368786941656
-0.4487,-43.120400419886316
-0.4497000000000001,-43.558960922844484
-0.4507,-43.98337431280399
-0.4517000000000001,-44.39364058976485
-0.4527,-44.86049531872031
-0.4537000000000001,-45.27076159568118
-0.4547,-45.80835188962989
-0.4557000000000001,-46.289353731584
-0.4567,-46.713767121543505
-0.4577000000000001,-47.73235925744634
-0.4587,-48.071889969413945
-0.4597000000000001,-48.581186037365356
-0.4607,-49.062187879319474
-0.4617000000000001,-49.543189721273585
-0.4627,-50.038338676226346
-0.4637000000000001,-50.59007608317371
-0.4647,-51.09937215112513
-0.4657000000000001,-51.60866821907654
-0.4667,-52.061375835033346
-0.4677000000000001,-52.485789224992864
-0.4687,-53.094115083934824
-0.4697000000000001,-53.67414671687949
-0.4707,-54.38150236681201
-0.4717000000000001,-54.70688596578097
-0.4727,-55.400094502714836
-0.4737000000000001,-55.76791944067975
-0.4747,-56.31965684762711
-0.4757000000000001,-56.857247141575826
-0.4767,-57.394837435524536
-0.4777000000000001,-58.10219308545706
-0.4787,-58.61148915340847
-0.4797000000000001,-59.19152078635314
-0.4807,-59.54519861131939
-0.48170000000000013,-60.40817250423707
-0.4827,-60.73355610320602
-0.48370000000000013,-61.20041083216149
-0.4847,-61.63897133511965
-0.48570000000000013,-62.31803275905487
-0.4867,-62.13412029007241
-0.48570000000000013,-61.03064547617768
-0.4847,-59.89887643628565
-0.48370000000000013,-59.304697690342344
-0.4827,-58.71051894439902
-0.48170000000000013,-57.91828061647461
-0.4807,-57.16848362754614
-0.4797000000000001,-56.44698086461496
-0.4787,-55.6688896496892
-0.4777000000000001,-54.933239773759375
-0.4767,-54.19758989782956
-0.4757000000000001,-53.476087134898386
-0.4747,-52.78287859796452
-0.4737000000000001,-52.1038171740293
-0.4727,-51.55207976708194
-0.4717000000000001,-50.84472411714942
-0.4707,-50.1373684672169
-0.4697000000000001,-49.472454156280335
-0.4687,-48.80753984534376
-0.4677000000000001,-48.18506687340315
-0.4667,-47.590888127459834
-0.4657000000000001,-46.982562268517874
-0.4647,-46.43082486157051
-0.4637000000000001,-45.85079322862584
-0.4627,-45.31320293467712
-0.4617000000000001,-44.690729962736505
-0.4607,-44.068256990795895
-0.4597000000000001,-43.50237247084988
-0.4587,-43.007223515897124
-0.4577000000000001,-42.42719188295245
-0.4567,-41.91789581500104
-0.4557000000000001,-41.352011295055014
-0.4547,-40.800273888107654
-0.4537000000000001,-40.220242255162994
-0.4527,-39.68265196121428
-0.4517000000000001,-39.08847321527096
-0.4507,-38.593324260318205
-0.4497000000000001,-38.09817530536544
-0.4487,-37.617173463411326
-0.4477000000000001,-37.15031873445586
-0.4467,-36.669316892501755
-0.4457000000000001,-36.17416793754898
-0.4447,-35.664871869597576
-0.4437000000000001,-35.21216425364076
-0.4427,-34.731162411686654
-0.4417000000000001,-34.26430768273119
-0.4407,-33.825747179773025
-0.4397000000000001,-33.344745337818914
-0.4387,-32.97692039985401
-0.4377000000000001,-32.49591855789989
-0.4367,-32.07150516794038
-0.4357000000000001,-31.632944664982226
-0.4347,-31.20853127502271
-0.4337000000000001,-30.82655922405915
-0.4327,-30.43044006009694
-0.4317000000000001,-30.03432089613473
-0.43069999999999997,-29.567466167179266
-0.4297000000000001,-29.18549411621571
-0.42869999999999997,-28.80352206525215
-0.4277000000000001,-28.421550014288584
-0.42669999999999997,-28.082019302320973
-0.4257000000000001,-27.685900138358768
-0.42469999999999997,-27.332222313392506
-0.4237000000000001,-26.936103149430302
-0.42269999999999996,-26.568278211465387
-0.4217000000000001,-26.21460038649913
-0.42069999999999996,-25.91751101352747
-0.4197000000000001,-25.549686075562565
-0.41869999999999996,-25.18186113759765
-0.41770000000000007,-24.856477538628695
-0.41669999999999996,-24.502799713662437
-0.41570000000000007,-24.23400456668808
-0.41469999999999996,-23.894473854720466
-0.41370000000000007,-23.55494314275286
-0.41269999999999996,-23.24370665678255
-0.41170000000000007,-22.91832305781359
-0.41069999999999995,-22.607086571843286
-0.40970000000000006,-22.295850085872978
-0.40869999999999995,-22.012907825899973
-0.40770000000000006,-21.729965565926964
-0.40669999999999995,-21.61678866193776
-0.40570000000000006,-21.2065223849769
-0.40469999999999995,-20.881138786007945
-0.40370000000000006,-20.612343639033586
-0.40269999999999995,-20.286960040064624
-0.40170000000000006,-19.98987066709297
-0.40069999999999995,-19.721075520118614
-0.39970000000000006,-19.480574599141555
-0.39869999999999994,-19.22592656516585
-0.39770000000000005,-18.97127853119014
-0.39669999999999994,-18.688336271217132
-0.39570000000000005,-18.419541124242777
-0.39469999999999994,-18.13659886426977
-0.39370000000000005,-17.881950830294063
-0.39269999999999994,-17.641449909317007
-0.39170000000000005,-17.4150961013386
-0.39069999999999994,-17.2453307453548
-0.38970000000000005,-16.962388485381787
-0.38869999999999993,-16.70774045140608
-0.38770000000000004,-16.453092417430376
-0.38669999999999993,-16.22673860945197
-0.38570000000000004,-16.000384801473565
-0.38469999999999993,-15.78817810649381
-0.38370000000000004,-15.575971411514052
-0.38269999999999993,-15.349617603535648
-0.38170000000000004,-15.10911668255859
-0.3806999999999999,-14.882762874580186
-0.37970000000000004,-14.69885040559773
-0.3786999999999999,-14.444202371622024
-0.37770000000000004,-14.30273124163552
-0.3766999999999999,-14.089109835355902
-0.37570000000000003,-13.90095323247385
-0.3746999999999999,-13.677428847095173
-0.37370000000000003,-13.46522215211542
-0.3726999999999999,-13.30253035263094
-0.37170000000000003,-13.180865180842547
-0.3706999999999999,-12.917728879067651
-0.36970000000000003,-12.687130937189648
-0.3686999999999999,-12.48765664390868
-0.3677,-12.31930599922474
-0.3666999999999999,-12.13963766414188
-0.3657,-11.967042885558346
-0.3646999999999999,-11.807180508673596
-0.3637,-11.603462081493031
-0.3626999999999999,-11.446429127208011
-0.3617,-11.252613679126501
-0.36070000000000013,-11.085677745742426
-0.3597,-10.917327101058488
-0.35870000000000013,-10.746147033774818
-0.3577,-10.6174083054871
-0.35670000000000013,-10.48018130940019
-0.3557,-10.330221911614498
-0.3547000000000001,-10.133577040933258
-0.3537,-10.00200889004581
-0.3527000000000001,-9.835072956661735
-0.3517,-9.683698847576176
-0.3507000000000001,-9.509689357692777
-0.3497,-9.380950629405058
-0.3487000000000001,-9.225332386419904
-0.3477,-9.076787699934075
-0.3467000000000001,-8.929657724748111
-0.3457,-8.800918996460393
-0.3447000000000001,-8.65944786647389
-0.3437,-8.51656202518752
-0.3427000000000001,-8.383579163000208
-0.3417,-8.212399095716538
-0.3407000000000001,-8.085075078728684
-0.3397,-7.9549216391411015
-0.3387000000000001,-7.836085889952438
-0.3377,-7.687541203466609
-0.3367000000000001,-7.555973052579161
-0.3357,-7.434307880790768
-0.3347000000000001,-7.3183015542018355
-0.3337,-7.198051093713307
-0.3327000000000001,-7.087703612323834
-0.3317,-6.95189132753679
-0.3307000000000001,-6.831640867048262
-0.3297,-6.701487427460679
-0.3287000000000001,-6.579822255672285
-0.3277,-6.475133619482273
-0.3267000000000001,-6.3676155606925295
-0.3257,-6.271415192301707
-0.3247000000000001,-6.1709706900112895
-0.3237,-6.043646673023436
-0.3227000000000001,-5.917737367335448
-0.3217,-5.821536998944626
-0.3207000000000001,-5.704115961055828
-0.3197,-5.613574437864465
-0.3187000000000001,-5.508885801674452
-0.3177,-5.4027824541845755
-0.3167000000000001,-5.299508529294427
-0.3157,-5.196234604404279
-0.3147000000000001,-5.101448947313322
-0.3137,-4.996760311123309
-0.3127000000000001,-4.910462921831542
-0.3117,-4.81709197604045
-0.3107000000000001,-4.719476896349762
-0.3097,-4.626105950558669
-0.3087000000000001,-4.534149716067443
-0.3077,-4.445022904175945
-0.3067000000000001,-4.368628493983234
-0.30569999999999997,-4.348822535785122
-0.3047000000000001,-4.1960337153996985
-0.30369999999999997,-4.108321614808066
-0.3027000000000001,-4.014950669016974
-0.30169999999999997,-3.927238568425342
-0.3007000000000001,-3.852258869532495
-0.29969999999999997,-3.781523304539243
-0.2987000000000001,-3.715031873445586
-0.29769999999999996,-3.6202462163546287
-0.2967000000000001,-3.533948827062862
-0.29569999999999996,-3.4561397055702843
-0.2947000000000001,-3.371257027578382
-0.29369999999999996,-3.2920331947859403
-0.29270000000000007,-3.2297858975918787
-0.29169999999999996,-3.1519767760993016
-0.29070000000000007,-3.0755823659065897
-0.28969999999999996,-3.003432089613473
-0.28870000000000007,-2.925622968120896
-0.28769999999999996,-2.864790382226699
-0.28670000000000007,-2.7926401059335824
-0.28569999999999995,-2.7176604070407357
-0.28470000000000006,-2.655413109846674
-0.28369999999999995,-2.584677544853422
-0.28270000000000006,-2.5224302476593605
-0.28169999999999995,-2.4545241052658384
-0.28070000000000006,-2.388032674172182
-0.27969999999999995,-2.3257853769781205
-0.27870000000000006,-2.257879234584599
-0.27769999999999995,-2.1956319373905373
-0.27670000000000006,-2.1404581966958003
-0.27569999999999995,-2.073966765602144
-0.27470000000000006,-2.014548891007812
-0.27369999999999994,-1.9565457277133458
-0.27270000000000005,-1.894298430519284
-0.27169999999999994,-1.8391246898245475
-0.27070000000000005,-1.7825362378299463
-0.26969999999999994,-1.7259477858353447
-0.26870000000000005,-1.6721887564404734
-0.26769999999999994,-1.6099414592464116
-0.26670000000000005,-1.5533530072518102
-0.26569999999999994,-1.499593977856939
-0.26470000000000005,-1.4458349484620676
-0.26369999999999993,-1.3973103508766969
-0.26270000000000004,-1.34821986877138
-0.26169999999999993,-1.2921973012967245
-0.26070000000000004,-1.2442385882312998
-0.25969999999999993,-1.1893477897965363
-0.25870000000000004,-1.1454917395007203
-0.25769999999999993,-1.0958353728754573
-0.25670000000000004,-1.0437739970404243
-0.2556999999999999,-1.0011911869144865
-0.25470000000000004,-0.9513933491592371
-0.2536999999999999,-0.9058396453035829
-0.25270000000000004,-0.8694815648970515
-0.2516999999999999,-0.8114784016025851
-0.25070000000000003,-0.774130023286148
-0.24969999999999992,-0.7267371947406693
-0.24870000000000003,-0.6786370105452582
-0.24769999999999992,-0.6395909786689831
-0.24670000000000003,-0.5946031593332749
-0.24569999999999992,-0.5520203492073373
-0.24470000000000003,-0.5124084328111163
-0.24369999999999992,-0.4662888444355161
-0.24270000000000003,-0.42950635063902515
-0.24169999999999991,-0.3872064827730605
-0.24070000000000003,-0.3430674902172714
-0.2396999999999999,-0.3047288139909289
-0.23870000000000002,-0.26695602228453247
-0.2376999999999999,-0.2270611636283384
-0.23670000000000002,-0.18858101627200938
-0.23570000000000013,-0.1499593977856939
-0.23470000000000002,-0.11067286498844181
-0.23370000000000013,-0.07188148114614251
-0.23270000000000002,-0.033627687597791917
-0.23170000000000013,0.00030982177467044303
-0.23070000000000002,0.040644655645122506
-0.22970000000000013,0.07779497437957837
-0.22870000000000001,0.11337496357118404
-0.22770000000000012,0.1499593977856939
-0.2267,0.18193187316264373
-0.22570000000000012,0.21744112678925615
-0.2247,0.2577603988354097
-0.22370000000000012,0.288176691782508
-0.2227,0.3253835989689584
-0.22170000000000012,0.35990255468566534
-0.2207,0.3907432610227231
-0.21970000000000012,0.4293648795090386
-0.2187,0.4592152879361909
-0.21770000000000012,0.49302688800296524
-0.2167,0.5283946704995912
-0.2157000000000001,0.5712604228855018
-0.2147,0.5975740530629915
-0.2137000000000001,0.6296879995699278
-0.2127,0.6579822255672285
-0.2117000000000001,0.6951891327536791
-0.2107,0.7215027629311687
-0.2097000000000001,0.7557387763879025
-0.2087,0.7961995195640427
-0.2077000000000001,0.8222302074815594
-0.2067,0.8537782694685497
-0.2057000000000001,0.885609273715513
-0.2047,0.9164499800525707
-0.2037000000000001,0.9526665893291157
-0.2027,0.9799705174165111
-0.2017000000000001,1.0102453392336226
-0.2007,1.0451887083402893
-0.1997000000000001,1.0726341075576709
-0.1987,1.1074360055343508
-0.1977000000000001,1.136437587181584
-0.19669999999999999,1.1699662449883854
-0.1957000000000001,1.2022216626253082
-0.19469999999999998,1.2312232442725415
-0.1937000000000001,1.2623468928695722
-0.19269999999999998,1.2979976176261712
-0.1917000000000001,1.3238868344137014
-0.1907000000000001,1.3576984344804757
-0.1897000000000002,1.3913685634172637
-0.1887000000000001,1.426028990263957
-0.1877000000000002,1.4571526388609877
-0.1867000000000001,1.4840321535584236
-0.1857000000000002,1.5137410908555893
-0.1847000000000001,1.55052358465208
-0.1837000000000002,1.5774030993495158
-0.18270000000000008,1.614185593146007
-0.1817000000000002,1.6467239530429028
-0.18070000000000008,1.6750181790402037
-0.1797000000000002,1.7132153841365596
-0.17870000000000008,1.7400948988339953
-0.1777000000000002,1.778292103930351
-0.17670000000000008,1.8108304638272468
-0.1757000000000002,1.8391246898245475
-0.17470000000000008,1.8744924723211736
-0.1737000000000002,1.9084455435179344
-0.17270000000000008,1.9423986147146954
-0.17170000000000019,1.9777663972113213
-0.17070000000000007,2.0103047571082175
-0.16970000000000018,2.045672539604843
-0.16870000000000007,2.082455033401334
-0.16770000000000018,2.113578681998365
-0.16670000000000007,2.151775887094721
-0.16570000000000018,2.1913878034909415
-0.16470000000000007,2.229585008587298
-0.16370000000000018,2.2621233684841937
-0.16270000000000007,2.2918323057813597
-0.16170000000000018,2.33144422217758
-0.16070000000000007,2.3767149837732613
-0.15970000000000018,2.412082766269888
-0.15870000000000006,2.4488652600663787
-0.15770000000000017,2.4870624651627344
-0.15670000000000006,2.518186113759765
-0.15570000000000017,2.557798030155986
-0.15470000000000006,2.5988246578520724
-0.15370000000000017,2.6426807081478887
-0.15270000000000006,2.6851220471438397
-0.15170000000000017,2.720489829640466
-0.15070000000000006,2.7615164573365516
-0.14970000000000017,2.8025430850326374
-0.14870000000000005,2.840740290128994
-0.14770000000000016,2.88742576302454
-0.14670000000000005,2.927037679420761
-0.14570000000000016,2.970893729716577
-0.14470000000000005,3.013335068712528
-0.14370000000000016,3.055776407708479
-0.14270000000000005,3.1038765919038904
-0.14170000000000016,3.1519767760993016
-0.14070000000000005,3.1944181150952526
-0.13970000000000016,3.2453477218903943
-0.13870000000000005,3.307595019084456
-0.13770000000000016,3.3486216467805416
-0.13670000000000004,3.3938924083762227
-0.13570000000000015,3.4335043247724437
-0.13470000000000004,3.4943369106666404
-0.13370000000000015,3.546681228761647
-0.13270000000000004,3.594781412957058
-0.13170000000000015,3.6457110197521994
-0.13070000000000004,3.6895670700480157
-0.12970000000000015,3.744740810742752
-0.12870000000000004,3.801329262737354
-0.12770000000000015,3.85367358083236
-0.12670000000000003,3.906017898927366
-0.12570000000000014,3.961191639622102
-0.12470000000000003,4.014950669016974
-0.12370000000000014,4.075783254911171
-0.12270000000000003,4.130956995605907
-0.12170000000000014,4.190374870200238
-0.12070000000000003,4.251207456094435
-0.11970000000000014,4.307795908089036
-0.11870000000000003,4.371457916582963
-0.11770000000000014,4.4379493476766205
-0.11670000000000003,4.503026067470412
-0.11570000000000014,4.566688075964338
-0.11470000000000002,4.62044710535921
-0.11370000000000013,4.695426804252056
-0.11270000000000002,4.776065348344364
-0.11170000000000013,4.839727356838291
-0.11070000000000024,4.9175364783308675
-0.10970000000000013,4.991101465923849
-0.10870000000000024,5.044860495318721
-0.10770000000000013,5.109937215112512
-0.10670000000000024,5.191990470504685
-0.10570000000000013,5.271214303297127
-0.10470000000000024,5.354682269989163
-0.10370000000000013,5.419758989782956
-0.10270000000000024,5.491909266076072
-0.10170000000000012,5.572547810168379
-0.10070000000000023,5.653186354260687
-0.09970000000000012,5.742313166152184
-0.09870000000000023,5.813048731145436
-0.09770000000000012,5.902175543036933
-0.09670000000000023,5.9884729323287
-0.09570000000000012,6.067696765121143
-0.09470000000000023,6.155408865712774
-0.09370000000000012,6.238876832404812
-0.09270000000000023,6.336491912095499
-0.09170000000000011,6.427033435286861
-0.09070000000000022,6.514745535878494
-0.08970000000000011,6.602457636470127
-0.08870000000000022,6.697243293561083
-0.08770000000000011,6.792028950652041
-0.08670000000000022,6.889644030342729
-0.08570000000000011,6.975941419634496
-0.08470000000000022,7.066482942825859
-0.08370000000000011,7.185318692014522
-0.08270000000000022,7.288592616904668
-0.0817000000000001,7.386207696595355
-0.08070000000000022,7.483822776286043
-0.0797000000000001,7.570120165577812
-0.07870000000000021,7.679052935667419
-0.0777000000000001,7.779497437957836
-0.07670000000000021,7.892674341947039
-0.0757000000000001,8.004436534636376
-0.07470000000000021,8.102051614327065
-0.0737000000000001,8.209569673116807
-0.07270000000000021,8.321331865806146
-0.0717000000000001,8.434508769795347
-0.07070000000000021,8.554759230283878
-0.0697000000000001,8.65944786647389
-0.0687000000000002,8.759892368764307
-0.0677000000000001,8.861751582354591
-0.0667000000000002,8.966440218544603
-0.06570000000000009,9.099423080731917
-0.0647000000000002,9.242308922018283
-0.06370000000000009,9.346997558208297
-0.0627000000000002,9.451686194398311
-0.06170000000000009,9.559204253188051
-0.0607000000000002,9.670966445877392
-0.059700000000000086,9.803949308064706
-0.058700000000000196,9.925614479853097
-0.057700000000000085,10.05010907424122
-0.056700000000000195,10.167530112130018
-0.05570000000000008,10.270804037020167
-0.05470000000000019,10.389639786208829
-0.05370000000000008,10.509890246697358
-0.05270000000000019,10.630140707185886
-0.05170000000000008,10.770197125872524
-0.05070000000000019,10.883374029861727
-0.04970000000000008,11.024845159848232
-0.04870000000000019,11.13660735253757
-0.047700000000000076,11.245540122627176
-0.046700000000000186,11.365790583115706
-0.045700000000000074,11.477552775805044
-0.044700000000000184,11.617609194491681
-0.04370000000000007,11.754836190578589
-0.04270000000000018,11.882160207566443
-0.04170000000000007,11.998166534155375
-0.04070000000000018,12.121246417243634
-0.03970000000000007,12.233008609932972
-0.03870000000000018,12.34477080262231
-0.03770000000000007,12.46785068571057
-0.03670000000000018,12.603662970497613
-0.035700000000000065,12.747963523083845
-0.034700000000000175,12.862555138372914
-0.03370000000000006,12.995538000560227
-0.03270000000000017,13.12286201754808
-0.03170000000000006,13.234624210237419
-0.03070000000000017,13.34780111422662
-0.02970000000000006,13.475125131214474
-0.02870000000000017,13.596790303002868
-0.027700000000000058,13.719870186091127
-0.026700000000000168,13.861341316077631
-0.025700000000000056,13.990080044365348
-0.024700000000000166,14.096183391855226
-0.023700000000000054,14.189554337646317
-0.022700000000000164,14.316878354634172
-0.021700000000000053,14.444202371622024
-0.020700000000000163,14.599820614607177
-0.01970000000000005,14.71299751859638
-0.01870000000000016,14.826174422585586
-0.01770000000000005,14.939351326574789
-0.01670000000000016,15.03838111756534
-0.015700000000000047,15.151558021554543
-0.014700000000000157,15.278882038542395
-0.013700000000000045,15.3920589425316
-0.012700000000000156,15.533530072518102
-0.011700000000000044,15.660854089505953
-0.010700000000000154,15.78817810649381
-0.009700000000000042,15.88720789748436
-0.008700000000000152,15.986237688474914
-0.00770000000000004,16.085267479465468
-0.00670000000000015,16.21259149645332
-0.005700000000000038,16.311621287443874
-0.0047000000000001485,16.396503965435777
-0.0037000000000000366,16.52382798242363
-0.0027000000000001467,16.679446225408782
-0.0017000000000000348,16.806770242396635
-0.000700000000000145,16.94824137238314
0.00029999999999996696,17.018976937376394
0.0012999999999998568,17.103859615368293
0.0022999999999999687,17.20288940635885
0.0032999999999998586,17.259477858353446
0.0042999999999999705,17.40094898833995
0.00529999999999986,17.584861457322408
0.006299999999999972,17.698038361311607
0.007299999999999862,17.71218547431026
0.008299999999999974,17.839509491298113
0.009299999999999864,17.867803717295413
0.010299999999999976,17.910245056291366
0.011299999999999866,17.980980621284615
0.012299999999999978,18.164893090267068
