Potential V vs RHE, Current mA cm-2
0.013299999999999867,-0.04705329783351112
0.012299999999999978,-0.052514083450990165
0.011299999999999866,-0.05576791944067974
0.010299999999999976,-0.057493867226515095
0.009299999999999864,-0.05893687275237742
0.008299999999999974,-0.060478908069230314
0.007299999999999862,-0.06163897133511965
0.006299999999999972,-0.06278488748801032
0.00529999999999986,-0.06360542004193205
0.0042999999999999705,-0.06469474774282813
0.0032999999999998586,-0.06544454473175661
0.0022999999999999687,-0.06630751862467427
0.0012999999999998568,-0.06736855209957304
0.00029999999999996696,-0.06773637703753796
-0.000700000000000145,-0.06867008649544887
-0.0017000000000000348,-0.0693208536933868
-0.0027000000000001467,-0.06990088532633146
-0.0037000000000000366,-0.07055165252426938
-0.0047000000000001485,-0.07113168415721405
-0.005700000000000038,-0.07161268599916816
-0.00670000000000015,-0.07237663010109527
-0.00770000000000004,-0.0730556915250305
-0.008700000000000152,-0.07369231160996977
-0.009700000000000042,-0.07414501922592658
-0.010700000000000154,-0.07506458157083885
-0.011700000000000044,-0.07534752383081185
-0.012700000000000156,-0.07616805638473358
-0.013700000000000045,-0.07647929287070389
-0.014700000000000157,-0.0771583542946391
-0.015700000000000047,-0.07758276768459862
-0.01670000000000016,-0.07786570994457162
-0.01770000000000005,-0.07881356651548119
-0.01870000000000016,-0.0792096856794434
-0.01970000000000005,-0.07998777689436919
-0.020700000000000163,-0.08036974894533275
-0.021700000000000053,-0.08051122007531925
-0.022700000000000164,-0.08150151798522477
-0.023700000000000054,-0.08179860735819641
-0.024700000000000166,-0.08249181589513029
-0.025700000000000056,-0.08308599464107361
-0.026700000000000168,-0.08322746577106012
-0.027700000000000058,-0.08413288100297373
-0.02870000000000017,-0.08435923481095214
-0.02970000000000006,-0.08489682510490085
-0.03070000000000017,-0.08568906343282526
-0.03170000000000006,-0.08608518259678749
-0.03270000000000017,-0.08653789021274429
-0.03370000000000006,-0.08740086410566196
-0.034700000000000175,-0.08782527749562147
-0.035700000000000065,-0.08857507448454995
-0.03670000000000018,-0.08925413590848516
-0.03770000000000007,-0.08986246176742714
-0.03870000000000018,-0.09071128854734616
-0.03970000000000007,-0.091121554824307
-0.04070000000000018,-0.09197038160422603
-0.04170000000000007,-0.09260700168916529
-0.04270000000000018,-0.09354071114707624
-0.04370000000000007,-0.09379535918105193
-0.044700000000000184,-0.09451686194398311
-0.045700000000000074,-0.09528080604591022
-0.046700000000000186,-0.09594572035684679
-0.047700000000000076,-0.0962852510688144
-0.04870000000000019,-0.09707748939673881
-0.04970000000000008,-0.09775655082067403
-0.05070000000000019,-0.0983365824536187
-0.05170000000000008,-0.09897320253855796
-0.05270000000000019,-0.09970885241448779
-0.05370000000000008,-0.10045864940341626
-0.05470000000000019,-0.10106697526235821
-0.05570000000000008,-0.10188750781627993
-0.056700000000000195,-0.1038115151840964
-0.057700000000000085,-0.10396713342708154
-0.058700000000000196,-0.10423592857405589
-0.059700000000000086,-0.10507060824097628
-0.0607000000000002,-0.10606090615088182
-0.06170000000000009,-0.10655605510583457
-0.0627000000000002,-0.10743317611175088
-0.06370000000000009,-0.10870641628162941
-0.0647000000000002,-0.10955524306154844
-0.06570000000000009,-0.11105483703940537
-0.0667000000000002,-0.1121583118533001
-0.0677000000000001,-0.11254028390426365
-0.0687000000000002,-0.11295055018122453
-0.0697000000000001,-0.11445014415908147
-0.07070000000000021,-0.11512920558301669
-0.0717000000000001,-0.11576582566795594
-0.07270000000000021,-0.11675612357786147
-0.0737000000000001,-0.11749177345379128
-0.07470000000000021,-0.11825571755571843
-0.0757000000000001,-0.11882160207566443
-0.07670000000000021,-0.11863768960668199
-0.0777000000000001,-0.11967042885558345
-0.07870000000000021,-0.12054754986149978
-0.0797000000000001,-0.12138222952842014
-0.08070000000000022,-0.12251399856831217
-0.0817000000000001,-0.12399944543317046
-0.08270000000000022,-0.1241267694501583
-0.08370000000000011,-0.12537171539403955
-0.08470000000000022,-0.12559806920201796
-0.08570000000000011,-0.1259941883659802
-0.08670000000000022,-0.12644689598193698
-0.08770000000000011,-0.12831431489775882
-0.08870000000000022,-0.1294319368246522
-0.08970000000000011,-0.13016758670058204
-0.09070000000000022,-0.13045052896055503
-0.09170000000000011,-0.13088908946351321
-0.09270000000000023,-0.1314832682094565
-0.09370000000000012,-0.13247356611936204
-0.09470000000000023,-0.13357704093325676
-0.09570000000000012,-0.13441172060017711
-0.09670000000000023,-0.1351332233631083
-0.09770000000000012,-0.1364489048719828
-0.09870000000000023,-0.13671770001895714
-0.09970000000000012,-0.13729773165190182
-0.10070000000000023,-0.13874073717776414
-0.10170000000000012,-0.13991494755665213
-0.10270000000000024,-0.14175407224647668
-0.10370000000000013,-0.14161260111649018
-0.10470000000000024,-0.14401761032626076
-0.10570000000000013,-0.14500790823616627
-0.10670000000000024,-0.1458567350160853
-0.10770000000000013,-0.14642261953603128
-0.10870000000000024,-0.14755438857592332
-0.10970000000000013,-0.14712997518596382
-0.11070000000000024,-0.14755438857592332
-0.11170000000000013,-0.1465640906660178
-0.11270000000000002,-0.14769585970590982
-0.11370000000000013,-0.14925204213576138
-0.11470000000000002,-0.14939351326574787
-0.11570000000000014,-0.14826174422585583
-0.11670000000000003,-0.1498179266557074
-0.11770000000000014,-0.15363764716534298
-0.11870000000000003,-0.15448647394526202
-0.11970000000000014,-0.15788178106493808
-0.12070000000000003,-0.1583061944548976
-0.12170000000000014,-0.1551938295951945
-0.12270000000000003,-0.15646706976507307
-0.12370000000000014,-0.15816472332491108
-0.12470000000000003,-0.1588720789748436
-0.12570000000000014,-0.15943796349478964
-0.12670000000000003,-0.155335300725181
-0.12770000000000015,-0.155335300725181
-0.12870000000000004,-0.15448647394526202
-0.12970000000000015,-0.1543450028152755
-0.13070000000000004,-0.15561824298515403
-0.13170000000000015,-0.15703295428501907
-0.13270000000000004,-0.15660854089505957
-0.13370000000000015,-0.15675001202504607
-0.13470000000000004,-0.15561824298515403
-0.13570000000000015,-0.15660854089505957
-0.13670000000000004,-0.15646706976507307
-0.13770000000000016,-0.1574573676749786
-0.13870000000000005,-0.15759883880496509
-0.13970000000000016,-0.15788178106493808
-0.14070000000000005,-0.15816472332491108
-0.14170000000000016,-0.15774030993495158
-0.14270000000000005,-0.15901355010483012
-0.14370000000000016,-0.15943796349478964
-0.14470000000000005,-0.15759883880496509
-0.14570000000000016,-0.15717442541500556
-0.14670000000000005,-0.15717442541500556
-0.14770000000000016,-0.15816472332491108
-0.14870000000000005,-0.15816472332491108
-0.14970000000000017,-0.15788178106493808
-0.15070000000000006,-0.15929649236480314
-0.15170000000000017,-0.1583061944548976
-0.15270000000000006,-0.1588720789748436
-0.15370000000000017,-0.15943796349478964
-0.15470000000000006,-0.16000384801473563
-0.15570000000000017,-0.15986237688474914
-0.15670000000000006,-0.15943796349478964
-0.15770000000000017,-0.15915502123481662
-0.15870000000000006,-0.16000384801473563
-0.15970000000000018,-0.15986237688474914
-0.16070000000000007,-0.15943796349478964
-0.16170000000000018,-0.16056973253468165
-0.16270000000000007,-0.15972090575476264
-0.16370000000000018,-0.16056973253468165
-0.16470000000000007,-0.16056973253468165
-0.16570000000000018,-0.16099414592464115
-0.16670000000000007,-0.1625503283544927
-0.16770000000000018,-0.1628332706144657
-0.16870000000000007,-0.1622673860945197
-0.16970000000000018,-0.1624088572245062
-0.17070000000000007,-0.1624088572245062
-0.17170000000000019,-0.1626917994844792
-0.17270000000000008,-0.1628332706144657
-0.1737000000000002,-0.16339915513441172
-0.17470000000000008,-0.1629747417444522
-0.1757000000000002,-0.1624088572245062
-0.17670000000000008,-0.16325768400442522
-0.1777000000000002,-0.16368209739438472
-0.17870000000000008,-0.16453092417430376
-0.1797000000000002,-0.16495533756426325
-0.18070000000000008,-0.16509680869424978
-0.1817000000000002,-0.16537975095422278
-0.18270000000000008,-0.16523827982423628
-0.1837000000000002,-0.16537975095422278
-0.1847000000000001,-0.16509680869424978
-0.1857000000000002,-0.16637004886412832
-0.1867000000000001,-0.16721887564404736
-0.1877000000000002,-0.16707740451406086
-0.1887000000000001,-0.16778476016399335
-0.1897000000000002,-0.16863358694391237
-0.1907000000000001,-0.17004829824377743
-0.1917000000000001,-0.1693409425938449
-0.19269999999999998,-0.17075565389370992
-0.1937000000000001,-0.17075565389370992
-0.19469999999999998,-0.17075565389370992
-0.1957000000000001,-0.17103859615368294
-0.19669999999999999,-0.17188742293360199
-0.1977000000000001,-0.17231183632356148
-0.1987,-0.17400948988339954
-0.1997000000000001,-0.17457537440334553
-0.2007,-0.17514125892329155
-0.2017000000000001,-0.17556567231325104
-0.2027,-0.173302134233467
-0.2037000000000001,-0.1737265476234265
-0.2047,-0.17485831666331855
-0.2057000000000001,-0.17542420118326454
-0.2067,-0.17797068152302162
-0.2077000000000001,-0.17867803717295414
-0.2087,-0.17867803717295414
-0.2097000000000001,-0.17938539282288665
-0.2107,-0.18037569073279217
-0.2117000000000001,-0.18164893090267073
-0.2127,-0.18207334429263022
-0.2137000000000001,-0.18263922881257624
-0.2147,-0.18334658446250876
-0.2157000000000001,-0.1847612957623738
-0.2167,-0.1858930648022658
-0.21770000000000012,-0.1860345359322523
-0.2187,-0.18744924723211737
-0.21970000000000012,-0.18787366062207686
-0.2207,-0.18801513175206336
-0.22170000000000012,-0.18858101627200938
-0.2227,-0.19042014096183393
-0.22370000000000012,-0.19169338113171247
-0.2247,-0.19381544808151
-0.22570000000000012,-0.19423986147146954
-0.2267,-0.19466427486142904
-0.22770000000000012,-0.19678634181122662
-0.22870000000000001,-0.19791811085111863
-0.22970000000000013,-0.19989870667092968
-0.23070000000000002,-0.2038598983105518
-0.23170000000000013,-0.21588494435940458
-0.23270000000000002,-0.21475317531951257
-0.23370000000000013,-0.21475317531951257
-0.23470000000000002,-0.21489464644949907
-0.23570000000000013,-0.2156020020994316
-0.23670000000000002,-0.2154605309694451
-0.2376999999999999,-0.21687524226931013
-0.23870000000000002,-0.21277257949970152
-0.2396999999999999,-0.21362140627962053
-0.24070000000000003,-0.2153190598394586
-0.24169999999999991,-0.21885583808912115
-0.24270000000000003,-0.22154378955886472
-0.24369999999999992,-0.22239261633878374
-0.24470000000000003,-0.22479762554855431
-0.24569999999999992,-0.22635380797840585
-0.24670000000000003,-0.2267782213683654
-0.24769999999999992,-0.22989058622806843
-0.24870000000000003,-0.2307394130079875
-0.24969999999999992,-0.23201265317786599
-0.25070000000000003,-0.23272000882779853
-0.2516999999999999,-0.23470060464760956
-0.25270000000000004,-0.23696414272739363
-0.2536999999999999,-0.2399350364571102
-0.25470000000000004,-0.24248151679686727
-0.2556999999999999,-0.24531093939659734
-0.25670000000000004,-0.24799889086634092
-0.25769999999999993,-0.250545371206098
-0.25870000000000004,-0.2526674381558955
-0.25969999999999993,-0.25634568753554465
-0.26070000000000004,-0.25931658126526125
-0.26169999999999993,-0.2615801193450453
-0.26270000000000004,-0.2648339553347349
-0.26369999999999993,-0.26780484906445146
-0.26470000000000005,-0.269643973754276
-0.26569999999999994,-0.2724733963540061
-0.26670000000000005,-0.2762931168636417
-0.26769999999999994,-0.2796884239833177
-0.26870000000000005,-0.28322520223298037
-0.26969999999999994,-0.28761080726256194
-0.27070000000000005,-0.29128905664221105
-0.27169999999999994,-0.2960990750617522
-0.27270000000000005,-0.2992114399214552
-0.27369999999999994,-0.3031726315610774
-0.27470000000000006,-0.3071338232006995
-0.27569999999999995,-0.31095354371033507
-0.27670000000000006,-0.31505620647994365
-0.27769999999999995,-0.3188759269895793
-0.27870000000000006,-0.3231200608891744
-0.27969999999999995,-0.32807155043870195
-0.28070000000000006,-0.33288156885824316
-0.28169999999999995,-0.33655981823789227
-0.28270000000000006,-0.3417942500473929
-0.28369999999999995,-0.346321326206961
-0.28470000000000006,-0.35183870027643466
-0.28569999999999995,-0.3570731320859353
-0.28670000000000007,-0.36060991033559786
-0.28769999999999996,-0.365985813275085
-0.28870000000000007,-0.37136171621457215
-0.28969999999999996,-0.3767376191540593
-0.29070000000000007,-0.38140616644361386
-0.29169999999999996,-0.387065011643074
-0.29270000000000007,-0.39258238571254767
-0.29369999999999996,-0.39640210622218325
-0.2947000000000001,-0.4023438936816164
-0.29569999999999996,-0.4077197966211036
-0.2967000000000001,-0.41408599747049624
-0.29769999999999996,-0.4198863137999429
-0.2987000000000001,-0.42596957238936256
-0.29969999999999997,-0.4312040041988632
-0.3007000000000001,-0.4362969648783774
-0.30169999999999997,-0.44238022346779693
-0.3027000000000001,-0.44888789544717617
-0.30369999999999997,-0.45666880759643386
-0.3047000000000001,-0.4578005766363259
-0.30569999999999997,-0.4650156042656376
-0.3067000000000001,-0.47010856494515163
-0.3077,-0.4735038720648278
-0.3087000000000001,-0.4790212461343014
-0.3097,-0.4853874469836941
-0.3107000000000001,-0.49048040766320816
-0.3117,-0.49613925286266836
-0.3127000000000001,-0.5015151558021554
-0.3137,-0.5057592897017505
-0.3147000000000001,-0.5097204813413726
-0.3157,-0.5150963842808599
-0.3167000000000001,-0.5223114119101716
-0.3177,-0.5235846520800501
-0.3187000000000001,-0.5319314487492538
-0.3197,-0.5317899776192673
-0.3207000000000001,-0.5368829382987814
-0.3217,-0.5409856010683901
-0.3227000000000001,-0.5457956194879312
-0.3237,-0.5503226956474992
-0.3247000000000001,-0.553293589377216
-0.3257,-0.5593768479666354
-0.3267000000000001,-0.5631965684762711
-0.3277,-0.5678651157658258
-0.3287000000000001,-0.5750801433951374
-0.3297,-0.5786169216447999
-0.3307000000000001,-0.5852660647541656
-0.3317,-0.5923396212534908
-0.3327000000000001,-0.5995546488828025
-0.3337,-0.6039402539123842
-0.3347000000000001,-0.6067696765121142
-0.3357,-0.6139847041414259
-0.3367000000000001,-0.621341202900724
-0.3377,-0.6244535677604272
-0.3387000000000001,-0.6291221150499817
-0.3397,-0.6344980179894689
-0.3407000000000001,-0.6397324497989695
-0.3417,-0.6453912949984297
-0.3427000000000001,-0.652747793757728
-0.3437,-0.6612360615569182
-0.3447000000000001,-0.6692999159661489
-0.3457,-0.6763734724654741
-0.3467000000000001,-0.6834470289647994
-0.3477,-0.6951891327536791
-0.3487000000000001,-0.7029700449029368
-0.3497,-0.7107509570521945
-0.3507000000000001,-0.716551273381641
-0.3517,-0.7236248298809663
-0.3527000000000001,-0.7326789822001024
-0.3537,-0.7410257788693063
-0.3547000000000001,-0.7502214023184289
-0.3557,-0.7599829102874976
-0.35670000000000013,-0.7671979379168093
-0.3577,-0.7772423881458511
-0.35870000000000013,-0.7875697806348659
-0.3597,-0.7945018660042045
-0.36070000000000013,-0.8032730760633678
-0.3617,-0.8140248819423421
-0.3626999999999999,-0.8210984384416673
-0.3637,-0.8304355330207766
-0.3646999999999999,-0.8390652719499533
-0.3657,-0.8478364820091164
-0.3666999999999999,-0.8592956435380232
-0.3677,-0.868491266987146
-0.3686999999999999,-0.8792430728661204
-0.36970000000000003,-0.8894289942251485
-0.3706999999999999,-0.9000393289741364
-0.37170000000000003,-0.9092349524232591
-0.3726999999999999,-0.9182891047423953
-0.37370000000000003,-0.930314150791248
-0.3746999999999999,-0.9410659566702223
-0.37570000000000003,-0.9502615801193451
-0.3766999999999999,-0.9662478178078201
-0.37770000000000004,-0.9692187115375367
-0.3786999999999999,-0.9811022864564031
-0.37970000000000004,-0.9917126212053906
-0.3806999999999999,-1.004445022904176
-0.38170000000000004,-1.0168944823429882
-0.38269999999999993,-1.0255242212721651
-0.38370000000000004,-1.0405201610507344
-0.38469999999999993,-1.0504231401497897
-0.38570000000000004,-1.0613164171587506
-0.38669999999999993,-1.0726341075576709
-0.38770000000000004,-1.0853665092564562
-0.38869999999999993,-1.098523324345201
-0.38970000000000005,-1.1143680909036895
-0.39069999999999994,-1.1300713863321914
-0.39170000000000005,-1.1416720189910845
-0.39269999999999994,-1.1551117763398024
-0.39370000000000005,-1.1681271202985608
-0.39469999999999994,-1.1812839353873055
-0.39570000000000005,-1.1944407504760506
-0.39669999999999994,-1.2068902099148628
-0.39770000000000005,-1.2203299672635808
-0.39869999999999994,-1.2327794267023928
-0.39970000000000006,-1.2477753664809623
-0.40069999999999995,-1.2617810083496264
-0.40170000000000006,-1.2780501882980742
-0.40269999999999995,-1.2921973012967245
-0.40370000000000006,-1.3067688276853344
-0.40469999999999995,-1.3183694603442275
-0.40570000000000006,-1.3343556980327025
-0.40669999999999995,-1.3497760512012313
-0.40770000000000006,-1.3622255106400438
-0.40869999999999995,-1.3845779491779113
-0.40970000000000006,-1.3926418035871422
-0.41069999999999995,-1.4083450990156439
-0.41170000000000007,-1.4246142789640919
-0.41269999999999996,-1.4373466806628774
-0.41370000000000007,-1.4514937936615278
-0.41469999999999996,-1.4670556179600431
-0.41570000000000007,-1.4840321535584236
-0.41669999999999996,-1.498179266557074
-0.41770000000000007,-1.512326379555724
-0.41869999999999996,-1.5278882038542394
-0.4197000000000001,-1.54486473945262
-0.42069999999999996,-1.5646706976507305
-0.4217000000000001,-1.584476655848841
-0.42269999999999996,-1.6000384801473564
-0.4237000000000001,-1.6156003044458718
-0.42469999999999997,-1.6325768400442524
-0.4257000000000001,-1.643894530443173
-0.42669999999999997,-1.660871066041553
-0.4277000000000001,-1.6778476016399335
-0.42869999999999997,-1.694824137238314
-0.4297000000000001,-1.7118006728366943
-0.43069999999999997,-1.7330213423346699
-0.4317000000000001,-1.768389124831296
-0.4327,-1.7839509491298113
-0.4337000000000001,-1.8051716186277869
-0.4347,-1.8306364220253575
-0.4357000000000001,-1.8377099785246829
-0.4367,-1.8561012254229279
-0.4377000000000001,-1.8787366062207687
-0.4387,-1.8999572757187444
-0.4397000000000001,-1.922592656516585
-0.4407,-1.9409839034148304
-0.4417000000000001,-1.9607898616129409
-0.4427,-1.9749369746115912
-0.4437000000000001,-1.9791811085111866
-0.4447,-2.007475334508487
-0.4457000000000001,-2.0329401379060577
-0.4467,-2.052746096104168
-0.4477000000000001,-2.0668932091028185
-0.4487,-2.085284456001064
-0.4497000000000001,-2.105090414199175
-0.4507,-2.124896372397285
-0.4517000000000001,-2.151775887094721
-0.4527,-2.174411267892561
-0.4537000000000001,-2.1899730921910767
-0.4547,-2.2126084729889177
-0.4557000000000001,-2.238073276386488
-0.4567,-2.260708657184329
-0.4577000000000001,-2.283344037982169
-0.4587,-2.3045647074801447
-0.4597000000000001,-2.3272000882779853
-0.4607,-2.354079602975421
-0.4617000000000001,-2.3767149837732613
-0.4627,-2.4035944984706976
-0.4637000000000001,-2.4234004566688077
-0.4647,-2.4531093939659736
-0.4657000000000001,-2.4743300634639493
-0.4667,-2.49696544426179
-0.4677000000000001,-2.5238449589592253
-0.4687,-2.545065628457201
-0.4697000000000001,-2.5691157205549064
-0.4707,-2.5959952352523423
-0.4717000000000001,-2.627118883849373
-0.4727,-2.6539983985468085
-0.4737000000000001,-2.6794632019443796
-0.4747,-2.7077574279416803
-0.4757000000000001,-2.730392808739521
-0.4767,-2.7487840556377665
-0.4777000000000001,-2.7714194364356066
-0.4787,-2.795469528533313
-0.4797000000000001,-2.8265931771303436
-0.4807,-2.8534726918277786
-0.48170000000000013,-2.8817669178250793
-0.4827,-2.9072317212226504
-0.48370000000000013,-2.922793545521166
-0.4847,-2.919964122921436
-0.48570000000000013,-2.9482583489187366
-0.4867,-2.972308441016442
-0.4876999999999999,-3.003432089613473
-0.4887,-3.028896893011044
-0.4896999999999999,-3.0600205416080746
-0.4907,-3.0953883241047
-0.4916999999999999,-3.126511972701731
-0.4927,-3.1576356212987617
-0.4936999999999999,-3.1802710020966023
-0.49470000000000003,-3.2099799393937682
-0.4956999999999999,-3.2411035879907995
-0.49670000000000003,-3.2665683913883696
-0.4976999999999999,-3.2962773286855356
-0.49870000000000003,-3.3274009772825663
-0.4996999999999999,-3.359939337179462
-0.5007,-3.386818851876898
-0.5016999999999999,-3.412283655274469
-0.5027,-3.440577881271769
-0.5036999999999999,-3.475945663768395
-0.5047,-3.4999957558661006
-0.5056999999999999,-3.5353635383627267
-0.5067,-3.572146032159218
-0.5076999999999999,-3.6117579485554394
-0.5087,-3.647125731052064
-0.5096999999999999,-3.6754199570493657
-0.5107,-3.7051288943465317
-0.5116999999999999,-3.734837831643697
-0.5127,-3.765961480240728
-0.5136999999999999,-3.794255706238028
-0.5147,-3.838111756533844
-0.5156999999999999,-3.8748942503303354
-0.5167,-3.9074326102272314
-0.5176999999999999,-3.9300679910250715
-0.5187,-3.973924041320888
-0.5196999999999999,-4.01070653511738
-0.5207,-4.04183018371441
-0.5216999999999999,-4.080027388810766
-0.5227,-4.116809882607257
-0.5236999999999999,-4.147933531204288
-0.5247,-4.177642468501453
-0.5257,-4.215839673597809
-0.5267000000000001,-4.2526221673943
-0.5277,-4.283745815991331
-0.5287000000000001,-4.324772443687417
-0.5297,-4.3657990713835035
-0.5307000000000001,-4.408240410379454
-0.5317,-4.443608192876081
-0.5327000000000001,-4.483220109272302
-0.5337,-4.528490870867983
-0.5347000000000001,-4.570932209863933
-0.5357,-4.6091294149602895
-0.5367000000000001,-4.650156042656376
-0.5377,-4.691182670352461
-0.5387000000000001,-4.7138180511503025
-0.5397,-4.750600544946793
-0.5407000000000001,-4.794456595242609
-0.5417,-4.842556779438021
-0.5427000000000001,-4.883583407134107
-0.5437,-4.921780612230462
-0.5447000000000001,-4.972710219025604
-0.5457,-5.01656626932142
-0.5467000000000001,-5.053348763117911
-0.5477,-5.102863658613187
-0.5487000000000001,-5.148134420208869
-0.5497,-5.191990470504685
-0.5507000000000001,-5.237261232100366
-0.5517,-5.266970169397532
-0.5527000000000001,-5.3178997761926725
-0.5537,-5.374488228187275
-0.5547000000000001,-5.4225884123826855
-0.5557,-5.456541483579446
-0.5567000000000001,-5.507471090374587
-0.5577,-5.555571274569999
-0.5587000000000001,-5.6065008813651405
-0.5597,-5.656015776860417
-0.5607000000000001,-5.7111895175551535
-0.5617,-5.739483743552454
-0.5627000000000001,-5.767777969549755
-0.5637,-5.814463442445301
-0.5647000000000001,-5.873881317039633
-0.5657,-5.933299191633965
-0.5667000000000001,-5.98281408712924
-0.5677,-6.0323289826245166
-0.5687000000000001,-6.080429166819927
-0.5697,-6.144091175313854
-0.5707000000000001,-6.178044246510615
-0.5717,-6.3676155606925295
-0.5727000000000001,-6.441180548285512
-0.5737,-6.444009970885243
-0.5747000000000001,-6.510501401978899
-0.5757,-6.557186874874445
-0.5767000000000001,-6.578407544372421
-0.5777,-6.647728398065807
-0.5787000000000001,-6.701487427460679
-0.5797,-6.762320013354876
-0.5807000000000001,-6.817493754049612
-0.5817,-6.852861536546238
-0.5827000000000001,-6.90944998854084
-0.5837,-6.958964884036115
-0.5847000000000001,-7.041018139428288
-0.5857,-7.1216566835205946
-0.5867000000000001,-7.181074558114926
-0.5877,-7.237663010109527
-0.5887000000000001,-7.321130976801564
-0.5897,-7.404598943493602
-0.5907000000000001,-7.461187395488204
-0.5917,-7.5220199813824
-0.5927000000000001,-7.582852567276596
-0.5937,-7.650758709670118
-0.5947000000000001,-7.708761872964584
-0.5957,-7.755447345860131
-0.5967000000000001,-7.833256467352707
-0.5977,-7.899747898446365
-0.5987000000000001,-7.95775106174083
-0.5997,-8.008680668535973
-0.6007000000000001,-8.087904501328415
-0.6017,-8.150151798522476
-0.6027000000000001,-8.223716786115459
-0.6037,-8.27181697031087
-0.6047000000000001,-8.360943782202368
-0.6057,-8.428849924595887
-0.6067000000000001,-8.452900016693595
-0.6077,-8.52787971558644
-0.6087000000000001,-8.585882878880907
-0.6097,-8.652374309974565
-0.6107000000000001,-8.734427565366737
-0.6117,-8.81931024335864
-0.6126999999999999,-8.85609273715513
-0.6137,-8.948048971646358
-0.6146999999999999,-9.007466846240689
-0.6157,-9.059811164335693
-0.6166999999999999,-9.141864419727867
-0.6177,-9.197038160422604
-0.6186999999999999,-9.291823817513562
-0.6197,-9.372462361605868
-0.6206999999999999,-9.458759750897634
-0.6217,-9.516762914192102
-0.6226999999999999,-9.60306030348387
-0.6237,-9.65681933287874
-0.6246999999999999,-9.745946144770238
-0.6257,-9.832243534062004
-0.6266999999999999,-9.91571150075404
-0.6277,-10.028888404743245
-0.6286999999999999,-10.064256187239872
-0.6297,-10.164700689530287
-0.6306999999999999,-10.23826567712327
-0.6317,-10.280707016119223
-0.6326999999999999,-10.372663250610449
-0.6337,-10.385395652309235
-0.6346999999999999,-10.507060824097627
-0.6357,-10.604675903788314
-0.6366999999999999,-10.644287820184536
-0.6377,-10.709364539978326
-0.6386999999999999,-10.804150197069285
-0.6397,-10.911668255859027
-0.6406999999999999,-10.972500841753224
-0.6417,-11.092751302241753
-0.6426999999999999,-11.176219268933789
-0.6437,-11.231393009628526
-0.6446999999999999,-11.273834348624478
-0.6457,-11.43794085940882
-0.6466999999999999,-11.604876792792895
-0.6477,-11.587900257194516
-0.6486999999999999,-11.688344759484933
-0.6497,-11.785959839175622
-0.6507,-11.992507688955916
-0.6517000000000001,-12.11134343814458
-0.6527,-12.208958517835267
-0.6537000000000001,-12.315061865325143
-0.6547,-12.520195003805576
-0.6557000000000001,-12.551318652402605
-0.6567,-12.648933732093294
-0.6577000000000001,-12.797478418579121
-0.6587,-12.95168195026441
-0.6597000000000001,-13.064858854253613
-0.6607,-13.166718067843897
-0.6617000000000001,-13.29404208483175
-0.6627,-13.469466286015015
-0.6637000000000001,-13.576984344804757
-0.6647,-13.674599424495446
-0.6657000000000001,-13.796264596283837
-0.6667,-13.765140947686808
-0.6677000000000001,-13.934906303670612
-0.6687,-14.0325213833613
-0.6697000000000001,-14.161260111649016
-0.6707,-14.345172580631472
-0.6717000000000001,-14.401761032626075
-0.6727,-14.486643710617974
-0.6737000000000001,-14.599820614607177
-0.6747,-14.755438857592333
-0.6757000000000001,-14.882762874580186
-0.6767,-15.02423400456669
-0.6777000000000001,-15.222293586547794
-0.6787,-15.307176264539699
-0.6797000000000001,-15.462794507524851
-0.6807,-15.575971411514052
-0.6817000000000001,-15.675001202504609
-0.6827,-15.844766558488407
-0.6837000000000001,-16.014531914472215
-0.6847,-16.15600304445872
-0.6857000000000001,-16.354062626439823
-0.6867,-16.495533756426326
-0.6877000000000001,-16.53797509542228
-0.6887,-16.651151999411482
-0.6897000000000001,-16.835064468393938
-0.6907,-16.919947146385837
-0.6917000000000001,-17.089712502369647
-0.6927,-17.28777208435075
-0.6937000000000001,-17.40094898833995
-0.6947,-17.528273005327804
-0.6957000000000001,-17.698038361311607
-0.6967,-17.853656604296763
-0.6977000000000001,-18.06586329927652
-0.6987,-18.13659886426977
-0.6997000000000001,-18.306364220253574
-0.7007,-18.461982463238726
-0.7017000000000001,-18.688336271217132
-0.7027,-18.97127853119014
-0.7037000000000001,-19.155191000172596
-0.7047,-19.211779452167196
-0.7057000000000001,-19.353250582153702
-0.7067,-19.423986147146955
-0.7077000000000001,-19.678634181122664
-0.7087,-19.749369746115914
-0.7097000000000001,-19.876693763103766
-0.7107,-20.13134179707947
-0.7117000000000001,-20.25866581406732
-0.7127,-20.47087250904708
-0.7137000000000001,-20.640637865030882
-0.7147,-20.78210899501739
-0.7157000000000001,-20.93772723800254
-0.7167,-21.277257949970153
-0.7177000000000001,-21.418729079956652
-0.7187,-21.63093577493641
-0.7197000000000001,-21.871436695913467
-0.7207,-22.168526068885125
-0.7217000000000001,-22.40902698986218
-0.7227,-22.550498119848687
-0.7237000000000001,-22.578792345845983
-0.7247,-22.748557701829792
-0.7257000000000001,-22.974911509808198
-0.7267,-23.187118204787954
-0.7277000000000001,-23.427619125765005
-0.7287,-23.92276808071777
-0.7297000000000001,-23.93691519371642
-0.7307,-23.993503645711023
-0.7317000000000001,-24.23400456668808
-0.7327,-24.474505487665134
-0.7337000000000001,-24.601829504652986
-0.7347,-24.799889086634096
-0.7357000000000001,-25.04039000761115
-0.7367,-25.266743815589557
-0.7376999999999999,-25.57798030155986
-0.7387,-25.832628335535567
-0.7396999999999999,-25.86092256153287
-0.7407,-26.058982143513976
-0.7416999999999999,-26.101423482509926
-0.7427,-26.469248420474838
-0.7436999999999999,-26.766337793446493
-0.7447,-27.134162731411404
-0.7456999999999999,-27.289780974396557
-0.7467,-27.473693443379013
-0.7476999999999999,-27.770782816350668
-0.7487,-28.209343319308836
-0.7496999999999999,-28.209343319308836
-0.7507,-28.435697127287238
-0.7516999999999999,-28.633756709268344
-0.7527,-28.987434534234602
-0.7536999999999999,-29.510877715184666
-0.7547,-29.921143992145527
-0.7556999999999999,-29.779672862159025
-0.7567,-30.13335068712528
-0.7576999999999999,-30.43044006009694
-0.7587,-30.11920357412663
-0.7596999999999999,-30.43044006009694
-0.7607,-30.741676546067247
-0.7616999999999999,-31.010471693041605
-0.7627,-31.83100424696332
-0.7636999999999999,-32.39688876690934
-0.7647,-32.58080123589179
-0.7656999999999999,-32.269564749921486
-0.7667,-32.07150516794038
-0.7676999999999999,-32.283711862920136
-0.7687,-32.42518299290664
-0.7696999999999999,-32.96277328685535
-0.7707,-33.18912709483376
-0.7716999999999999,-33.57109914579732
-0.7727,-34.06624810075008
-0.7736999999999999,-34.34919036072309
-0.7747,-34.34919036072309
-0.7757,-34.787750863681254
-0.7767000000000001,-34.9716633326637
-0.7777,-35.43851806161916
-0.7787000000000001,-35.763901660588125
-0.7797,-36.21660927654494
-0.7807000000000001,-36.5985813275085
-0.7817,-36.86737647448285
-0.7827000000000001,-37.206907186450465
-0.7837,-37.56058501141672
-0.7847000000000001,-38.01329262737354
-0.7857,-38.22549932235329
-0.7867000000000001,-38.267940661349236
-0.7857,-37.97085128837759
-0.7847000000000001,-37.73035036740053
-0.7837,-37.58887923741403
-0.7827000000000001,-37.56058501141672
-0.7817,-37.376672542434264
-0.7807000000000001,-37.122024508458566
-0.7797,-36.83908224848555
-0.7787000000000001,-36.6268755535058
-0.7777,-36.3439332935328
-0.7767000000000001,-36.04684392056114
-0.7757,-35.79219588658543
-0.7747,-35.650724756598926
-0.7736999999999999,-35.396076722623214
-0.7727,-35.268752705635364
-0.7716999999999999,-35.226311366639415
-0.7707,-34.99995755866101
-0.7696999999999999,-34.67457395969205
-0.7687,-34.4906614907096
-0.7676999999999999,-34.179425004739294
-0.7667,-34.00965964875548
-0.7656999999999999,-33.924776970763574
-0.7647,-33.726717388782475
-0.7636999999999999,-33.42962801581082
-0.7627,-33.373039563816214
-0.7616999999999999,-33.0335088518486
-0.7607,-32.93447906085806
-0.7596999999999999,-32.821302156868846
-0.7587,-32.62324257488775
-0.7576999999999999,-32.340300314914735
-0.7567,-32.14224073293363
-0.7556999999999999,-31.95832826395118
-0.7547,-31.54806198699032
-0.7536999999999999,-31.30756106601326
-0.7527,-31.095354371033505
-0.7516999999999999,-30.8407063370578
-0.7507,-30.50117562509019
-0.7496999999999999,-29.991879557138777
-0.7487,-29.822114201154974
-0.7476999999999999,-29.42599503719276
-0.7467,-29.171347003217054
-0.7456999999999999,-28.959140308237306
-0.7447,-28.789374952253496
-0.7436999999999999,-28.435697127287238
-0.7427,-28.350814449295335
-0.7416999999999999,-28.280078884302082
-0.7407,-28.11031352831828
-0.7396999999999999,-27.912253946337174
-0.7387,-27.714194364356068
-0.7376999999999999,-27.516134782374962
-0.7367,-27.36051653938981
-0.7357000000000001,-27.162456957408708
-0.7347,-26.95025026242895
-0.7337000000000001,-26.738043567449193
-0.7327,-26.55413109846674
-0.7317000000000001,-26.356071516485635
-0.7307,-26.11557059550858
-0.7297000000000001,-25.91751101352747
-0.7287,-25.73359854454502
-0.7277000000000001,-25.49309762356796
-0.7267,-25.1394197986017
-0.7257000000000001,-24.884771764625995
-0.7247,-24.64427084364894
-0.7237000000000001,-24.33303435767863
-0.7227,-24.092533436701576
-0.7217000000000001,-23.809591176728567
-0.7207,-23.55494314275286
-0.7197000000000001,-23.44176623876366
-0.7187,-23.144676865792
-0.7177000000000001,-22.890028831816295
-0.7167,-22.63538079784059
-0.7157000000000001,-22.36658565086623
-0.7147,-22.253408746877028
-0.7137000000000001,-22.069496277894572
-0.7127,-22.111937616890522
-0.7117000000000001,-21.800701130920213
-0.7107,-21.645082887935057
-0.7097000000000001,-21.43287619295531
-0.7087,-21.22066949797555
-0.7077000000000001,-21.079198367989047
-0.7067,-20.838697447011988
-0.7057000000000001,-20.73966765602144
-0.7047,-20.52746096104168
-0.7037000000000001,-20.357695605057877
-0.7027,-20.202077362072725
-0.7017000000000001,-20.117194684080822
-0.7007,-19.947429328097016
-0.6997000000000001,-19.862546650105116
-0.6987,-19.664487068124007
-0.6977000000000001,-19.49472171214021
-0.6967,-19.22592656516585
-0.6957000000000001,-19.027866983184744
-0.6947,-18.858101627200938
-0.6937000000000001,-18.744924723211735
-0.6927,-18.57515936722793
-0.6917000000000001,-18.40539401124413
-0.6907,-18.164893090267068
-0.6897000000000001,-17.938539282288666
-0.6887,-17.825362378299463
-0.6877000000000001,-17.655597022315657
-0.6867,-17.471684553333205
-0.6857000000000001,-17.316066310348052
-0.6847,-17.146300954364243
-0.6837000000000001,-16.97653559838044
-0.6827,-16.849211581392588
-0.6817000000000001,-16.665299112410132
-0.6807,-16.481386643427676
-0.6797000000000001,-16.339915513441174
-0.6787,-16.170150157457368
-0.6777000000000001,-15.957943462477614
-0.6767,-15.830619445489761
-0.6757000000000001,-15.731589654499205
-0.6747,-15.590118524512702
-0.6737000000000001,-15.462794507524851
-0.6727,-15.278882038542395
-0.6717000000000001,-15.193999360550496
-0.6707,-15.06667534356264
-0.6697000000000001,-15.080822456561293
-0.6687,-14.826174422585586
-0.6677000000000001,-14.642261953603128
-0.6667,-14.642261953603128
-0.6657000000000001,-14.557379275611227
-0.6647,-14.415908145624723
-0.6637000000000001,-14.331025467632822
-0.6627,-14.24614278964092
-0.6617000000000001,-14.056571475459005
-0.6607,-13.944809282769667
-0.6597000000000001,-13.773629215485999
-0.6587,-13.640646353298685
-0.6577000000000001,-13.503419357211776
-0.6567,-13.384583608023112
-0.6557000000000001,-13.260089013634989
-0.6547,-13.129935574047403
-0.6537000000000001,-12.995538000560227
-0.6527,-12.835675623675478
-0.6517000000000001,-12.728157564885736
-0.6507,-12.653177865992886
-0.6497,-12.466435974410702
-0.6486999999999999,-12.30798830882582
-0.6477,-12.152370065840664
-0.6466999999999999,-12.006654801954566
-0.6457,-12.090122768646603
-0.6446999999999999,-11.98260470985686
-0.6437,-11.80576579737373
-0.6426999999999999,-11.677027069086012
-0.6417,-11.56950901029627
-0.6406999999999999,-11.500188156602883
-0.6397,-11.351643470117054
-0.6386999999999999,-11.239881277427717
-0.6377,-11.099824858741078
-0.6366999999999999,-10.97957439825255
-0.6357,-10.898935854160243
-0.6346999999999999,-10.770197125872524
-0.6337,-10.683899736580756
-0.6326999999999999,-10.61457888288737
-0.6317,-10.515549091896817
-0.6306999999999999,-10.436325259104375
-0.6297,-10.318904221215577
-0.6286999999999999,-10.178847802528939
-0.6277,-10.085476856737847
-0.6266999999999999,-9.975129375348374
-0.6257,-9.877514295657685
-0.6246999999999999,-9.781313927266863
-0.6237,-9.66530760067793
-0.6226999999999999,-9.562033675787783
-0.6217,-9.424806679700875
-0.6206999999999999,-9.32577688871032
-0.6197,-9.168743934425303
-0.6186999999999999,-9.049908185236639
-0.6177,-8.955122528145683
-0.6166999999999999,-8.846189758056074
-0.6157,-8.768380636563498
-0.6146999999999999,-8.690571515070921
-0.6137,-8.592956435380232
-0.6126999999999999,-8.47129126359184
-0.6117,-8.390652719499533
-0.6107000000000001,-8.358114359602638
-0.6097,-8.220887363515727
-0.6087000000000001,-8.11195459342612
-0.6077,-8.012924802435567
-0.6067000000000001,-7.93228625834326
-0.6057,-7.796473973556218
-0.6047000000000001,-7.714420718164044
-0.6037,-7.646514575770523
-0.6027000000000001,-7.553143629979432
-0.6017,-7.448454993789417
-0.6007000000000001,-7.370645872296841
-0.5997,-7.28293377170521
-0.5987000000000001,-7.192392248513847
-0.5977,-7.127315528720055
-0.5967000000000001,-7.022626892530043
-0.5957,-6.971697285734901
-0.5947000000000001,-6.886814607742999
-0.5937,-6.794858373251771
-0.5927000000000001,-6.681681469262568
-0.5917,-6.602457636470127
-0.5907000000000001,-6.54162505057593
-0.5897,-6.431277569186457
-0.5887000000000001,-6.37044498329226
-0.5877,-6.278488748801033
-0.5867000000000001,-6.2035090499081855
-0.5857,-6.155408865712774
-0.5847000000000001,-6.053549652122491
-0.5837,-5.992717066228296
-0.5827000000000001,-5.921981501235043
-0.5817,-5.882369584838822
-0.5807000000000001,-5.78051037124854
-0.5797,-5.694212981956773
-0.5787000000000001,-5.6192332830639256
-0.5777,-5.569718387568649
-0.5767000000000001,-5.506056379074723
-0.5757,-5.4296619688820105
-0.5747000000000001,-5.368829382987815
-0.5737,-5.289605550195372
-0.5727000000000001,-5.240090654700095
-0.5717,-5.1792580688059
-0.5707000000000001,-5.105693081212917
-0.5697,-5.053348763117911
-0.5687000000000001,-5.003833867622634
-0.5677,-4.926024746130058
-0.5667000000000001,-4.865192160235861
-0.5657,-4.80860370824126
-0.5647000000000001,-4.760503524045848
-0.5637,-4.708159205950842
-0.5627000000000001,-4.640253063557321
-0.5617,-4.572346921163798
-0.5607000000000001,-4.529905582167847
-0.5597,-4.503026067470412
-0.5587000000000001,-4.422387523378105
-0.5577,-4.362969648783774
-0.5567000000000001,-4.309210619388901
-0.5557,-4.254036878694166
-0.5547000000000001,-4.166324778102533
-0.5537,-4.128127573006177
-0.5527000000000001,-4.088515656609956
-0.5517,-4.01636538031684
-0.5507000000000001,-3.9640210622218324
-0.5497,-3.9116767441268263
-0.5487000000000001,-3.855088292132225
-0.5477,-3.801329262737354
-0.5467000000000001,-3.7404966768431565
-0.5457,-3.67966409094896
-0.5447000000000001,-3.6386374632528744
-0.5437,-3.5961961242569234
-0.5427000000000001,-3.508484023665291
-0.5417,-3.450480860370824
-0.5407000000000001,-3.4136983665743337
-0.5397,-3.371257027578382
-0.5387000000000001,-3.317497998183511
-0.5377,-3.273641947887695
-0.5367000000000001,-3.2312006088917435
-0.5357,-3.1972475376949827
-0.5347000000000001,-3.168953311697682
-0.5337,-3.129341395301461
-0.5327000000000001,-3.0670940981073995
-0.5317,-2.9921143992145525
-0.5307000000000001,-2.9666495958169823
-0.5297,-2.922793545521166
-0.5287000000000001,-2.8831816291249446
-0.5277,-2.8478138466283185
-0.5267000000000001,-2.8011283737327726
-0.5257,-2.7601017460366863
-0.5247,-2.719075118340601
-0.5236999999999999,-2.6653160889457292
-0.5227,-2.6497542646472136
-0.5216999999999999,-2.627118883849373
-0.5207,-2.5691157205549064
-0.5196999999999999,-2.5252596702590906
-0.5187,-2.4799889086634095
-0.5176999999999999,-2.433303435767863
-0.5167,-2.3979356532712375
-0.5156999999999999,-2.3653972933743415
-0.5147,-2.33144422217758
-0.5136999999999999,-2.3017352848804147
-0.5127,-2.2522203893851382
-0.5116999999999999,-2.238073276386488
-0.5107,-2.2225114520879723
-0.5096999999999999,-2.1871436695913467
-0.5087,-2.1574347322941807
-0.5076999999999999,-2.116408104598095
-0.5067,-2.0866991673009294
-0.5056999999999999,-2.0598196526034935
-0.5047,-2.007475334508487
-0.5036999999999999,-2.0032312006088917
-0.5027,-1.9664487068124006
-0.5016999999999999,-1.925422079116315
-0.5007,-1.894298430519284
-0.4996999999999999,-1.8744924723211736
-0.49870000000000003,-1.8419541124242775
-0.4976999999999999,-1.8065863299276517
-0.49670000000000003,-1.7881950830294064
-0.4956999999999999,-1.7584861457322407
-0.49470000000000003,-1.7188742293360195
-0.4936999999999999,-1.6976535598380442
-0.4927,-1.6849211581392587
-0.4916999999999999,-1.6424798191433077
-0.4907,-1.6184297270456018
-0.4896999999999999,-1.6000384801473564
-0.4887,-1.5731589654499207
-0.4876999999999999,-1.5547677185516753
-0.4867,-1.5137410908555893
-0.48570000000000013,-1.4939351326574788
-0.4847,-1.462811484060448
-0.48370000000000013,-1.4529085049613928
-0.4827,-1.426028990263957
-0.48170000000000013,-1.4026862538161837
-0.4807,-1.3784946905884918
-0.4797000000000001,-1.3592546169103275
-0.4787,-1.3361948227225273
-0.4777000000000001,-1.3240283055436879
-0.4767,-1.3087494235051453
-0.4757000000000001,-1.2784746016880337
-0.4747,-1.2545659807203144
-0.4737000000000001,-1.234760022522204
-0.4727,-1.2126905262443095
-0.4717000000000001,-1.1941578082160775
-0.4707,-1.1778886282676295
-0.4697000000000001,-1.154970305209816
-0.4687,-1.1568094298996403
-0.4677000000000001,-1.1382767118714086
-0.4667,-1.1099824858741079
-0.4657000000000001,-1.0839517979565911
-0.4647,-1.059477292468926
-0.4637000000000001,-1.0553746296993174
-0.4627,-1.041793401220613
-0.4617000000000001,-1.0222703852824755
-0.4607,-1.0045864940341627
-0.4597000000000001,-0.9912882078154313
-0.4587,-0.9779899215966998
-0.4577000000000001,-0.9498371667293856
-0.4567,-0.9348412269508163
-0.4557000000000001,-0.9219673541220444
-0.4547,-0.9085275967733266
-0.4537000000000001,-0.8926828302148382
-0.4527,-0.8791016017361337
-0.4517000000000001,-0.8611347682278478
-0.4507,-0.8426020501996159
-0.4497000000000001,-0.8372261472601288
-0.4487,-0.8179860735819643
-0.4477000000000001,-0.794077452614245
-0.4467,-0.7792229839656621
-0.4457000000000001,-0.7732811965062291
-0.4447,-0.7567290742978081
-0.4437000000000001,-0.7456943261588609
-0.4427,-0.7278689637805613
-0.4417000000000001,-0.7200880516313036
-0.4407,-0.7060824097626398
-0.4397000000000001,-0.6913694122440435
-0.4387,-0.6783540682852851
-0.4377000000000001,-0.6687340314462029
-0.4367,-0.6509086690679033
-0.4357000000000001,-0.6405812765788885
-0.4347,-0.6296879995699278
-0.4337000000000001,-0.6214826740307106
-0.4327,-0.6081843878119793
-0.4317000000000001,-0.6001205334027485
-0.43069999999999997,-0.5937543325533559
-0.4297000000000001,-0.5855490070141387
-0.42869999999999997,-0.5680065868958123
-0.4277000000000001,-0.5639039241262036
-0.42669999999999997,-0.5501812245175128
-0.4257000000000001,-0.5334876311791055
-0.42469999999999997,-0.5214625851302525
-0.4237000000000001,-0.5122669616811297
-0.42269999999999996,-0.5037786938819395
-0.4217000000000001,-0.4937342436528978
-0.42069999999999996,-0.48765098506347815
-0.4197000000000001,-0.47916271726428794
-0.41869999999999996,-0.47180621850498966
-0.41770000000000007,-0.4630350084458265
-0.41669999999999996,-0.45681027872642027
-0.41570000000000007,-0.44973672222709515
-0.41469999999999996,-0.43983374312803997
-0.41370000000000007,-0.4319113598487957
-0.41269999999999996,-0.4225742652696865
-0.41170000000000007,-0.4152177665103883
-0.41069999999999995,-0.4082856811410496
-0.40970000000000006,-0.3989485865619403
-0.40869999999999995,-0.39187503006261515
-0.40770000000000006,-0.3893285497228581
-0.40669999999999995,-0.37786938819395127
-0.40570000000000006,-0.37051288943465316
-0.40469999999999995,-0.3675419957049365
-0.40370000000000006,-0.35990255468566534
-0.40269999999999995,-0.3541022383562187
-0.40170000000000006,-0.34830192202677207
-0.40069999999999995,-0.34151130778741984
-0.39970000000000006,-0.33839894292771683
-0.39869999999999994,-0.33047655964847256
-0.39770000000000005,-0.328354492698675
-0.39669999999999994,-0.3222712341092553
-0.39570000000000005,-0.3159050332598627
-0.39469999999999994,-0.30883147676053746
-0.39370000000000005,-0.30373851608102337
-0.39269999999999994,-0.29906996879146874
-0.39170000000000005,-0.2941184792419411
-0.39069999999999994,-0.28775227839254847
-0.38970000000000005,-0.27982989511330425
-0.38869999999999993,-0.27459546330380363
-0.38770000000000004,-0.2697854448842625
-0.38669999999999993,-0.27035132940420853
-0.38570000000000004,-0.2653998398546809
-0.38469999999999993,-0.2547895051056931
-0.38370000000000004,-0.25068684233608446
-0.38269999999999993,-0.24573535278655687
-0.38170000000000004,-0.24191563227692126
-0.3806999999999999,-0.23738855611735316
-0.37970000000000004,-0.23399324899767707
-0.3786999999999999,-0.22918323057813594
-0.37770000000000004,-0.22465615441856782
-0.3766999999999999,-0.22126084729889173
-0.37570000000000003,-0.21772406904922914
-0.3746999999999999,-0.21333846401964754
-0.37370000000000003,-0.20937727238002546
-0.3726999999999999,-0.2065478497802954
-0.37170000000000003,-0.20329401379060577
-0.3706999999999999,-0.19961576441095666
-0.36970000000000003,-0.19579604390132105
-0.3686999999999999,-0.19268367904161798
-0.3677,-0.1899957275718744
-0.3666999999999999,-0.18730777610213087
-0.3657,-0.18320511333252223
-0.3646999999999999,-0.18122451751271118
-0.3637,-0.17754626813306212
-0.3626999999999999,-0.1766974413531431
-0.3617,-0.1771218547431026
-0.36070000000000013,-0.1768389124831296
-0.3597,-0.17103859615368294
-0.35870000000000013,-0.1667944622540878
-0.3577,-0.16410651078434427
-0.35670000000000013,-0.15929649236480314
-0.3557,-0.15476941620523502
-0.3547000000000001,-0.15193999360550495
-0.3537,-0.1503838111756534
-0.3527000000000001,-0.14741291744593682
-0.3517,-0.14472496597619325
-0.3507000000000001,-0.1424614278964092
-0.3497,-0.13999983023464402
-0.3487000000000001,-0.13861341316077627
-0.3477,-0.13605278570802057
-0.3467000000000001,-0.1333931284642743
-0.3457,-0.1312003259494835
-0.3447000000000001,-0.1287245811747197
-0.3437,-0.1277767246038101
-0.3427000000000001,-0.12616395372196398
-0.3417,-0.12381553296418803
-0.3407000000000001,-0.12141052375441745
-0.3397,-0.1196562817425848
-0.3387000000000001,-0.1170956542898291
-0.3377,-0.11573753144195865
-0.3367000000000001,-0.1138135240741422
-0.3357,-0.11191781093232304
-0.3347000000000001,-0.10975330264352953
-0.3337,-0.10845176824765372
-0.3327000000000001,-0.10717852807777517
-0.3317,-0.10492913711098976
-0.3307000000000001,-0.10419348723505996
-0.3297,-0.10604675903788315
-0.3287000000000001,-0.10106697526235821
-0.3277,-0.09904393810355122
-0.3267000000000001,-0.09905808521654987
-0.3257,-0.09815266998463625
-0.3247000000000001,-0.09624280972981844
-0.3237,-0.0942622139100074
-0.3227000000000001,-0.09307385641812077
-0.3217,-0.09139034997128137
-0.3207000000000001,-0.08980587331543252
-0.3197,-0.08824969088558099
-0.3187000000000001,-0.08721695163667952
-0.3177,-0.08588712301480637
-0.3167000000000001,-0.0854202682858509
-0.3157,-0.08440167614994809
-0.3147000000000001,-0.08341137824004256
-0.3137,-0.08177031313219911
-0.3127000000000001,-0.08051122007531925
-0.3117,-0.0791530972274488
-0.3107000000000001,-0.0789267434194704
-0.3097,-0.07837500601252304
-0.3087000000000001,-0.07705932450364854
-0.3077,-0.07531922960481456
-0.3067000000000001,-0.07390451830494953
-0.30569999999999997,-0.07251810123108177
-0.3047000000000001,-0.07151365620817761
-0.30369999999999997,-0.07115997838321135
-0.3027000000000001,-0.06947647193637195
-0.30169999999999997,-0.06827396733148668
-0.3007000000000001,-0.06732611076057708
-0.29969999999999997,-0.06660460799764592
-0.2987000000000001,-0.06601042925170261
-0.29769999999999996,-0.06552942740974849
-0.2967000000000001,-0.06506257268079305
-0.29569999999999996,-0.06337906623395365
-0.2947000000000001,-0.06240291543704677
-0.29369999999999996,-0.06197850204708726
-0.29270000000000007,-0.060705261877208726
-0.29169999999999996,-0.06009693601826675
-0.29070000000000007,-0.06019596580925731
-0.28969999999999996,-0.059304697690342335
-0.28870000000000007,-0.058752960283394974
-0.28769999999999996,-0.05841342957142737
-0.28670000000000007,-0.058328546893435466
-0.28569999999999995,-0.056814805802579874
-0.28470000000000006,-0.056149891491643296
-0.28369999999999995,-0.055145446468739125
-0.28270000000000006,-0.05448053215780257
-0.28169999999999995,-0.054254178349824156
-0.28070000000000006,-0.05310826219693348
-0.27969999999999995,-0.05262726035497937
-0.27870000000000006,-0.0521038171740293
-0.27769999999999995,-0.05145304997609138
-0.27670000000000006,-0.05060422319617236
-0.27569999999999995,-0.05003833867622635
-0.27470000000000006,-0.04948660126927898
-0.27369999999999994,-0.04914707055731138
-0.27270000000000005,-0.047916271726428795
-0.27169999999999994,-0.04766162369245308
-0.27070000000000005,-0.04757674101446118
-0.26969999999999994,-0.04702500360751381
-0.26870000000000005,-0.04675620846053946
-0.26769999999999994,-0.046345942183578605
-0.26670000000000005,-0.04555370385565418
-0.26569999999999994,-0.04575176343763528
-0.26470000000000005,-0.04541223272566768
-0.26369999999999993,-0.04490293665771626
-0.26270000000000004,-0.04396922719980534
-0.26169999999999993,-0.04371457916582964
-0.26070000000000004,-0.04344578401885528
-0.25969999999999993,-0.04232816209196189
-0.25870000000000004,-0.04259695723893625
-0.25769999999999993,-0.04245548610894975
-0.25670000000000004,-0.04163495355502803
-0.2556999999999999,-0.04111151037407796
-0.25470000000000004,-0.04078612677510901
-0.2536999999999999,-0.04029097782015625
-0.25270000000000004,-0.04000803556018324
-0.2516999999999999,-0.03955532794422643
-0.25070000000000003,-0.039173355893262866
-0.24969999999999992,-0.039159208780264215
-0.24870000000000003,-0.03855088292132225
-0.24769999999999992,-0.03822549932235329
-0.24670000000000003,-0.03782938015839108
-0.24569999999999992,-0.037603026350412676
-0.24470000000000003,-0.036768346683492305
-0.24369999999999992,-0.03675419957049365
-0.24270000000000003,-0.03652784576251525
-0.24169999999999991,-0.03591951990357328
-0.24070000000000003,-0.03579219588658543
-0.2396999999999999,-0.03487263354167316
-0.23870000000000002,-0.03485848642867451
-0.2376999999999999,-0.034264307682731185
-0.23670000000000002,-0.03423601345673389
-0.23570000000000013,-0.033712570275783824
-0.23470000000000002,-0.033698423162785165
-0.23370000000000013,-0.03341548090281216
-0.23270000000000002,-0.0327505665918756
-0.23170000000000013,-0.0327788608178729
-0.23070000000000002,-0.03241103587990799
-0.22970000000000013,-0.031972475376949826
-0.22870000000000001,-0.03195832826395118
-0.22770000000000012,-0.03132170817901191
-0.2267,-0.03132170817901191
-0.22570000000000012,-0.030883147676053754
-0.2247,-0.030416292947098293
-0.22370000000000012,-0.030699235207071292
-0.2227,-0.030048468009133376
-0.22170000000000012,-0.029638201732172516
-0.2207,-0.029525024828183317
-0.21970000000000012,-0.029298671020204912
-0.2187,-0.0289025518562427
-0.21770000000000012,-0.028746933613257548
-0.2167,-0.028393255788291286
-0.2157000000000001,-0.027926401059335824
-0.2147,-0.027714194364356067
-0.2137000000000001,-0.027487840556377662
-0.2127,-0.027374663652388463
-0.2117000000000001,-0.026865367584437045
-0.2107,-0.026837073358439746
-0.2097000000000001,-0.02662486666345999
-0.2087,-0.026172159047503182
-0.2077000000000001,-0.025719451431546365
-0.2067,-0.025832628335535568
-0.2057000000000001,-0.025295038041586858
-0.2047,-0.025167714024599004
-0.2037000000000001,-0.024870624651627343
-0.2027,-0.024375475696674583
-0.2017000000000001,-0.024446211261667832
-0.2007,-0.024304740131681327
-0.1997000000000001,-0.02393691519371642
-0.1987,-0.02354079602975421
-0.1977000000000001,-0.023371030673770405
-0.19669999999999999,-0.023342736447773106
-0.1957000000000001,-0.022960764396809545
-0.19469999999999998,-0.022691969249835187
-0.1937000000000001,-0.022522203893851383
-0.19269999999999998,-0.022210967407881078
-0.1917000000000001,-0.02208364339089322
-0.1907000000000001,-0.021814848243918866
-0.1897000000000002,-0.021404581966958002
-0.1887000000000001,-0.0211782281589796
-0.1877000000000002,-0.020824550334013342
-0.1867000000000001,-0.020824550334013342
-0.1857000000000002,-0.020470872509047083
-0.1847000000000001,-0.020131341797079472
-0.1837000000000002,-0.019989870667092968
-0.18270000000000008,-0.01950886882513886
-0.1817000000000002,-0.01970692840711996
-0.18070000000000008,-0.019254220791163148
-0.1797000000000002,-0.019240073678164497
-0.17870000000000008,-0.019056161209182042
-0.1777000000000002,-0.018773218949209036
-0.17670000000000008,-0.018249775768258973
-0.1757000000000002,-0.01820733442926302
-0.17470000000000008,-0.017924392169290013
-0.1737000000000002,-0.017881950830294063
-0.17270000000000008,-0.017584861457322406
-0.17170000000000019,-0.01731606631034805
-0.17070000000000007,-0.01706141827637234
-0.16970000000000018,-0.016679446225408782
-0.16870000000000007,-0.016495533756426328
-0.16770000000000018,-0.016354062626439823
-0.16670000000000007,-0.016099414592464115
-0.16570000000000018,-0.015561824298515404
-0.16470000000000007,-0.01575988388049651
-0.16370000000000018,-0.015377911829532949
-0.16270000000000007,-0.015066675343562642
-0.16170000000000018,-0.014712997518596381
-0.16070000000000007,-0.014458349484620674
-0.15970000000000018,-0.014161260111649017
-0.15870000000000006,-0.01391227092287277
-0.15770000000000017,-0.013619425683800706
-0.15670000000000006,-0.013493516378112722
-0.15570000000000017,-0.013145497398345923
-0.15470000000000006,-0.012824357933276557
-0.15370000000000017,-0.012545659807203145
-0.15270000000000006,-0.012293841195827169
-0.15170000000000017,-0.012139637664141879
-0.15070000000000006,-0.011903380877064417
-0.14970000000000017,-0.011498773445303019
-0.14870000000000005,-0.011456332106307067
-0.14770000000000016,-0.010661264355782915
-0.14670000000000005,-0.010563649276092229
-0.14570000000000016,-0.010269389325720302
-0.14470000000000005,-0.00997654408664824
-0.14370000000000016,-0.010144894731332177
-0.14270000000000005,-0.009683698847576177
-0.14170000000000016,-0.009153182110126787
-0.14070000000000005,-0.009139034997128138
-0.13970000000000016,-0.008874483984053376
-0.13870000000000005,-0.008441582326294673
-0.13770000000000016,-0.00812044286122531
-0.13670000000000004,-0.0075064581570838855
-0.13570000000000015,-0.0075616318977786215
-0.13470000000000004,-0.007422990190391848
-0.13370000000000015,-0.006780711260253121
-0.13270000000000004,-0.006599628213870396
-0.13170000000000015,-0.006502013134179708
-0.13070000000000004,-0.0062077531838077805
-0.12970000000000015,-0.005845587091042332
-0.12870000000000004,-0.005524447625972969
-0.12770000000000015,-0.005245749499899557
-0.12670000000000003,-0.004812847842140855
-0.12570000000000014,-0.004491708377071491
-0.12470000000000003,-0.004310625330688767
-0.12370000000000014,-0.0041564217990034775
-0.12270000000000003,-0.003611757948555439
-0.12170000000000014,-0.003430674902172714
-0.12070000000000003,-0.0030119203574126632
-0.11970000000000014,-0.0029143052777219755
-0.11870000000000003,-0.002133384640196475
-0.11770000000000014,-0.001658041643441823
-0.11670000000000003,-0.0010997965645150795
-0.11570000000000014,-0.0012534342116804224
-0.11470000000000002,-0.0011835474734670896
-0.11370000000000013,-0.0010160456555630695
-0.11270000000000002,-0.0002624289461249643
-0.11170000000000013,7.257468968307638e-05
-0.11070000000000024,0.00025408214945576063
-0.10970000000000013,0.0007007065068231526
-0.10870000000000024,0.0009798290462865243
-0.10770000000000013,0.0019565457277133454
-0.10670000000000024,0.0017188742293360194
-0.10570000000000013,0.001844783535024008
-0.10470000000000024,0.0024870624651627347
-0.10370000000000013,0.002934111235920086
-0.10270000000000024,0.0031010471693041605
-0.10170000000000012,0.0035056546010655606
-0.10070000000000023,0.0039809975978202135
-0.09970000000000012,0.004329016577587013
-0.09870000000000023,0.004804359574341665
-0.09770000000000012,0.005139646152409678
-0.09670000000000023,0.006018181869625865
-0.09570000000000012,0.00597715524192978
-0.09470000000000023,0.006241706255004542
-0.09370000000000012,0.006605287059069856
-0.09270000000000023,0.006912279411140569
-0.09170000000000011,0.007609732081974032
-0.09070000000000022,0.008195422560118158
-0.08970000000000011,0.008223716786115458
-0.08870000000000022,0.008042633739732736
-0.08770000000000011,0.008697645071570247
-0.08670000000000022,0.009661063466778334
-0.08570000000000011,0.00987044073915836
-0.08470000000000022,0.010248168656222325
-0.08370000000000011,0.010666923200982377
-0.08270000000000022,0.01086215336036375
-0.0817000000000001,0.011014942180749176
-0.08070000000000022,0.012257058702030678
-0.0797000000000001,0.012523024426405304
-0.07870000000000021,0.014043839073760219
-0.0777000000000001,0.014557379275611227
-0.07670000000000021,0.015222293586547794
-0.0757000000000001,0.01543450028152755
-0.07470000000000021,0.016042826140469518
-0.0737000000000001,0.01638235685243712
-0.07270000000000021,0.01697653559838044
-0.0717000000000001,0.017542420118326456
-0.07070000000000021,0.01776877392630486
-0.0697000000000001,0.01851857091523333
-0.0687000000000002,0.018787366062207687
-0.0677000000000001,0.01965033995512536
-0.0667000000000002,0.020103047571082173
-0.06570000000000009,0.020470872509047083
-0.0647000000000002,0.0211782281589796
-0.06370000000000009,0.021814848243918866
-0.0627000000000002,0.022479762554855433
-0.06170000000000009,0.022960764396809545
-0.0607000000000002,0.02373885561173532
-0.059700000000000086,0.02390862096771912
-0.058700000000000196,0.024814036199632745
-0.057700000000000085,0.02562042164055581
-0.056700000000000195,0.026115570595508578
-0.05570000000000008,0.026766337793446494
-0.05470000000000019,0.02727563386139791
-0.05370000000000008,0.028251784658304784
-0.05270000000000019,0.0289591403082373
-0.05170000000000008,0.029185494116215707
-0.05070000000000019,0.029892849766148224
-0.04970000000000008,0.030387998721100987
-0.04870000000000019,0.031180237049025412
-0.047700000000000076,0.03185929847296063
-0.046700000000000186,0.03228371186292014
-0.045700000000000074,0.03313253864283916
-0.044700000000000184,0.03393892408376223
-0.04370000000000007,0.03485848642867451
-0.04270000000000018,0.03573560743459083
-0.04170000000000007,0.03570731320859352
-0.04070000000000018,0.03886211940729256
-0.03970000000000007,0.037871821497387034
-0.03870000000000018,0.03835282333934115
-0.03770000000000007,0.03890456074628851
-0.03670000000000018,0.03954118083122777
-0.035700000000000065,0.040418301837144094
-0.034700000000000175,0.041380305521052325
-0.03370000000000006,0.04254036878694165
-0.03270000000000017,0.04316284175888227
-0.03170000000000006,0.043771167617824236
-0.03070000000000017,0.045143437578693324
-0.02970000000000006,0.04552540962965688
-0.02870000000000017,0.046232765279589395
-0.027700000000000058,0.047166474737500325
-0.026700000000000168,0.047534299675465234
-0.025700000000000056,0.048086037082412596
-0.024700000000000166,0.04906218787931948
-0.023700000000000054,0.04955733683427224
-0.022700000000000164,0.049925161772237145
-0.021700000000000053,0.050533487631179104
-0.020700000000000163,0.05153793265408329
-0.01970000000000005,0.05248578922499286
-0.01870000000000016,0.05285361416295777
-0.01770000000000005,0.05347608713489838
-0.01670000000000016,0.05460785617479042
-0.015700000000000047,0.05510300512974318
-0.014700000000000157,0.05538594738971618
-0.013700000000000045,0.05622062705663656
-0.012700000000000156,0.05714018940154882
-0.011700000000000044,0.0576070441305043
-0.010700000000000154,0.058668077605403074
-0.009700000000000042,0.05900760831737068
-0.008700000000000152,0.059884729323287006
-0.00770000000000004,0.05998375911427755
-0.00670000000000015,0.06030914271324651
-0.005700000000000038,0.06100235125018039
-0.0047000000000001485,0.06168141267411559
-0.0037000000000000366,0.06316685953897387
-0.0027000000000001467,0.06374689117191855
-0.0017000000000000348,0.06576992833072555
-0.000700000000000145,0.06487866021181057
0.00029999999999996696,0.06502013134179709
0.0012999999999998568,0.06524648514977549
0.0022999999999999687,0.06704316850060409
0.0032999999999998586,0.06736855209957304
0.0042999999999999705,0.06704316850060409
0.00529999999999986,0.06707146272660139
0.006299999999999972,0.06789199528052312
0.007299999999999862,0.06878326339943809
0.008299999999999974,0.06899547009441785
0.009299999999999864,0.0699716208913247
0.010299999999999976,0.07022626892530041
0.011299999999999866,0.07009894490831257
0.012299999999999978,0.07079215344524643
0.013299999999999867,0.05651771642960821
0.012299999999999978,0.044492670380755404
0.011299999999999866,0.036768346683492305
0.010299999999999976,0.03140659085700381
0.009299999999999864,0.02580433410953827
0.008299999999999974,0.020683079204026837
0.007299999999999862,0.017018976937376393
0.006299999999999972,0.013289797950932155
0.00529999999999986,0.010177433091229074
0.0042999999999999705,0.007009894490831256
0.0032999999999998586,0.004302137062889576
0.0022999999999999687,0.0012729572276185602
0.0012999999999998568,-0.001658041643441823
0.00029999999999996696,-0.0038918707859287157
-0.000700000000000145,-0.006124285217115744
-0.0017000000000000348,-0.008399140987298723
-0.0027000000000001467,-0.010702290983479001
-0.0037000000000000366,-0.012936120125965896
-0.0047000000000001485,-0.014543232162612576
-0.005700000000000038,-0.016226738609451972
-0.00670000000000015,-0.018080010412275173
-0.00770000000000004,-0.01965033995512536
-0.008700000000000152,-0.021135786819983647
-0.009700000000000042,-0.022239261633878377
-0.010700000000000154,-0.02388032674172182
-0.011700000000000044,-0.025210155363594954
-0.012700000000000156,-0.02600239369151937
-0.013700000000000045,-0.02743125210438306
-0.014700000000000157,-0.028647903822266993
-0.015700000000000047,-0.02946843637618871
-0.01670000000000016,-0.030614352529079396
-0.01770000000000005,-0.03166123889097952
-0.01870000000000016,-0.032538359896895845
-0.01970000000000005,-0.033344745337818914
-0.020700000000000163,-0.03443407303871499
-0.021700000000000053,-0.034731162411686646
-0.022700000000000164,-0.036117579485554385
-0.023700000000000054,-0.03671175823149771
-0.024700000000000166,-0.03748984944642347
-0.025700000000000056,-0.03835282333934115
-0.026700000000000168,-0.038961149198283106
-0.027700000000000058,-0.03954118083122777
-0.02870000000000017,-0.0403051249331549
-0.02970000000000006,-0.040955892131092804
-0.03070000000000017,-0.04171983623301993
-0.03170000000000006,-0.042271573639967294
-0.03270000000000017,-0.04262525146493356
-0.03370000000000006,-0.04336090134086337
-0.034700000000000175,-0.043827756069818834
-0.035700000000000065,-0.044266316572777
-0.03670000000000018,-0.04505855490070142
-0.03770000000000007,-0.045256614482682526
-0.03870000000000018,-0.0461195883756002
-0.03970000000000007,-0.0462610595055867
-0.04070000000000018,-0.04685523825153001
-0.04170000000000007,-0.04720891607649628
-0.04270000000000018,-0.04778894770944094
-0.04370000000000007,-0.04812847842140855
-0.044700000000000184,-0.04859533315036401
-0.045700000000000074,-0.048920716749332974
-0.046700000000000186,-0.04944415993028303
-0.047700000000000076,-0.049854426207243896
-0.04870000000000019,-0.050024191563227696
-0.04970000000000008,-0.050590076083173716
-0.05070000000000019,-0.05077398855215617
-0.05170000000000008,-0.05122669616811298
-0.05270000000000019,-0.05155207976708194
-0.05370000000000008,-0.05159452110607789
-0.05470000000000019,-0.0522169940780185
-0.05570000000000008,-0.05254237767698746
-0.056700000000000195,-0.053405351569905134
-0.057700000000000085,-0.053504381360895685
-0.058700000000000196,-0.053617558264884894
-0.059700000000000086,-0.05365999960388084
-0.0607000000000002,-0.0541834427848309
-0.06170000000000009,-0.05476347441777557
-0.0627000000000002,-0.054791768643772866
-0.06370000000000009,-0.055272770485726985
-0.0647000000000002,-0.05558400697169729
-0.06570000000000009,-0.055711330988685144
-0.0667000000000002,-0.0560367145876541
-0.0677000000000001,-0.05593768479666354
-0.0687000000000002,-0.05627721550863116
-0.0697000000000001,-0.05657430488160282
-0.07070000000000021,-0.056630893333597415
-0.0717000000000001,-0.05714018940154882
-0.07270000000000021,-0.056843100028577176
-0.0737000000000001,-0.057281660531535335
-0.07470000000000021,-0.057649485469500245
-0.0757000000000001,-0.0578051037124854
-0.07670000000000021,-0.058215369989446264
-0.0777000000000001,-0.058399282458428715
-0.07870000000000021,-0.05862563626640712
-0.0797000000000001,-0.05854075358841522
-0.08070000000000022,-0.05888028430038283
-0.0817000000000001,-0.05917737367335448
-0.08270000000000022,-0.05934713902933829
-0.08370000000000011,-0.05958763995031534
-0.08470000000000022,-0.059488610159324794
-0.08570000000000011,-0.059884729323287006
-0.08670000000000022,-0.06026670137425057
-0.08770000000000011,-0.06062037919921682
-0.08870000000000022,-0.06088917434619118
-0.08970000000000011,-0.06128529351015339
-0.09070000000000022,-0.06081843878119793
-0.09170000000000011,-0.061752148239108844
-0.09270000000000023,-0.06134188196214799
-0.09370000000000012,-0.06152579443113045
-0.09470000000000023,-0.061752148239108844
-0.09570000000000012,-0.061879472256096704
-0.09670000000000023,-0.06197850204708726
-0.09770000000000012,-0.062190708742067016
-0.09870000000000023,-0.06231803275905486
-0.09970000000000012,-0.06270000481001843
-0.10070000000000023,-0.06369030271992396
-0.10170000000000012,-0.06332247778195904
-0.10270000000000024,-0.06326588932996444
-0.10370000000000013,-0.06316685953897387
-0.10470000000000024,-0.06329418355596174
-0.10570000000000013,-0.06357712581593475
-0.10670000000000024,-0.0636195671549307
-0.10770000000000013,-0.0639025094149037
-0.10870000000000024,-0.06407227477088752
-0.10970000000000013,-0.06422789301387266
-0.11070000000000024,-0.06442595259585376
-0.11170000000000013,-0.06466645351683083
-0.11270000000000002,-0.06494939577680384
-0.11370000000000013,-0.065670898539735
-0.11470000000000002,-0.06547283895775391
-0.11570000000000014,-0.06565675142673635
-0.11670000000000003,-0.0655011331837512
-0.11770000000000014,-0.06593969368670936
-0.11870000000000003,-0.06602457636470126
-0.11970000000000014,-0.06612360615569181
-0.12070000000000003,-0.06644898975466076
-0.12170000000000014,-0.06639240130266617
-0.12270000000000003,-0.06653387243265267
-0.12370000000000014,-0.06691584448361623
-0.12470000000000003,-0.06683096180562433
-0.12570000000000014,-0.06742514055156765
-0.12670000000000003,-0.06753831745555686
-0.12770000000000015,-0.06759490590755145
-0.12870000000000004,-0.0675807587945528
-0.12970000000000015,-0.06800517218451232
-0.13070000000000004,-0.06800517218451232
-0.13170000000000015,-0.06811834908850152
-0.13270000000000004,-0.06838714423547587
-0.13370000000000015,-0.06847202691346778
-0.13470000000000004,-0.06899547009441785
-0.13570000000000015,-0.06899547009441785
-0.13670000000000004,-0.06905205854641244
-0.13770000000000016,-0.06922182390239626
-0.13870000000000005,-0.0698018555353409
-0.13970000000000016,-0.0696320901793571
-0.14070000000000005,-0.06984429687433687
-0.14170000000000016,-0.06995747377832606
-0.14270000000000005,-0.07007065068231526
-0.14370000000000016,-0.07031115160329232
-0.14470000000000005,-0.07019797469930313
-0.14570000000000016,-0.07080630055824509
-0.14670000000000005,-0.07086288901023968
-0.14770000000000016,-0.07104680147922215
-0.14870000000000005,-0.07144292064318435
-0.14970000000000017,-0.0712590081742019
-0.15070000000000006,-0.07176830424215332
-0.15170000000000017,-0.07188148114614251
-0.15270000000000006,-0.07205124650212633
-0.15370000000000017,-0.07253224834408044
-0.15470000000000006,-0.07232004164910069
-0.15570000000000017,-0.07274445503906019
-0.15670000000000006,-0.072914220395044
-0.15770000000000017,-0.0728859261690467
-0.15870000000000006,-0.07329619244600755
-0.15970000000000018,-0.0732820453330089
-0.16070000000000007,-0.0732254568810143
-0.16170000000000018,-0.0736498702709738
-0.16270000000000007,-0.07401769520893872
-0.16370000000000018,-0.07432893169490903
-0.16470000000000007,-0.07444210859889823
-0.16570000000000018,-0.07441381437290093
-0.16670000000000007,-0.07489481621485504
-0.16770000000000018,-0.07473919797186988
-0.16870000000000007,-0.07488066910185638
-0.16970000000000018,-0.0751353171358321
-0.17070000000000007,-0.0750504344578402
-0.17170000000000019,-0.07575779010777271
-0.17270000000000008,-0.07574364299477407
-0.1737000000000002,-0.07596999680275247
-0.17470000000000008,-0.07601243814174842
-0.1757000000000002,-0.07674808801767824
-0.17670000000000008,-0.07734226676362156
-0.1777000000000002,-0.07769594458858782
-0.17870000000000008,-0.07795059262256351
-0.1797000000000002,-0.07799303396155947
-0.18070000000000008,-0.07807791663955138
-0.1817000000000002,-0.07792229839656621
-0.18270000000000008,-0.07810621086554868
-0.1837000000000002,-0.07826182910853383
-0.1847000000000001,-0.07865794827249603
-0.1857000000000002,-0.07881356651548119
-0.1867000000000001,-0.07913895011445016
-0.1877000000000002,-0.07940774526142451
-0.1887000000000001,-0.07950677505241506
-0.1897000000000002,-0.07977557019938941
-0.1907000000000001,-0.08004436534636378
-0.1917000000000001,-0.07995948266837187
-0.19269999999999998,-0.080440484510326
-0.1937000000000001,-0.08106295748226659
-0.19469999999999998,-0.08066683831830439
-0.1957000000000001,-0.08085075078728685
-0.19669999999999999,-0.08099222191727334
-0.1977000000000001,-0.0810346632562693
-0.1987,-0.08154395932422072
-0.1997000000000001,-0.0814873708722261
-0.2007,-0.08171372468020452
-0.2017000000000001,-0.08202496116617483
-0.2027,-0.08208154961816942
-0.2037000000000001,-0.0824352274431357
-0.2047,-0.0829445235110871
-0.2057000000000001,-0.0828879350590925
-0.2067,-0.08307184752807495
-0.2077000000000001,-0.08329820133605337
-0.2087,-0.08389238008199668
-0.2097000000000001,-0.08375090895201018
-0.2107,-0.08389238008199668
-0.2117000000000001,-0.08404799832498183
-0.2127,-0.08442997037594539
-0.2137000000000001,-0.0844582646019427
-0.2147,-0.08506659046088466
-0.2157000000000001,-0.08532123849486037
-0.2167,-0.08584468167581043
-0.21770000000000012,-0.08583053456281178
-0.2187,-0.08597200569279828
-0.21970000000000012,-0.08624080083977263
-0.2207,-0.08622665372677399
-0.22170000000000012,-0.08649544887374834
-0.2227,-0.0869905978287011
-0.22370000000000012,-0.08711792184568896
-0.2247,-0.08716036318468491
-0.22570000000000012,-0.08738671699266332
-0.2267,-0.08748574678365387
-0.22770000000000012,-0.08789601306061473
-0.22870000000000001,-0.08840530912856613
-0.22970000000000013,-0.08885801674452294
-0.23070000000000002,-0.08936731281247437
-0.23170000000000013,-0.08967854929844467
-0.23270000000000002,-0.08959366662045277
-0.23370000000000013,-0.08989075599342443
-0.23470000000000002,-0.09025858093138935
-0.23570000000000013,-0.09048493473936775
-0.23670000000000002,-0.09082446545133536
-0.2376999999999999,-0.0909234952423259
-0.23870000000000002,-0.09131961440628812
-0.2396999999999999,-0.09182891047423952
-0.24070000000000003,-0.09172988068324898
-0.24169999999999991,-0.09205526428221794
-0.24270000000000003,-0.0924372363331815
-0.24369999999999992,-0.09259285457616664
-0.24470000000000003,-0.09290409106213696
-0.24569999999999992,-0.09307385641812077
-0.24670000000000003,-0.09338509290409107
-0.24769999999999992,-0.09390853608504113
-0.24870000000000003,-0.09436124370099794
-0.24969999999999992,-0.09443197926599119
-0.25070000000000003,-0.09532324738490616
-0.2516999999999999,-0.09549301274088996
-0.25270000000000004,-0.0958608376788549
-0.2536999999999999,-0.09634183952080899
-0.25470000000000004,-0.09719066630072802
-0.2556999999999999,-0.09815266998463625
-0.25670000000000004,-0.09796875751565379
-0.25769999999999993,-0.0984780535836052
-0.25870000000000004,-0.09884587852157012
-0.25969999999999993,-0.09894490831256067
-0.26070000000000004,-0.09941176304151612
-0.26169999999999993,-0.09963811684949454
-0.26270000000000004,-0.09994935333546484
-0.26369999999999993,-0.10065670898539736
-0.26470000000000005,-0.10263730480520841
-0.26569999999999994,-0.10205727317226375
-0.26670000000000005,-0.1023826567712327
-0.26769999999999994,-0.10269389325720302
-0.26870000000000005,-0.10333051334214227
-0.26969999999999994,-0.10396713342708154
-0.27070000000000005,-0.10450472372103026
-0.27169999999999994,-0.10491498999799112
-0.27270000000000005,-0.10545258029193984
-0.27369999999999994,-0.10621652439386696
-0.27470000000000006,-0.1059760234728899
-0.27569999999999995,-0.10723511652976979
-0.27670000000000006,-0.10756050012873873
-0.27769999999999995,-0.1078575895017104
-0.27870000000000006,-0.10884788741161593
-0.27969999999999995,-0.10883374029861728
-0.28070000000000006,-0.10930059502757274
-0.28169999999999995,-0.1102484515984823
-0.28270000000000006,-0.11157828022035543
-0.28369999999999995,-0.1130495799722151
-0.28470000000000006,-0.11255443101726233
-0.28569999999999995,-0.11309202131121103
-0.28670000000000007,-0.1137852298481449
-0.28769999999999996,-0.11476138064505177
-0.28870000000000007,-0.11544044206898699
-0.28969999999999996,-0.11638829863989655
-0.29070000000000007,-0.11712394851582639
-0.29169999999999996,-0.11826986466871706
-0.29270000000000007,-0.11872257228467388
-0.29369999999999996,-0.11941578082160774
-0.2947000000000001,-0.12040607873151328
-0.29569999999999996,-0.12129734685042824
-0.2967000000000001,-0.12228764476033378
-0.29769999999999996,-0.1229101177322744
-0.2987000000000001,-0.12453703572711919
-0.29969999999999997,-0.12508877313406655
-0.3007000000000001,-0.12575368744500312
-0.30169999999999997,-0.12719669297086547
-0.3027000000000001,-0.12807381397678178
-0.30369999999999997,-0.12890849364370216
-0.3047000000000001,-0.13002611557059554
-0.30569999999999997,-0.13087494235051456
-0.3067000000000001,-0.1318086518084255
-0.3077,-0.1326291843623472
-0.3087000000000001,-0.13419951390519738
-0.3097,-0.13463807440815556
-0.3107000000000001,-0.13601034436902465
-0.3117,-0.13762311525087076
-0.3127000000000001,-0.13975932931366697
-0.3137,-0.1408345099015644
-0.3147000000000001,-0.1413721001955131
-0.3157,-0.14401761032626076
-0.3167000000000001,-0.14472496597619325
-0.3177,-0.14571526388609876
-0.3187000000000001,-0.1465640906660178
-0.3197,-0.14826174422585583
-0.3207000000000001,-0.1506667534356264
-0.3217,-0.15222293586547794
-0.3227000000000001,-0.15349617603535648
-0.3237,-0.154203531685289
-0.3247000000000001,-0.15604265637511353
-0.3257,-0.15731589654499206
-0.3267000000000001,-0.1588720789748436
-0.3277,-0.16056973253468165
-0.3287000000000001,-0.16212591496453319
-0.3297,-0.16368209739438472
-0.3307000000000001,-0.16523827982423628
-0.3317,-0.16721887564404736
-0.3327000000000001,-0.16849211581392587
-0.3337,-0.17033124050375043
-0.3347000000000001,-0.17217036519357498
-0.3357,-0.17400948988339954
-0.3367000000000001,-0.17655597022315658
-0.3377,-0.17924392169290015
-0.3387000000000001,-0.18164893090267073
-0.3397,-0.18179040203265723
-0.3407000000000001,-0.1847612957623738
-0.3417,-0.1861760070622388
-0.3427000000000001,-0.18843954514202288
-0.3437,-0.19042014096183393
-0.3447000000000001,-0.19183485226169897
-0.3457,-0.19409839034148305
-0.3467000000000001,-0.1965033995512536
-0.3477,-0.19848399537106462
-0.3487000000000001,-0.2008890045808352
-0.3497,-0.20244518701068673
-0.3507000000000001,-0.20513313848043033
-0.3517,-0.2076796188201874
-0.3527000000000001,-0.21008462802995795
-0.3537,-0.21277257949970152
-0.3547000000000001,-0.2153190598394586
-0.3557,-0.21744112678925615
-0.35670000000000013,-0.22055349164895924
-0.3577,-0.22253408746877026
-0.35870000000000013,-0.2267782213683654
-0.3597,-0.23088088413797397
-0.36070000000000013,-0.23300295108777153
-0.3617,-0.23356883560771755
-0.3626999999999999,-0.23625678707746112
-0.3637,-0.2389447385472047
-0.3646999999999999,-0.24248151679686727
-0.3657,-0.24531093939659734
-0.3666999999999999,-0.2474330063463949
-0.3677,-0.250545371206098
-0.3686999999999999,-0.25365773606580105
-0.36970000000000003,-0.25705304318547717
-0.3706999999999999,-0.26016540804518024
-0.37170000000000003,-0.2631363017748969
-0.3726999999999999,-0.2663901377645864
-0.37370000000000003,-0.2697854448842625
-0.3746999999999999,-0.2727563386139791
-0.37570000000000003,-0.2765760591236147
-0.3766999999999999,-0.27982989511330425
-0.37770000000000004,-0.28336667336296684
-0.3786999999999999,-0.2869034516126294
-0.37970000000000004,-0.29086464325225153
-0.3806999999999999,-0.29369406585198166
-0.38170000000000004,-0.29779672862159023
-0.38269999999999993,-0.3009090934812933
-0.38370000000000004,-0.30571911190083445
-0.38469999999999993,-0.31052913032037555
-0.38570000000000004,-0.3156220909998897
-0.38669999999999993,-0.32071505167940384
-0.38770000000000004,-0.3208565228093903
-0.38869999999999993,-0.32552507009894494
-0.38970000000000005,-0.328920377218621
-0.39069999999999994,-0.33274009772825663
-0.39170000000000005,-0.33740864501781126
-0.39269999999999994,-0.34151130778741984
-0.39370000000000005,-0.3464627973369475
-0.39469999999999994,-0.3507069312365426
-0.39570000000000005,-0.35509253626612425
-0.39669999999999994,-0.3600440258156518
-0.39770000000000005,-0.36485404423519296
-0.39869999999999994,-0.36966406265473406
-0.39970000000000006,-0.3753229078541942
-0.40069999999999995,-0.38310382000345194
-0.40170000000000006,-0.386782069383101
-0.40269999999999995,-0.3915920878026421
-0.40370000000000006,-0.4027683070715759
-0.40469999999999995,-0.4071539121011576
-0.40570000000000006,-0.4118224593907122
-0.40669999999999995,-0.4225742652696865
-0.40770000000000006,-0.4239889765695515
-0.40869999999999995,-0.4273842836892276
-0.40970000000000006,-0.4321943021087687
-0.41069999999999995,-0.44393640589764854
-0.41170000000000007,-0.44959525109710863
-0.41269999999999996,-0.4522832025668522
-0.41370000000000007,-0.4570932209863934
-0.41469999999999996,-0.46388383522574556
-0.41570000000000007,-0.47025003607513816
-0.41669999999999996,-0.47293798754488175
-0.41770000000000007,-0.47803094822439585
-0.41869999999999996,-0.48552891811368054
-0.4197000000000001,-0.4935927725229112
-0.42069999999999996,-0.5015151558021554
-0.4217000000000001,-0.5073154721316021
-0.42269999999999996,-0.5149549131508734
-0.4237000000000001,-0.5208967006103065
-0.42469999999999997,-0.5283946704995912
-0.4257000000000001,-0.5370244094287681
-0.42669999999999997,-0.5443809081880661
-0.4277000000000001,-0.5540009450271484
-0.42869999999999997,-0.558952434576676
-0.4297000000000001,-0.5646112797761362
-0.43069999999999997,-0.5728166053153534
-0.4317000000000001,-0.5814463442445301
-0.4327,-0.5906419676936527
-0.4337000000000001,-0.5984228798429104
-0.4347,-0.6050720229522761
-0.4357000000000001,-0.6144091175313855
-0.4367,-0.6301124129598873
-0.4377000000000001,-0.6363371426792934
-0.4387,-0.6383177384991046
-0.4397000000000001,-0.6414301033588077
-0.4407,-0.6521819092377819
-0.4417000000000001,-0.6636410707666887
-0.4427,-0.6736855209957305
-0.4437000000000001,-0.6837299712247723
-0.4447,-0.6941988348437735
-0.4457000000000001,-0.6990088532633147
-0.4467,-0.7090533034923564
-0.4477000000000001,-0.7189562825914116
-0.4487,-0.7285763194304938
-0.4497000000000001,-0.7401769520893872
-0.4507,-0.7514946424883074
-0.4517000000000001,-0.7604073236774572
-0.4527,-0.7708761872964585
-0.4537000000000001,-0.7789400417056891
-0.4547,-0.7874283095048794
-0.4557000000000001,-0.7974727597339211
-0.4567,-0.8076586810929495
-0.4577000000000001,-0.8216643229616133
-0.4587,-0.8338308401404527
-0.4597000000000001,-0.8459973573192919
-0.4607,-0.8550515096384281
-0.4617000000000001,-0.8690571515070921
-0.4627,-0.8812236686859314
-0.4637000000000001,-0.8890045808351891
-0.4647,-0.909800836943205
-0.4657000000000001,-0.9209770562121388
-0.4667,-0.9373877072905734
-0.4677000000000001,-0.9419147834501415
-0.4687,-0.9455930328297906
-0.4697000000000001,-0.9567692520987243
-0.4707,-0.9713407784873341
-0.4717000000000001,-0.9853464203559981
-0.4727,-0.9963811684949454
-0.4737000000000001,-1.0099623969736498
-0.4747,-1.0207142028526242
-0.4757000000000001,-1.0328807200314631
-0.4767,-1.0446228238203432
-0.4777000000000001,-1.0553746296993174
-0.4787,-1.072492636427684
-0.4797000000000001,-1.0873471050762673
-0.4807,-1.0959768440054438
-0.48170000000000013,-1.1043236406746475
-0.4827,-1.1201684072331362
-0.48370000000000013,-1.135588760401665
-0.4847,-1.1490285177503827
-0.48570000000000013,-1.1638829863989655
-0.4867,-1.181142464257319
-0.4876999999999999,-1.1955725195159426
-0.4887,-1.2098611036445792
-0.4896999999999999,-1.2244326300331894
-0.4907,-1.2455118284011784
-0.4916999999999999,-1.2661666133792076
-0.4927,-1.2804551975078446
-0.4936999999999999,-1.3005440979659282
-0.49470000000000003,-1.3149741532245516
-0.4956999999999999,-1.3272821415333773
-0.49670000000000003,-1.3411463122720548
-0.4976999999999999,-1.360244914820233
-0.49870000000000003,-1.3851438336978574
-0.4996999999999999,-1.3903782655073582
-0.5007,-1.406647445455806
-0.5016999999999999,-1.4246142789640919
-0.5027,-1.4387613919627424
-0.5036999999999999,-1.4486643710617975
-0.5047,-1.4741291744593683
-0.5056999999999999,-1.501008689156804
-0.5067,-1.512326379555724
-0.5076999999999999,-1.512326379555724
-0.5087,-1.5321323377538347
-0.5096999999999999,-1.5491088733522151
-0.5107,-1.5703295428501907
-0.5116999999999999,-1.5915502123481662
-0.5127,-1.6056973253468165
-0.5136999999999999,-1.6311621287443874
-0.5147,-1.6467239530429028
-0.5156999999999999,-1.6651151999411482
-0.5167,-1.6820917355395286
-0.5176999999999999,-1.7047271163373692
-0.5187,-1.72736249713521
-0.5196999999999999,-1.7839509491298113
-0.5207,-1.7896097943292715
-0.5216999999999999,-1.7910245056291363
-0.5227,-1.8108304638272468
-0.5236999999999999,-1.8348805559249526
-0.5247,-1.8518570915233332
-0.5257,-1.8730777610213083
-0.5267000000000001,-1.895713141819149
-0.5277,-1.9197632339168547
-0.5287000000000001,-1.9650339955125358
-0.5297,-1.9890840876102414
-0.5307000000000001,-1.9834252424107812
-0.5317,-2.011719468408082
-0.5327000000000001,-2.0357695605057877
-0.5337,-2.0598196526034935
-0.5347000000000001,-2.083869744701199
-0.5357,-2.1065051254990395
-0.5367000000000001,-2.1404581966958003
-0.5377,-2.158849443594046
-0.5387000000000001,-2.177240690492291
-0.5397,-2.208364339089322
-0.5407000000000001,-2.2409026989862184
-0.5417,-2.273441058883114
-0.5427000000000001,-2.298905862280684
-0.5437,-2.32861479957785
-0.5447000000000001,-2.3682267159740715
-0.5457,-2.389447385472047
-0.5467000000000001,-2.417741611469348
-0.5477,-2.4460358374666487
-0.5487000000000001,-2.4799889086634095
-0.5497,-2.50828313466071
-0.5507000000000001,-2.5351626493581456
-0.5517,-2.583262833553557
-0.5527000000000001,-2.6058982143513973
-0.5537,-2.627118883849373
-0.5547000000000001,-2.656827821146539
-0.5557,-2.6851220471438397
-0.5567000000000001,-2.7148309844410052
-0.5577,-2.754442900837226
-0.5587000000000001,-2.7968842398331777
-0.5597,-2.820934331930883
-0.5607000000000001,-2.846399135328454
-0.5617,-2.877522783925485
-0.5627000000000001,-2.9058170099227856
-0.5637,-2.9397700811195464
-0.5647000000000001,-2.9836261314153627
-0.5657,-3.041629294709829
-0.5667000000000001,-3.082655922405915
-0.5677,-3.0996324580042955
-0.5687000000000001,-3.1392443744005165
-0.5697,-3.1816857133964676
-0.5707000000000001,-3.2368594540912037
-0.5717,-3.2665683913883696
-0.5727000000000001,-3.2920331947859403
-0.5737,-3.3189127094833766
-0.5747000000000001,-3.357109914579732
-0.5757,-3.412283655274469
-0.5767000000000001,-3.4448220151713644
-0.5777,-3.4886780654671803
-0.5787000000000001,-3.5212164253640763
-0.5797,-3.566487186959758
-0.5807000000000001,-3.6145873711551686
-0.5817,-3.664102266650445
-0.5827000000000001,-3.727764275144372
-0.5837,-3.765961480240728
-0.5847000000000001,-3.819720509635599
-0.5857,-3.833867622634249
-0.5867000000000001,-3.8649912712312804
-0.5877,-3.906017898927366
-0.5887000000000001,-3.961191639622102
-0.5897,-3.9965594221187284
-0.5907000000000001,-4.040415472414544
-0.5917,-4.099833347008876
-0.5927000000000001,-4.166324778102533
-0.5937,-4.201692560599159
-0.5947000000000001,-4.23281620919619
-0.5957,-4.299307640289847
-0.5967000000000001,-4.350237247084988
-0.5977,-4.384190318281749
-0.5987000000000001,-4.42946107987743
-0.5997,-4.4775612640728415
-0.6007000000000001,-4.553955674265553
-0.6017,-4.603470569760829
-0.6027000000000001,-4.630350084458265
-0.6037,-4.692597381652327
-0.6047000000000001,-4.744941699747333
-0.6057,-4.768991791845038
-0.6067000000000001,-4.832653800338965
-0.6077,-4.8977305201327574
-0.6087000000000001,-4.951489549527628
-0.6097,-4.998175022423175
-0.6107000000000001,-5.0618370309171015
-0.6117,-5.136816729809948
-0.6126999999999999,-5.201893449603739
-0.6137,-5.266970169397532
-0.6146999999999999,-5.3178997761926725
-0.6157,-5.39853832028498
-0.6166999999999999,-5.408441299384036
-0.6177,-5.438150236681202
-0.6186999999999999,-5.508885801674452
-0.6197,-5.60367145876541
-0.6206999999999999,-5.640453952561901
-0.6217,-5.74938672265151
-0.6226999999999999,-5.790413350347595
-0.6237,-5.83143997804368
-0.6246999999999999,-5.905004965636663
-0.6257,-5.9347139029338285
-0.6266999999999999,-6.016767158326001
-0.6277,-6.108723392817228
-0.6286999999999999,-6.172385401311155
-0.6297,-6.2431209663044065
-0.6306999999999999,-6.346394891194555
-0.6317,-6.3647861380928
-0.6326999999999999,-6.490695443780789
-0.6337,-6.5515280296749845
-0.6346999999999999,-6.618019460768641
-0.6357,-6.717049251759194
-0.6366999999999999,-6.776467126353525
-0.6377,-6.8853998964431335
-0.6386999999999999,-6.936329503238276
-0.6397,-6.984429687433686
-0.6406999999999999,-7.107509570521944
-0.6417,-7.195221671113577
-0.6426999999999999,-7.212198206711958
-0.6437,-7.284348483005074
-0.6446999999999999,-7.394695964394547
-0.6457,-7.464016818087933
-0.6466999999999999,-7.553143629979432
-0.6477,-7.667735245268498
-0.6486999999999999,-7.722908985963235
-0.6497,-7.800718107455811
-0.6507,-7.879941940248254
-0.6517000000000001,-7.963409906940291
-0.6527,-8.029901338033948
-0.6537000000000001,-8.10346632562693
-0.6547,-8.219472652215863
-0.6557000000000001,-8.264743413811544
-0.6567,-8.326990711005607
-0.6577000000000001,-8.413288100297372
-0.6587,-8.48543837659049
-0.6597000000000001,-8.591541724080368
-0.6607,-8.716036318468491
-0.6617000000000001,-8.769795347863363
-0.6627,-8.85043389195567
-0.6637000000000001,-8.989075599342444
-0.6647,-8.939560703847167
-0.6657000000000001,-9.049908185236639
-0.6667,-9.096593658132186
-0.6677000000000001,-9.305970930512213
-0.6687,-9.410659566702224
-0.6697000000000001,-9.455930328297907
-0.6707,-9.518177625491967
-0.6717000000000001,-9.7190666300728
-0.6727,-9.870440739158362
-0.6737000000000001,-9.99635004484635
-0.6747,-10.112356371435283
-0.6757000000000001,-10.272218748320032
-0.6767,-10.385395652309235
-0.6777000000000001,-10.463204773801811
-0.6787,-10.562234564792364
-0.6797000000000001,-10.658434933183187
-0.6807,-10.819712021367803
-0.6817000000000001,-10.958353728754572
-0.6827,-11.03050400504769
-0.6837000000000001,-11.101239570040944
-0.6847,-11.198854649731631
-0.6857000000000001,-11.326178666719484
-0.6867,-11.442184993308418
-0.6877000000000001,-11.572338432896
-0.6887,-11.736444943680345
-0.6897000000000001,-11.82274233297211
-0.6907,-11.97128701945794
-0.6917000000000001,-12.112758149444444
-0.6927,-12.20188496133594
-0.6937000000000001,-12.32213542182447
-0.6947,-12.49331548910814
-0.6957000000000001,-12.590930568798825
-0.6967,-12.708351606687625
-0.6977000000000001,-12.876702251371565
-0.6987,-12.998367423159957
-0.6997000000000001,-13.17662104694295
-0.7007,-13.349215825526485
-0.7017000000000001,-13.460978018215823
-0.7027,-13.649134621097875
-0.7037000000000001,-13.77787334938559
-0.7047,-13.946223994069532
-0.7057000000000001,-14.08628041275617
-0.7067,-14.274437015638219
-0.7077000000000001,-14.486643710617974
-0.7087,-14.543232162612577
-0.7097000000000001,-14.783733083589633
-0.7107,-14.98179266557074
-0.7117000000000001,-15.165705134553193
-0.7127,-15.406206055530248
-0.7137000000000001,-15.561824298515406
-0.7147,-15.675001202504609
-0.7157000000000001,-15.830619445489761
-0.7167,-15.957943462477614
-0.7177000000000001,-16.170150157457368
-0.7187,-16.410651078434423
-0.7197000000000001,-16.60871066041553
-0.7207,-16.863358694391238
-0.7217000000000001,-17.089712502369647
-0.7227,-17.2736249713521
-0.7237000000000001,-17.40094898833995
-0.7247,-17.528273005327804
-0.7257000000000001,-17.71218547431026
-0.7267,-17.881950830294063
-0.7277000000000001,-18.13659886426977
-0.7287,-18.348805559249524
-0.7297000000000001,-18.561012254229283
-0.7307,-18.759071836210385
-0.7317000000000001,-18.94298430519284
-0.7327,-19.169338113171246
-0.7337000000000001,-19.296662130159103
-0.7347,-19.508868825138855
-0.7357000000000001,-19.77766397211321
-0.7367,-20.01816489309027
-0.7376999999999999,-20.38598983105518
-0.7387,-20.541608074040333
-0.7396999999999999,-20.78210899501739
-0.7407,-20.980168576998494
-0.7416999999999999,-21.22066949797555
-0.7427,-21.47531753195126
-0.7436999999999999,-21.729965565926964
-0.7447,-21.95631937390537
-0.7456999999999999,-22.168526068885125
-0.7467,-22.38073276386488
-0.7476999999999999,-22.621233684841933
-0.7487,-22.91832305781359
-0.7496999999999999,-23.1729710917893
-0.7507,-23.45591335176231
-0.7516999999999999,-23.738855611735314
-0.7527,-23.97935653271237
-0.7536999999999999,-24.149121888696175
-0.7547,-24.474505487665134
-0.7556999999999999,-24.771594860636792
-0.7567,-25.111125572604404
-0.7576999999999999,-25.337479380582806
-0.7587,-25.790186996539617
-0.7596999999999999,-26.18630616050183
-0.7607,-26.455101307476184
-0.7616999999999999,-26.808779132442442
-0.7627,-27.0775742794168
-0.7636999999999999,-27.445399217381713
-0.7647,-27.728341477354718
-0.7656999999999999,-28.082019302320973
-0.7667,-28.577168257273744
-0.7676999999999999,-28.93084608224
-0.7687,-29.284523907206257
-0.7696999999999999,-29.72308441016442
-0.7707,-30.02017378313608
-0.7716999999999999,-30.50117562509019
-0.7727,-30.8407063370578
-0.7736999999999999,-31.23682550102001
-0.7747,-31.54806198699032
-0.7757,-31.915886924955227
-0.7767000000000001,-32.31200608891744
-0.7777,-32.73641947887695
-0.7787000000000001,-33.17497998183511
-0.7797,-33.64183471079057
-0.7807000000000001,-34.09454232674739
-0.7817,-34.56139705570285
-0.7827000000000001,-34.92922199366775
-0.7837,-35.41022383562187
-0.7847000000000001,-35.848784338580025
-0.7857,-36.41466885852605
-0.7867000000000001,-36.78249379649095
-0.7857,-36.55613998851254
-0.7847000000000001,-36.37222751953009
-0.7837,-36.14587371155169
-0.7827000000000001,-35.87707856457733
-0.7817,-35.650724756598926
-0.7807000000000001,-35.52340073961108
-0.7797,-35.367782496625914
-0.7787000000000001,-35.169722914644815
-0.7777,-35.02825178465831
-0.7767000000000001,-34.8867806546718
-0.7757,-34.6887210726907
-0.7747,-34.4057788127177
-0.7736999999999999,-34.278454795729836
-0.7727,-34.25016056973254
-0.7716999999999999,-34.08039521374873
-0.7707,-34.207719230736586
-0.7696999999999999,-34.00965964875548
-0.7687,-33.58524625879597
-0.7676999999999999,-33.358892450817564
-0.7667,-33.06180307784591
-0.7656999999999999,-32.7788608178729
-0.7647,-32.38274165391069
-0.7636999999999999,-32.09979939393769
-0.7627,-31.84515135996197
-0.7616999999999999,-31.40659085700382
-0.7607,-31.109501484032155
-0.7596999999999999,-30.79826499806185
-0.7587,-30.387998721100992
-0.7576999999999999,-30.232380478115836
-0.7567,-29.935291105144174
-0.7556999999999999,-29.609907506175215
-0.7547,-29.496730602186016
-0.7536999999999999,-29.39770081119546
-0.7527,-29.242082568210304
-0.7516999999999999,-28.9025518562427
-0.7507,-28.690345161262943
-0.7496999999999999,-28.308373110299385
-0.7487,-27.954695285333123
-0.7476999999999999,-27.14830984441005
-0.7467,-26.837073358439746
-0.7456999999999999,-26.780484906445146
-0.7447,-26.58242532446404
-0.7436999999999999,-26.511689759470787
-0.7427,-26.242894612496432
-0.7416999999999999,-25.931658126526123
-0.7407,-25.662862979551768
-0.7396999999999999,-25.43650917157336
-0.7387,-25.238449589592253
-0.7376999999999999,-25.054537120609798
-0.7367,-24.927213103621945
-0.7357000000000001,-24.71500640864219
-0.7347,-24.516946826661083
-0.7337000000000001,-24.191563227692125
-0.7327,-23.96520941971372
-0.7317000000000001,-23.795444063729917
-0.7307,-23.58323736875016
-0.7297000000000001,-23.314442221775803
-0.7287,-23.031499961802798
-0.7277000000000001,-22.84758749282034
-0.7267,-22.508056780852733
-0.7257000000000001,-22.239261633878378
-0.7247,-21.98461359990267
-0.7237000000000001,-21.857289582914817
-0.7227,-21.645082887935057
-0.7217000000000001,-21.390434853959356
-0.7207,-21.2065223849769
-0.7197000000000001,-21.022609915994444
-0.7187,-20.85284456001064
-0.7177000000000001,-20.612343639033586
-0.7167,-20.371842718056527
-0.7157000000000001,-20.244518701068674
-0.7147,-20.046459119087572
-0.7137000000000001,-19.876693763103766
-0.7127,-19.622045729128057
-0.7117000000000001,-19.395691921149652
-0.7107,-19.197632339168546
-0.7097000000000001,-19.042014096183394
-0.7087,-18.900542966196888
-0.7077000000000001,-18.730777610213085
-0.7067,-18.546865141230633
-0.7057000000000001,-18.377099785246827
-0.7047,-18.13659886426977
-0.7037000000000001,-17.896097943292716
-0.7027,-17.72633258730891
-0.7017000000000001,-17.542420118326454
-0.7007,-17.34436053634535
-0.6997000000000001,-17.160448067362896
-0.6987,-17.00482982437774
-0.6977000000000001,-16.849211581392588
-0.6967,-16.651151999411482
-0.6957000000000001,-16.495533756426326
-0.6947,-16.354062626439823
-0.6937000000000001,-16.22673860945197
-0.6927,-16.099414592464115
-0.6917000000000001,-15.943796349478962
-0.6907,-15.77403099349516
-0.6897000000000001,-15.618412750510005
-0.6887,-15.43450028152755
-0.6877000000000001,-15.278882038542395
-0.6867,-15.123263795557243
-0.6857000000000001,-15.02423400456669
-0.6847,-14.882762874580186
-0.6837000000000001,-14.755438857592333
-0.6827,-14.65640906660178
-0.6817000000000001,-14.486643710617974
-0.6807,-14.316878354634172
-0.6797000000000001,-14.161260111649016
-0.6787,-13.991494755665215
-0.6777000000000001,-13.882561985575606
-0.6767,-13.755237968587751
-0.6757000000000001,-13.589716746503543
-0.6747,-13.4539044617165
-0.6737000000000001,-13.316677465629589
-0.6727,-13.17096220174349
-0.6717000000000001,-13.115788461048757
-0.6707,-12.919143590367515
-0.6697000000000001,-12.800307841178851
-0.6687,-12.688545648489512
-0.6677000000000001,-12.528683271604763
-0.6667,-12.446630016212593
-0.6657000000000001,-12.258473413330542
-0.6647,-12.138222952842016
-0.6637000000000001,-11.984019421156725
-0.6627,-11.896307320565093
-0.6617000000000001,-11.81142464257319
-0.6607,-11.66287995608736
-0.6597000000000001,-11.491699888803693
-0.6587,-11.38984067521341
-0.6577000000000001,-11.269590214724882
-0.6567,-11.145095620336757
-0.6557000000000001,-11.002209779050391
-0.6547,-10.911668255859027
-0.6537000000000001,-10.814053176168342
-0.6527,-10.673996757481701
-0.6517000000000001,-10.543843317894117
-0.6507,-10.470278330301136
-0.6497,-10.392469208808558
-0.6486999999999999,-10.24392452232273
-0.6477,-10.133577040933258
-0.6466999999999999,-10.014741291744594
-0.6457,-9.912882078154311
-0.6446999999999999,-9.80536401936457
-0.6437,-9.711993073573478
-0.6426999999999999,-9.594572035684678
-0.6417,-9.440368503999391
-0.6406999999999999,-9.308800353111941
-0.6397,-9.180061624824223
-0.6386999999999999,-9.028687515738664
-0.6377,-8.919754745649056
-0.6366999999999999,-8.809407264259583
-0.6357,-8.781113038262282
-0.6346999999999999,-8.66793613427308
-0.6337,-8.600029991879557
-0.6326999999999999,-8.540612117285226
-0.6317,-8.45148530539373
-0.6306999999999999,-8.326990711005607
-0.6297,-8.246352166913299
-0.6286999999999999,-8.158640066321666
-0.6277,-8.069513254430168
-0.6266999999999999,-7.952092216541371
-0.6257,-7.868624249849334
-0.6246999999999999,-7.782326860557566
-0.6237,-7.70168831646526
-0.6226999999999999,-7.652173420969983
-0.6217,-7.605487948074437
-0.6206999999999999,-7.516361136182939
-0.6197,-7.390451830494952
-0.6186999999999999,-7.291422039504399
-0.6177,-7.199465805013171
-0.6166999999999999,-7.083459478424238
-0.6157,-6.977356130934361
-0.6146999999999999,-6.906620565941108
-0.6137,-6.857105670445833
-0.6126999999999999,-6.782125971552985
-0.6117,-6.670363778863648
-0.6107000000000001,-6.57274869917296
-0.6097,-6.520404381077953
-0.6087000000000001,-6.408642188388616
-0.6077,-6.320930087796984
-0.6067000000000001,-6.264341635802381
-0.6057,-6.180873669110345
-0.6047000000000001,-6.115796949316553
-0.6037,-6.026670137425056
-0.6027000000000001,-5.948861015932479
-0.6017,-5.880954873538958
-0.6007000000000001,-5.818707576344896
-0.5997,-5.746557300051779
-0.5987000000000001,-5.672992312458796
-0.5977,-5.602256747465545
-0.5967000000000001,-5.530106471172428
-0.5957,-5.448053215780256
-0.5947000000000001,-5.39287947508552
-0.5937,-5.310826219693348
-0.5927000000000001,-5.262726035497936
-0.5917,-5.18774633660509
-0.5907000000000001,-5.148134420208869
-0.5897,-5.068910587416426
-0.5887000000000001,-4.995345599823445
-0.5877,-4.9302688800296535
-0.5867000000000001,-4.870851005435322
-0.5857,-4.815677264740584
-0.5847000000000001,-4.757674101446118
-0.5837,-4.698256226851787
-0.5827000000000001,-4.6614737330552956
-0.5817,-4.575176343763529
-0.5807000000000001,-4.5044407787702765
-0.5797,-4.45209646067527
-0.5787000000000001,-4.384190318281749
-0.5777,-4.336090134086337
-0.5767000000000001,-4.290819372490656
-0.5757,-4.229986786596459
-0.5747000000000001,-4.146518819904423
-0.5737,-4.118224593907121
-0.5727000000000001,-4.0446596063141405
-0.5717,-3.9965594221187284
-0.5707000000000001,-3.961191639622102
-0.5697,-3.9130914554266916
-0.5687000000000001,-3.8437706017333046
-0.5677,-3.794255706238028
-0.5667000000000001,-3.7503996559422124
-0.5657,-3.6824935135486903
-0.5647000000000001,-3.6358080406531443
-0.5637,-3.5990255468566534
-0.5627000000000001,-3.545266517461782
-0.5617,-3.502825178465831
-0.5607000000000001,-3.440577881271769
-0.5597,-3.3938924083762227
-0.5587000000000001,-3.3429628015810815
-0.5577,-3.3090097303843207
-0.5567000000000001,-3.267983102688235
-0.5557,-3.2156387845932284
-0.5547000000000001,-3.1774415794968722
-0.5537,-3.129341395301461
-0.5527000000000001,-3.09255890150497
-0.5517,-3.0458734286094242
-0.5507000000000001,-3.009090934812933
-0.5497,-2.9850408427152275
-0.5487000000000001,-2.935525947219951
-0.5477,-2.877522783925485
-0.5467000000000001,-2.8492285579281837
-0.5457,-2.7997136624329078
-0.5447000000000001,-2.7629311686364164
-0.5437,-2.7134162731411404
-0.5427000000000001,-2.6822926245441097
-0.5417,-2.6525836872469437
-0.5407000000000001,-2.6172159047503176
-0.5397,-2.581848122253692
-0.5387000000000001,-2.5379920719578757
-0.5377,-2.4955507329619246
-0.5367000000000001,-2.4715006408642193
-0.5357,-2.4417917035670533
-0.5347000000000001,-2.3979356532712375
-0.5337,-2.362567870774611
-0.5327000000000001,-2.3172971091789303
-0.5317,-2.280514615382439
-0.5307000000000001,-2.250805678085273
-0.5297,-2.228170297287433
-0.5287000000000001,-2.197046648690402
-0.5277,-2.1645082887935065
-0.5267000000000001,-2.124896372397285
-0.5257,-2.0980168576998492
-0.5247,-2.073966765602144
-0.5236999999999999,-2.0329401379060577
-0.5227,-1.9989870667092968
-0.5216999999999999,-1.9692781294121309
-0.5207,-1.9438133260145605
-0.5196999999999999,-1.925422079116315
-0.5187,-1.9126896774175295
-0.5176999999999999,-1.8744924723211736
-0.5167,-1.8391246898245475
-0.5156999999999999,-1.8051716186277869
-0.5147,-1.771218547431026
-0.5136999999999999,-1.7400948988339953
-0.5127,-1.72736249713521
-0.5116999999999999,-1.7089712502369643
-0.5107,-1.6835064468393939
-0.5096999999999999,-1.6339915513441174
-0.5087,-1.6255032835449272
-0.5076999999999999,-1.5887207897484361
-0.5067,-1.5675001202504606
-0.5056999999999999,-1.53920589425316
-0.5047,-1.5165705134553193
-0.5036999999999999,-1.4911057100577487
-0.5027,-1.4826174422585585
-0.5016999999999999,-1.4458349484620676
-0.5007,-1.426028990263957
-0.4996999999999999,-1.4004227157363998
-0.49870000000000003,-1.3782117483285188
-0.4976999999999999,-1.3599619725602599
-0.49670000000000003,-1.3418536679219872
-0.4956999999999999,-1.3211988829439578
-0.49470000000000003,-1.2961584929363463
-0.4936999999999999,-1.2733816410085195
-0.4927,-1.2704107472788029
-0.4916999999999999,-1.2500389045607463
-0.4907,-1.2373065028619612
-0.4896999999999999,-1.2118416994643904
-0.4887,-1.1964213462958615
-0.4876999999999999,-1.1798692240874404
-0.4867,-1.1453502683707337
-0.48570000000000013,-1.1160657444635274
-0.4847,-1.0962597862654169
-0.48370000000000013,-1.077444125977212
-0.4827,-1.07631235693732
-0.48170000000000013,-1.0532525627495197
-0.4807,-1.0378322095809909
-0.4797000000000001,-1.020148318332678
-0.4787,-1.0016156003044459
-0.4777000000000001,-0.9854878914859844
-0.4767,-0.9675210579776986
-0.4757000000000001,-0.9535154161090347
-0.4747,-0.9371047650306003
-0.4737000000000001,-0.9287579683613965
-0.4727,-0.9102252503331645
-0.4717000000000001,-0.8907022343950269
-0.4707,-0.8738671699266332
-0.4697000000000001,-0.8590127012780503
-0.4687,-0.848260895399076
-0.4677000000000001,-0.8329820133605336
-0.4667,-0.8172787179320317
-0.4657000000000001,-0.8011510091135702
-0.4647,-0.793511568094299
-0.4637000000000001,-0.7762520902359457
-0.4627,-0.7646514575770523
-0.4617000000000001,-0.7500799311884424
-0.4607,-0.736498702709738
-0.4597000000000001,-0.7226345319710608
-0.4587,-0.7117412549621
-0.4577000000000001,-0.6988673821333282
-0.4567,-0.6827396733148667
-0.4557000000000001,-0.6625093017267967
-0.4547,-0.6475133619482272
-0.4537000000000001,-0.6323759510396714
-0.4527,-0.6292635861799682
-0.4517000000000001,-0.6180873669110345
-0.4507,-0.6077599744220198
-0.4497000000000001,-0.5975740530629915
-0.4487,-0.5849831224941927
-0.4477000000000001,-0.5753630856551104
-0.4467,-0.5708360094955423
-0.4457000000000001,-0.5581036077967569
-0.4447,-0.5535765316371889
-0.4437000000000001,-0.5418344278483092
-0.4427,-0.5309411508393483
-0.4417000000000001,-0.5194819893104415
-0.4407,-0.5105693081212918
-0.4397000000000001,-0.5003833867622635
-0.4387,-0.4920365900930598
-0.4377000000000001,-0.482558024383964
-0.4367,-0.4736453431948142
-0.4357000000000001,-0.4664303155655025
-0.4347,-0.45765910550633937
-0.4337000000000001,-0.4501611356170546
-0.4327,-0.4413899255578914
-0.4317000000000001,-0.4334675422786472
-0.43069999999999997,-0.4237060343095785
-0.4297000000000001,-0.4166324778102533
-0.42869999999999997,-0.4152177665103883
-0.4277000000000001,-0.405880671931279
-0.42669999999999997,-0.3990900576919268
-0.4257000000000001,-0.3907432610227231
-0.42469999999999997,-0.38197205096355985
-0.4237000000000001,-0.3744740810742752
-0.42269999999999996,-0.3698055337847206
-0.4217000000000001,-0.36301491954536846
-0.42069999999999996,-0.3610343237255574
-0.4197000000000001,-0.3536778249662592
-0.41869999999999996,-0.34844339315675854
-0.41770000000000007,-0.3420771923073659
-0.41669999999999996,-0.33613540484793275
-0.41570000000000007,-0.3311839152984051
-0.41469999999999996,-0.32580801235891793
-0.41370000000000007,-0.32326153201916086
-0.41269999999999996,-0.31604650438984916
-0.41170000000000007,-0.310670601450362
-0.41069999999999995,-0.30699235207071296
-0.40970000000000006,-0.3013335068712528
-0.40869999999999995,-0.2949673060218601
-0.40770000000000006,-0.29001581647233254
-0.40669999999999995,-0.28478138466283187
-0.40570000000000006,-0.2781322415534663
-0.40469999999999995,-0.2740295787838576
-0.40370000000000006,-0.26766337793446493
-0.40269999999999995,-0.2634192440348699
-0.40170000000000006,-0.25931658126526125
-0.40069999999999995,-0.25450656284572004
-0.39970000000000006,-0.2485647753862869
-0.39869999999999994,-0.24347181470677282
-0.39770000000000005,-0.2389447385472047
-0.39669999999999994,-0.23300295108777153
-0.39570000000000005,-0.22776851927827088
-0.39469999999999994,-0.2250805678085273
-0.39370000000000005,-0.2206949627789457
-0.39269999999999994,-0.2164508288793506
-0.39170000000000005,-0.2116408104598095
-0.39069999999999994,-0.20838697447011992
-0.38970000000000005,-0.20499166735044383
-0.38869999999999993,-0.20145488910078121
-0.38770000000000004,-0.1976351685911456
-0.38669999999999993,-0.19438133260145604
-0.38570000000000004,-0.19126896774175295
-0.38469999999999993,-0.18801513175206336
-0.38370000000000004,-0.1844783535024008
-0.38269999999999993,-0.18207334429263022
-0.38170000000000004,-0.17782921039303512
-0.3806999999999999,-0.17471684553333205
-0.37970000000000004,-0.17358507649344
-0.3786999999999999,-0.17061418276372342
-0.37770000000000004,-0.16806770242396638
-0.3766999999999999,-0.16410651078434427
-0.37570000000000003,-0.16099414592464115
-0.3746999999999999,-0.1585891367148706
-0.37370000000000003,-0.16071120366466815
-0.3726999999999999,-0.1551938295951945
-0.37170000000000003,-0.15264734925543746
-0.3706999999999999,-0.1499593977856939
-0.36970000000000003,-0.14783733083589634
-0.3686999999999999,-0.14514937936615277
-0.3677,-0.1426028990263957
-0.3666999999999999,-0.1407779214495698
-0.3657,-0.13789191039784512
-0.3646999999999999,-0.13574154922205028
-0.3637,-0.13337898135127566
-0.3626999999999999,-0.13129935574047405
-0.3617,-0.1287245811747197
-0.36070000000000013,-0.1258102758969977
-0.3597,-0.12317891287924874
-0.35870000000000013,-0.12066072676548899
-0.3577,-0.11848207136369682
-0.35670000000000013,-0.11773227437476834
-0.3557,-0.11511505847001803
-0.3547000000000001,-0.11323349244119754
-0.3537,-0.1116207215593514
-0.3527000000000001,-0.10944206615755923
-0.3517,-0.10787173661470904
-0.3507000000000001,-0.10587699368189933
-0.3497,-0.10509890246697358
-0.3487000000000001,-0.10651361376683861
-0.3477,-0.10396713342708154
-0.3467000000000001,-0.10106697526235821
-0.3457,-0.09941176304151612
-0.3447000000000001,-0.0977424037076754
-0.3437,-0.09726140186572127
-0.3427000000000001,-0.0943470965879993
-0.3417,-0.09303141507912481
-0.3407000000000001,-0.09194208737822873
-0.3397,-0.0904141991743745
-0.3387000000000001,-0.08932487147347841
-0.3377,-0.08880142829252836
-0.3367000000000001,-0.086509595986747
-0.3357,-0.08618421238777803
-0.3347000000000001,-0.08434508769795349
-0.3337,-0.08349626091803447
-0.3327000000000001,-0.08186934292318966
-0.3317,-0.0804121902843287
-0.3307000000000001,-0.07945018660042047
-0.3297,-0.07831841756052843
-0.3287000000000001,-0.0772149427466337
-0.3277,-0.07606902659374302
-0.3267000000000001,-0.07461187395488203
-0.3257,-0.0736215760449765
-0.3247000000000001,-0.07274445503906019
-0.3237,-0.0714287735301857
-0.3227000000000001,-0.0699716208913247
-0.3217,-0.06876911628643943
-0.3207000000000001,-0.06809005486250422
-0.3197,-0.06709975695259869
-0.3187000000000001,-0.0657274869917296
-0.3177,-0.0651333082457863
-0.3167000000000001,-0.06397324497989695
-0.3157,-0.0631102710869793
-0.3147000000000001,-0.06247365100204002
-0.3137,-0.06163897133511965
-0.3127000000000001,-0.060846733007195224
-0.3117,-0.05984228798429105
-0.3107000000000001,-0.05953105149832075
-0.3097,-0.05847001802342197
-0.3087000000000001,-0.058172928650450303
-0.3077,-0.056800658689581215
-0.3067000000000001,-0.05590939057066625
-0.30569999999999997,-0.05531521182472293
-0.3047000000000001,-0.05486250420876612
-0.30369999999999997,-0.054240031236825505
-0.3027000000000001,-0.053433645795902436
-0.30169999999999997,-0.05309411508393482
-0.3007000000000001,-0.05247164211199421
-0.29969999999999997,-0.05179258068805899
-0.2987000000000001,-0.05122669616811298
-0.29769999999999996,-0.050590076083173716
-0.2967000000000001,-0.05003833867622635
-0.29569999999999996,-0.04961392528626684
-0.2947000000000001,-0.04916121767031002
-0.29369999999999996,-0.048071889969413945
-0.29270000000000007,-0.04788797750043149
-0.29169999999999996,-0.04719476896349762
-0.29070000000000007,-0.046529854652561056
-0.28969999999999996,-0.04619032394059345
-0.28870000000000007,-0.04572346921163799
-0.28769999999999996,-0.047548446788463886
-0.28670000000000007,-0.045030260674704115
-0.28569999999999995,-0.04460584728474461
-0.28470000000000006,-0.044039962764798594
-0.28369999999999995,-0.044054109877797246
-0.28270000000000006,-0.04348822535785123
-0.28169999999999995,-0.04371457916582964
-0.28070000000000006,-0.04245548610894975
-0.27969999999999995,-0.04187545447600509
-0.27870000000000006,-0.04143689397304692
-0.27769999999999995,-0.04112565748707661
-0.27670000000000006,-0.040927597905095515
-0.27569999999999995,-0.03986656443019673
-0.27470000000000006,-0.03995144710818864
-0.27369999999999994,-0.03918750300626152
-0.27270000000000005,-0.03889041363328985
-0.27169999999999994,-0.038692354051308754
-0.27070000000000005,-0.03819720509635599
-0.26969999999999994,-0.037772791706396476
-0.26870000000000005,-0.03778693881939513
-0.26769999999999994,-0.03748984944642347
-0.26670000000000005,-0.03675419957049365
-0.26569999999999994,-0.03671175823149771
-0.26470000000000005,-0.036188315050547634
-0.26369999999999993,-0.036131726598553036
-0.26270000000000004,-0.03580634299958408
-0.26169999999999993,-0.03525460559263671
-0.26070000000000004,-0.03509898734965156
-0.25969999999999993,-0.034929221993667756
-0.25870000000000004,-0.0345755441687015
-0.25769999999999993,-0.03403795387475279
-0.25670000000000004,-0.03413698366574334
-0.2556999999999999,-0.03375501161477978
-0.25470000000000004,-0.03333059822482026
-0.2536999999999999,-0.033344745337818914
-0.25270000000000004,-0.03276471370487424
-0.2516999999999999,-0.03258080123589179
-0.25070000000000003,-0.032552507009894496
-0.24969999999999992,-0.03214224073293363
-0.24870000000000003,-0.03195832826395118
-0.24769999999999992,-0.03174612156897143
-0.24670000000000003,-0.03160465043898492
-0.24569999999999992,-0.03103876591903891
-0.24470000000000003,-0.03085485345005645
-0.24369999999999992,-0.03040214583409964
-0.24270000000000003,-0.030699235207071292
-0.24169999999999991,-0.030345557382105034
-0.24070000000000003,-0.029779672862159025
-0.2396999999999999,-0.02986455554015093
-0.23870000000000002,-0.029765525749160374
-0.2376999999999999,-0.029440142150191414
-0.23670000000000002,-0.0289025518562427
-0.23570000000000013,-0.029058170099227856
-0.23470000000000002,-0.028647903822266993
-0.23370000000000013,-0.02849228557928184
-0.23270000000000002,-0.028563021144275093
-0.23170000000000013,-0.028237637545306133
-0.23070000000000002,-0.02770004725135742
-0.22970000000000013,-0.027813224155346622
-0.22870000000000001,-0.02750198766937631
-0.22770000000000012,-0.027006838714423546
-0.2267,-0.027063427166418155
-0.22570000000000012,-0.026766337793446494
-0.2247,-0.02668145511545459
-0.22370000000000012,-0.026384365742482933
-0.2227,-0.026356071516485634
-0.22170000000000012,-0.025790186996539618
-0.2207,-0.025818481222536924
-0.21970000000000012,-0.025648715866553113
-0.2187,-0.025592127414558512
-0.21770000000000012,-0.025224302476593602
-0.2167,-0.024856477538628696
-0.2157000000000001,-0.024587682391654337
-0.2147,-0.02434718147067728
-0.2137000000000001,-0.024050092097705623
-0.2127,-0.023710561385738016
-0.2117000000000001,-0.023795444063729916
-0.2107,-0.023611531594747465
-0.2097000000000001,-0.023427619125765006
-0.2087,-0.023172971091789302
-0.2077000000000001,-0.022833440379821688
-0.2067,-0.022847587492820343
-0.2057000000000001,-0.022508056780852735
-0.2047,-0.022338291424868928
-0.2037000000000001,-0.02198461359990267
-0.2027,-0.02185728958291482
-0.2017000000000001,-0.021843142469916164
-0.2007,-0.021546053096944507
-0.1997000000000001,-0.0212348166109742
-0.1987,-0.0212631108369715
-0.1977000000000001,-0.020909433012005242
-0.19669999999999999,-0.020640637865030884
-0.1957000000000001,-0.02048501962204573
-0.19469999999999998,-0.020230371588070024
-0.1937000000000001,-0.019989870667092968
-0.19269999999999998,-0.019862546650105117
-0.1917000000000001,-0.019890840876102416
-0.1907000000000001,-0.01959375150313076
-0.1897000000000002,-0.0193249563561564
-0.1887000000000001,-0.019084455435179344
-0.1877000000000002,-0.018815660288204986
-0.1867000000000001,-0.018843954514202284
-0.1857000000000002,-0.01851857091523333
-0.1847000000000001,-0.018334658446250877
-0.1837000000000002,-0.018249775768258973
-0.18270000000000008,-0.018009274847281917
-0.1817000000000002,-0.01781121526530081
-0.18070000000000008,-0.017896097943292714
-0.1797000000000002,-0.017259477858353446
-0.17870000000000008,-0.01734436053634535
-0.1777000000000002,-0.017429243214337253
-0.17670000000000008,-0.016820917355395284
-0.1757000000000002,-0.01652382798242363
-0.17470000000000008,-0.01659456354741688
-0.1737000000000002,-0.016170150157457368
-0.17270000000000008,-0.015660854089505957
-0.17170000000000019,-0.01573158965449921
-0.17070000000000007,-0.015561824298515404
-0.16970000000000018,-0.015293029151541045
-0.16870000000000007,-0.014953498439573438
-0.16770000000000018,-0.014939351326574786
-0.16670000000000007,-0.01469885040559773
-0.16570000000000018,-0.014529085049613928
-0.16470000000000007,-0.014401761032626074
-0.16370000000000018,-0.01403818022856076
-0.16270000000000007,-0.013619425683800706
-0.16170000000000018,-0.013647719909798009
-0.16070000000000007,-0.013074761833352669
-0.15970000000000018,-0.01325725959103526
-0.15870000000000006,-0.012950267238964546
-0.15770000000000017,-0.012781916594280606
-0.15670000000000006,-0.012656007288592617
-0.15570000000000017,-0.01226554696982987
-0.15470000000000006,-0.012000995956755106
-0.15370000000000017,-0.01176332445837778
-0.15270000000000006,-0.011749177345379131
-0.15170000000000017,-0.011413890767311117
-0.15070000000000006,-0.011470479219305718
-0.14970000000000017,-0.010995136222551065
-0.14870000000000005,-0.010521207937096278
-0.14770000000000016,-0.010381151518409638
-0.14670000000000005,-0.010102453392336227
-0.14570000000000016,-0.009571936654886837
-0.14470000000000005,-0.009711993073573478
-0.14370000000000016,-0.009419147834501415
-0.14270000000000005,-0.009405000721502764
-0.14170000000000016,-0.009055567030436099
-0.14070000000000005,-0.00852505029298671
-0.13970000000000016,-0.008581638744981314
-0.13870000000000005,-0.007841744735151899
-0.13770000000000016,-0.007966239329540022
-0.13670000000000004,-0.007729982542462561
-0.13570000000000015,-0.007464016818087934
-0.13470000000000004,-0.007282933771705209
-0.13370000000000015,-0.006878326339943808
-0.13270000000000004,-0.006557186874874445
-0.13170000000000015,-0.00633366248949577
-0.13070000000000004,-0.005914907944735718
-0.12970000000000015,-0.0056772364463583925
-0.12870000000000004,-0.0056079155926650045
-0.12770000000000015,-0.005510300512974318
-0.12670000000000003,-0.005063251742216966
-0.12570000000000014,-0.0044775612640728405
-0.12470000000000003,-0.0043233577323875515
-0.12370000000000014,-0.00407295383231144
-0.12270000000000003,-0.003918750300626152
-0.12170000000000014,-0.003542437094862052
-0.12070000000000003,-0.0034589691281700146
-0.11970000000000014,-0.0029567466167179264
-0.11870000000000003,-0.0023979356532712374
-0.11770000000000014,-0.002216852606888512
-0.11670000000000003,-0.0019240073678164498
-0.11570000000000014,-0.001658041643441823
-0.11470000000000002,-0.0014486643710617977
-0.11370000000000013,-0.0008625494795277128
-0.11270000000000002,-0.0006531722071476874
-0.11170000000000013,-0.0003321742132083106
-0.11070000000000024,0.00019820105311109162
-0.10970000000000013,0.0003516972291464481
-0.10870000000000024,0.0006169555978711424
-0.10770000000000013,0.0008123272283825042
-0.10670000000000024,0.0013567081365705703
-0.10570000000000013,0.0017061418276372343
-0.10470000000000024,0.0020824550334013338
-0.10370000000000013,0.002472915352164084
-0.10270000000000024,0.0026412659968480237
-0.10170000000000012,0.0034080395213748733
-0.10070000000000023,0.0036174167937548986
-0.09970000000000012,0.003785767438438838
-0.09870000000000023,0.00444077877027635
-0.09770000000000012,0.004511514335269602
-0.09670000000000023,0.005166525667107114
-0.09570000000000012,0.005544253584171079
-0.09470000000000023,0.0061440911753138545
-0.09370000000000012,0.006591139946071206
-0.09270000000000023,0.006855690959145968
-0.09170000000000011,0.007357913470598055
-0.09070000000000022,0.007652173420969983
-0.08970000000000011,0.008321331865806147
-0.08870000000000022,0.008935316569947572
-0.08770000000000011,0.008865995716254184
-0.08670000000000022,0.009451686194398309
-0.08570000000000011,0.00987044073915836
-0.08470000000000022,0.010317489509915713
-0.08370000000000011,0.0107914177953705
-0.08270000000000022,0.011071530632743777
-0.0817000000000001,0.011671368223886553
-0.08070000000000022,0.012340526668722714
-0.0797000000000001,0.012466435974410705
-0.07870000000000021,0.013220477097238767
-0.0777000000000001,0.013569910788305434
-0.07670000000000021,0.014189554337646317
-0.0757000000000001,0.01501008689156804
-0.07470000000000021,0.015349617603535646
-0.0737000000000001,0.016071120366466816
-0.07270000000000021,0.016552122208420932
-0.0717000000000001,0.01706141827637234
-0.07070000000000021,0.01771218547431026
-0.0697000000000001,0.01853271802823198
-0.0687000000000002,0.019494721712140204
-0.0677000000000001,0.020103047571082173
-0.0667000000000002,0.020315254266061927
-0.06570000000000009,0.020895285899006594
-0.0647000000000002,0.0212065223849769
-0.06370000000000009,0.021828995356917517
-0.0627000000000002,0.022366585650866227
-0.06170000000000009,0.022960764396809545
-0.0607000000000002,0.023696414272739365
-0.059700000000000086,0.02424815167968673
-0.058700000000000196,0.024870624651627343
-0.057700000000000085,0.02512527268560305
-0.056700000000000195,0.025832628335535568
-0.05570000000000008,0.02682292624544109
-0.05470000000000019,0.02762931168636417
-0.05370000000000008,0.028563021144275093
-0.05270000000000019,0.02880352206525215
-0.05170000000000008,0.02927037679420761
-0.05070000000000019,0.03002017378313608
-0.04970000000000008,0.03058605830308209
-0.04870000000000019,0.03136414951800787
-0.047700000000000076,0.031731974455972776
-0.046700000000000186,0.032524212783897194
-0.045700000000000074,0.03303350885184861
-0.044700000000000184,0.03338718667681487
-0.04370000000000007,0.03440577881271769
-0.04270000000000018,0.03490092776767045
-0.04170000000000007,0.03590537279057463
-0.04070000000000018,0.03625905061554088
-0.03970000000000007,0.03641466885852604
-0.03870000000000018,0.037291789864442364
-0.03770000000000007,0.03798499840137624
-0.03670000000000018,0.0385650300343209
-0.035700000000000065,0.039527033718229125
-0.034700000000000175,0.03973924041320888
-0.03370000000000006,0.04043244895014275
-0.03270000000000017,0.04111151037407796
-0.03170000000000006,0.04188960158900373
-0.03070000000000017,0.042780869707918716
-0.02970000000000006,0.04372872627882829
-0.02870000000000017,0.0443229050247716
-0.027700000000000058,0.04508684912669872
-0.026700000000000168,0.04522832025668522
-0.025700000000000056,0.04593567590661774
-0.024700000000000166,0.04655814887855836
-0.023700000000000054,0.04759088812745983
-0.022700000000000164,0.0482558024383964
-0.021700000000000053,0.04872265716735186
-0.020700000000000163,0.04934513013929248
-0.01970000000000005,0.05029298671020205
-0.01870000000000016,0.050674958761165616
-0.01770000000000005,0.051580373993079236
-0.01670000000000016,0.05242920077299826
-0.015700000000000047,0.05292434972795102
-0.014700000000000157,0.05365999960388084
-0.013700000000000045,0.054169295671832256
-0.012700000000000156,0.05452297349679851
-0.011700000000000044,0.05504641667774857
-0.010700000000000154,0.0560367145876541
-0.009700000000000042,0.056744070237586625
-0.008700000000000152,0.05722507207954074
-0.00770000000000004,0.057875839277478656
-0.00670000000000015,0.058399282458428715
-0.005700000000000038,0.058837842961386874
-0.0047000000000001485,0.05954519861131939
-0.0037000000000000366,0.06018181869625867
-0.0027000000000001467,0.06053549652122492
-0.0017000000000000348,0.06146920597913584
-0.000700000000000145,0.06210582606407511
0.00029999999999996696,0.062247297194061614
0.0012999999999998568,0.06302538840898737
0.0022999999999999687,0.06352053736394014
0.0032999999999998586,0.06412886322288211
0.0042999999999999705,0.06458157083883892
0.00529999999999986,0.06528892648877145
0.006299999999999972,0.06534551494076604
0.007299999999999862,0.06596798791270667
0.008299999999999974,0.06684510891862298
0.009299999999999864,0.06714219829159464
0.010299999999999976,0.06769393569854201
0.011299999999999866,0.06813249620150016
0.012299999999999978,0.06869838072144617
0.013299999999999867,0.05469273885278232
0.012299999999999978,0.04381360895682019
0.011299999999999866,0.036584434214509846
0.010299999999999976,0.03132170817901191
0.009299999999999864,0.02591751101352747
0.008299999999999974,0.022126084729889174
0.007299999999999862,0.017896097943292714
0.006299999999999972,0.01426028990263957
0.00529999999999986,0.011014942180749176
0.0042999999999999705,0.007930871547043396
0.0032999999999998586,0.00501373684672169
0.0022999999999999687,0.002543650917157336
0.0012999999999998568,-0.00020654784978029538
0.00029999999999996696,-0.0022720263475832485
-0.000700000000000145,-0.004686938536452867
-0.0017000000000000348,-0.007018382758630448
-0.0027000000000001467,-0.009027272804438798
-0.0037000000000000366,-0.010716438096477652
-0.0047000000000001485,-0.012224520342133782
-0.005700000000000038,-0.014161260111649017
-0.00670000000000015,-0.01575988388049651
-0.00770000000000004,-0.017217036519357496
-0.008700000000000152,-0.01853271802823198
-0.009700000000000042,-0.020018164893090266
-0.010700000000000154,-0.021461170418952607
-0.011700000000000044,-0.022225114520879725
-0.012700000000000156,-0.02397935653271237
-0.013700000000000045,-0.02482818331263139
-0.014700000000000157,-0.025507244736566608
-0.015700000000000047,-0.026695602228453245
-0.01670000000000016,-0.028308373110299385
-0.01770000000000005,-0.029567466167179264
-0.01870000000000016,-0.03051532273808884
-0.01970000000000005,-0.03140659085700381
-0.020700000000000163,-0.032467624331902596
-0.021700000000000053,-0.03318912709483376
-0.022700000000000164,-0.033627687597791917
-0.023700000000000054,-0.03470286818568935
-0.024700000000000166,-0.03542437094862052
-0.025700000000000056,-0.03624490350254224
-0.026700000000000168,-0.03698055337847206
-0.027700000000000058,-0.03736252542943562
-0.02870000000000017,-0.03791426283638299
-0.02970000000000006,-0.039046031876275006
-0.03070000000000017,-0.039682651961214274
-0.03170000000000006,-0.040262683594158945
-0.03270000000000017,-0.04068709698411845
-0.03370000000000006,-0.04125298150406447
-0.034700000000000175,-0.041748130459017235
-0.035700000000000065,-0.04261110435193491
-0.03670000000000018,-0.04307795908089037
-0.03770000000000007,-0.04348822535785123
-0.03870000000000018,-0.04423802234677969
-0.03970000000000007,-0.04425216945977835
-0.04070000000000018,-0.044662435736739205
-0.04170000000000007,-0.045313202934677124
-0.04270000000000018,-0.04587908745462314
-0.04370000000000007,-0.04613373548859885
-0.044700000000000184,-0.0463742364095759
-0.045700000000000074,-0.04709573917250707
-0.046700000000000186,-0.04739282854547873
-0.047700000000000076,-0.04783138904843689
-0.04870000000000019,-0.048199213986401805
-0.04970000000000008,-0.04848215624637481
-0.05070000000000019,-0.048637774489359964
-0.05170000000000008,-0.04921780612230463
-0.05270000000000019,-0.049826131981246594
-0.05370000000000008,-0.049925161772237145
-0.05470000000000019,-0.05017980980621285
-0.05570000000000008,-0.05026469248420476
-0.056700000000000195,-0.05077398855215617
-0.057700000000000085,-0.05136816729809948
-0.058700000000000196,-0.05142475575009409
-0.059700000000000086,-0.05153793265408329
-0.0607000000000002,-0.0520189344960374
-0.06170000000000009,-0.052584819015983414
-0.0627000000000002,-0.05262726035497937
-0.06370000000000009,-0.05307996797093617
-0.0647000000000002,-0.05312240930993213
-0.06570000000000009,-0.05380147073386734
-0.0667000000000002,-0.0539287947508552
-0.0677000000000001,-0.053957088976852495
-0.0687000000000002,-0.05455126772279582
-0.0697000000000001,-0.05452297349679851
-0.07070000000000021,-0.054890798434763424
-0.0717000000000001,-0.055428388728712134
-0.07270000000000021,-0.055428388728712134
-0.0737000000000001,-0.05582450789267435
-0.07470000000000021,-0.056121597265646014
-0.0757000000000001,-0.056093303039648705
-0.07670000000000021,-0.056546010655605515
-0.0777000000000001,-0.05626306839563251
-0.07870000000000021,-0.056800658689581215
-0.0797000000000001,-0.05708360094955423
-0.08070000000000022,-0.05722507207954074
-0.0817000000000001,-0.05726751341853669
-0.08270000000000022,-0.057649485469500245
-0.08370000000000011,-0.05796072195547055
-0.08470000000000022,-0.058172928650450303
-0.08570000000000011,-0.05820122287644761
-0.08670000000000022,-0.05841342957142737
-0.08770000000000011,-0.058752960283394974
-0.08870000000000022,-0.05889443141338147
-0.08970000000000011,-0.05916322656035583
-0.09070000000000022,-0.05938958036833424
-0.09170000000000011,-0.05955934572431805
-0.09270000000000023,-0.059757405306299145
-0.09370000000000012,-0.05984228798429105
-0.09470000000000023,-0.059870582210288355
-0.09570000000000012,-0.06036573116524111
-0.09670000000000023,-0.06019596580925731
-0.09770000000000012,-0.06059208497321952
-0.09870000000000023,-0.06056379074722222
-0.09970000000000012,-0.06103064547617768
-0.10070000000000023,-0.06100235125018039
-0.10170000000000012,-0.06110138104117093
-0.10270000000000024,-0.06122870505815879
-0.10370000000000013,-0.06166726556111695
-0.10470000000000024,-0.06166726556111695
-0.10570000000000013,-0.06195020782108995
-0.10670000000000024,-0.06182288380410209
-0.10770000000000013,-0.06216241451606971
-0.10870000000000024,-0.06238876832404811
-0.10970000000000013,-0.06231803275905486
-0.11070000000000024,-0.06245950388904137
-0.11170000000000013,-0.06292635861799684
-0.11270000000000002,-0.06302538840898737
-0.11370000000000013,-0.06302538840898737
-0.11470000000000002,-0.06298294706999143
-0.11570000000000014,-0.06337906623395365
-0.11670000000000003,-0.06357712581593475
-0.11770000000000014,-0.0633083306689604
-0.11870000000000003,-0.06377518539791585
-0.11970000000000014,-0.0639025094149037
-0.12070000000000003,-0.06405812765788886
-0.12170000000000014,-0.06421374590087402
-0.12270000000000003,-0.06415715744887941
-0.12370000000000014,-0.06418545167487671
-0.12470000000000003,-0.06428448146586727
-0.12570000000000014,-0.06472304196882543
-0.12670000000000003,-0.06480792464681732
-0.12770000000000015,-0.06858520381745697
-0.12870000000000004,-0.06810420197550286
-0.12970000000000015,-0.06813249620150016
-0.13070000000000004,-0.06762320013354876
-0.13170000000000015,-0.06742514055156765
-0.13270000000000004,-0.06678852046662838
-0.13370000000000015,-0.06667534356263917
-0.13470000000000004,-0.06670363778863649
-0.13570000000000015,-0.06657631377164863
-0.13670000000000004,-0.06642069552866348
-0.13770000000000016,-0.06657631377164863
-0.13870000000000005,-0.06674607912763245
-0.13970000000000016,-0.06695828582261219
-0.14070000000000005,-0.06718463963059058
-0.14170000000000016,-0.06732611076057708
-0.14270000000000005,-0.0669865800486095
-0.14370000000000016,-0.06712805117859601
-0.14470000000000005,-0.06756661168155415
-0.14570000000000016,-0.0676090530205501
-0.14670000000000005,-0.06756661168155415
-0.14770000000000016,-0.06800517218451232
-0.14870000000000005,-0.06801931929751097
-0.14970000000000017,-0.06806176063650692
-0.15070000000000006,-0.06811834908850152
-0.15170000000000017,-0.06847202691346778
-0.15270000000000006,-0.06854276247846103
-0.15370000000000017,-0.06871252783444483
-0.15470000000000006,-0.0690662056594111
-0.15570000000000017,-0.06909449988540839
-0.15670000000000006,-0.06922182390239626
-0.15770000000000017,-0.0695189132753679
-0.15870000000000006,-0.06971697285734901
-0.15970000000000018,-0.06950476616236925
-0.16070000000000007,-0.06977356130934362
-0.16170000000000018,-0.0698018555353409
-0.16270000000000007,-0.06998576800432338
-0.16370000000000018,-0.07060824097626398
-0.16470000000000007,-0.07100436014022618
-0.16570000000000018,-0.07113168415721405
-0.16670000000000007,-0.07131559662619649
-0.16770000000000018,-0.07149950909517895
-0.16870000000000007,-0.07172586290315736
-0.16970000000000018,-0.07195221671113576
-0.17070000000000007,-0.07234833587509798
-0.17170000000000019,-0.07241907144009123
-0.17270000000000008,-0.07248980700508448
-0.1737000000000002,-0.07264542524806963
-0.17470000000000008,-0.07287177905604804
-0.1757000000000002,-0.0733386337850035
-0.17670000000000008,-0.07312642709002375
-0.1777000000000002,-0.07359328181897921
-0.17870000000000008,-0.07373475294896571
-0.1797000000000002,-0.07384792985295491
-0.18070000000000008,-0.07427234324291442
-0.1817000000000002,-0.07417331345192386
-0.18270000000000008,-0.07456943261588608
-0.1837000000000002,-0.07465431529387798
-0.1847000000000001,-0.07478163931086583
-0.1857000000000002,-0.07538996516980781
-0.1867000000000001,-0.07531922960481456
-0.1877000000000002,-0.0756446132037835
-0.1887000000000001,-0.07572949588177541
-0.1897000000000002,-0.07606902659374302
-0.1907000000000001,-0.07657832266169443
-0.1917000000000001,-0.07677638224367554
-0.19269999999999998,-0.0767339409046796
-0.1937000000000001,-0.07708761872964585
-0.19469999999999998,-0.07696029471265799
-0.1957000000000001,-0.077526179232604
-0.19669999999999999,-0.077526179232604
-0.1977000000000001,-0.07768179747558916
-0.1987,-0.07768179747558916
-0.1997000000000001,-0.07771009170158645
-0.2007,-0.07865794827249603
-0.2017000000000001,-0.07845988869051494
-0.2027,-0.0787286838374893
-0.2037000000000001,-0.07855891848150548
-0.2047,-0.07891259630647175
-0.2057000000000001,-0.07903992032345959
-0.2067,-0.07940774526142451
-0.2077000000000001,-0.07987459999037998
-0.2087,-0.07990289421637728
-0.2097000000000001,-0.08031316049333813
-0.2107,-0.08042633739732732
-0.2117000000000001,-0.0806102498663098
-0.2127,-0.0811195459342612
-0.2137000000000001,-0.08138834108123556
-0.2147,-0.08138834108123556
-0.2157000000000001,-0.08192593137518428
-0.2167,-0.08206740250517078
-0.21770000000000012,-0.08250596300812894
-0.2187,-0.08273231681610735
-0.21970000000000012,-0.08271816970310869
-0.2207,-0.08315673020606687
-0.22170000000000012,-0.08321331865806145
-0.2227,-0.08358114359602638
-0.22370000000000012,-0.08417532234196969
-0.2247,-0.08406214543798048
-0.22570000000000012,-0.08414702811597238
-0.2267,-0.08430264635895754
-0.22770000000000012,-0.08451485305393729
-0.22870000000000001,-0.08530709138186171
-0.22970000000000013,-0.08509488468688196
-0.23070000000000002,-0.08583053456281178
-0.23170000000000013,-0.08583053456281178
-0.23270000000000002,-0.08625494795277128
-0.23370000000000013,-0.08629738929176724
-0.23470000000000002,-0.08653789021274429
-0.23570000000000013,-0.08652374309974564
-0.23670000000000002,-0.0869905978287011
-0.2376999999999999,-0.08696230360270381
-0.23870000000000002,-0.08742915833165928
-0.2396999999999999,-0.08757062946164577
-0.24070000000000003,-0.08764136502663902
-0.24169999999999991,-0.0883911620155675
-0.24270000000000003,-0.08846189758056075
-0.24369999999999992,-0.08946634260346491
-0.24470000000000003,-0.08967854929844467
-0.24569999999999992,-0.08953707816845817
-0.24670000000000003,-0.08979172620243389
-0.24769999999999992,-0.09048493473936775
-0.24870000000000003,-0.090555670304361
-0.24969999999999992,-0.09079617122533806
-0.25070000000000003,-0.09130546729328948
-0.2516999999999999,-0.09148937976227192
-0.25270000000000004,-0.09187135181323548
-0.2536999999999999,-0.0924938247851761
-0.25470000000000004,-0.09269188436715721
-0.2556999999999999,-0.0929748266271302
-0.25670000000000004,-0.09321532754810727
-0.25769999999999993,-0.09386609474604518
-0.25870000000000004,-0.09433294947500065
-0.25969999999999993,-0.09447442060498715
-0.26070000000000004,-0.09535154161090346
-0.26169999999999993,-0.09554960119288458
-0.26270000000000004,-0.09601645592184005
-0.26369999999999993,-0.09663892889378066
-0.26470000000000005,-0.09686528270175906
-0.26569999999999994,-0.09733213743071452
-0.26670000000000005,-0.09751604989969698
-0.26769999999999994,-0.09854878914859845
-0.26870000000000005,-0.09895905542555931
-0.26969999999999994,-0.09932688036352423
-0.27070000000000005,-0.09985032354447429
-0.27169999999999994,-0.10043035517741895
-0.27270000000000005,-0.10101038681036362
-0.27369999999999994,-0.10130747618333527
-0.27470000000000006,-0.10181677225128669
-0.27569999999999995,-0.10225533275424485
-0.27670000000000006,-0.10241095099723
-0.27769999999999995,-0.10359930848911664
-0.27870000000000006,-0.10405201610507345
-0.27969999999999995,-0.10468863619001273
-0.28070000000000006,-0.10524037359696008
-0.28169999999999995,-0.10601846481188584
-0.28270000000000006,-0.10630140707185885
-0.28369999999999995,-0.10723511652976979
-0.28470000000000006,-0.1078010010497158
-0.28569999999999995,-0.10839517979565912
-0.28670000000000007,-0.10859323937764022
-0.28769999999999996,-0.10961183151354303
-0.28870000000000007,-0.11054554097145397
-0.28969999999999996,-0.11105483703940537
-0.29070000000000007,-0.11169145712434464
-0.29169999999999996,-0.11276663771224207
-0.29270000000000007,-0.1134456991361773
-0.29369999999999996,-0.1140964663341152
-0.2947000000000001,-0.11508676424402071
-0.29569999999999996,-0.1158648554589465
-0.2967000000000001,-0.11645903420488982
-0.29769999999999996,-0.11733615521080615
-0.2987000000000001,-0.11801521663474136
-0.29969999999999997,-0.11875086651067117
-0.3007000000000001,-0.1195713990645929
-0.30169999999999997,-0.12118416994643905
-0.3027000000000001,-0.12138222952842014
-0.30369999999999997,-0.12264132258530001
-0.3047000000000001,-0.12326379555724064
-0.30569999999999997,-0.12416921078915429
-0.3067000000000001,-0.12523024426405305
-0.3077,-0.1254707451850301
-0.3087000000000001,-0.12743719389184252
-0.3097,-0.12805966686378314
-0.3107000000000001,-0.12866799272272508
-0.3117,-0.12950267238964547
-0.3127000000000001,-0.13093153080250916
-0.3137,-0.1331667746562959
-0.3147000000000001,-0.13296871507431476
-0.3157,-0.13431269080918656
-0.3167000000000001,-0.1355010483010732
-0.3177,-0.13650549332397738
-0.3187000000000001,-0.13807582286682757
-0.3197,-0.1387831785167601
-0.3207000000000001,-0.1403535080596103
-0.3217,-0.14147112998650369
-0.3227000000000001,-0.1426028990263957
-0.3237,-0.1437346680662877
-0.3247000000000001,-0.14514937936615277
-0.3257,-0.14613967727605828
-0.3267000000000001,-0.14755438857592332
-0.3277,-0.14868615761581536
-0.3287000000000001,-0.1503838111756534
-0.3297,-0.1512326379555724
-0.3307000000000001,-0.15293029151541046
-0.3317,-0.1543450028152755
-0.3327000000000001,-0.15575971411514053
-0.3337,-0.15759883880496509
-0.3347000000000001,-0.1584476655848841
-0.3357,-0.16014531914472213
-0.3367000000000001,-0.16127708818461417
-0.3377,-0.1629747417444522
-0.3387000000000001,-0.16438945304431726
-0.3397,-0.16622857773414182
-0.3407000000000001,-0.16750181790402036
-0.3417,-0.16919947146385841
-0.3427000000000001,-0.17075565389370992
-0.3437,-0.1728777208435075
-0.3447000000000001,-0.17429243214337253
-0.3457,-0.17627302796318356
-0.3467000000000001,-0.17782921039303512
-0.3477,-0.17966833508285968
-0.3487000000000001,-0.18193187316264373
-0.3497,-0.18320511333252223
-0.3507000000000001,-0.18532718028231981
-0.3517,-0.18773218949209036
-0.3527000000000001,-0.18928837192194192
-0.3537,-0.19141043887173945
-0.3547000000000001,-0.193532505821537
-0.3557,-0.19565457277133455
-0.35670000000000013,-0.19820105311109162
-0.3577,-0.20018164893090268
-0.35870000000000013,-0.20216224475071373
-0.3597,-0.20428431170051128
-0.36070000000000013,-0.20626490752032234
-0.3617,-0.2079625610801604
-0.3626999999999999,-0.21065051254990397
-0.3637,-0.21347993514963404
-0.3646999999999999,-0.2160264154893911
-0.3657,-0.21786554017921567
-0.3666999999999999,-0.22012907825899972
-0.3677,-0.22267555859875673
-0.3686999999999999,-0.2250805678085273
-0.36970000000000003,-0.22805146153824393
-0.3706999999999999,-0.2307394130079875
-0.37170000000000003,-0.23314442221775805
-0.3726999999999999,-0.23625678707746112
-0.37370000000000003,-0.2388032674172182
-0.3746999999999999,-0.24134974775697526
-0.37570000000000003,-0.2446035837466648
-0.3766999999999999,-0.24757447747638137
-0.37770000000000004,-0.25026242894612494
-0.3786999999999999,-0.25337479380582806
-0.37970000000000004,-0.25634568753554465
-0.3806999999999999,-0.2591751101352747
-0.38170000000000004,-0.2631363017748969
-0.38269999999999993,-0.2663901377645864
-0.38370000000000004,-0.2695025026242895
-0.38469999999999993,-0.2724733963540061
-0.38570000000000004,-0.27615164573365514
-0.38669999999999993,-0.27883959720339874
-0.38770000000000004,-0.28223490432307485
-0.38869999999999993,-0.28633756709268343
-0.38970000000000005,-0.28959140308237297
-0.39069999999999994,-0.2932696524620221
-0.39170000000000005,-0.2972308441016442
-0.39269999999999994,-0.30105056461127977
-0.39370000000000005,-0.3044458717309559
-0.39469999999999994,-0.3079826499806185
-0.39570000000000005,-0.3116608993602676
-0.39669999999999994,-0.31576356212987616
-0.39770000000000005,-0.31986622489948474
-0.39869999999999994,-0.32411035879907985
-0.39970000000000006,-0.32807155043870195
-0.40069999999999995,-0.3320327420783241
-0.40170000000000006,-0.33585246258795975
-0.40269999999999995,-0.34037953874752785
-0.40370000000000006,-0.34434073038714996
-0.40469999999999995,-0.34900927767670453
-0.40570000000000006,-0.3539607672262322
-0.40669999999999995,-0.3586293145157868
-0.40770000000000006,-0.36329786180534146
-0.40869999999999995,-0.3678249379649095
-0.40970000000000006,-0.3720690718645046
-0.41069999999999995,-0.3764546768940863
-0.41170000000000007,-0.3822549932235329
-0.41269999999999996,-0.386216184863155
-0.41370000000000007,-0.39088473215270964
-0.41469999999999996,-0.3979582886520348
-0.41570000000000007,-0.4023438936816164
-0.41669999999999996,-0.4072953832311441
-0.41770000000000007,-0.4125298150406447
-0.41869999999999996,-0.41776424685014535
-0.4197000000000001,-0.4237060343095785
-0.42069999999999996,-0.4296478217690116
-0.4217000000000001,-0.4343163690585663
-0.42269999999999996,-0.4401166853880129
-0.4237000000000001,-0.44450229041759454
-0.42469999999999997,-0.45030260674704115
-0.4257000000000001,-0.45610292307648787
-0.42669999999999997,-0.4627520661858534
-0.4277000000000001,-0.46968415155519216
-0.42869999999999997,-0.47633329466455787
-0.4297000000000001,-0.4815677264740585
-0.43069999999999997,-0.48765098506347815
-0.4317000000000001,-0.49401718591287075
-0.4327,-0.4999589733723039
-0.4337000000000001,-0.5068910587416426
-0.4347,-0.5129743173310622
-0.4357000000000001,-0.519906402700401
-0.4367,-0.5262726035497938
-0.4377000000000001,-0.5356096981289029
-0.4387,-0.5419758989782956
-0.4397000000000001,-0.5486250420876613
-0.4407,-0.5541424161571349
-0.4417000000000001,-0.5614989149164331
-0.4427,-0.5715433651454748
-0.4437000000000001,-0.580314575204638
-0.4447,-0.5888028430038282
-0.4457000000000001,-0.5960178706331399
-0.4467,-0.6032328982624516
-0.4477000000000001,-0.6112967526716824
-0.4487,-0.6192191359509266
-0.4497000000000001,-0.6274244614901437
-0.4507,-0.6354883158993744
-0.4517000000000001,-0.6435521703086051
-0.4527,-0.6516160247178359
-0.4537000000000001,-0.6589725234771341
-0.4547,-0.6676022624063108
-0.4557000000000001,-0.6760905302055011
-0.4567,-0.6857105670445833
-0.4577000000000001,-0.693491479193841
-0.4587,-0.7026871026429637
-0.4597000000000001,-0.711458312702127
-0.4607,-0.7195221671113576
-0.4617000000000001,-0.7284348483005074
-0.4627,-0.7374890006196436
-0.4637000000000001,-0.7471090374587258
-0.4647,-0.7557387763879025
-0.4657000000000001,-0.7652173420969983
-0.4667,-0.771583542946391
-0.4677000000000001,-0.7793644550956487
-0.4687,-0.791530972274488
-0.4697000000000001,-0.8015754225035298
-0.4707,-0.8106295748226661
-0.4717000000000001,-0.8223716786115459
-0.4727,-0.8329820133605336
-0.4737000000000001,-0.8450070594093865
-0.4747,-0.8573150477182123
-0.4757000000000001,-0.8703303916769705
-0.4767,-0.8868825138853914
-0.4777000000000001,-0.904141991743745
-0.4787,-0.9192794026523009
-0.4797000000000001,-0.926918843671572
-0.4807,-0.9354071114707622
-0.48170000000000013,-0.9419147834501415
-0.4827,-0.9489883399494666
-0.48370000000000013,-0.9612963282582925
-0.4847,-0.9738872588270913
-0.48570000000000013,-0.9857708337459574
-0.4867,-0.9976544086648237
-0.4876999999999999,-1.010952694883555
-0.4887,-1.0262315769220975
-0.4896999999999999,-1.039529863140829
-0.4907,-1.0525452070995875
-0.4916999999999999,-1.0658434933183185
-0.4927,-1.078010010497158
-0.4936999999999999,-1.0920156523658218
-0.49470000000000003,-1.1088507168342159
-0.4956999999999999,-1.1227148875728932
-0.49670000000000003,-1.138984067521341
-0.4976999999999999,-1.1551117763398024
-0.49870000000000003,-1.1706736006383178
-0.4996999999999999,-1.1821327621672248
-0.5007,-1.1978360575957268
-0.5016999999999999,-1.210851401554485
-0.5027,-1.2230179187333243
-0.5036999999999999,-1.2373065028619612
-0.5047,-1.2542830384603414
-0.5056999999999999,-1.2654592577292754
-0.5067,-1.280030784117885
-0.5076999999999999,-1.2965829063263061
-0.5087,-1.3134179707947
-0.5096999999999999,-1.3323751022128916
-0.5107,-1.3538787139708401
-0.5116999999999999,-1.3731187876490045
-0.5127,-1.3861341316077629
-0.5136999999999999,-1.4022618404262244
-0.5147,-1.420370145064497
-0.5156999999999999,-1.4345172580631471
-0.5167,-1.4514937936615278
-0.5176999999999999,-1.4670556179600431
-0.5187,-1.4882762874580184
-0.5196999999999999,-1.5094969569559942
-0.5207,-1.5250587812545096
-0.5216999999999999,-1.5377911829532949
-0.5227,-1.5533530072518102
-0.5236999999999999,-1.5731589654499207
-0.5247,-1.5929649236480312
-0.5257,-1.614185593146007
-0.5267000000000001,-1.6453092417430377
-0.5277,-1.6594563547416883
-0.5287000000000001,-1.693409425938449
-0.5297,-1.700482982437774
-0.5307000000000001,-1.7443390327335901
-0.5317,-1.7301919197349398
-0.5327000000000001,-1.7514125892329155
-0.5337,-1.776877392630486
-0.5347000000000001,-1.7980980621284617
-0.5357,-1.8179040203265722
-0.5367000000000001,-1.8419541124242775
-0.5377,-1.8716630497214433
-0.5387000000000001,-1.895713141819149
-0.5397,-1.9523015938137507
-0.5407000000000001,-1.9494721712140204
-0.5417,-1.9692781294121309
-0.5427000000000001,-2.008890045808352
-0.5437,-2.038598983105518
-0.5447000000000001,-2.0329401379060577
-0.5457,-2.0569902300037635
-0.5467000000000001,-2.0980168576998492
-0.5477,-2.127725794997015
-0.5487000000000001,-2.1574347322941807
-0.5497,-2.1673377113932366
-0.5507000000000001,-2.1871436695913467
-0.5517,-2.2210967407881075
-0.5527000000000001,-2.2423174102860832
-0.5537,-2.2621233684841937
-0.5547000000000001,-2.2819293266823037
-0.5557,-2.3356883560771755
-0.5567000000000001,-2.361153159474746
-0.5577,-2.3767149837732613
-0.5587000000000001,-2.4064239210704272
-0.5597,-2.4403769922671885
-0.5607000000000001,-2.4700859295643536
-0.5617,-2.504039000761115
-0.5627000000000001,-2.5196008250596305
-0.5637,-2.543650917157336
-0.5647000000000001,-2.5705304318547717
-0.5657,-2.6143864821505876
-0.5667000000000001,-2.639851285548158
-0.5677,-2.6738043567449195
-0.5687000000000001,-2.6879514697435702
-0.5697,-2.7360516539389814
-0.5707000000000001,-2.7629311686364164
-0.5717,-2.794054817233447
-0.5727000000000001,-2.819519620631018
-0.5737,-2.8393255788291283
-0.5747000000000001,-2.8803522065252145
-0.5757,-2.9029875873230555
-0.5767000000000001,-2.9341112359200863
-0.5777,-2.9822114201154974
-0.5787000000000001,-3.0303116043109086
-0.5797,-3.0642646755076695
-0.5807000000000001,-3.08124121110605
-0.5817,-3.120853127502271
-0.5827000000000001,-3.153391487399167
-0.5837,-3.1915886924955226
-0.5847000000000001,-3.228371186292014
-0.5857,-3.267983102688235
-0.5867000000000001,-3.3061803077845906
-0.5877,-3.355695203279867
-0.5887000000000001,-3.4094542326747383
-0.5897,-3.427845479572984
-0.5907000000000001,-3.4999957558661006
-0.5917,-3.536778249662592
-0.5927000000000001,-3.6032696807562488
-0.5937,-3.6131726598553033
-0.5947000000000001,-3.6499551536517942
-0.5957,-3.698055337847206
-0.5967000000000001,-3.7376672542434273
-0.5977,-3.8055733966369485
-0.5987000000000001,-3.8480147356329
-0.5997,-3.8918707859287163
-0.6007000000000001,-3.935726836224532
-0.6017,-3.973924041320888
-0.6027000000000001,-4.0319272046153545
-0.6037,-4.085686234010226
-0.6047000000000001,-4.132371706905772
-0.6057,-4.1833013137009125
-0.6067000000000001,-4.22149851879727
-0.6077,-4.272428125592412
-0.6087000000000001,-4.3403342679859325
-0.6097,-4.419558100778375
-0.6107000000000001,-4.4379493476766205
-0.6117,-4.488878954471762
-0.6126999999999999,-4.553955674265553
-0.6137,-4.596397013261504
-0.6146999999999999,-4.647326620056646
-0.6157,-4.7010856494515165
-0.6166999999999999,-4.753429967546523
-0.6177,-4.8128478421408545
-0.6186999999999999,-4.8595333150364
-0.6197,-4.9175364783308675
-0.6206999999999999,-4.954318972127359
-0.6217,-4.99958973372304
-0.6226999999999999,-5.057592897017507
-0.6237,-5.139646152409678
-0.6246999999999999,-5.197649315704145
-0.6257,-5.247164211199421
-0.6266999999999999,-5.299508529294427
-0.6277,-5.351852847389433
-0.6286999999999999,-5.414100144583495
-0.6297,-5.479176864377286
-0.6306999999999999,-5.534350605072024
-0.6317,-5.5994273248658155
-0.6326999999999999,-5.661674622059877
-0.6337,-5.723921919253939
-0.6346999999999999,-5.813048731145436
-0.6357,-5.872466605739767
-0.6366999999999999,-5.938958036833425
-0.6377,-6.01393773572627
-0.6386999999999999,-6.066282053821277
-0.6397,-6.114382238016689
-0.6406999999999999,-6.195020782108996
-0.6417,-6.271415192301707
-0.6426999999999999,-6.346394891194555
-0.6437,-6.397324497989696
-0.6446999999999999,-6.468060062982947
-0.6457,-6.5317220714768744
-0.6466999999999999,-6.6364107076668875
-0.6477,-6.698658004860949
-0.6486999999999999,-6.7693935698542
-0.6497,-6.847202691346777
-0.6507,-6.919352967639894
-0.6517000000000001,-7.018382758630446
-0.6527,-7.074971210625048
-0.6537000000000001,-7.149950909517895
-0.6547,-7.224930608410742
-0.6557000000000001,-7.3197162655017
-0.6567,-7.396110675694412
-0.6577000000000001,-7.483822776286043
-0.6587,-7.565876031678216
-0.6597000000000001,-7.6408557305710625
-0.6607,-7.763935613659322
-0.6617000000000001,-7.853062425550818
-0.6627,-7.937945103542721
-0.6637000000000001,-8.042633739732734
-0.6647,-8.10629574822666
-0.6657000000000001,-8.206740250517077
-0.6667,-8.28313466070979
-0.6677000000000001,-8.348211380503582
-0.6687,-8.403385121198317
-0.6697000000000001,-8.5052443347886
-0.6707,-8.575979899781853
-0.6717000000000001,-8.66793613427308
-0.6727,-8.789601306061472
-0.6737000000000001,-8.922584168248786
-0.6747,-9.013125691440148
-0.6757000000000001,-9.126302595429351
-0.6767,-9.253626612417206
-0.6777000000000001,-9.463003884797232
-0.6787,-9.559204253188051
-0.6797000000000001,-9.666722311977795
-0.6807,-9.762922680368618
-0.6817000000000001,-9.843561224460924
-0.6827,-9.963811684949455
-0.6837000000000001,-10.081232722838251
-0.6847,-10.194409626827454
-0.6857000000000001,-10.321733643815307
-0.6867,-10.497157844998572
-0.6877000000000001,-10.572137543891419
-0.6887,-10.669752623582108
-0.6897000000000001,-10.815467887468206
-0.6907,-11.014942180749173
-0.6917000000000001,-11.201684072331359
-0.6927,-11.341740491018
-0.6937000000000001,-11.459161528906796
-0.6947,-11.55536189729762
-0.6957000000000001,-11.72088311938183
-0.6967,-11.862354249368334
-0.6977000000000001,-12.02787547145254
-0.6987,-12.155199488440394
-0.6997000000000001,-12.258473413330542
-0.7007,-12.337697246122985
-0.7017000000000001,-12.470680108310297
-0.7027,-12.613565949596667
-0.7037000000000001,-12.767769481281956
-0.7047,-12.87245811747197
-0.7057000000000001,-13.004026268359418
-0.7067,-13.182279892142413
-0.7077000000000001,-13.33931284642743
-0.7087,-13.475125131214474
-0.7097000000000001,-13.636402219399088
-0.7107,-13.838705935279789
-0.7117000000000001,-14.072133299757521
-0.7127,-14.217848563643619
-0.7137000000000001,-14.359319693630123
-0.7147,-14.529085049613924
-0.7157000000000001,-14.642261953603128
-0.7167,-14.812027309586934
-0.7177000000000001,-14.911057100577487
-0.7187,-15.10911668255859
-0.7197000000000001,-15.307176264539699
-0.7207,-15.491088733522153
-0.7217000000000001,-15.675001202504609
-0.7227,-15.88720789748436
-0.7237000000000001,-16.099414592464115
-0.7247,-16.24088572245062
-0.7257000000000001,-16.46723953042903
-0.7267,-16.693593338407435
-0.7277000000000001,-16.877505807389888
-0.7287,-17.103859615368293
-0.7297000000000001,-17.301919197349395
-0.7307,-17.613155683319707
-0.7317000000000001,-17.76877392630486
-0.7327,-17.980980621284615
-0.7337000000000001,-18.221481542261674
-0.7347,-18.47612957623738
-0.7357000000000001,-18.744924723211735
-0.7367,-18.872248740199588
-0.7376999999999999,-19.141043887173947
-0.7387,-19.339103469155052
-0.7396999999999999,-19.551310164134804
-0.7407,-19.77766397211321
-0.7416999999999999,-20.00401778009162
-0.7427,-20.21622447507137
-0.7436999999999999,-20.499166735044383
-0.7447,-20.980168576998494
-0.7456999999999999,-21.277257949970153
-0.7467,-21.531905983945855
-0.7476999999999999,-21.871436695913467
-0.7487,-22.140231842887825
-0.7496999999999999,-22.437321215859484
-0.7507,-22.67782213683654
-0.7516999999999999,-22.932470170812245
-0.7527,-23.272000882779853
-0.7536999999999999,-23.48420757775961
-0.7547,-23.738855611735314
-0.7556999999999999,-24.078386323702922
-0.7567,-24.36132858367593
-0.7576999999999999,-24.71500640864219
-0.7587,-25.06868423360845
-0.7596999999999999,-25.43650917157336
-0.7607,-25.705304318547718
-0.7616999999999999,-26.17215904750318
-0.7627,-26.568278211465387
-0.7636999999999999,-26.95025026242895
-0.7647,-27.233192522401957
-0.7656999999999999,-27.685900138358768
-0.7667,-27.997136624329073
-0.7676999999999999,-28.22349043230748
-0.7687,-28.662050935265643
-0.7696999999999999,-29.001581647233255
-0.7707,-29.411847924194117
-0.7716999999999999,-29.822114201154974
-0.7727,-30.359704495103685
-0.7736999999999999,-30.82655922405915
-0.7747,-31.29341395301461
-0.7757,-31.76026868197007
-0.7767000000000001,-32.24127052392419
-0.7777,-32.8354492698675
-0.7787000000000001,-33.25986265982701
-0.7797,-33.79745295377573
-0.7807000000000001,-34.236013456733886
-0.7817,-34.7453095246853
-0.7827000000000001,-35.098987349651566
-0.7837,-35.608283417602976
-0.7847000000000001,-35.94781412957058
-0.7857,-36.64102266650445
-0.7867000000000001,-36.98055337847206
-0.7857,-36.768346683492304
-0.7847000000000001,-36.8532293614842
-0.7837,-36.5985813275085
-0.7827000000000001,-36.4288159715247
-0.7817,-36.230756389543586
-0.7807000000000001,-35.90537279057463
-0.7797,-35.57998919160567
-0.7787000000000001,-35.254605592636715
-0.7777,-34.92922199366775
-0.7767000000000001,-34.61798550769744
-0.7757,-34.44822015171364
-0.7747,-34.06624810075008
-0.7736999999999999,-33.76915872777842
-0.7727,-33.42962801581082
-0.7716999999999999,-33.160832868836465
-0.7707,-32.8637434958648
-0.7696999999999999,-32.59494834889044
-0.7687,-32.41103587990799
-0.7676999999999999,-32.08565228093904
-0.7667,-31.83100424696332
-0.7656999999999999,-31.505620647994366
-0.7647,-31.23682550102001
-0.7636999999999999,-30.982177467044306
-0.7627,-30.670940981073993
-0.7616999999999999,-30.402145834099635
-0.7607,-30.161644913122586
-0.7596999999999999,-29.80796708815632
-0.7587,-29.510877715184666
-0.7576999999999999,-29.114758551222454
-0.7567,-28.761080726256196
-0.7556999999999999,-28.44984424028589
-0.7547,-28.11031352831828
-0.7536999999999999,-27.968842398331773
-0.7527,-27.544429008372262
-0.7516999999999999,-27.34636942639116
-0.7507,-27.1058685054141
-0.7496999999999999,-26.86536758443705
-0.7487,-26.667308002455943
-0.7476999999999999,-26.356071516485635
-0.7467,-26.058982143513976
-0.7456999999999999,-25.90336390052882
-0.7447,-25.677010092550415
-0.7436999999999999,-25.478950510569312
-0.7427,-25.224302476593607
-0.7416999999999999,-24.927213103621945
-0.7407,-24.65841795664759
-0.7396999999999999,-24.40376992267188
-0.7387,-24.20571034069078
-0.7376999999999999,-23.97935653271237
-0.7367,-23.653972933743415
-0.7357000000000001,-23.44176623876366
-0.7347,-23.1163826397947
-0.7337000000000001,-22.904175944814945
-0.7327,-22.66367502383789
-0.7317000000000001,-22.352438537867577
-0.7307,-22.126084729889175
-0.7297000000000001,-21.885583808912116
-0.7287,-21.744112678925614
-0.7277000000000001,-21.51775887094721
-0.7267,-21.277257949970153
-0.7257000000000001,-21.036757028993097
-0.7247,-20.72552054302279
-0.7237000000000001,-20.584049413036283
-0.7227,-20.414284057052477
-0.7217000000000001,-20.159636023076775
-0.7207,-19.93328221509837
-0.7197000000000001,-19.664487068124007
-0.7187,-19.593751503130758
-0.7177000000000001,-19.4381332601456
-0.7167,-19.1834852261699
-0.7157000000000001,-18.91469007919554
-0.7147,-18.730777610213085
-0.7137000000000001,-18.518570915233333
-0.7127,-18.320511333252224
-0.7117000000000001,-18.15074597726842
-0.7107,-17.980980621284615
-0.7097000000000001,-17.74047970030756
-0.7087,-17.655597022315657
-0.7077000000000001,-17.4433903273359
-0.7067,-17.2736249713521
-0.7057000000000001,-17.061418276372343
-0.7047,-16.919947146385837
-0.7037000000000001,-16.750181790402035
-0.7027,-16.580416434418233
-0.7017000000000001,-16.396503965435777
-0.7007,-16.184297270456018
-0.6997000000000001,-16.02867902747086
-0.6987,-15.816472332491113
-0.6977000000000001,-15.618412750510005
-0.6967,-15.4769416205235
-0.6957000000000001,-15.37791182953295
-0.6947,-15.264734925543747
-0.6937000000000001,-15.06667534356264
-0.6927,-14.925204213576137
-0.6917000000000001,-14.783733083589633
-0.6907,-14.62811484060448
-0.6897000000000001,-14.500790823616628
-0.6887,-14.30273124163552
-0.6877000000000001,-14.1456982873505
-0.6867,-14.009886002563457
-0.6857000000000001,-13.848608914378843
-0.6847,-13.719870186091127
-0.6837000000000001,-13.51615175891056
-0.6827,-13.410048411420682
-0.6817000000000001,-13.26574785883445
-0.6807,-13.11720317234862
-0.6797000000000001,-12.930461280766435
-0.6787,-12.839919757575073
-0.6777000000000001,-12.716839874486816
-0.6767,-12.538586250703819
-0.6757000000000001,-12.415506367615562
-0.6747,-12.283938216728114
-0.6737000000000001,-12.189152559637156
-0.6727,-12.013728358453893
-0.6717000000000001,-11.887819052765904
-0.6707,-11.812839353873056
-0.6697000000000001,-11.694003604684394
-0.6687,-11.587900257194516
-0.6677000000000001,-11.480382198404772
-0.6667,-11.33891106841827
-0.6657000000000001,-11.22714887572893
-0.6647,-11.146510331636625
-0.6637000000000001,-10.97957439825255
-0.6627,-10.859323937764021
-0.6617000000000001,-10.736244054675764
-0.6607,-10.5891140794898
-0.6597000000000001,-10.487254865899517
-0.6587,-10.334466045514093
-0.6577000000000001,-10.207142028526238
-0.6567,-10.105282814935956
-0.6557000000000001,-10.058597342040411
-0.6547,-9.922785057253368
-0.6537000000000001,-9.789802195066054
-0.6527,-9.666722311977795
-0.6517000000000001,-9.573351366186703
-0.6507,-9.440368503999391
-0.6497,-9.359729959907083
-0.6486999999999999,-9.281920838414505
-0.6477,-9.222502963820174
-0.6466999999999999,-9.06971414343475
-0.6457,-8.965025507244738
-0.6446999999999999,-8.860336871054725
-0.6437,-8.749989389665252
-0.6426999999999999,-8.66510671167335
-0.6417,-8.592956435380232
-0.6406999999999999,-8.48543837659049
-0.6397,-8.352455514403177
-0.6386999999999999,-8.26615812511141
-0.6377,-8.179860735819641
-0.6366999999999999,-8.10346632562693
-0.6357,-7.970483463439617
-0.6346999999999999,-7.922383279244204
-0.6337,-7.831841756052842
-0.6326999999999999,-7.769594458858782
-0.6317,-7.642270441870928
-0.6306999999999999,-7.53899651698078
-0.6297,-7.418746056492251
-0.6286999999999999,-7.36781644969711
-0.6277,-7.271616081306289
-0.6266999999999999,-7.200880516313037
-0.6257,-7.113168415721404
-0.6246999999999999,-7.0297004490293675
-0.6237,-6.93774421453814
-0.6226999999999999,-6.835885000947857
-0.6217,-6.75807587945528
-0.6206999999999999,-6.678852046662837
-0.6197,-6.582651678272015
-0.6186999999999999,-6.518989669778089
-0.6177,-6.424204012687131
-0.6166999999999999,-6.376103828491721
-0.6157,-6.2954652843994126
-0.6146999999999999,-6.207753183807781
-0.6137,-6.163897133511965
-0.6126999999999999,-6.067696765121143
-0.6117,-5.992717066228296
-0.6107000000000001,-5.948861015932479
-0.6097,-5.852660647541658
-0.6087000000000001,-5.788998639047731
-0.6077,-5.7111895175551535
-0.6067000000000001,-5.634795107362441
-0.6057,-5.561230119769459
-0.6047000000000001,-5.4947386886758025
-0.6037,-5.4296619688820105
-0.6027000000000001,-5.3504381360895685
-0.6017,-5.295264395394832
-0.6007000000000001,-5.223114119101715
-0.5997,-5.170769801006709
-0.5987000000000001,-5.126913750710893
-0.5977,-5.0745694326158866
-0.5967000000000001,-4.99393088852358
-0.5957,-4.938757147828842
-0.5947000000000001,-4.904804076632082
-0.5937,-4.8383126455384255
-0.5927000000000001,-4.77748005964423
-0.5917,-4.725135741549222
-0.5907000000000001,-4.6614737330552956
-0.5897,-4.592152879361908
-0.5887000000000001,-4.531320293467712
-0.5877,-4.474731841473111
-0.5867000000000001,-4.384190318281749
-0.5857,-4.364384360083638
-0.5847000000000001,-4.300722351589712
-0.5837,-4.251207456094435
-0.5827000000000001,-4.190374870200238
-0.5817,-4.135201129505503
-0.5807000000000001,-4.072953832311441
-0.5797,-4.014950669016974
-0.5787000000000001,-3.9385562588242617
-0.5777,-3.8862119407292557
-0.5767000000000001,-3.85084415823263
-0.5757,-3.788596861038568
-0.5747000000000001,-3.7320084090439667
-0.5737,-3.65702871015112
-0.5727000000000001,-3.6117579485554394
-0.5717,-3.566487186959758
-0.5707000000000001,-3.5169722914644814
-0.5697,-3.4660426846693397
-0.5687000000000001,-3.4434073038714996
-0.5677,-3.415113077874199
-0.5667000000000001,-3.3670128936787878
-0.5657,-3.317497998183511
-0.5647000000000001,-3.2637389687886396
-0.5637,-3.2212976297926885
-0.5627000000000001,-3.1845151359961976
-0.5617,-3.1378296631006513
-0.5607000000000001,-3.0939736128048354
-0.5597,-3.0402145834099636
-0.5587000000000001,-3.000602667013743
-0.5577,-2.973723152316307
-0.5567000000000001,-2.935525947219951
-0.5557,-2.8845963404248094
-0.5547000000000001,-2.8251784658304784
-0.5537,-2.8025430850326374
-0.5527000000000001,-2.744539921738171
-0.5517,-2.7261486748399255
-0.5507000000000001,-2.6907808923433
-0.5497,-2.641265996848024
-0.5487000000000001,-2.6044835030515325
-0.5477,-2.5719451431546365
-0.5467000000000001,-2.5295038041586855
-0.5457,-2.4927213103621946
-0.5447000000000001,-2.463012373065029
-0.5437,-2.438962280967323
-0.5427000000000001,-2.4050092097705624
-0.5417,-2.3569090255751513
-0.5407000000000001,-2.3201265317786604
-0.5397,-2.2819293266823037
-0.5387000000000001,-2.2479762554855434
-0.5377,-2.2097790503891876
-0.5367000000000001,-2.174411267892561
-0.5357,-2.1347993514963406
-0.5347000000000001,-2.105090414199175
-0.5337,-2.083869744701199
-0.5327000000000001,-2.0584049413036287
-0.5317,-2.020207736207272
-0.5307000000000001,-1.9876693763103765
-0.5297,-1.9607898616129409
-0.5287000000000001,-1.9183485226169896
-0.5277,-1.9027866983184742
-0.5267000000000001,-1.8787366062207687
-0.5257,-1.8518570915233332
-0.5247,-1.8193187316264372
-0.5236999999999999,-1.7867803717295414
-0.5227,-1.7655597022315657
-0.5216999999999999,-1.7400948988339953
-0.5207,-1.7160448067362895
-0.5196999999999999,-1.6919947146385839
-0.5187,-1.6707740451406083
-0.5176999999999999,-1.6382356852437125
-0.5167,-1.6184297270456018
-0.5156999999999999,-1.5915502123481662
-0.5147,-1.5675001202504606
-0.5136999999999999,-1.5547677185516753
-0.5127,-1.5236440699546445
-0.5116999999999999,-1.501008689156804
-0.5107,-1.4783733083589634
-0.5096999999999999,-1.4500790823616625
-0.5087,-1.4302731241635522
-0.5076999999999999,-1.3932076881070883
-0.5067,-1.3668940579295987
-0.5056999999999999,-1.3397316009721898
-0.5047,-1.3241697766736744
-0.5036999999999999,-1.3094567791550777
-0.5027,-1.2868213983572372
-0.5016999999999999,-1.2671569112891135
-0.5007,-1.251595086990598
-0.4996999999999999,-1.2326379555724065
-0.49870000000000003,-1.2129734685042826
-0.4976999999999999,-1.1918942701362936
-0.49670000000000003,-1.1730786098480883
-0.4956999999999999,-1.1548288340798294
-0.49470000000000003,-1.1321934532819888
-0.4936999999999999,-1.1104068992640672
-0.4927,-1.0947036038355653
-0.4916999999999999,-1.0819712021367802
-0.4907,-1.0590528790789666
-0.4896999999999999,-1.0422178146105725
-0.4887,-1.0241095099723
-0.4876999999999999,-1.0048694362941357
-0.4867,-0.9904393810355122
-0.48570000000000013,-0.9736043165671182
-0.4847,-0.9560618964487917
-0.48370000000000013,-0.9430465524900334
-0.4827,-0.9270603148015586
-0.48170000000000013,-0.9124887884129486
-0.4807,-0.8972099063744062
-0.4797000000000001,-0.8806577841659853
-0.4787,-0.8662277289073619
-0.4777000000000001,-0.850241491218887
-0.4767,-0.8369432050001557
-0.4757000000000001,-0.8252011012112759
-0.4747,-0.812327228382504
-0.4737000000000001,-0.8019998358934892
-0.4727,-0.7881356651548119
-0.4717000000000001,-0.773847081026175
-0.4707,-0.7577193722077137
-0.4697000000000001,-0.7656417554869578
-0.4687,-0.7437137303390498
-0.4677000000000001,-0.7306983863802915
-0.4667,-0.7186733403314387
-0.4657000000000001,-0.7080630055824508
-0.4647,-0.6950476616236926
-0.4637000000000001,-0.6817493754049612
-0.4627,-0.6760905302055011
-0.4617000000000001,-0.6667534356263918
-0.4607,-0.6487866021181058
-0.4597000000000001,-0.6374689117191855
-0.4587,-0.6286977016600223
-0.4577000000000001,-0.614833530921345
-0.4567,-0.6016767158326001
-0.4557000000000001,-0.5847001802342197
-0.4547,-0.579748690684692
-0.4537000000000001,-0.5714018940154882
-0.4527,-0.5576791944067975
-0.4517000000000001,-0.5455126772279582
-0.4507,-0.5371658805587545
-0.4497000000000001,-0.5278287859796452
-0.4487,-0.520189344960374
-0.4477000000000001,-0.5117010771611837
-0.4467,-0.5013736846721689
-0.4457000000000001,-0.4950074838227763
-0.4447,-0.4893486386233161
-0.4437000000000001,-0.4807188996941395
-0.4427,-0.4672791423454216
-0.4417000000000001,-0.4562443942064743
-0.4407,-0.44959525109710863
-0.4397000000000001,-0.44181433894785094
-0.4387,-0.4384190318281749
-0.4377000000000001,-0.42526221673943004
-0.4367,-0.4204521983198889
-0.4357000000000001,-0.41408599747049624
-0.4347,-0.40687096984118454
-0.4337000000000001,-0.39965594221187284
-0.4327,-0.3930067991025072
-0.4317000000000001,-0.3857917714731955
-0.43069999999999997,-0.3792840994938163
-0.4297000000000001,-0.37433260994428874
-0.42869999999999997,-0.365702871015112
-0.4277000000000001,-0.3582049011258273
-0.42669999999999997,-0.35212164253640765
-0.4257000000000001,-0.345755441687015
-0.42469999999999997,-0.3392477697076358
-0.4237000000000001,-0.33245715546828364
-0.42269999999999996,-0.326656839138837
-0.4217000000000001,-0.32128093619934983
-0.42069999999999996,-0.31576356212987616
-0.4197000000000001,-0.31052913032037555
-0.41869999999999996,-0.30487028512091535
-0.41770000000000007,-0.29906996879146874
-0.41669999999999996,-0.2944014215019141
-0.41570000000000007,-0.29001581647233254
-0.41469999999999996,-0.2839325578829129
-0.41370000000000007,-0.27898106833338526
-0.41269999999999996,-0.2736051653938981
-0.41170000000000007,-0.268795146974357
-0.41069999999999995,-0.26455101307476186
-0.40970000000000006,-0.2594580523952477
-0.40869999999999995,-0.25450656284572004
-0.40770000000000006,-0.24983801555616547
-0.40669999999999995,-0.24531093939659734
-0.40570000000000006,-0.24092533436701574
-0.40469999999999995,-0.23753002724733965
-0.40370000000000006,-0.23625678707746112
-0.40269999999999995,-0.23371030673770407
-0.40170000000000006,-0.22748557701829786
-0.40069999999999995,-0.22366585650866228
-0.39970000000000006,-0.22083643390893223
-0.39869999999999994,-0.21630935774936413
-0.39770000000000005,-0.21263110836971502
-0.39669999999999994,-0.2088113878600794
-0.39570000000000005,-0.20555755187038985
-0.39469999999999994,-0.20216224475071373
-0.39370000000000005,-0.19876693763103764
-0.39269999999999994,-0.19466427486142904
-0.39170000000000005,-0.19013719870186094
-0.39069999999999994,-0.18674189158218485
-0.38970000000000005,-0.18334658446250876
-0.38869999999999993,-0.18278069994256274
-0.38770000000000004,-0.17782921039303512
-0.38669999999999993,-0.173302134233467
-0.38570000000000004,-0.17047271163373692
-0.38469999999999993,-0.16736034677403386
-0.38370000000000004,-0.16481386643427676
-0.38269999999999993,-0.1659456354741688
-0.38170000000000004,-0.16071120366466815
-0.3806999999999999,-0.1574573676749786
-0.37970000000000004,-0.15462794507524852
-0.3786999999999999,-0.15193999360550495
-0.37770000000000004,-0.14925204213576138
-0.3766999999999999,-0.1467055617960043
-0.37570000000000003,-0.14430055258623375
-0.3746999999999999,-0.1421784856364362
-0.37370000000000003,-0.14024033115562107
-0.3726999999999999,-0.1369299067139369
-0.37170000000000003,-0.13401560143621494
-0.3706999999999999,-0.13274236126633637
-0.36970000000000003,-0.12996952711860094
-0.3686999999999999,-0.127904048620798
-0.3677,-0.1261356594959667
-0.3666999999999999,-0.12408432811116238
-0.3657,-0.1218207900313783
-0.3646999999999999,-0.11955725195159424
-0.3637,-0.117463479227794
-0.3626999999999999,-0.1159214439109411
-0.3617,-0.11388425963913544
-0.36070000000000013,-0.11218660607929741
-0.3597,-0.11074360055343507
-0.35870000000000013,-0.10874885762062536
-0.3577,-0.10664093778382645
-0.35670000000000013,-0.10478766598100327
-0.3557,-0.10265145191820706
-0.3547000000000001,-0.10105282814935958
-0.3537,-0.09962396973649587
-0.3527000000000001,-0.09818096421063353
-0.3517,-0.09682284136276312
-0.3507000000000001,-0.09552130696688728
-0.3497,-0.09382365340704923
-0.3487000000000001,-0.09257870746316801
-0.3477,-0.09086690679033131
-0.3467000000000001,-0.08973513775043927
-0.3457,-0.08829213222457694
-0.3447000000000001,-0.08669350845572944
-0.3437,-0.08537782694685496
-0.3427000000000001,-0.08424605790696293
-0.3417,-0.08295867062408575
-0.3407000000000001,-0.08136004685523826
-0.3397,-0.07994533555537323
-0.3387000000000001,-0.07947848082641776
-0.3377,-0.07810621086554868
-0.3367000000000001,-0.07700273605165395
-0.3357,-0.07574364299477407
-0.3347000000000001,-0.07458357972888473
-0.3337,-0.07326789822001026
-0.3327000000000001,-0.07243321855308989
-0.3317,-0.07130144951319785
-0.3307000000000001,-0.07043847562028017
-0.3297,-0.0695755017273625
-0.3287000000000001,-0.06858520381745697
-0.3277,-0.0673544049865744
-0.3267000000000001,-0.06634995996367023
-0.3257,-0.0658123696697215
-0.3247000000000001,-0.06639240130266617
-0.3237,-0.06490695443780789
-0.3227000000000001,-0.06378933251091451
-0.3217,-0.06286977016600223
-0.3207000000000001,-0.06202094338608321
-0.3197,-0.06121455794516014
-0.3187000000000001,-0.060521349408226274
-0.3177,-0.059601787063313996
-0.3167000000000001,-0.058851990074385525
-0.3157,-0.05808804597245841
-0.3147000000000001,-0.057380690322525886
-0.3137,-0.056800658689581215
-0.3127000000000001,-0.05613574437864466
-0.3117,-0.055442535841710786
-0.3107000000000001,-0.05463615040078772
-0.3097,-0.053858059185861944
-0.3087000000000001,-0.05302337951894157
-0.3077,-0.05228772964301176
-0.3067000000000001,-0.05187746336605089
-0.30569999999999997,-0.051396461524096784
-0.3047000000000001,-0.050392016501192606
-0.30369999999999997,-0.049741249303254687
-0.3027000000000001,-0.04924610034830192
-0.30169999999999997,-0.048609480263362655
-0.3007000000000001,-0.0482558024383964
-0.29969999999999997,-0.04794456595242609
-0.2987000000000001,-0.04718062185049897
-0.29769999999999996,-0.046784502686536764
-0.2967000000000001,-0.04610544126260154
-0.29569999999999996,-0.045765910550633934
-0.2947000000000001,-0.045313202934677124
-0.29369999999999996,-0.04478975975372706
-0.29270000000000007,-0.04394093297380804
-0.29169999999999996,-0.04331846000186742
-0.29070000000000007,-0.04306381196789172
-0.28969999999999996,-0.0423847505439565
-0.28870000000000007,-0.04203107271899024
-0.28769999999999996,-0.04150762953804018
-0.28670000000000007,-0.041097363261079316
-0.28569999999999995,-0.04074368543611305
-0.28470000000000006,-0.0403051249331549
-0.28369999999999995,-0.03988071154319539
-0.28270000000000006,-0.03951288660523048
-0.28169999999999995,-0.03920165011926016
-0.28070000000000006,-0.0386499127123128
-0.27969999999999995,-0.0383669704523398
-0.27870000000000006,-0.03785767438438838
-0.27769999999999995,-0.03757473212441537
-0.27670000000000006,-0.03727764275144372
-0.27569999999999995,-0.036839082248485554
-0.27470000000000006,-0.03661272844050715
-0.27369999999999994,-0.03644296308452335
-0.27270000000000005,-0.03562243053060162
-0.27169999999999994,-0.03569316609559487
-0.27070000000000005,-0.03531119404463132
-0.26969999999999994,-0.03478775086368125
-0.26870000000000005,-0.03470286818568935
-0.26769999999999994,-0.034179425004739285
-0.26670000000000005,-0.03399551253575683
-0.26569999999999994,-0.03367012893678788
-0.26470000000000005,-0.033090097303843206
-0.26369999999999993,-0.033104244416841865
-0.26270000000000004,-0.032538359896895845
-0.26169999999999993,-0.03241103587990799
-0.26070000000000004,-0.032085652280939035
-0.25969999999999993,-0.031802710020966025
-0.25870000000000004,-0.03156220909998896
-0.25769999999999993,-0.03126511972701731
-0.25670000000000004,-0.031024618806040256
-0.2556999999999999,-0.03085485345005645
-0.25470000000000004,-0.030741676546067253
-0.2536999999999999,-0.030175792026121234
-0.25270000000000004,-0.03002017378313608
-0.2516999999999999,-0.02979381997515767
-0.25070000000000003,-0.02969479018416712
-0.24969999999999992,-0.029284523907206258
-0.24870000000000003,-0.02912890566422111
-0.24769999999999992,-0.028746933613257548
-0.24670000000000003,-0.02861960959626969
-0.24569999999999992,-0.02852057980527914
-0.24470000000000003,-0.028280078884302083
-0.24369999999999992,-0.027926401059335824
-0.24270000000000003,-0.028124460641316927
-0.24169999999999991,-0.027855665494342572
-0.24070000000000003,-0.027671753025360117
-0.2396999999999999,-0.027459546330380363
-0.23870000000000002,-0.027006838714423546
-0.2376999999999999,-0.026837073358439746
-0.23670000000000002,-0.026695602228453245
-0.23570000000000013,-0.02659657243746269
-0.23470000000000002,-0.02620045327350048
-0.23370000000000013,-0.02614386482150588
-0.23270000000000002,-0.025988246578520724
-0.23170000000000013,-0.025705304318547718
-0.23070000000000002,-0.02547895051056931
-0.22970000000000013,-0.025167714024599004
-0.22870000000000001,-0.02512527268560305
-0.22770000000000012,-0.02479988908663409
-0.2267,-0.024771594860636792
-0.22570000000000012,-0.02465841795664759
-0.2247,-0.024446211261667832
-0.22370000000000012,-0.024403769922671882
-0.2227,-0.02395106230671507
-0.22170000000000012,-0.02385203251572452
-0.2207,-0.023767149837732617
-0.21970000000000012,-0.023639825820744764
-0.2187,-0.023484207577759608
-0.21770000000000012,-0.023158823978790648
-0.2167,-0.022833440379821688
-0.2157000000000001,-0.02273441058883114
-0.2147,-0.02270611636283384
-0.2137000000000001,-0.022508056780852735
-0.2127,-0.02242317410286083
-0.2117000000000001,-0.02218267318188378
-0.2107,-0.022168526068885124
-0.2097000000000001,-0.021744112678925617
-0.2087,-0.021956319373905367
-0.2077000000000001,-0.021687524226931015
-0.2067,-0.02157434732294181
-0.2057000000000001,-0.021432876192955305
-0.2047,-0.020923580125003893
-0.2037000000000001,-0.020909433012005242
-0.2027,-0.02088113878600794
-0.2017000000000001,-0.020612343639033585
-0.2007,-0.020400136944053827
-0.1997000000000001,-0.020301107153063276
-0.1987,-0.02003231200608892
-0.1977000000000001,-0.020187930249074077
-0.19669999999999999,-0.019777663972113214
-0.1957000000000001,-0.019579604390132108
-0.19469999999999998,-0.019537163051136158
-0.1937000000000001,-0.0194098390341483
-0.19269999999999998,-0.0191834852261699
-0.1917000000000001,-0.018999572757187444
-0.1907000000000001,-0.019056161209182042
-0.1897000000000002,-0.018447835350240076
-0.1887000000000001,-0.018575159367227933
-0.1877000000000002,-0.018320511333252226
-0.1867000000000001,-0.01817904020326572
-0.1857000000000002,-0.017896097943292714
-0.1847000000000001,-0.017938539282288665
-0.1837000000000002,-0.01769803836131161
-0.18270000000000008,-0.0173868018753413
-0.1817000000000002,-0.017273624971352097
-0.18070000000000008,-0.017160448067362895
-0.1797000000000002,-0.01687750580738989
-0.17870000000000008,-0.017004829824377742
-0.1777000000000002,-0.016693593338407434
-0.17670000000000008,-0.016438945304431726
-0.1757000000000002,-0.01659456354741688
-0.17470000000000008,-0.01619844438345467
-0.1737000000000002,-0.015986237688474913
-0.17270000000000008,-0.01588720789748436
-0.17170000000000019,-0.015745736767497857
-0.17070000000000007,-0.015660854089505957
-0.16970000000000018,-0.015293029151541045
-0.16870000000000007,-0.015222293586547794
-0.16770000000000018,-0.015109116682558592
-0.16670000000000007,-0.01505252823056399
-0.16570000000000018,-0.014727144631595034
-0.16470000000000007,-0.014373466806628774
-0.16370000000000018,-0.01430273124163552
-0.16270000000000007,-0.014121648195252797
-0.16170000000000018,-0.014024033115562108
-0.16070000000000007,-0.01403818022856076
-0.15970000000000018,-0.013814655843182085
-0.15870000000000006,-0.013745334989488696
-0.15770000000000017,-0.013354874670725946
-0.15670000000000006,-0.013340727557727295
-0.15570000000000017,-0.013033735205656581
-0.15470000000000006,-0.012879531673971295
-0.15370000000000017,-0.012712595740587218
-0.15270000000000006,-0.012656007288592617
-0.15170000000000017,-0.012042022584451192
-0.15070000000000006,-0.012015143069753757
-0.14970000000000017,-0.012027875471452542
-0.14870000000000005,-0.011708150717683045
-0.14770000000000016,-0.011637415152689791
-0.14670000000000005,-0.011246954833927042
-0.14570000000000016,-0.010995136222551065
-0.14470000000000005,-0.010647117242784266
-0.14370000000000016,-0.010604675903788316
-0.14270000000000005,-0.010200068472026914
-0.14170000000000016,-0.010102453392336227
-0.14070000000000005,-0.01045188708340289
-0.13970000000000016,-0.010088306279337576
-0.13870000000000005,-0.009809608153264164
-0.13770000000000016,-0.013369021783724596
-0.13670000000000004,-0.014840321535584235
-0.13570000000000015,-0.014189554337646317
-0.13470000000000004,-0.013814655843182085
-0.13370000000000015,-0.013424195524419334
-0.13270000000000004,-0.01274088996658452
-0.13170000000000015,-0.012474924242209893
-0.13070000000000004,-0.012015143069753757
-0.12970000000000015,-0.011358717026616378
-0.12870000000000004,-0.01098240382085228
-0.12770000000000015,-0.010507060824097627
-0.12670000000000003,-0.009711993073573478
-0.12570000000000014,-0.009586083767885488
-0.12470000000000003,-0.009209770562121388
-0.12370000000000014,-0.008888631097052025
-0.12270000000000003,-0.008594371146680099
-0.12170000000000014,-0.008065269120530573
-0.12070000000000003,-0.007827597622153248
-0.11970000000000014,-0.007366401738397247
-0.11870000000000003,-0.007045262273327883
-0.11770000000000014,-0.0064737189081824085
-0.11670000000000003,-0.005622062705663656
-0.11570000000000014,-0.004882168695834241
-0.11470000000000002,-0.004030512493315489
-0.11370000000000013,-0.0035141428688647506
-0.11270000000000002,-0.003123682550102001
-0.11170000000000013,-0.0025238449589592257
-0.11070000000000024,-0.0025238449589592257
-0.10970000000000013,-0.0016028679027470867
-0.10870000000000024,-0.0015321323377538347
-0.10770000000000013,-0.0011278078482524073
-0.10670000000000024,-0.0009603060303483867
-0.10570000000000013,-0.00047180621850498967
-0.10470000000000024,0.00017033124050375043
-0.10370000000000013,0.0005332046889191324
-0.10270000000000024,0.0008263328702511678
-0.10170000000000012,0.0009938346881551883
-0.10070000000000023,0.001426028990263957
-0.09970000000000012,0.0019565457277133454
-0.09870000000000023,0.002068307920402684
-0.09770000000000012,0.0024035944984706972
-0.09670000000000023,0.0028506432692280486
-0.09570000000000012,0.0033528657806801364
-0.09470000000000023,0.0036174167937548986
-0.09370000000000012,0.004133786418205637
-0.09270000000000023,0.00444077877027635
-0.09170000000000011,0.0049571483947270885
-0.09070000000000022,0.005097204813413728
-0.08970000000000011,0.005725336630553804
-0.08870000000000022,0.0059898876436285655
-0.08770000000000011,0.0063534684476938795
-0.08670000000000022,0.006898132298141919
-0.08570000000000011,0.007497969889284694
-0.08470000000000022,0.007930871547043396
-0.08370000000000011,0.00811195459342612
-0.08270000000000022,0.00864247133087551
-0.0817000000000001,0.008754233523564848
-0.08070000000000022,0.00921542940732085
-0.0797000000000001,0.009689357692775636
-0.07870000000000021,0.010331636622914362
-0.0777000000000001,0.010764538280673063
-0.07670000000000021,0.011169145712434464
-0.0757000000000001,0.011504432290502478
-0.07470000000000021,0.012090122768646605
-0.0737000000000001,0.012620639506095991
-0.07270000000000021,0.013275650837933504
-0.0717000000000001,0.013584057901304082
-0.07070000000000021,0.014057986186758867
-0.0697000000000001,0.01465640906660178
-0.0687000000000002,0.015222293586547794
-0.0677000000000001,0.016056973253468165
-0.0667000000000002,0.01619844438345467
-0.06570000000000009,0.01697653559838044
-0.0647000000000002,0.017627302796318356
-0.06370000000000009,0.018080010412275173
-0.0627000000000002,0.01882980740120364
-0.06170000000000009,0.019423986147146955
-0.0607000000000002,0.019551310164134805
-0.059700000000000086,0.020103047571082173
-0.058700000000000196,0.020810403221014687
-0.057700000000000085,0.021560200209943158
-0.056700000000000195,0.022012907825899968
-0.05570000000000008,0.022635380797840585
-0.05470000000000019,0.0230880884137974
-0.05370000000000008,0.02400765075870967
-0.05270000000000019,0.024318887244679982
-0.05170000000000008,0.025323332267584157
-0.05070000000000019,0.025959952352523425
-0.04970000000000008,0.02612971770850723
-0.04870000000000019,0.027006838714423546
-0.047700000000000076,0.027261486748399254
-0.046700000000000186,0.028181049093311532
-0.045700000000000074,0.028690345161262943
-0.044700000000000184,0.02986455554015093
-0.04370000000000007,0.03006261512213203
-0.04270000000000018,0.030897294789052406
-0.04170000000000007,0.03123682550102001
-0.04070000000000018,0.032184682071929586
-0.03970000000000007,0.0326656839138837
-0.03870000000000018,0.03357109914579732
-0.03770000000000007,0.03443407303871499
-0.03670000000000018,0.03498581044566235
-0.035700000000000065,0.03617416793754899
-0.034700000000000175,0.03638637463252875
-0.03370000000000006,0.03712202450845856
-0.03270000000000017,0.03799914551437489
-0.03170000000000006,0.0386782069383101
-0.03070000000000017,0.03964021062221833
-0.02970000000000006,0.03965435773521698
-0.02870000000000017,0.04048903740213735
-0.027700000000000058,0.04108321614808067
-0.026700000000000168,0.04179057179801319
-0.025700000000000056,0.04228572075296595
-0.024700000000000166,0.04351651958384853
-0.023700000000000054,0.04399752142580264
-0.022700000000000164,0.04483220109272301
-0.021700000000000053,0.04542637983866633
-0.020700000000000163,0.04613373548859885
-0.01970000000000005,0.04679864979953541
-0.01870000000000016,0.046996709381516524
-0.01770000000000005,0.048071889969413945
-0.01670000000000016,0.04906218787931948
-0.015700000000000047,0.04971295507725739
-0.014700000000000157,0.050363722275195304
-0.013700000000000045,0.05078813566515482
-0.012700000000000156,0.05143890286309273
-0.011700000000000044,0.0521604056260239
-0.010700000000000154,0.052966791066946975
-0.009700000000000042,0.053504381360895685
-0.008700000000000152,0.054367355253813365
-0.00770000000000004,0.05486250420876612
-0.00670000000000015,0.05523032914673103
-0.005700000000000038,0.0558103607796757
-0.0047000000000001485,0.05653186354260687
-0.0037000000000000366,0.057394837435524544
-0.0027000000000001467,0.05779095659948674
-0.0017000000000000348,0.058851990074385525
-0.000700000000000145,0.059219815012350435
0.00029999999999996696,0.05981399375829375
0.0012999999999998568,0.060252554261251916
0.0022999999999999687,0.06100235125018039
0.0032999999999998586,0.06146920597913584
0.0042999999999999705,0.062247297194061614
0.00529999999999986,0.06279903460100898
0.006299999999999972,0.06320930087796985
0.007299999999999862,0.0632800364429631
0.008299999999999974,0.0640156863188929
0.009299999999999864,0.06465230640383217
0.010299999999999976,0.06502013134179709
0.011299999999999866,0.06523233803677685
0.012299999999999978,0.06605287059069856
