Potential V vs RHE, Current mA cm-2
0.013299999999999867,-0.15604265637511353
0.012299999999999978,-0.19112749661176645
0.011299999999999866,-0.1976351685911456
0.010299999999999976,-0.19579604390132105
0.009299999999999864,-0.19834252424107812
0.008299999999999974,-0.20004017780091618
0.007299999999999862,-0.20046459119087567
0.006299999999999972,-0.20216224475071373
0.00529999999999986,-0.20145488910078121
0.0042999999999999705,-0.20230371588070023
0.0032999999999998586,-0.20485019622045733
0.0022999999999999687,-0.20470872509047083
0.0012999999999998568,-0.20428431170051128
0.00029999999999996696,-0.20598196526034934
-0.000700000000000145,-0.20485019622045733
-0.0017000000000000348,-0.20838697447011992
-0.0027000000000001467,-0.20626490752032234
-0.0037000000000000366,-0.20683079204026839
-0.0047000000000001485,-0.2088113878600794
-0.005700000000000038,-0.20697226317025488
-0.00670000000000015,-0.21008462802995795
-0.00770000000000004,-0.20838697447011992
-0.008700000000000152,-0.20838697447011992
-0.009700000000000042,-0.21022609915994445
-0.010700000000000154,-0.21093345480987696
-0.011700000000000044,-0.20980168576998495
-0.012700000000000156,-0.21135786819983648
-0.013700000000000045,-0.21079198367989047
-0.014700000000000157,-0.2116408104598095
-0.015700000000000047,-0.2119237527197825
-0.01670000000000016,-0.21135786819983648
-0.01770000000000005,-0.21404581966958006
-0.01870000000000016,-0.21107492593986346
-0.01970000000000005,-0.21263110836971502
-0.020700000000000163,-0.21305552175967452
-0.021700000000000053,-0.21277257949970152
-0.022700000000000164,-0.21418729079956658
-0.023700000000000054,-0.21475317531951257
-0.024700000000000166,-0.21390434853959353
-0.025700000000000056,-0.2153190598394586
-0.026700000000000168,-0.21404581966958006
-0.027700000000000058,-0.21503611757948557
-0.02870000000000017,-0.2161678866193776
-0.02970000000000006,-0.21503611757948557
-0.03070000000000017,-0.21659230000933713
-0.03170000000000006,-0.21659230000933713
-0.03270000000000017,-0.2156020020994316
-0.03370000000000006,-0.21843142469916169
-0.034700000000000175,-0.2164508288793506
-0.035700000000000065,-0.2154605309694451
-0.03670000000000018,-0.2189973092191077
-0.03770000000000007,-0.21630935774936413
-0.03870000000000018,-0.21885583808912115
-0.03970000000000007,-0.2189973092191077
-0.04070000000000018,-0.21800701130920216
-0.04170000000000007,-0.2204120205189727
-0.04270000000000018,-0.21871436695913468
-0.04370000000000007,-0.21843142469916169
-0.044700000000000184,-0.22140231842887825
-0.045700000000000074,-0.21885583808912115
-0.046700000000000186,-0.22083643390893223
-0.047700000000000076,-0.22083643390893223
-0.04870000000000019,-0.2206949627789457
-0.04970000000000008,-0.2229585008587298
-0.05070000000000019,-0.22140231842887825
-0.05170000000000008,-0.22154378955886472
-0.05270000000000019,-0.2229585008587298
-0.05370000000000008,-0.22253408746877026
-0.05470000000000019,-0.22479762554855431
-0.05570000000000008,-0.2229585008587298
-0.056700000000000195,-0.22309997198871628
-0.057700000000000085,-0.22479762554855431
-0.058700000000000196,-0.22409026989862182
-0.059700000000000086,-0.2239487987686353
-0.0607000000000002,-0.2267782213683654
-0.06170000000000009,-0.2281929326682304
-0.0627000000000002,-0.22607086571843285
-0.06370000000000009,-0.22776851927827088
-0.0647000000000002,-0.22493909667854084
-0.06570000000000009,-0.22861734605818995
-0.0667000000000002,-0.22720263475832486
-0.0677000000000001,-0.2273441058883114
-0.0687000000000002,-0.22918323057813594
-0.0697000000000001,-0.2276270481482844
-0.07070000000000021,-0.22960764396809544
-0.0717000000000001,-0.22974911509808196
-0.07270000000000021,-0.23017352848804143
-0.0737000000000001,-0.23300295108777153
-0.07470000000000021,-0.22918323057813594
-0.0757000000000001,-0.23144676865792
-0.07670000000000021,-0.23328589334774452
-0.0777000000000001,-0.2313052975279335
-0.07870000000000021,-0.23328589334774452
-0.0797000000000001,-0.23328589334774452
-0.08070000000000022,-0.23342736447773108
-0.0817000000000001,-0.2359738448174881
-0.08270000000000022,-0.23399324899767707
-0.08370000000000011,-0.23583237368750162
-0.08470000000000022,-0.23611531594747462
-0.08570000000000011,-0.2356909025575151
-0.08670000000000022,-0.23795444063729917
-0.08770000000000011,-0.23767149837732615
-0.08870000000000022,-0.23795444063729917
-0.08970000000000011,-0.2397935653271237
-0.09070000000000022,-0.2386617962872317
-0.09170000000000011,-0.23908620967719119
-0.09270000000000023,-0.24149121888696176
-0.09370000000000012,-0.24050092097705625
-0.09470000000000023,-0.24191563227692126
-0.09570000000000012,-0.24191563227692126
-0.09670000000000023,-0.2423400456668808
-0.09770000000000012,-0.2446035837466648
-0.09870000000000023,-0.24389622809673234
-0.09970000000000012,-0.24446211261667833
-0.10070000000000023,-0.2474330063463949
-0.10170000000000012,-0.24559388165657034
-0.10270000000000024,-0.24630123730650288
-0.10370000000000013,-0.24757447747638137
-0.10470000000000024,-0.2477159486063679
-0.10570000000000013,-0.25096978459605745
-0.10670000000000024,-0.24799889086634092
-0.10770000000000013,-0.25096978459605745
-0.10870000000000024,-0.25337479380582806
-0.10970000000000013,-0.25068684233608446
-0.11070000000000024,-0.2532333226758416
-0.11170000000000013,-0.2540821494557606
-0.11270000000000002,-0.2547895051056931
-0.11370000000000013,-0.2577603988354097
-0.11470000000000002,-0.2557798030155986
-0.11570000000000014,-0.25691157205549064
-0.11670000000000003,-0.25903363900528825
-0.11770000000000014,-0.2591751101352747
-0.11870000000000003,-0.26058982143513976
-0.11970000000000014,-0.2618630616050183
-0.12070000000000003,-0.26129717708507233
-0.12170000000000014,-0.26412659968480234
-0.12270000000000003,-0.26426807081478887
-0.12370000000000014,-0.2661071955046134
-0.12470000000000003,-0.2665316088945729
-0.12570000000000014,-0.2665316088945729
-0.12670000000000003,-0.2706342716641816
-0.12770000000000015,-0.2695025026242895
-0.12870000000000004,-0.27190751183406003
-0.12970000000000015,-0.2728978097439656
-0.13070000000000004,-0.2726148674839926
-0.13170000000000015,-0.2751613478237496
-0.13270000000000004,-0.2772834147735472
-0.13370000000000015,-0.2774248859035337
-0.13470000000000004,-0.27912253946337173
-0.13570000000000015,-0.27883959720339874
-0.13670000000000004,-0.2812446064131693
-0.13770000000000016,-0.2849228557928184
-0.13870000000000005,-0.28478138466283187
-0.13970000000000016,-0.2849228557928184
-0.14070000000000005,-0.288176691782508
-0.14170000000000016,-0.29058170099227854
-0.14270000000000005,-0.289874345342346
-0.14370000000000016,-0.29355259472199513
-0.14470000000000005,-0.29425995037192765
-0.14570000000000016,-0.2963820173217252
-0.14670000000000005,-0.29793819975157676
-0.14770000000000016,-0.2983626131415362
-0.14870000000000005,-0.3035970449510369
-0.14970000000000017,-0.3024652759111448
-0.15070000000000006,-0.3064264675507669
-0.15170000000000017,-0.30854853450056446
-0.15270000000000006,-0.30784117885063195
-0.15370000000000017,-0.31434885083001113
-0.15470000000000006,-0.31477326421997065
-0.15570000000000017,-0.3146317930899841
-0.15670000000000006,-0.3191588692495523
-0.15770000000000017,-0.31873445585959276
-0.15870000000000006,-0.3249591855789989
-0.15970000000000018,-0.3259494834889044
-0.16070000000000007,-0.32679831026882344
-0.16170000000000018,-0.33245715546828364
-0.16270000000000007,-0.33245715546828364
-0.16370000000000018,-0.33769158727778426
-0.16470000000000007,-0.34108689439746037
-0.16570000000000018,-0.34037953874752785
-0.16670000000000007,-0.34419925925716344
-0.16770000000000018,-0.34858486428674507
-0.16870000000000007,-0.35127281575648867
-0.16970000000000018,-0.3538192960962457
-0.17070000000000007,-0.35594136304604324
-0.17170000000000019,-0.36018549694563834
-0.17270000000000008,-0.36343933293532793
-0.1737000000000002,-0.36641022666504447
-0.17470000000000008,-0.3709373028246126
-0.1757000000000002,-0.3740496676843157
-0.17670000000000008,-0.3773035036740053
-0.1777000000000002,-0.38197205096355985
-0.17870000000000008,-0.38437706017333045
-0.1797000000000002,-0.3881967806829661
-0.18070000000000008,-0.3951288660523047
-0.1817000000000002,-0.3959776928322238
-0.18270000000000008,-0.4013535957717109
-0.1837000000000002,-0.40658802758121154
-0.1847000000000001,-0.40913450792096867
-0.1857000000000002,-0.4160665932903073
-0.1867000000000001,-0.41776424685014535
-0.1877000000000002,-0.4218669096197539
-0.1887000000000001,-0.43176988871880917
-0.1897000000000002,-0.4343163690585663
-0.1907000000000001,-0.4378531473082289
-0.1917000000000001,-0.44393640589764854
-0.19269999999999998,-0.4484634820572166
-0.1937000000000001,-0.45751763437635284
-0.19469999999999998,-0.45907381680620446
-0.1957000000000001,-0.4650156042656376
-0.19669999999999999,-0.47265504528490876
-0.1977000000000001,-0.4770406503144904
-0.1987,-0.48397273568382904
-0.1997000000000001,-0.4906218787931947
-0.2007,-0.49458307043281674
-0.2017000000000001,-0.5040616361419126
-0.2027,-0.5095790102113862
-0.2037000000000001,-0.5152378554108463
-0.2047,-0.5251408345099016
-0.2057000000000001,-0.5292434972795103
-0.2067,-0.539287947508552
-0.2077000000000001,-0.5456541483579447
-0.2087,-0.5518788780773508
-0.2097000000000001,-0.5620647994363791
-0.2107,-0.5677236446358392
-0.2117000000000001,-0.57578749904507
-0.2127,-0.5872466605739768
-0.2137000000000001,-0.5931884480334099
-0.2147,-0.6056379074722221
-0.2157000000000001,-0.6134188196214798
-0.2167,-0.620775318380778
-0.21770000000000012,-0.6309612397398063
-0.2187,-0.6401568631889291
-0.21970000000000012,-0.6489280732480923
-0.2207,-0.6595384079970801
-0.22170000000000012,-0.6677437335362972
-0.2227,-0.6816079042749748
-0.22370000000000012,-0.6906620565941108
-0.2247,-0.6994332666532742
-0.22570000000000012,-0.713155966261965
-0.2267,-0.7232004164910067
-0.22770000000000012,-0.733952222369981
-0.22870000000000001,-0.7479578642386449
-0.22970000000000013,-0.7567290742978081
-0.23070000000000002,-0.7703103027765125
-0.23170000000000013,-0.7844574157751628
-0.23270000000000002,-0.7956336350440966
-0.23370000000000013,-0.8102051614327065
-0.23470000000000002,-0.8220887363515729
-0.23570000000000013,-0.8343967246603987
-0.23670000000000002,-0.8510903179988061
-0.2376999999999999,-0.864530075347524
-0.23870000000000002,-0.8795260151260933
-0.2396999999999999,-0.8939560703847166
-0.24070000000000003,-0.9076787699934075
-0.24169999999999991,-0.9267773725415855
-0.24270000000000003,-0.9389438897204249
-0.24369999999999992,-0.9556374830588322
-0.24470000000000003,-0.9737457876971048
-0.24569999999999992,-0.9883173140857145
-0.24670000000000003,-1.007557387763879
-0.24769999999999992,-1.024675394492246
-0.24870000000000003,-1.040661632180721
-0.24969999999999992,-1.0615993594187236
-0.25070000000000003,-1.0787173661470904
-0.2516999999999999,-1.0975330264352956
-0.25270000000000004,-1.119319580453217
-0.2536999999999999,-1.1368620005715435
-0.25470000000000004,-1.1576582566795592
-0.2556999999999999,-1.179444810697481
-0.25670000000000004,-1.199109297765605
-0.25769999999999993,-1.2233008609932974
-0.25870000000000004,-1.243389761451381
-0.25969999999999993,-1.267015440159127
-0.26070000000000004,-1.2916314167767784
-0.26169999999999993,-1.3128520862747541
-0.26270000000000004,-1.3380339474123517
-0.26369999999999993,-1.3630743374199628
-0.26470000000000005,-1.386982958387682
-0.26569999999999994,-1.4147112998650369
-0.26670000000000005,-1.4415908145624723
-0.26769999999999994,-1.4642261953603128
-0.26870000000000005,-1.4953498439573436
-0.26969999999999994,-1.5208146473549145
-0.27070000000000005,-1.5491088733522151
-0.27169999999999994,-1.5788178106493809
-0.27270000000000005,-1.6071120366466816
-0.27369999999999994,-1.6396503965435776
-0.27470000000000006,-1.6679446225408785
-0.27569999999999995,-1.6976535598380442
-0.27670000000000006,-1.7301919197349398
-0.27769999999999995,-1.7627302796318356
-0.27870000000000006,-1.7980980621284617
-0.27969999999999995,-1.8292217107254924
-0.28070000000000006,-1.8603453593225232
-0.28169999999999995,-1.8999572757187444
-0.28270000000000006,-1.9310809243157752
-0.28369999999999995,-1.9692781294121309
-0.28470000000000006,-2.007475334508487
-0.28569999999999995,-2.040013694405383
-0.28670000000000007,-2.081040322101469
-0.28769999999999996,-2.116408104598095
-0.28870000000000007,-2.1574347322941807
-0.28969999999999996,-2.197046648690402
-0.29070000000000007,-2.2338291424868926
-0.29169999999999996,-2.276270481482844
-0.29270000000000007,-2.3172971091789303
-0.29369999999999996,-2.3569090255751513
-0.2947000000000001,-2.3993503645711023
-0.29569999999999996,-2.4403769922671885
-0.2967000000000001,-2.4828183312631396
-0.29769999999999996,-2.5280890928588207
-0.2987000000000001,-2.5677010092550416
-0.29969999999999997,-2.6129717708507227
-0.3007000000000001,-2.655413109846674
-0.30169999999999997,-2.69926916014249
-0.3027000000000001,-2.743125210438306
-0.30369999999999997,-2.785566549434257
-0.3047000000000001,-2.8294225997300737
-0.30569999999999997,-2.8761080726256196
-0.3067000000000001,-2.919964122921436
-0.3077,-2.9624054619173865
-0.3087000000000001,-3.009090934812933
-0.3097,-3.0515322738088844
-0.3107000000000001,-3.0968030354045655
-0.3117,-3.1434885083001114
-0.3127000000000001,-3.1859298472960624
-0.3137,-3.232615320191609
-0.3147000000000001,-3.27505665918756
-0.3157,-3.321742132083106
-0.3167000000000001,-3.3670128936787878
-0.3177,-3.4094542326747383
-0.3187000000000001,-3.4575544168701495
-0.3197,-3.5014104671659654
-0.3207000000000001,-3.543851806161917
-0.3217,-3.591951990357328
-0.3227000000000001,-3.6343933293532795
-0.3237,-3.681078802248825
-0.3247000000000001,-3.7263495638445066
-0.3257,-3.768790902840458
-0.3267000000000001,-3.815476375736004
-0.3277,-3.8593324260318203
-0.3287000000000001,-3.906017898927366
-0.3297,-3.952703371822913
-0.3307000000000001,-3.995144710818863
-0.3317,-4.04183018371441
-0.3327000000000001,-4.088515656609956
-0.3337,-4.132371706905772
-0.3347000000000001,-4.181886602401049
-0.3357,-4.22715736399673
-0.3367000000000001,-4.273842836892276
-0.3377,-4.323357732387552
-0.3387000000000001,-4.370043205283098
-0.3397,-4.416728678178644
-0.3407000000000001,-4.467658284973785
-0.3417,-4.515758469169198
-0.3427000000000001,-4.565273364664473
-0.3437,-4.61478826015975
-0.3447000000000001,-4.664303155655026
-0.3457,-4.716647473750032
-0.3467000000000001,-4.766162369245309
-0.3477,-4.815677264740584
-0.3487000000000001,-4.869436294135457
-0.3497,-4.920365900930598
-0.3507000000000001,-4.972710219025604
-0.3517,-5.026469248420476
-0.3527000000000001,-5.080228277815347
-0.3537,-5.135402018510083
-0.3547000000000001,-5.18774633660509
-0.3557,-5.242920077299826
-0.35670000000000013,-5.2980938179945625
-0.3577,-5.353267558689299
-0.35870000000000013,-5.411270721983764
-0.3597,-5.466444462678503
-0.36070000000000013,-5.524447625972968
-0.3617,-5.585280211867165
-0.3626999999999999,-5.640453952561901
-0.3637,-5.699871827156233
-0.3646999999999999,-5.763533835650159
-0.3657,-5.818707576344896
-0.3666999999999999,-5.883784296138688
-0.3677,-5.94320217073302
-0.3686999999999999,-6.006864179226946
-0.36970000000000003,-6.069111476421008
-0.3706999999999999,-6.128529351015339
-0.37170000000000003,-6.192191359509266
-0.3726999999999999,-6.257268079303058
-0.37370000000000003,-6.31951537649712
-0.3746999999999999,-6.387421518890641
-0.37570000000000003,-6.452498238684432
-0.3766999999999999,-6.518989669778089
-0.37770000000000004,-6.586895812171611
-0.3786999999999999,-6.654801954565133
-0.37970000000000004,-6.7212933856587895
-0.3806999999999999,-6.7934436619519065
-0.38170000000000004,-6.864179226945158
-0.38269999999999993,-6.9320853693386795
-0.38370000000000004,-7.004235645631797
-0.38469999999999993,-7.074971210625048
-0.38570000000000004,-7.14853619821803
-0.38669999999999993,-7.220686474511147
-0.38770000000000004,-7.294251462104128
-0.38869999999999993,-7.372060583596706
-0.38970000000000005,-7.445625571189688
-0.39069999999999994,-7.520605270082535
-0.39170000000000005,-7.598414391575112
-0.39269999999999994,-7.674808801767824
-0.39370000000000005,-7.756862057159997
-0.39469999999999994,-7.836085889952438
-0.39570000000000005,-7.9153097227448805
-0.39669999999999994,-7.997362978137053
-0.39770000000000005,-8.07800152222936
-0.39869999999999994,-8.162884200221262
-0.39970000000000006,-8.244937455613433
-0.40069999999999995,-8.326990711005607
-0.40170000000000006,-8.417532234196969
-0.40269999999999995,-8.501000200889004
-0.40370000000000006,-8.588712301480637
-0.40469999999999995,-8.677839113372134
-0.40570000000000006,-8.762721791364037
-0.40669999999999995,-8.85609273715513
-0.40770000000000006,-8.949463682946222
-0.40869999999999995,-9.040005206137584
-0.40970000000000006,-9.134790863228544
-0.41069999999999995,-9.228161809019635
-0.41170000000000007,-9.322947466110591
-0.41269999999999996,-9.421977257101144
-0.41370000000000007,-9.516762914192102
-0.41469999999999996,-9.62003683908225
-0.41570000000000007,-9.7190666300728
-0.41669999999999996,-9.820925843663083
-0.41770000000000007,-9.922785057253368
-0.41869999999999996,-10.028888404743245
-0.4197000000000001,-10.133577040933258
-0.42069999999999996,-10.245339233622596
-0.4217000000000001,-10.351442581112472
-0.42269999999999996,-10.464619485101677
-0.4237000000000001,-10.573552255191283
-0.42469999999999997,-10.683899736580756
-0.4257000000000001,-10.79707664056996
-0.42669999999999997,-10.911668255859027
-0.4277000000000001,-11.029089293747825
-0.42869999999999997,-11.152169176836084
-0.4297000000000001,-11.271004926024748
-0.43069999999999997,-11.39267009781314
-0.4317000000000001,-11.515749980901399
-0.4327,-11.641659286589386
-0.4337000000000001,-11.77181272617697
-0.4347,-11.896307320565093
-0.4357000000000001,-12.03070489405227
-0.4367,-12.162273044939722
-0.4377000000000001,-12.298085329726765
-0.4387,-12.436727037113537
-0.4397000000000001,-12.576783455800177
-0.4407,-12.715425163186948
-0.4417000000000001,-12.859725715773182
-0.4427,-13.002611557059552
-0.4437000000000001,-13.152570954845245
-0.4447,-13.301115641331073
-0.4457000000000001,-13.455319173016363
-0.4467,-13.609522704701652
-0.4477000000000001,-13.76655565898667
-0.4487,-13.925003324571557
-0.4497000000000001,-14.087695124056035
-0.4507,-14.24614278964092
-0.4517000000000001,-14.415908145624723
-0.4527,-14.599820614607177
-0.4537000000000001,-14.755438857592333
-0.4547,-14.939351326574789
-0.4557000000000001,-15.10911668255859
-0.4567,-15.293029151541045
-0.4577000000000001,-15.4769416205235
-0.4587,-15.660854089505953
-0.4597000000000001,-15.858913671487063
-0.4607,-16.04282614046952
-0.4617000000000001,-16.24088572245062
-0.4627,-16.438945304431726
-0.4637000000000001,-16.651151999411482
-0.4647,-16.849211581392588
-0.4657000000000001,-17.061418276372343
-0.4667,-17.2736249713521
-0.4677000000000001,-17.48583166633185
-0.4687,-17.71218547431026
-0.4697000000000001,-17.924392169290012
-0.4707,-18.164893090267068
-0.4717000000000001,-18.391246898245473
-0.4727,-18.631747819222536
-0.4737000000000001,-18.872248740199588
-0.4747,-19.112749661176647
-0.4757000000000001,-19.353250582153702
-0.4767,-19.60789861612941
-0.4777000000000001,-19.862546650105116
-0.4787,-20.117194684080822
-0.4797000000000001,-20.38598983105518
-0.4807,-20.654784978029536
-0.48170000000000013,-20.923580125003895
-0.4827,-21.19237527197825
-0.48370000000000013,-21.47531753195126
-0.4847,-21.772406904922917
-0.48570000000000013,-22.069496277894572
-0.4867,-22.352438537867577
-0.4876999999999999,-22.649527910839236
-0.4887,-22.960764396809545
-0.4896999999999999,-23.272000882779853
-0.4907,-23.58323736875016
-0.4916999999999999,-23.908620967719123
-0.4927,-24.23400456668808
-0.4936999999999999,-24.559388165657033
-0.49470000000000003,-24.898918877624645
-0.4956999999999999,-25.238449589592253
-0.49670000000000003,-25.592127414558515
-0.4976999999999999,-25.94580523952477
-0.49870000000000003,-26.29948306449103
-0.4996999999999999,-26.667308002455943
-0.5007,-27.035132940420848
-0.5016999999999999,-27.40295787838576
-0.5027,-27.78492992934932
-0.5036999999999999,-28.166901980312883
-0.5047,-28.56302114427509
-0.5056999999999999,-28.959140308237306
-0.5067,-29.369406585198163
-0.5076999999999999,-29.779672862159025
-0.5087,-30.204086252118536
-0.5096999999999999,-30.62849964207804
-0.5107,-31.052913032037555
-0.5116999999999999,-31.49147353499572
-0.5127,-31.930034037953877
-0.5136999999999999,-32.38274165391069
-0.5147,-32.84959638286615
-0.5156999999999999,-33.302303998822964
-0.5167,-33.783305840777075
-0.5176999999999999,-34.25016056973254
-0.5187,-34.7453095246853
-0.5196999999999999,-35.226311366639415
-0.5207,-35.721460321592176
-0.5216999999999999,-36.230756389543586
-0.5227,-36.740052457495004
-0.5236999999999999,-37.26349563844507
-0.5247,-37.801085932393775
-0.5257,-38.33867622634249
-0.5267000000000001,-38.8762665202912
-0.5277,-39.42800392723857
-0.5287000000000001,-39.97974133418594
-0.5297,-40.531478741133306
-0.5307000000000001,-41.097363261079316
-0.5317,-41.677394894023976
-0.5327000000000001,-42.2715736399673
-0.5337,-42.86575238591062
-0.5347000000000001,-43.474078244852585
-0.5357,-44.068256990795895
-0.5367000000000001,-44.67658284973786
-0.5377,-45.31320293467712
-0.5387000000000001,-45.949823019616396
-0.5397,-46.60059021755431
-0.5407000000000001,-47.22306318949492
-0.5417,-47.87383038743284
-0.5427000000000001,-48.538744698369406
-0.5437,-49.21780612230463
-0.5447000000000001,-49.89686754623985
-0.5457,-50.59007608317371
-0.5467000000000001,-51.26913750710893
-0.5477,-51.976493157041446
-0.5487000000000001,-52.68384880697396
-0.5497,-53.405351569905136
-0.5507000000000001,-54.14100144583495
-0.5517,-54.86250420876612
-0.5527000000000001,-55.59815408469595
-0.5537,-56.34795107362442
-0.5547000000000001,-57.111895175551524
-0.5557,-57.889986390477304
-0.5567000000000001,-58.68222471840172
-0.5577,-59.44616882032884
-0.5587000000000001,-60.224260035254616
-0.5597,-61.01649836317903
-0.5607000000000001,-61.83703091710075
-0.5617,-62.64341635802381
-0.5627000000000001,-63.46394891194555
-0.5637,-64.27033435286862
-0.5647000000000001,-65.13330824578628
-0.5657,-65.9821350257053
-0.5667000000000001,-66.85925603162164
-0.5677,-67.70808281154066
-0.5687000000000001,-68.58520381745697
-0.5697,-69.46232482337331
-0.5707000000000001,-70.35359294228827
-0.5717,-71.24486106120324
-0.5727000000000001,-72.15027629311687
-0.5737,-73.0556915250305
-0.5747000000000001,-74.0176952089387
-0.5757,-74.93725755385098
-0.5767000000000001,-75.8709670117619
-0.5777,-76.83297069567014
-0.5787000000000001,-77.78082726657972
-0.5797,-78.77112517648524
-0.5807000000000001,-79.7472759733921
-0.5817,-80.70927965730034
-0.5827000000000001,-81.68543045420722
-0.5837,-82.6898754771114
-0.5847000000000001,-83.69432050001558
-0.5857,-84.69876552291974
-0.5867000000000001,-84.78364820091166
-0.5857,-84.07629255097913
-0.5847000000000001,-83.34064267504931
-0.5837,-82.61913991211814
-0.5827000000000001,-81.82690158419373
-0.5817,-81.04881036926795
-0.5807000000000001,-80.22827781534622
-0.5797,-79.45018660042047
-0.5787000000000001,-78.64380115949739
-0.5777,-77.85156283157298
-0.5767000000000001,-77.04517739064991
-0.5757,-76.22464483672817
-0.5747000000000001,-75.37581805680915
-0.5737,-74.55528550288744
-0.5727000000000001,-73.77719428796166
-0.5717,-72.9991030730359
-0.5707000000000001,-72.23515897110877
-0.5697,-71.44292064318435
-0.5687000000000001,-70.62238808926263
-0.5677,-69.78770842234226
-0.5667000000000001,-68.9813229814192
-0.5657,-68.17493754049613
-0.5647000000000001,-67.41099343856901
-0.5637,-66.61875511064459
-0.5627000000000001,-65.85481100871746
-0.5617,-65.04842556779438
-0.5607000000000001,-64.27033435286862
-0.5597,-63.4780960249442
-0.5587000000000001,-62.75659326201302
-0.5577,-61.9926491600859
-0.5567000000000001,-61.27114639715474
-0.5557,-60.53549652122492
-0.5547000000000001,-59.828140871292405
-0.5537,-59.10663810836124
-0.5527000000000001,-58.39928245842871
-0.5517,-57.66363258249889
-0.5507000000000001,-56.97042404556503
-0.5497,-56.27721550863116
-0.5487000000000001,-55.59815408469595
-0.5477,-54.919092660760725
-0.5467000000000001,-54.31076680181876
-0.5457,-53.617558264884885
-0.5447000000000001,-52.95264395394832
-0.5437,-52.28772964301176
-0.5427000000000001,-51.60866821907654
-0.5417,-50.97204813413727
-0.5407000000000001,-50.30713382320071
-0.5397,-49.68466085126009
-0.5387000000000001,-49.062187879319474
-0.5377,-48.43971490737886
-0.5367000000000001,-47.81724193543825
-0.5357,-47.23721030249357
-0.5347000000000001,-46.628884443551605
-0.5337,-46.034705697608295
-0.5327000000000001,-45.44052695166498
-0.5317,-44.87464243171897
-0.5307000000000001,-44.2946107987743
-0.5297,-43.74287339182693
-0.5287000000000001,-43.16284175888227
-0.5277,-42.63939857793221
-0.5267000000000001,-42.087661170984845
-0.5257,-41.53592376403748
-0.5247,-40.99833347008877
-0.5236999999999999,-40.48903740213735
-0.5227,-39.96559422118728
-0.5216999999999999,-39.47044526623452
-0.5207,-38.94700208528445
-0.5196999999999999,-38.43770601733305
-0.5187,-37.94255706238028
-0.5176999999999999,-37.43326099442887
-0.5167,-36.95225915247476
-0.5156999999999999,-36.45711019752199
-0.5147,-35.99025546856653
-0.5136999999999999,-35.50925362661242
-0.5127,-35.04239889765696
-0.5116999999999999,-34.5755441687015
-0.5107,-34.179425004739294
-0.5096999999999999,-33.698423162785176
-0.5087,-33.25986265982701
-0.5076999999999999,-32.807155043870196
-0.5067,-32.38274165391069
-0.5056999999999999,-31.95832826395118
-0.5047,-31.519767760993016
-0.5036999999999999,-31.109501484032155
-0.5027,-30.685088094072643
-0.5016999999999999,-30.274821817111786
-0.5007,-29.864555540150924
-0.4996999999999999,-29.468436376188716
-0.49870000000000003,-29.072317212226505
-0.4976999999999999,-28.80352206525215
-0.49670000000000003,-28.421550014288584
-0.4956999999999999,-28.06787218932233
-0.49470000000000003,-27.700047251357418
-0.4936999999999999,-27.332222313392506
-0.4927,-26.97854448842625
-0.4916999999999999,-26.62486666345999
-0.4907,-26.27118883849373
-0.4896999999999999,-25.91751101352747
-0.4887,-25.563833188561212
-0.4876999999999999,-25.238449589592253
-0.4867,-24.898918877624645
-0.48570000000000013,-24.587682391654337
-0.4847,-24.23400456668808
-0.48370000000000013,-23.92276808071777
-0.4827,-23.61153159474746
-0.48170000000000013,-23.286147995778503
-0.4807,-22.960764396809545
-0.4797000000000001,-22.66367502383789
-0.4787,-22.36658565086623
-0.4777000000000001,-22.055349164895922
-0.4767,-21.772406904922917
-0.4757000000000001,-21.47531753195126
-0.4747,-21.19237527197825
-0.4737000000000001,-20.89528589900659
-0.4727,-20.626490752032236
-0.4717000000000001,-20.34354849205923
-0.4707,-20.07475334508487
-0.4697000000000001,-19.791811085111863
-0.4687,-19.537163051136158
-0.4677000000000001,-19.2683679041618
-0.4667,-19.01371987018609
-0.4657000000000001,-18.744924723211735
-0.4647,-18.504423802234676
-0.4637000000000001,-18.249775768258974
-0.4627,-18.009274847281915
-0.4617000000000001,-17.75462681330621
-0.4607,-17.514125892329155
-0.4597000000000001,-17.2736249713521
-0.4587,-17.061418276372343
-0.4577000000000001,-16.806770242396635
-0.4567,-16.580416434418233
-0.4557000000000001,-16.368209739438473
-0.4547,-16.141855931460068
-0.4537000000000001,-16.000384801473565
-0.4527,-15.74573676749786
-0.4517000000000001,-15.519382959519453
-0.4507,-15.307176264539699
-0.4497000000000001,-15.10911668255859
-0.4487,-14.896909987578834
-0.4477000000000001,-14.71299751859638
-0.4467,-14.514937936615278
-0.4457000000000001,-14.387613919627421
-0.4447,-14.147112998650368
-0.4437000000000001,-13.956126973168587
-0.4427,-13.762311525087076
-0.4417000000000001,-13.574154922205025
-0.4407,-13.383168896723246
-0.4397000000000001,-13.202085850340522
-0.4387,-13.016758670058202
-0.4377000000000001,-12.834260912375612
-0.4367,-12.657421999892483
-0.4357000000000001,-12.47916837610949
-0.4347,-12.303744174926225
-0.4337000000000001,-12.129734685042823
-0.4327,-11.952895772559694
-0.4317000000000001,-11.790203973075215
-0.43069999999999997,-11.640244575289522
-0.4297000000000001,-11.466235085406122
-0.42869999999999997,-11.303543285921643
-0.4277000000000001,-11.13660735253757
-0.42669999999999997,-10.97957439825255
-0.4257000000000001,-10.842347402165641
-0.42469999999999997,-10.682485025280892
-0.4237000000000001,-10.528281493595602
-0.42269999999999996,-10.379736807109774
-0.4217000000000001,-10.22411856412462
-0.42069999999999996,-10.078403300238522
-0.4197000000000001,-9.929858613752693
-0.41869999999999996,-9.791216906365918
-0.41770000000000007,-9.648331065079551
-0.41669999999999996,-9.508274646392913
-0.41570000000000007,-9.372462361605868
-0.41469999999999996,-9.236650076818824
-0.41370000000000007,-9.09517894683232
-0.41269999999999996,-8.965025507244738
-0.41170000000000007,-8.833457356357288
-0.41069999999999995,-8.7075480506693
-0.40970000000000006,-8.577394611081719
-0.40869999999999995,-8.448655882793998
-0.40770000000000006,-8.326990711005607
-0.40669999999999995,-8.202496116617484
-0.40570000000000006,-8.079416233529225
-0.40469999999999995,-7.95775106174083
-0.40370000000000006,-7.838915312552168
-0.40269999999999995,-7.722908985963235
-0.40170000000000006,-7.6069026593743025
-0.40069999999999995,-7.49089633278537
-0.39970000000000006,-7.380548851395897
-0.39869999999999994,-7.2659572361068285
-0.39770000000000005,-7.155609754717355
-0.39669999999999994,-7.046676984627748
-0.39570000000000005,-6.939158925838006
-0.39469999999999994,-6.834470289647991
-0.39370000000000005,-6.7283669421581145
-0.39269999999999994,-6.619434172068506
-0.39170000000000005,-6.520404381077953
-0.39069999999999994,-6.418545167487672
-0.38970000000000005,-6.316685953897389
-0.38869999999999993,-6.219070874206701
-0.38770000000000004,-6.121455794516013
-0.38669999999999993,-6.025255426125191
-0.38570000000000004,-5.931884480334099
-0.38469999999999993,-5.8356841119432765
-0.38370000000000004,-5.746557300051779
-0.38269999999999993,-5.651771642960822
-0.38170000000000004,-5.5598154084695945
-0.3806999999999999,-5.472103307877963
-0.37970000000000004,-5.382976495986464
-0.3786999999999999,-5.296679106694698
-0.37770000000000004,-5.211796428702795
-0.3766999999999999,-5.125499039411029
-0.37570000000000003,-5.044860495318721
-0.3746999999999999,-4.961392528626684
-0.37370000000000003,-4.876509850634781
-0.3726999999999999,-4.800115440442069
-0.37170000000000003,-4.716647473750032
-0.3706999999999999,-4.644497197456915
-0.36970000000000003,-4.562443942064744
-0.3686999999999999,-4.488878954471762
-0.3677,-4.415313966878779
-0.3666999999999999,-4.341748979285797
-0.3657,-4.265354569093086
-0.3646999999999999,-4.1960337153996985
-0.3637,-4.1238834391065815
-0.3626999999999999,-4.057392008012925
-0.3617,-3.9894858656194034
-0.36070000000000013,-3.918750300626152
-0.3597,-3.85367358083236
-0.35870000000000013,-3.7928409949381634
-0.3577,-3.7235201412447765
-0.35670000000000013,-3.66268755535058
-0.3557,-3.5990255468566534
-0.3547000000000001,-3.5381929609624567
-0.3537,-3.4787750863681253
-0.3527000000000001,-3.415113077874199
-0.3517,-3.358524625879597
-0.3507000000000001,-3.303350885184861
-0.3497,-3.2425182992906643
-0.3487000000000001,-3.1887592698957925
-0.3477,-3.1321708179011907
-0.3467000000000001,-3.076997077206455
-0.3457,-3.024652759111448
-0.3447000000000001,-2.9694790184167124
-0.3437,-2.9213788342213007
-0.3427000000000001,-2.870449227426159
-0.3417,-2.8166901980312877
-0.3407000000000001,-2.768590013835877
-0.3397,-2.719075118340601
-0.3387000000000001,-2.6723896454450546
-0.3377,-2.6257041725495083
-0.3367000000000001,-2.576189277054232
-0.3357,-2.533747938058281
-0.3347000000000001,-2.4884771764625997
-0.3337,-2.4417917035670533
-0.3327000000000001,-2.3993503645711023
-0.3317,-2.355494314275286
-0.3307000000000001,-2.3144676865791998
-0.3297,-2.273441058883114
-0.3287000000000001,-2.228170297287433
-0.3277,-2.1913878034909415
-0.3267000000000001,-2.150361175794856
-0.3257,-2.1093345480987695
-0.3247000000000001,-2.073966765602144
-0.3237,-2.0315254266061924
-0.3227000000000001,-1.9975723554094316
-0.3217,-1.9607898616129409
-0.3207000000000001,-1.92400736781645
-0.3197,-1.890054296619689
-0.3187000000000001,-1.8546865141230628
-0.3177,-1.8179040203265722
-0.3167000000000001,-1.7853656604296764
-0.3157,-1.7499978779330503
-0.3147000000000001,-1.7217036519357498
-0.3137,-1.6877505807389888
-0.3127000000000001,-1.653797509542228
-0.3117,-1.6240885722450622
-0.3107000000000001,-1.5929649236480312
-0.3097,-1.5618412750510005
-0.3087000000000001,-1.5335470490536998
-0.3077,-1.501008689156804
-0.3067000000000001,-1.4741291744593683
-0.30569999999999997,-1.4458349484620676
-0.3047000000000001,-1.413155117435185
-0.30369999999999997,-1.388963554207493
-0.3027000000000001,-1.3598205014302733
-0.30169999999999997,-1.3312433331729996
-0.3007000000000001,-1.3079005967252264
-0.29969999999999997,-1.278899015077993
-0.2987000000000001,-1.254990394110274
-0.29769999999999996,-1.2303744174926226
-0.2967000000000001,-1.201372835845389
-0.29569999999999996,-1.1798692240874404
-0.2947000000000001,-1.1546873629498429
-0.29369999999999996,-1.1300713863321914
-0.29270000000000007,-1.1080018900542967
-0.29169999999999996,-1.0831029711766722
-0.29070000000000007,-1.060043176988872
-0.28969999999999996,-1.0382566229709504
-0.28870000000000007,-1.0132162329633392
-0.28769999999999996,-0.9936932170252017
-0.28670000000000007,-0.9730384320471723
-0.28569999999999995,-0.9502615801193451
-0.28470000000000006,-0.9296067951413157
-0.28369999999999995,-0.9078202411233941
-0.28270000000000006,-0.8890045808351891
-0.28169999999999995,-0.8662277289073619
-0.28070000000000006,-0.8467047129692244
-0.27969999999999995,-0.82746463929106
-0.27870000000000006,-0.808931921262828
-0.27769999999999995,-0.7860135982050144
-0.27670000000000006,-0.7693200048666069
-0.27569999999999995,-0.74937257553851
-0.27470000000000006,-0.731688684290197
-0.27369999999999994,-0.7147121486918165
-0.27270000000000005,-0.693208536933868
-0.27169999999999994,-0.678071126025312
-0.27070000000000005,-0.6606701770369722
-0.26969999999999994,-0.640722747708875
-0.26870000000000005,-0.6261512213202652
-0.26769999999999994,-0.6073355610320602
-0.26670000000000005,-0.5905004965636662
-0.26569999999999994,-0.5762119124350294
-0.26470000000000005,-0.5585280211867165
-0.26369999999999993,-0.5449467927080122
-0.26270000000000004,-0.5300923240594293
-0.26169999999999993,-0.5115596060311972
-0.26070000000000004,-0.4985442620724389
-0.25969999999999993,-0.48213361099400454
-0.25870000000000004,-0.46968415155519216
-0.25769999999999993,-0.45511262516658224
-0.25670000000000004,-0.43940932973808033
-0.2556999999999999,-0.4273842836892276
-0.25470000000000004,-0.41323717069057725
-0.2536999999999999,-0.3986656443019673
-0.25270000000000004,-0.38805530955297957
-0.2516999999999999,-0.3712202450845856
-0.25070000000000003,-0.3610343237255574
-0.24969999999999992,-0.3494336910666641
-0.24870000000000003,-0.3345792224180812
-0.24769999999999992,-0.3239688876690934
-0.24670000000000003,-0.31265119727017304
-0.24569999999999992,-0.2973723152316307
-0.24470000000000003,-0.289025518562427
-0.24369999999999992,-0.2765760591236147
-0.24270000000000003,-0.26808779132442445
-0.24169999999999991,-0.2547895051056931
-0.24070000000000003,-0.24304740131681332
-0.2396999999999999,-0.2345591335176231
-0.23870000000000002,-0.22380732763864883
-0.2376999999999999,-0.21305552175967452
-0.23670000000000002,-0.2037184271805653
-0.23570000000000013,-0.19268367904161798
-0.23470000000000002,-0.1850442380223468
-0.23370000000000013,-0.1771218547431026
-0.23270000000000002,-0.16368209739438472
-0.23170000000000013,-0.15660854089505957
-0.23070000000000002,-0.14854468648582883
-0.22970000000000013,-0.13861341316077627
-0.22870000000000001,-0.13018173381358067
-0.22770000000000012,-0.12075975655647953
-0.2267,-0.11337496357118404
-0.22570000000000012,-0.10557990430892769
-0.2247,-0.0949695695599399
-0.22370000000000012,-0.08986246176742714
-0.2227,-0.08285964083309519
-0.22170000000000012,-0.07355084047998325
-0.2207,-0.0653030736017701
-0.21970000000000012,-0.057564602791508344
-0.2187,-0.05274043725896857
-0.21770000000000012,-0.04681279691253406
-0.2167,-0.03700884760446936
-0.2157000000000001,-0.0269643973754276
-0.2147,-0.0250828313466071
-0.2137000000000001,-0.015604265637511355
-0.2127,-0.013871244295176685
-0.2117000000000001,-0.004686938536452867
-0.2107,-0.00040191948029165696
-0.2097000000000001,0.004343163690585663
-0.2087,0.013750993834688155
-0.2077000000000001,0.016552122208420932
-0.2067,0.023073941300798748
-0.2057000000000001,0.029892849766148224
-0.2047,0.03238274165391069
-0.2037000000000001,0.04094174501809417
-0.2027,0.041380305521052325
-0.2017000000000001,0.04858118603736536
-0.2007,0.05576791944067974
-0.1997000000000001,0.058172928650450303
-0.1987,0.06286977016600223
-0.1977000000000001,0.06721293385658789
-0.19669999999999999,0.07275860215205883
-0.1957000000000001,0.0777808272665797
-0.19469999999999998,0.07974727597339212
-0.1937000000000001,0.08438752903694943
-0.19269999999999998,0.09010296268840419
-0.1917000000000001,0.09205526428221794
-0.1907000000000001,0.09700675383174556
-0.1897000000000002,0.10142065308732448
-0.1887000000000001,0.10464619485101677
-0.1877000000000002,0.1078010010497158
-0.1867000000000001,0.1115075446553622
-0.1857000000000002,0.1136720529441557
-0.1847000000000001,0.12005240090654701
-0.1837000000000002,0.12138222952842014
-0.18270000000000008,0.12537171539403955
-0.1817000000000002,0.12913484745168055
-0.18070000000000008,0.13192182871241467
-0.1797000000000002,0.13446830905217175
-0.17870000000000008,0.13816070554481946
-0.1777000000000002,0.13977347642666563
-0.17670000000000008,0.14472496597619325
-0.1757000000000002,0.14430055258623375
-0.17470000000000008,0.14840321535584233
-0.1737000000000002,0.15363764716534298
-0.17270000000000008,0.15264734925543746
-0.17170000000000019,0.1585891367148706
-0.17070000000000007,0.1587306078448571
-0.16970000000000018,0.16000384801473563
-0.16870000000000007,0.1666529911241013
-0.16770000000000018,0.16622857773414182
-0.16670000000000007,0.1666529911241013
-0.16570000000000018,0.17174595180361546
-0.16470000000000007,0.17471684553333205
-0.16370000000000018,0.17627302796318356
-0.16270000000000007,0.17655597022315658
-0.16170000000000018,0.17910245056291366
-0.16070000000000007,0.18377099785246825
-0.15970000000000018,0.18235628655260325
-0.15870000000000006,0.1851857091523333
-0.15770000000000017,0.18843954514202288
-0.15670000000000006,0.18815660288204988
-0.15570000000000017,0.192117794521672
-0.15470000000000006,0.19169338113171247
-0.15370000000000017,0.19282515017160448
-0.15270000000000006,0.19834252424107812
-0.15170000000000017,0.19622045729128057
-0.15070000000000006,0.19961576441095666
-0.14970000000000017,0.20173783136075424
-0.14870000000000005,0.20187930249074074
-0.14770000000000016,0.2037184271805653
-0.14670000000000005,0.20470872509047083
-0.14570000000000016,0.20725520543022788
-0.14470000000000005,0.2089528589900659
-0.14370000000000016,0.20923580125003893
-0.14270000000000005,0.20980168576998495
-0.14170000000000016,0.21333846401964754
-0.14070000000000005,0.21291405062968802
-0.13970000000000016,0.21588494435940458
-0.13870000000000005,0.21461170418952608
-0.13770000000000016,0.2160264154893911
-0.13670000000000004,0.22012907825899972
-0.13570000000000015,0.2192802514790807
-0.13470000000000004,0.2198461359990267
-0.13370000000000015,0.22168526068885125
-0.13270000000000004,0.22210967407881074
-0.13170000000000015,0.2239487987686353
-0.13070000000000004,0.22536351006850036
-0.12970000000000015,0.2242317410286083
-0.12870000000000004,0.2279099904082574
-0.12770000000000015,0.2270611636283384
-0.12670000000000003,0.22649527910839237
-0.12570000000000014,0.23144676865792
-0.12470000000000003,0.22974911509808196
-0.12370000000000014,0.23229559543783898
-0.12270000000000003,0.23144676865792
-0.12170000000000014,0.23243706656782553
-0.12070000000000003,0.2356909025575151
-0.11970000000000014,0.23356883560771755
-0.11870000000000003,0.23484207577759608
-0.11770000000000014,0.23781296950731265
-0.11670000000000003,0.23625678707746112
-0.11570000000000014,0.24050092097705625
-0.11470000000000002,0.23710561385738013
-0.11370000000000013,0.23908620967719119
-0.11270000000000002,0.24177416114693479
-0.11170000000000013,0.24007650758709673
-0.11070000000000024,0.24134974775697526
-0.10970000000000013,0.24389622809673234
-0.10870000000000024,0.2429059301868268
-0.10770000000000013,0.2437547569667458
-0.10670000000000024,0.2446035837466648
-0.10570000000000013,0.24446211261667833
-0.10470000000000024,0.2474330063463949
-0.10370000000000013,0.24531093939659734
-0.10270000000000024,0.24644270843648935
-0.10170000000000012,0.24913065990623293
-0.10070000000000023,0.24842330425630044
-0.09970000000000012,0.24983801555616547
-0.09870000000000023,0.24983801555616547
-0.09770000000000012,0.24927213103621945
-0.09670000000000023,0.2518186113759765
-0.09570000000000012,0.25139419798601703
-0.09470000000000023,0.2518186113759765
-0.09370000000000012,0.25394067832577405
-0.09270000000000023,0.251960082505963
-0.09170000000000011,0.2554968607556256
-0.09070000000000022,0.2535162649358146
-0.08970000000000011,0.25507244736566614
-0.08870000000000022,0.2574774565754367
-0.08770000000000011,0.2564871586655311
-0.08670000000000022,0.2560627452755716
-0.08570000000000011,0.25931658126526125
-0.08470000000000022,0.2564871586655311
-0.08370000000000011,0.2581848122253692
-0.08270000000000022,0.25790186996539616
-0.0817000000000001,0.2586092256153287
-0.08070000000000022,0.2615801193450453
-0.0797000000000001,0.26016540804518024
-0.07870000000000021,0.25959952352523424
-0.0777000000000001,0.2625704172549508
-0.07670000000000021,0.2615801193450453
-0.0757000000000001,0.26412659968480234
-0.07470000000000021,0.2625704172549508
-0.0737000000000001,0.2625704172549508
-0.07270000000000021,0.2646924842047484
-0.0717000000000001,0.26455101307476186
-0.07070000000000021,0.26440954194477534
-0.0697000000000001,0.26738043567449193
-0.0687000000000002,0.2652583687246944
-0.0677000000000001,0.26752190680447846
-0.0667000000000002,0.2662486666345999
-0.06570000000000009,0.26780484906445146
-0.0647000000000002,0.2686536758443705
-0.06370000000000009,0.26695602228453247
-0.0627000000000002,0.270209858274222
-0.06170000000000009,0.2709172139241546
-0.0607000000000002,0.2700683871442355
-0.059700000000000086,0.2706342716641816
-0.058700000000000196,0.2709172139241546
-0.057700000000000085,0.2706342716641816
-0.056700000000000195,0.2740295787838576
-0.05570000000000008,0.27176604070407356
-0.05470000000000019,0.2727563386139791
-0.05370000000000008,0.2751613478237496
-0.05270000000000019,0.27303928087395213
-0.05170000000000008,0.27459546330380363
-0.05070000000000019,0.27572723234369567
-0.04970000000000008,0.27445399217381716
-0.04870000000000019,0.2779907704234797
-0.047700000000000076,0.2762931168636417
-0.046700000000000186,0.2764345879936282
-0.045700000000000074,0.27940548172334473
-0.044700000000000184,0.2777078281635067
-0.04370000000000007,0.2801128373732773
-0.04270000000000018,0.2779907704234797
-0.04170000000000007,0.27898106833338526
-0.04070000000000018,0.28251784658304785
-0.03970000000000007,0.27940548172334473
-0.03870000000000018,0.2808201930232098
-0.03770000000000007,0.2823763754530613
-0.03670000000000018,0.2816690198031288
-0.035700000000000065,0.2839325578829129
-0.034700000000000175,0.28364961562293983
-0.03370000000000006,0.28280078884302084
-0.03270000000000017,0.28478138466283187
-0.03170000000000006,0.28322520223298037
-0.03070000000000017,0.2849228557928184
-0.02970000000000006,0.2866205093526564
-0.02870000000000017,0.2854887403127644
-0.027700000000000058,0.2869034516126294
-0.026700000000000168,0.28605462483271044
-0.025700000000000056,0.28704492274261595
-0.024700000000000166,0.289874345342346
-0.023700000000000054,0.287893749522535
-0.022700000000000164,0.288176691782508
-0.021700000000000053,0.29100611438223806
-0.020700000000000163,0.29001581647233254
-0.01970000000000005,0.2924208256821031
-0.01870000000000016,0.2891669896924135
-0.01770000000000005,0.2915719989021841
-0.01670000000000016,0.29482583489187364
-0.015700000000000047,0.2915719989021841
-0.014700000000000157,0.2929867102020491
-0.013700000000000045,0.29510877715184664
-0.012700000000000156,0.2934111235920086
-0.011700000000000044,0.2958161328017792
-0.010700000000000154,0.2969479018416712
-0.009700000000000042,0.2966649595816982
-0.008700000000000152,0.29807967088156323
-0.00770000000000004,0.2969479018416712
-0.00670000000000015,0.29850408427152275
-0.005700000000000038,0.30034320896134725
-0.0047000000000001485,0.30006026670137426
-0.0037000000000000366,0.30175792026121234
-0.0027000000000001467,0.2999187955713878
-0.0017000000000000348,0.3016164491312258
-0.000700000000000145,0.3038799872110099
0.00029999999999996696,0.30175792026121234
0.0012999999999998568,0.30303116043109085
0.0022999999999999687,0.3051532273808884
0.0032999999999998586,0.30402145834099636
0.0042999999999999705,0.3064264675507669
0.00529999999999986,0.3061435252907939
0.006299999999999972,0.3067094098107399
0.007299999999999862,0.3076997077206455
0.008299999999999974,0.3071338232006995
0.009299999999999864,0.308124121110605
0.010299999999999976,0.310387659190389
0.011299999999999866,0.30883147676053746
0.012299999999999978,0.31151942823028106
0.013299999999999867,-0.02310223552679605
0.012299999999999978,-0.1065702022188332
0.011299999999999866,-0.12023631337552945
0.010299999999999976,-0.12685716225889784
0.009299999999999864,-0.13404389566221223
0.008299999999999974,-0.1399432417826494
0.007299999999999862,-0.1423199567664227
0.006299999999999972,-0.1499593977856939
0.00529999999999986,-0.1512326379555724
0.0042999999999999705,-0.15377911829532948
0.0032999999999998586,-0.15929649236480314
0.0022999999999999687,-0.16028679027470866
0.0012999999999998568,-0.16396503965435774
0.00029999999999996696,-0.16651151999411481
-0.000700000000000145,-0.16792623129397988
-0.0017000000000000348,-0.17231183632356148
-0.0027000000000001467,-0.17089712502369644
-0.0037000000000000366,-0.17443390327335903
-0.0047000000000001485,-0.1769803836131161
-0.005700000000000038,-0.1768389124831296
-0.00670000000000015,-0.18009274847281917
-0.00770000000000004,-0.17995127734283267
-0.008700000000000152,-0.18193187316264373
-0.009700000000000042,-0.1846198246323873
-0.010700000000000154,-0.1856101225422928
-0.011700000000000044,-0.18674189158218485
-0.012700000000000156,-0.18829807401203638
-0.013700000000000045,-0.18744924723211737
-0.014700000000000157,-0.18985425644188791
-0.015700000000000047,-0.19042014096183393
-0.01670000000000016,-0.19098602548177993
-0.01770000000000005,-0.1936739769515235
-0.01870000000000016,-0.1922592656516585
-0.01970000000000005,-0.19452280373144254
-0.020700000000000163,-0.19678634181122662
-0.021700000000000053,-0.19452280373144254
-0.022700000000000164,-0.1966448706812401
-0.023700000000000054,-0.19862546650105112
-0.024700000000000166,-0.1966448706812401
-0.025700000000000056,-0.20145488910078121
-0.026700000000000168,-0.19848399537106462
-0.027700000000000058,-0.19876693763103764
-0.02870000000000017,-0.20216224475071373
-0.02970000000000006,-0.20145488910078121
-0.03070000000000017,-0.20230371588070023
-0.03170000000000006,-0.2035769560505788
-0.03270000000000017,-0.20202077362072723
-0.03370000000000006,-0.20541608074040332
-0.034700000000000175,-0.2041428405705248
-0.035700000000000065,-0.20315254266061927
-0.03670000000000018,-0.20697226317025488
-0.03770000000000007,-0.20428431170051128
-0.03870000000000018,-0.20697226317025488
-0.03970000000000007,-0.20711373430024138
-0.04070000000000018,-0.20725520543022788
-0.04170000000000007,-0.20852844560010642
-0.04270000000000018,-0.20852844560010642
-0.04370000000000007,-0.2073966765602144
-0.044700000000000184,-0.2116408104598095
-0.045700000000000074,-0.2081040322101469
-0.046700000000000186,-0.21107492593986346
-0.047700000000000076,-0.21093345480987696
-0.04870000000000019,-0.21036757028993097
-0.04970000000000008,-0.21248963723972852
-0.05070000000000019,-0.21065051254990397
-0.05170000000000008,-0.21220669497975553
-0.05270000000000019,-0.21376287740960703
-0.05370000000000008,-0.2116408104598095
-0.05470000000000019,-0.21432876192955308
-0.05570000000000008,-0.21432876192955308
-0.056700000000000195,-0.21376287740960703
-0.057700000000000085,-0.2161678866193776
-0.058700000000000196,-0.21404581966958006
-0.059700000000000086,-0.2154605309694451
-0.0607000000000002,-0.21588494435940458
-0.06170000000000009,-0.21786554017921567
-0.0627000000000002,-0.21687524226931013
-0.06370000000000009,-0.21701671339929662
-0.0647000000000002,-0.21659230000933713
-0.06570000000000009,-0.21913878034909418
-0.0667000000000002,-0.2181484824391887
-0.0677000000000001,-0.21758259791924262
-0.0687000000000002,-0.2195631937390537
-0.0697000000000001,-0.2181484824391887
-0.07070000000000021,-0.2198461359990267
-0.0717000000000001,-0.2204120205189727
-0.07270000000000021,-0.21970466486904017
-0.0737000000000001,-0.22126084729889173
-0.07470000000000021,-0.2195631937390537
-0.0757000000000001,-0.2206949627789457
-0.07670000000000021,-0.22267555859875673
-0.0777000000000001,-0.22097790503891873
-0.07870000000000021,-0.2235243853786758
-0.0797000000000001,-0.22225114520879727
-0.08070000000000022,-0.22253408746877026
-0.0817000000000001,-0.22437321215859482
-0.08270000000000022,-0.2235243853786758
-0.08370000000000011,-0.22210967407881074
-0.08470000000000022,-0.22607086571843285
-0.08570000000000011,-0.22366585650866228
-0.08670000000000022,-0.22663675023837887
-0.08770000000000011,-0.22578792345845985
-0.08870000000000022,-0.22493909667854084
-0.08970000000000011,-0.22663675023837887
-0.09070000000000022,-0.22578792345845985
-0.09170000000000011,-0.2267782213683654
-0.09270000000000023,-0.22805146153824393
-0.09370000000000012,-0.22691969249835187
-0.09470000000000023,-0.22805146153824393
-0.09570000000000012,-0.22875881718817642
-0.09670000000000023,-0.2293247017081224
-0.09770000000000012,-0.23003205735805496
-0.09870000000000023,-0.2279099904082574
-0.09970000000000012,-0.22974911509808196
-0.10070000000000023,-0.23229559543783898
-0.10170000000000012,-0.2310223552679605
-0.10270000000000024,-0.23088088413797397
-0.10370000000000013,-0.23059794187800098
-0.10470000000000024,-0.23158823978790652
-0.10570000000000013,-0.23385177786769054
-0.10670000000000024,-0.23371030673770407
-0.10770000000000013,-0.23286147995778506
-0.10870000000000024,-0.23512501803756908
-0.10970000000000013,-0.23356883560771755
-0.11070000000000024,-0.23639825820744764
-0.11170000000000013,-0.2356909025575151
-0.11270000000000002,-0.2359738448174881
-0.11370000000000013,-0.23767149837732615
-0.11470000000000002,-0.2365397293374341
-0.11570000000000014,-0.23710561385738013
-0.11670000000000003,-0.2396520941971372
-0.11770000000000014,-0.2382373828972722
-0.11870000000000003,-0.24021797871708325
-0.11970000000000014,-0.2395106230671507
-0.12070000000000003,-0.24007650758709673
-0.12170000000000014,-0.2423400456668808
-0.12270000000000003,-0.24106680549700227
-0.12370000000000014,-0.24078386323702924
-0.12470000000000003,-0.24488652600663782
-0.12570000000000014,-0.24191563227692126
-0.12670000000000003,-0.24531093939659734
-0.12770000000000015,-0.2437547569667458
-0.12870000000000004,-0.24502799713662435
-0.12970000000000015,-0.24658417956647588
-0.13070000000000004,-0.24587682391654336
-0.13170000000000015,-0.2474330063463949
-0.13270000000000004,-0.24941360216620592
-0.13370000000000015,-0.24799889086634092
-0.13470000000000004,-0.24955507329619245
-0.13570000000000015,-0.25040390007611146
-0.13670000000000004,-0.2512527268560305
-0.13770000000000016,-0.25309185154585506
-0.13870000000000005,-0.252243024765936
-0.13970000000000016,-0.2532333226758416
-0.14070000000000005,-0.25493097623567956
-0.14170000000000016,-0.25592127414558513
-0.14270000000000005,-0.2557798030155986
-0.14370000000000016,-0.2554968607556256
-0.14470000000000005,-0.2587506967453152
-0.14570000000000016,-0.25988246578520724
-0.14670000000000005,-0.26016540804518024
-0.14770000000000016,-0.25959952352523424
-0.14870000000000005,-0.26129717708507233
-0.14970000000000017,-0.26327777290488336
-0.15070000000000006,-0.2639851285548159
-0.15170000000000017,-0.2663901377645864
-0.15270000000000006,-0.26426807081478887
-0.15370000000000017,-0.26752190680447846
-0.15470000000000006,-0.26780484906445146
-0.15570000000000017,-0.26851220471438403
-0.15670000000000006,-0.2723319252240196
-0.15770000000000017,-0.2723319252240196
-0.15870000000000006,-0.27204898296404656
-0.15970000000000018,-0.27487840556377663
-0.16070000000000007,-0.27558576121370915
-0.16170000000000018,-0.27912253946337173
-0.16270000000000007,-0.2777078281635067
-0.16370000000000018,-0.2811031352831828
-0.16470000000000007,-0.28251784658304785
-0.16570000000000018,-0.2823763754530613
-0.16670000000000007,-0.2849228557928184
-0.16770000000000018,-0.28619609596269696
-0.16870000000000007,-0.28647903822266996
-0.16970000000000018,-0.2911475855122245
-0.17070000000000007,-0.28930846082239997
-0.17170000000000019,-0.2931281813320356
-0.17270000000000008,-0.2958161328017792
-0.1737000000000002,-0.29454289263190064
-0.17470000000000008,-0.2986455554015092
-0.1757000000000002,-0.3002017378313608
-0.17670000000000008,-0.3011920357412663
-0.1777000000000002,-0.30543616964086145
-0.17870000000000008,-0.3041629294709829
-0.1797000000000002,-0.30755823659065895
-0.18070000000000008,-0.3102461880604025
-0.1817000000000002,-0.31180237049025405
-0.18270000000000008,-0.31434885083001113
-0.1837000000000002,-0.31632944664982215
-0.1847000000000001,-0.3178856290796737
-0.1857000000000002,-0.3217053495893093
-0.1867000000000001,-0.3221297629792688
-0.1877000000000002,-0.32580801235891793
-0.1887000000000001,-0.328920377218621
-0.1897000000000002,-0.3310424441684186
-0.1907000000000001,-0.3338718667681486
-0.1917000000000001,-0.3359939337179463
-0.19269999999999998,-0.3389648274476628
-0.1937000000000001,-0.3426430768273119
-0.19469999999999998,-0.34377484586720397
-0.1957000000000001,-0.346321326206961
-0.19669999999999999,-0.35240458479638065
-0.1977000000000001,-0.35297046931632664
-0.1987,-0.3574975454758948
-0.1997000000000001,-0.3597610835556788
-0.2007,-0.36287344841538194
-0.2017000000000001,-0.36839082248485555
-0.2027,-0.36909817813478807
-0.2037000000000001,-0.37221054299449113
-0.2047,-0.37914262836382984
-0.2057000000000001,-0.3795670417537893
-0.2067,-0.38565030034320896
-0.2077000000000001,-0.38961149198283107
-0.2087,-0.39088473215270964
-0.2097000000000001,-0.3985241731719808
-0.2107,-0.40092918238175135
-0.2117000000000001,-0.404183018371441
-0.2127,-0.41054921922083365
-0.2137000000000001,-0.4125298150406447
-0.2147,-0.42115955396982147
-0.2157000000000001,-0.42625251464933556
-0.2167,-0.42752575481921407
-0.21770000000000012,-0.4344578401885528
-0.2187,-0.4343163690585663
-0.21970000000000012,-0.4429461079877429
-0.2207,-0.44747318414731113
-0.22170000000000012,-0.4527076159568117
-0.2227,-0.45879087454623135
-0.22370000000000012,-0.462044710535921
-0.2247,-0.46897679590525965
-0.22570000000000012,-0.4749185833646928
-0.2267,-0.47944565952426094
-0.22770000000000012,-0.4859533315036401
-0.22870000000000001,-0.49161217670310015
-0.22970000000000013,-0.49826131981246585
-0.23070000000000002,-0.504768991791845
-0.23170000000000013,-0.5112766637712243
-0.23270000000000002,-0.5169355089706844
-0.23370000000000013,-0.5242920077299826
-0.23470000000000002,-0.5292434972795103
-0.23570000000000013,-0.5382976495986466
-0.23670000000000002,-0.5460785617479043
-0.2376999999999999,-0.5494738688675803
-0.23870000000000002,-0.559235376836649
-0.2396999999999999,-0.5651771642960822
-0.24070000000000003,-0.5735239609652859
-0.24169999999999991,-0.5820122287644761
-0.24270000000000003,-0.5872466605739768
-0.24369999999999992,-0.595734928373167
-0.24470000000000003,-0.6042231961723572
-0.24569999999999992,-0.6122870505815878
-0.24670000000000003,-0.6210582606407511
-0.24769999999999992,-0.6302538840898738
-0.24870000000000003,-0.6374689117191855
-0.24969999999999992,-0.6477963042082002
-0.25070000000000003,-0.6547283895775389
-0.2516999999999999,-0.6632166573767292
-0.25270000000000004,-0.674958761165609
-0.2536999999999999,-0.6828811444448531
-0.25470000000000004,-0.6933500080638545
-0.2556999999999999,-0.7031115160329233
-0.25670000000000004,-0.7121656683520595
-0.25769999999999993,-0.7243321855308987
-0.25870000000000004,-0.732537511070116
-0.25969999999999993,-0.7421575479091983
-0.26070000000000004,-0.7543240650880375
-0.26169999999999993,-0.7647929287070389
-0.26270000000000004,-0.7776668015358106
-0.26369999999999993,-0.7858721270750278
-0.26470000000000005,-0.7974727597339211
-0.26569999999999994,-0.810346632562693
-0.26670000000000005,-0.8236449187814244
-0.26769999999999994,-0.8332649556205066
-0.26870000000000005,-0.8459973573192919
-0.26969999999999994,-0.8564662209382933
-0.27070000000000005,-0.8720280452368087
-0.27169999999999994,-0.8829213222457692
-0.27270000000000005,-0.8956537239445548
-0.27369999999999994,-0.9092349524232591
-0.27470000000000006,-0.9208355850821524
-0.27569999999999995,-0.9361144671206947
-0.27670000000000006,-0.9505445223793181
-0.27769999999999995,-0.962569568428171
-0.27870000000000006,-0.9768581525568079
-0.27969999999999995,-0.9925614479853098
-0.28070000000000006,-1.0054353208140816
-0.28169999999999995,-1.022411856412462
-0.28270000000000006,-1.0359930848911665
-0.28369999999999995,-1.0504231401497897
-0.28470000000000006,-1.0678240891381299
-0.28569999999999995,-1.0828200289166992
-0.28670000000000007,-1.0986647954751876
-0.28769999999999996,-1.115075446553622
-0.28870000000000007,-1.1310616842420969
-0.28969999999999996,-1.1495944022703288
-0.29070000000000007,-1.164590342048898
-0.29169999999999996,-1.1818498199072518
-0.29270000000000007,-1.201655778105362
-0.29369999999999996,-1.2172176024038774
-0.2947000000000001,-1.2351844359121635
-0.29569999999999996,-1.2547074518503012
-0.2967000000000001,-1.2719669297086544
-0.29769999999999996,-1.292621714686684
-0.2987000000000001,-1.3079005967252264
-0.29969999999999997,-1.3284139105732695
-0.3007000000000001,-1.3494931089412585
-0.30169999999999997,-1.3668940579295987
-0.3027000000000001,-1.3888220830775064
-0.30369999999999997,-1.407779214495698
-0.3047000000000001,-1.427443701563822
-0.30569999999999997,-1.4500790823616625
-0.3067000000000001,-1.4698850405597732
-0.3077,-1.4911057100577487
-0.3087000000000001,-1.5137410908555893
-0.3097,-1.5335470490536998
-0.3107000000000001,-1.5575971411514054
-0.3117,-1.5788178106493809
-0.3127000000000001,-1.6028679027470865
-0.3137,-1.6255032835449272
-0.3147000000000001,-1.6467239530429028
-0.3157,-1.6721887564404734
-0.3167000000000001,-1.6976535598380442
-0.3177,-1.7202889406358846
-0.3187000000000001,-1.7443390327335901
-0.3197,-1.768389124831296
-0.3207000000000001,-1.7938539282288664
-0.3217,-1.8207334429263025
-0.3227000000000001,-1.8447835350240078
-0.3237,-1.8702483384215782
-0.3247000000000001,-1.8985425644188794
-0.3257,-1.92400736781645
-0.3267000000000001,-1.9508868825138854
-0.3277,-1.9791811085111866
-0.3287000000000001,-2.0060606232086218
-0.3297,-2.0357695605057877
-0.3307000000000001,-2.0626490752032236
-0.3317,-2.092358012500389
-0.3327000000000001,-2.12348166109742
-0.3337,-2.150361175794856
-0.3347000000000001,-2.1800701130920217
-0.3357,-2.2126084729889177
-0.3367000000000001,-2.2423174102860832
-0.3377,-2.276270481482844
-0.3387000000000001,-2.3045647074801447
-0.3397,-2.3371030673770408
-0.3407000000000001,-2.3710561385738016
-0.3417,-2.4021797871708324
-0.3427000000000001,-2.436132858367593
-0.3437,-2.4700859295643536
-0.3447000000000001,-2.50262428946125
-0.3457,-2.5408214945576058
-0.3467000000000001,-2.5733598544545018
-0.3477,-2.6073129256512626
-0.3487000000000001,-2.6455101307476188
-0.3497,-2.6794632019443796
-0.3507000000000001,-2.7176604070407357
-0.3517,-2.754442900837226
-0.3527000000000001,-2.7926401059335824
-0.3537,-2.833666733629668
-0.3547000000000001,-2.867619804826429
-0.3557,-2.9086464325225156
-0.35670000000000013,-2.949673060218602
-0.3577,-2.9878702653149576
-0.35870000000000013,-3.031726315610774
-0.3597,-3.069923520707129
-0.36070000000000013,-3.113779571002946
-0.3617,-3.1576356212987617
-0.3626999999999999,-3.200076960294713
-0.3637,-3.2411035879907995
-0.3646999999999999,-3.2892037721862106
-0.3657,-3.3316451111821612
-0.3666999999999999,-3.379745295377573
-0.3677,-3.4250160569732535
-0.3686999999999999,-3.4745309524685304
-0.36970000000000003,-3.5212164253640763
-0.3706999999999999,-3.5679018982596227
-0.37170000000000003,-3.6174167937548987
-0.3726999999999999,-3.669761111849905
-0.37370000000000003,-3.7178612960453163
-0.3746999999999999,-3.768790902840458
-0.37570000000000003,-3.819720509635599
-0.3766999999999999,-3.8720648277306053
-0.37770000000000004,-3.927238568425342
-0.3786999999999999,-3.9781681752204827
-0.37970000000000004,-4.033341915915219
-0.3806999999999999,-4.089930367909821
-0.38170000000000004,-4.145104108604558
-0.38269999999999993,-4.20452198319889
-0.38370000000000004,-4.2611104351934905
-0.38469999999999993,-4.316284175888227
-0.38570000000000004,-4.381360895682018
-0.38669999999999993,-4.4379493476766205
-0.38770000000000004,-4.500196644870682
-0.38869999999999993,-4.5638586533646075
-0.38970000000000005,-4.626105950558669
-0.39069999999999994,-4.692597381652327
-0.39170000000000005,-4.754844678846388
-0.39269999999999994,-4.82275082123991
-0.39370000000000005,-4.887827541033701
-0.39469999999999994,-4.954318972127359
-0.39570000000000005,-5.02505453712061
-0.39669999999999994,-5.0943753908139975
-0.39770000000000005,-5.165110955807249
-0.39869999999999994,-5.235846520800501
-0.39970000000000006,-5.307996797093617
-0.40069999999999995,-5.3815617846866
-0.40170000000000006,-5.459370906179177
-0.40269999999999995,-5.531521182472294
-0.40370000000000006,-5.609330303964871
-0.40469999999999995,-5.688554136757313
-0.40570000000000006,-5.766363258249889
-0.40669999999999995,-5.847001802342197
-0.40770000000000006,-5.929055057734368
-0.40869999999999995,-6.009693601826676
-0.40970000000000006,-6.094576279818578
-0.41069999999999995,-6.178044246510615
-0.41170000000000007,-6.264341635802381
-0.41269999999999996,-6.3548831589937445
-0.41370000000000007,-6.436936414385917
-0.41469999999999996,-6.528892648877145
-0.41570000000000007,-6.619434172068506
-0.41669999999999996,-6.714219829159464
-0.41770000000000007,-6.809005486250422
-0.41869999999999996,-6.900961720741648
-0.4197000000000001,-6.998576800432337
-0.42069999999999996,-7.099021302722755
-0.4217000000000001,-7.193806959813711
-0.42269999999999996,-7.297080884703859
-0.4237000000000001,-7.3975253869942765
-0.42469999999999997,-7.500799311884425
-0.4257000000000001,-7.6083173706741665
-0.42669999999999997,-7.711591295564315
-0.4277000000000001,-7.819109354354057
-0.42869999999999997,-7.93228625834326
-0.4297000000000001,-8.04121902843287
-0.43069999999999997,-8.154395932422071
-0.4317000000000001,-8.26898754771114
-0.4327,-8.382164451700342
-0.4337000000000001,-8.501000200889004
-0.4347,-8.618421238777803
-0.4357000000000001,-8.740086410566196
-0.4367,-8.865995716254185
-0.4377000000000001,-8.989075599342444
-0.4387,-9.11781432763016
-0.4397000000000001,-9.243723633318151
-0.4407,-9.373877072905733
-0.4417000000000001,-9.509689357692777
-0.4427,-9.641257508580225
-0.4437000000000001,-9.778484504667134
-0.4447,-9.91571150075404
-0.4457000000000001,-10.057182630740547
-0.4467,-10.200068472026913
-0.4477000000000001,-10.344369024613147
-0.4487,-10.490084288499247
-0.4497000000000001,-10.641458397584804
-0.4507,-10.787173661470904
-0.4517000000000001,-10.941377193156194
-0.4527,-11.101239570040944
-0.4537000000000001,-11.258272524325962
-0.4547,-11.418134901210712
-0.4557000000000001,-11.577997278095461
-0.4567,-11.744933211479534
-0.4577000000000001,-11.914698567463338
-0.4587,-12.083049212147277
-0.4597000000000001,-12.254229279430946
-0.4607,-12.432482903213943
-0.4617000000000001,-12.60649239309734
-0.4627,-12.790404862079797
-0.4637000000000001,-12.97431733106225
-0.4647,-13.161059222644436
-0.4657000000000001,-13.352045248126215
-0.4667,-13.54161656230813
-0.4677000000000001,-13.73543201038964
-0.4687,-13.936321014970476
-0.4697000000000001,-14.135795308251447
-0.4707,-14.345172580631472
-0.4717000000000001,-14.557379275611227
-0.4727,-14.755438857592333
-0.4737000000000001,-14.98179266557074
-0.4747,-15.193999360550496
-0.4757000000000001,-15.406206055530248
-0.4767,-15.646706976507305
-0.4777000000000001,-15.858913671487063
-0.4787,-16.099414592464115
-0.4797000000000001,-16.325768400442524
-0.4807,-16.56626932141958
-0.48170000000000013,-16.806770242396635
-0.4827,-17.061418276372343
-0.48370000000000013,-17.301919197349395
-0.4847,-17.556567231325104
-0.48570000000000013,-17.81121526530081
-0.4867,-18.08001041227517
-0.4876999999999999,-18.334658446250877
-0.4887,-18.603453593225233
-0.4896999999999999,-18.88639585319824
-0.4907,-19.155191000172596
-0.4916999999999999,-19.452280373144255
-0.4927,-19.73522263311726
-0.4936999999999999,-20.01816489309027
-0.49470000000000003,-20.315254266061928
-0.4956999999999999,-20.612343639033586
-0.49670000000000003,-20.923580125003895
-0.4976999999999999,-21.2348166109742
-0.49870000000000003,-21.531905983945855
-0.4996999999999999,-21.857289582914817
-0.5007,-22.182673181883775
-0.5016999999999999,-22.508056780852733
-0.5027,-22.833440379821692
-0.5036999999999999,-23.1729710917893
-0.5047,-23.51250180375691
-0.5056999999999999,-23.86617962872317
-0.5067,-24.20571034069078
-0.5076999999999999,-24.57353527865569
-0.5087,-24.941360216620595
-0.5096999999999999,-25.295038041586857
-0.5107,-25.677010092550415
-0.5116999999999999,-26.044835030515326
-0.5127,-26.455101307476184
-0.5136999999999999,-26.837073358439746
-0.5147,-27.233192522401957
-0.5156999999999999,-27.64345879936282
-0.5167,-28.05372507632368
-0.5176999999999999,-28.478138466283188
-0.5187,-28.9025518562427
-0.5196999999999999,-29.32696524620221
-0.5207,-29.779672862159025
-0.5216999999999999,-30.21823336511718
-0.5227,-30.656793868075347
-0.5236999999999999,-31.095354371033505
-0.5247,-31.56220909998897
-0.5257,-32.01491671594578
-0.5267000000000001,-32.48177144490124
-0.5277,-32.9486261738567
-0.5287000000000001,-33.44377512880947
-0.5297,-33.924776970763574
-0.5307000000000001,-34.4057788127177
-0.5317,-34.9150748806691
-0.5327000000000001,-35.41022383562187
-0.5337,-35.91951990357328
-0.5347000000000001,-36.44296308452335
-0.5357,-36.98055337847206
-0.5367000000000001,-37.50399655942213
-0.5377,-38.04158685337084
-0.5387000000000001,-38.57917714731955
-0.5397,-39.159208780264215
-0.5407000000000001,-39.71094618721158
-0.5417,-40.27683070715759
-0.5427000000000001,-40.828568114104954
-0.5437,-41.40859974704962
-0.5447000000000001,-41.98863137999429
-0.5457,-42.59695723893625
-0.5467000000000001,-43.205283097878215
-0.5477,-43.82775606981884
-0.5487000000000001,-44.43608192876081
-0.5497,-45.05855490070142
-0.5507000000000001,-45.681027872642034
-0.5517,-46.38838352257455
-0.5527000000000001,-47.03915072051247
-0.5537,-47.689917918450384
-0.5547000000000001,-48.32653800338966
-0.5557,-49.005599427324874
-0.5567000000000001,-49.68466085126009
-0.5577,-50.37786938819396
-0.5587000000000001,-51.05693081212917
-0.5597,-51.75013934906303
-0.5607000000000001,-52.44334788599691
-0.5617,-53.15070353592942
-0.5627000000000001,-53.91464763785655
-0.5637,-54.65029751378637
-0.5647000000000001,-55.400094502714836
-0.5657,-56.12159726564601
-0.5667000000000001,-56.88554136757313
-0.5677,-57.62119124350295
-0.5687000000000001,-58.39928245842871
-0.5697,-59.16322656035583
-0.5707000000000001,-59.9696120012789
-0.5717,-60.761850329203334
-0.5727000000000001,-61.58238288312505
-0.5737,-62.37462121104946
-0.5747000000000001,-63.16685953897389
-0.5757,-63.95909786689831
-0.5767000000000001,-64.80792464681733
-0.5777,-65.68504565273366
-0.5787000000000001,-66.51972531965401
-0.5797,-67.35440498657438
-0.5807000000000001,-68.20323176649342
-0.5817,-69.05205854641244
-0.5827000000000001,-69.90088532633146
-0.5837,-70.77800633224777
-0.5847000000000001,-71.6834215641614
-0.5857,-72.61713102207234
-0.5867000000000001,-72.73030792606153
-0.5857,-72.63127813507097
-0.5847000000000001,-71.95221671113578
-0.5837,-71.30144951319785
-0.5827000000000001,-70.63653520226127
-0.5817,-69.98576800432336
-0.5807000000000001,-69.30670658038814
-0.5797,-68.65593938245023
-0.5787000000000001,-67.9485837325177
-0.5777,-67.28366942158114
-0.5767000000000001,-66.59046088464727
-0.5757,-65.9255465737107
-0.5747000000000001,-65.23233803677684
-0.5737,-64.56742372584027
-0.5727000000000001,-63.874215188906405
-0.5717,-63.19515376497119
-0.5707000000000001,-62.51609234103597
-0.5697,-61.8228838041021
-0.5687000000000001,-61.14382238016689
-0.5677,-60.56379074722222
-0.5667000000000001,-59.94131777528161
-0.5657,-59.26225635134639
-0.5647000000000001,-58.583194927411164
-0.5637,-57.87583927747865
-0.5627000000000001,-57.21092496654208
-0.5617,-56.546010655605514
-0.5607000000000001,-55.9235376836649
-0.5597,-55.28691759872564
-0.5587000000000001,-54.65029751378637
-0.5577,-53.985383202849796
-0.5567000000000001,-53.348763117910536
-0.5557,-52.69799591997262
-0.5547000000000001,-52.075522948032
-0.5537,-51.46719708909004
-0.5527000000000001,-50.85887123014807
-0.5517,-50.2505453712061
-0.5507000000000001,-49.642219512264134
-0.5497,-49.04804076632082
-0.5487000000000001,-48.45386202037751
-0.5477,-47.87383038743284
-0.5467000000000001,-47.29379875448818
-0.5457,-46.713767121543505
-0.5447000000000001,-46.133735488598845
-0.5437,-45.567850968652834
-0.5427000000000001,-44.97367222270952
-0.5417,-44.42193481576215
-0.5407000000000001,-43.87019740881479
-0.5397,-43.31846000186743
-0.5387000000000001,-42.82331104691466
-0.5377,-42.25742652696865
-0.5367000000000001,-41.719836233019926
-0.5357,-41.196393052069865
-0.5347000000000001,-40.65880275812115
-0.5337,-40.12121246417244
-0.5327000000000001,-39.59776928322238
-0.5317,-39.08847321527096
-0.5307000000000001,-38.57917714731955
-0.5297,-38.11232241836409
-0.5287000000000001,-37.617173463411326
-0.5277,-37.164465847454515
-0.5267000000000001,-36.6268755535058
-0.5257,-36.14587371155169
-0.5247,-35.679018982596226
-0.5236999999999999,-35.21216425364076
-0.5227,-34.75945663768395
-0.5216999999999999,-34.306749021727136
-0.5207,-33.86818851876898
-0.5196999999999999,-33.41548090281216
-0.5187,-32.97692039985401
-0.5176999999999999,-32.56665412289314
-0.5167,-32.14224073293363
-0.5156999999999999,-31.731974455972775
-0.5147,-31.533914873991666
-0.5136999999999999,-31.038765919038905
-0.5127,-30.62849964207804
-0.5116999999999999,-30.204086252118536
-0.5107,-29.80796708815632
-0.5096999999999999,-29.411847924194117
-0.5087,-29.015728760231898
-0.5076999999999999,-28.619609596269694
-0.5067,-28.237637545306132
-0.5056999999999999,-27.855665494342567
-0.5047,-27.473693443379013
-0.5036999999999999,-27.162456957408708
-0.5027,-26.808779132442442
-0.5016999999999999,-26.497542646472137
-0.5007,-26.129717708507226
-0.4996999999999999,-25.790186996539617
-0.49870000000000003,-25.45065628457201
-0.4976999999999999,-25.12527268560305
-0.49670000000000003,-24.799889086634096
-0.4956999999999999,-24.460358374666487
-0.49470000000000003,-24.120827662698876
-0.4936999999999999,-23.795444063729917
-0.4927,-23.47006046476096
-0.4916999999999999,-23.15882397879065
-0.4907,-22.84758749282034
-0.4896999999999999,-22.536351006850033
-0.4887,-22.225114520879725
-0.4876999999999999,-21.92802514790807
-0.4867,-21.61678866193776
-0.48570000000000013,-21.362140627962056
-0.4847,-21.050904141991744
-0.48370000000000013,-20.76796188201874
-0.4827,-20.47087250904708
-0.48170000000000013,-20.187930249074075
-0.4807,-19.904987989101066
-0.4797000000000001,-19.636192842126707
-0.4787,-19.367397695152352
-0.4777000000000001,-19.098602548177997
-0.4767,-18.829807401203638
-0.4757000000000001,-18.57515936722793
-0.4747,-18.320511333252224
-0.4737000000000001,-18.05171618627787
-0.4727,-17.797068152302163
-0.4717000000000001,-17.556567231325104
-0.4707,-17.316066310348052
-0.4697000000000001,-17.089712502369647
-0.4687,-16.849211581392588
-0.4677000000000001,-16.59456354741688
-0.4667,-16.368209739438473
-0.4657000000000001,-16.141855931460068
-0.4647,-15.91550212348166
-0.4637000000000001,-15.689148315503255
-0.4627,-15.4769416205235
-0.4617000000000001,-15.250587812545096
-0.4607,-15.03838111756534
-0.4597000000000001,-14.826174422585586
-0.4587,-14.61396772760583
-0.4577000000000001,-14.401761032626075
-0.4567,-14.203701450644967
-0.4557000000000001,-14.004227157363998
-0.4547,-13.806167575382894
-0.4537000000000001,-13.608107993401788
-0.4527,-13.412877834020414
-0.4517000000000001,-13.213403540739444
-0.4507,-13.021002803957797
-0.4497000000000001,-12.837090334975343
-0.4487,-12.657421999892483
-0.4477000000000001,-12.480583087409354
-0.4467,-12.2966706184269
-0.4457000000000001,-12.112758149444444
-0.4447,-11.937333948261179
-0.4437000000000001,-11.763324458377781
-0.4427,-11.593559102393977
-0.4417000000000001,-11.42945259160963
-0.4407,-11.256857813026096
-0.4397000000000001,-11.102654281340808
-0.4387,-10.932888925357005
-0.4377000000000001,-10.773026548472256
-0.4367,-10.615993594187234
-0.4357000000000001,-10.458960639902216
-0.4347,-10.306171819516793
-0.4337000000000001,-10.153382999131368
-0.4327,-10.000594178745946
-0.4317000000000001,-9.854878914859846
-0.43069999999999997,-9.706334228374017
-0.4297000000000001,-9.560618964487917
-0.42869999999999997,-9.417733123201549
-0.4277000000000001,-9.27484728191518
-0.42669999999999997,-9.136205574528407
-0.4257000000000001,-8.996149155841769
-0.42469999999999997,-8.860336871054725
-0.4237000000000001,-8.728768720167276
-0.42269999999999996,-8.597200569279828
-0.4217000000000001,-8.461388284492784
-0.42069999999999996,-8.332649556205066
-0.4197000000000001,-8.202496116617484
-0.41869999999999996,-8.079416233529225
-0.41770000000000007,-7.9549216391411015
-0.41669999999999996,-7.830427044752977
-0.41570000000000007,-7.708761872964584
-0.41469999999999996,-7.589926123775921
-0.41370000000000007,-7.466846240687664
-0.41269999999999996,-7.35366933669846
-0.41170000000000007,-7.234833587509797
-0.41069999999999995,-7.124486106120324
-0.40970000000000006,-7.009894490831256
-0.40869999999999995,-6.900961720741648
-0.40770000000000006,-6.790614239352177
-0.40669999999999995,-6.684510891862298
-0.40570000000000006,-6.585481100871745
-0.40469999999999995,-6.470889485582678
-0.40370000000000006,-6.3647861380928
-0.40269999999999995,-6.265756347102247
-0.40170000000000006,-6.163897133511965
-0.40069999999999995,-6.063452631221548
-0.39970000000000006,-5.968666974130589
-0.39869999999999994,-5.869637183140037
-0.39770000000000005,-5.773436814749215
-0.39669999999999994,-5.678651157658257
-0.39570000000000005,-5.5838655005673
-0.39469999999999994,-5.491909266076072
-0.39370000000000005,-5.4027824541845755
-0.39269999999999994,-5.310826219693348
-0.39170000000000005,-5.22452883040158
-0.39069999999999994,-5.138231441109813
-0.38970000000000005,-5.050519340518181
-0.38869999999999993,-4.968466085126009
-0.38770000000000004,-4.883583407134107
-0.38669999999999993,-4.801530151741935
-0.38570000000000004,-4.722306318949492
-0.38469999999999993,-4.640253063557321
-0.38370000000000004,-4.5638586533646075
-0.38269999999999993,-4.483220109272302
-0.38170000000000004,-4.406825699079589
-0.3806999999999999,-4.3332607114866075
-0.37970000000000004,-4.259695723893626
-0.3786999999999999,-4.1889601589003735
-0.37770000000000004,-4.115395171307392
-0.3766999999999999,-4.043244895014275
-0.37570000000000003,-3.9767534639206183
-0.3746999999999999,-3.9088473215270967
-0.37370000000000003,-3.8395264678337093
-0.3726999999999999,-3.7772791706396474
-0.37170000000000003,-3.7093730282461257
-0.3706999999999999,-3.6485404423519294
-0.36970000000000003,-3.5820490112582726
-0.3686999999999999,-3.5169722914644814
-0.3677,-3.4603838394698796
-0.3666999999999999,-3.3995512535756833
-0.3657,-3.3373039563816214
-0.3646999999999999,-3.2821302156868852
-0.3637,-3.2212976297926885
-0.3626999999999999,-3.168953311697682
-0.3617,-3.113779571002946
-0.36070000000000013,-3.0571911190083445
-0.3597,-3.006261512213203
-0.35870000000000013,-2.9525024828183315
-0.3577,-2.8987434534234597
-0.35670000000000013,-2.8478138466283185
-0.3557,-2.795469528533313
-0.3547000000000001,-2.7501987669376318
-0.3537,-2.70209858274222
-0.3527000000000001,-2.6525836872469437
-0.3517,-2.6073129256512626
-0.3507000000000001,-2.5592127414558514
-0.3497,-2.5139419798601703
-0.3487000000000001,-2.4715006408642193
-0.3477,-2.424815167968673
-0.3467000000000001,-2.382373828972722
-0.3457,-2.339932489976771
-0.3447000000000001,-2.296076439680954
-0.3437,-2.2564645232847336
-0.3427000000000001,-2.2140231842887825
-0.3417,-2.1729965565926963
-0.3407000000000001,-2.136214062796206
-0.3397,-2.0966021463999844
-0.3387000000000001,-2.0598196526034935
-0.3377,-2.0216224475071374
-0.3367000000000001,-1.9820105311109162
-0.3357,-1.9480574599141556
-0.3347000000000001,-1.9126896774175295
-0.3337,-1.8759071836210386
-0.3327000000000001,-1.8433688237241426
-0.3317,-1.8065863299276517
-0.3307000000000001,-1.775462681330621
-0.3297,-1.7429243214337253
-0.3287000000000001,-1.7089712502369643
-0.3277,-1.6778476016399335
-0.3267000000000001,-1.6467239530429028
-0.3257,-1.614185593146007
-0.3247000000000001,-1.584476655848841
-0.3237,-1.5533530072518102
-0.3227000000000001,-1.5250587812545096
-0.3217,-1.4939351326574788
-0.3207000000000001,-1.4642261953603128
-0.3197,-1.4387613919627424
-0.3187000000000001,-1.409193925795563
-0.3177,-1.3810411709282489
-0.3167000000000001,-1.3538787139708401
-0.3157,-1.3261503724934853
-0.3147000000000001,-1.3016758670058202
-0.3137,-1.2750792945683578
-0.3127000000000001,-1.2465021263110838
-0.3117,-1.2233008609932974
-0.3107000000000001,-1.1988263555056322
-0.3097,-1.1722297830681694
-0.3087000000000001,-1.149452931140342
-0.3077,-1.123563714352812
-0.3067000000000001,-1.1026259871148096
-0.30569999999999997,-1.078575895017104
-0.3047000000000001,-1.0533940338795065
-0.30369999999999997,-1.0345783735913012
-0.3027000000000001,-1.00953798358369
-0.30169999999999997,-0.9871855450458225
-0.3007000000000001,-0.9670966445877391
-0.29969999999999997,-0.9431880236200199
-0.2987000000000001,-0.9256456035016934
-0.29769999999999996,-0.9034346360938125
-0.2967000000000001,-0.8809407264259583
-0.29569999999999996,-0.8632568351776454
-0.2947000000000001,-0.8437338192395079
-0.29369999999999996,-0.8232205053914649
-0.29270000000000007,-0.8039804317133004
-0.29169999999999996,-0.7831841756052842
-0.29070000000000007,-0.7676223513067688
-0.28969999999999996,-0.7485237487585908
-0.28870000000000007,-0.729425146210413
-0.28769999999999996,-0.7121656683520595
-0.28670000000000007,-0.6944817771037465
-0.28569999999999995,-0.6760905302055011
-0.28470000000000006,-0.6609531192969451
-0.28369999999999995,-0.6429862857886591
-0.28270000000000006,-0.6281318171400763
-0.28169999999999995,-0.6112967526716824
-0.28070000000000006,-0.5930469769034233
-0.27969999999999995,-0.5794657484247191
-0.27870000000000006,-0.5641868663861767
-0.27769999999999995,-0.5463615040078772
-0.27670000000000006,-0.5332046889191324
-0.27569999999999995,-0.5170769801006708
-0.27470000000000006,-0.5049104629218315
-0.27369999999999994,-0.4906218787931947
-0.27270000000000005,-0.4740697565847738
-0.27169999999999994,-0.46232765279589394
-0.27070000000000005,-0.44931230883713563
-0.26969999999999994,-0.4336090134086337
-0.26870000000000005,-0.42158396735978093
-0.26769999999999994,-0.4072953832311441
-0.26670000000000005,-0.3944215104023722
-0.26569999999999994,-0.3822549932235329
-0.26470000000000005,-0.3698055337847206
-0.26369999999999993,-0.3600440258156518
-0.26270000000000004,-0.346038383946988
-0.26169999999999993,-0.3338718667681486
-0.26070000000000004,-0.3245347721890394
-0.25969999999999993,-0.3113779571002946
-0.25870000000000004,-0.3031726315610774
-0.25769999999999993,-0.29058170099227854
-0.25670000000000004,-0.2777078281635067
-0.2556999999999999,-0.269361031494303
-0.25470000000000004,-0.2586092256153287
-0.2536999999999999,-0.24729153521640837
-0.25270000000000004,-0.23908620967719119
-0.2516999999999999,-0.22691969249835187
-0.25070000000000003,-0.2195631937390537
-0.24969999999999992,-0.21036757028993097
-0.24870000000000003,-0.19834252424107812
-0.24769999999999992,-0.19126896774175295
-0.24670000000000003,-0.18179040203265723
-0.24569999999999992,-0.17132153841365594
-0.24470000000000003,-0.16453092417430376
-0.24369999999999992,-0.155335300725181
-0.24270000000000003,-0.14797880196588284
-0.24169999999999991,-0.13865585449977225
-0.24070000000000003,-0.12961584929363465
-0.2396999999999999,-0.12364576760820419
-0.23870000000000002,-0.11675612357786147
-0.2376999999999999,-0.1061457888288737
-0.23670000000000002,-0.10030303116043109
-0.23570000000000013,-0.09157426244026382
-0.23470000000000002,-0.08543441539884956
-0.23370000000000013,-0.07957751061740831
-0.23270000000000002,-0.07026871026429637
-0.23170000000000013,-0.06485036598581327
-0.23070000000000002,-0.058003163294466496
-0.22970000000000013,-0.050745694326158865
-0.22870000000000001,-0.04655814887855836
-0.22770000000000012,-0.03734837831643697
-0.2267,-0.03176026868197007
-0.22570000000000012,-0.027671753025360117
-0.2247,-0.019240073678164497
-0.22370000000000012,-0.016056973253468165
-0.2227,-0.009529495315890887
-0.22170000000000012,-0.001085932393776402
-0.2207,0.0015660854089505959
-0.21970000000000012,0.008977757908943524
-0.2187,0.011935919236961313
-0.21770000000000012,0.018235628655260322
-0.2167,0.02424815167968673
-0.2157000000000001,0.033825747179773026
-0.2147,0.03342962801581082
-0.2137000000000001,0.03951288660523048
-0.2127,0.042002778492992936
-0.2117000000000001,0.0501939569192115
-0.2107,0.051028636586131874
-0.2097000000000001,0.056630893333597415
-0.2087,0.062261444307060265
-0.2077000000000001,0.06357712581593475
-0.2067,0.0692076767893976
-0.2057000000000001,0.07485237487585908
-0.2047,0.0777808272665797
-0.2037000000000001,0.08143078242023151
-0.2027,0.0845714415059319
-0.2017000000000001,0.08922584168248787
-0.2007,0.09475736286496016
-0.1997000000000001,0.09557789541888188
-0.1987,0.0988175842955728
-0.1977000000000001,0.10454716506002622
-0.19669999999999999,0.10623067150686559
-0.1957000000000001,0.11140851486437164
-0.19469999999999998,0.11279493193823936
-0.1937000000000001,0.11461990951506526
-0.19269999999999998,0.12060413831349438
-0.1917000000000001,0.12278279371528653
-0.1907000000000001,0.12521609715105442
-0.1897000000000002,0.13006855690959146
-0.1887000000000001,0.13069102988153208
-0.1877000000000002,0.13582643190004218
-0.1867000000000001,0.1367318471319558
-0.1857000000000002,0.13947638705369397
-0.1847000000000001,0.14302731241635522
-0.1837000000000002,0.14401761032626076
-0.18270000000000008,0.14628114840604478
-0.1817000000000002,0.15151558021554543
-0.18070000000000008,0.1513741090855589
-0.1797000000000002,0.15618412750510002
-0.17870000000000008,0.15632559863508652
-0.1777000000000002,0.1588720789748436
-0.17670000000000008,0.16354062626439822
-0.1757000000000002,0.16354062626439822
-0.17470000000000008,0.16453092417430376
-0.1737000000000002,0.16806770242396638
-0.17270000000000008,0.1693409425938449
-0.17170000000000019,0.173019191973494
-0.17070000000000007,0.173302134233467
-0.16970000000000018,0.17514125892329155
-0.16870000000000007,0.17924392169290015
-0.16770000000000018,0.17797068152302162
-0.16670000000000007,0.18150745977268423
-0.16570000000000018,0.18377099785246825
-0.16470000000000007,0.18702483384215784
-0.16370000000000018,0.18716630497214437
-0.16270000000000007,0.18843954514202288
-0.16170000000000018,0.18985425644188791
-0.16070000000000007,0.192966621301591
-0.15970000000000018,0.19183485226169897
-0.15870000000000006,0.19381544808151
-0.15770000000000017,0.19692781294121312
-0.15670000000000006,0.1972107552011861
-0.15570000000000017,0.19961576441095666
-0.15470000000000006,0.19947429328097016
-0.15370000000000017,0.20131341797079472
-0.15270000000000006,0.2044257828304978
-0.15170000000000017,0.2035769560505788
-0.15070000000000006,0.20527460961041682
-0.14970000000000017,0.2088113878600794
-0.14870000000000005,0.20711373430024138
-0.14770000000000016,0.21022609915994445
-0.14670000000000005,0.21079198367989047
-0.14570000000000016,0.21121639706985
-0.14470000000000005,0.21390434853959353
-0.14370000000000016,0.21319699288966104
-0.14270000000000005,0.21418729079956658
-0.14170000000000016,0.2189973092191077
-0.14070000000000005,0.2154605309694451
-0.13970000000000016,0.2199876071290132
-0.13870000000000005,0.21970466486904017
-0.13770000000000016,0.2192802514790807
-0.13670000000000004,0.22309997198871628
-0.13570000000000015,0.22239261633878374
-0.13470000000000004,0.22111937616890526
-0.13370000000000015,0.22564645232847336
-0.13270000000000004,0.22409026989862182
-0.13170000000000015,0.22748557701829786
-0.13070000000000004,0.22564645232847336
-0.12970000000000015,0.2276270481482844
-0.12870000000000004,0.22960764396809544
-0.12770000000000015,0.22776851927827088
-0.12670000000000003,0.23088088413797397
-0.12570000000000014,0.23243706656782553
-0.12470000000000003,0.2307394130079875
-0.12370000000000014,0.23413472012766354
-0.12270000000000003,0.2321541243078525
-0.12170000000000014,0.23385177786769054
-0.12070000000000003,0.23668120046742064
-0.11970000000000014,0.23470060464760956
-0.11870000000000003,0.2345591335176231
-0.11770000000000014,0.23795444063729917
-0.11670000000000003,0.23837885402725867
-0.11570000000000014,0.24007650758709673
-0.11470000000000002,0.23837885402725867
-0.11370000000000013,0.2396520941971372
-0.11270000000000002,0.24177416114693479
-0.11170000000000013,0.24021797871708325
-0.11070000000000024,0.24149121888696176
-0.10970000000000013,0.24347181470677282
-0.10870000000000024,0.2429059301868268
-0.10770000000000013,0.24531093939659734
-0.10670000000000024,0.24361328583675934
-0.10570000000000013,0.2446035837466648
-0.10470000000000024,0.2468671218264489
-0.10370000000000013,0.24545241052658387
-0.10270000000000024,0.24615976617651636
-0.10170000000000012,0.25012095781613847
-0.10070000000000023,0.2471500640864219
-0.09970000000000012,0.24997948668615194
-0.09870000000000023,0.24941360216620592
-0.09770000000000012,0.24941360216620592
-0.09670000000000023,0.25167714024599
-0.09570000000000012,0.24969654442617895
-0.09470000000000023,0.252243024765936
-0.09370000000000012,0.25365773606580105
-0.09270000000000023,0.2523844958959225
-0.09170000000000011,0.25493097623567956
-0.09070000000000022,0.2540821494557606
-0.08970000000000011,0.25422362058574705
-0.08870000000000022,0.25662862979551765
-0.08770000000000011,0.2552139184956526
-0.08670000000000022,0.2562042164055581
-0.08570000000000011,0.25903363900528825
-0.08470000000000022,0.2574774565754367
-0.08370000000000011,0.2594580523952477
-0.08270000000000022,0.25790186996539616
-0.0817000000000001,0.25959952352523424
-0.08070000000000022,0.2611557059550858
-0.0797000000000001,0.25974099465522077
-0.07870000000000021,0.26058982143513976
-0.0777000000000001,0.2625704172549508
-0.07670000000000021,0.2617215904750318
-0.0757000000000001,0.26356071516485635
-0.07470000000000021,0.2621460038649913
-0.0737000000000001,0.2631363017748969
-0.07270000000000021,0.2661071955046134
-0.0717000000000001,0.26299483064491036
-0.07070000000000021,0.26455101307476186
-0.0697000000000001,0.2666730800245595
-0.0687000000000002,0.2652583687246944
-0.0677000000000001,0.26695602228453247
-0.0667000000000002,0.2666730800245595
-0.06570000000000009,0.268229262454411
-0.0647000000000002,0.269926916014249
-0.06370000000000009,0.2662486666345999
-0.0627000000000002,0.2700683871442355
-0.06170000000000009,0.2726148674839926
-0.0607000000000002,0.269643973754276
-0.059700000000000086,0.27176604070407356
-0.058700000000000196,0.27148309844410057
-0.057700000000000085,0.27134162731411404
-0.056700000000000195,0.27445399217381716
-0.05570000000000008,0.2731807520039386
-0.05470000000000019,0.2723319252240196
-0.05370000000000008,0.2754442900837227
-0.05270000000000019,0.2740295787838576
-0.05170000000000008,0.2767175302536012
-0.05070000000000019,0.2751613478237496
-0.04970000000000008,0.27586870347368214
-0.04870000000000019,0.27841518381343927
-0.047700000000000076,0.2770004725135742
-0.046700000000000186,0.2774248859035337
-0.045700000000000074,0.2799713662432907
-0.044700000000000184,0.2779907704234797
-0.04370000000000007,0.2806787218932233
-0.04270000000000018,0.2799713662432907
-0.04170000000000007,0.2815275486731423
-0.04070000000000018,0.28322520223298037
-0.03970000000000007,0.2812446064131693
-0.03870000000000018,0.2823763754530613
-0.03770000000000007,0.2839325578829129
-0.03670000000000018,0.28350814449295336
-0.035700000000000065,0.2856302114427509
-0.034700000000000175,0.28534726918277786
-0.03370000000000006,0.2854887403127644
-0.03270000000000017,0.28775227839254847
-0.03170000000000006,0.28591315370272397
-0.03070000000000017,0.2874693361325754
-0.02970000000000006,0.29058170099227854
-0.02870000000000017,0.28973287421235955
-0.027700000000000058,0.29072317212226506
-0.026700000000000168,0.29199641229214357
-0.025700000000000056,0.2917134700321706
-0.024700000000000166,0.2929867102020491
-0.023700000000000054,0.29284523907206256
-0.022700000000000164,0.2924208256821031
-0.021700000000000053,0.2958161328017792
-0.020700000000000163,0.2944014215019141
-0.01970000000000005,0.2960990750617522
-0.01870000000000016,0.2958161328017792
-0.01770000000000005,0.2959576039317657
-0.01670000000000016,0.29822114201154976
-0.015700000000000047,0.29807967088156323
-0.014700000000000157,0.29793819975157676
-0.013700000000000045,0.30175792026121234
-0.012700000000000156,0.2986455554015092
-0.011700000000000044,0.3024652759111448
-0.010700000000000154,0.3021823336511718
-0.009700000000000042,0.3018993913911988
-0.008700000000000152,0.30430440060096936
-0.00770000000000004,0.3024652759111448
-0.00670000000000015,0.30402145834099636
-0.005700000000000038,0.3064264675507669
-0.0047000000000001485,0.30571911190083445
-0.0037000000000000366,0.30826559224059147
-0.0027000000000001467,0.3064264675507669
-0.0017000000000000348,0.30699235207071296
-0.000700000000000145,0.310104716930416
0.00029999999999996696,0.3093973612804835
0.0012999999999998568,0.310670601450362
0.0022999999999999687,0.3113779571002946
0.0032999999999998586,0.31151942823028106
0.0042999999999999705,0.3136414951800786
0.00529999999999986,0.31321708179011915
0.006299999999999972,0.3130756106601326
0.007299999999999862,0.31675386003978173
0.008299999999999974,0.3156220909998897
0.009299999999999864,0.31632944664982215
0.010299999999999976,0.31873445585959276
0.011299999999999866,0.3176026868197007
0.012299999999999978,0.3204321094194308
0.013299999999999867,-0.01849027668923603
0.012299999999999978,-0.10460375351202081
0.011299999999999866,-0.11736444943680345
0.010299999999999976,-0.12473509530910029
0.009299999999999864,-0.13268577281434177
0.008299999999999974,-0.13861341316077627
0.007299999999999862,-0.1423199567664227
0.006299999999999972,-0.14797880196588284
0.00529999999999986,-0.15052528230563988
0.0042999999999999705,-0.15363764716534298
0.0032999999999998586,-0.16056973253468165
0.0022999999999999687,-0.16028679027470866
0.0012999999999998568,-0.16368209739438472
0.00029999999999996696,-0.1656626932141958
-0.000700000000000145,-0.16905800033387192
-0.0017000000000000348,-0.17217036519357498
-0.0027000000000001467,-0.17188742293360199
-0.0037000000000000366,-0.17429243214337253
-0.0047000000000001485,-0.17811215265300812
-0.005700000000000038,-0.17797068152302162
-0.00670000000000015,-0.17966833508285968
-0.00770000000000004,-0.18221481542261672
-0.008700000000000152,-0.18334658446250876
-0.009700000000000042,-0.18532718028231981
-0.010700000000000154,-0.18631747819222533
-0.011700000000000044,-0.18645894932221183
-0.012700000000000156,-0.18942984305192842
-0.013700000000000045,-0.18985425644188791
-0.014700000000000157,-0.19084455435179343
-0.015700000000000047,-0.1919763233916855
-0.01670000000000016,-0.192966621301591
-0.01770000000000005,-0.19551310164134805
-0.01870000000000016,-0.192966621301591
-0.01970000000000005,-0.19551310164134805
-0.020700000000000163,-0.19791811085111863
-0.021700000000000053,-0.19791811085111863
-0.022700000000000164,-0.19820105311109162
-0.023700000000000054,-0.19848399537106462
-0.024700000000000166,-0.19904987989101067
-0.025700000000000056,-0.20187930249074074
-0.026700000000000168,-0.20046459119087567
-0.027700000000000058,-0.20145488910078121
-0.02870000000000017,-0.2035769560505788
-0.02970000000000006,-0.20230371588070023
-0.03070000000000017,-0.2040013694405383
-0.03170000000000006,-0.20329401379060577
-0.03270000000000017,-0.2040013694405383
-0.03370000000000006,-0.20711373430024138
-0.034700000000000175,-0.20527460961041682
-0.035700000000000065,-0.2073966765602144
-0.03670000000000018,-0.2065478497802954
-0.03770000000000007,-0.20683079204026839
-0.03870000000000018,-0.2089528589900659
-0.03970000000000007,-0.20909433012005244
-0.04070000000000018,-0.20852844560010642
-0.04170000000000007,-0.21079198367989047
-0.04270000000000018,-0.20951874351001196
-0.04370000000000007,-0.20937727238002546
-0.044700000000000184,-0.21248963723972852
-0.045700000000000074,-0.20980168576998495
-0.046700000000000186,-0.21149933932982298
-0.047700000000000076,-0.211782281589796
-0.04870000000000019,-0.21234816610974203
-0.04970000000000008,-0.21418729079956658
-0.05070000000000019,-0.21404581966958006
-0.05170000000000008,-0.21135786819983648
-0.05270000000000019,-0.2151775887094721
-0.05370000000000008,-0.21475317531951257
-0.05470000000000019,-0.2153190598394586
-0.05570000000000008,-0.21503611757948557
-0.056700000000000195,-0.21588494435940458
-0.057700000000000085,-0.21687524226931013
-0.058700000000000196,-0.2153190598394586
-0.059700000000000086,-0.21588494435940458
-0.0607000000000002,-0.21843142469916169
-0.06170000000000009,-0.21942172260906717
-0.0627000000000002,-0.21800701130920216
-0.06370000000000009,-0.21843142469916169
-0.0647000000000002,-0.21857289582914816
-0.06570000000000009,-0.2198461359990267
-0.0667000000000002,-0.2181484824391887
-0.0677000000000001,-0.2192802514790807
-0.0687000000000002,-0.22055349164895924
-0.0697000000000001,-0.2189973092191077
-0.07070000000000021,-0.22083643390893223
-0.0717000000000001,-0.22168526068885125
-0.07270000000000021,-0.21970466486904017
-0.0737000000000001,-0.2235243853786758
-0.07470000000000021,-0.22083643390893223
-0.0757000000000001,-0.22182673181883775
-0.07670000000000021,-0.22366585650866228
-0.0777000000000001,-0.2202705493889862
-0.07870000000000021,-0.2239487987686353
-0.0797000000000001,-0.22309997198871628
-0.08070000000000022,-0.22309997198871628
-0.0817000000000001,-0.22578792345845985
-0.08270000000000022,-0.2235243853786758
-0.08370000000000011,-0.22409026989862182
-0.08470000000000022,-0.22522203893851384
-0.08570000000000011,-0.22607086571843285
-0.08670000000000022,-0.22479762554855431
-0.08770000000000011,-0.22592939458844638
-0.08870000000000022,-0.22550498119848683
-0.08970000000000011,-0.2267782213683654
-0.09070000000000022,-0.2267782213683654
-0.09170000000000011,-0.2267782213683654
-0.09270000000000023,-0.2279099904082574
-0.09370000000000012,-0.22649527910839237
-0.09470000000000023,-0.2279099904082574
-0.09570000000000012,-0.22918323057813594
-0.09670000000000023,-0.2279099904082574
-0.09770000000000012,-0.23017352848804143
-0.09870000000000023,-0.22833440379821693
-0.09970000000000012,-0.22875881718817642
-0.10070000000000023,-0.23158823978790652
-0.10170000000000012,-0.2307394130079875
-0.10270000000000024,-0.22989058622806843
-0.10370000000000013,-0.2310223552679605
-0.10470000000000024,-0.23031499961802795
-0.10570000000000013,-0.23427619125765006
-0.10670000000000024,-0.23116382639794697
-0.10770000000000013,-0.23116382639794697
-0.10870000000000024,-0.23413472012766354
-0.10970000000000013,-0.23342736447773108
-0.11070000000000024,-0.23498354690758255
-0.11170000000000013,-0.23371030673770407
-0.11270000000000002,-0.23441766238763656
-0.11370000000000013,-0.23639825820744764
-0.11470000000000002,-0.23498354690758255
-0.11570000000000014,-0.23470060464760956
-0.11670000000000003,-0.23710561385738013
-0.11770000000000014,-0.23554943142752863
-0.11870000000000003,-0.23809591176728565
-0.11970000000000014,-0.23767149837732615
-0.12070000000000003,-0.2382373828972722
-0.12170000000000014,-0.2397935653271237
-0.12270000000000003,-0.23795444063729917
-0.12370000000000014,-0.2386617962872317
-0.12470000000000003,-0.24149121888696176
-0.12570000000000014,-0.24064239210704275
-0.12670000000000003,-0.24177416114693479
-0.12770000000000015,-0.24035944984706975
-0.12870000000000004,-0.24177416114693479
-0.12970000000000015,-0.24417917035670533
-0.13070000000000004,-0.24304740131681332
-0.13170000000000015,-0.24219857453689428
-0.13270000000000004,-0.24474505487665132
-0.13370000000000015,-0.24474505487665132
-0.13470000000000004,-0.24615976617651636
-0.13570000000000015,-0.24658417956647588
-0.13670000000000004,-0.24785741973635445
-0.13770000000000016,-0.24757447747638137
-0.13870000000000005,-0.2482818331263139
-0.13970000000000016,-0.24785741973635445
-0.14070000000000005,-0.25012095781613847
-0.14170000000000016,-0.24955507329619245
-0.14270000000000005,-0.25139419798601703
-0.14370000000000016,-0.252808909285882
-0.14470000000000005,-0.2515356691160035
-0.14570000000000016,-0.2547895051056931
-0.14670000000000005,-0.2526674381558955
-0.14770000000000016,-0.2537992071957876
-0.14870000000000005,-0.25691157205549064
-0.14970000000000017,-0.2554968607556256
-0.15070000000000006,-0.2580433410953827
-0.15170000000000017,-0.2586092256153287
-0.15270000000000006,-0.25634568753554465
-0.15370000000000017,-0.2615801193450453
-0.15470000000000006,-0.26002393691519377
-0.15570000000000017,-0.26129717708507233
-0.15670000000000006,-0.2648339553347349
-0.15770000000000017,-0.2621460038649913
-0.15870000000000006,-0.2648339553347349
-0.15970000000000018,-0.2656827821146539
-0.16070000000000007,-0.2663901377645864
-0.16170000000000018,-0.2689366181043435
-0.16270000000000007,-0.268229262454411
-0.16370000000000018,-0.27120015618412757
-0.16470000000000007,-0.2723319252240196
-0.16570000000000018,-0.27148309844410057
-0.16670000000000007,-0.2738881076538711
-0.16770000000000018,-0.27445399217381716
-0.16870000000000007,-0.27558576121370915
-0.16970000000000018,-0.27883959720339874
-0.17070000000000007,-0.2781322415534663
-0.17170000000000019,-0.2799713662432907
-0.17270000000000008,-0.2808201930232098
-0.1737000000000002,-0.28350814449295336
-0.17470000000000008,-0.2843569712728724
-0.1757000000000002,-0.28676198048264295
-0.17670000000000008,-0.28732786500258894
-0.1777000000000002,-0.29058170099227854
-0.17870000000000008,-0.29086464325225153
-0.1797000000000002,-0.2911475855122245
-0.18070000000000008,-0.2956746616717927
-0.1817000000000002,-0.29510877715184664
-0.18270000000000008,-0.29779672862159023
-0.1837000000000002,-0.2996358533114148
-0.1847000000000001,-0.30034320896134725
-0.1857000000000002,-0.30529469851087493
-0.1867000000000001,-0.30571911190083445
-0.1877000000000002,-0.3055776407708479
-0.1887000000000001,-0.310387659190389
-0.1897000000000002,-0.310670601450362
-0.1907000000000001,-0.3144903219599976
-0.1917000000000001,-0.31576356212987616
-0.19269999999999998,-0.3173197445597277
-0.1937000000000001,-0.3214224073293363
-0.19469999999999998,-0.32269564749921487
-0.1957000000000001,-0.3245347721890394
-0.19669999999999999,-0.32976920399854004
-0.1977000000000001,-0.3290618483486075
-0.1987,-0.33274009772825663
-0.1997000000000001,-0.33655981823789227
-0.2007,-0.33655981823789227
-0.2017000000000001,-0.3427845479572984
-0.2027,-0.3432089613472579
-0.2037000000000001,-0.345472499427042
-0.2047,-0.35169722914644813
-0.2057000000000001,-0.3519801714064211
-0.2067,-0.35664871869597575
-0.2077000000000001,-0.3587707856457733
-0.2087,-0.36188315050547637
-0.2097000000000001,-0.3672590534449635
-0.2107,-0.36839082248485555
-0.2117000000000001,-0.37221054299449113
-0.2127,-0.37687909028404576
-0.2137000000000001,-0.37942557062380283
-0.2147,-0.3872064827730605
-0.2157000000000001,-0.3900359053727906
-0.2167,-0.3910262032826961
-0.21770000000000012,-0.39611916396221025
-0.2187,-0.3982412309120078
-0.21970000000000012,-0.404183018371441
-0.2207,-0.40913450792096867
-0.22170000000000012,-0.4118224593907122
-0.2227,-0.4162080644202938
-0.22370000000000012,-0.42002778492992937
-0.2247,-0.4245548610894975
-0.22570000000000012,-0.4319113598487957
-0.2267,-0.43516519583848523
-0.22770000000000012,-0.43813608956820194
-0.22870000000000001,-0.4464828862374056
-0.22970000000000013,-0.4486049531872031
-0.23070000000000002,-0.4563858653364608
-0.23170000000000013,-0.46091294149602896
-0.23270000000000002,-0.46374236409575903
-0.23370000000000013,-0.4733624009348413
-0.23470000000000002,-0.4764747657945444
-0.23570000000000013,-0.48284096664393705
-0.23670000000000002,-0.4890656963633432
-0.2376999999999999,-0.4934513013929247
-0.23870000000000002,-0.5015151558021554
-0.2396999999999999,-0.5059007608317371
-0.24070000000000003,-0.5136816729809948
-0.24169999999999991,-0.519906402700401
-0.24270000000000003,-0.5247164211199421
-0.24369999999999992,-0.5315070353592943
-0.24470000000000003,-0.5408441299384036
-0.24569999999999992,-0.5446638504480392
-0.24670000000000003,-0.5531521182472294
-0.24769999999999992,-0.5599427324865814
-0.24870000000000003,-0.5660259910760012
-0.24969999999999992,-0.576353383565016
-0.25070000000000003,-0.5810219308545705
-0.2516999999999999,-0.5886613718738418
-0.25270000000000004,-0.5978569953229644
-0.2536999999999999,-0.6046476095623167
-0.25470000000000004,-0.6131358773615069
-0.2556999999999999,-0.6216241451606972
-0.25670000000000004,-0.6292635861799682
-0.25769999999999993,-0.63930803640901
-0.25870000000000004,-0.6453912949984297
-0.25969999999999993,-0.6534551494076605
-0.26070000000000004,-0.6649143109365673
-0.26169999999999993,-0.672129338565879
-0.26270000000000004,-0.6823152599249072
-0.26369999999999993,-0.6913694122440435
-0.26470000000000005,-0.7002820934331931
-0.26569999999999994,-0.711458312702127
-0.26670000000000005,-0.7229174742310338
-0.26769999999999994,-0.7281519060405344
-0.26870000000000005,-0.7410257788693063
-0.26969999999999994,-0.7492311044085235
-0.27070000000000005,-0.7606902659374303
-0.27169999999999994,-0.771583542946391
-0.27270000000000005,-0.7797888684856082
-0.27369999999999994,-0.7954921639141102
-0.27470000000000006,-0.8018583647635027
-0.27569999999999995,-0.8143078242023152
-0.27670000000000006,-0.8270402259011005
-0.27769999999999995,-0.8366602627401827
-0.27870000000000006,-0.8499585489589141
-0.27969999999999995,-0.8618421238777804
-0.28070000000000006,-0.8711792184568896
-0.28169999999999995,-0.8863166293654455
-0.28270000000000006,-0.8960781373345142
-0.28369999999999995,-0.9090934812932725
-0.28470000000000006,-0.924089421071842
-0.28569999999999995,-0.9344168135608568
-0.28670000000000007,-0.9496956955993991
-0.28769999999999996,-0.9615792705182654
-0.28870000000000007,-0.9740287299570778
-0.28969999999999996,-0.9895905542555933
-0.29070000000000007,-1.0034547249942705
-0.29169999999999996,-1.0163285978230423
-0.29270000000000007,-1.0318904221215577
-0.29369999999999996,-1.0446228238203432
-0.2947000000000001,-1.0613164171587506
-0.29569999999999996,-1.0764538280673064
-0.2967000000000001,-1.0904594699359704
-0.29769999999999996,-1.1061627653644721
-0.2987000000000001,-1.121017234013055
-0.29969999999999997,-1.1372864139615029
-0.3007000000000001,-1.1545458918198563
-0.30169999999999997,-1.1682685914285473
-0.3027000000000001,-1.1869427805867658
-0.30369999999999997,-1.2025046048852812
-0.3047000000000001,-1.2204714383935673
-0.30569999999999997,-1.237872387381907
-0.3067000000000001,-1.2525853849005035
-0.3077,-1.2704107472788029
-0.3087000000000001,-1.289792292086954
-0.3097,-1.3060614720354018
-0.3107000000000001,-1.3267162570134312
-0.3117,-1.345673388431623
-0.3127000000000001,-1.3620840395100575
-0.3137,-1.383304709008033
-0.3147000000000001,-1.4015544847762917
-0.3157,-1.420370145064497
-0.3167000000000001,-1.4415908145624723
-0.3177,-1.459982061460718
-0.3187000000000001,-1.4826174422585585
-0.3197,-1.502423400456669
-0.3207000000000001,-1.5222293586547795
-0.3217,-1.54486473945262
-0.3227000000000001,-1.5632559863508655
-0.3237,-1.587306078448571
-0.3247000000000001,-1.6099414592464116
-0.3257,-1.6297474174445223
-0.3267000000000001,-1.655212220842093
-0.3277,-1.6764328903400685
-0.3287000000000001,-1.6976535598380442
-0.3297,-1.7245330745354797
-0.3307000000000001,-1.7457537440334552
-0.3317,-1.769803836131161
-0.3327000000000001,-1.7952686395287314
-0.3337,-1.8193187316264372
-0.3347000000000001,-1.8461982463238729
-0.3357,-1.8702483384215782
-0.3367000000000001,-1.895713141819149
-0.3377,-1.92400736781645
-0.3387000000000001,-1.9480574599141556
-0.3397,-1.9763516859114565
-0.3407000000000001,-2.0032312006088917
-0.3417,-2.0315254266061924
-0.3427000000000001,-2.0584049413036287
-0.3437,-2.0881138786007942
-0.3447000000000001,-2.116408104598095
-0.3457,-2.1461170418952604
-0.3467000000000001,-2.1758259791924264
-0.3477,-2.204120205189727
-0.3487000000000001,-2.2366585650866226
-0.3497,-2.2677822136836534
-0.3507000000000001,-2.298905862280684
-0.3517,-2.33144422217758
-0.3527000000000001,-2.361153159474746
-0.3537,-2.396520941971372
-0.3547000000000001,-2.4290593018682682
-0.3557,-2.463012373065029
-0.35670000000000013,-2.49979486686152
-0.3577,-2.532333226758415
-0.35870000000000013,-2.5662862979551764
-0.3597,-2.6044835030515325
-0.36070000000000013,-2.6384365742482934
-0.3617,-2.6780484906445143
-0.3626999999999999,-2.7134162731411404
-0.3637,-2.7530281895373614
-0.3646999999999999,-2.791225394633717
-0.3657,-2.8294225997300737
-0.3666999999999999,-2.870449227426159
-0.3677,-2.9086464325225156
-0.3686999999999999,-2.9525024828183315
-0.36970000000000003,-2.9935291105144173
-0.3706999999999999,-3.0331410269106387
-0.37170000000000003,-3.07841178850632
-0.3726999999999999,-3.119438416202406
-0.37370000000000003,-3.164709177798087
-0.3746999999999999,-3.2099799393937682
-0.37570000000000003,-3.2552507009894494
-0.3766999999999999,-3.3005214625851305
-0.37770000000000004,-3.3486216467805416
-0.3786999999999999,-3.3953071196760884
-0.37970000000000004,-3.4434073038714996
-0.3806999999999999,-3.4957516219665052
-0.38170000000000004,-3.542437094862052
-0.38269999999999993,-3.594781412957058
-0.38370000000000004,-3.6457110197521994
-0.38469999999999993,-3.696640626547341
-0.38570000000000004,-3.751814367242077
-0.38669999999999993,-3.8027439740372184
-0.38770000000000004,-3.8579177147319554
-0.38869999999999993,-3.914506166726557
-0.38970000000000005,-3.969679907421293
-0.39069999999999994,-4.027683070715759
-0.39170000000000005,-4.085686234010226
-0.39269999999999994,-4.143689397304692
-0.39370000000000005,-4.20452198319889
-0.39469999999999994,-4.265354569093086
-0.39570000000000005,-4.326187154987283
-0.39669999999999994,-4.389849163481209
-0.39770000000000005,-4.450681749375406
-0.39869999999999994,-4.5171731804690625
-0.39970000000000006,-4.585079322862584
-0.40069999999999995,-4.651570753956241
-0.40170000000000006,-4.7208916076496275
-0.40269999999999995,-4.785968327443419
-0.40370000000000006,-4.856703892436671
-0.40469999999999995,-4.928854168729788
-0.40570000000000006,-5.001004445022905
-0.40669999999999995,-5.073154721316022
-0.40770000000000006,-5.148134420208869
-0.40869999999999995,-5.220284696501986
-0.40970000000000006,-5.302337951894157
-0.41069999999999995,-5.3759029394871405
-0.41170000000000007,-5.457956194879311
-0.41269999999999996,-5.540009450271484
-0.41370000000000007,-5.6192332830639256
-0.41469999999999996,-5.701286538456097
-0.41570000000000007,-5.787583927747865
-0.41669999999999996,-5.869637183140037
-0.41770000000000007,-5.9601787063314
-0.41869999999999996,-6.045061384323302
-0.4197000000000001,-6.134188196214799
-0.42069999999999996,-6.226144430706027
-0.4217000000000001,-6.316685953897389
-0.42269999999999996,-6.410056899688482
-0.4237000000000001,-6.504842556779439
-0.42469999999999997,-6.601042925170261
-0.4257000000000001,-6.698658004860949
-0.42669999999999997,-6.796273084551637
-0.4277000000000001,-6.896717586842053
-0.42869999999999997,-7.004235645631797
-0.4297000000000001,-7.104680147922214
-0.43069999999999997,-7.210783495412092
-0.4317000000000001,-7.315472131602105
-0.4327,-7.4244049016917115
-0.4337000000000001,-7.5347523830811864
-0.4347,-7.646514575770523
-0.4357000000000001,-7.762520902359456
-0.4367,-7.878527228948389
-0.4377000000000001,-7.991704132937592
-0.4387,-8.11195459342612
-0.4397000000000001,-8.232205053914647
-0.4407,-8.355284937002907
-0.4417000000000001,-8.481194242690894
-0.4427,-8.605688837079018
-0.4437000000000001,-8.731598142767007
-0.4447,-8.864581004954319
-0.4457000000000001,-8.994734444541903
-0.4467,-9.130546729328946
-0.4477000000000001,-9.26635901411599
-0.4487,-9.403586010202897
-0.4497000000000001,-9.546471851489269
-0.4507,-9.685113558876042
-0.4517000000000001,-9.830828822762141
-0.4527,-9.979373509247969
-0.4537000000000001,-10.127918195733796
-0.4547,-10.279292304819355
-0.4557000000000001,-10.433495836504646
-0.4567,-10.587699368189934
-0.4577000000000001,-10.746147033774818
-0.4587,-10.903179988059838
-0.4597000000000001,-11.071530632743777
-0.4607,-11.237051854827985
-0.4617000000000001,-11.405402499511926
-0.4627,-11.576582566795595
-0.4637000000000001,-11.747762634079265
-0.4647,-11.92318683526253
-0.4657000000000001,-12.104269881645255
-0.4667,-12.283938216728114
-0.4677000000000001,-12.470680108310297
-0.4687,-12.658836711192349
-0.4697000000000001,-12.846993314074398
-0.4707,-13.043638184755638
-0.4717000000000001,-13.241697766736744
-0.4727,-13.436927926118118
-0.4737000000000001,-13.639231641998819
-0.4747,-13.842950069179384
-0.4757000000000001,-14.056571475459005
-0.4767,-14.274437015638219
-0.4777000000000001,-14.486643710617974
-0.4787,-14.69885040559773
-0.4797000000000001,-14.925204213576137
-0.4807,-15.137410908555893
-0.48170000000000013,-15.37791182953295
-0.4827,-15.604265637511356
-0.48370000000000013,-15.844766558488407
-0.4847,-16.085267479465468
-0.48570000000000013,-16.325768400442524
-0.4867,-16.580416434418233
-0.4876999999999999,-16.820917355395284
-0.4887,-17.07556538937099
-0.4896999999999999,-17.34436053634535
-0.4907,-17.599008570321057
-0.4916999999999999,-17.867803717295413
-0.4927,-18.13659886426977
-0.4936999999999999,-18.40539401124413
-0.49470000000000003,-18.688336271217132
-0.4956999999999999,-18.97127853119014
-0.49670000000000003,-19.2683679041618
-0.4976999999999999,-19.551310164134804
-0.49870000000000003,-19.848399537106463
-0.4996999999999999,-20.14548891007812
-0.5007,-20.456725396048434
-0.5016999999999999,-20.76796188201874
-0.5027,-21.079198367989047
-0.5036999999999999,-21.404581966958006
-0.5047,-21.71581845292831
-0.5056999999999999,-22.055349164895922
-0.5067,-22.38073276386488
-0.5076999999999999,-22.72026347583249
-0.5087,-23.059794187800097
-0.5096999999999999,-23.41347201276636
-0.5107,-23.767149837732617
-0.5116999999999999,-24.134974775697525
-0.5127,-24.488652600663784
-0.5136999999999999,-24.870624651627345
-0.5147,-25.238449589592253
-0.5156999999999999,-25.620421640555815
-0.5167,-26.016540804518023
-0.5176999999999999,-26.398512855481584
-0.5187,-26.794632019443796
-0.5196999999999999,-27.204898296404657
-0.5207,-27.615164573365515
-0.5216999999999999,-28.039577963325023
-0.5227,-28.44984424028589
-0.5236999999999999,-28.86011051724675
-0.5247,-29.29867102020491
-0.5257,-29.751378636161718
-0.5267000000000001,-30.189939139119886
-0.5277,-30.642646755076694
-0.5287000000000001,-31.095354371033505
-0.5297,-31.54806198699032
-0.5307000000000001,-32.02906382894443
-0.5317,-32.49591855789989
-0.5327000000000001,-32.99106751285265
-0.5337,-33.47206935480677
-0.5347000000000001,-33.96721830975953
-0.5357,-34.462367264712285
-0.5367000000000001,-34.9716633326637
-0.5377,-35.48095940061512
-0.5387000000000001,-36.00440258156518
-0.5397,-36.52784576251525
-0.5407000000000001,-37.07958316946261
-0.5417,-37.617173463411326
-0.5427000000000001,-38.16891087035869
-0.5437,-38.706501164307404
-0.5447000000000001,-39.272385684253415
-0.5457,-39.83827020419943
-0.5467000000000001,-40.4183018371441
-0.5477,-41.01248058308742
-0.5487000000000001,-41.606659329030734
-0.5497,-42.214985187972694
-0.5507000000000001,-42.82331104691466
-0.5517,-43.43163690585662
-0.5527000000000001,-44.03996276479859
-0.5537,-44.66243573673921
-0.5547000000000001,-45.31320293467712
-0.5557,-45.963970132615046
-0.5567000000000001,-46.61473733055296
-0.5577,-47.26550452849088
-0.5587000000000001,-47.93041883942744
-0.5597,-48.609480263362656
-0.5607000000000001,-49.30268880029653
-0.5617,-50.010044450229046
-0.5627000000000001,-50.70325298716291
-0.5637,-51.424755750094086
-0.5647000000000001,-52.11796428702795
-0.5657,-52.83946704995912
-0.5667000000000001,-53.56096981289029
-0.5677,-54.28247257582146
-0.5687000000000001,-55.018122451751275
-0.5697,-55.7820665536784
-0.5707000000000001,-56.560157768604164
-0.5717,-57.33824898352994
-0.5727000000000001,-58.10219308545706
-0.5737,-58.86613718738417
-0.5747000000000001,-59.6583755153086
-0.5757,-60.45061384323302
-0.5767000000000001,-61.27114639715474
-0.5777,-62.07753183807781
-0.5787000000000001,-62.89806439199953
-0.5797,-63.7044498329226
-0.5807000000000001,-64.55327661284163
-0.5817,-65.40210339276065
-0.5827000000000001,-66.27922439867696
-0.5837,-67.11390406559734
-0.5847000000000001,-67.99102507151366
-0.5857,-68.85399896443133
-0.5867000000000001,-68.96717586842054
-0.5857,-68.35885000947859
-0.5847000000000001,-67.7505241505366
-0.5837,-67.128051178596
-0.5827000000000001,-66.51972531965401
-0.5817,-65.86895812171612
-0.5807000000000001,-65.23233803677684
-0.5797,-64.56742372584027
-0.5787000000000001,-63.944950753899654
-0.5777,-63.3366248949577
-0.5767000000000001,-62.68585769701977
-0.5757,-62.04923761208051
-0.5747000000000001,-61.37017618814529
-0.5737,-60.70526187720872
-0.5727000000000001,-60.04034756627216
-0.5717,-59.432021707330186
-0.5707000000000001,-58.79540162239092
-0.5697,-58.14463442445301
-0.5687000000000001,-57.479720113516436
-0.5677,-56.84310002857717
-0.5667000000000001,-56.20647994363791
-0.5657,-55.56985985869864
-0.5647000000000001,-54.947386886758025
-0.5637,-54.324913914817415
-0.5627000000000001,-53.68829382987814
-0.5617,-53.094115083934824
-0.5607000000000001,-52.471642111994214
-0.5597,-51.86331625305225
-0.5587000000000001,-51.24084328111163
-0.5577,-50.66081164816696
-0.5567000000000001,-50.06663290222365
-0.5557,-49.472454156280335
-0.5547000000000001,-48.87827541033702
-0.5537,-48.26994955139505
-0.5527000000000001,-47.689917918450384
-0.5517,-47.13818051150302
-0.5507000000000001,-46.586443104555656
-0.5497,-46.006411471610996
-0.5487000000000001,-45.42637983866633
-0.5477,-44.84634820572166
-0.5467000000000001,-44.3229050247716
-0.5457,-43.78531473082289
-0.5447000000000001,-43.23357732387552
-0.5437,-42.681839916928155
-0.5427000000000001,-42.158396735978094
-0.5417,-41.63495355502803
-0.5407000000000001,-41.111510374077966
-0.5397,-40.57392008012925
-0.5387000000000001,-40.12121246417244
-0.5377,-39.59776928322238
-0.5367000000000001,-39.10262032826961
-0.5357,-38.607471373316855
-0.5347000000000001,-38.12646953136274
-0.5337,-37.631320576409976
-0.5327000000000001,-37.15031873445586
-0.5317,-36.669316892501755
-0.5307000000000001,-36.21660927654494
-0.5297,-35.735607434590825
-0.5287000000000001,-35.297046931632664
-0.5277,-34.8301922026772
-0.5267000000000001,-34.377484586720385
-0.5257,-33.924776970763574
-0.5247,-33.47206935480677
-0.5236999999999999,-33.0335088518486
-0.5227,-32.6090954618891
-0.5216999999999999,-32.184682071929586
-0.5207,-31.76026868197007
-0.5196999999999999,-31.350002405009217
-0.5187,-30.925589015049702
-0.5176999999999999,-30.529469851087494
-0.5167,-30.11920357412663
-0.5156999999999999,-29.708937297165768
-0.5147,-29.31281813320356
-0.5136999999999999,-28.93084608224
-0.5127,-28.548874031276437
-0.5116999999999999,-28.166901980312883
-0.5107,-27.78492992934932
-0.5096999999999999,-27.40295787838576
-0.5087,-27.049280053419505
-0.5076999999999999,-26.681455115454593
-0.5067,-26.32777729048833
-0.5056999999999999,-25.974099465522073
-0.5047,-25.620421640555815
-0.5036999999999999,-25.295038041586857
-0.5027,-24.941360216620595
-0.5016999999999999,-24.601829504652986
-0.5007,-24.27644590568403
-0.4996999999999999,-23.93691519371642
-0.49870000000000003,-23.61153159474746
-0.4976999999999999,-23.286147995778503
-0.49670000000000003,-22.974911509808198
-0.4956999999999999,-22.66367502383789
-0.49470000000000003,-22.352438537867577
-0.4936999999999999,-22.04120205189727
-0.4927,-21.744112678925614
-0.4916999999999999,-21.43287619295531
-0.4907,-21.13578681998365
-0.4896999999999999,-20.838697447011988
-0.4887,-20.555755187038983
-0.4876999999999999,-20.286960040064624
-0.4867,-19.98987066709297
-0.48570000000000013,-19.721075520118614
-0.4847,-19.452280373144255
-0.48370000000000013,-19.169338113171246
-0.4827,-18.91469007919554
-0.48170000000000013,-18.645894932221182
-0.4807,-18.391246898245473
-0.4797000000000001,-18.13659886426977
-0.4787,-17.881950830294063
-0.4777000000000001,-17.627302796318357
-0.4767,-17.386801875341302
-0.4757000000000001,-17.132153841365596
-0.4747,-16.90580003338719
-0.4737000000000001,-16.665299112410132
-0.4727,-16.424798191433077
-0.4717000000000001,-16.19844438345467
-0.4707,-15.957943462477614
-0.4697000000000001,-15.731589654499205
-0.4687,-15.519382959519453
-0.4677000000000001,-15.293029151541045
-0.4667,-15.080822456561293
-0.4657000000000001,-14.868615761581536
-0.4647,-14.65640906660178
-0.4637000000000001,-14.444202371622024
-0.4627,-14.24614278964092
-0.4617000000000001,-14.036765517260893
-0.4607,-13.837291223979923
-0.4597000000000001,-13.634987508099224
-0.4587,-13.441172060017713
-0.4577000000000001,-13.248771323236069
-0.4567,-13.05778529775429
-0.4557000000000001,-12.87245811747197
-0.4547,-12.687130937189648
-0.4537000000000001,-12.500389045607465
-0.4527,-12.320720710524604
-0.4517000000000001,-12.14246708674161
-0.4507,-11.96845759685821
-0.4497000000000001,-11.793033395674946
-0.4487,-11.620438617091411
-0.4477000000000001,-11.452087972407472
-0.4467,-11.286566750323264
-0.4457000000000001,-11.116801394339458
-0.4447,-10.955524306154844
-0.4437000000000001,-10.7914177953705
-0.4427,-10.634384841085481
-0.4417000000000001,-10.477351886800463
-0.4407,-10.325977777714902
-0.4397000000000001,-10.176018379929207
-0.4387,-10.02464427084365
-0.4377000000000001,-9.869026027858496
-0.4367,-9.720481341372667
-0.4357000000000001,-9.570521943586973
-0.4347,-9.430465524900336
-0.4337000000000001,-9.293238528813426
-0.4327,-9.15459682142665
-0.4317000000000001,-9.014540402740012
-0.43069999999999997,-8.874483984053375
-0.4297000000000001,-8.737256987966468
-0.42869999999999997,-8.605688837079018
-0.4277000000000001,-8.475535397491434
-0.42669999999999997,-8.349626091803447
-0.4257000000000001,-8.220887363515727
-0.42469999999999997,-8.092148635228009
-0.4237000000000001,-7.970483463439617
-0.42269999999999996,-7.841744735151897
-0.4217000000000001,-7.720079563363504
-0.42069999999999996,-7.596999680275248
-0.4197000000000001,-7.480993353686313
-0.41869999999999996,-7.366401738397246
-0.41770000000000007,-7.253224834408043
-0.41669999999999996,-7.137218507819109
-0.41570000000000007,-7.028285737729503
-0.41469999999999996,-6.915108833740299
-0.41370000000000007,-6.806176063650692
-0.41269999999999996,-6.698658004860949
-0.41170000000000007,-6.589725234771341
-0.41069999999999995,-6.492110155080653
-0.40970000000000006,-6.383177384991045
-0.40869999999999995,-6.278488748801033
-0.40770000000000006,-6.17945895781048
-0.40669999999999995,-6.0917468572188485
-0.40570000000000006,-5.98281408712924
-0.40469999999999995,-5.889443141338147
-0.40370000000000006,-5.793242772947325
-0.40269999999999995,-5.701286538456097
-0.40170000000000006,-5.6065008813651405
-0.40069999999999995,-5.511715224274183
-0.39970000000000006,-5.428247257582146
-0.39869999999999994,-5.333461600491188
-0.39770000000000005,-5.247164211199421
-0.39669999999999994,-5.1608668219076534
-0.39570000000000005,-5.071740010016156
-0.39469999999999994,-4.98827204332412
-0.39370000000000005,-4.903389365332218
-0.39269999999999994,-4.821336109940045
-0.39170000000000005,-4.742112277147603
-0.39069999999999994,-4.6614737330552956
-0.38970000000000005,-4.578005766363259
-0.38869999999999993,-4.5044407787702765
-0.38770000000000004,-4.425216945977835
-0.38669999999999993,-4.350237247084988
-0.38570000000000004,-4.276672259492005
-0.38469999999999993,-4.201692560599159
-0.38370000000000004,-4.130956995605907
-0.38269999999999993,-4.0588067193127895
-0.38170000000000004,-3.988071154319539
-0.3806999999999999,-3.9215797232258818
-0.37970000000000004,-3.85084415823263
-0.3786999999999999,-3.788596861038568
-0.37770000000000004,-3.7192760073451816
-0.3766999999999999,-3.6513698649516595
-0.37570000000000003,-3.591951990357328
-0.3746999999999999,-3.5282899818634013
-0.37370000000000003,-3.4646279733694745
-0.3726999999999999,-3.4066248100750083
-0.37170000000000003,-3.347206935480677
-0.3706999999999999,-3.287789060886346
-0.36970000000000003,-3.2269564749921487
-0.3686999999999999,-3.168953311697682
-0.3677,-3.113779571002946
-0.3666999999999999,-3.0586058303082093
-0.3657,-3.003432089613473
-0.3646999999999999,-2.9539171941181968
-0.3637,-2.8987434534234597
-0.3626999999999999,-2.8478138466283185
-0.3617,-2.795469528533313
-0.36070000000000013,-2.741710499138441
-0.3597,-2.69643973754276
-0.35870000000000013,-2.6469248420474836
-0.3577,-2.597409946552207
-0.35670000000000013,-2.552139184956526
-0.3557,-2.50262428946125
-0.3547000000000001,-2.460182950465299
-0.3537,-2.4134974775697526
-0.3527000000000001,-2.3668120046742067
-0.3517,-2.3257853769781205
-0.3507000000000001,-2.283344037982169
-0.3497,-2.238073276386488
-0.3487000000000001,-2.201290782589997
-0.3477,-2.1574347322941807
-0.3467000000000001,-2.12348166109742
-0.3457,-2.082455033401334
-0.3447000000000001,-2.0414284057052483
-0.3437,-2.004645911908757
-0.3427000000000001,-1.9692781294121309
-0.3417,-1.9324956356156402
-0.3407000000000001,-1.897127853119014
-0.3397,-1.8603453593225232
-0.3387000000000001,-1.8263922881257622
-0.3377,-1.7938539282288664
-0.3367000000000001,-1.7584861457322407
-0.3357,-1.72736249713521
-0.3347000000000001,-1.694824137238314
-0.3337,-1.6622857773414181
-0.3327000000000001,-1.6311621287443874
-0.3317,-1.5986237688474914
-0.3307000000000001,-1.5703295428501907
-0.3297,-1.540620605553025
-0.3287000000000001,-1.5094969569559942
-0.3277,-1.4826174422585585
-0.3267000000000001,-1.4529085049613928
-0.3257,-1.423199567664227
-0.3247000000000001,-1.395754168446845
-0.3237,-1.366752586799612
-0.3227000000000001,-1.3432683792218523
-0.3217,-1.3161059222644436
-0.3207000000000001,-1.2862555138372913
-0.3197,-1.2664495556391808
-0.3187000000000001,-1.2385797430318397
-0.3177,-1.2117002283344038
-0.3167000000000001,-1.1875086651067117
-0.3157,-1.1619023905791546
-0.3147000000000001,-1.1396914231712736
-0.3137,-1.1152169176836084
-0.3127000000000001,-1.0900350565460108
-0.3117,-1.0700876272179138
-0.3107000000000001,-1.0470278330301137
-0.3097,-1.02128008737257
-0.3087000000000001,-1.0010497157844997
-0.3077,-0.9782728638566729
-0.3067000000000001,-0.9579010211386163
-0.30569999999999997,-0.9383780052004788
-0.3047000000000001,-0.9147523264927326
-0.30369999999999997,-0.8960781373345142
-0.3027000000000001,-0.8751404100965116
-0.30169999999999997,-0.8537782694685497
-0.3007000000000001,-0.8363773204802097
-0.29969999999999997,-0.8141663530723287
-0.2987000000000001,-0.7980386442538671
-0.29769999999999996,-0.7790815128356756
-0.2967000000000001,-0.7587096701176191
-0.29569999999999996,-0.7418746056492252
-0.2947000000000001,-0.7237663010109527
-0.29369999999999996,-0.7043847562028018
-0.29270000000000007,-0.6899547009441784
-0.29169999999999996,-0.670148742746068
-0.29070000000000007,-0.6554357452274714
-0.28969999999999996,-0.637893325109145
-0.28870000000000007,-0.6206338472507915
-0.28769999999999996,-0.6056379074722221
-0.28670000000000007,-0.5897931409137338
-0.28569999999999995,-0.5735239609652859
-0.28470000000000006,-0.558669492316703
-0.28369999999999995,-0.5419758989782956
-0.28270000000000006,-0.5293849684094968
-0.28169999999999995,-0.5152378554108463
-0.28070000000000006,-0.4985442620724389
-0.27969999999999995,-0.48609480263362664
-0.27870000000000006,-0.4713818051150302
-0.27769999999999995,-0.45765910550633937
-0.27670000000000006,-0.44535111719751347
-0.27569999999999995,-0.4316284175888227
-0.27470000000000006,-0.4193204292799969
-0.27369999999999994,-0.40602214306126555
-0.27270000000000005,-0.39258238571254767
-0.27169999999999994,-0.3828208777434789
-0.27070000000000005,-0.37051288943465316
-0.26969999999999994,-0.3552340073961107
-0.26870000000000005,-0.3470286818568935
-0.26769999999999994,-0.33259862659827016
-0.26670000000000005,-0.3219882918492823
-0.26569999999999994,-0.3125097261401866
-0.26470000000000005,-0.2992114399214552
-0.26369999999999993,-0.29058170099227854
-0.26270000000000004,-0.2809616641531963
-0.26169999999999993,-0.267946320194438
-0.26070000000000004,-0.26002393691519377
-0.25969999999999993,-0.24799889086634092
-0.25870000000000004,-0.24021797871708325
-0.25769999999999993,-0.23017352848804143
-0.25670000000000004,-0.2198461359990267
-0.2556999999999999,-0.21135786819983648
-0.25470000000000004,-0.20173783136075424
-0.2536999999999999,-0.1922592656516585
-0.25270000000000004,-0.1849027668923603
-0.2516999999999999,-0.17514125892329155
-0.25070000000000003,-0.16778476016399335
-0.24969999999999992,-0.15915502123481662
-0.24870000000000003,-0.14939351326574787
-0.24769999999999992,-0.14316878354634172
-0.24670000000000003,-0.135104929137111
-0.24569999999999992,-0.12617810083496261
-0.24470000000000003,-0.11958554617759155
-0.24369999999999992,-0.11050309963245801
-0.24270000000000003,-0.10548087451793714
-0.24169999999999991,-0.09758678546469024
-0.24070000000000003,-0.08932487147347841
-0.2396999999999999,-0.08334064267504931
-0.23870000000000002,-0.0772998254246256
-0.2376999999999999,-0.0696886786313517
-0.23670000000000002,-0.0637610382849172
-0.23570000000000013,-0.05524447625972968
-0.23470000000000002,-0.050660811648166965
-0.23370000000000013,-0.044308757911772946
-0.23270000000000002,-0.037503996559422124
-0.23170000000000013,-0.03287789060886345
-0.23070000000000002,-0.02762931168636417
-0.22970000000000013,-0.019919135102099715
-0.22870000000000001,-0.014161260111649017
-0.22770000000000012,-0.008301525907608036
-0.2267,-0.005762119124350294
-0.22570000000000012,0.0001423199567664227
-0.2247,0.009116399616330297
-0.22370000000000012,0.010777270682371849
-0.2227,0.016042826140469518
-0.22170000000000012,0.02226755585987568
-0.2207,0.026030687917516674
-0.21970000000000012,0.03239688876690934
-0.2187,0.035679018982596226
-0.21770000000000012,0.039088473215270966
-0.2167,0.04662888444355161
-0.2157000000000001,0.05433906102781606
-0.2147,0.05249993633799151
-0.2137000000000001,0.06019596580925731
-0.2127,0.06129944062315204
-0.2117000000000001,0.06753831745555686
-0.2107,0.06971697285734901
-0.2097000000000001,0.07314057420302239
-0.2087,0.08000192400736782
-0.2077000000000001,0.08184104869719236
-0.2067,0.08455729439293323
-0.2057000000000001,0.09082446545133536
-0.2047,0.0923523536551896
-0.2037000000000001,0.09750190278669833
-0.2027,0.09873270161758091
-0.2017000000000001,0.10253827501421786
-0.2007,0.10719267519077383
-0.1997000000000001,0.10883374029861728
-0.1987,0.11271004926024747
-0.1977000000000001,0.11619023905791546
-0.19669999999999999,0.11812839353873056
-0.1957000000000001,0.12166517178839317
-0.19469999999999998,0.12426824058014481
-0.1937000000000001,0.12705522184087895
-0.19269999999999998,0.13163888645244168
-0.1917000000000001,0.13202085850340523
-0.1907000000000001,0.13517566470210426
-0.1897000000000002,0.13943394571469803
-0.1887000000000001,0.14042424362460354
-0.1877000000000002,0.14543232162612577
-0.1867000000000001,0.14472496597619325
-0.1857000000000002,0.14698850405597733
-0.1847000000000001,0.15151558021554543
-0.1837000000000002,0.15179852247551845
-0.18270000000000008,0.15363764716534298
-0.1817000000000002,0.15957943462477614
-0.18070000000000008,0.1585891367148706
-0.1797000000000002,0.1626917994844792
-0.17870000000000008,0.1625503283544927
-0.1777000000000002,0.16537975095422278
-0.17670000000000008,0.16877505807389886
-0.1757000000000002,0.16764328903400685
-0.17470000000000008,0.17103859615368294
-0.1737000000000002,0.17499978779330505
-0.17270000000000008,0.173868018753413
-0.17170000000000019,0.17797068152302162
-0.17070000000000007,0.17782921039303512
-0.16970000000000018,0.18037569073279217
-0.16870000000000007,0.18377099785246825
-0.16770000000000018,0.1844783535024008
-0.16670000000000007,0.18362952672248176
-0.16570000000000018,0.18801513175206336
-0.16470000000000007,0.19141043887173945
-0.16370000000000018,0.19112749661176645
-0.16270000000000007,0.19183485226169897
-0.16170000000000018,0.1922592656516585
-0.16070000000000007,0.19508868825138856
-0.15970000000000018,0.19607898616129407
-0.15870000000000006,0.1970692840711996
-0.15770000000000017,0.19989870667092968
-0.15670000000000006,0.2007475334508487
-0.15570000000000017,0.20187930249074074
-0.15470000000000006,0.20216224475071373
-0.15370000000000017,0.20244518701068673
-0.15270000000000006,0.20683079204026839
-0.15170000000000017,0.20541608074040332
-0.15070000000000006,0.20725520543022788
-0.14970000000000017,0.21050904141991747
-0.14870000000000005,0.20980168576998495
-0.14770000000000016,0.21135786819983648
-0.14670000000000005,0.2116408104598095
-0.14570000000000016,0.21291405062968802
-0.14470000000000005,0.2160264154893911
-0.14370000000000016,0.2151775887094721
-0.14270000000000005,0.21447023305953958
-0.14170000000000016,0.21871436695913468
-0.14070000000000005,0.21758259791924262
-0.13970000000000016,0.22055349164895924
-0.13870000000000005,0.22055349164895924
-0.13770000000000016,0.2204120205189727
-0.13670000000000004,0.2232414431187028
-0.13570000000000015,0.22182673181883775
-0.13470000000000004,0.2245146832885813
-0.13370000000000015,0.22550498119848683
-0.13270000000000004,0.22493909667854084
-0.13170000000000015,0.22748557701829786
-0.13070000000000004,0.22607086571843285
-0.12970000000000015,0.22904175944814942
-0.12870000000000004,0.22974911509808196
-0.12770000000000015,0.22974911509808196
-0.12670000000000003,0.22946617283810894
-0.12570000000000014,0.23286147995778506
-0.12470000000000003,0.232578537697812
-0.12370000000000014,0.23356883560771755
-0.12270000000000003,0.23314442221775805
-0.12170000000000014,0.23342736447773108
-0.12070000000000003,0.23625678707746112
-0.11970000000000014,0.23554943142752863
-0.11870000000000003,0.23583237368750162
-0.11770000000000014,0.23809591176728565
-0.11670000000000003,0.2359738448174881
-0.11570000000000014,0.2396520941971372
-0.11470000000000002,0.23809591176728565
-0.11370000000000013,0.24050092097705625
-0.11270000000000002,0.24177416114693479
-0.11170000000000013,0.24021797871708325
-0.11070000000000024,0.24064239210704275
-0.10970000000000013,0.2443206414866918
-0.10870000000000024,0.24318887244679982
-0.10770000000000013,0.24446211261667833
-0.10670000000000024,0.24361328583675934
-0.10570000000000013,0.24347181470677282
-0.10470000000000024,0.24729153521640837
-0.10370000000000013,0.24488652600663782
-0.10270000000000024,0.24700859295643537
-0.10170000000000012,0.24799889086634092
-0.10070000000000023,0.2471500640864219
-0.09970000000000012,0.250545371206098
-0.09870000000000023,0.24814036199632744
-0.09770000000000012,0.24927213103621945
-0.09670000000000023,0.25139419798601703
-0.09570000000000012,0.24927213103621945
-0.09470000000000023,0.250828313466071
-0.09370000000000012,0.25365773606580105
-0.09270000000000023,0.25167714024599
-0.09170000000000011,0.2540821494557606
-0.09070000000000022,0.2532333226758416
-0.08970000000000011,0.25365773606580105
-0.08870000000000022,0.2562042164055581
-0.08770000000000011,0.2554968607556256
-0.08670000000000022,0.2564871586655311
-0.08570000000000011,0.2574774565754367
-0.08470000000000022,0.25592127414558513
-0.08370000000000011,0.2594580523952477
-0.08270000000000022,0.25662862979551765
-0.0817000000000001,0.2584677544853422
-0.08070000000000022,0.26044835030515323
-0.0797000000000001,0.2594580523952477
-0.07870000000000021,0.25931658126526125
-0.0777000000000001,0.2625704172549508
-0.07670000000000021,0.26030687917516676
-0.0757000000000001,0.2628533595149239
-0.07470000000000021,0.2622874749949778
-0.0737000000000001,0.2621460038649913
-0.07270000000000021,0.26440954194477534
-0.0717000000000001,0.26455101307476186
-0.07070000000000021,0.26440954194477534
-0.0697000000000001,0.2656827821146539
-0.0687000000000002,0.2651168975947079
-0.0677000000000001,0.26837073358439745
-0.0667000000000002,0.2665316088945729
-0.06570000000000009,0.2665316088945729
-0.0647000000000002,0.269926916014249
-0.06370000000000009,0.26780484906445146
-0.0627000000000002,0.2709172139241546
-0.06170000000000009,0.2706342716641816
-0.0607000000000002,0.269643973754276
-0.059700000000000086,0.2728978097439656
-0.058700000000000196,0.2709172139241546
-0.057700000000000085,0.27035132940420853
-0.056700000000000195,0.2736051653938981
-0.05570000000000008,0.2724733963540061
-0.05470000000000019,0.2736051653938981
-0.05370000000000008,0.27601017460366867
-0.05270000000000019,0.2738881076538711
-0.05170000000000008,0.2764345879936282
-0.05070000000000019,0.27501987669376315
-0.04970000000000008,0.2764345879936282
-0.04870000000000019,0.2779907704234797
-0.047700000000000076,0.2774248859035337
-0.046700000000000186,0.2764345879936282
-0.045700000000000074,0.28025430850326377
-0.044700000000000184,0.27898106833338526
-0.04370000000000007,0.2813860775431558
-0.04270000000000018,0.2803957796332503
-0.04170000000000007,0.28025430850326377
-0.04070000000000018,0.28350814449295336
-0.03970000000000007,0.28251784658304785
-0.03870000000000018,0.2826593177130343
-0.03770000000000007,0.2844984424028589
-0.03670000000000018,0.2843569712728724
-0.035700000000000065,0.28619609596269696
-0.034700000000000175,0.2844984424028589
-0.03370000000000006,0.28605462483271044
-0.03270000000000017,0.2880352206525215
-0.03170000000000006,0.28676198048264295
-0.03070000000000017,0.2869034516126294
-0.02970000000000006,0.29044022986229207
-0.02870000000000017,0.2888840474324405
-0.027700000000000058,0.2921378834221301
-0.026700000000000168,0.29044022986229207
-0.025700000000000056,0.29029875873230554
-0.024700000000000166,0.29355259472199513
-0.023700000000000054,0.2929867102020491
-0.022700000000000164,0.2927037679420761
-0.021700000000000053,0.2960990750617522
-0.020700000000000163,0.29397700811195465
-0.01970000000000005,0.2966649595816982
-0.01870000000000016,0.2960990750617522
-0.01770000000000005,0.2962405461917387
-0.01670000000000016,0.29906996879146874
-0.015700000000000047,0.2973723152316307
-0.014700000000000157,0.29906996879146874
-0.013700000000000045,0.30105056461127977
-0.012700000000000156,0.2992114399214552
-0.011700000000000044,0.30260674704113133
-0.010700000000000154,0.3034555738210504
-0.009700000000000042,0.30373851608102337
-0.008700000000000152,0.30487028512091535
-0.00770000000000004,0.3044458717309559
-0.00670000000000015,0.3047288139909289
-0.005700000000000038,0.30755823659065895
-0.0047000000000001485,0.30685088094072643
-0.0037000000000000366,0.3091144190205105
-0.0027000000000001467,0.30854853450056446
-0.0017000000000000348,0.30883147676053746
-0.000700000000000145,0.3116608993602676
0.00029999999999996696,0.310670601450362
0.0012999999999998568,0.3116608993602676
0.0022999999999999687,0.31406590857003813
0.0032999999999998586,0.3136414951800786
0.0042999999999999705,0.31576356212987616
0.00529999999999986,0.31576356212987616
0.006299999999999972,0.31519767760993017
0.007299999999999862,0.31831004246963324
0.008299999999999974,0.3184515135996197
0.009299999999999864,0.3184515135996197
0.010299999999999976,0.3218468207192958
0.011299999999999866,0.31930034037953875
0.012299999999999978,0.32326153201916086
