Potential V vs RHE, Current mA cm-2
0.013299999999999867,-0.19876693763103764
0.012299999999999978,-0.25450656284572004
0.011299999999999866,-0.2608727636951128
0.010299999999999976,-0.2614386482150588
0.009299999999999864,-0.26582425324464043
0.008299999999999974,-0.2689366181043435
0.007299999999999862,-0.270209858274222
0.006299999999999972,-0.2727563386139791
0.00529999999999986,-0.27077574279416805
0.0042999999999999705,-0.2723319252240196
0.0032999999999998586,-0.27601017460366867
0.0022999999999999687,-0.27558576121370915
0.0012999999999998568,-0.2771419436435607
0.00029999999999996696,-0.2774248859035337
-0.000700000000000145,-0.2771419436435607
-0.0017000000000000348,-0.2811031352831828
-0.0027000000000001467,-0.2781322415534663
-0.0037000000000000366,-0.2801128373732773
-0.0047000000000001485,-0.27982989511330425
-0.005700000000000038,-0.2808201930232098
-0.00670000000000015,-0.28251784658304785
-0.00770000000000004,-0.28364961562293983
-0.008700000000000152,-0.28322520223298037
-0.009700000000000042,-0.2840740290128994
-0.010700000000000154,-0.28647903822266996
-0.011700000000000044,-0.28280078884302084
-0.012700000000000156,-0.2880352206525215
-0.013700000000000045,-0.28364961562293983
-0.014700000000000157,-0.2849228557928184
-0.015700000000000047,-0.2874693361325754
-0.01670000000000016,-0.2854887403127644
-0.01770000000000005,-0.289874345342346
-0.01870000000000016,-0.2852057980527914
-0.01970000000000005,-0.28761080726256194
-0.020700000000000163,-0.2886011051724675
-0.021700000000000053,-0.2886011051724675
-0.022700000000000164,-0.2886011051724675
-0.023700000000000054,-0.29086464325225153
-0.024700000000000166,-0.28761080726256194
-0.025700000000000056,-0.2924208256821031
-0.026700000000000168,-0.28930846082239997
-0.027700000000000058,-0.29044022986229207
-0.02870000000000017,-0.29284523907206256
-0.02970000000000006,-0.29029875873230554
-0.03070000000000017,-0.2921378834221301
-0.03170000000000006,-0.29128905664221105
-0.03270000000000017,-0.2931281813320356
-0.03370000000000006,-0.29454289263190064
-0.034700000000000175,-0.29256229681208956
-0.035700000000000065,-0.2938355369819681
-0.03670000000000018,-0.29510877715184664
-0.03770000000000007,-0.2932696524620221
-0.03870000000000018,-0.29680643071168467
-0.03970000000000007,-0.29510877715184664
-0.04070000000000018,-0.2960990750617522
-0.04170000000000007,-0.29708937297165766
-0.04270000000000018,-0.2956746616717927
-0.04370000000000007,-0.2955331905418062
-0.044700000000000184,-0.2993529110514418
-0.045700000000000074,-0.2973723152316307
-0.046700000000000186,-0.29906996879146874
-0.047700000000000076,-0.2996358533114148
-0.04870000000000019,-0.29793819975157676
-0.04970000000000008,-0.2999187955713878
-0.05070000000000019,-0.2993529110514418
-0.05170000000000008,-0.29822114201154976
-0.05270000000000019,-0.30373851608102337
-0.05370000000000008,-0.3016164491312258
-0.05470000000000019,-0.30147497800123935
-0.05570000000000008,-0.3018993913911988
-0.056700000000000195,-0.3018993913911988
-0.057700000000000085,-0.30628499642078044
-0.058700000000000196,-0.30232380478115833
-0.059700000000000086,-0.30232380478115833
-0.0607000000000002,-0.30600205416080745
-0.06170000000000009,-0.30784117885063195
-0.0627000000000002,-0.3067094098107399
-0.06370000000000009,-0.30600205416080745
-0.0647000000000002,-0.3061435252907939
-0.06570000000000009,-0.3102461880604025
-0.0667000000000002,-0.3067094098107399
-0.0677000000000001,-0.3076997077206455
-0.0687000000000002,-0.3102461880604025
-0.0697000000000001,-0.308690005630551
-0.07070000000000021,-0.3119438416202406
-0.0717000000000001,-0.3096803035404565
-0.07270000000000021,-0.3108120725803486
-0.0737000000000001,-0.3144903219599976
-0.07470000000000021,-0.31123648597030806
-0.0757000000000001,-0.31180237049025405
-0.07670000000000021,-0.31576356212987616
-0.0777000000000001,-0.31533914873991664
-0.07870000000000021,-0.31477326421997065
-0.0797000000000001,-0.3156220909998897
-0.08070000000000022,-0.3166123889097952
-0.0817000000000001,-0.3188759269895793
-0.08270000000000022,-0.31831004246963324
-0.08370000000000011,-0.3166123889097952
-0.08470000000000022,-0.32029063828944426
-0.08570000000000011,-0.31901739811956575
-0.08670000000000022,-0.3214224073293363
-0.08770000000000011,-0.32241270523924187
-0.08870000000000022,-0.32128093619934983
-0.08970000000000011,-0.3252421278389719
-0.09070000000000022,-0.3219882918492823
-0.09170000000000011,-0.32382741653910685
-0.09270000000000023,-0.32722272365878297
-0.09370000000000012,-0.3245347721890394
-0.09470000000000023,-0.32722272365878297
-0.09570000000000012,-0.32736419478876944
-0.09670000000000023,-0.32778860817872896
-0.09770000000000012,-0.3310424441684186
-0.09870000000000023,-0.329203319478594
-0.09970000000000012,-0.33047655964847256
-0.10070000000000023,-0.3340133378981352
-0.10170000000000012,-0.3318912709483376
-0.10270000000000024,-0.3350036358080407
-0.10370000000000013,-0.33571099145797323
-0.10470000000000024,-0.3354280491980002
-0.10570000000000013,-0.33839894292771683
-0.10670000000000024,-0.33726717388782473
-0.10770000000000013,-0.3378330584077708
-0.10870000000000024,-0.34122836552744684
-0.10970000000000013,-0.34037953874752785
-0.11070000000000024,-0.3422186634373524
-0.11170000000000013,-0.34434073038714996
-0.11270000000000002,-0.3432089613472579
-0.11370000000000013,-0.345755441687015
-0.11470000000000002,-0.345472499427042
-0.11570000000000014,-0.34844339315675854
-0.11670000000000003,-0.34844339315675854
-0.11770000000000014,-0.3508484023665291
-0.11870000000000003,-0.3507069312365426
-0.11970000000000014,-0.3525460559263671
-0.12070000000000003,-0.3519801714064211
-0.12170000000000014,-0.35594136304604324
-0.12270000000000003,-0.35565842078607024
-0.12370000000000014,-0.3567901898259622
-0.12470000000000003,-0.3597610835556788
-0.12570000000000014,-0.35933667016571935
-0.12670000000000003,-0.36287344841538194
-0.12770000000000015,-0.3655613998851255
-0.12870000000000004,-0.36414668858526045
-0.12970000000000015,-0.3685322936148421
-0.13070000000000004,-0.366551697795031
-0.13170000000000015,-0.3692396492647746
-0.13270000000000004,-0.3733423120343832
-0.13370000000000015,-0.37362525429435617
-0.13470000000000004,-0.3744740810742752
-0.13570000000000015,-0.3790011572338433
-0.13670000000000004,-0.3787182149738703
-0.13770000000000016,-0.38409411791335746
-0.13870000000000005,-0.3815476375736004
-0.13970000000000016,-0.383952646783371
-0.14070000000000005,-0.38777236729300657
-0.14170000000000016,-0.3881967806829661
-0.14270000000000005,-0.39215797232258814
-0.14370000000000016,-0.3956947505722508
-0.14470000000000005,-0.39357268362245323
-0.14570000000000016,-0.40064624012177835
-0.14670000000000005,-0.40022182673181883
-0.14770000000000016,-0.4022024225516299
-0.14870000000000005,-0.4054562585413195
-0.14970000000000017,-0.406729498711198
-0.15070000000000006,-0.4113980460007527
-0.15170000000000017,-0.4123883439106582
-0.15270000000000006,-0.4153592376403748
-0.15370000000000017,-0.4190374870200239
-0.15470000000000006,-0.4204521983198889
-0.15570000000000017,-0.4231401497896325
-0.15670000000000006,-0.4293648795090386
-0.15770000000000017,-0.4309210619388902
-0.15870000000000006,-0.4344578401885528
-0.15970000000000018,-0.4371457916582963
-0.16070000000000007,-0.44025815651799943
-0.16170000000000018,-0.44676582849737856
-0.16270000000000007,-0.44761465527729766
-0.16370000000000018,-0.4544052695166497
-0.16470000000000007,-0.45681027872642027
-0.16570000000000018,-0.45879087454623135
-0.16670000000000007,-0.4667132578254756
-0.16770000000000018,-0.46812796912534066
-0.16870000000000007,-0.47223063189494924
-0.16970000000000018,-0.4778894770944094
-0.17070000000000007,-0.480577428564153
-0.17170000000000019,-0.4858118603736536
-0.17270000000000008,-0.49316835913295176
-0.1737000000000002,-0.49387571478288433
-0.17470000000000008,-0.5008078001522229
-0.1757000000000002,-0.5057592897017505
-0.17670000000000008,-0.5102863658613187
-0.1777000000000002,-0.518774633660509
-0.17870000000000008,-0.5216040562602391
-0.1797000000000002,-0.5264140746797802
-0.18070000000000008,-0.5344779290890109
-0.1817000000000002,-0.5374488228187275
-0.18270000000000008,-0.5473518019177827
-0.1837000000000002,-0.5520203492073373
-0.1847000000000001,-0.556971838756865
-0.1857000000000002,-0.5668748178559202
-0.1867000000000001,-0.5697042404556503
-0.1877000000000002,-0.5793242772947326
-0.1887000000000001,-0.5868222471840172
-0.1897000000000002,-0.5917737367335448
-0.1907000000000001,-0.6009693601826676
-0.1917000000000001,-0.6094576279818578
-0.19269999999999998,-0.6155408865712775
-0.1937000000000001,-0.6255853368003192
-0.19469999999999998,-0.6318100665197254
-0.1957000000000001,-0.638742151889064
-0.19669999999999999,-0.6513330824578628
-0.1977000000000001,-0.658406638957188
-0.1987,-0.6683096180562434
-0.1997000000000001,-0.6770808281154066
-0.2007,-0.6864179226945158
-0.2017000000000001,-0.6953306038836656
-0.2027,-0.7053750541127073
-0.2037000000000001,-0.7142877353018571
-0.2047,-0.7281519060405344
-0.2057000000000001,-0.7349425202798866
-0.2067,-0.7506458157083884
-0.2077000000000001,-0.7585681989876326
-0.2087,-0.7711591295564314
-0.2097000000000001,-0.7834671178652574
-0.2107,-0.7939359814842585
-0.2117000000000001,-0.8041219028432868
-0.2127,-0.8222302074815594
-0.2137000000000001,-0.8293037639808845
-0.2147,-0.8503829623488736
-0.2157000000000001,-0.8622665372677398
-0.2167,-0.871037747326903
-0.21770000000000012,-0.8891460519651755
-0.2187,-0.9000393289741364
-0.21970000000000012,-0.9150352687527057
-0.2207,-0.9277676704514911
-0.22170000000000012,-0.9438953792699524
-0.2227,-0.9621451550382114
-0.22370000000000012,-0.9760093257768889
-0.2247,-0.9924199768553232
-0.22570000000000012,-1.0108112237535687
-0.2267,-1.0253827501421786
-0.22770000000000012,-1.040378689920748
-0.22870000000000001,-1.0618823016786967
-0.22970000000000013,-1.0773026548472253
-0.23070000000000002,-1.0931474214057137
-0.23170000000000013,-1.1126704373438514
-0.23270000000000002,-1.1299299152022049
-0.23370000000000013,-1.1519994114800993
-0.23470000000000002,-1.1695418315984258
-0.23570000000000013,-1.1930260391761855
-0.23670000000000002,-1.2133978818942421
-0.2376999999999999,-1.2323550133124335
-0.23870000000000002,-1.2531512694204494
-0.2396999999999999,-1.2739475255284654
-0.24070000000000003,-1.2938949548565624
-0.24169999999999991,-1.3211988829439578
-0.24270000000000003,-1.340297485492136
-0.24369999999999992,-1.3654793466297335
-0.24470000000000003,-1.3896709098574256
-0.24569999999999992,-1.411174521615374
-0.24670000000000003,-1.4345172580631471
-0.24769999999999992,-1.462811484060448
-0.24870000000000003,-1.4868615761581534
-0.24969999999999992,-1.5151558021554543
-0.25070000000000003,-1.5363764716534298
-0.2516999999999999,-1.5604265637511354
-0.25270000000000004,-1.5915502123481662
-0.2536999999999999,-1.6170150157457368
-0.25470000000000004,-1.6509680869424979
-0.2556999999999999,-1.6778476016399335
-0.25670000000000004,-1.700482982437774
-0.25769999999999993,-1.7316066310348048
-0.25870000000000004,-1.7655597022315657
-0.25969999999999993,-1.7924392169290013
-0.26070000000000004,-1.8249775768258971
-0.26169999999999993,-1.849027668923603
-0.26270000000000004,-1.884395451420229
-0.26369999999999993,-1.9183485226169896
-0.26470000000000005,-1.9494721712140204
-0.26569999999999994,-1.9820105311109162
-0.26670000000000005,-2.020207736207272
-0.26769999999999994,-2.049916673504438
-0.26870000000000005,-2.0866991673009294
-0.26969999999999994,-2.1206522384976902
-0.27070000000000005,-2.156020020994316
-0.27169999999999994,-2.192802514790807
-0.27270000000000005,-2.226755585987568
-0.27369999999999994,-2.2649527910839233
-0.27470000000000006,-2.30597941878001
-0.27569999999999995,-2.3371030673770408
-0.27670000000000006,-2.3781296950731265
-0.27769999999999995,-2.414912188869618
-0.27870000000000006,-2.4587682391654337
-0.27969999999999995,-2.4927213103621946
-0.28070000000000006,-2.533747938058281
-0.28169999999999995,-2.5776039883540967
-0.28270000000000006,-2.6172159047503176
-0.28369999999999995,-2.6497542646472136
-0.28470000000000006,-2.700683871442355
-0.28569999999999995,-2.740295787838576
-0.28670000000000007,-2.7813224155346625
-0.28769999999999996,-2.823763754530613
-0.28870000000000007,-2.863375670926834
-0.28969999999999996,-2.9086464325225156
-0.29070000000000007,-2.9581613280177916
-0.29169999999999996,-3.002017378313608
-0.29270000000000007,-3.043044006009694
-0.29369999999999996,-3.08407063370578
-0.2947000000000001,-3.129341395301461
-0.29569999999999996,-3.1802710020966023
-0.2967000000000001,-3.2212976297926885
-0.29769999999999996,-3.27505665918756
-0.2987000000000001,-3.310424441684186
-0.29969999999999997,-3.357109914579732
-0.3007000000000001,-3.4136983665743337
-0.30169999999999997,-3.4617985507697444
-0.3027000000000001,-3.504239889765696
-0.30369999999999997,-3.552340073961107
-0.3047000000000001,-3.594781412957058
-0.30569999999999997,-3.6541992875513896
-0.3067000000000001,-3.695225915247476
-0.3077,-3.7461555220426166
-0.3087000000000001,-3.794255706238028
-0.3097,-3.849429446932765
-0.3107000000000001,-3.8989443424280408
-0.3117,-3.944215104023722
-0.3127000000000001,-3.995144710818863
-0.3137,-4.043244895014275
-0.3147000000000001,-4.095589213109282
-0.3157,-4.153592376403748
-0.3167000000000001,-4.201692560599159
-0.3177,-4.251207456094435
-0.3187000000000001,-4.303551774189442
-0.3197,-4.358725514884178
-0.3207000000000001,-4.40965512167932
-0.3217,-4.4648288623740555
-0.3227000000000001,-4.518587891768927
-0.3237,-4.569517498564068
-0.3247000000000001,-4.624691239258805
-0.3257,-4.677035557353811
-0.3267000000000001,-4.730794586748683
-0.3277,-4.802944863041799
-0.3287000000000001,-4.856703892436671
-0.3297,-4.903389365332218
-0.3307000000000001,-4.958563106026954
-0.3317,-5.01090742412196
-0.3327000000000001,-5.073154721316022
-0.3337,-5.126913750710893
-0.3347000000000001,-5.194819893104414
-0.3357,-5.249993633799152
-0.3367000000000001,-5.309411508393483
-0.3377,-5.3575116925888935
-0.3387000000000001,-5.4169295671832245
-0.3397,-5.484835709576747
-0.3407000000000001,-5.5598154084695945
-0.3417,-5.59801261356595
-0.3427000000000001,-5.670162889859067
-0.3437,-5.733824898352994
-0.3447000000000001,-5.786169216448
-0.3457,-5.848416513642062
-0.3467000000000001,-5.910663810836123
-0.3477,-5.984228798429105
-0.3487000000000001,-6.040817250423707
-0.3497,-6.093161568518712
-0.3507000000000001,-6.172385401311155
-0.3517,-6.238876832404812
-0.3527000000000001,-6.291221150499819
-0.3537,-6.3548831589937445
-0.3547000000000001,-6.425618723986997
-0.3557,-6.504842556779439
-0.35670000000000013,-6.562845720073906
-0.3577,-6.633581285067157
-0.35870000000000013,-6.683096180562433
-0.3597,-6.765149435954606
-0.36070000000000013,-6.831640867048262
-0.3617,-6.915108833740299
-0.3626999999999999,-6.960379595335981
-0.3637,-7.043847562028017
-0.3646999999999999,-7.113168415721404
-0.3657,-7.183903980714656
-0.3666999999999999,-7.250395411808314
-0.3677,-7.315472131602105
-0.3686999999999999,-7.400354809594007
-0.36970000000000003,-7.462602106788069
-0.3706999999999999,-7.540411228280647
-0.37170000000000003,-7.619635061073087
-0.3726999999999999,-7.688955914766475
-0.37370000000000003,-7.7653503249591855
-0.3746999999999999,-7.840330023852035
-0.37570000000000003,-7.912480300145149
-0.3766999999999999,-7.984630576438266
-0.37770000000000004,-8.066683831830439
-0.3786999999999999,-8.140248819423421
-0.37970000000000004,-8.222302074815595
-0.3806999999999999,-8.30011119630817
-0.38170000000000004,-8.375090895201017
-0.38269999999999993,-8.45431472799346
-0.38370000000000004,-8.529294426886306
-0.38469999999999993,-8.608518259678748
-0.38570000000000004,-8.694815648970515
-0.38669999999999993,-8.774039481762957
-0.38770000000000004,-8.85609273715513
-0.38869999999999993,-8.939560703847167
-0.38970000000000005,-9.017369825339744
-0.39069999999999994,-9.103667214631512
-0.39170000000000005,-9.189964603923277
-0.39269999999999994,-9.279091415814774
-0.39370000000000005,-9.358315248607218
-0.39469999999999994,-9.44319792659912
-0.39570000000000005,-9.526665893291156
-0.39669999999999994,-9.621451550382114
-0.39770000000000005,-9.706334228374017
-0.39869999999999994,-9.795461040265515
-0.39970000000000006,-9.877514295657685
-0.40069999999999995,-9.970885241448778
-0.40170000000000006,-10.060012053340275
-0.40269999999999995,-10.153382999131368
-0.40370000000000006,-10.24392452232273
-0.40469999999999995,-10.340124890713554
-0.40570000000000006,-10.436325259104375
-0.40669999999999995,-10.528281493595602
-0.40770000000000006,-10.6174083054871
-0.40869999999999995,-10.712193962578057
-0.40970000000000006,-10.809809042268745
-0.41069999999999995,-10.903179988059838
-0.41170000000000007,-11.000795067750527
-0.41269999999999996,-11.106898415240401
-0.41370000000000007,-11.201684072331359
-0.41469999999999996,-11.304957997221507
-0.41570000000000007,-11.40115836561233
-0.41669999999999996,-11.501602867902749
-0.41770000000000007,-11.60629150409276
-0.41869999999999996,-11.712394851582639
-0.4197000000000001,-11.817083487772651
-0.42069999999999996,-11.927430969162122
-0.4217000000000001,-12.02787547145254
-0.42269999999999996,-12.143881798041475
-0.4237000000000001,-12.242911589032026
-0.42469999999999997,-12.357503204321095
-0.4257000000000001,-12.469265397010433
-0.42669999999999997,-12.581027589699772
-0.4277000000000001,-12.69561920498884
-0.42869999999999997,-12.810210820277907
-0.4297000000000001,-12.921973012967245
-0.43069999999999997,-13.043638184755638
-0.4317000000000001,-13.153985666145111
-0.4327,-13.27706554923337
-0.4337000000000001,-13.397316009721898
-0.4347,-13.517566470210424
-0.4357000000000001,-13.637816930698953
-0.4367,-13.767970370286537
-0.4377000000000001,-13.8868061194752
-0.4387,-14.01837427036265
-0.4397000000000001,-14.141454153450907
-0.4407,-14.274437015638219
-0.4417000000000001,-14.415908145624723
-0.4427,-14.543232162612577
-0.4437000000000001,-14.67055617960043
-0.4447,-14.812027309586934
-0.4457000000000001,-14.953498439573437
-0.4467,-15.094969569559943
-0.4477000000000001,-15.222293586547794
-0.4487,-15.363764716534297
-0.4497000000000001,-15.505235846520803
-0.4507,-15.660854089505953
-0.4517000000000001,-15.802325219492458
-0.4527,-15.957943462477614
-0.4537000000000001,-16.099414592464115
-0.4547,-16.25503283544927
-0.4557000000000001,-16.410651078434423
-0.4567,-16.56626932141958
-0.4577000000000001,-16.721887564404735
-0.4587,-16.891652920388537
-0.4597000000000001,-17.03312405037504
-0.4607,-17.217036519357496
-0.4617000000000001,-17.37265476234265
-0.4627,-17.542420118326454
-0.4637000000000001,-17.71218547431026
-0.4647,-17.881950830294063
-0.4657000000000001,-18.06586329927652
-0.4667,-18.23562865526032
-0.4677000000000001,-18.40539401124413
-0.4687,-18.603453593225233
-0.4697000000000001,-18.77321894920904
-0.4707,-18.97127853119014
-0.4717000000000001,-19.155191000172596
-0.4727,-19.353250582153702
-0.4737000000000001,-19.551310164134804
-0.4747,-19.749369746115914
-0.4757000000000001,-19.93328221509837
-0.4767,-20.159636023076775
-0.4777000000000001,-20.357695605057877
-0.4787,-20.569902300037633
-0.4797000000000001,-20.78210899501739
-0.4807,-20.994315689997144
-0.48170000000000013,-21.2065223849769
-0.4827,-21.43287619295531
-0.48370000000000013,-21.659230000933714
-0.4847,-21.885583808912116
-0.48570000000000013,-22.097790503891872
-0.4867,-22.33829142486893
-0.4876999999999999,-22.550498119848687
-0.4887,-22.790999040825742
-0.4896999999999999,-23.045647074801447
-0.4907,-23.286147995778503
-0.4916999999999999,-23.58323736875016
-0.4927,-23.86617962872317
-0.4936999999999999,-24.149121888696175
-0.49470000000000003,-24.37547569667458
-0.4956999999999999,-24.64427084364894
-0.49670000000000003,-24.842330425630045
-0.4976999999999999,-25.153566911600354
-0.49870000000000003,-25.43650917157336
-0.4996999999999999,-25.747745657543668
-0.5007,-26.058982143513976
-0.5016999999999999,-26.29948306449103
-0.5027,-26.61071955046134
-0.5036999999999999,-26.851220471438396
-0.5047,-27.204898296404657
-0.5056999999999999,-27.501987669376312
-0.5067,-27.883959720339874
-0.5076999999999999,-28.09616641531963
-0.5087,-28.463991353284538
-0.5096999999999999,-28.789374952253496
-0.5107,-29.114758551222454
-0.5116999999999999,-29.454289263190066
-0.5127,-29.850408427152274
-0.5136999999999999,-30.147497800123933
-0.5147,-30.50117562509019
-0.5156999999999999,-30.82655922405915
-0.5167,-31.265119727017314
-0.5176999999999999,-31.64709177798087
-0.5187,-32.02906382894443
-0.5196999999999999,-32.297858975918786
-0.5207,-32.70812525287965
-0.5216999999999999,-33.09009730384321
-0.5227,-33.51451069380272
-0.5236999999999999,-33.910629857764924
-0.5247,-34.32089613472579
-0.5257,-34.731162411686654
-0.5267000000000001,-35.15557580164616
-0.5277,-35.56584207860703
-0.5287000000000001,-36.00440258156518
-0.5297,-36.44296308452335
-0.5307000000000001,-36.86737647448285
-0.5317,-37.305936977441014
-0.5327000000000001,-37.77279170639648
-0.5337,-38.22549932235329
-0.5347000000000001,-38.706501164307404
-0.5357,-39.159208780264215
-0.5367000000000001,-39.654357735216976
-0.5377,-40.135359577171094
-0.5387000000000001,-40.644655645122505
-0.5397,-41.139804600075266
-0.5407000000000001,-41.63495355502803
-0.5417,-42.14424962297944
-0.5427000000000001,-42.667692803929505
-0.5437,-43.205283097878215
-0.5447000000000001,-43.72872627882828
-0.5457,-44.238022346779694
-0.5467000000000001,-44.80390686672572
-0.5477,-45.34149716067443
-0.5487000000000001,-45.90738168062044
-0.5497,-46.47326620056646
-0.5507000000000001,-47.067444946509774
-0.5517,-47.66162369245309
-0.5527000000000001,-48.24165532539775
-0.5537,-48.83583407134107
-0.5547000000000001,-49.40171859128708
-0.5557,-49.995897337230396
-0.5567000000000001,-50.63251742216966
-0.5577,-51.26913750710893
-0.5587000000000001,-51.919904705046854
-0.5597,-52.55652478998611
-0.5607000000000001,-53.20729198792403
-0.5617,-53.85805918586195
-0.5627000000000001,-54.537120609797164
-0.5637,-55.21618203373238
-0.5647000000000001,-55.881096344668954
-0.5657,-56.61674622059877
-0.5667000000000001,-57.26751341853669
-0.5677,-57.96072195547055
-0.5687000000000001,-58.65393049240442
-0.5697,-59.389580368334244
-0.5707000000000001,-60.09693601826676
-0.5717,-60.832585894196576
-0.5727000000000001,-61.53994154412909
-0.5737,-62.31803275905487
-0.5747000000000001,-63.09612397398064
-0.5757,-63.8459209629091
-0.5767000000000001,-64.58157083883891
-0.5777,-65.38795627976201
-0.5787000000000001,-66.13775326869046
-0.5797,-66.94413870961354
-0.5807000000000001,-67.7222299245393
-0.5817,-68.54276247846103
-0.5827000000000001,-69.3491479193841
-0.5837,-70.15553336030716
-0.5847000000000001,-70.9760659142289
-0.5857,-71.83903980714656
-0.5867000000000001,-72.71616081306288
-0.5877,-73.55084047998325
-0.5887000000000001,-74.37137303390499
-0.5897,-75.23434692682265
-0.5907000000000001,-76.09732081974033
-0.5917,-76.98858893865528
-0.5927000000000001,-77.8940041705689
-0.5937,-78.8135665154812
-0.5947000000000001,-79.73312886039348
-0.5957,-80.65269120530574
-0.5967000000000001,-81.61469488921396
-0.5977,-82.46352166913299
-0.5987000000000001,-83.38308401404527
-0.5997,-84.35923481095215
-0.6007000000000001,-85.30709138186171
-0.6017,-86.25494795277129
-0.6027000000000001,-87.27354008867411
-0.6037,-88.26383799857963
-0.6047000000000001,-89.22584168248785
-0.6057,-90.14540402740013
-0.6067000000000001,-91.16399616330297
-0.6077,-92.15429407320849
-0.6087000000000001,-93.22947466110593
-0.6097,-94.26221391000739
-0.6107000000000001,-95.28080604591021
-0.6117,-96.2569568428171
-0.6126999999999999,-97.33213743071452
-0.6137,-98.3931709056133
-0.6146999999999999,-99.48249860650938
-0.6157,-100.5010907424122
-0.6166999999999999,-101.49138865231772
-0.6177,-102.48168656222326
-0.6186999999999999,-103.47198447212878
-0.6197,-104.4056939300397
-0.6206999999999999,-105.42428606594254
-0.6217,-106.457025314844
-0.6226999999999999,-107.48976456374548
-0.6237,-108.4517682476537
-0.6246999999999999,-109.42791904456058
-0.6257,-110.41821695446612
-0.6266999999999999,-111.42266197737027
-0.6277,-112.46954833927042
-0.6286999999999999,-113.57302315316515
-0.6297,-114.54917395007203
-0.6306999999999999,-115.53947185997755
-0.6317,-116.48732843088712
-0.6326999999999999,-117.46347922779398
-0.6337,-118.46792425069816
-0.6346999999999999,-119.44407504760505
-0.6357,-120.39193161851462
-0.6366999999999999,-121.28319973742961
-0.6377,-122.21690919534053
-0.6386999999999999,-123.1930599922474
-0.6397,-124.21165212815022
-0.6406999999999999,-125.14536158606113
-0.6417,-126.05077681797478
-0.6426999999999999,-126.8713093718965
-0.6437,-127.72013615181551
-0.6446999999999999,-128.82361096571023
-0.6457,-129.7148790846252
-0.6466999999999999,-130.59200009054155
-0.6477,-131.4549739834592
-0.6486999999999999,-132.27550653738092
-0.6497,-133.0253035263094
-0.6507,-133.66192361124865
-0.6517000000000001,-134.58148595616095
-0.6527,-135.28884160609348
-0.6537000000000001,-136.13766838601245
-0.6547,-136.91575960093826
-0.6557000000000001,-137.4674970078856
-0.6567,-138.21729399681408
-0.6577000000000001,-138.92464964674662
-0.6587,-139.70274086167237
-0.6597000000000001,-140.52327341559413
-0.6607,-141.3155117435185
-0.6617000000000001,-142.17848563643616
-0.6627,-142.8858412863687
-0.6637000000000001,-143.0273124163552
-0.6647,-143.0273124163552
-0.6657000000000001,-143.0273124163552
-0.6667,-143.0273124163552
-0.6677000000000001,-143.0273124163552
-0.6687,-143.0273124163552
-0.6697000000000001,-143.0273124163552
-0.6707,-143.0273124163552
-0.6717000000000001,-143.0273124163552
-0.6727,-143.0273124163552
-0.6737000000000001,-143.0273124163552
-0.6747,-143.0273124163552
-0.6757000000000001,-143.0273124163552
-0.6767,-143.0273124163552
-0.6777000000000001,-143.0273124163552
-0.6787,-143.0273124163552
-0.6797000000000001,-143.0273124163552
-0.6807,-143.0273124163552
-0.6817000000000001,-143.0273124163552
-0.6827,-143.0273124163552
-0.6837000000000001,-143.0273124163552
-0.6847,-143.0273124163552
-0.6857000000000001,-143.0273124163552
-0.6867,-143.0273124163552
-0.6857000000000001,-143.0273124163552
-0.6847,-143.0273124163552
-0.6837000000000001,-143.0273124163552
-0.6827,-143.0273124163552
-0.6817000000000001,-143.0273124163552
-0.6807,-143.0273124163552
-0.6797000000000001,-143.0273124163552
-0.6787,-143.0273124163552
-0.6777000000000001,-143.0273124163552
-0.6767,-142.7443701563822
-0.6757000000000001,-141.75407224647665
-0.6747,-140.39594939860626
-0.6737000000000001,-139.12270922872773
-0.6727,-137.976793075837
-0.6717000000000001,-136.54793466297335
-0.6707,-135.6142252050624
-0.6697000000000001,-134.14292545320276
-0.6687,-132.9404208483175
-0.6677000000000001,-131.7945046954268
-0.6667,-130.32320494356716
-0.6657000000000001,-129.58755506763737
-0.6647,-128.85190519170752
-0.6637000000000001,-127.36645832684925
-0.6627,-126.20639506095993
-0.6617000000000001,-125.11706736006384
-0.6607,-123.80138585118935
-0.6597000000000001,-122.59888124630407
-0.6587,-121.5378477714053
-0.6577000000000001,-120.15143069753758
-0.6567,-118.94892609265229
-0.6557000000000001,-118.94892609265229
-0.6547,-118.89233764065769
-0.6537000000000001,-118.21327621672248
-0.6527,-116.82685914285472
-0.6517000000000001,-115.28482382600184
-0.6507,-113.84181830013951
-0.6497,-112.56857813026097
-0.6486999999999999,-112.38466566127852
-0.6477,-112.05928206230955
-0.6466999999999999,-111.11142549139997
-0.6457,-110.06453912949985
-0.6446999999999999,-108.93277008960783
-0.6437,-107.65952991972928
-0.6426999999999999,-106.457025314844
-0.6417,-105.52331585693308
-0.6406999999999999,-106.65508489682512
-0.6397,-106.78240891381296
-0.6386999999999999,-105.49502163093578
-0.6377,-104.44813526903565
-0.6366999999999999,-103.3871017941369
-0.6357,-102.25533275424485
-0.6346999999999999,-101.18015216634743
-0.6337,-100.20400136944055
-0.6326999999999999,-99.29858613752693
-0.6317,-98.32243534062005
-0.6306999999999999,-97.94046328965649
-0.6297,-97.09163650973747
-0.6286999999999999,-96.32769240781035
-0.6277,-95.25251181991293
-0.6266999999999999,-94.26221391000739
-0.6257,-95.02615801193451
-0.6246999999999999,-95.23836470691427
-0.6237,-94.64418596097094
-0.6226999999999999,-93.76706495505464
-0.6217,-92.87579683613966
-0.6206999999999999,-91.75817490924628
-0.6197,-90.85275967733266
-0.6186999999999999,-90.03222712341093
-0.6177,-89.35316569947572
-0.6166999999999999,-88.60336871054724
-0.6157,-87.75454193062824
-0.6146999999999999,-86.80668535971866
-0.6137,-86.15591816178073
-0.6126999999999999,-85.2222087038698
-0.6117,-85.13732602587791
-0.6107000000000001,-84.34508769795349
-0.6097,-84.01970409898453
-0.6087000000000001,-84.38752903694943
-0.6077,-83.75090895201016
-0.6067000000000001,-82.7747581551033
-0.6057,-82.03910827917348
-0.6047000000000001,-81.3458997422396
-0.6037,-80.58195564031249
-0.6027000000000001,-79.78971731238806
-0.6017,-79.05406743645825
-0.6007000000000001,-78.37500601252303
-0.5997,-77.7242388145851
-0.5987000000000001,-76.97444182565664
-0.5977,-76.16805638473357
-0.5967000000000001,-75.34752383081185
-0.5957,-74.64016818087934
-0.5947000000000001,-73.79134140096032
-0.5937,-72.9991030730359
-0.5927000000000001,-72.24930608410743
-0.5917,-71.49950909517896
-0.5907000000000001,-70.72141788025318
-0.5897,-69.9716208913247
-0.5887000000000001,-69.20767678939758
-0.5877,-68.71252783444483
-0.5867000000000001,-67.82125971552985
-0.5857,-67.00072716160814
-0.5847000000000001,-66.23678305968102
-0.5837,-65.54357452274715
-0.5827000000000001,-64.86451309881193
-0.5817,-64.15715744887942
-0.5807000000000001,-63.54883158993744
-0.5797,-62.86977016600223
-0.5787000000000001,-62.28973853305756
-0.5777,-61.8228838041021
-0.5767000000000001,-61.10138104117093
-0.5757,-60.30914271324652
-0.5747000000000001,-59.7149639673032
-0.5737,-60.13937735726271
-0.5727000000000001,-59.4886101593248
-0.5717,-58.78125450939227
-0.5707000000000001,-58.05975174646111
-0.5697,-57.352396096528594
-0.5687000000000001,-56.89968848057178
-0.5677,-56.46112797761361
-0.5667000000000001,-55.79621366667705
-0.5657,-55.11715224274183
-0.5647000000000001,-54.537120609797164
-0.5637,-53.9287947508552
-0.5627000000000001,-53.872206298860604
-0.5617,-53.419498682903786
-0.5607000000000001,-53.023379518941574
-0.5597,-52.44334788599691
-0.5587000000000001,-51.679403784069784
-0.5577,-51.35402018510083
-0.5567000000000001,-50.84472411714942
-0.5557,-50.335428049198
-0.5547000000000001,-49.79783775524929
-0.5537,-49.33098302629383
-0.5527000000000001,-49.28854168729788
-0.5517,-48.49630335937346
-0.5507000000000001,-47.91627172642879
-0.5497,-47.47771122347063
-0.5487000000000001,-47.095739172507066
-0.5477,-46.67132578254756
-0.5467000000000001,-46.289353731584
-0.5457,-45.78005766363259
-0.5447000000000001,-45.39808561266902
-0.5437,-44.90293665771627
-0.5427000000000001,-44.43608192876081
-0.5417,-43.96922719980534
-0.5407000000000001,-43.45993113185393
-0.5397,-43.077959080890366
-0.5387000000000001,-42.63939857793221
-0.5377,-42.214985187972694
-0.5367000000000001,-41.70568912002128
-0.5357,-41.281275730061765
-0.5347000000000001,-40.85686234010226
-0.5337,-40.3900076111468
-0.5327000000000001,-39.95144710818864
-0.5317,-39.51288660523048
-0.5307000000000001,-39.145061667265566
-0.5297,-38.94700208528445
-0.5287000000000001,-38.5367358083236
-0.5277,-38.16891087035869
-0.5267000000000001,-37.758644593397825
-0.5257,-37.36252542943562
-0.5247,-37.00884760446935
-0.5236999999999999,-36.6268755535058
-0.5227,-36.16002082455034
-0.5216999999999999,-35.74975454758948
-0.5207,-35.339488270628614
-0.5196999999999999,-34.99995755866101
-0.5187,-34.632132620696105
-0.5176999999999999,-34.26430768273119
-0.5167,-33.86818851876898
-0.5156999999999999,-33.47206935480677
-0.5147,-33.10424441684186
-0.5136999999999999,-32.7505665918756
-0.5127,-32.368594540912035
-0.5116999999999999,-32.08565228093904
-0.5107,-31.717827342974125
-0.5096999999999999,-31.54806198699032
-0.5087,-31.151942823028104
-0.5076999999999999,-30.897294789052403
-0.5067,-30.58605830308209
-0.5056999999999999,-30.204086252118536
-0.5047,-29.892849766148224
-0.5036999999999999,-29.567466167179266
-0.5027,-29.242082568210304
-0.5016999999999999,-28.9025518562427
-0.5007,-28.633756709268344
-0.4996999999999999,-28.336667336296685
-0.49870000000000003,-27.940548172334477
-0.4976999999999999,-27.601017460366865
-0.49670000000000003,-27.289780974396557
-0.4956999999999999,-26.992691601424898
-0.49470000000000003,-26.709749341451893
-0.4936999999999999,-26.412659968480234
-0.4927,-26.11557059550858
-0.4916999999999999,-25.81848122253692
-0.4907,-25.563833188561212
-0.4896999999999999,-25.280890928588207
-0.4887,-24.941360216620595
-0.4876999999999999,-24.630123730650286
-0.4867,-24.389622809673234
-0.48570000000000013,-24.134974775697525
-0.4847,-23.86617962872317
-0.48370000000000013,-23.55494314275286
-0.4827,-23.272000882779853
-0.48170000000000013,-22.989058622806844
-0.4807,-22.748557701829792
-0.4797000000000001,-22.522203893851387
-0.4787,-22.225114520879725
-0.4777000000000001,-21.94217226090672
-0.4767,-21.68752422693101
-0.4757000000000001,-21.418729079956652
-0.4747,-21.2065223849769
-0.4737000000000001,-20.980168576998494
-0.4727,-20.73966765602144
-0.4717000000000001,-20.499166735044383
-0.4707,-20.244518701068674
-0.4697000000000001,-20.00401778009162
-0.4687,-19.791811085111863
-0.4677000000000001,-19.593751503130758
-0.4667,-19.381544808151002
-0.4657000000000001,-19.155191000172596
-0.4647,-18.91469007919554
-0.4637000000000001,-18.702483384215785
-0.4627,-18.49027668923603
-0.4617000000000001,-18.27806999425627
-0.4607,-18.08001041227517
-0.4597000000000001,-17.881950830294063
-0.4587,-17.669744135314307
-0.4577000000000001,-17.45753744033455
-0.4567,-17.2736249713521
-0.4557000000000001,-17.089712502369647
-0.4547,-16.891652920388537
-0.4537000000000001,-16.693593338407435
-0.4527,-16.495533756426326
-0.4517000000000001,-16.311621287443874
-0.4507,-16.141855931460068
-0.4497000000000001,-15.957943462477614
-0.4487,-15.759883880496508
-0.4477000000000001,-15.590118524512702
-0.4467,-15.37791182953295
-0.4457000000000001,-15.193999360550496
-0.4447,-15.05252823056399
-0.4437000000000001,-14.882762874580186
-0.4427,-14.69885040559773
-0.4417000000000001,-14.543232162612577
-0.4407,-14.345172580631472
-0.4397000000000001,-14.189554337646317
-0.4387,-14.021203692962377
-0.4377000000000001,-13.865585449977225
-0.4367,-13.7127966295918
-0.4357000000000001,-13.540201851008266
-0.4347,-13.361948227225271
-0.4337000000000001,-13.206329984240117
-0.4327,-13.066273565553479
-0.4317000000000001,-12.910655322568324
-0.43069999999999997,-12.763525347382362
-0.4297000000000001,-12.602248259197747
-0.42869999999999997,-12.446630016212593
-0.4277000000000001,-12.288182350627707
-0.42669999999999997,-12.145296509341339
-0.4257000000000001,-12.008069513254432
-0.42469999999999997,-11.855280692869009
-0.4237000000000001,-11.70673600638318
-0.42269999999999996,-11.572338432896
-0.4217000000000001,-11.450673261107607
-0.42069999999999996,-11.324763955419618
-0.4197000000000001,-11.15641331073568
-0.41869999999999996,-11.043236406746477
-0.41770000000000007,-10.922985946257949
-0.41669999999999996,-10.77727068237185
-0.41570000000000007,-10.635799552385345
-0.41469999999999996,-10.498572556298438
-0.41370000000000007,-10.355686715012068
-0.41269999999999996,-10.236850965823406
-0.41170000000000007,-10.096794547136765
-0.41069999999999995,-9.97654408664824
-0.40970000000000006,-9.852049492260116
-0.40869999999999995,-9.728969609171857
-0.40770000000000006,-9.595986746984543
-0.40669999999999995,-9.47432157519615
-0.40570000000000006,-9.351241692107893
-0.40469999999999995,-9.239479499418556
-0.40370000000000006,-9.11781432763016
-0.40269999999999995,-9.000393289741364
-0.40170000000000006,-8.874483984053375
-0.40069999999999995,-8.754233523564846
-0.39970000000000006,-8.63398306307632
-0.39869999999999994,-8.529294426886306
-0.39770000000000005,-8.4203616567967
-0.39669999999999994,-8.324161288405875
-0.39570000000000005,-8.202496116617484
-0.39469999999999994,-8.08648979002855
-0.39370000000000005,-7.967654040839887
-0.39269999999999994,-7.87286838374893
-0.39170000000000005,-7.778082726657972
-0.39069999999999994,-7.667735245268498
-0.38970000000000005,-7.557387763879025
-0.38869999999999993,-7.456943261588608
-0.38770000000000004,-7.352254625398595
-0.38669999999999993,-7.263127813507099
-0.38570000000000004,-7.149950909517895
-0.38469999999999993,-7.049506407227478
-0.38370000000000004,-6.956135461436385
-0.38269999999999993,-6.869838072144618
-0.38170000000000004,-6.762320013354876
-0.3806999999999999,-6.660460799764593
-0.37970000000000004,-6.569919276573231
-0.3786999999999999,-6.483621887281464
-0.37770000000000004,-6.398739209289561
-0.3766999999999999,-6.303953552198603
-0.37570000000000003,-6.207753183807781
-0.3746999999999999,-6.117211660616419
-0.37370000000000003,-6.028084848724921
-0.3726999999999999,-5.947446304632614
-0.37170000000000003,-5.878125450939227
-0.3706999999999999,-5.847001802342197
-0.36970000000000003,-5.728166053153534
-0.3686999999999999,-5.668748178559202
-0.3677,-5.5541565632701335
-0.3666999999999999,-5.477762153077422
-0.3657,-5.397123608985115
-0.3646999999999999,-5.319314487492538
-0.3637,-5.235846520800501
-0.3626999999999999,-5.163696244507384
-0.3617,-5.088716545614537
-0.36070000000000013,-5.01090742412196
-0.3597,-4.938757147828842
-0.35870000000000013,-4.856703892436671
-0.3577,-4.784553616143554
-0.35670000000000013,-4.7138180511503025
-0.3557,-4.63742364095759
-0.3547000000000001,-4.5638586533646075
-0.3537,-4.494537799671222
-0.3527000000000001,-4.42380223467797
-0.3517,-4.355896092284448
-0.3507000000000001,-4.282331104691466
-0.3497,-4.21018082839835
-0.3487000000000001,-4.145104108604558
-0.3477,-4.080027388810766
-0.3467000000000001,-4.014950669016974
-0.3457,-3.9555327944226426
-0.3447000000000001,-3.887626652029121
-0.3437,-3.819720509635599
-0.3427000000000001,-3.815476375736004
-0.3417,-3.7065436056463965
-0.3407000000000001,-3.6457110197521994
-0.3397,-3.593366701657193
-0.3387000000000001,-3.533948827062862
-0.3377,-3.4745309524685304
-0.3367000000000001,-3.4193572117737934
-0.3357,-3.361354048479327
-0.3347000000000001,-3.3019361738849957
-0.3337,-3.243933010590529
-0.3327000000000001,-3.1944181150952526
-0.3317,-3.1321708179011907
-0.3307000000000001,-3.08407063370578
-0.3297,-3.031726315610774
-0.3287000000000001,-2.972308441016442
-0.3277,-2.925622968120896
-0.3267000000000001,-2.8718639387260247
-0.3257,-2.8152754867314234
-0.3247000000000001,-2.767175302536012
-0.3237,-2.7134162731411404
-0.3227000000000001,-2.6681455115454593
-0.3217,-2.621460038649913
-0.3207000000000001,-2.5705304318547717
-0.3197,-2.5266743815589554
-0.3187000000000001,-2.4743300634639493
-0.3177,-2.426229879268538
-0.3167000000000001,-2.380959117672857
-0.3157,-2.3356883560771755
-0.3147000000000001,-2.2946617283810897
-0.3137,-2.2465615441856785
-0.3127000000000001,-2.204120205189727
-0.3117,-2.1602641548939108
-0.3107000000000001,-2.116408104598095
-0.3097,-2.073966765602144
-0.3087000000000001,-2.0329401379060577
-0.3077,-1.9947429328097017
-0.3067000000000001,-1.9565457277133458
-0.30569999999999997,-1.9141043887173947
-0.3047000000000001,-1.8730777610213083
-0.30369999999999997,-1.8348805559249526
-0.3027000000000001,-1.7966833508285964
-0.30169999999999997,-1.7613155683319706
-0.3007000000000001,-1.7245330745354797
-0.29969999999999997,-1.6877505807389888
-0.2987000000000001,-1.6509680869424979
-0.29769999999999996,-1.6184297270456018
-0.2967000000000001,-1.580232521949246
-0.29569999999999996,-1.55052358465208
-0.2947000000000001,-1.5137410908555893
-0.29369999999999996,-1.4797880196588282
-0.29270000000000007,-1.4500790823616625
-0.29169999999999996,-1.4161260111649017
-0.29070000000000007,-1.383587651268006
-0.28969999999999996,-1.3530298871909212
-0.28870000000000007,-1.3176621046942951
-0.28769999999999996,-1.292338772426711
-0.28670000000000007,-1.2606492393097344
-0.28569999999999995,-1.2295255907127036
-0.28470000000000006,-1.2040607873151328
-0.28369999999999995,-1.1706736006383178
-0.28270000000000006,-1.1428037880309765
-0.28169999999999995,-1.115924273333541
-0.28070000000000006,-1.0867812205563212
-0.27969999999999995,-1.0615993594187236
-0.27870000000000006,-1.0351442581112473
-0.27769999999999995,-1.0060012053340277
-0.27670000000000006,-0.9840731801861196
-0.27569999999999995,-0.9536568872390212
-0.27470000000000006,-0.9335679867809377
-0.27369999999999994,-0.9062640586935425
-0.27270000000000005,-0.8799504285160528
-0.27169999999999994,-0.8597200569279828
-0.27070000000000005,-0.8358114359602636
-0.26969999999999994,-0.8113369304725986
-0.26870000000000005,-0.7891259630647174
-0.26769999999999994,-0.7646514575770523
-0.26670000000000005,-0.7418746056492252
-0.26569999999999994,-0.7213612918011821
-0.26470000000000005,-0.6999991511732202
-0.26369999999999993,-0.6804761352350827
-0.26270000000000004,-0.6582651678272016
-0.26169999999999993,-0.6371859694592126
-0.26070000000000004,-0.619360607080913
-0.25969999999999993,-0.594886101593248
-0.25870000000000004,-0.5796072195547056
-0.25769999999999993,-0.5602256747465546
-0.25670000000000004,-0.5411270721983766
-0.2556999999999999,-0.5221699407801851
-0.25470000000000004,-0.504203107271899
-0.2536999999999999,-0.48340685116388304
-0.25270000000000004,-0.4688353247752731
-0.2516999999999999,-0.4500196644870682
-0.25070000000000003,-0.4350237247084988
-0.24969999999999992,-0.41818866024010487
-0.24870000000000003,-0.39979741334185936
-0.24769999999999992,-0.38480147356329
-0.24670000000000003,-0.36909817813478807
-0.24569999999999992,-0.3507069312365426
-0.24470000000000003,-0.3385404140577033
-0.24369999999999992,-0.31930034037953875
-0.24270000000000003,-0.30699235207071296
-0.24169999999999991,-0.2934111235920086
-0.24070000000000003,-0.27784929929349317
-0.2396999999999999,-0.26412659968480234
-0.23870000000000002,-0.24969654442617895
-0.2376999999999999,-0.23470060464760956
-0.23670000000000002,-0.22338291424868928
-0.23570000000000013,-0.2078210899501739
-0.23470000000000002,-0.1972107552011861
-0.23370000000000013,-0.18306364220253574
-0.23270000000000002,-0.16736034677403386
-0.23170000000000013,-0.16042826140469515
-0.23070000000000002,-0.14698850405597733
-0.22970000000000013,-0.13364777649825
-0.22870000000000001,-0.1239852983201718
-0.22770000000000012,-0.10986647954751874
-0.2267,-0.10067085609839602
-0.22570000000000012,-0.09025858093138935
-0.2247,-0.0770734716166472
-0.22370000000000012,-0.06821737887949207
-0.2227,-0.058399282458428715
-0.22170000000000012,-0.046062999923605595
-0.2207,-0.03806988107936814
-0.21970000000000012,-0.026313630177489684
-0.2187,-0.01851857091523333
-0.21770000000000012,-0.00826049927991195
-0.2167,0.001817904020326572
-0.2157000000000001,0.01618429727045602
-0.2147,0.01885810162720094
-0.2137000000000001,0.029991879557138775
-0.2127,0.036768346683492305
-0.2117000000000001,0.046430824861570505
-0.2107,0.053858059185861944
-0.2097000000000001,0.06005449467927081
-0.2087,0.07217857051911417
-0.2077000000000001,0.07705932450364854
-0.2067,0.08440167614994809
-0.2057000000000001,0.09400756587603168
-0.2047,0.10026058982143515
-0.2037000000000001,0.10884788741161593
-0.2027,0.11273834348624477
-0.2017000000000001,0.12090122768646602
-0.2007,0.12992708577960496
-0.1997000000000001,0.13325165733428782
-0.1987,0.14099012814454956
-0.1977000000000001,0.14868615761581536
-0.19669999999999999,0.1551938295951945
-0.1957000000000001,0.16141855931460067
-0.19469999999999998,0.16453092417430376
-0.1937000000000001,0.17202889406358848
-0.19269999999999998,0.18009274847281917
-0.1917000000000001,0.18193187316264373
-0.1907000000000001,0.18759071836210386
-0.1897000000000002,0.19523015938137506
-0.1887000000000001,0.20032312006088918
-0.1877000000000002,0.20697226317025488
-0.1867000000000001,0.20909433012005244
-0.1857000000000002,0.21390434853959353
-0.1847000000000001,0.2202705493889862
-0.1837000000000002,0.2239487987686353
-0.18270000000000008,0.22776851927827088
-0.1817000000000002,0.2345591335176231
-0.18070000000000008,0.23710561385738013
-0.1797000000000002,0.24304740131681332
-0.17870000000000008,0.24559388165657034
-0.1777000000000002,0.25068684233608446
-0.17670000000000008,0.2547895051056931
-0.1757000000000002,0.25761892770542316
-0.17470000000000008,0.2614386482150588
-0.1737000000000002,0.26738043567449193
-0.17270000000000008,0.2689366181043435
-0.17170000000000019,0.2741710499138441
-0.17070000000000007,0.27827371268345275
-0.16970000000000018,0.28025430850326377
-0.16870000000000007,0.2856302114427509
-0.16770000000000018,0.28605462483271044
-0.16670000000000007,0.29029875873230554
-0.16570000000000018,0.29425995037192765
-0.16470000000000007,0.2983626131415362
-0.16370000000000018,0.30175792026121234
-0.16270000000000007,0.3031726315610774
-0.16170000000000018,0.3058605830308209
-0.16070000000000007,0.310104716930416
-0.15970000000000018,0.310670601450362
-0.15870000000000006,0.31350002405009214
-0.15770000000000017,0.31873445585959276
-0.15670000000000006,0.31873445585959276
-0.15570000000000017,0.3231200608891744
-0.15470000000000006,0.32269564749921487
-0.15370000000000017,0.32708125252879644
-0.15270000000000006,0.3309009730384321
-0.15170000000000017,0.3303350885184861
-0.15070000000000006,0.3335889245081756
-0.14970000000000017,0.3362768759779193
-0.14870000000000005,0.33740864501781126
-0.14770000000000016,0.3416527789174064
-0.14670000000000005,0.3417942500473929
-0.14570000000000016,0.3433504324772444
-0.14470000000000005,0.3480189797667991
-0.14370000000000016,0.34717015298688
-0.14270000000000005,0.3497166333266371
-0.14170000000000016,0.35297046931632664
-0.14070000000000005,0.35297046931632664
-0.13970000000000016,0.35594136304604324
-0.13870000000000005,0.35735607434590827
-0.13770000000000016,0.3589122567757598
-0.13670000000000004,0.3610343237255574
-0.13570000000000015,0.3611757948555439
-0.13470000000000004,0.36329786180534146
-0.13370000000000015,0.365985813275085
-0.13270000000000004,0.368249351354869
-0.13170000000000015,0.3686737647448286
-0.13070000000000004,0.36966406265473406
-0.12970000000000015,0.3689567070048016
-0.12870000000000004,0.37617173463411324
-0.12770000000000015,0.3730593697744102
-0.12670000000000003,0.37489849446423473
-0.12570000000000014,0.3784352727138973
-0.12470000000000003,0.3770205614140323
-0.12370000000000014,0.38055733966369487
-0.12270000000000003,0.3809817530536544
-0.12170000000000014,0.3812646953136274
-0.12070000000000003,0.384518531303317
-0.11970000000000014,0.384518531303317
-0.11870000000000003,0.38522588695324944
-0.11770000000000014,0.387347953903047
-0.11670000000000003,0.386216184863155
-0.11570000000000014,0.3920165011926017
-0.11470000000000002,0.38918707859287155
-0.11370000000000013,0.3900359053727906
-0.11270000000000002,0.3932897413624802
-0.11170000000000013,0.39357268362245323
-0.11070000000000024,0.3945629815323587
-0.10970000000000013,0.39965594221187284
-0.10870000000000024,0.3956947505722508
-0.10770000000000013,0.3990900576919268
-0.10670000000000024,0.3978168175220483
-0.10570000000000013,0.3990900576919268
-0.10470000000000024,0.4010706535117379
-0.10370000000000013,0.4016365380316839
-0.10270000000000024,0.4016365380316839
-0.10170000000000012,0.4031927204615355
-0.10070000000000023,0.40432448950142746
-0.09970000000000012,0.40602214306126555
-0.09870000000000023,0.4051733162813465
-0.09770000000000012,0.40602214306126555
-0.09670000000000023,0.4080027388810766
-0.09570000000000012,0.40687096984118454
-0.09470000000000023,0.4080027388810766
-0.09370000000000012,0.41026627696086065
-0.09270000000000023,0.41054921922083365
-0.09170000000000011,0.4126712861706312
-0.09070000000000022,0.4104077480908471
-0.08970000000000011,0.4118224593907122
-0.08870000000000022,0.4150762953804018
-0.08770000000000011,0.41408599747049624
-0.08670000000000022,0.41465188199044223
-0.08570000000000011,0.4166324778102533
-0.08470000000000022,0.41550070877036127
-0.08370000000000011,0.41691542007022636
-0.08270000000000022,0.41705689120021283
-0.0817000000000001,0.4166324778102533
-0.08070000000000022,0.42130102509980794
-0.0797000000000001,0.4193204292799969
-0.07870000000000021,0.4196033715399699
-0.0777000000000001,0.42229132300971345
-0.07670000000000021,0.42031072718990237
-0.0757000000000001,0.423564563179592
-0.07470000000000021,0.4221498518797269
-0.0737000000000001,0.4228572075296595
-0.07270000000000021,0.4266769280392951
-0.0717000000000001,0.4225742652696865
-0.07070000000000021,0.42469633221948405
-0.0697000000000001,0.4271013414292546
-0.0687000000000002,0.4263939857793221
-0.0677000000000001,0.42978929289899814
-0.0667000000000002,0.42611104351934903
-0.06570000000000009,0.4273842836892276
-0.0647000000000002,0.4296478217690116
-0.06370000000000009,0.42865752385910616
-0.0627000000000002,0.42922340837905215
-0.06170000000000009,0.43261871549872827
-0.0607000000000002,0.4312040041988632
-0.059700000000000086,0.4320528309787822
-0.058700000000000196,0.43176988871880917
-0.057700000000000085,0.4327601866287147
-0.056700000000000195,0.43474078244852576
-0.05570000000000008,0.4329016577587012
-0.05470000000000019,0.43375048453862025
-0.05370000000000008,0.4365799071383503
-0.05270000000000019,0.43587255148841775
-0.05170000000000008,0.43686284939832337
-0.05070000000000019,0.4364384360083638
-0.04970000000000008,0.43686284939832337
-0.04870000000000019,0.4391263874781074
-0.047700000000000076,0.4379946184382154
-0.046700000000000186,0.4378531473082289
-0.045700000000000074,0.44096551216793195
-0.044700000000000184,0.4385605029581614
-0.04370000000000007,0.44195581007783746
-0.04270000000000018,0.44096551216793195
-0.04170000000000007,0.44025815651799943
-0.04070000000000018,0.4442193481576215
-0.03970000000000007,0.4422387523378105
-0.03870000000000018,0.44167286781786447
-0.03770000000000007,0.444926703807554
-0.03670000000000018,0.443794934767662
-0.035700000000000065,0.447190241887338
-0.034700000000000175,0.4447852326775675
-0.03370000000000006,0.4447852326775675
-0.03270000000000017,0.44874642431718964
-0.03170000000000006,0.44619994397743257
-0.03070000000000017,0.447190241887338
-0.02970000000000006,0.4484634820572166
-0.02870000000000017,0.4486049531872031
-0.027700000000000058,0.45086849126698714
-0.026700000000000168,0.44931230883713563
-0.025700000000000056,0.44931230883713563
-0.024700000000000166,0.45256614482682517
-0.023700000000000054,0.4505855490070142
-0.022700000000000164,0.4521417314368657
-0.021700000000000053,0.4544052695166497
-0.020700000000000163,0.4515758469169197
-0.01970000000000005,0.45383938499670373
-0.01870000000000016,0.4536979138667173
-0.01770000000000005,0.45596145194650134
-0.01670000000000016,0.4572346921163799
-0.015700000000000047,0.45553703855654176
-0.014700000000000157,0.45454674064663625
-0.013700000000000045,0.4583664611562719
-0.012700000000000156,0.4586494034162448
-0.011700000000000044,0.45978117245613687
-0.010700000000000154,0.4599226435861234
-0.009700000000000042,0.45879087454623135
-0.008700000000000152,0.46246912392588047
-0.00770000000000004,0.46105441262601543
-0.00670000000000015,0.46020558584609644
-0.005700000000000038,0.46473266200566454
-0.0047000000000001485,0.4616202971459614
-0.0037000000000000366,0.4641667774857185
-0.0027000000000001467,0.4641667774857185
-0.0017000000000000348,0.46331795070579956
-0.000700000000000145,0.4664303155655025
0.00029999999999996696,0.46473266200566454
0.0012999999999998568,0.4662888444355161
0.0022999999999999687,0.4684109113853136
0.0032999999999998586,0.46798649799535413
0.0042999999999999705,0.47010856494515163
0.00529999999999986,0.4684109113853136
0.006299999999999972,0.4694012092952191
0.007299999999999862,0.4720891607649627
0.008299999999999974,0.4699670938151651
0.009299999999999864,0.4727965164148953
0.010299999999999976,0.47463564110471984
0.011299999999999866,0.4733624009348413
0.012299999999999978,0.47746506370444985
0.013299999999999867,0.08624080083977263
0.012299999999999978,-0.031137795710029458
0.011299999999999866,-0.05095790102113862
0.010299999999999976,-0.061936060708091316
0.009299999999999864,-0.07278689637805613
0.008299999999999974,-0.08179860735819641
0.007299999999999862,-0.08907022343950272
0.006299999999999972,-0.0982234055496295
0.00529999999999986,-0.10249583367522191
0.0042999999999999705,-0.10553746296993173
0.0032999999999998586,-0.11208757628830686
0.0022999999999999687,-0.11518579403501128
0.0012999999999998568,-0.12009484224554295
0.00029999999999996696,-0.12484827221308947
-0.000700000000000145,-0.12730986987485465
-0.0017000000000000348,-0.1354444598490786
-0.0027000000000001467,-0.1355859309790651
-0.0037000000000000366,-0.14121648195252795
-0.0047000000000001485,-0.14557379275611226
-0.005700000000000038,-0.14613967727605828
-0.00670000000000015,-0.1506667534356264
-0.00770000000000004,-0.15151558021554543
-0.008700000000000152,-0.15604265637511353
-0.009700000000000042,-0.1587306078448571
-0.010700000000000154,-0.1618429727045602
-0.011700000000000044,-0.16212591496453319
-0.012700000000000156,-0.16707740451406086
-0.013700000000000045,-0.16877505807389886
-0.014700000000000157,-0.17061418276372342
-0.015700000000000047,-0.1734436053634535
-0.01670000000000016,-0.17641449909317006
-0.01770000000000005,-0.17966833508285968
-0.01870000000000016,-0.17995127734283267
-0.01970000000000005,-0.1806586329927652
-0.020700000000000163,-0.1846198246323873
-0.021700000000000053,-0.18674189158218485
-0.022700000000000164,-0.18730777610213087
-0.023700000000000054,-0.192117794521672
-0.024700000000000166,-0.19013719870186094
-0.025700000000000056,-0.19480574599141554
-0.026700000000000168,-0.19395691921149652
-0.027700000000000058,-0.19678634181122662
-0.02870000000000017,-0.20173783136075424
-0.02970000000000006,-0.19947429328097016
-0.03070000000000017,-0.20131341797079472
-0.03170000000000006,-0.20315254266061927
-0.03270000000000017,-0.20485019622045733
-0.03370000000000006,-0.2079625610801604
-0.034700000000000175,-0.20697226317025488
-0.035700000000000065,-0.2086699167300929
-0.03670000000000018,-0.21277257949970152
-0.03770000000000007,-0.21107492593986346
-0.03870000000000018,-0.21447023305953958
-0.03970000000000007,-0.2164508288793506
-0.04070000000000018,-0.21503611757948557
-0.04170000000000007,-0.21857289582914816
-0.04270000000000018,-0.21786554017921567
-0.04370000000000007,-0.22012907825899972
-0.044700000000000184,-0.22380732763864883
-0.045700000000000074,-0.22126084729889173
-0.046700000000000186,-0.22465615441856782
-0.047700000000000076,-0.22493909667854084
-0.04870000000000019,-0.22691969249835187
-0.04970000000000008,-0.22918323057813594
-0.05070000000000019,-0.22748557701829786
-0.05170000000000008,-0.22890028831816295
-0.05270000000000019,-0.23116382639794697
-0.05370000000000008,-0.23229559543783898
-0.05470000000000019,-0.23356883560771755
-0.05570000000000008,-0.23314442221775805
-0.056700000000000195,-0.23470060464760956
-0.057700000000000085,-0.23809591176728565
-0.058700000000000196,-0.2356909025575151
-0.059700000000000086,-0.2393691519371642
-0.0607000000000002,-0.24021797871708325
-0.06170000000000009,-0.24361328583675934
-0.0627000000000002,-0.24163269001694826
-0.06370000000000009,-0.2423400456668808
-0.0647000000000002,-0.24361328583675934
-0.06570000000000009,-0.24615976617651636
-0.0667000000000002,-0.24446211261667833
-0.0677000000000001,-0.24630123730650288
-0.0687000000000002,-0.25068684233608446
-0.0697000000000001,-0.24870624651627343
-0.07070000000000021,-0.24997948668615194
-0.0717000000000001,-0.25139419798601703
-0.07270000000000021,-0.24997948668615194
-0.0737000000000001,-0.25535538962563914
-0.07470000000000021,-0.251960082505963
-0.0757000000000001,-0.25309185154585506
-0.07670000000000021,-0.2567701009255041
-0.0777000000000001,-0.25422362058574705
-0.07870000000000021,-0.2594580523952477
-0.0797000000000001,-0.2567701009255041
-0.08070000000000022,-0.2588921678753017
-0.0817000000000001,-0.2615801193450453
-0.08270000000000022,-0.2607312925651262
-0.08370000000000011,-0.2607312925651262
-0.08470000000000022,-0.2652583687246944
-0.08570000000000011,-0.26327777290488336
-0.08670000000000022,-0.2663901377645864
-0.08770000000000011,-0.26554131098466743
-0.08870000000000022,-0.26695602228453247
-0.08970000000000011,-0.269361031494303
-0.09070000000000022,-0.26808779132442445
-0.09170000000000011,-0.2686536758443705
-0.09270000000000023,-0.27077574279416805
-0.09370000000000012,-0.27134162731411404
-0.09470000000000023,-0.2736051653938981
-0.09570000000000012,-0.2736051653938981
-0.09670000000000023,-0.2731807520039386
-0.09770000000000012,-0.2762931168636417
-0.09870000000000023,-0.27572723234369567
-0.09970000000000012,-0.2765760591236147
-0.10070000000000023,-0.2796884239833177
-0.10170000000000012,-0.2799713662432907
-0.10270000000000024,-0.2801128373732773
-0.10370000000000013,-0.28223490432307485
-0.10470000000000024,-0.2820934331930883
-0.10570000000000013,-0.2857716825727374
-0.10670000000000024,-0.2843569712728724
-0.10770000000000013,-0.2854887403127644
-0.10870000000000024,-0.28930846082239997
-0.10970000000000013,-0.287893749522535
-0.11070000000000024,-0.2891669896924135
-0.11170000000000013,-0.29128905664221105
-0.11270000000000002,-0.29001581647233254
-0.11370000000000013,-0.2952502482818331
-0.11470000000000002,-0.2932696524620221
-0.11570000000000014,-0.2955331905418062
-0.11670000000000003,-0.2976552574916037
-0.11770000000000014,-0.29793819975157676
-0.11870000000000003,-0.30034320896134725
-0.11970000000000014,-0.3007676223513068
-0.12070000000000003,-0.29977732444140126
-0.12170000000000014,-0.30529469851087493
-0.12270000000000003,-0.3034555738210504
-0.12370000000000014,-0.30529469851087493
-0.12470000000000003,-0.30883147676053746
-0.12570000000000014,-0.30699235207071296
-0.12670000000000003,-0.31151942823028106
-0.12770000000000015,-0.3108120725803486
-0.12870000000000004,-0.3122267838802136
-0.12970000000000015,-0.3164709177798087
-0.13070000000000004,-0.3142073797000246
-0.13170000000000015,-0.3170368022997547
-0.13270000000000004,-0.31986622489948474
-0.13370000000000015,-0.3205735805494173
-0.13470000000000004,-0.32241270523924187
-0.13570000000000015,-0.32297858975918786
-0.13670000000000004,-0.32411035879907985
-0.13770000000000016,-0.32948626173856704
-0.13870000000000005,-0.3296277328685535
-0.13970000000000016,-0.3300521462585131
-0.14070000000000005,-0.3335889245081756
-0.14170000000000016,-0.3323156843382971
-0.14270000000000005,-0.33769158727778426
-0.14370000000000016,-0.3382574717977303
-0.14470000000000005,-0.33995512535756833
-0.14570000000000016,-0.3426430768273119
-0.14670000000000005,-0.34434073038714996
-0.14770000000000016,-0.3456139705570285
-0.14870000000000005,-0.34900927767670453
-0.14970000000000017,-0.35155575801646166
-0.15070000000000006,-0.3528289981863401
-0.15170000000000017,-0.35608283417602976
-0.15270000000000006,-0.35792195886585426
-0.15370000000000017,-0.36188315050547637
-0.15470000000000006,-0.3608928525955709
-0.15570000000000017,-0.36386374632528745
-0.15670000000000006,-0.3692396492647746
-0.15770000000000017,-0.3698055337847206
-0.15870000000000006,-0.3737667254243427
-0.15970000000000018,-0.3773035036740053
-0.16070000000000007,-0.37560585011416725
-0.16170000000000018,-0.3838111756533844
-0.16270000000000007,-0.383952646783371
-0.16370000000000018,-0.3884797229429391
-0.16470000000000007,-0.3930067991025072
-0.16570000000000018,-0.39272385684253414
-0.16670000000000007,-0.3992315288219133
-0.16770000000000018,-0.3990900576919268
-0.16870000000000007,-0.40390007611146794
-0.16970000000000018,-0.40856862340102257
-0.17070000000000007,-0.40941745018094167
-0.17170000000000019,-0.41394452634050977
-0.17270000000000008,-0.4197448426699564
-0.1737000000000002,-0.42144249622979446
-0.17470000000000008,-0.42625251464933556
-0.1757000000000002,-0.4293648795090386
-0.17670000000000008,-0.4321943021087687
-0.1777000000000002,-0.4392678586080939
-0.17870000000000008,-0.43884344521813434
-0.1797000000000002,-0.4459170017174596
-0.18070000000000008,-0.45242467369683875
-0.1817000000000002,-0.45596145194650134
-0.18270000000000008,-0.46020558584609644
-0.1837000000000002,-0.46402530635573197
-0.1847000000000001,-0.4682694402553271
-0.1857000000000002,-0.4750600544946793
-0.1867000000000001,-0.47887977500431494
-0.1877000000000002,-0.4848215624637481
-0.1887000000000001,-0.49147070557311373
-0.1897000000000002,-0.49514895495276273
-0.1907000000000001,-0.5008078001522229
-0.1917000000000001,-0.5063251742216967
-0.19269999999999998,-0.5114181349012108
-0.1937000000000001,-0.52075522948032
-0.19469999999999998,-0.5231602386900907
-0.1957000000000001,-0.5289605550195372
-0.19669999999999999,-0.5377317650787005
-0.1977000000000001,-0.5428247257582146
-0.1987,-0.5507471090374588
-0.1997000000000001,-0.5573962521468245
-0.2007,-0.5626306839563251
-0.2017000000000001,-0.5711189517555153
-0.2027,-0.576919268084962
-0.2037000000000001,-0.5851245936241791
-0.2047,-0.5938958036833424
-0.2057000000000001,-0.5988472932328701
-0.2067,-0.6084673300719523
-0.2077000000000001,-0.614267646401399
-0.2087,-0.6240291543704677
-0.2097000000000001,-0.6340736045995095
-0.2107,-0.6405812765788885
-0.2117000000000001,-0.6487866021181058
-0.2127,-0.658689581217161
-0.2137000000000001,-0.6670363778863648
-0.2147,-0.6794858373251772
-0.2157000000000001,-0.6882570473843403
-0.2167,-0.694057363713787
-0.21770000000000012,-0.7074971210625048
-0.2187,-0.714004793041884
-0.21970000000000012,-0.7232004164910067
-0.2207,-0.7366401738397246
-0.22170000000000012,-0.7466846240687663
-0.2227,-0.7565876031678217
-0.22370000000000012,-0.7671979379168093
-0.2247,-0.7776668015358106
-0.22570000000000012,-0.7905406743645824
-0.2267,-0.8007265957236107
-0.22770000000000012,-0.8099222191727334
-0.22870000000000001,-0.8276061104210465
-0.22970000000000013,-0.8349626091803447
-0.23070000000000002,-0.8492511933089816
-0.23170000000000013,-0.8611347682278478
-0.23270000000000002,-0.8724524586267681
-0.23370000000000013,-0.889570465355135
-0.23470000000000002,-0.9013125691440148
-0.23570000000000013,-0.9107911348531107
-0.23670000000000002,-0.9284750261014234
-0.2376999999999999,-0.9412074278002089
-0.23870000000000002,-0.9587498479185353
-0.2396999999999999,-0.9669551734577525
-0.24070000000000003,-0.983082882276214
-0.24169999999999991,-1.0027473693443378
-0.24270000000000003,-1.0153382999131368
-0.24369999999999992,-1.0270804037020165
-0.24470000000000003,-1.0474522464200733
-0.24569999999999992,-1.060892003768791
-0.24670000000000003,-1.0798491351869823
-0.24769999999999992,-1.0938547770556464
-0.24870000000000003,-1.1115386683039592
-0.24969999999999992,-1.1276663771224207
-0.25070000000000003,-1.1433696725509228
-0.2516999999999999,-1.162043861709141
-0.25270000000000004,-1.1841133579870358
-0.2536999999999999,-1.1984019421156726
-0.25470000000000004,-1.2162273044939722
-0.2556999999999999,-1.2351844359121635
-0.25670000000000004,-1.253009798290463
-0.25769999999999993,-1.2759281213482767
-0.25870000000000004,-1.2919143590367514
-0.25969999999999993,-1.3114373749748889
-0.26070000000000004,-1.336619236112487
-0.26169999999999993,-1.3521810604110023
-0.26270000000000004,-1.373826143298937
-0.26369999999999993,-1.3951882839268992
-0.26470000000000005,-1.4161260111649017
-0.26569999999999994,-1.4387613919627424
-0.26670000000000005,-1.459982061460718
-0.26769999999999994,-1.4812027309586933
-0.26870000000000005,-1.506667534356264
-0.26969999999999994,-1.5278882038542394
-0.27070000000000005,-1.54769416205235
-0.27169999999999994,-1.5731589654499207
-0.27270000000000005,-1.5986237688474914
-0.27369999999999994,-1.626917994844792
-0.27470000000000006,-1.6424798191433077
-0.27569999999999995,-1.6693593338407433
-0.27670000000000006,-1.6976535598380442
-0.27769999999999995,-1.7160448067362895
-0.27870000000000006,-1.7471684553333202
-0.27969999999999995,-1.772633258730891
-0.28070000000000006,-1.7980980621284617
-0.28169999999999995,-1.8278069994256272
-0.28270000000000006,-1.849027668923603
-0.28369999999999995,-1.8773218949209036
-0.28470000000000006,-1.9084455435179344
-0.28569999999999995,-1.933910346915505
-0.28670000000000007,-1.9650339955125358
-0.28769999999999996,-1.993328221509837
-0.28870000000000007,-2.020207736207272
-0.28969999999999996,-2.049916673504438
-0.29070000000000007,-2.079625610801604
-0.29169999999999996,-2.1121639706984996
-0.29270000000000007,-2.1447023305953956
-0.29369999999999996,-2.171581845292831
-0.2947000000000001,-2.204120205189727
-0.29569999999999996,-2.230999719887163
-0.2967000000000001,-2.263538079784059
-0.29769999999999996,-2.30597941878001
-0.2987000000000001,-2.3328589334774454
-0.29969999999999997,-2.358323736875016
-0.3007000000000001,-2.3993503645711023
-0.30169999999999997,-2.4318887244679983
-0.3027000000000001,-2.467256506964624
-0.30369999999999997,-2.4983801555616547
-0.3047000000000001,-2.532333226758415
-0.30569999999999997,-2.5719451431546365
-0.3067000000000001,-2.6044835030515325
-0.3077,-2.637021862948428
-0.3087000000000001,-2.6723896454450546
-0.3097,-2.7134162731411404
-0.3107000000000001,-2.743125210438306
-0.3117,-2.7813224155346625
-0.3127000000000001,-2.8166901980312877
-0.3137,-2.8619609596269693
-0.3147000000000001,-2.8944993195238653
-0.3157,-2.9284523907206257
-0.3167000000000001,-2.970893729716577
-0.3177,-3.0076762235130676
-0.3187000000000001,-3.0515322738088844
-0.3197,-3.0854853450056448
-0.3207000000000001,-3.122267838802136
-0.3217,-3.167538600397817
-0.3227000000000001,-3.200076960294713
-0.3237,-3.2411035879907995
-0.3247000000000001,-3.2849596382866153
-0.3257,-3.328815688582431
-0.3267000000000001,-3.3641834710790572
-0.3277,-3.4066248100750083
-0.3287000000000001,-3.4462367264712297
-0.3297,-3.4886780654671803
-0.3307000000000001,-3.5297046931632665
-0.3317,-3.573560743459083
-0.3327000000000001,-3.6174167937548987
-0.3337,-3.6541992875513896
-0.3347000000000001,-3.7037141830466664
-0.3357,-3.7419113881430217
-0.3367000000000001,-3.788596861038568
-0.3377,-3.833867622634249
-0.3387000000000001,-3.8734795390304706
-0.3397,-3.9130914554266916
-0.3407000000000001,-3.965435773521698
-0.3417,-4.009291823817514
-0.3427000000000001,-4.060221430612655
-0.3437,-4.091345079209686
-0.3447000000000001,-4.135201129505503
-0.3457,-4.191789581500104
-0.3467000000000001,-4.239889765695515
-0.3477,-4.283745815991331
-0.3487000000000001,-4.330431288886877
-0.3497,-4.368628493983234
-0.3507000000000001,-4.428046368577565
-0.3517,-4.476146552772976
-0.3527000000000001,-4.528490870867983
-0.3537,-4.572346921163798
-0.3547000000000001,-4.62044710535921
-0.3557,-4.671376712154351
-0.35670000000000013,-4.723721030249357
-0.3577,-4.771821214444769
-0.35870000000000013,-4.818506687340315
-0.3597,-4.872265716735186
-0.36070000000000013,-4.918951189630732
-0.3617,-4.985442620724389
-0.3626999999999999,-5.034957516219666
-0.3637,-5.088716545614537
-0.3646999999999999,-5.129743173310623
-0.3657,-5.183502202705494
-0.3666999999999999,-5.244334788599692
-0.3677,-5.2924349727951014
-0.3686999999999999,-5.364585249088219
-0.36970000000000003,-5.4169295671832245
-0.3706999999999999,-5.460785617479042
-0.37170000000000003,-5.515959358173778
-0.3726999999999999,-5.582450789267434
-0.37370000000000003,-5.641868663861766
-0.3746999999999999,-5.6913835593570425
-0.37570000000000003,-5.75504556785097
-0.3766999999999999,-5.813048731145436
-0.37770000000000004,-5.873881317039633
-0.3786999999999999,-5.9347139029338285
-0.37970000000000004,-5.97998466452951
-0.3806999999999999,-6.045061384323302
-0.38170000000000004,-6.122870505815879
-0.38269999999999993,-6.186532514309805
-0.38370000000000004,-6.230388564605621
-0.38469999999999993,-6.2954652843994126
-0.38570000000000004,-6.3647861380928
-0.38669999999999993,-6.435521703086052
-0.38770000000000004,-6.4864513098811925
-0.38869999999999993,-6.560016297474175
-0.38970000000000005,-6.622263594668237
-0.39069999999999994,-6.687340314462029
-0.39170000000000005,-6.75241703425582
-0.39269999999999994,-6.818908465349477
-0.39370000000000005,-6.892473452942459
-0.39469999999999994,-6.971697285734901
-0.39570000000000005,-7.026871026429637
-0.39669999999999994,-7.099021302722755
-0.39770000000000005,-7.1683421564161405
-0.39869999999999994,-7.243321855308987
-0.39970000000000006,-7.309813286402645
-0.40069999999999995,-7.379134140096031
-0.40170000000000006,-7.456943261588608
-0.40269999999999995,-7.52484940398213
-0.40370000000000006,-7.599829102874978
-0.40469999999999995,-7.679052935667419
-0.40570000000000006,-7.761106191059591
-0.40669999999999995,-7.823353488253653
-0.40770000000000006,-7.913895011445016
-0.40869999999999995,-7.977557019938943
-0.40970000000000006,-8.069513254430168
-0.41069999999999995,-8.130345840324367
-0.41170000000000007,-8.212399095716538
-0.41269999999999996,-8.3029406189079
-0.41370000000000007,-8.382164451700342
-0.41469999999999996,-8.458558861893053
-0.41570000000000007,-8.55051509638428
-0.41669999999999996,-8.619835950077668
-0.41770000000000007,-8.701889205469842
-0.41869999999999996,-8.798089573860663
-0.4197000000000001,-8.897119364851218
-0.42069999999999996,-8.967854929844465
-0.4217000000000001,-9.04707876263691
-0.42269999999999996,-9.12913201802908
-0.4237000000000001,-9.230991231619363
-0.42469999999999997,-9.332850445209647
-0.4257000000000001,-9.416318411901685
-0.42669999999999997,-9.504030512493316
-0.4277000000000001,-9.583254345285757
-0.42869999999999997,-9.692187115375367
-0.4297000000000001,-9.779899215967
-0.43069999999999997,-9.886002563456877
-0.4317000000000001,-9.958152839749992
-0.4327,-10.054353208140816
-0.4337000000000001,-10.166115400830154
-0.4347,-10.28919528391841
-0.4357000000000001,-10.361345560211529
-0.4367,-10.481596020700055
-0.4377000000000001,-10.553746296993173
-0.4387,-10.673996757481701
-0.4397000000000001,-10.778685393671715
-0.4407,-10.867812205563212
-0.4417000000000001,-10.98523324345201
-0.4427,-11.104068992640675
-0.4437000000000001,-11.208757628830686
-0.4447,-11.317690398920295
-0.4457000000000001,-11.405402499511926
-0.4467,-11.541214784298969
-0.4477000000000001,-11.66995351258669
-0.4487,-11.750592056678995
-0.4497000000000001,-11.872257228467388
-0.4507,-11.981189998556996
-0.4517000000000001,-12.12549055114323
-0.4527,-12.240082166432298
-0.4537000000000001,-12.364576760820421
-0.4547,-12.47916837610949
-0.4557000000000001,-12.614980660896533
-0.4567,-12.72108400838641
-0.4577000000000001,-12.871043406172104
-0.4587,-12.984220310161305
-0.4597000000000001,-13.10022663675024
-0.4607,-13.248771323236069
-0.4617000000000001,-13.394486587122167
-0.4627,-13.506248779811504
-0.4637000000000001,-13.660452311496796
-0.4647,-13.803338152783162
-0.4657000000000001,-13.946223994069532
-0.4667,-14.059400898058735
-0.4677000000000001,-14.231995676642269
-0.4687,-14.387613919627421
-0.4697000000000001,-14.529085049613924
-0.4707,-14.65640906660178
-0.4717000000000001,-14.797880196588284
-0.4727,-14.953498439573437
-0.4737000000000001,-15.137410908555893
-0.4747,-15.321323377538347
-0.4757000000000001,-15.43450028152755
-0.4767,-15.618412750510005
-0.4777000000000001,-15.77403099349516
-0.4787,-15.943796349478962
-0.4797000000000001,-16.071120366466815
-0.4807,-16.25503283544927
-0.48170000000000013,-16.46723953042903
-0.4827,-16.651151999411482
-0.48370000000000013,-16.806770242396635
-0.4847,-16.99068271137909
-0.48570000000000013,-17.160448067362896
-0.4867,-17.37265476234265
-0.4876999999999999,-17.528273005327804
-0.4887,-17.74047970030756
-0.4896999999999999,-17.938539282288666
-0.4907,-18.122451751271118
-0.4916999999999999,-18.320511333252224
-0.4927,-18.518570915233333
-0.4936999999999999,-18.730777610213085
-0.49470000000000003,-18.95713141819149
-0.4956999999999999,-19.169338113171246
-0.49670000000000003,-19.367397695152352
-0.4976999999999999,-19.579604390132108
-0.49870000000000003,-19.77766397211321
-0.4996999999999999,-20.01816489309027
-0.5007,-20.244518701068674
-0.5016999999999999,-20.499166735044383
-0.5027,-20.73966765602144
-0.5036999999999999,-20.980168576998494
-0.5047,-21.16408104598095
-0.5056999999999999,-21.418729079956652
-0.5067,-21.71581845292831
-0.5076999999999999,-21.98461359990267
-0.5087,-22.182673181883775
-0.5096999999999999,-22.437321215859484
-0.5107,-22.72026347583249
-0.5116999999999999,-23.003205735805498
-0.5127,-23.257853769781203
-0.5136999999999999,-23.526648916755562
-0.5147,-23.795444063729917
-0.5156999999999999,-24.078386323702922
-0.5167,-24.37547569667458
-0.5176999999999999,-24.686712182644893
-0.5187,-24.969654442617898
-0.5196999999999999,-25.252596702590903
-0.5207,-25.57798030155986
-0.5216999999999999,-25.90336390052882
-0.5227,-26.242894612496432
-0.5236999999999999,-26.511689759470787
-0.5247,-26.851220471438396
-0.5257,-27.190751183406004
-0.5267000000000001,-27.487840556377662
-0.5277,-27.869812607341224
-0.5287000000000001,-28.19519620631018
-0.5297,-28.506432692280487
-0.5307000000000001,-28.8742576302454
-0.5317,-29.25622968120896
-0.5327000000000001,-29.66649595816982
-0.5337,-29.935291105144174
-0.5347000000000001,-30.246527591114486
-0.5357,-30.685088094072643
-0.5367000000000001,-31.12364859703081
-0.5377,-31.392443744005163
-0.5387000000000001,-31.816857133964678
-0.5397,-32.32615320191609
-0.5407000000000001,-32.7222723658783
-0.5417,-33.07595019084456
-0.5427000000000001,-33.40133378981351
-0.5437,-33.825747179773025
-0.5447000000000001,-34.292601908728486
-0.5457,-34.8018979766799
-0.5467000000000001,-35.240458479638065
-0.5477,-35.636577643600276
-0.5487000000000001,-36.03269680756248
-0.5497,-36.52784576251525
-0.5507000000000001,-36.98055337847206
-0.5517,-37.44740810742752
-0.5527000000000001,-37.90011572338433
-0.5537,-38.42355890433439
-0.5547000000000001,-38.81967806829661
-0.5557,-39.34312124924667
-0.5567000000000001,-39.85241731719808
-0.5577,-40.31927204615355
-0.5587000000000001,-40.88515656609956
-0.5597,-41.47933531204288
-0.5607000000000001,-41.98863137999429
-0.5617,-42.59695723893625
-0.5627000000000001,-42.96478217690117
-0.5637,-43.40334267985933
-0.5647000000000001,-44.068256990795895
-0.5657,-44.690729962736505
-0.5667000000000001,-45.11514335269602
-0.5677,-45.69517498564068
-0.5687000000000001,-46.2610595055867
-0.5697,-46.91182670352462
-0.5707000000000001,-47.54844678846388
-0.5717,-48.114331308409895
-0.5727000000000001,-48.68021582835591
-0.5737,-49.17536478330867
-0.5747000000000001,-49.86857332024254
-0.5757,-50.50519340518181
-0.5767000000000001,-51.18425482911703
-0.5777,-51.69355089706845
-0.5787000000000001,-52.42920077299826
-0.5797,-52.95264395394832
-0.5807000000000001,-53.67414671687949
-0.5817,-54.2966196888201
-0.5827000000000001,-54.961533999756675
-0.5837,-55.626448310693235
-0.5847000000000001,-56.30550973462846
-0.5857,-56.91383559357042
-0.5867000000000001,-57.6353383565016
-0.5877,-58.44172379742467
-0.5887000000000001,-59.16322656035583
-0.5897,-59.64422840230995
-0.5907000000000001,-60.16767158326001
-0.5917,-60.988204137181725
-0.5927000000000001,-62.02094338608321
-0.5937,-62.74244614901438
-0.5947000000000001,-63.43565468594825
-0.5957,-64.11471610988345
-0.5967000000000001,-64.86451309881193
-0.5977,-65.48698607075255
-0.5987000000000001,-66.43484264166212
-0.5997,-67.24122808258521
-0.6007000000000001,-68.20323176649342
-0.6017,-69.16523545040164
-0.6027000000000001,-69.99991511732202
-0.6037,-70.50921118527343
-0.6047000000000001,-71.2307139482046
-0.6057,-72.06539361512496
-0.6067000000000001,-73.2537511070116
-0.6077,-74.08843077393198
-0.6087000000000001,-74.79578642386448
-0.6097,-75.53143629979431
-0.6107000000000001,-76.32367462771872
-0.6117,-77.28567831162695
-0.6126999999999999,-78.26182910853383
-0.6137,-79.2945683574353
-0.6146999999999999,-79.87459999037998
-0.6157,-80.8931921262828
-0.6166999999999999,-82.05325539217212
-0.6177,-82.60499279911949
-0.6186999999999999,-83.24161288405877
-0.6197,-84.26020501996159
-0.6206999999999999,-85.67491631982661
-0.6217,-86.45300753475239
-0.6226999999999999,-87.01889205469841
-0.6237,-88.16480820758908
-0.6246999999999999,-89.35316569947572
-0.6257,-90.3576107223799
-0.6266999999999999,-91.44693842327598
-0.6277,-92.08355850821525
-0.6286999999999999,-93.20118043510863
-0.6297,-94.6300388479723
-0.6306999999999999,-95.97401458284409
-0.6317,-96.3701337468063
-0.6326999999999999,-97.6575210296835
-0.6337,-98.97320253855796
-0.6346999999999999,-100.03423601345675
-0.6357,-101.19429927934607
-0.6366999999999999,-102.12800873725699
-0.6377,-102.73633459619896
-0.6386999999999999,-103.41539602013418
-0.6397,-104.88669577199381
-0.6406999999999999,-106.73996757481702
-0.6417,-107.7161183717239
-0.6426999999999999,-108.43762113465506
-0.6437,-109.01765276759973
-0.6446999999999999,-110.53139385845533
-0.6457,-111.6207215593514
-0.6466999999999999,-112.63931369525422
-0.6477,-114.0398778821206
-0.6486999999999999,-114.59161528906797
-0.6497,-115.0726171310221
-0.6507,-115.90729679794246
-0.6517000000000001,-117.43518500179668
-0.6527,-118.84989630166173
-0.6537000000000001,-119.95337111555646
-0.6547,-121.17002283344038
-0.6557000000000001,-122.83938216728113
-0.6567,-123.532590704215
-0.6577000000000001,-124.72094819610162
-0.6587,-124.989743343076
-0.6597000000000001,-125.44245095903281
-0.6607,-126.47519020793426
-0.6617000000000001,-128.38505046275208
-0.6627,-129.61584929363465
-0.6637000000000001,-130.23832226557528
-0.6647,-130.9456779155078
-0.6657000000000001,-131.8510931474214
-0.6667,-132.5443016843553
-0.6677000000000001,-134.00145432321628
-0.6687,-135.11907625010966
-0.6697000000000001,-135.26054738009617
-0.6707,-135.76984344804757
-0.6717000000000001,-136.63281734096523
-0.6727,-138.302176674806
-0.6737000000000001,-138.45779491779115
-0.6747,-138.71244295176686
-0.6757000000000001,-138.71244295176686
-0.6767,-140.04227157363997
-0.6777000000000001,-140.9759810315509
-0.6787,-141.75407224647665
-0.6797000000000001,-142.4614278964092
-0.6807,-142.7443701563822
-0.6817000000000001,-142.6028990263957
-0.6827,-142.8858412863687
-0.6837000000000001,-143.0273124163552
-0.6847,-143.0273124163552
-0.6857000000000001,-143.0273124163552
-0.6867,-143.0273124163552
-0.6857000000000001,-143.0273124163552
-0.6847,-143.0273124163552
-0.6837000000000001,-143.0273124163552
-0.6827,-142.17848563643616
-0.6817000000000001,-140.3818022856076
-0.6807,-138.00508730183432
-0.6797000000000001,-136.4489048719828
-0.6787,-135.45860696207725
-0.6777000000000001,-135.11907625010966
-0.6767,-134.10048411420684
-0.6757000000000001,-132.84139105732694
-0.6747,-130.8325010115186
-0.6737000000000001,-129.47437816364814
-0.6727,-128.1304024287764
-0.6717000000000001,-126.64495556391809
-0.6707,-125.03218468207194
-0.6697000000000001,-124.45215304912726
-0.6687,-123.4477080262231
-0.6677000000000001,-122.4149687773216
-0.6667,-121.77834869238235
-0.6657000000000001,-121.12758149444444
-0.6647,-120.17972492353488
-0.6637000000000001,-118.96307320565093
-0.6627,-117.8030099397616
-0.6617000000000001,-116.31756307490332
-0.6607,-115.19994114800993
-0.6597000000000001,-113.62961160515974
-0.6587,-112.21490030529472
-0.6577000000000001,-111.25289662138647
-0.6567,-110.95580724841481
-0.6557000000000001,-109.8523324345201
-0.6547,-109.07424121959433
-0.6537000000000001,-107.7161183717239
-0.6527,-106.55605510583456
-0.6517000000000001,-104.91498999799111
-0.6507,-104.5188708340289
-0.6497,-103.35880756813957
-0.6486999999999999,-102.34021543223676
-0.6477,-101.91580204227725
-0.6466999999999999,-101.54797710431234
-0.6457,-100.28888404743245
-0.6446999999999999,-99.53908705850398
-0.6437,-98.57708337459576
-0.6426999999999999,-97.64337391668484
-0.6417,-96.52575198979144
-0.6406999999999999,-95.43642428889537
-0.6397,-94.06415432802629
-0.6386999999999999,-93.04556219212347
-0.6377,-92.08355850821525
-0.6366999999999999,-91.34790863228542
-0.6357,-90.48493473936773
-0.6346999999999999,-89.83416754142982
-0.6337,-88.60336871054724
-0.6326999999999999,-88.29213222457693
-0.6317,-87.33012854066871
-0.6306999999999999,-86.50959598674699
-0.6297,-86.08518259678749
-0.6286999999999999,-85.08073757388331
-0.6277,-84.34508769795349
-0.6266999999999999,-83.26990711005605
-0.6257,-82.6615812511141
-0.6246999999999999,-81.99666694017753
-0.6237,-81.21857572525175
-0.6226999999999999,-80.35560183233409
-0.6217,-79.59165773040696
-0.6206999999999999,-78.94089053246904
-0.6197,-78.14865220454463
-0.6186999999999999,-77.41300232861481
-0.6177,-77.51203211960537
-0.6166999999999999,-77.20079563363505
-0.6157,-76.36611596671467
-0.6146999999999999,-75.00799311884425
-0.6137,-74.32893169490903
-0.6126999999999999,-73.52254625398596
-0.6117,-72.95666173403994
-0.6107000000000001,-72.13612918011822
-0.6097,-71.2024197222073
-0.6087000000000001,-70.48091695927613
-0.6077,-69.58964884036115
-0.6067000000000001,-68.9530287554219
-0.6057,-68.33055578348127
-0.6047000000000001,-67.9485837325177
-0.6037,-67.18463963059058
-0.6027000000000001,-66.70363778863647
-0.6017,-65.86895812171612
-0.6007000000000001,-65.09086690679034
-0.5997,-64.75133619482273
-0.5987000000000001,-63.930803640901004
-0.5977,-63.13856531297658
-0.5967000000000001,-62.40291543704677
-0.5957,-61.921913595092654
-0.5947000000000001,-61.525794431130436
-0.5937,-60.974057024183075
-0.5927000000000001,-61.21455794516014
-0.5917,-60.26670137425056
-0.5907000000000001,-59.53105149832074
-0.5897,-58.72466605739767
-0.5887000000000001,-58.04560463346245
-0.5877,-57.57874990450699
-0.5867000000000001,-57.96072195547055
-0.5857,-57.182630740544774
-0.5847000000000001,-56.61674622059877
-0.5837,-56.079155926650046
-0.5827000000000001,-55.6688896496892
-0.5817,-55.06056379074723
-0.5807000000000001,-54.551267722795814
-0.5797,-54.070265880841696
-0.5787000000000001,-53.56096981289029
-0.5777,-53.12240930993213
-0.5767000000000001,-52.485789224992864
-0.5757,-52.14625851302525
-0.5747000000000001,-51.73599223606439
-0.5737,-51.495491315087335
-0.5727000000000001,-51.09937215112513
-0.5717,-50.66081164816696
-0.5707000000000001,-50.1656626932142
-0.5697,-49.8261319812466
-0.5687000000000001,-49.557336834272235
-0.5677,-49.34513013929248
-0.5667000000000001,-48.55289181136806
-0.5657,-48.029448630417996
-0.5647000000000001,-47.70406503144903
-0.5637,-47.23721030249357
-0.5627000000000001,-46.75620846053947
-0.5617,-46.38838352257455
-0.5607000000000001,-46.147882601597495
-0.5597,-45.70932209863933
-0.5587000000000001,-45.29905582167847
-0.5577,-44.74731841473111
-0.5567000000000001,-44.3794934767662
-0.5557,-43.91263874781074
-0.5547000000000001,-43.37504845386202
-0.5537,-42.89404661190791
-0.5527000000000001,-42.51207456094435
-0.5517,-42.00277849299294
-0.5507000000000001,-41.606659329030734
-0.5497,-41.139804600075266
-0.5487000000000001,-40.5880671931279
-0.5477,-40.06462401217784
-0.5467000000000001,-39.66850484821563
-0.5457,-39.30067991025072
-0.5447000000000001,-39.03188476327636
-0.5437,-38.55088292132225
-0.5427000000000001,-38.32452911334384
-0.5417,-37.659614802407276
-0.5407000000000001,-37.178612960453165
-0.5397,-36.88152358748151
-0.5387000000000001,-36.37222751953009
-0.5377,-36.14587371155169
-0.5367000000000001,-35.679018982596226
-0.5357,-35.282899818634014
-0.5347000000000001,-34.95751621966506
-0.5337,-34.6604268466934
-0.5327000000000001,-34.236013456733886
-0.5317,-33.85404140577033
-0.5307000000000001,-33.38718667681487
-0.5297,-33.04765596484726
-0.5287000000000001,-32.66568391388369
-0.5277,-32.32615320191609
-0.5267000000000001,-31.887592698957924
-0.5257,-31.54806198699032
-0.5247,-31.250972614018657
-0.5236999999999999,-30.91144190205105
-0.5227,-30.529469851087494
-0.5216999999999999,-30.17579202612123
-0.5207,-29.850408427152274
-0.5196999999999999,-29.539171941181966
-0.5187,-29.18549411621571
-0.5176999999999999,-28.86011051724675
-0.5167,-28.577168257273744
-0.5156999999999999,-28.22349043230748
-0.5147,-27.912253946337174
-0.5136999999999999,-27.615164573365515
-0.5127,-27.289780974396557
-0.5116999999999999,-26.97854448842625
-0.5107,-26.681455115454593
-0.5096999999999999,-26.455101307476184
-0.5087,-26.29948306449103
-0.5076999999999999,-25.931658126526123
-0.5067,-25.648715866553115
-0.5056999999999999,-25.309185154585506
-0.5047,-24.997948668615198
-0.5036999999999999,-24.71500640864219
-0.5027,-24.432064148669184
-0.5016999999999999,-24.149121888696175
-0.5007,-23.92276808071777
-0.4996999999999999,-23.653972933743415
-0.49870000000000003,-23.385177786769056
-0.4976999999999999,-23.073941300798747
-0.49670000000000003,-22.861734605818995
-0.4956999999999999,-22.578792345845983
-0.49470000000000003,-22.281702972874328
-0.4936999999999999,-22.027054938898623
-0.4927,-21.744112678925614
-0.4916999999999999,-21.531905983945855
-0.4907,-21.319699288966106
-0.4896999999999999,-21.065051254990397
-0.4887,-20.79625610801604
-0.4876999999999999,-20.584049413036283
-0.4867,-20.286960040064624
-0.48570000000000013,-20.046459119087572
-0.4847,-19.848399537106463
-0.48370000000000013,-19.636192842126707
-0.4827,-19.466427486142905
-0.48170000000000013,-19.22592656516585
-0.4807,-18.95713141819149
-0.4797000000000001,-18.759071836210385
-0.4787,-18.546865141230633
-0.4777000000000001,-18.334658446250877
-0.4767,-18.13659886426977
-0.4757000000000001,-17.924392169290012
-0.4747,-17.74047970030756
-0.4737000000000001,-17.514125892329155
-0.4727,-17.316066310348052
-0.4717000000000001,-17.07556538937099
-0.4707,-16.90580003338719
-0.4697000000000001,-16.70774045140608
-0.4687,-16.56626932141958
-0.4677000000000001,-16.396503965435777
-0.4667,-16.19844438345467
-0.4657000000000001,-15.957943462477614
-0.4647,-15.816472332491113
-0.4637000000000001,-15.604265637511356
-0.4627,-15.448647394526201
-0.4617000000000001,-15.208146473549144
-0.4607,-15.080822456561293
-0.4597000000000001,-14.868615761581536
-0.4587,-14.741291744593681
-0.4577000000000001,-14.543232162612577
-0.4567,-14.401761032626075
-0.4557000000000001,-14.203701450644967
-0.4547,-14.02969196076157
-0.4537000000000001,-13.861341316077631
-0.4527,-13.6845024035945
-0.4517000000000001,-13.533128294508941
-0.4507,-13.364777649825003
-0.4497000000000001,-13.224721231138362
-0.4487,-13.063444142953749
-0.4477000000000001,-12.904996477368863
-0.4467,-12.757866502182901
-0.4457000000000001,-12.605077681797477
-0.4447,-12.428238769314348
-0.4437000000000001,-12.302329463626359
-0.4427,-12.135393530242286
-0.4417000000000001,-12.036363739251732
-0.4407,-11.835474734670896
-0.4397000000000001,-11.72937138718102
-0.4387,-11.65156226568844
-0.4377000000000001,-11.457746817606932
-0.4367,-11.272419637324612
-0.4357000000000001,-11.122460239538919
-0.4347,-10.983818532152144
-0.4337000000000001,-10.869226916863076
-0.4327,-10.734829343375898
-0.4317000000000001,-10.596187635989125
-0.43069999999999997,-10.467448907701408
-0.4297000000000001,-10.309001242116523
-0.42869999999999997,-10.178847802528939
-0.4277000000000001,-10.069915032439331
-0.42669999999999997,-9.941176304151613
-0.4257000000000001,-9.801119885464974
-0.42469999999999997,-9.670966445877392
-0.4237000000000001,-9.566277809687378
-0.42269999999999996,-9.458759750897634
-0.4217000000000001,-9.296067951413157
-0.42069999999999996,-9.174402779624762
-0.4197000000000001,-9.049908185236639
-0.41869999999999996,-8.936731281247436
-0.41770000000000007,-8.846189758056074
-0.41669999999999996,-8.728768720167276
-0.41570000000000007,-8.609932970978614
-0.41469999999999996,-8.496756066989409
-0.41370000000000007,-8.379335029100613
-0.41269999999999996,-8.25766985731222
-0.41170000000000007,-8.14873708722261
-0.41069999999999995,-8.039804317133003
-0.40970000000000006,-7.950677505241506
-0.40869999999999995,-7.831841756052842
-0.40770000000000006,-7.744129655461211
-0.40669999999999995,-7.619635061073087
-0.40570000000000006,-7.52484940398213
-0.40469999999999995,-7.407428366093333
-0.40370000000000006,-7.315472131602105
-0.40269999999999995,-7.219271763211282
-0.40170000000000006,-7.124486106120324
-0.40069999999999995,-7.009894490831256
-0.39970000000000006,-6.917938256340029
-0.39869999999999994,-6.831640867048262
-0.39770000000000005,-6.73261107605771
-0.39669999999999994,-6.625093017267967
-0.39570000000000005,-6.5317220714768744
-0.39469999999999994,-6.442595259585377
-0.39370000000000005,-6.35912729289334
-0.39269999999999994,-6.267171058402113
-0.39170000000000005,-6.180873669110345
-0.39069999999999994,-6.088917434619118
-0.38970000000000005,-5.99413177752816
-0.38869999999999993,-5.913493233435854
-0.38770000000000004,-5.815878153745166
-0.38669999999999993,-5.739483743552454
-0.38570000000000004,-5.653186354260687
-0.38469999999999993,-5.57820665536784
-0.38370000000000004,-5.493323977375938
-0.38269999999999993,-5.408441299384036
-0.38170000000000004,-5.319314487492538
-0.3806999999999999,-5.247164211199421
-0.37970000000000004,-5.170769801006709
-0.3786999999999999,-5.101448947313322
-0.37770000000000004,-5.01656626932142
-0.3766999999999999,-4.941586570428573
-0.37570000000000003,-4.860948026336266
-0.3746999999999999,-4.790212461343015
-0.37370000000000003,-4.712403339850438
-0.3726999999999999,-4.6487413313565105
-0.37170000000000003,-4.573761632463664
-0.3706999999999999,-4.505855490070142
-0.36970000000000003,-4.436534636376755
-0.3686999999999999,-4.364384360083638
-0.3677,-4.304966485489307
-0.3666999999999999,-4.237060343095785
-0.3657,-4.164910066802668
-0.3646999999999999,-4.09275979050955
-0.3637,-4.0220242255163
-0.3626999999999999,-3.965435773521698
-0.3617,-3.9258238571254775
-0.36070000000000013,-3.855088292132225
-0.3597,-3.799914551437489
-0.35870000000000013,-3.7235201412447765
-0.3577,-3.661272844050715
-0.35670000000000013,-3.608928525955709
-0.3557,-3.552340073961107
-0.3547000000000001,-3.4971663332663705
-0.3537,-3.4434073038714996
-0.3527000000000001,-3.3854041405770325
-0.3517,-3.335889245081757
-0.3507000000000001,-3.27788608178729
-0.3497,-3.2227123410925533
-0.3487000000000001,-3.174612156897142
-0.3477,-3.1166089936026755
-0.3467000000000001,-3.079826499806185
-0.3457,-3.0175792026121235
-0.3447000000000001,-2.9694790184167124
-0.3437,-2.924208256821031
-0.3427000000000001,-2.874693361325755
-0.3417,-2.8294225997300737
-0.3407000000000001,-2.7827371268345273
-0.3397,-2.7360516539389814
-0.3387000000000001,-2.69361031494303
-0.3377,-2.6497542646472136
-0.3367000000000001,-2.600239369151937
-0.3357,-2.557798030155986
-0.3347000000000001,-2.5139419798601703
-0.3337,-2.4898918877624645
-0.3327000000000001,-2.4502799713662435
-0.3317,-2.3993503645711023
-0.3307000000000001,-2.359738448174881
-0.3297,-2.3172971091789303
-0.3287000000000001,-2.2748557701829792
-0.3277,-2.2394879876863527
-0.3267000000000001,-2.199876071290132
-0.3257,-2.1630935774936413
-0.3247000000000001,-2.124896372397285
-0.3237,-2.0881138786007942
-0.3227000000000001,-2.0555755187038987
-0.3217,-2.017378313607542
-0.3207000000000001,-1.9763516859114565
-0.3197,-1.9466427486142908
-0.3187000000000001,-1.9112749661176645
-0.3177,-1.8744924723211736
-0.3167000000000001,-1.8405394011244125
-0.3157,-1.8037569073279218
-0.3147000000000001,-1.774047970030756
-0.3137,-1.7386801875341302
-0.3127000000000001,-1.7033124050375041
-0.3117,-1.6750181790402037
-0.3107000000000001,-1.6453092417430377
-0.3097,-1.6113561705462767
-0.3087000000000001,-1.5788178106493809
-0.3077,-1.5491088733522151
-0.3067000000000001,-1.5208146473549145
-0.30569999999999997,-1.4868615761581534
-0.3047000000000001,-1.4557379275611226
-0.30369999999999997,-1.427443701563822
-0.3027000000000001,-1.3988665333065484
-0.30169999999999997,-1.366752586799612
-0.3007000000000001,-1.3400145432321628
-0.29969999999999997,-1.3105885481949697
-0.2987000000000001,-1.2866799272272509
-0.29769999999999996,-1.2582442300999634
-0.2967000000000001,-1.2264132258530003
-0.29569999999999996,-1.2068902099148628
-0.2947000000000001,-1.176898330357724
-0.29369999999999996,-1.145774681760693
-0.29270000000000007,-1.1215831185330012
-0.29169999999999996,-1.0956939017454708
-0.29070000000000007,-1.074614703377482
-0.28969999999999996,-1.0498572556298436
-0.28870000000000007,-1.022694798672435
-0.28769999999999996,-0.9983617643147563
-0.28670000000000007,-0.9750190278669832
-0.28569999999999995,-0.9519592336791831
-0.28470000000000006,-0.9320118043510861
-0.28369999999999995,-0.9017369825339743
-0.28270000000000006,-0.882213966595837
-0.28169999999999995,-0.8621250661377534
-0.28070000000000006,-0.8365187916101962
-0.27969999999999995,-0.8171372468020451
-0.27870000000000006,-0.7949262793941642
-0.27769999999999995,-0.771866485206364
-0.27670000000000006,-0.7551728918679566
-0.27569999999999995,-0.7302739729903319
-0.27470000000000006,-0.713721850781911
-0.27369999999999994,-0.6908035277240974
-0.27270000000000005,-0.6707146272660139
-0.27169999999999994,-0.6534551494076605
-0.27070000000000005,-0.6354883158993744
-0.26969999999999994,-0.6158238288312504
-0.26870000000000005,-0.597432581933005
-0.26769999999999994,-0.577768094864881
-0.26670000000000005,-0.5585280211867165
-0.26569999999999994,-0.5432491391481741
-0.26470000000000005,-0.5218869985202121
-0.26369999999999993,-0.5085887123014806
-0.26270000000000004,-0.4901974654032352
-0.26169999999999993,-0.47463564110471984
-0.26070000000000004,-0.45751763437635284
-0.25969999999999993,-0.44238022346779693
-0.25870000000000004,-0.4265354569093086
-0.25769999999999993,-0.4104077480908471
-0.25670000000000004,-0.3915920878026421
-0.2556999999999999,-0.3823964643535194
-0.25470000000000004,-0.3637222751953009
-0.2536999999999999,-0.34830192202677207
-0.25270000000000004,-0.3333059822482026
-0.2516999999999999,-0.31873445585959276
-0.25070000000000003,-0.3064264675507669
-0.24969999999999992,-0.29369406585198166
-0.24870000000000003,-0.27558576121370915
-0.24769999999999992,-0.2659657243746269
-0.24670000000000003,-0.2532333226758416
-0.24569999999999992,-0.2386617962872317
-0.24470000000000003,-0.22720263475832486
-0.24369999999999992,-0.21347993514963404
-0.24270000000000003,-0.2035769560505788
-0.24169999999999991,-0.19112749661176645
-0.24070000000000003,-0.1769803836131161
-0.2396999999999999,-0.16919947146385841
-0.23870000000000002,-0.155052358465208
-0.2376999999999999,-0.14302731241635522
-0.23670000000000002,-0.13278480260533235
-0.23570000000000013,-0.12043437295751057
-0.23470000000000002,-0.11302128574621777
-0.23370000000000013,-0.10347198447212877
-0.23270000000000002,-0.09038590494837719
-0.23170000000000013,-0.08257669857312219
-0.23070000000000002,-0.0714287735301857
-0.22970000000000013,-0.06080429166819928
-0.22870000000000001,-0.052231141191017155
-0.22770000000000012,-0.03995144710818864
-0.2267,-0.03580634299958408
-0.22570000000000012,-0.02429059301868268
-0.2247,-0.01509496956955994
-0.22370000000000012,-0.00809214863522801
-0.2227,0.0009938346881551883
-0.22170000000000012,0.0107914177953705
-0.2207,0.01781121526530081
-0.21970000000000012,0.02796884239833177
-0.2187,0.031802710020966025
-0.21770000000000012,0.04122468727806717
-0.2167,0.04894901097533026
-0.2157000000000001,0.06238876832404811
-0.2147,0.06292635861799684
-0.2137000000000001,0.07268786658706558
-0.2127,0.07782326860557567
-0.2117000000000001,0.08594371146680099
-0.2107,0.09150352687527057
-0.2097000000000001,0.09857708337459577
-0.2087,0.10638628974985076
-0.2077000000000001,0.11138022063837434
-0.2067,0.11777471571376431
-0.2057000000000001,0.12688545648489513
-0.2047,0.12893678786969942
-0.2037000000000001,0.13715626052191532
-0.2027,0.1420370145064497
-0.2017000000000001,0.14769585970590982
-0.2007,0.155052358465208
-0.1997000000000001,0.15788178106493808
-0.1987,0.16212591496453319
-0.1977000000000001,0.1697653559838044
-0.19669999999999999,0.17400948988339954
-0.1957000000000001,0.18122451751271118
-0.19469999999999998,0.18278069994256274
-0.1937000000000001,0.18645894932221183
-0.19269999999999998,0.19523015938137506
-0.1917000000000001,0.1972107552011861
-0.1907000000000001,0.20513313848043033
-0.1897000000000002,0.20909433012005244
-0.1887000000000001,0.212065223849769
-0.1877000000000002,0.2189973092191077
-0.1867000000000001,0.21913878034909418
-0.1857000000000002,0.2239487987686353
-0.1847000000000001,0.22890028831816295
-0.1837000000000002,0.231729710917893
-0.18270000000000008,0.23498354690758255
-0.1817000000000002,0.24106680549700227
-0.18070000000000008,0.24276445905684027
-0.1797000000000002,0.2485647753862869
-0.17870000000000008,0.25012095781613847
-0.1777000000000002,0.2532333226758416
-0.17670000000000008,0.25790186996539616
-0.1757000000000002,0.25959952352523424
-0.17470000000000008,0.2622874749949778
-0.1737000000000002,0.268229262454411
-0.17270000000000008,0.26907808923433
-0.17170000000000019,0.27431252104383064
-0.17070000000000007,0.2754442900837227
-0.16970000000000018,0.2779907704234797
-0.16870000000000007,0.2839325578829129
-0.16770000000000018,0.28350814449295336
-0.16670000000000007,0.2869034516126294
-0.16570000000000018,0.2911475855122245
-0.16470000000000007,0.29369406585198166
-0.16370000000000018,0.29751378636161724
-0.16270000000000007,0.29850408427152275
-0.16170000000000018,0.29949438218142826
-0.16070000000000007,0.3044458717309559
-0.15970000000000018,0.30543616964086145
-0.15870000000000006,0.30699235207071296
-0.15770000000000017,0.31095354371033507
-0.15670000000000006,0.3108120725803486
-0.15570000000000017,0.31406590857003813
-0.15470000000000006,0.31576356212987616
-0.15370000000000017,0.3191588692495523
-0.15270000000000006,0.32326153201916086
-0.15170000000000017,0.3221297629792688
-0.15070000000000006,0.32241270523924187
-0.14970000000000017,0.32679831026882344
-0.14870000000000005,0.32708125252879644
-0.14770000000000016,0.3323156843382971
-0.14670000000000005,0.3306180307784591
-0.14570000000000016,0.33373039563816215
-0.14470000000000005,0.33585246258795975
-0.14370000000000016,0.33571099145797323
-0.14270000000000005,0.33712570275783826
-0.14170000000000016,0.3416527789174064
-0.14070000000000005,0.3408039521374874
-0.13970000000000016,0.34405778812717697
-0.13870000000000005,0.34377484586720397
-0.13770000000000016,0.34476514377710943
-0.13670000000000004,0.3502825178465831
-0.13570000000000015,0.34759456637683955
-0.13470000000000004,0.35014104671659657
-0.13370000000000015,0.3533948827062862
-0.13270000000000004,0.3528289981863401
-0.13170000000000015,0.35495106513613767
-0.13070000000000004,0.3552340073961107
-0.12970000000000015,0.35636577643600276
-0.12870000000000004,0.3617416793754899
-0.12770000000000015,0.3586293145157868
-0.12670000000000003,0.3623075638954359
-0.12570000000000014,0.3625905061554089
-0.12470000000000003,0.3625905061554089
-0.12370000000000014,0.36485404423519296
-0.12270000000000003,0.3661272844050715
-0.12170000000000014,0.3661272844050715
-0.12070000000000003,0.36966406265473406
-0.11970000000000014,0.3672590534449635
-0.11870000000000003,0.3689567070048016
-0.11770000000000014,0.3720690718645046
-0.11670000000000003,0.37164465847454514
-0.11570000000000014,0.37433260994428874
-0.11470000000000002,0.3715031873445586
-0.11370000000000013,0.37560585011416725
-0.11270000000000002,0.37716203254401875
-0.11170000000000013,0.37631320576409977
-0.11070000000000024,0.3773035036740053
-0.10970000000000013,0.38013292627373535
-0.10870000000000024,0.3784352727138973
-0.10770000000000013,0.3829623488734654
-0.10670000000000024,0.3806988107936814
-0.10570000000000013,0.3828208777434789
-0.10470000000000024,0.38466000243330345
-0.10370000000000013,0.3832452911334384
-0.10270000000000024,0.384518531303317
-0.10170000000000012,0.386499127123128
-0.10070000000000023,0.38565030034320896
-0.09970000000000012,0.3900359053727906
-0.09870000000000023,0.38833825181295256
-0.09770000000000012,0.38890413633289855
-0.09670000000000023,0.39116767441268263
-0.09570000000000012,0.3904603187627501
-0.09470000000000023,0.39187503006261515
-0.09370000000000012,0.3949873949223182
-0.09270000000000023,0.39258238571254767
-0.09170000000000011,0.39583622170223726
-0.09070000000000022,0.3948459237923317
-0.08970000000000011,0.3941385681423992
-0.08870000000000022,0.3988071154319538
-0.08770000000000011,0.39809975978202133
-0.08670000000000022,0.39739240413208876
-0.08570000000000011,0.39979741334185936
-0.08470000000000022,0.3982412309120078
-0.08370000000000011,0.4031927204615355
-0.08270000000000022,0.4010706535117379
-0.0817000000000001,0.4014950669016974
-0.08070000000000022,0.4034756627215085
-0.0797000000000001,0.4020609514216434
-0.07870000000000021,0.404183018371441
-0.0777000000000001,0.40630508532123855
-0.07670000000000021,0.405880671931279
-0.0757000000000001,0.4071539121011576
-0.07470000000000021,0.4071539121011576
-0.0737000000000001,0.4084271522710361
-0.07270000000000021,0.4106906903508202
-0.0717000000000001,0.40701244097117106
-0.07070000000000021,0.40984186357090113
-0.0697000000000001,0.4125298150406447
-0.0687000000000002,0.41083216148080665
-0.0677000000000001,0.4133786418205638
-0.0667000000000002,0.4123883439106582
-0.06570000000000009,0.41323717069057725
-0.0647000000000002,0.41719836233019936
-0.06370000000000009,0.41465188199044223
-0.0627000000000002,0.4179057179801318
-0.06170000000000009,0.41818866024010487
-0.0607000000000002,0.4166324778102533
-0.059700000000000086,0.4190374870200239
-0.058700000000000196,0.4188960158900374
-0.057700000000000085,0.42002778492992937
-0.056700000000000195,0.42172543848976746
-0.05570000000000008,0.4193204292799969
-0.05470000000000019,0.4221498518797269
-0.05370000000000008,0.424130447699538
-0.05270000000000019,0.42229132300971345
-0.05170000000000008,0.423847505439565
-0.05070000000000019,0.4234230920496055
-0.04970000000000008,0.4239889765695515
-0.04870000000000019,0.42823311046914664
-0.047700000000000076,0.42568663012938956
-0.046700000000000186,0.42596957238936256
-0.045700000000000074,0.4293648795090386
-0.044700000000000184,0.4268183991692816
-0.04370000000000007,0.4306381196789172
-0.04270000000000018,0.4306381196789172
-0.04170000000000007,0.42978929289899814
-0.04070000000000018,0.43176988871880917
-0.03970000000000007,0.4319113598487957
-0.03870000000000018,0.43247724436874174
-0.03770000000000007,0.4336090134086337
-0.03670000000000018,0.4316284175888227
-0.035700000000000065,0.43587255148841775
-0.034700000000000175,0.4355896092284448
-0.03370000000000006,0.4348822535785123
-0.03270000000000017,0.43870197408814793
-0.03170000000000006,0.43516519583848523
-0.03070000000000017,0.4370043205283098
-0.02970000000000006,0.4413899255578914
-0.02870000000000017,0.43955080086806686
-0.027700000000000058,0.4412484544279049
-0.026700000000000168,0.4405410987779724
-0.025700000000000056,0.4391263874781074
-0.024700000000000166,0.4433705213777025
-0.023700000000000054,0.44308757911772945
-0.022700000000000164,0.44393640589764854
-0.021700000000000053,0.44619994397743257
-0.020700000000000163,0.44407787702763507
-0.01970000000000005,0.44676582849737856
-0.01870000000000016,0.4459170017174596
-0.01770000000000005,0.4469072996273651
-0.01670000000000016,0.4501611356170546
-0.015700000000000047,0.4484634820572166
-0.014700000000000157,0.44959525109710863
-0.013700000000000045,0.45256614482682517
-0.012700000000000156,0.4498781933570817
-0.011700000000000044,0.45398085612669026
-0.010700000000000154,0.4535564427367308
-0.009700000000000042,0.4522832025668522
-0.008700000000000152,0.45666880759643386
-0.00770000000000004,0.45539556742655535
-0.00670000000000015,0.45539556742655535
-0.005700000000000038,0.4579420477663123
-0.0047000000000001485,0.4558199808165148
-0.0037000000000000366,0.4599226435861234
-0.0027000000000001467,0.4586494034162448
-0.0017000000000000348,0.45907381680620446
-0.000700000000000145,0.4616202971459614
0.00029999999999996696,0.4594982301961639
0.0012999999999998568,0.46317647957581304
0.0022999999999999687,0.46529854652561053
0.0032999999999998586,0.4636008929657725
0.0042999999999999705,0.4671376712154351
0.00529999999999986,0.46544001765559706
0.006299999999999972,0.46685472895546215
0.007299999999999862,0.46798649799535413
0.008299999999999974,0.46968415155519216
0.009299999999999864,0.46968415155519216
0.010299999999999976,0.4730794586748682
0.011299999999999866,0.4713818051150302
0.012299999999999978,0.4736453431948142
0.013299999999999867,0.09229576520319499
0.012299999999999978,-0.019961576441095665
0.011299999999999866,-0.04010706535117379
0.010299999999999976,-0.050208104032210155
0.009299999999999864,-0.06524648514977549
0.008299999999999974,-0.07209368784112226
0.007299999999999862,-0.08059610275331114
0.006299999999999972,-0.09040005206137584
0.00529999999999986,-0.09363974093806678
0.0042999999999999705,-0.10009082446545134
0.0032999999999998586,-0.10739073477275493
0.0022999999999999687,-0.11188951670632576
0.0012999999999998568,-0.11694003604684394
0.00029999999999996696,-0.12129734685042824
-0.000700000000000145,-0.12575368744500312
-0.0017000000000000348,-0.13077591255952398
-0.0027000000000001467,-0.13357704093325676
-0.0037000000000000366,-0.13801923441483296
-0.0047000000000001485,-0.1428858412863687
-0.005700000000000038,-0.14430055258623375
-0.00670000000000015,-0.14741291744593682
-0.00770000000000004,-0.1506667534356264
-0.008700000000000152,-0.1551938295951945
-0.009700000000000042,-0.15675001202504607
-0.010700000000000154,-0.16141855931460067
-0.011700000000000044,-0.16141855931460067
-0.012700000000000156,-0.16637004886412832
-0.013700000000000045,-0.16622857773414182
-0.014700000000000157,-0.17018976937376393
-0.015700000000000047,-0.17245330745354798
-0.01670000000000016,-0.17358507649344
-0.01770000000000005,-0.17867803717295414
-0.01870000000000016,-0.17811215265300812
-0.01970000000000005,-0.17995127734283267
-0.020700000000000163,-0.18362952672248176
-0.021700000000000053,-0.18207334429263022
-0.022700000000000164,-0.18815660288204988
-0.023700000000000054,-0.18985425644188791
-0.024700000000000166,-0.18787366062207686
-0.025700000000000056,-0.192966621301591
-0.026700000000000168,-0.1919763233916855
-0.027700000000000058,-0.19409839034148305
-0.02870000000000017,-0.1970692840711996
-0.02970000000000006,-0.19622045729128057
-0.03070000000000017,-0.20187930249074074
-0.03170000000000006,-0.19975723554094318
-0.03270000000000017,-0.20216224475071373
-0.03370000000000006,-0.20485019622045733
-0.034700000000000175,-0.20527460961041682
-0.035700000000000065,-0.20598196526034934
-0.03670000000000018,-0.2081040322101469
-0.03770000000000007,-0.20838697447011992
-0.03870000000000018,-0.21079198367989047
-0.03970000000000007,-0.21121639706985
-0.04070000000000018,-0.21121639706985
-0.04170000000000007,-0.2156020020994316
-0.04270000000000018,-0.21687524226931013
-0.04370000000000007,-0.21489464644949907
-0.044700000000000184,-0.21843142469916169
-0.045700000000000074,-0.21687524226931013
-0.046700000000000186,-0.21970466486904017
-0.047700000000000076,-0.22126084729889173
-0.04870000000000019,-0.22253408746877026
-0.04970000000000008,-0.2229585008587298
-0.05070000000000019,-0.22338291424868928
-0.05170000000000008,-0.2242317410286083
-0.05270000000000019,-0.22890028831816295
-0.05370000000000008,-0.22621233684841938
-0.05470000000000019,-0.22748557701829786
-0.05570000000000008,-0.22946617283810894
-0.056700000000000195,-0.22861734605818995
-0.057700000000000085,-0.23328589334774452
-0.058700000000000196,-0.23158823978790652
-0.059700000000000086,-0.23201265317786599
-0.0607000000000002,-0.23470060464760956
-0.06170000000000009,-0.23710561385738013
-0.0627000000000002,-0.2368226715974071
-0.06370000000000009,-0.23625678707746112
-0.0647000000000002,-0.2365397293374341
-0.06570000000000009,-0.2392276808071777
-0.0667000000000002,-0.2389447385472047
-0.0677000000000001,-0.2395106230671507
-0.0687000000000002,-0.24304740131681332
-0.0697000000000001,-0.24064239210704275
-0.07070000000000021,-0.24219857453689428
-0.0717000000000001,-0.2437547569667458
-0.07270000000000021,-0.2443206414866918
-0.0737000000000001,-0.2471500640864219
-0.07470000000000021,-0.24559388165657034
-0.0757000000000001,-0.24573535278655687
-0.07670000000000021,-0.2482818331263139
-0.0777000000000001,-0.2485647753862869
-0.07870000000000021,-0.24941360216620592
-0.0797000000000001,-0.25012095781613847
-0.08070000000000022,-0.251111255726044
-0.0817000000000001,-0.2537992071957876
-0.08270000000000022,-0.2515356691160035
-0.08370000000000011,-0.25394067832577405
-0.08470000000000022,-0.25422362058574705
-0.08570000000000011,-0.2560627452755716
-0.08670000000000022,-0.25634568753554465
-0.08770000000000011,-0.25931658126526125
-0.08870000000000022,-0.25691157205549064
-0.08970000000000011,-0.2614386482150588
-0.09070000000000022,-0.2586092256153287
-0.09170000000000011,-0.25988246578520724
-0.09270000000000023,-0.26299483064491036
-0.09370000000000012,-0.2631363017748969
-0.09470000000000023,-0.2621460038649913
-0.09570000000000012,-0.26440954194477534
-0.09670000000000023,-0.26412659968480234
-0.09770000000000012,-0.26907808923433
-0.09870000000000023,-0.26426807081478887
-0.09970000000000012,-0.26681455115454594
-0.10070000000000023,-0.2706342716641816
-0.10170000000000012,-0.267946320194438
-0.10270000000000024,-0.27204898296404656
-0.10370000000000013,-0.27204898296404656
-0.10470000000000024,-0.27219045409403303
-0.10570000000000013,-0.27558576121370915
-0.10670000000000024,-0.2733222231339251
-0.10770000000000013,-0.27558576121370915
-0.10870000000000024,-0.2765760591236147
-0.10970000000000013,-0.27572723234369567
-0.11070000000000024,-0.27883959720339874
-0.11170000000000013,-0.27869812607341227
-0.11270000000000002,-0.2812446064131693
-0.11370000000000013,-0.2826593177130343
-0.11470000000000002,-0.2808201930232098
-0.11570000000000014,-0.28294225997300737
-0.11670000000000003,-0.28534726918277786
-0.11770000000000014,-0.2852057980527914
-0.11870000000000003,-0.2869034516126294
-0.11970000000000014,-0.2866205093526564
-0.12070000000000003,-0.288742576302454
-0.12170000000000014,-0.2911475855122245
-0.12270000000000003,-0.2915719989021841
-0.12370000000000014,-0.2914305277721975
-0.12470000000000003,-0.2929867102020491
-0.12570000000000014,-0.29425995037192765
-0.12670000000000003,-0.2959576039317657
-0.12770000000000015,-0.2972308441016442
-0.12870000000000004,-0.29751378636161724
-0.12970000000000015,-0.30034320896134725
-0.13070000000000004,-0.3021823336511718
-0.13170000000000015,-0.30147497800123935
-0.13270000000000004,-0.3067094098107399
-0.13370000000000015,-0.30600205416080745
-0.13470000000000004,-0.30571911190083445
-0.13570000000000015,-0.308407063370578
-0.13670000000000004,-0.30925589015049704
-0.13770000000000016,-0.31350002405009214
-0.13870000000000005,-0.3122267838802136
-0.13970000000000016,-0.31208531275022705
-0.14070000000000005,-0.31802710020966024
-0.14170000000000016,-0.3170368022997547
-0.14270000000000005,-0.3205735805494173
-0.14370000000000016,-0.31972475376949827
-0.14470000000000005,-0.3221297629792688
-0.14570000000000016,-0.3260909546188909
-0.14670000000000005,-0.326373896878864
-0.14770000000000016,-0.32750566591875596
-0.14870000000000005,-0.33274009772825663
-0.14970000000000017,-0.33075950190844555
-0.15070000000000006,-0.3347206935480677
-0.15170000000000017,-0.33684276049786527
-0.15270000000000006,-0.3382574717977303
-0.15370000000000017,-0.3416527789174064
-0.15470000000000006,-0.34108689439746037
-0.15570000000000017,-0.34518955716706895
-0.15670000000000006,-0.34886780654671806
-0.15770000000000017,-0.3497166333266371
-0.15870000000000006,-0.3528289981863401
-0.15970000000000018,-0.3533948827062862
-0.16070000000000007,-0.3565072475659892
-0.16170000000000018,-0.3610343237255574
-0.16270000000000007,-0.3613172659855304
-0.16370000000000018,-0.366268755535058
-0.16470000000000007,-0.3686737647448286
-0.16570000000000018,-0.37051288943465316
-0.16670000000000007,-0.37489849446423473
-0.16770000000000018,-0.3773035036740053
-0.16870000000000007,-0.37885968610385684
-0.16970000000000018,-0.3832452911334384
-0.17070000000000007,-0.38607471373316854
-0.17170000000000019,-0.387347953903047
-0.17270000000000008,-0.3944215104023722
-0.1737000000000002,-0.3941385681423992
-0.17470000000000008,-0.39809975978202133
-0.1757000000000002,-0.4031927204615355
-0.17670000000000008,-0.4051733162813465
-0.1777000000000002,-0.41295422843060425
-0.17870000000000008,-0.4122468727806717
-0.1797000000000002,-0.4166324778102533
-0.18070000000000008,-0.42172543848976746
-0.1817000000000002,-0.42497927447945705
-0.18270000000000008,-0.4316284175888227
-0.1837000000000002,-0.43530666696847176
-0.1847000000000001,-0.4364384360083638
-0.1857000000000002,-0.44407787702763507
-0.1867000000000001,-0.44676582849737856
-0.1877000000000002,-0.45242467369683875
-0.1887000000000001,-0.4579420477663123
-0.1897000000000002,-0.46119588375600196
-0.1907000000000001,-0.4662888444355161
-0.1917000000000001,-0.47180621850498966
-0.19269999999999998,-0.47590888127459835
-0.1937000000000001,-0.4848215624637481
-0.19469999999999998,-0.4852459758537076
-0.1957000000000001,-0.49316835913295176
-0.19669999999999999,-0.49896867546239837
-0.1977000000000001,-0.5054763474417775
-0.1987,-0.5102863658613187
-0.1997000000000001,-0.51792580688059
-0.2007,-0.5225943541701447
-0.2017000000000001,-0.5302337951894158
-0.2027,-0.5354682269989164
-0.2037000000000001,-0.5429661968882011
-0.2047,-0.5491909266076073
-0.2057000000000001,-0.5554156563270134
-0.2067,-0.5633380396062576
-0.2077000000000001,-0.5704115961055828
-0.2087,-0.5767777969549754
-0.2097000000000001,-0.5863978337940576
-0.2107,-0.5934713902933829
-0.2117000000000001,-0.5988472932328701
-0.2127,-0.6100235125018038
-0.2137000000000001,-0.6161067710912235
-0.2147,-0.6277074037501167
-0.2157000000000001,-0.6371859694592126
-0.2167,-0.6419959878787537
-0.21770000000000012,-0.6524648514977549
-0.2187,-0.6591139946071205
-0.21970000000000012,-0.6673193201463378
-0.2207,-0.6809005486250422
-0.22170000000000012,-0.6871252783444484
-0.2227,-0.6987259110033417
-0.22370000000000012,-0.7063653520226129
-0.2247,-0.7172586290315736
-0.22570000000000012,-0.7282933771705209
-0.2267,-0.7387622407895221
-0.22770000000000012,-0.748806691018564
-0.22870000000000001,-0.7611146793273897
-0.22970000000000013,-0.769037062606634
-0.23070000000000002,-0.7824768199553517
-0.23170000000000013,-0.7945018660042045
-0.23270000000000002,-0.8045463162332464
-0.23370000000000013,-0.8169957756720587
-0.23470000000000002,-0.8290208217209115
-0.23570000000000013,-0.8417532234196969
-0.23670000000000002,-0.8553344518984012
-0.2376999999999999,-0.8666521422973216
-0.23870000000000002,-0.8786771883461743
-0.2396999999999999,-0.8911266477849867
-0.24070000000000003,-0.904424934003718
-0.24169999999999991,-0.9205526428221793
-0.24270000000000003,-0.9331435733909781
-0.24369999999999992,-0.9475736286496015
-0.24470000000000003,-0.9642672219880091
-0.24569999999999992,-0.9760093257768889
-0.24670000000000003,-0.9929858613752693
-0.24769999999999992,-1.0060012053340277
-0.24870000000000003,-1.0207142028526242
-0.24969999999999992,-1.038398094100937
-0.25070000000000003,-1.051837851449655
-0.2516999999999999,-1.0689558581780219
-0.25270000000000004,-1.0891862297660917
-0.2536999999999999,-1.1031918716347555
-0.25470000000000004,-1.1207342917530823
-0.2556999999999999,-1.1357302315316515
-0.25670000000000004,-1.1534141227799644
-0.25769999999999993,-1.1730786098480883
-0.25870000000000004,-1.1892063186665498
-0.25969999999999993,-1.2094366902546199
-0.26070000000000004,-1.228818235062771
-0.26169999999999993,-1.245087415011219
-0.26270000000000004,-1.2651763154693023
-0.26369999999999993,-1.2834260912375612
-0.26470000000000005,-1.3022417515257663
-0.26569999999999994,-1.3261503724934853
-0.26670000000000005,-1.3475125131214474
-0.26769999999999994,-1.3680258269694907
-0.26870000000000005,-1.3896709098574256
-0.26969999999999994,-1.408628041275617
-0.27070000000000005,-1.427443701563822
-0.27169999999999994,-1.4472496597619326
-0.27270000000000005,-1.4741291744593683
-0.27369999999999994,-1.501008689156804
-0.27470000000000006,-1.5179852247551844
-0.27569999999999995,-1.543450028152755
-0.27670000000000006,-1.5660854089505953
-0.27769999999999995,-1.587306078448571
-0.27870000000000006,-1.612770881846142
-0.27969999999999995,-1.6382356852437125
-0.28070000000000006,-1.6622857773414181
-0.28169999999999995,-1.690580003338719
-0.28270000000000006,-1.7146300954364246
-0.28369999999999995,-1.7372654762342652
-0.28470000000000006,-1.766974413531431
-0.28569999999999995,-1.7896097943292715
-0.28670000000000007,-1.8179040203265722
-0.28769999999999996,-1.8405394011244125
-0.28870000000000007,-1.8716630497214433
-0.28969999999999996,-1.9027866983184742
-0.29070000000000007,-1.9324956356156402
-0.29169999999999996,-1.9579604390132106
-0.29270000000000007,-1.9876693763103765
-0.29369999999999996,-2.0159636023076772
-0.2947000000000001,-2.047087250904708
-0.29569999999999996,-2.076796188201874
-0.2967000000000001,-2.1093345480987695
-0.29769999999999996,-2.1390434853959355
-0.2987000000000001,-2.1701671339929662
-0.29969999999999997,-2.202705493889862
-0.3007000000000001,-2.235243853786758
-0.30169999999999997,-2.2649527910839233
-0.3027000000000001,-2.3017352848804147
-0.30369999999999997,-2.3356883560771755
-0.3047000000000001,-2.3682267159740715
-0.30569999999999997,-2.4021797871708324
-0.3067000000000001,-2.4347181470677284
-0.3077,-2.468671218264489
-0.3087000000000001,-2.506868423360845
-0.3097,-2.542236205857471
-0.3107000000000001,-2.576189277054232
-0.3117,-2.6115570595508575
-0.3127000000000001,-2.6497542646472136
-0.3137,-2.6879514697435702
-0.3147000000000001,-2.7247339635400607
-0.3157,-2.7601017460366863
-0.3167000000000001,-2.7968842398331777
-0.3177,-2.836496156229398
-0.3187000000000001,-2.8690345161262942
-0.3197,-2.9086464325225156
-0.3207000000000001,-2.9510877715184667
-0.3217,-2.994943821814283
-0.3227000000000001,-3.0260674704113137
-0.3237,-3.0685088094072643
-0.3247000000000001,-3.1123648597030806
-0.3257,-3.1477326421997063
-0.3267000000000001,-3.1816857133964676
-0.3277,-3.2269564749921487
-0.3287000000000001,-3.2665683913883696
-0.3297,-3.3090097303843207
-0.3307000000000001,-3.3486216467805416
-0.3317,-3.392477697076358
-0.3327000000000001,-3.434919036072309
-0.3337,-3.473116241168665
-0.3347000000000001,-3.5183870027643462
-0.3357,-3.556584207860702
-0.3367000000000001,-3.5990255468566534
-0.3377,-3.6386374632528744
-0.3387000000000001,-3.6824935135486903
-0.3397,-3.7249348525446417
-0.3407000000000001,-3.7716203254401877
-0.3417,-3.811232241836409
-0.3427000000000001,-3.8579177147319554
-0.3437,-3.896114919828311
-0.3447000000000001,-3.934312124924667
-0.3457,-3.9781681752204827
-0.3467000000000001,-4.023438936816164
-0.3477,-4.074368543611305
-0.3487000000000001,-4.1238834391065815
-0.3497,-4.153592376403748
-0.3507000000000001,-4.203107271899024
-0.3517,-4.24413389959511
-0.3527000000000001,-4.290819372490656
-0.3537,-4.330431288886877
-0.3547000000000001,-4.384190318281749
-0.3557,-4.430875791177296
-0.35670000000000013,-4.480390686672571
-0.3577,-4.520002603068792
-0.35870000000000013,-4.570932209863933
-0.3597,-4.619032394059345
-0.36070000000000013,-4.6572295991557
-0.3617,-4.7010856494515165
-0.3626999999999999,-4.7406975658477375
-0.3637,-4.801530151741935
-0.3646999999999999,-4.852459758537076
-0.3657,-4.904804076632082
-0.3666999999999999,-4.962807239926549
-0.3677,-5.01090742412196
-0.3686999999999999,-5.040616361419126
-0.36970000000000003,-5.088716545614537
-0.3706999999999999,-5.149549131508733
-0.37170000000000003,-5.2075522948032
-0.3726999999999999,-5.247164211199421
-0.37370000000000003,-5.300923240594293
-0.3746999999999999,-5.354682269989163
-0.37570000000000003,-5.407026588084171
-0.3766999999999999,-5.465029751378637
-0.37770000000000004,-5.5145446468739125
-0.3786999999999999,-5.5668889649689195
-0.37970000000000004,-5.613574437864465
-0.3806999999999999,-5.678651157658257
-0.38170000000000004,-5.736654320952724
-0.38269999999999993,-5.7974869068469195
-0.38370000000000004,-5.852660647541658
-0.38469999999999993,-5.896516697837473
-0.38570000000000004,-5.963008128931129
-0.38669999999999993,-6.01393773572627
-0.38770000000000004,-6.0719408990207375
-0.38869999999999993,-6.132773484914934
-0.38970000000000005,-6.186532514309805
-0.39069999999999994,-6.247365100204002
-0.39170000000000005,-6.311027108697928
-0.39269999999999994,-6.374689117191855
-0.39370000000000005,-6.434106991786186
-0.39469999999999994,-6.499183711579978
-0.39570000000000005,-6.5515280296749845
-0.39669999999999994,-6.613775326869046
-0.39770000000000005,-6.677437335362973
-0.39869999999999994,-6.7410993438569
-0.39970000000000006,-6.817493754049612
-0.40069999999999995,-6.889644030342729
-0.40170000000000006,-6.947647193637194
-0.40269999999999995,-7.011309202131122
-0.40370000000000006,-7.070727076725453
-0.40469999999999995,-7.147121486918166
-0.40570000000000006,-7.210783495412092
-0.40669999999999995,-7.278689637805614
-0.40770000000000006,-7.3508399140987315
-0.40869999999999995,-7.418746056492251
-0.40970000000000006,-7.500799311884425
-0.41069999999999995,-7.546070073480105
-0.41170000000000007,-7.621049772372953
-0.41269999999999996,-7.703103027765124
-0.41370000000000007,-7.778082726657972
-0.41469999999999996,-7.862965404649874
-0.41570000000000007,-7.936530392242855
-0.41669999999999996,-7.987459999037997
-0.41770000000000007,-8.079416233529225
-0.41869999999999996,-8.164298911521126
-0.4197000000000001,-8.244937455613433
-0.42069999999999996,-8.295867062408576
-0.4217000000000001,-8.380749740400477
-0.42269999999999996,-8.46846184099211
-0.4237000000000001,-8.549100385084417
-0.42469999999999997,-8.619835950077668
-0.4257000000000001,-8.71037747326903
-0.42669999999999997,-8.789601306061472
-0.4277000000000001,-8.88438696315243
-0.42869999999999997,-8.977757908943524
-0.4297000000000001,-9.034346360938125
-0.43069999999999997,-9.134790863228544
-0.4317000000000001,-9.206941139521659
-0.4327,-9.308800353111941
-0.4337000000000001,-9.396512453703574
-0.4347,-9.49129811079453
-0.4357000000000001,-9.567692520987244
-0.4367,-9.66530760067793
-0.4377000000000001,-9.753019701269562
-0.4387,-9.852049492260116
-0.4397000000000001,-9.948249860650938
-0.4407,-10.045864940341625
-0.4417000000000001,-10.127918195733796
-0.4427,-10.231192120623945
-0.4437000000000001,-10.338710179413688
-0.4447,-10.430666413904916
-0.4457000000000001,-10.522622648396142
-0.4467,-10.615993594187234
-0.4477000000000001,-10.744732322474952
-0.4487,-10.835273845666316
-0.4497000000000001,-10.944206615755926
-0.4507,-11.024845159848232
-0.4517000000000001,-11.157828022035545
-0.4527,-11.263931369525421
-0.4537000000000001,-11.371449428315165
-0.4547,-11.483211621004504
-0.4557000000000001,-11.599217947593436
-0.4567,-11.69541831598426
-0.4577000000000001,-11.80576579737373
-0.4587,-11.927430969162122
-0.4597000000000001,-12.051925563550247
-0.4607,-12.17359073533864
-0.4617000000000001,-12.293841195827168
-0.4627,-12.426824058014482
-0.4637000000000001,-12.54424509590328
-0.4647,-12.647519020793428
-0.4657000000000001,-12.769184192581822
-0.4667,-12.904996477368863
-0.4677000000000001,-13.042223473455774
-0.4687,-13.199256427740792
-0.4697000000000001,-13.292627373531884
-0.4707,-13.419951390519737
-0.4717000000000001,-13.578399056104622
-0.4727,-13.739676144289236
-0.4737000000000001,-13.84436478047925
-0.4747,-14.009886002563457
-0.4757000000000001,-14.141454153450907
-0.4767,-14.288584128636872
-0.4777000000000001,-14.415908145624723
-0.4787,-14.57152638860988
-0.4797000000000001,-14.727144631595033
-0.4807,-14.882762874580186
-0.48170000000000013,-15.02423400456669
-0.4827,-15.222293586547794
-0.48370000000000013,-15.37791182953295
-0.4847,-15.547677185516752
-0.48570000000000013,-15.675001202504609
-0.4867,-15.858913671487063
-0.4876999999999999,-16.000384801473565
-0.4887,-16.184297270456018
-0.4896999999999999,-16.382356852437127
-0.4907,-16.580416434418233
-0.4916999999999999,-16.750181790402035
-0.4927,-16.891652920388537
-0.4936999999999999,-17.07556538937099
-0.49470000000000003,-17.2453307453548
-0.4956999999999999,-17.471684553333205
-0.49670000000000003,-17.655597022315657
-0.4976999999999999,-17.881950830294063
-0.49870000000000003,-18.06586329927652
-0.4996999999999999,-18.23562865526032
-0.5007,-18.433688237241427
-0.5016999999999999,-18.645894932221182
-0.5027,-18.858101627200938
-0.5036999999999999,-19.056161209182044
-0.5047,-19.28251501716045
-0.5056999999999999,-19.565457277133458
-0.5067,-19.77766397211321
-0.5076999999999999,-19.98987066709297
-0.5087,-20.25866581406732
-0.5096999999999999,-20.44257828304978
-0.5107,-20.640637865030882
-0.5116999999999999,-20.838697447011988
-0.5127,-21.149933932982297
-0.5136999999999999,-21.362140627962056
-0.5147,-21.645082887935057
-0.5156999999999999,-21.95631937390537
-0.5167,-22.210967407881075
-0.5176999999999999,-22.42317410286083
-0.5187,-22.734410588831135
-0.5196999999999999,-23.003205735805498
-0.5207,-23.257853769781203
-0.5216999999999999,-23.49835469075826
-0.5227,-23.781296950731264
-0.5236999999999999,-24.064239210704276
-0.5247,-24.432064148669184
-0.5257,-24.729153521640843
-0.5267000000000001,-24.997948668615198
-0.5277,-25.295038041586857
-0.5287000000000001,-25.634568753554465
-0.5297,-25.974099465522073
-0.5307000000000001,-26.22874749949778
-0.5317,-26.58242532446404
-0.5327000000000001,-26.851220471438396
-0.5337,-27.190751183406004
-0.5347000000000001,-27.601017460366865
-0.5357,-27.898106833338524
-0.5367000000000001,-28.22349043230748
-0.5377,-28.647903822266994
-0.5387000000000001,-29.015728760231898
-0.5397,-29.440142150191413
-0.5407000000000001,-29.73723152316307
-0.5417,-30.147497800123933
-0.5427000000000001,-30.50117562509019
-0.5437,-30.939736128048356
-0.5447000000000001,-31.29341395301461
-0.5457,-31.689533116976815
-0.5467000000000001,-32.02906382894443
-0.5477,-32.4676243319026
-0.5487000000000001,-32.9486261738567
-0.5497,-33.316451111821614
-0.5507000000000001,-33.76915872777842
-0.5517,-34.12283655274469
-0.5527000000000001,-34.632132620696105
-0.5537,-35.05654601065561
-0.5547000000000001,-35.57998919160567
-0.5557,-36.01854969456383
-0.5567000000000001,-36.52784576251525
-0.5577,-36.95225915247476
-0.5587000000000001,-37.41911388143023
-0.5597,-37.82938015839108
-0.5607000000000001,-38.42355890433439
-0.5617,-38.84797229429391
-0.5627000000000001,-39.42800392723857
-0.5637,-39.93729999518999
-0.5647000000000001,-40.48903740213735
-0.5657,-40.92759790509552
-0.5667000000000001,-41.42274686004827
-0.5677,-41.91789581500104
-0.5687000000000001,-42.42719188295245
-0.5697,-42.99307640289846
-0.5707000000000001,-43.51651958384853
-0.5717,-44.195581007783744
-0.5727000000000001,-44.775612640728404
-0.5737,-45.32735004767578
-0.5747000000000001,-46.034705697608295
-0.5757,-46.544001765559706
-0.5767000000000001,-47.19476896349763
-0.5777,-47.67577080545174
-0.5787000000000001,-48.32653800338966
-0.5797,-48.991452314326224
-0.5807000000000001,-49.68466085126009
-0.5817,-50.094927128220945
-0.5827000000000001,-50.81642989115212
-0.5837,-51.396461524096786
-0.5847000000000001,-52.20284696501985
-0.5857,-52.853614162957776
-0.5867000000000001,-53.67414671687949
-0.5877,-54.2117370108282
-0.5887000000000001,-54.933239773759375
-0.5897,-55.32935893772159
-0.5907000000000001,-55.93768479666355
-0.5917,-56.800658689581226
-0.5927000000000001,-57.70607392149485
-0.5937,-58.68222471840172
-0.5947000000000001,-59.5734928373167
-0.5957,-59.842287984291055
-0.5967000000000001,-59.7715524192978
-0.5977,-60.80429166819927
-0.5987000000000001,-61.35602907514664
-0.5997,-62.14826740307106
-0.6007000000000001,-62.96879995699278
-0.6017,-64.08642188388616
-0.6027000000000001,-65.5011331837512
-0.6037,-66.54801954565133
-0.6047000000000001,-66.98658004860948
-0.6057,-67.76467126353526
-0.6067000000000001,-68.71252783444483
-0.6077,-69.75941419634496
-0.6087000000000001,-70.70727076725453
-0.6097,-71.44292064318435
-0.6107000000000001,-71.61268599916815
-0.6117,-72.00880516313036
-0.6126999999999999,-73.23960399401295
-0.6137,-74.82408064986178
-0.6146999999999999,-75.7294958817754
-0.6157,-76.74808801767824
-0.6166999999999999,-77.54032634560265
-0.6177,-78.53062425550819
-0.6186999999999999,-79.23797990544071
-0.6197,-80.27071915434219
-0.6206999999999999,-80.99222191727335
-0.6217,-81.91178426218562
-0.6226999999999999,-82.76061104210466
-0.6237,-83.83579163000208
-0.6246999999999999,-84.75535397491434
-0.6257,-85.81638744981312
-0.6266999999999999,-86.7642440207227
-0.6277,-87.61307080064172
-0.6286999999999999,-88.7872811795297
-0.6297,-90.20199247939475
-0.6306999999999999,-91.51767398826922
-0.6317,-92.25332386419905
-0.6326999999999999,-92.79091415814774
-0.6337,-93.28606311310051
-0.6346999999999999,-94.53100905698176
-0.6357,-96.35598663380765
-0.6366999999999999,-97.78484504667132
-0.6377,-98.2799940016241
-0.6386999999999999,-99.05808521654988
-0.6397,-99.73714664048508
-0.6406999999999999,-100.34547249942706
-0.6417,-101.9865376072705
-0.6426999999999999,-104.06616321807209
-0.6437,-104.92913711098977
-0.6446999999999999,-105.42428606594254
-0.6457,-105.7213754389142
-0.6466999999999999,-106.24481861986426
-0.6477,-107.36244054675764
-0.6486999999999999,-109.66841996553765
-0.6497,-111.23874950838784
-0.6507,-112.63931369525422
-0.6517000000000001,-113.34666934518674
-0.6527,-113.43155202317865
-0.6537000000000001,-114.1530547861098
-0.6547,-114.80382198404773
-0.6557000000000001,-115.83656123294922
-0.6567,-117.3785965498021
-0.6577000000000001,-119.01966165764553
-0.6587,-120.16557781053622
-0.6597000000000001,-121.17002283344038
-0.6607,-122.0471438393567
-0.6617000000000001,-123.17891287924873
-0.6627,-123.6457676082042
-0.6637000000000001,-124.36727037113538
-0.6647,-125.14536158606113
-0.6657000000000001,-126.80057380690324
-0.6667,-127.3523112138506
-0.6677000000000001,-128.54066870573723
-0.6687,-128.86605230470622
-0.6697000000000001,-128.82361096571023
-0.6707,-129.8280559886144
-0.6717000000000001,-131.3135028534727
-0.6727,-133.13848043029859
-0.6737000000000001,-133.80339474123514
-0.6747,-133.47801114226624
-0.6757000000000001,-133.63362938525137
-0.6767,-134.256102357192
-0.6777000000000001,-135.14737047610697
-0.6787,-136.562081775972
-0.6797000000000001,-138.5568247087817
-0.6807,-139.5895639576832
-0.6817000000000001,-139.6602995226764
-0.6827,-139.6602995226764
-0.6837000000000001,-139.3490630367061
-0.6847,-139.5895639576832
-0.6857000000000001,-140.83450990156442
-0.6867,-141.75407224647665
-0.6857000000000001,-140.42424362460355
-0.6847,-139.13685634172634
-0.6837000000000001,-137.70799792886265
-0.6827,-135.81228478704352
-0.6817000000000001,-134.07218988820952
-0.6807,-132.53015457135663
-0.6797000000000001,-132.33209498937555
-0.6787,-131.2569144014781
-0.6777000000000001,-129.7148790846252
-0.6767,-128.10210820277908
-0.6757000000000001,-126.77227958090594
-0.6747,-126.43274886893832
-0.6737000000000001,-125.4707451850301
-0.6727,-123.94285698117585
-0.6717000000000001,-122.18861496934323
-0.6707,-120.29290182752408
-0.6697000000000001,-119.9392240025578
-0.6687,-118.76501362366983
-0.6677000000000001,-117.60495035778048
-0.6667,-116.23268039691139
-0.6657000000000001,-115.82241411995055
-0.6647,-114.70479219305719
-0.6637000000000001,-113.07787419821238
-0.6627,-111.77633980233655
-0.6617000000000001,-111.23874950838784
-0.6607,-110.2767458244796
-0.6597000000000001,-109.28644791457408
-0.6587,-107.98491351869825
-0.6577000000000001,-107.13608673877923
-0.6567,-106.24481861986426
-0.6557000000000001,-104.81596020700057
-0.6547,-103.41539602013418
-0.6537000000000001,-101.30747618333527
-0.6527,-100.76988588938657
-0.6517000000000001,-100.88306279337576
-0.6507,-101.12356371435283
-0.6497,-100.20400136944055
-0.6486999999999999,-98.98734965155661
-0.6477,-98.02534596764839
-0.6466999999999999,-96.80869424976446
-0.6457,-95.88913190485218
-0.6446999999999999,-95.12518780292505
-0.6437,-94.53100905698176
-0.6426999999999999,-93.78121206805329
-0.6417,-92.6918843671572
-0.6406999999999999,-91.63085089225844
-0.6397,-91.02252503331646
-0.6386999999999999,-90.20199247939475
-0.6377,-88.95704653551351
-0.6366999999999999,-88.4194562415648
-0.6357,-87.47159967065522
-0.6346999999999999,-87.11792184568897
-0.6337,-86.86327381171324
-0.6326999999999999,-85.66076920682796
-0.6317,-84.18946945496833
-0.6306999999999999,-83.28405422305471
-0.6297,-82.49181589513029
-0.6286999999999999,-81.75616601920048
-0.6277,-81.006369030272
-0.6266999999999999,-80.19998358934893
-0.6257,-79.20968567944341
-0.6246999999999999,-78.53062425550819
-0.6237,-77.79497437957838
-0.6226999999999999,-77.1583542946391
-0.6217,-76.19635061073087
-0.6206999999999999,-75.2767882658186
-0.6197,-74.45625571189689
-0.6186999999999999,-73.62157604497652
-0.6177,-73.01325018603454
-0.6166999999999999,-72.09368784112228
-0.6157,-71.3438908521938
-0.6146999999999999,-70.53750541127073
-0.6137,-69.56135461436386
-0.6126999999999999,-68.75496917344077
-0.6117,-68.75496917344077
-0.6107000000000001,-68.11834908850152
-0.6097,-67.7222299245393
-0.6087000000000001,-67.18463963059058
-0.6077,-66.73193201463377
-0.6067000000000001,-65.93969368670936
-0.6057,-64.77963042082003
-0.6047000000000001,-64.29862857886593
-0.6037,-63.64786138092801
-0.6027000000000001,-63.15271242597524
-0.6017,-62.67171058402113
-0.6007000000000001,-62.14826740307106
-0.5997,-61.384323301143944
-0.5987000000000001,-60.71940899020737
-0.5977,-59.9696120012789
-0.5967000000000001,-59.33299191633964
-0.5957,-58.51245936241792
-0.5947000000000001,-57.889986390477304
-0.5937,-57.59289701750564
-0.5927000000000001,-56.956276932566375
-0.5917,-56.079155926650046
-0.5907000000000001,-55.541565632701335
-0.5897,-55.10300512974318
-0.5887000000000001,-54.60785617479041
-0.5877,-53.9005005248579
-0.5867000000000001,-52.966791066946975
-0.5857,-52.2735825300131
-0.5847000000000001,-51.62281533207519
-0.5837,-51.15596060311972
-0.5827000000000001,-50.68910587416426
-0.5817,-50.22225114520881
-0.5807000000000001,-50.32128093619935
-0.5797,-50.50519340518181
-0.5787000000000001,-49.67051373826144
-0.5777,-49.23195323530328
-0.5767000000000001,-48.581186037365356
-0.5757,-48.071889969413945
-0.5747000000000001,-47.74650637044499
-0.5737,-47.22306318949492
-0.5727000000000001,-46.515707539562406
-0.5717,-45.963970132615046
-0.5707000000000001,-45.46882117766227
-0.5697,-45.12929046569467
-0.5687000000000001,-44.54925883275
-0.5677,-44.011668538801295
-0.5667000000000001,-43.70043205283099
-0.5657,-43.106253306887666
-0.5647000000000001,-42.554515899940306
-0.5637,-42.073514057986195
-0.5627000000000001,-41.57836510303343
-0.5617,-41.04077480908471
-0.5607000000000001,-40.630508532123855
-0.5597,-40.503184515136
-0.5587000000000001,-39.99388844718459
-0.5577,-39.92315288219133
-0.5567000000000001,-39.328974136248014
-0.5557,-38.734795390304704
-0.5547000000000001,-38.12646953136274
-0.5537,-37.617173463411326
-0.5527000000000001,-37.291789864442364
-0.5517,-36.86737647448285
-0.5507000000000001,-36.44296308452335
-0.5497,-36.04684392056114
-0.5487000000000001,-35.74975454758948
-0.5477,-35.268752705635364
-0.5467000000000001,-34.6604268466934
-0.5457,-34.221866343735236
-0.5447000000000001,-33.89648274476628
-0.5437,-33.58524625879597
-0.5427000000000001,-33.373039563816214
-0.5417,-32.97692039985401
-0.5407000000000001,-32.693978139881004
-0.5397,-32.283711862920136
-0.5387000000000001,-31.915886924955227
-0.5377,-31.604650438984915
-0.5367000000000001,-31.180237049025404
-0.5357,-30.82655922405915
-0.5347000000000001,-30.444587173095588
-0.5337,-30.10505646112798
-0.5327000000000001,-29.76552574916037
-0.5317,-29.468436376188716
-0.5307000000000001,-29.072317212226505
-0.5297,-29.128905664221104
-0.5287000000000001,-28.591315370272387
-0.5277,-28.280078884302082
-0.5267000000000001,-27.855665494342567
-0.5257,-27.501987669376312
-0.5247,-27.204898296404657
-0.5236999999999999,-26.907808923433
-0.5227,-26.65316088945729
-0.5216999999999999,-26.483395533473487
-0.5207,-26.20045327350048
-0.5196999999999999,-25.832628335535567
-0.5187,-25.49309762356796
-0.5176999999999999,-25.12527268560305
-0.5167,-24.842330425630045
-0.5156999999999999,-24.61597661765164
-0.5147,-24.36132858367593
-0.5136999999999999,-24.035944984706973
-0.5127,-23.809591176728567
-0.5116999999999999,-23.526648916755562
-0.5107,-23.257853769781203
-0.5096999999999999,-22.946617283810895
-0.5087,-22.734410588831135
-0.5076999999999999,-22.451468328858134
-0.5067,-22.210967407881075
-0.5056999999999999,-22.196820294882425
-0.5047,-21.97046648690402
-0.5036999999999999,-21.772406904922917
-0.5027,-21.418729079956652
-0.5016999999999999,-21.13578681998365
-0.5007,-20.86699167300929
-0.4996999999999999,-20.626490752032236
-0.49870000000000003,-20.34354849205923
-0.4976999999999999,-20.159636023076775
-0.49670000000000003,-19.890840876102416
-0.4956999999999999,-19.70692840711996
-0.49470000000000003,-19.480574599141555
-0.4936999999999999,-19.211779452167196
-0.4927,-18.999572757187444
-0.4916999999999999,-18.77321894920904
-0.4907,-18.53271802823198
-0.4896999999999999,-18.334658446250877
-0.4887,-18.15074597726842
-0.4876999999999999,-17.966833508285966
-0.4867,-17.75462681330621
-0.48570000000000013,-17.556567231325104
-0.4847,-17.316066310348052
-0.48370000000000013,-17.146300954364243
-0.4827,-16.90580003338719
-0.48170000000000013,-16.70774045140608
-0.4807,-16.52382798242363
-0.4797000000000001,-16.368209739438473
-0.4787,-16.184297270456018
-0.4777000000000001,-15.957943462477614
-0.4767,-15.74573676749786
-0.4757000000000001,-15.533530072518102
-0.4747,-15.406206055530248
-0.4737000000000001,-15.236440699546446
-0.4727,-15.05252823056399
-0.4717000000000001,-14.854468648582884
-0.4707,-14.642261953603128
-0.4697000000000001,-14.71299751859638
-0.4687,-14.57152638860988
-0.4677000000000001,-14.331025467632822
-0.4667,-14.12306290655266
-0.4657000000000001,-13.896709098574254
-0.4647,-13.775043926785862
-0.4637000000000001,-13.616596261200979
-0.4627,-13.480783976413935
-0.4617000000000001,-13.299700930031209
-0.4607,-13.138423841846596
-0.4597000000000001,-12.96299964066333
-0.4587,-12.759281213482765
-0.4577000000000001,-12.622054217395856
-0.4567,-12.497559623007733
-0.4557000000000001,-12.360332626920826
-0.4547,-12.1792495805381
-0.4537000000000001,-12.033534316652002
-0.4527,-11.900551454464688
-0.4517000000000001,-11.753421479278725
-0.4507,-11.599217947593436
-0.4497000000000001,-11.463405662806393
-0.4487,-11.31627568762043
-0.4477000000000001,-11.19036638193244
-0.4467,-11.041821695446613
-0.4457000000000001,-10.891862297660918
-0.4447,-10.75746472417374
-0.4437000000000001,-10.675411468781567
-0.4427,-10.533940338795064
-0.4417000000000001,-10.368419116710854
-0.4407,-10.176018379929207
-0.4397000000000001,-10.065670898539736
-0.4387,-9.97654408664824
-0.4377000000000001,-9.918540923353772
-0.4367,-9.823755266262815
-0.4357000000000001,-9.64550164247982
-0.4347,-9.515348202892236
-0.4337000000000001,-9.373877072905733
-0.4327,-9.253626612417206
-0.4317000000000001,-9.161670377925978
-0.43069999999999997,-9.031516938338395
-0.4297000000000001,-8.922584168248786
-0.42869999999999997,-8.81931024335864
-0.4277000000000001,-8.694815648970515
-0.42669999999999997,-8.575979899781853
-0.4257000000000001,-8.469876552291973
-0.42469999999999997,-8.360943782202368
-0.4237000000000001,-8.25484043471249
-0.42269999999999996,-8.161469488921396
-0.4217000000000001,-8.046877873632328
-0.42069999999999996,-7.939359814842586
-0.4197000000000001,-7.836085889952438
-0.41869999999999996,-7.7328119650622895
-0.41770000000000007,-7.6012438141748415
-0.41669999999999996,-7.478163931086583
-0.41570000000000007,-7.390451830494952
-0.41469999999999996,-7.336692801100081
-0.41370000000000007,-7.254639545707908
-0.41269999999999996,-7.138633219118976
-0.41170000000000007,-7.0367740055286925
-0.41069999999999995,-6.934914791938409
-0.40970000000000006,-6.828811444448532
-0.40869999999999995,-6.739684632557035
-0.40770000000000006,-6.653387243265268
-0.40669999999999995,-6.574163410472826
-0.40570000000000006,-6.4850365985813285
-0.40469999999999995,-6.408642188388616
-0.40370000000000006,-6.298294706999143
-0.40269999999999995,-6.20209433860832
-0.40170000000000006,-6.117211660616419
-0.40069999999999995,-6.040817250423707
-0.39970000000000006,-5.975740530629915
-0.39869999999999994,-5.893687275237743
-0.39770000000000005,-5.80314575204638
-0.39669999999999994,-5.733824898352994
-0.39570000000000005,-5.634795107362441
-0.39469999999999994,-5.551327140670404
-0.39370000000000005,-5.467859173978367
-0.39269999999999994,-5.40419716548444
-0.39170000000000005,-5.327802755291728
-0.39069999999999994,-5.247164211199421
-0.38970000000000005,-5.1792580688059
-0.38869999999999993,-5.114181349012108
-0.38770000000000004,-5.037786938819395
-0.38669999999999993,-4.954318972127359
-0.38570000000000004,-4.883583407134107
-0.38469999999999993,-4.826994955139505
-0.38370000000000004,-4.759088812745984
-0.38269999999999993,-4.678450268653676
-0.38170000000000004,-4.607714703660425
-0.3806999999999999,-4.548296829066093
-0.37970000000000004,-4.481805397972437
-0.3786999999999999,-4.413899255578914
-0.37770000000000004,-4.360140226184043
-0.3766999999999999,-4.300722351589712
-0.37570000000000003,-4.237060343095785
-0.3746999999999999,-4.162080644202938
-0.37370000000000003,-4.097003924409146
-0.3726999999999999,-4.0588067193127895
-0.37170000000000003,-4.000803556018323
-0.3706999999999999,-3.9555327944226426
-0.36970000000000003,-3.8777236729300655
-0.3686999999999999,-3.8282087774347895
-0.3677,-3.780108593239378
-0.3666999999999999,-3.733423120343832
-0.3657,-3.678249379649095
-0.3646999999999999,-3.6160020824550334
-0.3637,-3.5636577643600273
-0.3626999999999999,-3.512728157564886
-0.3617,-3.4603838394698796
-0.36070000000000013,-3.403795387475278
-0.3597,-3.3542804919800018
-0.35870000000000013,-3.3019361738849957
-0.3577,-3.2524212783897193
-0.35670000000000013,-3.208565228093903
-0.3557,-3.159050332598627
-0.3547000000000001,-3.113779571002946
-0.3537,-3.0571911190083445
-0.3527000000000001,-3.010505646112798
-0.3517,-2.968064307116847
-0.3507000000000001,-2.925622968120896
-0.3497,-2.8817669178250793
-0.3487000000000001,-2.836496156229398
-0.3477,-2.791225394633717
-0.3467000000000001,-2.745954633038036
-0.3457,-2.7049280053419507
-0.3447000000000001,-2.661071955046134
-0.3437,-2.6172159047503176
-0.3427000000000001,-2.579018699653962
-0.3417,-2.5379920719578757
-0.3407000000000001,-2.50262428946125
-0.3397,-2.460182950465299
-0.3387000000000001,-2.4191563227692128
-0.3377,-2.379544406372992
-0.3367000000000001,-2.339932489976771
-0.3357,-2.3017352848804147
-0.3347000000000001,-2.2649527910839233
-0.3337,-2.226755585987568
-0.3327000000000001,-2.192802514790807
-0.3317,-2.156020020994316
-0.3307000000000001,-2.122066949797555
-0.3297,-2.081040322101469
-0.3287000000000001,-2.044257828304978
-0.3277,-2.020207736207272
-0.3267000000000001,-2.0103047571082175
-0.3257,-1.9607898616129409
-0.3247000000000001,-1.9310809243157752
-0.3237,-1.897127853119014
-0.3227000000000001,-1.8674189158218486
-0.3217,-1.8306364220253575
-0.3207000000000001,-1.8009274847281918
-0.3197,-1.7655597022315657
-0.3187000000000001,-1.7358507649344
-0.3177,-1.7089712502369643
-0.3167000000000001,-1.6778476016399335
-0.3157,-1.6453092417430377
-0.3147000000000001,-1.6156003044458718
-0.3137,-1.585891367148706
-0.3127000000000001,-1.5547677185516753
-0.3117,-1.5293029151541047
-0.3107000000000001,-1.502423400456669
-0.3097,-1.4698850405597732
-0.3087000000000001,-1.4401761032626073
-0.3077,-1.4134380596951581
-0.3067000000000001,-1.3859926604777764
-0.30569999999999997,-1.3595375591703005
-0.3047000000000001,-1.3306774486530535
-0.30369999999999997,-1.3060614720354018
-0.3027000000000001,-1.2784746016880337
-0.30169999999999997,-1.2511706736006385
-0.3007000000000001,-1.2259888124630407
-0.29969999999999997,-1.1992507688955918
-0.2987000000000001,-1.175483619057859
-0.29769999999999996,-1.1504432290502478
-0.2967000000000001,-1.1222904741829336
-0.29569999999999996,-1.100220977905039
-0.2947000000000001,-1.077161183717239
-0.29369999999999996,-1.0490084288499246
-0.29270000000000007,-1.0289195283918413
-0.29169999999999996,-1.0037376672542435
-0.29070000000000007,-0.9812437575863894
-0.28969999999999996,-0.9591742613084948
-0.28870000000000007,-0.9337094579109243
-0.28769999999999996,-0.9148937976227193
-0.28670000000000007,-0.8929657724748112
-0.28569999999999995,-0.8666521422973216
-0.28470000000000006,-0.8488267799190221
-0.28369999999999995,-0.8250596300812894
-0.28270000000000006,-0.806951325443017
-0.28169999999999995,-0.7865794827249604
-0.28070000000000006,-0.7653588132269848
-0.27969999999999995,-0.7464016818087934
-0.27870000000000006,-0.7248980700508447
-0.27769999999999995,-0.7039603428128423
-0.27670000000000006,-0.6881155762543539
-0.27569999999999995,-0.6667534356263918
-0.27470000000000006,-0.6502013134179708
-0.27369999999999994,-0.6295465284399413
-0.27270000000000005,-0.6103064547617768
-0.27169999999999994,-0.5947446304632614
-0.27070000000000005,-0.5770607392149485
-0.26969999999999994,-0.5576791944067975
-0.26870000000000005,-0.5402782454184575
-0.26769999999999994,-0.5249993633799152
-0.26670000000000005,-0.505051934051818
-0.26569999999999994,-0.4923195323530327
-0.26470000000000005,-0.47392828545478727
-0.26369999999999993,-0.46119588375600196
-0.26270000000000004,-0.4436534636376755
-0.26169999999999993,-0.4265354569093086
-0.26070000000000004,-0.41408599747049624
-0.25969999999999993,-0.39640210622218325
-0.25870000000000004,-0.38480147356329
-0.25769999999999993,-0.37051288943465316
-0.25670000000000004,-0.3539607672262322
-0.2556999999999999,-0.34094542326747385
-0.25470000000000004,-0.32778860817872896
-0.2536999999999999,-0.3122267838802136
-0.25270000000000004,-0.2996358533114148
-0.2516999999999999,-0.28534726918277786
-0.25070000000000003,-0.27572723234369567
-0.24969999999999992,-0.2627118883849373
-0.24870000000000003,-0.24672565069646235
-0.24769999999999992,-0.23710561385738013
-0.24670000000000003,-0.22465615441856782
-0.24569999999999992,-0.212065223849769
-0.24470000000000003,-0.20145488910078121
-0.24369999999999992,-0.18829807401203638
-0.24270000000000003,-0.17881950830294063
-0.24169999999999991,-0.16820917355395287
-0.24070000000000003,-0.15321323377538346
-0.2396999999999999,-0.14599820614607179
-0.23870000000000002,-0.13547275407507592
-0.2376999999999999,-0.12204714383935672
-0.23670000000000002,-0.11531311805199915
-0.23570000000000013,-0.10306171819516792
-0.23470000000000002,-0.09519592336791832
-0.23370000000000013,-0.08379335029100612
-0.23270000000000002,-0.07389037119195085
-0.23170000000000013,-0.06708560983960003
-0.23070000000000002,-0.057493867226515095
-0.22970000000000013,-0.04692597381652327
-0.22870000000000001,-0.037235201412447766
-0.22770000000000012,-0.028124460641316927
-0.2267,-0.022522203893851383
-0.22570000000000012,-0.013885391408175336
-0.2247,-0.0032071505167940383
-0.22370000000000012,0.0038975296311281765
-0.2227,0.0108197120213678
-0.22170000000000012,0.02088113878600794
-0.2207,0.02600239369151937
-0.21970000000000012,0.03635808040653144
-0.2187,0.041748130459017235
-0.21770000000000012,0.04859533315036401
-0.2167,0.05895101986537608
-0.2157000000000001,0.06736855209957304
-0.2147,0.07084874189724104
-0.2137000000000001,0.07816279931754326
-0.2127,0.08393482142099262
-0.2117000000000001,0.09225332386419903
-0.2107,0.09663892889378066
-0.2097000000000001,0.10181677225128669
-0.2087,0.11154998599435814
-0.2077000000000001,0.11416720189910846
-0.2067,0.12169346601439045
-0.2057000000000001,0.1276069592478263
-0.2047,0.13049297029955098
-0.2037000000000001,0.1407779214495698
-0.2027,0.1426028990263957
-0.2017000000000001,0.14854468648582883
-0.2007,0.15575971411514053
-0.1997000000000001,0.1583061944548976
-0.1987,0.16453092417430376
-0.1977000000000001,0.17018976937376393
-0.19669999999999999,0.1734436053634535
-0.1957000000000001,0.17938539282288665
-0.19469999999999998,0.18278069994256274
-0.1937000000000001,0.18886395853198237
-0.19269999999999998,0.19480574599141554
-0.1917000000000001,0.19565457277133455
-0.1907000000000001,0.19947429328097016
-0.1897000000000002,0.2081040322101469
-0.1887000000000001,0.21008462802995795
-0.1877000000000002,0.21503611757948557
-0.1867000000000001,0.21715818452928315
-0.1857000000000002,0.22012907825899972
-0.1847000000000001,0.2267782213683654
-0.1837000000000002,0.2293247017081224
-0.18270000000000008,0.232578537697812
-0.1817000000000002,0.23724708498736666
-0.18070000000000008,0.23908620967719119
-0.1797000000000002,0.24545241052658387
-0.17870000000000008,0.24870624651627343
-0.1777000000000002,0.24842330425630044
-0.17670000000000008,0.2560627452755716
-0.1757000000000002,0.25592127414558513
-0.17470000000000008,0.2583262833553557
-0.1737000000000002,0.2659657243746269
-0.17270000000000008,0.26455101307476186
-0.17170000000000019,0.2700683871442355
-0.17070000000000007,0.2706342716641816
-0.16970000000000018,0.27459546330380363
-0.16870000000000007,0.2796884239833177
-0.16770000000000018,0.28025430850326377
-0.16670000000000007,0.28280078884302084
-0.16570000000000018,0.28619609596269696
-0.16470000000000007,0.290157287602319
-0.16370000000000018,0.2927037679420761
-0.16270000000000007,0.29256229681208956
-0.16170000000000018,0.2956746616717927
-0.16070000000000007,0.2992114399214552
-0.15970000000000018,0.29850408427152275
-0.15870000000000006,0.3031726315610774
-0.15770000000000017,0.30529469851087493
-0.15670000000000006,0.30685088094072643
-0.15570000000000017,0.3108120725803486
-0.15470000000000006,0.3096803035404565
-0.15370000000000017,0.31265119727017304
-0.15270000000000006,0.31901739811956575
-0.15170000000000017,0.31604650438984916
-0.15070000000000006,0.31986622489948474
-0.14970000000000017,0.3222712341092553
-0.14870000000000005,0.3234030031491474
-0.14770000000000016,0.32778860817872896
-0.14670000000000005,0.32736419478876944
-0.14570000000000016,0.32807155043870195
-0.14470000000000005,0.3320327420783241
-0.14370000000000016,0.33217421320831064
-0.14270000000000005,0.33316451111821616
-0.14170000000000016,0.33684276049786527
-0.14070000000000005,0.33571099145797323
-0.13970000000000016,0.3408039521374874
-0.13870000000000005,0.34023806761754133
-0.13770000000000016,0.34122836552744684
-0.13670000000000004,0.34490661490709595
-0.13570000000000015,0.34391631699719044
-0.13470000000000004,0.3461798550769745
-0.13370000000000015,0.34886780654671806
-0.13270000000000004,0.3480189797667991
-0.13170000000000015,0.35212164253640765
-0.13070000000000004,0.3505654601065561
-0.12970000000000015,0.35141428688647514
-0.12870000000000004,0.35693166095594875
-0.12770000000000015,0.3536778249662592
-0.12670000000000003,0.35608283417602976
-0.12570000000000014,0.36060991033559786
-0.12470000000000003,0.3586293145157868
-0.12370000000000014,0.3620246216354629
-0.12270000000000003,0.3613172659855304
-0.12170000000000014,0.3649955153651795
-0.12070000000000003,0.36711758231497704
-0.11970000000000014,0.3675419957049365
-0.11870000000000003,0.36810788022488256
-0.11770000000000014,0.37051288943465316
-0.11670000000000003,0.3695225915247476
-0.11570000000000014,0.37221054299449113
-0.11470000000000002,0.37164465847454514
-0.11370000000000013,0.3737667254243427
-0.11270000000000002,0.3750399655942212
-0.11170000000000013,0.37489849446423473
-0.11070000000000024,0.37588879237414025
-0.10970000000000013,0.37815233045392427
-0.10870000000000024,0.37744497480399175
-0.10770000000000013,0.38013292627373535
-0.10670000000000024,0.3799914551437488
-0.10570000000000013,0.3798499840137623
-0.10470000000000024,0.3832452911334384
-0.10370000000000013,0.3835282333934114
-0.10270000000000024,0.3832452911334384
-0.10170000000000012,0.3855088292132225
-0.10070000000000023,0.38480147356329
-0.09970000000000012,0.3881967806829661
-0.09870000000000023,0.3890456074628851
-0.09770000000000012,0.3874894250330335
-0.09670000000000023,0.3904603187627501
-0.09570000000000012,0.3874894250330335
-0.09470000000000023,0.39187503006261515
-0.09370000000000012,0.39343121249246665
-0.09270000000000023,0.3915920878026421
-0.09170000000000011,0.3947044526623452
-0.09070000000000022,0.3941385681423992
-0.08970000000000011,0.39357268362245323
-0.08870000000000022,0.3992315288219133
-0.08770000000000011,0.3956947505722508
-0.08670000000000022,0.39583622170223726
-0.08570000000000011,0.39993888447184583
-0.08470000000000022,0.39937299995189984
-0.08370000000000011,0.4023438936816164
-0.08270000000000022,0.39951447108188637
-0.0817000000000001,0.4013535957717109
-0.08070000000000022,0.40333419159152195
-0.0797000000000001,0.40092918238175135
-0.07870000000000021,0.404183018371441
-0.0777000000000001,0.4054562585413195
-0.07670000000000021,0.40531478741133303
-0.0757000000000001,0.4074368543611306
-0.07470000000000021,0.4074368543611306
-0.0737000000000001,0.4081442100110631
-0.07270000000000021,0.4115395171307392
-0.0717000000000001,0.4084271522710361
-0.07070000000000021,0.40941745018094167
-0.0697000000000001,0.41366158408053677
-0.0687000000000002,0.4116809882607257
-0.0677000000000001,0.4147933531204288
-0.0667000000000002,0.4125298150406447
-0.06570000000000009,0.41408599747049624
-0.0647000000000002,0.4164910066802668
-0.06370000000000009,0.4159251221603208
-0.0627000000000002,0.41847160250007787
-0.06170000000000009,0.42073514057986194
-0.0607000000000002,0.41804718911011834
-0.059700000000000086,0.4198863137999429
-0.058700000000000196,0.4190374870200239
-0.057700000000000085,0.4205936694498755
-0.056700000000000195,0.4245548610894975
-0.05570000000000008,0.42115955396982147
-0.05470000000000019,0.42158396735978093
-0.05370000000000008,0.42611104351934903
-0.05270000000000019,0.42271573639967297
-0.05170000000000008,0.4265354569093086
-0.05070000000000019,0.4248378033494705
-0.04970000000000008,0.42611104351934903
-0.04870000000000019,0.4293648795090386
-0.047700000000000076,0.4273842836892276
-0.046700000000000186,0.42837458159913316
-0.045700000000000074,0.4314869464588362
-0.044700000000000184,0.42978929289899814
-0.04370000000000007,0.4344578401885528
-0.04270000000000018,0.4307795908089037
-0.04170000000000007,0.4329016577587012
-0.04070000000000018,0.43587255148841775
-0.03970000000000007,0.4333260711486608
-0.03870000000000018,0.43459931131853924
-0.03770000000000007,0.4378531473082289
-0.03670000000000018,0.43573108035843133
-0.035700000000000065,0.4399752142580264
-0.034700000000000175,0.43813608956820194
-0.03370000000000006,0.43940932973808033
-0.03270000000000017,0.44153139668787794
-0.03170000000000006,0.4384190318281749
-0.03070000000000017,0.4412484544279049
-0.02970000000000006,0.44450229041759454
-0.02870000000000017,0.44308757911772945
-0.027700000000000058,0.4457755305874731
-0.026700000000000168,0.44506817493754053
-0.025700000000000056,0.44450229041759454
-0.024700000000000166,0.44888789544717617
-0.023700000000000054,0.44676582849737856
-0.022700000000000164,0.44818053979724365
-0.021700000000000053,0.4500196644870682
-0.020700000000000163,0.44959525109710863
-0.01970000000000005,0.45256614482682517
-0.01870000000000016,0.45100996239697366
-0.01770000000000005,0.4520002603068792
-0.01670000000000016,0.45553703855654176
-0.015700000000000047,0.45313202934677127
-0.014700000000000157,0.45398085612669026
-0.013700000000000045,0.45765910550633937
-0.012700000000000156,0.45751763437635284
-0.011700000000000044,0.45822499002628536
-0.010700000000000154,0.45907381680620446
-0.009700000000000042,0.4593567590661774
-0.008700000000000152,0.462610595055867
-0.00770000000000004,0.46077147036604243
-0.00670000000000015,0.4616202971459614
-0.005700000000000038,0.46444971974569155
-0.0047000000000001485,0.4636008929657725
-0.0037000000000000366,0.4672791423454216
-0.0027000000000001467,0.46402530635573197
-0.0017000000000000348,0.46544001765559706
-0.000700000000000145,0.4686938536452867
0.00029999999999996696,0.46699620008544857
0.0012999999999998568,0.47025003607513816
0.0022999999999999687,0.4723721030249357
0.0032999999999998586,0.47124033398504367
0.0042999999999999705,0.47463564110471984
0.00529999999999986,0.47180621850498966
0.006299999999999972,0.47435269884474673
0.007299999999999862,0.47718212144447686
0.008299999999999974,0.4761918235345713
0.009299999999999864,0.47689917918450386
0.010299999999999976,0.4793041883942744
0.011299999999999866,0.4818506687340315
0.012299999999999978,0.48340685116388304
